Timestamp (UTC),Net Grid Power (W),Phase A Voltage (V),Hoymiles Active Power (W),Bridge Status,Meter Status,Hoymiles Status
2026-08-15T04:00:04.945934Z,11230,242.2,0,OK,OK,OK
2026-08-15T04:00:10.441995Z,11232,242.4,0,OK,OK,OK
2026-08-15T04:00:15.922024Z,11237,242.4,0,OK,OK,OK
2026-08-15T04:00:21.413885Z,11234,242.3,0,OK,OK,OK
2026-08-15T04:00:26.921504Z,11239,242.4,0,OK,OK,OK
2026-08-15T04:00:32.416055Z,11235,242.3,0,OK,OK,OK
2026-08-15T04:00:37.951864Z,11241,242.4,0,OK,OK,OK
2026-08-15T04:00:43.451879Z,11234,242.4,0,OK,OK,OK
2026-08-15T04:00:48.992497Z,11228,242.4,0,OK,OK,OK
2026-08-15T04:00:54.507992Z,11232,242.4,0,OK,OK,OK
2026-08-15T04:01:00.034080Z,11234,242.4,0,OK,OK,OK
2026-08-15T04:01:05.500460Z,11234,242.5,0,OK,OK,OK
2026-08-15T04:01:11.040303Z,11245,242.4,0,OK,OK,OK
2026-08-15T04:01:16.558224Z,11228,242.4,0,OK,OK,OK
2026-08-15T04:01:22.087599Z,11240,242.4,0,OK,OK,OK
2026-08-15T04:01:27.590252Z,11235,242.4,0,OK,OK,OK
2026-08-15T04:01:33.104850Z,11236,242.3,0,OK,OK,OK
2026-08-15T04:01:38.610446Z,11228,242.2,0,OK,OK,OK
2026-08-15T04:01:44.150712Z,11235,242.2,0,OK,OK,OK
2026-08-15T04:01:49.668865Z,11233,242.2,0,OK,OK,OK
2026-08-15T04:01:55.188855Z,11232,242.2,0,OK,OK,OK
2026-08-15T04:02:00.719032Z,11235,242.2,0,OK,OK,OK
2026-08-15T04:02:06.247970Z,11230,242.2,0,OK,OK,OK
2026-08-15T04:02:11.769755Z,11233,242.1,0,OK,OK,OK
2026-08-15T04:02:17.280435Z,11227,242.2,0,OK,OK,OK
2026-08-15T04:02:22.822675Z,11226,242.2,0,OK,OK,OK
2026-08-15T04:02:28.393234Z,11227,242.2,0,OK,OK,OK
2026-08-15T04:02:33.889877Z,11228,242.2,0,OK,OK,OK
2026-08-15T04:02:39.388606Z,11235,242.2,0,OK,OK,OK
2026-08-15T04:02:44.910642Z,11232,242.2,0,OK,OK,OK
2026-08-15T04:02:50.422404Z,11229,242.2,0,OK,OK,OK
2026-08-15T04:02:55.954959Z,11229,242.2,0,OK,OK,OK
2026-08-15T04:03:01.480965Z,11233,242.2,0,OK,OK,OK
2026-08-15T04:03:06.972069Z,11235,242.2,0,OK,OK,OK
2026-08-15T04:03:12.500601Z,11225,242.2,0,OK,OK,OK
2026-08-15T04:03:18.021412Z,11240,242.3,0,OK,OK,OK
2026-08-15T04:03:23.500926Z,11234,242.3,0,OK,OK,OK
2026-08-15T04:03:28.983028Z,11232,242.3,0,OK,OK,OK
2026-08-15T04:03:34.499222Z,11220,242.2,0,OK,OK,OK
2026-08-15T04:03:40.016923Z,11237,242.3,0,OK,OK,OK
2026-08-15T04:03:45.509078Z,11220,242.3,0,OK,OK,OK
2026-08-15T04:03:51.030552Z,11227,242.3,0,OK,OK,OK
2026-08-15T04:03:56.541079Z,11231,242.3,0,OK,OK,OK
2026-08-15T04:04:02.077733Z,11231,242.2,0,OK,OK,OK
2026-08-15T04:04:07.611587Z,11231,242.4,0,OK,OK,OK
2026-08-15T04:04:13.104254Z,11227,242.4,0,OK,OK,OK
2026-08-15T04:04:18.620256Z,11227,242.3,0,OK,OK,OK
2026-08-15T04:04:24.159943Z,11226,242.0,0,OK,OK,OK
2026-08-15T04:04:29.679155Z,11231,242.3,0,OK,OK,OK
2026-08-15T04:04:35.154707Z,11222,242.3,0,OK,OK,OK
2026-08-15T04:04:40.709104Z,11222,242.1,0,OK,OK,OK
2026-08-15T04:04:46.244929Z,11227,242.2,0,OK,OK,OK
2026-08-15T04:04:51.749836Z,11222,242.2,0,OK,OK,OK
2026-08-15T04:04:57.263543Z,11219,242.2,0,OK,OK,OK
2026-08-15T04:05:02.797802Z,11217,242.2,0,OK,OK,OK
2026-08-15T04:05:08.286729Z,11214,242.0,0,OK,OK,OK
2026-08-15T04:05:13.777309Z,11227,242.2,0,OK,OK,OK
2026-08-15T04:05:19.301252Z,11219,242.3,0,OK,OK,OK
2026-08-15T04:05:24.847904Z,11219,242.2,0,OK,OK,OK
2026-08-15T04:05:30.364331Z,11223,242.3,0,OK,OK,OK
2026-08-15T04:05:35.916014Z,11225,242.2,0,OK,OK,OK
2026-08-15T04:05:41.439179Z,11228,242.3,0,OK,OK,OK
2026-08-15T04:05:46.943838Z,11221,242.3,0,OK,OK,OK
2026-08-15T04:05:52.445248Z,11204,242.2,0,OK,OK,OK
2026-08-15T04:05:57.964195Z,11228,242.2,0,OK,OK,OK
2026-08-15T04:06:03.457541Z,11213,242.2,0,OK,OK,OK
2026-08-15T04:06:08.954872Z,11220,242.2,0,OK,OK,OK
2026-08-15T04:06:14.476673Z,11212,242.2,0,OK,OK,OK
2026-08-15T04:06:20.027379Z,11221,242.2,0,OK,OK,OK
2026-08-15T04:06:25.542865Z,11249,242.1,0,OK,OK,OK
2026-08-15T04:06:31.027934Z,11221,242.1,0,OK,OK,OK
2026-08-15T04:06:36.535910Z,11234,242.4,0,OK,OK,OK
2026-08-15T04:06:42.027280Z,11244,242.4,0,OK,OK,OK
2026-08-15T04:06:47.525823Z,11235,242.4,0,OK,OK,OK
2026-08-15T04:06:53.009694Z,11233,242.4,0,OK,OK,OK
2026-08-15T04:06:58.596087Z,11234,242.4,0,OK,OK,OK
2026-08-15T04:07:04.157858Z,11240,242.4,0,OK,OK,OK
2026-08-15T04:07:09.662823Z,11229,242.4,0,OK,OK,OK
2026-08-15T04:07:15.179673Z,11223,242.4,0,OK,OK,OK
2026-08-15T04:07:20.698013Z,11227,242.4,0,OK,OK,OK
2026-08-15T04:07:26.237076Z,11231,242.5,0,OK,OK,OK
2026-08-15T04:07:31.770771Z,11238,242.5,0,OK,OK,OK
2026-08-15T04:07:37.239003Z,11225,242.5,0,OK,OK,OK
2026-08-15T04:07:42.756140Z,11226,242.5,0,OK,OK,OK
2026-08-15T04:07:48.242542Z,11234,242.6,0,OK,OK,OK
2026-08-15T04:07:53.712338Z,11238,242.6,0,OK,OK,OK
2026-08-15T04:07:59.255208Z,11241,242.6,0,OK,OK,OK
2026-08-15T04:08:04.881851Z,11243,242.6,0,OK,OK,OK
2026-08-15T04:08:10.470649Z,11236,242.5,0,OK,OK,OK
2026-08-15T04:08:15.977760Z,11243,242.6,0,OK,OK,OK
2026-08-15T04:08:21.480209Z,11242,242.6,0,OK,OK,OK
2026-08-15T04:08:26.987988Z,11238,242.6,0,OK,OK,OK
2026-08-15T04:08:32.501756Z,11239,242.6,0,OK,OK,OK
2026-08-15T04:08:37.987289Z,11241,242.6,0,OK,OK,OK
2026-08-15T04:08:43.540928Z,11227,242.6,0,OK,OK,OK
2026-08-15T04:08:49.081385Z,11230,242.6,0,OK,OK,OK
2026-08-15T04:08:54.580788Z,11226,242.5,0,OK,OK,OK
2026-08-15T04:09:00.092691Z,11229,242.5,0,OK,OK,OK
2026-08-15T04:09:05.584882Z,11232,242.5,0,OK,OK,OK
2026-08-15T04:09:11.091879Z,11227,242.5,0,OK,OK,OK
2026-08-15T04:09:16.580704Z,11221,242.6,0,OK,OK,OK
2026-08-15T04:09:22.085194Z,11233,242.6,0,OK,OK,OK
2026-08-15T04:09:27.600018Z,11231,242.5,0,OK,OK,OK
2026-08-15T04:09:33.134284Z,11196,242.0,0,OK,OK,OK
2026-08-15T04:09:38.673549Z,11196,241.7,0,OK,OK,OK
2026-08-15T04:09:44.167036Z,11170,241.7,0,OK,OK,OK
2026-08-15T04:09:49.707682Z,11190,241.8,0,OK,OK,OK
2026-08-15T04:09:55.183525Z,11195,241.9,0,OK,OK,OK
2026-08-15T04:10:00.677485Z,11178,241.8,0,OK,OK,OK
2026-08-15T04:10:06.164549Z,11194,241.8,0,OK,OK,OK
2026-08-15T04:10:11.680898Z,11189,241.8,0,OK,OK,OK
2026-08-15T04:10:17.194645Z,11193,241.9,0,OK,OK,OK
2026-08-15T04:10:22.725374Z,11197,241.8,0,OK,OK,OK
2026-08-15T04:10:28.241535Z,11186,241.9,0,OK,OK,OK
2026-08-15T04:10:33.778951Z,11197,241.9,0,OK,OK,OK
2026-08-15T04:10:39.315704Z,11197,241.9,0,OK,OK,OK
2026-08-15T04:10:44.808247Z,11187,241.9,0,OK,OK,OK
2026-08-15T04:10:50.333954Z,11195,241.9,0,OK,OK,OK
2026-08-15T04:10:55.835898Z,11200,241.8,0,OK,OK,OK
2026-08-15T04:11:01.351041Z,11189,241.8,0,OK,OK,OK
2026-08-15T04:11:06.847378Z,11197,241.8,0,OK,OK,OK
2026-08-15T04:11:12.357525Z,11194,241.9,0,OK,OK,OK
2026-08-15T04:11:17.892021Z,11202,241.9,0,OK,OK,OK
2026-08-15T04:11:23.439413Z,11193,241.9,0,OK,OK,OK
2026-08-15T04:11:28.945235Z,11192,241.9,0,OK,OK,OK
2026-08-15T04:11:34.478342Z,11191,241.9,0,OK,OK,OK
2026-08-15T04:11:40.021682Z,11193,241.9,0,OK,OK,OK
2026-08-15T04:11:45.534196Z,11190,241.9,0,OK,OK,OK
2026-08-15T04:11:51.002418Z,11197,241.9,0,OK,OK,OK
2026-08-15T04:11:56.515900Z,11200,241.9,0,OK,OK,OK
2026-08-15T04:12:01.991142Z,11190,241.7,0,OK,OK,OK
2026-08-15T04:12:07.500617Z,11192,241.9,0,OK,OK,OK
2026-08-15T04:12:12.985955Z,11205,241.9,0,OK,OK,OK
2026-08-15T04:12:18.489101Z,11210,241.9,0,OK,OK,OK
2026-08-15T04:12:23.963177Z,11198,241.9,0,OK,OK,OK
2026-08-15T04:12:29.467091Z,11189,241.9,0,OK,OK,OK
2026-08-15T04:12:34.930725Z,11197,241.9,0,OK,OK,OK
2026-08-15T04:12:40.504974Z,11193,241.9,0,OK,OK,OK
2026-08-15T04:12:46.011774Z,11185,241.9,0,OK,OK,OK
2026-08-15T04:12:51.511314Z,11188,241.9,0,OK,OK,OK
2026-08-15T04:12:57.001390Z,11173,241.9,0,OK,OK,OK
2026-08-15T04:13:02.507701Z,11187,241.9,0,OK,OK,OK
2026-08-15T04:13:07.967481Z,11178,241.6,0,OK,OK,OK
2026-08-15T04:13:13.472671Z,11181,241.9,0,OK,OK,OK
2026-08-15T04:13:18.964185Z,11196,241.9,0,OK,OK,OK
2026-08-15T04:13:24.500647Z,11181,241.9,0,OK,OK,OK
2026-08-15T04:13:30.025589Z,11195,241.9,0,OK,OK,OK
2026-08-15T04:13:35.494002Z,11192,241.9,0,OK,OK,OK
2026-08-15T04:13:41.026341Z,11204,241.9,0,OK,OK,OK
2026-08-15T04:13:46.530804Z,11196,241.9,0,OK,OK,OK
2026-08-15T04:13:52.046982Z,11189,241.9,0,OK,OK,OK
2026-08-15T04:13:57.664365Z,11194,242.0,0,OK,OK,OK
2026-08-15T04:14:03.204803Z,11191,241.9,0,OK,OK,OK
2026-08-15T04:14:08.710818Z,11190,241.9,0,OK,OK,OK
2026-08-15T04:14:14.184967Z,11197,242.0,0,OK,OK,OK
2026-08-15T04:14:19.696408Z,11198,242.0,0,OK,OK,OK
2026-08-15T04:14:25.213563Z,11216,242.0,0,OK,OK,OK
2026-08-15T04:14:30.738090Z,11177,242.0,0,OK,OK,OK
2026-08-15T04:14:36.242890Z,11189,241.9,0,OK,OK,OK
2026-08-15T04:14:41.755172Z,11320,241.9,0,OK,OK,OK
2026-08-15T04:14:47.239106Z,11302,241.9,0,OK,OK,OK
2026-08-15T04:14:52.723124Z,11338,242.4,0,OK,OK,OK
2026-08-15T04:14:58.250562Z,11335,242.4,0,OK,OK,OK
2026-08-15T04:15:03.777817Z,11337,242.4,0,OK,OK,OK
2026-08-15T04:15:09.295542Z,11353,242.4,0,OK,OK,OK
2026-08-15T04:15:14.798542Z,11299,241.8,0,OK,OK,OK
2026-08-15T04:15:20.346537Z,11306,241.8,0,OK,OK,OK
2026-08-15T04:15:25.905297Z,11312,241.8,0,OK,OK,OK
2026-08-15T04:15:31.416812Z,11296,241.7,0,OK,OK,OK
2026-08-15T04:15:36.972346Z,11297,241.7,0,OK,OK,OK
2026-08-15T04:15:42.509051Z,11301,241.7,0,OK,OK,OK
2026-08-15T04:15:48.032482Z,11311,241.8,0,OK,OK,OK
2026-08-15T04:15:53.507662Z,11297,241.8,0,OK,OK,OK
2026-08-15T04:15:59.019635Z,11296,241.8,0,OK,OK,OK
2026-08-15T04:16:04.502968Z,11304,241.9,0,OK,OK,OK
2026-08-15T04:16:09.987169Z,11297,241.8,0,OK,OK,OK
2026-08-15T04:16:15.497324Z,11303,241.7,0,OK,OK,OK
2026-08-15T04:16:21.012702Z,11187,241.8,0,OK,OK,OK
2026-08-15T04:16:26.532533Z,11209,242.1,0,OK,OK,OK
2026-08-15T04:16:32.011713Z,11209,242.1,0,OK,OK,OK
2026-08-15T04:16:37.489916Z,11214,242.1,0,OK,OK,OK
2026-08-15T04:16:43.032505Z,11226,242.1,0,OK,OK,OK
2026-08-15T04:16:48.576381Z,11218,242.1,0,OK,OK,OK
2026-08-15T04:16:54.125687Z,11210,242.1,0,OK,OK,OK
2026-08-15T04:16:59.611232Z,11217,242.2,0,OK,OK,OK
2026-08-15T04:17:05.122654Z,11214,242.2,0,OK,OK,OK
2026-08-15T04:17:10.644760Z,11210,242.2,0,OK,OK,OK
2026-08-15T04:17:16.182932Z,11215,242.0,0,OK,OK,OK
2026-08-15T04:17:21.672864Z,11198,242.1,0,OK,OK,OK
2026-08-15T04:17:27.206005Z,11205,242.1,0,OK,OK,OK
2026-08-15T04:17:32.737190Z,11198,242.1,0,OK,OK,OK
2026-08-15T04:17:38.251048Z,11193,242.1,0,OK,OK,OK
2026-08-15T04:17:43.779046Z,11191,242.1,0,OK,OK,OK
2026-08-15T04:17:49.294953Z,11194,242.1,0,OK,OK,OK
2026-08-15T04:17:54.787953Z,11194,242.1,0,OK,OK,OK
2026-08-15T04:18:00.312447Z,11181,242.1,0,OK,OK,OK
2026-08-15T04:18:05.800424Z,11191,242.1,0,OK,OK,OK
2026-08-15T04:18:11.294214Z,11194,242.1,0,OK,OK,OK
2026-08-15T04:18:16.875205Z,11191,242.1,0,OK,OK,OK
2026-08-15T04:18:22.381737Z,11189,242.1,0,OK,OK,OK
2026-08-15T04:18:27.912344Z,11188,242.1,0,OK,OK,OK
2026-08-15T04:18:33.433858Z,11192,242.1,0,OK,OK,OK
2026-08-15T04:18:38.951650Z,11190,242.0,0,OK,OK,OK
2026-08-15T04:18:44.501331Z,11193,242.2,0,OK,OK,OK
2026-08-15T04:18:49.990639Z,11182,242.0,0,OK,OK,OK
2026-08-15T04:18:55.501890Z,11185,242.1,0,OK,OK,OK
2026-08-15T04:19:00.990207Z,11188,242.1,0,OK,OK,OK
2026-08-15T04:19:06.492320Z,11189,242.2,0,OK,OK,OK
2026-08-15T04:19:11.984189Z,11177,242.0,0,OK,OK,OK
2026-08-15T04:19:17.508773Z,11178,242.2,0,OK,OK,OK
2026-08-15T04:19:23.021385Z,11168,242.0,0,OK,OK,OK
2026-08-15T04:19:28.545489Z,11177,242.0,0,OK,OK,OK
2026-08-15T04:19:34.083320Z,11176,242.0,0,OK,OK,OK
2026-08-15T04:19:39.569271Z,11173,241.9,0,OK,OK,OK
2026-08-15T04:19:45.070553Z,11176,242.1,0,OK,OK,OK
2026-08-15T04:19:50.608988Z,11172,242.1,0,OK,OK,OK
2026-08-15T04:19:56.104923Z,11169,242.0,0,OK,OK,OK
2026-08-15T04:20:01.579451Z,11175,242.0,0,OK,OK,OK
2026-08-15T04:20:07.092561Z,11176,242.1,0,OK,OK,OK
2026-08-15T04:20:12.583787Z,11174,242.0,0,OK,OK,OK
2026-08-15T04:20:18.077097Z,11168,242.0,0,OK,OK,OK
2026-08-15T04:20:23.586078Z,11166,242.0,0,OK,OK,OK
2026-08-15T04:20:29.143733Z,11171,242.0,0,OK,OK,OK
2026-08-15T04:20:34.631338Z,11191,242.0,0,OK,OK,OK
2026-08-15T04:20:40.147536Z,11166,242.1,0,OK,OK,OK
2026-08-15T04:20:45.659700Z,11175,242.1,0,OK,OK,OK
2026-08-15T04:20:51.195956Z,11168,242.1,0,OK,OK,OK
2026-08-15T04:20:56.702043Z,11174,242.0,0,OK,OK,OK
2026-08-15T04:21:02.222787Z,11170,242.0,0,OK,OK,OK
2026-08-15T04:21:07.685324Z,11158,242.0,0,OK,OK,OK
2026-08-15T04:21:13.208958Z,11154,241.9,0,OK,OK,OK
2026-08-15T04:21:18.709923Z,11163,242.0,0,OK,OK,OK
2026-08-15T04:21:24.221170Z,11180,241.9,0,OK,OK,OK
2026-08-15T04:21:29.712640Z,11138,241.9,0,OK,OK,OK
2026-08-15T04:21:35.313914Z,11143,241.9,0,OK,OK,OK
2026-08-15T04:21:40.814721Z,11150,241.9,0,OK,OK,OK
2026-08-15T04:21:46.298182Z,11157,241.9,0,OK,OK,OK
2026-08-15T04:21:51.813630Z,11156,241.9,0,OK,OK,OK
2026-08-15T04:21:57.337002Z,11154,241.9,0,OK,OK,OK
2026-08-15T04:22:02.832635Z,11146,241.8,0,OK,OK,OK
2026-08-15T04:22:08.355299Z,11154,241.8,0,OK,OK,OK
2026-08-15T04:22:13.850597Z,11165,241.9,0,OK,OK,OK
2026-08-15T04:22:19.437035Z,11153,241.9,0,OK,OK,OK
2026-08-15T04:22:24.927482Z,11156,241.9,0,OK,OK,OK
2026-08-15T04:22:30.446030Z,11155,241.9,0,OK,OK,OK
2026-08-15T04:22:35.939339Z,11156,241.9,0,OK,OK,OK
2026-08-15T04:22:41.464813Z,11148,241.9,0,OK,OK,OK
2026-08-15T04:22:46.934841Z,11150,241.8,0,OK,OK,OK
2026-08-15T04:22:52.433147Z,11145,241.8,0,OK,OK,OK
2026-08-15T04:22:57.945113Z,11152,241.8,0,OK,OK,OK
2026-08-15T04:23:03.443779Z,11148,241.8,0,OK,OK,OK
2026-08-15T04:23:08.928812Z,11147,241.8,0,OK,OK,OK
2026-08-15T04:23:14.442179Z,11144,241.7,0,OK,OK,OK
2026-08-15T04:23:19.985343Z,11150,241.7,0,OK,OK,OK
2026-08-15T04:23:25.484697Z,11154,241.9,0,OK,OK,OK
2026-08-15T04:23:30.971522Z,11153,241.7,0,OK,OK,OK
2026-08-15T04:23:36.482691Z,11143,241.7,0,OK,OK,OK
2026-08-15T04:23:41.974338Z,11163,241.7,0,OK,OK,OK
2026-08-15T04:23:47.496828Z,11153,241.7,0,OK,OK,OK
2026-08-15T04:23:53.010037Z,11140,241.7,0,OK,OK,OK
2026-08-15T04:23:58.503054Z,11141,241.7,0,OK,OK,OK
2026-08-15T04:24:03.973108Z,11151,241.7,0,OK,OK,OK
2026-08-15T04:24:09.491446Z,11183,241.5,0,OK,OK,OK
2026-08-15T04:24:15.034929Z,11169,241.7,0,OK,OK,OK
2026-08-15T04:24:20.574736Z,11174,241.7,0,OK,OK,OK
2026-08-15T04:24:26.081937Z,11174,241.8,0,OK,OK,OK
2026-08-15T04:24:31.590065Z,11172,241.8,0,OK,OK,OK
2026-08-15T04:24:37.116713Z,11180,241.9,0,OK,OK,OK
2026-08-15T04:24:42.639060Z,11191,241.8,0,OK,OK,OK
2026-08-15T04:24:48.133304Z,11173,241.8,0,OK,OK,OK
2026-08-15T04:24:53.614215Z,11178,241.8,0,OK,OK,OK
2026-08-15T04:24:59.146938Z,11173,241.7,0,OK,OK,OK
2026-08-15T04:25:04.581940Z,11179,241.9,0,OK,OK,OK
2026-08-15T04:25:10.079490Z,11177,241.7,0,OK,OK,OK
2026-08-15T04:25:15.543173Z,11191,241.9,0,OK,OK,OK
2026-08-15T04:25:21.065190Z,11091,241.6,0,OK,OK,OK
2026-08-15T04:25:26.522783Z,11081,241.5,0,OK,OK,OK
2026-08-15T04:25:31.990292Z,11090,241.5,0,OK,OK,OK
2026-08-15T04:25:37.471725Z,11092,241.6,0,OK,OK,OK
2026-08-15T04:25:42.973809Z,11120,241.6,0,OK,OK,OK
2026-08-15T04:25:48.511675Z,11108,241.5,0,OK,OK,OK
2026-08-15T04:25:54.003270Z,11111,241.5,0,OK,OK,OK
2026-08-15T04:25:59.485370Z,11107,241.5,0,OK,OK,OK
2026-08-15T04:26:04.968935Z,11098,241.5,0,OK,OK,OK
2026-08-15T04:26:10.485028Z,11111,241.5,0,OK,OK,OK
2026-08-15T04:26:15.975403Z,11119,241.5,0,OK,OK,OK
2026-08-15T04:26:21.484513Z,11120,241.5,0,OK,OK,OK
2026-08-15T04:26:26.987029Z,11109,241.5,0,OK,OK,OK
2026-08-15T04:26:32.559913Z,11110,241.4,0,OK,OK,OK
2026-08-15T04:26:38.117065Z,11112,241.5,0,OK,OK,OK
2026-08-15T04:26:43.625974Z,11109,241.5,0,OK,OK,OK
2026-08-15T04:26:49.104446Z,12410,240.9,0,OK,OK,OK
2026-08-15T04:26:54.702919Z,12463,240.9,0,OK,OK,OK
2026-08-15T04:27:00.244461Z,12481,240.8,0,OK,OK,OK
2026-08-15T04:27:05.763214Z,12476,240.7,0,OK,OK,OK
2026-08-15T04:27:11.284145Z,12477,240.7,0,OK,OK,OK
2026-08-15T04:27:16.791587Z,12484,240.7,0,OK,OK,OK
2026-08-15T04:27:22.313773Z,12512,240.7,0,OK,OK,OK
2026-08-15T04:27:27.850822Z,12524,240.7,0,OK,OK,OK
2026-08-15T04:27:33.349667Z,12514,240.6,0,OK,OK,OK
2026-08-15T04:27:38.830785Z,12515,240.7,0,OK,OK,OK
2026-08-15T04:27:44.318436Z,12479,240.7,0,OK,OK,OK
2026-08-15T04:27:49.795578Z,12497,240.7,0,OK,OK,OK
2026-08-15T04:27:55.300576Z,12464,240.6,0,OK,OK,OK
2026-08-15T04:28:00.842348Z,12484,240.6,0,OK,OK,OK
2026-08-15T04:28:06.332367Z,12477,240.6,0,OK,OK,OK
2026-08-15T04:28:11.834289Z,12469,240.6,0,OK,OK,OK
2026-08-15T04:28:17.378935Z,12482,240.7,0,OK,OK,OK
2026-08-15T04:28:22.849570Z,12488,240.7,0,OK,OK,OK
2026-08-15T04:28:28.329929Z,12502,240.7,0,OK,OK,OK
2026-08-15T04:28:33.833382Z,12503,240.7,0,OK,OK,OK
2026-08-15T04:28:39.327157Z,12484,240.6,0,OK,OK,OK
2026-08-15T04:28:44.841224Z,12475,240.7,0,OK,OK,OK
2026-08-15T04:28:50.394622Z,12487,240.7,0,OK,OK,OK
2026-08-15T04:28:55.892324Z,12465,240.6,0,OK,OK,OK
2026-08-15T04:29:01.404068Z,12496,240.6,0,OK,OK,OK
2026-08-15T04:29:06.880438Z,12477,240.5,0,OK,OK,OK
2026-08-15T04:29:12.359619Z,12487,240.5,0,OK,OK,OK
2026-08-15T04:29:17.902401Z,12483,240.7,0,OK,OK,OK
2026-08-15T04:29:23.380675Z,12490,240.6,0,OK,OK,OK
2026-08-15T04:29:28.880212Z,12487,240.6,0,OK,OK,OK
2026-08-15T04:29:34.348738Z,12517,240.5,0,OK,OK,OK
2026-08-15T04:29:39.881719Z,12490,240.6,0,OK,OK,OK
2026-08-15T04:29:45.363960Z,12521,240.6,0,OK,OK,OK
2026-08-15T04:29:50.872479Z,12482,240.6,0,OK,OK,OK
2026-08-15T04:29:56.330454Z,12489,240.6,0,OK,OK,OK
2026-08-15T04:30:01.808771Z,12483,240.6,0,OK,OK,OK
2026-08-15T04:30:07.307126Z,12514,240.7,0,OK,OK,OK
2026-08-15T04:30:12.825876Z,12482,240.7,0,OK,OK,OK
2026-08-15T04:30:18.366421Z,12466,240.7,0,OK,OK,OK
2026-08-15T04:30:23.851285Z,12476,240.7,0,OK,OK,OK
2026-08-15T04:30:29.379361Z,12475,240.7,0,OK,OK,OK
2026-08-15T04:30:34.876887Z,12471,240.7,0,OK,OK,OK
2026-08-15T04:30:40.407891Z,12471,240.7,0,OK,OK,OK
2026-08-15T04:30:45.906869Z,12491,240.6,0,OK,OK,OK
2026-08-15T04:30:51.435417Z,12494,240.6,0,OK,OK,OK
2026-08-15T04:30:56.950989Z,12470,240.8,0,OK,OK,OK
2026-08-15T04:31:02.435426Z,12462,240.8,0,OK,OK,OK
2026-08-15T04:31:07.952634Z,12476,240.6,0,OK,OK,OK
2026-08-15T04:31:13.463504Z,12470,240.8,0,OK,OK,OK
2026-08-15T04:31:18.950377Z,12472,240.7,0,OK,OK,OK
2026-08-15T04:31:24.477924Z,12464,240.7,0,OK,OK,OK
2026-08-15T04:31:29.990247Z,12470,240.8,0,OK,OK,OK
2026-08-15T04:31:35.507678Z,12464,240.8,0,OK,OK,OK
2026-08-15T04:31:41.018743Z,12459,240.8,0,OK,OK,OK
2026-08-15T04:31:46.531621Z,12461,240.8,0,OK,OK,OK
2026-08-15T04:31:52.052585Z,12458,240.6,0,OK,OK,OK
2026-08-15T04:31:57.528534Z,12457,240.8,0,OK,OK,OK
2026-08-15T04:32:03.023844Z,12462,240.8,0,OK,OK,OK
2026-08-15T04:32:08.572090Z,12443,240.6,0,OK,OK,OK
2026-08-15T04:32:14.076189Z,12468,240.6,0,OK,OK,OK
2026-08-15T04:32:19.595468Z,12460,240.7,0,OK,OK,OK
2026-08-15T04:32:25.098381Z,12516,240.6,0,OK,OK,OK
2026-08-15T04:32:30.604579Z,12480,240.7,0,OK,OK,OK
2026-08-15T04:32:36.106088Z,12470,240.7,0,OK,OK,OK
2026-08-15T04:32:41.579496Z,12477,240.7,0,OK,OK,OK
2026-08-15T04:32:47.113862Z,11056,241.2,0,OK,OK,OK
2026-08-15T04:32:52.646961Z,11065,241.4,0,OK,OK,OK
2026-08-15T04:32:58.133938Z,11070,241.4,0,OK,OK,OK
2026-08-15T04:33:03.689068Z,11112,241.4,0,OK,OK,OK
2026-08-15T04:33:09.180050Z,11021,241.4,0,OK,OK,OK
2026-08-15T04:33:14.700999Z,11060,241.4,0,OK,OK,OK
2026-08-15T04:33:20.194079Z,11064,241.4,0,OK,OK,OK
2026-08-15T04:33:25.820425Z,11022,241.4,0,OK,OK,OK
2026-08-15T04:33:31.321862Z,11007,241.3,0,OK,OK,OK
2026-08-15T04:33:36.812267Z,11096,241.4,0,OK,OK,OK
2026-08-15T04:33:42.352818Z,11065,241.4,0,OK,OK,OK
2026-08-15T04:33:47.895847Z,11066,241.4,0,OK,OK,OK
2026-08-15T04:33:53.446738Z,11059,241.4,0,OK,OK,OK
2026-08-15T04:33:58.936101Z,11065,241.4,0,OK,OK,OK
2026-08-15T04:34:04.448825Z,11062,241.4,0,OK,OK,OK
2026-08-15T04:34:09.987227Z,11032,241.3,0,OK,OK,OK
2026-08-15T04:34:15.512008Z,11051,241.4,0,OK,OK,OK
2026-08-15T04:34:20.988891Z,11050,241.4,0,OK,OK,OK
2026-08-15T04:34:26.505845Z,11013,241.2,0,OK,OK,OK
2026-08-15T04:34:31.986083Z,11051,241.4,0,OK,OK,OK
2026-08-15T04:34:37.523775Z,11052,241.3,0,OK,OK,OK
2026-08-15T04:34:42.996564Z,11054,241.3,0,OK,OK,OK
2026-08-15T04:34:48.495824Z,11058,241.4,0,OK,OK,OK
2026-08-15T04:34:53.998197Z,11066,241.4,0,OK,OK,OK
2026-08-15T04:34:59.493611Z,11056,241.4,0,OK,OK,OK
2026-08-15T04:35:04.958618Z,11057,241.5,0,OK,OK,OK
2026-08-15T04:35:10.393180Z,11058,241.4,0,OK,OK,OK
2026-08-15T04:35:15.889377Z,11054,241.3,0,OK,OK,OK
2026-08-15T04:35:21.372146Z,11045,241.3,0,OK,OK,OK
2026-08-15T04:35:26.869742Z,11002,241.3,0,OK,OK,OK
2026-08-15T04:35:32.352713Z,10979,241.2,0,OK,OK,OK
2026-08-15T04:35:37.834539Z,10994,241.4,0,OK,OK,OK
2026-08-15T04:35:43.358427Z,11038,241.4,0,OK,OK,OK
2026-08-15T04:35:48.895257Z,10980,241.2,0,OK,OK,OK
2026-08-15T04:35:54.396893Z,10976,241.4,0,OK,OK,OK
2026-08-15T04:35:59.923768Z,11033,241.4,0,OK,OK,OK
2026-08-15T04:36:05.469755Z,11025,241.3,0,OK,OK,OK
2026-08-15T04:36:10.982651Z,10976,241.3,0,OK,OK,OK
2026-08-15T04:36:16.497974Z,10976,241.3,0,OK,OK,OK
2026-08-15T04:36:22.010959Z,10982,241.3,0,OK,OK,OK
2026-08-15T04:36:27.535875Z,11053,241.3,0,OK,OK,OK
2026-08-15T04:36:33.034590Z,10982,241.3,0,OK,OK,OK
2026-08-15T04:36:38.541341Z,10977,241.3,0,OK,OK,OK
2026-08-15T04:36:44.040028Z,10976,241.3,0,OK,OK,OK
2026-08-15T04:36:49.553753Z,11031,241.2,0,OK,OK,OK
2026-08-15T04:36:55.032747Z,10979,241.2,0,OK,OK,OK
2026-08-15T04:37:00.551521Z,10971,241.2,0,OK,OK,OK
2026-08-15T04:37:06.052637Z,10982,241.3,0,OK,OK,OK
2026-08-15T04:37:11.542738Z,10987,241.3,0,OK,OK,OK
2026-08-15T04:37:17.066044Z,11033,241.4,0,OK,OK,OK
2026-08-15T04:37:22.597783Z,11019,241.4,0,OK,OK,OK
2026-08-15T04:37:28.098422Z,11022,241.3,0,OK,OK,OK
2026-08-15T04:37:33.589357Z,11028,241.4,0,OK,OK,OK
2026-08-15T04:37:39.085721Z,11035,241.4,0,OK,OK,OK
2026-08-15T04:37:44.607558Z,11044,241.4,0,OK,OK,OK
2026-08-15T04:37:50.162327Z,11040,241.4,0,OK,OK,OK
2026-08-15T04:37:55.719825Z,11015,241.4,0,OK,OK,OK
2026-08-15T04:38:01.238006Z,11037,241.4,0,OK,OK,OK
2026-08-15T04:38:06.763314Z,11035,241.3,0,OK,OK,OK
2026-08-15T04:38:12.283630Z,11017,241.0,0,OK,OK,OK
2026-08-15T04:38:17.807919Z,11024,241.3,0,OK,OK,OK
2026-08-15T04:38:23.349453Z,11036,241.4,0,OK,OK,OK
2026-08-15T04:38:28.836170Z,11031,241.3,0,OK,OK,OK
2026-08-15T04:38:34.367015Z,11010,241.5,0,OK,OK,OK
2026-08-15T04:38:39.863891Z,11033,241.4,0,OK,OK,OK
2026-08-15T04:38:45.399774Z,10996,241.4,0,OK,OK,OK
2026-08-15T04:38:50.899247Z,11041,241.5,0,OK,OK,OK
2026-08-15T04:38:56.452833Z,11037,241.4,0,OK,OK,OK
2026-08-15T04:39:01.935875Z,11031,241.2,0,OK,OK,OK
2026-08-15T04:39:07.460868Z,11038,241.3,0,OK,OK,OK
2026-08-15T04:39:12.931446Z,11033,241.4,0,OK,OK,OK
2026-08-15T04:39:18.460910Z,11010,241.4,0,OK,OK,OK
2026-08-15T04:39:23.930122Z,10989,241.4,0,OK,OK,OK
2026-08-15T04:39:29.398554Z,11033,241.4,0,OK,OK,OK
2026-08-15T04:39:34.921554Z,10989,241.3,0,OK,OK,OK
2026-08-15T04:39:40.430312Z,11040,241.3,0,OK,OK,OK
2026-08-15T04:39:45.936634Z,11025,241.3,0,OK,OK,OK
2026-08-15T04:39:51.451769Z,11028,241.4,0,OK,OK,OK
2026-08-15T04:39:56.965526Z,11044,241.3,0,OK,OK,OK
2026-08-15T04:40:02.481734Z,10971,241.3,0,OK,OK,OK
2026-08-15T04:40:08.019274Z,11032,241.4,0,OK,OK,OK
2026-08-15T04:40:13.506876Z,11033,241.4,0,OK,OK,OK
2026-08-15T04:40:19.033688Z,11034,241.4,0,OK,OK,OK
2026-08-15T04:40:24.537379Z,10970,241.4,0,OK,OK,OK
2026-08-15T04:40:30.047353Z,11030,241.4,0,OK,OK,OK
2026-08-15T04:40:35.553948Z,11042,241.4,0,OK,OK,OK
2026-08-15T04:40:41.051607Z,11039,241.4,0,OK,OK,OK
2026-08-15T04:40:46.555454Z,10999,241.3,0,OK,OK,OK
2026-08-15T04:40:52.030410Z,11059,241.4,0,OK,OK,OK
2026-08-15T04:40:57.561830Z,11024,241.4,0,OK,OK,OK
2026-08-15T04:41:03.053019Z,11012,241.3,0,OK,OK,OK
2026-08-15T04:41:08.558535Z,11006,241.2,0,OK,OK,OK
2026-08-15T04:41:14.044297Z,11057,241.4,0,OK,OK,OK
2026-08-15T04:41:19.525181Z,11072,241.4,0,OK,OK,OK
2026-08-15T04:41:25.010833Z,11068,241.5,0,OK,OK,OK
2026-08-15T04:41:30.543429Z,11072,241.5,0,OK,OK,OK
2026-08-15T04:41:36.071300Z,11151,241.4,0,OK,OK,OK
2026-08-15T04:41:41.537557Z,11168,241.4,0,OK,OK,OK
2026-08-15T04:41:47.041649Z,11161,241.4,0,OK,OK,OK
2026-08-15T04:41:52.578491Z,11158,241.3,0,OK,OK,OK
2026-08-15T04:41:58.106219Z,11181,241.4,0,OK,OK,OK
2026-08-15T04:42:03.549008Z,11120,241.4,0,OK,OK,OK
2026-08-15T04:42:09.157853Z,11135,241.4,0,OK,OK,OK
2026-08-15T04:42:14.680631Z,11192,241.4,0,OK,OK,OK
2026-08-15T04:42:20.186247Z,11184,241.4,0,OK,OK,OK
2026-08-15T04:42:25.663519Z,11141,241.3,0,OK,OK,OK
2026-08-15T04:42:31.169195Z,11160,241.4,0,OK,OK,OK
2026-08-15T04:42:36.650801Z,11131,241.4,0,OK,OK,OK
2026-08-15T04:42:42.187972Z,11185,241.4,0,OK,OK,OK
2026-08-15T04:42:47.678660Z,11151,241.5,0,OK,OK,OK
2026-08-15T04:42:53.191464Z,11171,241.5,0,OK,OK,OK
2026-08-15T04:42:58.674284Z,11144,241.4,0,OK,OK,OK
2026-08-15T04:43:04.189689Z,11151,241.5,0,OK,OK,OK
2026-08-15T04:43:09.702351Z,11151,241.4,0,OK,OK,OK
2026-08-15T04:43:15.197780Z,11154,241.4,0,OK,OK,OK
2026-08-15T04:43:20.688871Z,11160,241.4,0,OK,OK,OK
2026-08-15T04:43:26.181900Z,11151,241.4,0,OK,OK,OK
2026-08-15T04:43:31.716820Z,11156,241.4,0,OK,OK,OK
2026-08-15T04:43:37.226575Z,11132,241.3,0,OK,OK,OK
2026-08-15T04:43:42.745323Z,11098,241.3,0,OK,OK,OK
2026-08-15T04:43:48.262930Z,11193,241.2,0,OK,OK,OK
2026-08-15T04:43:53.778976Z,11145,241.3,0,OK,OK,OK
2026-08-15T04:43:59.287057Z,11129,241.3,0,OK,OK,OK
2026-08-15T04:44:04.806890Z,11144,241.4,0,OK,OK,OK
2026-08-15T04:44:10.332888Z,11145,241.4,0,OK,OK,OK
2026-08-15T04:44:15.839837Z,11094,241.3,0,OK,OK,OK
2026-08-15T04:44:21.338856Z,11154,241.4,0,OK,OK,OK
2026-08-15T04:44:26.804545Z,11157,241.4,0,OK,OK,OK
2026-08-15T04:44:32.325810Z,11151,241.4,0,OK,OK,OK
2026-08-15T04:44:37.803637Z,11152,241.4,0,OK,OK,OK
2026-08-15T04:44:43.298511Z,11149,241.3,0,OK,OK,OK
2026-08-15T04:44:48.830892Z,11115,241.3,0,OK,OK,OK
2026-08-15T04:44:54.372488Z,11095,241.3,0,OK,OK,OK
2026-08-15T04:44:59.872795Z,11147,241.3,0,OK,OK,OK
2026-08-15T04:45:05.394993Z,11148,241.3,0,OK,OK,OK
2026-08-15T04:45:10.914777Z,11155,241.3,0,OK,OK,OK
2026-08-15T04:45:16.517869Z,11153,241.3,0,OK,OK,OK
2026-08-15T04:45:22.090503Z,11151,241.4,0,OK,OK,OK
2026-08-15T04:45:27.660556Z,11158,241.5,0,OK,OK,OK
2026-08-15T04:45:33.163742Z,11150,241.4,0,OK,OK,OK
2026-08-15T04:45:38.656624Z,11149,241.4,0,OK,OK,OK
2026-08-15T04:45:44.148478Z,11164,241.6,0,OK,OK,OK
2026-08-15T04:45:49.659201Z,11160,241.5,0,OK,OK,OK
2026-08-15T04:45:55.158540Z,11171,241.6,0,OK,OK,OK
2026-08-15T04:46:00.681132Z,11161,241.5,0,OK,OK,OK
2026-08-15T04:46:06.156098Z,11170,241.6,0,OK,OK,OK
2026-08-15T04:46:11.652467Z,11173,241.6,0,OK,OK,OK
2026-08-15T04:46:17.172161Z,11160,241.6,0,OK,OK,OK
2026-08-15T04:46:22.662243Z,11162,241.5,0,OK,OK,OK
2026-08-15T04:46:28.156448Z,11156,241.4,0,OK,OK,OK
2026-08-15T04:46:33.733677Z,11149,241.5,0,OK,OK,OK
2026-08-15T04:46:39.232757Z,11159,241.5,0,OK,OK,OK
2026-08-15T04:46:44.747057Z,11165,241.4,0,OK,OK,OK
2026-08-15T04:46:50.260368Z,11159,241.5,0,OK,OK,OK
2026-08-15T04:46:55.738747Z,11152,241.6,0,OK,OK,OK
2026-08-15T04:47:01.215455Z,11170,241.5,0,OK,OK,OK
2026-08-15T04:47:06.709957Z,11171,241.6,0,OK,OK,OK
2026-08-15T04:47:12.243484Z,11173,241.5,0,OK,OK,OK
2026-08-15T04:47:17.739502Z,11145,241.5,0,OK,OK,OK
2026-08-15T04:47:23.231894Z,11153,241.4,0,OK,OK,OK
2026-08-15T04:47:28.747353Z,11160,241.4,0,OK,OK,OK
2026-08-15T04:47:34.264736Z,11058,240.3,0,OK,OK,OK
2026-08-15T04:47:39.750562Z,11079,240.7,0,OK,OK,OK
2026-08-15T04:47:45.255868Z,11086,240.7,0,OK,OK,OK
2026-08-15T04:47:50.725827Z,11074,240.7,0,OK,OK,OK
2026-08-15T04:47:56.197490Z,11086,240.6,0,OK,OK,OK
2026-08-15T04:48:01.677892Z,11090,240.7,0,OK,OK,OK
2026-08-15T04:48:07.200031Z,11082,240.7,0,OK,OK,OK
2026-08-15T04:48:12.694946Z,11070,240.7,0,OK,OK,OK
2026-08-15T04:48:18.210258Z,11085,240.7,0,OK,OK,OK
2026-08-15T04:48:23.721750Z,11076,240.7,0,OK,OK,OK
2026-08-15T04:48:29.221457Z,11079,240.7,0,OK,OK,OK
2026-08-15T04:48:34.715345Z,11085,240.7,0,OK,OK,OK
2026-08-15T04:48:40.222356Z,11074,240.6,0,OK,OK,OK
2026-08-15T04:48:45.729413Z,11080,240.7,0,OK,OK,OK
2026-08-15T04:48:51.269706Z,11075,240.7,0,OK,OK,OK
2026-08-15T04:48:56.799597Z,11072,240.6,0,OK,OK,OK
2026-08-15T04:49:02.304152Z,11068,240.7,0,OK,OK,OK
2026-08-15T04:49:07.813968Z,11085,240.7,0,OK,OK,OK
2026-08-15T04:49:13.361329Z,11060,240.7,0,OK,OK,OK
2026-08-15T04:49:18.923482Z,11075,240.7,0,OK,OK,OK
2026-08-15T04:49:24.421850Z,11083,240.7,0,OK,OK,OK
2026-08-15T04:49:29.926743Z,11079,240.7,0,OK,OK,OK
2026-08-15T04:49:35.389722Z,11063,240.7,0,OK,OK,OK
2026-08-15T04:49:40.909680Z,11048,240.7,0,OK,OK,OK
2026-08-15T04:49:46.398345Z,11058,240.8,0,OK,OK,OK
2026-08-15T04:49:51.895256Z,11043,240.7,0,OK,OK,OK
2026-08-15T04:49:57.396523Z,11042,240.9,0,OK,OK,OK
2026-08-15T04:50:02.895621Z,11047,240.8,0,OK,OK,OK
2026-08-15T04:50:08.401567Z,11043,240.8,0,OK,OK,OK
2026-08-15T04:50:13.888311Z,11029,240.8,0,OK,OK,OK
2026-08-15T04:50:19.372698Z,11039,240.9,0,OK,OK,OK
2026-08-15T04:50:24.902320Z,11039,240.9,0,OK,OK,OK
2026-08-15T04:50:30.437222Z,11035,240.8,0,OK,OK,OK
2026-08-15T04:50:35.917486Z,11042,240.8,0,OK,OK,OK
2026-08-15T04:50:41.423680Z,11038,240.9,0,OK,OK,OK
2026-08-15T04:50:46.947217Z,11046,240.9,0,OK,OK,OK
2026-08-15T04:50:52.451274Z,11046,240.8,0,OK,OK,OK
2026-08-15T04:50:57.975833Z,11038,240.8,0,OK,OK,OK
2026-08-15T04:51:03.496142Z,11039,240.9,0,OK,OK,OK
2026-08-15T04:51:09.010377Z,11034,240.8,0,OK,OK,OK
2026-08-15T04:51:14.537127Z,11042,240.9,0,OK,OK,OK
2026-08-15T04:51:20.046413Z,11031,240.9,0,OK,OK,OK
2026-08-15T04:51:25.561909Z,11062,240.9,0,OK,OK,OK
2026-08-15T04:51:31.082688Z,11028,241.0,0,OK,OK,OK
2026-08-15T04:51:36.585110Z,11035,240.9,0,OK,OK,OK
2026-08-15T04:51:42.113128Z,11030,240.9,0,OK,OK,OK
2026-08-15T04:51:47.635749Z,11047,240.9,0,OK,OK,OK
2026-08-15T04:51:53.157833Z,11037,241.0,0,OK,OK,OK
2026-08-15T04:51:58.655179Z,11042,241.0,0,OK,OK,OK
2026-08-15T04:52:04.193476Z,11044,241.0,0,OK,OK,OK
2026-08-15T04:52:09.711937Z,11032,240.8,0,OK,OK,OK
2026-08-15T04:52:15.231944Z,11044,240.9,0,OK,OK,OK
2026-08-15T04:52:20.837246Z,11039,240.9,0,OK,OK,OK
2026-08-15T04:52:26.317654Z,11036,241.0,0,OK,OK,OK
2026-08-15T04:52:31.845560Z,11015,241.1,0,OK,OK,OK
2026-08-15T04:52:37.410217Z,11003,241.1,0,OK,OK,OK
2026-08-15T04:52:43.024272Z,11010,241.1,0,OK,OK,OK
2026-08-15T04:52:48.601540Z,10984,240.9,0,OK,OK,OK
2026-08-15T04:52:54.140964Z,11069,241.7,0,OK,OK,OK
2026-08-15T04:52:59.646879Z,11073,241.7,0,OK,OK,OK
2026-08-15T04:53:05.168858Z,11070,241.7,0,OK,OK,OK
2026-08-15T04:53:10.747095Z,11071,241.7,0,OK,OK,OK
2026-08-15T04:53:16.241160Z,11078,241.7,0,OK,OK,OK
2026-08-15T04:53:21.715443Z,11082,241.7,0,OK,OK,OK
2026-08-15T04:53:27.198985Z,11079,241.7,0,OK,OK,OK
2026-08-15T04:53:32.699515Z,11074,241.7,0,OK,OK,OK
2026-08-15T04:53:38.210163Z,11078,241.7,0,OK,OK,OK
2026-08-15T04:53:43.680656Z,11070,241.7,0,OK,OK,OK
2026-08-15T04:53:49.188462Z,11069,241.7,0,OK,OK,OK
2026-08-15T04:53:54.714164Z,11075,241.7,0,OK,OK,OK
2026-08-15T04:54:00.162206Z,11066,241.7,0,OK,OK,OK
2026-08-15T04:54:05.638637Z,11067,241.7,0,OK,OK,OK
2026-08-15T04:54:11.137282Z,11066,241.6,0,OK,OK,OK
2026-08-15T04:54:16.637646Z,11085,241.8,0,OK,OK,OK
2026-08-15T04:54:22.189858Z,11082,242.1,0,OK,OK,OK
2026-08-15T04:54:27.714000Z,11077,242.0,0,OK,OK,OK
2026-08-15T04:54:33.202105Z,11087,242.1,0,OK,OK,OK
2026-08-15T04:54:38.724418Z,11080,242.1,0,OK,OK,OK
2026-08-15T04:54:44.266507Z,11080,242.0,0,OK,OK,OK
2026-08-15T04:54:49.766590Z,11078,241.9,0,OK,OK,OK
2026-08-15T04:54:55.249269Z,11081,241.9,0,OK,OK,OK
2026-08-15T04:55:00.738090Z,11084,242.0,0,OK,OK,OK
2026-08-15T04:55:06.245657Z,11106,241.9,0,OK,OK,OK
2026-08-15T04:55:11.755843Z,11116,242.0,0,OK,OK,OK
2026-08-15T04:55:17.281839Z,11130,242.0,0,OK,OK,OK
2026-08-15T04:55:22.821237Z,11118,242.0,0,OK,OK,OK
2026-08-15T04:55:28.318866Z,11149,241.9,0,OK,OK,OK
2026-08-15T04:55:33.857042Z,11208,241.8,0,OK,OK,OK
2026-08-15T04:55:39.360274Z,11212,241.8,0,OK,OK,OK
2026-08-15T04:55:44.885025Z,11206,241.8,0,OK,OK,OK
2026-08-15T04:55:50.373177Z,11203,241.7,0,OK,OK,OK
2026-08-15T04:55:55.898317Z,11194,241.8,0,OK,OK,OK
2026-08-15T04:56:01.393842Z,11196,241.8,0,OK,OK,OK
2026-08-15T04:56:06.873331Z,11211,241.8,0,OK,OK,OK
2026-08-15T04:56:12.384716Z,11203,241.9,0,OK,OK,OK
2026-08-15T04:56:17.940632Z,11212,241.8,0,OK,OK,OK
2026-08-15T04:56:23.455214Z,11202,241.8,0,OK,OK,OK
2026-08-15T04:56:28.961763Z,11199,241.8,0,OK,OK,OK
2026-08-15T04:56:34.454599Z,11201,241.8,0,OK,OK,OK
2026-08-15T04:56:39.951083Z,11203,241.8,0,OK,OK,OK
2026-08-15T04:56:45.491889Z,11206,241.8,0,OK,OK,OK
2026-08-15T04:56:51.012402Z,11141,241.7,0,OK,OK,OK
2026-08-15T04:56:56.522692Z,11152,241.7,0,OK,OK,OK
2026-08-15T04:57:02.018153Z,11106,241.8,0,OK,OK,OK
2026-08-15T04:57:07.538758Z,11121,241.9,0,OK,OK,OK
2026-08-15T04:57:13.048360Z,11138,241.9,0,OK,OK,OK
2026-08-15T04:57:18.568433Z,11121,242.0,0,OK,OK,OK
2026-08-15T04:57:24.021475Z,11115,241.9,0,OK,OK,OK
2026-08-15T04:57:29.501939Z,11126,241.9,0,OK,OK,OK
2026-08-15T04:57:34.972779Z,11121,241.9,0,OK,OK,OK
2026-08-15T04:57:40.471706Z,11118,241.8,0,OK,OK,OK
2026-08-15T04:57:45.961937Z,11132,241.8,0,OK,OK,OK
2026-08-15T04:57:51.455497Z,11116,241.8,0,OK,OK,OK
2026-08-15T04:57:56.950697Z,11102,241.7,0,OK,OK,OK
2026-08-15T04:58:02.417176Z,11106,241.8,0,OK,OK,OK
2026-08-15T04:58:07.930961Z,11117,241.8,0,OK,OK,OK
2026-08-15T04:58:13.423546Z,11112,241.9,0,OK,OK,OK
2026-08-15T04:58:18.908831Z,11114,241.9,0,OK,OK,OK
2026-08-15T04:58:24.401167Z,11120,241.9,0,OK,OK,OK
2026-08-15T04:58:29.911147Z,11130,241.9,0,OK,OK,OK
2026-08-15T04:58:35.431818Z,11137,241.9,0,OK,OK,OK
2026-08-15T04:58:40.951150Z,11102,241.7,0,OK,OK,OK
2026-08-15T04:58:46.447734Z,11184,241.8,0,OK,OK,OK
2026-08-15T04:58:51.981153Z,11114,241.8,0,OK,OK,OK
2026-08-15T04:58:57.472374Z,11100,241.7,0,OK,OK,OK
2026-08-15T04:59:02.970748Z,11103,241.6,0,OK,OK,OK
2026-08-15T04:59:08.503578Z,11098,241.7,0,OK,OK,OK
2026-08-15T04:59:14.020579Z,11110,241.7,0,OK,OK,OK
2026-08-15T04:59:19.528310Z,11104,241.7,0,OK,OK,OK
2026-08-15T04:59:25.010617Z,11107,241.8,0,OK,OK,OK
2026-08-15T04:59:30.497220Z,11110,241.9,0,OK,OK,OK
2026-08-15T04:59:35.995681Z,11100,241.7,0,OK,OK,OK
2026-08-15T04:59:41.514512Z,11122,241.7,0,OK,OK,OK
2026-08-15T04:59:47.023171Z,11098,241.5,0,OK,OK,OK
2026-08-15T04:59:52.504666Z,11089,241.6,0,OK,OK,OK
2026-08-15T04:59:58.027554Z,11101,241.7,0,OK,OK,OK
2026-08-15T05:00:03.567474Z,11103,241.5,0,OK,OK,OK
2026-08-15T05:00:09.056279Z,11099,241.5,0,OK,OK,OK
2026-08-15T05:00:14.579761Z,11137,241.7,0,OK,OK,OK
2026-08-15T05:00:20.082704Z,11090,241.5,0,OK,OK,OK
2026-08-15T05:00:25.556773Z,11080,241.5,0,OK,OK,OK
2026-08-15T05:00:31.093634Z,11083,241.6,0,OK,OK,OK
2026-08-15T05:00:36.579704Z,11091,241.5,0,OK,OK,OK
2026-08-15T05:00:42.050707Z,11100,241.5,0,OK,OK,OK
2026-08-15T05:00:47.544677Z,11094,241.3,0,OK,OK,OK
2026-08-15T05:00:53.075497Z,11096,241.4,0,OK,OK,OK
2026-08-15T05:00:58.541119Z,11102,241.4,0,OK,OK,OK
2026-08-15T05:01:04.103671Z,11092,241.5,0,OK,OK,OK
2026-08-15T05:01:09.598159Z,11066,241.5,0,OK,OK,OK
2026-08-15T05:01:15.147026Z,11092,241.5,0,OK,OK,OK
2026-08-15T05:01:20.665828Z,11085,241.4,0,OK,OK,OK
2026-08-15T05:01:26.203046Z,11088,241.4,0,OK,OK,OK
2026-08-15T05:01:31.704260Z,11087,241.4,0,OK,OK,OK
2026-08-15T05:01:37.177092Z,11087,241.5,0,OK,OK,OK
2026-08-15T05:01:42.703171Z,11092,241.5,0,OK,OK,OK
2026-08-15T05:01:48.204700Z,11082,241.5,0,OK,OK,OK
2026-08-15T05:01:53.674607Z,11087,241.5,0,OK,OK,OK
2026-08-15T05:01:59.148376Z,11084,241.4,0,OK,OK,OK
2026-08-15T05:02:04.682746Z,11090,241.5,0,OK,OK,OK
2026-08-15T05:02:10.143532Z,11081,241.4,0,OK,OK,OK
2026-08-15T05:02:15.684040Z,11086,241.4,0,OK,OK,OK
2026-08-15T05:02:21.237261Z,11081,241.4,0,OK,OK,OK
2026-08-15T05:02:26.777911Z,11076,241.4,0,OK,OK,OK
2026-08-15T05:02:32.233069Z,11063,241.4,0,OK,OK,OK
2026-08-15T05:02:37.746293Z,11079,241.5,0,OK,OK,OK
2026-08-15T05:02:43.228908Z,11084,241.5,0,OK,OK,OK
2026-08-15T05:02:48.754971Z,11094,241.6,0,OK,OK,OK
2026-08-15T05:02:54.241151Z,11087,241.7,0,OK,OK,OK
2026-08-15T05:02:59.723582Z,11104,241.9,0,OK,OK,OK
2026-08-15T05:03:05.236263Z,11101,242.1,0,OK,OK,OK
2026-08-15T05:03:10.744911Z,11097,242.0,0,OK,OK,OK
2026-08-15T05:03:16.281902Z,11100,242.0,0,OK,OK,OK
2026-08-15T05:03:21.837872Z,11102,242.1,0,OK,OK,OK
2026-08-15T05:03:27.326650Z,11101,242.0,0,OK,OK,OK
2026-08-15T05:03:32.844083Z,11106,242.2,0,OK,OK,OK
2026-08-15T05:03:38.338054Z,11102,242.2,0,OK,OK,OK
2026-08-15T05:03:43.836206Z,11109,242.2,0,OK,OK,OK
2026-08-15T05:03:49.349953Z,11100,242.2,0,OK,OK,OK
2026-08-15T05:03:54.890378Z,11109,242.3,0,OK,OK,OK
2026-08-15T05:04:00.378823Z,11107,242.3,0,OK,OK,OK
2026-08-15T05:04:05.919365Z,11094,242.2,0,OK,OK,OK
2026-08-15T05:04:11.422992Z,11099,242.2,0,OK,OK,OK
2026-08-15T05:04:16.947628Z,11104,242.2,0,OK,OK,OK
2026-08-15T05:04:22.452220Z,11100,242.2,0,OK,OK,OK
2026-08-15T05:04:28.002698Z,11100,242.2,0,OK,OK,OK
2026-08-15T05:04:33.479402Z,11099,242.2,0,OK,OK,OK
2026-08-15T05:04:39.001251Z,11101,242.2,0,OK,OK,OK
2026-08-15T05:04:44.509267Z,11106,242.2,0,OK,OK,OK
2026-08-15T05:04:50.044848Z,11101,242.2,0,OK,OK,OK
2026-08-15T05:04:55.506082Z,11094,242.1,0,OK,OK,OK
2026-08-15T05:05:01.000674Z,11106,242.3,0,OK,OK,OK
2026-08-15T05:05:06.501570Z,11102,242.2,0,OK,OK,OK
2026-08-15T05:05:12.021101Z,11098,242.1,0,OK,OK,OK
2026-08-15T05:05:17.539893Z,11107,242.3,0,OK,OK,OK
2026-08-15T05:05:23.065469Z,21412,235.4,0,OK,OK,OK
2026-08-15T05:05:28.542611Z,12445,241.6,0,OK,OK,OK
2026-08-15T05:05:34.012682Z,12478,241.5,0,OK,OK,OK
2026-08-15T05:05:39.562274Z,12461,241.5,0,OK,OK,OK
2026-08-15T05:05:45.094093Z,12471,241.6,0,OK,OK,OK
2026-08-15T05:05:50.598731Z,12455,241.6,0,OK,OK,OK
2026-08-15T05:05:56.099963Z,12458,241.7,0,OK,OK,OK
2026-08-15T05:06:01.749378Z,12535,241.8,0,OK,OK,OK
2026-08-15T05:06:07.248513Z,12504,241.7,0,OK,OK,OK
2026-08-15T05:06:12.747942Z,12509,241.6,0,OK,OK,OK
2026-08-15T05:06:18.261520Z,12503,241.6,0,OK,OK,OK
2026-08-15T05:06:23.791910Z,12536,241.7,0,OK,OK,OK
2026-08-15T05:06:29.279935Z,12486,241.6,0,OK,OK,OK
2026-08-15T05:06:34.791048Z,12499,241.6,0,OK,OK,OK
2026-08-15T05:06:40.302580Z,12497,241.5,0,OK,OK,OK
2026-08-15T05:06:45.795912Z,12491,241.5,0,OK,OK,OK
2026-08-15T05:06:51.285804Z,12500,241.6,0,OK,OK,OK
2026-08-15T05:06:56.799348Z,12512,241.7,0,OK,OK,OK
2026-08-15T05:07:02.361332Z,12520,241.8,0,OK,OK,OK
2026-08-15T05:07:07.866930Z,12508,241.8,0,OK,OK,OK
2026-08-15T05:07:13.370981Z,12523,241.8,0,OK,OK,OK
2026-08-15T05:07:18.893856Z,12513,241.7,0,OK,OK,OK
2026-08-15T05:07:24.475863Z,12495,241.7,0,OK,OK,OK
2026-08-15T05:07:29.986737Z,12502,241.7,0,OK,OK,OK
2026-08-15T05:07:35.496696Z,12496,241.7,0,OK,OK,OK
2026-08-15T05:07:41.027634Z,12513,241.8,0,OK,OK,OK
2026-08-15T05:07:46.506942Z,12502,241.7,0,OK,OK,OK
2026-08-15T05:07:51.988023Z,12513,241.7,0,OK,OK,OK
2026-08-15T05:07:57.529404Z,12426,241.8,0,OK,OK,OK
2026-08-15T05:08:03.047818Z,12417,241.9,0,OK,OK,OK
2026-08-15T05:08:08.569110Z,12431,241.8,0,OK,OK,OK
2026-08-15T05:08:14.059212Z,12425,241.9,0,OK,OK,OK
2026-08-15T05:08:19.560343Z,12422,241.8,0,OK,OK,OK
2026-08-15T05:08:25.088168Z,12446,241.9,0,OK,OK,OK
2026-08-15T05:08:30.570088Z,12412,241.8,0,OK,OK,OK
2026-08-15T05:08:36.094995Z,12404,241.8,0,OK,OK,OK
2026-08-15T05:08:41.566920Z,12402,241.8,0,OK,OK,OK
2026-08-15T05:08:47.089162Z,12417,241.9,0,OK,OK,OK
2026-08-15T05:08:52.662281Z,12426,241.9,0,OK,OK,OK
2026-08-15T05:08:58.174976Z,12396,241.9,0,OK,OK,OK
2026-08-15T05:09:03.651604Z,12428,241.9,0,OK,OK,OK
2026-08-15T05:09:09.141700Z,12431,241.9,0,OK,OK,OK
2026-08-15T05:09:14.633060Z,12425,241.7,0,OK,OK,OK
2026-08-15T05:09:20.181848Z,12415,241.9,0,OK,OK,OK
2026-08-15T05:09:25.662371Z,12426,241.9,0,OK,OK,OK
2026-08-15T05:09:31.265534Z,12420,241.8,0,OK,OK,OK
2026-08-15T05:09:36.738342Z,12443,241.8,0,OK,OK,OK
2026-08-15T05:09:42.230030Z,12413,241.8,0,OK,OK,OK
2026-08-15T05:09:47.734517Z,12416,241.8,0,OK,OK,OK
2026-08-15T05:09:53.252399Z,12398,241.9,0,OK,OK,OK
2026-08-15T05:09:58.749291Z,12412,241.9,0,OK,OK,OK
2026-08-15T05:10:04.212367Z,12408,241.7,0,OK,OK,OK
2026-08-15T05:10:09.759004Z,12404,241.9,0,OK,OK,OK
2026-08-15T05:10:15.290003Z,12402,241.7,0,OK,OK,OK
2026-08-15T05:10:20.773405Z,12412,241.9,0,OK,OK,OK
2026-08-15T05:10:26.270635Z,12407,241.8,0,OK,OK,OK
2026-08-15T05:10:31.780238Z,12418,241.8,0,OK,OK,OK
2026-08-15T05:10:37.263286Z,12412,241.8,0,OK,OK,OK
2026-08-15T05:10:42.864701Z,12409,241.8,0,OK,OK,OK
2026-08-15T05:10:48.343264Z,12412,241.8,0,OK,OK,OK
2026-08-15T05:10:53.866621Z,12422,241.7,0,OK,OK,OK
2026-08-15T05:10:59.375193Z,12393,241.7,0,OK,OK,OK
2026-08-15T05:11:04.852098Z,12441,241.6,0,OK,OK,OK
2026-08-15T05:11:10.356006Z,12323,241.4,0,OK,OK,OK
2026-08-15T05:11:15.915640Z,12522,241.4,0,OK,OK,OK
2026-08-15T05:11:21.435268Z,12510,241.4,0,OK,OK,OK
2026-08-15T05:11:26.940091Z,12505,241.5,0,OK,OK,OK
2026-08-15T05:11:32.451627Z,12507,241.4,0,OK,OK,OK
2026-08-15T05:11:37.963500Z,12524,241.6,0,OK,OK,OK
2026-08-15T05:11:43.510488Z,12525,241.6,0,OK,OK,OK
2026-08-15T05:11:49.020901Z,12535,241.6,0,OK,OK,OK
2026-08-15T05:11:54.566481Z,12534,241.6,0,OK,OK,OK
2026-08-15T05:12:00.070747Z,12531,241.6,0,OK,OK,OK
2026-08-15T05:12:05.596145Z,12540,241.6,0,OK,OK,OK
2026-08-15T05:12:11.126550Z,12514,241.6,0,OK,OK,OK
2026-08-15T05:12:16.615885Z,12520,241.6,0,OK,OK,OK
2026-08-15T05:12:22.151530Z,12503,241.5,0,OK,OK,OK
2026-08-15T05:12:27.679100Z,12510,241.6,0,OK,OK,OK
2026-08-15T05:12:33.210761Z,12504,241.6,0,OK,OK,OK
2026-08-15T05:12:38.702501Z,12395,241.7,0,OK,OK,OK
2026-08-15T05:12:44.220058Z,12404,241.7,0,OK,OK,OK
2026-08-15T05:12:49.786758Z,12408,241.7,0,OK,OK,OK
2026-08-15T05:12:55.289821Z,12411,241.7,0,OK,OK,OK
2026-08-15T05:13:00.776673Z,12417,241.7,0,OK,OK,OK
2026-08-15T05:13:06.277637Z,12419,241.7,0,OK,OK,OK
2026-08-15T05:13:11.781411Z,12443,241.7,0,OK,OK,OK
2026-08-15T05:13:17.275221Z,12468,241.8,0,OK,OK,OK
2026-08-15T05:13:22.785747Z,12466,241.8,0,OK,OK,OK
2026-08-15T05:13:28.334709Z,12522,241.9,0,OK,OK,OK
2026-08-15T05:13:33.823039Z,12461,241.8,0,OK,OK,OK
2026-08-15T05:13:39.345597Z,12454,241.7,0,OK,OK,OK
2026-08-15T05:13:44.857592Z,12450,241.8,0,OK,OK,OK
2026-08-15T05:13:50.330804Z,12451,241.8,0,OK,OK,OK
2026-08-15T05:13:55.817853Z,12454,241.8,0,OK,OK,OK
2026-08-15T05:14:01.309994Z,12462,241.8,0,OK,OK,OK
2026-08-15T05:14:06.802115Z,12457,241.9,0,OK,OK,OK
2026-08-15T05:14:12.279616Z,12461,241.9,0,OK,OK,OK
2026-08-15T05:14:17.807351Z,12456,242.0,0,OK,OK,OK
2026-08-15T05:14:23.304032Z,12461,241.9,0,OK,OK,OK
2026-08-15T05:14:28.808312Z,12450,242.0,0,OK,OK,OK
2026-08-15T05:14:34.300372Z,12450,242.0,0,OK,OK,OK
2026-08-15T05:14:39.772518Z,12457,242.0,0,OK,OK,OK
2026-08-15T05:14:45.323698Z,12448,242.0,0,OK,OK,OK
2026-08-15T05:14:50.860421Z,12440,241.9,0,OK,OK,OK
2026-08-15T05:14:56.379224Z,12448,242.0,0,OK,OK,OK
2026-08-15T05:15:01.914639Z,12457,242.0,0,OK,OK,OK
2026-08-15T05:15:07.426529Z,12464,242.0,0,OK,OK,OK
2026-08-15T05:15:12.943064Z,12471,242.0,0,OK,OK,OK
2026-08-15T05:15:18.477034Z,12466,242.0,0,OK,OK,OK
2026-08-15T05:15:23.978871Z,12472,242.0,0,OK,OK,OK
2026-08-15T05:15:29.463092Z,12457,242.1,0,OK,OK,OK
2026-08-15T05:15:34.957657Z,12465,242.1,0,OK,OK,OK
2026-08-15T05:15:40.455674Z,12468,242.1,0,OK,OK,OK
2026-08-15T05:15:45.939868Z,12459,242.1,0,OK,OK,OK
2026-08-15T05:15:51.456205Z,12458,242.0,0,OK,OK,OK
2026-08-15T05:15:56.953845Z,12472,242.1,0,OK,OK,OK
2026-08-15T05:16:02.464984Z,12456,242.0,0,OK,OK,OK
2026-08-15T05:16:08.035458Z,12459,242.1,0,OK,OK,OK
2026-08-15T05:16:13.556307Z,12455,242.1,0,OK,OK,OK
2026-08-15T05:16:19.044621Z,12453,242.1,0,OK,OK,OK
2026-08-15T05:16:24.579776Z,12447,242.1,0,OK,OK,OK
2026-08-15T05:16:30.068758Z,12444,242.1,0,OK,OK,OK
2026-08-15T05:16:35.557116Z,12452,242.1,0,OK,OK,OK
2026-08-15T05:16:41.125632Z,12445,242.1,0,OK,OK,OK
2026-08-15T05:16:46.642291Z,12451,242.1,0,OK,OK,OK
2026-08-15T05:16:52.144950Z,12452,242.1,0,OK,OK,OK
2026-08-15T05:16:57.604470Z,12447,242.1,0,OK,OK,OK
2026-08-15T05:17:03.094961Z,12443,242.1,0,OK,OK,OK
2026-08-15T05:17:08.615431Z,12451,242.1,0,OK,OK,OK
2026-08-15T05:17:14.155465Z,12465,242.2,0,OK,OK,OK
2026-08-15T05:17:19.660798Z,12465,242.1,0,OK,OK,OK
2026-08-15T05:17:25.188710Z,12532,242.1,0,OK,OK,OK
2026-08-15T05:17:30.702736Z,12460,242.0,0,OK,OK,OK
2026-08-15T05:17:36.229636Z,12460,242.1,0,OK,OK,OK
2026-08-15T05:17:41.729661Z,12459,242.0,0,OK,OK,OK
2026-08-15T05:17:47.243833Z,12454,242.0,0,OK,OK,OK
2026-08-15T05:17:52.748746Z,12457,242.0,0,OK,OK,OK
2026-08-15T05:17:58.253989Z,12456,242.0,0,OK,OK,OK
2026-08-15T05:18:03.759968Z,12450,242.0,0,OK,OK,OK
2026-08-15T05:18:09.268309Z,12447,242.0,0,OK,OK,OK
2026-08-15T05:18:14.788165Z,12442,242.0,0,OK,OK,OK
2026-08-15T05:18:20.271866Z,12440,242.0,0,OK,OK,OK
2026-08-15T05:18:25.765563Z,12469,242.0,0,OK,OK,OK
2026-08-15T05:18:31.299113Z,12437,242.0,0,OK,OK,OK
2026-08-15T05:18:36.793136Z,12442,242.0,0,OK,OK,OK
2026-08-15T05:18:42.311421Z,12432,241.9,0,OK,OK,OK
2026-08-15T05:18:47.793660Z,12437,241.9,0,OK,OK,OK
2026-08-15T05:18:53.313272Z,12430,241.9,0,OK,OK,OK
2026-08-15T05:18:58.789406Z,12435,241.9,0,OK,OK,OK
2026-08-15T05:19:04.265834Z,12456,241.8,0,OK,OK,OK
2026-08-15T05:19:09.800688Z,12446,241.9,0,OK,OK,OK
2026-08-15T05:19:15.294495Z,12457,242.0,0,OK,OK,OK
2026-08-15T05:19:20.769261Z,12456,241.9,0,OK,OK,OK
2026-08-15T05:19:26.294678Z,12463,241.9,0,OK,OK,OK
2026-08-15T05:19:31.820128Z,12454,241.9,0,OK,OK,OK
2026-08-15T05:19:37.291192Z,12456,241.9,0,OK,OK,OK
2026-08-15T05:19:42.804553Z,12441,242.0,0,OK,OK,OK
2026-08-15T05:19:48.320788Z,12457,242.0,0,OK,OK,OK
2026-08-15T05:19:53.805538Z,12442,241.9,0,OK,OK,OK
2026-08-15T05:19:59.312654Z,12439,242.0,0,OK,OK,OK
2026-08-15T05:20:04.825064Z,12429,241.9,0,OK,OK,OK
2026-08-15T05:20:10.354054Z,12420,241.9,0,OK,OK,OK
2026-08-15T05:20:15.870073Z,12418,242.0,0,OK,OK,OK
2026-08-15T05:20:21.376193Z,12438,242.1,0,OK,OK,OK
2026-08-15T05:20:26.883634Z,12423,242.2,0,OK,OK,OK
2026-08-15T05:20:32.432535Z,12442,242.2,0,OK,OK,OK
2026-08-15T05:20:37.951165Z,12447,242.2,0,OK,OK,OK
2026-08-15T05:20:43.462022Z,12433,242.2,0,OK,OK,OK
2026-08-15T05:20:48.967501Z,12440,242.2,0,OK,OK,OK
2026-08-15T05:20:54.457137Z,12456,242.2,0,OK,OK,OK
2026-08-15T05:20:59.961593Z,12452,242.1,0,OK,OK,OK
2026-08-15T05:21:05.459978Z,12451,242.2,0,OK,OK,OK
2026-08-15T05:21:10.982460Z,12414,242.2,0,OK,OK,OK
2026-08-15T05:21:16.545762Z,12443,242.2,0,OK,OK,OK
2026-08-15T05:21:22.079721Z,12451,242.2,0,OK,OK,OK
2026-08-15T05:21:27.577686Z,12456,242.2,0,OK,OK,OK
2026-08-15T05:21:33.122402Z,12456,242.2,0,OK,OK,OK
2026-08-15T05:21:38.601351Z,12452,242.2,0,OK,OK,OK
2026-08-15T05:21:44.088292Z,12434,242.2,0,OK,OK,OK
2026-08-15T05:21:49.581531Z,12444,242.2,0,OK,OK,OK
2026-08-15T05:21:55.091056Z,12455,242.2,0,OK,OK,OK
2026-08-15T05:22:00.597224Z,12463,242.2,0,OK,OK,OK
2026-08-15T05:22:06.062187Z,12462,242.2,0,OK,OK,OK
2026-08-15T05:22:11.546792Z,12466,242.2,0,OK,OK,OK
2026-08-15T05:22:17.051193Z,12460,242.2,0,OK,OK,OK
2026-08-15T05:22:22.555061Z,12450,242.2,0,OK,OK,OK
2026-08-15T05:22:28.043027Z,12455,242.2,0,OK,OK,OK
2026-08-15T05:22:33.505057Z,12437,242.2,0,OK,OK,OK
2026-08-15T05:22:39.034317Z,12471,242.2,0,OK,OK,OK
2026-08-15T05:22:44.504664Z,12446,242.2,0,OK,OK,OK
2026-08-15T05:22:50.023897Z,12438,242.2,0,OK,OK,OK
2026-08-15T05:22:55.617838Z,12437,242.2,0,OK,OK,OK
2026-08-15T05:23:01.106822Z,12436,242.2,0,OK,OK,OK
2026-08-15T05:23:06.625705Z,12446,242.2,0,OK,OK,OK
2026-08-15T05:23:12.104291Z,12434,242.2,0,OK,OK,OK
2026-08-15T05:23:17.626434Z,12433,242.2,0,OK,OK,OK
2026-08-15T05:23:23.188985Z,12436,242.2,0,OK,OK,OK
2026-08-15T05:23:28.683544Z,12424,242.2,0,OK,OK,OK
2026-08-15T05:23:34.178375Z,12413,242.2,0,OK,OK,OK
2026-08-15T05:23:39.690787Z,12428,242.2,0,OK,OK,OK
2026-08-15T05:23:45.187303Z,12432,242.2,0,OK,OK,OK
2026-08-15T05:23:50.695165Z,12427,242.2,0,OK,OK,OK
2026-08-15T05:23:56.175626Z,12421,242.2,0,OK,OK,OK
2026-08-15T05:24:01.686917Z,12431,242.2,0,OK,OK,OK
2026-08-15T05:24:07.147692Z,12426,242.2,0,OK,OK,OK
2026-08-15T05:24:12.671087Z,12436,242.1,0,OK,OK,OK
2026-08-15T05:24:18.144403Z,12414,242.1,0,OK,OK,OK
2026-08-15T05:24:23.642980Z,12518,242.0,0,OK,OK,OK
2026-08-15T05:24:29.140787Z,12530,242.1,0,OK,OK,OK
2026-08-15T05:24:34.632709Z,12523,242.0,0,OK,OK,OK
2026-08-15T05:24:40.122315Z,12526,242.0,0,OK,OK,OK
2026-08-15T05:24:45.623507Z,12537,241.9,0,OK,OK,OK
2026-08-15T05:24:51.122832Z,12534,242.0,0,OK,OK,OK
2026-08-15T05:24:56.644143Z,12524,242.0,0,OK,OK,OK
2026-08-15T05:25:02.177908Z,12540,242.1,0,OK,OK,OK
2026-08-15T05:25:07.715511Z,12536,242.1,0,OK,OK,OK
2026-08-15T05:25:13.207286Z,12533,242.1,0,OK,OK,OK
2026-08-15T05:25:18.748273Z,12525,242.1,0,OK,OK,OK
2026-08-15T05:25:24.250562Z,12522,242.1,0,OK,OK,OK
2026-08-15T05:25:29.745038Z,12521,242.1,0,OK,OK,OK
2026-08-15T05:25:35.235412Z,12515,242.1,0,OK,OK,OK
2026-08-15T05:25:40.718438Z,12511,242.1,0,OK,OK,OK
2026-08-15T05:25:46.222153Z,12490,241.8,0,OK,OK,OK
2026-08-15T05:25:51.710399Z,12508,242.0,0,OK,OK,OK
2026-08-15T05:25:57.217921Z,12508,242.1,0,OK,OK,OK
2026-08-15T05:26:02.708043Z,12515,242.1,0,OK,OK,OK
2026-08-15T05:26:08.208165Z,12504,242.1,0,OK,OK,OK
2026-08-15T05:26:13.735324Z,12514,242.1,0,OK,OK,OK
2026-08-15T05:26:19.272070Z,12509,242.1,0,OK,OK,OK
2026-08-15T05:26:24.786421Z,12503,242.1,0,OK,OK,OK
2026-08-15T05:26:30.350878Z,12499,242.0,0,OK,OK,OK
2026-08-15T05:26:35.866834Z,12504,242.0,0,OK,OK,OK
2026-08-15T05:26:41.353353Z,12500,242.1,0,OK,OK,OK
2026-08-15T05:26:46.882246Z,12505,242.0,0,OK,OK,OK
2026-08-15T05:26:52.402360Z,12518,242.0,0,OK,OK,OK
2026-08-15T05:26:57.920896Z,12524,242.1,0,OK,OK,OK
2026-08-15T05:27:03.448497Z,12525,242.2,0,OK,OK,OK
2026-08-15T05:27:08.969193Z,12522,242.1,0,OK,OK,OK
2026-08-15T05:27:14.494253Z,12530,242.1,0,OK,OK,OK
2026-08-15T05:27:19.987566Z,12531,242.2,0,OK,OK,OK
2026-08-15T05:27:25.482557Z,12533,242.2,0,OK,OK,OK
2026-08-15T05:27:31.021707Z,12512,242.1,0,OK,OK,OK
2026-08-15T05:27:36.535886Z,12505,242.1,0,OK,OK,OK
2026-08-15T05:27:42.017422Z,12496,242.1,0,OK,OK,OK
2026-08-15T05:27:47.587809Z,12507,242.2,0,OK,OK,OK
2026-08-15T05:27:53.041519Z,12508,242.2,0,OK,OK,OK
2026-08-15T05:27:58.556016Z,12499,242.2,0,OK,OK,OK
2026-08-15T05:28:04.088219Z,12520,242.2,0,OK,OK,OK
2026-08-15T05:28:09.666025Z,12501,242.1,0,OK,OK,OK
2026-08-15T05:28:15.110938Z,12497,242.1,0,OK,OK,OK
2026-08-15T05:28:20.607759Z,12515,242.2,0,OK,OK,OK
2026-08-15T05:28:26.119441Z,12499,242.2,0,OK,OK,OK
2026-08-15T05:28:31.622078Z,12513,242.2,0,OK,OK,OK
2026-08-15T05:28:37.102720Z,12520,242.2,0,OK,OK,OK
2026-08-15T05:28:42.651390Z,12506,242.2,0,OK,OK,OK
2026-08-15T05:28:48.139256Z,12519,242.2,0,OK,OK,OK
2026-08-15T05:28:53.650317Z,12484,241.7,0,OK,OK,OK
2026-08-15T05:28:59.142045Z,12468,241.3,0,OK,OK,OK
2026-08-15T05:29:04.610613Z,12389,241.2,0,OK,OK,OK
2026-08-15T05:29:10.062620Z,12399,241.2,0,OK,OK,OK
2026-08-15T05:29:15.542838Z,12459,241.3,0,OK,OK,OK
2026-08-15T05:29:21.023903Z,12441,241.3,0,OK,OK,OK
2026-08-15T05:29:26.511095Z,12414,241.2,0,OK,OK,OK
2026-08-15T05:29:32.036573Z,12412,241.3,0,OK,OK,OK
2026-08-15T05:29:37.560108Z,12420,241.3,0,OK,OK,OK
2026-08-15T05:29:43.064524Z,12424,241.2,0,OK,OK,OK
2026-08-15T05:29:48.639638Z,12470,241.3,0,OK,OK,OK
2026-08-15T05:29:54.141068Z,12437,241.3,0,OK,OK,OK
2026-08-15T05:29:59.636530Z,12465,241.4,0,OK,OK,OK
2026-08-15T05:30:05.151355Z,12471,241.3,0,OK,OK,OK
2026-08-15T05:30:10.695406Z,12422,241.3,0,OK,OK,OK
2026-08-15T05:30:16.227632Z,12416,241.2,0,OK,OK,OK
2026-08-15T05:30:21.754582Z,12430,241.3,0,OK,OK,OK
2026-08-15T05:30:27.239310Z,12422,241.2,0,OK,OK,OK
2026-08-15T05:30:32.757304Z,12409,241.2,0,OK,OK,OK
2026-08-15T05:30:38.252102Z,12415,241.2,0,OK,OK,OK
2026-08-15T05:30:43.780239Z,12412,241.2,0,OK,OK,OK
2026-08-15T05:30:49.359051Z,12410,241.2,0,OK,OK,OK
2026-08-15T05:30:54.869736Z,12411,241.2,0,OK,OK,OK
2026-08-15T05:31:00.340077Z,12408,241.2,0,OK,OK,OK
2026-08-15T05:31:05.841850Z,12410,241.2,0,OK,OK,OK
2026-08-15T05:31:11.352112Z,12396,241.2,0,OK,OK,OK
2026-08-15T05:31:16.866084Z,12410,241.2,0,OK,OK,OK
2026-08-15T05:31:22.364455Z,12405,241.2,0,OK,OK,OK
2026-08-15T05:31:27.917372Z,12411,241.2,0,OK,OK,OK
2026-08-15T05:31:33.410439Z,12401,241.2,0,OK,OK,OK
2026-08-15T05:31:38.923779Z,12411,241.2,0,OK,OK,OK
2026-08-15T05:31:44.485141Z,12398,241.2,0,OK,OK,OK
2026-08-15T05:31:50.022105Z,12413,241.2,0,OK,OK,OK
2026-08-15T05:31:55.497791Z,12415,241.2,0,OK,OK,OK
2026-08-15T05:32:01.007573Z,12446,241.2,0,OK,OK,OK
2026-08-15T05:32:06.509591Z,12413,241.2,0,OK,OK,OK
2026-08-15T05:32:12.066659Z,12428,241.2,0,OK,OK,OK
2026-08-15T05:32:17.553906Z,12403,241.2,0,OK,OK,OK
2026-08-15T05:32:23.049214Z,12452,241.2,0,OK,OK,OK
2026-08-15T05:32:28.613868Z,12406,241.2,0,OK,OK,OK
2026-08-15T05:32:34.133015Z,12384,241.2,0,OK,OK,OK
2026-08-15T05:32:39.626678Z,12407,241.1,0,OK,OK,OK
2026-08-15T05:32:45.111248Z,12406,241.2,0,OK,OK,OK
2026-08-15T05:32:50.610888Z,12397,241.1,0,OK,OK,OK
2026-08-15T05:32:56.108417Z,12395,241.2,0,OK,OK,OK
2026-08-15T05:33:01.619289Z,12404,241.2,0,OK,OK,OK
2026-08-15T05:33:07.088410Z,12397,241.2,0,OK,OK,OK
2026-08-15T05:33:12.617092Z,12404,241.2,0,OK,OK,OK
2026-08-15T05:33:18.126124Z,12403,241.2,0,OK,OK,OK
2026-08-15T05:33:23.637026Z,12405,241.2,0,OK,OK,OK
2026-08-15T05:33:29.144482Z,12386,241.1,0,OK,OK,OK
2026-08-15T05:33:34.672618Z,12392,241.2,0,OK,OK,OK
2026-08-15T05:33:40.184640Z,12396,241.2,0,OK,OK,OK
2026-08-15T05:33:45.653001Z,12392,241.2,0,OK,OK,OK
2026-08-15T05:33:51.173106Z,12408,241.2,0,OK,OK,OK
2026-08-15T05:33:56.670340Z,12391,241.1,0,OK,OK,OK
2026-08-15T05:34:02.207387Z,12402,240.9,0,OK,OK,OK
2026-08-15T05:34:07.697098Z,12396,240.9,0,OK,OK,OK
2026-08-15T05:34:13.251343Z,12466,241.4,0,OK,OK,OK
2026-08-15T05:34:18.752445Z,12406,241.4,0,OK,OK,OK
2026-08-15T05:34:24.241354Z,12403,241.5,0,OK,OK,OK
2026-08-15T05:34:29.799608Z,12413,241.5,0,OK,OK,OK
2026-08-15T05:34:35.322888Z,12406,241.5,0,OK,OK,OK
2026-08-15T05:34:40.812270Z,12404,241.6,0,OK,OK,OK
2026-08-15T05:34:46.319168Z,12409,241.5,0,OK,OK,OK
2026-08-15T05:34:51.847699Z,12424,241.5,0,OK,OK,OK
2026-08-15T05:34:57.322586Z,12402,241.5,0,OK,OK,OK
2026-08-15T05:35:02.798981Z,12412,241.5,0,OK,OK,OK
2026-08-15T05:35:08.307044Z,12398,241.5,0,OK,OK,OK
2026-08-15T05:35:13.858511Z,12396,241.5,0,OK,OK,OK
2026-08-15T05:35:19.401451Z,12398,241.5,0,OK,OK,OK
2026-08-15T05:35:24.915906Z,12406,241.5,0,OK,OK,OK
2026-08-15T05:35:30.404565Z,12403,241.5,0,OK,OK,OK
2026-08-15T05:35:35.910100Z,11636,241.9,0,OK,OK,OK
2026-08-15T05:35:41.406021Z,11762,242.2,0,OK,OK,OK
2026-08-15T05:35:46.953054Z,11744,242.2,0,OK,OK,OK
2026-08-15T05:35:52.448097Z,11688,242.2,0,OK,OK,OK
2026-08-15T05:35:57.961114Z,11567,242.2,0,OK,OK,OK
2026-08-15T05:36:03.450498Z,11621,242.2,0,OK,OK,OK
2026-08-15T05:36:08.946108Z,11681,242.2,0,OK,OK,OK
2026-08-15T05:36:14.479873Z,11677,242.2,0,OK,OK,OK
2026-08-15T05:36:19.986227Z,11657,242.2,0,OK,OK,OK
2026-08-15T05:36:25.508395Z,11771,242.2,0,OK,OK,OK
2026-08-15T05:36:30.980756Z,11782,242.2,0,OK,OK,OK
2026-08-15T05:36:36.488976Z,11757,242.2,0,OK,OK,OK
2026-08-15T05:36:41.994972Z,11679,242.3,0,OK,OK,OK
2026-08-15T05:36:47.495211Z,11556,242.2,0,OK,OK,OK
2026-08-15T05:36:53.017025Z,11371,242.4,0,OK,OK,OK
2026-08-15T05:36:58.488676Z,11215,242.6,0,OK,OK,OK
2026-08-15T05:37:03.969314Z,11091,242.7,0,OK,OK,OK
2026-08-15T05:37:09.463556Z,11091,242.8,0,OK,OK,OK
2026-08-15T05:37:14.987114Z,11066,242.8,0,OK,OK,OK
2026-08-15T05:37:20.495466Z,11066,242.8,0,OK,OK,OK
2026-08-15T05:37:25.978347Z,11089,242.8,0,OK,OK,OK
2026-08-15T05:37:31.480121Z,11100,242.7,0,OK,OK,OK
2026-08-15T05:37:37.017219Z,11050,242.8,0,OK,OK,OK
2026-08-15T05:37:42.489122Z,10938,242.8,0,OK,OK,OK
2026-08-15T05:37:47.996556Z,10874,243.0,0,OK,OK,OK
2026-08-15T05:37:53.487788Z,10913,242.9,0,OK,OK,OK
2026-08-15T05:37:58.998158Z,10918,243.0,0,OK,OK,OK
2026-08-15T05:38:04.523222Z,10879,243.0,0,OK,OK,OK
2026-08-15T05:38:10.047843Z,10729,243.0,0,OK,OK,OK
2026-08-15T05:38:15.525302Z,10650,243.0,0,OK,OK,OK
2026-08-15T05:38:21.038931Z,10589,243.0,0,OK,OK,OK
2026-08-15T05:38:26.539933Z,10574,243.0,0,OK,OK,OK
2026-08-15T05:38:32.037545Z,10623,243.0,0,OK,OK,OK
2026-08-15T05:38:37.546977Z,10595,243.0,0,OK,OK,OK
2026-08-15T05:38:43.054792Z,10618,243.0,0,OK,OK,OK
2026-08-15T05:38:48.546496Z,10583,243.0,0,OK,OK,OK
2026-08-15T05:38:53.998406Z,10576,243.2,0,OK,OK,OK
2026-08-15T05:38:59.482804Z,10475,243.2,0,OK,OK,OK
2026-08-15T05:39:04.960533Z,10402,243.2,0,OK,OK,OK
2026-08-15T05:39:10.443486Z,10360,243.2,0,OK,OK,OK
2026-08-15T05:39:15.989032Z,10260,243.3,0,OK,OK,OK
2026-08-15T05:39:21.500319Z,10205,243.4,0,OK,OK,OK
2026-08-15T05:39:27.001106Z,10183,243.4,0,OK,OK,OK
2026-08-15T05:39:32.521481Z,10158,243.4,0,OK,OK,OK
2026-08-15T05:39:37.998161Z,10135,243.4,0,OK,OK,OK
2026-08-15T05:39:43.533324Z,10108,243.4,0,OK,OK,OK
2026-08-15T05:39:49.080070Z,10114,243.4,0,OK,OK,OK
2026-08-15T05:39:54.555386Z,10075,243.3,0,OK,OK,OK
2026-08-15T05:40:00.053955Z,10012,243.4,0,OK,OK,OK
2026-08-15T05:40:05.574762Z,9989,243.4,0,OK,OK,OK
2026-08-15T05:40:11.098751Z,9976,243.4,0,OK,OK,OK
2026-08-15T05:40:16.568271Z,9995,243.4,0,OK,OK,OK
2026-08-15T05:40:22.072156Z,10022,243.4,0,OK,OK,OK
2026-08-15T05:40:27.617790Z,10001,243.4,0,OK,OK,OK
2026-08-15T05:40:33.146739Z,9898,243.4,0,OK,OK,OK
2026-08-15T05:40:38.664678Z,9776,243.4,0,OK,OK,OK
2026-08-15T05:40:44.262023Z,9772,243.4,0,OK,OK,OK
2026-08-15T05:40:49.745797Z,9732,243.4,0,OK,OK,OK
2026-08-15T05:40:55.243880Z,9746,243.4,0,OK,OK,OK
2026-08-15T05:41:00.711249Z,9773,243.4,0,OK,OK,OK
2026-08-15T05:41:06.215786Z,9772,243.4,0,OK,OK,OK
2026-08-15T05:41:11.735742Z,9790,243.5,0,OK,OK,OK
2026-08-15T05:41:17.278603Z,9759,243.4,0,OK,OK,OK
2026-08-15T05:41:22.801448Z,9668,243.6,0,OK,OK,OK
2026-08-15T05:41:28.342935Z,9615,243.5,0,OK,OK,OK
2026-08-15T05:41:33.858050Z,9530,243.6,0,OK,OK,OK
2026-08-15T05:41:39.339799Z,9488,243.6,0,OK,OK,OK
2026-08-15T05:41:44.859208Z,9524,243.5,0,OK,OK,OK
2026-08-15T05:41:50.384871Z,9558,243.6,0,OK,OK,OK
2026-08-15T05:41:55.923884Z,9580,243.6,0,OK,OK,OK
2026-08-15T05:42:01.427492Z,9549,243.6,0,OK,OK,OK
2026-08-15T05:42:06.993440Z,9551,243.7,0,OK,OK,OK
2026-08-15T05:42:12.471680Z,9525,243.6,0,OK,OK,OK
2026-08-15T05:42:17.965240Z,9474,243.7,0,OK,OK,OK
2026-08-15T05:42:23.454502Z,9278,243.7,0,OK,OK,OK
2026-08-15T05:42:29.029883Z,9278,243.7,0,OK,OK,OK
2026-08-15T05:42:34.528970Z,9286,243.8,0,OK,OK,OK
2026-08-15T05:42:40.026355Z,9267,243.8,0,OK,OK,OK
2026-08-15T05:42:45.575799Z,9306,243.8,0,OK,OK,OK
2026-08-15T05:42:51.087470Z,9311,243.8,0,OK,OK,OK
2026-08-15T05:42:56.569123Z,9294,243.7,0,OK,OK,OK
2026-08-15T05:43:02.040688Z,9292,243.8,0,OK,OK,OK
2026-08-15T05:43:07.560609Z,9222,243.8,0,OK,OK,OK
2026-08-15T05:43:13.073115Z,9168,243.8,0,OK,OK,OK
2026-08-15T05:43:18.591444Z,9064,243.8,0,OK,OK,OK
2026-08-15T05:43:24.068714Z,8999,244.0,0,OK,OK,OK
2026-08-15T05:43:29.612005Z,9027,243.9,0,OK,OK,OK
2026-08-15T05:43:35.156457Z,9025,244.0,0,OK,OK,OK
2026-08-15T05:43:40.681342Z,9075,243.8,0,OK,OK,OK
2026-08-15T05:43:46.162885Z,9045,243.9,0,OK,OK,OK
2026-08-15T05:43:51.644767Z,9017,243.9,0,OK,OK,OK
2026-08-15T05:43:57.178712Z,8942,244.0,0,OK,OK,OK
2026-08-15T05:44:02.710577Z,8893,244.0,0,OK,OK,OK
2026-08-15T05:44:08.210216Z,8852,243.8,0,OK,OK,OK
2026-08-15T05:44:13.759033Z,8828,244.0,0,OK,OK,OK
2026-08-15T05:44:19.240169Z,8833,244.0,0,OK,OK,OK
2026-08-15T05:44:24.755707Z,8847,244.0,0,OK,OK,OK
2026-08-15T05:44:30.275916Z,8801,244.0,0,OK,OK,OK
2026-08-15T05:44:35.816369Z,8822,243.9,0,OK,OK,OK
2026-08-15T05:44:41.324141Z,8822,243.9,0,OK,OK,OK
2026-08-15T05:44:46.843155Z,8847,243.7,0,OK,OK,OK
2026-08-15T05:44:52.348799Z,8765,243.5,0,OK,OK,OK
2026-08-15T05:44:57.850018Z,8682,243.7,0,OK,OK,OK
2026-08-15T05:45:03.345227Z,8669,243.8,0,OK,OK,OK
2026-08-15T05:45:08.852756Z,8633,243.8,0,OK,OK,OK
2026-08-15T05:45:14.372140Z,8608,243.8,0,OK,OK,OK
2026-08-15T05:45:19.897555Z,8578,243.8,0,OK,OK,OK
2026-08-15T05:45:25.392600Z,8557,244.0,0,OK,OK,OK
2026-08-15T05:45:30.912035Z,8541,243.9,0,OK,OK,OK
2026-08-15T05:45:36.445099Z,8549,244.0,0,OK,OK,OK
2026-08-15T05:45:41.967864Z,8564,244.0,0,OK,OK,OK
2026-08-15T05:45:47.454370Z,8580,244.0,0,OK,OK,OK
2026-08-15T05:45:52.958780Z,8616,244.0,0,OK,OK,OK
2026-08-15T05:45:58.483254Z,8560,244.0,0,OK,OK,OK
2026-08-15T05:46:03.970006Z,8536,244.0,0,OK,OK,OK
2026-08-15T05:46:09.452327Z,8491,244.0,0,OK,OK,OK
2026-08-15T05:46:14.998612Z,8442,244.0,0,OK,OK,OK
2026-08-15T05:46:20.478315Z,8409,244.0,0,OK,OK,OK
2026-08-15T05:46:25.961794Z,8384,244.1,0,OK,OK,OK
2026-08-15T05:46:31.426236Z,8396,244.0,0,OK,OK,OK
2026-08-15T05:46:36.923547Z,8408,244.1,0,OK,OK,OK
2026-08-15T05:46:42.421635Z,8421,244.1,0,OK,OK,OK
2026-08-15T05:46:47.928475Z,8435,244.1,0,OK,OK,OK
2026-08-15T05:46:53.433684Z,8363,244.1,0,OK,OK,OK
2026-08-15T05:46:58.916171Z,8292,244.1,0,OK,OK,OK
2026-08-15T05:47:04.441610Z,8296,244.0,0,OK,OK,OK
2026-08-15T05:47:09.913891Z,8301,244.0,0,OK,OK,OK
2026-08-15T05:47:15.447647Z,8289,244.1,0,OK,OK,OK
2026-08-15T05:47:20.989581Z,8364,244.1,0,OK,OK,OK
2026-08-15T05:47:26.470669Z,8302,244.0,0,OK,OK,OK
2026-08-15T05:47:32.038185Z,8195,244.2,0,OK,OK,OK
2026-08-15T05:47:37.558182Z,8208,244.1,0,OK,OK,OK
2026-08-15T05:47:43.072234Z,8226,244.1,0,OK,OK,OK
2026-08-15T05:47:48.594643Z,8162,244.0,0,OK,OK,OK
2026-08-15T05:47:54.112723Z,8140,244.1,0,OK,OK,OK
2026-08-15T05:47:59.619924Z,8116,244.1,0,OK,OK,OK
2026-08-15T05:48:05.144213Z,8159,244.1,0,OK,OK,OK
2026-08-15T05:48:10.634385Z,8134,244.0,0,OK,OK,OK
2026-08-15T05:48:16.159585Z,8092,244.2,0,OK,OK,OK
2026-08-15T05:48:21.708027Z,8045,244.2,0,OK,OK,OK
2026-08-15T05:48:27.194325Z,8030,244.2,0,OK,OK,OK
2026-08-15T05:48:32.706230Z,8059,244.2,0,OK,OK,OK
2026-08-15T05:48:38.227545Z,8048,244.2,0,OK,OK,OK
2026-08-15T05:48:43.755613Z,8001,244.2,0,OK,OK,OK
2026-08-15T05:48:49.234972Z,7971,244.2,0,OK,OK,OK
2026-08-15T05:48:54.746213Z,7942,244.2,0,OK,OK,OK
2026-08-15T05:49:00.247821Z,7978,244.2,0,OK,OK,OK
2026-08-15T05:49:05.783024Z,8011,244.4,0,OK,OK,OK
2026-08-15T05:49:11.340732Z,7915,244.4,0,OK,OK,OK
2026-08-15T05:49:16.834432Z,7886,244.4,0,OK,OK,OK
2026-08-15T05:49:22.327320Z,7916,244.4,0,OK,OK,OK
2026-08-15T05:49:27.850529Z,7902,244.4,0,OK,OK,OK
2026-08-15T05:49:33.342370Z,7878,244.4,0,OK,OK,OK
2026-08-15T05:49:38.865757Z,7852,244.4,0,OK,OK,OK
2026-08-15T05:49:44.338621Z,7862,244.4,0,OK,OK,OK
2026-08-15T05:49:49.858603Z,7859,244.4,0,OK,OK,OK
2026-08-15T05:49:55.352276Z,7797,244.4,0,OK,OK,OK
2026-08-15T05:50:00.872165Z,7783,244.5,0,OK,OK,OK
2026-08-15T05:50:06.354070Z,7763,244.4,0,OK,OK,OK
2026-08-15T05:50:11.835962Z,7798,244.5,0,OK,OK,OK
2026-08-15T05:50:17.312402Z,7817,244.5,0,OK,OK,OK
2026-08-15T05:50:22.795761Z,7792,244.5,0,OK,OK,OK
2026-08-15T05:50:28.299455Z,7790,244.5,0,OK,OK,OK
2026-08-15T05:50:33.831191Z,7760,244.3,0,OK,OK,OK
2026-08-15T05:50:39.304501Z,7669,244.5,0,OK,OK,OK
2026-08-15T05:50:44.805825Z,7680,244.4,0,OK,OK,OK
2026-08-15T05:50:50.307360Z,7664,244.5,0,OK,OK,OK
2026-08-15T05:50:55.842561Z,7708,244.4,0,OK,OK,OK
2026-08-15T05:51:01.386099Z,7654,244.3,0,OK,OK,OK
2026-08-15T05:51:06.888855Z,7614,244.3,0,OK,OK,OK
2026-08-15T05:51:12.392076Z,7580,244.4,0,OK,OK,OK
2026-08-15T05:51:17.928752Z,7541,244.3,0,OK,OK,OK
2026-08-15T05:51:23.464950Z,7502,244.4,0,OK,OK,OK
2026-08-15T05:51:28.985709Z,7497,244.4,0,OK,OK,OK
2026-08-15T05:51:34.465582Z,7505,244.3,0,OK,OK,OK
2026-08-15T05:51:39.956211Z,7490,244.3,0,OK,OK,OK
2026-08-15T05:51:45.465293Z,7461,244.3,0,OK,OK,OK
2026-08-15T05:51:50.971177Z,7419,244.3,0,OK,OK,OK
2026-08-15T05:51:56.475535Z,7418,244.4,0,OK,OK,OK
2026-08-15T05:52:01.974696Z,7412,244.4,0,OK,OK,OK
2026-08-15T05:52:07.488294Z,7464,244.4,0,OK,OK,OK
2026-08-15T05:52:12.981486Z,7418,244.3,0,OK,OK,OK
2026-08-15T05:52:18.469775Z,7384,244.4,0,OK,OK,OK
2026-08-15T05:52:23.977585Z,7348,244.4,0,OK,OK,OK
2026-08-15T05:52:29.479549Z,7321,244.5,0,OK,OK,OK
2026-08-15T05:52:34.941384Z,7313,244.5,0,OK,OK,OK
2026-08-15T05:52:40.451500Z,7316,244.3,0,OK,OK,OK
2026-08-15T05:52:45.936885Z,7363,244.3,0,OK,OK,OK
2026-08-15T05:52:51.446506Z,7285,244.3,0,OK,OK,OK
2026-08-15T05:52:56.936023Z,7272,244.4,0,OK,OK,OK
2026-08-15T05:53:02.465425Z,7263,244.3,0,OK,OK,OK
2026-08-15T05:53:07.983398Z,7254,244.4,0,OK,OK,OK
2026-08-15T05:53:13.500722Z,7259,244.4,0,OK,OK,OK
2026-08-15T05:53:18.978178Z,7240,244.4,0,OK,OK,OK
2026-08-15T05:53:24.446356Z,7242,244.3,0,OK,OK,OK
2026-08-15T05:53:29.961717Z,7248,244.4,0,OK,OK,OK
2026-08-15T05:53:35.477425Z,7246,244.3,0,OK,OK,OK
2026-08-15T05:53:40.950383Z,7252,244.3,0,OK,OK,OK
2026-08-15T05:53:46.451989Z,7205,244.4,0,OK,OK,OK
2026-08-15T05:53:51.955404Z,7217,244.6,0,OK,OK,OK
2026-08-15T05:53:57.443647Z,7234,244.6,0,OK,OK,OK
2026-08-15T05:54:02.957727Z,7204,244.6,0,OK,OK,OK
2026-08-15T05:54:08.474540Z,7192,244.4,0,OK,OK,OK
2026-08-15T05:54:13.986702Z,7130,244.5,0,OK,OK,OK
2026-08-15T05:54:19.471121Z,7168,244.6,0,OK,OK,OK
2026-08-15T05:54:24.978700Z,7167,244.6,0,OK,OK,OK
2026-08-15T05:54:30.465840Z,7164,244.5,0,OK,OK,OK
2026-08-15T05:54:35.962502Z,7143,244.6,0,OK,OK,OK
2026-08-15T05:54:41.455568Z,7102,244.6,0,OK,OK,OK
2026-08-15T05:54:46.984063Z,7100,244.6,0,OK,OK,OK
2026-08-15T05:54:52.489382Z,7152,244.6,0,OK,OK,OK
2026-08-15T05:54:58.006027Z,7127,244.6,0,OK,OK,OK
2026-08-15T05:55:03.520818Z,7095,244.6,0,OK,OK,OK
2026-08-15T05:55:08.985766Z,7059,244.5,0,OK,OK,OK
2026-08-15T05:55:14.498414Z,7061,244.6,0,OK,OK,OK
2026-08-15T05:55:19.992480Z,7056,244.7,0,OK,OK,OK
2026-08-15T05:55:25.492800Z,7025,244.6,0,OK,OK,OK
2026-08-15T05:55:31.028369Z,7044,244.6,0,OK,OK,OK
2026-08-15T05:55:36.518318Z,7057,244.6,0,OK,OK,OK
2026-08-15T05:55:42.016885Z,7012,244.5,0,OK,OK,OK
2026-08-15T05:55:47.504204Z,6996,244.5,0,OK,OK,OK
2026-08-15T05:55:53.004066Z,6985,244.4,0,OK,OK,OK
2026-08-15T05:55:58.468568Z,6975,244.6,0,OK,OK,OK
2026-08-15T05:56:03.968538Z,6992,244.5,0,OK,OK,OK
2026-08-15T05:56:09.441358Z,7001,244.5,0,OK,OK,OK
2026-08-15T05:56:14.997963Z,7012,244.6,0,OK,OK,OK
2026-08-15T05:56:20.477876Z,7033,244.6,0,OK,OK,OK
2026-08-15T05:56:25.959901Z,6983,244.6,0,OK,OK,OK
2026-08-15T05:56:31.438720Z,6952,244.6,0,OK,OK,OK
2026-08-15T05:56:37.024765Z,6927,244.7,0,OK,OK,OK
2026-08-15T05:56:42.483436Z,6986,244.6,0,OK,OK,OK
2026-08-15T05:56:47.965929Z,6930,244.6,0,OK,OK,OK
2026-08-15T05:56:53.494754Z,6886,244.6,0,OK,OK,OK
2026-08-15T05:56:58.982114Z,6878,244.7,0,OK,OK,OK
2026-08-15T05:57:04.472026Z,6899,244.6,0,OK,OK,OK
2026-08-15T05:57:10.014332Z,6920,244.6,0,OK,OK,OK
2026-08-15T05:57:15.542160Z,6882,244.6,0,OK,OK,OK
2026-08-15T05:57:21.026167Z,6865,244.7,0,OK,OK,OK
2026-08-15T05:57:26.485349Z,6915,244.7,0,OK,OK,OK
2026-08-15T05:57:31.979018Z,6851,244.6,0,OK,OK,OK
2026-08-15T05:57:37.449989Z,6816,244.6,0,OK,OK,OK
2026-08-15T05:57:42.935134Z,6834,244.6,0,OK,OK,OK
2026-08-15T05:57:48.396900Z,6861,244.5,0,OK,OK,OK
2026-08-15T05:57:53.904896Z,6794,244.7,0,OK,OK,OK
2026-08-15T05:57:59.464969Z,6786,244.7,0,OK,OK,OK
2026-08-15T05:58:04.980853Z,6833,244.7,0,OK,OK,OK
2026-08-15T05:58:10.471683Z,6793,244.7,0,OK,OK,OK
2026-08-15T05:58:16.021143Z,6776,244.6,0,OK,OK,OK
2026-08-15T05:58:21.514256Z,6781,244.5,0,OK,OK,OK
2026-08-15T05:58:27.045173Z,6760,244.4,0,OK,OK,OK
2026-08-15T05:58:32.540680Z,6742,244.4,0,OK,OK,OK
2026-08-15T05:58:38.053817Z,6743,244.5,0,OK,OK,OK
2026-08-15T05:58:43.606925Z,6739,244.4,0,OK,OK,OK
2026-08-15T05:58:49.131829Z,6712,244.6,0,OK,OK,OK
2026-08-15T05:58:54.648582Z,6760,244.5,0,OK,OK,OK
2026-08-15T05:59:00.158511Z,6731,244.5,0,OK,OK,OK
2026-08-15T05:59:05.666194Z,6718,244.6,0,OK,OK,OK
2026-08-15T05:59:11.186621Z,6698,244.5,0,OK,OK,OK
2026-08-15T05:59:16.707635Z,6686,244.7,0,OK,OK,OK
2026-08-15T05:59:22.206031Z,6708,244.5,0,OK,OK,OK
2026-08-15T05:59:27.697075Z,6665,244.5,0,OK,OK,OK
2026-08-15T05:59:33.219652Z,6670,244.4,0,OK,OK,OK
2026-08-15T05:59:38.709804Z,6618,244.6,0,OK,OK,OK
2026-08-15T05:59:44.180784Z,6635,244.6,0,OK,OK,OK
2026-08-15T05:59:49.665128Z,6642,244.7,0,OK,OK,OK
2026-08-15T05:59:55.152023Z,6633,244.7,0,OK,OK,OK
2026-08-15T06:00:00.626599Z,6622,244.7,0,OK,OK,OK
2026-08-15T06:00:06.136529Z,6601,244.5,0,OK,OK,OK
2026-08-15T06:00:11.666984Z,6593,244.4,0,OK,OK,OK
2026-08-15T06:00:17.164907Z,6598,244.6,0,OK,OK,OK
2026-08-15T06:00:22.673602Z,6608,244.6,0,OK,OK,OK
2026-08-15T06:00:28.203263Z,6410,244.7,0,OK,OK,OK
2026-08-15T06:00:33.682540Z,6401,244.7,0,OK,OK,OK
2026-08-15T06:00:39.172026Z,6449,244.8,0,OK,OK,OK
2026-08-15T06:00:44.702067Z,6419,244.8,0,OK,OK,OK
2026-08-15T06:00:50.203520Z,6435,244.8,0,OK,OK,OK
2026-08-15T06:00:55.714659Z,6435,244.8,0,OK,OK,OK
2026-08-15T06:01:01.225815Z,6420,244.9,0,OK,OK,OK
2026-08-15T06:01:06.727847Z,6428,244.9,0,OK,OK,OK
2026-08-15T06:01:12.215106Z,6402,244.9,0,OK,OK,OK
2026-08-15T06:01:17.685672Z,6400,244.9,0,OK,OK,OK
2026-08-15T06:01:23.173584Z,4977,245.6,0,OK,OK,OK
2026-08-15T06:01:28.620423Z,4953,245.6,0,OK,OK,OK
2026-08-15T06:01:34.129583Z,4944,245.6,0,OK,OK,OK
2026-08-15T06:01:39.620552Z,4933,245.7,0,OK,OK,OK
2026-08-15T06:01:45.102865Z,4939,245.7,0,OK,OK,OK
2026-08-15T06:01:50.541602Z,4921,245.7,0,OK,OK,OK
2026-08-15T06:01:56.032558Z,4908,245.7,0,OK,OK,OK
2026-08-15T06:02:01.543686Z,4886,245.7,0,OK,OK,OK
2026-08-15T06:02:07.002521Z,4876,245.7,0,OK,OK,OK
2026-08-15T06:02:12.475169Z,4934,245.7,0,OK,OK,OK
2026-08-15T06:02:17.960720Z,4868,245.7,0,OK,OK,OK
2026-08-15T06:02:23.480995Z,4878,245.6,0,OK,OK,OK
2026-08-15T06:02:28.990475Z,4859,245.7,0,OK,OK,OK
2026-08-15T06:02:34.517843Z,4824,245.7,0,OK,OK,OK
2026-08-15T06:02:40.027761Z,4839,245.7,0,OK,OK,OK
2026-08-15T06:02:45.527672Z,4845,245.7,0,OK,OK,OK
2026-08-15T06:02:51.014005Z,4856,245.6,0,OK,OK,OK
2026-08-15T06:02:56.519080Z,4810,245.7,0,OK,OK,OK
2026-08-15T06:03:02.035930Z,4812,245.7,0,OK,OK,OK
2026-08-15T06:03:07.522822Z,4809,245.7,0,OK,OK,OK
2026-08-15T06:03:13.026231Z,4825,245.7,0,OK,OK,OK
2026-08-15T06:03:18.501105Z,4817,245.7,0,OK,OK,OK
2026-08-15T06:03:23.960314Z,4802,245.6,0,OK,OK,OK
2026-08-15T06:03:29.484542Z,4792,245.7,0,OK,OK,OK
2026-08-15T06:03:34.907496Z,4788,245.7,0,OK,OK,OK
2026-08-15T06:03:40.403740Z,4803,245.7,0,OK,OK,OK
2026-08-15T06:03:45.886568Z,4764,245.7,0,OK,OK,OK
2026-08-15T06:03:51.396795Z,4741,245.7,0,OK,OK,OK
2026-08-15T06:03:56.918755Z,4746,245.7,0,OK,OK,OK
2026-08-15T06:04:02.420881Z,4762,245.7,0,OK,OK,OK
2026-08-15T06:04:07.890131Z,4760,245.7,0,OK,OK,OK
2026-08-15T06:04:13.390899Z,4760,245.7,0,OK,OK,OK
2026-08-15T06:04:18.932613Z,4752,245.7,0,OK,OK,OK
2026-08-15T06:04:24.419625Z,4753,245.7,0,OK,OK,OK
2026-08-15T06:04:29.942919Z,4711,245.7,0,OK,OK,OK
2026-08-15T06:04:35.429230Z,4745,245.7,0,OK,OK,OK
2026-08-15T06:04:40.964367Z,4709,245.7,0,OK,OK,OK
2026-08-15T06:04:46.462888Z,4688,245.7,0,OK,OK,OK
2026-08-15T06:04:51.953701Z,4670,245.7,0,OK,OK,OK
2026-08-15T06:04:57.450876Z,4655,245.7,0,OK,OK,OK
2026-08-15T06:05:03.004833Z,4673,245.7,0,OK,OK,OK
2026-08-15T06:05:08.498607Z,4713,245.7,0,OK,OK,OK
2026-08-15T06:05:14.008047Z,4684,245.7,0,OK,OK,OK
2026-08-15T06:05:19.514881Z,4635,245.8,0,OK,OK,OK
2026-08-15T06:05:25.056214Z,4674,245.7,0,OK,OK,OK
2026-08-15T06:05:30.563633Z,4671,245.7,0,OK,OK,OK
2026-08-15T06:05:36.068474Z,4666,245.5,0,OK,OK,OK
2026-08-15T06:05:41.595367Z,4654,245.5,0,OK,OK,OK
2026-08-15T06:05:47.101944Z,4617,245.6,0,OK,OK,OK
2026-08-15T06:05:52.633362Z,4634,245.5,0,OK,OK,OK
2026-08-15T06:05:58.129951Z,4650,245.6,0,OK,OK,OK
2026-08-15T06:06:03.625916Z,4771,245.5,0,OK,OK,OK
2026-08-15T06:06:09.151692Z,4775,245.6,0,OK,OK,OK
2026-08-15T06:06:14.641074Z,4757,245.6,0,OK,OK,OK
2026-08-15T06:06:20.185340Z,4734,245.6,0,OK,OK,OK
2026-08-15T06:06:25.673787Z,4724,245.6,0,OK,OK,OK
2026-08-15T06:06:31.179935Z,4693,245.6,0,OK,OK,OK
2026-08-15T06:06:36.693647Z,4784,245.5,0,OK,OK,OK
2026-08-15T06:06:42.225384Z,4708,245.5,0,OK,OK,OK
2026-08-15T06:06:47.752480Z,4708,245.5,0,OK,OK,OK
2026-08-15T06:06:53.252233Z,4708,245.5,0,OK,OK,OK
2026-08-15T06:06:58.775329Z,4714,245.6,0,OK,OK,OK
2026-08-15T06:07:04.286288Z,4674,245.6,0,OK,OK,OK
2026-08-15T06:07:09.813713Z,4693,245.6,0,OK,OK,OK
2026-08-15T06:07:15.339542Z,4645,245.6,0,OK,OK,OK
2026-08-15T06:07:20.816618Z,4673,245.4,0,OK,OK,OK
2026-08-15T06:07:26.327216Z,4123,245.7,0,OK,OK,OK
2026-08-15T06:07:31.849890Z,4062,245.8,0,OK,OK,OK
2026-08-15T06:07:37.353671Z,4119,245.7,0,OK,OK,OK
2026-08-15T06:07:42.837648Z,4106,245.8,0,OK,OK,OK
2026-08-15T06:07:48.330395Z,4084,245.9,0,OK,OK,OK
2026-08-15T06:07:53.783390Z,4184,245.8,0,OK,OK,OK
2026-08-15T06:07:59.308734Z,4194,245.8,0,OK,OK,OK
2026-08-15T06:08:04.830561Z,5518,245.3,0,OK,OK,OK
2026-08-15T06:08:10.375749Z,5565,245.3,0,OK,OK,OK
2026-08-15T06:08:15.847847Z,5588,245.4,0,OK,OK,OK
2026-08-15T06:08:21.373320Z,5574,245.3,0,OK,OK,OK
2026-08-15T06:08:26.861973Z,5577,245.3,0,OK,OK,OK
2026-08-15T06:08:32.358791Z,5563,245.1,0,OK,OK,OK
2026-08-15T06:08:37.901917Z,5587,245.1,0,OK,OK,OK
2026-08-15T06:08:43.379869Z,5613,245.1,0,OK,OK,OK
2026-08-15T06:08:48.881535Z,5597,245.0,0,OK,OK,OK
2026-08-15T06:08:54.390589Z,5598,245.0,0,OK,OK,OK
2026-08-15T06:08:59.906699Z,5593,245.0,0,OK,OK,OK
2026-08-15T06:09:05.421998Z,5586,245.0,0,OK,OK,OK
2026-08-15T06:09:10.943248Z,5547,245.0,0,OK,OK,OK
2026-08-15T06:09:16.483908Z,5532,245.1,0,OK,OK,OK
2026-08-15T06:09:22.009119Z,5577,245.0,0,OK,OK,OK
2026-08-15T06:09:27.535263Z,5558,245.1,0,OK,OK,OK
2026-08-15T06:09:33.065901Z,5534,245.1,0,OK,OK,OK
2026-08-15T06:09:38.584548Z,5572,245.1,0,OK,OK,OK
2026-08-15T06:09:44.100602Z,5551,245.1,0,OK,OK,OK
2026-08-15T06:09:49.619005Z,5545,245.1,0,OK,OK,OK
2026-08-15T06:09:55.137658Z,5543,245.2,0,OK,OK,OK
2026-08-15T06:10:00.640405Z,5532,245.3,0,OK,OK,OK
2026-08-15T06:10:06.124026Z,5542,245.2,0,OK,OK,OK
2026-08-15T06:10:11.612411Z,5528,245.2,0,OK,OK,OK
2026-08-15T06:10:17.092604Z,5518,245.1,0,OK,OK,OK
2026-08-15T06:10:22.616922Z,5488,245.2,0,OK,OK,OK
2026-08-15T06:10:28.123553Z,5507,245.1,0,OK,OK,OK
2026-08-15T06:10:33.607886Z,5501,245.1,0,OK,OK,OK
2026-08-15T06:10:39.149804Z,5488,245.1,0,OK,OK,OK
2026-08-15T06:10:44.647431Z,5504,245.0,0,OK,OK,OK
2026-08-15T06:10:50.179563Z,5482,245.2,0,OK,OK,OK
2026-08-15T06:10:55.713574Z,5490,245.2,0,OK,OK,OK
2026-08-15T06:11:01.208012Z,5445,245.2,0,OK,OK,OK
2026-08-15T06:11:06.694532Z,5451,245.4,0,OK,OK,OK
2026-08-15T06:11:12.232787Z,5439,245.2,0,OK,OK,OK
2026-08-15T06:11:17.803835Z,5452,245.4,0,OK,OK,OK
2026-08-15T06:11:23.286319Z,5490,245.4,0,OK,OK,OK
2026-08-15T06:11:28.804877Z,5463,245.4,0,OK,OK,OK
2026-08-15T06:11:34.305419Z,5457,245.4,0,OK,OK,OK
2026-08-15T06:11:39.814669Z,5438,245.4,0,OK,OK,OK
2026-08-15T06:11:45.286286Z,5427,245.4,0,OK,OK,OK
2026-08-15T06:11:50.814769Z,5401,245.4,0,OK,OK,OK
2026-08-15T06:11:56.318104Z,5407,245.4,0,OK,OK,OK
2026-08-15T06:12:01.832674Z,5402,245.4,0,OK,OK,OK
2026-08-15T06:12:07.340040Z,5399,245.4,0,OK,OK,OK
2026-08-15T06:12:12.783543Z,5433,245.5,0,OK,OK,OK
2026-08-15T06:12:18.302954Z,5401,245.5,0,OK,OK,OK
2026-08-15T06:12:23.769240Z,5433,245.5,0,OK,OK,OK
2026-08-15T06:12:29.240453Z,5433,245.5,0,OK,OK,OK
2026-08-15T06:12:34.747142Z,5428,245.5,0,OK,OK,OK
2026-08-15T06:12:40.264931Z,5388,245.5,0,OK,OK,OK
2026-08-15T06:12:45.768033Z,5401,245.5,0,OK,OK,OK
2026-08-15T06:12:51.283351Z,5408,245.5,0,OK,OK,OK
2026-08-15T06:12:56.784021Z,5390,245.5,0,OK,OK,OK
2026-08-15T06:13:02.274942Z,5384,245.5,0,OK,OK,OK
2026-08-15T06:13:07.789343Z,5382,245.5,0,OK,OK,OK
2026-08-15T06:13:13.287488Z,5396,245.5,0,OK,OK,OK
2026-08-15T06:13:18.828331Z,5393,245.5,0,OK,OK,OK
2026-08-15T06:13:24.357275Z,5387,245.5,0,OK,OK,OK
2026-08-15T06:13:29.882229Z,5359,245.5,0,OK,OK,OK
2026-08-15T06:13:35.380547Z,5351,245.5,0,OK,OK,OK
2026-08-15T06:13:40.881643Z,5328,245.6,0,OK,OK,OK
2026-08-15T06:13:46.369191Z,5364,245.5,0,OK,OK,OK
2026-08-15T06:13:51.848961Z,5354,245.6,0,OK,OK,OK
2026-08-15T06:13:57.364784Z,5348,245.6,0,OK,OK,OK
2026-08-15T06:14:02.869552Z,5324,245.6,0,OK,OK,OK
2026-08-15T06:14:08.365217Z,5327,245.6,0,OK,OK,OK
2026-08-15T06:14:13.887703Z,5342,245.5,0,OK,OK,OK
2026-08-15T06:14:19.407603Z,5337,245.6,0,OK,OK,OK
2026-08-15T06:14:24.941241Z,5309,245.6,0,OK,OK,OK
2026-08-15T06:14:30.438363Z,5339,245.6,0,OK,OK,OK
2026-08-15T06:14:35.932904Z,5312,245.6,0,OK,OK,OK
2026-08-15T06:14:41.453157Z,5279,245.6,0,OK,OK,OK
2026-08-15T06:14:46.934873Z,5302,245.6,0,OK,OK,OK
2026-08-15T06:14:52.350716Z,5305,245.7,0,OK,OK,OK
2026-08-15T06:14:57.904550Z,5283,245.7,0,OK,OK,OK
2026-08-15T06:15:03.373344Z,4059,246.1,0,OK,OK,OK
2026-08-15T06:15:08.907401Z,4035,246.2,0,OK,OK,OK
2026-08-15T06:15:14.404023Z,4012,244.9,0,OK,OK,OK
2026-08-15T06:15:19.979366Z,4022,245.2,0,OK,OK,OK
2026-08-15T06:15:25.442358Z,4016,245.3,0,OK,OK,OK
2026-08-15T06:15:30.929797Z,4030,245.3,0,OK,OK,OK
2026-08-15T06:15:36.431609Z,4053,245.4,0,OK,OK,OK
2026-08-15T06:15:41.901704Z,4038,245.4,0,OK,OK,OK
2026-08-15T06:15:47.389570Z,4037,245.2,0,OK,OK,OK
2026-08-15T06:15:52.869249Z,4037,245.4,0,OK,OK,OK
2026-08-15T06:15:58.352038Z,4044,245.4,0,OK,OK,OK
2026-08-15T06:16:03.856148Z,4041,245.4,0,OK,OK,OK
2026-08-15T06:16:09.372582Z,4049,245.3,0,OK,OK,OK
2026-08-15T06:16:14.841238Z,4042,245.4,0,OK,OK,OK
2026-08-15T06:16:20.355900Z,4044,245.3,0,OK,OK,OK
2026-08-15T06:16:25.863474Z,4047,245.4,0,OK,OK,OK
2026-08-15T06:16:31.340179Z,4046,245.4,0,OK,OK,OK
2026-08-15T06:16:36.872353Z,4040,245.3,0,OK,OK,OK
2026-08-15T06:16:42.368364Z,4088,245.3,0,OK,OK,OK
2026-08-15T06:16:47.922245Z,4042,245.4,0,OK,OK,OK
2026-08-15T06:16:53.410859Z,4053,245.3,0,OK,OK,OK
2026-08-15T06:16:58.956881Z,4038,245.5,0,OK,OK,OK
2026-08-15T06:17:04.459105Z,4038,245.4,0,OK,OK,OK
2026-08-15T06:17:09.962987Z,4061,245.5,0,OK,OK,OK
2026-08-15T06:17:15.461579Z,4054,245.5,0,OK,OK,OK
2026-08-15T06:17:20.958923Z,4051,245.5,0,OK,OK,OK
2026-08-15T06:17:26.468962Z,4038,245.5,0,OK,OK,OK
2026-08-15T06:17:31.963149Z,4039,245.5,0,OK,OK,OK
2026-08-15T06:17:37.469447Z,4040,245.5,0,OK,OK,OK
2026-08-15T06:17:42.988171Z,4043,245.5,0,OK,OK,OK
2026-08-15T06:17:48.510703Z,4057,245.5,0,OK,OK,OK
2026-08-15T06:17:54.033152Z,4044,245.3,0,OK,OK,OK
2026-08-15T06:17:59.511345Z,4046,245.4,0,OK,OK,OK
2026-08-15T06:18:05.066083Z,4032,245.4,0,OK,OK,OK
2026-08-15T06:18:10.608732Z,4040,245.4,0,OK,OK,OK
2026-08-15T06:18:16.142314Z,4042,245.4,0,OK,OK,OK
2026-08-15T06:18:21.665029Z,4042,245.5,0,OK,OK,OK
2026-08-15T06:18:27.139389Z,4036,245.4,0,OK,OK,OK
2026-08-15T06:18:32.662980Z,4035,245.5,0,OK,OK,OK
2026-08-15T06:18:38.156768Z,4039,245.5,0,OK,OK,OK
2026-08-15T06:18:43.680827Z,4047,245.5,0,OK,OK,OK
2026-08-15T06:18:49.218873Z,4050,245.5,0,OK,OK,OK
2026-08-15T06:18:54.690705Z,4048,245.6,0,OK,OK,OK
2026-08-15T06:19:00.227928Z,4052,245.5,0,OK,OK,OK
2026-08-15T06:19:05.761127Z,4038,245.5,0,OK,OK,OK
2026-08-15T06:19:11.277141Z,4037,245.5,0,OK,OK,OK
2026-08-15T06:19:16.842228Z,4040,245.6,0,OK,OK,OK
2026-08-15T06:19:22.328323Z,4057,245.7,0,OK,OK,OK
2026-08-15T06:19:27.850569Z,4045,245.7,0,OK,OK,OK
2026-08-15T06:19:33.335370Z,4072,245.5,0,OK,OK,OK
2026-08-15T06:19:38.800832Z,4039,245.5,0,OK,OK,OK
2026-08-15T06:19:44.320231Z,2648,246.1,0,OK,OK,OK
2026-08-15T06:19:49.856595Z,2639,246.2,0,OK,OK,OK
2026-08-15T06:19:55.347546Z,2659,246.7,0,OK,OK,OK
2026-08-15T06:20:00.833992Z,2638,246.7,0,OK,OK,OK
2026-08-15T06:20:06.327515Z,2643,246.7,0,OK,OK,OK
2026-08-15T06:20:11.828471Z,2645,246.7,0,OK,OK,OK
2026-08-15T06:20:17.283202Z,2637,246.7,0,OK,OK,OK
2026-08-15T06:20:22.786699Z,2634,246.7,0,OK,OK,OK
2026-08-15T06:20:28.266664Z,2636,246.7,0,OK,OK,OK
2026-08-15T06:20:33.788916Z,2639,246.7,0,OK,OK,OK
2026-08-15T06:20:39.265597Z,2629,246.7,0,OK,OK,OK
2026-08-15T06:20:44.793683Z,2640,246.7,0,OK,OK,OK
2026-08-15T06:20:50.283540Z,2639,246.7,0,OK,OK,OK
2026-08-15T06:20:55.802150Z,2640,246.7,0,OK,OK,OK
2026-08-15T06:21:01.316119Z,2634,246.7,0,OK,OK,OK
2026-08-15T06:21:06.816046Z,2630,246.7,0,OK,OK,OK
2026-08-15T06:21:12.320836Z,2634,246.7,0,OK,OK,OK
2026-08-15T06:21:17.846046Z,2625,246.7,0,OK,OK,OK
2026-08-15T06:21:23.356308Z,2657,246.9,0,OK,OK,OK
2026-08-15T06:21:28.868453Z,2697,247.0,0,OK,OK,OK
2026-08-15T06:21:34.396190Z,2649,247.0,0,OK,OK,OK
2026-08-15T06:21:39.938231Z,2663,247.0,0,OK,OK,OK
2026-08-15T06:21:45.428511Z,2639,247.0,0,OK,OK,OK
2026-08-15T06:21:50.912755Z,2640,246.9,0,OK,OK,OK
2026-08-15T06:21:56.414591Z,2646,246.9,0,OK,OK,OK
2026-08-15T06:22:01.925058Z,2642,246.9,0,OK,OK,OK
2026-08-15T06:22:07.427968Z,2655,246.9,0,OK,OK,OK
2026-08-15T06:22:12.916383Z,2637,246.9,0,OK,OK,OK
2026-08-15T06:22:18.403261Z,2645,246.9,0,OK,OK,OK
2026-08-15T06:22:23.906878Z,2641,247.0,0,OK,OK,OK
2026-08-15T06:22:29.451825Z,2638,247.1,0,OK,OK,OK
2026-08-15T06:22:34.984974Z,2636,247.1,0,OK,OK,OK
2026-08-15T06:22:40.494748Z,2635,246.9,0,OK,OK,OK
2026-08-15T06:22:46.017086Z,2638,246.9,0,OK,OK,OK
2026-08-15T06:22:51.530831Z,2639,246.9,0,OK,OK,OK
2026-08-15T06:22:57.068078Z,2629,246.9,0,OK,OK,OK
2026-08-15T06:23:02.598525Z,2646,247.2,0,OK,OK,OK
2026-08-15T06:23:08.110568Z,2642,247.0,0,OK,OK,OK
2026-08-15T06:23:13.666947Z,2649,247.0,0,OK,OK,OK
2026-08-15T06:23:19.200212Z,2637,247.2,0,OK,OK,OK
2026-08-15T06:23:24.709338Z,2646,247.0,0,OK,OK,OK
2026-08-15T06:23:30.231594Z,2631,247.2,0,OK,OK,OK
2026-08-15T06:23:35.738187Z,2641,247.2,0,OK,OK,OK
2026-08-15T06:23:41.223220Z,2636,247.1,0,OK,OK,OK
2026-08-15T06:23:46.723609Z,2631,246.9,0,OK,OK,OK
2026-08-15T06:23:52.265799Z,2634,247.1,0,OK,OK,OK
2026-08-15T06:23:57.756533Z,2643,247.1,0,OK,OK,OK
2026-08-15T06:24:03.271937Z,2648,247.1,0,OK,OK,OK
2026-08-15T06:24:08.791075Z,2681,246.9,0,OK,OK,OK
2026-08-15T06:24:14.357369Z,2649,246.9,0,OK,OK,OK
2026-08-15T06:24:19.850654Z,2648,247.1,0,OK,OK,OK
2026-08-15T06:24:25.362912Z,2625,247.1,0,OK,OK,OK
2026-08-15T06:24:30.880162Z,2649,247.1,0,OK,OK,OK
2026-08-15T06:24:36.411187Z,2650,247.1,0,OK,OK,OK
2026-08-15T06:24:41.978687Z,2642,247.2,0,OK,OK,OK
2026-08-15T06:24:47.525007Z,2646,247.1,0,OK,OK,OK
2026-08-15T06:24:53.027709Z,2630,247.1,0,OK,OK,OK
2026-08-15T06:24:58.554596Z,2634,247.0,0,OK,OK,OK
2026-08-15T06:25:04.058808Z,2640,247.1,0,OK,OK,OK
2026-08-15T06:25:09.599863Z,2640,247.1,0,OK,OK,OK
2026-08-15T06:25:15.101892Z,2637,247.3,0,OK,OK,OK
2026-08-15T06:25:20.613030Z,2642,247.1,0,OK,OK,OK
2026-08-15T06:25:26.144783Z,2646,247.0,0,OK,OK,OK
2026-08-15T06:25:31.645075Z,2628,247.0,0,OK,OK,OK
2026-08-15T06:25:37.142597Z,2622,247.0,0,OK,OK,OK
2026-08-15T06:25:42.666096Z,2637,247.0,0,OK,OK,OK
2026-08-15T06:25:48.231484Z,2636,247.1,0,OK,OK,OK
2026-08-15T06:25:53.705556Z,2638,247.0,0,OK,OK,OK
2026-08-15T06:25:59.273971Z,2632,247.1,0,OK,OK,OK
2026-08-15T06:26:04.823173Z,2642,247.2,0,OK,OK,OK
2026-08-15T06:26:10.304870Z,2640,247.1,0,OK,OK,OK
2026-08-15T06:26:15.835661Z,2649,247.1,0,OK,OK,OK
2026-08-15T06:26:21.364940Z,2636,247.1,0,OK,OK,OK
2026-08-15T06:26:26.885366Z,2634,247.1,0,OK,OK,OK
2026-08-15T06:26:32.393835Z,2626,247.1,0,OK,OK,OK
2026-08-15T06:26:37.866291Z,2638,247.1,0,OK,OK,OK
2026-08-15T06:26:43.376798Z,2636,247.2,0,OK,OK,OK
2026-08-15T06:26:48.881860Z,2636,247.0,0,OK,OK,OK
2026-08-15T06:26:54.368677Z,2635,247.4,0,OK,OK,OK
2026-08-15T06:26:59.849360Z,2633,247.4,0,OK,OK,OK
2026-08-15T06:27:05.388445Z,2640,247.4,0,OK,OK,OK
2026-08-15T06:27:10.882435Z,2647,247.3,0,OK,OK,OK
2026-08-15T06:27:16.346326Z,2639,247.3,0,OK,OK,OK
2026-08-15T06:27:21.844070Z,2647,247.3,0,OK,OK,OK
2026-08-15T06:27:27.366444Z,2646,247.3,0,OK,OK,OK
2026-08-15T06:27:32.883529Z,2648,247.3,0,OK,OK,OK
2026-08-15T06:27:38.395486Z,2638,247.3,0,OK,OK,OK
2026-08-15T06:27:43.912922Z,2649,247.3,0,OK,OK,OK
2026-08-15T06:27:49.419665Z,2635,247.3,0,OK,OK,OK
2026-08-15T06:27:54.925155Z,2643,247.4,0,OK,OK,OK
2026-08-15T06:28:00.414882Z,2645,247.4,0,OK,OK,OK
2026-08-15T06:28:05.963167Z,2648,247.4,0,OK,OK,OK
2026-08-15T06:28:11.494373Z,2644,247.4,0,OK,OK,OK
2026-08-15T06:28:17.015540Z,2636,247.5,0,OK,OK,OK
2026-08-15T06:28:22.535637Z,2648,247.4,0,OK,OK,OK
2026-08-15T06:28:28.038334Z,2643,247.4,0,OK,OK,OK
2026-08-15T06:28:33.564876Z,2639,247.3,0,OK,OK,OK
2026-08-15T06:28:39.041141Z,2644,247.3,0,OK,OK,OK
2026-08-15T06:28:44.545124Z,2647,247.4,0,OK,OK,OK
2026-08-15T06:28:50.006677Z,2651,247.4,0,OK,OK,OK
2026-08-15T06:28:55.516019Z,2636,247.4,0,OK,OK,OK
2026-08-15T06:29:00.986146Z,2641,247.4,0,OK,OK,OK
2026-08-15T06:29:06.491615Z,2639,247.4,0,OK,OK,OK
2026-08-15T06:29:11.967810Z,2626,247.4,0,OK,OK,OK
2026-08-15T06:29:17.449317Z,2659,247.5,0,OK,OK,OK
2026-08-15T06:29:22.948183Z,2637,247.5,0,OK,OK,OK
2026-08-15T06:29:28.458731Z,2651,247.5,0,OK,OK,OK
2026-08-15T06:29:33.944534Z,2631,247.4,0,OK,OK,OK
2026-08-15T06:29:39.495289Z,2648,247.5,0,OK,OK,OK
2026-08-15T06:29:44.973311Z,2635,247.5,0,OK,OK,OK
2026-08-15T06:29:50.485204Z,2629,247.5,0,OK,OK,OK
2026-08-15T06:29:55.985704Z,2669,247.4,0,OK,OK,OK
2026-08-15T06:30:01.503097Z,2645,247.4,0,OK,OK,OK
2026-08-15T06:30:06.998056Z,2642,247.5,0,OK,OK,OK
2026-08-15T06:30:12.520750Z,2647,247.3,0,OK,OK,OK
2026-08-15T06:30:18.026932Z,2646,247.4,0,OK,OK,OK
2026-08-15T06:30:23.549846Z,2644,247.3,0,OK,OK,OK
2026-08-15T06:30:29.056915Z,2647,247.1,0,OK,OK,OK
2026-08-15T06:30:34.556289Z,2650,247.2,0,OK,OK,OK
2026-08-15T06:30:40.066653Z,2642,247.1,0,OK,OK,OK
2026-08-15T06:30:45.569077Z,2657,247.2,0,OK,OK,OK
2026-08-15T06:30:51.096143Z,2654,247.1,0,OK,OK,OK
2026-08-15T06:30:56.615739Z,2656,247.2,0,OK,OK,OK
2026-08-15T06:31:02.131673Z,2659,247.1,0,OK,OK,OK
2026-08-15T06:31:07.620334Z,2648,247.2,0,OK,OK,OK
2026-08-15T06:31:13.117987Z,2651,247.2,0,OK,OK,OK
2026-08-15T06:31:18.605862Z,2654,247.1,0,OK,OK,OK
2026-08-15T06:31:24.124011Z,2659,247.1,0,OK,OK,OK
2026-08-15T06:31:29.643181Z,2649,247.1,0,OK,OK,OK
2026-08-15T06:31:35.134690Z,2664,247.2,0,OK,OK,OK
2026-08-15T06:31:40.641583Z,2654,247.2,0,OK,OK,OK
2026-08-15T06:31:46.152333Z,2658,247.2,0,OK,OK,OK
2026-08-15T06:31:51.626356Z,2657,247.1,0,OK,OK,OK
2026-08-15T06:31:57.162267Z,2650,247.1,0,OK,OK,OK
2026-08-15T06:32:02.659565Z,2648,247.3,0,OK,OK,OK
2026-08-15T06:32:08.135836Z,2664,247.1,0,OK,OK,OK
2026-08-15T06:32:13.660790Z,2670,247.1,0,OK,OK,OK
2026-08-15T06:32:19.185838Z,2637,247.2,0,OK,OK,OK
2026-08-15T06:32:24.693647Z,2652,247.1,0,OK,OK,OK
2026-08-15T06:32:30.217633Z,2654,247.3,0,OK,OK,OK
2026-08-15T06:32:35.735215Z,2658,247.1,0,OK,OK,OK
2026-08-15T06:32:41.202831Z,2654,247.2,0,OK,OK,OK
2026-08-15T06:32:46.705060Z,2661,247.2,0,OK,OK,OK
2026-08-15T06:32:52.210021Z,2635,247.2,0,OK,OK,OK
2026-08-15T06:32:57.719085Z,2558,247.2,0,OK,OK,OK
2026-08-15T06:33:03.239090Z,2559,247.2,0,OK,OK,OK
2026-08-15T06:33:08.727741Z,2560,247.2,0,OK,OK,OK
2026-08-15T06:33:14.235890Z,2552,247.2,0,OK,OK,OK
2026-08-15T06:33:19.719543Z,2569,247.2,0,OK,OK,OK
2026-08-15T06:33:25.249698Z,2556,247.2,0,OK,OK,OK
2026-08-15T06:33:30.738200Z,2557,247.2,0,OK,OK,OK
2026-08-15T06:33:36.278605Z,2556,247.2,0,OK,OK,OK
2026-08-15T06:33:41.723677Z,2546,247.2,0,OK,OK,OK
2026-08-15T06:33:47.239844Z,2545,247.2,0,OK,OK,OK
2026-08-15T06:33:52.716204Z,2559,247.2,0,OK,OK,OK
2026-08-15T06:33:58.252635Z,2538,247.2,0,OK,OK,OK
2026-08-15T06:34:03.709438Z,2548,247.2,0,OK,OK,OK
2026-08-15T06:34:09.234203Z,2518,247.2,0,OK,OK,OK
2026-08-15T06:34:14.745561Z,2562,247.2,0,OK,OK,OK
2026-08-15T06:34:20.290216Z,2541,247.2,0,OK,OK,OK
2026-08-15T06:34:25.754333Z,2545,247.2,0,OK,OK,OK
2026-08-15T06:34:31.267320Z,2536,247.2,0,OK,OK,OK
2026-08-15T06:34:36.762434Z,2539,247.2,0,OK,OK,OK
2026-08-15T06:34:42.256279Z,2534,247.2,0,OK,OK,OK
2026-08-15T06:34:47.709987Z,3917,246.5,0,OK,OK,OK
2026-08-15T06:34:53.230485Z,3919,246.6,0,OK,OK,OK
2026-08-15T06:34:58.691324Z,3926,246.6,0,OK,OK,OK
2026-08-15T06:35:04.188242Z,3940,246.6,0,OK,OK,OK
2026-08-15T06:35:09.672333Z,3936,246.5,0,OK,OK,OK
2026-08-15T06:35:15.171521Z,3951,246.5,0,OK,OK,OK
2026-08-15T06:35:20.666340Z,3980,246.5,0,OK,OK,OK
2026-08-15T06:35:26.164298Z,3993,246.5,0,OK,OK,OK
2026-08-15T06:35:31.675975Z,3994,246.5,0,OK,OK,OK
2026-08-15T06:35:37.195044Z,3991,246.7,0,OK,OK,OK
2026-08-15T06:35:42.697821Z,3976,246.2,0,OK,OK,OK
2026-08-15T06:35:48.205729Z,3980,246.3,0,OK,OK,OK
2026-08-15T06:35:53.719406Z,3992,246.3,0,OK,OK,OK
2026-08-15T06:35:59.258962Z,3982,246.2,0,OK,OK,OK
2026-08-15T06:36:04.769092Z,3982,246.2,0,OK,OK,OK
2026-08-15T06:36:10.401284Z,3977,246.2,0,OK,OK,OK
2026-08-15T06:36:15.905521Z,3973,246.2,0,OK,OK,OK
2026-08-15T06:36:21.430685Z,3951,246.2,0,OK,OK,OK
2026-08-15T06:36:26.918079Z,3953,246.2,0,OK,OK,OK
2026-08-15T06:36:32.403651Z,3952,246.2,0,OK,OK,OK
2026-08-15T06:36:37.888639Z,3964,246.3,0,OK,OK,OK
2026-08-15T06:36:43.420422Z,3954,246.3,0,OK,OK,OK
2026-08-15T06:36:48.895529Z,3931,246.2,0,OK,OK,OK
2026-08-15T06:36:54.396608Z,3923,246.3,0,OK,OK,OK
2026-08-15T06:36:59.935035Z,3921,246.2,0,OK,OK,OK
2026-08-15T06:37:05.436547Z,3924,246.3,0,OK,OK,OK
2026-08-15T06:37:10.937030Z,3938,246.3,0,OK,OK,OK
2026-08-15T06:37:16.461637Z,3948,246.2,0,OK,OK,OK
2026-08-15T06:37:21.989989Z,3940,246.2,0,OK,OK,OK
2026-08-15T06:37:27.493734Z,3919,246.3,0,OK,OK,OK
2026-08-15T06:37:33.013766Z,3919,246.3,0,OK,OK,OK
2026-08-15T06:37:38.533045Z,3918,246.3,0,OK,OK,OK
2026-08-15T06:37:44.016061Z,3918,246.3,0,OK,OK,OK
2026-08-15T06:37:49.503739Z,3910,246.3,0,OK,OK,OK
2026-08-15T06:37:55.007713Z,3905,246.4,0,OK,OK,OK
2026-08-15T06:38:00.539267Z,3910,246.3,0,OK,OK,OK
2026-08-15T06:38:06.043628Z,3895,246.3,0,OK,OK,OK
2026-08-15T06:38:11.548853Z,3910,246.3,0,OK,OK,OK
2026-08-15T06:38:17.063354Z,3911,246.3,0,OK,OK,OK
2026-08-15T06:38:22.598622Z,3926,246.3,0,OK,OK,OK
2026-08-15T06:38:28.089848Z,3981,246.3,0,OK,OK,OK
2026-08-15T06:38:33.627686Z,3936,246.3,0,OK,OK,OK
2026-08-15T06:38:39.132536Z,3938,246.3,0,OK,OK,OK
2026-08-15T06:38:44.629377Z,3943,246.3,0,OK,OK,OK
2026-08-15T06:38:50.113576Z,3942,246.3,0,OK,OK,OK
2026-08-15T06:38:55.649060Z,3952,246.3,0,OK,OK,OK
2026-08-15T06:39:01.177733Z,3921,246.3,0,OK,OK,OK
2026-08-15T06:39:06.684534Z,3932,246.4,0,OK,OK,OK
2026-08-15T06:39:12.198378Z,3942,246.4,0,OK,OK,OK
2026-08-15T06:39:17.697071Z,3928,246.6,0,OK,OK,OK
2026-08-15T06:39:23.211411Z,3937,246.5,0,OK,OK,OK
2026-08-15T06:39:28.717286Z,3929,246.5,0,OK,OK,OK
2026-08-15T06:39:34.203699Z,3936,246.4,0,OK,OK,OK
2026-08-15T06:39:39.693807Z,3941,246.3,0,OK,OK,OK
2026-08-15T06:39:45.203002Z,3938,246.4,0,OK,OK,OK
2026-08-15T06:39:50.712704Z,3933,246.4,0,OK,OK,OK
2026-08-15T06:39:56.208200Z,3942,246.4,0,OK,OK,OK
2026-08-15T06:40:01.731185Z,3941,246.3,0,OK,OK,OK
2026-08-15T06:40:07.234045Z,3943,246.5,0,OK,OK,OK
2026-08-15T06:40:12.742380Z,3947,246.5,0,OK,OK,OK
2026-08-15T06:40:18.234967Z,3954,246.5,0,OK,OK,OK
2026-08-15T06:40:23.747589Z,3943,246.5,0,OK,OK,OK
2026-08-15T06:40:29.255969Z,3959,246.3,0,OK,OK,OK
2026-08-15T06:40:34.757834Z,3969,246.4,0,OK,OK,OK
2026-08-15T06:40:40.238270Z,3929,246.3,0,OK,OK,OK
2026-08-15T06:40:45.754693Z,3938,246.3,0,OK,OK,OK
2026-08-15T06:40:51.274499Z,3935,246.3,0,OK,OK,OK
2026-08-15T06:40:56.770830Z,3947,246.4,0,OK,OK,OK
2026-08-15T06:41:02.322302Z,3931,246.3,0,OK,OK,OK
2026-08-15T06:41:07.830746Z,3940,246.3,0,OK,OK,OK
2026-08-15T06:41:13.363633Z,3941,246.5,0,OK,OK,OK
2026-08-15T06:41:18.897867Z,3946,246.5,0,OK,OK,OK
2026-08-15T06:41:24.445516Z,3948,246.5,0,OK,OK,OK
2026-08-15T06:41:29.967851Z,3942,246.5,0,OK,OK,OK
2026-08-15T06:41:35.428528Z,3929,246.5,0,OK,OK,OK
2026-08-15T06:41:40.953613Z,3932,246.4,0,OK,OK,OK
2026-08-15T06:41:46.495975Z,3899,246.5,0,OK,OK,OK
2026-08-15T06:41:52.003757Z,3916,246.3,0,OK,OK,OK
2026-08-15T06:41:57.523875Z,3898,246.3,0,OK,OK,OK
2026-08-15T06:42:03.058463Z,2478,247.0,0,OK,OK,OK
2026-08-15T06:42:08.586112Z,2487,247.0,0,OK,OK,OK
2026-08-15T06:42:14.088178Z,2501,247.1,0,OK,OK,OK
2026-08-15T06:42:19.545766Z,2480,247.1,0,OK,OK,OK
2026-08-15T06:42:25.076765Z,2504,247.0,0,OK,OK,OK
2026-08-15T06:42:30.584407Z,2485,247.0,0,OK,OK,OK
2026-08-15T06:42:36.086787Z,2482,247.0,0,OK,OK,OK
2026-08-15T06:42:41.605576Z,2475,247.1,0,OK,OK,OK
2026-08-15T06:42:47.116953Z,2488,247.2,0,OK,OK,OK
2026-08-15T06:42:52.625789Z,2471,247.1,0,OK,OK,OK
2026-08-15T06:42:58.128519Z,2479,247.1,0,OK,OK,OK
2026-08-15T06:43:03.608104Z,2485,247.1,0,OK,OK,OK
2026-08-15T06:43:09.090034Z,2486,247.0,0,OK,OK,OK
2026-08-15T06:43:14.635490Z,2464,247.1,0,OK,OK,OK
2026-08-15T06:43:20.121235Z,2487,247.1,0,OK,OK,OK
2026-08-15T06:43:25.658906Z,2466,247.1,0,OK,OK,OK
2026-08-15T06:43:31.172235Z,2486,247.0,0,OK,OK,OK
2026-08-15T06:43:36.662588Z,2473,247.0,0,OK,OK,OK
2026-08-15T06:43:42.098939Z,2476,247.0,0,OK,OK,OK
2026-08-15T06:43:47.623682Z,2479,247.0,0,OK,OK,OK
2026-08-15T06:43:53.076393Z,2475,247.1,0,OK,OK,OK
2026-08-15T06:43:58.529086Z,2476,247.0,0,OK,OK,OK
2026-08-15T06:44:04.007954Z,2492,247.1,0,OK,OK,OK
2026-08-15T06:44:09.532771Z,2464,246.9,0,OK,OK,OK
2026-08-15T06:44:15.052705Z,2485,247.0,0,OK,OK,OK
2026-08-15T06:44:20.596159Z,2514,247.0,0,OK,OK,OK
2026-08-15T06:44:26.115524Z,2500,247.0,0,OK,OK,OK
2026-08-15T06:44:31.633151Z,2518,247.0,0,OK,OK,OK
2026-08-15T06:44:37.122520Z,2522,247.0,0,OK,OK,OK
2026-08-15T06:44:42.636362Z,2496,247.0,0,OK,OK,OK
2026-08-15T06:44:48.123520Z,2519,247.0,0,OK,OK,OK
2026-08-15T06:44:53.647182Z,2508,247.1,0,OK,OK,OK
2026-08-15T06:44:59.103515Z,2498,247.1,0,OK,OK,OK
2026-08-15T06:45:04.638625Z,2505,247.1,0,OK,OK,OK
2026-08-15T06:45:10.084280Z,2520,247.0,0,OK,OK,OK
2026-08-15T06:45:15.567575Z,2521,247.1,0,OK,OK,OK
2026-08-15T06:45:21.048101Z,2516,247.1,0,OK,OK,OK
2026-08-15T06:45:26.563730Z,2522,247.1,0,OK,OK,OK
2026-08-15T06:45:32.077350Z,2514,247.0,0,OK,OK,OK
2026-08-15T06:45:37.585148Z,2499,247.1,0,OK,OK,OK
2026-08-15T06:45:43.105653Z,2503,247.1,0,OK,OK,OK
2026-08-15T06:45:48.632096Z,2502,247.1,0,OK,OK,OK
2026-08-15T06:45:54.117600Z,2498,247.1,0,OK,OK,OK
2026-08-15T06:45:59.616388Z,2500,247.0,0,OK,OK,OK
2026-08-15T06:46:05.069289Z,2516,247.0,0,OK,OK,OK
2026-08-15T06:46:10.586023Z,2488,247.1,0,OK,OK,OK
2026-08-15T06:46:16.098468Z,2493,247.1,0,OK,OK,OK
2026-08-15T06:46:21.590763Z,2516,247.1,0,OK,OK,OK
2026-08-15T06:46:27.127858Z,2513,247.1,0,OK,OK,OK
2026-08-15T06:46:32.677409Z,2498,247.1,0,OK,OK,OK
2026-08-15T06:46:38.184098Z,2513,247.1,0,OK,OK,OK
2026-08-15T06:46:43.694239Z,2501,247.0,0,OK,OK,OK
2026-08-15T06:46:49.195728Z,2512,247.1,0,OK,OK,OK
2026-08-15T06:46:54.705227Z,2516,247.1,0,OK,OK,OK
2026-08-15T06:47:00.240912Z,2514,247.1,0,OK,OK,OK
2026-08-15T06:47:05.735405Z,2513,247.1,0,OK,OK,OK
2026-08-15T06:47:11.245250Z,2514,247.1,0,OK,OK,OK
2026-08-15T06:47:16.750129Z,2531,247.1,0,OK,OK,OK
2026-08-15T06:47:22.263125Z,2514,247.1,0,OK,OK,OK
2026-08-15T06:47:27.769161Z,2502,247.1,0,OK,OK,OK
2026-08-15T06:47:33.311378Z,2515,247.2,0,OK,OK,OK
2026-08-15T06:47:38.829348Z,2517,247.2,0,OK,OK,OK
2026-08-15T06:47:44.308940Z,2516,247.2,0,OK,OK,OK
2026-08-15T06:47:49.846278Z,1248,248.0,0,OK,OK,OK
2026-08-15T06:47:55.339269Z,1238,247.9,0,OK,OK,OK
2026-08-15T06:48:00.845254Z,1292,248.0,0,OK,OK,OK
2026-08-15T06:48:06.335264Z,1243,247.9,0,OK,OK,OK
2026-08-15T06:48:11.815086Z,1252,247.9,0,OK,OK,OK
2026-08-15T06:48:17.300358Z,1242,247.9,0,OK,OK,OK
2026-08-15T06:48:22.762571Z,1205,247.9,0,OK,OK,OK
2026-08-15T06:48:28.273509Z,1212,247.9,0,OK,OK,OK
2026-08-15T06:48:33.727914Z,1208,247.9,0,OK,OK,OK
2026-08-15T06:48:39.235244Z,1208,248.0,0,OK,OK,OK
2026-08-15T06:48:44.731791Z,1206,248.0,0,OK,OK,OK
2026-08-15T06:48:50.243176Z,1188,247.9,0,OK,OK,OK
2026-08-15T06:48:55.704388Z,1211,247.9,0,OK,OK,OK
2026-08-15T06:49:01.242006Z,1191,247.9,0,OK,OK,OK
2026-08-15T06:49:06.667927Z,1207,247.9,0,OK,OK,OK
2026-08-15T06:49:12.156935Z,1208,247.9,0,OK,OK,OK
2026-08-15T06:49:17.633163Z,1190,247.9,0,OK,OK,OK
2026-08-15T06:49:23.119678Z,1352,247.9,0,OK,OK,OK
2026-08-15T06:49:28.612944Z,1287,247.8,0,OK,OK,OK
2026-08-15T06:49:34.137566Z,1315,247.9,0,OK,OK,OK
2026-08-15T06:49:39.611388Z,1312,247.9,0,OK,OK,OK
2026-08-15T06:49:45.089306Z,1308,247.9,0,OK,OK,OK
2026-08-15T06:49:50.621519Z,1322,247.9,0,OK,OK,OK
2026-08-15T06:49:56.167217Z,1334,247.8,0,OK,OK,OK
2026-08-15T06:50:01.703517Z,1323,247.9,0,OK,OK,OK
2026-08-15T06:50:07.219280Z,1320,247.8,0,OK,OK,OK
2026-08-15T06:50:12.727230Z,1295,247.9,0,OK,OK,OK
2026-08-15T06:50:18.255482Z,1308,247.9,0,OK,OK,OK
2026-08-15T06:50:23.803177Z,1311,247.8,0,OK,OK,OK
2026-08-15T06:50:29.289139Z,1303,247.8,0,OK,OK,OK
2026-08-15T06:50:34.752923Z,1297,247.9,0,OK,OK,OK
2026-08-15T06:50:40.271115Z,1290,247.9,0,OK,OK,OK
2026-08-15T06:50:45.788244Z,1288,247.9,0,OK,OK,OK
2026-08-15T06:50:51.287400Z,1326,247.9,0,OK,OK,OK
2026-08-15T06:50:56.806516Z,1332,247.9,0,OK,OK,OK
2026-08-15T06:51:02.326399Z,1364,247.9,0,OK,OK,OK
2026-08-15T06:51:07.830374Z,1316,248.0,0,OK,OK,OK
2026-08-15T06:51:13.349813Z,1345,247.9,0,OK,OK,OK
2026-08-15T06:51:18.891442Z,1320,248.0,0,OK,OK,OK
2026-08-15T06:51:24.409562Z,1356,247.9,0,OK,OK,OK
2026-08-15T06:51:29.935675Z,1325,247.9,0,OK,OK,OK
2026-08-15T06:51:35.427190Z,1315,247.9,0,OK,OK,OK
2026-08-15T06:51:40.926644Z,1324,247.9,0,OK,OK,OK
2026-08-15T06:51:46.424386Z,1329,247.9,0,OK,OK,OK
2026-08-15T06:51:51.925582Z,1327,247.9,0,OK,OK,OK
2026-08-15T06:51:57.439774Z,1312,247.9,0,OK,OK,OK
2026-08-15T06:52:02.950142Z,1325,247.9,0,OK,OK,OK
2026-08-15T06:52:08.471082Z,1316,247.9,0,OK,OK,OK
2026-08-15T06:52:13.963260Z,1321,247.9,0,OK,OK,OK
2026-08-15T06:52:19.470337Z,1318,247.9,0,OK,OK,OK
2026-08-15T06:52:24.991073Z,1324,248.1,0,OK,OK,OK
2026-08-15T06:52:30.483320Z,1326,248.1,0,OK,OK,OK
2026-08-15T06:52:35.972134Z,1324,247.9,0,OK,OK,OK
2026-08-15T06:52:41.460148Z,1340,247.9,0,OK,OK,OK
2026-08-15T06:52:46.972879Z,1334,247.9,0,OK,OK,OK
2026-08-15T06:52:52.444832Z,1338,247.9,0,OK,OK,OK
2026-08-15T06:52:57.929687Z,1331,248.0,0,OK,OK,OK
2026-08-15T06:53:03.380082Z,1349,247.9,0,OK,OK,OK
2026-08-15T06:53:08.848907Z,1343,247.9,0,OK,OK,OK
2026-08-15T06:53:14.296263Z,1338,248.0,0,OK,OK,OK
2026-08-15T06:53:19.797851Z,1336,247.9,0,OK,OK,OK
2026-08-15T06:53:25.293403Z,1337,247.9,0,OK,OK,OK
2026-08-15T06:53:30.785981Z,1331,247.9,0,OK,OK,OK
2026-08-15T06:53:36.305351Z,1333,247.9,0,OK,OK,OK
2026-08-15T06:53:41.799712Z,1327,247.9,0,OK,OK,OK
2026-08-15T06:53:47.323521Z,1317,248.1,0,OK,OK,OK
2026-08-15T06:53:52.822335Z,1288,247.9,0,OK,OK,OK
2026-08-15T06:53:58.315482Z,1285,247.9,0,OK,OK,OK
2026-08-15T06:54:03.836201Z,1297,247.9,0,OK,OK,OK
2026-08-15T06:54:09.369766Z,1293,247.9,0,OK,OK,OK
2026-08-15T06:54:14.858617Z,1300,247.9,0,OK,OK,OK
2026-08-15T06:54:20.376996Z,1275,247.9,0,OK,OK,OK
2026-08-15T06:54:25.873252Z,1270,247.9,0,OK,OK,OK
2026-08-15T06:54:31.432178Z,1296,247.9,0,OK,OK,OK
2026-08-15T06:54:36.935939Z,1278,247.9,0,OK,OK,OK
2026-08-15T06:54:42.444154Z,1286,247.9,0,OK,OK,OK
2026-08-15T06:54:47.962087Z,1296,248.0,0,OK,OK,OK
2026-08-15T06:54:53.440398Z,1285,248.0,0,OK,OK,OK
2026-08-15T06:54:59.013151Z,1283,248.0,0,OK,OK,OK
2026-08-15T06:55:04.485614Z,1312,248.0,0,OK,OK,OK
2026-08-15T06:55:09.969008Z,1285,247.9,0,OK,OK,OK
2026-08-15T06:55:15.481053Z,1319,248.0,0,OK,OK,OK
2026-08-15T06:55:20.965376Z,1291,248.1,0,OK,OK,OK
2026-08-15T06:55:26.466942Z,1274,248.0,0,OK,OK,OK
2026-08-15T06:55:31.989423Z,1268,248.0,0,OK,OK,OK
2026-08-15T06:55:37.498228Z,1311,248.0,0,OK,OK,OK
2026-08-15T06:55:43.009945Z,1295,248.1,0,OK,OK,OK
2026-08-15T06:55:48.530609Z,1286,248.0,0,OK,OK,OK
2026-08-15T06:55:54.003083Z,1300,248.0,0,OK,OK,OK
2026-08-15T06:55:59.503590Z,1281,248.0,0,OK,OK,OK
2026-08-15T06:56:05.001060Z,1289,248.0,0,OK,OK,OK
2026-08-15T06:56:10.498718Z,1290,247.9,0,OK,OK,OK
2026-08-15T06:56:16.002482Z,1290,248.1,0,OK,OK,OK
2026-08-15T06:56:21.530752Z,1293,248.1,0,OK,OK,OK
2026-08-15T06:56:27.024825Z,1284,248.0,0,OK,OK,OK
2026-08-15T06:56:32.505649Z,1275,247.9,0,OK,OK,OK
2026-08-15T06:56:37.977250Z,1284,248.0,0,OK,OK,OK
2026-08-15T06:56:43.497353Z,1277,248.1,0,OK,OK,OK
2026-08-15T06:56:49.010290Z,1296,248.0,0,OK,OK,OK
2026-08-15T06:56:54.496866Z,1308,248.0,0,OK,OK,OK
2026-08-15T06:56:59.947257Z,1338,247.9,0,OK,OK,OK
2026-08-15T06:57:05.460750Z,1335,247.9,0,OK,OK,OK
2026-08-15T06:57:10.928500Z,1317,248.0,0,OK,OK,OK
2026-08-15T06:57:16.410070Z,1326,247.9,0,OK,OK,OK
2026-08-15T06:57:21.908710Z,1332,248.0,0,OK,OK,OK
2026-08-15T06:57:27.431044Z,1314,248.0,0,OK,OK,OK
2026-08-15T06:57:32.921558Z,1328,248.0,0,OK,OK,OK
2026-08-15T06:57:38.390499Z,1331,247.9,0,OK,OK,OK
2026-08-15T06:57:43.887677Z,1329,248.0,0,OK,OK,OK
2026-08-15T06:57:49.402797Z,1330,247.9,0,OK,OK,OK
2026-08-15T06:57:54.868067Z,1336,248.0,0,OK,OK,OK
2026-08-15T06:58:00.363938Z,1329,248.0,0,OK,OK,OK
2026-08-15T06:58:05.815030Z,1330,248.0,0,OK,OK,OK
2026-08-15T06:58:11.310957Z,1329,247.9,0,OK,OK,OK
2026-08-15T06:58:16.857645Z,1325,248.1,0,OK,OK,OK
2026-08-15T06:58:22.346313Z,1334,247.9,0,OK,OK,OK
2026-08-15T06:58:27.870569Z,1315,248.0,0,OK,OK,OK
2026-08-15T06:58:33.359036Z,1344,247.9,0,OK,OK,OK
2026-08-15T06:58:38.848587Z,1330,248.0,0,OK,OK,OK
2026-08-15T06:58:44.390609Z,1333,248.1,0,OK,OK,OK
2026-08-15T06:58:49.909140Z,1332,248.1,0,OK,OK,OK
2026-08-15T06:58:55.416607Z,1340,248.1,0,OK,OK,OK
2026-08-15T06:59:00.920631Z,1334,247.9,0,OK,OK,OK
2026-08-15T06:59:06.435895Z,1329,247.9,0,OK,OK,OK
2026-08-15T06:59:11.938715Z,1331,247.9,0,OK,OK,OK
2026-08-15T06:59:17.435513Z,1332,247.9,0,OK,OK,OK
2026-08-15T06:59:22.943294Z,1330,247.9,0,OK,OK,OK
2026-08-15T06:59:28.417887Z,1337,247.9,0,OK,OK,OK
2026-08-15T06:59:33.937886Z,1316,248.0,0,OK,OK,OK
2026-08-15T06:59:39.468861Z,1342,248.0,0,OK,OK,OK
2026-08-15T06:59:44.929936Z,1338,248.0,0,OK,OK,OK
2026-08-15T06:59:50.425805Z,1367,248.0,0,OK,OK,OK
2026-08-15T06:59:55.917264Z,1303,248.0,0,OK,OK,OK
2026-08-15T07:00:01.360138Z,1298,248.0,0,OK,OK,OK
2026-08-15T07:00:06.895301Z,1297,248.0,0,OK,OK,OK
2026-08-15T07:00:12.355701Z,1299,248.0,0,OK,OK,OK
2026-08-15T07:00:17.874621Z,1289,248.2,0,OK,OK,OK
2026-08-15T07:00:23.319089Z,1299,248.2,0,OK,OK,OK
2026-08-15T07:00:28.827968Z,1295,248.3,0,OK,OK,OK
2026-08-15T07:00:34.310214Z,1307,248.2,0,OK,OK,OK
2026-08-15T07:00:39.802010Z,1308,248.2,0,OK,OK,OK
2026-08-15T07:00:45.255277Z,1438,248.2,0,OK,OK,OK
2026-08-15T07:00:50.746816Z,1421,248.3,0,OK,OK,OK
2026-08-15T07:00:56.239462Z,1428,248.3,0,OK,OK,OK
2026-08-15T07:01:01.747000Z,1428,248.3,0,OK,OK,OK
2026-08-15T07:01:07.257450Z,1426,248.2,0,OK,OK,OK
2026-08-15T07:01:12.760521Z,1429,248.4,0,OK,OK,OK
2026-08-15T07:01:18.278624Z,1433,248.4,0,OK,OK,OK
2026-08-15T07:01:23.769598Z,1438,248.4,0,OK,OK,OK
2026-08-15T07:01:29.260520Z,1446,248.4,0,OK,OK,OK
2026-08-15T07:01:34.751277Z,1518,248.4,0,OK,OK,OK
2026-08-15T07:01:40.236478Z,1429,248.4,0,OK,OK,OK
2026-08-15T07:01:45.725166Z,1445,248.5,0,OK,OK,OK
2026-08-15T07:01:51.214482Z,1439,248.3,0,OK,OK,OK
2026-08-15T07:01:56.657180Z,1437,248.5,0,OK,OK,OK
2026-08-15T07:02:02.139224Z,1437,248.5,0,OK,OK,OK
2026-08-15T07:02:07.585295Z,1324,248.5,0,OK,OK,OK
2026-08-15T07:02:13.103283Z,1334,248.5,0,OK,OK,OK
2026-08-15T07:02:18.580965Z,1322,248.5,0,OK,OK,OK
2026-08-15T07:02:24.093510Z,1325,248.6,0,OK,OK,OK
2026-08-15T07:02:29.577914Z,1322,248.5,0,OK,OK,OK
2026-08-15T07:02:35.064292Z,1334,248.5,0,OK,OK,OK
2026-08-15T07:02:40.573733Z,1325,248.5,0,OK,OK,OK
2026-08-15T07:02:46.085932Z,1333,248.5,0,OK,OK,OK
2026-08-15T07:02:51.618651Z,1330,248.5,0,OK,OK,OK
2026-08-15T07:02:57.101571Z,1323,248.5,0,OK,OK,OK
2026-08-15T07:03:02.619635Z,1325,248.7,0,OK,OK,OK
2026-08-15T07:03:08.117166Z,1323,248.5,0,OK,OK,OK
2026-08-15T07:03:13.597257Z,1320,248.5,0,OK,OK,OK
2026-08-15T07:03:19.111422Z,1324,248.5,0,OK,OK,OK
2026-08-15T07:03:24.619599Z,1346,248.5,0,OK,OK,OK
2026-08-15T07:03:30.159780Z,1356,248.5,0,OK,OK,OK
2026-08-15T07:03:35.667843Z,1366,248.5,0,OK,OK,OK
2026-08-15T07:03:41.189942Z,1366,248.5,0,OK,OK,OK
2026-08-15T07:03:46.679860Z,1356,248.5,0,OK,OK,OK
2026-08-15T07:03:52.204762Z,1356,248.5,0,OK,OK,OK
2026-08-15T07:03:57.721865Z,1354,248.4,0,OK,OK,OK
2026-08-15T07:04:03.263946Z,1350,248.4,0,OK,OK,OK
2026-08-15T07:04:08.754576Z,1356,247.5,0,OK,OK,OK
2026-08-15T07:04:14.253441Z,1359,247.6,0,OK,OK,OK
2026-08-15T07:04:19.789429Z,1356,247.7,0,OK,OK,OK
2026-08-15T07:04:25.304308Z,1340,247.5,0,OK,OK,OK
2026-08-15T07:04:30.824991Z,1356,247.8,0,OK,OK,OK
2026-08-15T07:04:36.340744Z,1364,247.7,0,OK,OK,OK
2026-08-15T07:04:41.880187Z,1360,247.6,0,OK,OK,OK
2026-08-15T07:04:47.380315Z,1352,247.6,0,OK,OK,OK
2026-08-15T07:04:52.902319Z,1353,247.5,0,OK,OK,OK
2026-08-15T07:04:58.419019Z,1346,247.7,0,OK,OK,OK
2026-08-15T07:05:03.927344Z,1342,247.8,0,OK,OK,OK
2026-08-15T07:05:09.421847Z,1352,247.5,0,OK,OK,OK
2026-08-15T07:05:14.937282Z,1352,247.5,0,OK,OK,OK
2026-08-15T07:05:20.457785Z,1354,247.7,0,OK,OK,OK
2026-08-15T07:05:25.938937Z,1352,247.6,0,OK,OK,OK
2026-08-15T07:05:31.463171Z,1353,247.1,0,OK,OK,OK
2026-08-15T07:05:36.953518Z,1349,246.7,0,OK,OK,OK
2026-08-15T07:05:42.467067Z,1357,246.7,0,OK,OK,OK
2026-08-15T07:05:47.931354Z,1352,246.7,0,OK,OK,OK
2026-08-15T07:05:53.433146Z,1324,246.8,0,OK,OK,OK
2026-08-15T07:05:58.925893Z,1313,246.7,0,OK,OK,OK
2026-08-15T07:06:04.392020Z,1308,246.8,0,OK,OK,OK
2026-08-15T07:06:09.915901Z,1309,246.4,0,OK,OK,OK
2026-08-15T07:06:15.416633Z,1309,246.8,0,OK,OK,OK
2026-08-15T07:06:20.905680Z,1309,246.8,0,OK,OK,OK
2026-08-15T07:06:26.370039Z,1324,246.7,0,OK,OK,OK
2026-08-15T07:06:31.837210Z,1307,246.9,0,OK,OK,OK
2026-08-15T07:06:37.338717Z,1317,246.8,0,OK,OK,OK
2026-08-15T07:06:42.814436Z,1314,246.7,0,OK,OK,OK
2026-08-15T07:06:48.279662Z,1312,246.8,0,OK,OK,OK
2026-08-15T07:06:53.801843Z,1307,246.7,0,OK,OK,OK
2026-08-15T07:06:59.299313Z,1304,246.9,0,OK,OK,OK
2026-08-15T07:07:04.795069Z,1315,246.8,0,OK,OK,OK
2026-08-15T07:07:10.272651Z,1314,246.7,0,OK,OK,OK
2026-08-15T07:07:15.741854Z,1324,246.9,0,OK,OK,OK
2026-08-15T07:07:21.258291Z,1307,246.3,0,OK,OK,OK
2026-08-15T07:07:26.765649Z,1307,246.5,0,OK,OK,OK
2026-08-15T07:07:32.253221Z,1312,246.5,0,OK,OK,OK
2026-08-15T07:07:37.755549Z,1312,246.5,0,OK,OK,OK
2026-08-15T07:07:43.230986Z,1306,246.5,0,OK,OK,OK
2026-08-15T07:07:48.714552Z,1305,246.5,0,OK,OK,OK
2026-08-15T07:07:54.210155Z,1309,246.5,0,OK,OK,OK
2026-08-15T07:07:59.677760Z,1308,246.5,0,OK,OK,OK
2026-08-15T07:08:05.186024Z,1308,246.5,0,OK,OK,OK
2026-08-15T07:08:10.687485Z,1312,246.5,0,OK,OK,OK
2026-08-15T07:08:16.186207Z,1314,246.7,0,OK,OK,OK
2026-08-15T07:08:21.684519Z,1310,246.7,0,OK,OK,OK
2026-08-15T07:08:27.207158Z,1301,246.5,0,OK,OK,OK
2026-08-15T07:08:32.729213Z,1307,246.7,0,OK,OK,OK
2026-08-15T07:08:38.231844Z,1303,246.5,0,OK,OK,OK
2026-08-15T07:08:43.730017Z,1313,246.5,0,OK,OK,OK
2026-08-15T07:08:49.225832Z,1305,246.5,0,OK,OK,OK
2026-08-15T07:08:54.706578Z,1308,246.5,0,OK,OK,OK
2026-08-15T07:09:00.244944Z,1300,246.5,0,OK,OK,OK
2026-08-15T07:09:05.719309Z,1320,246.5,0,OK,OK,OK
2026-08-15T07:09:11.238293Z,1308,246.4,0,OK,OK,OK
2026-08-15T07:09:16.719861Z,1300,246.5,0,OK,OK,OK
2026-08-15T07:09:22.199664Z,1304,246.5,0,OK,OK,OK
2026-08-15T07:09:27.709392Z,1299,246.5,0,OK,OK,OK
2026-08-15T07:09:33.215710Z,1339,247.1,0,OK,OK,OK
2026-08-15T07:09:38.692462Z,1309,247.2,0,OK,OK,OK
2026-08-15T07:09:44.211910Z,1314,247.1,0,OK,OK,OK
2026-08-15T07:09:49.704387Z,1312,247.2,0,OK,OK,OK
2026-08-15T07:09:55.223563Z,1295,247.1,0,OK,OK,OK
2026-08-15T07:10:00.700527Z,1306,247.2,0,OK,OK,OK
2026-08-15T07:10:06.220312Z,1338,247.2,0,OK,OK,OK
2026-08-15T07:10:11.712239Z,1311,247.2,0,OK,OK,OK
2026-08-15T07:10:17.203056Z,1303,247.2,0,OK,OK,OK
2026-08-15T07:10:22.710836Z,1369,247.2,0,OK,OK,OK
2026-08-15T07:10:28.207991Z,1341,247.2,0,OK,OK,OK
2026-08-15T07:10:33.690884Z,1340,247.2,0,OK,OK,OK
2026-08-15T07:10:39.156892Z,1349,247.2,0,OK,OK,OK
2026-08-15T07:10:44.696388Z,1345,247.2,0,OK,OK,OK
2026-08-15T07:10:50.169058Z,1340,247.2,0,OK,OK,OK
2026-08-15T07:10:55.679994Z,1344,247.2,0,OK,OK,OK
2026-08-15T07:11:01.148010Z,1344,247.5,0,OK,OK,OK
2026-08-15T07:11:06.659855Z,1344,247.6,0,OK,OK,OK
2026-08-15T07:11:12.129101Z,1330,247.5,0,OK,OK,OK
2026-08-15T07:11:17.595300Z,1344,247.6,0,OK,OK,OK
2026-08-15T07:11:23.127027Z,1349,247.5,0,OK,OK,OK
2026-08-15T07:11:28.607295Z,1342,247.5,0,OK,OK,OK
2026-08-15T07:11:34.128582Z,1347,247.6,0,OK,OK,OK
2026-08-15T07:11:39.634663Z,1345,247.6,0,OK,OK,OK
2026-08-15T07:11:45.163140Z,2651,247.2,0,OK,OK,OK
2026-08-15T07:11:50.691554Z,2718,247.0,0,OK,OK,OK
2026-08-15T07:11:56.182509Z,2740,247.0,0,OK,OK,OK
2026-08-15T07:12:01.698832Z,2738,247.0,0,OK,OK,OK
2026-08-15T07:12:07.166808Z,2741,247.0,0,OK,OK,OK
2026-08-15T07:12:12.674378Z,2758,246.9,0,OK,OK,OK
2026-08-15T07:12:18.135335Z,2809,247.0,0,OK,OK,OK
2026-08-15T07:12:23.605692Z,2791,247.1,0,OK,OK,OK
2026-08-15T07:12:29.103188Z,2796,247.0,0,OK,OK,OK
2026-08-15T07:12:34.643285Z,2796,247.1,0,OK,OK,OK
2026-08-15T07:12:40.100311Z,2789,247.1,0,OK,OK,OK
2026-08-15T07:12:45.603282Z,2800,247.0,0,OK,OK,OK
2026-08-15T07:12:51.143837Z,2768,247.0,0,OK,OK,OK
2026-08-15T07:12:56.653720Z,2762,247.1,0,OK,OK,OK
2026-08-15T07:13:02.157656Z,2763,247.0,0,OK,OK,OK
2026-08-15T07:13:07.674999Z,2745,247.2,0,OK,OK,OK
2026-08-15T07:13:13.185175Z,2751,247.1,0,OK,OK,OK
2026-08-15T07:13:18.707820Z,2741,247.2,0,OK,OK,OK
2026-08-15T07:13:24.221955Z,2739,247.2,0,OK,OK,OK
2026-08-15T07:13:29.767279Z,2757,247.0,0,OK,OK,OK
2026-08-15T07:13:35.258565Z,2747,247.0,0,OK,OK,OK
2026-08-15T07:13:40.740009Z,2736,247.0,0,OK,OK,OK
2026-08-15T07:13:46.251798Z,2756,247.0,0,OK,OK,OK
2026-08-15T07:13:51.766545Z,2758,247.0,0,OK,OK,OK
2026-08-15T07:13:57.295118Z,2754,247.0,0,OK,OK,OK
2026-08-15T07:14:02.794342Z,2814,247.0,0,OK,OK,OK
2026-08-15T07:14:08.327531Z,2732,247.0,0,OK,OK,OK
2026-08-15T07:14:13.838599Z,2723,247.0,0,OK,OK,OK
2026-08-15T07:14:19.307525Z,2723,247.0,0,OK,OK,OK
2026-08-15T07:14:24.794275Z,2780,247.0,0,OK,OK,OK
2026-08-15T07:14:30.290088Z,2736,247.2,0,OK,OK,OK
2026-08-15T07:14:35.757640Z,2739,247.2,0,OK,OK,OK
2026-08-15T07:14:41.263629Z,2732,247.0,0,OK,OK,OK
2026-08-15T07:14:46.718925Z,2715,247.0,0,OK,OK,OK
2026-08-15T07:14:52.224882Z,2731,247.1,0,OK,OK,OK
2026-08-15T07:14:57.699656Z,2721,247.1,0,OK,OK,OK
2026-08-15T07:15:03.182896Z,2723,247.1,0,OK,OK,OK
2026-08-15T07:15:08.685131Z,2735,247.1,0,OK,OK,OK
2026-08-15T07:15:14.198563Z,2736,247.0,0,OK,OK,OK
2026-08-15T07:15:19.724334Z,2730,247.0,0,OK,OK,OK
2026-08-15T07:15:25.205666Z,2656,247.1,0,OK,OK,OK
2026-08-15T07:15:30.711546Z,2655,247.1,0,OK,OK,OK
2026-08-15T07:15:36.246851Z,2654,247.1,0,OK,OK,OK
2026-08-15T07:15:41.733920Z,2651,247.1,0,OK,OK,OK
2026-08-15T07:15:47.229345Z,2650,247.1,0,OK,OK,OK
2026-08-15T07:15:52.732043Z,2636,247.1,0,OK,OK,OK
2026-08-15T07:15:58.230847Z,2646,247.1,0,OK,OK,OK
2026-08-15T07:16:03.712838Z,2635,247.1,0,OK,OK,OK
2026-08-15T07:16:09.207411Z,2648,247.1,0,OK,OK,OK
2026-08-15T07:16:14.724208Z,2654,247.1,0,OK,OK,OK
2026-08-15T07:16:20.247277Z,2638,247.2,0,OK,OK,OK
2026-08-15T07:16:25.701575Z,2671,247.1,0,OK,OK,OK
2026-08-15T07:16:31.211742Z,2684,247.2,0,OK,OK,OK
2026-08-15T07:16:36.714675Z,2687,247.1,0,OK,OK,OK
2026-08-15T07:16:42.180380Z,2697,247.1,0,OK,OK,OK
2026-08-15T07:16:47.710123Z,2684,247.3,0,OK,OK,OK
2026-08-15T07:16:53.193199Z,2679,247.1,0,OK,OK,OK
2026-08-15T07:16:58.716177Z,2682,247.1,0,OK,OK,OK
2026-08-15T07:17:04.193045Z,2680,247.1,0,OK,OK,OK
2026-08-15T07:17:09.682780Z,2678,247.2,0,OK,OK,OK
2026-08-15T07:17:15.198659Z,2689,247.2,0,OK,OK,OK
2026-08-15T07:17:20.706269Z,2677,247.2,0,OK,OK,OK
2026-08-15T07:17:26.238928Z,2688,247.1,0,OK,OK,OK
2026-08-15T07:17:31.755484Z,2678,246.9,0,OK,OK,OK
2026-08-15T07:17:37.225668Z,2681,247.0,0,OK,OK,OK
2026-08-15T07:17:42.746826Z,2684,246.9,0,OK,OK,OK
2026-08-15T07:17:48.248361Z,2685,247.0,0,OK,OK,OK
2026-08-15T07:17:53.763405Z,2688,247.0,0,OK,OK,OK
2026-08-15T07:17:59.219096Z,2684,247.0,0,OK,OK,OK
2026-08-15T07:18:04.740168Z,1268,247.6,0,OK,OK,OK
2026-08-15T07:18:10.231217Z,1264,247.6,0,OK,OK,OK
2026-08-15T07:18:15.731606Z,1264,247.7,0,OK,OK,OK
2026-08-15T07:18:21.253231Z,1268,247.6,0,OK,OK,OK
2026-08-15T07:18:26.756280Z,1237,247.7,0,OK,OK,OK
2026-08-15T07:18:32.239438Z,1230,247.7,0,OK,OK,OK
2026-08-15T07:18:37.764949Z,1219,247.7,0,OK,OK,OK
2026-08-15T07:18:43.269382Z,1229,247.8,0,OK,OK,OK
2026-08-15T07:18:48.764046Z,1225,247.6,0,OK,OK,OK
2026-08-15T07:18:54.264050Z,1226,247.6,0,OK,OK,OK
2026-08-15T07:18:59.823200Z,1230,247.8,0,OK,OK,OK
2026-08-15T07:19:05.293650Z,1220,247.8,0,OK,OK,OK
2026-08-15T07:19:10.775360Z,1227,247.6,0,OK,OK,OK
2026-08-15T07:19:16.288882Z,1234,247.8,0,OK,OK,OK
2026-08-15T07:19:21.790697Z,1221,247.7,0,OK,OK,OK
2026-08-15T07:19:27.302792Z,1216,247.9,0,OK,OK,OK
2026-08-15T07:19:32.806717Z,1217,247.7,0,OK,OK,OK
2026-08-15T07:19:38.327635Z,1225,247.7,0,OK,OK,OK
2026-08-15T07:19:43.852049Z,1232,247.7,0,OK,OK,OK
2026-08-15T07:19:49.363051Z,1216,247.7,0,OK,OK,OK
2026-08-15T07:19:54.868729Z,1216,247.7,0,OK,OK,OK
2026-08-15T07:20:00.371892Z,1229,247.8,0,OK,OK,OK
2026-08-15T07:20:05.911613Z,1228,247.8,0,OK,OK,OK
2026-08-15T07:20:11.409721Z,1224,247.8,0,OK,OK,OK
2026-08-15T07:20:16.909230Z,1210,247.8,0,OK,OK,OK
2026-08-15T07:20:22.405025Z,1217,247.9,0,OK,OK,OK
2026-08-15T07:20:27.891624Z,1212,247.9,0,OK,OK,OK
2026-08-15T07:20:33.359900Z,1214,247.9,0,OK,OK,OK
2026-08-15T07:20:38.860757Z,1198,247.6,0,OK,OK,OK
2026-08-15T07:20:44.355557Z,1210,247.8,0,OK,OK,OK
2026-08-15T07:20:49.877889Z,1212,247.8,0,OK,OK,OK
2026-08-15T07:20:55.367783Z,1199,247.7,0,OK,OK,OK
2026-08-15T07:21:00.852565Z,1194,247.7,0,OK,OK,OK
2026-08-15T07:21:06.356316Z,1215,247.7,0,OK,OK,OK
2026-08-15T07:21:11.889162Z,1212,247.7,0,OK,OK,OK
2026-08-15T07:21:17.410354Z,1211,247.7,0,OK,OK,OK
2026-08-15T07:21:22.912458Z,1205,247.8,0,OK,OK,OK
2026-08-15T07:21:28.412020Z,1213,247.7,0,OK,OK,OK
2026-08-15T07:21:33.898741Z,1191,247.7,0,OK,OK,OK
2026-08-15T07:21:39.414468Z,1193,247.7,0,OK,OK,OK
2026-08-15T07:21:44.924811Z,1210,247.7,0,OK,OK,OK
2026-08-15T07:21:50.426722Z,1191,247.8,0,OK,OK,OK
2026-08-15T07:21:55.917586Z,1199,247.7,0,OK,OK,OK
2026-08-15T07:22:01.410795Z,1188,247.7,0,OK,OK,OK
2026-08-15T07:22:06.928394Z,1193,247.7,0,OK,OK,OK
2026-08-15T07:22:12.423775Z,1202,247.6,0,OK,OK,OK
2026-08-15T07:22:17.893165Z,1186,247.6,0,OK,OK,OK
2026-08-15T07:22:23.430507Z,1193,247.5,0,OK,OK,OK
2026-08-15T07:22:28.913447Z,1191,247.5,0,OK,OK,OK
2026-08-15T07:22:34.441776Z,1195,247.6,0,OK,OK,OK
2026-08-15T07:22:39.898947Z,1201,247.5,0,OK,OK,OK
2026-08-15T07:22:45.434112Z,1177,247.6,0,OK,OK,OK
2026-08-15T07:22:50.910208Z,1197,247.7,0,OK,OK,OK
2026-08-15T07:22:56.431106Z,1214,247.6,0,OK,OK,OK
2026-08-15T07:23:01.907902Z,1197,247.7,0,OK,OK,OK
2026-08-15T07:23:07.446953Z,1190,247.7,0,OK,OK,OK
2026-08-15T07:23:12.951938Z,1194,247.7,0,OK,OK,OK
2026-08-15T07:23:18.456369Z,1196,247.7,0,OK,OK,OK
2026-08-15T07:23:23.979997Z,1202,247.7,0,OK,OK,OK
2026-08-15T07:23:29.491173Z,1186,247.7,0,OK,OK,OK
2026-08-15T07:23:34.981235Z,1194,247.6,0,OK,OK,OK
2026-08-15T07:23:40.493039Z,1188,247.7,0,OK,OK,OK
2026-08-15T07:23:45.944319Z,1204,247.7,0,OK,OK,OK
2026-08-15T07:23:51.454532Z,1186,247.6,0,OK,OK,OK
2026-08-15T07:23:56.904725Z,1192,247.6,0,OK,OK,OK
2026-08-15T07:24:02.425188Z,1188,247.6,0,OK,OK,OK
2026-08-15T07:24:07.932183Z,1195,247.6,0,OK,OK,OK
2026-08-15T07:24:13.428777Z,1189,247.6,0,OK,OK,OK
2026-08-15T07:24:18.976414Z,1189,247.7,0,OK,OK,OK
2026-08-15T07:24:24.501902Z,1187,247.7,0,OK,OK,OK
2026-08-15T07:24:29.972922Z,1188,247.6,0,OK,OK,OK
2026-08-15T07:24:35.441192Z,1206,247.7,0,OK,OK,OK
2026-08-15T07:24:40.922626Z,1189,247.6,0,OK,OK,OK
2026-08-15T07:24:46.442343Z,1198,247.6,0,OK,OK,OK
2026-08-15T07:24:51.921542Z,1193,247.7,0,OK,OK,OK
2026-08-15T07:24:57.423924Z,1186,247.7,0,OK,OK,OK
2026-08-15T07:25:02.953021Z,1189,247.7,0,OK,OK,OK
2026-08-15T07:25:08.455601Z,1191,247.7,0,OK,OK,OK
2026-08-15T07:25:13.964796Z,1219,247.7,0,OK,OK,OK
2026-08-15T07:25:19.482489Z,1189,247.7,0,OK,OK,OK
2026-08-15T07:25:24.973776Z,1189,247.7,0,OK,OK,OK
2026-08-15T07:25:30.461962Z,1193,247.7,0,OK,OK,OK
2026-08-15T07:25:35.980767Z,1199,247.7,0,OK,OK,OK
2026-08-15T07:25:41.450886Z,1190,247.7,0,OK,OK,OK
2026-08-15T07:25:46.962859Z,1196,247.7,0,OK,OK,OK
2026-08-15T07:25:52.450128Z,1190,247.7,0,OK,OK,OK
2026-08-15T07:25:57.947517Z,1188,247.7,0,OK,OK,OK
2026-08-15T07:26:03.443096Z,1191,247.7,0,OK,OK,OK
2026-08-15T07:26:08.955402Z,1201,247.7,0,OK,OK,OK
2026-08-15T07:26:14.472677Z,1186,247.7,0,OK,OK,OK
2026-08-15T07:26:19.971474Z,1203,247.8,0,OK,OK,OK
2026-08-15T07:26:25.502879Z,1189,247.7,0,OK,OK,OK
2026-08-15T07:26:31.026212Z,1186,247.8,0,OK,OK,OK
2026-08-15T07:26:36.528026Z,1206,247.7,0,OK,OK,OK
2026-08-15T07:26:42.063121Z,1188,247.7,0,OK,OK,OK
2026-08-15T07:26:47.541189Z,1183,247.7,0,OK,OK,OK
2026-08-15T07:26:53.024626Z,1184,247.7,0,OK,OK,OK
2026-08-15T07:26:58.528281Z,1191,247.9,0,OK,OK,OK
2026-08-15T07:27:04.073895Z,1188,247.8,0,OK,OK,OK
2026-08-15T07:27:09.581858Z,1207,247.7,0,OK,OK,OK
2026-08-15T07:27:15.127074Z,1209,247.9,0,OK,OK,OK
2026-08-15T07:27:20.624896Z,1196,247.9,0,OK,OK,OK
2026-08-15T07:27:26.132636Z,1200,247.9,0,OK,OK,OK
2026-08-15T07:27:31.654891Z,1210,247.9,0,OK,OK,OK
2026-08-15T07:27:37.164696Z,1187,247.7,0,OK,OK,OK
2026-08-15T07:27:42.652431Z,1178,247.7,0,OK,OK,OK
2026-08-15T07:27:48.189318Z,1206,247.7,0,OK,OK,OK
2026-08-15T07:27:53.683130Z,1207,247.7,0,OK,OK,OK
2026-08-15T07:27:59.201619Z,1203,247.7,0,OK,OK,OK
2026-08-15T07:28:04.723498Z,1189,247.7,0,OK,OK,OK
2026-08-15T07:28:10.246478Z,1181,247.7,0,OK,OK,OK
2026-08-15T07:28:15.783778Z,1200,247.7,0,OK,OK,OK
2026-08-15T07:28:21.252054Z,1202,247.7,0,OK,OK,OK
2026-08-15T07:28:26.744036Z,1212,247.6,0,OK,OK,OK
2026-08-15T07:28:32.251524Z,1204,247.7,0,OK,OK,OK
2026-08-15T07:28:37.783195Z,1211,247.7,0,OK,OK,OK
2026-08-15T07:28:43.269805Z,1187,247.7,0,OK,OK,OK
2026-08-15T07:28:48.780551Z,1193,247.7,0,OK,OK,OK
2026-08-15T07:28:54.283093Z,1190,247.7,0,OK,OK,OK
2026-08-15T07:28:59.777141Z,1199,247.7,0,OK,OK,OK
2026-08-15T07:29:05.300671Z,1215,247.7,0,OK,OK,OK
2026-08-15T07:29:10.785298Z,1204,247.7,0,OK,OK,OK
2026-08-15T07:29:16.280334Z,1186,247.7,0,OK,OK,OK
2026-08-15T07:29:21.744770Z,1202,247.7,0,OK,OK,OK
2026-08-15T07:29:27.285102Z,1198,247.7,0,OK,OK,OK
2026-08-15T07:29:32.742243Z,1183,247.7,0,OK,OK,OK
2026-08-15T07:29:38.227062Z,1193,247.7,0,OK,OK,OK
2026-08-15T07:29:43.727939Z,1182,247.7,0,OK,OK,OK
2026-08-15T07:29:49.237159Z,1199,247.7,0,OK,OK,OK
2026-08-15T07:29:54.779547Z,1195,247.7,0,OK,OK,OK
2026-08-15T07:30:00.306693Z,1200,247.7,0,OK,OK,OK
2026-08-15T07:30:05.798070Z,1210,247.7,0,OK,OK,OK
2026-08-15T07:30:11.336903Z,1214,247.7,0,OK,OK,OK
2026-08-15T07:30:16.854849Z,1216,247.7,0,OK,OK,OK
2026-08-15T07:30:22.363100Z,1218,247.7,0,OK,OK,OK
2026-08-15T07:30:27.896119Z,1205,247.7,0,OK,OK,OK
2026-08-15T07:30:33.409112Z,1212,247.8,0,OK,OK,OK
2026-08-15T07:30:38.908551Z,1199,247.7,0,OK,OK,OK
2026-08-15T07:30:44.394031Z,1206,247.7,0,OK,OK,OK
2026-08-15T07:30:49.875724Z,1203,247.7,0,OK,OK,OK
2026-08-15T07:30:55.381602Z,1186,247.8,0,OK,OK,OK
2026-08-15T07:31:00.927034Z,1194,247.7,0,OK,OK,OK
2026-08-15T07:31:06.394620Z,1197,247.7,0,OK,OK,OK
2026-08-15T07:31:11.886954Z,1199,247.7,0,OK,OK,OK
2026-08-15T07:31:17.352029Z,1197,247.7,0,OK,OK,OK
2026-08-15T07:31:22.869484Z,1198,247.7,0,OK,OK,OK
2026-08-15T07:31:28.363363Z,1195,247.8,0,OK,OK,OK
2026-08-15T07:31:33.903031Z,1179,247.7,0,OK,OK,OK
2026-08-15T07:31:39.391456Z,1194,247.7,0,OK,OK,OK
2026-08-15T07:31:44.916612Z,1195,247.7,0,OK,OK,OK
2026-08-15T07:31:50.436763Z,1198,247.7,0,OK,OK,OK
2026-08-15T07:31:55.933713Z,1290,247.7,0,OK,OK,OK
2026-08-15T07:32:01.440644Z,1302,247.6,0,OK,OK,OK
2026-08-15T07:32:06.902959Z,1319,247.7,0,OK,OK,OK
2026-08-15T07:32:12.423940Z,1323,247.7,0,OK,OK,OK
2026-08-15T07:32:17.970475Z,1314,247.8,0,OK,OK,OK
2026-08-15T07:32:23.515596Z,1316,247.8,0,OK,OK,OK
2026-08-15T07:32:29.013668Z,1312,247.7,0,OK,OK,OK
2026-08-15T07:32:34.519787Z,1310,247.8,0,OK,OK,OK
2026-08-15T07:32:40.047952Z,1310,247.7,0,OK,OK,OK
2026-08-15T07:32:45.549664Z,1307,247.8,0,OK,OK,OK
2026-08-15T07:32:51.071299Z,1301,247.6,0,OK,OK,OK
2026-08-15T07:32:56.578528Z,1303,247.8,0,OK,OK,OK
2026-08-15T07:33:02.111767Z,1303,247.8,0,OK,OK,OK
2026-08-15T07:33:07.590208Z,1296,247.8,0,OK,OK,OK
2026-08-15T07:33:13.124233Z,1299,247.8,0,OK,OK,OK
2026-08-15T07:33:18.707244Z,1292,247.7,0,OK,OK,OK
2026-08-15T07:33:24.213937Z,1292,247.7,0,OK,OK,OK
2026-08-15T07:33:29.744045Z,1297,247.7,0,OK,OK,OK
2026-08-15T07:33:35.241540Z,1295,247.7,0,OK,OK,OK
2026-08-15T07:33:40.720827Z,1299,247.7,0,OK,OK,OK
2026-08-15T07:33:46.233306Z,1296,247.7,0,OK,OK,OK
2026-08-15T07:33:51.716608Z,1298,247.7,0,OK,OK,OK
2026-08-15T07:33:57.200867Z,1292,247.7,0,OK,OK,OK
2026-08-15T07:34:02.637317Z,1290,247.7,0,OK,OK,OK
2026-08-15T07:34:08.118982Z,1292,247.5,0,OK,OK,OK
2026-08-15T07:34:13.629491Z,1291,247.7,0,OK,OK,OK
2026-08-15T07:34:19.117891Z,1296,247.6,0,OK,OK,OK
2026-08-15T07:34:24.623265Z,1299,247.7,0,OK,OK,OK
2026-08-15T07:34:30.121117Z,1298,247.7,0,OK,OK,OK
2026-08-15T07:34:35.645580Z,1315,247.7,0,OK,OK,OK
2026-08-15T07:34:41.167663Z,1292,247.7,0,OK,OK,OK
2026-08-15T07:34:46.687500Z,1294,247.6,0,OK,OK,OK
2026-08-15T07:34:52.179756Z,1286,247.6,0,OK,OK,OK
2026-08-15T07:34:57.678442Z,1290,247.7,0,OK,OK,OK
2026-08-15T07:35:03.206037Z,1294,247.7,0,OK,OK,OK
2026-08-15T07:35:08.701742Z,1291,247.6,0,OK,OK,OK
2026-08-15T07:35:14.175275Z,1292,247.7,0,OK,OK,OK
2026-08-15T07:35:19.706778Z,1290,247.7,0,OK,OK,OK
2026-08-15T07:35:25.240071Z,1293,247.7,0,OK,OK,OK
2026-08-15T07:35:30.759691Z,1287,247.7,0,OK,OK,OK
2026-08-15T07:35:36.222392Z,1289,247.7,0,OK,OK,OK
2026-08-15T07:35:41.725602Z,1275,247.7,0,OK,OK,OK
2026-08-15T07:35:47.230175Z,1290,247.7,0,OK,OK,OK
2026-08-15T07:35:52.735337Z,1293,247.6,0,OK,OK,OK
2026-08-15T07:35:58.177071Z,1294,247.7,0,OK,OK,OK
2026-08-15T07:36:03.696401Z,1289,247.7,0,OK,OK,OK
2026-08-15T07:36:09.119741Z,1299,247.7,0,OK,OK,OK
2026-08-15T07:36:14.635402Z,1290,247.7,0,OK,OK,OK
2026-08-15T07:36:20.134047Z,1297,247.8,0,OK,OK,OK
2026-08-15T07:36:25.631609Z,1304,247.8,0,OK,OK,OK
2026-08-15T07:36:31.142936Z,1292,247.6,0,OK,OK,OK
2026-08-15T07:36:36.569636Z,1292,247.8,0,OK,OK,OK
2026-08-15T07:36:42.072363Z,1286,247.8,0,OK,OK,OK
2026-08-15T07:36:47.573081Z,1298,247.8,0,OK,OK,OK
2026-08-15T07:36:53.080392Z,1294,247.8,0,OK,OK,OK
2026-08-15T07:36:58.579359Z,1294,247.8,0,OK,OK,OK
2026-08-15T07:37:04.085860Z,1291,247.7,0,OK,OK,OK
2026-08-15T07:37:09.602942Z,1294,247.8,0,OK,OK,OK
2026-08-15T07:37:15.091437Z,1303,247.8,0,OK,OK,OK
2026-08-15T07:37:20.618609Z,1307,247.8,0,OK,OK,OK
2026-08-15T07:37:26.143870Z,1304,247.7,0,OK,OK,OK
2026-08-15T07:37:31.658391Z,1296,247.7,0,OK,OK,OK
2026-08-15T07:37:37.154855Z,1296,247.6,0,OK,OK,OK
2026-08-15T07:37:42.709799Z,1294,247.6,0,OK,OK,OK
2026-08-15T07:37:48.194781Z,1294,247.6,0,OK,OK,OK
2026-08-15T07:37:53.703490Z,1296,247.6,0,OK,OK,OK
2026-08-15T07:37:59.219378Z,1300,247.6,0,OK,OK,OK
2026-08-15T07:38:04.721090Z,1304,247.7,0,OK,OK,OK
2026-08-15T07:38:10.195930Z,1294,247.6,0,OK,OK,OK
2026-08-15T07:38:15.696862Z,1306,247.7,0,OK,OK,OK
2026-08-15T07:38:21.201773Z,1296,247.8,0,OK,OK,OK
2026-08-15T07:38:26.737790Z,1291,247.8,0,OK,OK,OK
2026-08-15T07:38:35.264288Z,1295,247.8,0,OK,OK,OK
2026-08-15T07:38:40.771116Z,1291,247.7,0,OK,OK,OK
2026-08-15T07:38:46.243100Z,1288,247.7,0,OK,OK,OK
2026-08-15T07:38:51.750256Z,1296,247.7,0,OK,OK,OK
2026-08-15T07:38:57.250085Z,1291,247.7,0,OK,OK,OK
2026-08-15T07:39:02.785020Z,1290,247.8,0,OK,OK,OK
2026-08-15T07:39:08.231152Z,1291,247.7,0,OK,OK,OK
2026-08-15T07:39:13.770950Z,1295,247.9,0,OK,OK,OK
2026-08-15T07:39:19.256328Z,1283,247.9,0,OK,OK,OK
2026-08-15T07:39:24.777858Z,1356,247.9,0,OK,OK,OK
2026-08-15T07:39:30.281192Z,1273,247.9,0,OK,OK,OK
2026-08-15T07:39:35.798245Z,1303,247.9,0,OK,OK,OK
2026-08-15T07:39:41.323587Z,1292,247.9,0,OK,OK,OK
2026-08-15T07:39:46.832731Z,1309,247.9,0,OK,OK,OK
2026-08-15T07:39:52.365765Z,1299,247.9,0,OK,OK,OK
2026-08-15T07:39:57.883624Z,1286,247.9,0,OK,OK,OK
2026-08-15T07:40:03.395794Z,1290,247.9,0,OK,OK,OK
2026-08-15T07:40:08.875106Z,1283,247.9,0,OK,OK,OK
2026-08-15T07:40:14.344638Z,1297,247.9,0,OK,OK,OK
2026-08-15T07:40:19.821828Z,1310,247.9,0,OK,OK,OK
2026-08-15T07:40:25.287466Z,1289,247.9,0,OK,OK,OK
2026-08-15T07:40:30.815609Z,1286,247.9,0,OK,OK,OK
2026-08-15T07:40:36.299373Z,1290,247.9,0,OK,OK,OK
2026-08-15T07:40:41.826551Z,1284,247.9,0,OK,OK,OK
2026-08-15T07:40:47.295570Z,1287,247.9,0,OK,OK,OK
2026-08-15T07:40:52.801541Z,1288,247.9,0,OK,OK,OK
2026-08-15T07:40:58.293312Z,1280,247.9,0,OK,OK,OK
2026-08-15T07:41:03.798988Z,1286,247.9,0,OK,OK,OK
2026-08-15T07:41:09.289925Z,1286,247.9,0,OK,OK,OK
2026-08-15T07:41:14.850704Z,1280,247.9,0,OK,OK,OK
2026-08-15T07:41:20.349501Z,1279,247.9,0,OK,OK,OK
2026-08-15T07:41:25.859629Z,1286,247.9,0,OK,OK,OK
2026-08-15T07:41:31.363373Z,1281,247.9,0,OK,OK,OK
2026-08-15T07:41:36.862843Z,1282,247.9,0,OK,OK,OK
2026-08-15T07:41:42.395250Z,1279,247.9,0,OK,OK,OK
2026-08-15T07:41:47.908504Z,1280,247.9,0,OK,OK,OK
2026-08-15T07:41:53.404858Z,1278,247.9,0,OK,OK,OK
2026-08-15T07:41:58.905538Z,1280,247.9,0,OK,OK,OK
2026-08-15T07:42:04.399571Z,1288,247.9,0,OK,OK,OK
2026-08-15T07:42:09.899154Z,1297,247.9,0,OK,OK,OK
2026-08-15T07:42:15.382436Z,1292,247.9,0,OK,OK,OK
2026-08-15T07:42:20.905784Z,1285,248.0,0,OK,OK,OK
2026-08-15T07:42:26.446470Z,1290,248.0,0,OK,OK,OK
2026-08-15T07:42:31.956617Z,1284,248.0,0,OK,OK,OK
2026-08-15T07:42:37.501629Z,1288,247.9,0,OK,OK,OK
2026-08-15T07:42:42.984353Z,1272,247.9,0,OK,OK,OK
2026-08-15T07:42:48.492838Z,1268,247.9,0,OK,OK,OK
2026-08-15T07:42:53.980861Z,1274,248.1,0,OK,OK,OK
2026-08-15T07:42:59.479390Z,1308,247.9,0,OK,OK,OK
2026-08-15T07:43:04.999883Z,1285,248.2,0,OK,OK,OK
2026-08-15T07:43:10.493086Z,1278,248.2,0,OK,OK,OK
2026-08-15T07:43:16.004928Z,1282,248.2,0,OK,OK,OK
2026-08-15T07:43:21.508873Z,1279,248.2,0,OK,OK,OK
2026-08-15T07:43:27.012421Z,1280,248.2,0,OK,OK,OK
2026-08-15T07:43:32.520208Z,1271,248.2,0,OK,OK,OK
2026-08-15T07:43:37.979252Z,1268,248.2,0,OK,OK,OK
2026-08-15T07:43:43.480946Z,1269,248.2,0,OK,OK,OK
2026-08-15T07:43:48.944256Z,1284,248.3,0,OK,OK,OK
2026-08-15T07:43:54.425155Z,1270,248.2,0,OK,OK,OK
2026-08-15T07:43:59.908553Z,1270,248.3,0,OK,OK,OK
2026-08-15T07:44:05.416961Z,1268,248.3,0,OK,OK,OK
2026-08-15T07:44:10.889505Z,1268,248.3,0,OK,OK,OK
2026-08-15T07:44:16.376710Z,1286,248.3,0,OK,OK,OK
2026-08-15T07:44:21.912640Z,1284,248.3,0,OK,OK,OK
2026-08-15T07:44:27.384227Z,1268,248.3,0,OK,OK,OK
2026-08-15T07:44:32.898408Z,1269,248.3,0,OK,OK,OK
2026-08-15T07:44:38.399212Z,1267,248.3,0,OK,OK,OK
2026-08-15T07:44:43.893730Z,1283,248.4,0,OK,OK,OK
2026-08-15T07:44:49.376694Z,1270,248.3,0,OK,OK,OK
2026-08-15T07:44:54.882422Z,1281,248.2,0,OK,OK,OK
2026-08-15T07:45:00.375290Z,1269,248.3,0,OK,OK,OK
2026-08-15T07:45:05.871798Z,1279,248.3,0,OK,OK,OK
2026-08-15T07:45:11.407368Z,1275,248.3,0,OK,OK,OK
2026-08-15T07:45:16.905035Z,1287,248.3,0,OK,OK,OK
2026-08-15T07:45:22.457384Z,1290,248.3,0,OK,OK,OK
2026-08-15T07:45:27.967615Z,1293,248.3,0,OK,OK,OK
2026-08-15T07:45:33.510163Z,1286,248.3,0,OK,OK,OK
2026-08-15T07:45:39.008616Z,1302,248.3,0,OK,OK,OK
2026-08-15T07:45:44.502055Z,1288,248.1,0,OK,OK,OK
2026-08-15T07:45:50.055248Z,1284,248.1,0,OK,OK,OK
2026-08-15T07:45:55.586817Z,1288,248.1,0,OK,OK,OK
2026-08-15T07:46:01.104535Z,1285,248.1,0,OK,OK,OK
2026-08-15T07:46:06.611842Z,1291,248.1,0,OK,OK,OK
2026-08-15T07:46:12.150555Z,1271,248.1,0,OK,OK,OK
2026-08-15T07:46:17.605565Z,1280,248.1,0,OK,OK,OK
2026-08-15T07:46:23.125531Z,1287,248.1,0,OK,OK,OK
2026-08-15T07:46:28.617127Z,1288,248.1,0,OK,OK,OK
2026-08-15T07:46:34.141049Z,1277,248.1,0,OK,OK,OK
2026-08-15T07:46:39.641100Z,1283,248.2,0,OK,OK,OK
2026-08-15T07:46:45.183742Z,1277,248.2,0,OK,OK,OK
2026-08-15T07:46:50.690508Z,1278,248.1,0,OK,OK,OK
2026-08-15T07:46:56.209795Z,1280,248.1,0,OK,OK,OK
2026-08-15T07:47:01.701270Z,1303,248.1,0,OK,OK,OK
2026-08-15T07:47:07.173955Z,1312,248.1,0,OK,OK,OK
2026-08-15T07:47:12.648770Z,1310,248.1,0,OK,OK,OK
2026-08-15T07:47:18.149477Z,1296,248.2,0,OK,OK,OK
2026-08-15T07:47:23.599798Z,1302,248.2,0,OK,OK,OK
2026-08-15T07:47:29.123932Z,1306,248.2,0,OK,OK,OK
2026-08-15T07:47:34.580676Z,1305,248.2,0,OK,OK,OK
2026-08-15T07:47:40.064465Z,1311,248.2,0,OK,OK,OK
2026-08-15T07:47:45.546205Z,1311,248.2,0,OK,OK,OK
2026-08-15T07:47:51.055570Z,1314,248.3,0,OK,OK,OK
2026-08-15T07:47:56.557642Z,1338,248.2,0,OK,OK,OK
2026-08-15T07:48:02.078757Z,1311,248.2,0,OK,OK,OK
2026-08-15T07:48:07.569350Z,1321,248.1,0,OK,OK,OK
2026-08-15T07:48:13.087859Z,1319,248.1,0,OK,OK,OK
2026-08-15T07:48:18.610094Z,1320,248.2,0,OK,OK,OK
2026-08-15T07:48:24.134551Z,1315,248.2,0,OK,OK,OK
2026-08-15T07:48:29.611566Z,1325,248.2,0,OK,OK,OK
2026-08-15T07:48:35.153502Z,1320,248.2,0,OK,OK,OK
2026-08-15T07:48:40.665354Z,1323,248.2,0,OK,OK,OK
2026-08-15T07:48:46.193449Z,1306,248.2,0,OK,OK,OK
2026-08-15T07:48:51.700792Z,1308,248.2,0,OK,OK,OK
2026-08-15T07:48:57.227229Z,1310,248.2,0,OK,OK,OK
2026-08-15T07:49:02.734493Z,1303,248.2,0,OK,OK,OK
2026-08-15T07:49:08.252494Z,1304,248.2,0,OK,OK,OK
2026-08-15T07:49:13.758562Z,1305,248.2,0,OK,OK,OK
2026-08-15T07:49:19.268407Z,1300,248.2,0,OK,OK,OK
2026-08-15T07:49:24.757155Z,1296,248.2,0,OK,OK,OK
2026-08-15T07:49:30.269023Z,1306,248.2,0,OK,OK,OK
2026-08-15T07:49:35.755125Z,1336,248.2,0,OK,OK,OK
2026-08-15T07:49:41.289012Z,1304,248.2,0,OK,OK,OK
2026-08-15T07:49:46.779966Z,1314,248.2,0,OK,OK,OK
2026-08-15T07:49:52.280429Z,1308,248.2,0,OK,OK,OK
2026-08-15T07:49:57.814131Z,1304,248.2,0,OK,OK,OK
2026-08-15T07:50:03.327488Z,1306,248.2,0,OK,OK,OK
2026-08-15T07:50:08.877820Z,1306,248.2,0,OK,OK,OK
2026-08-15T07:50:14.407087Z,1304,248.2,0,OK,OK,OK
2026-08-15T07:50:19.899837Z,1304,248.2,0,OK,OK,OK
2026-08-15T07:50:25.403725Z,1308,248.2,0,OK,OK,OK
2026-08-15T07:50:30.913758Z,1310,248.2,0,OK,OK,OK
2026-08-15T07:50:36.401824Z,1319,248.2,0,OK,OK,OK
2026-08-15T07:50:41.912094Z,1308,248.2,0,OK,OK,OK
2026-08-15T07:50:47.405287Z,1318,248.2,0,OK,OK,OK
2026-08-15T07:50:52.931249Z,1306,248.2,0,OK,OK,OK
2026-08-15T07:50:58.430416Z,1312,248.2,0,OK,OK,OK
2026-08-15T07:51:03.964008Z,1303,248.2,0,OK,OK,OK
2026-08-15T07:51:09.449172Z,1310,248.2,0,OK,OK,OK
2026-08-15T07:51:14.980890Z,1314,248.2,0,OK,OK,OK
2026-08-15T07:51:20.495045Z,1314,248.2,0,OK,OK,OK
2026-08-15T07:51:26.011050Z,1301,248.2,0,OK,OK,OK
2026-08-15T07:51:31.525141Z,1311,248.2,0,OK,OK,OK
2026-08-15T07:51:37.053456Z,1316,248.2,0,OK,OK,OK
2026-08-15T07:51:42.532508Z,1310,248.2,0,OK,OK,OK
2026-08-15T07:51:48.043731Z,1306,248.2,0,OK,OK,OK
2026-08-15T07:51:53.544627Z,1299,248.2,0,OK,OK,OK
2026-08-15T07:51:59.016172Z,1306,248.2,0,OK,OK,OK
2026-08-15T07:52:04.492019Z,1309,248.2,0,OK,OK,OK
2026-08-15T07:52:10.012696Z,1322,248.2,0,OK,OK,OK
2026-08-15T07:52:15.551241Z,1312,248.2,0,OK,OK,OK
2026-08-15T07:52:21.038847Z,1304,248.2,0,OK,OK,OK
2026-08-15T07:52:26.522582Z,1313,248.2,0,OK,OK,OK
2026-08-15T07:52:31.987542Z,1332,248.2,0,OK,OK,OK
2026-08-15T07:52:37.465864Z,1352,248.2,0,OK,OK,OK
2026-08-15T07:52:42.978677Z,1343,248.2,0,OK,OK,OK
2026-08-15T07:52:48.432171Z,1345,248.2,0,OK,OK,OK
2026-08-15T07:52:53.952790Z,1343,248.2,0,OK,OK,OK
2026-08-15T07:52:59.396811Z,1345,248.2,0,OK,OK,OK
2026-08-15T07:53:04.890367Z,1344,248.2,0,OK,OK,OK
2026-08-15T07:53:10.351868Z,1343,248.2,0,OK,OK,OK
2026-08-15T07:53:15.886390Z,1346,248.2,0,OK,OK,OK
2026-08-15T07:53:21.388736Z,1342,248.2,0,OK,OK,OK
2026-08-15T07:53:26.872583Z,1347,248.1,0,OK,OK,OK
2026-08-15T07:53:32.373706Z,1347,248.1,0,OK,OK,OK
2026-08-15T07:53:37.868733Z,1346,248.1,0,OK,OK,OK
2026-08-15T07:53:43.334788Z,1352,248.2,0,OK,OK,OK
2026-08-15T07:53:48.854571Z,1356,248.1,0,OK,OK,OK
2026-08-15T07:53:54.349731Z,1349,248.2,0,OK,OK,OK
2026-08-15T07:53:59.849195Z,1324,247.9,0,OK,OK,OK
2026-08-15T07:54:05.372166Z,1308,248.0,0,OK,OK,OK
2026-08-15T07:54:10.886984Z,1323,247.9,0,OK,OK,OK
2026-08-15T07:54:16.443938Z,1308,247.9,0,OK,OK,OK
2026-08-15T07:54:21.981732Z,1314,247.9,0,OK,OK,OK
2026-08-15T07:54:27.467550Z,1310,247.9,0,OK,OK,OK
2026-08-15T07:54:32.941412Z,1279,247.9,0,OK,OK,OK
2026-08-15T07:54:38.429221Z,1286,247.9,0,OK,OK,OK
2026-08-15T07:54:43.962151Z,1279,247.9,0,OK,OK,OK
2026-08-15T07:54:49.483757Z,1416,247.8,0,OK,OK,OK
2026-08-15T07:54:55.017970Z,1406,247.9,0,OK,OK,OK
2026-08-15T07:55:00.525262Z,1402,247.9,0,OK,OK,OK
2026-08-15T07:55:05.997938Z,1409,247.9,0,OK,OK,OK
2026-08-15T07:55:11.485860Z,1401,247.9,0,OK,OK,OK
2026-08-15T07:55:17.012394Z,1412,247.9,0,OK,OK,OK
2026-08-15T07:55:22.549600Z,1396,247.9,0,OK,OK,OK
2026-08-15T07:55:28.061184Z,1406,247.9,0,OK,OK,OK
2026-08-15T07:55:33.538434Z,1397,247.9,0,OK,OK,OK
2026-08-15T07:55:39.051936Z,1406,247.9,0,OK,OK,OK
2026-08-15T07:55:44.572498Z,1311,247.7,0,OK,OK,OK
2026-08-15T07:55:50.064741Z,1324,248.0,0,OK,OK,OK
2026-08-15T07:55:55.530014Z,1310,248.0,0,OK,OK,OK
2026-08-15T07:56:00.980411Z,1343,248.0,0,OK,OK,OK
2026-08-15T07:56:06.504680Z,1348,248.1,0,OK,OK,OK
2026-08-15T07:56:11.960440Z,1228,248.0,0,OK,OK,OK
2026-08-15T07:56:17.484813Z,1238,248.1,0,OK,OK,OK
2026-08-15T07:56:22.973002Z,1234,248.1,0,OK,OK,OK
2026-08-15T07:56:28.474579Z,1233,248.2,0,OK,OK,OK
2026-08-15T07:56:33.971269Z,1232,248.1,0,OK,OK,OK
2026-08-15T07:56:39.451924Z,1236,248.1,0,OK,OK,OK
2026-08-15T07:56:44.962124Z,1228,248.1,0,OK,OK,OK
2026-08-15T07:56:50.432357Z,1232,248.1,0,OK,OK,OK
2026-08-15T07:56:55.941094Z,1230,248.1,0,OK,OK,OK
2026-08-15T07:57:01.501072Z,1239,248.1,0,OK,OK,OK
2026-08-15T07:57:06.994822Z,1247,248.1,0,OK,OK,OK
2026-08-15T07:57:12.526618Z,1247,248.1,0,OK,OK,OK
2026-08-15T07:57:18.015926Z,1234,247.9,0,OK,OK,OK
2026-08-15T07:57:23.538318Z,1225,248.1,0,OK,OK,OK
2026-08-15T07:57:29.082113Z,1239,248.2,0,OK,OK,OK
2026-08-15T07:57:34.584504Z,1243,248.1,0,OK,OK,OK
2026-08-15T07:57:40.080762Z,1239,248.1,0,OK,OK,OK
2026-08-15T07:57:45.600809Z,1242,248.2,0,OK,OK,OK
2026-08-15T07:57:51.106334Z,1232,248.1,0,OK,OK,OK
2026-08-15T07:57:56.590863Z,1243,248.2,0,OK,OK,OK
2026-08-15T07:58:02.098416Z,1240,248.2,0,OK,OK,OK
2026-08-15T07:58:07.624086Z,1246,248.1,0,OK,OK,OK
2026-08-15T07:58:13.133393Z,1242,248.1,0,OK,OK,OK
2026-08-15T07:58:18.615642Z,1238,248.1,0,OK,OK,OK
2026-08-15T07:58:24.111622Z,1235,248.1,0,OK,OK,OK
2026-08-15T07:58:29.585636Z,1241,248.1,0,OK,OK,OK
2026-08-15T07:58:35.063148Z,1243,248.1,0,OK,OK,OK
2026-08-15T07:58:40.509888Z,1235,248.1,0,OK,OK,OK
2026-08-15T07:58:45.993189Z,1241,248.1,0,OK,OK,OK
2026-08-15T07:58:51.490657Z,1241,248.1,0,OK,OK,OK
2026-08-15T07:58:56.975700Z,1240,248.2,0,OK,OK,OK
2026-08-15T07:59:02.454575Z,1228,248.2,0,OK,OK,OK
2026-08-15T07:59:07.965033Z,2594,247.6,0,OK,OK,OK
2026-08-15T07:59:13.453132Z,2619,247.6,0,OK,OK,OK
2026-08-15T07:59:18.934770Z,2608,247.6,0,OK,OK,OK
2026-08-15T07:59:24.454392Z,2613,247.4,0,OK,OK,OK
2026-08-15T07:59:29.964114Z,2616,247.5,0,OK,OK,OK
2026-08-15T07:59:35.463156Z,2637,247.4,0,OK,OK,OK
2026-08-15T07:59:40.980699Z,2647,247.6,0,OK,OK,OK
2026-08-15T07:59:46.468327Z,2671,247.5,0,OK,OK,OK
2026-08-15T07:59:51.992297Z,2682,247.4,0,OK,OK,OK
2026-08-15T07:59:57.510641Z,2672,247.5,0,OK,OK,OK
2026-08-15T08:00:03.012100Z,2670,247.4,0,OK,OK,OK
2026-08-15T08:00:08.555102Z,2667,247.3,0,OK,OK,OK
2026-08-15T08:00:14.028485Z,2676,247.4,0,OK,OK,OK
2026-08-15T08:00:19.585697Z,2665,247.6,0,OK,OK,OK
2026-08-15T08:00:25.108248Z,2686,247.5,0,OK,OK,OK
2026-08-15T08:00:30.619275Z,2666,247.5,0,OK,OK,OK
2026-08-15T08:00:36.151863Z,2673,247.4,0,OK,OK,OK
2026-08-15T08:00:41.666223Z,2722,247.5,0,OK,OK,OK
2026-08-15T08:00:47.145066Z,2669,247.4,0,OK,OK,OK
2026-08-15T08:00:52.682997Z,2658,247.6,0,OK,OK,OK
2026-08-15T08:00:58.198652Z,2718,247.5,0,OK,OK,OK
2026-08-15T08:01:03.709937Z,2654,247.5,0,OK,OK,OK
2026-08-15T08:01:09.227301Z,2668,247.5,0,OK,OK,OK
2026-08-15T08:01:14.768226Z,2662,247.5,0,OK,OK,OK
2026-08-15T08:01:20.267197Z,2670,247.6,0,OK,OK,OK
2026-08-15T08:01:25.777811Z,2663,247.5,0,OK,OK,OK
2026-08-15T08:01:31.299537Z,2686,247.6,0,OK,OK,OK
2026-08-15T08:01:36.789716Z,2693,247.5,0,OK,OK,OK
2026-08-15T08:01:42.255740Z,2700,247.5,0,OK,OK,OK
2026-08-15T08:01:47.779469Z,2692,247.5,0,OK,OK,OK
2026-08-15T08:01:53.250459Z,2691,247.7,0,OK,OK,OK
2026-08-15T08:01:58.792833Z,2689,247.7,0,OK,OK,OK
2026-08-15T08:02:04.278400Z,2700,247.7,0,OK,OK,OK
2026-08-15T08:02:09.799227Z,2710,247.5,0,OK,OK,OK
2026-08-15T08:02:15.286201Z,2694,247.6,0,OK,OK,OK
2026-08-15T08:02:20.773724Z,2682,247.7,0,OK,OK,OK
2026-08-15T08:02:26.223251Z,2684,247.7,0,OK,OK,OK
2026-08-15T08:02:31.726581Z,2702,247.7,0,OK,OK,OK
2026-08-15T08:02:37.219789Z,2690,247.7,0,OK,OK,OK
2026-08-15T08:02:42.729391Z,2813,247.6,0,OK,OK,OK
2026-08-15T08:02:48.217436Z,2808,247.6,0,OK,OK,OK
2026-08-15T08:02:53.728457Z,2806,247.5,0,OK,OK,OK
2026-08-15T08:02:59.228931Z,2802,247.6,0,OK,OK,OK
2026-08-15T08:03:04.713626Z,2809,247.5,0,OK,OK,OK
2026-08-15T08:03:10.238938Z,2802,247.5,0,OK,OK,OK
2026-08-15T08:03:15.776938Z,2803,247.6,0,OK,OK,OK
2026-08-15T08:03:21.302450Z,2797,247.6,0,OK,OK,OK
2026-08-15T08:03:26.817992Z,2801,247.6,0,OK,OK,OK
2026-08-15T08:03:32.313428Z,2773,247.6,0,OK,OK,OK
2026-08-15T08:03:37.825648Z,2772,247.6,0,OK,OK,OK
2026-08-15T08:03:43.344512Z,2771,247.6,0,OK,OK,OK
2026-08-15T08:03:48.847639Z,2771,247.5,0,OK,OK,OK
2026-08-15T08:03:54.356124Z,2749,247.6,0,OK,OK,OK
2026-08-15T08:03:59.836970Z,2745,247.6,0,OK,OK,OK
2026-08-15T08:04:05.331801Z,2742,247.7,0,OK,OK,OK
2026-08-15T08:04:10.840008Z,2721,247.7,0,OK,OK,OK
2026-08-15T08:04:16.385866Z,2717,247.7,0,OK,OK,OK
2026-08-15T08:04:21.878910Z,2716,247.7,0,OK,OK,OK
2026-08-15T08:04:27.395079Z,2710,247.7,0,OK,OK,OK
2026-08-15T08:04:32.878251Z,2705,247.7,0,OK,OK,OK
2026-08-15T08:04:38.395804Z,2703,247.7,0,OK,OK,OK
2026-08-15T08:04:43.871620Z,2726,247.6,0,OK,OK,OK
2026-08-15T08:04:49.392948Z,2694,247.6,0,OK,OK,OK
2026-08-15T08:04:54.883867Z,2709,247.8,0,OK,OK,OK
2026-08-15T08:05:00.441280Z,2704,247.8,0,OK,OK,OK
2026-08-15T08:05:05.961404Z,1304,248.4,0,OK,OK,OK
2026-08-15T08:05:11.477330Z,1297,248.3,0,OK,OK,OK
2026-08-15T08:05:17.006593Z,1295,248.4,0,OK,OK,OK
2026-08-15T08:05:22.529188Z,1295,248.4,0,OK,OK,OK
2026-08-15T08:05:28.004176Z,1298,248.4,0,OK,OK,OK
2026-08-15T08:05:33.525222Z,1293,248.3,0,OK,OK,OK
2026-08-15T08:05:38.998505Z,1306,248.4,0,OK,OK,OK
2026-08-15T08:05:44.517113Z,1287,248.4,0,OK,OK,OK
2026-08-15T08:05:50.016092Z,1300,248.3,0,OK,OK,OK
2026-08-15T08:05:55.531717Z,1289,248.4,0,OK,OK,OK
2026-08-15T08:06:01.018374Z,1290,248.4,0,OK,OK,OK
2026-08-15T08:06:06.516462Z,1290,248.3,0,OK,OK,OK
2026-08-15T08:06:11.965358Z,1285,248.3,0,OK,OK,OK
2026-08-15T08:06:17.514095Z,1283,248.3,0,OK,OK,OK
2026-08-15T08:06:23.011691Z,1287,248.2,0,OK,OK,OK
2026-08-15T08:06:28.510111Z,1283,248.2,0,OK,OK,OK
2026-08-15T08:06:33.995270Z,1256,246.9,0,OK,OK,OK
2026-08-15T08:06:39.504978Z,1280,247.3,0,OK,OK,OK
2026-08-15T08:06:45.003054Z,1278,247.4,0,OK,OK,OK
2026-08-15T08:06:50.515276Z,1272,247.3,0,OK,OK,OK
2026-08-15T08:06:56.004086Z,1270,247.3,0,OK,OK,OK
2026-08-15T08:07:01.504761Z,1265,247.4,0,OK,OK,OK
2026-08-15T08:07:06.985320Z,1285,247.3,0,OK,OK,OK
2026-08-15T08:07:12.497386Z,1276,247.3,0,OK,OK,OK
2026-08-15T08:07:18.017582Z,1270,247.3,0,OK,OK,OK
2026-08-15T08:07:23.539371Z,1264,247.4,0,OK,OK,OK
2026-08-15T08:07:29.053927Z,1250,247.4,0,OK,OK,OK
2026-08-15T08:07:34.561591Z,1265,247.3,0,OK,OK,OK
2026-08-15T08:07:40.064863Z,1263,247.2,0,OK,OK,OK
2026-08-15T08:07:45.572638Z,1265,247.3,0,OK,OK,OK
2026-08-15T08:07:51.051755Z,1271,247.4,0,OK,OK,OK
2026-08-15T08:07:56.575304Z,1266,247.4,0,OK,OK,OK
2026-08-15T08:08:02.089009Z,1265,247.4,0,OK,OK,OK
2026-08-15T08:08:07.596261Z,1267,247.4,0,OK,OK,OK
2026-08-15T08:08:13.095357Z,1266,247.4,0,OK,OK,OK
2026-08-15T08:08:18.618805Z,1269,247.4,0,OK,OK,OK
2026-08-15T08:08:24.138217Z,1266,247.4,0,OK,OK,OK
2026-08-15T08:08:29.666858Z,1266,247.4,0,OK,OK,OK
2026-08-15T08:08:35.145282Z,1267,247.5,0,OK,OK,OK
2026-08-15T08:08:40.611993Z,1257,247.5,0,OK,OK,OK
2026-08-15T08:08:46.151947Z,1270,247.4,0,OK,OK,OK
2026-08-15T08:08:51.625436Z,1276,247.4,0,OK,OK,OK
2026-08-15T08:08:57.165469Z,1264,247.4,0,OK,OK,OK
2026-08-15T08:09:02.669835Z,1272,247.5,0,OK,OK,OK
2026-08-15T08:09:08.166476Z,1275,247.4,0,OK,OK,OK
2026-08-15T08:09:13.662789Z,1271,247.4,0,OK,OK,OK
2026-08-15T08:09:19.191088Z,1267,247.4,0,OK,OK,OK
2026-08-15T08:09:24.646479Z,1276,247.4,0,OK,OK,OK
2026-08-15T08:09:30.165643Z,1259,247.5,0,OK,OK,OK
2026-08-15T08:09:35.643285Z,1299,247.5,0,OK,OK,OK
2026-08-15T08:09:41.129630Z,1278,247.6,0,OK,OK,OK
2026-08-15T08:09:46.591491Z,1272,247.6,0,OK,OK,OK
2026-08-15T08:09:52.118440Z,1270,247.5,0,OK,OK,OK
2026-08-15T08:09:57.602708Z,1279,247.5,0,OK,OK,OK
2026-08-15T08:10:03.115455Z,1272,247.5,0,OK,OK,OK
2026-08-15T08:10:08.631094Z,1273,247.5,0,OK,OK,OK
2026-08-15T08:10:14.149923Z,1274,248.0,0,OK,OK,OK
2026-08-15T08:10:19.677196Z,1281,248.0,0,OK,OK,OK
2026-08-15T08:10:25.164500Z,1283,248.0,0,OK,OK,OK
2026-08-15T08:10:30.672151Z,1269,248.0,0,OK,OK,OK
2026-08-15T08:10:36.140531Z,1278,248.0,0,OK,OK,OK
2026-08-15T08:10:41.617892Z,1270,248.0,0,OK,OK,OK
2026-08-15T08:10:47.125546Z,1278,248.1,0,OK,OK,OK
2026-08-15T08:10:52.604541Z,1273,248.1,0,OK,OK,OK
2026-08-15T08:10:58.055852Z,1279,248.1,0,OK,OK,OK
2026-08-15T08:11:03.550315Z,1288,248.0,0,OK,OK,OK
2026-08-15T08:11:09.082171Z,1284,248.1,0,OK,OK,OK
2026-08-15T08:11:14.593102Z,1277,248.1,0,OK,OK,OK
2026-08-15T08:11:20.113623Z,1307,248.2,0,OK,OK,OK
2026-08-15T08:11:25.596101Z,1275,248.2,0,OK,OK,OK
2026-08-15T08:11:31.133087Z,1280,248.2,0,OK,OK,OK
2026-08-15T08:11:36.641442Z,1270,248.2,0,OK,OK,OK
2026-08-15T08:11:42.170580Z,1280,248.5,0,OK,OK,OK
2026-08-15T08:11:47.684805Z,1278,248.5,0,OK,OK,OK
2026-08-15T08:11:53.205385Z,1283,248.5,0,OK,OK,OK
2026-08-15T08:11:58.661090Z,1267,248.5,0,OK,OK,OK
2026-08-15T08:12:04.127154Z,1279,248.5,0,OK,OK,OK
2026-08-15T08:12:09.628027Z,1277,248.4,0,OK,OK,OK
2026-08-15T08:12:15.108504Z,1295,248.5,0,OK,OK,OK
2026-08-15T08:12:20.606205Z,1278,248.5,0,OK,OK,OK
2026-08-15T08:12:26.088028Z,1279,248.5,0,OK,OK,OK
2026-08-15T08:12:31.597996Z,1372,248.4,0,OK,OK,OK
2026-08-15T08:12:37.068445Z,1383,248.4,0,OK,OK,OK
2026-08-15T08:12:42.553157Z,1388,248.4,0,OK,OK,OK
2026-08-15T08:12:48.081995Z,1407,248.4,0,OK,OK,OK
2026-08-15T08:12:53.567118Z,1401,248.4,0,OK,OK,OK
2026-08-15T08:12:59.068857Z,1407,248.4,0,OK,OK,OK
2026-08-15T08:13:04.566490Z,1361,248.4,0,OK,OK,OK
2026-08-15T08:13:10.063953Z,1392,248.4,0,OK,OK,OK
2026-08-15T08:13:15.581030Z,1396,248.4,0,OK,OK,OK
2026-08-15T08:13:21.083974Z,1398,248.4,0,OK,OK,OK
2026-08-15T08:13:26.573075Z,1381,248.3,0,OK,OK,OK
2026-08-15T08:13:32.087336Z,1384,248.3,0,OK,OK,OK
2026-08-15T08:13:37.592195Z,1379,248.4,0,OK,OK,OK
2026-08-15T08:13:43.083739Z,1380,248.4,0,OK,OK,OK
2026-08-15T08:13:48.563251Z,1400,248.4,0,OK,OK,OK
2026-08-15T08:13:54.085722Z,1378,248.3,0,OK,OK,OK
2026-08-15T08:13:59.596347Z,1384,248.4,0,OK,OK,OK
2026-08-15T08:14:05.091117Z,1375,248.4,0,OK,OK,OK
2026-08-15T08:14:10.608368Z,1389,248.3,0,OK,OK,OK
2026-08-15T08:14:16.153928Z,1375,248.3,0,OK,OK,OK
2026-08-15T08:14:21.659763Z,1384,248.4,0,OK,OK,OK
2026-08-15T08:14:27.185756Z,1371,248.3,0,OK,OK,OK
2026-08-15T08:14:32.705411Z,1370,248.3,0,OK,OK,OK
2026-08-15T08:14:38.231006Z,1366,248.4,0,OK,OK,OK
2026-08-15T08:14:43.705845Z,1371,248.4,0,OK,OK,OK
2026-08-15T08:14:49.242999Z,1367,248.4,0,OK,OK,OK
2026-08-15T08:14:54.793368Z,1375,248.4,0,OK,OK,OK
2026-08-15T08:15:00.277873Z,1371,248.4,0,OK,OK,OK
2026-08-15T08:15:05.816460Z,1385,248.4,0,OK,OK,OK
2026-08-15T08:15:11.311428Z,1375,248.4,0,OK,OK,OK
2026-08-15T08:15:16.833228Z,1370,248.4,0,OK,OK,OK
2026-08-15T08:15:22.352414Z,1370,248.4,0,OK,OK,OK
2026-08-15T08:15:27.888354Z,1387,248.4,0,OK,OK,OK
2026-08-15T08:15:33.368468Z,1382,248.4,0,OK,OK,OK
2026-08-15T08:15:38.886294Z,1379,248.4,0,OK,OK,OK
2026-08-15T08:15:44.398220Z,1375,248.4,0,OK,OK,OK
2026-08-15T08:15:49.921871Z,1354,248.4,0,OK,OK,OK
2026-08-15T08:15:55.459382Z,1372,248.4,0,OK,OK,OK
2026-08-15T08:16:00.939851Z,1385,248.4,0,OK,OK,OK
2026-08-15T08:16:06.441964Z,1379,248.4,0,OK,OK,OK
2026-08-15T08:16:11.970782Z,1377,248.4,0,OK,OK,OK
2026-08-15T08:16:17.507310Z,1380,248.5,0,OK,OK,OK
2026-08-15T08:16:23.033019Z,1379,248.6,0,OK,OK,OK
2026-08-15T08:16:28.522824Z,1383,248.5,0,OK,OK,OK
2026-08-15T08:16:34.058867Z,1389,248.6,0,OK,OK,OK
2026-08-15T08:16:39.535475Z,1374,248.5,0,OK,OK,OK
2026-08-15T08:16:45.010610Z,1375,248.5,0,OK,OK,OK
2026-08-15T08:16:50.485176Z,1373,248.6,0,OK,OK,OK
2026-08-15T08:16:55.934310Z,1378,248.5,0,OK,OK,OK
2026-08-15T08:17:01.445891Z,1370,248.4,0,OK,OK,OK
2026-08-15T08:17:06.898971Z,1383,248.6,0,OK,OK,OK
2026-08-15T08:17:12.407492Z,1388,248.4,0,OK,OK,OK
2026-08-15T08:17:17.937364Z,1373,248.4,0,OK,OK,OK
2026-08-15T08:17:23.446818Z,1374,248.4,0,OK,OK,OK
2026-08-15T08:17:28.943144Z,1379,248.4,0,OK,OK,OK
2026-08-15T08:17:34.458787Z,1377,248.4,0,OK,OK,OK
2026-08-15T08:17:39.995372Z,1375,248.4,0,OK,OK,OK
2026-08-15T08:17:45.486647Z,1378,248.5,0,OK,OK,OK
2026-08-15T08:17:50.989755Z,1379,248.5,0,OK,OK,OK
2026-08-15T08:17:56.518534Z,1385,248.5,0,OK,OK,OK
2026-08-15T08:18:02.023347Z,1382,248.4,0,OK,OK,OK
2026-08-15T08:18:07.511598Z,1384,248.4,0,OK,OK,OK
2026-08-15T08:18:13.037310Z,1383,248.4,0,OK,OK,OK
2026-08-15T08:18:18.518948Z,1385,248.4,0,OK,OK,OK
2026-08-15T08:18:24.060616Z,1377,248.4,0,OK,OK,OK
2026-08-15T08:18:29.551479Z,1381,248.4,0,OK,OK,OK
2026-08-15T08:18:35.054302Z,1374,248.4,0,OK,OK,OK
2026-08-15T08:18:40.596289Z,1381,248.4,0,OK,OK,OK
2026-08-15T08:18:46.088432Z,1388,248.4,0,OK,OK,OK
2026-08-15T08:18:51.576308Z,1385,248.4,0,OK,OK,OK
2026-08-15T08:18:57.112688Z,1397,248.4,0,OK,OK,OK
2026-08-15T08:19:02.626943Z,1396,248.4,0,OK,OK,OK
2026-08-15T08:19:08.155467Z,1394,248.4,0,OK,OK,OK
2026-08-15T08:19:13.700137Z,1393,248.3,0,OK,OK,OK
2026-08-15T08:19:19.178756Z,1383,248.4,0,OK,OK,OK
2026-08-15T08:19:24.715014Z,1393,248.4,0,OK,OK,OK
2026-08-15T08:19:30.203400Z,1383,248.4,0,OK,OK,OK
2026-08-15T08:19:35.688488Z,1415,248.4,0,OK,OK,OK
2026-08-15T08:19:41.167442Z,1386,248.4,0,OK,OK,OK
2026-08-15T08:19:46.676389Z,1385,248.4,0,OK,OK,OK
2026-08-15T08:19:52.175888Z,1388,248.4,0,OK,OK,OK
2026-08-15T08:19:57.625220Z,1392,248.4,0,OK,OK,OK
2026-08-15T08:20:03.135873Z,1398,248.4,0,OK,OK,OK
2026-08-15T08:20:08.595129Z,1384,248.4,0,OK,OK,OK
2026-08-15T08:20:14.113698Z,1398,248.4,0,OK,OK,OK
2026-08-15T08:20:19.591568Z,1391,248.4,0,OK,OK,OK
2026-08-15T08:20:25.132656Z,1380,248.4,0,OK,OK,OK
2026-08-15T08:20:30.605895Z,1404,248.4,0,OK,OK,OK
2026-08-15T08:20:36.123633Z,1387,248.4,0,OK,OK,OK
2026-08-15T08:20:41.617021Z,1392,248.4,0,OK,OK,OK
2026-08-15T08:20:47.111582Z,1386,248.4,0,OK,OK,OK
2026-08-15T08:20:52.594930Z,1385,248.4,0,OK,OK,OK
2026-08-15T08:20:58.116011Z,1386,248.4,0,OK,OK,OK
2026-08-15T08:21:03.632567Z,1382,248.4,0,OK,OK,OK
2026-08-15T08:21:09.110074Z,1388,248.4,0,OK,OK,OK
2026-08-15T08:21:14.575708Z,1389,248.4,0,OK,OK,OK
2026-08-15T08:21:20.100497Z,1391,248.4,0,OK,OK,OK
2026-08-15T08:21:25.594677Z,1395,248.4,0,OK,OK,OK
2026-08-15T08:21:31.068941Z,1387,248.4,0,OK,OK,OK
2026-08-15T08:21:36.554868Z,1390,248.4,0,OK,OK,OK
2026-08-15T08:21:42.018484Z,1399,248.4,0,OK,OK,OK
2026-08-15T08:21:47.483949Z,1391,248.4,0,OK,OK,OK
2026-08-15T08:21:52.941543Z,1389,248.4,0,OK,OK,OK
2026-08-15T08:21:58.418896Z,1393,248.4,0,OK,OK,OK
2026-08-15T08:22:03.896934Z,1360,248.4,0,OK,OK,OK
2026-08-15T08:22:09.411231Z,1405,248.4,0,OK,OK,OK
2026-08-15T08:22:14.910000Z,1417,248.4,0,OK,OK,OK
2026-08-15T08:22:20.409902Z,1395,248.3,0,OK,OK,OK
2026-08-15T08:22:25.936972Z,1386,248.4,0,OK,OK,OK
2026-08-15T08:22:31.420169Z,1391,248.4,0,OK,OK,OK
2026-08-15T08:22:36.926283Z,1389,248.4,0,OK,OK,OK
2026-08-15T08:22:42.402865Z,1393,248.4,0,OK,OK,OK
2026-08-15T08:22:47.880642Z,1390,248.4,0,OK,OK,OK
2026-08-15T08:22:53.375762Z,1386,248.3,0,OK,OK,OK
2026-08-15T08:22:58.903565Z,1399,248.3,0,OK,OK,OK
2026-08-15T08:23:04.380552Z,1401,248.4,0,OK,OK,OK
2026-08-15T08:23:09.873358Z,1402,248.3,0,OK,OK,OK
2026-08-15T08:23:15.392324Z,1400,248.4,0,OK,OK,OK
2026-08-15T08:23:20.889815Z,1414,248.4,0,OK,OK,OK
2026-08-15T08:23:26.402094Z,1419,248.3,0,OK,OK,OK
2026-08-15T08:23:31.888992Z,1388,248.2,0,OK,OK,OK
2026-08-15T08:23:37.422793Z,1409,248.2,0,OK,OK,OK
2026-08-15T08:23:42.925905Z,1395,248.4,0,OK,OK,OK
2026-08-15T08:23:48.458227Z,1399,248.4,0,OK,OK,OK
2026-08-15T08:23:53.970104Z,1395,248.4,0,OK,OK,OK
2026-08-15T08:23:59.469540Z,1398,248.4,0,OK,OK,OK
2026-08-15T08:24:04.965574Z,1409,248.4,0,OK,OK,OK
2026-08-15T08:24:10.482907Z,1417,248.2,0,OK,OK,OK
2026-08-15T08:24:15.948178Z,1411,248.4,0,OK,OK,OK
2026-08-15T08:24:21.457350Z,1403,248.4,0,OK,OK,OK
2026-08-15T08:24:26.983889Z,1392,248.4,0,OK,OK,OK
2026-08-15T08:24:32.442895Z,1419,248.2,0,OK,OK,OK
2026-08-15T08:24:37.926677Z,1412,248.2,0,OK,OK,OK
2026-08-15T08:24:43.419255Z,1404,248.2,0,OK,OK,OK
2026-08-15T08:24:48.892661Z,1407,248.2,0,OK,OK,OK
2026-08-15T08:24:54.360388Z,1423,248.2,0,OK,OK,OK
2026-08-15T08:24:59.858738Z,1410,248.2,0,OK,OK,OK
2026-08-15T08:25:05.392342Z,1413,248.2,0,OK,OK,OK
2026-08-15T08:25:10.938347Z,1407,248.2,0,OK,OK,OK
2026-08-15T08:25:16.412889Z,1433,248.2,0,OK,OK,OK
2026-08-15T08:25:21.911720Z,1410,248.2,0,OK,OK,OK
2026-08-15T08:25:27.442180Z,1404,248.2,0,OK,OK,OK
2026-08-15T08:25:32.938822Z,1412,248.2,0,OK,OK,OK
2026-08-15T08:25:38.404776Z,1402,248.1,0,OK,OK,OK
2026-08-15T08:25:43.923906Z,1404,248.2,0,OK,OK,OK
2026-08-15T08:25:49.433681Z,1418,248.2,0,OK,OK,OK
2026-08-15T08:25:54.884338Z,1406,248.2,0,OK,OK,OK
2026-08-15T08:26:00.378784Z,1405,248.2,0,OK,OK,OK
2026-08-15T08:26:05.831483Z,1399,248.3,0,OK,OK,OK
2026-08-15T08:26:11.328378Z,1408,248.3,0,OK,OK,OK
2026-08-15T08:26:16.833433Z,1402,248.3,0,OK,OK,OK
2026-08-15T08:26:22.350842Z,1411,248.3,0,OK,OK,OK
2026-08-15T08:26:27.827710Z,1409,248.2,0,OK,OK,OK
2026-08-15T08:26:33.324962Z,1414,248.4,0,OK,OK,OK
2026-08-15T08:26:38.822391Z,1412,248.2,0,OK,OK,OK
2026-08-15T08:26:44.309237Z,1398,248.4,0,OK,OK,OK
2026-08-15T08:26:49.830042Z,1400,248.4,0,OK,OK,OK
2026-08-15T08:26:55.332073Z,1392,248.4,0,OK,OK,OK
2026-08-15T08:27:00.825110Z,1397,248.4,0,OK,OK,OK
2026-08-15T08:27:06.368506Z,1398,248.4,0,OK,OK,OK
2026-08-15T08:27:11.873220Z,1408,248.3,0,OK,OK,OK
2026-08-15T08:27:17.383500Z,1468,248.2,0,OK,OK,OK
2026-08-15T08:27:22.894605Z,1395,248.3,0,OK,OK,OK
2026-08-15T08:27:28.417256Z,1402,248.3,0,OK,OK,OK
2026-08-15T08:27:33.933498Z,1394,248.3,0,OK,OK,OK
2026-08-15T08:27:39.414878Z,1394,248.3,0,OK,OK,OK
2026-08-15T08:27:44.939420Z,1400,248.3,0,OK,OK,OK
2026-08-15T08:27:50.444074Z,1399,248.3,0,OK,OK,OK
2026-08-15T08:27:55.977212Z,1397,248.3,0,OK,OK,OK
2026-08-15T08:28:01.508262Z,1398,248.3,0,OK,OK,OK
2026-08-15T08:28:07.018377Z,1395,248.3,0,OK,OK,OK
2026-08-15T08:28:12.521353Z,1400,248.3,0,OK,OK,OK
2026-08-15T08:28:17.996274Z,1400,248.3,0,OK,OK,OK
2026-08-15T08:28:23.453517Z,1394,248.1,0,OK,OK,OK
2026-08-15T08:28:28.963505Z,1395,248.1,0,OK,OK,OK
2026-08-15T08:28:34.429468Z,1399,248.1,0,OK,OK,OK
2026-08-15T08:28:39.927209Z,1409,248.3,0,OK,OK,OK
2026-08-15T08:28:45.421459Z,1394,248.3,0,OK,OK,OK
2026-08-15T08:28:50.901990Z,1397,248.2,0,OK,OK,OK
2026-08-15T08:28:56.401024Z,1395,248.2,0,OK,OK,OK
2026-08-15T08:29:01.897081Z,1395,248.3,0,OK,OK,OK
2026-08-15T08:29:07.399223Z,1389,248.3,0,OK,OK,OK
2026-08-15T08:29:12.915853Z,1396,248.3,0,OK,OK,OK
2026-08-15T08:29:18.425731Z,1391,248.2,0,OK,OK,OK
2026-08-15T08:29:23.929446Z,1393,248.3,0,OK,OK,OK
2026-08-15T08:29:29.441730Z,1399,248.3,0,OK,OK,OK
2026-08-15T08:29:34.921541Z,1417,248.3,0,OK,OK,OK
2026-08-15T08:29:40.432357Z,1409,248.3,0,OK,OK,OK
2026-08-15T08:29:45.942296Z,1402,248.3,0,OK,OK,OK
2026-08-15T08:29:51.469226Z,1383,248.3,0,OK,OK,OK
2026-08-15T08:29:57.001487Z,1400,248.3,0,OK,OK,OK
2026-08-15T08:30:02.532674Z,1397,248.3,0,OK,OK,OK
2026-08-15T08:30:08.056578Z,1399,248.2,0,OK,OK,OK
2026-08-15T08:30:13.539766Z,1408,248.2,0,OK,OK,OK
2026-08-15T08:30:19.057427Z,1402,248.1,0,OK,OK,OK
2026-08-15T08:30:24.568904Z,1383,248.3,0,OK,OK,OK
2026-08-15T08:30:30.105612Z,1381,248.3,0,OK,OK,OK
2026-08-15T08:30:35.634691Z,1415,248.3,0,OK,OK,OK
2026-08-15T08:30:41.160871Z,1388,248.4,0,OK,OK,OK
2026-08-15T08:30:46.637553Z,1403,248.4,0,OK,OK,OK
2026-08-15T08:30:52.117155Z,1400,248.4,0,OK,OK,OK
2026-08-15T08:30:57.638807Z,1398,248.4,0,OK,OK,OK
2026-08-15T08:31:03.157076Z,1398,248.4,0,OK,OK,OK
2026-08-15T08:31:08.677827Z,1384,248.4,0,OK,OK,OK
2026-08-15T08:31:14.220037Z,1399,248.4,0,OK,OK,OK
2026-08-15T08:31:19.722061Z,1404,248.4,0,OK,OK,OK
2026-08-15T08:31:25.246173Z,1378,248.4,0,OK,OK,OK
2026-08-15T08:31:30.771848Z,1397,248.4,0,OK,OK,OK
2026-08-15T08:31:36.261275Z,1416,248.4,0,OK,OK,OK
2026-08-15T08:31:41.786631Z,1394,248.4,0,OK,OK,OK
2026-08-15T08:31:47.274560Z,1401,248.4,0,OK,OK,OK
2026-08-15T08:31:52.757793Z,1399,248.4,0,OK,OK,OK
2026-08-15T08:31:58.266285Z,1407,248.4,0,OK,OK,OK
2026-08-15T08:32:03.812235Z,1404,248.5,0,OK,OK,OK
2026-08-15T08:32:09.306596Z,1407,248.5,0,OK,OK,OK
2026-08-15T08:32:14.851183Z,1407,248.5,0,OK,OK,OK
2026-08-15T08:32:20.343092Z,1406,248.4,0,OK,OK,OK
2026-08-15T08:32:25.840504Z,1406,248.4,0,OK,OK,OK
2026-08-15T08:32:31.411350Z,1405,248.4,0,OK,OK,OK
2026-08-15T08:32:36.918131Z,1402,248.4,0,OK,OK,OK
2026-08-15T08:32:42.455412Z,1390,248.5,0,OK,OK,OK
2026-08-15T08:32:47.947598Z,1387,248.4,0,OK,OK,OK
2026-08-15T08:32:53.478968Z,1376,248.4,0,OK,OK,OK
2026-08-15T08:32:59.000334Z,1378,248.4,0,OK,OK,OK
2026-08-15T08:33:04.503813Z,1378,248.4,0,OK,OK,OK
2026-08-15T08:33:10.028054Z,1421,248.4,0,OK,OK,OK
2026-08-15T08:33:15.501819Z,1411,248.4,0,OK,OK,OK
2026-08-15T08:33:21.010573Z,1407,248.4,0,OK,OK,OK
2026-08-15T08:33:26.523064Z,1410,248.4,0,OK,OK,OK
2026-08-15T08:33:32.004536Z,1412,248.4,0,OK,OK,OK
2026-08-15T08:33:37.493726Z,1405,248.4,0,OK,OK,OK
2026-08-15T08:33:42.982226Z,1406,248.4,0,OK,OK,OK
2026-08-15T08:33:48.456308Z,1409,248.4,0,OK,OK,OK
2026-08-15T08:33:53.969837Z,1403,248.4,0,OK,OK,OK
2026-08-15T08:33:59.468200Z,1408,248.4,0,OK,OK,OK
2026-08-15T08:34:04.992938Z,1428,248.4,0,OK,OK,OK
2026-08-15T08:34:10.496312Z,1447,248.4,0,OK,OK,OK
2026-08-15T08:34:16.008486Z,1451,248.4,0,OK,OK,OK
2026-08-15T08:34:21.524921Z,1458,248.4,0,OK,OK,OK
2026-08-15T08:34:27.061442Z,1484,248.5,0,OK,OK,OK
2026-08-15T08:34:32.584258Z,1473,248.5,0,OK,OK,OK
2026-08-15T08:34:38.108855Z,1471,248.5,0,OK,OK,OK
2026-08-15T08:34:43.600328Z,1490,248.4,0,OK,OK,OK
2026-08-15T08:34:49.099202Z,1555,248.4,0,OK,OK,OK
2026-08-15T08:34:54.618015Z,1564,248.3,0,OK,OK,OK
2026-08-15T08:35:00.166240Z,1552,248.2,0,OK,OK,OK
2026-08-15T08:35:05.666107Z,1545,248.4,0,OK,OK,OK
2026-08-15T08:35:11.163383Z,1553,248.3,0,OK,OK,OK
2026-08-15T08:35:16.663271Z,1539,248.3,0,OK,OK,OK
2026-08-15T08:35:22.173071Z,1549,248.4,0,OK,OK,OK
2026-08-15T08:35:27.664033Z,1545,248.3,0,OK,OK,OK
2026-08-15T08:35:33.161327Z,1549,248.3,0,OK,OK,OK
2026-08-15T08:35:38.698225Z,1558,248.3,0,OK,OK,OK
2026-08-15T08:35:44.215295Z,1539,248.3,0,OK,OK,OK
2026-08-15T08:35:49.752411Z,1523,248.3,0,OK,OK,OK
2026-08-15T08:35:55.232597Z,1512,248.3,0,OK,OK,OK
2026-08-15T08:36:00.735250Z,1515,248.4,0,OK,OK,OK
2026-08-15T08:36:06.266420Z,1294,248.5,0,OK,OK,OK
2026-08-15T08:36:11.781842Z,1284,248.4,0,OK,OK,OK
2026-08-15T08:36:17.253602Z,1309,248.5,0,OK,OK,OK
2026-08-15T08:36:22.753537Z,1241,248.5,0,OK,OK,OK
2026-08-15T08:36:28.271055Z,1204,248.5,0,OK,OK,OK
2026-08-15T08:36:33.791641Z,1200,248.5,0,OK,OK,OK
2026-08-15T08:36:39.264749Z,1216,248.4,0,OK,OK,OK
2026-08-15T08:36:44.783376Z,1221,248.3,0,OK,OK,OK
2026-08-15T08:36:50.284292Z,1216,248.4,0,OK,OK,OK
2026-08-15T08:36:55.811706Z,1204,248.4,0,OK,OK,OK
2026-08-15T08:37:01.338457Z,1202,248.4,0,OK,OK,OK
2026-08-15T08:37:06.851302Z,1216,248.5,0,OK,OK,OK
2026-08-15T08:37:12.368272Z,1221,248.5,0,OK,OK,OK
2026-08-15T08:37:17.845423Z,1207,248.5,0,OK,OK,OK
2026-08-15T08:37:23.337245Z,1214,248.3,0,OK,OK,OK
2026-08-15T08:37:28.852306Z,1182,248.5,0,OK,OK,OK
2026-08-15T08:37:34.301754Z,1173,248.5,0,OK,OK,OK
2026-08-15T08:37:39.800206Z,1186,248.5,0,OK,OK,OK
2026-08-15T08:37:45.285485Z,1172,248.6,0,OK,OK,OK
2026-08-15T08:37:50.785050Z,1170,248.7,0,OK,OK,OK
2026-08-15T08:37:56.265739Z,1168,248.6,0,OK,OK,OK
2026-08-15T08:38:01.747444Z,1184,248.6,0,OK,OK,OK
2026-08-15T08:38:07.260836Z,1157,248.7,0,OK,OK,OK
2026-08-15T08:38:12.764993Z,1157,248.7,0,OK,OK,OK
2026-08-15T08:38:18.274565Z,1159,248.6,0,OK,OK,OK
2026-08-15T08:38:23.811721Z,1148,248.7,0,OK,OK,OK
2026-08-15T08:38:29.318633Z,1122,248.7,0,OK,OK,OK
2026-08-15T08:38:34.824853Z,1102,248.6,0,OK,OK,OK
2026-08-15T08:38:40.337055Z,1094,248.7,0,OK,OK,OK
2026-08-15T08:38:45.845858Z,1089,248.7,0,OK,OK,OK
2026-08-15T08:38:51.385526Z,1088,248.7,0,OK,OK,OK
2026-08-15T08:38:56.894224Z,1144,248.7,0,OK,OK,OK
2026-08-15T08:39:02.387486Z,1084,248.7,0,OK,OK,OK
2026-08-15T08:39:07.912737Z,1107,248.6,0,OK,OK,OK
2026-08-15T08:39:13.414610Z,1085,248.6,0,OK,OK,OK
2026-08-15T08:39:18.940546Z,1091,248.7,0,OK,OK,OK
2026-08-15T08:39:24.450286Z,1082,248.7,0,OK,OK,OK
2026-08-15T08:39:29.965865Z,1088,248.7,0,OK,OK,OK
2026-08-15T08:39:35.496953Z,1092,248.7,0,OK,OK,OK
2026-08-15T08:39:40.990237Z,1147,248.7,0,OK,OK,OK
2026-08-15T08:39:46.514434Z,1072,248.7,0,OK,OK,OK
2026-08-15T08:39:51.981371Z,1091,248.7,0,OK,OK,OK
2026-08-15T08:39:57.476331Z,1082,248.7,0,OK,OK,OK
2026-08-15T08:40:02.959832Z,1087,248.7,0,OK,OK,OK
2026-08-15T08:40:08.477498Z,1093,248.7,0,OK,OK,OK
2026-08-15T08:40:14.002110Z,1076,248.6,0,OK,OK,OK
2026-08-15T08:40:19.500177Z,1086,248.7,0,OK,OK,OK
2026-08-15T08:40:24.957621Z,1088,248.7,0,OK,OK,OK
2026-08-15T08:40:30.454565Z,1082,248.7,0,OK,OK,OK
2026-08-15T08:40:35.919689Z,1072,248.7,0,OK,OK,OK
2026-08-15T08:40:41.405338Z,1076,248.7,0,OK,OK,OK
2026-08-15T08:40:46.931976Z,1074,248.7,0,OK,OK,OK
2026-08-15T08:40:52.411673Z,1072,248.7,0,OK,OK,OK
2026-08-15T08:40:57.948176Z,1093,248.7,0,OK,OK,OK
2026-08-15T08:41:03.410621Z,1094,248.7,0,OK,OK,OK
2026-08-15T08:41:08.932436Z,1082,248.7,0,OK,OK,OK
2026-08-15T08:41:14.460293Z,1085,248.7,0,OK,OK,OK
2026-08-15T08:41:19.965077Z,1088,248.7,0,OK,OK,OK
2026-08-15T08:41:25.447544Z,1086,248.7,0,OK,OK,OK
2026-08-15T08:41:30.987968Z,1090,248.7,0,OK,OK,OK
2026-08-15T08:41:36.534286Z,1068,248.7,0,OK,OK,OK
2026-08-15T08:41:42.010396Z,1094,248.7,0,OK,OK,OK
2026-08-15T08:41:47.504841Z,1086,248.7,0,OK,OK,OK
2026-08-15T08:41:53.012906Z,1086,248.7,0,OK,OK,OK
2026-08-15T08:41:58.525457Z,1081,248.7,0,OK,OK,OK
2026-08-15T08:42:04.057669Z,1080,248.7,0,OK,OK,OK
2026-08-15T08:42:09.545487Z,1082,248.5,0,OK,OK,OK
2026-08-15T08:42:15.084721Z,1096,248.6,0,OK,OK,OK
2026-08-15T08:42:20.575741Z,1081,248.5,0,OK,OK,OK
2026-08-15T08:42:26.096489Z,1078,248.6,0,OK,OK,OK
2026-08-15T08:42:31.602168Z,1073,248.7,0,OK,OK,OK
2026-08-15T08:42:37.055665Z,1092,248.5,0,OK,OK,OK
2026-08-15T08:42:42.505769Z,1090,248.7,0,OK,OK,OK
2026-08-15T08:42:48.029937Z,1085,248.5,0,OK,OK,OK
2026-08-15T08:42:53.544315Z,1081,248.6,0,OK,OK,OK
2026-08-15T08:42:59.034359Z,1079,248.6,0,OK,OK,OK
2026-08-15T08:43:04.524219Z,1085,248.6,0,OK,OK,OK
2026-08-15T08:43:10.048347Z,1068,248.4,0,OK,OK,OK
2026-08-15T08:43:15.597153Z,1084,248.5,0,OK,OK,OK
2026-08-15T08:43:21.127960Z,1072,248.7,0,OK,OK,OK
2026-08-15T08:43:26.639990Z,1070,248.6,0,OK,OK,OK
2026-08-15T08:43:32.184266Z,1068,248.6,0,OK,OK,OK
2026-08-15T08:43:37.697076Z,1090,248.6,0,OK,OK,OK
2026-08-15T08:43:43.232479Z,1086,248.5,0,OK,OK,OK
2026-08-15T08:43:48.704911Z,1084,248.6,0,OK,OK,OK
2026-08-15T08:43:54.213252Z,1082,248.6,0,OK,OK,OK
2026-08-15T08:43:59.707277Z,1096,248.6,0,OK,OK,OK
2026-08-15T08:44:05.222339Z,1081,248.6,0,OK,OK,OK
2026-08-15T08:44:10.698985Z,1078,248.5,0,OK,OK,OK
2026-08-15T08:44:16.239754Z,1083,248.5,0,OK,OK,OK
2026-08-15T08:44:21.756037Z,1088,248.5,0,OK,OK,OK
2026-08-15T08:44:27.254988Z,1082,248.5,0,OK,OK,OK
2026-08-15T08:44:32.793625Z,1090,248.5,0,OK,OK,OK
2026-08-15T08:44:38.312666Z,1087,248.5,0,OK,OK,OK
2026-08-15T08:44:43.799701Z,1090,248.5,0,OK,OK,OK
2026-08-15T08:44:49.303271Z,1084,248.5,0,OK,OK,OK
2026-08-15T08:44:54.773374Z,1092,248.6,0,OK,OK,OK
2026-08-15T08:45:00.287759Z,1081,248.5,0,OK,OK,OK
2026-08-15T08:45:05.737333Z,1093,248.4,0,OK,OK,OK
2026-08-15T08:45:11.233582Z,1082,248.5,0,OK,OK,OK
2026-08-15T08:45:16.676911Z,1083,248.4,0,OK,OK,OK
2026-08-15T08:45:22.172647Z,1084,248.5,0,OK,OK,OK
2026-08-15T08:45:27.658145Z,1083,248.4,0,OK,OK,OK
2026-08-15T08:45:33.172067Z,1113,248.6,0,OK,OK,OK
2026-08-15T08:45:38.652865Z,1088,248.5,0,OK,OK,OK
2026-08-15T08:45:44.183661Z,1086,248.5,0,OK,OK,OK
2026-08-15T08:45:49.682631Z,1090,248.6,0,OK,OK,OK
2026-08-15T08:45:55.164863Z,1088,248.6,0,OK,OK,OK
2026-08-15T08:46:00.650985Z,1086,248.5,0,OK,OK,OK
2026-08-15T08:46:06.146210Z,1090,248.6,0,OK,OK,OK
2026-08-15T08:46:11.644174Z,1086,248.5,0,OK,OK,OK
2026-08-15T08:46:17.170482Z,1095,248.6,0,OK,OK,OK
2026-08-15T08:46:22.689803Z,12631,241.4,0,OK,OK,OK
2026-08-15T08:46:28.212713Z,2443,247.9,0,OK,OK,OK
2026-08-15T08:46:33.725604Z,2459,247.9,0,OK,OK,OK
2026-08-15T08:46:39.214823Z,2461,247.9,0,OK,OK,OK
2026-08-15T08:46:44.734947Z,2465,247.9,0,OK,OK,OK
2026-08-15T08:46:50.251036Z,2472,247.9,0,OK,OK,OK
2026-08-15T08:46:55.740332Z,2482,247.9,0,OK,OK,OK
2026-08-15T08:47:01.226114Z,2476,247.9,0,OK,OK,OK
2026-08-15T08:47:06.748498Z,2534,247.9,0,OK,OK,OK
2026-08-15T08:47:12.236448Z,2541,247.8,0,OK,OK,OK
2026-08-15T08:47:17.736117Z,2528,247.9,0,OK,OK,OK
2026-08-15T08:47:23.270634Z,2512,247.9,0,OK,OK,OK
2026-08-15T08:47:28.746375Z,2561,247.8,0,OK,OK,OK
2026-08-15T08:47:34.261099Z,2531,247.9,0,OK,OK,OK
2026-08-15T08:47:39.772699Z,2535,247.9,0,OK,OK,OK
2026-08-15T08:47:45.265042Z,2515,247.9,0,OK,OK,OK
2026-08-15T08:47:50.776222Z,2522,248.0,0,OK,OK,OK
2026-08-15T08:47:56.253512Z,2516,248.0,0,OK,OK,OK
2026-08-15T08:48:01.758161Z,2525,248.0,0,OK,OK,OK
2026-08-15T08:48:07.264319Z,2523,248.0,0,OK,OK,OK
2026-08-15T08:48:12.753539Z,2646,248.0,0,OK,OK,OK
2026-08-15T08:48:18.259383Z,2666,248.0,0,OK,OK,OK
2026-08-15T08:48:23.745480Z,2644,248.1,0,OK,OK,OK
2026-08-15T08:48:29.225197Z,2643,248.1,0,OK,OK,OK
2026-08-15T08:48:34.725439Z,2643,248.1,0,OK,OK,OK
2026-08-15T08:48:40.237449Z,2640,248.0,0,OK,OK,OK
2026-08-15T08:48:45.738684Z,2640,248.0,0,OK,OK,OK
2026-08-15T08:48:51.229133Z,2649,248.1,0,OK,OK,OK
2026-08-15T08:48:56.731281Z,2643,248.1,0,OK,OK,OK
2026-08-15T08:49:02.214103Z,2640,248.1,0,OK,OK,OK
2026-08-15T08:49:07.718547Z,2641,248.1,0,OK,OK,OK
2026-08-15T08:49:13.247717Z,2640,248.1,0,OK,OK,OK
2026-08-15T08:49:18.738020Z,2642,248.1,0,OK,OK,OK
2026-08-15T08:49:24.243047Z,2630,248.1,0,OK,OK,OK
2026-08-15T08:49:29.749030Z,2640,248.1,0,OK,OK,OK
2026-08-15T08:49:35.257447Z,2650,248.1,0,OK,OK,OK
2026-08-15T08:49:40.754029Z,2518,248.2,0,OK,OK,OK
2026-08-15T08:49:46.274823Z,2525,248.2,0,OK,OK,OK
2026-08-15T08:49:51.766495Z,2525,248.2,0,OK,OK,OK
2026-08-15T08:49:57.246099Z,2528,248.2,0,OK,OK,OK
2026-08-15T08:50:02.781775Z,2528,248.2,0,OK,OK,OK
2026-08-15T08:50:08.357875Z,2513,248.0,0,OK,OK,OK
2026-08-15T08:50:13.860249Z,2524,248.1,0,OK,OK,OK
2026-08-15T08:50:19.364295Z,2531,248.1,0,OK,OK,OK
2026-08-15T08:50:24.892169Z,2528,248.1,0,OK,OK,OK
2026-08-15T08:50:30.395307Z,2531,248.2,0,OK,OK,OK
2026-08-15T08:50:35.888645Z,2532,248.1,0,OK,OK,OK
2026-08-15T08:50:41.419784Z,2522,248.1,0,OK,OK,OK
2026-08-15T08:50:46.927563Z,2529,248.1,0,OK,OK,OK
2026-08-15T08:50:52.433167Z,2523,248.2,0,OK,OK,OK
2026-08-15T08:50:57.907647Z,2528,248.2,0,OK,OK,OK
2026-08-15T08:51:03.441772Z,2520,248.2,0,OK,OK,OK
2026-08-15T08:51:08.945606Z,2529,248.2,0,OK,OK,OK
2026-08-15T08:51:14.519311Z,2517,248.2,0,OK,OK,OK
2026-08-15T08:51:19.994316Z,2520,248.2,0,OK,OK,OK
2026-08-15T08:51:25.490112Z,2516,248.2,0,OK,OK,OK
2026-08-15T08:51:30.991685Z,2522,248.1,0,OK,OK,OK
2026-08-15T08:51:36.510488Z,2513,248.2,0,OK,OK,OK
2026-08-15T08:51:42.018989Z,2529,248.2,0,OK,OK,OK
2026-08-15T08:51:47.496387Z,2514,248.2,0,OK,OK,OK
2026-08-15T08:51:52.948677Z,2512,248.2,0,OK,OK,OK
2026-08-15T08:51:58.428489Z,2514,248.2,0,OK,OK,OK
2026-08-15T08:52:03.944017Z,1126,248.8,0,OK,OK,OK
2026-08-15T08:52:09.481967Z,1120,248.8,0,OK,OK,OK
2026-08-15T08:52:15.003381Z,1123,248.8,0,OK,OK,OK
2026-08-15T08:52:20.493768Z,1124,248.8,0,OK,OK,OK
2026-08-15T08:52:25.983126Z,1115,248.8,0,OK,OK,OK
2026-08-15T08:52:31.485916Z,1108,248.9,0,OK,OK,OK
2026-08-15T08:52:36.995910Z,1110,248.8,0,OK,OK,OK
2026-08-15T08:52:42.518074Z,1116,248.8,0,OK,OK,OK
2026-08-15T08:52:48.017923Z,1110,248.8,0,OK,OK,OK
2026-08-15T08:52:53.518557Z,1117,248.9,0,OK,OK,OK
2026-08-15T08:52:59.011170Z,1115,248.9,0,OK,OK,OK
2026-08-15T08:53:04.500136Z,1113,248.9,0,OK,OK,OK
2026-08-15T08:53:09.985365Z,1213,248.7,0,OK,OK,OK
2026-08-15T08:53:15.502339Z,1214,248.8,0,OK,OK,OK
2026-08-15T08:53:20.983623Z,1238,248.7,0,OK,OK,OK
2026-08-15T08:53:26.432879Z,1216,248.8,0,OK,OK,OK
2026-08-15T08:53:31.963301Z,1241,248.7,0,OK,OK,OK
2026-08-15T08:53:37.450941Z,1235,248.7,0,OK,OK,OK
2026-08-15T08:53:42.950883Z,1353,248.7,0,OK,OK,OK
2026-08-15T08:53:48.469167Z,1344,248.7,0,OK,OK,OK
2026-08-15T08:53:54.013582Z,1352,248.8,0,OK,OK,OK
2026-08-15T08:53:59.482635Z,1320,248.8,0,OK,OK,OK
2026-08-15T08:54:05.009863Z,1312,248.8,0,OK,OK,OK
2026-08-15T08:54:10.468469Z,1314,248.7,0,OK,OK,OK
2026-08-15T08:54:16.005515Z,1310,248.8,0,OK,OK,OK
2026-08-15T08:54:21.507532Z,1321,248.7,0,OK,OK,OK
2026-08-15T08:54:26.996695Z,1307,248.7,0,OK,OK,OK
2026-08-15T08:54:32.462761Z,1306,248.7,0,OK,OK,OK
2026-08-15T08:54:37.965334Z,1303,248.7,0,OK,OK,OK
2026-08-15T08:54:43.423125Z,1296,248.7,0,OK,OK,OK
2026-08-15T08:54:48.890263Z,1311,248.7,0,OK,OK,OK
2026-08-15T08:54:54.403176Z,1301,248.7,0,OK,OK,OK
2026-08-15T08:54:59.872172Z,1300,248.7,0,OK,OK,OK
2026-08-15T08:55:05.372138Z,1296,248.7,0,OK,OK,OK
2026-08-15T08:55:10.847767Z,1290,248.7,0,OK,OK,OK
2026-08-15T08:55:16.359980Z,1295,248.7,0,OK,OK,OK
2026-08-15T08:55:21.884206Z,1297,248.7,0,OK,OK,OK
2026-08-15T08:55:27.380929Z,1290,248.7,0,OK,OK,OK
2026-08-15T08:55:32.841832Z,1284,248.7,0,OK,OK,OK
2026-08-15T08:55:38.338099Z,1289,248.7,0,OK,OK,OK
2026-08-15T08:55:43.862544Z,1294,248.7,0,OK,OK,OK
2026-08-15T08:55:49.382503Z,1295,248.7,0,OK,OK,OK
2026-08-15T08:55:54.918248Z,1292,248.7,0,OK,OK,OK
2026-08-15T08:56:00.420972Z,1292,248.7,0,OK,OK,OK
2026-08-15T08:56:05.937922Z,1296,248.7,0,OK,OK,OK
2026-08-15T08:56:11.444917Z,1313,248.7,0,OK,OK,OK
2026-08-15T08:56:16.927185Z,1297,248.7,0,OK,OK,OK
2026-08-15T08:56:22.433602Z,1294,248.7,0,OK,OK,OK
2026-08-15T08:56:27.917645Z,1310,248.7,0,OK,OK,OK
2026-08-15T08:56:33.422401Z,1303,248.7,0,OK,OK,OK
2026-08-15T08:56:38.897392Z,1319,248.7,0,OK,OK,OK
2026-08-15T08:56:44.386871Z,1307,248.7,0,OK,OK,OK
2026-08-15T08:56:49.850070Z,1304,248.7,0,OK,OK,OK
2026-08-15T08:56:55.360859Z,1290,248.7,0,OK,OK,OK
2026-08-15T08:57:00.829932Z,1298,248.7,0,OK,OK,OK
2026-08-15T08:57:06.336791Z,1300,248.7,0,OK,OK,OK
2026-08-15T08:57:11.859247Z,1287,248.7,0,OK,OK,OK
2026-08-15T08:57:17.397292Z,1282,248.7,0,OK,OK,OK
2026-08-15T08:57:22.855083Z,1300,248.7,0,OK,OK,OK
2026-08-15T08:57:28.383519Z,1294,248.7,0,OK,OK,OK
2026-08-15T08:57:33.867441Z,1293,248.8,0,OK,OK,OK
2026-08-15T08:57:39.384922Z,1292,248.7,0,OK,OK,OK
2026-08-15T08:57:44.860734Z,1292,248.7,0,OK,OK,OK
2026-08-15T08:57:50.348011Z,1294,248.7,0,OK,OK,OK
2026-08-15T08:57:55.872814Z,1311,248.7,0,OK,OK,OK
2026-08-15T08:58:01.389925Z,1296,248.7,0,OK,OK,OK
2026-08-15T08:58:06.860977Z,1294,248.7,0,OK,OK,OK
2026-08-15T08:58:12.369983Z,1296,248.7,0,OK,OK,OK
2026-08-15T08:58:17.910885Z,1282,248.7,0,OK,OK,OK
2026-08-15T08:58:23.425318Z,1283,248.7,0,OK,OK,OK
2026-08-15T08:58:28.935668Z,1301,248.7,0,OK,OK,OK
2026-08-15T08:58:34.438700Z,1300,248.7,0,OK,OK,OK
2026-08-15T08:58:39.957086Z,1306,248.7,0,OK,OK,OK
2026-08-15T08:58:45.428086Z,1300,248.7,0,OK,OK,OK
2026-08-15T08:58:50.977503Z,1299,248.7,0,OK,OK,OK
2026-08-15T08:58:56.493462Z,1283,248.7,0,OK,OK,OK
2026-08-15T08:59:02.003124Z,1298,248.7,0,OK,OK,OK
2026-08-15T08:59:07.494410Z,1300,248.7,0,OK,OK,OK
2026-08-15T08:59:13.016976Z,1283,248.7,0,OK,OK,OK
2026-08-15T08:59:18.498661Z,1297,248.7,0,OK,OK,OK
2026-08-15T08:59:24.034527Z,1295,248.7,0,OK,OK,OK
2026-08-15T08:59:29.522650Z,1284,248.7,0,OK,OK,OK
2026-08-15T08:59:35.021365Z,1294,248.7,0,OK,OK,OK
2026-08-15T08:59:40.536642Z,1302,248.7,0,OK,OK,OK
2026-08-15T08:59:46.054455Z,1304,248.7,0,OK,OK,OK
2026-08-15T08:59:51.558691Z,1289,248.7,0,OK,OK,OK
2026-08-15T08:59:57.066365Z,1288,248.7,0,OK,OK,OK
2026-08-15T09:00:02.598588Z,1284,248.7,0,OK,OK,OK
2026-08-15T09:00:08.117327Z,1287,248.7,0,OK,OK,OK
2026-08-15T09:00:13.609223Z,1287,248.7,0,OK,OK,OK
2026-08-15T09:00:19.115739Z,1280,248.8,0,OK,OK,OK
2026-08-15T09:00:24.588960Z,1302,248.8,0,OK,OK,OK
2026-08-15T09:00:30.142792Z,1261,248.7,0,OK,OK,OK
2026-08-15T09:00:35.616021Z,1277,248.7,0,OK,OK,OK
2026-08-15T09:00:41.106931Z,1261,248.7,0,OK,OK,OK
2026-08-15T09:00:46.579036Z,1281,248.7,0,OK,OK,OK
2026-08-15T09:00:52.084916Z,1286,248.7,0,OK,OK,OK
2026-08-15T09:00:57.543217Z,1306,248.7,0,OK,OK,OK
2026-08-15T09:01:03.055428Z,1288,248.7,0,OK,OK,OK
2026-08-15T09:01:08.524673Z,1311,248.7,0,OK,OK,OK
2026-08-15T09:01:14.033260Z,1304,248.7,0,OK,OK,OK
2026-08-15T09:01:19.520899Z,1286,248.6,0,OK,OK,OK
2026-08-15T09:01:25.019495Z,1335,248.5,0,OK,OK,OK
2026-08-15T09:01:30.517929Z,1317,248.6,0,OK,OK,OK
2026-08-15T09:01:36.020526Z,1304,248.7,0,OK,OK,OK
2026-08-15T09:01:41.529949Z,1303,248.5,0,OK,OK,OK
2026-08-15T09:01:47.019647Z,1301,248.5,0,OK,OK,OK
2026-08-15T09:01:52.508366Z,1290,248.4,0,OK,OK,OK
2026-08-15T09:01:57.996218Z,1308,248.5,0,OK,OK,OK
2026-08-15T09:02:03.475186Z,1305,248.6,0,OK,OK,OK
2026-08-15T09:02:09.001910Z,1315,248.5,0,OK,OK,OK
2026-08-15T09:02:14.507849Z,1294,248.6,0,OK,OK,OK
2026-08-15T09:02:20.063499Z,1310,248.6,0,OK,OK,OK
2026-08-15T09:02:25.553743Z,1305,248.7,0,OK,OK,OK
2026-08-15T09:02:31.052596Z,1304,248.6,0,OK,OK,OK
2026-08-15T09:02:36.602951Z,1287,248.6,0,OK,OK,OK
2026-08-15T09:02:42.091789Z,1312,248.6,0,OK,OK,OK
2026-08-15T09:02:47.572941Z,1334,248.5,0,OK,OK,OK
2026-08-15T09:02:53.052210Z,1333,248.4,0,OK,OK,OK
2026-08-15T09:02:58.570689Z,1334,248.6,0,OK,OK,OK
2026-08-15T09:03:04.075351Z,1309,248.6,0,OK,OK,OK
2026-08-15T09:03:09.577896Z,1320,248.7,0,OK,OK,OK
2026-08-15T09:03:15.081107Z,1322,248.7,0,OK,OK,OK
2026-08-15T09:03:20.602023Z,1332,248.7,0,OK,OK,OK
2026-08-15T09:03:26.064712Z,1339,248.5,0,OK,OK,OK
2026-08-15T09:03:31.594246Z,1318,248.6,0,OK,OK,OK
2026-08-15T09:03:37.077164Z,1334,248.6,0,OK,OK,OK
2026-08-15T09:03:42.593148Z,1328,248.4,0,OK,OK,OK
2026-08-15T09:03:48.077452Z,1360,248.5,0,OK,OK,OK
2026-08-15T09:03:53.562366Z,1345,248.5,0,OK,OK,OK
2026-08-15T09:03:59.033334Z,1354,248.4,0,OK,OK,OK
2026-08-15T09:04:04.558708Z,1364,248.5,0,OK,OK,OK
2026-08-15T09:04:10.059854Z,1372,248.4,0,OK,OK,OK
2026-08-15T09:04:15.569105Z,1354,248.6,0,OK,OK,OK
2026-08-15T09:04:21.056274Z,1362,248.7,0,OK,OK,OK
2026-08-15T09:04:26.569072Z,1364,248.6,0,OK,OK,OK
2026-08-15T09:04:32.068678Z,1357,248.6,0,OK,OK,OK
2026-08-15T09:04:37.550924Z,1363,248.6,0,OK,OK,OK
2026-08-15T09:04:43.088912Z,1369,248.6,0,OK,OK,OK
2026-08-15T09:04:48.598949Z,1369,248.3,0,OK,OK,OK
2026-08-15T09:04:54.141226Z,1371,248.2,0,OK,OK,OK
2026-08-15T09:04:59.639548Z,1356,248.2,0,OK,OK,OK
2026-08-15T09:05:05.090548Z,1370,248.3,0,OK,OK,OK
2026-08-15T09:05:10.593658Z,1342,248.3,0,OK,OK,OK
2026-08-15T09:05:16.116535Z,1341,248.2,0,OK,OK,OK
2026-08-15T09:05:21.621580Z,1335,248.3,0,OK,OK,OK
2026-08-15T09:05:27.157044Z,1327,248.3,0,OK,OK,OK
2026-08-15T09:05:32.688726Z,1305,248.3,0,OK,OK,OK
2026-08-15T09:05:38.177905Z,1318,248.1,0,OK,OK,OK
2026-08-15T09:05:43.694460Z,1325,248.2,0,OK,OK,OK
2026-08-15T09:05:49.185670Z,1342,248.2,0,OK,OK,OK
2026-08-15T09:05:54.673068Z,1341,248.2,0,OK,OK,OK
2026-08-15T09:06:00.193040Z,1332,248.2,0,OK,OK,OK
2026-08-15T09:06:05.684083Z,1357,248.2,0,OK,OK,OK
2026-08-15T09:06:11.209358Z,1336,248.2,0,OK,OK,OK
2026-08-15T09:06:16.678253Z,1336,248.3,0,OK,OK,OK
2026-08-15T09:06:22.215719Z,1317,248.3,0,OK,OK,OK
2026-08-15T09:06:27.720385Z,1298,248.2,0,OK,OK,OK
2026-08-15T09:06:33.207780Z,1297,248.2,0,OK,OK,OK
2026-08-15T09:06:38.722150Z,1281,248.2,0,OK,OK,OK
2026-08-15T09:06:44.274594Z,1247,248.1,0,OK,OK,OK
2026-08-15T09:06:49.763558Z,1257,248.3,0,OK,OK,OK
2026-08-15T09:06:55.287098Z,1223,248.3,0,OK,OK,OK
2026-08-15T09:07:00.789044Z,1226,248.3,0,OK,OK,OK
2026-08-15T09:07:06.314493Z,1241,248.3,0,OK,OK,OK
2026-08-15T09:07:11.794172Z,1283,248.2,0,OK,OK,OK
2026-08-15T09:07:17.294268Z,1243,248.3,0,OK,OK,OK
2026-08-15T09:07:22.792374Z,1247,248.3,0,OK,OK,OK
2026-08-15T09:07:28.287019Z,1233,248.4,0,OK,OK,OK
2026-08-15T09:07:33.733134Z,1241,248.3,0,OK,OK,OK
2026-08-15T09:07:39.241475Z,1289,248.3,0,OK,OK,OK
2026-08-15T09:07:44.730226Z,1233,248.3,0,OK,OK,OK
2026-08-15T09:07:50.271035Z,1220,248.4,0,OK,OK,OK
2026-08-15T09:07:55.758103Z,1228,248.5,0,OK,OK,OK
2026-08-15T09:08:01.237590Z,1273,248.5,0,OK,OK,OK
2026-08-15T09:08:06.725125Z,1214,248.4,0,OK,OK,OK
2026-08-15T09:08:12.221527Z,1222,248.4,0,OK,OK,OK
2026-08-15T09:08:17.703231Z,1218,248.5,0,OK,OK,OK
2026-08-15T09:08:23.159918Z,1214,248.6,0,OK,OK,OK
2026-08-15T09:08:28.681110Z,1221,248.4,0,OK,OK,OK
2026-08-15T09:08:34.187029Z,1220,248.5,0,OK,OK,OK
2026-08-15T09:08:39.665672Z,1218,248.6,0,OK,OK,OK
2026-08-15T09:08:45.158039Z,1232,248.5,0,OK,OK,OK
2026-08-15T09:08:50.701345Z,1216,248.5,0,OK,OK,OK
2026-08-15T09:08:56.199749Z,1207,248.6,0,OK,OK,OK
2026-08-15T09:09:01.690060Z,1219,248.6,0,OK,OK,OK
2026-08-15T09:09:07.201945Z,1225,248.6,0,OK,OK,OK
2026-08-15T09:09:12.699925Z,1205,248.4,0,OK,OK,OK
2026-08-15T09:09:18.186366Z,1226,248.5,0,OK,OK,OK
2026-08-15T09:09:23.703266Z,1225,248.5,0,OK,OK,OK
2026-08-15T09:09:29.155694Z,1209,248.5,0,OK,OK,OK
2026-08-15T09:09:34.643780Z,1230,248.5,0,OK,OK,OK
2026-08-15T09:09:40.127420Z,1227,248.5,0,OK,OK,OK
2026-08-15T09:09:45.623144Z,1213,248.5,0,OK,OK,OK
2026-08-15T09:09:51.120732Z,1206,248.5,0,OK,OK,OK
2026-08-15T09:09:56.604785Z,1222,248.5,0,OK,OK,OK
2026-08-15T09:10:02.129720Z,1218,248.5,0,OK,OK,OK
2026-08-15T09:10:07.641839Z,1214,248.6,0,OK,OK,OK
2026-08-15T09:10:13.188348Z,1215,248.5,0,OK,OK,OK
2026-08-15T09:10:18.681339Z,1212,248.5,0,OK,OK,OK
2026-08-15T09:10:24.182626Z,1201,248.5,0,OK,OK,OK
2026-08-15T09:10:29.687240Z,1212,248.5,0,OK,OK,OK
2026-08-15T09:10:35.231873Z,1213,248.5,0,OK,OK,OK
2026-08-15T09:10:40.740080Z,1214,248.5,0,OK,OK,OK
2026-08-15T09:10:46.256709Z,1212,248.5,0,OK,OK,OK
2026-08-15T09:10:51.771561Z,1222,248.5,0,OK,OK,OK
2026-08-15T09:10:57.280597Z,1202,248.6,0,OK,OK,OK
2026-08-15T09:11:02.783482Z,1215,248.5,0,OK,OK,OK
2026-08-15T09:11:08.287847Z,1211,248.5,0,OK,OK,OK
2026-08-15T09:11:13.790768Z,1220,248.5,0,OK,OK,OK
2026-08-15T09:11:19.289623Z,1206,248.6,0,OK,OK,OK
2026-08-15T09:11:24.786488Z,1206,248.6,0,OK,OK,OK
2026-08-15T09:11:30.293309Z,1224,248.5,0,OK,OK,OK
2026-08-15T09:11:35.788923Z,1221,248.5,0,OK,OK,OK
2026-08-15T09:11:41.317364Z,1202,248.5,0,OK,OK,OK
2026-08-15T09:11:46.761377Z,1216,248.5,0,OK,OK,OK
2026-08-15T09:11:52.258967Z,1213,248.5,0,OK,OK,OK
2026-08-15T09:11:57.755555Z,1207,248.5,0,OK,OK,OK
2026-08-15T09:12:03.229663Z,1200,248.6,0,OK,OK,OK
2026-08-15T09:12:08.691983Z,1202,248.6,0,OK,OK,OK
2026-08-15T09:12:14.212080Z,1237,248.5,0,OK,OK,OK
2026-08-15T09:12:19.724159Z,1219,248.6,0,OK,OK,OK
2026-08-15T09:12:25.236329Z,1208,248.5,0,OK,OK,OK
2026-08-15T09:12:30.743520Z,1218,248.7,0,OK,OK,OK
2026-08-15T09:12:36.251295Z,1218,248.5,0,OK,OK,OK
2026-08-15T09:12:41.755710Z,1218,248.7,0,OK,OK,OK
2026-08-15T09:12:47.295101Z,1219,248.5,0,OK,OK,OK
2026-08-15T09:12:52.768936Z,1221,248.5,0,OK,OK,OK
2026-08-15T09:12:58.253917Z,1216,248.6,0,OK,OK,OK
2026-08-15T09:13:03.763442Z,1216,248.6,0,OK,OK,OK
2026-08-15T09:13:09.246591Z,1223,248.5,0,OK,OK,OK
2026-08-15T09:13:14.748346Z,1234,248.5,0,OK,OK,OK
2026-08-15T09:13:20.255787Z,1222,248.5,0,OK,OK,OK
2026-08-15T09:13:25.745607Z,1213,248.5,0,OK,OK,OK
2026-08-15T09:13:31.262651Z,1218,248.5,0,OK,OK,OK
2026-08-15T09:13:36.790512Z,1217,248.5,0,OK,OK,OK
2026-08-15T09:13:42.284082Z,1220,248.6,0,OK,OK,OK
2026-08-15T09:13:47.807480Z,1231,248.8,0,OK,OK,OK
2026-08-15T09:13:53.299496Z,1211,248.7,0,OK,OK,OK
2026-08-15T09:13:58.850754Z,1217,248.6,0,OK,OK,OK
2026-08-15T09:14:04.381670Z,1216,248.6,0,OK,OK,OK
2026-08-15T09:14:09.898262Z,1228,248.6,0,OK,OK,OK
2026-08-15T09:14:15.411867Z,1220,248.6,0,OK,OK,OK
2026-08-15T09:14:20.935730Z,1216,248.7,0,OK,OK,OK
2026-08-15T09:14:26.468255Z,1217,248.7,0,OK,OK,OK
2026-08-15T09:14:31.946521Z,1216,248.7,0,OK,OK,OK
2026-08-15T09:14:37.468832Z,1216,248.6,0,OK,OK,OK
2026-08-15T09:14:42.975979Z,1223,248.7,0,OK,OK,OK
2026-08-15T09:14:48.511560Z,1223,248.6,0,OK,OK,OK
2026-08-15T09:14:54.007496Z,1219,248.6,0,OK,OK,OK
2026-08-15T09:14:59.497113Z,1228,248.5,0,OK,OK,OK
2026-08-15T09:15:05.034551Z,1218,248.6,0,OK,OK,OK
2026-08-15T09:15:10.508388Z,1222,248.6,0,OK,OK,OK
2026-08-15T09:15:16.005525Z,1207,248.7,0,OK,OK,OK
2026-08-15T09:15:21.477065Z,1226,248.7,0,OK,OK,OK
2026-08-15T09:15:26.971993Z,1218,248.6,0,OK,OK,OK
2026-08-15T09:15:32.421137Z,1238,248.8,0,OK,OK,OK
2026-08-15T09:15:37.933736Z,1228,248.6,0,OK,OK,OK
2026-08-15T09:15:43.433577Z,1224,248.6,0,OK,OK,OK
2026-08-15T09:15:48.949971Z,1221,248.6,0,OK,OK,OK
2026-08-15T09:15:54.429377Z,1207,248.6,0,OK,OK,OK
2026-08-15T09:15:59.955303Z,1210,248.6,0,OK,OK,OK
2026-08-15T09:16:05.441265Z,1220,248.6,0,OK,OK,OK
2026-08-15T09:16:10.928176Z,1227,248.6,0,OK,OK,OK
2026-08-15T09:16:16.438584Z,1224,248.5,0,OK,OK,OK
2026-08-15T09:16:21.970440Z,1224,248.6,0,OK,OK,OK
2026-08-15T09:16:27.466726Z,1222,248.6,0,OK,OK,OK
2026-08-15T09:16:32.975094Z,1219,248.5,0,OK,OK,OK
2026-08-15T09:16:38.493938Z,1213,248.6,0,OK,OK,OK
2026-08-15T09:16:43.982468Z,1227,248.6,0,OK,OK,OK
2026-08-15T09:16:49.490651Z,1226,248.7,0,OK,OK,OK
2026-08-15T09:16:55.012211Z,1223,248.6,0,OK,OK,OK
2026-08-15T09:17:00.490228Z,1217,248.5,0,OK,OK,OK
2026-08-15T09:17:06.012551Z,1222,248.5,0,OK,OK,OK
2026-08-15T09:17:11.506330Z,1232,248.5,0,OK,OK,OK
2026-08-15T09:17:17.018984Z,1213,248.5,0,OK,OK,OK
2026-08-15T09:17:22.545819Z,1225,248.5,0,OK,OK,OK
2026-08-15T09:17:28.066390Z,1228,248.5,0,OK,OK,OK
2026-08-15T09:17:33.581261Z,1213,248.5,0,OK,OK,OK
2026-08-15T09:17:39.086626Z,1155,248.6,0,OK,OK,OK
2026-08-15T09:17:44.554676Z,1142,248.6,0,OK,OK,OK
2026-08-15T09:17:50.055650Z,1147,248.6,0,OK,OK,OK
2026-08-15T09:17:55.580083Z,1139,248.5,0,OK,OK,OK
2026-08-15T09:18:01.082896Z,1147,248.5,0,OK,OK,OK
2026-08-15T09:18:06.579988Z,1130,248.4,0,OK,OK,OK
2026-08-15T09:18:12.085846Z,1133,248.4,0,OK,OK,OK
2026-08-15T09:18:17.576202Z,1142,248.4,0,OK,OK,OK
2026-08-15T09:18:23.083480Z,1167,248.3,0,OK,OK,OK
2026-08-15T09:18:28.643357Z,1148,248.3,0,OK,OK,OK
2026-08-15T09:18:34.132313Z,1171,248.3,0,OK,OK,OK
2026-08-15T09:18:39.657037Z,1158,248.3,0,OK,OK,OK
2026-08-15T09:18:45.149842Z,1200,248.2,0,OK,OK,OK
2026-08-15T09:18:50.673027Z,1164,248.3,0,OK,OK,OK
2026-08-15T09:18:56.114166Z,1177,248.3,0,OK,OK,OK
2026-08-15T09:19:01.610554Z,1166,248.3,0,OK,OK,OK
2026-08-15T09:19:07.074854Z,1172,248.3,0,OK,OK,OK
2026-08-15T09:19:12.562046Z,1162,248.2,0,OK,OK,OK
2026-08-15T09:19:18.023480Z,1177,248.3,0,OK,OK,OK
2026-08-15T09:19:23.544367Z,1192,248.1,0,OK,OK,OK
2026-08-15T09:19:29.052796Z,1209,248.1,0,OK,OK,OK
2026-08-15T09:19:34.591845Z,1176,248.3,0,OK,OK,OK
2026-08-15T09:19:40.080839Z,1156,248.2,0,OK,OK,OK
2026-08-15T09:19:45.598883Z,1171,248.2,0,OK,OK,OK
2026-08-15T09:19:51.141560Z,1196,248.0,0,OK,OK,OK
2026-08-15T09:19:56.648087Z,1202,248.0,0,OK,OK,OK
2026-08-15T09:20:02.122045Z,1169,248.1,0,OK,OK,OK
2026-08-15T09:20:07.640328Z,1185,248.1,0,OK,OK,OK
2026-08-15T09:20:13.117011Z,1174,248.0,0,OK,OK,OK
2026-08-15T09:20:18.602517Z,1185,248.1,0,OK,OK,OK
2026-08-15T09:20:24.099580Z,1242,248.1,0,OK,OK,OK
2026-08-15T09:20:29.582494Z,1174,248.2,0,OK,OK,OK
2026-08-15T09:20:35.065309Z,1168,248.2,0,OK,OK,OK
2026-08-15T09:20:40.588211Z,1188,248.2,0,OK,OK,OK
2026-08-15T09:20:46.095199Z,1147,248.2,0,OK,OK,OK
2026-08-15T09:20:51.586988Z,1172,248.2,0,OK,OK,OK
2026-08-15T09:20:57.056013Z,1153,248.2,0,OK,OK,OK
2026-08-15T09:21:02.514556Z,1181,248.2,0,OK,OK,OK
2026-08-15T09:21:07.987907Z,1158,248.2,0,OK,OK,OK
2026-08-15T09:21:13.456040Z,1160,248.3,0,OK,OK,OK
2026-08-15T09:21:18.948478Z,1188,248.3,0,OK,OK,OK
2026-08-15T09:21:24.420563Z,1170,247.5,0,OK,OK,OK
2026-08-15T09:21:29.942196Z,1162,247.4,0,OK,OK,OK
2026-08-15T09:21:35.418553Z,1151,247.4,0,OK,OK,OK
2026-08-15T09:21:40.936874Z,1154,247.4,0,OK,OK,OK
2026-08-15T09:21:46.429157Z,1180,247.4,0,OK,OK,OK
2026-08-15T09:21:51.953470Z,1160,247.4,0,OK,OK,OK
2026-08-15T09:21:57.441461Z,1157,247.4,0,OK,OK,OK
2026-08-15T09:22:02.929700Z,1144,247.4,0,OK,OK,OK
2026-08-15T09:22:08.439417Z,1164,247.4,0,OK,OK,OK
2026-08-15T09:22:13.972122Z,1167,247.4,0,OK,OK,OK
2026-08-15T09:22:19.467836Z,1158,247.4,0,OK,OK,OK
2026-08-15T09:22:24.968758Z,1164,247.4,0,OK,OK,OK
2026-08-15T09:22:30.497740Z,1141,247.2,0,OK,OK,OK
2026-08-15T09:22:35.979878Z,1162,247.2,0,OK,OK,OK
2026-08-15T09:22:41.446748Z,1160,247.2,0,OK,OK,OK
2026-08-15T09:22:46.968301Z,1149,247.5,0,OK,OK,OK
2026-08-15T09:22:52.501511Z,1146,247.5,0,OK,OK,OK
2026-08-15T09:22:58.000728Z,1160,247.6,0,OK,OK,OK
2026-08-15T09:23:03.508114Z,1162,247.6,0,OK,OK,OK
2026-08-15T09:23:09.003935Z,1160,247.4,0,OK,OK,OK
2026-08-15T09:23:14.518221Z,1152,246.0,0,OK,OK,OK
2026-08-15T09:23:20.007832Z,1162,246.6,0,OK,OK,OK
2026-08-15T09:23:25.534264Z,1169,246.6,0,OK,OK,OK
2026-08-15T09:23:31.055701Z,1160,246.6,0,OK,OK,OK
2026-08-15T09:23:36.581125Z,1157,246.6,0,OK,OK,OK
2026-08-15T09:23:42.092546Z,1156,246.6,0,OK,OK,OK
2026-08-15T09:23:47.585326Z,1157,246.7,0,OK,OK,OK
2026-08-15T09:23:53.088341Z,1167,246.7,0,OK,OK,OK
2026-08-15T09:23:58.578871Z,1163,246.8,0,OK,OK,OK
2026-08-15T09:24:04.100559Z,1155,246.8,0,OK,OK,OK
2026-08-15T09:24:09.579943Z,1153,246.6,0,OK,OK,OK
2026-08-15T09:24:15.210364Z,1153,246.8,0,OK,OK,OK
2026-08-15T09:24:20.717534Z,1144,246.7,0,OK,OK,OK
2026-08-15T09:24:26.238637Z,1134,246.8,0,OK,OK,OK
2026-08-15T09:24:31.772207Z,1117,246.7,0,OK,OK,OK
2026-08-15T09:24:37.301724Z,1140,246.7,0,OK,OK,OK
2026-08-15T09:24:42.776933Z,1133,246.7,0,OK,OK,OK
2026-08-15T09:24:48.291562Z,1149,246.7,0,OK,OK,OK
2026-08-15T09:24:53.815766Z,1165,246.6,0,OK,OK,OK
2026-08-15T09:24:59.339441Z,1168,246.7,0,OK,OK,OK
2026-08-15T09:25:04.856600Z,1172,246.6,0,OK,OK,OK
2026-08-15T09:25:10.383931Z,1165,246.4,0,OK,OK,OK
2026-08-15T09:25:15.893184Z,1166,246.6,0,OK,OK,OK
2026-08-15T09:25:21.409011Z,1170,246.6,0,OK,OK,OK
2026-08-15T09:25:26.910528Z,1174,246.6,0,OK,OK,OK
2026-08-15T09:25:32.371862Z,1168,246.5,0,OK,OK,OK
2026-08-15T09:25:37.893891Z,1161,246.6,0,OK,OK,OK
2026-08-15T09:25:43.414327Z,1192,246.4,0,OK,OK,OK
2026-08-15T09:25:48.938224Z,1188,246.5,0,OK,OK,OK
2026-08-15T09:25:54.428928Z,1209,246.5,0,OK,OK,OK
2026-08-15T09:25:59.925928Z,1210,246.4,0,OK,OK,OK
2026-08-15T09:26:05.409763Z,1218,246.4,0,OK,OK,OK
2026-08-15T09:26:10.894705Z,1234,246.4,0,OK,OK,OK
2026-08-15T09:26:16.373718Z,1227,246.3,0,OK,OK,OK
2026-08-15T09:26:21.855327Z,1226,246.3,0,OK,OK,OK
2026-08-15T09:26:27.290531Z,1234,246.3,0,OK,OK,OK
2026-08-15T09:26:32.791752Z,1230,246.3,0,OK,OK,OK
2026-08-15T09:26:38.287325Z,1233,246.3,0,OK,OK,OK
2026-08-15T09:26:43.823732Z,1234,246.3,0,OK,OK,OK
2026-08-15T09:26:49.346959Z,1234,246.3,0,OK,OK,OK
2026-08-15T09:26:54.854976Z,1233,246.9,0,OK,OK,OK
2026-08-15T09:27:00.359881Z,1233,246.8,0,OK,OK,OK
2026-08-15T09:27:05.880597Z,1245,247.0,0,OK,OK,OK
2026-08-15T09:27:11.371772Z,1239,246.8,0,OK,OK,OK
2026-08-15T09:27:16.897540Z,1237,246.9,0,OK,OK,OK
2026-08-15T09:27:22.415950Z,1221,247.0,0,OK,OK,OK
2026-08-15T09:27:27.957339Z,1217,246.9,0,OK,OK,OK
2026-08-15T09:27:33.444579Z,1242,246.9,0,OK,OK,OK
2026-08-15T09:27:38.946221Z,1236,247.0,0,OK,OK,OK
2026-08-15T09:27:44.409518Z,1214,246.8,0,OK,OK,OK
2026-08-15T09:27:49.920186Z,1200,246.9,0,OK,OK,OK
2026-08-15T09:27:55.470868Z,1203,246.9,0,OK,OK,OK
2026-08-15T09:28:00.994315Z,1202,246.9,0,OK,OK,OK
2026-08-15T09:28:06.486962Z,1188,246.9,0,OK,OK,OK
2026-08-15T09:28:11.966904Z,1189,246.9,0,OK,OK,OK
2026-08-15T09:28:17.483767Z,1169,247.1,0,OK,OK,OK
2026-08-15T09:28:22.977037Z,1174,247.4,0,OK,OK,OK
2026-08-15T09:28:28.502079Z,1230,247.4,0,OK,OK,OK
2026-08-15T09:28:34.011035Z,1166,247.4,0,OK,OK,OK
2026-08-15T09:28:39.518617Z,1153,247.4,0,OK,OK,OK
2026-08-15T09:28:45.016352Z,1157,247.4,0,OK,OK,OK
2026-08-15T09:28:50.487989Z,1164,247.3,0,OK,OK,OK
2026-08-15T09:28:56.008591Z,1166,247.4,0,OK,OK,OK
2026-08-15T09:29:01.500052Z,1182,247.1,0,OK,OK,OK
2026-08-15T09:29:06.976129Z,1172,247.3,0,OK,OK,OK
2026-08-15T09:29:12.504311Z,1164,247.1,0,OK,OK,OK
2026-08-15T09:29:18.004919Z,1173,247.2,0,OK,OK,OK
2026-08-15T09:29:23.531122Z,1198,247.1,0,OK,OK,OK
2026-08-15T09:29:28.988528Z,1269,247.1,0,OK,OK,OK
2026-08-15T09:29:34.507917Z,1239,247.2,0,OK,OK,OK
2026-08-15T09:29:39.969820Z,1235,247.2,0,OK,OK,OK
2026-08-15T09:29:45.484897Z,1225,247.2,0,OK,OK,OK
2026-08-15T09:29:50.966182Z,1224,247.2,0,OK,OK,OK
2026-08-15T09:29:56.464960Z,1221,247.2,0,OK,OK,OK
2026-08-15T09:30:01.963219Z,1214,247.2,0,OK,OK,OK
2026-08-15T09:30:07.504022Z,1191,247.1,0,OK,OK,OK
2026-08-15T09:30:12.991065Z,1170,247.2,0,OK,OK,OK
2026-08-15T09:30:18.501017Z,1161,247.2,0,OK,OK,OK
2026-08-15T09:30:24.020441Z,1133,247.2,0,OK,OK,OK
2026-08-15T09:30:29.519147Z,1131,247.1,0,OK,OK,OK
2026-08-15T09:30:35.005671Z,1114,247.2,0,OK,OK,OK
2026-08-15T09:30:40.518172Z,1118,247.3,0,OK,OK,OK
2026-08-15T09:30:45.995486Z,1126,247.3,0,OK,OK,OK
2026-08-15T09:30:51.482340Z,1133,247.2,0,OK,OK,OK
2026-08-15T09:30:57.008692Z,1126,247.3,0,OK,OK,OK
2026-08-15T09:31:02.533912Z,1112,247.3,0,OK,OK,OK
2026-08-15T09:31:08.019944Z,1129,247.2,0,OK,OK,OK
2026-08-15T09:31:13.519406Z,1129,247.2,0,OK,OK,OK
2026-08-15T09:31:19.026111Z,1115,247.4,0,OK,OK,OK
2026-08-15T09:31:24.566078Z,1148,247.3,0,OK,OK,OK
2026-08-15T09:31:30.087700Z,1130,247.2,0,OK,OK,OK
2026-08-15T09:31:35.579261Z,1114,247.4,0,OK,OK,OK
2026-08-15T09:31:41.106212Z,1120,247.3,0,OK,OK,OK
2026-08-15T09:31:46.618616Z,1114,247.3,0,OK,OK,OK
2026-08-15T09:31:52.160028Z,1107,247.3,0,OK,OK,OK
2026-08-15T09:31:57.650787Z,1121,247.2,0,OK,OK,OK
2026-08-15T09:32:03.174997Z,1126,247.3,0,OK,OK,OK
2026-08-15T09:32:08.717132Z,1124,247.1,0,OK,OK,OK
2026-08-15T09:32:14.191568Z,1108,247.2,0,OK,OK,OK
2026-08-15T09:32:19.731737Z,1140,247.2,0,OK,OK,OK
2026-08-15T09:32:25.203292Z,1126,247.2,0,OK,OK,OK
2026-08-15T09:32:30.712725Z,1154,247.4,0,OK,OK,OK
2026-08-15T09:32:36.232569Z,1133,247.3,0,OK,OK,OK
2026-08-15T09:32:41.716478Z,1116,247.3,0,OK,OK,OK
2026-08-15T09:32:47.219718Z,1120,247.3,0,OK,OK,OK
2026-08-15T09:32:52.681110Z,1195,247.4,0,OK,OK,OK
2026-08-15T09:32:58.176767Z,1114,247.3,0,OK,OK,OK
2026-08-15T09:33:03.658009Z,1122,247.3,0,OK,OK,OK
2026-08-15T09:33:09.194651Z,1132,247.3,0,OK,OK,OK
2026-08-15T09:33:14.702535Z,1122,247.3,0,OK,OK,OK
2026-08-15T09:33:20.215258Z,1151,247.4,0,OK,OK,OK
2026-08-15T09:33:25.699599Z,1130,247.3,0,OK,OK,OK
2026-08-15T09:33:31.218603Z,1131,247.3,0,OK,OK,OK
2026-08-15T09:33:36.712304Z,1126,247.4,0,OK,OK,OK
2026-08-15T09:33:42.254892Z,1099,247.3,0,OK,OK,OK
2026-08-15T09:33:47.772085Z,1148,247.3,0,OK,OK,OK
2026-08-15T09:33:53.269906Z,1109,247.3,0,OK,OK,OK
2026-08-15T09:33:58.720562Z,1113,247.4,0,OK,OK,OK
2026-08-15T09:34:04.218521Z,1130,247.4,0,OK,OK,OK
2026-08-15T09:34:09.723216Z,1139,247.3,0,OK,OK,OK
2026-08-15T09:34:15.229184Z,1121,247.4,0,OK,OK,OK
2026-08-15T09:34:20.738609Z,1107,247.4,0,OK,OK,OK
2026-08-15T09:34:26.214063Z,1117,247.4,0,OK,OK,OK
2026-08-15T09:34:31.716545Z,1115,247.3,0,OK,OK,OK
2026-08-15T09:34:37.230714Z,1126,247.3,0,OK,OK,OK
2026-08-15T09:34:42.751333Z,1208,247.3,0,OK,OK,OK
2026-08-15T09:34:48.266036Z,1227,247.3,0,OK,OK,OK
2026-08-15T09:34:53.744263Z,1231,247.3,0,OK,OK,OK
2026-08-15T09:34:59.236121Z,1242,247.2,0,OK,OK,OK
2026-08-15T09:35:04.741403Z,1248,247.2,0,OK,OK,OK
2026-08-15T09:35:10.263996Z,1235,247.2,0,OK,OK,OK
2026-08-15T09:35:15.759357Z,1222,247.2,0,OK,OK,OK
2026-08-15T09:35:21.239657Z,1245,247.3,0,OK,OK,OK
2026-08-15T09:35:26.750242Z,1229,247.2,0,OK,OK,OK
2026-08-15T09:35:32.253695Z,1241,247.1,0,OK,OK,OK
2026-08-15T09:35:37.773652Z,1225,247.1,0,OK,OK,OK
2026-08-15T09:35:43.267187Z,1229,247.0,0,OK,OK,OK
2026-08-15T09:35:48.788050Z,1219,247.2,0,OK,OK,OK
2026-08-15T09:35:54.309221Z,1220,247.2,0,OK,OK,OK
2026-08-15T09:35:59.811045Z,1219,247.2,0,OK,OK,OK
2026-08-15T09:36:05.326405Z,1217,247.2,0,OK,OK,OK
2026-08-15T09:36:10.821749Z,1215,247.2,0,OK,OK,OK
2026-08-15T09:36:16.333616Z,1216,247.3,0,OK,OK,OK
2026-08-15T09:36:21.830300Z,1223,247.3,0,OK,OK,OK
2026-08-15T09:36:27.336848Z,1227,247.1,0,OK,OK,OK
2026-08-15T09:36:32.847902Z,1208,247.3,0,OK,OK,OK
2026-08-15T09:36:38.295702Z,1215,247.3,0,OK,OK,OK
2026-08-15T09:36:43.795968Z,1207,247.1,0,OK,OK,OK
2026-08-15T09:36:49.290599Z,1216,247.2,0,OK,OK,OK
2026-08-15T09:36:54.778870Z,1223,247.2,0,OK,OK,OK
2026-08-15T09:37:00.280621Z,1216,247.2,0,OK,OK,OK
2026-08-15T09:37:05.789299Z,1217,247.2,0,OK,OK,OK
2026-08-15T09:37:11.283211Z,1231,247.2,0,OK,OK,OK
2026-08-15T09:37:16.823619Z,1222,247.2,0,OK,OK,OK
2026-08-15T09:37:22.296105Z,1204,247.2,0,OK,OK,OK
2026-08-15T09:37:27.783709Z,1233,247.2,0,OK,OK,OK
2026-08-15T09:37:33.275989Z,1219,247.2,0,OK,OK,OK
2026-08-15T09:37:38.743336Z,1222,247.1,0,OK,OK,OK
2026-08-15T09:37:44.267388Z,1218,247.2,0,OK,OK,OK
2026-08-15T09:37:49.768661Z,1219,247.2,0,OK,OK,OK
2026-08-15T09:37:55.293555Z,1219,247.2,0,OK,OK,OK
2026-08-15T09:38:00.783481Z,1220,247.2,0,OK,OK,OK
2026-08-15T09:38:06.260474Z,1218,247.2,0,OK,OK,OK
2026-08-15T09:38:11.773752Z,1218,247.2,0,OK,OK,OK
2026-08-15T09:38:17.283109Z,1212,247.2,0,OK,OK,OK
2026-08-15T09:38:22.745884Z,1218,247.2,0,OK,OK,OK
2026-08-15T09:38:28.279348Z,1215,247.0,0,OK,OK,OK
2026-08-15T09:38:33.788270Z,1223,247.0,0,OK,OK,OK
2026-08-15T09:38:39.305007Z,1217,247.0,0,OK,OK,OK
2026-08-15T09:38:44.815743Z,1224,247.1,0,OK,OK,OK
2026-08-15T09:38:50.329236Z,1221,247.1,0,OK,OK,OK
2026-08-15T09:38:55.825530Z,1223,247.1,0,OK,OK,OK
2026-08-15T09:39:01.340789Z,1230,247.0,0,OK,OK,OK
2026-08-15T09:39:06.829908Z,1219,247.0,0,OK,OK,OK
2026-08-15T09:39:12.307718Z,1228,247.0,0,OK,OK,OK
2026-08-15T09:39:17.773846Z,1217,247.0,0,OK,OK,OK
2026-08-15T09:39:23.271293Z,1218,247.0,0,OK,OK,OK
2026-08-15T09:39:28.736777Z,1222,247.0,0,OK,OK,OK
2026-08-15T09:39:34.245459Z,1230,247.0,0,OK,OK,OK
2026-08-15T09:39:39.748152Z,1238,246.9,0,OK,OK,OK
2026-08-15T09:39:45.199899Z,1229,246.9,0,OK,OK,OK
2026-08-15T09:39:50.741087Z,1230,247.0,0,OK,OK,OK
2026-08-15T09:39:56.243970Z,1223,247.0,0,OK,OK,OK
2026-08-15T09:40:01.747751Z,1222,247.0,0,OK,OK,OK
2026-08-15T09:40:07.275742Z,1223,246.9,0,OK,OK,OK
2026-08-15T09:40:12.774830Z,1226,247.0,0,OK,OK,OK
2026-08-15T09:40:18.246247Z,1214,247.0,0,OK,OK,OK
2026-08-15T09:40:23.738157Z,1214,247.0,0,OK,OK,OK
2026-08-15T09:40:29.242988Z,1228,247.0,0,OK,OK,OK
2026-08-15T09:40:34.761567Z,1236,247.0,0,OK,OK,OK
2026-08-15T09:40:40.282497Z,1234,247.1,0,OK,OK,OK
2026-08-15T09:40:45.799369Z,2536,246.5,0,OK,OK,OK
2026-08-15T09:40:51.344231Z,2604,246.5,0,OK,OK,OK
2026-08-15T09:40:56.862718Z,2712,246.5,0,OK,OK,OK
2026-08-15T09:41:02.353613Z,2707,246.3,0,OK,OK,OK
2026-08-15T09:41:07.828050Z,2708,246.4,0,OK,OK,OK
2026-08-15T09:41:13.312267Z,2717,246.3,0,OK,OK,OK
2026-08-15T09:41:18.827239Z,2718,246.5,0,OK,OK,OK
2026-08-15T09:41:24.379607Z,2740,246.5,0,OK,OK,OK
2026-08-15T09:41:29.864990Z,2757,246.4,0,OK,OK,OK
2026-08-15T09:41:35.329542Z,2757,246.3,0,OK,OK,OK
2026-08-15T09:41:40.845927Z,2756,246.2,0,OK,OK,OK
2026-08-15T09:41:46.317737Z,2751,246.5,0,OK,OK,OK
2026-08-15T09:41:51.810643Z,2755,246.4,0,OK,OK,OK
2026-08-15T09:41:57.314044Z,2744,246.6,0,OK,OK,OK
2026-08-15T09:42:02.804207Z,2757,246.5,0,OK,OK,OK
2026-08-15T09:42:08.282753Z,2751,246.4,0,OK,OK,OK
2026-08-15T09:42:13.777599Z,2756,246.4,0,OK,OK,OK
2026-08-15T09:42:19.297321Z,2647,246.5,0,OK,OK,OK
2026-08-15T09:42:24.832002Z,2643,246.4,0,OK,OK,OK
2026-08-15T09:42:30.359265Z,2649,246.4,0,OK,OK,OK
2026-08-15T09:42:35.876031Z,2634,246.4,0,OK,OK,OK
2026-08-15T09:42:41.369300Z,2662,246.4,0,OK,OK,OK
2026-08-15T09:42:46.897309Z,2655,246.7,0,OK,OK,OK
2026-08-15T09:42:52.417861Z,2637,246.6,0,OK,OK,OK
2026-08-15T09:42:57.920660Z,2640,246.7,0,OK,OK,OK
2026-08-15T09:43:03.443859Z,2657,246.6,0,OK,OK,OK
2026-08-15T09:43:08.903443Z,2647,246.4,0,OK,OK,OK
2026-08-15T09:43:14.404118Z,2635,246.7,0,OK,OK,OK
2026-08-15T09:43:19.968796Z,2653,246.7,0,OK,OK,OK
2026-08-15T09:43:25.467154Z,2642,246.7,0,OK,OK,OK
2026-08-15T09:43:31.014875Z,2638,246.7,0,OK,OK,OK
2026-08-15T09:43:36.522378Z,2636,246.7,0,OK,OK,OK
2026-08-15T09:43:42.034225Z,2637,246.8,0,OK,OK,OK
2026-08-15T09:43:47.541650Z,2646,246.8,0,OK,OK,OK
2026-08-15T09:43:53.030449Z,2642,246.8,0,OK,OK,OK
2026-08-15T09:43:58.538720Z,2648,246.7,0,OK,OK,OK
2026-08-15T09:44:04.031030Z,2653,246.7,0,OK,OK,OK
2026-08-15T09:44:09.545551Z,2647,246.7,0,OK,OK,OK
2026-08-15T09:44:15.064361Z,2650,246.6,0,OK,OK,OK
2026-08-15T09:44:20.577094Z,2630,246.6,0,OK,OK,OK
2026-08-15T09:44:26.051510Z,2641,246.6,0,OK,OK,OK
2026-08-15T09:44:31.571649Z,2650,246.7,0,OK,OK,OK
2026-08-15T09:44:37.087484Z,2653,246.6,0,OK,OK,OK
2026-08-15T09:44:42.600027Z,2654,246.6,0,OK,OK,OK
2026-08-15T09:44:48.120977Z,2647,246.7,0,OK,OK,OK
2026-08-15T09:44:53.618993Z,2644,246.7,0,OK,OK,OK
2026-08-15T09:44:59.105001Z,2646,246.6,0,OK,OK,OK
2026-08-15T09:45:04.605598Z,2637,246.7,0,OK,OK,OK
2026-08-15T09:45:10.054417Z,2626,246.7,0,OK,OK,OK
2026-08-15T09:45:15.572231Z,2623,246.7,0,OK,OK,OK
2026-08-15T09:45:21.065419Z,2614,246.7,0,OK,OK,OK
2026-08-15T09:45:26.532413Z,2618,246.7,0,OK,OK,OK
2026-08-15T09:45:32.044119Z,2619,246.7,0,OK,OK,OK
2026-08-15T09:45:37.542981Z,2607,246.7,0,OK,OK,OK
2026-08-15T09:45:43.035630Z,2606,246.7,0,OK,OK,OK
2026-08-15T09:45:48.555532Z,2613,246.7,0,OK,OK,OK
2026-08-15T09:45:54.080821Z,2603,246.7,0,OK,OK,OK
2026-08-15T09:45:59.615544Z,2614,246.7,0,OK,OK,OK
2026-08-15T09:46:05.125249Z,2612,246.7,0,OK,OK,OK
2026-08-15T09:46:10.626578Z,2623,246.6,0,OK,OK,OK
2026-08-15T09:46:16.131698Z,2618,246.6,0,OK,OK,OK
2026-08-15T09:46:21.651946Z,2634,246.6,0,OK,OK,OK
2026-08-15T09:46:27.120653Z,1242,247.3,0,OK,OK,OK
2026-08-15T09:46:32.643691Z,1239,247.2,0,OK,OK,OK
2026-08-15T09:46:38.146458Z,1247,247.2,0,OK,OK,OK
2026-08-15T09:46:43.600530Z,1241,247.2,0,OK,OK,OK
2026-08-15T09:46:49.098882Z,1245,247.2,0,OK,OK,OK
2026-08-15T09:46:54.606708Z,1242,247.2,0,OK,OK,OK
2026-08-15T09:47:00.122107Z,1240,247.2,0,OK,OK,OK
2026-08-15T09:47:05.617021Z,1257,247.1,0,OK,OK,OK
2026-08-15T09:47:11.145887Z,1245,247.0,0,OK,OK,OK
2026-08-15T09:47:16.671860Z,1242,247.1,0,OK,OK,OK
2026-08-15T09:47:22.169968Z,1245,247.1,0,OK,OK,OK
2026-08-15T09:47:27.650907Z,1244,247.0,0,OK,OK,OK
2026-08-15T09:47:33.150247Z,1254,247.0,0,OK,OK,OK
2026-08-15T09:47:38.654628Z,1249,247.1,0,OK,OK,OK
2026-08-15T09:47:44.178618Z,1248,247.1,0,OK,OK,OK
2026-08-15T09:47:49.678017Z,1257,247.1,0,OK,OK,OK
2026-08-15T09:47:55.209280Z,1246,247.1,0,OK,OK,OK
2026-08-15T09:48:00.672077Z,1255,247.1,0,OK,OK,OK
2026-08-15T09:48:06.188438Z,1234,247.1,0,OK,OK,OK
2026-08-15T09:48:11.672313Z,1256,247.1,0,OK,OK,OK
2026-08-15T09:48:17.132446Z,1247,247.1,0,OK,OK,OK
2026-08-15T09:48:22.615263Z,1246,247.0,0,OK,OK,OK
2026-08-15T09:48:28.110243Z,1245,247.2,0,OK,OK,OK
2026-08-15T09:48:33.611101Z,1243,247.1,0,OK,OK,OK
2026-08-15T09:48:39.075800Z,1246,247.0,0,OK,OK,OK
2026-08-15T09:48:44.616052Z,1242,247.1,0,OK,OK,OK
2026-08-15T09:48:50.122387Z,1239,247.2,0,OK,OK,OK
2026-08-15T09:48:55.623806Z,1245,247.3,0,OK,OK,OK
2026-08-15T09:49:01.130160Z,1247,247.2,0,OK,OK,OK
2026-08-15T09:49:06.641812Z,1232,247.0,0,OK,OK,OK
2026-08-15T09:49:12.167347Z,1246,247.0,0,OK,OK,OK
2026-08-15T09:49:17.722205Z,1245,247.0,0,OK,OK,OK
2026-08-15T09:49:23.205486Z,1242,247.0,0,OK,OK,OK
2026-08-15T09:49:28.747628Z,1240,247.0,0,OK,OK,OK
2026-08-15T09:49:34.271459Z,1256,247.2,0,OK,OK,OK
2026-08-15T09:49:39.790669Z,1274,247.0,0,OK,OK,OK
2026-08-15T09:49:45.293449Z,1250,247.0,0,OK,OK,OK
2026-08-15T09:49:50.777603Z,1250,247.0,0,OK,OK,OK
2026-08-15T09:49:56.277963Z,1244,247.0,0,OK,OK,OK
2026-08-15T09:50:01.785542Z,1264,247.0,0,OK,OK,OK
2026-08-15T09:50:07.292440Z,1251,247.0,0,OK,OK,OK
2026-08-15T09:50:12.804395Z,1247,247.0,0,OK,OK,OK
2026-08-15T09:50:18.304137Z,1247,247.0,0,OK,OK,OK
2026-08-15T09:50:23.801452Z,1244,247.1,0,OK,OK,OK
2026-08-15T09:50:29.316977Z,1242,247.0,0,OK,OK,OK
2026-08-15T09:50:34.828512Z,1246,247.0,0,OK,OK,OK
2026-08-15T09:50:40.346352Z,1242,247.0,0,OK,OK,OK
2026-08-15T09:50:45.860158Z,1246,247.2,0,OK,OK,OK
2026-08-15T09:50:51.356813Z,1244,247.2,0,OK,OK,OK
2026-08-15T09:50:56.877210Z,1251,247.2,0,OK,OK,OK
2026-08-15T09:51:02.361632Z,1246,247.2,0,OK,OK,OK
2026-08-15T09:51:07.852401Z,1257,247.2,0,OK,OK,OK
2026-08-15T09:51:13.332543Z,1253,247.2,0,OK,OK,OK
2026-08-15T09:51:18.852109Z,1237,247.2,0,OK,OK,OK
2026-08-15T09:51:24.380073Z,1282,247.2,0,OK,OK,OK
2026-08-15T09:51:29.869385Z,1245,247.2,0,OK,OK,OK
2026-08-15T09:51:35.336871Z,1247,247.2,0,OK,OK,OK
2026-08-15T09:51:40.804930Z,1249,247.2,0,OK,OK,OK
2026-08-15T09:51:46.270638Z,1246,247.2,0,OK,OK,OK
2026-08-15T09:51:51.771905Z,1266,247.2,0,OK,OK,OK
2026-08-15T09:51:57.254373Z,1246,247.1,0,OK,OK,OK
2026-08-15T09:52:02.760192Z,1246,247.1,0,OK,OK,OK
2026-08-15T09:52:08.286839Z,1249,247.1,0,OK,OK,OK
2026-08-15T09:52:13.819209Z,1259,247.2,0,OK,OK,OK
2026-08-15T09:52:19.310854Z,1252,247.2,0,OK,OK,OK
2026-08-15T09:52:24.836270Z,1246,247.2,0,OK,OK,OK
2026-08-15T09:52:30.347892Z,1246,247.3,0,OK,OK,OK
2026-08-15T09:52:35.853640Z,1244,247.3,0,OK,OK,OK
2026-08-15T09:52:41.359235Z,1243,247.3,0,OK,OK,OK
2026-08-15T09:52:46.858572Z,1243,247.3,0,OK,OK,OK
2026-08-15T09:52:52.381292Z,1247,247.3,0,OK,OK,OK
2026-08-15T09:52:57.861970Z,1249,247.3,0,OK,OK,OK
2026-08-15T09:53:03.384793Z,1248,247.3,0,OK,OK,OK
2026-08-15T09:53:08.892702Z,1243,247.2,0,OK,OK,OK
2026-08-15T09:53:14.411821Z,1240,247.3,0,OK,OK,OK
2026-08-15T09:53:19.939240Z,1246,247.9,0,OK,OK,OK
2026-08-15T09:53:25.451961Z,1252,247.9,0,OK,OK,OK
2026-08-15T09:53:30.966715Z,1296,247.9,0,OK,OK,OK
2026-08-15T09:53:36.502106Z,1244,248.0,0,OK,OK,OK
2026-08-15T09:53:42.026941Z,1258,247.9,0,OK,OK,OK
2026-08-15T09:53:47.513614Z,1254,248.0,0,OK,OK,OK
2026-08-15T09:53:53.028940Z,1243,247.9,0,OK,OK,OK
2026-08-15T09:53:58.515007Z,1246,248.0,0,OK,OK,OK
2026-08-15T09:54:04.024610Z,1247,247.9,0,OK,OK,OK
2026-08-15T09:54:09.524161Z,1252,247.9,0,OK,OK,OK
2026-08-15T09:54:15.129250Z,1247,248.0,0,OK,OK,OK
2026-08-15T09:54:20.589550Z,1252,248.0,0,OK,OK,OK
2026-08-15T09:54:26.089004Z,1252,248.0,0,OK,OK,OK
2026-08-15T09:54:31.623735Z,1256,248.0,0,OK,OK,OK
2026-08-15T09:54:37.115585Z,1248,248.0,0,OK,OK,OK
2026-08-15T09:54:42.638302Z,1249,248.0,0,OK,OK,OK
2026-08-15T09:54:48.162824Z,1246,248.3,0,OK,OK,OK
2026-08-15T09:54:53.680960Z,1245,248.3,0,OK,OK,OK
2026-08-15T09:54:59.169088Z,1249,248.3,0,OK,OK,OK
2026-08-15T09:55:04.687068Z,1249,248.3,0,OK,OK,OK
2026-08-15T09:55:10.137246Z,1251,248.3,0,OK,OK,OK
2026-08-15T09:55:15.674320Z,1251,248.4,0,OK,OK,OK
2026-08-15T09:55:21.185043Z,1245,248.4,0,OK,OK,OK
2026-08-15T09:55:26.702983Z,1248,248.4,0,OK,OK,OK
2026-08-15T09:55:32.213965Z,1245,248.4,0,OK,OK,OK
2026-08-15T09:55:37.731073Z,1248,248.4,0,OK,OK,OK
2026-08-15T09:55:43.208155Z,1245,248.4,0,OK,OK,OK
2026-08-15T09:55:48.722881Z,1244,248.4,0,OK,OK,OK
2026-08-15T09:55:54.205789Z,1246,248.3,0,OK,OK,OK
2026-08-15T09:55:59.692193Z,1247,248.5,0,OK,OK,OK
2026-08-15T09:56:05.156910Z,1252,248.5,0,OK,OK,OK
2026-08-15T09:56:10.630917Z,1240,248.4,0,OK,OK,OK
2026-08-15T09:56:16.154554Z,1250,248.5,0,OK,OK,OK
2026-08-15T09:56:21.658168Z,1270,248.4,0,OK,OK,OK
2026-08-15T09:56:27.160327Z,1252,248.5,0,OK,OK,OK
2026-08-15T09:56:32.638937Z,1249,248.4,0,OK,OK,OK
2026-08-15T09:56:38.164832Z,1302,248.4,0,OK,OK,OK
2026-08-15T09:56:43.677281Z,1246,248.4,0,OK,OK,OK
2026-08-15T09:56:49.158730Z,1254,248.4,0,OK,OK,OK
2026-08-15T09:56:54.676276Z,1239,248.3,0,OK,OK,OK
2026-08-15T09:57:00.184571Z,1250,248.3,0,OK,OK,OK
2026-08-15T09:57:05.647666Z,1272,248.4,0,OK,OK,OK
2026-08-15T09:57:11.157905Z,1259,248.3,0,OK,OK,OK
2026-08-15T09:57:16.681817Z,1249,248.4,0,OK,OK,OK
2026-08-15T09:57:22.187504Z,1245,248.4,0,OK,OK,OK
2026-08-15T09:57:27.690997Z,1241,248.4,0,OK,OK,OK
2026-08-15T09:57:33.182450Z,1242,248.5,0,OK,OK,OK
2026-08-15T09:57:38.668338Z,1244,248.4,0,OK,OK,OK
2026-08-15T09:57:44.184083Z,1243,248.5,0,OK,OK,OK
2026-08-15T09:57:49.697524Z,1240,248.5,0,OK,OK,OK
2026-08-15T09:57:55.217994Z,1244,248.4,0,OK,OK,OK
2026-08-15T09:58:00.723484Z,1242,248.4,0,OK,OK,OK
2026-08-15T09:58:06.235066Z,1248,248.5,0,OK,OK,OK
2026-08-15T09:58:11.744182Z,1242,248.5,0,OK,OK,OK
2026-08-15T09:58:17.233028Z,1241,248.5,0,OK,OK,OK
2026-08-15T09:58:22.723616Z,1242,248.5,0,OK,OK,OK
2026-08-15T09:58:28.252710Z,1240,248.5,0,OK,OK,OK
2026-08-15T09:58:33.732920Z,1248,248.4,0,OK,OK,OK
2026-08-15T09:58:39.207836Z,1244,248.5,0,OK,OK,OK
2026-08-15T09:58:44.722034Z,1247,248.5,0,OK,OK,OK
2026-08-15T09:58:50.212082Z,1238,248.5,0,OK,OK,OK
2026-08-15T09:58:55.714801Z,1246,248.5,0,OK,OK,OK
2026-08-15T09:59:01.222848Z,1239,248.5,0,OK,OK,OK
2026-08-15T09:59:06.751966Z,1241,248.5,0,OK,OK,OK
2026-08-15T09:59:12.225777Z,1246,248.3,0,OK,OK,OK
2026-08-15T09:59:17.731124Z,1240,248.3,0,OK,OK,OK
2026-08-15T09:59:23.234712Z,1233,248.4,0,OK,OK,OK
2026-08-15T09:59:28.763563Z,1240,248.3,0,OK,OK,OK
2026-08-15T09:59:34.267430Z,1262,248.4,0,OK,OK,OK
2026-08-15T09:59:39.791534Z,1253,248.4,0,OK,OK,OK
2026-08-15T09:59:45.310916Z,1240,248.5,0,OK,OK,OK
2026-08-15T09:59:50.835687Z,1237,248.4,0,OK,OK,OK
2026-08-15T09:59:56.323511Z,1237,248.5,0,OK,OK,OK
2026-08-15T10:00:01.840898Z,1242,248.5,0,OK,OK,OK
2026-08-15T10:00:07.350843Z,1233,248.5,0,OK,OK,OK
2026-08-15T10:00:12.868573Z,1236,248.1,0,OK,OK,OK
2026-08-15T10:00:18.379633Z,1148,248.2,0,OK,OK,OK
2026-08-15T10:00:23.876001Z,1150,248.2,0,OK,OK,OK
2026-08-15T10:00:29.390136Z,1150,248.1,0,OK,OK,OK
2026-08-15T10:00:34.874984Z,1147,248.2,0,OK,OK,OK
2026-08-15T10:00:40.362715Z,1150,248.2,0,OK,OK,OK
2026-08-15T10:00:45.866816Z,1152,248.1,0,OK,OK,OK
2026-08-15T10:00:51.396402Z,1158,248.1,0,OK,OK,OK
2026-08-15T10:00:56.891344Z,1150,248.1,0,OK,OK,OK
2026-08-15T10:01:02.437766Z,1156,248.1,0,OK,OK,OK
2026-08-15T10:01:07.909979Z,1152,248.1,0,OK,OK,OK
2026-08-15T10:01:13.405271Z,1150,248.0,0,OK,OK,OK
2026-08-15T10:01:18.918138Z,1149,248.2,0,OK,OK,OK
2026-08-15T10:01:24.388378Z,1146,248.2,0,OK,OK,OK
2026-08-15T10:01:29.904221Z,1154,248.2,0,OK,OK,OK
2026-08-15T10:01:35.369858Z,1152,248.2,0,OK,OK,OK
2026-08-15T10:01:40.891966Z,1163,248.2,0,OK,OK,OK
2026-08-15T10:01:46.380859Z,1151,248.2,0,OK,OK,OK
2026-08-15T10:01:51.878631Z,1154,248.2,0,OK,OK,OK
2026-08-15T10:01:57.365189Z,1147,248.2,0,OK,OK,OK
2026-08-15T10:02:02.815229Z,1147,248.2,0,OK,OK,OK
2026-08-15T10:02:08.338366Z,1153,248.2,0,OK,OK,OK
2026-08-15T10:02:13.824494Z,1159,248.2,0,OK,OK,OK
2026-08-15T10:02:19.345514Z,1152,248.1,0,OK,OK,OK
2026-08-15T10:02:24.820167Z,1157,248.2,0,OK,OK,OK
2026-08-15T10:02:30.330669Z,1152,248.2,0,OK,OK,OK
2026-08-15T10:02:35.847448Z,1131,248.2,0,OK,OK,OK
2026-08-15T10:02:41.333281Z,1148,248.0,0,OK,OK,OK
2026-08-15T10:02:46.812101Z,1144,247.9,0,OK,OK,OK
2026-08-15T10:02:52.319383Z,1146,247.9,0,OK,OK,OK
2026-08-15T10:02:57.844791Z,1147,248.0,0,OK,OK,OK
2026-08-15T10:03:03.313525Z,1138,248.0,0,OK,OK,OK
2026-08-15T10:03:08.829864Z,1146,248.0,0,OK,OK,OK
2026-08-15T10:03:14.344051Z,1141,248.0,0,OK,OK,OK
2026-08-15T10:03:19.833616Z,1138,248.0,0,OK,OK,OK
2026-08-15T10:03:25.351610Z,1150,248.0,0,OK,OK,OK
2026-08-15T10:03:30.834397Z,1148,248.0,0,OK,OK,OK
2026-08-15T10:03:36.327831Z,1141,247.9,0,OK,OK,OK
2026-08-15T10:03:41.809181Z,1137,248.0,0,OK,OK,OK
2026-08-15T10:03:47.334634Z,1146,248.1,0,OK,OK,OK
2026-08-15T10:03:52.850889Z,1136,248.0,0,OK,OK,OK
2026-08-15T10:03:58.365598Z,1142,248.0,0,OK,OK,OK
2026-08-15T10:04:03.858289Z,1137,248.0,0,OK,OK,OK
2026-08-15T10:04:09.407089Z,1141,248.1,0,OK,OK,OK
2026-08-15T10:04:14.921952Z,1140,248.1,0,OK,OK,OK
2026-08-15T10:04:20.483951Z,1138,248.2,0,OK,OK,OK
2026-08-15T10:04:25.970828Z,1139,248.2,0,OK,OK,OK
2026-08-15T10:04:31.453509Z,1141,248.2,0,OK,OK,OK
2026-08-15T10:04:36.978403Z,1138,248.2,0,OK,OK,OK
2026-08-15T10:04:42.479071Z,1146,248.2,0,OK,OK,OK
2026-08-15T10:04:47.987743Z,1124,248.2,0,OK,OK,OK
2026-08-15T10:04:53.533956Z,1141,248.2,0,OK,OK,OK
2026-08-15T10:04:58.995222Z,1141,248.2,0,OK,OK,OK
2026-08-15T10:05:04.510334Z,1134,248.1,0,OK,OK,OK
2026-08-15T10:05:10.002459Z,1141,248.1,0,OK,OK,OK
2026-08-15T10:05:15.502882Z,1138,248.1,0,OK,OK,OK
2026-08-15T10:05:20.987571Z,1148,248.2,0,OK,OK,OK
2026-08-15T10:05:26.463191Z,1179,248.1,0,OK,OK,OK
2026-08-15T10:05:32.014853Z,1139,247.9,0,OK,OK,OK
2026-08-15T10:05:37.478067Z,1136,247.8,0,OK,OK,OK
2026-08-15T10:05:42.983455Z,1140,248.0,0,OK,OK,OK
2026-08-15T10:05:48.458569Z,1138,248.0,0,OK,OK,OK
2026-08-15T10:05:53.941500Z,1135,247.9,0,OK,OK,OK
2026-08-15T10:05:59.473072Z,1140,248.0,0,OK,OK,OK
2026-08-15T10:06:04.936884Z,1142,247.9,0,OK,OK,OK
2026-08-15T10:06:10.436144Z,1130,248.0,0,OK,OK,OK
2026-08-15T10:06:15.936725Z,1125,248.0,0,OK,OK,OK
2026-08-15T10:06:21.437054Z,1145,247.9,0,OK,OK,OK
2026-08-15T10:06:26.919091Z,1164,247.9,0,OK,OK,OK
2026-08-15T10:06:32.395906Z,1140,248.0,0,OK,OK,OK
2026-08-15T10:06:37.930545Z,1134,248.1,0,OK,OK,OK
2026-08-15T10:06:43.453912Z,1130,248.1,0,OK,OK,OK
2026-08-15T10:06:48.949880Z,1137,248.1,0,OK,OK,OK
2026-08-15T10:06:54.435969Z,1140,248.1,0,OK,OK,OK
2026-08-15T10:06:59.975505Z,1122,248.1,0,OK,OK,OK
2026-08-15T10:07:05.448039Z,1138,247.9,0,OK,OK,OK
2026-08-15T10:07:10.942338Z,1141,248.0,0,OK,OK,OK
2026-08-15T10:07:16.446659Z,1138,248.1,0,OK,OK,OK
2026-08-15T10:07:21.985973Z,1142,248.1,0,OK,OK,OK
2026-08-15T10:07:27.473328Z,1139,248.0,0,OK,OK,OK
2026-08-15T10:07:32.974654Z,1140,248.0,0,OK,OK,OK
2026-08-15T10:07:38.495261Z,1139,248.1,0,OK,OK,OK
2026-08-15T10:07:43.990607Z,1146,248.1,0,OK,OK,OK
2026-08-15T10:07:49.504034Z,1136,248.0,0,OK,OK,OK
2026-08-15T10:07:54.979336Z,1143,248.1,0,OK,OK,OK
2026-08-15T10:08:00.512342Z,1134,248.1,0,OK,OK,OK
2026-08-15T10:08:05.999922Z,1138,248.1,0,OK,OK,OK
2026-08-15T10:08:11.532292Z,1139,247.9,0,OK,OK,OK
2026-08-15T10:08:17.034464Z,1135,248.1,0,OK,OK,OK
2026-08-15T10:08:22.540266Z,1136,248.2,0,OK,OK,OK
2026-08-15T10:08:27.982952Z,1132,248.0,0,OK,OK,OK
2026-08-15T10:08:33.528476Z,1136,248.1,0,OK,OK,OK
2026-08-15T10:08:39.024140Z,1132,248.0,0,OK,OK,OK
2026-08-15T10:08:44.528027Z,1137,247.9,0,OK,OK,OK
2026-08-15T10:08:49.990865Z,1126,248.1,0,OK,OK,OK
2026-08-15T10:08:55.556934Z,1133,248.0,0,OK,OK,OK
2026-08-15T10:09:01.036224Z,1136,248.0,0,OK,OK,OK
2026-08-15T10:09:06.542388Z,1139,248.1,0,OK,OK,OK
2026-08-15T10:09:12.063115Z,1151,247.9,0,OK,OK,OK
2026-08-15T10:09:17.535050Z,1158,247.9,0,OK,OK,OK
2026-08-15T10:09:23.050935Z,1137,248.0,0,OK,OK,OK
2026-08-15T10:09:28.541831Z,1135,248.0,0,OK,OK,OK
2026-08-15T10:09:34.015828Z,1147,248.0,0,OK,OK,OK
2026-08-15T10:09:39.522037Z,1149,248.0,0,OK,OK,OK
2026-08-15T10:09:44.996030Z,1134,248.0,0,OK,OK,OK
2026-08-15T10:09:50.507041Z,1136,248.0,0,OK,OK,OK
2026-08-15T10:09:56.002749Z,1133,248.0,0,OK,OK,OK
2026-08-15T10:10:01.542414Z,1136,248.1,0,OK,OK,OK
2026-08-15T10:10:07.057121Z,1146,248.0,0,OK,OK,OK
2026-08-15T10:10:12.579649Z,1143,248.1,0,OK,OK,OK
2026-08-15T10:10:18.093694Z,1122,248.1,0,OK,OK,OK
2026-08-15T10:10:23.603620Z,1135,247.9,0,OK,OK,OK
2026-08-15T10:10:29.122491Z,1136,247.9,0,OK,OK,OK
2026-08-15T10:10:34.629111Z,1136,247.9,0,OK,OK,OK
2026-08-15T10:10:40.133558Z,1132,247.9,0,OK,OK,OK
2026-08-15T10:10:45.632891Z,1141,247.9,0,OK,OK,OK
2026-08-15T10:10:51.147596Z,1154,247.9,0,OK,OK,OK
2026-08-15T10:10:56.654551Z,1147,248.1,0,OK,OK,OK
2026-08-15T10:11:02.126660Z,1146,248.0,0,OK,OK,OK
2026-08-15T10:11:07.622366Z,1142,248.0,0,OK,OK,OK
2026-08-15T10:11:13.133577Z,1138,247.9,0,OK,OK,OK
2026-08-15T10:11:18.671700Z,1150,247.9,0,OK,OK,OK
2026-08-15T10:11:24.206393Z,1154,248.1,0,OK,OK,OK
2026-08-15T10:11:29.737805Z,1151,247.9,0,OK,OK,OK
2026-08-15T10:11:35.221841Z,1148,248.0,0,OK,OK,OK
2026-08-15T10:11:40.758275Z,1152,247.9,0,OK,OK,OK
2026-08-15T10:11:46.263787Z,1145,247.9,0,OK,OK,OK
2026-08-15T10:11:51.801743Z,1182,247.9,0,OK,OK,OK
2026-08-15T10:11:57.266294Z,1149,247.9,0,OK,OK,OK
2026-08-15T10:12:02.799568Z,1166,247.9,0,OK,OK,OK
2026-08-15T10:12:08.322039Z,1149,247.9,0,OK,OK,OK
2026-08-15T10:12:13.790175Z,1160,247.9,0,OK,OK,OK
2026-08-15T10:12:19.271676Z,1150,248.0,0,OK,OK,OK
2026-08-15T10:12:24.813842Z,1152,247.9,0,OK,OK,OK
2026-08-15T10:12:30.314511Z,1145,247.9,0,OK,OK,OK
2026-08-15T10:12:35.825819Z,1162,247.9,0,OK,OK,OK
2026-08-15T10:12:41.363843Z,1134,247.9,0,OK,OK,OK
2026-08-15T10:12:46.895437Z,1152,247.9,0,OK,OK,OK
2026-08-15T10:12:52.412401Z,1201,247.8,0,OK,OK,OK
2026-08-15T10:12:57.945283Z,1137,247.9,0,OK,OK,OK
2026-08-15T10:13:03.462583Z,1148,247.9,0,OK,OK,OK
2026-08-15T10:13:08.989984Z,1147,247.8,0,OK,OK,OK
2026-08-15T10:13:14.508241Z,1144,247.7,0,OK,OK,OK
2026-08-15T10:13:20.031299Z,1133,247.7,0,OK,OK,OK
2026-08-15T10:13:25.582173Z,1156,247.8,0,OK,OK,OK
2026-08-15T10:13:31.069546Z,1153,247.8,0,OK,OK,OK
2026-08-15T10:13:36.549386Z,1159,247.8,0,OK,OK,OK
2026-08-15T10:13:42.038092Z,1167,247.8,0,OK,OK,OK
2026-08-15T10:13:47.530995Z,1131,247.9,0,OK,OK,OK
2026-08-15T10:13:53.032834Z,1154,247.8,0,OK,OK,OK
2026-08-15T10:13:58.530563Z,1148,247.9,0,OK,OK,OK
2026-08-15T10:14:04.001729Z,1151,247.9,0,OK,OK,OK
2026-08-15T10:14:09.504036Z,1157,247.8,0,OK,OK,OK
2026-08-15T10:14:14.990446Z,1141,247.8,0,OK,OK,OK
2026-08-15T10:14:20.500110Z,1143,247.8,0,OK,OK,OK
2026-08-15T10:14:25.970038Z,1147,247.9,0,OK,OK,OK
2026-08-15T10:14:31.476180Z,1149,247.9,0,OK,OK,OK
2026-08-15T10:14:36.966391Z,1144,247.8,0,OK,OK,OK
2026-08-15T10:14:42.417907Z,1150,247.8,0,OK,OK,OK
2026-08-15T10:14:47.937642Z,1145,247.9,0,OK,OK,OK
2026-08-15T10:14:53.444576Z,1147,247.8,0,OK,OK,OK
2026-08-15T10:14:58.952324Z,1152,247.8,0,OK,OK,OK
2026-08-15T10:15:04.443678Z,1147,247.9,0,OK,OK,OK
2026-08-15T10:15:09.954184Z,1143,247.8,0,OK,OK,OK
2026-08-15T10:15:15.477907Z,1143,247.9,0,OK,OK,OK
2026-08-15T10:15:20.991127Z,1148,247.9,0,OK,OK,OK
2026-08-15T10:15:26.523276Z,1144,247.8,0,OK,OK,OK
2026-08-15T10:15:32.038780Z,1150,247.8,0,OK,OK,OK
2026-08-15T10:15:37.563685Z,1139,247.8,0,OK,OK,OK
2026-08-15T10:15:43.054070Z,1147,247.9,0,OK,OK,OK
2026-08-15T10:15:48.555921Z,1148,247.8,0,OK,OK,OK
2026-08-15T10:15:54.039401Z,1142,247.9,0,OK,OK,OK
2026-08-15T10:15:59.555721Z,1148,247.9,0,OK,OK,OK
2026-08-15T10:16:05.064474Z,1142,247.9,0,OK,OK,OK
2026-08-15T10:16:10.559844Z,1151,247.9,0,OK,OK,OK
2026-08-15T10:16:16.120835Z,1147,248.0,0,OK,OK,OK
2026-08-15T10:16:21.619907Z,1156,247.9,0,OK,OK,OK
2026-08-15T10:16:27.150935Z,1144,248.0,0,OK,OK,OK
2026-08-15T10:16:32.678314Z,1159,248.0,0,OK,OK,OK
2026-08-15T10:16:38.174778Z,1141,248.0,0,OK,OK,OK
2026-08-15T10:16:43.686254Z,1150,248.0,0,OK,OK,OK
2026-08-15T10:16:49.196236Z,1149,248.0,0,OK,OK,OK
2026-08-15T10:16:54.720412Z,1152,248.0,0,OK,OK,OK
2026-08-15T10:17:00.214287Z,1142,248.0,0,OK,OK,OK
2026-08-15T10:17:05.707946Z,1175,248.0,0,OK,OK,OK
2026-08-15T10:17:11.190072Z,1149,248.0,0,OK,OK,OK
2026-08-15T10:17:16.724270Z,1150,248.0,0,OK,OK,OK
2026-08-15T10:17:22.232219Z,1142,248.0,0,OK,OK,OK
2026-08-15T10:17:27.756696Z,1151,248.0,0,OK,OK,OK
2026-08-15T10:17:33.281298Z,1242,247.9,0,OK,OK,OK
2026-08-15T10:17:38.804028Z,1298,247.9,0,OK,OK,OK
2026-08-15T10:17:44.262066Z,1262,247.9,0,OK,OK,OK
2026-08-15T10:17:49.811768Z,1263,247.9,0,OK,OK,OK
2026-08-15T10:17:55.304784Z,1252,247.9,0,OK,OK,OK
2026-08-15T10:18:00.798978Z,1268,247.9,0,OK,OK,OK
2026-08-15T10:18:06.269426Z,1261,247.9,0,OK,OK,OK
2026-08-15T10:18:11.716594Z,1264,247.9,0,OK,OK,OK
2026-08-15T10:18:17.226924Z,1254,247.9,0,OK,OK,OK
2026-08-15T10:18:22.713036Z,1264,248.1,0,OK,OK,OK
2026-08-15T10:18:28.236120Z,1255,248.0,0,OK,OK,OK
2026-08-15T10:18:33.710997Z,1255,248.0,0,OK,OK,OK
2026-08-15T10:18:39.221795Z,1262,247.9,0,OK,OK,OK
2026-08-15T10:18:44.677157Z,1252,248.1,0,OK,OK,OK
2026-08-15T10:18:50.195618Z,1244,248.0,0,OK,OK,OK
2026-08-15T10:18:55.717884Z,1246,248.1,0,OK,OK,OK
2026-08-15T10:19:01.216329Z,1247,247.9,0,OK,OK,OK
2026-08-15T10:19:06.724240Z,1244,248.1,0,OK,OK,OK
2026-08-15T10:19:12.252460Z,1238,248.1,0,OK,OK,OK
2026-08-15T10:19:17.792040Z,1238,248.1,0,OK,OK,OK
2026-08-15T10:19:23.315962Z,1235,248.2,0,OK,OK,OK
2026-08-15T10:19:28.803489Z,1231,248.1,0,OK,OK,OK
2026-08-15T10:19:34.329996Z,1242,248.1,0,OK,OK,OK
2026-08-15T10:19:39.847272Z,1225,248.1,0,OK,OK,OK
2026-08-15T10:19:45.370087Z,1222,248.2,0,OK,OK,OK
2026-08-15T10:19:50.876345Z,1238,248.3,0,OK,OK,OK
2026-08-15T10:19:56.391746Z,1228,248.5,0,OK,OK,OK
2026-08-15T10:20:01.889147Z,1234,248.5,0,OK,OK,OK
2026-08-15T10:20:07.394088Z,1229,248.5,0,OK,OK,OK
2026-08-15T10:20:12.884421Z,1240,248.5,0,OK,OK,OK
2026-08-15T10:20:18.384299Z,1242,248.5,0,OK,OK,OK
2026-08-15T10:20:23.931400Z,1235,248.5,0,OK,OK,OK
2026-08-15T10:20:29.472468Z,1241,248.6,0,OK,OK,OK
2026-08-15T10:20:34.976002Z,1240,248.5,0,OK,OK,OK
2026-08-15T10:20:40.473390Z,1238,248.5,0,OK,OK,OK
2026-08-15T10:20:45.987357Z,1236,248.5,0,OK,OK,OK
2026-08-15T10:20:51.455396Z,1239,248.5,0,OK,OK,OK
2026-08-15T10:20:56.966823Z,1235,248.6,0,OK,OK,OK
2026-08-15T10:21:02.483332Z,1241,248.6,0,OK,OK,OK
2026-08-15T10:21:07.977002Z,1230,248.5,0,OK,OK,OK
2026-08-15T10:21:13.493290Z,1230,248.5,0,OK,OK,OK
2026-08-15T10:21:19.025736Z,1231,248.5,0,OK,OK,OK
2026-08-15T10:21:24.516116Z,1267,248.6,0,OK,OK,OK
2026-08-15T10:21:30.029068Z,1230,248.8,0,OK,OK,OK
2026-08-15T10:21:35.574757Z,1232,248.7,0,OK,OK,OK
2026-08-15T10:21:41.055045Z,1227,248.6,0,OK,OK,OK
2026-08-15T10:21:46.601115Z,1231,248.6,0,OK,OK,OK
2026-08-15T10:21:52.093890Z,1236,248.7,0,OK,OK,OK
2026-08-15T10:21:57.621130Z,1228,248.8,0,OK,OK,OK
2026-08-15T10:22:03.127450Z,1232,248.8,0,OK,OK,OK
2026-08-15T10:22:08.620062Z,1236,248.6,0,OK,OK,OK
2026-08-15T10:22:14.113126Z,1246,248.7,0,OK,OK,OK
2026-08-15T10:22:19.600242Z,1244,248.9,0,OK,OK,OK
2026-08-15T10:22:25.099224Z,1239,248.9,0,OK,OK,OK
2026-08-15T10:22:30.600266Z,1235,248.9,0,OK,OK,OK
2026-08-15T10:22:36.108186Z,1230,248.9,0,OK,OK,OK
2026-08-15T10:22:41.629669Z,1232,248.8,0,OK,OK,OK
2026-08-15T10:22:47.153547Z,1245,248.7,0,OK,OK,OK
2026-08-15T10:22:52.642317Z,1253,248.5,0,OK,OK,OK
2026-08-15T10:22:58.173651Z,1230,248.5,0,OK,OK,OK
2026-08-15T10:23:03.651281Z,1232,248.6,0,OK,OK,OK
2026-08-15T10:23:09.154974Z,1236,248.5,0,OK,OK,OK
2026-08-15T10:23:14.647329Z,1244,248.5,0,OK,OK,OK
2026-08-15T10:23:20.168378Z,1232,248.5,0,OK,OK,OK
2026-08-15T10:23:25.664621Z,1246,248.6,0,OK,OK,OK
2026-08-15T10:23:31.162336Z,1234,248.6,0,OK,OK,OK
2026-08-15T10:23:36.668411Z,1242,248.5,0,OK,OK,OK
2026-08-15T10:23:42.138426Z,1234,248.6,0,OK,OK,OK
2026-08-15T10:23:47.619370Z,1239,248.6,0,OK,OK,OK
2026-08-15T10:23:53.101108Z,1237,248.5,0,OK,OK,OK
2026-08-15T10:23:58.586104Z,1235,248.5,0,OK,OK,OK
2026-08-15T10:24:04.120618Z,1232,248.5,0,OK,OK,OK
2026-08-15T10:24:09.578697Z,1235,248.5,0,OK,OK,OK
2026-08-15T10:24:15.060994Z,1239,248.5,0,OK,OK,OK
2026-08-15T10:24:20.559968Z,1237,248.6,0,OK,OK,OK
2026-08-15T10:24:26.073136Z,1236,248.6,0,OK,OK,OK
2026-08-15T10:24:31.570948Z,1238,248.6,0,OK,OK,OK
2026-08-15T10:24:37.067806Z,1246,248.7,0,OK,OK,OK
2026-08-15T10:24:42.569526Z,1243,248.6,0,OK,OK,OK
2026-08-15T10:24:48.051717Z,1250,248.5,0,OK,OK,OK
2026-08-15T10:24:53.562046Z,1233,248.5,0,OK,OK,OK
2026-08-15T10:24:59.058523Z,1241,248.7,0,OK,OK,OK
2026-08-15T10:25:04.583706Z,1235,248.5,0,OK,OK,OK
2026-08-15T10:25:10.092316Z,1238,248.5,0,OK,OK,OK
2026-08-15T10:25:15.574976Z,1223,248.5,0,OK,OK,OK
2026-08-15T10:25:21.056997Z,1239,248.6,0,OK,OK,OK
2026-08-15T10:25:26.565098Z,1239,248.6,0,OK,OK,OK
2026-08-15T10:25:32.038028Z,1239,248.6,0,OK,OK,OK
2026-08-15T10:25:37.558769Z,1239,248.6,0,OK,OK,OK
2026-08-15T10:25:43.058485Z,1250,248.6,0,OK,OK,OK
2026-08-15T10:25:48.567790Z,1235,248.5,0,OK,OK,OK
2026-08-15T10:25:54.027234Z,1267,248.5,0,OK,OK,OK
2026-08-15T10:25:59.526571Z,1238,248.7,0,OK,OK,OK
2026-08-15T10:26:05.016261Z,1246,248.7,0,OK,OK,OK
2026-08-15T10:26:10.515872Z,1234,248.5,8,OK,OK,OK
2026-08-15T10:26:15.971465Z,1238,248.6,8,OK,OK,OK
2026-08-15T10:26:21.496353Z,1264,248.5,8,OK,OK,OK
2026-08-15T10:26:26.984907Z,1254,248.5,8,OK,OK,OK
2026-08-15T10:26:32.482390Z,1235,248.6,8,OK,OK,OK
2026-08-15T10:26:37.980371Z,1236,248.6,8,OK,OK,OK
2026-08-15T10:26:43.483319Z,1245,248.6,8,OK,OK,OK
2026-08-15T10:26:49.003301Z,1250,248.5,8,OK,OK,OK
2026-08-15T10:26:54.522198Z,1237,248.6,8,OK,OK,OK
2026-08-15T10:27:00.031628Z,1233,248.7,8,OK,OK,OK
2026-08-15T10:27:05.540363Z,1238,248.5,8,OK,OK,OK
2026-08-15T10:27:11.048358Z,1236,248.5,8,OK,OK,OK
2026-08-15T10:27:16.567100Z,1237,248.5,8,OK,OK,OK
2026-08-15T10:27:22.067112Z,1242,248.5,8,OK,OK,OK
2026-08-15T10:27:27.584856Z,1239,248.5,8,OK,OK,OK
2026-08-15T10:27:33.127986Z,1245,248.5,8,OK,OK,OK
2026-08-15T10:27:38.630808Z,1236,248.5,8,OK,OK,OK
2026-08-15T10:27:44.145676Z,1232,248.5,8,OK,OK,OK
2026-08-15T10:27:49.702485Z,1236,248.6,8,OK,OK,OK
2026-08-15T10:27:55.210265Z,1235,248.6,8,OK,OK,OK
2026-08-15T10:28:00.713199Z,1214,248.6,8,OK,OK,OK
2026-08-15T10:28:06.207144Z,1276,248.6,8,OK,OK,OK
2026-08-15T10:28:11.716599Z,1231,248.5,8,OK,OK,OK
2026-08-15T10:28:17.222593Z,1228,248.6,8,OK,OK,OK
2026-08-15T10:28:22.714137Z,1234,248.5,8,OK,OK,OK
2026-08-15T10:28:28.212690Z,1232,248.5,8,OK,OK,OK
2026-08-15T10:28:33.713779Z,1232,248.5,8,OK,OK,OK
2026-08-15T10:28:39.161547Z,1244,248.5,8,OK,OK,OK
2026-08-15T10:28:44.628759Z,1242,248.7,8,OK,OK,OK
2026-08-15T10:28:50.141473Z,1233,248.5,8,OK,OK,OK
2026-08-15T10:28:55.629797Z,1236,248.6,8,OK,OK,OK
2026-08-15T10:29:01.142375Z,1234,248.5,8,OK,OK,OK
2026-08-15T10:29:06.607073Z,1229,248.5,8,OK,OK,OK
2026-08-15T10:29:12.114079Z,1235,248.5,8,OK,OK,OK
2026-08-15T10:29:17.580496Z,1234,248.7,8,OK,OK,OK
2026-08-15T10:29:23.052868Z,1246,248.8,8,OK,OK,OK
2026-08-15T10:29:28.549491Z,1236,248.5,8,OK,OK,OK
2026-08-15T10:29:34.071720Z,1249,248.6,8,OK,OK,OK
2026-08-15T10:29:39.576037Z,1252,248.6,8,OK,OK,OK
2026-08-15T10:29:45.100145Z,1235,248.6,8,OK,OK,OK
2026-08-15T10:29:50.616819Z,1231,248.6,8,OK,OK,OK
2026-08-15T10:29:56.146758Z,1232,248.5,8,OK,OK,OK
2026-08-15T10:30:01.648922Z,1230,248.5,8,OK,OK,OK
2026-08-15T10:30:07.175326Z,1234,248.5,8,OK,OK,OK
2026-08-15T10:30:12.677903Z,1231,248.5,8,OK,OK,OK
2026-08-15T10:30:18.220584Z,1227,248.5,8,OK,OK,OK
2026-08-15T10:30:23.690120Z,1227,248.6,8,OK,OK,OK
2026-08-15T10:30:29.225013Z,1234,248.6,8,OK,OK,OK
2026-08-15T10:30:34.733933Z,1240,248.5,8,OK,OK,OK
2026-08-15T10:30:40.200268Z,1226,248.5,8,OK,OK,OK
2026-08-15T10:30:45.685422Z,1290,248.6,8,OK,OK,OK
2026-08-15T10:30:51.223004Z,1272,248.7,8,OK,OK,OK
2026-08-15T10:30:56.694841Z,1273,248.7,8,OK,OK,OK
2026-08-15T10:31:02.195865Z,1280,248.7,8,OK,OK,OK
2026-08-15T10:31:07.733291Z,1338,248.7,8,OK,OK,OK
2026-08-15T10:31:13.240909Z,1292,248.7,8,OK,OK,OK
2026-08-15T10:31:18.789577Z,1285,248.7,8,OK,OK,OK
2026-08-15T10:31:24.281777Z,1290,248.7,8,OK,OK,OK
2026-08-15T10:31:29.806658Z,1294,248.7,8,OK,OK,OK
2026-08-15T10:31:35.333777Z,1287,248.7,8,OK,OK,OK
2026-08-15T10:31:40.833495Z,1292,248.7,8,OK,OK,OK
2026-08-15T10:31:46.304328Z,1285,248.7,8,OK,OK,OK
2026-08-15T10:31:51.809176Z,1271,248.8,8,OK,OK,OK
2026-08-15T10:31:57.306966Z,1248,248.7,8,OK,OK,OK
2026-08-15T10:32:02.826957Z,1240,248.8,8,OK,OK,OK
2026-08-15T10:32:08.300560Z,1245,248.8,8,OK,OK,OK
2026-08-15T10:32:13.814866Z,1243,248.8,8,OK,OK,OK
2026-08-15T10:32:19.296134Z,1231,248.8,8,OK,OK,OK
2026-08-15T10:32:24.762370Z,1243,248.7,8,OK,OK,OK
2026-08-15T10:32:30.235069Z,1235,248.7,8,OK,OK,OK
2026-08-15T10:32:35.748579Z,1244,248.8,8,OK,OK,OK
2026-08-15T10:32:41.208581Z,1238,248.8,8,OK,OK,OK
2026-08-15T10:32:46.760015Z,1239,248.9,8,OK,OK,OK
2026-08-15T10:32:52.285967Z,1232,248.8,8,OK,OK,OK
2026-08-15T10:32:57.769667Z,1378,248.8,8,OK,OK,OK
2026-08-15T10:33:03.282052Z,1384,248.8,8,OK,OK,OK
2026-08-15T10:33:08.748026Z,1363,248.9,8,OK,OK,OK
2026-08-15T10:33:14.277620Z,1371,248.7,8,OK,OK,OK
2026-08-15T10:33:19.806129Z,1366,248.8,8,OK,OK,OK
2026-08-15T10:33:25.294229Z,1360,248.7,8,OK,OK,OK
2026-08-15T10:33:30.757026Z,1363,248.9,8,OK,OK,OK
2026-08-15T10:33:36.261249Z,1370,248.7,8,OK,OK,OK
2026-08-15T10:33:41.791371Z,1367,248.7,8,OK,OK,OK
2026-08-15T10:33:47.290281Z,1359,248.7,8,OK,OK,OK
2026-08-15T10:33:52.809088Z,1361,248.7,8,OK,OK,OK
2026-08-15T10:33:58.325221Z,1363,248.7,8,OK,OK,OK
2026-08-15T10:34:03.828320Z,1339,248.7,8,OK,OK,OK
2026-08-15T10:34:09.292057Z,1357,248.7,8,OK,OK,OK
2026-08-15T10:34:14.848534Z,1357,248.7,8,OK,OK,OK
2026-08-15T10:34:20.354187Z,1356,248.7,8,OK,OK,OK
2026-08-15T10:34:25.865694Z,1240,248.9,8,OK,OK,OK
2026-08-15T10:34:31.348600Z,1237,248.8,8,OK,OK,OK
2026-08-15T10:34:36.830377Z,1246,248.9,8,OK,OK,OK
2026-08-15T10:34:42.354708Z,1249,248.9,8,OK,OK,OK
2026-08-15T10:34:47.851060Z,1247,248.9,8,OK,OK,OK
2026-08-15T10:34:53.381761Z,1255,248.9,8,OK,OK,OK
2026-08-15T10:34:58.887427Z,1237,248.9,8,OK,OK,OK
2026-08-15T10:35:04.429149Z,1248,248.9,8,OK,OK,OK
2026-08-15T10:35:09.951626Z,1258,248.9,8,OK,OK,OK
2026-08-15T10:35:15.470809Z,1248,248.9,8,OK,OK,OK
2026-08-15T10:35:20.989201Z,1246,248.9,8,OK,OK,OK
2026-08-15T10:35:26.516102Z,1246,248.9,8,OK,OK,OK
2026-08-15T10:35:31.986912Z,1246,248.9,8,OK,OK,OK
2026-08-15T10:35:37.528235Z,1246,248.9,8,OK,OK,OK
2026-08-15T10:35:43.069536Z,1243,248.9,8,OK,OK,OK
2026-08-15T10:35:48.600368Z,1244,248.9,8,OK,OK,OK
2026-08-15T10:35:54.090638Z,1241,248.9,8,OK,OK,OK
2026-08-15T10:35:59.627504Z,1242,248.9,8,OK,OK,OK
2026-08-15T10:36:05.140108Z,1240,248.9,8,OK,OK,OK
2026-08-15T10:36:10.617352Z,1243,248.9,8,OK,OK,OK
2026-08-15T10:36:16.151674Z,1245,248.9,8,OK,OK,OK
2026-08-15T10:36:21.665689Z,1241,249.0,8,OK,OK,OK
2026-08-15T10:36:27.199915Z,1248,249.0,8,OK,OK,OK
2026-08-15T10:36:32.686868Z,1246,248.9,8,OK,OK,OK
2026-08-15T10:36:38.173047Z,1250,248.9,8,OK,OK,OK
2026-08-15T10:36:43.665238Z,1244,248.9,8,OK,OK,OK
2026-08-15T10:36:49.179651Z,1260,248.9,8,OK,OK,OK
2026-08-15T10:36:54.653134Z,1256,248.9,8,OK,OK,OK
2026-08-15T10:37:00.105455Z,1242,248.9,8,OK,OK,OK
2026-08-15T10:37:05.631336Z,1254,248.9,8,OK,OK,OK
2026-08-15T10:37:11.097398Z,1248,248.9,8,OK,OK,OK
2026-08-15T10:37:16.601603Z,1232,248.9,8,OK,OK,OK
2026-08-15T10:37:22.078845Z,1236,248.9,8,OK,OK,OK
2026-08-15T10:37:27.601797Z,1242,248.9,8,OK,OK,OK
2026-08-15T10:37:33.090967Z,1253,248.9,8,OK,OK,OK
2026-08-15T10:37:38.574684Z,1244,249.1,8,OK,OK,OK
2026-08-15T10:37:44.071631Z,1246,249.0,8,OK,OK,OK
2026-08-15T10:37:49.593493Z,1249,249.0,8,OK,OK,OK
2026-08-15T10:37:55.066760Z,1268,249.0,8,OK,OK,OK
2026-08-15T10:38:00.606274Z,1254,249.1,8,OK,OK,OK
2026-08-15T10:38:06.121392Z,1251,249.0,8,OK,OK,OK
2026-08-15T10:38:11.645047Z,1258,249.0,8,OK,OK,OK
2026-08-15T10:38:17.139840Z,1257,249.1,8,OK,OK,OK
2026-08-15T10:38:22.605787Z,1273,249.0,8,OK,OK,OK
2026-08-15T10:38:28.125627Z,1252,249.1,8,OK,OK,OK
2026-08-15T10:38:33.629029Z,1254,249.1,8,OK,OK,OK
2026-08-15T10:38:39.132083Z,1256,249.1,8,OK,OK,OK
2026-08-15T10:38:44.667011Z,1261,249.1,8,OK,OK,OK
2026-08-15T10:38:50.139847Z,1246,249.1,8,OK,OK,OK
2026-08-15T10:38:55.654290Z,1247,249.1,8,OK,OK,OK
2026-08-15T10:39:01.158509Z,1234,249.1,8,OK,OK,OK
2026-08-15T10:39:06.653244Z,1262,249.1,8,OK,OK,OK
2026-08-15T10:39:12.182441Z,1249,249.1,8,OK,OK,OK
2026-08-15T10:39:17.652803Z,1258,249.1,8,OK,OK,OK
2026-08-15T10:39:23.181635Z,1237,249.1,8,OK,OK,OK
2026-08-15T10:39:28.694797Z,1246,249.1,8,OK,OK,OK
2026-08-15T10:39:34.216455Z,1252,249.1,8,OK,OK,OK
2026-08-15T10:39:39.733723Z,1264,249.1,8,OK,OK,OK
2026-08-15T10:39:45.242561Z,1243,249.1,8,OK,OK,OK
2026-08-15T10:39:50.756801Z,1241,249.1,8,OK,OK,OK
2026-08-15T10:39:56.249956Z,1244,249.2,8,OK,OK,OK
2026-08-15T10:40:01.762898Z,1258,249.1,8,OK,OK,OK
2026-08-15T10:40:07.246595Z,1259,249.1,8,OK,OK,OK
2026-08-15T10:40:12.758466Z,1176,249.1,8,OK,OK,OK
2026-08-15T10:40:18.282050Z,1165,249.1,8,OK,OK,OK
2026-08-15T10:40:23.816121Z,1172,249.2,8,OK,OK,OK
2026-08-15T10:40:29.310629Z,1163,249.2,8,OK,OK,OK
2026-08-15T10:40:34.843561Z,1174,249.2,8,OK,OK,OK
2026-08-15T10:40:40.304814Z,1169,249.2,8,OK,OK,OK
2026-08-15T10:40:45.770590Z,1180,249.2,8,OK,OK,OK
2026-08-15T10:40:51.302386Z,1158,249.2,8,OK,OK,OK
2026-08-15T10:40:56.775149Z,1157,249.2,8,OK,OK,OK
2026-08-15T10:41:02.272654Z,1157,249.2,8,OK,OK,OK
2026-08-15T10:41:07.743829Z,1172,249.2,8,OK,OK,OK
2026-08-15T10:41:13.243862Z,1157,249.2,8,OK,OK,OK
2026-08-15T10:41:18.723515Z,1154,249.2,8,OK,OK,OK
2026-08-15T10:41:24.221215Z,1155,249.0,8,OK,OK,OK
2026-08-15T10:41:29.736641Z,1157,249.2,119,OK,OK,OK
2026-08-15T10:41:35.255836Z,1154,249.2,119,OK,OK,OK
2026-08-15T10:41:40.763870Z,1155,249.2,119,OK,OK,OK
2026-08-15T10:41:46.267061Z,2430,248.6,119,OK,OK,OK
2026-08-15T10:41:51.793778Z,2498,248.6,119,OK,OK,OK
2026-08-15T10:41:57.310474Z,2472,248.7,119,OK,OK,OK
2026-08-15T10:42:02.775192Z,2478,248.6,119,OK,OK,OK
2026-08-15T10:42:08.311594Z,2486,248.6,119,OK,OK,OK
2026-08-15T10:42:13.818018Z,2504,248.5,119,OK,OK,OK
2026-08-15T10:42:19.318443Z,2495,248.6,119,OK,OK,OK
2026-08-15T10:42:24.799481Z,2514,248.6,119,OK,OK,OK
2026-08-15T10:42:30.300026Z,2556,248.5,119,OK,OK,OK
2026-08-15T10:42:35.780460Z,2559,248.6,119,OK,OK,OK
2026-08-15T10:42:41.268984Z,2550,248.7,119,OK,OK,OK
2026-08-15T10:42:46.806133Z,2548,248.7,119,OK,OK,OK
2026-08-15T10:42:52.331847Z,2532,248.7,119,OK,OK,OK
2026-08-15T10:42:57.834318Z,2562,248.7,119,OK,OK,OK
2026-08-15T10:43:03.338848Z,2560,248.7,119,OK,OK,OK
2026-08-15T10:43:08.847440Z,2566,248.7,119,OK,OK,OK
2026-08-15T10:43:14.363389Z,2556,248.7,119,OK,OK,OK
2026-08-15T10:43:19.891781Z,2554,248.7,119,OK,OK,OK
2026-08-15T10:43:25.399886Z,2534,248.7,119,OK,OK,OK
2026-08-15T10:43:30.953282Z,2547,248.6,119,OK,OK,OK
2026-08-15T10:43:36.463371Z,2546,248.7,119,OK,OK,OK
2026-08-15T10:43:41.955211Z,2539,248.7,119,OK,OK,OK
2026-08-15T10:43:47.468380Z,2541,248.6,119,OK,OK,OK
2026-08-15T10:43:52.980573Z,2544,248.6,119,OK,OK,OK
2026-08-15T10:43:58.488818Z,2534,248.6,119,OK,OK,OK
2026-08-15T10:44:03.999517Z,2537,248.6,119,OK,OK,OK
2026-08-15T10:44:09.488564Z,2534,248.5,119,OK,OK,OK
2026-08-15T10:44:15.029749Z,2540,248.6,119,OK,OK,OK
2026-08-15T10:44:20.556285Z,2540,248.6,119,OK,OK,OK
2026-08-15T10:44:26.052019Z,2546,248.6,119,OK,OK,OK
2026-08-15T10:44:31.565159Z,2548,248.6,119,OK,OK,OK
2026-08-15T10:44:37.087412Z,2558,248.7,119,OK,OK,OK
2026-08-15T10:44:42.598486Z,2561,248.7,119,OK,OK,OK
2026-08-15T10:44:48.055986Z,2557,248.7,119,OK,OK,OK
2026-08-15T10:44:53.575063Z,2571,248.6,119,OK,OK,OK
2026-08-15T10:44:59.088146Z,2557,248.8,119,OK,OK,OK
2026-08-15T10:45:04.605853Z,2549,248.8,119,OK,OK,OK
2026-08-15T10:45:10.114081Z,2558,248.6,119,OK,OK,OK
2026-08-15T10:45:15.610813Z,2560,248.6,119,OK,OK,OK
2026-08-15T10:45:21.095462Z,2546,248.6,119,OK,OK,OK
2026-08-15T10:45:26.602249Z,2559,248.7,119,OK,OK,OK
2026-08-15T10:45:32.128791Z,2544,248.6,119,OK,OK,OK
2026-08-15T10:45:37.619801Z,2558,248.6,119,OK,OK,OK
2026-08-15T10:45:43.138868Z,2550,248.6,119,OK,OK,OK
2026-08-15T10:45:48.671115Z,2558,248.6,119,OK,OK,OK
2026-08-15T10:45:54.190061Z,2549,248.5,119,OK,OK,OK
2026-08-15T10:45:59.701233Z,2553,248.7,119,OK,OK,OK
2026-08-15T10:46:05.204236Z,2543,248.6,119,OK,OK,OK
2026-08-15T10:46:10.642102Z,2548,248.6,119,OK,OK,OK
2026-08-15T10:46:16.176172Z,2554,248.6,119,OK,OK,OK
2026-08-15T10:46:21.686450Z,2553,248.6,119,OK,OK,OK
2026-08-15T10:46:27.193872Z,2538,248.7,119,OK,OK,OK
2026-08-15T10:46:32.656243Z,2554,248.6,119,OK,OK,OK
2026-08-15T10:46:38.163463Z,2550,248.6,119,OK,OK,OK
2026-08-15T10:46:43.630998Z,2548,248.5,119,OK,OK,OK
2026-08-15T10:46:49.133787Z,2549,248.6,119,OK,OK,OK
2026-08-15T10:46:54.643066Z,2553,248.6,119,OK,OK,OK
2026-08-15T10:47:00.128594Z,2578,248.5,119,OK,OK,OK
2026-08-15T10:47:05.626383Z,2546,248.7,119,OK,OK,OK
2026-08-15T10:47:11.128070Z,2598,248.6,119,OK,OK,OK
2026-08-15T10:47:16.639720Z,2544,248.6,119,OK,OK,OK
2026-08-15T10:47:22.148751Z,2547,248.6,119,OK,OK,OK
2026-08-15T10:47:27.635407Z,1175,249.3,119,OK,OK,OK
2026-08-15T10:47:33.157718Z,1177,249.2,119,OK,OK,OK
2026-08-15T10:47:38.680656Z,1174,249.2,119,OK,OK,OK
2026-08-15T10:47:44.176294Z,1171,249.4,119,OK,OK,OK
2026-08-15T10:47:49.679411Z,1167,249.2,119,OK,OK,OK
2026-08-15T10:47:55.184045Z,1178,249.2,119,OK,OK,OK
2026-08-15T10:48:00.714289Z,1164,249.3,119,OK,OK,OK
2026-08-15T10:48:06.222398Z,1178,249.3,119,OK,OK,OK
2026-08-15T10:48:11.731945Z,1168,249.3,119,OK,OK,OK
2026-08-15T10:48:17.262775Z,1179,249.3,119,OK,OK,OK
2026-08-15T10:48:22.746384Z,1182,249.3,119,OK,OK,OK
2026-08-15T10:48:28.241219Z,1174,249.3,119,OK,OK,OK
2026-08-15T10:48:33.750819Z,1196,249.3,119,OK,OK,OK
2026-08-15T10:48:39.236618Z,1184,249.3,119,OK,OK,OK
2026-08-15T10:48:44.749931Z,1174,249.3,119,OK,OK,OK
2026-08-15T10:48:50.235061Z,1172,249.2,119,OK,OK,OK
2026-08-15T10:48:55.717161Z,1161,249.3,119,OK,OK,OK
2026-08-15T10:49:01.183648Z,1171,249.3,119,OK,OK,OK
2026-08-15T10:49:06.702704Z,1172,249.3,119,OK,OK,OK
2026-08-15T10:49:12.160242Z,1165,249.3,119,OK,OK,OK
2026-08-15T10:49:17.688736Z,1169,249.3,119,OK,OK,OK
2026-08-15T10:49:23.184192Z,1167,249.3,119,OK,OK,OK
2026-08-15T10:49:28.729342Z,1164,249.3,119,OK,OK,OK
2026-08-15T10:49:34.189131Z,1180,249.3,119,OK,OK,OK
2026-08-15T10:49:39.731405Z,1190,249.3,119,OK,OK,OK
2026-08-15T10:49:45.223917Z,1171,249.3,119,OK,OK,OK
2026-08-15T10:49:50.755055Z,1174,249.3,119,OK,OK,OK
2026-08-15T10:49:56.213824Z,1168,249.2,119,OK,OK,OK
2026-08-15T10:50:01.725457Z,1170,249.2,119,OK,OK,OK
2026-08-15T10:50:07.199814Z,1170,249.3,119,OK,OK,OK
2026-08-15T10:50:12.719238Z,1170,249.3,119,OK,OK,OK
2026-08-15T10:50:18.205833Z,1163,249.2,119,OK,OK,OK
2026-08-15T10:50:23.743813Z,1172,249.2,119,OK,OK,OK
2026-08-15T10:50:29.219636Z,1167,249.3,119,OK,OK,OK
2026-08-15T10:50:34.702192Z,1161,249.3,119,OK,OK,OK
2026-08-15T10:50:40.200295Z,1171,249.2,119,OK,OK,OK
2026-08-15T10:50:45.698906Z,1164,249.3,119,OK,OK,OK
2026-08-15T10:50:51.196110Z,1170,249.2,119,OK,OK,OK
2026-08-15T10:50:56.705695Z,1166,249.2,119,OK,OK,OK
2026-08-15T10:51:02.178119Z,1177,249.2,119,OK,OK,OK
2026-08-15T10:51:07.696816Z,1176,249.2,119,OK,OK,OK
2026-08-15T10:51:13.199859Z,1164,249.2,119,OK,OK,OK
2026-08-15T10:51:18.692094Z,1167,249.3,119,OK,OK,OK
2026-08-15T10:51:24.201353Z,1190,249.2,119,OK,OK,OK
2026-08-15T10:51:29.706651Z,1171,249.2,119,OK,OK,OK
2026-08-15T10:51:35.192465Z,1162,249.2,119,OK,OK,OK
2026-08-15T10:51:40.694969Z,1164,249.2,119,OK,OK,OK
2026-08-15T10:51:46.205060Z,1149,249.2,119,OK,OK,OK
2026-08-15T10:51:51.706716Z,1173,249.2,119,OK,OK,OK
2026-08-15T10:51:57.218177Z,1185,249.2,119,OK,OK,OK
2026-08-15T10:52:02.719353Z,1166,249.2,119,OK,OK,OK
2026-08-15T10:52:08.205644Z,1165,249.2,119,OK,OK,OK
2026-08-15T10:52:13.690177Z,1182,249.3,119,OK,OK,OK
2026-08-15T10:52:19.194977Z,1162,249.4,119,OK,OK,OK
2026-08-15T10:52:24.663166Z,1166,249.3,119,OK,OK,OK
2026-08-15T10:52:30.176996Z,1166,249.4,119,OK,OK,OK
2026-08-15T10:52:35.644491Z,1179,249.2,119,OK,OK,OK
2026-08-15T10:52:41.143343Z,1172,249.2,119,OK,OK,OK
2026-08-15T10:52:46.640776Z,1162,249.4,119,OK,OK,OK
2026-08-15T10:52:52.139507Z,1164,249.4,119,OK,OK,OK
2026-08-15T10:52:57.621869Z,1162,249.4,119,OK,OK,OK
2026-08-15T10:53:03.104706Z,1187,249.4,119,OK,OK,OK
2026-08-15T10:53:08.620161Z,1165,249.3,119,OK,OK,OK
2026-08-15T10:53:14.154307Z,1169,249.3,119,OK,OK,OK
2026-08-15T10:53:19.671926Z,1161,249.3,119,OK,OK,OK
2026-08-15T10:53:25.179823Z,1176,249.2,119,OK,OK,OK
2026-08-15T10:53:30.694557Z,1166,249.2,119,OK,OK,OK
2026-08-15T10:53:36.178935Z,1165,249.2,119,OK,OK,OK
2026-08-15T10:53:41.698556Z,1161,249.3,119,OK,OK,OK
2026-08-15T10:53:47.227536Z,1159,249.3,119,OK,OK,OK
2026-08-15T10:53:52.752687Z,1160,249.4,119,OK,OK,OK
2026-08-15T10:53:58.233559Z,1166,249.2,119,OK,OK,OK
2026-08-15T10:54:03.756606Z,1162,249.2,119,OK,OK,OK
2026-08-15T10:54:09.242188Z,1166,249.2,119,OK,OK,OK
2026-08-15T10:54:14.860138Z,1174,249.2,119,OK,OK,OK
2026-08-15T10:54:20.403301Z,1188,249.2,119,OK,OK,OK
2026-08-15T10:54:25.926911Z,1163,249.2,119,OK,OK,OK
2026-08-15T10:54:31.413112Z,1160,249.2,119,OK,OK,OK
2026-08-15T10:54:36.937472Z,1173,249.2,119,OK,OK,OK
2026-08-15T10:54:42.466686Z,1163,249.2,119,OK,OK,OK
2026-08-15T10:54:48.034070Z,1158,249.2,119,OK,OK,OK
2026-08-15T10:54:53.574145Z,1174,249.2,119,OK,OK,OK
2026-08-15T10:54:59.045737Z,1170,249.2,119,OK,OK,OK
2026-08-15T10:55:04.584802Z,1174,249.2,119,OK,OK,OK
2026-08-15T10:55:10.073802Z,1167,249.2,119,OK,OK,OK
2026-08-15T10:55:15.584135Z,1169,249.2,119,OK,OK,OK
2026-08-15T10:55:21.062417Z,1164,249.3,119,OK,OK,OK
2026-08-15T10:55:26.573507Z,1172,249.2,119,OK,OK,OK
2026-08-15T10:55:32.070138Z,1164,249.2,119,OK,OK,OK
2026-08-15T10:55:37.574214Z,1151,249.2,119,OK,OK,OK
2026-08-15T10:55:43.035292Z,1189,249.2,119,OK,OK,OK
2026-08-15T10:55:48.547773Z,1168,249.2,119,OK,OK,OK
2026-08-15T10:55:54.050298Z,1185,249.3,119,OK,OK,OK
2026-08-15T10:55:59.568031Z,1183,249.2,119,OK,OK,OK
2026-08-15T10:56:05.077036Z,1168,249.3,119,OK,OK,OK
2026-08-15T10:56:10.584535Z,1167,249.3,119,OK,OK,OK
2026-08-15T10:56:16.126808Z,1169,249.3,119,OK,OK,OK
2026-08-15T10:56:21.611239Z,1182,249.3,119,OK,OK,OK
2026-08-15T10:56:27.138879Z,1201,249.3,119,OK,OK,OK
2026-08-15T10:56:32.639936Z,1172,249.3,119,OK,OK,OK
2026-08-15T10:56:38.144578Z,1176,249.2,119,OK,OK,OK
2026-08-15T10:56:43.648348Z,1170,249.2,253,OK,OK,OK
2026-08-15T10:56:49.140438Z,1168,249.2,253,OK,OK,OK
2026-08-15T10:56:54.644945Z,1183,249.2,253,OK,OK,OK
2026-08-15T10:57:00.178186Z,1292,249.1,253,OK,OK,OK
2026-08-15T10:57:05.649696Z,1286,249.1,253,OK,OK,OK
2026-08-15T10:57:11.153992Z,1289,249.0,253,OK,OK,OK
2026-08-15T10:57:16.639505Z,1285,249.2,253,OK,OK,OK
2026-08-15T10:57:22.158490Z,1278,249.2,253,OK,OK,OK
2026-08-15T10:57:27.595528Z,1280,249.1,253,OK,OK,OK
2026-08-15T10:57:33.135917Z,1291,249.0,253,OK,OK,OK
2026-08-15T10:57:38.608641Z,1282,249.0,253,OK,OK,OK
2026-08-15T10:57:44.077578Z,1281,249.2,253,OK,OK,OK
2026-08-15T10:57:49.572388Z,1283,249.1,253,OK,OK,OK
2026-08-15T10:57:55.100143Z,1273,249.1,253,OK,OK,OK
2026-08-15T10:58:00.585719Z,1276,249.1,253,OK,OK,OK
2026-08-15T10:58:06.065733Z,1280,249.0,253,OK,OK,OK
2026-08-15T10:58:11.588433Z,1267,249.0,253,OK,OK,OK
2026-08-15T10:58:17.049016Z,1267,249.0,253,OK,OK,OK
2026-08-15T10:58:22.575111Z,1268,249.0,253,OK,OK,OK
2026-08-15T10:58:28.082180Z,1263,249.0,253,OK,OK,OK
2026-08-15T10:58:33.544401Z,1274,249.1,253,OK,OK,OK
2026-08-15T10:58:39.064644Z,1270,249.0,253,OK,OK,OK
2026-08-15T10:58:44.542112Z,1268,249.0,253,OK,OK,OK
2026-08-15T10:58:50.022033Z,1259,249.0,253,OK,OK,OK
2026-08-15T10:58:55.561552Z,1261,249.1,253,OK,OK,OK
2026-08-15T10:59:01.075828Z,1256,249.2,253,OK,OK,OK
2026-08-15T10:59:06.572432Z,1258,249.2,253,OK,OK,OK
2026-08-15T10:59:12.062250Z,1255,249.1,253,OK,OK,OK
2026-08-15T10:59:17.570836Z,1249,249.2,253,OK,OK,OK
2026-08-15T10:59:23.040794Z,1258,249.2,253,OK,OK,OK
2026-08-15T10:59:28.543510Z,1255,249.2,253,OK,OK,OK
2026-08-15T10:59:34.036943Z,1287,249.2,253,OK,OK,OK
2026-08-15T10:59:39.547921Z,1283,249.2,253,OK,OK,OK
2026-08-15T10:59:45.082393Z,1250,249.2,253,OK,OK,OK
2026-08-15T10:59:50.574679Z,1252,249.2,253,OK,OK,OK
2026-08-15T10:59:56.056640Z,1253,249.2,253,OK,OK,OK
2026-08-15T11:00:01.571406Z,1237,249.2,253,OK,OK,OK
2026-08-15T11:00:07.049580Z,1252,249.4,253,OK,OK,OK
2026-08-15T11:00:12.524141Z,1263,249.2,253,OK,OK,OK
2026-08-15T11:00:18.007250Z,1254,249.3,253,OK,OK,OK
2026-08-15T11:00:23.532593Z,1261,249.4,253,OK,OK,OK
2026-08-15T11:00:29.019797Z,1257,249.4,253,OK,OK,OK
2026-08-15T11:00:34.540267Z,1252,249.4,253,OK,OK,OK
2026-08-15T11:00:40.079351Z,1259,249.4,253,OK,OK,OK
2026-08-15T11:00:45.604491Z,1260,249.4,253,OK,OK,OK
2026-08-15T11:00:51.091819Z,1255,249.4,253,OK,OK,OK
2026-08-15T11:00:56.618328Z,1256,249.3,253,OK,OK,OK
2026-08-15T11:01:02.123695Z,1249,249.4,253,OK,OK,OK
2026-08-15T11:01:07.598738Z,1251,249.3,253,OK,OK,OK
2026-08-15T11:01:13.105281Z,1262,249.2,253,OK,OK,OK
2026-08-15T11:01:18.638983Z,1256,249.4,253,OK,OK,OK
2026-08-15T11:01:24.144592Z,1398,249.2,253,OK,OK,OK
2026-08-15T11:01:29.682466Z,1392,249.2,253,OK,OK,OK
2026-08-15T11:01:35.201528Z,1381,249.2,253,OK,OK,OK
2026-08-15T11:01:40.687353Z,1372,249.2,253,OK,OK,OK
2026-08-15T11:01:46.212520Z,1394,249.2,253,OK,OK,OK
2026-08-15T11:01:51.753719Z,1393,249.2,253,OK,OK,OK
2026-08-15T11:01:57.244454Z,1387,249.2,253,OK,OK,OK
2026-08-15T11:02:02.800678Z,1398,249.1,253,OK,OK,OK
2026-08-15T11:02:08.328389Z,1383,249.1,253,OK,OK,OK
2026-08-15T11:02:13.805645Z,1396,249.1,253,OK,OK,OK
2026-08-15T11:02:19.303060Z,1383,249.2,253,OK,OK,OK
2026-08-15T11:02:24.828435Z,1392,249.2,253,OK,OK,OK
2026-08-15T11:02:30.334383Z,1384,249.2,253,OK,OK,OK
2026-08-15T11:02:35.896778Z,1381,249.2,253,OK,OK,OK
2026-08-15T11:02:41.405693Z,1379,249.2,253,OK,OK,OK
2026-08-15T11:02:46.942180Z,1381,249.4,253,OK,OK,OK
2026-08-15T11:02:52.419486Z,1375,249.5,253,OK,OK,OK
2026-08-15T11:02:57.953560Z,1377,249.4,253,OK,OK,OK
2026-08-15T11:03:03.431274Z,1283,249.5,253,OK,OK,OK
2026-08-15T11:03:08.940662Z,1275,249.5,253,OK,OK,OK
2026-08-15T11:03:14.459697Z,1268,249.3,253,OK,OK,OK
2026-08-15T11:03:19.985818Z,1264,249.5,253,OK,OK,OK
2026-08-15T11:03:25.503427Z,1275,249.4,253,OK,OK,OK
2026-08-15T11:03:31.000323Z,1271,249.3,253,OK,OK,OK
2026-08-15T11:03:36.495547Z,1267,249.4,253,OK,OK,OK
2026-08-15T11:03:41.983761Z,1269,249.4,253,OK,OK,OK
2026-08-15T11:03:47.495298Z,1264,249.3,253,OK,OK,OK
2026-08-15T11:03:52.947065Z,1267,249.3,253,OK,OK,OK
2026-08-15T11:03:58.458373Z,1267,249.4,253,OK,OK,OK
2026-08-15T11:04:03.961062Z,1261,249.4,253,OK,OK,OK
2026-08-15T11:04:09.481218Z,1332,249.3,253,OK,OK,OK
2026-08-15T11:04:14.971565Z,1267,249.4,253,OK,OK,OK
2026-08-15T11:04:20.506484Z,1263,249.4,253,OK,OK,OK
2026-08-15T11:04:26.013077Z,1260,249.4,253,OK,OK,OK
2026-08-15T11:04:31.522098Z,1398,249.3,253,OK,OK,OK
2026-08-15T11:04:36.995873Z,1385,249.2,253,OK,OK,OK
2026-08-15T11:04:42.479117Z,1374,249.2,253,OK,OK,OK
2026-08-15T11:04:47.975196Z,1384,249.2,253,OK,OK,OK
2026-08-15T11:04:53.500785Z,1383,249.2,253,OK,OK,OK
2026-08-15T11:04:59.009277Z,1376,249.2,253,OK,OK,OK
2026-08-15T11:05:04.500310Z,1370,249.2,253,OK,OK,OK
2026-08-15T11:05:09.984546Z,1384,249.2,253,OK,OK,OK
2026-08-15T11:05:15.510221Z,1391,249.2,253,OK,OK,OK
2026-08-15T11:05:20.999489Z,1376,249.0,253,OK,OK,OK
2026-08-15T11:05:26.479965Z,1372,249.0,253,OK,OK,OK
2026-08-15T11:05:31.959406Z,1351,249.1,253,OK,OK,OK
2026-08-15T11:05:37.464322Z,1351,249.0,253,OK,OK,OK
2026-08-15T11:05:42.987490Z,1379,249.0,253,OK,OK,OK
2026-08-15T11:05:48.505159Z,1367,249.1,253,OK,OK,OK
2026-08-15T11:05:53.969752Z,1244,249.2,253,OK,OK,OK
2026-08-15T11:05:59.478098Z,1257,249.2,253,OK,OK,OK
2026-08-15T11:06:04.993302Z,1259,249.2,253,OK,OK,OK
2026-08-15T11:06:10.519009Z,1257,249.2,253,OK,OK,OK
2026-08-15T11:06:16.020022Z,1262,249.2,253,OK,OK,OK
2026-08-15T11:06:21.540945Z,1259,249.2,253,OK,OK,OK
2026-08-15T11:06:27.083479Z,1274,249.2,253,OK,OK,OK
2026-08-15T11:06:32.596948Z,1251,249.2,253,OK,OK,OK
2026-08-15T11:06:38.107228Z,1255,249.1,253,OK,OK,OK
2026-08-15T11:06:43.621813Z,1267,249.2,253,OK,OK,OK
2026-08-15T11:06:49.149564Z,1252,249.1,253,OK,OK,OK
2026-08-15T11:06:54.705945Z,1260,249.1,253,OK,OK,OK
2026-08-15T11:07:00.233371Z,1251,249.3,253,OK,OK,OK
2026-08-15T11:07:05.737365Z,1273,249.3,253,OK,OK,OK
2026-08-15T11:07:11.244849Z,1253,249.1,253,OK,OK,OK
2026-08-15T11:07:16.784477Z,1252,249.3,253,OK,OK,OK
2026-08-15T11:07:22.274748Z,1246,249.3,253,OK,OK,OK
2026-08-15T11:07:27.775974Z,1256,249.3,253,OK,OK,OK
2026-08-15T11:07:33.288225Z,1249,249.3,253,OK,OK,OK
2026-08-15T11:07:38.769081Z,1251,249.2,253,OK,OK,OK
2026-08-15T11:07:44.288642Z,1250,249.3,253,OK,OK,OK
2026-08-15T11:07:49.805371Z,1256,249.2,253,OK,OK,OK
2026-08-15T11:07:55.298095Z,1248,249.2,253,OK,OK,OK
2026-08-15T11:08:00.788754Z,1254,249.3,253,OK,OK,OK
2026-08-15T11:08:06.244029Z,1249,249.3,253,OK,OK,OK
2026-08-15T11:08:11.724229Z,1249,249.3,253,OK,OK,OK
2026-08-15T11:08:17.263812Z,1244,249.3,253,OK,OK,OK
2026-08-15T11:08:22.721393Z,1251,249.3,253,OK,OK,OK
2026-08-15T11:08:28.244350Z,1251,249.3,253,OK,OK,OK
2026-08-15T11:08:33.734464Z,1266,249.4,253,OK,OK,OK
2026-08-15T11:08:39.300207Z,1261,249.3,253,OK,OK,OK
2026-08-15T11:08:44.774992Z,1267,249.2,253,OK,OK,OK
2026-08-15T11:08:50.284644Z,1271,249.2,253,OK,OK,OK
2026-08-15T11:08:55.789468Z,1258,249.3,253,OK,OK,OK
2026-08-15T11:09:01.306121Z,1254,249.3,253,OK,OK,OK
2026-08-15T11:09:06.817834Z,1263,249.2,253,OK,OK,OK
2026-08-15T11:09:12.302087Z,1291,249.1,253,OK,OK,OK
2026-08-15T11:09:17.820545Z,1256,249.3,253,OK,OK,OK
2026-08-15T11:09:23.339087Z,1279,249.3,253,OK,OK,OK
2026-08-15T11:09:28.842464Z,1260,249.3,253,OK,OK,OK
2026-08-15T11:09:34.345459Z,3024,248.4,253,OK,OK,OK
2026-08-15T11:09:39.845729Z,3020,248.4,253,OK,OK,OK
2026-08-15T11:09:45.363041Z,3015,248.4,253,OK,OK,OK
2026-08-15T11:09:50.867425Z,3022,248.4,253,OK,OK,OK
2026-08-15T11:09:56.385556Z,3004,248.4,253,OK,OK,OK
2026-08-15T11:10:01.874947Z,3012,248.4,253,OK,OK,OK
2026-08-15T11:10:07.430997Z,2997,248.4,253,OK,OK,OK
2026-08-15T11:10:12.912405Z,3000,248.4,253,OK,OK,OK
2026-08-15T11:10:18.428094Z,3006,248.4,253,OK,OK,OK
2026-08-15T11:10:23.924805Z,3006,248.4,253,OK,OK,OK
2026-08-15T11:10:29.406738Z,3003,248.4,253,OK,OK,OK
2026-08-15T11:10:34.916006Z,2991,248.6,253,OK,OK,OK
2026-08-15T11:10:40.418950Z,2998,248.4,253,OK,OK,OK
2026-08-15T11:10:45.896819Z,1334,249.2,253,OK,OK,OK
2026-08-15T11:10:51.396099Z,1272,249.1,253,OK,OK,OK
2026-08-15T11:10:56.862205Z,1251,249.1,253,OK,OK,OK
2026-08-15T11:11:02.352218Z,1260,249.0,253,OK,OK,OK
2026-08-15T11:11:07.843388Z,1269,249.0,253,OK,OK,OK
2026-08-15T11:11:13.349831Z,1267,249.1,253,OK,OK,OK
2026-08-15T11:11:18.882893Z,1312,249.1,253,OK,OK,OK
2026-08-15T11:11:24.384667Z,1286,249.0,253,OK,OK,OK
2026-08-15T11:11:29.904299Z,1250,249.1,253,OK,OK,OK
2026-08-15T11:11:35.423755Z,1254,249.0,253,OK,OK,OK
2026-08-15T11:11:40.912701Z,1254,249.1,253,OK,OK,OK
2026-08-15T11:11:46.400431Z,1252,249.0,253,OK,OK,OK
2026-08-15T11:11:51.909937Z,1250,249.0,253,OK,OK,OK
2026-08-15T11:11:57.393153Z,1251,249.0,253,OK,OK,OK
2026-08-15T11:12:02.926529Z,1255,249.0,383,OK,OK,OK
2026-08-15T11:12:08.411068Z,1248,249.0,383,OK,OK,OK
2026-08-15T11:12:13.914971Z,1263,249.0,383,OK,OK,OK
2026-08-15T11:12:19.399713Z,1246,249.0,383,OK,OK,OK
2026-08-15T11:12:24.948210Z,1251,249.0,383,OK,OK,OK
2026-08-15T11:12:30.424849Z,1248,249.0,383,OK,OK,OK
2026-08-15T11:12:35.921892Z,1252,249.1,383,OK,OK,OK
2026-08-15T11:12:41.406812Z,1245,249.1,383,OK,OK,OK
2026-08-15T11:12:46.875082Z,1243,249.1,383,OK,OK,OK
2026-08-15T11:12:52.369862Z,1245,249.1,383,OK,OK,OK
2026-08-15T11:12:57.892004Z,1250,249.0,383,OK,OK,OK
2026-08-15T11:13:03.399113Z,1252,249.1,383,OK,OK,OK
2026-08-15T11:13:08.864798Z,1243,249.0,383,OK,OK,OK
2026-08-15T11:13:14.411399Z,1268,248.9,383,OK,OK,OK
2026-08-15T11:13:19.911196Z,1246,249.1,383,OK,OK,OK
2026-08-15T11:13:25.406144Z,1248,249.0,383,OK,OK,OK
2026-08-15T11:13:30.906593Z,1253,249.1,383,OK,OK,OK
2026-08-15T11:13:36.387286Z,1249,249.0,383,OK,OK,OK
2026-08-15T11:13:41.885179Z,1238,249.1,383,OK,OK,OK
2026-08-15T11:13:47.351707Z,1248,249.0,383,OK,OK,OK
2026-08-15T11:13:52.835027Z,1249,249.1,383,OK,OK,OK
2026-08-15T11:13:58.346791Z,1255,249.1,383,OK,OK,OK
2026-08-15T11:14:03.859984Z,1256,249.0,383,OK,OK,OK
2026-08-15T11:14:09.333018Z,1248,249.0,383,OK,OK,OK
2026-08-15T11:14:14.857409Z,1245,249.0,383,OK,OK,OK
2026-08-15T11:14:20.385523Z,1243,249.0,383,OK,OK,OK
2026-08-15T11:14:25.923765Z,1242,249.0,383,OK,OK,OK
2026-08-15T11:14:31.387806Z,1240,248.8,383,OK,OK,OK
2026-08-15T11:14:36.912502Z,1242,248.7,383,OK,OK,OK
2026-08-15T11:14:42.448775Z,1249,248.8,383,OK,OK,OK
2026-08-15T11:14:47.970129Z,1247,248.8,383,OK,OK,OK
2026-08-15T11:14:53.461581Z,1244,248.8,383,OK,OK,OK
2026-08-15T11:14:59.026875Z,1251,248.9,383,OK,OK,OK
2026-08-15T11:15:04.485995Z,1248,248.9,383,OK,OK,OK
2026-08-15T11:15:09.995791Z,1248,248.9,383,OK,OK,OK
2026-08-15T11:15:15.519795Z,1238,249.0,383,OK,OK,OK
2026-08-15T11:15:21.063552Z,1244,249.0,383,OK,OK,OK
2026-08-15T11:15:26.571416Z,1250,248.9,383,OK,OK,OK
2026-08-15T11:15:32.076153Z,1247,248.9,383,OK,OK,OK
2026-08-15T11:15:37.606800Z,1246,249.0,383,OK,OK,OK
2026-08-15T11:15:43.120307Z,1251,249.0,383,OK,OK,OK
2026-08-15T11:15:48.630478Z,1241,249.0,383,OK,OK,OK
2026-08-15T11:15:54.151389Z,1246,249.0,383,OK,OK,OK
2026-08-15T11:15:59.646406Z,1251,249.0,383,OK,OK,OK
2026-08-15T11:16:05.125709Z,1242,249.0,383,OK,OK,OK
2026-08-15T11:16:10.641438Z,1254,249.0,383,OK,OK,OK
2026-08-15T11:16:16.122750Z,1248,249.0,383,OK,OK,OK
2026-08-15T11:16:21.662651Z,1252,249.0,383,OK,OK,OK
2026-08-15T11:16:27.180448Z,1245,249.0,383,OK,OK,OK
2026-08-15T11:16:32.709725Z,1246,249.0,383,OK,OK,OK
2026-08-15T11:16:38.209598Z,1241,249.0,383,OK,OK,OK
2026-08-15T11:16:43.731167Z,1248,249.1,383,OK,OK,OK
2026-08-15T11:16:49.225148Z,1244,249.0,383,OK,OK,OK
2026-08-15T11:16:54.747044Z,1247,249.0,383,OK,OK,OK
2026-08-15T11:17:00.236120Z,1241,248.9,383,OK,OK,OK
2026-08-15T11:17:05.693326Z,1265,248.9,383,OK,OK,OK
2026-08-15T11:17:11.195339Z,1255,248.9,383,OK,OK,OK
2026-08-15T11:17:16.680904Z,1237,248.9,383,OK,OK,OK
2026-08-15T11:17:22.213260Z,1251,248.9,383,OK,OK,OK
2026-08-15T11:17:27.739009Z,1246,248.9,383,OK,OK,OK
2026-08-15T11:17:33.234061Z,1247,248.9,383,OK,OK,OK
2026-08-15T11:17:38.739666Z,1247,249.0,383,OK,OK,OK
2026-08-15T11:17:44.188975Z,1249,249.0,383,OK,OK,OK
2026-08-15T11:17:49.693123Z,1246,249.0,383,OK,OK,OK
2026-08-15T11:17:55.152673Z,1248,249.0,383,OK,OK,OK
2026-08-15T11:18:00.676683Z,1238,249.0,383,OK,OK,OK
2026-08-15T11:18:06.165370Z,1246,249.0,383,OK,OK,OK
2026-08-15T11:18:11.688914Z,1247,248.9,383,OK,OK,OK
2026-08-15T11:18:17.177515Z,1244,248.9,383,OK,OK,OK
2026-08-15T11:18:22.659616Z,1245,248.9,383,OK,OK,OK
2026-08-15T11:18:28.177019Z,1249,249.0,383,OK,OK,OK
2026-08-15T11:18:33.685255Z,1249,248.9,383,OK,OK,OK
2026-08-15T11:18:39.194625Z,1250,249.0,383,OK,OK,OK
2026-08-15T11:18:44.687283Z,1246,249.0,383,OK,OK,OK
2026-08-15T11:18:50.185356Z,1242,249.0,383,OK,OK,OK
2026-08-15T11:18:55.708521Z,1246,249.0,383,OK,OK,OK
2026-08-15T11:19:01.199108Z,1239,249.0,383,OK,OK,OK
2026-08-15T11:19:06.736841Z,1243,249.0,383,OK,OK,OK
2026-08-15T11:19:12.250304Z,1242,249.0,383,OK,OK,OK
2026-08-15T11:19:17.737930Z,1238,249.1,383,OK,OK,OK
2026-08-15T11:19:23.249900Z,1239,249.0,383,OK,OK,OK
2026-08-15T11:19:28.758324Z,1243,248.9,383,OK,OK,OK
2026-08-15T11:19:34.257329Z,1266,248.9,383,OK,OK,OK
2026-08-15T11:19:39.788900Z,1267,249.0,383,OK,OK,OK
2026-08-15T11:19:45.293965Z,1173,249.1,383,OK,OK,OK
2026-08-15T11:19:50.831599Z,1162,249.0,383,OK,OK,OK
2026-08-15T11:19:56.335245Z,1298,249.0,383,OK,OK,OK
2026-08-15T11:20:01.842280Z,1289,249.0,383,OK,OK,OK
2026-08-15T11:20:07.365398Z,1303,248.9,383,OK,OK,OK
2026-08-15T11:20:12.849214Z,1293,248.9,383,OK,OK,OK
2026-08-15T11:20:18.367716Z,1359,249.0,383,OK,OK,OK
2026-08-15T11:20:23.913051Z,1306,249.0,383,OK,OK,OK
2026-08-15T11:20:29.392142Z,1290,248.9,383,OK,OK,OK
2026-08-15T11:20:34.899552Z,1286,248.9,383,OK,OK,OK
2026-08-15T11:20:40.388163Z,1310,249.0,383,OK,OK,OK
2026-08-15T11:20:45.907640Z,1308,249.0,383,OK,OK,OK
2026-08-15T11:20:51.428780Z,1288,248.9,383,OK,OK,OK
2026-08-15T11:20:56.954064Z,1288,248.9,383,OK,OK,OK
2026-08-15T11:21:02.482477Z,1307,248.8,383,OK,OK,OK
2026-08-15T11:21:07.997469Z,1298,248.8,383,OK,OK,OK
2026-08-15T11:21:13.561746Z,1296,248.7,383,OK,OK,OK
2026-08-15T11:21:19.104215Z,1293,248.9,383,OK,OK,OK
2026-08-15T11:21:24.601899Z,1294,248.8,383,OK,OK,OK
2026-08-15T11:21:30.095747Z,1285,248.8,383,OK,OK,OK
2026-08-15T11:21:35.575012Z,1286,248.8,383,OK,OK,OK
2026-08-15T11:21:41.059196Z,1293,248.8,383,OK,OK,OK
2026-08-15T11:21:46.576810Z,1286,248.8,383,OK,OK,OK
2026-08-15T11:21:52.093007Z,1174,248.9,383,OK,OK,OK
2026-08-15T11:21:57.554977Z,1174,248.9,383,OK,OK,OK
2026-08-15T11:22:03.078243Z,1174,248.9,383,OK,OK,OK
2026-08-15T11:22:08.553391Z,1177,248.9,383,OK,OK,OK
2026-08-15T11:22:14.104901Z,1203,248.9,383,OK,OK,OK
2026-08-15T11:22:19.595118Z,1182,249.0,383,OK,OK,OK
2026-08-15T11:22:25.080439Z,1176,249.0,383,OK,OK,OK
2026-08-15T11:22:30.598627Z,1170,249.0,383,OK,OK,OK
2026-08-15T11:22:36.088890Z,1176,249.0,383,OK,OK,OK
2026-08-15T11:22:41.589703Z,1184,249.0,383,OK,OK,OK
2026-08-15T11:22:47.037519Z,1179,249.0,383,OK,OK,OK
2026-08-15T11:22:52.543324Z,1182,248.9,383,OK,OK,OK
2026-08-15T11:22:58.017683Z,1197,248.9,383,OK,OK,OK
2026-08-15T11:23:03.521923Z,1225,248.9,383,OK,OK,OK
2026-08-15T11:23:09.029079Z,1235,248.9,383,OK,OK,OK
2026-08-15T11:23:14.578792Z,1238,248.9,383,OK,OK,OK
2026-08-15T11:23:20.041580Z,1239,249.0,383,OK,OK,OK
2026-08-15T11:23:25.527166Z,1239,248.9,383,OK,OK,OK
2026-08-15T11:23:31.038757Z,1236,249.0,383,OK,OK,OK
2026-08-15T11:23:36.522457Z,1234,248.9,383,OK,OK,OK
2026-08-15T11:23:42.005194Z,1252,248.9,383,OK,OK,OK
2026-08-15T11:23:47.495550Z,1246,248.9,383,OK,OK,OK
2026-08-15T11:23:52.969335Z,1242,249.1,383,OK,OK,OK
2026-08-15T11:23:58.520321Z,1229,248.9,383,OK,OK,OK
2026-08-15T11:24:03.997879Z,1239,248.9,383,OK,OK,OK
2026-08-15T11:24:09.531993Z,1240,248.9,383,OK,OK,OK
2026-08-15T11:24:15.137635Z,1240,248.9,383,OK,OK,OK
2026-08-15T11:24:20.632626Z,1236,248.9,383,OK,OK,OK
2026-08-15T11:24:26.134421Z,1241,248.9,383,OK,OK,OK
2026-08-15T11:24:31.635530Z,1243,248.9,383,OK,OK,OK
2026-08-15T11:24:37.163793Z,1234,249.0,383,OK,OK,OK
2026-08-15T11:24:42.666990Z,1231,248.9,383,OK,OK,OK
2026-08-15T11:24:48.180091Z,1222,248.9,383,OK,OK,OK
2026-08-15T11:24:53.724807Z,1223,248.9,383,OK,OK,OK
2026-08-15T11:24:59.245326Z,1219,248.9,383,OK,OK,OK
2026-08-15T11:25:04.784295Z,1229,248.9,383,OK,OK,OK
2026-08-15T11:25:10.282921Z,1225,248.8,383,OK,OK,OK
2026-08-15T11:25:15.773746Z,1230,248.9,383,OK,OK,OK
2026-08-15T11:25:21.284423Z,1230,248.9,383,OK,OK,OK
2026-08-15T11:25:26.798592Z,1229,248.9,383,OK,OK,OK
2026-08-15T11:25:32.325369Z,1225,248.9,383,OK,OK,OK
2026-08-15T11:25:37.843475Z,1221,248.9,383,OK,OK,OK
2026-08-15T11:25:43.340993Z,1228,248.8,383,OK,OK,OK
2026-08-15T11:25:48.822341Z,1233,248.9,383,OK,OK,OK
2026-08-15T11:25:54.339145Z,1232,248.9,383,OK,OK,OK
2026-08-15T11:25:59.839855Z,1229,248.9,383,OK,OK,OK
2026-08-15T11:26:05.335603Z,1240,248.9,383,OK,OK,OK
2026-08-15T11:26:10.861450Z,1235,248.9,383,OK,OK,OK
2026-08-15T11:26:16.408476Z,1232,248.9,383,OK,OK,OK
2026-08-15T11:26:21.896781Z,1237,248.9,383,OK,OK,OK
2026-08-15T11:26:27.391231Z,1223,248.9,383,OK,OK,OK
2026-08-15T11:26:32.886300Z,1224,248.9,383,OK,OK,OK
2026-08-15T11:26:38.398911Z,1228,249.1,383,OK,OK,OK
2026-08-15T11:26:43.891795Z,1231,248.9,383,OK,OK,OK
2026-08-15T11:26:49.394296Z,1230,249.1,383,OK,OK,OK
2026-08-15T11:26:54.867413Z,1230,249.0,383,OK,OK,OK
2026-08-15T11:27:00.400570Z,1224,249.0,383,OK,OK,OK
2026-08-15T11:27:05.863802Z,1242,248.9,383,OK,OK,OK
2026-08-15T11:27:11.385488Z,1221,248.9,383,OK,OK,OK
2026-08-15T11:27:16.875385Z,1225,249.0,383,OK,OK,OK
2026-08-15T11:27:22.411665Z,1226,248.9,547,OK,OK,OK
2026-08-15T11:27:27.888880Z,1230,248.9,547,OK,OK,OK
2026-08-15T11:27:33.393360Z,1232,248.9,547,OK,OK,OK
2026-08-15T11:27:38.922177Z,1225,248.9,547,OK,OK,OK
2026-08-15T11:27:44.413698Z,1236,248.9,547,OK,OK,OK
2026-08-15T11:27:49.934716Z,1230,248.9,547,OK,OK,OK
2026-08-15T11:27:55.485388Z,1278,248.9,547,OK,OK,OK
2026-08-15T11:28:00.957701Z,1231,248.9,547,OK,OK,OK
2026-08-15T11:28:06.438731Z,1228,248.9,547,OK,OK,OK
2026-08-15T11:28:11.945875Z,1224,248.9,547,OK,OK,OK
2026-08-15T11:28:17.448506Z,1227,248.9,547,OK,OK,OK
2026-08-15T11:28:22.969190Z,1226,248.9,547,OK,OK,OK
2026-08-15T11:28:28.489163Z,1224,248.9,547,OK,OK,OK
2026-08-15T11:28:33.980593Z,1225,248.9,547,OK,OK,OK
2026-08-15T11:28:39.512358Z,1233,248.9,547,OK,OK,OK
2026-08-15T11:28:45.040013Z,1232,248.9,547,OK,OK,OK
2026-08-15T11:28:50.556127Z,1227,248.9,547,OK,OK,OK
2026-08-15T11:28:56.051130Z,1240,248.8,547,OK,OK,OK
2026-08-15T11:29:01.531314Z,1229,248.4,547,OK,OK,OK
2026-08-15T11:29:07.052206Z,1226,248.4,547,OK,OK,OK
2026-08-15T11:29:12.581785Z,1234,248.5,547,OK,OK,OK
2026-08-15T11:29:18.072051Z,1228,248.3,547,OK,OK,OK
2026-08-15T11:29:23.583727Z,1226,248.5,547,OK,OK,OK
2026-08-15T11:29:29.087964Z,1229,248.3,547,OK,OK,OK
2026-08-15T11:29:34.565461Z,1246,248.5,547,OK,OK,OK
2026-08-15T11:29:40.088168Z,1246,248.3,547,OK,OK,OK
2026-08-15T11:29:45.620875Z,1238,248.3,547,OK,OK,OK
2026-08-15T11:29:51.148018Z,1231,248.4,547,OK,OK,OK
2026-08-15T11:29:56.643524Z,1227,248.3,547,OK,OK,OK
2026-08-15T11:30:02.176844Z,1233,248.4,547,OK,OK,OK
2026-08-15T11:30:07.709223Z,1274,248.3,547,OK,OK,OK
2026-08-15T11:30:13.243176Z,1224,248.4,547,OK,OK,OK
2026-08-15T11:30:18.732350Z,1233,248.5,547,OK,OK,OK
2026-08-15T11:30:24.231630Z,1225,248.5,547,OK,OK,OK
2026-08-15T11:30:29.752481Z,1232,248.5,547,OK,OK,OK
2026-08-15T11:30:35.238558Z,1229,248.5,547,OK,OK,OK
2026-08-15T11:30:40.726154Z,1229,248.3,547,OK,OK,OK
2026-08-15T11:30:46.249296Z,1227,248.3,547,OK,OK,OK
2026-08-15T11:30:51.754960Z,1234,248.3,547,OK,OK,OK
2026-08-15T11:30:57.254841Z,1231,248.3,547,OK,OK,OK
2026-08-15T11:31:02.762777Z,1231,248.3,547,OK,OK,OK
2026-08-15T11:31:08.292188Z,1225,248.3,547,OK,OK,OK
2026-08-15T11:31:13.807833Z,1233,248.3,547,OK,OK,OK
2026-08-15T11:31:19.280286Z,1222,248.3,547,OK,OK,OK
2026-08-15T11:31:24.756584Z,1227,248.3,547,OK,OK,OK
2026-08-15T11:31:30.264745Z,1230,248.3,547,OK,OK,OK
2026-08-15T11:31:35.745680Z,1245,248.3,547,OK,OK,OK
2026-08-15T11:31:41.258375Z,1224,248.3,547,OK,OK,OK
2026-08-15T11:31:46.717793Z,1226,248.3,547,OK,OK,OK
2026-08-15T11:31:52.217654Z,1229,248.3,547,OK,OK,OK
2026-08-15T11:31:57.688154Z,1226,248.3,547,OK,OK,OK
2026-08-15T11:32:03.188618Z,1232,248.3,547,OK,OK,OK
2026-08-15T11:32:08.679379Z,1226,248.3,547,OK,OK,OK
2026-08-15T11:32:14.219069Z,1242,248.3,547,OK,OK,OK
2026-08-15T11:32:19.691265Z,1235,248.3,547,OK,OK,OK
2026-08-15T11:32:25.246271Z,1226,248.3,547,OK,OK,OK
2026-08-15T11:32:30.735694Z,1236,248.3,547,OK,OK,OK
2026-08-15T11:32:36.235820Z,1226,248.3,547,OK,OK,OK
2026-08-15T11:32:41.721744Z,1232,248.3,547,OK,OK,OK
2026-08-15T11:32:47.231966Z,1229,248.3,547,OK,OK,OK
2026-08-15T11:32:52.763152Z,1230,248.3,547,OK,OK,OK
2026-08-15T11:32:58.271203Z,1228,248.3,547,OK,OK,OK
2026-08-15T11:33:03.804854Z,1224,248.3,547,OK,OK,OK
2026-08-15T11:33:09.323082Z,1247,248.3,547,OK,OK,OK
2026-08-15T11:33:14.832488Z,1234,248.3,547,OK,OK,OK
2026-08-15T11:33:20.327753Z,1228,248.3,547,OK,OK,OK
2026-08-15T11:33:25.795944Z,1234,248.3,547,OK,OK,OK
2026-08-15T11:33:31.304239Z,1226,248.4,547,OK,OK,OK
2026-08-15T11:33:36.823550Z,1274,248.3,547,OK,OK,OK
2026-08-15T11:33:42.278542Z,1227,248.3,547,OK,OK,OK
2026-08-15T11:33:47.787609Z,1233,248.3,547,OK,OK,OK
2026-08-15T11:33:53.247292Z,1228,248.3,547,OK,OK,OK
2026-08-15T11:33:58.756173Z,1226,248.3,547,OK,OK,OK
2026-08-15T11:34:04.241220Z,1239,248.4,547,OK,OK,OK
2026-08-15T11:34:09.740863Z,1228,248.3,547,OK,OK,OK
2026-08-15T11:34:15.217549Z,1241,248.2,547,OK,OK,OK
2026-08-15T11:34:20.723735Z,1229,248.4,547,OK,OK,OK
2026-08-15T11:34:26.181870Z,1228,248.3,547,OK,OK,OK
2026-08-15T11:34:31.686412Z,1232,248.3,547,OK,OK,OK
2026-08-15T11:34:37.176549Z,1229,248.4,547,OK,OK,OK
2026-08-15T11:34:42.687679Z,1230,248.3,547,OK,OK,OK
2026-08-15T11:34:48.173847Z,1228,248.3,547,OK,OK,OK
2026-08-15T11:34:53.657252Z,1224,248.4,547,OK,OK,OK
2026-08-15T11:34:59.152416Z,1225,248.5,547,OK,OK,OK
2026-08-15T11:35:04.623529Z,1239,248.5,547,OK,OK,OK
2026-08-15T11:35:10.137393Z,1220,248.4,547,OK,OK,OK
2026-08-15T11:35:15.649196Z,1277,248.4,547,OK,OK,OK
2026-08-15T11:35:21.159730Z,1229,248.4,547,OK,OK,OK
2026-08-15T11:35:26.673561Z,1235,248.3,547,OK,OK,OK
2026-08-15T11:35:32.216927Z,1224,248.4,547,OK,OK,OK
2026-08-15T11:35:37.721436Z,1234,248.3,547,OK,OK,OK
2026-08-15T11:35:43.216872Z,1237,248.2,547,OK,OK,OK
2026-08-15T11:35:48.741144Z,1235,248.3,547,OK,OK,OK
2026-08-15T11:35:54.251787Z,1238,248.4,547,OK,OK,OK
2026-08-15T11:35:59.764636Z,1232,248.2,547,OK,OK,OK
2026-08-15T11:36:05.265264Z,1232,248.2,547,OK,OK,OK
2026-08-15T11:36:10.775065Z,1229,248.2,547,OK,OK,OK
2026-08-15T11:36:16.285969Z,1238,248.2,547,OK,OK,OK
2026-08-15T11:36:21.775676Z,1235,248.2,547,OK,OK,OK
2026-08-15T11:36:27.291015Z,1244,248.2,547,OK,OK,OK
2026-08-15T11:36:32.819873Z,1240,248.2,547,OK,OK,OK
2026-08-15T11:36:38.298524Z,1229,248.2,547,OK,OK,OK
2026-08-15T11:36:43.778337Z,1228,248.2,547,OK,OK,OK
2026-08-15T11:36:49.279607Z,1230,248.3,547,OK,OK,OK
2026-08-15T11:36:54.792416Z,1329,248.3,547,OK,OK,OK
2026-08-15T11:37:00.311829Z,1334,248.3,547,OK,OK,OK
2026-08-15T11:37:05.761324Z,1363,248.4,547,OK,OK,OK
2026-08-15T11:37:11.241394Z,1359,248.3,547,OK,OK,OK
2026-08-15T11:37:16.688945Z,1328,248.3,547,OK,OK,OK
2026-08-15T11:37:22.225591Z,1349,248.3,547,OK,OK,OK
2026-08-15T11:37:27.700316Z,1337,248.3,547,OK,OK,OK
2026-08-15T11:37:33.210294Z,1334,248.3,547,OK,OK,OK
2026-08-15T11:37:38.728660Z,1342,248.3,547,OK,OK,OK
2026-08-15T11:37:44.281426Z,1341,248.3,547,OK,OK,OK
2026-08-15T11:37:49.773276Z,1336,248.2,547,OK,OK,OK
2026-08-15T11:37:55.297995Z,1335,248.3,547,OK,OK,OK
2026-08-15T11:38:00.786071Z,1334,248.3,547,OK,OK,OK
2026-08-15T11:38:06.267705Z,1328,248.1,547,OK,OK,OK
2026-08-15T11:38:11.779957Z,1331,248.3,547,OK,OK,OK
2026-08-15T11:38:17.302759Z,1333,248.3,547,OK,OK,OK
2026-08-15T11:38:22.810436Z,1332,248.2,547,OK,OK,OK
2026-08-15T11:38:28.278085Z,1326,248.2,547,OK,OK,OK
2026-08-15T11:38:33.804285Z,1322,248.2,547,OK,OK,OK
2026-08-15T11:38:39.293239Z,1325,248.2,547,OK,OK,OK
2026-08-15T11:38:44.792697Z,1326,248.2,547,OK,OK,OK
2026-08-15T11:38:50.310523Z,1320,248.2,547,OK,OK,OK
2026-08-15T11:38:55.786020Z,1322,248.3,547,OK,OK,OK
2026-08-15T11:39:01.338799Z,1327,248.3,547,OK,OK,OK
2026-08-15T11:39:06.827451Z,2105,247.7,547,OK,OK,OK
2026-08-15T11:39:12.308202Z,2151,247.6,547,OK,OK,OK
2026-08-15T11:39:17.831771Z,2181,247.7,547,OK,OK,OK
2026-08-15T11:39:23.345934Z,2215,247.5,547,OK,OK,OK
2026-08-15T11:39:28.815144Z,2287,247.5,547,OK,OK,OK
2026-08-15T11:39:34.279895Z,2385,247.5,547,OK,OK,OK
2026-08-15T11:39:39.756259Z,2727,247.4,547,OK,OK,OK
2026-08-15T11:39:45.238545Z,2807,247.4,547,OK,OK,OK
2026-08-15T11:39:50.758224Z,2786,247.4,547,OK,OK,OK
2026-08-15T11:39:56.217699Z,2760,247.5,547,OK,OK,OK
2026-08-15T11:40:01.739201Z,2739,247.5,547,OK,OK,OK
2026-08-15T11:40:07.230434Z,2734,247.5,547,OK,OK,OK
2026-08-15T11:40:12.711162Z,2722,247.4,547,OK,OK,OK
2026-08-15T11:40:18.212017Z,2705,247.5,547,OK,OK,OK
2026-08-15T11:40:23.711095Z,2701,247.4,547,OK,OK,OK
2026-08-15T11:40:29.220289Z,2700,247.5,547,OK,OK,OK
2026-08-15T11:40:34.755053Z,2706,247.5,547,OK,OK,OK
2026-08-15T11:40:40.301471Z,2693,247.4,547,OK,OK,OK
2026-08-15T11:40:45.800812Z,2693,247.3,547,OK,OK,OK
2026-08-15T11:40:51.458520Z,2678,247.5,547,OK,OK,OK
2026-08-15T11:40:56.956497Z,2690,247.5,547,OK,OK,OK
2026-08-15T11:41:02.423001Z,2686,247.5,547,OK,OK,OK
2026-08-15T11:41:07.921659Z,2689,247.3,547,OK,OK,OK
2026-08-15T11:41:13.419760Z,2681,247.4,547,OK,OK,OK
2026-08-15T11:41:18.903227Z,2680,247.4,547,OK,OK,OK
2026-08-15T11:41:24.447730Z,2697,247.4,547,OK,OK,OK
2026-08-15T11:41:29.964029Z,2681,247.5,547,OK,OK,OK
2026-08-15T11:41:35.475682Z,2684,247.5,547,OK,OK,OK
2026-08-15T11:41:40.997016Z,2681,247.4,547,OK,OK,OK
2026-08-15T11:41:46.488221Z,2685,247.5,547,OK,OK,OK
2026-08-15T11:41:51.972356Z,2683,247.5,547,OK,OK,OK
2026-08-15T11:41:57.505256Z,2689,247.5,547,OK,OK,OK
2026-08-15T11:42:03.000950Z,2681,247.5,547,OK,OK,OK
2026-08-15T11:42:08.483118Z,2678,247.4,547,OK,OK,OK
2026-08-15T11:42:13.982682Z,2686,247.5,547,OK,OK,OK
2026-08-15T11:42:19.493717Z,2701,247.5,547,OK,OK,OK
2026-08-15T11:42:25.031864Z,2696,247.8,547,OK,OK,OK
2026-08-15T11:42:30.522187Z,2688,247.8,547,OK,OK,OK
2026-08-15T11:42:36.011786Z,2697,247.8,547,OK,OK,OK
2026-08-15T11:42:41.568894Z,2689,247.7,640,OK,OK,OK
2026-08-15T11:42:47.053114Z,2687,247.7,640,OK,OK,OK
2026-08-15T11:42:52.551527Z,2690,247.7,640,OK,OK,OK
2026-08-15T11:42:58.058604Z,2697,247.7,640,OK,OK,OK
2026-08-15T11:43:03.545469Z,2692,247.7,640,OK,OK,OK
2026-08-15T11:43:09.025899Z,2697,247.7,640,OK,OK,OK
2026-08-15T11:43:14.508480Z,2687,247.8,640,OK,OK,OK
2026-08-15T11:43:19.999420Z,2685,247.9,640,OK,OK,OK
2026-08-15T11:43:25.540758Z,2696,247.9,640,OK,OK,OK
2026-08-15T11:43:31.001498Z,2695,247.9,640,OK,OK,OK
2026-08-15T11:43:36.498445Z,2694,247.9,640,OK,OK,OK
2026-08-15T11:43:41.983397Z,2688,247.8,640,OK,OK,OK
2026-08-15T11:43:47.509131Z,2700,247.8,640,OK,OK,OK
2026-08-15T11:43:53.011258Z,2686,247.8,640,OK,OK,OK
2026-08-15T11:43:58.512232Z,2692,247.8,640,OK,OK,OK
2026-08-15T11:44:04.022406Z,2692,247.8,640,OK,OK,OK
2026-08-15T11:44:09.549807Z,2690,247.8,640,OK,OK,OK
2026-08-15T11:44:15.052191Z,2697,248.0,640,OK,OK,OK
2026-08-15T11:44:20.550717Z,2672,247.9,640,OK,OK,OK
2026-08-15T11:44:26.080407Z,2688,247.9,640,OK,OK,OK
2026-08-15T11:44:31.577289Z,2687,247.8,640,OK,OK,OK
2026-08-15T11:44:37.104274Z,2693,247.8,640,OK,OK,OK
2026-08-15T11:44:42.601806Z,2700,247.8,640,OK,OK,OK
2026-08-15T11:44:48.089320Z,2691,247.8,640,OK,OK,OK
2026-08-15T11:44:53.630486Z,2687,247.8,640,OK,OK,OK
2026-08-15T11:44:59.139753Z,2686,247.8,640,OK,OK,OK
2026-08-15T11:45:04.653497Z,2699,247.8,640,OK,OK,OK
2026-08-15T11:45:10.130482Z,2684,247.7,640,OK,OK,OK
2026-08-15T11:45:15.667328Z,2682,247.6,640,OK,OK,OK
2026-08-15T11:45:21.187107Z,2687,247.7,640,OK,OK,OK
2026-08-15T11:45:26.726135Z,2685,247.7,640,OK,OK,OK
2026-08-15T11:45:32.236848Z,2684,247.7,640,OK,OK,OK
2026-08-15T11:45:37.746237Z,2690,247.7,640,OK,OK,OK
2026-08-15T11:45:43.242370Z,2680,247.7,640,OK,OK,OK
2026-08-15T11:45:48.770260Z,2694,247.7,640,OK,OK,OK
2026-08-15T11:45:54.277592Z,2698,247.8,640,OK,OK,OK
2026-08-15T11:45:59.797085Z,2680,247.8,640,OK,OK,OK
2026-08-15T11:46:05.290612Z,2691,247.8,640,OK,OK,OK
2026-08-15T11:46:10.803338Z,2688,247.8,640,OK,OK,OK
2026-08-15T11:46:16.301176Z,2693,247.8,640,OK,OK,OK
2026-08-15T11:46:21.809031Z,2691,247.8,640,OK,OK,OK
2026-08-15T11:46:27.340965Z,2690,247.8,640,OK,OK,OK
2026-08-15T11:46:32.840476Z,2702,247.8,640,OK,OK,OK
2026-08-15T11:46:38.324422Z,2686,247.7,640,OK,OK,OK
2026-08-15T11:46:43.842214Z,2694,247.7,640,OK,OK,OK
2026-08-15T11:46:49.318225Z,2685,247.8,640,OK,OK,OK
2026-08-15T11:46:54.795444Z,2743,247.7,640,OK,OK,OK
2026-08-15T11:47:00.257697Z,2678,247.8,640,OK,OK,OK
2026-08-15T11:47:05.736842Z,2700,247.8,640,OK,OK,OK
2026-08-15T11:47:11.260706Z,2698,247.8,640,OK,OK,OK
2026-08-15T11:47:16.765383Z,2686,247.9,640,OK,OK,OK
2026-08-15T11:47:22.259702Z,2679,247.8,640,OK,OK,OK
2026-08-15T11:47:27.730996Z,2680,247.9,640,OK,OK,OK
2026-08-15T11:47:33.265742Z,2701,247.9,640,OK,OK,OK
2026-08-15T11:47:38.727406Z,2684,247.7,640,OK,OK,OK
2026-08-15T11:47:44.245849Z,2716,247.7,640,OK,OK,OK
2026-08-15T11:47:49.740275Z,2679,247.7,640,OK,OK,OK
2026-08-15T11:47:55.222624Z,2682,247.7,640,OK,OK,OK
2026-08-15T11:48:00.727192Z,2687,247.8,640,OK,OK,OK
2026-08-15T11:48:06.236414Z,2688,247.7,640,OK,OK,OK
2026-08-15T11:48:11.744464Z,2691,247.8,640,OK,OK,OK
2026-08-15T11:48:17.277087Z,2686,247.8,640,OK,OK,OK
2026-08-15T11:48:22.805029Z,2697,248.0,640,OK,OK,OK
2026-08-15T11:48:28.310959Z,2690,248.0,640,OK,OK,OK
2026-08-15T11:48:33.805721Z,2690,248.0,640,OK,OK,OK
2026-08-15T11:48:39.325918Z,2690,248.0,640,OK,OK,OK
2026-08-15T11:48:44.839164Z,2690,248.1,640,OK,OK,OK
2026-08-15T11:48:50.330001Z,2683,247.9,640,OK,OK,OK
2026-08-15T11:48:55.855187Z,2698,248.0,640,OK,OK,OK
2026-08-15T11:49:01.374481Z,2688,247.9,640,OK,OK,OK
2026-08-15T11:49:06.894075Z,2703,247.9,640,OK,OK,OK
2026-08-15T11:49:12.431246Z,2698,247.9,640,OK,OK,OK
2026-08-15T11:49:17.958770Z,2713,247.9,640,OK,OK,OK
2026-08-15T11:49:23.432378Z,2695,247.9,640,OK,OK,OK
2026-08-15T11:49:28.957324Z,2688,247.9,640,OK,OK,OK
2026-08-15T11:49:34.458215Z,2697,247.9,640,OK,OK,OK
2026-08-15T11:49:39.986803Z,2686,247.9,640,OK,OK,OK
2026-08-15T11:49:45.456139Z,2699,247.9,640,OK,OK,OK
2026-08-15T11:49:50.925080Z,2690,247.9,640,OK,OK,OK
2026-08-15T11:49:56.417837Z,2696,247.9,640,OK,OK,OK
2026-08-15T11:50:01.909918Z,2689,247.9,640,OK,OK,OK
2026-08-15T11:50:07.368163Z,2689,247.9,640,OK,OK,OK
2026-08-15T11:50:12.891259Z,2693,247.9,640,OK,OK,OK
2026-08-15T11:50:18.352211Z,2693,247.9,640,OK,OK,OK
2026-08-15T11:50:23.874391Z,2690,248.0,640,OK,OK,OK
2026-08-15T11:50:29.350354Z,2690,248.0,640,OK,OK,OK
2026-08-15T11:50:34.870748Z,2695,248.0,640,OK,OK,OK
2026-08-15T11:50:40.345592Z,2669,248.0,640,OK,OK,OK
2026-08-15T11:50:45.846322Z,2688,248.0,640,OK,OK,OK
2026-08-15T11:50:51.374230Z,2698,248.0,640,OK,OK,OK
2026-08-15T11:50:56.881694Z,2686,248.0,640,OK,OK,OK
2026-08-15T11:51:02.354488Z,2688,248.0,640,OK,OK,OK
2026-08-15T11:51:07.895620Z,2687,248.0,640,OK,OK,OK
2026-08-15T11:51:13.351336Z,2690,248.1,640,OK,OK,OK
2026-08-15T11:51:18.863379Z,2687,247.9,640,OK,OK,OK
2026-08-15T11:51:24.364355Z,2721,248.0,640,OK,OK,OK
2026-08-15T11:51:29.861552Z,2690,248.0,640,OK,OK,OK
2026-08-15T11:51:35.360392Z,2682,248.0,640,OK,OK,OK
2026-08-15T11:51:40.884640Z,2688,248.0,640,OK,OK,OK
2026-08-15T11:51:46.372097Z,2690,248.0,640,OK,OK,OK
2026-08-15T11:51:51.902153Z,2697,248.0,640,OK,OK,OK
2026-08-15T11:51:57.433730Z,2696,247.9,640,OK,OK,OK
2026-08-15T11:52:02.929438Z,2696,248.0,640,OK,OK,OK
2026-08-15T11:52:08.434956Z,2692,248.0,640,OK,OK,OK
2026-08-15T11:52:13.954271Z,2697,248.1,640,OK,OK,OK
2026-08-15T11:52:19.490269Z,2678,248.1,640,OK,OK,OK
2026-08-15T11:52:25.009031Z,2687,248.0,640,OK,OK,OK
2026-08-15T11:52:30.518933Z,2688,248.0,640,OK,OK,OK
2026-08-15T11:52:36.022038Z,2703,248.1,640,OK,OK,OK
2026-08-15T11:52:41.514957Z,2692,248.0,640,OK,OK,OK
2026-08-15T11:52:47.022136Z,2701,248.0,640,OK,OK,OK
2026-08-15T11:52:52.524826Z,2698,248.0,640,OK,OK,OK
2026-08-15T11:52:58.009644Z,2684,248.0,640,OK,OK,OK
2026-08-15T11:53:03.511389Z,2685,248.0,640,OK,OK,OK
2026-08-15T11:53:09.013860Z,2692,248.0,640,OK,OK,OK
2026-08-15T11:53:14.489016Z,2688,248.0,640,OK,OK,OK
2026-08-15T11:53:20.007898Z,2688,248.0,640,OK,OK,OK
2026-08-15T11:53:25.510485Z,2691,248.0,640,OK,OK,OK
2026-08-15T11:53:30.998458Z,2685,248.0,640,OK,OK,OK
2026-08-15T11:53:36.506595Z,2688,248.0,640,OK,OK,OK
2026-08-15T11:53:42.030015Z,2688,248.0,640,OK,OK,OK
2026-08-15T11:53:47.566064Z,2683,248.0,640,OK,OK,OK
2026-08-15T11:53:53.041147Z,2690,248.0,640,OK,OK,OK
2026-08-15T11:53:58.561202Z,2689,248.0,640,OK,OK,OK
2026-08-15T11:54:04.037717Z,2688,248.0,640,OK,OK,OK
2026-08-15T11:54:09.549781Z,2685,247.8,640,OK,OK,OK
2026-08-15T11:54:15.112947Z,2699,247.9,640,OK,OK,OK
2026-08-15T11:54:20.622387Z,2686,248.0,640,OK,OK,OK
2026-08-15T11:54:26.139533Z,2688,248.0,640,OK,OK,OK
2026-08-15T11:54:31.647305Z,2694,248.0,640,OK,OK,OK
2026-08-15T11:54:37.107859Z,2680,248.0,640,OK,OK,OK
2026-08-15T11:54:42.602884Z,2687,248.0,640,OK,OK,OK
2026-08-15T11:54:48.088121Z,2693,248.0,640,OK,OK,OK
2026-08-15T11:54:53.590395Z,2691,248.0,640,OK,OK,OK
2026-08-15T11:54:59.052339Z,2539,248.0,640,OK,OK,OK
2026-08-15T11:55:04.583976Z,2537,248.0,640,OK,OK,OK
2026-08-15T11:55:10.050092Z,2532,248.0,640,OK,OK,OK
2026-08-15T11:55:15.562403Z,2535,248.0,640,OK,OK,OK
2026-08-15T11:55:21.078516Z,2532,248.0,640,OK,OK,OK
2026-08-15T11:55:26.583702Z,2532,248.0,640,OK,OK,OK
2026-08-15T11:55:32.086730Z,2532,248.0,640,OK,OK,OK
2026-08-15T11:55:37.615190Z,2528,248.0,640,OK,OK,OK
2026-08-15T11:55:43.104716Z,2526,248.0,640,OK,OK,OK
2026-08-15T11:55:48.627250Z,2534,247.9,640,OK,OK,OK
2026-08-15T11:55:54.120892Z,2528,247.8,640,OK,OK,OK
2026-08-15T11:55:59.673713Z,2534,247.9,640,OK,OK,OK
2026-08-15T11:56:05.207639Z,2533,247.9,640,OK,OK,OK
2026-08-15T11:56:10.707012Z,2530,247.9,640,OK,OK,OK
2026-08-15T11:56:16.236150Z,2533,247.9,640,OK,OK,OK
2026-08-15T11:56:21.746412Z,2536,247.8,640,OK,OK,OK
2026-08-15T11:56:27.291925Z,2521,247.8,640,OK,OK,OK
2026-08-15T11:56:32.829008Z,2545,247.8,640,OK,OK,OK
2026-08-15T11:56:38.334010Z,2528,247.7,640,OK,OK,OK
2026-08-15T11:56:43.826260Z,2531,247.7,640,OK,OK,OK
2026-08-15T11:56:49.339860Z,2486,247.8,640,OK,OK,OK
2026-08-15T11:56:54.834696Z,2483,247.7,640,OK,OK,OK
2026-08-15T11:57:00.370674Z,2486,247.8,640,OK,OK,OK
2026-08-15T11:57:05.862505Z,2506,247.8,640,OK,OK,OK
2026-08-15T11:57:11.404807Z,2485,248.0,640,OK,OK,OK
2026-08-15T11:57:16.894720Z,2473,247.9,640,OK,OK,OK
2026-08-15T11:57:22.430107Z,2489,247.9,640,OK,OK,OK
2026-08-15T11:57:27.993667Z,2493,248.0,640,OK,OK,OK
2026-08-15T11:57:33.510618Z,2547,247.8,640,OK,OK,OK
2026-08-15T11:57:38.998653Z,2493,247.8,640,OK,OK,OK
2026-08-15T11:57:44.520633Z,2488,247.8,640,OK,OK,OK
2026-08-15T11:57:49.979801Z,2487,247.8,640,OK,OK,OK
2026-08-15T11:57:55.504826Z,2492,247.8,640,OK,OK,OK
2026-08-15T11:58:01.034713Z,2498,247.9,798,OK,OK,OK
2026-08-15T11:58:06.575299Z,2498,247.8,798,OK,OK,OK
2026-08-15T11:58:12.092159Z,2490,247.7,798,OK,OK,OK
2026-08-15T11:58:17.603984Z,2485,247.7,798,OK,OK,OK
2026-08-15T11:58:23.105668Z,2486,247.7,798,OK,OK,OK
2026-08-15T11:58:28.632311Z,2502,247.8,798,OK,OK,OK
2026-08-15T11:58:34.161040Z,2490,247.7,798,OK,OK,OK
2026-08-15T11:58:39.694920Z,2497,247.7,798,OK,OK,OK
2026-08-15T11:58:45.151263Z,2530,247.7,798,OK,OK,OK
2026-08-15T11:58:50.648146Z,2620,247.7,798,OK,OK,OK
2026-08-15T11:58:56.185729Z,2699,247.7,798,OK,OK,OK
2026-08-15T11:59:01.691486Z,2713,247.6,798,OK,OK,OK
2026-08-15T11:59:07.203032Z,2756,247.6,798,OK,OK,OK
2026-08-15T11:59:12.708142Z,2690,247.7,798,OK,OK,OK
2026-08-15T11:59:18.187662Z,2716,247.7,798,OK,OK,OK
2026-08-15T11:59:23.686155Z,2729,247.7,798,OK,OK,OK
2026-08-15T11:59:29.177035Z,2756,247.9,798,OK,OK,OK
2026-08-15T11:59:34.657470Z,2764,247.9,798,OK,OK,OK
2026-08-15T11:59:40.131826Z,2768,247.9,798,OK,OK,OK
2026-08-15T11:59:45.656419Z,2765,247.8,798,OK,OK,OK
2026-08-15T11:59:51.129575Z,2783,247.9,798,OK,OK,OK
2026-08-15T11:59:56.631800Z,2701,247.9,798,OK,OK,OK
2026-08-15T12:00:02.093591Z,2607,247.9,798,OK,OK,OK
2026-08-15T12:00:07.604645Z,2602,247.8,798,OK,OK,OK
2026-08-15T12:00:13.089595Z,2597,247.8,798,OK,OK,OK
2026-08-15T12:00:18.612854Z,2579,247.8,798,OK,OK,OK
2026-08-15T12:00:24.118154Z,2584,247.9,798,OK,OK,OK
2026-08-15T12:00:29.585170Z,2571,247.9,798,OK,OK,OK
2026-08-15T12:00:35.084049Z,2566,247.9,798,OK,OK,OK
2026-08-15T12:00:40.565063Z,2571,247.9,798,OK,OK,OK
2026-08-15T12:00:46.063595Z,2566,247.9,798,OK,OK,OK
2026-08-15T12:00:51.615005Z,2566,247.9,798,OK,OK,OK
2026-08-15T12:00:57.112018Z,2559,247.9,798,OK,OK,OK
2026-08-15T12:01:02.592954Z,2551,247.9,798,OK,OK,OK
2026-08-15T12:01:08.115240Z,2555,247.9,798,OK,OK,OK
2026-08-15T12:01:13.573084Z,2564,247.8,798,OK,OK,OK
2026-08-15T12:01:19.089409Z,2554,247.8,798,OK,OK,OK
2026-08-15T12:01:24.566938Z,2555,247.9,798,OK,OK,OK
2026-08-15T12:01:30.105890Z,2549,247.9,798,OK,OK,OK
2026-08-15T12:01:35.611928Z,2558,247.9,798,OK,OK,OK
2026-08-15T12:01:41.134858Z,2547,247.9,798,OK,OK,OK
2026-08-15T12:01:46.618694Z,2556,247.9,798,OK,OK,OK
2026-08-15T12:01:52.123686Z,2549,247.9,798,OK,OK,OK
2026-08-15T12:01:57.635716Z,2549,247.9,798,OK,OK,OK
2026-08-15T12:02:03.130183Z,2551,247.9,798,OK,OK,OK
2026-08-15T12:02:08.601342Z,2540,247.9,798,OK,OK,OK
2026-08-15T12:02:14.099990Z,2539,247.9,798,OK,OK,OK
2026-08-15T12:02:19.606351Z,2548,247.9,798,OK,OK,OK
2026-08-15T12:02:25.094969Z,2548,247.9,798,OK,OK,OK
2026-08-15T12:02:30.559749Z,2534,247.9,798,OK,OK,OK
2026-08-15T12:02:36.043111Z,2545,247.9,798,OK,OK,OK
2026-08-15T12:02:41.541257Z,2547,247.9,798,OK,OK,OK
2026-08-15T12:02:47.048929Z,2543,247.9,798,OK,OK,OK
2026-08-15T12:02:52.537520Z,2550,247.9,798,OK,OK,OK
2026-08-15T12:02:58.036101Z,2554,247.9,798,OK,OK,OK
2026-08-15T12:03:03.529768Z,2544,247.9,798,OK,OK,OK
2026-08-15T12:03:09.087293Z,2548,247.9,798,OK,OK,OK
2026-08-15T12:03:14.609748Z,2550,247.9,798,OK,OK,OK
2026-08-15T12:03:20.120015Z,2542,247.9,798,OK,OK,OK
2026-08-15T12:03:25.610111Z,2548,247.9,798,OK,OK,OK
2026-08-15T12:03:31.127150Z,2547,247.9,798,OK,OK,OK
2026-08-15T12:03:36.650074Z,2545,247.8,798,OK,OK,OK
2026-08-15T12:03:42.176223Z,2557,247.8,798,OK,OK,OK
2026-08-15T12:03:47.667736Z,2542,247.9,798,OK,OK,OK
2026-08-15T12:03:53.201794Z,2543,247.9,798,OK,OK,OK
2026-08-15T12:03:58.743281Z,2545,247.9,798,OK,OK,OK
2026-08-15T12:04:04.239147Z,2589,247.9,798,OK,OK,OK
2026-08-15T12:04:09.720464Z,2551,247.6,798,OK,OK,OK
2026-08-15T12:04:15.274094Z,2543,247.8,798,OK,OK,OK
2026-08-15T12:04:20.786082Z,2542,247.7,798,OK,OK,OK
2026-08-15T12:04:26.317524Z,2543,247.7,798,OK,OK,OK
2026-08-15T12:04:31.811582Z,2539,247.7,798,OK,OK,OK
2026-08-15T12:04:37.327863Z,2544,247.7,798,OK,OK,OK
2026-08-15T12:04:42.835231Z,2539,247.8,798,OK,OK,OK
2026-08-15T12:04:48.302074Z,2534,247.5,798,OK,OK,OK
2026-08-15T12:04:53.787027Z,2542,247.6,798,OK,OK,OK
2026-08-15T12:04:59.267332Z,2528,247.6,798,OK,OK,OK
2026-08-15T12:05:04.751405Z,2549,247.6,798,OK,OK,OK
2026-08-15T12:05:10.241892Z,2549,247.6,798,OK,OK,OK
2026-08-15T12:05:15.787619Z,2546,247.6,798,OK,OK,OK
2026-08-15T12:05:21.267910Z,2546,247.6,798,OK,OK,OK
2026-08-15T12:05:26.795683Z,2543,247.6,798,OK,OK,OK
2026-08-15T12:05:32.239557Z,2541,247.6,798,OK,OK,OK
2026-08-15T12:05:37.759891Z,2543,247.6,798,OK,OK,OK
2026-08-15T12:05:43.237258Z,2539,247.5,798,OK,OK,OK
2026-08-15T12:05:48.739197Z,2537,247.6,798,OK,OK,OK
2026-08-15T12:05:54.204202Z,2532,247.6,798,OK,OK,OK
2026-08-15T12:05:59.724514Z,2542,247.7,798,OK,OK,OK
2026-08-15T12:06:05.201032Z,2538,247.5,798,OK,OK,OK
2026-08-15T12:06:10.696635Z,2538,247.6,798,OK,OK,OK
2026-08-15T12:06:16.245361Z,2544,247.6,798,OK,OK,OK
2026-08-15T12:06:21.753683Z,2542,247.4,798,OK,OK,OK
2026-08-15T12:06:27.242015Z,2541,247.6,798,OK,OK,OK
2026-08-15T12:06:32.744837Z,2538,247.6,798,OK,OK,OK
2026-08-15T12:06:38.274387Z,2548,247.6,798,OK,OK,OK
2026-08-15T12:06:43.785453Z,2541,247.6,798,OK,OK,OK
2026-08-15T12:06:49.281033Z,2534,247.6,798,OK,OK,OK
2026-08-15T12:06:54.820508Z,2537,247.7,798,OK,OK,OK
2026-08-15T12:07:00.309307Z,2531,247.5,798,OK,OK,OK
2026-08-15T12:07:05.794232Z,2562,247.6,798,OK,OK,OK
2026-08-15T12:07:11.300967Z,2542,247.6,798,OK,OK,OK
2026-08-15T12:07:16.866415Z,2547,247.7,798,OK,OK,OK
2026-08-15T12:07:22.383610Z,2538,247.7,798,OK,OK,OK
2026-08-15T12:07:27.865099Z,2534,247.6,798,OK,OK,OK
2026-08-15T12:07:33.368221Z,2527,247.7,798,OK,OK,OK
2026-08-15T12:07:38.883227Z,2531,247.4,798,OK,OK,OK
2026-08-15T12:07:44.393203Z,2532,247.3,798,OK,OK,OK
2026-08-15T12:07:49.892749Z,2528,247.4,798,OK,OK,OK
2026-08-15T12:07:55.410973Z,2519,247.5,798,OK,OK,OK
2026-08-15T12:08:00.927954Z,2523,247.6,798,OK,OK,OK
2026-08-15T12:08:06.448233Z,2530,247.5,798,OK,OK,OK
2026-08-15T12:08:11.958706Z,2531,247.3,798,OK,OK,OK
2026-08-15T12:08:17.447791Z,2519,247.5,798,OK,OK,OK
2026-08-15T12:08:22.964453Z,2521,247.3,798,OK,OK,OK
2026-08-15T12:08:28.459609Z,2521,247.4,798,OK,OK,OK
2026-08-15T12:08:33.951401Z,2520,247.5,798,OK,OK,OK
2026-08-15T12:08:39.475294Z,2515,247.5,798,OK,OK,OK
2026-08-15T12:08:44.941228Z,2515,247.5,798,OK,OK,OK
2026-08-15T12:08:50.476229Z,2520,247.4,798,OK,OK,OK
2026-08-15T12:08:55.949498Z,2514,247.5,798,OK,OK,OK
2026-08-15T12:09:01.471234Z,2517,247.6,798,OK,OK,OK
2026-08-15T12:09:06.970759Z,2516,247.5,798,OK,OK,OK
2026-08-15T12:09:12.527965Z,2513,247.4,798,OK,OK,OK
2026-08-15T12:09:18.005125Z,2512,247.4,798,OK,OK,OK
2026-08-15T12:09:23.509420Z,2510,247.4,798,OK,OK,OK
2026-08-15T12:09:29.020519Z,2512,247.4,798,OK,OK,OK
2026-08-15T12:09:34.524920Z,2524,247.6,798,OK,OK,OK
2026-08-15T12:09:40.099999Z,2522,247.6,798,OK,OK,OK
2026-08-15T12:09:45.650932Z,2519,247.6,798,OK,OK,OK
2026-08-15T12:09:51.134928Z,2512,247.5,798,OK,OK,OK
2026-08-15T12:09:56.662125Z,2521,247.5,798,OK,OK,OK
2026-08-15T12:10:02.179313Z,2519,247.6,798,OK,OK,OK
2026-08-15T12:10:07.678627Z,2514,247.7,798,OK,OK,OK
2026-08-15T12:10:13.197478Z,2520,247.6,798,OK,OK,OK
2026-08-15T12:10:18.714012Z,2649,247.5,798,OK,OK,OK
2026-08-15T12:10:24.222952Z,2639,247.5,798,OK,OK,OK
2026-08-15T12:10:29.763136Z,2636,247.5,798,OK,OK,OK
2026-08-15T12:10:35.300708Z,2645,247.5,798,OK,OK,OK
2026-08-15T12:10:40.780586Z,2639,247.5,798,OK,OK,OK
2026-08-15T12:10:46.294305Z,2641,247.5,798,OK,OK,OK
2026-08-15T12:10:51.801176Z,2642,247.5,798,OK,OK,OK
2026-08-15T12:10:57.258697Z,2640,247.5,798,OK,OK,OK
2026-08-15T12:11:02.768397Z,2644,247.5,798,OK,OK,OK
2026-08-15T12:11:08.224925Z,2640,247.4,798,OK,OK,OK
2026-08-15T12:11:13.747451Z,2634,247.5,798,OK,OK,OK
2026-08-15T12:11:19.208804Z,2633,247.3,798,OK,OK,OK
2026-08-15T12:11:24.728095Z,2622,247.5,798,OK,OK,OK
2026-08-15T12:11:30.213016Z,2650,247.5,798,OK,OK,OK
2026-08-15T12:11:35.716539Z,2648,247.5,798,OK,OK,OK
2026-08-15T12:11:41.195327Z,2540,247.5,798,OK,OK,OK
2026-08-15T12:11:46.691203Z,2541,247.4,798,OK,OK,OK
2026-08-15T12:11:52.206677Z,2528,247.3,798,OK,OK,OK
2026-08-15T12:11:57.729868Z,2540,247.3,798,OK,OK,OK
2026-08-15T12:12:03.234236Z,2581,247.4,798,OK,OK,OK
2026-08-15T12:12:08.735548Z,2533,247.3,798,OK,OK,OK
2026-08-15T12:12:14.263702Z,2545,247.3,798,OK,OK,OK
2026-08-15T12:12:19.770778Z,2533,247.4,798,OK,OK,OK
2026-08-15T12:12:25.306285Z,2532,247.4,798,OK,OK,OK
2026-08-15T12:12:30.844845Z,2541,247.4,798,OK,OK,OK
2026-08-15T12:12:36.351536Z,2534,247.3,798,OK,OK,OK
2026-08-15T12:12:41.834915Z,2542,247.3,798,OK,OK,OK
2026-08-15T12:12:47.334522Z,2536,247.4,798,OK,OK,OK
2026-08-15T12:12:52.854741Z,2532,247.3,798,OK,OK,OK
2026-08-15T12:12:58.374240Z,2540,247.3,798,OK,OK,OK
2026-08-15T12:13:03.859876Z,2535,247.4,798,OK,OK,OK
2026-08-15T12:13:09.396496Z,2543,247.3,798,OK,OK,OK
2026-08-15T12:13:14.900172Z,2540,247.4,852,OK,OK,OK
2026-08-15T12:13:20.421659Z,2533,247.4,852,OK,OK,OK
2026-08-15T12:13:25.927132Z,2539,247.4,852,OK,OK,OK
2026-08-15T12:13:31.426836Z,2538,247.4,852,OK,OK,OK
2026-08-15T12:13:36.936548Z,2536,247.3,852,OK,OK,OK
2026-08-15T12:13:42.428188Z,2540,247.3,852,OK,OK,OK
2026-08-15T12:13:47.954133Z,2538,247.3,852,OK,OK,OK
2026-08-15T12:13:53.457850Z,2534,247.3,852,OK,OK,OK
2026-08-15T12:13:58.950258Z,2534,247.3,852,OK,OK,OK
2026-08-15T12:14:04.437508Z,2537,247.4,852,OK,OK,OK
2026-08-15T12:14:09.954553Z,2538,247.3,852,OK,OK,OK
2026-08-15T12:14:15.504700Z,2537,247.4,852,OK,OK,OK
2026-08-15T12:14:21.021686Z,2526,247.3,852,OK,OK,OK
2026-08-15T12:14:26.511936Z,2654,247.3,852,OK,OK,OK
2026-08-15T12:14:31.986231Z,2660,247.2,852,OK,OK,OK
2026-08-15T12:14:37.513032Z,2642,247.2,852,OK,OK,OK
2026-08-15T12:14:43.013119Z,2654,247.2,852,OK,OK,OK
2026-08-15T12:14:48.502378Z,2653,247.3,852,OK,OK,OK
2026-08-15T12:14:54.034039Z,2646,247.3,852,OK,OK,OK
2026-08-15T12:14:59.549898Z,2654,247.3,852,OK,OK,OK
2026-08-15T12:15:05.025938Z,2665,247.3,852,OK,OK,OK
2026-08-15T12:15:10.533164Z,2656,247.3,852,OK,OK,OK
2026-08-15T12:15:16.064112Z,2657,247.4,852,OK,OK,OK
2026-08-15T12:15:21.539274Z,2641,247.3,852,OK,OK,OK
2026-08-15T12:15:27.068553Z,2647,247.3,852,OK,OK,OK
2026-08-15T12:15:32.606358Z,2641,247.3,852,OK,OK,OK
2026-08-15T12:15:38.132848Z,2644,247.3,852,OK,OK,OK
2026-08-15T12:15:43.642948Z,2642,247.3,852,OK,OK,OK
2026-08-15T12:15:49.152150Z,2523,247.3,852,OK,OK,OK
2026-08-15T12:15:54.676512Z,2678,247.3,852,OK,OK,OK
2026-08-15T12:16:00.202883Z,2657,247.3,852,OK,OK,OK
2026-08-15T12:16:05.701889Z,2661,247.3,852,OK,OK,OK
2026-08-15T12:16:11.183679Z,2744,247.3,852,OK,OK,OK
2026-08-15T12:16:16.731280Z,2776,247.2,852,OK,OK,OK
2026-08-15T12:16:22.234791Z,2760,247.1,852,OK,OK,OK
2026-08-15T12:16:27.753332Z,2774,247.1,852,OK,OK,OK
2026-08-15T12:16:33.253479Z,2761,247.0,852,OK,OK,OK
2026-08-15T12:16:38.748736Z,2767,247.0,852,OK,OK,OK
2026-08-15T12:16:44.268115Z,2764,247.1,852,OK,OK,OK
2026-08-15T12:16:49.765960Z,2750,247.1,852,OK,OK,OK
2026-08-15T12:16:55.296874Z,2760,247.2,852,OK,OK,OK
2026-08-15T12:17:00.802040Z,2763,247.2,852,OK,OK,OK
2026-08-15T12:17:06.293485Z,2802,247.2,852,OK,OK,OK
2026-08-15T12:17:11.815297Z,2788,247.0,852,OK,OK,OK
2026-08-15T12:17:17.339452Z,2791,247.2,852,OK,OK,OK
2026-08-15T12:17:22.849219Z,2758,247.1,852,OK,OK,OK
2026-08-15T12:17:28.340409Z,2763,247.2,852,OK,OK,OK
2026-08-15T12:17:33.856730Z,2750,247.1,852,OK,OK,OK
2026-08-15T12:17:39.400353Z,2761,247.2,852,OK,OK,OK
2026-08-15T12:17:44.892039Z,2751,247.2,852,OK,OK,OK
2026-08-15T12:17:50.383352Z,2749,247.2,852,OK,OK,OK
2026-08-15T12:17:55.883178Z,2742,247.0,852,OK,OK,OK
2026-08-15T12:18:01.362981Z,2752,247.2,852,OK,OK,OK
2026-08-15T12:18:06.863920Z,2633,247.2,852,OK,OK,OK
2026-08-15T12:18:12.313060Z,2621,247.1,852,OK,OK,OK
2026-08-15T12:18:17.826535Z,2621,247.2,852,OK,OK,OK
2026-08-15T12:18:23.325840Z,2618,247.2,852,OK,OK,OK
2026-08-15T12:18:28.840666Z,2641,247.3,852,OK,OK,OK
2026-08-15T12:18:34.336528Z,2621,247.3,852,OK,OK,OK
2026-08-15T12:18:39.835223Z,2639,247.2,852,OK,OK,OK
2026-08-15T12:18:45.317867Z,2609,247.2,852,OK,OK,OK
2026-08-15T12:18:50.828819Z,2605,247.2,852,OK,OK,OK
2026-08-15T12:18:56.345031Z,2612,247.2,852,OK,OK,OK
2026-08-15T12:19:01.831090Z,2604,247.2,852,OK,OK,OK
2026-08-15T12:19:07.296164Z,2604,247.1,852,OK,OK,OK
2026-08-15T12:19:12.817642Z,2608,247.1,852,OK,OK,OK
2026-08-15T12:19:18.342294Z,2610,247.2,852,OK,OK,OK
2026-08-15T12:19:23.835695Z,2606,247.3,852,OK,OK,OK
2026-08-15T12:19:29.360034Z,2603,247.2,852,OK,OK,OK
2026-08-15T12:19:34.860694Z,2621,247.1,852,OK,OK,OK
2026-08-15T12:19:40.351581Z,2618,247.1,852,OK,OK,OK
2026-08-15T12:19:45.828625Z,2610,247.2,852,OK,OK,OK
2026-08-15T12:19:51.326676Z,2615,247.3,852,OK,OK,OK
2026-08-15T12:19:56.828619Z,2609,247.2,852,OK,OK,OK
2026-08-15T12:20:02.293621Z,2614,247.2,852,OK,OK,OK
2026-08-15T12:20:07.833364Z,2616,247.2,852,OK,OK,OK
2026-08-15T12:20:13.307488Z,2610,247.2,852,OK,OK,OK
2026-08-15T12:20:18.832323Z,2609,247.3,852,OK,OK,OK
2026-08-15T12:20:24.357137Z,2613,247.3,852,OK,OK,OK
2026-08-15T12:20:29.873018Z,2616,247.3,852,OK,OK,OK
2026-08-15T12:20:35.361302Z,2618,247.2,852,OK,OK,OK
2026-08-15T12:20:40.883658Z,2616,247.1,852,OK,OK,OK
2026-08-15T12:20:46.380585Z,2616,247.1,852,OK,OK,OK
2026-08-15T12:20:51.891026Z,2621,247.1,852,OK,OK,OK
2026-08-15T12:20:57.409756Z,2605,247.1,852,OK,OK,OK
2026-08-15T12:21:02.900208Z,2616,247.1,852,OK,OK,OK
2026-08-15T12:21:08.417315Z,2611,247.1,852,OK,OK,OK
2026-08-15T12:21:13.901640Z,2606,247.2,852,OK,OK,OK
2026-08-15T12:21:19.403779Z,2620,247.1,852,OK,OK,OK
2026-08-15T12:21:24.886849Z,2632,247.1,852,OK,OK,OK
2026-08-15T12:21:30.373699Z,2626,247.0,852,OK,OK,OK
2026-08-15T12:21:35.855630Z,2629,247.0,852,OK,OK,OK
2026-08-15T12:21:41.378589Z,2611,247.1,852,OK,OK,OK
2026-08-15T12:21:46.868327Z,2631,247.1,852,OK,OK,OK
2026-08-15T12:21:52.392971Z,2614,247.2,852,OK,OK,OK
2026-08-15T12:21:57.848907Z,2611,247.1,852,OK,OK,OK
2026-08-15T12:22:03.334483Z,2620,247.2,852,OK,OK,OK
2026-08-15T12:22:08.868707Z,2616,247.1,852,OK,OK,OK
2026-08-15T12:22:14.378792Z,2623,247.2,852,OK,OK,OK
2026-08-15T12:22:19.910166Z,2615,247.2,852,OK,OK,OK
2026-08-15T12:22:25.441827Z,2633,247.1,852,OK,OK,OK
2026-08-15T12:22:30.948844Z,2618,247.1,852,OK,OK,OK
2026-08-15T12:22:36.484079Z,2630,247.2,852,OK,OK,OK
2026-08-15T12:22:41.973586Z,2601,247.2,852,OK,OK,OK
2026-08-15T12:22:47.477724Z,2624,247.2,852,OK,OK,OK
2026-08-15T12:22:53.013878Z,2621,247.2,852,OK,OK,OK
2026-08-15T12:22:58.548197Z,2665,247.2,852,OK,OK,OK
2026-08-15T12:23:04.050069Z,4026,246.5,852,OK,OK,OK
2026-08-15T12:23:09.560990Z,4005,246.5,852,OK,OK,OK
2026-08-15T12:23:15.060080Z,3982,246.6,852,OK,OK,OK
2026-08-15T12:23:20.580501Z,3977,246.5,852,OK,OK,OK
2026-08-15T12:23:26.131047Z,3989,246.5,852,OK,OK,OK
2026-08-15T12:23:31.658272Z,4001,246.5,852,OK,OK,OK
2026-08-15T12:23:37.161827Z,4012,246.5,852,OK,OK,OK
2026-08-15T12:23:42.689384Z,4036,246.5,852,OK,OK,OK
2026-08-15T12:23:48.175107Z,4049,246.5,852,OK,OK,OK
2026-08-15T12:23:53.699290Z,4043,246.5,852,OK,OK,OK
2026-08-15T12:23:59.187896Z,4021,246.5,852,OK,OK,OK
2026-08-15T12:24:04.736940Z,4041,246.5,852,OK,OK,OK
2026-08-15T12:24:10.255580Z,4052,246.4,852,OK,OK,OK
2026-08-15T12:24:15.735597Z,4047,246.5,852,OK,OK,OK
2026-08-15T12:24:21.251983Z,4088,246.5,852,OK,OK,OK
2026-08-15T12:24:26.753908Z,4050,246.4,852,OK,OK,OK
2026-08-15T12:24:32.302729Z,4074,246.3,852,OK,OK,OK
2026-08-15T12:24:37.760022Z,4061,246.2,852,OK,OK,OK
2026-08-15T12:24:43.239529Z,4054,246.4,852,OK,OK,OK
2026-08-15T12:24:48.722275Z,4054,246.3,852,OK,OK,OK
2026-08-15T12:24:54.219454Z,4063,246.3,852,OK,OK,OK
2026-08-15T12:24:59.702112Z,4065,246.5,852,OK,OK,OK
2026-08-15T12:25:05.208852Z,4058,246.5,852,OK,OK,OK
2026-08-15T12:25:10.698126Z,4062,246.4,852,OK,OK,OK
2026-08-15T12:25:16.198606Z,4066,246.4,852,OK,OK,OK
2026-08-15T12:25:21.661323Z,4074,246.4,852,OK,OK,OK
2026-08-15T12:25:27.165747Z,4211,246.3,852,OK,OK,OK
2026-08-15T12:25:32.675006Z,4195,246.3,852,OK,OK,OK
2026-08-15T12:25:38.175578Z,4182,246.5,852,OK,OK,OK
2026-08-15T12:25:43.667485Z,4180,246.4,852,OK,OK,OK
2026-08-15T12:25:49.155574Z,4176,246.3,852,OK,OK,OK
2026-08-15T12:25:54.681393Z,4191,246.4,852,OK,OK,OK
2026-08-15T12:26:00.165138Z,4181,246.4,852,OK,OK,OK
2026-08-15T12:26:05.703004Z,4189,246.4,852,OK,OK,OK
2026-08-15T12:26:11.239497Z,4071,246.5,852,OK,OK,OK
2026-08-15T12:26:16.740191Z,4058,246.5,852,OK,OK,OK
2026-08-15T12:26:22.268217Z,4056,246.7,852,OK,OK,OK
2026-08-15T12:26:27.748064Z,4047,246.5,852,OK,OK,OK
2026-08-15T12:26:33.249044Z,4047,246.6,852,OK,OK,OK
2026-08-15T12:26:38.770646Z,4051,246.6,852,OK,OK,OK
2026-08-15T12:26:44.271711Z,4042,246.7,852,OK,OK,OK
2026-08-15T12:26:49.763100Z,4040,246.6,852,OK,OK,OK
2026-08-15T12:26:55.268097Z,4056,246.5,852,OK,OK,OK
2026-08-15T12:27:00.786717Z,4052,246.5,852,OK,OK,OK
2026-08-15T12:27:06.286279Z,4051,246.4,852,OK,OK,OK
2026-08-15T12:27:11.753032Z,4050,246.5,852,OK,OK,OK
2026-08-15T12:27:17.275220Z,4055,246.5,852,OK,OK,OK
2026-08-15T12:27:22.766464Z,4046,246.7,852,OK,OK,OK
2026-08-15T12:27:28.284634Z,4046,246.6,852,OK,OK,OK
2026-08-15T12:27:33.786691Z,4046,246.6,852,OK,OK,OK
2026-08-15T12:27:39.319003Z,4046,246.5,852,OK,OK,OK
2026-08-15T12:27:44.815332Z,4041,246.5,852,OK,OK,OK
2026-08-15T12:27:50.348026Z,4046,246.5,852,OK,OK,OK
2026-08-15T12:27:55.836607Z,4042,246.5,852,OK,OK,OK
2026-08-15T12:28:01.374683Z,4042,246.5,852,OK,OK,OK
2026-08-15T12:28:06.894151Z,4045,246.5,852,OK,OK,OK
2026-08-15T12:28:12.419746Z,4058,246.4,852,OK,OK,OK
2026-08-15T12:28:17.924475Z,4040,246.4,852,OK,OK,OK
2026-08-15T12:28:23.440576Z,2633,247.0,852,OK,OK,OK
2026-08-15T12:28:28.936542Z,2624,247.0,852,OK,OK,OK
2026-08-15T12:28:34.461365Z,2629,247.0,1012,OK,OK,OK
2026-08-15T12:28:39.973831Z,2626,247.0,1012,OK,OK,OK
2026-08-15T12:28:45.483049Z,2628,247.1,1012,OK,OK,OK
2026-08-15T12:28:51.016854Z,2625,247.0,1012,OK,OK,OK
2026-08-15T12:28:56.507699Z,2617,246.4,1012,OK,OK,OK
2026-08-15T12:29:02.010816Z,2614,246.7,1012,OK,OK,OK
2026-08-15T12:29:07.504138Z,2623,246.7,1012,OK,OK,OK
2026-08-15T12:29:13.018701Z,2619,246.7,1012,OK,OK,OK
2026-08-15T12:29:18.494763Z,2616,246.8,1012,OK,OK,OK
2026-08-15T12:29:24.063970Z,2618,246.8,1012,OK,OK,OK
2026-08-15T12:29:29.560371Z,2622,246.8,1012,OK,OK,OK
2026-08-15T12:29:35.080102Z,2636,246.8,1012,OK,OK,OK
2026-08-15T12:29:40.565748Z,2619,246.6,1012,OK,OK,OK
2026-08-15T12:29:46.054132Z,2620,246.6,1012,OK,OK,OK
2026-08-15T12:29:51.573083Z,2614,246.6,1012,OK,OK,OK
2026-08-15T12:29:57.077706Z,2629,246.6,1012,OK,OK,OK
2026-08-15T12:30:02.560712Z,2615,246.8,1012,OK,OK,OK
2026-08-15T12:30:08.085014Z,2630,246.7,1012,OK,OK,OK
2026-08-15T12:30:13.556215Z,2621,246.7,1012,OK,OK,OK
2026-08-15T12:30:19.083238Z,2630,246.8,1012,OK,OK,OK
2026-08-15T12:30:24.569400Z,2633,246.8,1012,OK,OK,OK
2026-08-15T12:30:30.057159Z,2628,246.8,1012,OK,OK,OK
2026-08-15T12:30:35.575225Z,2638,246.8,1012,OK,OK,OK
2026-08-15T12:30:41.090427Z,2642,246.7,1012,OK,OK,OK
2026-08-15T12:30:46.591594Z,2633,246.7,1012,OK,OK,OK
2026-08-15T12:30:52.112085Z,2637,246.8,1012,OK,OK,OK
2026-08-15T12:30:57.658449Z,2654,246.8,1012,OK,OK,OK
2026-08-15T12:31:03.139539Z,2653,246.8,1012,OK,OK,OK
2026-08-15T12:31:08.624850Z,2656,246.8,1012,OK,OK,OK
2026-08-15T12:31:14.126764Z,2657,246.8,1012,OK,OK,OK
2026-08-15T12:31:19.639931Z,2663,246.8,1012,OK,OK,OK
2026-08-15T12:31:25.114754Z,2655,246.6,1012,OK,OK,OK
2026-08-15T12:31:30.593429Z,2663,246.7,1012,OK,OK,OK
2026-08-15T12:31:36.078260Z,2663,246.7,1012,OK,OK,OK
2026-08-15T12:31:41.543443Z,2674,246.7,1012,OK,OK,OK
2026-08-15T12:31:47.044029Z,2671,246.7,1012,OK,OK,OK
2026-08-15T12:31:52.515800Z,2669,246.7,1012,OK,OK,OK
2026-08-15T12:31:57.991003Z,2656,246.7,1012,OK,OK,OK
2026-08-15T12:32:03.457076Z,2669,246.7,1012,OK,OK,OK
2026-08-15T12:32:08.936587Z,2671,246.7,1012,OK,OK,OK
2026-08-15T12:32:14.506330Z,2676,246.7,1012,OK,OK,OK
2026-08-15T12:32:19.991323Z,2800,246.7,1012,OK,OK,OK
2026-08-15T12:32:25.533944Z,2800,246.7,1012,OK,OK,OK
2026-08-15T12:32:31.037835Z,2786,246.8,1012,OK,OK,OK
2026-08-15T12:32:36.526446Z,2785,246.8,1012,OK,OK,OK
2026-08-15T12:32:41.972073Z,2785,246.7,1012,OK,OK,OK
2026-08-15T12:32:47.516052Z,2784,246.7,1012,OK,OK,OK
2026-08-15T12:32:52.989382Z,2772,246.6,1012,OK,OK,OK
2026-08-15T12:32:58.494116Z,2772,246.6,1012,OK,OK,OK
2026-08-15T12:33:03.964785Z,2657,246.7,1012,OK,OK,OK
2026-08-15T12:33:09.474774Z,2669,246.7,1012,OK,OK,OK
2026-08-15T12:33:14.962615Z,2670,246.7,1012,OK,OK,OK
2026-08-15T12:33:20.450167Z,2657,246.7,1012,OK,OK,OK
2026-08-15T12:33:25.958618Z,2661,246.7,1012,OK,OK,OK
2026-08-15T12:33:31.448851Z,2659,246.7,1012,OK,OK,OK
2026-08-15T12:33:36.967433Z,2670,246.5,1012,OK,OK,OK
2026-08-15T12:33:42.470125Z,2662,246.6,1012,OK,OK,OK
2026-08-15T12:33:47.970852Z,2653,246.6,1012,OK,OK,OK
2026-08-15T12:33:53.468279Z,2643,246.7,1012,OK,OK,OK
2026-08-15T12:33:59.000907Z,2668,246.6,1012,OK,OK,OK
2026-08-15T12:34:04.502736Z,2657,246.7,1012,OK,OK,OK
2026-08-15T12:34:10.029734Z,2586,246.5,1012,OK,OK,OK
2026-08-15T12:34:15.495161Z,2692,246.7,1012,OK,OK,OK
2026-08-15T12:34:20.972271Z,2633,246.6,1012,OK,OK,OK
2026-08-15T12:34:26.505098Z,2700,246.6,1012,OK,OK,OK
2026-08-15T12:34:32.025846Z,2649,246.5,1012,OK,OK,OK
2026-08-15T12:34:37.530037Z,2671,246.5,1012,OK,OK,OK
2026-08-15T12:34:43.040556Z,2676,246.5,1012,OK,OK,OK
2026-08-15T12:34:48.546608Z,2650,246.5,1012,OK,OK,OK
2026-08-15T12:34:54.044702Z,2610,246.7,1012,OK,OK,OK
2026-08-15T12:34:59.570561Z,2654,246.7,1012,OK,OK,OK
2026-08-15T12:35:05.096384Z,2576,246.7,1012,OK,OK,OK
2026-08-15T12:35:10.599083Z,2617,246.7,1012,OK,OK,OK
2026-08-15T12:35:16.104722Z,2646,246.7,1012,OK,OK,OK
2026-08-15T12:35:21.595601Z,2620,246.7,1012,OK,OK,OK
2026-08-15T12:35:27.129652Z,2630,246.7,1012,OK,OK,OK
2026-08-15T12:35:32.639021Z,2562,246.7,1012,OK,OK,OK
2026-08-15T12:35:38.141911Z,2576,246.6,1012,OK,OK,OK
2026-08-15T12:35:43.640563Z,2593,246.6,1012,OK,OK,OK
2026-08-15T12:35:49.168095Z,2663,246.6,1012,OK,OK,OK
2026-08-15T12:35:54.622103Z,2675,246.7,1012,OK,OK,OK
2026-08-15T12:36:00.160340Z,2654,246.5,1012,OK,OK,OK
2026-08-15T12:36:05.649812Z,2664,246.5,1012,OK,OK,OK
2026-08-15T12:36:11.187441Z,2653,246.6,1012,OK,OK,OK
2026-08-15T12:36:16.679156Z,2659,246.4,1012,OK,OK,OK
2026-08-15T12:36:22.211888Z,2639,246.4,1012,OK,OK,OK
2026-08-15T12:36:27.724815Z,2650,246.4,1012,OK,OK,OK
2026-08-15T12:36:33.252676Z,2636,246.4,1012,OK,OK,OK
2026-08-15T12:36:38.713535Z,2634,246.6,1012,OK,OK,OK
2026-08-15T12:36:44.236525Z,2625,246.6,1012,OK,OK,OK
2026-08-15T12:36:49.725618Z,2624,246.6,1012,OK,OK,OK
2026-08-15T12:36:55.253370Z,2614,246.5,1012,OK,OK,OK
2026-08-15T12:37:00.705643Z,2614,246.4,1012,OK,OK,OK
2026-08-15T12:37:06.221016Z,2602,246.4,1012,OK,OK,OK
2026-08-15T12:37:11.733393Z,2614,246.4,1012,OK,OK,OK
2026-08-15T12:37:17.260660Z,2605,246.5,1012,OK,OK,OK
2026-08-15T12:37:22.746116Z,2608,246.5,1012,OK,OK,OK
2026-08-15T12:37:28.246825Z,2608,246.4,1012,OK,OK,OK
2026-08-15T12:37:33.726231Z,2602,246.4,1012,OK,OK,OK
2026-08-15T12:37:39.231034Z,2604,246.4,1012,OK,OK,OK
2026-08-15T12:37:44.755488Z,2611,246.4,1012,OK,OK,OK
2026-08-15T12:37:50.250967Z,2603,246.4,1012,OK,OK,OK
2026-08-15T12:37:55.749192Z,2590,246.4,1012,OK,OK,OK
2026-08-15T12:38:01.215787Z,2589,246.4,1012,OK,OK,OK
2026-08-15T12:38:06.731213Z,2600,246.4,1012,OK,OK,OK
2026-08-15T12:38:12.232391Z,2507,246.5,1012,OK,OK,OK
2026-08-15T12:38:17.773462Z,2512,246.5,1012,OK,OK,OK
2026-08-15T12:38:23.263050Z,2516,246.5,1012,OK,OK,OK
2026-08-15T12:38:28.755047Z,2512,246.5,1012,OK,OK,OK
2026-08-15T12:38:34.254879Z,2522,246.5,1012,OK,OK,OK
2026-08-15T12:38:39.757537Z,2514,246.5,1012,OK,OK,OK
2026-08-15T12:38:45.263745Z,2515,246.5,1012,OK,OK,OK
2026-08-15T12:38:50.790978Z,2515,246.5,1012,OK,OK,OK
2026-08-15T12:38:56.336154Z,2520,246.5,1012,OK,OK,OK
2026-08-15T12:39:01.824179Z,2523,246.5,1012,OK,OK,OK
2026-08-15T12:39:07.411186Z,2518,246.5,1012,OK,OK,OK
2026-08-15T12:39:12.929156Z,2525,246.5,1012,OK,OK,OK
2026-08-15T12:39:18.416123Z,2502,246.4,1012,OK,OK,OK
2026-08-15T12:39:23.910181Z,2514,246.4,1012,OK,OK,OK
2026-08-15T12:39:29.413834Z,2524,246.5,1012,OK,OK,OK
2026-08-15T12:39:34.917465Z,2527,246.5,1012,OK,OK,OK
2026-08-15T12:39:40.434280Z,2505,246.5,1012,OK,OK,OK
2026-08-15T12:39:45.957275Z,2528,246.5,1012,OK,OK,OK
2026-08-15T12:39:51.463773Z,2506,246.5,1012,OK,OK,OK
2026-08-15T12:39:56.981291Z,2518,246.7,1012,OK,OK,OK
2026-08-15T12:40:02.451243Z,2518,246.5,1012,OK,OK,OK
2026-08-15T12:40:07.987733Z,2518,246.5,1012,OK,OK,OK
2026-08-15T12:40:13.514747Z,2516,246.5,1012,OK,OK,OK
2026-08-15T12:40:18.990472Z,2518,246.5,1012,OK,OK,OK
2026-08-15T12:40:24.532390Z,2519,246.5,1012,OK,OK,OK
2026-08-15T12:40:30.016156Z,2524,246.5,1012,OK,OK,OK
2026-08-15T12:40:35.505077Z,2522,246.5,1012,OK,OK,OK
2026-08-15T12:40:41.040260Z,2518,246.5,1012,OK,OK,OK
2026-08-15T12:40:46.514031Z,2513,246.4,1012,OK,OK,OK
2026-08-15T12:40:51.996385Z,2521,246.5,1012,OK,OK,OK
2026-08-15T12:40:57.476772Z,2526,246.5,1012,OK,OK,OK
2026-08-15T12:41:02.975135Z,2521,246.5,1012,OK,OK,OK
2026-08-15T12:41:08.457375Z,2541,246.5,1012,OK,OK,OK
2026-08-15T12:41:13.977415Z,2535,246.5,1012,OK,OK,OK
2026-08-15T12:41:19.469590Z,2534,246.5,1012,OK,OK,OK
2026-08-15T12:41:24.960700Z,2534,246.5,1012,OK,OK,OK
2026-08-15T12:41:30.434400Z,2542,246.5,1012,OK,OK,OK
2026-08-15T12:41:35.977427Z,2533,246.5,1012,OK,OK,OK
2026-08-15T12:41:41.495349Z,2535,246.5,1012,OK,OK,OK
2026-08-15T12:41:46.965935Z,2532,246.5,1012,OK,OK,OK
2026-08-15T12:41:52.498058Z,2522,246.4,1012,OK,OK,OK
2026-08-15T12:41:57.988662Z,2518,246.5,1012,OK,OK,OK
2026-08-15T12:42:03.473663Z,2522,246.5,1012,OK,OK,OK
2026-08-15T12:42:08.980263Z,2524,246.5,1012,OK,OK,OK
2026-08-15T12:42:14.525866Z,2530,246.5,1012,OK,OK,OK
2026-08-15T12:42:20.007678Z,2537,246.5,1012,OK,OK,OK
2026-08-15T12:42:25.514599Z,2526,246.5,1012,OK,OK,OK
2026-08-15T12:42:31.021946Z,2533,246.5,1012,OK,OK,OK
2026-08-15T12:42:36.495053Z,2534,246.5,1012,OK,OK,OK
2026-08-15T12:42:41.975781Z,2539,246.5,1012,OK,OK,OK
2026-08-15T12:42:47.476690Z,2535,246.5,1012,OK,OK,OK
2026-08-15T12:42:52.955337Z,2533,246.5,1012,OK,OK,OK
2026-08-15T12:42:58.437090Z,2541,246.5,1012,OK,OK,OK
2026-08-15T12:43:03.930396Z,2535,246.8,1012,OK,OK,OK
2026-08-15T12:43:09.432896Z,2539,246.9,1012,OK,OK,OK
2026-08-15T12:43:14.952210Z,2528,246.9,1012,OK,OK,OK
2026-08-15T12:43:20.466873Z,2526,246.9,1012,OK,OK,OK
2026-08-15T12:43:25.911185Z,2532,246.8,1012,OK,OK,OK
2026-08-15T12:43:31.386241Z,2547,246.9,1012,OK,OK,OK
2026-08-15T12:43:36.876605Z,2549,246.9,1012,OK,OK,OK
2026-08-15T12:43:42.396222Z,2546,246.9,1012,OK,OK,OK
2026-08-15T12:43:47.876356Z,2547,246.8,1012,OK,OK,OK
2026-08-15T12:43:53.390198Z,2530,246.9,1704,OK,OK,OK
2026-08-15T12:43:58.907351Z,2547,246.8,1704,OK,OK,OK
2026-08-15T12:44:04.404748Z,2522,246.8,1704,OK,OK,OK
2026-08-15T12:44:09.918155Z,2540,246.8,1704,OK,OK,OK
2026-08-15T12:44:15.451717Z,2545,246.8,1704,OK,OK,OK
2026-08-15T12:44:20.970573Z,2519,246.9,1704,OK,OK,OK
2026-08-15T12:44:26.476323Z,2522,246.9,1704,OK,OK,OK
2026-08-15T12:44:31.954029Z,2523,247.0,1704,OK,OK,OK
2026-08-15T12:44:37.461060Z,2534,246.9,1704,OK,OK,OK
2026-08-15T12:44:43.006678Z,2527,246.9,1704,OK,OK,OK
2026-08-15T12:44:48.519821Z,2516,247.0,1704,OK,OK,OK
2026-08-15T12:44:54.039509Z,2521,246.9,1704,OK,OK,OK
2026-08-15T12:44:59.566320Z,2513,247.0,1704,OK,OK,OK
2026-08-15T12:45:05.054198Z,2658,246.9,1704,OK,OK,OK
2026-08-15T12:45:10.560667Z,2663,246.9,1704,OK,OK,OK
2026-08-15T12:45:16.038926Z,2650,246.8,1704,OK,OK,OK
2026-08-15T12:45:21.546711Z,2647,246.8,1704,OK,OK,OK
2026-08-15T12:45:27.058863Z,2657,246.9,1704,OK,OK,OK
2026-08-15T12:45:32.564933Z,2637,246.9,1704,OK,OK,OK
2026-08-15T12:45:38.073230Z,2650,246.9,1704,OK,OK,OK
2026-08-15T12:45:43.559105Z,2662,247.0,1704,OK,OK,OK
2026-08-15T12:45:49.082857Z,2655,247.0,1704,OK,OK,OK
2026-08-15T12:45:54.606419Z,2675,247.0,1704,OK,OK,OK
2026-08-15T12:46:00.114916Z,2645,247.0,1704,OK,OK,OK
2026-08-15T12:46:05.613103Z,2655,247.0,1704,OK,OK,OK
2026-08-15T12:46:11.140081Z,2653,247.0,1704,OK,OK,OK
2026-08-15T12:46:16.682814Z,2664,247.0,1704,OK,OK,OK
2026-08-15T12:46:22.196512Z,2648,247.0,1704,OK,OK,OK
2026-08-15T12:46:27.671440Z,2532,247.1,1704,OK,OK,OK
2026-08-15T12:46:33.192200Z,2548,247.0,1704,OK,OK,OK
2026-08-15T12:46:38.710430Z,2535,247.1,1704,OK,OK,OK
2026-08-15T12:46:44.243874Z,2536,247.0,1704,OK,OK,OK
2026-08-15T12:46:49.750764Z,2560,247.0,1704,OK,OK,OK
2026-08-15T12:46:55.214592Z,2537,247.0,1704,OK,OK,OK
2026-08-15T12:47:00.723767Z,2542,246.9,1704,OK,OK,OK
2026-08-15T12:47:06.250722Z,2548,247.0,1704,OK,OK,OK
2026-08-15T12:47:11.750019Z,2547,246.9,1704,OK,OK,OK
2026-08-15T12:47:17.260944Z,2538,246.9,1704,OK,OK,OK
2026-08-15T12:47:22.773105Z,2537,246.9,1704,OK,OK,OK
2026-08-15T12:47:28.279980Z,2529,246.9,1704,OK,OK,OK
2026-08-15T12:47:33.870780Z,2542,246.9,1704,OK,OK,OK
2026-08-15T12:47:39.410583Z,2544,246.9,1704,OK,OK,OK
2026-08-15T12:47:44.924863Z,2547,246.9,1704,OK,OK,OK
2026-08-15T12:47:50.469299Z,2546,247.0,1704,OK,OK,OK
2026-08-15T12:47:55.962429Z,2536,246.9,1704,OK,OK,OK
2026-08-15T12:48:01.477732Z,2535,246.9,1704,OK,OK,OK
2026-08-15T12:48:06.989329Z,2552,246.9,1704,OK,OK,OK
2026-08-15T12:48:12.510794Z,2545,247.0,1704,OK,OK,OK
2026-08-15T12:48:18.006283Z,2554,247.0,1704,OK,OK,OK
2026-08-15T12:48:23.509297Z,2544,247.0,1704,OK,OK,OK
2026-08-15T12:48:29.044962Z,2557,247.1,1704,OK,OK,OK
2026-08-15T12:48:34.550922Z,2542,247.1,1704,OK,OK,OK
2026-08-15T12:48:40.058953Z,2554,247.1,1704,OK,OK,OK
2026-08-15T12:48:45.560642Z,2555,247.1,1704,OK,OK,OK
2026-08-15T12:48:51.100963Z,2549,246.9,1704,OK,OK,OK
2026-08-15T12:48:56.578251Z,2546,246.7,1704,OK,OK,OK
2026-08-15T12:49:02.056498Z,2546,246.8,1704,OK,OK,OK
2026-08-15T12:49:07.566848Z,2540,246.7,1704,OK,OK,OK
2026-08-15T12:49:13.082701Z,2544,246.8,1704,OK,OK,OK
2026-08-15T12:49:18.548603Z,2529,246.8,1704,OK,OK,OK
2026-08-15T12:49:24.042105Z,2530,247.0,1704,OK,OK,OK
2026-08-15T12:49:29.576591Z,2520,247.0,1704,OK,OK,OK
2026-08-15T12:49:35.086595Z,2536,247.0,1704,OK,OK,OK
2026-08-15T12:49:40.576952Z,2529,247.0,1704,OK,OK,OK
2026-08-15T12:49:46.061601Z,2519,247.0,1704,OK,OK,OK
2026-08-15T12:49:51.577587Z,2526,247.1,1704,OK,OK,OK
2026-08-15T12:49:57.035223Z,2523,247.2,1704,OK,OK,OK
2026-08-15T12:50:02.539946Z,2522,247.2,1704,OK,OK,OK
2026-08-15T12:50:08.016378Z,2523,247.1,1704,OK,OK,OK
2026-08-15T12:50:13.502158Z,2517,247.2,1704,OK,OK,OK
2026-08-15T12:50:19.012256Z,2526,247.2,1704,OK,OK,OK
2026-08-15T12:50:24.535915Z,2529,247.1,1704,OK,OK,OK
2026-08-15T12:50:30.040756Z,2509,247.2,1704,OK,OK,OK
2026-08-15T12:50:35.578393Z,2512,247.2,1704,OK,OK,OK
2026-08-15T12:50:41.101034Z,2518,247.1,1704,OK,OK,OK
2026-08-15T12:50:46.608560Z,2521,247.1,1704,OK,OK,OK
2026-08-15T12:50:52.099085Z,2519,247.2,1704,OK,OK,OK
2026-08-15T12:50:57.636680Z,2525,247.1,1704,OK,OK,OK
2026-08-15T12:51:03.111717Z,2518,247.1,1704,OK,OK,OK
2026-08-15T12:51:08.601663Z,2517,247.1,1704,OK,OK,OK
2026-08-15T12:51:14.137399Z,2517,247.2,1704,OK,OK,OK
2026-08-15T12:51:19.659359Z,2523,247.2,1704,OK,OK,OK
2026-08-15T12:51:25.154024Z,2563,247.2,1704,OK,OK,OK
2026-08-15T12:51:30.669502Z,2517,247.2,1704,OK,OK,OK
2026-08-15T12:51:36.161286Z,2515,247.2,1704,OK,OK,OK
2026-08-15T12:51:41.642642Z,2516,247.2,1704,OK,OK,OK
2026-08-15T12:51:47.152553Z,2523,247.2,1704,OK,OK,OK
2026-08-15T12:51:52.663761Z,2521,247.3,1704,OK,OK,OK
2026-08-15T12:51:58.124434Z,2521,247.2,1704,OK,OK,OK
2026-08-15T12:52:03.645428Z,2511,247.2,1704,OK,OK,OK
2026-08-15T12:52:09.136584Z,2514,247.2,1704,OK,OK,OK
2026-08-15T12:52:14.644025Z,2542,247.2,1704,OK,OK,OK
2026-08-15T12:52:20.136844Z,2518,247.2,1704,OK,OK,OK
2026-08-15T12:52:25.688155Z,2524,247.2,1704,OK,OK,OK
2026-08-15T12:52:31.197962Z,2517,247.2,1704,OK,OK,OK
2026-08-15T12:52:36.730033Z,2522,247.2,1704,OK,OK,OK
2026-08-15T12:52:42.253786Z,2511,247.2,1704,OK,OK,OK
2026-08-15T12:52:47.736015Z,2517,247.2,1704,OK,OK,OK
2026-08-15T12:52:53.281987Z,2496,247.2,1704,OK,OK,OK
2026-08-15T12:52:58.779229Z,2521,247.2,1704,OK,OK,OK
2026-08-15T12:53:04.302907Z,2524,247.2,1704,OK,OK,OK
2026-08-15T12:53:09.791777Z,2513,247.2,1704,OK,OK,OK
2026-08-15T12:53:15.303691Z,2512,247.3,1704,OK,OK,OK
2026-08-15T12:53:20.774051Z,2516,247.3,1704,OK,OK,OK
2026-08-15T12:53:26.276366Z,2518,247.3,1704,OK,OK,OK
2026-08-15T12:53:31.765127Z,2510,247.2,1704,OK,OK,OK
2026-08-15T12:53:37.269326Z,2517,247.3,1704,OK,OK,OK
2026-08-15T12:53:42.733330Z,2518,247.3,1704,OK,OK,OK
2026-08-15T12:53:48.264858Z,2514,247.3,1704,OK,OK,OK
2026-08-15T12:53:53.745400Z,2523,247.3,1704,OK,OK,OK
2026-08-15T12:53:59.250638Z,2520,247.3,1704,OK,OK,OK
2026-08-15T12:54:04.726755Z,2512,247.5,1704,OK,OK,OK
2026-08-15T12:54:10.229473Z,2519,247.3,1704,OK,OK,OK
2026-08-15T12:54:15.753454Z,2529,247.5,1704,OK,OK,OK
2026-08-15T12:54:21.289102Z,2518,247.4,1704,OK,OK,OK
2026-08-15T12:54:26.781640Z,2510,247.5,1704,OK,OK,OK
2026-08-15T12:54:32.267692Z,2508,247.4,1704,OK,OK,OK
2026-08-15T12:54:37.779547Z,2508,247.4,1704,OK,OK,OK
2026-08-15T12:54:43.303867Z,2504,247.3,1704,OK,OK,OK
2026-08-15T12:54:48.774352Z,2500,247.4,1704,OK,OK,OK
2026-08-15T12:54:54.294214Z,2500,247.3,1704,OK,OK,OK
2026-08-15T12:54:59.789227Z,2492,247.3,1704,OK,OK,OK
2026-08-15T12:55:05.310637Z,2488,247.5,1704,OK,OK,OK
2026-08-15T12:55:10.823968Z,2481,247.5,1704,OK,OK,OK
2026-08-15T12:55:16.333831Z,2492,247.5,1704,OK,OK,OK
2026-08-15T12:55:21.800445Z,2493,247.4,1704,OK,OK,OK
2026-08-15T12:55:27.273879Z,2501,247.5,1704,OK,OK,OK
2026-08-15T12:55:32.807682Z,2575,247.4,1704,OK,OK,OK
2026-08-15T12:55:38.288662Z,2606,247.2,1704,OK,OK,OK
2026-08-15T12:55:43.770676Z,2589,247.3,1704,OK,OK,OK
2026-08-15T12:55:49.234332Z,2605,247.2,1704,OK,OK,OK
2026-08-15T12:55:54.719342Z,2595,247.4,1704,OK,OK,OK
2026-08-15T12:56:00.226172Z,2602,247.4,1704,OK,OK,OK
2026-08-15T12:56:05.719146Z,2596,247.4,1704,OK,OK,OK
2026-08-15T12:56:11.165466Z,2603,247.4,1704,OK,OK,OK
2026-08-15T12:56:16.698675Z,2583,247.4,1704,OK,OK,OK
2026-08-15T12:56:22.193749Z,2593,247.4,1704,OK,OK,OK
2026-08-15T12:56:27.685897Z,2600,247.2,1704,OK,OK,OK
2026-08-15T12:56:33.190304Z,2592,247.3,1704,OK,OK,OK
2026-08-15T12:56:38.690327Z,2589,247.3,1704,OK,OK,OK
2026-08-15T12:56:44.203968Z,2579,247.3,1704,OK,OK,OK
2026-08-15T12:56:49.702244Z,2576,247.2,1704,OK,OK,OK
2026-08-15T12:56:55.241311Z,2575,247.2,1704,OK,OK,OK
2026-08-15T12:57:00.748140Z,2576,247.3,1704,OK,OK,OK
2026-08-15T12:57:06.230841Z,2577,247.3,1704,OK,OK,OK
2026-08-15T12:57:11.696262Z,2584,247.2,1704,OK,OK,OK
2026-08-15T12:57:17.189715Z,2572,247.1,1704,OK,OK,OK
2026-08-15T12:57:22.714751Z,2573,247.2,1704,OK,OK,OK
2026-08-15T12:57:28.228727Z,2577,247.3,1704,OK,OK,OK
2026-08-15T12:57:33.734547Z,2566,247.3,1704,OK,OK,OK
2026-08-15T12:57:39.248589Z,2567,247.1,1704,OK,OK,OK
2026-08-15T12:57:44.746339Z,2573,247.2,1704,OK,OK,OK
2026-08-15T12:57:50.268128Z,2563,247.3,1704,OK,OK,OK
2026-08-15T12:57:55.731723Z,2562,247.3,1704,OK,OK,OK
2026-08-15T12:58:01.267227Z,2564,247.3,1704,OK,OK,OK
2026-08-15T12:58:06.760482Z,2573,247.3,1704,OK,OK,OK
2026-08-15T12:58:12.295895Z,2570,247.2,1704,OK,OK,OK
2026-08-15T12:58:17.790164Z,2573,247.2,1704,OK,OK,OK
2026-08-15T12:58:23.285014Z,2572,247.2,1704,OK,OK,OK
2026-08-15T12:58:28.750838Z,2576,247.2,1704,OK,OK,OK
2026-08-15T12:58:34.200238Z,2562,247.2,1704,OK,OK,OK
2026-08-15T12:58:39.649838Z,2564,247.2,1704,OK,OK,OK
2026-08-15T12:58:45.190308Z,2567,247.2,1704,OK,OK,OK
2026-08-15T12:58:50.672562Z,2561,247.2,1704,OK,OK,OK
2026-08-15T12:58:56.174105Z,2565,247.2,1704,OK,OK,OK
2026-08-15T12:59:01.673636Z,2560,247.2,1704,OK,OK,OK
2026-08-15T12:59:07.182613Z,2563,247.2,1704,OK,OK,OK
2026-08-15T12:59:12.670178Z,2565,247.2,3862,OK,OK,OK
2026-08-15T12:59:18.154851Z,2569,247.2,3862,OK,OK,OK
2026-08-15T12:59:23.705399Z,2564,247.3,3862,OK,OK,OK
2026-08-15T12:59:29.221947Z,2558,247.2,3862,OK,OK,OK
2026-08-15T12:59:34.716167Z,2580,247.4,3862,OK,OK,OK
2026-08-15T12:59:40.222540Z,2578,247.4,3862,OK,OK,OK
2026-08-15T12:59:45.744910Z,2581,247.3,3862,OK,OK,OK
2026-08-15T12:59:51.216440Z,2571,247.3,3862,OK,OK,OK
2026-08-15T12:59:56.730834Z,2560,247.3,3862,OK,OK,OK
2026-08-15T13:00:02.233008Z,2425,247.2,3862,OK,OK,OK
2026-08-15T13:00:07.753033Z,2434,247.3,3862,OK,OK,OK
2026-08-15T13:00:13.274908Z,2437,247.4,3862,OK,OK,OK
2026-08-15T13:00:18.788172Z,2433,247.4,3862,OK,OK,OK
2026-08-15T13:00:24.295843Z,2448,247.2,3862,OK,OK,OK
2026-08-15T13:00:29.810380Z,2436,247.4,3862,OK,OK,OK
2026-08-15T13:00:35.243382Z,2428,247.3,3862,OK,OK,OK
2026-08-15T13:00:40.751325Z,2427,247.3,3862,OK,OK,OK
2026-08-15T13:00:46.262595Z,2438,247.4,3862,OK,OK,OK
2026-08-15T13:00:51.717652Z,2442,247.3,3862,OK,OK,OK
2026-08-15T13:00:57.184748Z,2433,247.3,3862,OK,OK,OK
2026-08-15T13:01:02.722659Z,2430,247.3,3862,OK,OK,OK
2026-08-15T13:01:08.197519Z,2446,247.4,3862,OK,OK,OK
2026-08-15T13:01:13.683241Z,2436,247.4,3862,OK,OK,OK
2026-08-15T13:01:19.160042Z,2432,247.4,3862,OK,OK,OK
2026-08-15T13:01:24.656390Z,2448,247.3,3862,OK,OK,OK
2026-08-15T13:01:30.157557Z,2439,247.4,3862,OK,OK,OK
2026-08-15T13:01:35.681057Z,2438,247.3,3862,OK,OK,OK
2026-08-15T13:01:41.199766Z,2435,247.4,3862,OK,OK,OK
2026-08-15T13:01:46.721103Z,2436,247.4,3862,OK,OK,OK
2026-08-15T13:01:52.229634Z,2432,247.5,3862,OK,OK,OK
2026-08-15T13:01:57.733243Z,2430,247.4,3862,OK,OK,OK
2026-08-15T13:02:03.224849Z,2437,247.4,3862,OK,OK,OK
2026-08-15T13:02:08.693303Z,2429,247.4,3862,OK,OK,OK
2026-08-15T13:02:14.230342Z,2433,247.5,3862,OK,OK,OK
2026-08-15T13:02:19.754252Z,2423,247.5,3862,OK,OK,OK
2026-08-15T13:02:25.280646Z,2422,247.4,3862,OK,OK,OK
2026-08-15T13:02:30.796387Z,2427,247.6,3862,OK,OK,OK
2026-08-15T13:02:36.295085Z,2425,247.6,3862,OK,OK,OK
2026-08-15T13:02:41.806040Z,2425,247.5,3862,OK,OK,OK
2026-08-15T13:02:47.350314Z,2412,247.6,3862,OK,OK,OK
2026-08-15T13:02:52.874059Z,2425,247.4,3862,OK,OK,OK
2026-08-15T13:02:58.373327Z,2430,247.5,3862,OK,OK,OK
2026-08-15T13:03:03.866184Z,2429,247.5,3862,OK,OK,OK
2026-08-15T13:03:09.387859Z,2432,247.4,3862,OK,OK,OK
2026-08-15T13:03:14.905427Z,2429,247.4,3862,OK,OK,OK
2026-08-15T13:03:20.394763Z,2418,247.4,3862,OK,OK,OK
2026-08-15T13:03:25.903209Z,2427,247.4,3862,OK,OK,OK
2026-08-15T13:03:31.403563Z,2426,247.4,3862,OK,OK,OK
2026-08-15T13:03:36.893993Z,2424,247.4,3862,OK,OK,OK
2026-08-15T13:03:42.423783Z,2425,247.7,3862,OK,OK,OK
2026-08-15T13:03:47.940747Z,2443,247.5,3862,OK,OK,OK
2026-08-15T13:03:53.449909Z,2439,247.6,3862,OK,OK,OK
2026-08-15T13:03:58.945737Z,2437,247.5,3862,OK,OK,OK
2026-08-15T13:04:04.461044Z,2439,247.5,3862,OK,OK,OK
2026-08-15T13:04:09.966162Z,2442,247.6,3862,OK,OK,OK
2026-08-15T13:04:15.524187Z,2437,247.6,3862,OK,OK,OK
2026-08-15T13:04:21.017649Z,2440,247.6,3862,OK,OK,OK
2026-08-15T13:04:26.497719Z,2441,247.7,3862,OK,OK,OK
2026-08-15T13:04:31.962474Z,2434,247.2,3862,OK,OK,OK
2026-08-15T13:04:37.483180Z,2436,247.3,3862,OK,OK,OK
2026-08-15T13:04:42.958881Z,2440,247.4,3862,OK,OK,OK
2026-08-15T13:04:48.478198Z,2430,247.3,3862,OK,OK,OK
2026-08-15T13:04:54.004462Z,2435,247.2,3862,OK,OK,OK
2026-08-15T13:04:59.524702Z,2430,247.2,3862,OK,OK,OK
2026-08-15T13:05:05.000609Z,2428,247.3,3862,OK,OK,OK
2026-08-15T13:05:10.507246Z,2424,246.9,3862,OK,OK,OK
2026-08-15T13:05:16.002890Z,2430,247.3,3862,OK,OK,OK
2026-08-15T13:05:21.490699Z,2433,247.1,3862,OK,OK,OK
2026-08-15T13:05:26.960705Z,2433,247.2,3862,OK,OK,OK
2026-08-15T13:05:32.504038Z,2437,247.3,3862,OK,OK,OK
2026-08-15T13:05:37.973183Z,2428,247.1,3862,OK,OK,OK
2026-08-15T13:05:43.480494Z,2434,247.2,3862,OK,OK,OK
2026-08-15T13:05:48.985280Z,2427,247.0,3862,OK,OK,OK
2026-08-15T13:05:54.523598Z,2425,247.1,3862,OK,OK,OK
2026-08-15T13:06:00.030472Z,2425,247.1,3862,OK,OK,OK
2026-08-15T13:06:05.526116Z,2426,247.1,3862,OK,OK,OK
2026-08-15T13:06:11.021633Z,2429,247.3,3862,OK,OK,OK
2026-08-15T13:06:16.524209Z,2482,247.3,3862,OK,OK,OK
2026-08-15T13:06:22.018975Z,2426,247.2,3862,OK,OK,OK
2026-08-15T13:06:27.489369Z,2436,247.3,3862,OK,OK,OK
2026-08-15T13:06:32.984747Z,2423,247.2,3862,OK,OK,OK
2026-08-15T13:06:38.511310Z,2430,247.2,3862,OK,OK,OK
2026-08-15T13:06:44.025654Z,2415,247.2,3862,OK,OK,OK
2026-08-15T13:06:49.554707Z,2430,247.3,3862,OK,OK,OK
2026-08-15T13:06:55.079973Z,2420,247.1,3862,OK,OK,OK
2026-08-15T13:07:00.570509Z,2434,247.2,3862,OK,OK,OK
2026-08-15T13:07:06.078486Z,2435,247.2,3862,OK,OK,OK
2026-08-15T13:07:11.564686Z,2435,247.2,3862,OK,OK,OK
2026-08-15T13:07:17.092006Z,2427,247.2,3862,OK,OK,OK
2026-08-15T13:07:22.565412Z,2426,247.2,3862,OK,OK,OK
2026-08-15T13:07:28.103573Z,2431,247.2,3862,OK,OK,OK
2026-08-15T13:07:33.592803Z,2447,247.2,3862,OK,OK,OK
2026-08-15T13:07:39.094733Z,2448,247.2,3862,OK,OK,OK
2026-08-15T13:07:44.605486Z,2446,247.2,3862,OK,OK,OK
2026-08-15T13:07:50.132302Z,2435,247.2,3862,OK,OK,OK
2026-08-15T13:07:55.645822Z,2435,247.2,3862,OK,OK,OK
2026-08-15T13:08:01.145164Z,2439,247.2,3862,OK,OK,OK
2026-08-15T13:08:06.657440Z,2434,247.2,3862,OK,OK,OK
2026-08-15T13:08:12.177405Z,2429,247.2,3862,OK,OK,OK
2026-08-15T13:08:17.702972Z,2452,247.2,3862,OK,OK,OK
2026-08-15T13:08:23.207047Z,2434,247.2,3862,OK,OK,OK
2026-08-15T13:08:28.727420Z,2458,247.2,3862,OK,OK,OK
2026-08-15T13:08:34.243066Z,2465,247.1,3862,OK,OK,OK
2026-08-15T13:08:39.756710Z,2465,247.1,3862,OK,OK,OK
2026-08-15T13:08:45.261889Z,2463,247.2,3862,OK,OK,OK
2026-08-15T13:08:50.743030Z,2482,247.2,3862,OK,OK,OK
2026-08-15T13:08:56.271299Z,2500,247.4,3862,OK,OK,OK
2026-08-15T13:09:01.802348Z,2484,247.4,3862,OK,OK,OK
2026-08-15T13:09:07.290594Z,2467,247.4,3862,OK,OK,OK
2026-08-15T13:09:12.827950Z,2476,247.3,3862,OK,OK,OK
2026-08-15T13:09:18.371219Z,2492,247.3,3862,OK,OK,OK
2026-08-15T13:09:23.915838Z,2460,247.4,3862,OK,OK,OK
2026-08-15T13:09:29.393894Z,2457,247.1,3862,OK,OK,OK
2026-08-15T13:09:34.918669Z,2481,247.3,3862,OK,OK,OK
2026-08-15T13:09:40.459638Z,2469,247.3,3862,OK,OK,OK
2026-08-15T13:09:45.988055Z,2471,247.3,3862,OK,OK,OK
2026-08-15T13:09:51.477465Z,2471,247.4,3862,OK,OK,OK
2026-08-15T13:09:56.990842Z,2460,247.3,3862,OK,OK,OK
2026-08-15T13:10:02.518966Z,2454,247.4,3862,OK,OK,OK
2026-08-15T13:10:08.021030Z,2473,247.3,3862,OK,OK,OK
2026-08-15T13:10:13.502372Z,2467,247.3,3862,OK,OK,OK
2026-08-15T13:10:19.015226Z,2465,247.4,3862,OK,OK,OK
2026-08-15T13:10:24.532041Z,2468,247.3,3862,OK,OK,OK
2026-08-15T13:10:30.018181Z,2453,247.4,3862,OK,OK,OK
2026-08-15T13:10:35.522366Z,2440,247.3,3862,OK,OK,OK
2026-08-15T13:10:41.022360Z,2445,247.3,3862,OK,OK,OK
2026-08-15T13:10:46.492147Z,2453,247.3,3862,OK,OK,OK
2026-08-15T13:10:51.941291Z,2447,247.3,3862,OK,OK,OK
2026-08-15T13:10:57.416763Z,2460,247.3,3862,OK,OK,OK
2026-08-15T13:11:02.922941Z,2455,247.4,3862,OK,OK,OK
2026-08-15T13:11:08.386243Z,2455,247.4,3862,OK,OK,OK
2026-08-15T13:11:13.927376Z,2454,247.4,3862,OK,OK,OK
2026-08-15T13:11:19.430761Z,2452,247.4,3862,OK,OK,OK
2026-08-15T13:11:24.928857Z,2451,247.4,3862,OK,OK,OK
2026-08-15T13:11:30.434752Z,2455,247.4,3862,OK,OK,OK
2026-08-15T13:11:35.945808Z,2452,247.5,3862,OK,OK,OK
2026-08-15T13:11:41.426571Z,2453,247.4,3862,OK,OK,OK
2026-08-15T13:11:46.948061Z,2451,247.4,3862,OK,OK,OK
2026-08-15T13:11:52.433930Z,2446,247.4,3862,OK,OK,OK
2026-08-15T13:11:57.943903Z,2436,247.4,3862,OK,OK,OK
2026-08-15T13:12:03.460750Z,2433,247.4,3862,OK,OK,OK
2026-08-15T13:12:08.982284Z,2431,247.4,3862,OK,OK,OK
2026-08-15T13:12:14.461806Z,2449,247.4,3862,OK,OK,OK
2026-08-15T13:12:20.006477Z,2426,247.4,3862,OK,OK,OK
2026-08-15T13:12:25.529628Z,2428,247.3,3862,OK,OK,OK
2026-08-15T13:12:31.042213Z,2432,247.3,3862,OK,OK,OK
2026-08-15T13:12:36.575039Z,2437,247.4,3862,OK,OK,OK
2026-08-15T13:12:42.104604Z,2439,247.4,3862,OK,OK,OK
2026-08-15T13:12:47.592331Z,2444,247.4,3862,OK,OK,OK
2026-08-15T13:12:53.093758Z,2429,247.4,3862,OK,OK,OK
2026-08-15T13:12:58.618522Z,2455,247.5,3862,OK,OK,OK
2026-08-15T13:13:04.140898Z,2444,247.5,3862,OK,OK,OK
2026-08-15T13:13:09.658039Z,2625,247.2,3862,OK,OK,OK
2026-08-15T13:13:15.132395Z,4169,246.8,3862,OK,OK,OK
2026-08-15T13:13:20.582992Z,4172,246.8,3862,OK,OK,OK
2026-08-15T13:13:26.139670Z,4173,246.8,3862,OK,OK,OK
2026-08-15T13:13:31.622030Z,4173,246.8,3862,OK,OK,OK
2026-08-15T13:13:37.147530Z,4170,246.8,3862,OK,OK,OK
2026-08-15T13:13:42.642221Z,4174,246.7,3862,OK,OK,OK
2026-08-15T13:13:48.175991Z,4182,246.7,3862,OK,OK,OK
2026-08-15T13:13:53.649030Z,4178,246.6,3862,OK,OK,OK
2026-08-15T13:13:59.161331Z,4177,246.8,3862,OK,OK,OK
2026-08-15T13:14:04.666066Z,4161,246.7,3862,OK,OK,OK
2026-08-15T13:14:10.167462Z,4160,246.7,3862,OK,OK,OK
2026-08-15T13:14:15.681796Z,4170,246.7,3862,OK,OK,OK
2026-08-15T13:14:21.184007Z,4161,246.7,3862,OK,OK,OK
2026-08-15T13:14:26.755596Z,4161,246.7,3862,OK,OK,OK
2026-08-15T13:14:32.271072Z,4170,246.7,6167,OK,OK,OK
2026-08-15T13:14:37.770871Z,4172,246.8,6167,OK,OK,OK
2026-08-15T13:14:43.260956Z,4158,246.8,6167,OK,OK,OK
2026-08-15T13:14:48.755543Z,2483,247.5,6167,OK,OK,OK
2026-08-15T13:14:54.224904Z,2456,247.5,6167,OK,OK,OK
2026-08-15T13:14:59.748319Z,2435,247.5,6167,OK,OK,OK
2026-08-15T13:15:05.238728Z,2427,247.4,6167,OK,OK,OK
2026-08-15T13:15:10.736304Z,2436,247.4,6167,OK,OK,OK
2026-08-15T13:15:16.250822Z,2442,247.4,6167,OK,OK,OK
2026-08-15T13:15:21.768761Z,2439,247.4,6167,OK,OK,OK
2026-08-15T13:15:27.264809Z,2442,247.4,6167,OK,OK,OK
2026-08-15T13:15:32.760950Z,2457,247.4,6167,OK,OK,OK
2026-08-15T13:15:38.254801Z,2449,247.4,6167,OK,OK,OK
2026-08-15T13:15:43.765219Z,2447,247.4,6167,OK,OK,OK
2026-08-15T13:15:49.271691Z,2451,247.4,6167,OK,OK,OK
2026-08-15T13:15:54.821159Z,2444,247.4,6167,OK,OK,OK
2026-08-15T13:16:00.322759Z,2451,247.4,6167,OK,OK,OK
2026-08-15T13:16:05.855447Z,2457,247.4,6167,OK,OK,OK
2026-08-15T13:16:11.399376Z,2463,247.4,6167,OK,OK,OK
2026-08-15T13:16:16.878433Z,2449,247.4,6167,OK,OK,OK
2026-08-15T13:16:22.359990Z,2456,247.5,6167,OK,OK,OK
2026-08-15T13:16:27.874611Z,2468,247.5,6167,OK,OK,OK
2026-08-15T13:16:33.383944Z,2453,247.5,6167,OK,OK,OK
2026-08-15T13:16:38.870122Z,2445,247.5,6167,OK,OK,OK
2026-08-15T13:16:44.416659Z,2457,247.5,6167,OK,OK,OK
2026-08-15T13:16:49.956358Z,2453,247.4,6167,OK,OK,OK
2026-08-15T13:16:55.480075Z,2457,247.5,6167,OK,OK,OK
2026-08-15T13:17:00.974824Z,2456,247.4,6167,OK,OK,OK
2026-08-15T13:17:06.511036Z,2468,247.5,6167,OK,OK,OK
2026-08-15T13:17:12.010022Z,2465,247.4,6167,OK,OK,OK
2026-08-15T13:17:17.553448Z,2451,247.5,6167,OK,OK,OK
2026-08-15T13:17:23.029761Z,2450,247.4,6167,OK,OK,OK
2026-08-15T13:17:28.535720Z,2449,247.3,6167,OK,OK,OK
2026-08-15T13:17:34.061106Z,2443,247.3,6167,OK,OK,OK
2026-08-15T13:17:39.564397Z,2450,247.5,6167,OK,OK,OK
2026-08-15T13:17:45.076136Z,2442,247.4,6167,OK,OK,OK
2026-08-15T13:17:50.589920Z,2466,247.4,6167,OK,OK,OK
2026-08-15T13:17:56.134083Z,2608,247.3,6167,OK,OK,OK
2026-08-15T13:18:01.679661Z,2600,247.2,6167,OK,OK,OK
2026-08-15T13:18:07.199160Z,2609,247.2,6167,OK,OK,OK
2026-08-15T13:18:12.717902Z,2584,247.2,6167,OK,OK,OK
2026-08-15T13:18:18.241771Z,2593,247.7,6167,OK,OK,OK
2026-08-15T13:18:23.755557Z,2597,247.7,6167,OK,OK,OK
2026-08-15T13:18:29.239487Z,2583,247.8,6167,OK,OK,OK
2026-08-15T13:18:34.743798Z,2584,247.7,6167,OK,OK,OK
2026-08-15T13:18:40.254429Z,2586,247.7,6167,OK,OK,OK
2026-08-15T13:18:45.779273Z,2587,247.7,6167,OK,OK,OK
2026-08-15T13:18:51.272813Z,2477,247.8,6167,OK,OK,OK
2026-08-15T13:18:56.806272Z,2474,247.9,6167,OK,OK,OK
2026-08-15T13:19:02.304206Z,2472,247.8,6167,OK,OK,OK
2026-08-15T13:19:07.783836Z,2465,247.8,6167,OK,OK,OK
2026-08-15T13:19:13.276473Z,2468,247.8,6167,OK,OK,OK
2026-08-15T13:19:18.758979Z,2472,247.7,6167,OK,OK,OK
2026-08-15T13:19:24.241395Z,2478,247.7,6167,OK,OK,OK
2026-08-15T13:19:29.750405Z,2482,247.7,6167,OK,OK,OK
2026-08-15T13:19:35.253275Z,2510,247.7,6167,OK,OK,OK
2026-08-15T13:19:40.746183Z,2474,247.7,6167,OK,OK,OK
2026-08-15T13:19:46.250967Z,2470,247.7,6167,OK,OK,OK
2026-08-15T13:19:51.744931Z,2477,247.7,6167,OK,OK,OK
2026-08-15T13:19:57.244838Z,2470,247.8,6167,OK,OK,OK
2026-08-15T13:20:02.737040Z,2479,247.8,6167,OK,OK,OK
2026-08-15T13:20:08.207667Z,2486,247.7,6167,OK,OK,OK
2026-08-15T13:20:13.693313Z,2475,247.8,6167,OK,OK,OK
2026-08-15T13:20:19.174607Z,2465,247.7,6167,OK,OK,OK
2026-08-15T13:20:24.693028Z,2385,247.9,6167,OK,OK,OK
2026-08-15T13:20:30.203048Z,2379,247.9,6167,OK,OK,OK
2026-08-15T13:20:35.725959Z,2385,247.9,6167,OK,OK,OK
2026-08-15T13:20:41.231006Z,2380,247.8,6167,OK,OK,OK
2026-08-15T13:20:46.754834Z,2390,247.9,6167,OK,OK,OK
2026-08-15T13:20:52.243758Z,2389,247.9,6167,OK,OK,OK
2026-08-15T13:20:57.755634Z,2396,247.9,6167,OK,OK,OK
2026-08-15T13:21:03.224548Z,2397,247.9,6167,OK,OK,OK
2026-08-15T13:21:08.678029Z,2393,247.9,6167,OK,OK,OK
2026-08-15T13:21:14.220673Z,2393,247.9,6167,OK,OK,OK
2026-08-15T13:21:19.697280Z,2392,247.9,6167,OK,OK,OK
2026-08-15T13:21:25.211671Z,2408,247.9,6167,OK,OK,OK
2026-08-15T13:21:30.698628Z,2390,247.9,6167,OK,OK,OK
2026-08-15T13:21:36.220397Z,2380,247.9,6167,OK,OK,OK
2026-08-15T13:21:41.725995Z,2384,247.9,6167,OK,OK,OK
2026-08-15T13:21:47.231386Z,2385,247.9,6167,OK,OK,OK
2026-08-15T13:21:52.754334Z,2372,247.9,6167,OK,OK,OK
2026-08-15T13:21:58.261132Z,2376,247.9,6167,OK,OK,OK
2026-08-15T13:22:03.783512Z,2384,247.9,6167,OK,OK,OK
2026-08-15T13:22:09.285063Z,2383,247.4,6167,OK,OK,OK
2026-08-15T13:22:14.796000Z,2405,247.8,6167,OK,OK,OK
2026-08-15T13:22:20.312886Z,2385,247.8,6167,OK,OK,OK
2026-08-15T13:22:25.793782Z,2363,247.8,6167,OK,OK,OK
2026-08-15T13:22:31.287327Z,2382,247.8,6167,OK,OK,OK
2026-08-15T13:22:36.787458Z,2389,247.7,6167,OK,OK,OK
2026-08-15T13:22:42.318672Z,2387,247.9,6167,OK,OK,OK
2026-08-15T13:22:47.838117Z,2392,247.9,6167,OK,OK,OK
2026-08-15T13:22:53.383153Z,2371,247.9,6167,OK,OK,OK
2026-08-15T13:22:58.859973Z,2421,247.8,6167,OK,OK,OK
2026-08-15T13:23:04.386799Z,2370,247.9,6167,OK,OK,OK
2026-08-15T13:23:09.870861Z,2373,247.7,6167,OK,OK,OK
2026-08-15T13:23:15.375104Z,2377,247.8,6167,OK,OK,OK
2026-08-15T13:23:20.908204Z,2373,247.7,6167,OK,OK,OK
2026-08-15T13:23:26.402224Z,2378,247.7,6167,OK,OK,OK
2026-08-15T13:23:31.898466Z,2377,247.5,6167,OK,OK,OK
2026-08-15T13:23:37.434402Z,2370,247.5,6167,OK,OK,OK
2026-08-15T13:23:42.914116Z,2374,247.5,6167,OK,OK,OK
2026-08-15T13:23:48.405690Z,2381,247.5,6167,OK,OK,OK
2026-08-15T13:23:53.930064Z,2380,247.5,6167,OK,OK,OK
2026-08-15T13:23:59.462394Z,2383,247.5,6167,OK,OK,OK
2026-08-15T13:24:04.951494Z,2372,247.5,6167,OK,OK,OK
2026-08-15T13:24:10.448928Z,2374,247.5,6167,OK,OK,OK
2026-08-15T13:24:15.989722Z,2379,247.5,6167,OK,OK,OK
2026-08-15T13:24:21.575821Z,2382,247.5,6167,OK,OK,OK
2026-08-15T13:24:27.081507Z,2375,247.5,6167,OK,OK,OK
2026-08-15T13:24:32.555095Z,2380,247.5,6167,OK,OK,OK
2026-08-15T13:24:38.078107Z,2394,247.5,6167,OK,OK,OK
2026-08-15T13:24:43.583802Z,2395,247.6,6167,OK,OK,OK
2026-08-15T13:24:49.065456Z,2397,247.5,6167,OK,OK,OK
2026-08-15T13:24:54.572735Z,2394,247.5,6167,OK,OK,OK
2026-08-15T13:25:00.060289Z,2385,247.5,6167,OK,OK,OK
2026-08-15T13:25:05.555116Z,2390,247.5,6167,OK,OK,OK
2026-08-15T13:25:11.029006Z,2493,247.5,6167,OK,OK,OK
2026-08-15T13:25:16.523514Z,2456,247.5,6167,OK,OK,OK
2026-08-15T13:25:22.002954Z,2517,247.4,6167,OK,OK,OK
2026-08-15T13:25:27.521258Z,2579,247.3,6167,OK,OK,OK
2026-08-15T13:25:33.032956Z,2614,247.4,6167,OK,OK,OK
2026-08-15T13:25:38.534034Z,2634,247.5,6167,OK,OK,OK
2026-08-15T13:25:44.027310Z,2653,247.5,6167,OK,OK,OK
2026-08-15T13:25:49.542583Z,2667,247.4,6167,OK,OK,OK
2026-08-15T13:25:55.044013Z,2675,247.5,6167,OK,OK,OK
2026-08-15T13:26:00.602472Z,2683,247.5,6167,OK,OK,OK
2026-08-15T13:26:06.121947Z,2696,247.6,6167,OK,OK,OK
2026-08-15T13:26:11.638018Z,2706,247.5,6167,OK,OK,OK
2026-08-15T13:26:17.159988Z,2739,247.5,6167,OK,OK,OK
2026-08-15T13:26:22.691947Z,2696,247.5,6167,OK,OK,OK
2026-08-15T13:26:28.190190Z,2656,247.5,6167,OK,OK,OK
2026-08-15T13:26:33.690308Z,2645,247.4,6167,OK,OK,OK
2026-08-15T13:26:39.185709Z,2630,247.5,6167,OK,OK,OK
2026-08-15T13:26:44.684992Z,2648,247.5,6167,OK,OK,OK
2026-08-15T13:26:50.214520Z,2642,247.5,6167,OK,OK,OK
2026-08-15T13:26:55.695069Z,2569,247.6,6167,OK,OK,OK
2026-08-15T13:27:01.210833Z,2545,247.7,6167,OK,OK,OK
2026-08-15T13:27:06.730462Z,2541,247.7,6167,OK,OK,OK
2026-08-15T13:27:12.243252Z,2539,247.6,6167,OK,OK,OK
2026-08-15T13:27:17.759988Z,2530,247.6,6167,OK,OK,OK
2026-08-15T13:27:23.251906Z,2521,247.6,6167,OK,OK,OK
2026-08-15T13:27:28.756433Z,2533,247.3,6167,OK,OK,OK
2026-08-15T13:27:34.248483Z,2528,247.5,6167,OK,OK,OK
2026-08-15T13:27:39.757608Z,2521,247.4,6167,OK,OK,OK
2026-08-15T13:27:45.244056Z,2516,247.4,6167,OK,OK,OK
2026-08-15T13:27:50.767179Z,2520,247.6,6167,OK,OK,OK
2026-08-15T13:27:56.300541Z,2525,247.4,6167,OK,OK,OK
2026-08-15T13:28:01.789742Z,2527,247.5,6167,OK,OK,OK
2026-08-15T13:28:07.307597Z,2524,247.6,6167,OK,OK,OK
2026-08-15T13:28:12.852749Z,2516,247.5,6167,OK,OK,OK
2026-08-15T13:28:18.348052Z,2522,247.5,6167,OK,OK,OK
2026-08-15T13:28:23.873073Z,2526,247.5,6167,OK,OK,OK
2026-08-15T13:28:29.385884Z,2516,247.4,6167,OK,OK,OK
2026-08-15T13:28:34.874117Z,2511,247.2,6167,OK,OK,OK
2026-08-15T13:28:40.320853Z,2511,247.2,6167,OK,OK,OK
2026-08-15T13:28:45.823314Z,2508,247.3,6167,OK,OK,OK
2026-08-15T13:28:51.302409Z,2518,247.3,6167,OK,OK,OK
2026-08-15T13:28:56.806803Z,2514,247.2,6167,OK,OK,OK
2026-08-15T13:29:02.298346Z,2495,247.2,6167,OK,OK,OK
2026-08-15T13:29:07.837670Z,2506,247.2,6167,OK,OK,OK
2026-08-15T13:29:13.325996Z,2503,247.2,6167,OK,OK,OK
2026-08-15T13:29:18.805099Z,2515,247.2,6167,OK,OK,OK
2026-08-15T13:29:24.320865Z,2520,247.2,6167,OK,OK,OK
2026-08-15T13:29:29.835145Z,2594,247.2,6167,OK,OK,OK
2026-08-15T13:29:35.367057Z,2529,247.2,6167,OK,OK,OK
2026-08-15T13:29:40.851959Z,2526,247.3,6167,OK,OK,OK
2026-08-15T13:29:46.369828Z,2514,247.4,6167,OK,OK,OK
2026-08-15T13:29:51.905758Z,2514,247.5,7432,OK,OK,OK
2026-08-15T13:29:57.410449Z,2495,247.4,7432,OK,OK,OK
2026-08-15T13:30:02.889445Z,2513,247.4,7432,OK,OK,OK
2026-08-15T13:30:08.430251Z,2518,247.4,7432,OK,OK,OK
2026-08-15T13:30:13.929972Z,2524,247.5,7432,OK,OK,OK
2026-08-15T13:30:19.424106Z,2512,247.5,7432,OK,OK,OK
2026-08-15T13:30:24.925528Z,2509,247.5,7432,OK,OK,OK
2026-08-15T13:30:30.431333Z,2521,247.5,7432,OK,OK,OK
2026-08-15T13:30:35.940047Z,2520,247.5,7432,OK,OK,OK
2026-08-15T13:30:41.430883Z,2516,247.5,7432,OK,OK,OK
2026-08-15T13:30:46.877085Z,2512,247.4,7432,OK,OK,OK
2026-08-15T13:30:52.359245Z,2518,247.5,7432,OK,OK,OK
2026-08-15T13:30:57.870776Z,2521,247.5,7432,OK,OK,OK
2026-08-15T13:31:03.343009Z,2518,247.5,7432,OK,OK,OK
2026-08-15T13:31:08.849658Z,2511,247.5,7432,OK,OK,OK
2026-08-15T13:31:14.371128Z,2522,247.5,7432,OK,OK,OK
2026-08-15T13:31:19.832978Z,2391,247.6,7432,OK,OK,OK
2026-08-15T13:31:25.345115Z,2395,247.4,7432,OK,OK,OK
2026-08-15T13:31:30.830740Z,2399,247.6,7432,OK,OK,OK
2026-08-15T13:31:36.349418Z,2412,247.6,7432,OK,OK,OK
2026-08-15T13:31:41.858469Z,2407,247.6,7432,OK,OK,OK
2026-08-15T13:31:47.341127Z,2388,247.5,7432,OK,OK,OK
2026-08-15T13:31:52.812871Z,2398,247.6,7432,OK,OK,OK
2026-08-15T13:31:58.325491Z,2411,247.5,7432,OK,OK,OK
2026-08-15T13:32:03.819250Z,2412,247.5,7432,OK,OK,OK
2026-08-15T13:32:09.323460Z,2417,247.5,7432,OK,OK,OK
2026-08-15T13:32:14.834464Z,2414,247.5,7432,OK,OK,OK
2026-08-15T13:32:20.351310Z,2394,247.5,7432,OK,OK,OK
2026-08-15T13:32:28.856369Z,2402,247.6,7432,OK,OK,OK
2026-08-15T13:32:34.325372Z,2396,247.5,7432,OK,OK,OK
2026-08-15T13:32:39.848110Z,2414,247.5,7432,OK,OK,OK
2026-08-15T13:32:45.343297Z,2396,247.5,7432,OK,OK,OK
2026-08-15T13:32:50.839091Z,2418,247.5,7432,OK,OK,OK
2026-08-15T13:32:56.306258Z,2392,247.5,7432,OK,OK,OK
2026-08-15T13:33:01.825626Z,2387,247.5,7432,OK,OK,OK
2026-08-15T13:33:07.306766Z,2382,247.5,7432,OK,OK,OK
2026-08-15T13:33:12.814878Z,2376,247.3,7432,OK,OK,OK
2026-08-15T13:33:18.316462Z,2384,247.4,7432,OK,OK,OK
2026-08-15T13:33:23.834966Z,2375,247.5,7432,OK,OK,OK
2026-08-15T13:33:29.343357Z,2373,247.4,7432,OK,OK,OK
2026-08-15T13:33:34.793606Z,2364,247.4,7432,OK,OK,OK
2026-08-15T13:33:40.261379Z,2372,247.5,7432,OK,OK,OK
2026-08-15T13:33:45.781026Z,2369,247.5,7432,OK,OK,OK
2026-08-15T13:33:51.255942Z,2377,247.5,7432,OK,OK,OK
2026-08-15T13:33:56.741776Z,2389,247.5,7432,OK,OK,OK
2026-08-15T13:34:02.253001Z,2390,247.5,7432,OK,OK,OK
2026-08-15T13:34:07.738982Z,2522,247.5,7432,OK,OK,OK
2026-08-15T13:34:13.252369Z,2510,247.5,7432,OK,OK,OK
2026-08-15T13:34:18.767483Z,2508,247.5,7432,OK,OK,OK
2026-08-15T13:34:24.262924Z,2508,247.5,7432,OK,OK,OK
2026-08-15T13:34:29.785991Z,2512,247.5,7432,OK,OK,OK
2026-08-15T13:34:35.258175Z,2503,247.5,7432,OK,OK,OK
2026-08-15T13:34:40.741641Z,2506,247.5,7432,OK,OK,OK
2026-08-15T13:34:46.259855Z,2506,247.3,7432,OK,OK,OK
2026-08-15T13:34:51.763890Z,2505,247.4,7432,OK,OK,OK
2026-08-15T13:34:57.263067Z,2496,247.2,7432,OK,OK,OK
2026-08-15T13:35:02.774710Z,2506,247.6,7432,OK,OK,OK
2026-08-15T13:35:08.292086Z,2508,247.4,7432,OK,OK,OK
2026-08-15T13:35:13.767131Z,2500,247.5,7432,OK,OK,OK
2026-08-15T13:35:19.311012Z,2500,247.6,7432,OK,OK,OK
2026-08-15T13:35:24.791956Z,2498,247.6,7432,OK,OK,OK
2026-08-15T13:35:30.273345Z,2503,247.5,7432,OK,OK,OK
2026-08-15T13:35:35.806537Z,2401,247.7,7432,OK,OK,OK
2026-08-15T13:35:41.338453Z,2391,247.7,7432,OK,OK,OK
2026-08-15T13:35:46.849861Z,2393,247.5,7432,OK,OK,OK
2026-08-15T13:35:52.347023Z,2387,247.7,7432,OK,OK,OK
2026-08-15T13:35:57.855092Z,2391,247.7,7432,OK,OK,OK
2026-08-15T13:36:03.358001Z,2384,247.7,7432,OK,OK,OK
2026-08-15T13:36:08.851808Z,2384,247.6,7432,OK,OK,OK
2026-08-15T13:36:14.366588Z,2395,247.7,7432,OK,OK,OK
2026-08-15T13:36:19.803351Z,2393,247.6,7432,OK,OK,OK
2026-08-15T13:36:25.309063Z,2406,247.6,7432,OK,OK,OK
2026-08-15T13:36:30.798575Z,2398,247.6,7432,OK,OK,OK
2026-08-15T13:36:36.333023Z,2406,247.4,7432,OK,OK,OK
2026-08-15T13:36:41.827859Z,2393,247.6,7432,OK,OK,OK
2026-08-15T13:36:47.362360Z,2386,247.5,7432,OK,OK,OK
2026-08-15T13:36:52.838730Z,2397,247.6,7432,OK,OK,OK
2026-08-15T13:36:58.354469Z,2392,247.4,7432,OK,OK,OK
2026-08-15T13:37:03.873731Z,2380,247.5,7432,OK,OK,OK
2026-08-15T13:37:09.333818Z,2386,247.6,7432,OK,OK,OK
2026-08-15T13:37:14.869679Z,2406,247.7,7432,OK,OK,OK
2026-08-15T13:37:20.379308Z,2397,247.7,7432,OK,OK,OK
2026-08-15T13:37:25.888922Z,3755,247.0,7432,OK,OK,OK
2026-08-15T13:37:31.402642Z,3864,247.0,7432,OK,OK,OK
2026-08-15T13:37:36.901013Z,3880,247.0,7432,OK,OK,OK
2026-08-15T13:37:42.373482Z,3853,246.9,7432,OK,OK,OK
2026-08-15T13:37:47.905851Z,3852,247.0,7432,OK,OK,OK
2026-08-15T13:37:53.421470Z,3863,246.9,7432,OK,OK,OK
2026-08-15T13:37:58.951456Z,3894,246.9,7432,OK,OK,OK
2026-08-15T13:38:04.452480Z,3965,247.1,7432,OK,OK,OK
2026-08-15T13:38:09.944863Z,3960,246.9,7432,OK,OK,OK
2026-08-15T13:38:15.483153Z,3969,247.0,7432,OK,OK,OK
2026-08-15T13:38:20.990557Z,3981,246.7,7432,OK,OK,OK
2026-08-15T13:38:26.484661Z,3962,246.7,7432,OK,OK,OK
2026-08-15T13:38:31.977545Z,3956,246.7,7432,OK,OK,OK
2026-08-15T13:38:37.432214Z,3958,246.7,7432,OK,OK,OK
2026-08-15T13:38:42.930927Z,3968,246.7,7432,OK,OK,OK
2026-08-15T13:38:48.411880Z,3965,247.0,7432,OK,OK,OK
2026-08-15T13:38:53.896368Z,3964,247.0,7432,OK,OK,OK
2026-08-15T13:38:59.429666Z,3974,247.0,7432,OK,OK,OK
2026-08-15T13:39:04.911921Z,3968,246.7,7432,OK,OK,OK
2026-08-15T13:39:10.424417Z,3964,246.7,7432,OK,OK,OK
2026-08-15T13:39:15.964582Z,3969,246.9,7432,OK,OK,OK
2026-08-15T13:39:21.463912Z,3972,246.9,7432,OK,OK,OK
2026-08-15T13:39:26.991659Z,3953,246.9,7432,OK,OK,OK
2026-08-15T13:39:32.530949Z,3994,246.9,7432,OK,OK,OK
2026-08-15T13:39:38.039892Z,3967,246.9,7432,OK,OK,OK
2026-08-15T13:39:43.508642Z,3970,247.0,7432,OK,OK,OK
2026-08-15T13:39:49.059355Z,3952,247.1,7432,OK,OK,OK
2026-08-15T13:39:54.566204Z,3948,246.9,7432,OK,OK,OK
2026-08-15T13:40:00.091150Z,3960,247.1,7432,OK,OK,OK
2026-08-15T13:40:05.627056Z,3974,246.8,7432,OK,OK,OK
2026-08-15T13:40:11.134514Z,3966,246.8,7432,OK,OK,OK
2026-08-15T13:40:16.626665Z,3973,246.8,7432,OK,OK,OK
2026-08-15T13:40:22.123511Z,3973,246.8,7432,OK,OK,OK
2026-08-15T13:40:27.603372Z,4094,246.8,7432,OK,OK,OK
2026-08-15T13:40:33.150171Z,4089,246.9,7432,OK,OK,OK
2026-08-15T13:40:38.668754Z,4160,246.9,7432,OK,OK,OK
2026-08-15T13:40:44.185445Z,4203,246.9,7432,OK,OK,OK
2026-08-15T13:40:49.685965Z,4236,246.7,7432,OK,OK,OK
2026-08-15T13:40:55.265846Z,4315,246.8,7432,OK,OK,OK
2026-08-15T13:41:00.724248Z,4286,246.8,7432,OK,OK,OK
2026-08-15T13:41:06.221658Z,4289,246.8,7432,OK,OK,OK
2026-08-15T13:41:11.713447Z,4299,246.9,7432,OK,OK,OK
2026-08-15T13:41:17.274959Z,4310,247.0,7432,OK,OK,OK
2026-08-15T13:41:22.809416Z,4321,246.9,7432,OK,OK,OK
2026-08-15T13:41:28.329969Z,4326,246.8,7432,OK,OK,OK
2026-08-15T13:41:33.835099Z,4332,247.0,7432,OK,OK,OK
2026-08-15T13:41:39.399575Z,4336,247.0,7432,OK,OK,OK
2026-08-15T13:41:44.902728Z,4328,247.0,7432,OK,OK,OK
2026-08-15T13:41:50.422586Z,4309,246.9,7432,OK,OK,OK
2026-08-15T13:41:55.966534Z,4331,247.0,7432,OK,OK,OK
2026-08-15T13:42:01.475434Z,4313,246.9,7432,OK,OK,OK
2026-08-15T13:42:06.984932Z,4314,246.9,7432,OK,OK,OK
2026-08-15T13:42:12.503816Z,4243,246.9,7432,OK,OK,OK
2026-08-15T13:42:18.027230Z,4155,246.9,7432,OK,OK,OK
2026-08-15T13:42:23.501557Z,4154,247.0,7432,OK,OK,OK
2026-08-15T13:42:28.983022Z,4154,247.2,7432,OK,OK,OK
2026-08-15T13:42:34.494951Z,4162,247.2,7432,OK,OK,OK
2026-08-15T13:42:39.964940Z,4161,247.2,7432,OK,OK,OK
2026-08-15T13:42:45.493471Z,4114,247.2,7432,OK,OK,OK
2026-08-15T13:42:50.955988Z,4122,247.2,7432,OK,OK,OK
2026-08-15T13:42:56.472905Z,4125,247.2,7432,OK,OK,OK
2026-08-15T13:43:01.952372Z,4153,247.2,7432,OK,OK,OK
2026-08-15T13:43:07.460302Z,2604,247.8,7432,OK,OK,OK
2026-08-15T13:43:12.980310Z,2602,247.8,7432,OK,OK,OK
2026-08-15T13:43:18.475624Z,2611,247.8,7432,OK,OK,OK
2026-08-15T13:43:24.008587Z,2600,247.8,7432,OK,OK,OK
2026-08-15T13:43:29.529404Z,2624,247.5,7432,OK,OK,OK
2026-08-15T13:43:35.021247Z,2601,247.5,7432,OK,OK,OK
2026-08-15T13:43:40.522194Z,2605,247.0,7432,OK,OK,OK
2026-08-15T13:43:46.002804Z,2599,247.0,7432,OK,OK,OK
2026-08-15T13:43:51.509340Z,2609,247.0,7432,OK,OK,OK
2026-08-15T13:43:57.050874Z,2599,246.9,7432,OK,OK,OK
2026-08-15T13:44:02.597153Z,2599,246.8,7432,OK,OK,OK
2026-08-15T13:44:08.136936Z,2608,246.7,7432,OK,OK,OK
2026-08-15T13:44:13.642676Z,2602,246.8,7432,OK,OK,OK
2026-08-15T13:44:19.134813Z,2590,246.4,7432,OK,OK,OK
2026-08-15T13:44:24.634012Z,2584,246.9,7432,OK,OK,OK
2026-08-15T13:44:30.147956Z,2593,246.8,7432,OK,OK,OK
2026-08-15T13:44:35.668054Z,2601,246.9,7432,OK,OK,OK
2026-08-15T13:44:41.159500Z,2591,246.9,7432,OK,OK,OK
2026-08-15T13:44:46.682308Z,2594,246.9,7432,OK,OK,OK
2026-08-15T13:44:52.171681Z,2608,246.9,7432,OK,OK,OK
2026-08-15T13:44:57.653394Z,2594,246.9,7432,OK,OK,OK
2026-08-15T13:45:03.176847Z,2597,246.9,7432,OK,OK,OK
2026-08-15T13:45:08.705201Z,2600,246.9,8069,OK,OK,OK
2026-08-15T13:45:14.198449Z,2599,247.0,8069,OK,OK,OK
2026-08-15T13:45:19.695200Z,2597,247.3,8069,OK,OK,OK
2026-08-15T13:45:25.201591Z,2605,247.4,8069,OK,OK,OK
2026-08-15T13:45:30.676559Z,2600,247.4,8069,OK,OK,OK
2026-08-15T13:45:36.201679Z,2584,247.4,8069,OK,OK,OK
2026-08-15T13:45:41.740193Z,2588,247.4,8069,OK,OK,OK
2026-08-15T13:45:47.267329Z,2596,247.4,8069,OK,OK,OK
2026-08-15T13:45:52.733691Z,2600,247.4,8069,OK,OK,OK
2026-08-15T13:45:58.234991Z,2597,247.5,8069,OK,OK,OK
2026-08-15T13:46:03.747759Z,2622,247.5,8069,OK,OK,OK
2026-08-15T13:46:09.309502Z,2624,247.2,8069,OK,OK,OK
2026-08-15T13:46:14.803456Z,2616,247.3,8069,OK,OK,OK
2026-08-15T13:46:20.324329Z,2601,247.2,8069,OK,OK,OK
2026-08-15T13:46:25.853920Z,2606,247.2,8069,OK,OK,OK
2026-08-15T13:46:31.403219Z,2631,247.3,8069,OK,OK,OK
2026-08-15T13:46:36.890259Z,2630,247.4,8069,OK,OK,OK
2026-08-15T13:46:42.389517Z,2630,247.4,8069,OK,OK,OK
2026-08-15T13:46:47.903217Z,2660,247.4,8069,OK,OK,OK
2026-08-15T13:46:53.372205Z,2631,247.4,8069,OK,OK,OK
2026-08-15T13:46:58.853725Z,2633,247.5,8069,OK,OK,OK
2026-08-15T13:47:04.391600Z,2632,247.4,8069,OK,OK,OK
2026-08-15T13:47:09.911156Z,2635,247.4,8069,OK,OK,OK
2026-08-15T13:47:15.428286Z,2632,247.4,8069,OK,OK,OK
2026-08-15T13:47:20.921642Z,2684,247.3,8069,OK,OK,OK
2026-08-15T13:47:26.424301Z,2632,247.4,8069,OK,OK,OK
2026-08-15T13:47:31.914270Z,2639,247.4,8069,OK,OK,OK
2026-08-15T13:47:37.438384Z,2640,247.4,8069,OK,OK,OK
2026-08-15T13:47:42.903494Z,2634,247.4,8069,OK,OK,OK
2026-08-15T13:47:48.441478Z,2637,247.4,8069,OK,OK,OK
2026-08-15T13:47:53.915792Z,2640,247.4,8069,OK,OK,OK
2026-08-15T13:47:59.402427Z,2648,247.6,8069,OK,OK,OK
2026-08-15T13:48:04.910664Z,2638,247.6,8069,OK,OK,OK
2026-08-15T13:48:10.449711Z,2641,247.5,8069,OK,OK,OK
2026-08-15T13:48:15.956214Z,2638,247.4,8069,OK,OK,OK
2026-08-15T13:48:21.481632Z,2636,247.5,8069,OK,OK,OK
2026-08-15T13:48:26.984181Z,2625,247.3,8069,OK,OK,OK
2026-08-15T13:48:32.498067Z,2485,247.3,8069,OK,OK,OK
2026-08-15T13:48:37.981109Z,2492,247.3,8069,OK,OK,OK
2026-08-15T13:48:43.483372Z,2488,247.4,8069,OK,OK,OK
2026-08-15T13:48:49.000396Z,2496,247.4,8069,OK,OK,OK
2026-08-15T13:48:54.526392Z,2496,247.3,8069,OK,OK,OK
2026-08-15T13:48:59.974885Z,2478,247.5,8069,OK,OK,OK
2026-08-15T13:49:05.472281Z,2482,247.5,8069,OK,OK,OK
2026-08-15T13:49:10.973905Z,2480,247.5,8069,OK,OK,OK
2026-08-15T13:49:16.508013Z,2480,247.5,8069,OK,OK,OK
2026-08-15T13:49:22.004559Z,2477,247.5,8069,OK,OK,OK
2026-08-15T13:49:27.519333Z,2478,247.5,8069,OK,OK,OK
2026-08-15T13:49:33.011802Z,2482,247.5,8069,OK,OK,OK
2026-08-15T13:49:38.494272Z,2496,247.5,8069,OK,OK,OK
2026-08-15T13:49:44.008956Z,2527,247.4,8069,OK,OK,OK
2026-08-15T13:49:49.502392Z,2503,247.4,8069,OK,OK,OK
2026-08-15T13:49:54.999675Z,2504,247.5,8069,OK,OK,OK
2026-08-15T13:50:00.495991Z,2493,247.5,8069,OK,OK,OK
2026-08-15T13:50:05.985517Z,2505,247.4,8069,OK,OK,OK
2026-08-15T13:50:11.479721Z,2476,247.4,8069,OK,OK,OK
2026-08-15T13:50:16.965952Z,2482,247.4,8069,OK,OK,OK
2026-08-15T13:50:22.436025Z,2475,247.4,8069,OK,OK,OK
2026-08-15T13:50:27.951146Z,2474,247.4,8069,OK,OK,OK
2026-08-15T13:50:33.423497Z,2482,247.4,8069,OK,OK,OK
2026-08-15T13:50:38.954488Z,2474,247.4,8069,OK,OK,OK
2026-08-15T13:50:44.436056Z,2461,247.5,8069,OK,OK,OK
2026-08-15T13:50:49.946819Z,2468,247.4,8069,OK,OK,OK
2026-08-15T13:50:55.433853Z,2511,247.5,8069,OK,OK,OK
2026-08-15T13:51:00.967676Z,2468,247.4,8069,OK,OK,OK
2026-08-15T13:51:06.455237Z,2472,247.4,8069,OK,OK,OK
2026-08-15T13:51:11.978345Z,2472,247.4,8069,OK,OK,OK
2026-08-15T13:51:17.478273Z,2468,247.3,8069,OK,OK,OK
2026-08-15T13:51:22.959687Z,2493,247.2,8069,OK,OK,OK
2026-08-15T13:51:28.512212Z,2484,247.3,8069,OK,OK,OK
2026-08-15T13:51:34.013400Z,2476,247.3,8069,OK,OK,OK
2026-08-15T13:51:39.535497Z,2484,247.2,8069,OK,OK,OK
2026-08-15T13:51:45.041345Z,2478,247.5,8069,OK,OK,OK
2026-08-15T13:51:50.567648Z,2470,247.4,8069,OK,OK,OK
2026-08-15T13:51:56.092519Z,2468,247.5,8069,OK,OK,OK
2026-08-15T13:52:01.602257Z,2463,247.5,8069,OK,OK,OK
2026-08-15T13:52:07.122505Z,2454,247.3,8069,OK,OK,OK
2026-08-15T13:52:12.608892Z,2466,247.4,8069,OK,OK,OK
2026-08-15T13:52:18.135975Z,2451,247.4,8069,OK,OK,OK
2026-08-15T13:52:23.626909Z,2458,247.3,8069,OK,OK,OK
2026-08-15T13:52:29.094750Z,2453,247.5,8069,OK,OK,OK
2026-08-15T13:52:34.628039Z,2467,247.5,8069,OK,OK,OK
2026-08-15T13:52:40.127037Z,2467,247.3,8069,OK,OK,OK
2026-08-15T13:52:45.603164Z,2467,247.3,8069,OK,OK,OK
2026-08-15T13:52:51.132183Z,2471,247.5,8069,OK,OK,OK
2026-08-15T13:52:56.669809Z,2481,247.4,8069,OK,OK,OK
2026-08-15T13:53:02.192237Z,2469,247.5,8069,OK,OK,OK
2026-08-15T13:53:07.703880Z,2476,247.4,8069,OK,OK,OK
2026-08-15T13:53:13.204508Z,2474,247.5,8069,OK,OK,OK
2026-08-15T13:53:18.727422Z,2478,247.5,8069,OK,OK,OK
2026-08-15T13:53:24.200753Z,2474,247.5,8069,OK,OK,OK
2026-08-15T13:53:29.703370Z,2474,247.5,8069,OK,OK,OK
2026-08-15T13:53:35.183710Z,2474,247.5,8069,OK,OK,OK
2026-08-15T13:53:40.697761Z,2469,247.3,8069,OK,OK,OK
2026-08-15T13:53:46.231258Z,2470,247.5,8069,OK,OK,OK
2026-08-15T13:53:51.735141Z,2471,247.3,8069,OK,OK,OK
2026-08-15T13:53:57.224680Z,2467,247.4,8069,OK,OK,OK
2026-08-15T13:54:02.730044Z,2467,247.5,8069,OK,OK,OK
2026-08-15T13:54:08.202307Z,2468,247.3,8069,OK,OK,OK
2026-08-15T13:54:13.684822Z,2464,247.3,8069,OK,OK,OK
2026-08-15T13:54:19.181175Z,2472,247.5,8069,OK,OK,OK
2026-08-15T13:54:24.695877Z,2477,247.5,8069,OK,OK,OK
2026-08-15T13:54:30.162762Z,2459,247.5,8069,OK,OK,OK
2026-08-15T13:54:35.613568Z,2467,247.5,8069,OK,OK,OK
2026-08-15T13:54:41.706291Z,2461,247.5,8069,OK,OK,OK
2026-08-15T13:54:47.221427Z,2456,247.5,8069,OK,OK,OK
2026-08-15T13:54:52.753493Z,2450,247.4,8069,OK,OK,OK
2026-08-15T13:54:58.250775Z,2473,247.3,8069,OK,OK,OK
2026-08-15T13:55:03.731088Z,2451,247.3,8069,OK,OK,OK
2026-08-15T13:55:09.265683Z,2466,247.4,8069,OK,OK,OK
2026-08-15T13:55:14.740446Z,2498,247.4,8069,OK,OK,OK
2026-08-15T13:55:20.219528Z,2468,247.5,8069,OK,OK,OK
2026-08-15T13:55:25.718464Z,2470,247.6,8069,OK,OK,OK
2026-08-15T13:55:31.230716Z,2476,247.4,8069,OK,OK,OK
2026-08-15T13:55:36.761459Z,2470,247.5,8069,OK,OK,OK
2026-08-15T13:55:42.269450Z,2478,247.5,8069,OK,OK,OK
2026-08-15T13:55:47.791179Z,2476,247.3,8069,OK,OK,OK
2026-08-15T13:55:53.273082Z,2498,247.5,8069,OK,OK,OK
2026-08-15T13:55:58.786759Z,2668,247.5,8069,OK,OK,OK
2026-08-15T13:56:04.327601Z,2629,247.5,8069,OK,OK,OK
2026-08-15T13:56:09.845724Z,2715,247.4,8069,OK,OK,OK
2026-08-15T13:56:15.379383Z,2728,247.4,8069,OK,OK,OK
2026-08-15T13:56:20.890024Z,2747,247.5,8069,OK,OK,OK
2026-08-15T13:56:26.443860Z,2782,247.5,8069,OK,OK,OK
2026-08-15T13:56:31.950852Z,2778,247.5,8069,OK,OK,OK
2026-08-15T13:56:37.469987Z,2801,247.5,8069,OK,OK,OK
2026-08-15T13:56:42.962329Z,2822,247.4,8069,OK,OK,OK
2026-08-15T13:56:48.502963Z,2830,247.4,8069,OK,OK,OK
2026-08-15T13:56:54.016898Z,2845,247.4,8069,OK,OK,OK
2026-08-15T13:56:59.490266Z,2833,247.4,8069,OK,OK,OK
2026-08-15T13:57:04.999438Z,2856,247.3,8069,OK,OK,OK
2026-08-15T13:57:10.506705Z,2861,247.3,8069,OK,OK,OK
2026-08-15T13:57:15.983484Z,2851,247.5,8069,OK,OK,OK
2026-08-15T13:57:21.466984Z,2841,247.3,8069,OK,OK,OK
2026-08-15T13:57:27.001678Z,2836,247.5,8069,OK,OK,OK
2026-08-15T13:57:32.503260Z,2831,247.5,8069,OK,OK,OK
2026-08-15T13:57:37.976099Z,2778,247.8,8069,OK,OK,OK
2026-08-15T13:57:43.467321Z,2702,247.8,8069,OK,OK,OK
2026-08-15T13:57:48.985362Z,2662,247.9,8069,OK,OK,OK
2026-08-15T13:57:54.470469Z,2660,247.9,8069,OK,OK,OK
2026-08-15T13:57:59.951049Z,2653,248.0,8069,OK,OK,OK
2026-08-15T13:58:05.452148Z,2655,248.0,8069,OK,OK,OK
2026-08-15T13:58:10.953290Z,2647,248.0,8069,OK,OK,OK
2026-08-15T13:58:16.449614Z,2652,248.0,8069,OK,OK,OK
2026-08-15T13:58:21.981799Z,2643,248.0,8069,OK,OK,OK
2026-08-15T13:58:27.510757Z,2640,247.9,8069,OK,OK,OK
2026-08-15T13:58:32.974257Z,2620,247.9,8069,OK,OK,OK
2026-08-15T13:58:38.468456Z,2617,248.0,8069,OK,OK,OK
2026-08-15T13:58:43.980034Z,2685,248.0,8069,OK,OK,OK
2026-08-15T13:58:55.477052Z,2630,247.9,8069,OK,OK,OK
2026-08-15T13:59:00.986279Z,2622,247.9,8069,OK,OK,OK
2026-08-15T13:59:06.489373Z,2636,247.9,8069,OK,OK,OK
2026-08-15T13:59:11.947955Z,2630,247.9,8069,OK,OK,OK
2026-08-15T13:59:17.451441Z,2642,247.9,8069,OK,OK,OK
2026-08-15T13:59:22.907587Z,2645,247.9,8069,OK,OK,OK
2026-08-15T13:59:28.427277Z,2639,247.9,8069,OK,OK,OK
2026-08-15T13:59:33.899985Z,2676,247.9,8069,OK,OK,OK
2026-08-15T13:59:39.387396Z,2648,247.9,8069,OK,OK,OK
2026-08-15T13:59:44.895570Z,2679,247.9,8069,OK,OK,OK
2026-08-15T13:59:50.362257Z,2629,247.8,8069,OK,OK,OK
2026-08-15T13:59:55.844419Z,2550,247.8,8069,OK,OK,OK
2026-08-15T14:00:01.343362Z,2553,247.9,8069,OK,OK,OK
2026-08-15T14:00:06.857425Z,2558,247.8,8069,OK,OK,OK
2026-08-15T14:00:12.348077Z,2535,247.8,8069,OK,OK,OK
2026-08-15T14:00:17.894457Z,2546,247.7,8069,OK,OK,OK
2026-08-15T14:00:23.427050Z,2557,247.8,8069,OK,OK,OK
2026-08-15T14:00:28.916736Z,2576,247.8,8886,OK,OK,OK
2026-08-15T14:00:34.399230Z,2591,247.8,8886,OK,OK,OK
2026-08-15T14:00:39.919491Z,2604,247.8,8886,OK,OK,OK
2026-08-15T14:00:45.392280Z,2709,247.6,8886,OK,OK,OK
2026-08-15T14:00:50.878919Z,2713,247.7,8886,OK,OK,OK
2026-08-15T14:00:56.403796Z,2735,247.7,8886,OK,OK,OK
2026-08-15T14:01:01.886728Z,2725,247.7,8886,OK,OK,OK
2026-08-15T14:01:07.368749Z,2698,247.7,8886,OK,OK,OK
2026-08-15T14:01:12.870898Z,2726,247.7,8886,OK,OK,OK
2026-08-15T14:01:18.351387Z,2712,247.7,8886,OK,OK,OK
2026-08-15T14:01:23.866419Z,2722,247.7,8886,OK,OK,OK
2026-08-15T14:01:29.368578Z,2735,247.6,8886,OK,OK,OK
2026-08-15T14:01:34.900432Z,2715,247.7,8886,OK,OK,OK
2026-08-15T14:01:40.396700Z,2729,247.6,8886,OK,OK,OK
2026-08-15T14:01:45.872681Z,2746,247.7,8886,OK,OK,OK
2026-08-15T14:01:51.338983Z,2782,247.8,8886,OK,OK,OK
2026-08-15T14:01:56.825350Z,2721,247.7,8886,OK,OK,OK
2026-08-15T14:02:02.311836Z,2711,247.6,8886,OK,OK,OK
2026-08-15T14:02:07.841214Z,2704,247.6,8886,OK,OK,OK
2026-08-15T14:02:13.314509Z,2778,247.7,8886,OK,OK,OK
2026-08-15T14:02:18.811905Z,2999,247.6,8886,OK,OK,OK
2026-08-15T14:02:24.310427Z,2950,247.7,8886,OK,OK,OK
2026-08-15T14:02:29.783315Z,3614,247.4,8886,OK,OK,OK
2026-08-15T14:02:35.278803Z,2778,248.0,8886,OK,OK,OK
2026-08-15T14:02:40.779052Z,2730,248.0,8886,OK,OK,OK
2026-08-15T14:02:46.258530Z,2729,247.9,8886,OK,OK,OK
2026-08-15T14:02:51.779674Z,2742,247.9,8886,OK,OK,OK
2026-08-15T14:02:57.289384Z,2731,247.9,8886,OK,OK,OK
2026-08-15T14:03:02.787327Z,2733,247.8,8886,OK,OK,OK
2026-08-15T14:03:08.333266Z,2627,247.9,8886,OK,OK,OK
2026-08-15T14:03:13.826084Z,2624,247.8,8886,OK,OK,OK
2026-08-15T14:03:19.361463Z,2616,247.7,8886,OK,OK,OK
2026-08-15T14:03:24.838794Z,2614,247.6,8886,OK,OK,OK
2026-08-15T14:03:30.342807Z,2618,247.9,8886,OK,OK,OK
2026-08-15T14:03:35.878081Z,2742,247.7,8886,OK,OK,OK
2026-08-15T14:03:41.406278Z,2724,247.6,8886,OK,OK,OK
2026-08-15T14:03:46.923816Z,2728,247.6,8886,OK,OK,OK
2026-08-15T14:03:52.465714Z,2736,247.6,8886,OK,OK,OK
2026-08-15T14:03:57.967603Z,2728,247.6,8886,OK,OK,OK
2026-08-15T14:04:03.492587Z,2745,247.8,8886,OK,OK,OK
2026-08-15T14:04:08.990054Z,2830,247.7,8886,OK,OK,OK
2026-08-15T14:04:14.502553Z,2737,247.7,8886,OK,OK,OK
2026-08-15T14:04:20.021128Z,2743,247.8,8886,OK,OK,OK
2026-08-15T14:04:25.563380Z,2749,247.8,8886,OK,OK,OK
2026-08-15T14:04:31.045261Z,2750,247.8,8886,OK,OK,OK
2026-08-15T14:04:39.509754Z,2750,247.8,8886,OK,OK,OK
2026-08-15T14:04:45.023445Z,2762,247.7,8886,OK,OK,OK
2026-08-15T14:04:50.527668Z,2765,247.8,8886,OK,OK,OK
2026-08-15T14:04:56.017564Z,2761,247.9,8886,OK,OK,OK
2026-08-15T14:05:01.496706Z,2780,247.9,8886,OK,OK,OK
2026-08-15T14:05:08.241544Z,2755,247.9,8886,OK,OK,OK
2026-08-15T14:05:13.758193Z,2746,247.9,8886,OK,OK,OK
2026-08-15T14:05:19.278844Z,2763,247.7,8886,OK,OK,OK
2026-08-15T14:05:24.779924Z,2774,247.6,8886,OK,OK,OK
2026-08-15T14:05:30.309855Z,2775,247.8,8886,OK,OK,OK
2026-08-15T14:05:35.841328Z,2751,247.8,8886,OK,OK,OK
2026-08-15T14:05:41.317063Z,2739,247.8,8886,OK,OK,OK
2026-08-15T14:05:46.781363Z,3082,247.6,8886,OK,OK,OK
2026-08-15T14:05:52.258457Z,3067,247.7,8886,OK,OK,OK
2026-08-15T14:05:57.756024Z,2770,247.9,8886,OK,OK,OK
2026-08-15T14:06:03.246238Z,3402,247.5,8886,OK,OK,OK
2026-08-15T14:06:08.740836Z,3058,247.6,8886,OK,OK,OK
2026-08-15T14:06:14.256872Z,3035,247.7,8886,OK,OK,OK
2026-08-15T14:06:19.774875Z,2782,247.8,8886,OK,OK,OK
2026-08-15T14:06:25.292278Z,2788,247.5,8886,OK,OK,OK
2026-08-15T14:06:30.796601Z,3082,247.4,8886,OK,OK,OK
2026-08-15T14:06:36.296322Z,3054,247.4,8886,OK,OK,OK
2026-08-15T14:06:41.781637Z,2782,247.6,8886,OK,OK,OK
2026-08-15T14:06:47.245345Z,2722,247.5,8886,OK,OK,OK
2026-08-15T14:06:52.746548Z,3056,247.5,8886,OK,OK,OK
2026-08-15T14:06:58.294766Z,3059,247.5,8886,OK,OK,OK
2026-08-15T14:07:03.787718Z,2983,247.8,8886,OK,OK,OK
2026-08-15T14:07:09.307174Z,2764,248.0,8886,OK,OK,OK
2026-08-15T14:07:14.868222Z,3056,247.9,8886,OK,OK,OK
2026-08-15T14:07:20.393756Z,3064,247.8,8886,OK,OK,OK
2026-08-15T14:07:25.895152Z,2836,247.9,8886,OK,OK,OK
2026-08-15T14:07:31.414474Z,2742,248.0,8886,OK,OK,OK
2026-08-15T14:07:36.945576Z,3061,248.0,8886,OK,OK,OK
2026-08-15T14:07:42.404238Z,3082,248.0,8886,OK,OK,OK
2026-08-15T14:07:47.871743Z,3059,247.8,8886,OK,OK,OK
2026-08-15T14:07:53.365214Z,2753,248.0,8886,OK,OK,OK
2026-08-15T14:07:58.865878Z,3078,247.9,8886,OK,OK,OK
2026-08-15T14:08:04.365488Z,3071,247.8,8886,OK,OK,OK
2026-08-15T14:08:09.881935Z,3080,247.8,8886,OK,OK,OK
2026-08-15T14:08:15.427866Z,2766,247.9,8886,OK,OK,OK
2026-08-15T14:08:20.927435Z,3114,247.8,8886,OK,OK,OK
2026-08-15T14:08:26.458504Z,3076,247.8,8886,OK,OK,OK
2026-08-15T14:08:31.972527Z,3078,247.9,8886,OK,OK,OK
2026-08-15T14:08:37.473837Z,2778,248.7,8886,OK,OK,OK
2026-08-15T14:08:42.993527Z,3093,248.6,8886,OK,OK,OK
2026-08-15T14:08:48.516588Z,3101,248.7,8886,OK,OK,OK
2026-08-15T14:08:53.991172Z,3109,248.6,8886,OK,OK,OK
2026-08-15T14:08:59.508416Z,2782,248.7,8886,OK,OK,OK
2026-08-15T14:09:05.028054Z,3146,248.6,8886,OK,OK,OK
2026-08-15T14:09:10.481962Z,3083,248.6,8886,OK,OK,OK
2026-08-15T14:09:15.980206Z,3078,248.6,8886,OK,OK,OK
2026-08-15T14:09:21.492573Z,2792,248.7,8886,OK,OK,OK
2026-08-15T14:09:26.971175Z,3443,248.4,8886,OK,OK,OK
2026-08-15T14:09:32.457588Z,3114,248.5,8886,OK,OK,OK
2026-08-15T14:09:37.960578Z,3130,248.6,8886,OK,OK,OK
2026-08-15T14:09:43.486617Z,2810,248.7,8886,OK,OK,OK
2026-08-15T14:09:48.990639Z,3336,248.4,8886,OK,OK,OK
2026-08-15T14:09:54.505518Z,3103,248.6,8886,OK,OK,OK
2026-08-15T14:10:00.033201Z,3130,248.6,8886,OK,OK,OK
2026-08-15T14:10:05.558952Z,2832,248.7,8886,OK,OK,OK
2026-08-15T14:10:11.079463Z,2790,248.7,8886,OK,OK,OK
2026-08-15T14:10:16.571147Z,3140,248.5,8886,OK,OK,OK
2026-08-15T14:10:22.071580Z,3002,248.7,8886,OK,OK,OK
2026-08-15T14:10:27.584036Z,2703,248.6,8886,OK,OK,OK
2026-08-15T14:10:33.049870Z,2649,248.7,8886,OK,OK,OK
2026-08-15T14:10:38.618469Z,2649,248.7,8886,OK,OK,OK
2026-08-15T14:10:44.097882Z,2680,248.7,8886,OK,OK,OK
2026-08-15T14:10:49.628511Z,2990,248.6,8886,OK,OK,OK
2026-08-15T14:10:55.130747Z,2988,248.6,8886,OK,OK,OK
2026-08-15T14:11:00.660798Z,2653,248.8,8886,OK,OK,OK
2026-08-15T14:11:06.152379Z,2651,248.8,8886,OK,OK,OK
2026-08-15T14:11:11.650482Z,3014,248.7,8886,OK,OK,OK
2026-08-15T14:11:17.161349Z,2979,248.7,8886,OK,OK,OK
2026-08-15T14:11:22.631367Z,2671,248.7,8886,OK,OK,OK
2026-08-15T14:11:28.112745Z,2661,248.7,8886,OK,OK,OK
2026-08-15T14:11:33.633080Z,3307,248.7,8886,OK,OK,OK
2026-08-15T14:11:39.126068Z,2581,245.4,8886,OK,OK,OK
2026-08-15T14:11:44.641435Z,2658,248.5,8886,OK,OK,OK
2026-08-15T14:11:50.144800Z,2975,248.3,8886,OK,OK,OK
2026-08-15T14:11:55.622410Z,2960,248.3,8886,OK,OK,OK
2026-08-15T14:12:01.139027Z,2637,248.5,8886,OK,OK,OK
2026-08-15T14:12:06.614896Z,2635,248.4,8886,OK,OK,OK
2026-08-15T14:12:12.098351Z,3051,248.2,8886,OK,OK,OK
2026-08-15T14:12:17.613961Z,2968,248.2,8886,OK,OK,OK
2026-08-15T14:12:23.129195Z,2677,248.5,8886,OK,OK,OK
2026-08-15T14:12:28.650545Z,2634,248.5,8886,OK,OK,OK
2026-08-15T14:12:34.163107Z,3080,248.4,8886,OK,OK,OK
2026-08-15T14:12:39.689675Z,2635,248.5,8886,OK,OK,OK
2026-08-15T14:12:45.216386Z,2648,248.5,8886,OK,OK,OK
2026-08-15T14:12:50.710769Z,2638,248.5,8886,OK,OK,OK
2026-08-15T14:12:56.178060Z,2659,248.4,8886,OK,OK,OK
2026-08-15T14:13:01.716619Z,2694,248.4,8886,OK,OK,OK
2026-08-15T14:13:07.234419Z,2715,248.5,8886,OK,OK,OK
2026-08-15T14:13:12.738422Z,2703,248.5,8886,OK,OK,OK
2026-08-15T14:13:18.232037Z,2702,248.4,8886,OK,OK,OK
2026-08-15T14:13:23.770405Z,2704,248.5,8886,OK,OK,OK
2026-08-15T14:13:29.290803Z,2703,248.4,8886,OK,OK,OK
2026-08-15T14:13:34.776393Z,2702,248.4,8886,OK,OK,OK
2026-08-15T14:13:40.229496Z,2704,248.4,8886,OK,OK,OK
2026-08-15T14:13:45.762089Z,2692,248.4,8886,OK,OK,OK
2026-08-15T14:13:51.256072Z,2709,248.4,8886,OK,OK,OK
2026-08-15T14:13:56.778791Z,2687,248.4,8886,OK,OK,OK
2026-08-15T14:14:02.283814Z,2705,248.5,8886,OK,OK,OK
2026-08-15T14:14:07.814520Z,2692,248.5,8886,OK,OK,OK
2026-08-15T14:14:13.293110Z,2678,248.5,8886,OK,OK,OK
2026-08-15T14:14:18.797874Z,2673,248.4,8886,OK,OK,OK
2026-08-15T14:14:24.305366Z,2674,248.4,8886,OK,OK,OK
2026-08-15T14:14:29.789242Z,2672,248.4,8886,OK,OK,OK
2026-08-15T14:14:35.317741Z,2662,248.4,8886,OK,OK,OK
2026-08-15T14:14:40.806713Z,2672,248.5,8886,OK,OK,OK
2026-08-15T14:14:46.282129Z,2654,248.5,8886,OK,OK,OK
2026-08-15T14:14:51.788285Z,2671,248.6,8886,OK,OK,OK
2026-08-15T14:14:57.321517Z,2669,248.7,8886,OK,OK,OK
2026-08-15T14:15:02.792867Z,4264,247.9,8886,OK,OK,OK
2026-08-15T14:15:08.333341Z,5123,247.5,8886,OK,OK,OK
2026-08-15T14:15:13.854652Z,4583,247.8,8886,OK,OK,OK
2026-08-15T14:15:19.380852Z,4513,247.7,8886,OK,OK,OK
2026-08-15T14:15:24.894375Z,4453,247.9,8886,OK,OK,OK
2026-08-15T14:15:30.398579Z,4417,247.9,8886,OK,OK,OK
2026-08-15T14:15:35.923850Z,4381,248.0,8886,OK,OK,OK
2026-08-15T14:15:41.396528Z,4391,247.9,8886,OK,OK,OK
2026-08-15T14:15:46.908620Z,4378,247.9,10005,OK,OK,OK
2026-08-15T14:15:52.448132Z,5024,247.7,10005,OK,OK,OK
2026-08-15T14:15:57.949596Z,5010,247.6,10005,OK,OK,OK
2026-08-15T14:16:03.454947Z,4147,248.0,10005,OK,OK,OK
2026-08-15T14:16:08.961685Z,4146,248.0,10005,OK,OK,OK
2026-08-15T14:16:14.473244Z,4141,248.0,10005,OK,OK,OK
2026-08-15T14:16:19.972167Z,4154,248.0,10005,OK,OK,OK
2026-08-15T14:16:25.495835Z,4150,247.8,10005,OK,OK,OK
2026-08-15T14:16:31.012984Z,4185,248.0,10005,OK,OK,OK
2026-08-15T14:16:36.498013Z,4241,247.9,10005,OK,OK,OK
2026-08-15T14:16:42.018175Z,5110,247.6,10005,OK,OK,OK
2026-08-15T14:16:47.493729Z,4414,247.8,10005,OK,OK,OK
2026-08-15T14:16:53.018982Z,5063,247.6,10005,OK,OK,OK
2026-08-15T14:16:58.543668Z,4713,247.7,10005,OK,OK,OK
2026-08-15T14:17:04.033752Z,4606,247.8,10005,OK,OK,OK
2026-08-15T14:17:09.538407Z,4598,247.7,10005,OK,OK,OK
2026-08-15T14:17:15.026194Z,4577,247.8,10005,OK,OK,OK
2026-08-15T14:17:20.514053Z,4657,247.7,10005,OK,OK,OK
2026-08-15T14:17:26.006264Z,4688,247.7,10005,OK,OK,OK
2026-08-15T14:17:31.497057Z,4722,247.7,10005,OK,OK,OK
2026-08-15T14:17:37.009783Z,5264,247.5,10005,OK,OK,OK
2026-08-15T14:17:42.496506Z,4973,247.6,10005,OK,OK,OK
2026-08-15T14:17:48.004129Z,4836,247.6,10005,OK,OK,OK
2026-08-15T14:17:53.510009Z,4744,247.6,10005,OK,OK,OK
2026-08-15T14:17:59.028544Z,4774,247.5,10005,OK,OK,OK
2026-08-15T14:18:04.488703Z,4773,247.5,10005,OK,OK,OK
2026-08-15T14:18:09.990141Z,4762,247.6,10005,OK,OK,OK
2026-08-15T14:18:15.500947Z,4708,247.6,10005,OK,OK,OK
2026-08-15T14:18:21.032062Z,4738,247.7,10005,OK,OK,OK
2026-08-15T14:18:26.518285Z,4790,247.6,10005,OK,OK,OK
2026-08-15T14:18:32.028904Z,4796,247.6,10005,OK,OK,OK
2026-08-15T14:18:37.519423Z,4732,247.7,10005,OK,OK,OK
2026-08-15T14:18:42.990445Z,4701,247.7,10005,OK,OK,OK
2026-08-15T14:18:48.522628Z,4496,247.7,10005,OK,OK,OK
2026-08-15T14:18:54.055928Z,4530,247.8,10005,OK,OK,OK
2026-08-15T14:18:59.527296Z,4482,247.7,10005,OK,OK,OK
2026-08-15T14:19:04.997555Z,4486,247.7,10005,OK,OK,OK
2026-08-15T14:19:10.531260Z,4473,247.7,10005,OK,OK,OK
2026-08-15T14:19:16.028365Z,4427,247.7,10005,OK,OK,OK
2026-08-15T14:19:21.537119Z,4439,247.7,10005,OK,OK,OK
2026-08-15T14:19:27.049372Z,4459,247.7,10005,OK,OK,OK
2026-08-15T14:19:32.553918Z,5339,247.4,10005,OK,OK,OK
2026-08-15T14:19:38.084904Z,5275,247.5,10005,OK,OK,OK
2026-08-15T14:19:43.618396Z,4473,247.7,10005,OK,OK,OK
2026-08-15T14:19:49.106350Z,4521,247.8,10005,OK,OK,OK
2026-08-15T14:19:54.633211Z,4506,247.8,10005,OK,OK,OK
2026-08-15T14:20:00.117673Z,4500,247.7,10005,OK,OK,OK
2026-08-15T14:20:05.572310Z,4483,247.6,10005,OK,OK,OK
2026-08-15T14:20:11.109702Z,4453,247.5,10005,OK,OK,OK
2026-08-15T14:20:16.650494Z,4461,247.7,10005,OK,OK,OK
2026-08-15T14:20:22.126926Z,4507,247.4,10005,OK,OK,OK
2026-08-15T14:20:27.593112Z,4503,247.4,10005,OK,OK,OK
2026-08-15T14:20:33.090841Z,4495,247.6,10005,OK,OK,OK
2026-08-15T14:20:38.605046Z,4512,247.5,10005,OK,OK,OK
2026-08-15T14:20:44.094507Z,4506,247.7,10005,OK,OK,OK
2026-08-15T14:20:49.621952Z,5320,247.2,10005,OK,OK,OK
2026-08-15T14:20:55.100586Z,4661,247.5,10005,OK,OK,OK
2026-08-15T14:21:00.621826Z,4709,247.4,10005,OK,OK,OK
2026-08-15T14:21:06.114390Z,4627,247.5,10005,OK,OK,OK
2026-08-15T14:21:11.635284Z,4634,247.5,10005,OK,OK,OK
2026-08-15T14:21:17.110758Z,4580,247.4,10005,OK,OK,OK
2026-08-15T14:21:22.628212Z,4622,247.5,10005,OK,OK,OK
2026-08-15T14:21:28.143371Z,4609,247.4,10005,OK,OK,OK
2026-08-15T14:21:33.664635Z,4620,247.4,10005,OK,OK,OK
2026-08-15T14:21:39.147011Z,4636,247.3,10005,OK,OK,OK
2026-08-15T14:21:44.669034Z,4683,247.3,10005,OK,OK,OK
2026-08-15T14:21:50.144695Z,4682,247.4,10005,OK,OK,OK
2026-08-15T14:21:55.702356Z,4670,247.5,10005,OK,OK,OK
2026-08-15T14:22:01.240554Z,5319,247.2,10005,OK,OK,OK
2026-08-15T14:22:06.748589Z,3128,248.0,10005,OK,OK,OK
2026-08-15T14:22:12.219680Z,2903,248.2,10005,OK,OK,OK
2026-08-15T14:22:17.733504Z,2869,248.2,10005,OK,OK,OK
2026-08-15T14:22:23.252030Z,2925,248.2,10005,OK,OK,OK
2026-08-15T14:22:28.780413Z,2927,248.1,10005,OK,OK,OK
2026-08-15T14:22:34.316131Z,2924,248.1,10005,OK,OK,OK
2026-08-15T14:22:39.823565Z,2890,248.1,10005,OK,OK,OK
2026-08-15T14:22:45.330096Z,3038,248.2,10005,OK,OK,OK
2026-08-15T14:22:50.782319Z,3071,248.1,10005,OK,OK,OK
2026-08-15T14:22:56.264461Z,3076,248.0,10005,OK,OK,OK
2026-08-15T14:23:01.738238Z,3023,248.1,10005,OK,OK,OK
2026-08-15T14:23:07.255902Z,3029,248.2,10005,OK,OK,OK
2026-08-15T14:23:12.753812Z,3049,248.1,10005,OK,OK,OK
2026-08-15T14:23:18.285351Z,3048,248.1,10005,OK,OK,OK
2026-08-15T14:23:23.785133Z,3067,248.1,10005,OK,OK,OK
2026-08-15T14:23:29.282055Z,3105,248.0,10005,OK,OK,OK
2026-08-15T14:23:34.782337Z,3098,248.0,10005,OK,OK,OK
2026-08-15T14:23:40.279236Z,3097,248.0,10005,OK,OK,OK
2026-08-15T14:23:45.800331Z,3725,247.9,10005,OK,OK,OK
2026-08-15T14:23:51.278168Z,3071,248.1,10005,OK,OK,OK
2026-08-15T14:23:56.748190Z,2894,248.2,10005,OK,OK,OK
2026-08-15T14:24:02.311767Z,2955,248.1,10005,OK,OK,OK
2026-08-15T14:24:07.843066Z,2973,248.1,10005,OK,OK,OK
2026-08-15T14:24:13.319225Z,2970,248.1,10005,OK,OK,OK
2026-08-15T14:24:18.804094Z,2962,248.1,10005,OK,OK,OK
2026-08-15T14:24:24.313321Z,2904,248.2,10005,OK,OK,OK
2026-08-15T14:24:29.813761Z,3057,248.1,10005,OK,OK,OK
2026-08-15T14:24:35.328080Z,3088,248.0,10005,OK,OK,OK
2026-08-15T14:24:40.834074Z,3111,248.0,10005,OK,OK,OK
2026-08-15T14:24:46.323806Z,3030,248.2,10005,OK,OK,OK
2026-08-15T14:24:51.900263Z,3006,248.2,10005,OK,OK,OK
2026-08-15T14:24:57.424259Z,3010,248.2,10005,OK,OK,OK
2026-08-15T14:25:02.920847Z,3035,248.1,10005,OK,OK,OK
2026-08-15T14:25:08.434057Z,3065,247.9,10005,OK,OK,OK
2026-08-15T14:25:13.923129Z,3096,248.0,10005,OK,OK,OK
2026-08-15T14:25:19.425033Z,3114,248.1,10005,OK,OK,OK
2026-08-15T14:25:24.961775Z,3093,248.2,10005,OK,OK,OK
2026-08-15T14:25:30.466268Z,3732,247.9,10005,OK,OK,OK
2026-08-15T14:25:36.001556Z,3067,248.2,10005,OK,OK,OK
2026-08-15T14:25:41.496627Z,2957,248.2,10005,OK,OK,OK
2026-08-15T14:25:47.034085Z,2947,248.3,10005,OK,OK,OK
2026-08-15T14:25:52.545872Z,2948,248.1,10005,OK,OK,OK
2026-08-15T14:25:58.006032Z,2927,248.3,10005,OK,OK,OK
2026-08-15T14:26:03.503388Z,2893,248.3,10005,OK,OK,OK
2026-08-15T14:26:09.014038Z,2878,248.3,10005,OK,OK,OK
2026-08-15T14:26:14.508901Z,3088,248.1,10005,OK,OK,OK
2026-08-15T14:26:19.997974Z,3091,248.5,10005,OK,OK,OK
2026-08-15T14:26:25.500736Z,3070,248.6,10005,OK,OK,OK
2026-08-15T14:26:31.016423Z,3006,248.6,10005,OK,OK,OK
2026-08-15T14:26:36.483869Z,3006,248.6,10005,OK,OK,OK
2026-08-15T14:26:42.007928Z,3068,248.6,10005,OK,OK,OK
2026-08-15T14:26:47.509500Z,3038,248.6,10005,OK,OK,OK
2026-08-15T14:26:53.036980Z,3076,248.6,10005,OK,OK,OK
2026-08-15T14:26:58.531021Z,3123,248.5,10005,OK,OK,OK
2026-08-15T14:27:04.023040Z,3110,248.6,10005,OK,OK,OK
2026-08-15T14:27:09.526035Z,3109,248.6,10005,OK,OK,OK
2026-08-15T14:27:15.019088Z,3709,248.4,10005,OK,OK,OK
2026-08-15T14:27:20.528872Z,3100,248.7,10005,OK,OK,OK
2026-08-15T14:27:26.043210Z,2910,248.9,10005,OK,OK,OK
2026-08-15T14:27:31.579402Z,3075,248.7,10005,OK,OK,OK
2026-08-15T14:27:37.049826Z,3097,248.7,10005,OK,OK,OK
2026-08-15T14:27:42.570087Z,3054,248.6,10005,OK,OK,OK
2026-08-15T14:27:48.060501Z,3025,248.7,10005,OK,OK,OK
2026-08-15T14:27:53.573780Z,3118,248.5,10005,OK,OK,OK
2026-08-15T14:27:59.090165Z,3195,248.6,10005,OK,OK,OK
2026-08-15T14:28:04.595268Z,3000,248.6,10005,OK,OK,OK
2026-08-15T14:28:10.088794Z,2994,248.6,10005,OK,OK,OK
2026-08-15T14:28:15.556882Z,3031,248.5,10005,OK,OK,OK
2026-08-15T14:28:21.071747Z,3001,248.7,10005,OK,OK,OK
2026-08-15T14:28:26.569577Z,3020,248.3,10005,OK,OK,OK
2026-08-15T14:28:32.091207Z,3004,248.3,10005,OK,OK,OK
2026-08-15T14:28:37.605288Z,3002,248.3,10005,OK,OK,OK
2026-08-15T14:28:43.150134Z,3007,248.3,10005,OK,OK,OK
2026-08-15T14:28:48.619903Z,3008,248.3,10005,OK,OK,OK
2026-08-15T14:28:54.141443Z,3008,248.4,10005,OK,OK,OK
2026-08-15T14:28:59.651832Z,2888,248.4,10005,OK,OK,OK
2026-08-15T14:29:05.147150Z,2900,248.5,10005,OK,OK,OK
2026-08-15T14:29:10.675886Z,2895,248.5,10005,OK,OK,OK
2026-08-15T14:29:16.206628Z,2921,248.4,10005,OK,OK,OK
2026-08-15T14:29:21.703215Z,2919,248.4,10005,OK,OK,OK
2026-08-15T14:29:27.224748Z,2936,248.5,10005,OK,OK,OK
2026-08-15T14:29:32.731156Z,2930,248.4,10005,OK,OK,OK
2026-08-15T14:29:38.247809Z,2934,248.5,10005,OK,OK,OK
2026-08-15T14:29:43.775069Z,2936,248.5,10005,OK,OK,OK
2026-08-15T14:29:49.260656Z,3232,248.4,10005,OK,OK,OK
2026-08-15T14:29:54.795823Z,3059,248.4,10005,OK,OK,OK
2026-08-15T14:30:00.313283Z,3029,248.4,10005,OK,OK,OK
2026-08-15T14:30:05.837731Z,3036,248.4,10005,OK,OK,OK
2026-08-15T14:30:11.370749Z,3024,248.3,10005,OK,OK,OK
2026-08-15T14:30:16.872759Z,3018,248.3,10005,OK,OK,OK
2026-08-15T14:30:22.382695Z,3015,248.2,10005,OK,OK,OK
2026-08-15T14:30:27.895968Z,3806,248.1,10005,OK,OK,OK
2026-08-15T14:30:33.390029Z,3820,248.0,10005,OK,OK,OK
2026-08-15T14:30:38.891008Z,3016,248.3,10005,OK,OK,OK
2026-08-15T14:30:44.367706Z,3024,248.3,10005,OK,OK,OK
2026-08-15T14:30:49.884891Z,3008,248.3,10005,OK,OK,OK
2026-08-15T14:30:55.405315Z,2995,248.4,10005,OK,OK,OK
2026-08-15T14:31:00.894248Z,3006,248.4,10005,OK,OK,OK
2026-08-15T14:31:06.394319Z,3014,248.4,10579,OK,OK,OK
2026-08-15T14:31:11.915592Z,2996,248.4,10579,OK,OK,OK
2026-08-15T14:31:17.446746Z,3710,248.1,10579,OK,OK,OK
2026-08-15T14:31:22.950685Z,4579,247.6,10579,OK,OK,OK
2026-08-15T14:31:28.469661Z,5231,247.4,10579,OK,OK,OK
2026-08-15T14:31:33.991050Z,4604,247.7,10579,OK,OK,OK
2026-08-15T14:31:39.511974Z,4616,247.7,10579,OK,OK,OK
2026-08-15T14:31:45.028100Z,4578,247.7,10579,OK,OK,OK
2026-08-15T14:31:50.542359Z,4492,247.8,10579,OK,OK,OK
2026-08-15T14:31:56.044177Z,4461,247.7,10579,OK,OK,OK
2026-08-15T14:32:01.548132Z,4481,247.8,10579,OK,OK,OK
2026-08-15T14:32:07.050683Z,4549,247.7,10579,OK,OK,OK
2026-08-15T14:32:12.569969Z,4830,247.5,10579,OK,OK,OK
2026-08-15T14:32:18.113483Z,4488,247.6,10579,OK,OK,OK
2026-08-15T14:32:23.626428Z,4544,247.6,10579,OK,OK,OK
2026-08-15T14:32:29.106476Z,4553,247.7,10579,OK,OK,OK
2026-08-15T14:32:34.621689Z,4544,247.7,10579,OK,OK,OK
2026-08-15T14:32:40.136940Z,4418,247.7,10579,OK,OK,OK
2026-08-15T14:32:45.626624Z,4529,247.7,10579,OK,OK,OK
2026-08-15T14:32:51.140134Z,4540,247.7,10579,OK,OK,OK
2026-08-15T14:32:56.667143Z,4466,247.7,10579,OK,OK,OK
2026-08-15T14:33:02.177189Z,4510,247.6,10579,OK,OK,OK
2026-08-15T14:33:07.674230Z,3336,248.2,10579,OK,OK,OK
2026-08-15T14:33:13.204903Z,3119,248.1,10579,OK,OK,OK
2026-08-15T14:33:18.742151Z,3473,247.9,10579,OK,OK,OK
2026-08-15T14:33:24.283769Z,3289,248.0,10579,OK,OK,OK
2026-08-15T14:33:29.798614Z,3238,248.2,10579,OK,OK,OK
2026-08-15T14:33:35.287519Z,1915,248.9,10579,OK,OK,OK
2026-08-15T14:33:40.807545Z,2365,248.7,10579,OK,OK,OK
2026-08-15T14:33:46.359405Z,2466,248.6,10579,OK,OK,OK
2026-08-15T14:33:51.852071Z,2544,248.6,10579,OK,OK,OK
2026-08-15T14:33:57.348748Z,4081,247.9,10579,OK,OK,OK
2026-08-15T14:34:02.839928Z,4045,247.9,10579,OK,OK,OK
2026-08-15T14:34:08.326875Z,3604,248.2,10579,OK,OK,OK
2026-08-15T14:34:13.882152Z,3609,248.1,10579,OK,OK,OK
2026-08-15T14:34:19.384786Z,3590,248.0,10579,OK,OK,OK
2026-08-15T14:34:24.905644Z,3621,248.0,10579,OK,OK,OK
2026-08-15T14:34:30.433570Z,3556,248.2,10579,OK,OK,OK
2026-08-15T14:34:35.899481Z,3465,248.2,10579,OK,OK,OK
2026-08-15T14:34:41.408086Z,3428,248.1,10579,OK,OK,OK
2026-08-15T14:34:46.903735Z,3460,248.2,10579,OK,OK,OK
2026-08-15T14:34:52.429762Z,3510,248.0,10579,OK,OK,OK
2026-08-15T14:34:57.920846Z,3448,248.1,10579,OK,OK,OK
2026-08-15T14:35:03.436519Z,3473,248.1,10579,OK,OK,OK
2026-08-15T14:35:08.936897Z,3444,248.0,10579,OK,OK,OK
2026-08-15T14:35:14.438720Z,4367,247.9,10579,OK,OK,OK
2026-08-15T14:35:19.969027Z,4352,247.8,10579,OK,OK,OK
2026-08-15T14:35:25.516657Z,4703,247.7,10579,OK,OK,OK
2026-08-15T14:35:31.010040Z,5995,247.1,10579,OK,OK,OK
2026-08-15T14:35:36.530120Z,4800,247.6,10579,OK,OK,OK
2026-08-15T14:35:41.986864Z,4553,247.9,10579,OK,OK,OK
2026-08-15T14:35:47.475271Z,4536,247.8,10579,OK,OK,OK
2026-08-15T14:35:52.941321Z,4568,247.7,10579,OK,OK,OK
2026-08-15T14:35:58.474526Z,6208,247.0,10579,OK,OK,OK
2026-08-15T14:36:03.931342Z,6189,247.0,10579,OK,OK,OK
2026-08-15T14:36:09.454344Z,4733,247.5,10579,OK,OK,OK
2026-08-15T14:36:14.926429Z,4750,247.6,10579,OK,OK,OK
2026-08-15T14:36:20.429108Z,4700,247.6,10579,OK,OK,OK
2026-08-15T14:36:25.938762Z,4747,247.7,10579,OK,OK,OK
2026-08-15T14:36:31.453821Z,4862,247.6,10579,OK,OK,OK
2026-08-15T14:36:36.951085Z,4824,247.7,10579,OK,OK,OK
2026-08-15T14:36:42.472986Z,4830,247.7,10579,OK,OK,OK
2026-08-15T14:36:47.963603Z,4812,247.6,10579,OK,OK,OK
2026-08-15T14:36:53.465912Z,4812,247.6,10579,OK,OK,OK
2026-08-15T14:36:58.975619Z,3039,248.3,10579,OK,OK,OK
2026-08-15T14:37:04.528151Z,3060,248.4,10579,OK,OK,OK
2026-08-15T14:37:10.020502Z,3086,248.3,10579,OK,OK,OK
2026-08-15T14:37:15.523624Z,3094,248.5,10579,OK,OK,OK
2026-08-15T14:37:21.033359Z,4768,247.5,10579,OK,OK,OK
2026-08-15T14:37:26.531735Z,4769,247.7,10579,OK,OK,OK
2026-08-15T14:37:32.010668Z,4765,247.6,10579,OK,OK,OK
2026-08-15T14:37:37.500359Z,4772,247.7,10579,OK,OK,OK
2026-08-15T14:37:43.007067Z,3067,248.4,10579,OK,OK,OK
2026-08-15T14:37:48.531790Z,3047,248.4,10579,OK,OK,OK
2026-08-15T14:37:54.061296Z,3050,248.4,10579,OK,OK,OK
2026-08-15T14:37:59.552420Z,2940,248.5,10579,OK,OK,OK
2026-08-15T14:38:05.033100Z,2936,248.5,10579,OK,OK,OK
2026-08-15T14:38:10.532657Z,2930,248.5,10579,OK,OK,OK
2026-08-15T14:38:16.026768Z,2927,248.4,10579,OK,OK,OK
2026-08-15T14:38:21.568644Z,4385,247.8,10579,OK,OK,OK
2026-08-15T14:38:27.058065Z,3296,248.2,10579,OK,OK,OK
2026-08-15T14:38:32.542698Z,3060,248.5,10579,OK,OK,OK
2026-08-15T14:38:38.029021Z,3054,248.4,10579,OK,OK,OK
2026-08-15T14:38:43.567229Z,3061,248.7,10579,OK,OK,OK
2026-08-15T14:38:49.067209Z,3050,248.6,10579,OK,OK,OK
2026-08-15T14:38:54.588472Z,3056,248.6,10579,OK,OK,OK
2026-08-15T14:39:00.110817Z,3044,248.5,10579,OK,OK,OK
2026-08-15T14:39:05.614824Z,3056,248.5,10579,OK,OK,OK
2026-08-15T14:39:11.094844Z,3092,248.7,10579,OK,OK,OK
2026-08-15T14:39:16.588523Z,3080,248.5,10579,OK,OK,OK
2026-08-15T14:39:22.139072Z,3042,248.4,10579,OK,OK,OK
2026-08-15T14:39:27.660533Z,3048,248.6,10579,OK,OK,OK
2026-08-15T14:39:33.168014Z,3063,248.7,10579,OK,OK,OK
2026-08-15T14:39:38.645361Z,2980,248.7,10579,OK,OK,OK
2026-08-15T14:39:44.154826Z,4449,248.0,10579,OK,OK,OK
2026-08-15T14:39:49.657464Z,4482,248.0,10579,OK,OK,OK
2026-08-15T14:39:55.179150Z,4622,247.9,10579,OK,OK,OK
2026-08-15T14:40:00.684331Z,4556,248.0,10579,OK,OK,OK
2026-08-15T14:40:06.239281Z,4542,248.0,10579,OK,OK,OK
2026-08-15T14:40:11.730187Z,4526,248.0,10579,OK,OK,OK
2026-08-15T14:40:17.272084Z,4514,248.0,10579,OK,OK,OK
2026-08-15T14:40:22.757902Z,4560,248.0,10579,OK,OK,OK
2026-08-15T14:40:28.244188Z,4551,248.0,10579,OK,OK,OK
2026-08-15T14:40:33.732331Z,4563,248.0,10579,OK,OK,OK
2026-08-15T14:40:39.225678Z,4434,247.9,10579,OK,OK,OK
2026-08-15T14:40:44.688794Z,4428,247.9,10579,OK,OK,OK
2026-08-15T14:40:50.173177Z,4420,247.9,10579,OK,OK,OK
2026-08-15T14:40:55.684823Z,4416,247.9,10579,OK,OK,OK
2026-08-15T14:41:01.225394Z,4419,248.0,10579,OK,OK,OK
2026-08-15T14:41:06.724751Z,4408,248.0,10579,OK,OK,OK
2026-08-15T14:41:12.257436Z,4410,247.9,10579,OK,OK,OK
2026-08-15T14:41:17.757558Z,4438,248.0,10579,OK,OK,OK
2026-08-15T14:41:23.254739Z,4410,248.0,10579,OK,OK,OK
2026-08-15T14:41:28.777071Z,4399,248.0,10579,OK,OK,OK
2026-08-15T14:41:34.322130Z,4403,248.2,10579,OK,OK,OK
2026-08-15T14:41:39.801146Z,4408,247.4,10579,OK,OK,OK
2026-08-15T14:41:45.253374Z,4395,247.4,10579,OK,OK,OK
2026-08-15T14:41:50.745813Z,4394,247.5,10579,OK,OK,OK
2026-08-15T14:41:56.258850Z,4399,247.5,10579,OK,OK,OK
2026-08-15T14:42:01.743189Z,4406,247.6,10579,OK,OK,OK
2026-08-15T14:42:07.235588Z,4399,247.5,10579,OK,OK,OK
2026-08-15T14:42:12.737414Z,4412,247.5,10579,OK,OK,OK
2026-08-15T14:42:18.247475Z,4403,247.5,10579,OK,OK,OK
2026-08-15T14:42:23.734917Z,4401,247.5,10579,OK,OK,OK
2026-08-15T14:42:29.235057Z,5849,246.9,10579,OK,OK,OK
2026-08-15T14:42:34.770996Z,5835,247.1,10579,OK,OK,OK
2026-08-15T14:42:40.265317Z,5852,247.0,10579,OK,OK,OK
2026-08-15T14:42:45.742433Z,4422,247.5,10579,OK,OK,OK
2026-08-15T14:42:51.196320Z,4427,247.6,10579,OK,OK,OK
2026-08-15T14:42:56.690539Z,4430,247.7,10579,OK,OK,OK
2026-08-15T14:43:02.172396Z,5858,247.1,10579,OK,OK,OK
2026-08-15T14:43:07.723183Z,5844,246.9,10579,OK,OK,OK
2026-08-15T14:43:13.221342Z,4655,247.5,10579,OK,OK,OK
2026-08-15T14:43:18.698559Z,4646,247.5,10579,OK,OK,OK
2026-08-15T14:43:24.164814Z,4401,247.7,10579,OK,OK,OK
2026-08-15T14:43:29.623310Z,4406,247.7,10579,OK,OK,OK
2026-08-15T14:43:35.133865Z,4406,247.7,10579,OK,OK,OK
2026-08-15T14:43:40.636452Z,4664,247.6,10579,OK,OK,OK
2026-08-15T14:43:46.132908Z,4412,247.7,10579,OK,OK,OK
2026-08-15T14:43:51.622762Z,4411,247.6,10579,OK,OK,OK
2026-08-15T14:43:57.145447Z,4405,247.1,10579,OK,OK,OK
2026-08-15T14:44:02.605729Z,4427,247.2,10579,OK,OK,OK
2026-08-15T14:44:08.113596Z,4552,247.1,10579,OK,OK,OK
2026-08-15T14:44:13.660104Z,4408,247.2,10579,OK,OK,OK
2026-08-15T14:44:19.174236Z,4403,247.2,10579,OK,OK,OK
2026-08-15T14:44:24.697872Z,4405,247.2,10579,OK,OK,OK
2026-08-15T14:44:30.214405Z,4403,247.2,10579,OK,OK,OK
2026-08-15T14:44:35.746139Z,4405,247.3,10579,OK,OK,OK
2026-08-15T14:44:41.235214Z,4402,247.4,10579,OK,OK,OK
2026-08-15T14:44:46.748490Z,4500,247.2,10579,OK,OK,OK
2026-08-15T14:44:52.234357Z,4409,247.2,10579,OK,OK,OK
2026-08-15T14:44:57.725020Z,4399,247.2,10579,OK,OK,OK
2026-08-15T14:45:03.284688Z,4408,247.2,10579,OK,OK,OK
2026-08-15T14:45:08.747536Z,4413,247.2,10579,OK,OK,OK
2026-08-15T14:45:14.240902Z,4403,247.2,10579,OK,OK,OK
2026-08-15T14:45:19.779384Z,4399,247.2,10579,OK,OK,OK
2026-08-15T14:45:25.290272Z,4400,247.3,10579,OK,OK,OK
2026-08-15T14:45:30.786506Z,4429,247.3,10579,OK,OK,OK
2026-08-15T14:45:36.308361Z,4386,247.4,10579,OK,OK,OK
2026-08-15T14:45:41.809755Z,4415,247.3,10579,OK,OK,OK
2026-08-15T14:45:47.328062Z,4403,247.3,10579,OK,OK,OK
2026-08-15T14:45:52.852314Z,4420,247.3,10579,OK,OK,OK
2026-08-15T14:45:58.352934Z,4415,247.3,10579,OK,OK,OK
2026-08-15T14:46:03.886274Z,4429,247.3,10579,OK,OK,OK
2026-08-15T14:46:09.367043Z,4442,247.2,10579,OK,OK,OK
2026-08-15T14:46:14.923865Z,4455,247.3,10579,OK,OK,OK
2026-08-15T14:46:20.413071Z,4424,247.4,10579,OK,OK,OK
2026-08-15T14:46:25.927044Z,4437,247.2,10948,OK,OK,OK
2026-08-15T14:46:31.426848Z,4669,247.3,10948,OK,OK,OK
2026-08-15T14:46:36.920239Z,4444,247.3,10948,OK,OK,OK
2026-08-15T14:46:42.476161Z,4439,247.4,10948,OK,OK,OK
2026-08-15T14:46:47.952094Z,4446,247.4,10948,OK,OK,OK
2026-08-15T14:46:53.504248Z,4429,247.4,10948,OK,OK,OK
2026-08-15T14:46:59.044198Z,4442,247.4,10948,OK,OK,OK
2026-08-15T14:47:04.581040Z,4438,247.4,10948,OK,OK,OK
2026-08-15T14:47:10.110592Z,4442,247.4,10948,OK,OK,OK
2026-08-15T14:47:15.600136Z,4427,247.4,10948,OK,OK,OK
2026-08-15T14:47:21.133153Z,4429,247.4,10948,OK,OK,OK
2026-08-15T14:47:26.693233Z,2873,248.0,10948,OK,OK,OK
2026-08-15T14:47:32.202042Z,2870,247.9,10948,OK,OK,OK
2026-08-15T14:47:37.688098Z,2860,247.9,10948,OK,OK,OK
2026-08-15T14:47:43.198043Z,2859,247.9,10948,OK,OK,OK
2026-08-15T14:47:48.700157Z,2848,247.9,10948,OK,OK,OK
2026-08-15T14:47:54.223431Z,2845,247.9,10948,OK,OK,OK
2026-08-15T14:47:59.726599Z,2839,248.0,10948,OK,OK,OK
2026-08-15T14:48:05.228056Z,3002,247.9,10948,OK,OK,OK
2026-08-15T14:48:10.740000Z,2987,247.9,10948,OK,OK,OK
2026-08-15T14:48:16.238764Z,2988,247.8,10948,OK,OK,OK
2026-08-15T14:48:21.808086Z,2982,247.6,10948,OK,OK,OK
2026-08-15T14:48:27.325465Z,2975,247.9,10948,OK,OK,OK
2026-08-15T14:48:32.839119Z,2975,247.8,10948,OK,OK,OK
2026-08-15T14:48:38.413527Z,3032,247.9,10948,OK,OK,OK
2026-08-15T14:48:43.961560Z,2976,247.9,10948,OK,OK,OK
2026-08-15T14:48:49.460457Z,2968,247.8,10948,OK,OK,OK
2026-08-15T14:48:54.976510Z,2976,247.9,10948,OK,OK,OK
2026-08-15T14:49:00.492874Z,2980,248.0,10948,OK,OK,OK
2026-08-15T14:49:06.017321Z,2983,247.9,10948,OK,OK,OK
2026-08-15T14:49:11.531509Z,2981,248.0,10948,OK,OK,OK
2026-08-15T14:49:17.033070Z,2994,247.9,10948,OK,OK,OK
2026-08-15T14:49:22.557393Z,2964,247.9,10948,OK,OK,OK
2026-08-15T14:49:28.072480Z,2978,247.9,10948,OK,OK,OK
2026-08-15T14:49:33.535599Z,2998,247.8,10948,OK,OK,OK
2026-08-15T14:49:39.071487Z,2988,247.9,10948,OK,OK,OK
2026-08-15T14:49:44.560831Z,2986,247.9,10948,OK,OK,OK
2026-08-15T14:49:50.084521Z,2964,247.8,10948,OK,OK,OK
2026-08-15T14:49:55.643361Z,2987,247.9,10948,OK,OK,OK
2026-08-15T14:50:01.136692Z,4398,247.2,10948,OK,OK,OK
2026-08-15T14:50:06.644987Z,2975,247.8,10948,OK,OK,OK
2026-08-15T14:50:12.166986Z,2985,247.7,10948,OK,OK,OK
2026-08-15T14:50:17.690615Z,2995,247.7,10948,OK,OK,OK
2026-08-15T14:50:23.175972Z,3033,247.7,10948,OK,OK,OK
2026-08-15T14:50:28.685221Z,2963,247.7,10948,OK,OK,OK
2026-08-15T14:50:34.156405Z,3028,247.7,10948,OK,OK,OK
2026-08-15T14:50:39.654613Z,2997,247.7,10948,OK,OK,OK
2026-08-15T14:50:45.168438Z,2989,247.9,10948,OK,OK,OK
2026-08-15T14:50:50.683438Z,2988,247.8,10948,OK,OK,OK
2026-08-15T14:50:56.174892Z,2986,247.8,10948,OK,OK,OK
2026-08-15T14:51:01.700165Z,3099,247.7,10948,OK,OK,OK
2026-08-15T14:51:07.229894Z,2876,247.8,10948,OK,OK,OK
2026-08-15T14:51:12.693395Z,2871,247.9,10948,OK,OK,OK
2026-08-15T14:51:18.190201Z,3000,247.7,10948,OK,OK,OK
2026-08-15T14:51:23.689369Z,3011,247.7,10948,OK,OK,OK
2026-08-15T14:51:29.171409Z,2993,247.7,10948,OK,OK,OK
2026-08-15T14:51:34.684934Z,2980,247.8,10948,OK,OK,OK
2026-08-15T14:51:40.153266Z,2981,247.7,10948,OK,OK,OK
2026-08-15T14:51:45.670533Z,3119,247.7,10948,OK,OK,OK
2026-08-15T14:51:51.186597Z,2981,247.7,10948,OK,OK,OK
2026-08-15T14:51:56.713187Z,2872,247.8,10948,OK,OK,OK
2026-08-15T14:52:02.216394Z,2872,247.8,10948,OK,OK,OK
2026-08-15T14:52:07.718722Z,2864,247.8,10948,OK,OK,OK
2026-08-15T14:52:13.215861Z,2879,247.8,10948,OK,OK,OK
2026-08-15T14:52:18.721165Z,2879,247.8,10948,OK,OK,OK
2026-08-15T14:52:24.212815Z,3038,247.8,10948,OK,OK,OK
2026-08-15T14:52:29.699110Z,3010,247.8,10948,OK,OK,OK
2026-08-15T14:52:35.181822Z,2994,247.8,10948,OK,OK,OK
2026-08-15T14:52:40.683954Z,2994,247.8,10948,OK,OK,OK
2026-08-15T14:52:46.191472Z,2985,247.7,10948,OK,OK,OK
2026-08-15T14:52:51.686930Z,3026,247.7,10948,OK,OK,OK
2026-08-15T14:52:57.182667Z,3008,247.7,10948,OK,OK,OK
2026-08-15T14:53:02.674513Z,3031,247.7,10948,OK,OK,OK
2026-08-15T14:53:08.142890Z,3021,247.7,10948,OK,OK,OK
2026-08-15T14:53:13.672544Z,3094,247.7,10948,OK,OK,OK
2026-08-15T14:53:19.146275Z,3028,247.7,10948,OK,OK,OK
2026-08-15T14:53:24.670053Z,3013,247.8,10948,OK,OK,OK
2026-08-15T14:53:30.113012Z,3052,247.6,10948,OK,OK,OK
2026-08-15T14:53:35.624715Z,3028,247.6,10948,OK,OK,OK
2026-08-15T14:53:41.144807Z,3026,247.6,10948,OK,OK,OK
2026-08-15T14:53:46.636304Z,3020,247.6,10948,OK,OK,OK
2026-08-15T14:53:52.107459Z,3004,247.0,10948,OK,OK,OK
2026-08-15T14:53:57.639495Z,3000,246.7,10948,OK,OK,OK
2026-08-15T14:54:03.135647Z,2992,246.8,10948,OK,OK,OK
2026-08-15T14:54:08.668600Z,2987,246.7,10948,OK,OK,OK
2026-08-15T14:54:14.214231Z,2886,246.7,10948,OK,OK,OK
2026-08-15T14:54:19.719321Z,2897,246.7,10948,OK,OK,OK
2026-08-15T14:54:25.221952Z,2899,246.7,10948,OK,OK,OK
2026-08-15T14:54:30.749577Z,2890,246.8,10948,OK,OK,OK
2026-08-15T14:54:36.267031Z,4453,246.2,10948,OK,OK,OK
2026-08-15T14:54:41.766210Z,3342,246.7,10948,OK,OK,OK
2026-08-15T14:54:47.300402Z,3005,246.8,10948,OK,OK,OK
2026-08-15T14:54:52.775279Z,3082,246.8,10948,OK,OK,OK
2026-08-15T14:54:58.294675Z,3030,246.8,10948,OK,OK,OK
2026-08-15T14:55:03.796029Z,3018,246.8,10948,OK,OK,OK
2026-08-15T14:55:09.288350Z,3020,246.8,10948,OK,OK,OK
2026-08-15T14:55:14.820227Z,3015,246.8,10948,OK,OK,OK
2026-08-15T14:55:20.356178Z,3023,246.7,10948,OK,OK,OK
2026-08-15T14:55:25.853209Z,3026,246.7,10948,OK,OK,OK
2026-08-15T14:55:31.370922Z,3021,246.8,10948,OK,OK,OK
2026-08-15T14:55:36.875321Z,3024,246.8,10948,OK,OK,OK
2026-08-15T14:55:42.338721Z,3001,246.7,10948,OK,OK,OK
2026-08-15T14:55:47.834126Z,3030,246.7,10948,OK,OK,OK
2026-08-15T14:55:53.303414Z,3000,246.6,10948,OK,OK,OK
2026-08-15T14:55:58.769477Z,2997,246.6,10948,OK,OK,OK
2026-08-15T14:56:04.276424Z,2993,246.6,10948,OK,OK,OK
2026-08-15T14:56:09.749592Z,3036,246.4,10948,OK,OK,OK
2026-08-15T14:56:15.292064Z,3009,247.2,10948,OK,OK,OK
2026-08-15T14:56:20.777704Z,3017,247.7,10948,OK,OK,OK
2026-08-15T14:56:26.275859Z,2921,247.8,10948,OK,OK,OK
2026-08-15T14:56:31.790703Z,2918,248.1,10948,OK,OK,OK
2026-08-15T14:56:37.328775Z,4125,247.5,10948,OK,OK,OK
2026-08-15T14:56:42.818925Z,2993,248.0,10948,OK,OK,OK
2026-08-15T14:56:48.305810Z,3169,248.0,10948,OK,OK,OK
2026-08-15T14:56:53.829966Z,3387,247.9,10948,OK,OK,OK
2026-08-15T14:56:59.371647Z,3752,247.7,10948,OK,OK,OK
2026-08-15T14:57:04.859478Z,3766,247.8,10948,OK,OK,OK
2026-08-15T14:57:10.381879Z,3262,248.0,10948,OK,OK,OK
2026-08-15T14:57:15.872124Z,3277,248.0,10948,OK,OK,OK
2026-08-15T14:57:21.355614Z,3385,248.0,10948,OK,OK,OK
2026-08-15T14:57:26.835121Z,3403,248.0,10948,OK,OK,OK
2026-08-15T14:57:32.359929Z,3393,248.1,10948,OK,OK,OK
2026-08-15T14:57:37.869221Z,3391,248.0,10948,OK,OK,OK
2026-08-15T14:57:43.400015Z,3400,248.2,10948,OK,OK,OK
2026-08-15T14:57:48.909169Z,3400,248.2,10948,OK,OK,OK
2026-08-15T14:57:54.410919Z,3375,248.3,10948,OK,OK,OK
2026-08-15T14:57:59.920451Z,3378,248.2,10948,OK,OK,OK
2026-08-15T14:58:05.441126Z,3360,248.2,10948,OK,OK,OK
2026-08-15T14:58:10.942696Z,3368,248.1,10948,OK,OK,OK
2026-08-15T14:58:16.464196Z,3371,248.3,10948,OK,OK,OK
2026-08-15T14:58:21.966801Z,3379,248.2,10948,OK,OK,OK
2026-08-15T14:58:27.443171Z,3251,248.2,10948,OK,OK,OK
2026-08-15T14:58:32.948475Z,3254,248.2,10948,OK,OK,OK
2026-08-15T14:58:38.457437Z,3259,248.2,10948,OK,OK,OK
2026-08-15T14:58:43.997755Z,3228,248.2,10948,OK,OK,OK
2026-08-15T14:58:49.501680Z,3244,248.2,10948,OK,OK,OK
2026-08-15T14:58:54.976983Z,3346,248.1,10948,OK,OK,OK
2026-08-15T14:59:00.484010Z,3244,248.2,10948,OK,OK,OK
2026-08-15T14:59:05.978682Z,3358,248.0,10948,OK,OK,OK
2026-08-15T14:59:11.498708Z,3396,248.1,10948,OK,OK,OK
2026-08-15T14:59:17.035061Z,3381,248.1,10948,OK,OK,OK
2026-08-15T14:59:22.559931Z,3372,248.0,10948,OK,OK,OK
2026-08-15T14:59:28.050347Z,3365,248.0,10948,OK,OK,OK
2026-08-15T14:59:33.501728Z,3502,247.9,10948,OK,OK,OK
2026-08-15T14:59:39.002005Z,3445,248.0,10948,OK,OK,OK
2026-08-15T14:59:44.494956Z,3376,248.1,10948,OK,OK,OK
2026-08-15T14:59:49.977220Z,3379,247.9,10948,OK,OK,OK
2026-08-15T14:59:55.493215Z,3349,248.1,10948,OK,OK,OK
2026-08-15T15:00:00.976790Z,3353,248.0,10948,OK,OK,OK
2026-08-15T15:00:06.486708Z,3347,248.0,10948,OK,OK,OK
2026-08-15T15:00:11.987685Z,3349,248.1,10948,OK,OK,OK
2026-08-15T15:00:17.526593Z,3352,248.1,10948,OK,OK,OK
2026-08-15T15:00:23.031266Z,3343,248.1,10948,OK,OK,OK
2026-08-15T15:00:28.532920Z,3335,248.0,10948,OK,OK,OK
2026-08-15T15:00:34.044658Z,3386,248.0,10948,OK,OK,OK
2026-08-15T15:00:39.529661Z,3332,248.0,10948,OK,OK,OK
2026-08-15T15:00:45.052528Z,3326,248.1,10948,OK,OK,OK
2026-08-15T15:00:50.577665Z,3338,248.1,10948,OK,OK,OK
2026-08-15T15:00:56.122668Z,3335,248.1,10948,OK,OK,OK
2026-08-15T15:01:01.679871Z,3317,248.1,10948,OK,OK,OK
2026-08-15T15:01:07.223752Z,4784,247.5,10948,OK,OK,OK
2026-08-15T15:01:12.717634Z,3330,248.1,10948,OK,OK,OK
2026-08-15T15:01:18.823157Z,3336,248.1,10948,OK,OK,OK
2026-08-15T15:01:24.328163Z,3340,248.2,10948,OK,OK,OK
2026-08-15T15:01:29.809378Z,3342,248.2,10948,OK,OK,OK
2026-08-15T15:01:35.303110Z,3340,248.2,10948,OK,OK,OK
2026-08-15T15:01:40.829321Z,3345,248.1,11409,OK,OK,OK
2026-08-15T15:01:46.346016Z,3338,248.0,11409,OK,OK,OK
2026-08-15T15:01:51.847104Z,3341,248.0,11409,OK,OK,OK
2026-08-15T15:01:57.327321Z,3465,248.2,11409,OK,OK,OK
2026-08-15T15:02:02.830994Z,3343,248.3,11409,OK,OK,OK
2026-08-15T15:02:08.352771Z,3331,248.3,11409,OK,OK,OK
2026-08-15T15:02:13.824298Z,3359,248.3,11409,OK,OK,OK
2026-08-15T15:02:19.316374Z,3324,248.2,11409,OK,OK,OK
2026-08-15T15:02:24.815166Z,3694,248.1,11409,OK,OK,OK
2026-08-15T15:02:30.260787Z,3836,248.0,11409,OK,OK,OK
2026-08-15T15:02:35.766861Z,3309,248.2,11409,OK,OK,OK
2026-08-15T15:02:41.250238Z,3459,248.4,11409,OK,OK,OK
2026-08-15T15:02:46.768310Z,3203,248.4,11409,OK,OK,OK
2026-08-15T15:02:52.263471Z,3192,248.3,11409,OK,OK,OK
2026-08-15T15:02:57.728500Z,3194,248.5,11409,OK,OK,OK
2026-08-15T15:03:03.214155Z,3199,248.4,11409,OK,OK,OK
2026-08-15T15:03:08.726260Z,3205,248.5,11409,OK,OK,OK
2026-08-15T15:03:14.192316Z,3203,248.5,11409,OK,OK,OK
2026-08-15T15:03:19.696561Z,3191,248.5,11409,OK,OK,OK
2026-08-15T15:03:25.174337Z,3203,248.3,11409,OK,OK,OK
2026-08-15T15:03:30.674797Z,3254,248.3,11409,OK,OK,OK
2026-08-15T15:03:36.184137Z,3202,248.5,11409,OK,OK,OK
2026-08-15T15:03:41.664403Z,3218,248.4,11409,OK,OK,OK
2026-08-15T15:03:47.161740Z,4793,247.7,11409,OK,OK,OK
2026-08-15T15:03:52.668275Z,4836,247.7,11409,OK,OK,OK
2026-08-15T15:03:58.174578Z,4805,247.7,11409,OK,OK,OK
2026-08-15T15:04:03.645581Z,4808,247.8,11409,OK,OK,OK
2026-08-15T15:04:09.150129Z,4806,247.6,11409,OK,OK,OK
2026-08-15T15:04:14.732043Z,4804,247.8,11409,OK,OK,OK
2026-08-15T15:04:20.235241Z,4820,247.8,11409,OK,OK,OK
2026-08-15T15:04:25.746478Z,4840,247.8,11409,OK,OK,OK
2026-08-15T15:04:31.298056Z,4837,247.8,11409,OK,OK,OK
2026-08-15T15:04:36.791191Z,4849,247.8,11409,OK,OK,OK
2026-08-15T15:04:42.260317Z,4836,247.8,11409,OK,OK,OK
2026-08-15T15:04:47.763684Z,4826,247.7,11409,OK,OK,OK
2026-08-15T15:04:53.254023Z,4808,247.7,11409,OK,OK,OK
2026-08-15T15:04:58.719361Z,5242,247.5,11409,OK,OK,OK
2026-08-15T15:05:04.231149Z,5324,247.5,11409,OK,OK,OK
2026-08-15T15:05:09.716977Z,4799,247.6,11409,OK,OK,OK
2026-08-15T15:05:15.198873Z,4838,247.6,11409,OK,OK,OK
2026-08-15T15:05:20.680021Z,4795,247.6,11409,OK,OK,OK
2026-08-15T15:05:26.236858Z,4807,247.5,11409,OK,OK,OK
2026-08-15T15:05:31.740899Z,4807,247.6,11409,OK,OK,OK
2026-08-15T15:05:37.241046Z,4870,247.5,11409,OK,OK,OK
2026-08-15T15:05:42.753919Z,4808,247.7,11409,OK,OK,OK
2026-08-15T15:05:48.265188Z,4812,247.6,11409,OK,OK,OK
2026-08-15T15:05:53.779534Z,4810,247.7,11409,OK,OK,OK
2026-08-15T15:05:59.286135Z,4810,247.8,11409,OK,OK,OK
2026-08-15T15:06:04.818670Z,4803,247.6,11409,OK,OK,OK
2026-08-15T15:06:10.360423Z,4786,247.7,11409,OK,OK,OK
2026-08-15T15:06:15.885511Z,4834,247.4,11409,OK,OK,OK
2026-08-15T15:06:21.395963Z,4797,247.6,11409,OK,OK,OK
2026-08-15T15:06:26.898864Z,4834,247.6,11409,OK,OK,OK
2026-08-15T15:06:32.403942Z,4862,247.6,11409,OK,OK,OK
2026-08-15T15:06:37.895569Z,4793,247.6,11409,OK,OK,OK
2026-08-15T15:06:43.388039Z,4796,247.6,11409,OK,OK,OK
2026-08-15T15:06:48.912717Z,4778,247.6,11409,OK,OK,OK
2026-08-15T15:06:54.374810Z,4790,247.5,11409,OK,OK,OK
2026-08-15T15:06:59.882238Z,4806,247.5,11409,OK,OK,OK
2026-08-15T15:07:05.408717Z,4788,247.5,11409,OK,OK,OK
2026-08-15T15:07:10.937881Z,4789,247.5,11409,OK,OK,OK
2026-08-15T15:07:16.521891Z,5336,247.4,11409,OK,OK,OK
2026-08-15T15:07:22.024045Z,5290,247.4,11409,OK,OK,OK
2026-08-15T15:07:27.516555Z,4787,247.5,11409,OK,OK,OK
2026-08-15T15:07:33.042151Z,4885,247.5,11409,OK,OK,OK
2026-08-15T15:07:38.504845Z,4796,247.5,11409,OK,OK,OK
2026-08-15T15:07:43.986627Z,4798,247.6,11409,OK,OK,OK
2026-08-15T15:07:49.493732Z,4806,247.6,11409,OK,OK,OK
2026-08-15T15:07:55.011232Z,4829,247.5,11409,OK,OK,OK
2026-08-15T15:08:00.508965Z,4787,247.6,11409,OK,OK,OK
2026-08-15T15:08:06.017850Z,4793,247.5,11409,OK,OK,OK
2026-08-15T15:08:11.535058Z,4796,247.5,11409,OK,OK,OK
2026-08-15T15:08:17.042756Z,4935,247.5,11409,OK,OK,OK
2026-08-15T15:08:22.522952Z,5038,247.5,11409,OK,OK,OK
2026-08-15T15:08:28.021510Z,4776,247.5,11409,OK,OK,OK
2026-08-15T15:08:33.513158Z,4792,247.5,11409,OK,OK,OK
2026-08-15T15:08:39.002917Z,4787,247.5,11409,OK,OK,OK
2026-08-15T15:08:44.434676Z,4800,247.5,11409,OK,OK,OK
2026-08-15T15:08:49.919819Z,4817,247.5,11409,OK,OK,OK
2026-08-15T15:08:55.392733Z,4785,247.5,11409,OK,OK,OK
2026-08-15T15:09:00.933397Z,4784,247.5,11409,OK,OK,OK
2026-08-15T15:09:06.380328Z,4830,247.4,11409,OK,OK,OK
2026-08-15T15:09:11.861372Z,5323,247.4,11409,OK,OK,OK
2026-08-15T15:09:17.361521Z,5292,247.3,11409,OK,OK,OK
2026-08-15T15:09:22.874117Z,4795,247.5,11409,OK,OK,OK
2026-08-15T15:09:28.374937Z,4790,247.3,11409,OK,OK,OK
2026-08-15T15:09:33.941612Z,4797,247.4,11409,OK,OK,OK
2026-08-15T15:09:39.431718Z,4786,247.5,11409,OK,OK,OK
2026-08-15T15:09:44.929950Z,4952,247.6,11409,OK,OK,OK
2026-08-15T15:09:50.425760Z,4790,247.4,11409,OK,OK,OK
2026-08-15T15:09:55.965154Z,4774,247.5,11409,OK,OK,OK
2026-08-15T15:10:01.480596Z,4776,247.7,11409,OK,OK,OK
2026-08-15T15:10:06.940870Z,4769,247.7,11409,OK,OK,OK
2026-08-15T15:10:12.456645Z,4768,247.7,11409,OK,OK,OK
2026-08-15T15:10:17.966818Z,4778,247.7,11409,OK,OK,OK
2026-08-15T15:10:23.502314Z,4788,247.3,11409,OK,OK,OK
2026-08-15T15:10:28.975367Z,4775,247.4,11409,OK,OK,OK
2026-08-15T15:10:34.480064Z,4775,247.5,11409,OK,OK,OK
2026-08-15T15:10:40.003896Z,4910,247.5,11409,OK,OK,OK
2026-08-15T15:10:45.517102Z,4886,247.5,11409,OK,OK,OK
2026-08-15T15:10:51.001207Z,4893,247.5,11409,OK,OK,OK
2026-08-15T15:10:56.525891Z,4885,247.5,11409,OK,OK,OK
2026-08-15T15:11:02.056958Z,5403,247.4,11409,OK,OK,OK
2026-08-15T15:11:07.583004Z,5389,247.3,11409,OK,OK,OK
2026-08-15T15:11:13.044448Z,5027,247.5,11409,OK,OK,OK
2026-08-15T15:11:18.537656Z,4780,247.6,11409,OK,OK,OK
2026-08-15T15:11:24.026427Z,4789,247.5,11409,OK,OK,OK
2026-08-15T15:11:29.550447Z,4780,247.5,11409,OK,OK,OK
2026-08-15T15:11:35.079357Z,4849,247.5,11409,OK,OK,OK
2026-08-15T15:11:40.586463Z,4785,247.6,11409,OK,OK,OK
2026-08-15T15:11:46.046361Z,4783,247.5,11409,OK,OK,OK
2026-08-15T15:11:51.573800Z,4773,247.5,11409,OK,OK,OK
2026-08-15T15:11:57.088500Z,4782,247.4,11409,OK,OK,OK
2026-08-15T15:12:02.556866Z,3186,248.3,11409,OK,OK,OK
2026-08-15T15:12:08.009954Z,3232,248.2,11409,OK,OK,OK
2026-08-15T15:12:13.477038Z,3248,248.2,11409,OK,OK,OK
2026-08-15T15:12:18.971997Z,3376,248.2,11409,OK,OK,OK
2026-08-15T15:12:24.467339Z,3269,248.2,11409,OK,OK,OK
2026-08-15T15:12:29.953569Z,3243,248.2,11409,OK,OK,OK
2026-08-15T15:12:35.463202Z,3246,248.3,11409,OK,OK,OK
2026-08-15T15:12:40.975093Z,3239,248.2,11409,OK,OK,OK
2026-08-15T15:12:46.461537Z,3237,248.2,11409,OK,OK,OK
2026-08-15T15:12:51.980780Z,3720,248.0,11409,OK,OK,OK
2026-08-15T15:12:57.489385Z,3753,248.0,11409,OK,OK,OK
2026-08-15T15:13:03.029650Z,3304,248.2,11409,OK,OK,OK
2026-08-15T15:13:08.540608Z,3172,248.1,11409,OK,OK,OK
2026-08-15T15:13:14.085388Z,3173,248.1,11409,OK,OK,OK
2026-08-15T15:13:19.577229Z,3176,248.1,11409,OK,OK,OK
2026-08-15T15:13:25.073543Z,3182,248.2,11409,OK,OK,OK
2026-08-15T15:13:30.573073Z,3177,248.1,11409,OK,OK,OK
2026-08-15T15:13:36.058652Z,3195,248.1,11409,OK,OK,OK
2026-08-15T15:13:41.624708Z,3249,248.1,11409,OK,OK,OK
2026-08-15T15:13:47.120344Z,3170,248.2,11409,OK,OK,OK
2026-08-15T15:13:52.618798Z,3178,248.1,11409,OK,OK,OK
2026-08-15T15:13:58.138292Z,3165,248.1,11409,OK,OK,OK
2026-08-15T15:14:03.653851Z,3166,248.1,11409,OK,OK,OK
2026-08-15T15:14:09.215427Z,3168,248.1,11409,OK,OK,OK
2026-08-15T15:14:14.687370Z,3170,248.1,11409,OK,OK,OK
2026-08-15T15:14:20.193350Z,3324,248.1,11409,OK,OK,OK
2026-08-15T15:14:25.718586Z,3173,248.1,11409,OK,OK,OK
2026-08-15T15:14:31.252671Z,3176,248.1,11409,OK,OK,OK
2026-08-15T15:14:36.767180Z,3714,247.7,11409,OK,OK,OK
2026-08-15T15:14:42.255907Z,3659,247.8,11409,OK,OK,OK
2026-08-15T15:14:47.778911Z,3157,247.9,11409,OK,OK,OK
2026-08-15T15:14:53.269183Z,3160,247.9,11409,OK,OK,OK
2026-08-15T15:14:58.779424Z,3153,247.9,11409,OK,OK,OK
2026-08-15T15:15:04.316504Z,3174,248.0,11409,OK,OK,OK
2026-08-15T15:15:09.852785Z,3158,248.0,11409,OK,OK,OK
2026-08-15T15:15:15.345068Z,3148,248.1,11409,OK,OK,OK
2026-08-15T15:15:20.807902Z,3149,248.0,11409,OK,OK,OK
2026-08-15T15:15:26.329513Z,3146,248.1,11409,OK,OK,OK
2026-08-15T15:15:31.845796Z,3153,247.8,11409,OK,OK,OK
2026-08-15T15:15:37.371506Z,3136,247.9,11409,OK,OK,OK
2026-08-15T15:15:42.857048Z,3157,248.1,11409,OK,OK,OK
2026-08-15T15:15:48.373031Z,3151,248.1,11409,OK,OK,OK
2026-08-15T15:15:53.897197Z,3156,248.1,11409,OK,OK,OK
2026-08-15T15:15:59.389403Z,3149,247.7,11409,OK,OK,OK
2026-08-15T15:16:04.889372Z,3154,247.8,11409,OK,OK,OK
2026-08-15T15:16:10.423422Z,3161,247.9,11409,OK,OK,OK
2026-08-15T15:16:15.913543Z,3702,247.8,11409,OK,OK,OK
2026-08-15T15:16:21.422146Z,3816,247.7,11409,OK,OK,OK
2026-08-15T15:16:26.943541Z,3163,247.9,11409,OK,OK,OK
2026-08-15T15:16:32.448780Z,3172,247.9,11409,OK,OK,OK
2026-08-15T15:16:37.913751Z,3174,247.8,11409,OK,OK,OK
2026-08-15T15:16:43.427119Z,3165,247.8,11409,OK,OK,OK
2026-08-15T15:16:48.911549Z,3156,247.9,11409,OK,OK,OK
2026-08-15T15:16:54.375972Z,3165,247.8,11409,OK,OK,OK
2026-08-15T15:16:59.839102Z,3169,248.0,11847,OK,OK,OK
2026-08-15T15:17:05.354530Z,3294,247.8,11847,OK,OK,OK
2026-08-15T15:17:10.882861Z,3148,248.0,11847,OK,OK,OK
2026-08-15T15:17:16.395223Z,3161,248.0,11847,OK,OK,OK
2026-08-15T15:17:21.895990Z,3164,248.0,11847,OK,OK,OK
2026-08-15T15:17:27.428770Z,3170,247.9,11847,OK,OK,OK
2026-08-15T15:17:32.972136Z,3154,247.8,11847,OK,OK,OK
2026-08-15T15:17:38.496095Z,3182,248.1,11847,OK,OK,OK
2026-08-15T15:17:43.999393Z,3281,248.0,11847,OK,OK,OK
2026-08-15T15:17:49.497028Z,3707,247.7,11847,OK,OK,OK
2026-08-15T15:17:55.011481Z,3660,247.7,11847,OK,OK,OK
2026-08-15T15:18:00.524910Z,3160,248.0,11847,OK,OK,OK
2026-08-15T15:18:06.035134Z,3168,248.0,11847,OK,OK,OK
2026-08-15T15:18:11.560439Z,3161,247.9,11847,OK,OK,OK
2026-08-15T15:18:17.068059Z,3161,248.0,11847,OK,OK,OK
2026-08-15T15:18:22.552404Z,3219,247.8,11847,OK,OK,OK
2026-08-15T15:18:28.086042Z,3165,248.0,11847,OK,OK,OK
2026-08-15T15:18:33.580900Z,3169,248.0,11847,OK,OK,OK
2026-08-15T15:18:39.047951Z,3176,248.0,11847,OK,OK,OK
2026-08-15T15:18:44.525523Z,3151,248.0,11847,OK,OK,OK
2026-08-15T15:18:50.025604Z,3082,248.0,11847,OK,OK,OK
2026-08-15T15:18:55.529151Z,3217,247.9,11847,OK,OK,OK
2026-08-15T15:19:01.027375Z,3219,247.9,11847,OK,OK,OK
2026-08-15T15:19:06.556105Z,3223,248.0,11847,OK,OK,OK
2026-08-15T15:19:12.074810Z,3254,247.9,11847,OK,OK,OK
2026-08-15T15:19:17.579309Z,3226,247.9,11847,OK,OK,OK
2026-08-15T15:19:23.086429Z,3728,247.7,11847,OK,OK,OK
2026-08-15T15:19:28.603859Z,3718,247.7,11847,OK,OK,OK
2026-08-15T15:19:34.092414Z,3222,247.9,11847,OK,OK,OK
2026-08-15T15:19:39.611436Z,3211,248.0,11847,OK,OK,OK
2026-08-15T15:19:45.098390Z,3204,248.0,11847,OK,OK,OK
2026-08-15T15:19:50.627925Z,3360,248.1,11847,OK,OK,OK
2026-08-15T15:19:56.158463Z,3193,248.1,11847,OK,OK,OK
2026-08-15T15:20:01.665342Z,3193,247.9,11847,OK,OK,OK
2026-08-15T15:20:07.179695Z,3246,248.0,11847,OK,OK,OK
2026-08-15T15:20:12.693818Z,3202,247.9,11847,OK,OK,OK
2026-08-15T15:20:18.229441Z,3092,248.1,11847,OK,OK,OK
2026-08-15T15:20:23.720142Z,3078,248.1,11847,OK,OK,OK
2026-08-15T15:20:29.216753Z,3224,248.0,11847,OK,OK,OK
2026-08-15T15:20:34.741951Z,3107,248.1,11847,OK,OK,OK
2026-08-15T15:20:40.283660Z,3083,248.1,11847,OK,OK,OK
2026-08-15T15:20:45.778714Z,3098,248.2,11847,OK,OK,OK
2026-08-15T15:20:51.291567Z,3087,248.1,11847,OK,OK,OK
2026-08-15T15:20:56.802167Z,3610,247.7,11847,OK,OK,OK
2026-08-15T15:21:02.300566Z,3606,247.9,11847,OK,OK,OK
2026-08-15T15:21:07.803404Z,3096,248.1,11847,OK,OK,OK
2026-08-15T15:21:13.282331Z,3103,248.1,11847,OK,OK,OK
2026-08-15T15:21:18.754527Z,3096,248.1,11847,OK,OK,OK
2026-08-15T15:21:24.281613Z,3120,248.1,11847,OK,OK,OK
2026-08-15T15:21:29.743640Z,3079,248.1,11847,OK,OK,OK
2026-08-15T15:21:35.258496Z,3063,248.3,11847,OK,OK,OK
2026-08-15T15:21:40.723866Z,4520,247.7,11847,OK,OK,OK
2026-08-15T15:21:46.244772Z,3324,248.3,11847,OK,OK,OK
2026-08-15T15:21:51.704979Z,3075,248.3,11847,OK,OK,OK
2026-08-15T15:21:57.217676Z,3074,248.3,11847,OK,OK,OK
2026-08-15T15:22:02.701124Z,3148,248.2,11847,OK,OK,OK
2026-08-15T15:22:08.167911Z,3086,248.2,11847,OK,OK,OK
2026-08-15T15:22:13.688035Z,3092,248.2,11847,OK,OK,OK
2026-08-15T15:22:19.179984Z,3096,248.3,11847,OK,OK,OK
2026-08-15T15:22:24.732053Z,3554,248.1,11847,OK,OK,OK
2026-08-15T15:22:30.253081Z,3670,248.0,11847,OK,OK,OK
2026-08-15T15:22:35.792915Z,3083,248.3,11847,OK,OK,OK
2026-08-15T15:22:41.323652Z,3095,248.3,11847,OK,OK,OK
2026-08-15T15:22:46.838252Z,3250,248.2,11847,OK,OK,OK
2026-08-15T15:22:52.345716Z,3094,248.3,11847,OK,OK,OK
2026-08-15T15:22:57.843860Z,3072,248.2,11847,OK,OK,OK
2026-08-15T15:23:03.330447Z,3085,248.3,11847,OK,OK,OK
2026-08-15T15:23:08.808559Z,3052,248.1,11847,OK,OK,OK
2026-08-15T15:23:14.291798Z,3070,248.3,11847,OK,OK,OK
2026-08-15T15:23:19.799313Z,3065,248.1,11847,OK,OK,OK
2026-08-15T15:23:25.345387Z,3070,248.0,11847,OK,OK,OK
2026-08-15T15:23:30.856421Z,3243,248.2,11847,OK,OK,OK
2026-08-15T15:23:36.348697Z,3239,248.1,11847,OK,OK,OK
2026-08-15T15:23:41.875561Z,3229,248.1,11847,OK,OK,OK
2026-08-15T15:23:47.386159Z,3217,248.1,11847,OK,OK,OK
2026-08-15T15:23:52.875704Z,3694,247.8,11847,OK,OK,OK
2026-08-15T15:23:58.377588Z,3733,247.8,11847,OK,OK,OK
2026-08-15T15:24:03.875966Z,3224,248.2,11847,OK,OK,OK
2026-08-15T15:24:09.393396Z,3379,247.2,11847,OK,OK,OK
2026-08-15T15:24:14.976960Z,3210,248.0,11847,OK,OK,OK
2026-08-15T15:24:20.486361Z,3206,247.9,11847,OK,OK,OK
2026-08-15T15:24:26.009880Z,3189,248.0,11847,OK,OK,OK
2026-08-15T15:24:31.513999Z,3196,248.1,11847,OK,OK,OK
2026-08-15T15:24:36.989029Z,3189,248.1,11847,OK,OK,OK
2026-08-15T15:24:42.504879Z,3088,248.0,11847,OK,OK,OK
2026-08-15T15:24:47.965274Z,3081,248.0,11847,OK,OK,OK
2026-08-15T15:24:53.420864Z,3112,247.9,11847,OK,OK,OK
2026-08-15T15:24:58.936171Z,3096,248.0,11847,OK,OK,OK
2026-08-15T15:25:04.395842Z,3088,248.0,11847,OK,OK,OK
2026-08-15T15:25:09.904035Z,3101,248.0,11847,OK,OK,OK
2026-08-15T15:25:15.424882Z,3089,248.0,11847,OK,OK,OK
2026-08-15T15:25:20.910207Z,3531,247.8,11847,OK,OK,OK
2026-08-15T15:25:26.451969Z,5214,247.0,11847,OK,OK,OK
2026-08-15T15:25:31.938971Z,4732,247.3,11847,OK,OK,OK
2026-08-15T15:25:37.434673Z,4720,247.2,11847,OK,OK,OK
2026-08-15T15:25:42.956645Z,4699,247.2,11847,OK,OK,OK
2026-08-15T15:25:48.430525Z,4678,247.3,11847,OK,OK,OK
2026-08-15T15:25:53.952109Z,4694,247.2,11847,OK,OK,OK
2026-08-15T15:25:59.530120Z,4719,247.3,11847,OK,OK,OK
2026-08-15T15:26:05.031007Z,4718,247.4,11847,OK,OK,OK
2026-08-15T15:26:10.557076Z,4714,247.2,11847,OK,OK,OK
2026-08-15T15:26:16.031206Z,4685,247.2,11847,OK,OK,OK
2026-08-15T15:26:21.546895Z,4675,247.2,11847,OK,OK,OK
2026-08-15T15:26:27.045771Z,4654,247.2,11847,OK,OK,OK
2026-08-15T15:26:32.546683Z,4654,247.4,11847,OK,OK,OK
2026-08-15T15:26:38.043331Z,4656,247.2,11847,OK,OK,OK
2026-08-15T15:26:43.579222Z,4662,247.2,11847,OK,OK,OK
2026-08-15T15:26:49.090639Z,4669,247.1,11847,OK,OK,OK
2026-08-15T15:26:54.617073Z,5194,247.0,11847,OK,OK,OK
2026-08-15T15:27:00.135444Z,4682,247.0,11847,OK,OK,OK
2026-08-15T15:27:05.626387Z,4682,247.0,11847,OK,OK,OK
2026-08-15T15:27:11.127856Z,4680,247.0,11847,OK,OK,OK
2026-08-15T15:27:16.609563Z,4676,247.0,11847,OK,OK,OK
2026-08-15T15:27:22.092245Z,4813,246.9,11847,OK,OK,OK
2026-08-15T15:27:27.609184Z,4822,247.0,11847,OK,OK,OK
2026-08-15T15:27:33.105778Z,4798,246.9,11847,OK,OK,OK
2026-08-15T15:27:38.570772Z,4794,246.8,11847,OK,OK,OK
2026-08-15T15:27:44.054079Z,4870,246.9,11847,OK,OK,OK
2026-08-15T15:27:49.578028Z,4796,246.9,11847,OK,OK,OK
2026-08-15T15:27:55.038794Z,4800,246.8,11847,OK,OK,OK
2026-08-15T15:28:00.563352Z,4803,246.7,11847,OK,OK,OK
2026-08-15T15:28:06.028247Z,4793,246.7,11847,OK,OK,OK
2026-08-15T15:28:11.527552Z,4799,246.7,11847,OK,OK,OK
2026-08-15T15:28:17.040065Z,4805,246.7,11847,OK,OK,OK
2026-08-15T15:28:22.540682Z,4807,246.8,11847,OK,OK,OK
2026-08-15T15:28:28.052525Z,4851,246.9,11847,OK,OK,OK
2026-08-15T15:28:33.549534Z,4820,246.8,11847,OK,OK,OK
2026-08-15T15:28:39.058851Z,4810,246.8,11847,OK,OK,OK
2026-08-15T15:28:44.546005Z,4813,246.8,11847,OK,OK,OK
2026-08-15T15:28:50.066187Z,4827,246.8,11847,OK,OK,OK
2026-08-15T15:28:55.526329Z,4839,246.9,11847,OK,OK,OK
2026-08-15T15:29:01.062447Z,4829,246.9,11847,OK,OK,OK
2026-08-15T15:29:06.594281Z,4979,246.8,11847,OK,OK,OK
2026-08-15T15:29:12.109250Z,4839,246.9,11847,OK,OK,OK
2026-08-15T15:29:17.633931Z,4858,247.0,11847,OK,OK,OK
2026-08-15T15:29:23.154724Z,4855,246.9,11847,OK,OK,OK
2026-08-15T15:29:28.666393Z,4864,246.9,11847,OK,OK,OK
2026-08-15T15:29:34.188754Z,4882,246.9,11847,OK,OK,OK
2026-08-15T15:29:39.699446Z,4872,246.7,11847,OK,OK,OK
2026-08-15T15:29:45.204457Z,4942,246.8,11847,OK,OK,OK
2026-08-15T15:29:50.704406Z,4863,246.7,11847,OK,OK,OK
2026-08-15T15:29:56.211653Z,4924,246.8,11847,OK,OK,OK
2026-08-15T15:30:01.720035Z,4927,246.8,11847,OK,OK,OK
2026-08-15T15:30:07.264854Z,4929,246.8,11847,OK,OK,OK
2026-08-15T15:30:12.785975Z,4920,246.8,11847,OK,OK,OK
2026-08-15T15:30:18.281570Z,4942,246.9,11847,OK,OK,OK
2026-08-15T15:30:23.769505Z,4963,246.9,11847,OK,OK,OK
2026-08-15T15:30:29.266293Z,5000,246.9,11847,OK,OK,OK
2026-08-15T15:30:34.785166Z,4963,246.8,11847,OK,OK,OK
2026-08-15T15:30:40.278290Z,4957,247.2,11847,OK,OK,OK
2026-08-15T15:30:45.800632Z,4966,247.2,11847,OK,OK,OK
2026-08-15T15:30:51.328865Z,4927,245.9,11847,OK,OK,OK
2026-08-15T15:30:56.820970Z,4948,246.2,11847,OK,OK,OK
2026-08-15T15:31:02.344380Z,4933,246.2,11847,OK,OK,OK
2026-08-15T15:31:07.850600Z,5013,246.0,11847,OK,OK,OK
2026-08-15T15:31:13.346449Z,4944,246.0,11847,OK,OK,OK
2026-08-15T15:31:18.852049Z,4827,246.1,11847,OK,OK,OK
2026-08-15T15:31:24.326693Z,4812,246.1,11847,OK,OK,OK
2026-08-15T15:31:29.836763Z,4826,246.2,11847,OK,OK,OK
2026-08-15T15:31:35.353363Z,4828,246.2,11847,OK,OK,OK
2026-08-15T15:31:40.807926Z,4824,246.2,11847,OK,OK,OK
2026-08-15T15:31:46.344875Z,4828,246.2,11847,OK,OK,OK
2026-08-15T15:31:51.817408Z,4666,246.3,11847,OK,OK,OK
2026-08-15T15:31:57.353277Z,4612,246.4,11847,OK,OK,OK
2026-08-15T15:32:02.846179Z,4621,246.4,11847,OK,OK,OK
2026-08-15T15:32:08.345274Z,4612,246.4,11847,OK,OK,OK
2026-08-15T15:32:13.826479Z,4623,246.3,11847,OK,OK,OK
2026-08-15T15:32:19.292281Z,4609,246.3,12011,OK,OK,OK
2026-08-15T15:32:24.812676Z,4593,246.2,12011,OK,OK,OK
2026-08-15T15:32:30.338168Z,4728,246.2,12011,OK,OK,OK
2026-08-15T15:32:35.845423Z,4727,246.2,12011,OK,OK,OK
2026-08-15T15:32:41.349825Z,4708,246.2,12011,OK,OK,OK
2026-08-15T15:32:46.832045Z,3346,246.8,12011,OK,OK,OK
2026-08-15T15:32:52.349442Z,3355,246.8,12011,OK,OK,OK
2026-08-15T15:32:57.878821Z,3335,246.8,12011,OK,OK,OK
2026-08-15T15:33:03.401813Z,3341,246.8,12011,OK,OK,OK
2026-08-15T15:33:08.892516Z,3364,246.8,12011,OK,OK,OK
2026-08-15T15:33:14.424096Z,3365,246.8,12011,OK,OK,OK
2026-08-15T15:33:19.959063Z,3356,246.8,12011,OK,OK,OK
2026-08-15T15:33:25.470001Z,3375,246.7,12011,OK,OK,OK
2026-08-15T15:33:30.966156Z,3369,246.7,12011,OK,OK,OK
2026-08-15T15:33:36.496512Z,3356,246.8,12011,OK,OK,OK
2026-08-15T15:33:42.001460Z,3347,246.6,12011,OK,OK,OK
2026-08-15T15:33:47.486187Z,3305,246.8,12011,OK,OK,OK
2026-08-15T15:33:53.011221Z,4717,246.3,12011,OK,OK,OK
2026-08-15T15:33:58.499395Z,3544,246.8,12011,OK,OK,OK
2026-08-15T15:34:04.021282Z,3305,246.8,12011,OK,OK,OK
2026-08-15T15:34:09.508896Z,3308,246.7,12011,OK,OK,OK
2026-08-15T15:34:15.068588Z,3309,246.7,12011,OK,OK,OK
2026-08-15T15:34:20.569239Z,3534,247.0,12011,OK,OK,OK
2026-08-15T15:34:26.068046Z,3302,247.2,12011,OK,OK,OK
2026-08-15T15:34:31.577217Z,3316,247.2,12011,OK,OK,OK
2026-08-15T15:34:37.104522Z,3316,247.1,12011,OK,OK,OK
2026-08-15T15:34:42.651986Z,3312,247.2,12011,OK,OK,OK
2026-08-15T15:34:48.182022Z,3307,247.2,12011,OK,OK,OK
2026-08-15T15:34:53.693191Z,3308,247.2,12011,OK,OK,OK
2026-08-15T15:34:59.171701Z,3314,247.1,12011,OK,OK,OK
2026-08-15T15:35:04.671452Z,1696,248.0,12011,OK,OK,OK
2026-08-15T15:35:10.167338Z,1691,247.7,12011,OK,OK,OK
2026-08-15T15:35:15.717118Z,1694,247.8,12011,OK,OK,OK
2026-08-15T15:35:21.233159Z,1729,247.8,12011,OK,OK,OK
2026-08-15T15:35:26.708798Z,1704,247.9,12011,OK,OK,OK
2026-08-15T15:35:32.207622Z,1710,247.7,12011,OK,OK,OK
2026-08-15T15:35:37.728688Z,1845,247.7,12011,OK,OK,OK
2026-08-15T15:35:43.259369Z,1707,247.7,12011,OK,OK,OK
2026-08-15T15:35:48.739864Z,1705,247.8,12011,OK,OK,OK
2026-08-15T15:35:54.275932Z,1726,247.7,12011,OK,OK,OK
2026-08-15T15:35:59.799567Z,1706,247.7,12011,OK,OK,OK
2026-08-15T15:36:05.335119Z,1794,247.7,12011,OK,OK,OK
2026-08-15T15:36:10.841202Z,1805,247.7,12011,OK,OK,OK
2026-08-15T15:36:16.352168Z,1930,247.5,12011,OK,OK,OK
2026-08-15T15:36:21.861818Z,1814,247.5,12011,OK,OK,OK
2026-08-15T15:36:27.362925Z,1847,247.6,12011,OK,OK,OK
2026-08-15T15:36:32.889864Z,1814,247.6,12011,OK,OK,OK
2026-08-15T15:36:38.389342Z,1816,247.7,12011,OK,OK,OK
2026-08-15T15:36:43.914745Z,1848,247.6,12011,OK,OK,OK
2026-08-15T15:36:49.407239Z,1809,247.5,12011,OK,OK,OK
2026-08-15T15:36:54.916797Z,1810,247.5,12011,OK,OK,OK
2026-08-15T15:37:00.370121Z,1830,247.6,12011,OK,OK,OK
2026-08-15T15:37:05.874865Z,1804,247.6,12011,OK,OK,OK
2026-08-15T15:37:11.385067Z,1795,247.6,12011,OK,OK,OK
2026-08-15T15:37:16.907880Z,1789,247.7,12011,OK,OK,OK
2026-08-15T15:37:22.442069Z,1786,247.5,12011,OK,OK,OK
2026-08-15T15:37:27.963739Z,1787,247.5,12011,OK,OK,OK
2026-08-15T15:37:33.441939Z,1782,247.7,12011,OK,OK,OK
2026-08-15T15:37:38.953149Z,1926,247.6,12011,OK,OK,OK
2026-08-15T15:37:44.467135Z,1786,247.7,12011,OK,OK,OK
2026-08-15T15:37:49.971511Z,1778,247.9,12011,OK,OK,OK
2026-08-15T15:37:55.465616Z,1795,248.1,12011,OK,OK,OK
2026-08-15T15:38:00.962793Z,1790,248.1,12011,OK,OK,OK
2026-08-15T15:38:06.482731Z,1772,248.1,12011,OK,OK,OK
2026-08-15T15:38:11.925515Z,1772,248.1,12011,OK,OK,OK
2026-08-15T15:38:17.461869Z,1793,248.1,12011,OK,OK,OK
2026-08-15T15:38:22.977766Z,1845,248.0,12011,OK,OK,OK
2026-08-15T15:38:28.452523Z,1772,248.0,12011,OK,OK,OK
2026-08-15T15:38:33.934719Z,1765,248.1,12011,OK,OK,OK
2026-08-15T15:38:39.430667Z,1763,248.1,12011,OK,OK,OK
2026-08-15T15:38:44.927740Z,1766,248.1,12011,OK,OK,OK
2026-08-15T15:38:50.449239Z,1770,248.1,12011,OK,OK,OK
2026-08-15T15:38:55.958445Z,1775,248.1,12011,OK,OK,OK
2026-08-15T15:39:01.430307Z,1771,248.1,12011,OK,OK,OK
2026-08-15T15:39:06.939486Z,1882,247.9,12011,OK,OK,OK
2026-08-15T15:39:12.449608Z,1659,248.1,12011,OK,OK,OK
2026-08-15T15:39:17.982890Z,1658,248.1,12011,OK,OK,OK
2026-08-15T15:39:23.479674Z,1665,248.1,12011,OK,OK,OK
2026-08-15T15:39:28.995749Z,1661,248.0,12011,OK,OK,OK
2026-08-15T15:39:34.499835Z,1671,248.0,12011,OK,OK,OK
2026-08-15T15:39:40.011435Z,1668,248.0,12011,OK,OK,OK
2026-08-15T15:39:45.529350Z,1811,247.8,12011,OK,OK,OK
2026-08-15T15:39:51.024029Z,1656,248.0,12011,OK,OK,OK
2026-08-15T15:39:56.539427Z,1656,247.8,12011,OK,OK,OK
2026-08-15T15:40:02.075110Z,1654,247.8,12011,OK,OK,OK
2026-08-15T15:40:07.591159Z,1655,247.9,12011,OK,OK,OK
2026-08-15T15:40:13.125014Z,1650,247.9,12011,OK,OK,OK
2026-08-15T15:40:18.660218Z,1654,247.8,12011,OK,OK,OK
2026-08-15T15:40:24.162320Z,1750,247.9,12011,OK,OK,OK
2026-08-15T15:40:29.681631Z,1643,247.8,12011,OK,OK,OK
2026-08-15T15:40:35.196705Z,1641,248.0,12011,OK,OK,OK
2026-08-15T15:40:40.683050Z,1647,248.0,12011,OK,OK,OK
2026-08-15T15:40:46.181838Z,1642,248.0,12011,OK,OK,OK
2026-08-15T15:40:51.719242Z,1637,247.9,12011,OK,OK,OK
2026-08-15T15:40:57.229872Z,1642,247.9,12011,OK,OK,OK
2026-08-15T15:41:02.719623Z,1732,248.0,12011,OK,OK,OK
2026-08-15T15:41:08.253963Z,1642,248.0,12011,OK,OK,OK
2026-08-15T15:41:13.772778Z,1650,248.1,12011,OK,OK,OK
2026-08-15T15:41:19.302453Z,1664,247.9,12011,OK,OK,OK
2026-08-15T15:41:24.833722Z,1649,247.9,12011,OK,OK,OK
2026-08-15T15:41:30.341101Z,1652,247.9,12011,OK,OK,OK
2026-08-15T15:41:35.845944Z,1654,247.8,12011,OK,OK,OK
2026-08-15T15:41:41.333742Z,1657,247.9,12011,OK,OK,OK
2026-08-15T15:41:46.892566Z,1655,247.9,12011,OK,OK,OK
2026-08-15T15:41:52.427137Z,1650,247.9,12011,OK,OK,OK
2026-08-15T15:41:57.922570Z,1655,248.0,12011,OK,OK,OK
2026-08-15T15:42:03.409475Z,1650,247.9,12011,OK,OK,OK
2026-08-15T15:42:08.926511Z,1649,248.0,12011,OK,OK,OK
2026-08-15T15:42:14.450899Z,1653,247.9,12011,OK,OK,OK
2026-08-15T15:42:19.978527Z,1650,247.9,12011,OK,OK,OK
2026-08-15T15:42:25.463127Z,1647,248.0,12011,OK,OK,OK
2026-08-15T15:42:30.988703Z,1641,248.0,12011,OK,OK,OK
2026-08-15T15:42:36.483733Z,1631,248.0,12011,OK,OK,OK
2026-08-15T15:42:41.977421Z,1625,248.0,12011,OK,OK,OK
2026-08-15T15:42:47.509390Z,1623,247.9,12011,OK,OK,OK
2026-08-15T15:42:52.988127Z,1632,248.0,12011,OK,OK,OK
2026-08-15T15:42:58.505767Z,1616,248.1,12011,OK,OK,OK
2026-08-15T15:43:04.004924Z,1616,248.0,12011,OK,OK,OK
2026-08-15T15:43:09.494591Z,1626,248.0,12011,OK,OK,OK
2026-08-15T15:43:15.007643Z,1607,248.1,12011,OK,OK,OK
2026-08-15T15:43:20.518778Z,1611,248.1,12011,OK,OK,OK
2026-08-15T15:43:25.975983Z,1605,248.1,12011,OK,OK,OK
2026-08-15T15:43:31.489937Z,1605,248.1,12011,OK,OK,OK
2026-08-15T15:43:36.971305Z,1604,248.3,12011,OK,OK,OK
2026-08-15T15:43:42.459656Z,1595,248.1,12011,OK,OK,OK
2026-08-15T15:43:47.982817Z,1630,248.0,12011,OK,OK,OK
2026-08-15T15:43:53.520455Z,1616,248.0,12011,OK,OK,OK
2026-08-15T15:43:59.011147Z,1610,248.0,12011,OK,OK,OK
2026-08-15T15:44:04.531750Z,1612,248.0,12011,OK,OK,OK
2026-08-15T15:44:10.018702Z,1619,248.1,12011,OK,OK,OK
2026-08-15T15:44:15.538812Z,1614,247.7,12011,OK,OK,OK
2026-08-15T15:44:21.020653Z,1627,248.2,12011,OK,OK,OK
2026-08-15T15:44:26.523955Z,1624,248.2,12011,OK,OK,OK
2026-08-15T15:44:32.012663Z,1734,248.1,12011,OK,OK,OK
2026-08-15T15:44:37.525969Z,1630,248.1,12011,OK,OK,OK
2026-08-15T15:44:43.052698Z,1625,248.1,12011,OK,OK,OK
2026-08-15T15:44:48.563948Z,1631,248.1,12011,OK,OK,OK
2026-08-15T15:44:54.072554Z,1765,247.9,12011,OK,OK,OK
2026-08-15T15:44:59.578424Z,1764,247.9,12011,OK,OK,OK
2026-08-15T15:45:05.052103Z,1766,248.0,12011,OK,OK,OK
2026-08-15T15:45:10.552751Z,1756,247.3,12011,OK,OK,OK
2026-08-15T15:45:16.090926Z,1774,247.0,12011,OK,OK,OK
2026-08-15T15:45:21.629779Z,1754,247.0,12011,OK,OK,OK
2026-08-15T15:45:27.127537Z,1758,247.0,12011,OK,OK,OK
2026-08-15T15:45:32.665569Z,1755,247.0,12011,OK,OK,OK
2026-08-15T15:45:38.169812Z,1750,247.1,12011,OK,OK,OK
2026-08-15T15:45:43.670734Z,1742,247.0,12011,OK,OK,OK
2026-08-15T15:45:49.182672Z,1756,247.0,12011,OK,OK,OK
2026-08-15T15:45:54.697329Z,1637,247.1,12011,OK,OK,OK
2026-08-15T15:46:00.197717Z,1624,247.2,12011,OK,OK,OK
2026-08-15T15:46:05.728918Z,3262,246.6,12011,OK,OK,OK
2026-08-15T15:46:11.244220Z,3264,246.6,12011,OK,OK,OK
2026-08-15T15:46:16.773960Z,3248,246.6,12011,OK,OK,OK
2026-08-15T15:46:22.301995Z,3237,246.6,12011,OK,OK,OK
2026-08-15T15:46:27.761942Z,3236,246.5,12011,OK,OK,OK
2026-08-15T15:46:33.252833Z,3342,246.6,12011,OK,OK,OK
2026-08-15T15:46:38.795218Z,3244,246.3,12011,OK,OK,OK
2026-08-15T15:46:44.272797Z,3308,246.4,12011,OK,OK,OK
2026-08-15T15:46:49.774025Z,3320,246.4,12011,OK,OK,OK
2026-08-15T15:46:55.270744Z,3318,246.4,12011,OK,OK,OK
2026-08-15T15:47:00.752988Z,3322,246.4,12011,OK,OK,OK
2026-08-15T15:47:06.219159Z,3318,246.4,12011,OK,OK,OK
2026-08-15T15:47:11.715463Z,3312,246.4,12011,OK,OK,OK
2026-08-15T15:47:17.233807Z,3287,246.3,12011,OK,OK,OK
2026-08-15T15:47:22.776413Z,3299,246.3,12011,OK,OK,OK
2026-08-15T15:47:28.273735Z,3301,246.4,12011,OK,OK,OK
2026-08-15T15:47:33.771542Z,3265,246.4,12011,OK,OK,OK
2026-08-15T15:47:39.269115Z,3363,246.3,12574,OK,OK,OK
2026-08-15T15:47:44.784955Z,4799,245.8,12574,OK,OK,OK
2026-08-15T15:47:50.279725Z,3380,246.3,12574,OK,OK,OK
2026-08-15T15:47:55.783156Z,3417,246.2,12574,OK,OK,OK
2026-08-15T15:48:01.315113Z,3531,246.2,12574,OK,OK,OK
2026-08-15T15:48:06.835461Z,3405,246.2,12574,OK,OK,OK
2026-08-15T15:48:12.347654Z,3396,246.2,12574,OK,OK,OK
2026-08-15T15:48:17.880620Z,3409,246.2,12574,OK,OK,OK
2026-08-15T15:48:23.367718Z,3416,246.3,12574,OK,OK,OK
2026-08-15T15:48:28.868689Z,3413,246.5,12574,OK,OK,OK
2026-08-15T15:48:34.363113Z,3405,246.2,12574,OK,OK,OK
2026-08-15T15:48:39.883706Z,3415,246.2,12574,OK,OK,OK
2026-08-15T15:48:45.413524Z,3414,246.2,12574,OK,OK,OK
2026-08-15T15:48:50.921047Z,3408,246.2,12574,OK,OK,OK
2026-08-15T15:48:56.471127Z,3398,246.2,12574,OK,OK,OK
2026-08-15T15:49:01.985430Z,3394,246.2,12574,OK,OK,OK
2026-08-15T15:49:07.499279Z,3393,246.2,12574,OK,OK,OK
2026-08-15T15:49:12.993722Z,3357,246.2,12574,OK,OK,OK
2026-08-15T15:49:18.531101Z,3444,246.2,12574,OK,OK,OK
2026-08-15T15:49:24.094750Z,3354,246.2,12574,OK,OK,OK
2026-08-15T15:49:29.618088Z,3358,246.2,12574,OK,OK,OK
2026-08-15T15:49:35.135728Z,3364,246.2,12574,OK,OK,OK
2026-08-15T15:49:40.670540Z,3376,246.3,12574,OK,OK,OK
2026-08-15T15:49:46.159439Z,3380,246.3,12574,OK,OK,OK
2026-08-15T15:49:51.661012Z,3379,246.3,12574,OK,OK,OK
2026-08-15T15:49:57.189646Z,3507,246.4,12574,OK,OK,OK
2026-08-15T15:50:02.711014Z,3390,246.5,12574,OK,OK,OK
2026-08-15T15:50:08.253275Z,3385,246.3,12574,OK,OK,OK
2026-08-15T15:50:13.781930Z,3384,246.5,12574,OK,OK,OK
2026-08-15T15:50:19.296096Z,3377,246.3,12574,OK,OK,OK
2026-08-15T15:50:24.842085Z,3367,246.5,12574,OK,OK,OK
2026-08-15T15:50:30.339704Z,3369,247.1,12574,OK,OK,OK
2026-08-15T15:50:35.857266Z,3424,247.0,12574,OK,OK,OK
2026-08-15T15:50:41.332518Z,3359,247.0,12574,OK,OK,OK
2026-08-15T15:50:46.851825Z,3358,247.0,12574,OK,OK,OK
2026-08-15T15:50:52.369254Z,3361,247.2,12574,OK,OK,OK
2026-08-15T15:50:57.893373Z,3399,247.1,12574,OK,OK,OK
2026-08-15T15:51:03.406727Z,3403,247.0,12574,OK,OK,OK
2026-08-15T15:51:08.921799Z,3405,247.0,12574,OK,OK,OK
2026-08-15T15:51:14.400007Z,3559,247.0,12574,OK,OK,OK
2026-08-15T15:51:19.899094Z,3408,247.1,12574,OK,OK,OK
2026-08-15T15:51:25.409077Z,3402,247.1,12574,OK,OK,OK
2026-08-15T15:51:30.953325Z,3396,247.1,12574,OK,OK,OK
2026-08-15T15:51:36.442678Z,3391,247.1,12574,OK,OK,OK
2026-08-15T15:51:41.974691Z,3396,247.0,12574,OK,OK,OK
2026-08-15T15:51:47.462543Z,3400,247.1,12574,OK,OK,OK
2026-08-15T15:51:52.934977Z,3402,247.2,12574,OK,OK,OK
2026-08-15T15:51:58.443660Z,3392,247.2,12574,OK,OK,OK
2026-08-15T15:52:03.947616Z,3398,247.5,12574,OK,OK,OK
2026-08-15T15:52:09.450695Z,3401,247.4,12574,OK,OK,OK
2026-08-15T15:52:14.982889Z,3415,247.5,12574,OK,OK,OK
2026-08-15T15:52:20.477505Z,3392,247.4,12574,OK,OK,OK
2026-08-15T15:52:25.989394Z,3388,247.4,12574,OK,OK,OK
2026-08-15T15:52:31.473783Z,3387,247.5,12574,OK,OK,OK
2026-08-15T15:52:36.987402Z,3392,247.6,12574,OK,OK,OK
2026-08-15T15:52:42.492636Z,3506,247.5,12574,OK,OK,OK
2026-08-15T15:52:48.021479Z,3385,247.4,12574,OK,OK,OK
2026-08-15T15:52:53.526657Z,3385,247.4,12574,OK,OK,OK
2026-08-15T15:52:59.003978Z,3387,247.4,12574,OK,OK,OK
2026-08-15T15:53:04.482495Z,3398,247.5,12574,OK,OK,OK
2026-08-15T15:53:09.955575Z,3392,247.4,12574,OK,OK,OK
2026-08-15T15:53:15.454336Z,3397,247.4,12574,OK,OK,OK
2026-08-15T15:53:20.951279Z,3402,247.4,12574,OK,OK,OK
2026-08-15T15:53:26.466621Z,3509,247.5,12574,OK,OK,OK
2026-08-15T15:53:31.995596Z,3410,247.5,12574,OK,OK,OK
2026-08-15T15:53:37.494386Z,3401,247.6,12574,OK,OK,OK
2026-08-15T15:53:43.008410Z,3399,247.5,12574,OK,OK,OK
2026-08-15T15:53:48.518752Z,3403,247.4,12574,OK,OK,OK
2026-08-15T15:53:54.033007Z,3397,247.4,12574,OK,OK,OK
2026-08-15T15:53:59.556492Z,3398,247.4,12574,OK,OK,OK
2026-08-15T15:54:05.073673Z,3455,247.6,12574,OK,OK,OK
2026-08-15T15:54:10.581213Z,3389,247.6,12574,OK,OK,OK
2026-08-15T15:54:16.096363Z,3404,247.6,12574,OK,OK,OK
2026-08-15T15:54:21.639637Z,3403,247.6,12574,OK,OK,OK
2026-08-15T15:54:27.138085Z,3404,247.6,12574,OK,OK,OK
2026-08-15T15:54:32.715022Z,3416,247.6,12574,OK,OK,OK
2026-08-15T15:54:38.212570Z,3408,247.6,12574,OK,OK,OK
2026-08-15T15:54:43.678946Z,3482,247.5,12574,OK,OK,OK
2026-08-15T15:54:49.190799Z,3392,247.5,12574,OK,OK,OK
2026-08-15T15:54:54.693720Z,3377,247.5,12574,OK,OK,OK
2026-08-15T15:55:00.218880Z,3388,247.5,12574,OK,OK,OK
2026-08-15T15:55:05.736724Z,3386,247.4,12574,OK,OK,OK
2026-08-15T15:55:11.251035Z,3410,247.4,12574,OK,OK,OK
2026-08-15T15:55:16.764846Z,3410,247.4,12574,OK,OK,OK
2026-08-15T15:55:22.251728Z,3546,247.5,12574,OK,OK,OK
2026-08-15T15:55:27.759777Z,3419,247.6,12574,OK,OK,OK
2026-08-15T15:55:33.244208Z,3389,247.6,12574,OK,OK,OK
2026-08-15T15:55:38.795365Z,3397,247.5,12574,OK,OK,OK
2026-08-15T15:55:44.286292Z,3392,247.5,12574,OK,OK,OK
2026-08-15T15:55:49.799002Z,3398,247.5,12574,OK,OK,OK
2026-08-15T15:55:55.285122Z,3398,247.5,12574,OK,OK,OK
2026-08-15T15:56:00.796797Z,3401,247.5,12574,OK,OK,OK
2026-08-15T15:56:06.308140Z,3522,247.5,12574,OK,OK,OK
2026-08-15T15:56:11.794895Z,3413,247.4,12574,OK,OK,OK
2026-08-15T15:56:17.309474Z,3412,247.4,12574,OK,OK,OK
2026-08-15T15:56:22.835491Z,3418,247.4,12574,OK,OK,OK
2026-08-15T15:56:28.321659Z,3427,247.4,12574,OK,OK,OK
2026-08-15T15:56:33.877768Z,3414,247.4,12574,OK,OK,OK
2026-08-15T15:56:39.368237Z,3406,247.4,12574,OK,OK,OK
2026-08-15T15:56:44.866805Z,3399,247.4,12574,OK,OK,OK
2026-08-15T15:56:50.363227Z,3397,247.4,12574,OK,OK,OK
2026-08-15T15:56:55.897135Z,3398,247.4,12574,OK,OK,OK
2026-08-15T15:57:01.396653Z,3417,247.4,12574,OK,OK,OK
2026-08-15T15:57:06.908315Z,1767,248.2,12574,OK,OK,OK
2026-08-15T15:57:12.436332Z,1782,248.2,12574,OK,OK,OK
2026-08-15T15:57:17.974730Z,1755,248.0,12574,OK,OK,OK
2026-08-15T15:57:23.479209Z,1756,248.1,12574,OK,OK,OK
2026-08-15T15:57:28.995267Z,3177,247.3,12574,OK,OK,OK
2026-08-15T15:57:34.516821Z,4755,246.6,12574,OK,OK,OK
2026-08-15T15:57:40.057064Z,3523,247.1,12574,OK,OK,OK
2026-08-15T15:57:45.521971Z,3266,247.2,12574,OK,OK,OK
2026-08-15T15:57:51.026953Z,3237,247.2,12574,OK,OK,OK
2026-08-15T15:57:56.505983Z,3222,247.2,12574,OK,OK,OK
2026-08-15T15:58:02.559707Z,3596,247.2,12574,OK,OK,OK
2026-08-15T15:58:08.066118Z,3200,247.3,12574,OK,OK,OK
2026-08-15T15:58:13.517849Z,3196,247.3,12574,OK,OK,OK
2026-08-15T15:58:19.036907Z,3189,247.2,12574,OK,OK,OK
2026-08-15T15:58:24.514732Z,3188,247.2,12574,OK,OK,OK
2026-08-15T15:58:29.999537Z,3190,247.2,12574,OK,OK,OK
2026-08-15T15:58:35.529681Z,3096,247.3,12574,OK,OK,OK
2026-08-15T15:58:41.033577Z,3094,247.3,12574,OK,OK,OK
2026-08-15T15:58:46.533556Z,3093,247.2,12574,OK,OK,OK
2026-08-15T15:58:52.030761Z,3085,247.1,12574,OK,OK,OK
2026-08-15T15:58:57.502949Z,3156,247.2,12574,OK,OK,OK
2026-08-15T15:59:02.970357Z,3084,247.1,12574,OK,OK,OK
2026-08-15T15:59:08.491267Z,3083,247.1,12574,OK,OK,OK
2026-08-15T15:59:13.998204Z,3085,247.2,12574,OK,OK,OK
2026-08-15T15:59:19.494507Z,3089,247.3,12574,OK,OK,OK
2026-08-15T15:59:24.980805Z,3092,247.2,12574,OK,OK,OK
2026-08-15T15:59:30.500297Z,3085,247.0,12574,OK,OK,OK
2026-08-15T15:59:35.989312Z,3093,246.9,12574,OK,OK,OK
2026-08-15T15:59:41.494884Z,3165,246.9,12574,OK,OK,OK
2026-08-15T15:59:49.975424Z,3081,246.9,12574,OK,OK,OK
2026-08-15T15:59:55.466008Z,3192,246.8,12574,OK,OK,OK
2026-08-15T16:00:00.968285Z,3081,246.9,12574,OK,OK,OK
2026-08-15T16:00:06.761853Z,3084,246.9,12574,OK,OK,OK
2026-08-15T16:00:12.247580Z,3079,246.9,12574,OK,OK,OK
2026-08-15T16:00:20.728732Z,3080,246.9,12574,OK,OK,OK
2026-08-15T16:00:26.224580Z,3075,247.0,12574,OK,OK,OK
2026-08-15T16:00:31.759392Z,3076,246.9,12574,OK,OK,OK
2026-08-15T16:00:37.251854Z,3157,246.9,12574,OK,OK,OK
2026-08-15T16:00:42.773009Z,3083,246.9,12574,OK,OK,OK
2026-08-15T16:00:48.252865Z,3066,246.9,12574,OK,OK,OK
2026-08-15T16:00:53.733975Z,3067,246.9,12574,OK,OK,OK
2026-08-15T16:00:59.772042Z,3218,246.9,12574,OK,OK,OK
2026-08-15T16:01:05.294009Z,3072,246.9,12574,OK,OK,OK
2026-08-15T16:01:10.811470Z,3059,246.8,12574,OK,OK,OK
2026-08-15T16:01:16.319017Z,3069,246.8,12574,OK,OK,OK
2026-08-15T16:01:21.828356Z,3060,246.8,12574,OK,OK,OK
2026-08-15T16:01:27.312952Z,3053,246.9,12574,OK,OK,OK
2026-08-15T16:01:32.822395Z,3053,246.7,12574,OK,OK,OK
2026-08-15T16:01:38.297455Z,3059,246.9,12574,OK,OK,OK
2026-08-15T16:01:43.826907Z,3151,246.8,12574,OK,OK,OK
2026-08-15T16:01:49.360090Z,3055,246.8,12574,OK,OK,OK
2026-08-15T16:01:54.855604Z,3063,246.9,12574,OK,OK,OK
2026-08-15T16:02:00.329777Z,3059,246.8,12574,OK,OK,OK
2026-08-15T16:02:05.874675Z,3062,246.9,12574,OK,OK,OK
2026-08-15T16:02:11.345951Z,3056,246.9,12574,OK,OK,OK
2026-08-15T16:02:16.827182Z,3071,246.9,12574,OK,OK,OK
2026-08-15T16:02:22.327864Z,3066,246.9,12574,OK,OK,OK
2026-08-15T16:02:27.791481Z,3063,246.8,12574,OK,OK,OK
2026-08-15T16:02:33.310574Z,3069,246.8,12574,OK,OK,OK
2026-08-15T16:02:38.787812Z,3066,246.9,12574,OK,OK,OK
2026-08-15T16:02:44.306500Z,3059,246.8,12574,OK,OK,OK
2026-08-15T16:02:49.799933Z,3060,246.8,12574,OK,OK,OK
2026-08-15T16:02:55.285682Z,3064,246.9,13192,OK,OK,OK
2026-08-15T16:03:00.748788Z,3059,246.9,13192,OK,OK,OK
2026-08-15T16:03:06.244918Z,3065,246.9,13192,OK,OK,OK
2026-08-15T16:03:11.726223Z,3058,246.9,13192,OK,OK,OK
2026-08-15T16:03:17.229057Z,3086,246.7,13192,OK,OK,OK
2026-08-15T16:03:22.764555Z,3069,246.9,13192,OK,OK,OK
2026-08-15T16:03:28.275182Z,3063,246.9,13192,OK,OK,OK
2026-08-15T16:03:33.803430Z,3066,246.9,13192,OK,OK,OK
2026-08-15T16:03:39.251469Z,3060,246.7,13192,OK,OK,OK
2026-08-15T16:03:44.730945Z,3068,246.9,13192,OK,OK,OK
2026-08-15T16:03:50.219714Z,3075,246.9,13192,OK,OK,OK
2026-08-15T16:03:55.733287Z,3066,247.0,13192,OK,OK,OK
2026-08-15T16:04:01.211364Z,3102,246.8,13192,OK,OK,OK
2026-08-15T16:04:06.744597Z,3087,246.9,13192,OK,OK,OK
2026-08-15T16:04:12.254459Z,3079,246.9,13192,OK,OK,OK
2026-08-15T16:04:17.722612Z,3070,247.0,13192,OK,OK,OK
2026-08-15T16:04:23.190966Z,3078,246.9,13192,OK,OK,OK
2026-08-15T16:04:28.672592Z,3071,246.9,13192,OK,OK,OK
2026-08-15T16:04:34.151637Z,3075,246.9,13192,OK,OK,OK
2026-08-15T16:04:39.658494Z,3081,246.9,13192,OK,OK,OK
2026-08-15T16:04:45.132420Z,3133,246.9,13192,OK,OK,OK
2026-08-15T16:04:50.648883Z,3078,246.9,13192,OK,OK,OK
2026-08-15T16:04:56.160889Z,3082,247.0,13192,OK,OK,OK
2026-08-15T16:05:01.657674Z,3078,246.9,13192,OK,OK,OK
2026-08-15T16:05:07.167550Z,3075,246.9,13192,OK,OK,OK
2026-08-15T16:05:12.655966Z,3093,246.9,13192,OK,OK,OK
2026-08-15T16:05:18.172938Z,3072,246.9,13192,OK,OK,OK
2026-08-15T16:05:23.718606Z,3075,246.8,13192,OK,OK,OK
2026-08-15T16:05:29.240301Z,3084,246.9,13192,OK,OK,OK
2026-08-15T16:05:34.747703Z,3070,246.9,13192,OK,OK,OK
2026-08-15T16:05:40.267346Z,3095,246.9,13192,OK,OK,OK
2026-08-15T16:05:45.739747Z,3072,247.0,13192,OK,OK,OK
2026-08-15T16:05:51.249196Z,3067,246.9,13192,OK,OK,OK
2026-08-15T16:05:56.757991Z,3069,246.9,13192,OK,OK,OK
2026-08-15T16:06:02.251324Z,3070,246.9,13192,OK,OK,OK
2026-08-15T16:06:07.789001Z,3265,247.0,13192,OK,OK,OK
2026-08-15T16:06:13.314567Z,3189,247.0,13192,OK,OK,OK
2026-08-15T16:06:18.842413Z,3167,246.9,13192,OK,OK,OK
2026-08-15T16:06:24.361279Z,3166,246.8,13192,OK,OK,OK
2026-08-15T16:06:29.865584Z,3193,246.8,13192,OK,OK,OK
2026-08-15T16:06:35.389849Z,3198,246.8,13192,OK,OK,OK
2026-08-15T16:06:40.880081Z,3169,246.7,13192,OK,OK,OK
2026-08-15T16:06:46.373783Z,3289,246.7,13192,OK,OK,OK
2026-08-15T16:06:51.865960Z,3168,246.8,13192,OK,OK,OK
2026-08-15T16:06:57.386593Z,3168,246.8,13192,OK,OK,OK
2026-08-15T16:07:02.878376Z,3165,246.8,13192,OK,OK,OK
2026-08-15T16:07:08.358096Z,3164,246.8,13192,OK,OK,OK
2026-08-15T16:07:13.834125Z,3175,246.9,13192,OK,OK,OK
2026-08-15T16:07:19.322193Z,3153,246.9,13192,OK,OK,OK
2026-08-15T16:07:24.785692Z,3152,246.8,13192,OK,OK,OK
2026-08-15T16:07:30.295484Z,3146,246.9,13192,OK,OK,OK
2026-08-15T16:07:35.798758Z,3060,246.9,13192,OK,OK,OK
2026-08-15T16:07:41.324395Z,3030,246.9,13192,OK,OK,OK
2026-08-15T16:07:46.811062Z,3034,246.9,13192,OK,OK,OK
2026-08-15T16:07:52.345226Z,3026,246.9,13192,OK,OK,OK
2026-08-15T16:07:57.854775Z,3027,246.9,13192,OK,OK,OK
2026-08-15T16:08:03.338886Z,3057,246.9,13192,OK,OK,OK
2026-08-15T16:08:08.835039Z,3015,246.9,13192,OK,OK,OK
2026-08-15T16:08:14.375781Z,3170,246.9,13192,OK,OK,OK
2026-08-15T16:08:19.893507Z,3403,246.7,13192,OK,OK,OK
2026-08-15T16:08:25.434125Z,3405,246.7,13192,OK,OK,OK
2026-08-15T16:08:30.910313Z,3022,246.9,13192,OK,OK,OK
2026-08-15T16:08:36.445660Z,3029,246.9,13192,OK,OK,OK
2026-08-15T16:08:41.959029Z,3035,246.9,13192,OK,OK,OK
2026-08-15T16:08:47.436434Z,3024,247.0,13192,OK,OK,OK
2026-08-15T16:08:52.915406Z,3032,246.8,13192,OK,OK,OK
2026-08-15T16:08:58.432434Z,3049,246.9,13192,OK,OK,OK
2026-08-15T16:09:03.941801Z,3022,246.9,13192,OK,OK,OK
2026-08-15T16:09:09.425298Z,3030,246.9,13192,OK,OK,OK
2026-08-15T16:09:14.939508Z,3026,246.9,13192,OK,OK,OK
2026-08-15T16:09:20.461627Z,3023,246.9,13192,OK,OK,OK
2026-08-15T16:09:25.969183Z,3021,246.9,13192,OK,OK,OK
2026-08-15T16:09:31.478084Z,3025,246.9,13192,OK,OK,OK
2026-08-15T16:09:36.984375Z,3113,247.0,13192,OK,OK,OK
2026-08-15T16:09:42.463029Z,3037,246.9,13192,OK,OK,OK
2026-08-15T16:09:47.928518Z,3024,246.8,13192,OK,OK,OK
2026-08-15T16:09:53.395155Z,3032,246.9,13192,OK,OK,OK
2026-08-15T16:09:58.915091Z,3018,246.9,13192,OK,OK,OK
2026-08-15T16:10:04.374854Z,3024,246.9,13192,OK,OK,OK
2026-08-15T16:10:09.878787Z,3041,246.9,13192,OK,OK,OK
2026-08-15T16:10:15.386745Z,3036,246.7,13192,OK,OK,OK
2026-08-15T16:10:20.909938Z,3028,246.9,13192,OK,OK,OK
2026-08-15T16:10:26.383469Z,3004,246.9,13192,OK,OK,OK
2026-08-15T16:10:31.910048Z,3023,246.9,13192,OK,OK,OK
2026-08-15T16:10:37.428088Z,3017,246.9,13192,OK,OK,OK
2026-08-15T16:10:42.913404Z,3029,246.9,13192,OK,OK,OK
2026-08-15T16:10:48.456774Z,3014,246.8,13192,OK,OK,OK
2026-08-15T16:10:53.958021Z,3018,246.7,13192,OK,OK,OK
2026-08-15T16:10:59.438032Z,3020,246.8,13192,OK,OK,OK
2026-08-15T16:11:04.921458Z,4193,246.7,13192,OK,OK,OK
2026-08-15T16:11:10.427333Z,3677,246.3,13192,OK,OK,OK
2026-08-15T16:11:15.883713Z,3435,246.4,13192,OK,OK,OK
2026-08-15T16:11:21.413223Z,3026,246.6,13192,OK,OK,OK
2026-08-15T16:11:26.911129Z,3013,246.6,13192,OK,OK,OK
2026-08-15T16:11:32.394253Z,3009,246.5,13192,OK,OK,OK
2026-08-15T16:11:37.859488Z,3009,246.8,13192,OK,OK,OK
2026-08-15T16:11:43.359372Z,3019,246.8,13192,OK,OK,OK
2026-08-15T16:11:48.876677Z,3002,246.8,13192,OK,OK,OK
2026-08-15T16:11:54.389685Z,3016,246.8,13192,OK,OK,OK
2026-08-15T16:11:59.912217Z,3015,246.8,13192,OK,OK,OK
2026-08-15T16:12:05.410176Z,3024,246.8,13192,OK,OK,OK
2026-08-15T16:12:10.897860Z,3021,246.8,13192,OK,OK,OK
2026-08-15T16:12:16.406843Z,3036,246.8,13192,OK,OK,OK
2026-08-15T16:12:21.937342Z,3032,246.8,13192,OK,OK,OK
2026-08-15T16:12:27.478245Z,3036,246.7,13192,OK,OK,OK
2026-08-15T16:12:32.988255Z,3033,246.7,13192,OK,OK,OK
2026-08-15T16:12:38.496058Z,3027,246.8,13192,OK,OK,OK
2026-08-15T16:12:43.969781Z,3024,246.8,13192,OK,OK,OK
2026-08-15T16:12:49.521137Z,3040,246.8,13192,OK,OK,OK
2026-08-15T16:12:55.064552Z,3017,246.7,13192,OK,OK,OK
2026-08-15T16:13:00.598323Z,3025,246.8,13192,OK,OK,OK
2026-08-15T16:13:06.125074Z,3024,246.8,13192,OK,OK,OK
2026-08-15T16:13:11.651599Z,3162,246.6,13192,OK,OK,OK
2026-08-15T16:13:17.117019Z,3156,246.7,13192,OK,OK,OK
2026-08-15T16:13:22.611256Z,3312,246.6,13192,OK,OK,OK
2026-08-15T16:13:28.091357Z,3179,246.7,13192,OK,OK,OK
2026-08-15T16:13:33.560236Z,3166,246.7,13192,OK,OK,OK
2026-08-15T16:13:39.089158Z,3158,246.7,13192,OK,OK,OK
2026-08-15T16:13:44.587258Z,3162,246.7,13192,OK,OK,OK
2026-08-15T16:13:50.070082Z,3156,246.7,13192,OK,OK,OK
2026-08-15T16:13:55.536796Z,3158,246.7,13192,OK,OK,OK
2026-08-15T16:14:01.058807Z,3149,246.7,13192,OK,OK,OK
2026-08-15T16:14:06.548512Z,3156,246.8,13192,OK,OK,OK
2026-08-15T16:14:12.029719Z,3225,246.6,13192,OK,OK,OK
2026-08-15T16:14:17.500839Z,3200,246.7,13192,OK,OK,OK
2026-08-15T16:14:23.005501Z,3094,246.7,13192,OK,OK,OK
2026-08-15T16:14:28.519676Z,3079,246.7,13192,OK,OK,OK
2026-08-15T16:14:34.019504Z,3082,246.7,13192,OK,OK,OK
2026-08-15T16:14:39.538589Z,3090,246.8,13192,OK,OK,OK
2026-08-15T16:14:45.034345Z,3089,246.6,13192,OK,OK,OK
2026-08-15T16:14:50.509635Z,3082,246.7,13192,OK,OK,OK
2026-08-15T16:14:56.031147Z,3129,246.7,13192,OK,OK,OK
2026-08-15T16:15:01.571958Z,3186,246.6,13192,OK,OK,OK
2026-08-15T16:15:07.109217Z,3166,246.6,13192,OK,OK,OK
2026-08-15T16:15:12.648597Z,3202,246.7,13192,OK,OK,OK
2026-08-15T16:15:18.145814Z,3183,246.6,13192,OK,OK,OK
2026-08-15T16:15:23.643797Z,3217,246.6,13192,OK,OK,OK
2026-08-15T16:15:29.122675Z,3216,246.6,13192,OK,OK,OK
2026-08-15T16:15:34.639439Z,3233,246.7,13192,OK,OK,OK
2026-08-15T16:15:40.128213Z,3210,246.6,13192,OK,OK,OK
2026-08-15T16:15:45.629562Z,3193,246.6,13192,OK,OK,OK
2026-08-15T16:15:51.139867Z,3189,246.6,13192,OK,OK,OK
2026-08-15T16:15:56.634975Z,3189,246.6,13192,OK,OK,OK
2026-08-15T16:16:02.114459Z,3176,246.7,13192,OK,OK,OK
2026-08-15T16:16:07.597198Z,3168,246.7,13192,OK,OK,OK
2026-08-15T16:16:13.150854Z,3172,246.7,13192,OK,OK,OK
2026-08-15T16:16:18.660808Z,3174,246.9,13192,OK,OK,OK
2026-08-15T16:16:24.166552Z,3160,246.9,13192,OK,OK,OK
2026-08-15T16:16:29.668109Z,3160,246.9,13192,OK,OK,OK
2026-08-15T16:16:35.184324Z,3159,246.9,13192,OK,OK,OK
2026-08-15T16:16:40.686206Z,3156,246.9,13192,OK,OK,OK
2026-08-15T16:16:46.179414Z,3143,246.9,13192,OK,OK,OK
2026-08-15T16:16:51.710844Z,3129,246.8,13192,OK,OK,OK
2026-08-15T16:16:57.244066Z,3184,246.8,13192,OK,OK,OK
2026-08-15T16:17:02.755507Z,3118,246.8,13192,OK,OK,OK
2026-08-15T16:17:08.270198Z,3156,246.9,13192,OK,OK,OK
2026-08-15T16:17:13.804354Z,3111,246.8,13192,OK,OK,OK
2026-08-15T16:17:19.294336Z,3099,246.9,13192,OK,OK,OK
2026-08-15T16:17:24.794218Z,3097,246.9,13192,OK,OK,OK
2026-08-15T16:17:30.310753Z,3096,246.8,13192,OK,OK,OK
2026-08-15T16:17:35.803796Z,3347,246.6,13192,OK,OK,OK
2026-08-15T16:17:41.323895Z,3231,246.9,13192,OK,OK,OK
2026-08-15T16:17:46.841781Z,3231,246.8,13192,OK,OK,OK
2026-08-15T16:17:52.351000Z,3226,246.8,13192,OK,OK,OK
2026-08-15T16:17:57.853380Z,3213,246.7,13192,OK,OK,OK
2026-08-15T16:18:03.345398Z,3270,246.7,13192,OK,OK,OK
2026-08-15T16:18:08.824087Z,3126,246.8,13192,OK,OK,OK
2026-08-15T16:18:14.350823Z,3131,246.9,13912,OK,OK,OK
2026-08-15T16:18:19.852150Z,3136,246.9,13912,OK,OK,OK
2026-08-15T16:18:25.341364Z,3131,247.0,13912,OK,OK,OK
2026-08-15T16:18:30.815849Z,3128,247.0,13912,OK,OK,OK
2026-08-15T16:18:36.317192Z,3192,247.1,13912,OK,OK,OK
2026-08-15T16:18:41.812139Z,3194,247.3,13912,OK,OK,OK
2026-08-15T16:18:47.355914Z,3202,247.3,13912,OK,OK,OK
2026-08-15T16:18:52.876048Z,3201,247.3,13912,OK,OK,OK
2026-08-15T16:18:58.398882Z,3198,247.3,13912,OK,OK,OK
2026-08-15T16:19:03.943142Z,3200,247.2,13912,OK,OK,OK
2026-08-15T16:19:09.431981Z,3193,247.2,13912,OK,OK,OK
2026-08-15T16:19:14.949596Z,3190,247.3,13912,OK,OK,OK
2026-08-15T16:19:20.484065Z,3186,247.2,13912,OK,OK,OK
2026-08-15T16:19:25.994437Z,3188,247.4,13912,OK,OK,OK
2026-08-15T16:19:31.495813Z,3181,247.2,13912,OK,OK,OK
2026-08-15T16:19:37.018563Z,3190,247.2,13912,OK,OK,OK
2026-08-15T16:19:42.511612Z,3206,247.3,13912,OK,OK,OK
2026-08-15T16:19:48.023376Z,3185,247.2,13912,OK,OK,OK
2026-08-15T16:19:53.514664Z,3195,247.2,13912,OK,OK,OK
2026-08-15T16:19:59.026045Z,3193,247.2,13912,OK,OK,OK
2026-08-15T16:20:04.494400Z,3190,247.2,13912,OK,OK,OK
2026-08-15T16:20:10.006261Z,2982,247.2,13912,OK,OK,OK
2026-08-15T16:20:15.473465Z,2984,247.4,13912,OK,OK,OK
2026-08-15T16:20:20.975062Z,2994,247.2,13912,OK,OK,OK
2026-08-15T16:20:26.453405Z,3022,247.4,13912,OK,OK,OK
2026-08-15T16:20:31.974751Z,2988,247.3,13912,OK,OK,OK
2026-08-15T16:20:37.488005Z,2988,247.3,13912,OK,OK,OK
2026-08-15T16:20:43.007836Z,2998,247.2,13912,OK,OK,OK
2026-08-15T16:20:48.527666Z,2983,247.2,13912,OK,OK,OK
2026-08-15T16:20:54.059793Z,2977,247.2,13912,OK,OK,OK
2026-08-15T16:20:59.569826Z,2981,247.2,13912,OK,OK,OK
2026-08-15T16:21:05.094693Z,3025,247.2,13912,OK,OK,OK
2026-08-15T16:21:10.581705Z,2983,247.3,13912,OK,OK,OK
2026-08-15T16:21:16.080533Z,2977,247.3,13912,OK,OK,OK
2026-08-15T16:21:21.594547Z,2973,247.3,13912,OK,OK,OK
2026-08-15T16:21:27.093393Z,2975,247.4,13912,OK,OK,OK
2026-08-15T16:21:32.607226Z,2976,247.2,13912,OK,OK,OK
2026-08-15T16:21:38.126810Z,2976,247.2,13912,OK,OK,OK
2026-08-15T16:21:43.591896Z,3020,247.2,13912,OK,OK,OK
2026-08-15T16:21:49.072605Z,3010,247.3,13912,OK,OK,OK
2026-08-15T16:21:54.550399Z,2980,247.3,13912,OK,OK,OK
2026-08-15T16:22:00.039129Z,2958,247.3,13912,OK,OK,OK
2026-08-15T16:22:05.503620Z,2960,247.3,13912,OK,OK,OK
2026-08-15T16:22:10.965711Z,2964,247.3,13912,OK,OK,OK
2026-08-15T16:22:16.499067Z,2963,247.3,13912,OK,OK,OK
2026-08-15T16:22:21.996726Z,2903,247.4,13912,OK,OK,OK
2026-08-15T16:22:27.493117Z,2922,247.4,13912,OK,OK,OK
2026-08-15T16:22:33.005387Z,3045,247.4,13912,OK,OK,OK
2026-08-15T16:22:38.551362Z,2905,247.4,13912,OK,OK,OK
2026-08-15T16:22:44.068592Z,2902,247.4,13912,OK,OK,OK
2026-08-15T16:22:49.582073Z,2878,247.4,13912,OK,OK,OK
2026-08-15T16:22:55.062559Z,2869,247.4,13912,OK,OK,OK
2026-08-15T16:23:00.529574Z,2871,247.4,13912,OK,OK,OK
2026-08-15T16:23:06.065610Z,2900,247.5,13912,OK,OK,OK
2026-08-15T16:23:11.567768Z,2881,247.4,13912,OK,OK,OK
2026-08-15T16:23:17.098606Z,2884,247.4,13912,OK,OK,OK
2026-08-15T16:23:22.585145Z,2866,247.4,13912,OK,OK,OK
2026-08-15T16:23:28.128608Z,2864,247.4,13912,OK,OK,OK
2026-08-15T16:23:33.639555Z,2865,247.5,13912,OK,OK,OK
2026-08-15T16:23:39.151645Z,2863,247.6,13912,OK,OK,OK
2026-08-15T16:23:44.640966Z,2870,247.5,13912,OK,OK,OK
2026-08-15T16:23:50.144948Z,2861,247.4,13912,OK,OK,OK
2026-08-15T16:23:55.650460Z,2861,247.4,13912,OK,OK,OK
2026-08-15T16:24:01.178067Z,2859,247.3,13912,OK,OK,OK
2026-08-15T16:24:06.709804Z,2865,247.3,13912,OK,OK,OK
2026-08-15T16:24:12.221995Z,2862,247.2,13912,OK,OK,OK
2026-08-15T16:24:17.728968Z,2858,247.4,13912,OK,OK,OK
2026-08-15T16:24:23.250945Z,2861,247.4,13912,OK,OK,OK
2026-08-15T16:24:28.775192Z,2857,247.4,13912,OK,OK,OK
2026-08-15T16:24:34.287877Z,2863,247.4,13912,OK,OK,OK
2026-08-15T16:24:39.794968Z,2863,247.3,13912,OK,OK,OK
2026-08-15T16:24:45.291317Z,2863,247.4,13912,OK,OK,OK
2026-08-15T16:24:50.796310Z,2850,247.4,13912,OK,OK,OK
2026-08-15T16:24:56.310651Z,4272,246.8,13912,OK,OK,OK
2026-08-15T16:25:01.832373Z,3110,247.2,13912,OK,OK,OK
2026-08-15T16:25:07.338458Z,2873,247.4,13912,OK,OK,OK
2026-08-15T16:25:12.840792Z,2874,247.3,13912,OK,OK,OK
2026-08-15T16:25:18.374614Z,2872,247.4,13912,OK,OK,OK
2026-08-15T16:25:23.884204Z,3105,247.2,13912,OK,OK,OK
2026-08-15T16:25:29.415975Z,2870,247.2,13912,OK,OK,OK
2026-08-15T16:25:34.886137Z,2875,247.5,13912,OK,OK,OK
2026-08-15T16:25:40.430620Z,2879,247.5,13912,OK,OK,OK
2026-08-15T16:25:45.903546Z,2874,247.5,13912,OK,OK,OK
2026-08-15T16:25:51.400365Z,2877,247.5,13912,OK,OK,OK
2026-08-15T16:25:56.881406Z,2817,247.5,13912,OK,OK,OK
2026-08-15T16:26:02.408296Z,2794,247.4,13912,OK,OK,OK
2026-08-15T16:26:07.948552Z,2783,247.5,13912,OK,OK,OK
2026-08-15T16:26:13.428226Z,2905,247.4,13912,OK,OK,OK
2026-08-15T16:26:18.969593Z,2784,247.5,13912,OK,OK,OK
2026-08-15T16:26:24.421877Z,2790,247.5,13912,OK,OK,OK
2026-08-15T16:26:29.918138Z,2794,247.4,13912,OK,OK,OK
2026-08-15T16:26:35.369541Z,2784,247.4,13912,OK,OK,OK
2026-08-15T16:26:40.851561Z,2784,247.4,13912,OK,OK,OK
2026-08-15T16:26:46.350106Z,2822,247.5,13912,OK,OK,OK
2026-08-15T16:26:51.846878Z,2830,247.5,13912,OK,OK,OK
2026-08-15T16:26:57.333409Z,2946,247.5,13912,OK,OK,OK
2026-08-15T16:27:02.829706Z,2834,247.6,13912,OK,OK,OK
2026-08-15T16:27:08.325658Z,2852,247.5,13912,OK,OK,OK
2026-08-15T16:27:13.840193Z,2786,247.5,13912,OK,OK,OK
2026-08-15T16:27:19.340303Z,2782,247.5,13912,OK,OK,OK
2026-08-15T16:27:24.838216Z,2783,247.5,13912,OK,OK,OK
2026-08-15T16:27:30.349053Z,2786,247.7,13912,OK,OK,OK
2026-08-15T16:27:35.871440Z,2788,247.6,13912,OK,OK,OK
2026-08-15T16:27:41.378607Z,2861,247.6,13912,OK,OK,OK
2026-08-15T16:27:46.891289Z,2790,247.6,13912,OK,OK,OK
2026-08-15T16:27:52.373994Z,2786,247.7,13912,OK,OK,OK
2026-08-15T16:27:57.846030Z,2774,247.6,13912,OK,OK,OK
2026-08-15T16:28:03.359901Z,2793,247.5,13912,OK,OK,OK
2026-08-15T16:28:08.891375Z,2771,247.6,13912,OK,OK,OK
2026-08-15T16:28:14.427984Z,2771,247.7,13912,OK,OK,OK
2026-08-15T16:28:19.954784Z,2784,247.6,13912,OK,OK,OK
2026-08-15T16:28:25.479537Z,2784,247.5,13912,OK,OK,OK
2026-08-15T16:28:31.014564Z,2773,247.5,13912,OK,OK,OK
2026-08-15T16:28:36.525636Z,2770,247.6,13912,OK,OK,OK
2026-08-15T16:28:42.005104Z,2773,247.5,13912,OK,OK,OK
2026-08-15T16:28:47.500599Z,2772,247.5,13912,OK,OK,OK
2026-08-15T16:28:52.965188Z,2780,247.5,13912,OK,OK,OK
2026-08-15T16:28:58.473715Z,2767,247.5,13912,OK,OK,OK
2026-08-15T16:29:03.961491Z,2847,247.5,13912,OK,OK,OK
2026-08-15T16:29:09.499701Z,2780,247.5,13912,OK,OK,OK
2026-08-15T16:29:14.974102Z,2772,247.5,13912,OK,OK,OK
2026-08-15T16:29:20.465507Z,2773,247.5,13912,OK,OK,OK
2026-08-15T16:29:25.972696Z,2770,247.5,13912,OK,OK,OK
2026-08-15T16:29:31.471430Z,2769,247.5,13912,OK,OK,OK
2026-08-15T16:29:36.950856Z,2767,247.5,13912,OK,OK,OK
2026-08-15T16:29:42.431082Z,2776,247.5,13912,OK,OK,OK
2026-08-15T16:29:47.935757Z,2878,247.5,13912,OK,OK,OK
2026-08-15T16:29:53.450274Z,2777,247.5,13912,OK,OK,OK
2026-08-15T16:29:58.962732Z,2765,247.3,13912,OK,OK,OK
2026-08-15T16:30:04.440780Z,2763,247.5,13912,OK,OK,OK
2026-08-15T16:30:09.956520Z,2762,247.3,13912,OK,OK,OK
2026-08-15T16:30:15.453715Z,2765,247.4,13912,OK,OK,OK
2026-08-15T16:30:20.951373Z,2766,247.5,13912,OK,OK,OK
2026-08-15T16:30:26.512188Z,2766,247.5,13912,OK,OK,OK
2026-08-15T16:30:32.067175Z,2763,247.5,13912,OK,OK,OK
2026-08-15T16:30:37.541582Z,2711,247.5,13912,OK,OK,OK
2026-08-15T16:30:43.077149Z,2711,247.6,13912,OK,OK,OK
2026-08-15T16:30:48.595756Z,2710,247.5,13912,OK,OK,OK
2026-08-15T16:30:57.106865Z,2714,247.7,13912,OK,OK,OK
2026-08-15T16:31:02.593332Z,2712,247.6,13912,OK,OK,OK
2026-08-15T16:31:08.087349Z,2708,247.7,13912,OK,OK,OK
2026-08-15T16:31:13.552102Z,2728,247.6,13912,OK,OK,OK
2026-08-15T16:31:19.136987Z,2753,247.5,13912,OK,OK,OK
2026-08-15T16:31:24.595339Z,2712,247.6,13912,OK,OK,OK
2026-08-15T16:31:30.118505Z,2706,247.6,13912,OK,OK,OK
2026-08-15T16:31:35.592429Z,2705,247.6,13912,OK,OK,OK
2026-08-15T16:31:41.103015Z,2698,247.6,13912,OK,OK,OK
2026-08-15T16:31:46.620953Z,2704,247.5,13912,OK,OK,OK
2026-08-15T16:31:52.178684Z,2701,247.5,13912,OK,OK,OK
2026-08-15T16:31:57.649086Z,2717,247.6,13912,OK,OK,OK
2026-08-15T16:32:03.149135Z,2718,247.7,13912,OK,OK,OK
2026-08-15T16:32:08.663757Z,2705,247.6,13912,OK,OK,OK
2026-08-15T16:32:14.184942Z,2713,247.6,13912,OK,OK,OK
2026-08-15T16:32:19.685888Z,2706,247.6,13912,OK,OK,OK
2026-08-15T16:32:25.160161Z,2704,247.7,13912,OK,OK,OK
2026-08-15T16:32:30.654017Z,2704,247.6,13912,OK,OK,OK
2026-08-15T16:32:36.189769Z,2705,247.6,13912,OK,OK,OK
2026-08-15T16:32:41.709488Z,2825,247.5,13912,OK,OK,OK
2026-08-15T16:32:47.232096Z,2701,247.7,13912,OK,OK,OK
2026-08-15T16:32:52.755544Z,2713,247.6,13912,OK,OK,OK
2026-08-15T16:32:58.276782Z,2696,247.6,13912,OK,OK,OK
2026-08-15T16:33:03.787658Z,2708,247.6,13912,OK,OK,OK
2026-08-15T16:33:09.310350Z,2694,247.6,13912,OK,OK,OK
2026-08-15T16:33:14.833296Z,2701,247.6,13912,OK,OK,OK
2026-08-15T16:33:20.329570Z,2791,247.5,13912,OK,OK,OK
2026-08-15T16:33:25.899659Z,2704,247.6,13912,OK,OK,OK
2026-08-15T16:33:31.408040Z,2702,247.6,14234,OK,OK,OK
2026-08-15T16:33:36.902970Z,2706,247.8,14234,OK,OK,OK
2026-08-15T16:33:42.395786Z,2701,247.5,14234,OK,OK,OK
2026-08-15T16:33:47.897924Z,2697,246.9,14234,OK,OK,OK
2026-08-15T16:33:53.382584Z,2698,247.3,14234,OK,OK,OK
2026-08-15T16:33:58.867055Z,2709,247.3,14234,OK,OK,OK
2026-08-15T16:34:04.404146Z,2702,247.3,14234,OK,OK,OK
2026-08-15T16:34:09.921704Z,2700,247.1,14234,OK,OK,OK
2026-08-15T16:34:15.458620Z,2697,247.3,14234,OK,OK,OK
2026-08-15T16:34:20.993084Z,2689,247.1,14234,OK,OK,OK
2026-08-15T16:34:26.491814Z,2692,247.1,14234,OK,OK,OK
2026-08-15T16:34:31.965247Z,2691,247.2,14234,OK,OK,OK
2026-08-15T16:34:37.494309Z,2688,247.3,14234,OK,OK,OK
2026-08-15T16:34:43.016455Z,2692,247.3,14234,OK,OK,OK
2026-08-15T16:34:48.484758Z,2684,247.2,14234,OK,OK,OK
2026-08-15T16:34:54.010666Z,2682,247.2,14234,OK,OK,OK
2026-08-15T16:34:59.493930Z,2680,247.2,14234,OK,OK,OK
2026-08-15T16:35:04.990904Z,2677,247.3,14234,OK,OK,OK
2026-08-15T16:35:10.499346Z,2675,247.3,14234,OK,OK,OK
2026-08-15T16:35:16.040731Z,2674,247.1,14234,OK,OK,OK
2026-08-15T16:35:21.527450Z,2675,247.1,14234,OK,OK,OK
2026-08-15T16:35:27.061561Z,2678,247.1,14234,OK,OK,OK
2026-08-15T16:35:32.606455Z,2673,247.2,14234,OK,OK,OK
2026-08-15T16:35:38.101065Z,2667,247.2,14234,OK,OK,OK
2026-08-15T16:35:43.610538Z,2673,247.2,14234,OK,OK,OK
2026-08-15T16:35:49.075750Z,2666,247.2,14234,OK,OK,OK
2026-08-15T16:35:54.547516Z,2670,247.2,14234,OK,OK,OK
2026-08-15T16:36:00.061650Z,2665,247.3,14234,OK,OK,OK
2026-08-15T16:36:05.566822Z,2815,247.1,14234,OK,OK,OK
2026-08-15T16:36:11.027939Z,2664,247.1,14234,OK,OK,OK
2026-08-15T16:36:16.581399Z,2672,247.1,14234,OK,OK,OK
2026-08-15T16:36:22.053198Z,2664,247.1,14234,OK,OK,OK
2026-08-15T16:36:27.556781Z,2659,247.1,14234,OK,OK,OK
2026-08-15T16:36:33.084349Z,2662,247.1,14234,OK,OK,OK
2026-08-15T16:36:38.619103Z,2659,247.1,14234,OK,OK,OK
2026-08-15T16:36:44.125760Z,2743,247.2,14234,OK,OK,OK
2026-08-15T16:36:49.638602Z,2672,247.1,14234,OK,OK,OK
2026-08-15T16:36:55.140732Z,2661,247.1,14234,OK,OK,OK
2026-08-15T16:37:00.667929Z,2658,247.1,14234,OK,OK,OK
2026-08-15T16:37:06.166997Z,2668,247.1,14234,OK,OK,OK
2026-08-15T16:37:11.678058Z,2666,247.1,14234,OK,OK,OK
2026-08-15T16:37:17.203254Z,2659,247.1,14234,OK,OK,OK
2026-08-15T16:37:22.736111Z,2666,247.1,14234,OK,OK,OK
2026-08-15T16:37:28.256092Z,2669,247.1,14234,OK,OK,OK
2026-08-15T16:37:33.778986Z,2669,247.1,14234,OK,OK,OK
2026-08-15T16:37:39.331505Z,2656,247.1,14234,OK,OK,OK
2026-08-15T16:37:44.848566Z,2650,246.9,14234,OK,OK,OK
2026-08-15T16:37:50.343694Z,2658,246.9,14234,OK,OK,OK
2026-08-15T16:37:55.871971Z,2658,247.0,14234,OK,OK,OK
2026-08-15T16:38:01.372751Z,2654,247.1,14234,OK,OK,OK
2026-08-15T16:38:06.970898Z,2652,247.1,14234,OK,OK,OK
2026-08-15T16:38:12.448263Z,2653,247.1,14234,OK,OK,OK
2026-08-15T16:38:17.930838Z,2652,247.1,14234,OK,OK,OK
2026-08-15T16:38:23.444277Z,2784,246.9,14234,OK,OK,OK
2026-08-15T16:38:28.931065Z,2773,246.9,14234,OK,OK,OK
2026-08-15T16:38:34.428108Z,2778,246.8,14234,OK,OK,OK
2026-08-15T16:38:39.926364Z,2771,246.9,14234,OK,OK,OK
2026-08-15T16:38:45.419689Z,2770,246.9,14234,OK,OK,OK
2026-08-15T16:38:50.918850Z,4186,246.3,14234,OK,OK,OK
2026-08-15T16:38:56.447732Z,3020,246.8,14234,OK,OK,OK
2026-08-15T16:39:01.960190Z,2771,246.9,14234,OK,OK,OK
2026-08-15T16:39:07.497876Z,2776,246.9,14234,OK,OK,OK
2026-08-15T16:39:12.992026Z,2791,246.9,14234,OK,OK,OK
2026-08-15T16:39:18.532363Z,2788,246.9,14234,OK,OK,OK
2026-08-15T16:39:24.061891Z,2771,246.9,14234,OK,OK,OK
2026-08-15T16:39:29.558652Z,2769,246.9,14234,OK,OK,OK
2026-08-15T16:39:35.090183Z,2774,246.9,14234,OK,OK,OK
2026-08-15T16:39:40.600017Z,2771,246.9,14234,OK,OK,OK
2026-08-15T16:39:46.076196Z,2664,246.9,14234,OK,OK,OK
2026-08-15T16:39:51.575143Z,2662,246.9,14234,OK,OK,OK
2026-08-15T16:39:57.092835Z,2700,246.7,14234,OK,OK,OK
2026-08-15T16:40:02.626569Z,2660,246.9,14234,OK,OK,OK
2026-08-15T16:40:08.128693Z,2673,247.4,14234,OK,OK,OK
2026-08-15T16:40:13.644908Z,2678,247.5,14234,OK,OK,OK
2026-08-15T16:40:19.215669Z,2675,247.6,14234,OK,OK,OK
2026-08-15T16:40:24.732732Z,2667,247.6,14234,OK,OK,OK
2026-08-15T16:40:30.248111Z,2660,247.5,14234,OK,OK,OK
2026-08-15T16:40:35.738039Z,2692,247.5,14234,OK,OK,OK
2026-08-15T16:40:41.247435Z,2681,247.6,14234,OK,OK,OK
2026-08-15T16:40:46.719256Z,2666,247.6,14234,OK,OK,OK
2026-08-15T16:40:52.239290Z,2666,247.6,14234,OK,OK,OK
2026-08-15T16:40:57.725504Z,2666,247.6,14234,OK,OK,OK
2026-08-15T16:41:03.250296Z,2666,247.6,14234,OK,OK,OK
2026-08-15T16:41:08.768115Z,2658,247.6,14234,OK,OK,OK
2026-08-15T16:41:14.263709Z,2666,247.6,14234,OK,OK,OK
2026-08-15T16:41:19.771312Z,2671,247.5,14234,OK,OK,OK
2026-08-15T16:41:25.283891Z,2660,247.4,14234,OK,OK,OK
2026-08-15T16:41:30.783457Z,2668,247.8,14234,OK,OK,OK
2026-08-15T16:41:36.318832Z,2672,247.9,14234,OK,OK,OK
2026-08-15T16:41:41.795623Z,2660,247.9,14234,OK,OK,OK
2026-08-15T16:41:47.307236Z,2664,247.7,14234,OK,OK,OK
2026-08-15T16:41:52.813740Z,2658,247.8,14234,OK,OK,OK
2026-08-15T16:41:58.321359Z,2689,247.8,14234,OK,OK,OK
2026-08-15T16:42:03.826438Z,2665,247.7,14234,OK,OK,OK
2026-08-15T16:42:09.322246Z,2660,247.6,14234,OK,OK,OK
2026-08-15T16:42:14.830209Z,2664,247.7,14234,OK,OK,OK
2026-08-15T16:42:20.304654Z,2657,247.8,14234,OK,OK,OK
2026-08-15T16:42:25.826791Z,2656,247.6,14234,OK,OK,OK
2026-08-15T16:42:31.278726Z,2657,247.5,14234,OK,OK,OK
2026-08-15T16:42:36.789276Z,2650,247.5,14234,OK,OK,OK
2026-08-15T16:42:42.276206Z,2647,247.5,14234,OK,OK,OK
2026-08-15T16:42:47.815825Z,2647,247.5,14234,OK,OK,OK
2026-08-15T16:42:53.288099Z,2642,247.5,14234,OK,OK,OK
2026-08-15T16:42:58.809660Z,2645,247.5,14234,OK,OK,OK
2026-08-15T16:43:04.300009Z,2645,247.5,14234,OK,OK,OK
2026-08-15T16:43:09.798488Z,2646,247.5,14234,OK,OK,OK
2026-08-15T16:43:15.328274Z,2646,247.6,14234,OK,OK,OK
2026-08-15T16:43:20.846029Z,2643,247.6,14234,OK,OK,OK
2026-08-15T16:43:26.325712Z,2648,247.6,14234,OK,OK,OK
2026-08-15T16:43:31.862175Z,2646,247.6,14234,OK,OK,OK
2026-08-15T16:43:37.356348Z,2647,247.5,14234,OK,OK,OK
2026-08-15T16:43:42.901697Z,2648,247.5,14234,OK,OK,OK
2026-08-15T16:43:48.428183Z,2646,247.7,14234,OK,OK,OK
2026-08-15T16:43:53.915152Z,2658,247.6,14234,OK,OK,OK
2026-08-15T16:43:59.394896Z,2649,247.7,14234,OK,OK,OK
2026-08-15T16:44:04.911876Z,2651,247.8,14234,OK,OK,OK
2026-08-15T16:44:10.448619Z,2650,247.7,14234,OK,OK,OK
2026-08-15T16:44:15.961233Z,2644,247.7,14234,OK,OK,OK
2026-08-15T16:44:21.469760Z,2650,247.8,14234,OK,OK,OK
2026-08-15T16:44:26.951430Z,2650,248.0,14234,OK,OK,OK
2026-08-15T16:44:32.459820Z,2650,247.9,14234,OK,OK,OK
2026-08-15T16:44:37.976404Z,2646,247.9,14234,OK,OK,OK
2026-08-15T16:44:43.485209Z,2648,247.9,14234,OK,OK,OK
2026-08-15T16:44:48.992525Z,2644,247.7,14234,OK,OK,OK
2026-08-15T16:44:54.454796Z,2647,247.7,14234,OK,OK,OK
2026-08-15T16:45:00.033781Z,2648,247.9,14234,OK,OK,OK
2026-08-15T16:45:05.522834Z,2637,247.8,14234,OK,OK,OK
2026-08-15T16:45:11.069053Z,2645,247.8,14234,OK,OK,OK
2026-08-15T16:45:16.561969Z,2651,247.8,14234,OK,OK,OK
2026-08-15T16:45:22.125851Z,2643,247.9,14234,OK,OK,OK
2026-08-15T16:45:27.636235Z,2644,247.9,14234,OK,OK,OK
2026-08-15T16:45:33.172994Z,2646,248.0,14234,OK,OK,OK
2026-08-15T16:45:38.682096Z,2642,247.7,14234,OK,OK,OK
2026-08-15T16:45:44.204825Z,2647,247.8,14234,OK,OK,OK
2026-08-15T16:45:49.706681Z,2646,247.8,14234,OK,OK,OK
2026-08-15T16:45:55.232338Z,2640,247.8,14234,OK,OK,OK
2026-08-15T16:46:00.779396Z,2642,247.8,14234,OK,OK,OK
2026-08-15T16:46:06.281970Z,2645,247.8,14234,OK,OK,OK
2026-08-15T16:46:11.784777Z,2631,247.8,14234,OK,OK,OK
2026-08-15T16:46:17.298200Z,2643,247.8,14234,OK,OK,OK
2026-08-15T16:46:22.776405Z,2650,247.8,14234,OK,OK,OK
2026-08-15T16:46:28.271381Z,2649,247.8,14234,OK,OK,OK
2026-08-15T16:46:33.762675Z,2642,247.7,14234,OK,OK,OK
2026-08-15T16:46:39.240647Z,2650,247.7,14234,OK,OK,OK
2026-08-15T16:46:44.720233Z,2640,247.7,14234,OK,OK,OK
2026-08-15T16:46:50.212714Z,2646,247.9,14234,OK,OK,OK
2026-08-15T16:46:55.719578Z,2640,247.8,14234,OK,OK,OK
2026-08-15T16:47:01.182464Z,2644,247.7,14234,OK,OK,OK
2026-08-15T16:47:06.732372Z,2643,247.7,14234,OK,OK,OK
2026-08-15T16:47:12.210563Z,2656,247.8,14234,OK,OK,OK
2026-08-15T16:47:17.733655Z,2643,247.7,14234,OK,OK,OK
2026-08-15T16:47:23.224575Z,2647,247.8,14234,OK,OK,OK
2026-08-15T16:47:28.765563Z,2647,247.8,14234,OK,OK,OK
2026-08-15T16:47:34.255504Z,2646,247.9,14234,OK,OK,OK
2026-08-15T16:47:39.796366Z,2641,247.9,14234,OK,OK,OK
2026-08-15T16:47:45.305106Z,2645,247.9,14234,OK,OK,OK
2026-08-15T16:47:50.795743Z,2639,247.8,14234,OK,OK,OK
2026-08-15T16:47:56.277519Z,2641,247.9,14234,OK,OK,OK
2026-08-15T16:48:01.762824Z,2645,247.9,14234,OK,OK,OK
2026-08-15T16:48:07.256707Z,2641,247.9,14234,OK,OK,OK
2026-08-15T16:48:12.765946Z,2644,248.0,14234,OK,OK,OK
2026-08-15T16:48:18.310107Z,2649,248.1,14234,OK,OK,OK
2026-08-15T16:48:23.781549Z,2637,247.9,14234,OK,OK,OK
2026-08-15T16:48:29.263812Z,2642,247.8,14234,OK,OK,OK
2026-08-15T16:48:34.784285Z,2655,247.9,14234,OK,OK,OK
2026-08-15T16:48:40.321057Z,2660,247.8,14234,OK,OK,OK
2026-08-15T16:48:45.817171Z,2664,247.7,14234,OK,OK,OK
2026-08-15T16:48:51.309494Z,2655,247.7,14409,OK,OK,OK
2026-08-15T16:48:56.805886Z,2661,247.7,14409,OK,OK,OK
2026-08-15T16:49:02.294524Z,2646,247.7,14409,OK,OK,OK
2026-08-15T16:49:07.788944Z,2649,247.7,14409,OK,OK,OK
2026-08-15T16:49:13.298990Z,2649,247.7,14409,OK,OK,OK
2026-08-15T16:49:18.820192Z,2653,247.8,14409,OK,OK,OK
2026-08-15T16:49:24.294274Z,2662,247.9,14409,OK,OK,OK
2026-08-15T16:49:29.773743Z,2672,247.9,14409,OK,OK,OK
2026-08-15T16:49:35.315775Z,2649,247.8,14409,OK,OK,OK
2026-08-15T16:49:40.787097Z,2657,247.7,14409,OK,OK,OK
2026-08-15T16:49:46.296460Z,2654,247.7,14409,OK,OK,OK
2026-08-15T16:49:51.829477Z,2644,247.7,14409,OK,OK,OK
2026-08-15T16:49:57.368018Z,2641,247.8,14409,OK,OK,OK
2026-08-15T16:50:02.890803Z,2690,247.8,14409,OK,OK,OK
2026-08-15T16:50:08.373940Z,2666,247.8,14409,OK,OK,OK
2026-08-15T16:50:13.886665Z,2647,247.8,14409,OK,OK,OK
2026-08-15T16:50:19.386833Z,2663,247.8,14409,OK,OK,OK
2026-08-15T16:50:24.885382Z,2652,247.7,14409,OK,OK,OK
2026-08-15T16:50:30.401959Z,2660,247.8,14409,OK,OK,OK
2026-08-15T16:50:35.925998Z,2671,247.7,14409,OK,OK,OK
2026-08-15T16:50:41.434236Z,2648,247.7,14409,OK,OK,OK
2026-08-15T16:50:46.936565Z,2656,247.7,14409,OK,OK,OK
2026-08-15T16:50:52.458807Z,2656,247.8,14409,OK,OK,OK
2026-08-15T16:50:57.969517Z,2650,247.7,14409,OK,OK,OK
2026-08-15T16:51:03.478881Z,2642,247.8,14409,OK,OK,OK
2026-08-15T16:51:08.973964Z,2658,247.7,14409,OK,OK,OK
2026-08-15T16:51:14.524975Z,2660,247.7,14409,OK,OK,OK
2026-08-15T16:51:20.036566Z,2650,247.7,14409,OK,OK,OK
2026-08-15T16:51:25.541853Z,2642,247.7,14409,OK,OK,OK
2026-08-15T16:51:31.037162Z,2645,247.7,14409,OK,OK,OK
2026-08-15T16:51:36.574570Z,2634,247.6,14409,OK,OK,OK
2026-08-15T16:51:42.063387Z,2622,247.7,14409,OK,OK,OK
2026-08-15T16:51:47.533881Z,2643,247.7,14409,OK,OK,OK
2026-08-15T16:51:53.068250Z,2693,247.7,14409,OK,OK,OK
2026-08-15T16:51:58.598758Z,2647,247.7,14409,OK,OK,OK
2026-08-15T16:52:04.133129Z,2551,247.8,14409,OK,OK,OK
2026-08-15T16:52:09.637462Z,2551,247.8,14409,OK,OK,OK
2026-08-15T16:52:15.155253Z,2582,247.8,14409,OK,OK,OK
2026-08-15T16:52:20.655341Z,2557,247.8,14409,OK,OK,OK
2026-08-15T16:52:26.146820Z,2560,247.8,14409,OK,OK,OK
2026-08-15T16:52:31.670531Z,2549,247.8,14409,OK,OK,OK
2026-08-15T16:52:37.202126Z,2560,247.8,14409,OK,OK,OK
2026-08-15T16:52:42.708699Z,2542,247.8,14409,OK,OK,OK
2026-08-15T16:52:48.199281Z,2554,247.8,14409,OK,OK,OK
2026-08-15T16:52:53.739221Z,2551,247.8,14409,OK,OK,OK
2026-08-15T16:52:59.243893Z,2549,247.6,14409,OK,OK,OK
2026-08-15T16:53:04.765664Z,2542,247.6,14409,OK,OK,OK
2026-08-15T16:53:10.236321Z,2543,247.7,14409,OK,OK,OK
2026-08-15T16:53:15.751287Z,2552,247.8,14409,OK,OK,OK
2026-08-15T16:53:21.243713Z,2552,247.8,14409,OK,OK,OK
2026-08-15T16:53:26.750137Z,2537,247.7,14409,OK,OK,OK
2026-08-15T16:53:32.220172Z,2539,247.8,14409,OK,OK,OK
2026-08-15T16:53:37.730007Z,2555,247.8,14409,OK,OK,OK
2026-08-15T16:53:43.248999Z,2560,247.8,14409,OK,OK,OK
2026-08-15T16:53:48.771386Z,2545,247.8,14409,OK,OK,OK
2026-08-15T16:53:54.275606Z,2562,247.8,14409,OK,OK,OK
2026-08-15T16:53:59.826554Z,2563,248.1,14409,OK,OK,OK
2026-08-15T16:54:05.320792Z,2546,248.1,14409,OK,OK,OK
2026-08-15T16:54:10.847435Z,2548,248.1,14409,OK,OK,OK
2026-08-15T16:54:16.373498Z,2569,248.0,14409,OK,OK,OK
2026-08-15T16:54:21.880207Z,2552,248.0,14409,OK,OK,OK
2026-08-15T16:54:27.377470Z,2546,248.1,14409,OK,OK,OK
2026-08-15T16:54:32.889769Z,2563,248.1,14409,OK,OK,OK
2026-08-15T16:54:38.388241Z,2550,248.2,14409,OK,OK,OK
2026-08-15T16:54:43.888060Z,2552,248.1,14409,OK,OK,OK
2026-08-15T16:54:49.412297Z,2568,248.1,14409,OK,OK,OK
2026-08-15T16:54:54.941982Z,2562,248.0,14409,OK,OK,OK
2026-08-15T16:55:00.432128Z,2540,248.0,14409,OK,OK,OK
2026-08-15T16:55:05.954700Z,2568,248.0,14409,OK,OK,OK
2026-08-15T16:55:11.463119Z,2554,247.9,14409,OK,OK,OK
2026-08-15T16:55:16.945702Z,2539,247.9,14409,OK,OK,OK
2026-08-15T16:55:22.462921Z,2540,247.9,14409,OK,OK,OK
2026-08-15T16:55:27.980383Z,2557,247.9,14409,OK,OK,OK
2026-08-15T16:55:33.494424Z,2552,248.0,14409,OK,OK,OK
2026-08-15T16:55:38.952160Z,2545,248.0,14409,OK,OK,OK
2026-08-15T16:55:44.448073Z,2559,247.9,14409,OK,OK,OK
2026-08-15T16:55:49.944365Z,2552,247.9,14409,OK,OK,OK
2026-08-15T16:55:55.453491Z,2542,248.0,14409,OK,OK,OK
2026-08-15T16:56:00.972418Z,2562,248.0,14409,OK,OK,OK
2026-08-15T16:56:06.457692Z,2540,247.9,14409,OK,OK,OK
2026-08-15T16:56:11.974103Z,2545,247.9,14409,OK,OK,OK
2026-08-15T16:56:17.483569Z,2550,247.8,14409,OK,OK,OK
2026-08-15T16:56:23.022849Z,2537,247.8,14409,OK,OK,OK
2026-08-15T16:56:28.535330Z,2558,248.3,14409,OK,OK,OK
2026-08-15T16:56:34.078142Z,2553,248.1,14409,OK,OK,OK
2026-08-15T16:56:39.630614Z,2543,248.2,14409,OK,OK,OK
2026-08-15T16:56:45.165906Z,2559,248.4,14409,OK,OK,OK
2026-08-15T16:56:50.665187Z,2559,248.4,14409,OK,OK,OK
2026-08-15T16:56:56.160100Z,2555,248.4,14409,OK,OK,OK
2026-08-15T16:57:01.628961Z,2555,248.3,14409,OK,OK,OK
2026-08-15T16:57:07.177328Z,2569,248.4,14409,OK,OK,OK
2026-08-15T16:57:12.693414Z,2567,248.4,14409,OK,OK,OK
2026-08-15T16:57:18.175924Z,2544,248.2,14409,OK,OK,OK
2026-08-15T16:57:23.667372Z,2542,248.3,14409,OK,OK,OK
2026-08-15T16:57:29.169573Z,2553,248.3,14409,OK,OK,OK
2026-08-15T16:57:34.665176Z,2553,248.4,14409,OK,OK,OK
2026-08-15T16:57:40.155782Z,2543,247.9,14409,OK,OK,OK
2026-08-15T16:57:45.677965Z,2540,248.4,14409,OK,OK,OK
2026-08-15T16:57:51.163508Z,2550,248.2,14409,OK,OK,OK
2026-08-15T16:57:56.710221Z,2560,248.2,14409,OK,OK,OK
2026-08-15T16:58:02.156813Z,2556,248.3,14409,OK,OK,OK
2026-08-15T16:58:07.664850Z,2559,248.2,14409,OK,OK,OK
2026-08-15T16:58:13.165146Z,2541,248.2,14409,OK,OK,OK
2026-08-15T16:58:18.684047Z,2558,248.1,14409,OK,OK,OK
2026-08-15T16:58:24.170325Z,2554,248.0,14409,OK,OK,OK
2026-08-15T16:58:29.700419Z,2558,248.1,14409,OK,OK,OK
2026-08-15T16:58:35.190207Z,2540,248.1,14409,OK,OK,OK
2026-08-15T16:58:40.711550Z,2546,248.0,14409,OK,OK,OK
2026-08-15T16:58:46.245816Z,2550,248.1,14409,OK,OK,OK
2026-08-15T16:58:51.748324Z,2563,248.1,14409,OK,OK,OK
2026-08-15T16:58:57.283328Z,2554,248.1,14409,OK,OK,OK
2026-08-15T16:59:02.777016Z,2548,248.0,14409,OK,OK,OK
2026-08-15T16:59:08.268166Z,2546,248.0,14409,OK,OK,OK
2026-08-15T16:59:13.724751Z,2548,248.0,14409,OK,OK,OK
2026-08-15T16:59:19.210593Z,2541,248.0,14409,OK,OK,OK
2026-08-15T16:59:24.673250Z,2557,248.1,14409,OK,OK,OK
2026-08-15T16:59:30.169148Z,2551,248.0,14409,OK,OK,OK
2026-08-15T16:59:35.638383Z,2552,248.1,14409,OK,OK,OK
2026-08-15T16:59:41.141816Z,2546,247.9,14409,OK,OK,OK
2026-08-15T16:59:46.633920Z,2551,248.0,14409,OK,OK,OK
2026-08-15T16:59:52.176925Z,2556,247.9,14409,OK,OK,OK
2026-08-15T16:59:57.662269Z,2548,247.9,14409,OK,OK,OK
2026-08-15T17:00:03.132595Z,2543,248.0,14409,OK,OK,OK
2026-08-15T17:00:08.643790Z,2545,248.0,14409,OK,OK,OK
2026-08-15T17:00:14.161450Z,2548,248.0,14409,OK,OK,OK
2026-08-15T17:00:19.682475Z,2531,248.0,14409,OK,OK,OK
2026-08-15T17:00:25.169907Z,2545,248.0,14409,OK,OK,OK
2026-08-15T17:00:30.708798Z,2536,248.0,14409,OK,OK,OK
2026-08-15T17:00:36.276257Z,2534,248.0,14409,OK,OK,OK
2026-08-15T17:00:41.760859Z,2547,248.1,14409,OK,OK,OK
2026-08-15T17:00:47.264783Z,2536,248.1,14409,OK,OK,OK
2026-08-15T17:00:52.783219Z,2547,248.2,14409,OK,OK,OK
2026-08-15T17:00:58.270700Z,2556,248.3,14409,OK,OK,OK
2026-08-15T17:01:03.755838Z,2549,248.0,14409,OK,OK,OK
2026-08-15T17:01:09.273582Z,2549,248.3,14409,OK,OK,OK
2026-08-15T17:01:14.810913Z,2569,248.3,14409,OK,OK,OK
2026-08-15T17:01:20.296816Z,2549,248.3,14409,OK,OK,OK
2026-08-15T17:01:25.754073Z,2548,248.3,14409,OK,OK,OK
2026-08-15T17:01:31.232995Z,2552,248.3,14409,OK,OK,OK
2026-08-15T17:01:36.725931Z,2552,248.4,14409,OK,OK,OK
2026-08-15T17:01:42.212056Z,2555,248.2,14409,OK,OK,OK
2026-08-15T17:01:47.731778Z,2559,248.3,14409,OK,OK,OK
2026-08-15T17:01:53.262117Z,2561,248.2,14409,OK,OK,OK
2026-08-15T17:01:58.780510Z,2557,248.3,14409,OK,OK,OK
2026-08-15T17:02:04.286558Z,2557,248.3,14409,OK,OK,OK
2026-08-15T17:02:09.801664Z,2572,248.4,14409,OK,OK,OK
2026-08-15T17:02:15.350330Z,2569,248.3,14409,OK,OK,OK
2026-08-15T17:02:20.854450Z,2562,248.4,14409,OK,OK,OK
2026-08-15T17:02:26.340237Z,2566,248.4,14409,OK,OK,OK
2026-08-15T17:02:31.849970Z,2565,248.3,14409,OK,OK,OK
2026-08-15T17:02:37.334033Z,2580,248.1,14409,OK,OK,OK
2026-08-15T17:02:42.857998Z,2567,248.1,14409,OK,OK,OK
2026-08-15T17:02:48.358866Z,2579,248.0,14409,OK,OK,OK
2026-08-15T17:02:53.888447Z,2571,247.9,14409,OK,OK,OK
2026-08-15T17:02:59.345150Z,2567,247.9,14409,OK,OK,OK
2026-08-15T17:03:04.852365Z,2563,247.9,14409,OK,OK,OK
2026-08-15T17:03:10.351568Z,2572,248.2,14409,OK,OK,OK
2026-08-15T17:03:15.896593Z,2572,248.1,14409,OK,OK,OK
2026-08-15T17:03:21.370664Z,2580,248.0,14409,OK,OK,OK
2026-08-15T17:03:26.853311Z,2566,248.1,14409,OK,OK,OK
2026-08-15T17:03:32.314813Z,2568,248.1,14409,OK,OK,OK
2026-08-15T17:03:37.836043Z,2567,248.2,14409,OK,OK,OK
2026-08-15T17:03:43.359230Z,2574,248.3,14409,OK,OK,OK
2026-08-15T17:03:48.844494Z,2576,248.3,14409,OK,OK,OK
2026-08-15T17:03:54.355459Z,2574,248.3,14409,OK,OK,OK
2026-08-15T17:03:59.880493Z,2572,248.3,14409,OK,OK,OK
2026-08-15T17:04:05.399624Z,2578,248.3,14409,OK,OK,OK
2026-08-15T17:04:10.850139Z,2569,248.3,14704,OK,OK,OK
2026-08-15T17:04:16.388545Z,2584,248.2,14704,OK,OK,OK
2026-08-15T17:04:21.909136Z,2572,248.2,14704,OK,OK,OK
2026-08-15T17:04:27.395909Z,2580,248.2,14704,OK,OK,OK
2026-08-15T17:04:32.898672Z,2574,248.2,14704,OK,OK,OK
2026-08-15T17:04:38.403913Z,2578,247.9,14704,OK,OK,OK
2026-08-15T17:04:43.893989Z,2567,248.0,14704,OK,OK,OK
2026-08-15T17:04:49.394612Z,2572,248.2,14704,OK,OK,OK
2026-08-15T17:04:54.871546Z,2574,248.2,14704,OK,OK,OK
2026-08-15T17:05:00.358714Z,2566,248.2,14704,OK,OK,OK
2026-08-15T17:05:05.851192Z,2577,248.2,14704,OK,OK,OK
2026-08-15T17:05:11.344256Z,2574,248.2,14704,OK,OK,OK
2026-08-15T17:05:16.850337Z,2575,248.2,14704,OK,OK,OK
2026-08-15T17:05:22.365095Z,2571,248.2,14704,OK,OK,OK
2026-08-15T17:05:27.879270Z,2576,248.2,14704,OK,OK,OK
2026-08-15T17:05:33.404313Z,2575,248.2,14704,OK,OK,OK
2026-08-15T17:05:38.905420Z,2580,248.2,14704,OK,OK,OK
2026-08-15T17:05:44.369646Z,2571,248.2,14704,OK,OK,OK
2026-08-15T17:05:49.844240Z,2576,248.3,14704,OK,OK,OK
2026-08-15T17:05:55.352839Z,2578,248.4,14704,OK,OK,OK
2026-08-15T17:06:00.845176Z,2572,248.3,14704,OK,OK,OK
2026-08-15T17:06:06.368879Z,2581,248.3,14704,OK,OK,OK
2026-08-15T17:06:11.826184Z,2580,248.3,14704,OK,OK,OK
2026-08-15T17:06:17.355134Z,2573,248.2,14704,OK,OK,OK
2026-08-15T17:06:22.823954Z,2573,248.3,14704,OK,OK,OK
2026-08-15T17:06:28.364292Z,2576,248.3,14704,OK,OK,OK
2026-08-15T17:06:33.882613Z,2582,248.3,14704,OK,OK,OK
2026-08-15T17:06:39.423150Z,2578,248.2,14704,OK,OK,OK
2026-08-15T17:06:44.906995Z,2577,248.2,14704,OK,OK,OK
2026-08-15T17:06:50.398560Z,2576,248.3,14704,OK,OK,OK
2026-08-15T17:06:55.892608Z,2577,248.4,14704,OK,OK,OK
2026-08-15T17:07:01.412357Z,2575,248.3,14704,OK,OK,OK
2026-08-15T17:07:06.904509Z,2582,248.2,14704,OK,OK,OK
2026-08-15T17:07:12.423704Z,2588,248.2,14704,OK,OK,OK
2026-08-15T17:07:17.932992Z,2581,248.3,14704,OK,OK,OK
2026-08-15T17:07:23.452272Z,2575,248.3,14704,OK,OK,OK
2026-08-15T17:07:28.978026Z,2574,248.3,14704,OK,OK,OK
2026-08-15T17:07:34.500925Z,2560,247.4,14704,OK,OK,OK
2026-08-15T17:07:40.022132Z,2559,247.4,14704,OK,OK,OK
2026-08-15T17:07:45.492820Z,2563,247.4,14704,OK,OK,OK
2026-08-15T17:07:50.985509Z,2559,247.3,14704,OK,OK,OK
2026-08-15T17:07:56.482688Z,2557,247.3,14704,OK,OK,OK
2026-08-15T17:08:02.021633Z,2656,247.3,14704,OK,OK,OK
2026-08-15T17:08:07.551758Z,2661,247.3,14704,OK,OK,OK
2026-08-15T17:08:13.083413Z,2676,247.2,14704,OK,OK,OK
2026-08-15T17:08:18.611686Z,2678,246.9,14704,OK,OK,OK
2026-08-15T17:08:24.135139Z,2682,247.0,14704,OK,OK,OK
2026-08-15T17:08:29.652602Z,2670,247.1,14704,OK,OK,OK
2026-08-15T17:08:35.139305Z,2665,246.9,14704,OK,OK,OK
2026-08-15T17:08:40.659525Z,2673,247.6,14704,OK,OK,OK
2026-08-15T17:08:46.160979Z,2685,247.6,14704,OK,OK,OK
2026-08-15T17:08:51.628666Z,2672,247.7,14704,OK,OK,OK
2026-08-15T17:08:57.147431Z,2671,247.7,14704,OK,OK,OK
2026-08-15T17:09:02.657935Z,2666,247.6,14704,OK,OK,OK
2026-08-15T17:09:08.171974Z,2668,247.5,14704,OK,OK,OK
2026-08-15T17:09:13.711198Z,2668,247.6,14704,OK,OK,OK
2026-08-15T17:09:19.242674Z,2666,247.8,14704,OK,OK,OK
2026-08-15T17:09:24.727233Z,2671,247.8,14704,OK,OK,OK
2026-08-15T17:09:30.247072Z,2662,248.0,14704,OK,OK,OK
2026-08-15T17:09:35.761093Z,2666,248.0,14704,OK,OK,OK
2026-08-15T17:09:41.263173Z,2662,247.9,14704,OK,OK,OK
2026-08-15T17:09:46.770222Z,2663,247.8,14704,OK,OK,OK
2026-08-15T17:09:52.265628Z,2667,247.8,14704,OK,OK,OK
2026-08-15T17:09:57.759148Z,2659,247.7,14704,OK,OK,OK
2026-08-15T17:10:03.276404Z,2660,247.5,14704,OK,OK,OK
2026-08-15T17:10:08.778954Z,2650,247.5,14704,OK,OK,OK
2026-08-15T17:10:14.274674Z,2642,247.1,14704,OK,OK,OK
2026-08-15T17:10:19.743838Z,2653,247.4,14704,OK,OK,OK
2026-08-15T17:10:25.272982Z,2631,247.4,14704,OK,OK,OK
2026-08-15T17:10:30.793367Z,2634,247.5,14704,OK,OK,OK
2026-08-15T17:10:36.298733Z,2656,247.4,14704,OK,OK,OK
2026-08-15T17:10:41.809941Z,2655,247.4,14704,OK,OK,OK
2026-08-15T17:10:47.322829Z,2644,247.5,14704,OK,OK,OK
2026-08-15T17:10:52.861458Z,2642,247.5,14704,OK,OK,OK
2026-08-15T17:10:58.355626Z,2638,247.4,14704,OK,OK,OK
2026-08-15T17:11:03.890935Z,2644,247.4,14704,OK,OK,OK
2026-08-15T17:11:09.395124Z,2641,247.2,14704,OK,OK,OK
2026-08-15T17:11:14.919635Z,2658,247.3,14704,OK,OK,OK
2026-08-15T17:11:20.411622Z,2634,247.2,14704,OK,OK,OK
2026-08-15T17:11:25.905318Z,2633,247.2,14704,OK,OK,OK
2026-08-15T17:11:31.394166Z,2644,246.9,14704,OK,OK,OK
2026-08-15T17:11:36.857924Z,2629,247.1,14704,OK,OK,OK
2026-08-15T17:11:42.348032Z,2648,247.2,14704,OK,OK,OK
2026-08-15T17:11:47.854281Z,2634,247.4,14704,OK,OK,OK
2026-08-15T17:11:53.338502Z,2636,247.2,14704,OK,OK,OK
2026-08-15T17:11:58.857970Z,2640,247.2,14704,OK,OK,OK
2026-08-15T17:12:04.386105Z,2632,247.4,14704,OK,OK,OK
2026-08-15T17:12:09.893876Z,2644,247.3,14704,OK,OK,OK
2026-08-15T17:12:15.375240Z,2643,247.3,14704,OK,OK,OK
2026-08-15T17:12:20.845721Z,2647,247.5,14704,OK,OK,OK
2026-08-15T17:12:26.382372Z,2636,247.4,14704,OK,OK,OK
2026-08-15T17:12:31.853219Z,2639,247.4,14704,OK,OK,OK
2026-08-15T17:12:37.361407Z,2638,247.5,14704,OK,OK,OK
2026-08-15T17:12:42.869833Z,2635,247.4,14704,OK,OK,OK
2026-08-15T17:12:48.377479Z,2629,247.3,14704,OK,OK,OK
2026-08-15T17:12:53.881751Z,2640,247.4,14704,OK,OK,OK
2026-08-15T17:12:59.391584Z,2618,247.4,14704,OK,OK,OK
2026-08-15T17:13:04.893354Z,2639,247.2,14704,OK,OK,OK
2026-08-15T17:13:10.426215Z,2633,247.2,14704,OK,OK,OK
2026-08-15T17:13:15.963016Z,2628,247.2,14704,OK,OK,OK
2026-08-15T17:13:21.450555Z,2629,247.2,14704,OK,OK,OK
2026-08-15T17:13:26.947887Z,2632,247.2,14704,OK,OK,OK
2026-08-15T17:13:32.484972Z,2639,247.8,14704,OK,OK,OK
2026-08-15T17:13:38.013726Z,2638,247.7,14704,OK,OK,OK
2026-08-15T17:13:43.523788Z,2639,247.8,14704,OK,OK,OK
2026-08-15T17:13:49.056314Z,2638,247.8,14704,OK,OK,OK
2026-08-15T17:13:54.617925Z,2626,247.6,14704,OK,OK,OK
2026-08-15T17:14:00.095262Z,2623,247.9,14704,OK,OK,OK
2026-08-15T17:14:05.581737Z,2636,247.9,14704,OK,OK,OK
2026-08-15T17:14:11.100994Z,2622,247.7,14704,OK,OK,OK
2026-08-15T17:14:16.601843Z,2640,247.9,14704,OK,OK,OK
2026-08-15T17:14:22.088304Z,2633,247.7,14704,OK,OK,OK
2026-08-15T17:14:27.553613Z,2642,247.7,14704,OK,OK,OK
2026-08-15T17:14:33.021363Z,2635,247.6,14704,OK,OK,OK
2026-08-15T17:14:38.515232Z,2634,247.6,14704,OK,OK,OK
2026-08-15T17:14:44.000017Z,2634,247.6,14704,OK,OK,OK
2026-08-15T17:14:49.482271Z,2640,247.6,14704,OK,OK,OK
2026-08-15T17:14:55.019953Z,2633,247.6,14704,OK,OK,OK
2026-08-15T17:15:00.494385Z,2623,248.0,14704,OK,OK,OK
2026-08-15T17:15:06.012497Z,2636,247.9,14704,OK,OK,OK
2026-08-15T17:15:11.491007Z,2633,247.7,14704,OK,OK,OK
2026-08-15T17:15:16.976239Z,2636,247.7,14704,OK,OK,OK
2026-08-15T17:15:22.456529Z,2632,247.7,14704,OK,OK,OK
2026-08-15T17:15:27.936376Z,2620,247.8,14704,OK,OK,OK
2026-08-15T17:15:33.433331Z,2632,247.7,14704,OK,OK,OK
2026-08-15T17:15:38.902300Z,2627,247.6,14704,OK,OK,OK
2026-08-15T17:15:44.392357Z,2633,247.6,14704,OK,OK,OK
2026-08-15T17:15:49.939389Z,2632,247.6,14704,OK,OK,OK
2026-08-15T17:15:55.444870Z,2630,247.5,14704,OK,OK,OK
2026-08-15T17:16:00.945393Z,2626,247.6,14704,OK,OK,OK
2026-08-15T17:16:06.437185Z,2631,247.6,14704,OK,OK,OK
2026-08-15T17:16:11.940598Z,2638,247.6,14704,OK,OK,OK
2026-08-15T17:16:17.438574Z,2634,247.6,14704,OK,OK,OK
2026-08-15T17:16:22.988649Z,2634,247.6,14704,OK,OK,OK
2026-08-15T17:16:28.508387Z,2633,247.6,14704,OK,OK,OK
2026-08-15T17:16:34.020121Z,2633,247.6,14704,OK,OK,OK
2026-08-15T17:16:39.518111Z,2642,247.6,14704,OK,OK,OK
2026-08-15T17:16:45.032158Z,2630,247.7,14704,OK,OK,OK
2026-08-15T17:16:50.509733Z,2631,247.7,14704,OK,OK,OK
2026-08-15T17:16:56.029432Z,2622,247.7,14704,OK,OK,OK
2026-08-15T17:17:01.555341Z,2627,247.6,14704,OK,OK,OK
2026-08-15T17:17:07.076224Z,2630,247.6,14704,OK,OK,OK
2026-08-15T17:17:12.549683Z,2640,247.7,14704,OK,OK,OK
2026-08-15T17:17:18.048469Z,2632,247.7,14704,OK,OK,OK
2026-08-15T17:17:23.552622Z,2613,247.7,14704,OK,OK,OK
2026-08-15T17:17:28.995789Z,2615,247.7,14704,OK,OK,OK
2026-08-15T17:17:34.508811Z,2632,247.6,14704,OK,OK,OK
2026-08-15T17:17:39.990598Z,2616,247.7,14704,OK,OK,OK
2026-08-15T17:17:45.517285Z,2619,247.8,14704,OK,OK,OK
2026-08-15T17:17:50.999953Z,2615,247.8,14704,OK,OK,OK
2026-08-15T17:17:56.546453Z,2628,247.8,14704,OK,OK,OK
2026-08-15T17:18:01.999517Z,2616,247.8,14704,OK,OK,OK
2026-08-15T17:18:07.525650Z,2610,247.8,14704,OK,OK,OK
2026-08-15T17:18:13.010886Z,2629,247.8,14704,OK,OK,OK
2026-08-15T17:18:18.568640Z,2615,247.7,14704,OK,OK,OK
2026-08-15T17:18:24.072212Z,2611,247.7,14704,OK,OK,OK
2026-08-15T17:18:29.570149Z,2628,247.8,14704,OK,OK,OK
2026-08-15T17:18:35.083343Z,2621,247.8,14704,OK,OK,OK
2026-08-15T17:18:40.608074Z,2627,247.7,14704,OK,OK,OK
2026-08-15T17:18:46.107871Z,2629,247.7,14704,OK,OK,OK
2026-08-15T17:18:51.607369Z,2628,247.7,14704,OK,OK,OK
2026-08-15T17:18:57.094504Z,2624,247.6,14704,OK,OK,OK
2026-08-15T17:19:02.604686Z,2622,247.6,14704,OK,OK,OK
2026-08-15T17:19:08.116734Z,2621,247.5,14704,OK,OK,OK
2026-08-15T17:19:13.624187Z,2620,247.5,14704,OK,OK,OK
2026-08-15T17:19:19.133826Z,2618,247.5,14704,OK,OK,OK
2026-08-15T17:19:24.648999Z,2619,247.4,14704,OK,OK,OK
2026-08-15T17:19:30.155793Z,2617,247.7,14878,OK,OK,OK
2026-08-15T17:19:35.658623Z,2621,247.7,14878,OK,OK,OK
2026-08-15T17:19:41.143948Z,2628,247.7,14878,OK,OK,OK
2026-08-15T17:19:46.636511Z,2624,247.7,14878,OK,OK,OK
2026-08-15T17:19:52.121396Z,2627,247.7,14878,OK,OK,OK
2026-08-15T17:19:57.619068Z,2613,247.7,14878,OK,OK,OK
2026-08-15T17:20:03.126687Z,2633,247.7,14878,OK,OK,OK
2026-08-15T17:20:08.674790Z,2635,247.7,14878,OK,OK,OK
2026-08-15T17:20:14.182624Z,2629,247.8,14878,OK,OK,OK
2026-08-15T17:20:19.677785Z,2633,247.9,14878,OK,OK,OK
2026-08-15T17:20:25.212179Z,2642,247.7,14878,OK,OK,OK
2026-08-15T17:20:30.691426Z,2626,247.7,14878,OK,OK,OK
2026-08-15T17:20:36.170270Z,2623,247.8,14878,OK,OK,OK
2026-08-15T17:20:41.691740Z,2624,247.7,14878,OK,OK,OK
2026-08-15T17:20:47.186494Z,2622,247.7,14878,OK,OK,OK
2026-08-15T17:20:52.663226Z,2624,247.8,14878,OK,OK,OK
2026-08-15T17:20:58.161129Z,2624,247.7,14878,OK,OK,OK
2026-08-15T17:21:03.613222Z,2623,247.7,14878,OK,OK,OK
2026-08-15T17:21:09.108764Z,2615,247.7,14878,OK,OK,OK
2026-08-15T17:21:14.626211Z,2626,247.7,14878,OK,OK,OK
2026-08-15T17:21:20.125075Z,2609,247.7,14878,OK,OK,OK
2026-08-15T17:21:25.608438Z,2607,247.7,14878,OK,OK,OK
2026-08-15T17:21:31.104277Z,2610,247.8,14878,OK,OK,OK
2026-08-15T17:21:36.607285Z,2627,247.8,14878,OK,OK,OK
2026-08-15T17:21:42.088471Z,2620,247.7,14878,OK,OK,OK
2026-08-15T17:21:47.604157Z,2610,247.7,14878,OK,OK,OK
2026-08-15T17:21:53.080925Z,2619,247.8,14878,OK,OK,OK
2026-08-15T17:21:58.598635Z,2621,247.8,14878,OK,OK,OK
2026-08-15T17:22:04.112543Z,2615,247.7,14878,OK,OK,OK
2026-08-15T17:22:09.614973Z,2628,247.7,14878,OK,OK,OK
2026-08-15T17:22:15.106821Z,2628,247.7,14878,OK,OK,OK
2026-08-15T17:22:20.640152Z,2618,247.7,14878,OK,OK,OK
2026-08-15T17:22:26.163398Z,2618,247.5,14878,OK,OK,OK
2026-08-15T17:22:31.702314Z,2620,247.7,14878,OK,OK,OK
2026-08-15T17:22:37.193212Z,2627,247.7,14878,OK,OK,OK
2026-08-15T17:22:42.712101Z,2620,247.7,14878,OK,OK,OK
2026-08-15T17:22:48.209510Z,2625,247.7,14878,OK,OK,OK
2026-08-15T17:22:53.719529Z,2618,247.6,14878,OK,OK,OK
2026-08-15T17:22:59.188801Z,2623,247.6,14878,OK,OK,OK
2026-08-15T17:23:04.706134Z,2608,247.4,14878,OK,OK,OK
2026-08-15T17:23:10.204622Z,2636,247.4,14878,OK,OK,OK
2026-08-15T17:23:15.697969Z,2621,247.6,14878,OK,OK,OK
2026-08-15T17:23:21.172403Z,2624,247.7,14878,OK,OK,OK
2026-08-15T17:23:26.694097Z,2623,247.8,14878,OK,OK,OK
2026-08-15T17:23:32.159937Z,2622,247.8,14878,OK,OK,OK
2026-08-15T17:23:37.653209Z,2624,247.8,14878,OK,OK,OK
2026-08-15T17:23:43.139638Z,2619,247.9,14878,OK,OK,OK
2026-08-15T17:23:48.635693Z,2609,247.8,14878,OK,OK,OK
2026-08-15T17:23:54.167217Z,2627,247.8,14878,OK,OK,OK
2026-08-15T17:23:59.628629Z,2621,247.8,14878,OK,OK,OK
2026-08-15T17:24:05.156790Z,2612,247.8,14878,OK,OK,OK
2026-08-15T17:24:10.721105Z,2607,247.8,14878,OK,OK,OK
2026-08-15T17:24:16.234011Z,2616,247.5,14878,OK,OK,OK
2026-08-15T17:24:21.725689Z,2618,247.7,14878,OK,OK,OK
2026-08-15T17:24:27.256690Z,2619,247.9,14878,OK,OK,OK
2026-08-15T17:24:32.731857Z,2619,247.9,14878,OK,OK,OK
2026-08-15T17:24:38.231468Z,2632,247.9,14878,OK,OK,OK
2026-08-15T17:24:43.730379Z,2618,247.8,14878,OK,OK,OK
2026-08-15T17:24:49.226410Z,2619,247.6,14878,OK,OK,OK
2026-08-15T17:24:54.734297Z,2623,247.8,14878,OK,OK,OK
2026-08-15T17:25:00.231119Z,2621,247.9,14878,OK,OK,OK
2026-08-15T17:25:05.709104Z,2607,247.8,14878,OK,OK,OK
2026-08-15T17:25:11.227012Z,2617,247.8,14878,OK,OK,OK
2026-08-15T17:25:16.741431Z,2621,247.8,14878,OK,OK,OK
2026-08-15T17:25:22.199558Z,2622,247.8,14878,OK,OK,OK
2026-08-15T17:25:27.738342Z,2621,247.8,14878,OK,OK,OK
2026-08-15T17:25:33.239371Z,2613,247.8,14878,OK,OK,OK
2026-08-15T17:25:38.739691Z,2638,247.8,14878,OK,OK,OK
2026-08-15T17:25:44.261249Z,2622,247.6,14878,OK,OK,OK
2026-08-15T17:25:49.753731Z,2620,247.6,14878,OK,OK,OK
2026-08-15T17:25:55.290830Z,2617,247.6,14878,OK,OK,OK
2026-08-15T17:26:00.837244Z,2640,247.6,14878,OK,OK,OK
2026-08-15T17:26:06.342204Z,2622,247.6,14878,OK,OK,OK
2026-08-15T17:26:11.871963Z,2621,247.6,14878,OK,OK,OK
2026-08-15T17:26:17.372569Z,2618,247.6,14878,OK,OK,OK
2026-08-15T17:26:22.898602Z,2627,247.6,14878,OK,OK,OK
2026-08-15T17:26:28.384034Z,2617,247.8,14878,OK,OK,OK
2026-08-15T17:26:33.882979Z,2621,247.7,14878,OK,OK,OK
2026-08-15T17:26:39.368362Z,2615,247.8,14878,OK,OK,OK
2026-08-15T17:26:44.846354Z,2623,247.9,14878,OK,OK,OK
2026-08-15T17:26:50.329567Z,2622,247.9,14878,OK,OK,OK
2026-08-15T17:26:55.826811Z,2620,247.9,14878,OK,OK,OK
2026-08-15T17:27:01.334361Z,2619,248.0,14878,OK,OK,OK
2026-08-15T17:27:06.854202Z,2635,248.0,14878,OK,OK,OK
2026-08-15T17:27:12.388223Z,2635,247.9,14878,OK,OK,OK
2026-08-15T17:27:17.882667Z,2624,248.0,14878,OK,OK,OK
2026-08-15T17:27:23.389419Z,2622,248.2,14878,OK,OK,OK
2026-08-15T17:27:28.877322Z,2622,248.0,14878,OK,OK,OK
2026-08-15T17:27:34.399556Z,2627,248.0,14878,OK,OK,OK
2026-08-15T17:27:39.931350Z,2622,248.2,14878,OK,OK,OK
2026-08-15T17:27:45.426912Z,2620,248.2,14878,OK,OK,OK
2026-08-15T17:27:50.956686Z,2618,248.2,14878,OK,OK,OK
2026-08-15T17:27:56.489342Z,2624,248.3,14878,OK,OK,OK
2026-08-15T17:28:02.017707Z,2626,248.3,14878,OK,OK,OK
2026-08-15T17:28:07.536364Z,2620,248.2,14878,OK,OK,OK
2026-08-15T17:28:13.051633Z,2624,248.3,14878,OK,OK,OK
2026-08-15T17:28:18.554568Z,2623,248.3,14878,OK,OK,OK
2026-08-15T17:28:24.072419Z,2625,248.3,14878,OK,OK,OK
2026-08-15T17:28:29.566029Z,2625,248.3,14878,OK,OK,OK
2026-08-15T17:28:35.092308Z,2610,248.3,14878,OK,OK,OK
2026-08-15T17:28:40.564610Z,2613,248.3,14878,OK,OK,OK
2026-08-15T17:28:46.046353Z,2627,248.3,14878,OK,OK,OK
2026-08-15T17:28:51.535613Z,2626,248.3,14878,OK,OK,OK
2026-08-15T17:28:57.076168Z,2623,248.2,14878,OK,OK,OK
2026-08-15T17:29:02.603350Z,2608,248.1,14878,OK,OK,OK
2026-08-15T17:29:08.069862Z,2624,248.1,14878,OK,OK,OK
2026-08-15T17:29:13.571651Z,2621,248.2,14878,OK,OK,OK
2026-08-15T17:29:19.064225Z,2608,248.2,14878,OK,OK,OK
2026-08-15T17:29:24.548106Z,2636,248.3,14878,OK,OK,OK
2026-08-15T17:29:30.068881Z,2622,248.3,14878,OK,OK,OK
2026-08-15T17:29:35.558482Z,2635,248.3,14878,OK,OK,OK
2026-08-15T17:29:41.061371Z,2625,248.3,14878,OK,OK,OK
2026-08-15T17:29:46.533134Z,2632,248.4,14878,OK,OK,OK
2026-08-15T17:29:52.045515Z,2628,248.5,14878,OK,OK,OK
2026-08-15T17:29:57.535509Z,2624,248.5,14878,OK,OK,OK
2026-08-15T17:30:03.077057Z,2625,248.4,14878,OK,OK,OK
2026-08-15T17:30:08.578486Z,2626,248.4,14878,OK,OK,OK
2026-08-15T17:30:14.116677Z,2624,248.4,14878,OK,OK,OK
2026-08-15T17:30:19.592178Z,2627,248.4,14878,OK,OK,OK
2026-08-15T17:30:25.091347Z,2614,248.4,14878,OK,OK,OK
2026-08-15T17:30:30.571049Z,2625,248.4,14878,OK,OK,OK
2026-08-15T17:30:36.098709Z,2632,248.4,14878,OK,OK,OK
2026-08-15T17:30:41.595533Z,2622,248.2,14878,OK,OK,OK
2026-08-15T17:30:47.085260Z,2627,248.4,14878,OK,OK,OK
2026-08-15T17:30:52.612696Z,2620,248.3,14878,OK,OK,OK
2026-08-15T17:30:58.140215Z,2624,248.3,14878,OK,OK,OK
2026-08-15T17:31:03.641167Z,2620,248.2,14878,OK,OK,OK
2026-08-15T17:31:09.149262Z,2621,248.2,14878,OK,OK,OK
2026-08-15T17:31:14.685446Z,2624,248.1,14878,OK,OK,OK
2026-08-15T17:31:20.193124Z,2622,248.0,14878,OK,OK,OK
2026-08-15T17:31:25.670437Z,2618,247.8,14878,OK,OK,OK
2026-08-15T17:31:31.186932Z,2615,247.9,14878,OK,OK,OK
2026-08-15T17:31:36.679903Z,2619,248.0,14878,OK,OK,OK
2026-08-15T17:31:42.213305Z,2621,248.1,14878,OK,OK,OK
2026-08-15T17:31:47.726684Z,2534,248.0,14878,OK,OK,OK
2026-08-15T17:31:53.281087Z,2539,248.1,14878,OK,OK,OK
2026-08-15T17:31:58.781660Z,2539,248.1,14878,OK,OK,OK
2026-08-15T17:32:04.308574Z,2534,248.1,14878,OK,OK,OK
2026-08-15T17:32:09.779131Z,2551,248.0,14878,OK,OK,OK
2026-08-15T17:32:15.281034Z,2545,248.1,14878,OK,OK,OK
2026-08-15T17:32:20.820235Z,2536,248.1,14878,OK,OK,OK
2026-08-15T17:32:26.324475Z,2536,248.1,14878,OK,OK,OK
2026-08-15T17:32:31.842906Z,2552,248.2,14878,OK,OK,OK
2026-08-15T17:32:37.337495Z,2539,248.1,14878,OK,OK,OK
2026-08-15T17:32:42.855954Z,2536,248.1,14878,OK,OK,OK
2026-08-15T17:32:48.368949Z,2538,248.1,14878,OK,OK,OK
2026-08-15T17:32:53.848552Z,2533,248.1,14878,OK,OK,OK
2026-08-15T17:32:59.353601Z,2538,248.1,14878,OK,OK,OK
2026-08-15T17:33:04.878002Z,2536,248.2,14878,OK,OK,OK
2026-08-15T17:33:10.363192Z,2536,248.1,14878,OK,OK,OK
2026-08-15T17:33:15.868728Z,2538,248.1,14878,OK,OK,OK
2026-08-15T17:33:21.397309Z,2537,248.1,14878,OK,OK,OK
2026-08-15T17:33:26.900101Z,2528,248.0,14878,OK,OK,OK
2026-08-15T17:33:32.383265Z,2544,248.1,14878,OK,OK,OK
2026-08-15T17:33:37.893462Z,2534,248.1,14878,OK,OK,OK
2026-08-15T17:33:43.413746Z,2541,248.0,14878,OK,OK,OK
2026-08-15T17:33:48.932022Z,2526,248.0,14878,OK,OK,OK
2026-08-15T17:33:54.412948Z,2528,248.0,14878,OK,OK,OK
2026-08-15T17:33:59.934440Z,2644,247.9,14878,OK,OK,OK
2026-08-15T17:34:05.430761Z,2674,248.0,14878,OK,OK,OK
2026-08-15T17:34:10.930138Z,2659,247.9,14878,OK,OK,OK
2026-08-15T17:34:16.392683Z,2669,247.9,14878,OK,OK,OK
2026-08-15T17:34:21.902456Z,2660,247.9,14878,OK,OK,OK
2026-08-15T17:34:27.364414Z,2666,248.0,14878,OK,OK,OK
2026-08-15T17:34:32.885641Z,2660,248.0,14878,OK,OK,OK
2026-08-15T17:34:38.346184Z,2647,248.0,14878,OK,OK,OK
2026-08-15T17:34:43.883439Z,2660,248.0,14878,OK,OK,OK
2026-08-15T17:34:49.357839Z,2661,248.0,14579,OK,OK,OK
2026-08-15T17:34:54.865244Z,2682,248.0,14579,OK,OK,OK
2026-08-15T17:35:00.353565Z,2657,248.2,14579,OK,OK,OK
2026-08-15T17:35:05.892350Z,2667,248.4,14579,OK,OK,OK
2026-08-15T17:35:11.382613Z,2663,248.2,14579,OK,OK,OK
2026-08-15T17:35:16.907832Z,2660,248.2,14579,OK,OK,OK
2026-08-15T17:35:22.411448Z,2657,248.2,14579,OK,OK,OK
2026-08-15T17:35:27.913109Z,2536,248.2,14579,OK,OK,OK
2026-08-15T17:35:33.408592Z,2548,248.2,14579,OK,OK,OK
2026-08-15T17:35:38.946394Z,2552,248.1,14579,OK,OK,OK
2026-08-15T17:35:44.452081Z,2548,248.1,14579,OK,OK,OK
2026-08-15T17:35:49.948423Z,2546,248.0,14579,OK,OK,OK
2026-08-15T17:35:55.454988Z,2531,248.0,14579,OK,OK,OK
2026-08-15T17:36:00.975862Z,2544,248.0,14579,OK,OK,OK
2026-08-15T17:36:06.493592Z,2540,247.9,14579,OK,OK,OK
2026-08-15T17:36:12.006146Z,2542,247.9,14579,OK,OK,OK
2026-08-15T17:36:17.525100Z,2525,247.9,14579,OK,OK,OK
2026-08-15T17:36:23.036647Z,2525,247.9,14579,OK,OK,OK
2026-08-15T17:36:28.516751Z,2534,247.9,14579,OK,OK,OK
2026-08-15T17:36:34.016345Z,2539,247.9,14579,OK,OK,OK
2026-08-15T17:36:39.514816Z,2552,247.9,14579,OK,OK,OK
2026-08-15T17:36:45.017309Z,2532,247.9,14579,OK,OK,OK
2026-08-15T17:36:50.499268Z,2539,247.9,14579,OK,OK,OK
2026-08-15T17:36:56.001547Z,2550,247.9,14579,OK,OK,OK
2026-08-15T17:37:01.492271Z,2542,247.9,14579,OK,OK,OK
2026-08-15T17:37:07.028436Z,2555,247.8,14579,OK,OK,OK
2026-08-15T17:37:12.566619Z,2557,247.9,14579,OK,OK,OK
2026-08-15T17:37:18.065749Z,2544,247.9,14579,OK,OK,OK
2026-08-15T17:37:23.581933Z,2540,247.9,14579,OK,OK,OK
2026-08-15T17:37:29.078801Z,2550,247.9,14579,OK,OK,OK
2026-08-15T17:37:34.620568Z,2533,247.9,14579,OK,OK,OK
2026-08-15T17:37:40.132956Z,2530,247.9,14579,OK,OK,OK
2026-08-15T17:37:45.643946Z,2546,248.1,14579,OK,OK,OK
2026-08-15T17:37:51.168229Z,2552,248.1,14579,OK,OK,OK
2026-08-15T17:37:56.672822Z,2528,248.1,14579,OK,OK,OK
2026-08-15T17:38:02.192965Z,2537,248.0,14579,OK,OK,OK
2026-08-15T17:38:07.684651Z,2534,248.0,14579,OK,OK,OK
2026-08-15T17:38:13.197773Z,2536,248.1,14579,OK,OK,OK
2026-08-15T17:38:18.679088Z,2522,248.1,14579,OK,OK,OK
2026-08-15T17:38:24.171165Z,2526,248.0,14579,OK,OK,OK
2026-08-15T17:38:29.747318Z,2518,248.0,14579,OK,OK,OK
2026-08-15T17:38:35.255199Z,2542,248.1,14579,OK,OK,OK
2026-08-15T17:38:40.762875Z,2521,248.0,14579,OK,OK,OK
2026-08-15T17:38:46.268693Z,2547,248.0,14579,OK,OK,OK
2026-08-15T17:38:51.747934Z,2530,247.8,14579,OK,OK,OK
2026-08-15T17:38:57.196107Z,2524,247.8,14579,OK,OK,OK
2026-08-15T17:39:02.664846Z,2518,247.9,14579,OK,OK,OK
2026-08-15T17:39:08.129217Z,2513,247.9,14579,OK,OK,OK
2026-08-15T17:39:13.630215Z,2491,246.6,14579,OK,OK,OK
2026-08-15T17:39:19.141761Z,2502,247.0,14579,OK,OK,OK
2026-08-15T17:39:24.628011Z,2504,247.1,14579,OK,OK,OK
2026-08-15T17:39:30.121592Z,2513,247.0,14579,OK,OK,OK
2026-08-15T17:39:35.642905Z,2499,246.7,14579,OK,OK,OK
2026-08-15T17:39:41.091248Z,2502,247.0,14579,OK,OK,OK
2026-08-15T17:39:46.598542Z,2503,247.0,14579,OK,OK,OK
2026-08-15T17:39:52.118727Z,2520,247.0,14579,OK,OK,OK
2026-08-15T17:39:57.656400Z,2514,247.0,14579,OK,OK,OK
2026-08-15T17:40:03.162559Z,2502,247.1,14579,OK,OK,OK
2026-08-15T17:40:08.712950Z,2500,247.1,14579,OK,OK,OK
2026-08-15T17:40:14.269071Z,2498,247.1,14579,OK,OK,OK
2026-08-15T17:40:19.771039Z,2504,247.1,14579,OK,OK,OK
2026-08-15T17:40:25.279239Z,2519,247.1,14579,OK,OK,OK
2026-08-15T17:40:30.799217Z,2504,247.3,14579,OK,OK,OK
2026-08-15T17:40:36.292938Z,2524,247.3,14579,OK,OK,OK
2026-08-15T17:40:41.829582Z,2520,247.3,14579,OK,OK,OK
2026-08-15T17:40:47.336567Z,2522,247.3,14579,OK,OK,OK
2026-08-15T17:40:52.825487Z,2527,247.3,14579,OK,OK,OK
2026-08-15T17:40:58.348441Z,2526,247.3,14579,OK,OK,OK
2026-08-15T17:41:03.847717Z,2527,247.3,14579,OK,OK,OK
2026-08-15T17:41:09.414129Z,2532,247.3,14579,OK,OK,OK
2026-08-15T17:41:14.992489Z,2530,247.1,14579,OK,OK,OK
2026-08-15T17:41:20.523255Z,2516,247.2,14579,OK,OK,OK
2026-08-15T17:41:26.022186Z,2520,247.3,14579,OK,OK,OK
2026-08-15T17:41:31.502771Z,2517,247.3,14579,OK,OK,OK
2026-08-15T17:41:37.024274Z,2521,247.3,14579,OK,OK,OK
2026-08-15T17:41:42.547627Z,2515,247.0,14579,OK,OK,OK
2026-08-15T17:41:48.058315Z,2518,247.1,14579,OK,OK,OK
2026-08-15T17:41:53.584867Z,2525,247.1,14579,OK,OK,OK
2026-08-15T17:41:59.109021Z,2522,247.1,14579,OK,OK,OK
2026-08-15T17:42:04.585324Z,2514,247.1,14579,OK,OK,OK
2026-08-15T17:42:10.100335Z,2533,247.1,14579,OK,OK,OK
2026-08-15T17:42:15.632725Z,2518,247.1,14579,OK,OK,OK
2026-08-15T17:42:21.153905Z,2519,247.1,14579,OK,OK,OK
2026-08-15T17:42:26.663071Z,2516,247.1,14579,OK,OK,OK
2026-08-15T17:42:32.152058Z,2522,247.1,14579,OK,OK,OK
2026-08-15T17:42:37.689468Z,2513,247.0,14579,OK,OK,OK
2026-08-15T17:42:43.210143Z,2513,246.9,14579,OK,OK,OK
2026-08-15T17:42:48.700627Z,2519,247.0,14579,OK,OK,OK
2026-08-15T17:42:54.237310Z,2515,246.9,14579,OK,OK,OK
2026-08-15T17:42:59.677380Z,2519,246.8,14579,OK,OK,OK
2026-08-15T17:43:05.180408Z,2511,246.7,14579,OK,OK,OK
2026-08-15T17:43:10.688939Z,2516,247.1,14579,OK,OK,OK
2026-08-15T17:43:16.204504Z,2530,247.3,14579,OK,OK,OK
2026-08-15T17:43:21.683335Z,2514,247.1,14579,OK,OK,OK
2026-08-15T17:43:27.154140Z,2523,247.1,14579,OK,OK,OK
2026-08-15T17:43:32.672901Z,2515,247.1,14579,OK,OK,OK
2026-08-15T17:43:38.130804Z,2525,247.1,14579,OK,OK,OK
2026-08-15T17:43:43.629095Z,2527,247.1,14579,OK,OK,OK
2026-08-15T17:43:49.093690Z,2535,247.1,14579,OK,OK,OK
2026-08-15T17:43:54.561846Z,2533,247.3,14579,OK,OK,OK
2026-08-15T17:44:00.061280Z,2534,247.3,14579,OK,OK,OK
2026-08-15T17:44:05.578294Z,2540,247.3,14579,OK,OK,OK
2026-08-15T17:44:11.072909Z,2537,247.1,14579,OK,OK,OK
2026-08-15T17:44:16.626726Z,2539,247.3,14579,OK,OK,OK
2026-08-15T17:44:22.137203Z,2541,247.3,14579,OK,OK,OK
2026-08-15T17:44:27.656454Z,2538,247.1,14579,OK,OK,OK
2026-08-15T17:44:33.178131Z,2535,247.2,14579,OK,OK,OK
2026-08-15T17:44:38.692116Z,2539,247.2,14579,OK,OK,OK
2026-08-15T17:44:44.185741Z,2538,247.1,14579,OK,OK,OK
2026-08-15T17:44:49.673922Z,2538,247.1,14579,OK,OK,OK
2026-08-15T17:44:55.168125Z,2538,247.1,14579,OK,OK,OK
2026-08-15T17:45:00.678029Z,2538,247.2,14579,OK,OK,OK
2026-08-15T17:45:06.198741Z,2553,247.1,14579,OK,OK,OK
2026-08-15T17:45:11.703007Z,2538,247.1,14579,OK,OK,OK
2026-08-15T17:45:17.190221Z,2538,247.2,14579,OK,OK,OK
2026-08-15T17:45:22.728085Z,2541,247.2,14579,OK,OK,OK
2026-08-15T17:45:28.257087Z,2540,247.2,14579,OK,OK,OK
2026-08-15T17:45:33.760303Z,2543,247.1,14579,OK,OK,OK
2026-08-15T17:45:39.289426Z,2544,247.2,14579,OK,OK,OK
2026-08-15T17:45:44.805354Z,2540,247.1,14579,OK,OK,OK
2026-08-15T17:45:50.316540Z,2550,247.8,14579,OK,OK,OK
2026-08-15T17:45:55.804486Z,2554,248.0,14579,OK,OK,OK
2026-08-15T17:46:01.342049Z,2553,247.9,14579,OK,OK,OK
2026-08-15T17:46:06.844544Z,2554,248.0,14579,OK,OK,OK
2026-08-15T17:46:12.344531Z,2558,248.0,14579,OK,OK,OK
2026-08-15T17:46:17.865870Z,2562,247.9,14579,OK,OK,OK
2026-08-15T17:46:23.388494Z,2555,247.9,14579,OK,OK,OK
2026-08-15T17:46:28.893957Z,2557,247.9,14579,OK,OK,OK
2026-08-15T17:46:34.413116Z,2552,248.0,14579,OK,OK,OK
2026-08-15T17:46:39.904476Z,2559,248.0,14579,OK,OK,OK
2026-08-15T17:46:45.426673Z,2555,248.0,14579,OK,OK,OK
2026-08-15T17:46:50.967762Z,2560,247.9,14579,OK,OK,OK
2026-08-15T17:46:56.465142Z,2555,247.9,14579,OK,OK,OK
2026-08-15T17:47:01.998010Z,2566,247.9,14579,OK,OK,OK
2026-08-15T17:47:07.510201Z,2562,247.9,14579,OK,OK,OK
2026-08-15T17:47:13.015107Z,2563,247.6,14579,OK,OK,OK
2026-08-15T17:47:18.506412Z,2550,247.7,14579,OK,OK,OK
2026-08-15T17:47:24.012193Z,2564,248.0,14579,OK,OK,OK
2026-08-15T17:47:29.522015Z,2558,248.0,14579,OK,OK,OK
2026-08-15T17:47:35.040187Z,2562,247.8,14579,OK,OK,OK
2026-08-15T17:47:40.567697Z,2559,247.9,14579,OK,OK,OK
2026-08-15T17:47:46.059520Z,2561,247.9,14579,OK,OK,OK
2026-08-15T17:47:51.590657Z,2558,248.0,14579,OK,OK,OK
2026-08-15T17:47:57.066944Z,2559,248.0,14579,OK,OK,OK
2026-08-15T17:48:02.565613Z,2556,247.9,14579,OK,OK,OK
2026-08-15T17:48:08.016194Z,2558,248.0,14579,OK,OK,OK
2026-08-15T17:48:13.517390Z,2657,248.0,14579,OK,OK,OK
2026-08-15T17:48:18.993434Z,2662,247.9,14579,OK,OK,OK
2026-08-15T17:48:24.490524Z,2675,247.9,14579,OK,OK,OK
2026-08-15T17:48:30.039283Z,2679,247.8,14579,OK,OK,OK
2026-08-15T17:48:35.548386Z,2674,248.0,14579,OK,OK,OK
2026-08-15T17:48:41.033973Z,2667,248.0,14579,OK,OK,OK
2026-08-15T17:48:46.537708Z,2674,248.1,14579,OK,OK,OK
2026-08-15T17:48:52.012007Z,2674,248.2,14579,OK,OK,OK
2026-08-15T17:48:57.535768Z,2673,248.2,14579,OK,OK,OK
2026-08-15T17:49:03.053616Z,2665,248.1,14579,OK,OK,OK
2026-08-15T17:49:08.543735Z,2668,248.0,14579,OK,OK,OK
2026-08-15T17:49:14.094533Z,2661,248.0,14579,OK,OK,OK
2026-08-15T17:49:19.598190Z,2662,248.0,14579,OK,OK,OK
2026-08-15T17:49:25.122591Z,2664,248.1,14579,OK,OK,OK
2026-08-15T17:49:30.614386Z,2662,248.2,14579,OK,OK,OK
2026-08-15T17:49:36.151581Z,2676,248.0,14579,OK,OK,OK
2026-08-15T17:49:41.673616Z,2658,248.0,14579,OK,OK,OK
2026-08-15T17:49:47.155805Z,2657,248.1,14579,OK,OK,OK
2026-08-15T17:49:52.677109Z,2662,248.1,14579,OK,OK,OK
2026-08-15T17:49:58.139476Z,2652,247.9,14579,OK,OK,OK
2026-08-15T17:50:03.657584Z,2653,247.8,14579,OK,OK,OK
2026-08-15T17:50:09.189600Z,2647,247.5,14983,OK,OK,OK
2026-08-15T17:50:14.695633Z,2638,247.4,14983,OK,OK,OK
2026-08-15T17:50:20.196489Z,2631,247.4,14983,OK,OK,OK
2026-08-15T17:50:25.674154Z,2635,247.4,14983,OK,OK,OK
2026-08-15T17:50:31.156438Z,2632,247.4,14983,OK,OK,OK
2026-08-15T17:50:36.672753Z,2638,247.4,14983,OK,OK,OK
2026-08-15T17:50:42.176655Z,2636,247.4,14983,OK,OK,OK
2026-08-15T17:50:47.682930Z,2643,247.4,14983,OK,OK,OK
2026-08-15T17:50:53.185691Z,2634,247.0,14983,OK,OK,OK
2026-08-15T17:50:58.714001Z,2628,247.0,14983,OK,OK,OK
2026-08-15T17:51:04.212205Z,2635,247.1,14983,OK,OK,OK
2026-08-15T17:51:09.663768Z,2639,247.0,14983,OK,OK,OK
2026-08-15T17:51:15.190377Z,2644,247.0,14983,OK,OK,OK
2026-08-15T17:51:20.657032Z,2647,247.5,14983,OK,OK,OK
2026-08-15T17:51:26.169810Z,2651,247.4,14983,OK,OK,OK
2026-08-15T17:51:31.638338Z,2646,247.4,14983,OK,OK,OK
2026-08-15T17:51:37.159310Z,2652,247.5,14983,OK,OK,OK
2026-08-15T17:51:42.665275Z,2644,247.4,14983,OK,OK,OK
2026-08-15T17:51:48.189933Z,2645,247.4,14983,OK,OK,OK
2026-08-15T17:51:53.692196Z,2637,247.5,14983,OK,OK,OK
2026-08-15T17:51:59.216384Z,2643,247.4,14983,OK,OK,OK
2026-08-15T17:52:04.721666Z,2633,247.5,14983,OK,OK,OK
2026-08-15T17:52:10.266036Z,2635,247.4,14983,OK,OK,OK
2026-08-15T17:52:15.797057Z,2639,247.4,14983,OK,OK,OK
2026-08-15T17:52:21.293284Z,2636,247.4,14983,OK,OK,OK
2026-08-15T17:52:26.786677Z,2634,247.4,14983,OK,OK,OK
2026-08-15T17:52:32.275240Z,2634,247.4,14983,OK,OK,OK
2026-08-15T17:52:37.759787Z,2644,247.3,14983,OK,OK,OK
2026-08-15T17:52:43.292535Z,2634,247.1,14983,OK,OK,OK
2026-08-15T17:52:48.793549Z,2636,247.1,14983,OK,OK,OK
2026-08-15T17:52:54.253393Z,2632,247.3,14983,OK,OK,OK
2026-08-15T17:52:59.794679Z,2636,247.3,14983,OK,OK,OK
2026-08-15T17:53:05.265066Z,2641,247.3,14983,OK,OK,OK
2026-08-15T17:53:10.784563Z,2629,247.2,14983,OK,OK,OK
2026-08-15T17:53:16.293585Z,2611,244.8,14983,OK,OK,OK
2026-08-15T17:53:21.800440Z,2618,245.8,14983,OK,OK,OK
2026-08-15T17:53:27.311675Z,2594,244.4,14983,OK,OK,OK
2026-08-15T17:53:32.821351Z,2570,242.8,14983,OK,OK,OK
2026-08-15T17:53:38.327809Z,2578,243.4,14983,OK,OK,OK
2026-08-15T17:53:43.837273Z,2573,243.6,14983,OK,OK,OK
2026-08-15T17:53:49.371476Z,2588,244.0,14983,OK,OK,OK
2026-08-15T17:53:54.900890Z,2605,245.7,14983,OK,OK,OK
2026-08-15T17:54:00.407917Z,2631,247.4,14983,OK,OK,OK
2026-08-15T17:54:05.906992Z,2626,247.5,14983,OK,OK,OK
2026-08-15T17:54:11.432672Z,2575,243.8,14983,OK,OK,OK
2026-08-15T17:54:16.934500Z,2578,244.3,14983,OK,OK,OK
2026-08-15T17:54:22.433821Z,2576,244.2,14983,OK,OK,OK
2026-08-15T17:54:27.954848Z,2594,245.5,14983,OK,OK,OK
2026-08-15T17:54:33.474727Z,2625,247.2,14983,OK,OK,OK
2026-08-15T17:54:39.009936Z,2610,246.3,14983,OK,OK,OK
2026-08-15T17:54:44.507589Z,2577,243.5,14983,OK,OK,OK
2026-08-15T17:54:50.075664Z,2574,244.2,14983,OK,OK,OK
2026-08-15T17:54:55.582638Z,2606,246.0,14983,OK,OK,OK
2026-08-15T17:55:01.081964Z,2585,245.1,14983,OK,OK,OK
2026-08-15T17:55:06.572471Z,2579,244.0,14983,OK,OK,OK
2026-08-15T17:55:12.099372Z,2607,245.9,14983,OK,OK,OK
2026-08-15T17:55:17.629498Z,2600,246.1,14983,OK,OK,OK
2026-08-15T17:55:23.155744Z,2618,247.5,14983,OK,OK,OK
2026-08-15T17:55:28.661818Z,2614,246.6,14983,OK,OK,OK
2026-08-15T17:55:34.187837Z,2620,247.1,14983,OK,OK,OK
2026-08-15T17:55:39.691362Z,2595,245.8,14983,OK,OK,OK
2026-08-15T17:55:45.179380Z,2609,246.7,14983,OK,OK,OK
2026-08-15T17:55:50.698277Z,2612,247.0,14983,OK,OK,OK
2026-08-15T17:55:56.196798Z,2580,245.1,14983,OK,OK,OK
2026-08-15T17:56:01.672538Z,2603,245.0,14983,OK,OK,OK
2026-08-15T17:56:07.193698Z,2574,244.7,14983,OK,OK,OK
2026-08-15T17:56:12.644862Z,2586,245.1,14983,OK,OK,OK
2026-08-15T17:56:18.186371Z,2602,246.6,14983,OK,OK,OK
2026-08-15T17:56:23.684295Z,2574,244.4,14983,OK,OK,OK
2026-08-15T17:56:29.166550Z,2564,244.1,14983,OK,OK,OK
2026-08-15T17:56:34.626111Z,2583,245.6,14983,OK,OK,OK
2026-08-15T17:56:40.111538Z,2603,247.1,14983,OK,OK,OK
2026-08-15T17:56:45.591847Z,2615,247.4,14983,OK,OK,OK
2026-08-15T17:56:51.096474Z,2608,247.3,14983,OK,OK,OK
2026-08-15T17:56:56.603135Z,2616,247.4,14983,OK,OK,OK
2026-08-15T17:57:02.126551Z,2613,247.3,14983,OK,OK,OK
2026-08-15T17:57:07.618034Z,2608,247.3,14983,OK,OK,OK
2026-08-15T17:57:13.120757Z,2619,247.3,14983,OK,OK,OK
2026-08-15T17:57:18.613885Z,2606,247.4,14983,OK,OK,OK
2026-08-15T17:57:24.139687Z,2584,245.5,14983,OK,OK,OK
2026-08-15T17:57:29.680393Z,2598,246.6,14983,OK,OK,OK
2026-08-15T17:57:35.154793Z,2611,247.5,14983,OK,OK,OK
2026-08-15T17:57:40.658164Z,2606,247.4,14983,OK,OK,OK
2026-08-15T17:57:46.173450Z,2614,247.4,14983,OK,OK,OK
2026-08-15T17:57:51.653330Z,2606,247.4,14983,OK,OK,OK
2026-08-15T17:57:57.189872Z,2609,247.5,14983,OK,OK,OK
2026-08-15T17:58:02.712954Z,2608,247.5,14983,OK,OK,OK
2026-08-15T17:58:08.205056Z,2618,247.5,14983,OK,OK,OK
2026-08-15T17:58:13.718624Z,2611,247.5,14983,OK,OK,OK
2026-08-15T17:58:19.224158Z,2606,247.4,14983,OK,OK,OK
2026-08-15T17:58:24.731606Z,2608,247.3,14983,OK,OK,OK
2026-08-15T17:58:30.220148Z,2598,247.0,14983,OK,OK,OK
2026-08-15T17:58:35.736920Z,2591,246.4,14983,OK,OK,OK
2026-08-15T17:58:41.265428Z,2573,245.2,14983,OK,OK,OK
2026-08-15T17:58:46.760104Z,2565,244.0,14983,OK,OK,OK
2026-08-15T17:58:52.239831Z,2563,244.3,14983,OK,OK,OK
2026-08-15T17:58:57.774668Z,2552,243.4,14983,OK,OK,OK
2026-08-15T17:59:03.285368Z,2540,242.4,14983,OK,OK,OK
2026-08-15T17:59:08.802488Z,2547,243.0,14983,OK,OK,OK
2026-08-15T17:59:14.269881Z,2550,243.4,14983,OK,OK,OK
2026-08-15T17:59:19.767862Z,2586,246.1,14983,OK,OK,OK
2026-08-15T17:59:25.307655Z,2608,247.1,14983,OK,OK,OK
2026-08-15T17:59:30.795379Z,2602,247.3,14983,OK,OK,OK
2026-08-15T17:59:36.244616Z,2609,247.3,14983,OK,OK,OK
2026-08-15T17:59:41.729370Z,2598,247.3,14983,OK,OK,OK
2026-08-15T17:59:47.191266Z,2602,247.3,14983,OK,OK,OK
2026-08-15T17:59:52.721201Z,2604,247.3,14983,OK,OK,OK
2026-08-15T17:59:58.203017Z,2603,247.3,14983,OK,OK,OK
2026-08-15T18:00:03.684997Z,2606,247.1,14983,OK,OK,OK
2026-08-15T18:00:09.215189Z,2600,247.1,14983,OK,OK,OK
2026-08-15T18:00:14.711446Z,2607,247.1,14983,OK,OK,OK
2026-08-15T18:00:20.217057Z,2599,247.1,14983,OK,OK,OK
2026-08-15T18:00:25.730895Z,2605,247.1,14983,OK,OK,OK
2026-08-15T18:00:31.211045Z,2599,247.0,14983,OK,OK,OK
2026-08-15T18:00:36.715051Z,2601,247.1,14983,OK,OK,OK
2026-08-15T18:00:42.237580Z,2614,247.9,14983,OK,OK,OK
2026-08-15T18:00:47.759648Z,2624,247.9,14983,OK,OK,OK
2026-08-15T18:00:53.286797Z,2615,247.9,14983,OK,OK,OK
2026-08-15T18:00:58.794809Z,2620,247.9,14983,OK,OK,OK
2026-08-15T18:01:04.303091Z,2619,248.0,14983,OK,OK,OK
2026-08-15T18:01:09.846056Z,2621,247.9,14983,OK,OK,OK
2026-08-15T18:01:15.365947Z,2613,247.9,14983,OK,OK,OK
2026-08-15T18:01:20.892024Z,2609,247.9,14983,OK,OK,OK
2026-08-15T18:01:26.382861Z,2608,247.8,14983,OK,OK,OK
2026-08-15T18:01:31.878803Z,2605,247.8,14983,OK,OK,OK
2026-08-15T18:01:37.386653Z,2609,247.8,14983,OK,OK,OK
2026-08-15T18:01:42.915723Z,2604,247.8,14983,OK,OK,OK
2026-08-15T18:01:48.393144Z,2610,247.8,14983,OK,OK,OK
2026-08-15T18:01:53.911334Z,2611,247.9,14983,OK,OK,OK
2026-08-15T18:01:59.375166Z,2608,247.9,14983,OK,OK,OK
2026-08-15T18:02:04.883483Z,2610,247.8,14983,OK,OK,OK
2026-08-15T18:02:10.402945Z,2626,247.9,14983,OK,OK,OK
2026-08-15T18:02:15.936124Z,2622,247.9,14983,OK,OK,OK
2026-08-15T18:02:21.428587Z,2608,247.9,14983,OK,OK,OK
2026-08-15T18:02:26.911775Z,2613,247.9,14983,OK,OK,OK
2026-08-15T18:02:32.440309Z,2607,247.8,14983,OK,OK,OK
2026-08-15T18:02:37.926595Z,2611,247.8,14983,OK,OK,OK
2026-08-15T18:02:43.421816Z,2612,247.8,14983,OK,OK,OK
2026-08-15T18:02:49.005631Z,2614,247.9,14983,OK,OK,OK
2026-08-15T18:02:54.463859Z,2619,247.8,14983,OK,OK,OK
2026-08-15T18:02:59.957784Z,2612,247.7,14983,OK,OK,OK
2026-08-15T18:03:05.465161Z,2607,247.7,14983,OK,OK,OK
2026-08-15T18:03:11.018495Z,2610,247.7,14983,OK,OK,OK
2026-08-15T18:03:16.488673Z,2611,247.7,14983,OK,OK,OK
2026-08-15T18:03:21.939449Z,2607,247.8,14983,OK,OK,OK
2026-08-15T18:03:27.479878Z,2611,247.8,14983,OK,OK,OK
2026-08-15T18:03:32.920124Z,2605,247.7,14983,OK,OK,OK
2026-08-15T18:03:38.402297Z,2601,247.6,14983,OK,OK,OK
2026-08-15T18:03:43.897191Z,2602,247.8,14983,OK,OK,OK
2026-08-15T18:03:49.409066Z,2438,245.9,14983,OK,OK,OK
2026-08-15T18:03:54.933821Z,2504,247.1,14983,OK,OK,OK
2026-08-15T18:04:00.439330Z,2507,247.1,14983,OK,OK,OK
2026-08-15T18:04:05.963069Z,2506,247.1,14983,OK,OK,OK
2026-08-15T18:04:11.475496Z,2504,247.1,14983,OK,OK,OK
2026-08-15T18:04:16.995486Z,2507,247.1,14983,OK,OK,OK
2026-08-15T18:04:22.520508Z,2504,247.0,14983,OK,OK,OK
2026-08-15T18:04:28.046864Z,2502,247.0,14983,OK,OK,OK
2026-08-15T18:04:33.584328Z,2513,247.2,14983,OK,OK,OK
2026-08-15T18:04:39.112672Z,2507,247.3,14983,OK,OK,OK
2026-08-15T18:04:44.589392Z,2510,247.3,14983,OK,OK,OK
2026-08-15T18:04:50.115672Z,2514,247.4,14983,OK,OK,OK
2026-08-15T18:04:55.638389Z,2520,247.4,14983,OK,OK,OK
2026-08-15T18:05:01.175617Z,2515,247.4,14983,OK,OK,OK
2026-08-15T18:05:06.702350Z,2518,247.4,14983,OK,OK,OK
2026-08-15T18:05:12.219921Z,2520,247.4,14983,OK,OK,OK
2026-08-15T18:05:17.755979Z,2515,247.4,14983,OK,OK,OK
2026-08-15T18:05:23.252623Z,2512,247.2,14991,OK,OK,OK
2026-08-15T18:05:28.750754Z,2508,247.2,14991,OK,OK,OK
2026-08-15T18:05:34.244510Z,2508,247.2,14991,OK,OK,OK
2026-08-15T18:05:39.725784Z,2514,247.2,14991,OK,OK,OK
2026-08-15T18:05:45.215606Z,2513,247.2,14991,OK,OK,OK
2026-08-15T18:05:50.693996Z,2506,247.2,14991,OK,OK,OK
2026-08-15T18:05:56.201597Z,2509,247.3,14991,OK,OK,OK
2026-08-15T18:06:01.709911Z,2511,247.2,14991,OK,OK,OK
2026-08-15T18:06:07.156631Z,2510,247.3,14991,OK,OK,OK
2026-08-15T18:06:12.693111Z,2517,247.3,14991,OK,OK,OK
2026-08-15T18:06:18.184624Z,2507,247.3,14991,OK,OK,OK
2026-08-15T18:06:23.632320Z,2511,247.4,14991,OK,OK,OK
2026-08-15T18:06:29.120464Z,2504,247.5,14991,OK,OK,OK
2026-08-15T18:06:34.564367Z,2518,247.9,14991,OK,OK,OK
2026-08-15T18:06:40.068446Z,2516,247.8,14991,OK,OK,OK
2026-08-15T18:06:45.561292Z,2516,247.9,14991,OK,OK,OK
2026-08-15T18:06:51.095157Z,2516,247.9,14991,OK,OK,OK
2026-08-15T18:06:56.589334Z,2522,247.9,14991,OK,OK,OK
2026-08-15T18:07:02.114732Z,2518,247.8,14991,OK,OK,OK
2026-08-15T18:07:07.617302Z,2525,247.8,14991,OK,OK,OK
2026-08-15T18:07:13.135514Z,2535,247.8,14991,OK,OK,OK
2026-08-15T18:07:18.630120Z,2519,247.8,14991,OK,OK,OK
2026-08-15T18:07:24.151744Z,2521,247.8,14991,OK,OK,OK
2026-08-15T18:07:29.658646Z,2537,247.9,14991,OK,OK,OK
2026-08-15T18:07:35.181389Z,2520,247.8,14991,OK,OK,OK
2026-08-15T18:07:40.689731Z,2523,247.9,14991,OK,OK,OK
2026-08-15T18:07:46.207436Z,2529,247.9,14991,OK,OK,OK
2026-08-15T18:07:51.686956Z,2529,248.0,14991,OK,OK,OK
2026-08-15T18:07:57.188289Z,2528,247.9,14991,OK,OK,OK
2026-08-15T18:08:02.718401Z,2528,247.9,14991,OK,OK,OK
2026-08-15T18:08:08.195703Z,2527,247.8,14991,OK,OK,OK
2026-08-15T18:08:13.714008Z,2522,247.8,14991,OK,OK,OK
2026-08-15T18:08:19.245861Z,2525,248.0,14991,OK,OK,OK
2026-08-15T18:08:24.751458Z,2522,248.1,14991,OK,OK,OK
2026-08-15T18:08:30.242676Z,2524,248.0,14991,OK,OK,OK
2026-08-15T18:08:35.750185Z,2524,247.9,14991,OK,OK,OK
2026-08-15T18:08:41.230338Z,2505,246.9,14991,OK,OK,OK
2026-08-15T18:08:46.726043Z,2522,247.9,14991,OK,OK,OK
2026-08-15T18:08:52.194285Z,2520,247.9,14991,OK,OK,OK
2026-08-15T18:08:57.733170Z,2514,247.8,14991,OK,OK,OK
2026-08-15T18:09:03.206966Z,2457,243.6,14991,OK,OK,OK
2026-08-15T18:09:08.688238Z,2458,243.4,14991,OK,OK,OK
2026-08-15T18:09:14.188233Z,2470,243.8,14991,OK,OK,OK
2026-08-15T18:09:19.654241Z,2466,243.7,14991,OK,OK,OK
2026-08-15T18:09:25.127898Z,2459,243.7,14991,OK,OK,OK
2026-08-15T18:09:30.602469Z,2456,243.7,14991,OK,OK,OK
2026-08-15T18:09:36.098427Z,2471,243.6,14991,OK,OK,OK
2026-08-15T18:09:41.597936Z,2455,243.8,14991,OK,OK,OK
2026-08-15T18:09:47.127946Z,2461,243.9,14991,OK,OK,OK
2026-08-15T18:09:52.662566Z,2509,247.1,14991,OK,OK,OK
2026-08-15T18:09:58.172022Z,2459,244.0,14991,OK,OK,OK
2026-08-15T18:10:03.672697Z,2457,243.5,14991,OK,OK,OK
2026-08-15T18:10:09.154463Z,2458,243.5,14991,OK,OK,OK
2026-08-15T18:10:14.711359Z,2458,243.6,14991,OK,OK,OK
2026-08-15T18:10:20.244534Z,2456,243.6,14991,OK,OK,OK
2026-08-15T18:10:25.751214Z,2459,243.7,14991,OK,OK,OK
2026-08-15T18:10:31.270935Z,2459,243.8,14991,OK,OK,OK
2026-08-15T18:10:36.783971Z,2461,243.7,14991,OK,OK,OK
2026-08-15T18:10:42.294614Z,2460,244.0,14991,OK,OK,OK
2026-08-15T18:10:47.799072Z,2459,244.0,14991,OK,OK,OK
2026-08-15T18:10:53.292633Z,2462,244.0,14991,OK,OK,OK
2026-08-15T18:10:58.811360Z,2460,243.6,14991,OK,OK,OK
2026-08-15T18:11:04.306331Z,2456,243.6,14991,OK,OK,OK
2026-08-15T18:11:09.817934Z,2478,244.0,14991,OK,OK,OK
2026-08-15T18:11:15.330349Z,2467,244.1,14991,OK,OK,OK
2026-08-15T18:11:20.819235Z,2464,244.0,14991,OK,OK,OK
2026-08-15T18:11:26.354863Z,2469,244.0,14991,OK,OK,OK
2026-08-15T18:11:31.819517Z,2459,244.0,14991,OK,OK,OK
2026-08-15T18:11:37.313633Z,2462,243.8,14991,OK,OK,OK
2026-08-15T18:11:42.800966Z,2457,243.8,14991,OK,OK,OK
2026-08-15T18:11:48.291952Z,2453,243.8,14991,OK,OK,OK
2026-08-15T18:11:53.781792Z,2453,243.8,14991,OK,OK,OK
2026-08-15T18:11:59.329482Z,2449,243.6,14991,OK,OK,OK
2026-08-15T18:12:04.819001Z,2457,243.9,14991,OK,OK,OK
2026-08-15T18:12:10.344774Z,2464,243.8,14991,OK,OK,OK
2026-08-15T18:12:15.857497Z,2466,244.0,14991,OK,OK,OK
2026-08-15T18:12:21.333079Z,2460,243.9,14991,OK,OK,OK
2026-08-15T18:12:26.876852Z,2463,243.9,14991,OK,OK,OK
2026-08-15T18:12:32.342831Z,2456,243.9,14991,OK,OK,OK
2026-08-15T18:12:37.865961Z,2478,244.7,14991,OK,OK,OK
2026-08-15T18:12:43.395770Z,2471,244.3,14991,OK,OK,OK
2026-08-15T18:12:48.933110Z,2492,245.2,14991,OK,OK,OK
2026-08-15T18:12:54.414531Z,2506,246.8,14991,OK,OK,OK
2026-08-15T18:12:59.950628Z,2487,245.4,14991,OK,OK,OK
2026-08-15T18:13:05.459051Z,2464,244.0,14991,OK,OK,OK
2026-08-15T18:13:10.944425Z,2472,244.0,14991,OK,OK,OK
2026-08-15T18:13:16.458974Z,2464,244.1,14991,OK,OK,OK
2026-08-15T18:13:21.976860Z,2468,244.2,14991,OK,OK,OK
2026-08-15T18:13:27.467995Z,2468,244.4,14991,OK,OK,OK
2026-08-15T18:13:32.933481Z,2517,247.9,14991,OK,OK,OK
2026-08-15T18:13:38.429481Z,2529,248.5,14991,OK,OK,OK
2026-08-15T18:13:43.928936Z,2527,248.5,14991,OK,OK,OK
2026-08-15T18:13:49.451678Z,2528,248.3,14991,OK,OK,OK
2026-08-15T18:13:54.939045Z,2521,248.2,14991,OK,OK,OK
2026-08-15T18:14:00.428086Z,2524,248.3,14991,OK,OK,OK
2026-08-15T18:14:05.942651Z,2525,248.4,14991,OK,OK,OK
2026-08-15T18:14:11.420544Z,2530,248.5,14991,OK,OK,OK
2026-08-15T18:14:16.901085Z,2530,248.5,14991,OK,OK,OK
2026-08-15T18:14:22.476002Z,2443,248.6,14991,OK,OK,OK
2026-08-15T18:14:27.988573Z,2444,248.7,14991,OK,OK,OK
2026-08-15T18:14:33.463178Z,2452,248.6,14991,OK,OK,OK
2026-08-15T18:14:38.971276Z,2442,248.5,14991,OK,OK,OK
2026-08-15T18:14:44.471537Z,2456,248.5,14991,OK,OK,OK
2026-08-15T18:14:49.954876Z,2444,248.5,14991,OK,OK,OK
2026-08-15T18:14:55.445199Z,2442,248.5,14991,OK,OK,OK
2026-08-15T18:15:00.943410Z,2440,248.5,14991,OK,OK,OK
2026-08-15T18:15:06.443611Z,2451,248.7,14991,OK,OK,OK
2026-08-15T18:15:11.932043Z,2446,248.7,14991,OK,OK,OK
2026-08-15T18:15:17.440771Z,2447,248.7,14991,OK,OK,OK
2026-08-15T18:15:22.951283Z,2444,248.6,14991,OK,OK,OK
2026-08-15T18:15:28.413973Z,2443,248.5,14991,OK,OK,OK
2026-08-15T18:15:33.918784Z,2443,248.7,14991,OK,OK,OK
2026-08-15T18:15:39.371744Z,2449,248.7,14991,OK,OK,OK
2026-08-15T18:15:44.880682Z,2434,248.7,14991,OK,OK,OK
2026-08-15T18:15:50.385336Z,2446,248.7,14991,OK,OK,OK
2026-08-15T18:15:55.854924Z,2440,248.7,14991,OK,OK,OK
2026-08-15T18:16:01.373757Z,2444,248.7,14991,OK,OK,OK
2026-08-15T18:16:06.893203Z,2458,248.7,14991,OK,OK,OK
2026-08-15T18:16:12.412514Z,2445,248.6,14991,OK,OK,OK
2026-08-15T18:16:17.918101Z,2447,248.7,14991,OK,OK,OK
2026-08-15T18:16:23.442195Z,2451,248.7,14991,OK,OK,OK
2026-08-15T18:16:28.948040Z,2449,248.7,14991,OK,OK,OK
2026-08-15T18:16:34.474550Z,2451,248.8,14991,OK,OK,OK
2026-08-15T18:16:39.963036Z,2444,248.7,14991,OK,OK,OK
2026-08-15T18:16:45.474304Z,2445,248.7,14991,OK,OK,OK
2026-08-15T18:16:51.018844Z,2449,248.9,14991,OK,OK,OK
2026-08-15T18:16:56.578449Z,2447,248.8,14991,OK,OK,OK
2026-08-15T18:17:02.072540Z,2444,248.8,14991,OK,OK,OK
2026-08-15T18:17:07.590152Z,2452,248.8,14991,OK,OK,OK
2026-08-15T18:17:13.106439Z,2454,248.8,14991,OK,OK,OK
2026-08-15T18:17:18.651122Z,2440,248.8,14991,OK,OK,OK
2026-08-15T18:17:24.162571Z,2444,248.9,14991,OK,OK,OK
2026-08-15T18:17:32.675521Z,2449,248.9,14991,OK,OK,OK
2026-08-15T18:17:38.158535Z,2448,248.9,14991,OK,OK,OK
2026-08-15T18:17:43.693838Z,2449,248.9,14991,OK,OK,OK
2026-08-15T18:17:49.186552Z,2448,248.9,14991,OK,OK,OK
2026-08-15T18:17:54.690424Z,2446,248.9,14991,OK,OK,OK
2026-08-15T18:18:00.183136Z,2445,249.0,14991,OK,OK,OK
2026-08-15T18:18:05.696225Z,2449,248.9,14991,OK,OK,OK
2026-08-15T18:18:11.250775Z,2449,248.9,14991,OK,OK,OK
2026-08-15T18:18:16.764351Z,2446,248.9,14991,OK,OK,OK
2026-08-15T18:18:22.273083Z,2443,248.8,14991,OK,OK,OK
2026-08-15T18:18:27.786613Z,2442,248.9,14991,OK,OK,OK
2026-08-15T18:18:33.279527Z,2452,248.9,14991,OK,OK,OK
2026-08-15T18:18:38.801274Z,2448,248.9,14991,OK,OK,OK
2026-08-15T18:18:44.314815Z,2442,248.9,14991,OK,OK,OK
2026-08-15T18:18:49.802832Z,2450,248.9,14991,OK,OK,OK
2026-08-15T18:18:55.287133Z,2451,248.9,14991,OK,OK,OK
2026-08-15T18:19:00.795209Z,2444,248.8,14991,OK,OK,OK
2026-08-15T18:19:06.303512Z,2462,248.9,14991,OK,OK,OK
2026-08-15T18:19:11.836957Z,2433,248.8,14991,OK,OK,OK
2026-08-15T18:19:17.374066Z,2454,248.8,14991,OK,OK,OK
2026-08-15T18:19:22.880458Z,2446,248.9,14991,OK,OK,OK
2026-08-15T18:19:28.404681Z,2452,248.9,14991,OK,OK,OK
2026-08-15T18:19:33.876102Z,2445,248.6,14991,OK,OK,OK
2026-08-15T18:19:39.368510Z,2448,248.7,14991,OK,OK,OK
2026-08-15T18:19:44.878729Z,2444,248.5,14991,OK,OK,OK
2026-08-15T18:19:50.359618Z,2446,248.7,14991,OK,OK,OK
2026-08-15T18:19:55.878468Z,2447,248.7,14991,OK,OK,OK
2026-08-15T18:20:01.332806Z,2443,248.7,14991,OK,OK,OK
2026-08-15T18:20:06.858747Z,2447,248.7,14991,OK,OK,OK
2026-08-15T18:20:12.312855Z,2446,248.7,14991,OK,OK,OK
2026-08-15T18:20:17.801338Z,2451,248.7,14991,OK,OK,OK
2026-08-15T18:20:23.304936Z,2450,248.6,14991,OK,OK,OK
2026-08-15T18:20:28.794926Z,2450,248.6,14991,OK,OK,OK
2026-08-15T18:20:34.305882Z,2443,248.6,14991,OK,OK,OK
2026-08-15T18:20:39.803706Z,2466,248.6,14991,OK,OK,OK
2026-08-15T18:20:45.317015Z,2451,248.6,14646,OK,OK,OK
2026-08-15T18:20:50.827968Z,2444,248.6,14646,OK,OK,OK
2026-08-15T18:20:56.301342Z,2452,248.6,14646,OK,OK,OK
2026-08-15T18:21:01.828794Z,2441,248.6,14646,OK,OK,OK
2026-08-15T18:21:07.344724Z,2451,248.6,14646,OK,OK,OK
2026-08-15T18:21:12.841997Z,2437,248.5,14646,OK,OK,OK
2026-08-15T18:21:18.365179Z,2427,248.6,14646,OK,OK,OK
2026-08-15T18:21:23.885806Z,2442,248.6,14646,OK,OK,OK
2026-08-15T18:21:29.425975Z,2441,248.6,14646,OK,OK,OK
2026-08-15T18:21:34.930671Z,2444,248.6,14646,OK,OK,OK
2026-08-15T18:21:40.400715Z,2444,248.6,14646,OK,OK,OK
2026-08-15T18:21:45.849971Z,2437,248.6,14646,OK,OK,OK
2026-08-15T18:21:51.386980Z,2437,248.5,14646,OK,OK,OK
2026-08-15T18:21:56.874781Z,2440,248.6,14646,OK,OK,OK
2026-08-15T18:22:02.379160Z,2442,248.6,14646,OK,OK,OK
2026-08-15T18:22:07.909381Z,2441,248.6,14646,OK,OK,OK
2026-08-15T18:22:13.414249Z,2452,248.6,14646,OK,OK,OK
2026-08-15T18:22:18.901635Z,2447,248.5,14646,OK,OK,OK
2026-08-15T18:22:24.410300Z,2437,248.4,14646,OK,OK,OK
2026-08-15T18:22:29.953661Z,2440,248.5,14646,OK,OK,OK
2026-08-15T18:22:35.442190Z,2438,248.5,14646,OK,OK,OK
2026-08-15T18:22:40.947110Z,2446,248.5,14646,OK,OK,OK
2026-08-15T18:22:46.450605Z,2445,248.4,14646,OK,OK,OK
2026-08-15T18:22:51.920655Z,2442,248.4,14646,OK,OK,OK
2026-08-15T18:22:57.472472Z,2445,248.5,14646,OK,OK,OK
2026-08-15T18:23:03.004368Z,2446,248.5,14646,OK,OK,OK
2026-08-15T18:23:08.534474Z,2443,248.5,14646,OK,OK,OK
2026-08-15T18:23:14.064888Z,2444,248.5,14646,OK,OK,OK
2026-08-15T18:23:19.584978Z,2436,248.5,14646,OK,OK,OK
2026-08-15T18:23:25.090465Z,2444,248.6,14646,OK,OK,OK
2026-08-15T18:23:30.591456Z,2439,248.5,14646,OK,OK,OK
2026-08-15T18:23:36.148789Z,2442,248.4,14646,OK,OK,OK
2026-08-15T18:23:41.652883Z,2438,248.4,14646,OK,OK,OK
2026-08-15T18:23:47.176823Z,2432,248.0,14646,OK,OK,OK
2026-08-15T18:23:52.700368Z,2429,248.0,14646,OK,OK,OK
2026-08-15T18:23:58.201069Z,2433,248.1,14646,OK,OK,OK
2026-08-15T18:24:03.702631Z,2433,248.0,14646,OK,OK,OK
2026-08-15T18:24:09.216966Z,2436,248.0,14646,OK,OK,OK
2026-08-15T18:24:14.861696Z,2429,248.1,14646,OK,OK,OK
2026-08-15T18:24:20.344182Z,2430,248.1,14646,OK,OK,OK
2026-08-15T18:24:25.835424Z,2430,248.2,14646,OK,OK,OK
2026-08-15T18:24:31.355226Z,2430,248.2,14646,OK,OK,OK
2026-08-15T18:24:36.875243Z,2438,248.0,14646,OK,OK,OK
2026-08-15T18:24:42.377439Z,2438,248.5,14646,OK,OK,OK
2026-08-15T18:24:47.884400Z,2434,248.3,14646,OK,OK,OK
2026-08-15T18:24:53.389882Z,2436,248.3,14646,OK,OK,OK
2026-08-15T18:24:58.875671Z,2436,248.5,14646,OK,OK,OK
2026-08-15T18:25:04.386746Z,2443,248.4,14646,OK,OK,OK
2026-08-15T18:25:09.899876Z,2440,248.4,14646,OK,OK,OK
2026-08-15T18:25:15.415486Z,2447,248.5,14646,OK,OK,OK
2026-08-15T18:25:20.930101Z,2436,248.4,14646,OK,OK,OK
2026-08-15T18:25:26.412127Z,2440,248.4,14646,OK,OK,OK
2026-08-15T18:25:31.945926Z,2436,248.4,14646,OK,OK,OK
2026-08-15T18:25:37.464956Z,2441,248.4,14646,OK,OK,OK
2026-08-15T18:25:42.980909Z,2437,248.4,14646,OK,OK,OK
2026-08-15T18:25:48.480863Z,2442,248.4,14646,OK,OK,OK
2026-08-15T18:25:53.967160Z,2412,247.2,14646,OK,OK,OK
2026-08-15T18:25:59.432455Z,2421,247.5,14646,OK,OK,OK
2026-08-15T18:26:04.933501Z,2423,247.4,14646,OK,OK,OK
2026-08-15T18:26:10.397292Z,2424,247.5,14646,OK,OK,OK
2026-08-15T18:26:15.951288Z,2437,247.6,14646,OK,OK,OK
2026-08-15T18:26:21.426578Z,2434,247.5,14646,OK,OK,OK
2026-08-15T18:26:26.930752Z,2430,247.5,14646,OK,OK,OK
2026-08-15T18:26:32.422591Z,2421,247.6,14646,OK,OK,OK
2026-08-15T18:26:37.931252Z,2422,247.7,14646,OK,OK,OK
2026-08-15T18:26:43.450846Z,2423,247.7,14646,OK,OK,OK
2026-08-15T18:26:48.986367Z,2421,247.6,14646,OK,OK,OK
2026-08-15T18:26:54.495292Z,2430,247.6,14646,OK,OK,OK
2026-08-15T18:27:00.020110Z,2426,247.6,14646,OK,OK,OK
2026-08-15T18:27:05.491730Z,2424,247.6,14646,OK,OK,OK
2026-08-15T18:27:11.024206Z,2427,247.6,14646,OK,OK,OK
2026-08-15T18:27:16.535860Z,2428,247.6,14646,OK,OK,OK
2026-08-15T18:27:22.082120Z,2424,247.6,14646,OK,OK,OK
2026-08-15T18:27:27.563057Z,2428,247.6,14646,OK,OK,OK
2026-08-15T18:27:33.067789Z,2427,247.7,14646,OK,OK,OK
2026-08-15T18:27:38.557917Z,2424,247.6,14646,OK,OK,OK
2026-08-15T18:27:44.117160Z,2435,247.6,14646,OK,OK,OK
2026-08-15T18:27:49.622971Z,2426,247.8,14646,OK,OK,OK
2026-08-15T18:27:55.102881Z,2428,247.6,14646,OK,OK,OK
2026-08-15T18:28:00.623419Z,2426,247.6,14646,OK,OK,OK
2026-08-15T18:28:06.154060Z,2459,247.6,14646,OK,OK,OK
2026-08-15T18:28:11.654357Z,2427,247.6,14646,OK,OK,OK
2026-08-15T18:28:17.198922Z,2436,247.6,14646,OK,OK,OK
2026-08-15T18:28:22.712371Z,2424,247.6,14646,OK,OK,OK
2026-08-15T18:28:28.230079Z,2427,247.6,14646,OK,OK,OK
2026-08-15T18:28:33.757527Z,2425,247.7,14646,OK,OK,OK
2026-08-15T18:28:39.265194Z,2425,247.7,14646,OK,OK,OK
2026-08-15T18:28:44.747771Z,2421,247.3,14646,OK,OK,OK
2026-08-15T18:28:50.212941Z,2420,247.3,14646,OK,OK,OK
2026-08-15T18:28:55.712684Z,2426,247.3,14646,OK,OK,OK
2026-08-15T18:29:01.204330Z,2431,247.2,14646,OK,OK,OK
2026-08-15T18:29:06.721342Z,2434,247.2,14646,OK,OK,OK
2026-08-15T18:29:12.203562Z,2424,247.4,14646,OK,OK,OK
2026-08-15T18:29:17.742164Z,2555,247.0,14646,OK,OK,OK
2026-08-15T18:29:23.260426Z,2550,247.3,14646,OK,OK,OK
2026-08-15T18:29:28.800437Z,2546,247.3,14646,OK,OK,OK
2026-08-15T18:29:34.302565Z,2547,247.3,14646,OK,OK,OK
2026-08-15T18:29:39.809477Z,2543,247.4,14646,OK,OK,OK
2026-08-15T18:29:45.329443Z,2550,247.4,14646,OK,OK,OK
2026-08-15T18:29:50.857019Z,2544,247.4,14646,OK,OK,OK
2026-08-15T18:29:56.332355Z,2550,247.4,14646,OK,OK,OK
2026-08-15T18:30:01.869553Z,2537,247.4,14646,OK,OK,OK
2026-08-15T18:30:07.376685Z,2547,247.4,14646,OK,OK,OK
2026-08-15T18:30:12.847679Z,2541,247.3,14646,OK,OK,OK
2026-08-15T18:30:18.318425Z,2542,247.3,14646,OK,OK,OK
2026-08-15T18:30:23.811829Z,2543,247.3,14646,OK,OK,OK
2026-08-15T18:30:29.291156Z,2541,247.2,14646,OK,OK,OK
2026-08-15T18:30:34.826671Z,2540,247.1,14646,OK,OK,OK
2026-08-15T18:30:40.286656Z,2445,247.2,14646,OK,OK,OK
2026-08-15T18:30:45.845797Z,2433,247.4,14646,OK,OK,OK
2026-08-15T18:30:51.314799Z,2426,247.3,14646,OK,OK,OK
2026-08-15T18:30:56.824254Z,2429,247.5,14646,OK,OK,OK
2026-08-15T18:31:02.342353Z,2522,247.4,14646,OK,OK,OK
2026-08-15T18:31:07.851970Z,2534,247.4,14646,OK,OK,OK
2026-08-15T18:31:13.370523Z,2544,247.4,14646,OK,OK,OK
2026-08-15T18:31:18.858081Z,2538,247.4,14646,OK,OK,OK
2026-08-15T18:31:24.373576Z,2543,247.4,14646,OK,OK,OK
2026-08-15T18:31:29.883263Z,2545,247.4,14646,OK,OK,OK
2026-08-15T18:31:35.376097Z,2537,247.4,14646,OK,OK,OK
2026-08-15T18:31:40.867072Z,2541,247.5,14646,OK,OK,OK
2026-08-15T18:31:46.386666Z,2544,247.5,14646,OK,OK,OK
2026-08-15T18:31:51.895772Z,2534,247.5,14646,OK,OK,OK
2026-08-15T18:31:57.387921Z,2533,247.5,14646,OK,OK,OK
2026-08-15T18:32:02.908368Z,2543,247.5,14646,OK,OK,OK
2026-08-15T18:32:08.439139Z,2578,247.5,14646,OK,OK,OK
2026-08-15T18:32:13.948255Z,2540,247.5,14646,OK,OK,OK
2026-08-15T18:32:19.452622Z,2532,247.5,14646,OK,OK,OK
2026-08-15T18:32:24.985193Z,2526,247.5,14646,OK,OK,OK
2026-08-15T18:32:30.490339Z,2530,247.6,14646,OK,OK,OK
2026-08-15T18:32:36.027782Z,2534,247.8,14646,OK,OK,OK
2026-08-15T18:32:41.533369Z,2529,247.9,14646,OK,OK,OK
2026-08-15T18:32:47.033922Z,2530,247.9,14646,OK,OK,OK
2026-08-15T18:32:52.534299Z,2527,247.9,14646,OK,OK,OK
2026-08-15T18:32:58.047275Z,2531,247.9,14646,OK,OK,OK
2026-08-15T18:33:03.556193Z,2543,247.9,14646,OK,OK,OK
2026-08-15T18:33:09.058727Z,2524,247.9,14646,OK,OK,OK
2026-08-15T18:33:14.596302Z,2504,246.9,14646,OK,OK,OK
2026-08-15T18:33:20.121947Z,2514,247.0,14646,OK,OK,OK
2026-08-15T18:33:25.618844Z,2510,246.8,14646,OK,OK,OK
2026-08-15T18:33:31.153190Z,2510,247.5,14646,OK,OK,OK
2026-08-15T18:33:36.727042Z,2510,247.6,14646,OK,OK,OK
2026-08-15T18:33:42.205121Z,2508,247.4,14646,OK,OK,OK
2026-08-15T18:33:47.776381Z,2512,247.4,14646,OK,OK,OK
2026-08-15T18:33:53.319713Z,2507,247.4,14646,OK,OK,OK
2026-08-15T18:33:58.825113Z,2503,247.4,14646,OK,OK,OK
2026-08-15T18:34:04.338947Z,2496,247.6,14646,OK,OK,OK
2026-08-15T18:34:09.868759Z,2508,247.4,14646,OK,OK,OK
2026-08-15T18:34:15.402444Z,2507,247.5,14646,OK,OK,OK
2026-08-15T18:34:20.908923Z,2510,247.6,14646,OK,OK,OK
2026-08-15T18:34:26.412412Z,2508,247.5,14646,OK,OK,OK
2026-08-15T18:34:31.939179Z,2512,247.5,14646,OK,OK,OK
2026-08-15T18:34:37.443484Z,2514,247.5,14646,OK,OK,OK
2026-08-15T18:34:42.919853Z,2494,247.5,14646,OK,OK,OK
2026-08-15T18:34:48.405280Z,2502,247.4,14646,OK,OK,OK
2026-08-15T18:34:53.944643Z,2506,247.6,14646,OK,OK,OK
2026-08-15T18:34:59.478499Z,2519,248.0,14646,OK,OK,OK
2026-08-15T18:35:04.950102Z,2522,247.7,14646,OK,OK,OK
2026-08-15T18:35:10.432151Z,2525,247.9,14646,OK,OK,OK
2026-08-15T18:35:15.988280Z,2513,247.8,14646,OK,OK,OK
2026-08-15T18:35:21.477007Z,2504,247.9,14646,OK,OK,OK
2026-08-15T18:35:26.981121Z,2517,247.8,14646,OK,OK,OK
2026-08-15T18:35:32.501521Z,2520,247.9,14646,OK,OK,OK
2026-08-15T18:35:38.009964Z,2519,247.7,14646,OK,OK,OK
2026-08-15T18:35:43.469685Z,2531,247.9,14646,OK,OK,OK
2026-08-15T18:35:48.949269Z,2524,247.7,14646,OK,OK,OK
2026-08-15T18:35:54.397831Z,2516,247.9,14646,OK,OK,OK
2026-08-15T18:35:59.910470Z,2522,248.2,14534,OK,OK,OK
2026-08-15T18:36:05.377844Z,2523,248.2,14534,OK,OK,OK
2026-08-15T18:36:10.881232Z,2519,248.2,14534,OK,OK,OK
2026-08-15T18:36:16.376562Z,2525,248.2,14534,OK,OK,OK
2026-08-15T18:36:21.928079Z,2532,248.2,14534,OK,OK,OK
2026-08-15T18:36:27.406102Z,2528,248.2,14534,OK,OK,OK
2026-08-15T18:36:32.923656Z,2521,248.2,14534,OK,OK,OK
2026-08-15T18:36:38.439863Z,2522,248.2,14534,OK,OK,OK
2026-08-15T18:36:43.955513Z,2523,248.3,14534,OK,OK,OK
2026-08-15T18:36:49.495705Z,2522,248.3,14534,OK,OK,OK
2026-08-15T18:36:55.033223Z,2527,248.3,14534,OK,OK,OK
2026-08-15T18:37:00.538774Z,2525,248.3,14534,OK,OK,OK
2026-08-15T18:37:06.087742Z,2528,248.3,14534,OK,OK,OK
2026-08-15T18:37:11.566052Z,2533,248.3,14534,OK,OK,OK
2026-08-15T18:37:17.112099Z,2528,248.3,14534,OK,OK,OK
2026-08-15T18:37:22.593570Z,2541,248.4,14534,OK,OK,OK
2026-08-15T18:37:28.099691Z,2529,248.3,14534,OK,OK,OK
2026-08-15T18:37:33.639479Z,2527,248.4,14534,OK,OK,OK
2026-08-15T18:37:39.146439Z,2512,248.3,14534,OK,OK,OK
2026-08-15T18:37:44.658964Z,2525,248.4,14534,OK,OK,OK
2026-08-15T18:37:50.183432Z,2536,248.4,14534,OK,OK,OK
2026-08-15T18:37:55.661461Z,2526,248.4,14534,OK,OK,OK
2026-08-15T18:38:01.166289Z,2523,248.3,14534,OK,OK,OK
2026-08-15T18:38:06.625346Z,2535,248.3,14534,OK,OK,OK
2026-08-15T18:38:12.121898Z,2529,248.3,14534,OK,OK,OK
2026-08-15T18:38:17.663005Z,2523,248.3,14534,OK,OK,OK
2026-08-15T18:38:23.149043Z,2528,248.3,14534,OK,OK,OK
2026-08-15T18:38:28.690409Z,2526,248.3,14534,OK,OK,OK
2026-08-15T18:38:34.178283Z,2526,248.3,14534,OK,OK,OK
2026-08-15T18:38:39.703686Z,2522,248.3,14534,OK,OK,OK
2026-08-15T18:38:45.189036Z,2523,248.3,14534,OK,OK,OK
2026-08-15T18:38:50.675984Z,2517,248.3,14534,OK,OK,OK
2026-08-15T18:38:56.199267Z,2522,248.3,14534,OK,OK,OK
2026-08-15T18:39:01.691435Z,2518,248.3,14534,OK,OK,OK
2026-08-15T18:39:07.182326Z,2530,248.3,14534,OK,OK,OK
2026-08-15T18:39:12.704882Z,2516,248.4,14534,OK,OK,OK
2026-08-15T18:39:18.179839Z,2534,248.3,14534,OK,OK,OK
2026-08-15T18:39:23.730697Z,2520,248.3,14534,OK,OK,OK
2026-08-15T18:39:29.195302Z,2524,248.3,14534,OK,OK,OK
2026-08-15T18:39:34.691651Z,2518,248.3,14534,OK,OK,OK
2026-08-15T18:39:40.157156Z,2532,248.2,14534,OK,OK,OK
2026-08-15T18:39:45.674635Z,2517,248.1,14534,OK,OK,OK
2026-08-15T18:39:51.121943Z,2517,248.2,14534,OK,OK,OK
2026-08-15T18:39:56.653931Z,2518,248.2,14534,OK,OK,OK
2026-08-15T18:40:02.151238Z,2521,248.3,14534,OK,OK,OK
2026-08-15T18:40:07.656958Z,2519,248.2,14534,OK,OK,OK
2026-08-15T18:40:13.130211Z,2516,248.2,14534,OK,OK,OK
2026-08-15T18:40:18.658793Z,2518,248.2,14534,OK,OK,OK
2026-08-15T18:40:24.175310Z,2538,248.2,14534,OK,OK,OK
2026-08-15T18:40:29.687703Z,2515,248.0,14534,OK,OK,OK
2026-08-15T18:40:35.204479Z,2516,248.0,14534,OK,OK,OK
2026-08-15T18:40:40.688109Z,2517,248.0,14534,OK,OK,OK
2026-08-15T18:40:46.172051Z,2515,247.9,14534,OK,OK,OK
2026-08-15T18:40:51.689731Z,2502,248.0,14534,OK,OK,OK
2026-08-15T18:40:57.222851Z,2526,248.0,14534,OK,OK,OK
2026-08-15T18:41:02.727544Z,2510,248.0,14534,OK,OK,OK
2026-08-15T18:41:08.254856Z,2518,248.0,14534,OK,OK,OK
2026-08-15T18:41:13.766168Z,2515,248.0,14534,OK,OK,OK
2026-08-15T18:41:19.284822Z,2512,248.0,14534,OK,OK,OK
2026-08-15T18:41:24.809716Z,2510,248.0,14534,OK,OK,OK
2026-08-15T18:41:30.304852Z,2519,248.0,14534,OK,OK,OK
2026-08-15T18:41:35.809715Z,2513,248.0,14534,OK,OK,OK
2026-08-15T18:41:41.349283Z,2514,248.0,14534,OK,OK,OK
2026-08-15T18:41:46.845894Z,2519,248.0,14534,OK,OK,OK
2026-08-15T18:41:52.340489Z,2514,248.0,14534,OK,OK,OK
2026-08-15T18:41:57.879476Z,2498,248.0,14534,OK,OK,OK
2026-08-15T18:42:03.389442Z,2508,248.0,14534,OK,OK,OK
2026-08-15T18:42:08.903134Z,2510,248.0,14534,OK,OK,OK
2026-08-15T18:42:14.380522Z,2523,248.1,14534,OK,OK,OK
2026-08-15T18:42:19.896647Z,2512,248.1,14534,OK,OK,OK
2026-08-15T18:42:25.422784Z,2509,248.0,14534,OK,OK,OK
2026-08-15T18:42:30.962310Z,2512,248.0,14534,OK,OK,OK
2026-08-15T18:42:36.451348Z,2516,248.1,14534,OK,OK,OK
2026-08-15T18:42:41.971523Z,2510,248.1,14534,OK,OK,OK
2026-08-15T18:42:47.521878Z,2515,248.1,14534,OK,OK,OK
2026-08-15T18:42:53.039511Z,2517,248.2,14534,OK,OK,OK
2026-08-15T18:42:58.530026Z,2514,248.2,14534,OK,OK,OK
2026-08-15T18:43:04.038924Z,2509,248.1,14534,OK,OK,OK
2026-08-15T18:43:09.544549Z,2522,248.1,14534,OK,OK,OK
2026-08-15T18:43:15.092828Z,2510,248.1,14534,OK,OK,OK
2026-08-15T18:43:20.612965Z,2512,248.1,14534,OK,OK,OK
2026-08-15T18:43:26.140723Z,2507,248.0,14534,OK,OK,OK
2026-08-15T18:43:31.645958Z,2510,248.0,14534,OK,OK,OK
2026-08-15T18:43:37.169592Z,2516,248.0,14534,OK,OK,OK
2026-08-15T18:43:42.695197Z,2513,248.1,14534,OK,OK,OK
2026-08-15T18:43:48.193740Z,2516,248.1,14534,OK,OK,OK
2026-08-15T18:43:53.688214Z,2512,248.1,14534,OK,OK,OK
2026-08-15T18:43:59.176770Z,2509,248.0,14534,OK,OK,OK
2026-08-15T18:44:04.675415Z,2515,248.1,14534,OK,OK,OK
2026-08-15T18:44:10.180968Z,2517,248.0,14534,OK,OK,OK
2026-08-15T18:44:15.745141Z,2512,248.1,14534,OK,OK,OK
2026-08-15T18:44:21.247278Z,2514,248.1,14534,OK,OK,OK
2026-08-15T18:44:26.765393Z,2467,245.0,14534,OK,OK,OK
2026-08-15T18:44:32.268516Z,2432,243.5,14534,OK,OK,OK
2026-08-15T18:44:37.781542Z,2432,243.5,14534,OK,OK,OK
2026-08-15T18:44:43.320756Z,2445,243.4,14534,OK,OK,OK
2026-08-15T18:44:48.863028Z,2446,243.4,14534,OK,OK,OK
2026-08-15T18:44:54.384524Z,2440,243.5,14534,OK,OK,OK
2026-08-15T18:44:59.875893Z,2442,243.5,14534,OK,OK,OK
2026-08-15T18:45:05.395775Z,2449,243.3,14534,OK,OK,OK
2026-08-15T18:45:10.914210Z,2445,243.3,14534,OK,OK,OK
2026-08-15T18:45:16.438326Z,2448,243.3,14534,OK,OK,OK
2026-08-15T18:45:21.930803Z,2446,243.4,14534,OK,OK,OK
2026-08-15T18:45:27.436590Z,2456,243.4,14534,OK,OK,OK
2026-08-15T18:45:32.964100Z,2445,243.3,14534,OK,OK,OK
2026-08-15T18:45:38.442017Z,2454,243.4,14534,OK,OK,OK
2026-08-15T18:45:43.893771Z,2455,243.2,14534,OK,OK,OK
2026-08-15T18:45:49.386407Z,2455,243.3,14534,OK,OK,OK
2026-08-15T18:45:54.890898Z,2446,243.2,14534,OK,OK,OK
2026-08-15T18:46:00.321366Z,2448,243.2,14534,OK,OK,OK
2026-08-15T18:46:05.854680Z,2447,243.2,14534,OK,OK,OK
2026-08-15T18:46:11.316462Z,2436,242.6,14534,OK,OK,OK
2026-08-15T18:46:16.863565Z,2429,242.3,14534,OK,OK,OK
2026-08-15T18:46:22.314034Z,2433,242.3,14534,OK,OK,OK
2026-08-15T18:46:27.832326Z,2426,242.3,14534,OK,OK,OK
2026-08-15T18:46:33.326722Z,2432,242.5,14534,OK,OK,OK
2026-08-15T18:46:38.878290Z,2432,242.5,14534,OK,OK,OK
2026-08-15T18:46:44.355369Z,2442,243.5,14534,OK,OK,OK
2026-08-15T18:46:49.857422Z,2445,243.5,14534,OK,OK,OK
2026-08-15T18:46:55.366679Z,2436,242.9,14534,OK,OK,OK
2026-08-15T18:47:00.859007Z,2481,246.2,14534,OK,OK,OK
2026-08-15T18:47:06.336960Z,2512,247.0,14534,OK,OK,OK
2026-08-15T18:47:11.860121Z,2505,247.0,14534,OK,OK,OK
2026-08-15T18:47:17.359764Z,2497,247.0,14534,OK,OK,OK
2026-08-15T18:47:22.896228Z,2492,247.1,14534,OK,OK,OK
2026-08-15T18:47:28.401374Z,2500,247.1,14534,OK,OK,OK
2026-08-15T18:47:33.914308Z,2491,247.1,14534,OK,OK,OK
2026-08-15T18:47:39.401888Z,2498,247.0,14534,OK,OK,OK
2026-08-15T18:47:44.889630Z,2494,247.0,14534,OK,OK,OK
2026-08-15T18:47:50.409179Z,2501,247.0,14534,OK,OK,OK
2026-08-15T18:47:55.926487Z,2491,247.0,14534,OK,OK,OK
2026-08-15T18:48:01.465284Z,2491,247.0,14534,OK,OK,OK
2026-08-15T18:48:06.945440Z,2495,247.0,14534,OK,OK,OK
2026-08-15T18:48:12.444603Z,2493,247.0,14534,OK,OK,OK
2026-08-15T18:48:17.983546Z,2490,247.0,14534,OK,OK,OK
2026-08-15T18:48:23.505671Z,2490,247.0,14534,OK,OK,OK
2026-08-15T18:48:29.022836Z,2496,247.0,14534,OK,OK,OK
2026-08-15T18:48:34.545044Z,2493,247.0,14534,OK,OK,OK
2026-08-15T18:48:40.055746Z,2498,247.1,14534,OK,OK,OK
2026-08-15T18:48:45.565289Z,2494,247.1,14534,OK,OK,OK
2026-08-15T18:48:51.051933Z,2500,247.1,14534,OK,OK,OK
2026-08-15T18:48:56.563111Z,2497,247.1,14534,OK,OK,OK
2026-08-15T18:49:02.052793Z,2492,247.1,14534,OK,OK,OK
2026-08-15T18:49:07.538590Z,2498,247.0,14534,OK,OK,OK
2026-08-15T18:49:13.051078Z,2496,246.4,14534,OK,OK,OK
2026-08-15T18:49:18.548595Z,2479,246.0,14534,OK,OK,OK
2026-08-15T18:49:24.036910Z,2455,244.3,14534,OK,OK,OK
2026-08-15T18:49:29.563051Z,2448,243.9,14534,OK,OK,OK
2026-08-15T18:49:35.043880Z,2439,243.2,14534,OK,OK,OK
2026-08-15T18:49:40.578553Z,2433,242.7,14534,OK,OK,OK
2026-08-15T18:49:46.094562Z,2431,242.7,14534,OK,OK,OK
2026-08-15T18:49:51.629391Z,2430,242.7,14534,OK,OK,OK
2026-08-15T18:49:57.151309Z,2427,242.7,14534,OK,OK,OK
2026-08-15T18:50:02.662748Z,2424,242.9,14534,OK,OK,OK
2026-08-15T18:50:08.168974Z,2438,242.9,14534,OK,OK,OK
2026-08-15T18:50:13.674959Z,2450,244.1,14534,OK,OK,OK
2026-08-15T18:50:19.167580Z,2479,246.3,14534,OK,OK,OK
2026-08-15T18:50:24.695120Z,2464,245.2,14534,OK,OK,OK
2026-08-15T18:50:30.150574Z,2445,243.6,14534,OK,OK,OK
2026-08-15T18:50:35.634648Z,2453,244.4,14534,OK,OK,OK
2026-08-15T18:50:41.129504Z,2452,244.0,14534,OK,OK,OK
2026-08-15T18:50:46.642099Z,2452,244.1,14534,OK,OK,OK
2026-08-15T18:50:52.143477Z,2472,245.6,14534,OK,OK,OK
2026-08-15T18:50:57.647872Z,2453,244.1,14534,OK,OK,OK
2026-08-15T18:51:03.148609Z,2466,245.4,14534,OK,OK,OK
2026-08-15T18:51:08.639900Z,2440,242.9,14534,OK,OK,OK
2026-08-15T18:51:14.153867Z,2456,244.8,14534,OK,OK,OK
2026-08-15T18:51:19.681412Z,2478,246.0,7267,OK,OK,OK
2026-08-15T18:51:25.210544Z,2478,246.3,7267,OK,OK,OK
2026-08-15T18:51:30.711186Z,2429,242.6,7267,OK,OK,OK
2026-08-15T18:51:36.208775Z,2449,243.6,7267,OK,OK,OK
2026-08-15T18:51:41.731191Z,2451,244.1,7267,OK,OK,OK
2026-08-15T18:51:47.280978Z,2441,243.1,7267,OK,OK,OK
2026-08-15T18:51:52.752488Z,2434,243.4,7267,OK,OK,OK
2026-08-15T18:51:58.270765Z,2468,246.3,7267,OK,OK,OK
2026-08-15T18:52:03.803128Z,2472,246.2,7267,OK,OK,OK
2026-08-15T18:52:09.298306Z,2475,245.0,7267,OK,OK,OK
2026-08-15T18:52:14.831968Z,2520,247.0,7267,OK,OK,OK
2026-08-15T18:52:20.358742Z,2506,247.0,7267,OK,OK,OK
2026-08-15T18:52:25.919016Z,2509,247.1,7267,OK,OK,OK
2026-08-15T18:52:31.398225Z,2509,247.2,7267,OK,OK,OK
2026-08-15T18:52:36.895524Z,2499,247.1,7267,OK,OK,OK
2026-08-15T18:52:42.402821Z,2500,247.2,7267,OK,OK,OK
2026-08-15T18:52:47.892649Z,2499,247.1,7267,OK,OK,OK
2026-08-15T18:52:53.416838Z,2503,247.0,7267,OK,OK,OK
2026-08-15T18:52:58.959950Z,2497,247.0,7267,OK,OK,OK
2026-08-15T18:53:04.466371Z,2518,247.0,7267,OK,OK,OK
2026-08-15T18:53:09.990375Z,2525,247.0,7267,OK,OK,OK
2026-08-15T18:53:15.482767Z,2506,247.1,7267,OK,OK,OK
2026-08-15T18:53:20.992775Z,2509,247.1,7267,OK,OK,OK
2026-08-15T18:53:26.502171Z,2499,247.0,7267,OK,OK,OK
2026-08-15T18:53:32.009598Z,2503,247.0,7267,OK,OK,OK
2026-08-15T18:53:37.535043Z,2518,247.0,7267,OK,OK,OK
2026-08-15T18:53:43.008532Z,2512,247.0,7267,OK,OK,OK
2026-08-15T18:53:48.547481Z,2507,246.9,7267,OK,OK,OK
2026-08-15T18:53:54.020677Z,2512,246.9,7267,OK,OK,OK
2026-08-15T18:53:59.552667Z,2521,246.9,7267,OK,OK,OK
2026-08-15T18:54:05.067040Z,2514,246.9,7267,OK,OK,OK
2026-08-15T18:54:10.613785Z,2514,247.5,7267,OK,OK,OK
2026-08-15T18:54:16.115039Z,2523,247.5,7267,OK,OK,OK
2026-08-15T18:54:21.636878Z,2515,247.4,7267,OK,OK,OK
2026-08-15T18:54:27.172755Z,2509,247.5,7267,OK,OK,OK
2026-08-15T18:54:32.680885Z,2511,247.5,7267,OK,OK,OK
2026-08-15T18:54:38.198368Z,2520,247.5,7267,OK,OK,OK
2026-08-15T18:54:43.738210Z,2514,247.5,7267,OK,OK,OK
2026-08-15T18:54:49.248474Z,2546,247.5,7267,OK,OK,OK
2026-08-15T18:54:54.777591Z,2514,247.5,7267,OK,OK,OK
2026-08-15T18:55:00.288545Z,2486,247.5,7267,OK,OK,OK
2026-08-15T18:55:05.804307Z,2424,247.4,7267,OK,OK,OK
2026-08-15T18:55:11.310776Z,2413,247.5,7267,OK,OK,OK
2026-08-15T18:55:16.795092Z,2423,247.5,7267,OK,OK,OK
2026-08-15T18:55:22.307451Z,2417,247.5,7267,OK,OK,OK
2026-08-15T18:55:27.825126Z,2418,247.5,7267,OK,OK,OK
2026-08-15T18:55:33.336669Z,2408,247.5,7267,OK,OK,OK
2026-08-15T18:55:38.803592Z,2406,247.5,7267,OK,OK,OK
2026-08-15T18:55:44.270761Z,2426,247.7,7267,OK,OK,OK
2026-08-15T18:55:49.753424Z,2410,247.8,7267,OK,OK,OK
2026-08-15T18:55:55.216127Z,2418,247.7,7267,OK,OK,OK
2026-08-15T18:56:00.717140Z,2418,247.9,7267,OK,OK,OK
2026-08-15T18:56:06.197195Z,2460,247.8,7267,OK,OK,OK
2026-08-15T18:56:11.719665Z,2424,247.9,7267,OK,OK,OK
2026-08-15T18:56:17.241083Z,2419,247.9,7267,OK,OK,OK
2026-08-15T18:56:22.738017Z,2420,247.8,7267,OK,OK,OK
2026-08-15T18:56:28.220752Z,2422,247.9,7267,OK,OK,OK
2026-08-15T18:56:33.723944Z,2429,247.8,7267,OK,OK,OK
2026-08-15T18:56:39.229223Z,2420,247.8,7267,OK,OK,OK
2026-08-15T18:56:44.735215Z,2417,247.8,7267,OK,OK,OK
2026-08-15T18:56:50.302047Z,2416,247.8,7267,OK,OK,OK
2026-08-15T18:56:55.811158Z,2416,247.6,7267,OK,OK,OK
2026-08-15T18:57:01.325568Z,2416,247.6,7267,OK,OK,OK
2026-08-15T18:57:06.862373Z,2420,247.8,7267,OK,OK,OK
2026-08-15T18:57:12.384152Z,2433,247.6,7267,OK,OK,OK
2026-08-15T18:57:17.907534Z,2420,247.7,7267,OK,OK,OK
2026-08-15T18:57:23.409609Z,2405,247.8,7267,OK,OK,OK
2026-08-15T18:57:28.933759Z,2422,247.9,7267,OK,OK,OK
2026-08-15T18:57:34.446237Z,2431,247.9,7267,OK,OK,OK
2026-08-15T18:57:39.950717Z,2419,247.8,7267,OK,OK,OK
2026-08-15T18:57:45.474212Z,2420,247.8,7267,OK,OK,OK
2026-08-15T18:57:50.981494Z,2404,247.8,7267,OK,OK,OK
2026-08-15T18:57:56.519488Z,2425,247.7,7267,OK,OK,OK
2026-08-15T18:58:02.014702Z,2426,247.9,7267,OK,OK,OK
2026-08-15T18:58:07.522851Z,2422,247.9,7267,OK,OK,OK
2026-08-15T18:58:13.045960Z,2420,247.9,7267,OK,OK,OK
2026-08-15T18:58:18.558395Z,2428,247.9,7267,OK,OK,OK
2026-08-15T18:58:24.063956Z,2417,247.9,7267,OK,OK,OK
2026-08-15T18:58:29.578656Z,2418,247.9,7267,OK,OK,OK
2026-08-15T18:58:35.047444Z,2418,247.8,7267,OK,OK,OK
2026-08-15T18:58:40.542235Z,2424,247.9,7267,OK,OK,OK
2026-08-15T18:58:46.180209Z,2426,247.7,7267,OK,OK,OK
2026-08-15T18:58:51.702396Z,2418,247.7,7267,OK,OK,OK
2026-08-15T18:58:57.222516Z,2420,247.8,7267,OK,OK,OK
2026-08-15T18:59:02.749643Z,2417,247.9,7267,OK,OK,OK
2026-08-15T18:59:08.267420Z,2420,248.0,7267,OK,OK,OK
2026-08-15T18:59:13.776871Z,2419,248.0,7267,OK,OK,OK
2026-08-15T18:59:19.271162Z,2421,248.0,7267,OK,OK,OK
2026-08-15T18:59:24.774681Z,2420,248.0,7267,OK,OK,OK
2026-08-15T18:59:30.277537Z,2416,248.0,7267,OK,OK,OK
2026-08-15T18:59:35.792103Z,2418,248.2,7267,OK,OK,OK
2026-08-15T18:59:41.306911Z,2419,248.0,7267,OK,OK,OK
2026-08-15T18:59:46.806404Z,2408,248.2,7267,OK,OK,OK
2026-08-15T18:59:52.281027Z,2424,248.0,7267,OK,OK,OK
2026-08-15T18:59:57.803346Z,2424,248.0,7267,OK,OK,OK
2026-08-15T19:00:03.303530Z,2407,248.0,7267,OK,OK,OK
2026-08-15T19:00:08.846863Z,2427,248.1,7267,OK,OK,OK
2026-08-15T19:00:14.337049Z,2423,248.0,7267,OK,OK,OK
2026-08-15T19:00:19.875697Z,2419,247.9,7267,OK,OK,OK
2026-08-15T19:00:25.366534Z,2420,248.0,7267,OK,OK,OK
2026-08-15T19:00:30.875785Z,2421,248.0,7267,OK,OK,OK
2026-08-15T19:00:36.398335Z,2424,248.0,7267,OK,OK,OK
2026-08-15T19:00:41.943176Z,2423,248.2,7267,OK,OK,OK
2026-08-15T19:00:47.442223Z,2422,248.0,7267,OK,OK,OK
2026-08-15T19:00:52.977828Z,2424,248.0,7267,OK,OK,OK
2026-08-15T19:00:58.481015Z,2420,248.0,7267,OK,OK,OK
2026-08-15T19:01:04.023570Z,2420,248.1,7267,OK,OK,OK
2026-08-15T19:01:09.537483Z,2435,248.1,7267,OK,OK,OK
2026-08-15T19:01:15.061947Z,2425,248.1,7267,OK,OK,OK
2026-08-15T19:01:20.616003Z,2428,248.1,7267,OK,OK,OK
2026-08-15T19:01:26.141714Z,2422,248.0,7267,OK,OK,OK
2026-08-15T19:01:31.674535Z,2414,248.0,7267,OK,OK,OK
2026-08-15T19:01:37.183098Z,2405,248.0,7267,OK,OK,OK
2026-08-15T19:01:42.686951Z,2416,248.0,7267,OK,OK,OK
2026-08-15T19:01:48.192498Z,2418,247.8,7267,OK,OK,OK
2026-08-15T19:01:53.714553Z,2424,248.1,7267,OK,OK,OK
2026-08-15T19:01:59.222908Z,2405,248.0,7267,OK,OK,OK
2026-08-15T19:02:04.740791Z,2407,248.1,7267,OK,OK,OK
2026-08-15T19:02:10.213731Z,2424,248.1,7267,OK,OK,OK
2026-08-15T19:02:15.754017Z,2426,248.1,7267,OK,OK,OK
2026-08-15T19:02:21.263778Z,2408,248.1,7267,OK,OK,OK
2026-08-15T19:02:26.756301Z,2422,248.1,7267,OK,OK,OK
2026-08-15T19:02:32.283215Z,2419,248.1,7267,OK,OK,OK
2026-08-15T19:02:37.787664Z,2432,248.1,7267,OK,OK,OK
2026-08-15T19:02:43.295654Z,2410,248.2,7267,OK,OK,OK
2026-08-15T19:02:48.771268Z,2434,248.1,7267,OK,OK,OK
2026-08-15T19:02:54.282362Z,2420,248.0,7267,OK,OK,OK
2026-08-15T19:02:59.758054Z,2421,247.7,7267,OK,OK,OK
2026-08-15T19:03:05.296843Z,2426,248.1,7267,OK,OK,OK
2026-08-15T19:03:10.727656Z,2430,248.1,7267,OK,OK,OK
2026-08-15T19:03:16.236146Z,2424,248.1,7267,OK,OK,OK
2026-08-15T19:03:21.704021Z,2413,248.1,7267,OK,OK,OK
2026-08-15T19:03:27.204134Z,2424,248.2,7267,OK,OK,OK
2026-08-15T19:03:32.640204Z,2421,248.3,7267,OK,OK,OK
2026-08-15T19:03:38.168384Z,2429,248.2,7267,OK,OK,OK
2026-08-15T19:03:43.651529Z,2404,248.1,7267,OK,OK,OK
2026-08-15T19:03:49.161942Z,2423,248.1,7267,OK,OK,OK
2026-08-15T19:03:54.648240Z,2423,248.1,7267,OK,OK,OK
2026-08-15T19:04:00.116424Z,2419,247.7,7267,OK,OK,OK
2026-08-15T19:04:05.612435Z,2407,248.0,7267,OK,OK,OK
2026-08-15T19:04:11.108877Z,2398,247.6,7267,OK,OK,OK
2026-08-15T19:04:16.611948Z,2416,247.7,7267,OK,OK,OK
2026-08-15T19:04:22.112026Z,2403,247.8,7267,OK,OK,OK
2026-08-15T19:04:27.626530Z,2414,247.2,7267,OK,OK,OK
2026-08-15T19:04:33.088376Z,2423,247.9,7267,OK,OK,OK
2026-08-15T19:04:38.575081Z,2374,246.0,7267,OK,OK,OK
2026-08-15T19:04:44.095246Z,2363,243.8,7267,OK,OK,OK
2026-08-15T19:04:49.624963Z,2383,245.1,7267,OK,OK,OK
2026-08-15T19:04:55.096628Z,2415,248.3,7267,OK,OK,OK
2026-08-15T19:05:00.636529Z,2424,248.3,7267,OK,OK,OK
2026-08-15T19:05:06.205607Z,2466,248.2,7267,OK,OK,OK
2026-08-15T19:05:11.707448Z,2424,248.3,7267,OK,OK,OK
2026-08-15T19:05:17.232456Z,2417,248.3,7267,OK,OK,OK
2026-08-15T19:05:22.733805Z,2409,248.2,7267,OK,OK,OK
2026-08-15T19:05:28.229343Z,2423,248.1,7267,OK,OK,OK
2026-08-15T19:05:33.712515Z,2423,247.8,7267,OK,OK,OK
2026-08-15T19:05:39.234665Z,2409,246.8,7267,OK,OK,OK
2026-08-15T19:05:44.779468Z,2393,247.2,7267,OK,OK,OK
2026-08-15T19:05:50.290784Z,2410,247.9,7267,OK,OK,OK
2026-08-15T19:05:55.811915Z,2420,247.9,7267,OK,OK,OK
2026-08-15T19:06:01.339068Z,2406,248.1,7267,OK,OK,OK
2026-08-15T19:06:06.862166Z,2405,247.9,7267,OK,OK,OK
2026-08-15T19:06:12.361784Z,2420,247.9,7267,OK,OK,OK
2026-08-15T19:06:17.872730Z,2420,247.9,7267,OK,OK,OK
2026-08-15T19:06:23.394199Z,2421,247.7,7267,OK,OK,OK
2026-08-15T19:06:28.887959Z,2425,247.8,7267,OK,OK,OK
2026-08-15T19:06:34.375379Z,2383,246.2,7267,OK,OK,OK
2026-08-15T19:06:39.862107Z,2352,244.2,14319,OK,OK,OK
2026-08-15T19:06:45.361764Z,2386,244.4,14319,OK,OK,OK
2026-08-15T19:06:50.856254Z,2389,244.9,14319,OK,OK,OK
2026-08-15T19:06:56.334393Z,2417,247.3,14319,OK,OK,OK
2026-08-15T19:07:01.852787Z,2411,248.1,14319,OK,OK,OK
2026-08-15T19:07:07.308684Z,2414,247.4,14319,OK,OK,OK
2026-08-15T19:07:12.792804Z,2371,245.2,14319,OK,OK,OK
2026-08-15T19:07:18.281290Z,2389,245.9,14319,OK,OK,OK
2026-08-15T19:07:23.742763Z,2378,245.5,14319,OK,OK,OK
2026-08-15T19:07:29.273061Z,2342,243.3,14319,OK,OK,OK
2026-08-15T19:07:34.766819Z,2346,243.1,14319,OK,OK,OK
2026-08-15T19:07:40.261798Z,2366,244.5,14319,OK,OK,OK
2026-08-15T19:07:45.732766Z,2366,245.5,14319,OK,OK,OK
2026-08-15T19:07:51.214784Z,2380,245.5,14319,OK,OK,OK
2026-08-15T19:07:56.718544Z,2383,245.9,14319,OK,OK,OK
2026-08-15T19:08:02.230502Z,2369,244.6,14319,OK,OK,OK
2026-08-15T19:08:07.762199Z,2340,243.5,14319,OK,OK,OK
2026-08-15T19:08:13.257762Z,2341,243.5,14319,OK,OK,OK
2026-08-15T19:08:18.735343Z,2339,243.4,14319,OK,OK,OK
2026-08-15T19:08:24.247727Z,2344,243.6,14319,OK,OK,OK
2026-08-15T19:08:29.776907Z,2344,243.3,14319,OK,OK,OK
2026-08-15T19:08:35.279916Z,2395,246.2,14319,OK,OK,OK
2026-08-15T19:08:40.763109Z,2412,247.0,14319,OK,OK,OK
2026-08-15T19:08:46.230910Z,2412,247.1,14319,OK,OK,OK
2026-08-15T19:08:51.694712Z,2394,247.3,14319,OK,OK,OK
2026-08-15T19:08:57.176182Z,2407,247.1,14319,OK,OK,OK
2026-08-15T19:09:02.674495Z,2404,247.1,14319,OK,OK,OK
2026-08-15T19:09:08.146663Z,2402,246.8,14319,OK,OK,OK
2026-08-15T19:09:13.655434Z,2400,246.6,14319,OK,OK,OK
2026-08-15T19:09:19.163592Z,2396,247.1,14319,OK,OK,OK
2026-08-15T19:09:24.678032Z,2402,247.0,14319,OK,OK,OK
2026-08-15T19:09:30.166884Z,2402,247.0,14319,OK,OK,OK
2026-08-15T19:09:35.684561Z,2390,246.9,14319,OK,OK,OK
2026-08-15T19:09:41.161400Z,2387,246.9,14319,OK,OK,OK
2026-08-15T19:09:46.681545Z,2398,246.9,14319,OK,OK,OK
2026-08-15T19:09:52.158126Z,2406,247.0,14319,OK,OK,OK
2026-08-15T19:09:57.640237Z,2391,246.9,14319,OK,OK,OK
2026-08-15T19:10:03.151579Z,2403,246.9,14319,OK,OK,OK
2026-08-15T19:10:08.678740Z,2400,246.8,14319,OK,OK,OK
2026-08-15T19:10:14.242122Z,2397,246.8,14319,OK,OK,OK
2026-08-15T19:10:19.751453Z,2405,246.8,14319,OK,OK,OK
2026-08-15T19:10:25.270505Z,2397,246.8,14319,OK,OK,OK
2026-08-15T19:10:30.784269Z,2403,246.8,14319,OK,OK,OK
2026-08-15T19:10:36.255595Z,2400,246.9,14319,OK,OK,OK
2026-08-15T19:10:41.736174Z,2399,246.8,14319,OK,OK,OK
2026-08-15T19:10:47.243314Z,2399,246.9,14319,OK,OK,OK
2026-08-15T19:10:52.750032Z,2398,246.8,14319,OK,OK,OK
2026-08-15T19:10:58.237375Z,2401,246.8,14319,OK,OK,OK
2026-08-15T19:11:03.702645Z,2387,246.8,14319,OK,OK,OK
2026-08-15T19:11:09.232600Z,2396,246.8,14319,OK,OK,OK
2026-08-15T19:11:14.788810Z,2401,246.8,14319,OK,OK,OK
2026-08-15T19:11:20.301225Z,2398,246.8,14319,OK,OK,OK
2026-08-15T19:11:25.824822Z,2400,246.8,14319,OK,OK,OK
2026-08-15T19:11:31.319939Z,2400,246.7,14319,OK,OK,OK
2026-08-15T19:11:36.837337Z,2398,246.7,14319,OK,OK,OK
2026-08-15T19:11:42.371224Z,2400,246.7,14319,OK,OK,OK
2026-08-15T19:11:47.884304Z,2492,246.6,14319,OK,OK,OK
2026-08-15T19:11:53.402091Z,2498,246.6,14319,OK,OK,OK
2026-08-15T19:11:58.888595Z,2513,246.5,14319,OK,OK,OK
2026-08-15T19:12:04.397140Z,2503,246.5,14319,OK,OK,OK
2026-08-15T19:12:09.926580Z,2512,246.5,14319,OK,OK,OK
2026-08-15T19:12:15.430270Z,2519,246.5,14319,OK,OK,OK
2026-08-15T19:12:20.929801Z,2510,246.5,14319,OK,OK,OK
2026-08-15T19:12:26.439165Z,2498,246.5,14319,OK,OK,OK
2026-08-15T19:12:31.959691Z,2505,246.5,14319,OK,OK,OK
2026-08-15T19:12:37.478253Z,2502,246.6,14319,OK,OK,OK
2026-08-15T19:12:42.993988Z,2505,246.7,14319,OK,OK,OK
2026-08-15T19:12:48.503205Z,2506,246.5,14319,OK,OK,OK
2026-08-15T19:12:54.013193Z,2487,246.6,14319,OK,OK,OK
2026-08-15T19:12:59.526174Z,2494,246.5,14319,OK,OK,OK
2026-08-15T19:13:04.996041Z,2482,246.5,14319,OK,OK,OK
2026-08-15T19:13:10.533323Z,2506,246.3,14319,OK,OK,OK
2026-08-15T19:13:16.023047Z,2493,246.4,14319,OK,OK,OK
2026-08-15T19:13:21.513371Z,2481,246.5,14319,OK,OK,OK
2026-08-15T19:13:26.987648Z,2487,246.5,14319,OK,OK,OK
2026-08-15T19:13:32.487952Z,2489,246.3,14319,OK,OK,OK
2026-08-15T19:13:37.998521Z,2467,246.3,14319,OK,OK,OK
2026-08-15T19:13:43.480801Z,2481,246.4,14319,OK,OK,OK
2026-08-15T19:13:48.949794Z,2476,246.4,14319,OK,OK,OK
2026-08-15T19:13:54.446650Z,2481,246.4,14319,OK,OK,OK
2026-08-15T19:13:59.950182Z,2482,246.5,14319,OK,OK,OK
2026-08-15T19:14:05.442672Z,2465,246.4,14319,OK,OK,OK
2026-08-15T19:14:10.925569Z,2476,246.4,14319,OK,OK,OK
2026-08-15T19:14:16.423179Z,2480,246.4,14319,OK,OK,OK
2026-08-15T19:14:21.944544Z,2462,246.3,14319,OK,OK,OK
2026-08-15T19:14:27.472681Z,2477,246.3,14319,OK,OK,OK
2026-08-15T19:14:32.980572Z,2483,246.3,14319,OK,OK,OK
2026-08-15T19:14:38.479756Z,2468,246.3,14319,OK,OK,OK
2026-08-15T19:14:44.018791Z,2466,246.3,14319,OK,OK,OK
2026-08-15T19:14:49.507148Z,2483,246.3,14319,OK,OK,OK
2026-08-15T19:14:54.994580Z,2476,246.3,14319,OK,OK,OK
2026-08-15T19:15:00.488408Z,2479,246.3,14319,OK,OK,OK
2026-08-15T19:15:05.970941Z,2480,246.4,14319,OK,OK,OK
2026-08-15T19:15:11.437262Z,2492,247.1,14319,OK,OK,OK
2026-08-15T19:15:16.915358Z,2485,247.1,14319,OK,OK,OK
2026-08-15T19:15:22.416951Z,2484,247.1,14319,OK,OK,OK
2026-08-15T19:15:27.907975Z,2488,247.1,14319,OK,OK,OK
2026-08-15T19:15:33.417927Z,2486,247.1,14319,OK,OK,OK
2026-08-15T19:15:38.920657Z,2493,247.1,14319,OK,OK,OK
2026-08-15T19:15:44.435293Z,2492,247.0,14319,OK,OK,OK
2026-08-15T19:15:49.928049Z,2477,247.0,14319,OK,OK,OK
2026-08-15T19:15:55.420902Z,2490,247.0,14319,OK,OK,OK
2026-08-15T19:16:00.931414Z,2498,247.0,14319,OK,OK,OK
2026-08-15T19:16:06.435854Z,2493,246.9,14319,OK,OK,OK
2026-08-15T19:16:11.953552Z,2492,246.9,14319,OK,OK,OK
2026-08-15T19:16:17.446633Z,2490,247.0,14319,OK,OK,OK
2026-08-15T19:16:22.976015Z,2496,246.9,14319,OK,OK,OK
2026-08-15T19:16:28.504055Z,2491,247.0,14319,OK,OK,OK
2026-08-15T19:16:34.000896Z,2492,247.0,14319,OK,OK,OK
2026-08-15T19:16:39.531317Z,2490,247.3,14319,OK,OK,OK
2026-08-15T19:16:45.036547Z,2498,247.3,14319,OK,OK,OK
2026-08-15T19:16:50.516007Z,2492,247.2,14319,OK,OK,OK
2026-08-15T19:16:56.009002Z,2502,247.2,14319,OK,OK,OK
2026-08-15T19:17:01.510434Z,2494,247.2,14319,OK,OK,OK
2026-08-15T19:17:06.987554Z,2510,247.2,14319,OK,OK,OK
2026-08-15T19:17:12.468102Z,2508,247.2,14319,OK,OK,OK
2026-08-15T19:17:17.943236Z,2497,247.2,14319,OK,OK,OK
2026-08-15T19:17:23.453426Z,2498,247.1,14319,OK,OK,OK
2026-08-15T19:17:28.939551Z,2495,247.1,14319,OK,OK,OK
2026-08-15T19:17:34.479193Z,2500,247.1,14319,OK,OK,OK
2026-08-15T19:17:39.978135Z,2485,247.1,14319,OK,OK,OK
2026-08-15T19:17:45.493331Z,2480,247.1,14319,OK,OK,OK
2026-08-15T19:17:50.965330Z,2498,247.2,14319,OK,OK,OK
2026-08-15T19:17:56.478940Z,2499,247.3,14319,OK,OK,OK
2026-08-15T19:18:01.974464Z,2489,247.3,14319,OK,OK,OK
2026-08-15T19:18:07.505169Z,2494,247.2,14319,OK,OK,OK
2026-08-15T19:18:13.020788Z,2500,247.3,14319,OK,OK,OK
2026-08-15T19:18:18.516621Z,2498,247.3,14319,OK,OK,OK
2026-08-15T19:18:24.001690Z,2496,247.3,14319,OK,OK,OK
2026-08-15T19:18:29.521314Z,2494,247.3,14319,OK,OK,OK
2026-08-15T19:18:35.017745Z,2480,247.3,14319,OK,OK,OK
2026-08-15T19:18:40.495560Z,2494,247.3,14319,OK,OK,OK
2026-08-15T19:18:45.980585Z,2491,247.3,14319,OK,OK,OK
2026-08-15T19:18:51.502725Z,2491,247.3,14319,OK,OK,OK
2026-08-15T19:18:56.975025Z,2490,247.2,14319,OK,OK,OK
2026-08-15T19:19:02.529023Z,2475,247.2,14319,OK,OK,OK
2026-08-15T19:19:08.004613Z,2475,247.0,14319,OK,OK,OK
2026-08-15T19:19:13.512241Z,2494,247.2,14319,OK,OK,OK
2026-08-15T19:19:19.020676Z,2497,247.1,14319,OK,OK,OK
2026-08-15T19:19:24.524718Z,2493,247.2,14319,OK,OK,OK
2026-08-15T19:19:30.041448Z,2492,247.2,14319,OK,OK,OK
2026-08-15T19:19:35.548733Z,2502,247.1,14319,OK,OK,OK
2026-08-15T19:19:41.066159Z,2500,247.1,14319,OK,OK,OK
2026-08-15T19:19:46.554405Z,2511,247.1,14319,OK,OK,OK
2026-08-15T19:19:52.094837Z,2507,247.1,14319,OK,OK,OK
2026-08-15T19:19:57.599134Z,2494,247.1,14319,OK,OK,OK
2026-08-15T19:20:03.077331Z,2491,247.1,14319,OK,OK,OK
2026-08-15T19:20:08.580670Z,2500,247.2,14319,OK,OK,OK
2026-08-15T19:20:14.062096Z,2494,247.1,14319,OK,OK,OK
2026-08-15T19:20:19.512159Z,2500,247.2,14319,OK,OK,OK
2026-08-15T19:20:25.016242Z,2494,247.1,14319,OK,OK,OK
2026-08-15T19:20:30.493044Z,2496,247.1,14319,OK,OK,OK
2026-08-15T19:20:35.987720Z,2492,247.1,14319,OK,OK,OK
2026-08-15T19:20:41.456732Z,2489,247.1,14319,OK,OK,OK
2026-08-15T19:20:46.959464Z,2478,247.1,14319,OK,OK,OK
2026-08-15T19:20:52.424398Z,2487,247.1,14319,OK,OK,OK
2026-08-15T19:20:57.956984Z,2489,247.1,14319,OK,OK,OK
2026-08-15T19:21:03.513031Z,2483,247.1,14319,OK,OK,OK
2026-08-15T19:21:09.023730Z,2485,246.8,14319,OK,OK,OK
2026-08-15T19:21:14.493942Z,2487,246.9,14319,OK,OK,OK
2026-08-15T19:21:19.993070Z,2487,246.9,14319,OK,OK,OK
2026-08-15T19:21:25.491941Z,2483,246.9,14319,OK,OK,OK
2026-08-15T19:21:31.015978Z,2473,246.9,14319,OK,OK,OK
2026-08-15T19:21:36.508115Z,2487,246.9,14319,OK,OK,OK
2026-08-15T19:21:42.012227Z,2487,246.9,14319,OK,OK,OK
2026-08-15T19:21:47.503175Z,2488,247.0,14319,OK,OK,OK
2026-08-15T19:21:52.991094Z,2486,247.0,14319,OK,OK,OK
2026-08-15T19:21:58.501866Z,2480,246.9,13662,OK,OK,OK
2026-08-15T19:22:03.998976Z,2486,247.0,13662,OK,OK,OK
2026-08-15T19:22:09.531737Z,2510,246.9,13662,OK,OK,OK
2026-08-15T19:22:15.006855Z,2497,246.9,13662,OK,OK,OK
2026-08-15T19:22:20.511622Z,2484,246.8,13662,OK,OK,OK
2026-08-15T19:22:26.022589Z,2486,246.8,13662,OK,OK,OK
2026-08-15T19:22:31.520165Z,2483,246.9,13662,OK,OK,OK
2026-08-15T19:22:36.999798Z,2488,246.9,13662,OK,OK,OK
2026-08-15T19:22:42.513375Z,2489,246.9,13662,OK,OK,OK
2026-08-15T19:22:48.024926Z,2485,246.9,13662,OK,OK,OK
2026-08-15T19:22:53.535396Z,2472,246.9,13662,OK,OK,OK
2026-08-15T19:22:59.025880Z,4037,246.2,13662,OK,OK,OK
2026-08-15T19:23:04.532212Z,4114,246.0,13662,OK,OK,OK
2026-08-15T19:23:10.009234Z,4175,246.2,13662,OK,OK,OK
2026-08-15T19:23:15.500791Z,4121,246.2,13662,OK,OK,OK
2026-08-15T19:23:20.952370Z,4113,246.2,13662,OK,OK,OK
2026-08-15T19:23:26.477138Z,4112,246.2,13662,OK,OK,OK
2026-08-15T19:23:31.947784Z,4085,246.1,13662,OK,OK,OK
2026-08-15T19:23:37.490825Z,4086,246.2,13662,OK,OK,OK
2026-08-15T19:23:42.977280Z,4100,246.2,13662,OK,OK,OK
2026-08-15T19:23:48.502923Z,4099,246.2,13662,OK,OK,OK
2026-08-15T19:23:53.972195Z,4102,246.2,13662,OK,OK,OK
2026-08-15T19:23:59.475980Z,4125,246.2,13662,OK,OK,OK
2026-08-15T19:24:04.984423Z,4097,246.3,13662,OK,OK,OK
2026-08-15T19:24:10.483841Z,4132,246.3,13662,OK,OK,OK
2026-08-15T19:24:16.013991Z,4117,246.3,13662,OK,OK,OK
2026-08-15T19:24:21.519084Z,4107,246.4,13662,OK,OK,OK
2026-08-15T19:24:27.041701Z,4105,246.2,13662,OK,OK,OK
2026-08-15T19:24:32.540694Z,4105,246.2,13662,OK,OK,OK
2026-08-15T19:24:38.039198Z,4115,246.2,13662,OK,OK,OK
2026-08-15T19:24:43.517858Z,4103,246.2,13662,OK,OK,OK
2026-08-15T19:24:49.003896Z,4092,245.6,13662,OK,OK,OK
2026-08-15T19:24:54.535302Z,4108,246.1,13662,OK,OK,OK
2026-08-15T19:25:00.055254Z,4106,245.9,13662,OK,OK,OK
2026-08-15T19:25:05.512306Z,4107,245.9,13662,OK,OK,OK
2026-08-15T19:25:11.017110Z,4250,246.0,13662,OK,OK,OK
2026-08-15T19:25:16.519059Z,4258,246.0,13662,OK,OK,OK
2026-08-15T19:25:22.029572Z,4251,246.3,13662,OK,OK,OK
2026-08-15T19:25:27.507518Z,4249,246.1,13662,OK,OK,OK
2026-08-15T19:25:32.977364Z,4247,246.1,13662,OK,OK,OK
2026-08-15T19:25:38.510022Z,4273,246.2,13662,OK,OK,OK
2026-08-15T19:25:44.000787Z,4262,246.2,13662,OK,OK,OK
2026-08-15T19:25:49.482907Z,4265,246.2,13662,OK,OK,OK
2026-08-15T19:25:55.021875Z,4257,246.1,13662,OK,OK,OK
2026-08-15T19:26:00.494679Z,4256,246.2,13662,OK,OK,OK
2026-08-15T19:26:06.065680Z,4250,246.1,13662,OK,OK,OK
2026-08-15T19:26:11.506090Z,4255,246.1,13662,OK,OK,OK
2026-08-15T19:26:17.025573Z,4247,246.2,13662,OK,OK,OK
2026-08-15T19:26:22.486180Z,4261,246.2,13662,OK,OK,OK
2026-08-15T19:26:27.987548Z,4248,246.1,13662,OK,OK,OK
2026-08-15T19:26:33.455966Z,4143,246.1,13662,OK,OK,OK
2026-08-15T19:26:39.021181Z,4132,246.2,13662,OK,OK,OK
2026-08-15T19:26:44.511420Z,4138,246.2,13662,OK,OK,OK
2026-08-15T19:26:50.031588Z,4132,246.2,13662,OK,OK,OK
2026-08-15T19:26:55.555834Z,4131,246.1,13662,OK,OK,OK
2026-08-15T19:27:01.095097Z,4147,246.2,13662,OK,OK,OK
2026-08-15T19:27:06.584463Z,4170,246.3,13662,OK,OK,OK
2026-08-15T19:27:12.081003Z,4154,246.2,13662,OK,OK,OK
2026-08-15T19:27:17.596468Z,4143,246.3,13662,OK,OK,OK
2026-08-15T19:27:23.079874Z,4145,246.4,13662,OK,OK,OK
2026-08-15T19:27:28.609601Z,4143,246.2,13662,OK,OK,OK
2026-08-15T19:27:34.078373Z,4141,246.2,13662,OK,OK,OK
2026-08-15T19:27:39.557682Z,4150,246.3,13662,OK,OK,OK
2026-08-15T19:27:45.127489Z,4146,246.2,13662,OK,OK,OK
2026-08-15T19:27:50.633857Z,4160,246.2,13662,OK,OK,OK
2026-08-15T19:27:56.153610Z,4160,246.2,13662,OK,OK,OK
2026-08-15T19:28:01.663460Z,4137,246.2,13662,OK,OK,OK
2026-08-15T19:28:07.176622Z,4143,246.2,13662,OK,OK,OK
2026-08-15T19:28:12.692401Z,4131,246.2,13662,OK,OK,OK
2026-08-15T19:28:18.203206Z,4134,245.8,13662,OK,OK,OK
2026-08-15T19:28:23.704118Z,4134,246.0,13662,OK,OK,OK
2026-08-15T19:28:29.224209Z,4135,246.0,13662,OK,OK,OK
2026-08-15T19:28:34.704249Z,2495,246.8,13662,OK,OK,OK
2026-08-15T19:28:40.225841Z,2490,246.9,13662,OK,OK,OK
2026-08-15T19:28:45.701732Z,2496,247.0,13662,OK,OK,OK
2026-08-15T19:28:51.208065Z,2489,246.3,13662,OK,OK,OK
2026-08-15T19:28:56.734544Z,2467,246.1,13662,OK,OK,OK
2026-08-15T19:29:02.255336Z,2468,246.2,13662,OK,OK,OK
2026-08-15T19:29:07.722501Z,2480,246.0,13662,OK,OK,OK
2026-08-15T19:29:13.207210Z,2487,246.2,13662,OK,OK,OK
2026-08-15T19:29:18.713335Z,2482,246.2,13662,OK,OK,OK
2026-08-15T19:29:24.226153Z,2476,246.2,13662,OK,OK,OK
2026-08-15T19:29:29.740539Z,2485,246.1,13662,OK,OK,OK
2026-08-15T19:29:35.243537Z,2477,246.2,13662,OK,OK,OK
2026-08-15T19:29:40.760633Z,2465,246.2,13662,OK,OK,OK
2026-08-15T19:29:46.229907Z,2473,246.2,13662,OK,OK,OK
2026-08-15T19:29:51.745654Z,2468,246.2,13662,OK,OK,OK
2026-08-15T19:29:57.191614Z,2474,246.2,13662,OK,OK,OK
2026-08-15T19:30:02.705004Z,2464,246.2,13662,OK,OK,OK
2026-08-15T19:30:08.139207Z,2465,246.0,13662,OK,OK,OK
2026-08-15T19:30:13.664523Z,2461,246.1,13662,OK,OK,OK
2026-08-15T19:30:19.119812Z,2460,246.1,13662,OK,OK,OK
2026-08-15T19:30:24.674264Z,2471,246.1,13662,OK,OK,OK
2026-08-15T19:30:30.131854Z,2467,246.1,13662,OK,OK,OK
2026-08-15T19:30:35.630866Z,2470,246.1,13662,OK,OK,OK
2026-08-15T19:30:41.135217Z,2468,246.1,13662,OK,OK,OK
2026-08-15T19:30:46.629221Z,2466,246.1,13662,OK,OK,OK
2026-08-15T19:30:52.098644Z,2465,246.1,13662,OK,OK,OK
2026-08-15T19:30:57.666137Z,2464,246.0,13662,OK,OK,OK
2026-08-15T19:31:03.169121Z,2477,246.1,13662,OK,OK,OK
2026-08-15T19:31:08.655639Z,2466,246.0,13662,OK,OK,OK
2026-08-15T19:31:14.181592Z,2466,246.0,13662,OK,OK,OK
2026-08-15T19:31:19.708849Z,2469,246.0,13662,OK,OK,OK
2026-08-15T19:31:25.227685Z,2466,246.0,13662,OK,OK,OK
2026-08-15T19:31:30.729072Z,2464,246.0,13662,OK,OK,OK
2026-08-15T19:31:36.240039Z,2458,246.0,13662,OK,OK,OK
2026-08-15T19:31:41.720969Z,2463,246.1,13662,OK,OK,OK
2026-08-15T19:31:47.242761Z,2463,246.1,13662,OK,OK,OK
2026-08-15T19:31:52.733602Z,2465,246.1,13662,OK,OK,OK
2026-08-15T19:31:58.218002Z,2467,246.1,13662,OK,OK,OK
2026-08-15T19:32:03.718832Z,2468,246.1,13662,OK,OK,OK
2026-08-15T19:32:09.257518Z,2471,246.1,13662,OK,OK,OK
2026-08-15T19:32:14.757613Z,2459,246.0,13662,OK,OK,OK
2026-08-15T19:32:20.271445Z,2471,246.1,13662,OK,OK,OK
2026-08-15T19:32:25.758481Z,2465,246.1,13662,OK,OK,OK
2026-08-15T19:32:31.260382Z,2472,246.2,13662,OK,OK,OK
2026-08-15T19:32:36.756976Z,2469,246.2,13662,OK,OK,OK
2026-08-15T19:32:42.234122Z,2468,246.1,13662,OK,OK,OK
2026-08-15T19:32:47.808005Z,2464,246.1,13662,OK,OK,OK
2026-08-15T19:32:53.333944Z,2465,246.1,13662,OK,OK,OK
2026-08-15T19:32:58.845645Z,2466,246.1,13662,OK,OK,OK
2026-08-15T19:33:04.378339Z,2463,246.1,13662,OK,OK,OK
2026-08-15T19:33:09.910765Z,2484,246.1,13662,OK,OK,OK
2026-08-15T19:33:15.444369Z,2464,246.1,13662,OK,OK,OK
2026-08-15T19:33:20.949823Z,2450,246.1,13662,OK,OK,OK
2026-08-15T19:33:26.444602Z,2461,246.1,13662,OK,OK,OK
2026-08-15T19:33:31.960495Z,2463,246.1,13662,OK,OK,OK
2026-08-15T19:33:37.501035Z,2466,246.1,13662,OK,OK,OK
2026-08-15T19:33:42.990274Z,2465,246.1,13662,OK,OK,OK
2026-08-15T19:33:48.514749Z,2467,246.2,13662,OK,OK,OK
2026-08-15T19:33:54.001132Z,2454,245.3,13662,OK,OK,OK
2026-08-15T19:33:59.542519Z,2416,242.6,13662,OK,OK,OK
2026-08-15T19:34:05.059726Z,2406,242.1,13662,OK,OK,OK
2026-08-15T19:34:10.584414Z,2415,242.6,13662,OK,OK,OK
2026-08-15T19:34:16.058354Z,2431,243.4,13662,OK,OK,OK
2026-08-15T19:34:21.556349Z,2413,242.7,13662,OK,OK,OK
2026-08-15T19:34:27.066825Z,2448,244.7,13662,OK,OK,OK
2026-08-15T19:34:32.553084Z,2462,246.0,13662,OK,OK,OK
2026-08-15T19:34:38.033369Z,2474,246.7,13662,OK,OK,OK
2026-08-15T19:34:43.535909Z,2470,246.6,13662,OK,OK,OK
2026-08-15T19:34:49.040677Z,2484,246.7,13662,OK,OK,OK
2026-08-15T19:34:54.550378Z,2473,246.7,13662,OK,OK,OK
2026-08-15T19:35:00.012612Z,2479,246.6,13662,OK,OK,OK
2026-08-15T19:35:05.521726Z,2477,246.7,13662,OK,OK,OK
2026-08-15T19:35:10.992208Z,2478,246.7,13662,OK,OK,OK
2026-08-15T19:35:16.473217Z,2476,246.7,13662,OK,OK,OK
2026-08-15T19:35:21.940847Z,2473,246.7,13662,OK,OK,OK
2026-08-15T19:35:27.439414Z,2464,246.6,13662,OK,OK,OK
2026-08-15T19:35:32.920650Z,2474,246.6,13662,OK,OK,OK
2026-08-15T19:35:38.458648Z,2472,246.5,13662,OK,OK,OK
2026-08-15T19:35:43.958335Z,2465,246.6,13662,OK,OK,OK
2026-08-15T19:35:49.486190Z,2473,246.5,13662,OK,OK,OK
2026-08-15T19:35:54.978375Z,2463,246.8,13662,OK,OK,OK
2026-08-15T19:36:00.499234Z,2475,246.8,13662,OK,OK,OK
2026-08-15T19:36:06.014249Z,2465,246.6,13662,OK,OK,OK
2026-08-15T19:36:11.507157Z,2475,246.7,13662,OK,OK,OK
2026-08-15T19:36:17.035467Z,2469,246.6,13662,OK,OK,OK
2026-08-15T19:36:22.567305Z,2454,246.7,13662,OK,OK,OK
2026-08-15T19:36:28.062730Z,2472,246.6,13662,OK,OK,OK
2026-08-15T19:36:33.603383Z,2388,246.6,13662,OK,OK,OK
2026-08-15T19:36:39.106968Z,2395,246.8,13662,OK,OK,OK
2026-08-15T19:36:44.611476Z,2398,246.7,13662,OK,OK,OK
2026-08-15T19:36:50.069928Z,2400,247.4,13662,OK,OK,OK
2026-08-15T19:36:55.592013Z,2402,247.3,13662,OK,OK,OK
2026-08-15T19:37:01.095689Z,2394,247.2,13662,OK,OK,OK
2026-08-15T19:37:06.595586Z,2403,247.2,13662,OK,OK,OK
2026-08-15T19:37:12.119519Z,2410,247.2,13662,OK,OK,OK
2026-08-15T19:37:17.623679Z,2400,247.2,13214,OK,OK,OK
2026-08-15T19:37:23.146728Z,2395,247.2,13214,OK,OK,OK
2026-08-15T19:37:28.644502Z,2393,247.2,13214,OK,OK,OK
2026-08-15T19:37:34.150200Z,2395,247.2,13214,OK,OK,OK
2026-08-15T19:37:39.661435Z,2401,247.2,13214,OK,OK,OK
2026-08-15T19:37:45.181677Z,2399,247.2,13214,OK,OK,OK
2026-08-15T19:37:50.677863Z,2398,247.2,13214,OK,OK,OK
2026-08-15T19:37:56.170148Z,2383,247.2,13214,OK,OK,OK
2026-08-15T19:38:01.666406Z,2399,247.2,13214,OK,OK,OK
2026-08-15T19:38:07.183975Z,2395,247.2,13214,OK,OK,OK
2026-08-15T19:38:12.713919Z,2395,247.2,13214,OK,OK,OK
2026-08-15T19:38:18.232702Z,2397,247.2,13214,OK,OK,OK
2026-08-15T19:38:23.700585Z,2403,247.5,13214,OK,OK,OK
2026-08-15T19:38:29.243932Z,2403,247.5,13214,OK,OK,OK
2026-08-15T19:38:34.740798Z,2402,247.5,13214,OK,OK,OK
2026-08-15T19:38:40.233203Z,2404,247.5,13214,OK,OK,OK
2026-08-15T19:38:45.724860Z,2401,247.5,13214,OK,OK,OK
2026-08-15T19:38:51.224651Z,2399,247.5,13214,OK,OK,OK
2026-08-15T19:38:56.727652Z,2397,247.5,13214,OK,OK,OK
2026-08-15T19:39:02.234789Z,2404,247.5,13214,OK,OK,OK
2026-08-15T19:39:07.719160Z,2406,247.5,13214,OK,OK,OK
2026-08-15T19:39:13.223545Z,2405,247.5,13214,OK,OK,OK
2026-08-15T19:39:18.746585Z,2405,247.5,13214,OK,OK,OK
2026-08-15T19:39:24.257418Z,2390,247.5,13214,OK,OK,OK
2026-08-15T19:39:29.754366Z,2406,247.5,13214,OK,OK,OK
2026-08-15T19:39:35.253972Z,2402,247.5,13214,OK,OK,OK
2026-08-15T19:39:40.749777Z,2393,247.5,13214,OK,OK,OK
2026-08-15T19:39:46.250646Z,2402,247.5,13214,OK,OK,OK
2026-08-15T19:39:51.703106Z,2404,247.5,13214,OK,OK,OK
2026-08-15T19:39:57.199810Z,2402,247.5,13214,OK,OK,OK
2026-08-15T19:40:02.668867Z,2404,247.5,13214,OK,OK,OK
2026-08-15T19:40:08.185556Z,2408,247.5,13214,OK,OK,OK
2026-08-15T19:40:13.680276Z,2405,247.5,13214,OK,OK,OK
2026-08-15T19:40:19.182005Z,2409,247.5,13214,OK,OK,OK
2026-08-15T19:40:24.661461Z,2406,247.6,13214,OK,OK,OK
2026-08-15T19:40:30.182527Z,2410,247.6,13214,OK,OK,OK
2026-08-15T19:40:35.689960Z,2402,247.5,13214,OK,OK,OK
2026-08-15T19:40:41.157601Z,2406,247.6,13214,OK,OK,OK
2026-08-15T19:40:46.669094Z,2401,247.5,13214,OK,OK,OK
2026-08-15T19:40:52.196685Z,2406,247.5,13214,OK,OK,OK
2026-08-15T19:40:57.694726Z,2394,247.5,13214,OK,OK,OK
2026-08-15T19:41:03.164847Z,2394,247.6,13214,OK,OK,OK
2026-08-15T19:41:08.693641Z,2404,247.5,13214,OK,OK,OK
2026-08-15T19:41:14.245138Z,2406,247.6,13214,OK,OK,OK
2026-08-15T19:41:19.779499Z,2404,247.5,13214,OK,OK,OK
2026-08-15T19:41:25.265869Z,2408,247.6,13214,OK,OK,OK
2026-08-15T19:41:30.777423Z,2392,247.5,13214,OK,OK,OK
2026-08-15T19:41:36.279600Z,2391,247.5,13214,OK,OK,OK
2026-08-15T19:41:41.784564Z,2406,247.5,13214,OK,OK,OK
2026-08-15T19:41:47.252749Z,2413,247.5,13214,OK,OK,OK
2026-08-15T19:41:52.748132Z,2413,247.5,13214,OK,OK,OK
2026-08-15T19:41:58.254976Z,2405,247.5,13214,OK,OK,OK
2026-08-15T19:42:03.754840Z,2403,247.5,13214,OK,OK,OK
2026-08-15T19:42:09.239273Z,2407,247.3,13214,OK,OK,OK
2026-08-15T19:42:14.810195Z,2408,247.2,13214,OK,OK,OK
2026-08-15T19:42:20.311646Z,2410,247.3,13214,OK,OK,OK
2026-08-15T19:42:25.848830Z,2390,247.4,13214,OK,OK,OK
2026-08-15T19:42:31.380039Z,2391,247.4,13214,OK,OK,OK
2026-08-15T19:42:36.884902Z,2384,247.4,13214,OK,OK,OK
2026-08-15T19:42:42.416972Z,2398,247.4,13214,OK,OK,OK
2026-08-15T19:42:47.924751Z,2388,247.3,13214,OK,OK,OK
2026-08-15T19:42:53.408555Z,2400,247.3,13214,OK,OK,OK
2026-08-15T19:42:58.951645Z,2390,247.2,13214,OK,OK,OK
2026-08-15T19:43:04.419932Z,2401,247.3,13214,OK,OK,OK
2026-08-15T19:43:09.948994Z,2415,247.3,13214,OK,OK,OK
2026-08-15T19:43:15.481131Z,2403,247.2,13214,OK,OK,OK
2026-08-15T19:43:20.988643Z,2401,247.3,13214,OK,OK,OK
2026-08-15T19:43:26.468278Z,2410,247.3,13214,OK,OK,OK
2026-08-15T19:43:31.987306Z,2406,247.2,13214,OK,OK,OK
2026-08-15T19:43:37.497835Z,2404,247.2,13214,OK,OK,OK
2026-08-15T19:43:42.994293Z,2403,247.3,13214,OK,OK,OK
2026-08-15T19:43:48.538647Z,2401,247.1,13214,OK,OK,OK
2026-08-15T19:43:54.026634Z,2398,247.2,13214,OK,OK,OK
2026-08-15T19:43:59.513837Z,2416,247.2,13214,OK,OK,OK
2026-08-15T19:44:05.015974Z,2500,247.2,13214,OK,OK,OK
2026-08-15T19:44:10.495412Z,2513,247.2,13214,OK,OK,OK
2026-08-15T19:44:16.028336Z,2515,247.2,13214,OK,OK,OK
2026-08-15T19:44:21.583874Z,2521,247.2,13214,OK,OK,OK
2026-08-15T19:44:27.118513Z,2514,247.2,13214,OK,OK,OK
2026-08-15T19:44:32.559316Z,2508,247.2,13214,OK,OK,OK
2026-08-15T19:44:38.134791Z,2514,247.2,13214,OK,OK,OK
2026-08-15T19:44:43.647651Z,2512,247.1,13214,OK,OK,OK
2026-08-15T19:44:49.149800Z,2491,247.1,13214,OK,OK,OK
2026-08-15T19:44:54.630571Z,2466,247.2,13214,OK,OK,OK
2026-08-15T19:45:00.153997Z,2467,247.0,13214,OK,OK,OK
2026-08-15T19:45:05.633441Z,2467,247.0,13214,OK,OK,OK
2026-08-15T19:45:11.148970Z,2466,247.0,13214,OK,OK,OK
2026-08-15T19:45:16.624304Z,2452,246.4,13214,OK,OK,OK
2026-08-15T19:45:22.149496Z,2449,246.4,13214,OK,OK,OK
2026-08-15T19:45:27.639676Z,2449,246.4,13214,OK,OK,OK
2026-08-15T19:45:33.130911Z,2452,246.5,13214,OK,OK,OK
2026-08-15T19:45:38.619734Z,2454,246.5,13214,OK,OK,OK
2026-08-15T19:45:44.138962Z,2454,246.5,13214,OK,OK,OK
2026-08-15T19:45:49.645051Z,2449,246.5,13214,OK,OK,OK
2026-08-15T19:45:55.167929Z,2448,246.5,13214,OK,OK,OK
2026-08-15T19:46:00.656042Z,2461,246.4,13214,OK,OK,OK
2026-08-15T19:46:06.177767Z,2487,246.4,13214,OK,OK,OK
2026-08-15T19:46:11.666796Z,2459,246.4,13214,OK,OK,OK
2026-08-15T19:46:17.203784Z,2442,245.8,13214,OK,OK,OK
2026-08-15T19:46:22.711991Z,2446,246.4,13214,OK,OK,OK
2026-08-15T19:46:28.178072Z,2450,246.4,13214,OK,OK,OK
2026-08-15T19:46:33.660577Z,2446,246.4,13214,OK,OK,OK
2026-08-15T19:46:39.198546Z,2451,246.5,13214,OK,OK,OK
2026-08-15T19:46:44.714935Z,2455,246.4,13214,OK,OK,OK
2026-08-15T19:46:50.231970Z,2464,246.4,13214,OK,OK,OK
2026-08-15T19:46:55.757865Z,2448,246.4,13214,OK,OK,OK
2026-08-15T19:47:01.257623Z,2450,246.4,13214,OK,OK,OK
2026-08-15T19:47:06.762315Z,2446,246.4,13214,OK,OK,OK
2026-08-15T19:47:12.281769Z,2461,246.4,13214,OK,OK,OK
2026-08-15T19:47:17.796034Z,2449,246.4,13214,OK,OK,OK
2026-08-15T19:47:23.273093Z,2450,246.4,13214,OK,OK,OK
2026-08-15T19:47:28.792842Z,2442,246.4,13214,OK,OK,OK
2026-08-15T19:47:34.278724Z,2440,246.4,13214,OK,OK,OK
2026-08-15T19:47:39.785230Z,2446,246.4,13214,OK,OK,OK
2026-08-15T19:47:45.296814Z,2440,246.0,13214,OK,OK,OK
2026-08-15T19:47:50.815729Z,2444,246.4,13214,OK,OK,OK
2026-08-15T19:47:56.276928Z,2446,246.4,13214,OK,OK,OK
2026-08-15T19:48:01.756757Z,2444,246.4,13214,OK,OK,OK
2026-08-15T19:48:07.254735Z,2452,246.4,13214,OK,OK,OK
2026-08-15T19:48:12.758546Z,2448,246.4,13214,OK,OK,OK
2026-08-15T19:48:18.251724Z,2452,246.4,13214,OK,OK,OK
2026-08-15T19:48:23.773732Z,2455,246.3,13214,OK,OK,OK
2026-08-15T19:48:29.292212Z,2458,246.4,13214,OK,OK,OK
2026-08-15T19:48:34.831492Z,2448,246.4,13214,OK,OK,OK
2026-08-15T19:48:40.311933Z,2463,246.4,13214,OK,OK,OK
2026-08-15T19:48:45.822453Z,2444,246.4,13214,OK,OK,OK
2026-08-15T19:48:51.324260Z,2452,246.4,13214,OK,OK,OK
2026-08-15T19:48:56.828825Z,2452,246.3,13214,OK,OK,OK
2026-08-15T19:49:02.340591Z,2454,246.4,13214,OK,OK,OK
2026-08-15T19:49:07.840757Z,2443,246.3,13214,OK,OK,OK
2026-08-15T19:49:13.308061Z,2447,246.3,13214,OK,OK,OK
2026-08-15T19:49:18.781625Z,2450,246.5,13214,OK,OK,OK
2026-08-15T19:49:24.278041Z,2448,246.5,13214,OK,OK,OK
2026-08-15T19:49:29.787408Z,2459,246.5,13214,OK,OK,OK
2026-08-15T19:49:35.290190Z,2457,246.5,13214,OK,OK,OK
2026-08-15T19:49:40.793791Z,2459,246.5,13214,OK,OK,OK
2026-08-15T19:49:46.286503Z,2456,246.5,13214,OK,OK,OK
2026-08-15T19:49:51.854687Z,2450,246.5,13214,OK,OK,OK
2026-08-15T19:49:57.346665Z,2458,246.7,13214,OK,OK,OK
2026-08-15T19:50:02.797179Z,2463,246.5,13214,OK,OK,OK
2026-08-15T19:50:08.309172Z,2450,246.5,13214,OK,OK,OK
2026-08-15T19:50:13.830702Z,2427,245.3,13214,OK,OK,OK
2026-08-15T19:50:19.353494Z,2442,245.8,13214,OK,OK,OK
2026-08-15T19:50:24.853426Z,2436,245.6,13214,OK,OK,OK
2026-08-15T19:50:30.375593Z,2439,245.4,13214,OK,OK,OK
2026-08-15T19:50:35.923069Z,2438,245.6,13214,OK,OK,OK
2026-08-15T19:50:41.432186Z,2436,245.6,13214,OK,OK,OK
2026-08-15T19:50:46.956909Z,2439,245.7,13214,OK,OK,OK
2026-08-15T19:50:52.458513Z,2439,245.8,13214,OK,OK,OK
2026-08-15T19:50:57.942696Z,2440,245.8,13214,OK,OK,OK
2026-08-15T19:51:03.424041Z,2442,245.9,13214,OK,OK,OK
2026-08-15T19:51:08.887103Z,2440,245.8,13214,OK,OK,OK
2026-08-15T19:51:14.399818Z,2440,245.7,13214,OK,OK,OK
2026-08-15T19:51:19.884232Z,2430,245.7,13214,OK,OK,OK
2026-08-15T19:51:25.371497Z,2438,245.7,13214,OK,OK,OK
2026-08-15T19:51:30.911618Z,2451,245.8,13214,OK,OK,OK
2026-08-15T19:51:36.465498Z,2435,245.7,13214,OK,OK,OK
2026-08-15T19:51:41.938919Z,2439,245.7,13214,OK,OK,OK
2026-08-15T19:51:47.477437Z,2445,245.7,13214,OK,OK,OK
2026-08-15T19:51:52.981242Z,2443,245.7,13214,OK,OK,OK
2026-08-15T19:51:58.487120Z,2444,245.7,13214,OK,OK,OK
2026-08-15T19:52:04.015059Z,2434,245.7,13214,OK,OK,OK
2026-08-15T19:52:09.498314Z,2453,245.7,13214,OK,OK,OK
2026-08-15T19:52:15.036148Z,4050,245.0,13214,OK,OK,OK
2026-08-15T19:52:20.521379Z,4064,245.0,13214,OK,OK,OK
2026-08-15T19:52:26.004128Z,4071,244.9,13214,OK,OK,OK
2026-08-15T19:52:31.513105Z,4051,244.9,12754,OK,OK,OK
2026-08-15T19:52:37.040787Z,4057,244.9,12754,OK,OK,OK
2026-08-15T19:52:42.602329Z,4028,245.1,12754,OK,OK,OK
2026-08-15T19:52:48.125047Z,4079,245.1,12754,OK,OK,OK
2026-08-15T19:52:53.636406Z,4074,245.1,12754,OK,OK,OK
2026-08-15T19:52:59.168408Z,4086,245.2,12754,OK,OK,OK
2026-08-15T19:53:04.665879Z,4080,245.1,12754,OK,OK,OK
2026-08-15T19:53:10.177913Z,4164,245.0,12754,OK,OK,OK
2026-08-15T19:53:15.697576Z,4159,245.0,12754,OK,OK,OK
2026-08-15T19:53:21.194095Z,4165,245.0,12754,OK,OK,OK
2026-08-15T19:53:26.714090Z,4196,245.1,12754,OK,OK,OK
2026-08-15T19:53:32.236260Z,4185,245.0,12754,OK,OK,OK
2026-08-15T19:53:37.735940Z,4166,245.0,12754,OK,OK,OK
2026-08-15T19:53:43.229361Z,4184,245.0,12754,OK,OK,OK
2026-08-15T19:53:48.718086Z,4158,245.0,12754,OK,OK,OK
2026-08-15T19:53:54.174209Z,4157,245.0,12754,OK,OK,OK
2026-08-15T19:53:59.686257Z,4173,245.1,12754,OK,OK,OK
2026-08-15T19:54:05.179278Z,4161,245.1,12754,OK,OK,OK
2026-08-15T19:54:10.665658Z,4169,245.0,12754,OK,OK,OK
2026-08-15T19:54:16.208741Z,4170,245.0,12754,OK,OK,OK
2026-08-15T19:54:21.727780Z,4165,245.1,12754,OK,OK,OK
2026-08-15T19:54:27.220276Z,4161,245.4,12754,OK,OK,OK
2026-08-15T19:54:32.720847Z,4151,245.4,12754,OK,OK,OK
2026-08-15T19:54:38.233756Z,4174,245.5,12754,OK,OK,OK
2026-08-15T19:54:43.742381Z,4171,245.3,12754,OK,OK,OK
2026-08-15T19:54:49.244711Z,4163,245.5,12754,OK,OK,OK
2026-08-15T19:54:54.779948Z,4163,245.4,12754,OK,OK,OK
2026-08-15T19:55:00.274096Z,4165,245.4,12754,OK,OK,OK
2026-08-15T19:55:05.792857Z,4170,245.4,12754,OK,OK,OK
2026-08-15T19:55:11.302488Z,4157,245.4,12754,OK,OK,OK
2026-08-15T19:55:16.822593Z,4168,245.4,12754,OK,OK,OK
2026-08-15T19:55:22.330642Z,4170,245.4,12754,OK,OK,OK
2026-08-15T19:55:27.782981Z,4177,245.3,12754,OK,OK,OK
2026-08-15T19:55:33.284666Z,4180,245.5,12754,OK,OK,OK
2026-08-15T19:55:38.816632Z,4181,245.3,12754,OK,OK,OK
2026-08-15T19:55:44.350446Z,4177,245.2,12754,OK,OK,OK
2026-08-15T19:55:49.831605Z,4196,245.2,12754,OK,OK,OK
2026-08-15T19:55:55.338540Z,4197,245.3,12754,OK,OK,OK
2026-08-15T19:56:00.815824Z,4204,245.4,12754,OK,OK,OK
2026-08-15T19:56:06.352414Z,4221,245.3,12754,OK,OK,OK
2026-08-15T19:56:11.826263Z,4208,245.2,12754,OK,OK,OK
2026-08-15T19:56:17.328521Z,4198,245.2,12754,OK,OK,OK
2026-08-15T19:56:22.810105Z,4196,245.2,12754,OK,OK,OK
2026-08-15T19:56:28.314154Z,4206,245.2,12754,OK,OK,OK
2026-08-15T19:56:33.806549Z,4202,245.2,12754,OK,OK,OK
2026-08-15T19:56:39.307405Z,4190,245.2,12754,OK,OK,OK
2026-08-15T19:56:44.817347Z,4191,245.1,12754,OK,OK,OK
2026-08-15T19:56:50.312839Z,4188,245.0,12754,OK,OK,OK
2026-08-15T19:56:55.808850Z,4190,245.2,12754,OK,OK,OK
2026-08-15T19:57:01.311867Z,4192,245.2,12754,OK,OK,OK
2026-08-15T19:57:06.847852Z,4203,245.2,12754,OK,OK,OK
2026-08-15T19:57:12.360611Z,4214,245.2,12754,OK,OK,OK
2026-08-15T19:57:17.917840Z,4201,245.0,12754,OK,OK,OK
2026-08-15T19:57:23.403760Z,4183,245.0,12754,OK,OK,OK
2026-08-15T19:57:28.910857Z,4181,245.2,12754,OK,OK,OK
2026-08-15T19:57:34.436190Z,4177,245.1,12754,OK,OK,OK
2026-08-15T19:57:39.949810Z,4176,245.0,12754,OK,OK,OK
2026-08-15T19:57:45.499917Z,4163,245.0,12754,OK,OK,OK
2026-08-15T19:57:50.973890Z,4173,245.0,12754,OK,OK,OK
2026-08-15T19:57:56.509333Z,4182,245.0,12754,OK,OK,OK
2026-08-15T19:58:02.018423Z,4186,245.0,12754,OK,OK,OK
2026-08-15T19:58:07.513732Z,4192,245.1,12754,OK,OK,OK
2026-08-15T19:58:13.053341Z,4196,245.3,12754,OK,OK,OK
2026-08-15T19:58:18.555447Z,4197,245.4,12754,OK,OK,OK
2026-08-15T19:58:24.094411Z,4194,245.3,12754,OK,OK,OK
2026-08-15T19:58:29.600342Z,4195,246.1,12754,OK,OK,OK
2026-08-15T19:58:35.068549Z,4204,245.9,12754,OK,OK,OK
2026-08-15T19:58:40.591207Z,4218,246.0,12754,OK,OK,OK
2026-08-15T19:58:46.103538Z,4202,245.8,12754,OK,OK,OK
2026-08-15T19:58:51.616718Z,4212,245.9,12754,OK,OK,OK
2026-08-15T19:58:57.085012Z,4206,245.8,12754,OK,OK,OK
2026-08-15T19:59:02.591199Z,4203,245.8,12754,OK,OK,OK
2026-08-15T19:59:08.057184Z,4201,245.8,12754,OK,OK,OK
2026-08-15T19:59:13.577947Z,4199,245.8,12754,OK,OK,OK
2026-08-15T19:59:19.101116Z,4198,245.7,12754,OK,OK,OK
2026-08-15T19:59:24.623097Z,4214,246.1,12754,OK,OK,OK
2026-08-15T19:59:30.114141Z,4227,246.1,12754,OK,OK,OK
2026-08-15T19:59:35.609288Z,2530,246.9,12754,OK,OK,OK
2026-08-15T19:59:41.131872Z,2539,246.9,12754,OK,OK,OK
2026-08-15T19:59:46.637818Z,2541,246.9,12754,OK,OK,OK
2026-08-15T19:59:52.153894Z,2545,246.9,12754,OK,OK,OK
2026-08-15T19:59:57.707859Z,2541,246.9,12754,OK,OK,OK
2026-08-15T20:00:03.227079Z,2543,247.2,12754,OK,OK,OK
2026-08-15T20:00:08.728803Z,2544,247.1,12754,OK,OK,OK
2026-08-15T20:00:14.195975Z,2544,247.2,12754,OK,OK,OK
2026-08-15T20:00:19.701084Z,2549,247.2,12754,OK,OK,OK
2026-08-15T20:00:25.207107Z,2546,247.2,12754,OK,OK,OK
2026-08-15T20:00:30.715325Z,2561,247.2,12754,OK,OK,OK
2026-08-15T20:00:36.218812Z,2574,247.2,12754,OK,OK,OK
2026-08-15T20:00:41.703360Z,2562,247.2,12754,OK,OK,OK
2026-08-15T20:00:47.239230Z,2545,247.2,12754,OK,OK,OK
2026-08-15T20:00:52.732375Z,2545,247.2,12754,OK,OK,OK
2026-08-15T20:00:58.234048Z,2544,247.2,12754,OK,OK,OK
2026-08-15T20:01:03.749111Z,2546,247.2,12754,OK,OK,OK
2026-08-15T20:01:09.270443Z,2549,247.2,12754,OK,OK,OK
2026-08-15T20:01:14.806344Z,2551,247.2,12754,OK,OK,OK
2026-08-15T20:01:20.284691Z,2546,247.2,12754,OK,OK,OK
2026-08-15T20:01:25.719856Z,2546,247.2,12754,OK,OK,OK
2026-08-15T20:01:31.258521Z,2543,247.2,12754,OK,OK,OK
2026-08-15T20:01:36.714416Z,2550,247.2,12754,OK,OK,OK
2026-08-15T20:01:42.259416Z,2547,247.3,12754,OK,OK,OK
2026-08-15T20:01:47.727343Z,2544,247.2,12754,OK,OK,OK
2026-08-15T20:01:53.236043Z,2550,247.2,12754,OK,OK,OK
2026-08-15T20:01:58.723581Z,2554,247.2,12754,OK,OK,OK
2026-08-15T20:02:04.214394Z,2543,247.2,12754,OK,OK,OK
2026-08-15T20:02:09.736167Z,2554,247.2,12754,OK,OK,OK
2026-08-15T20:02:15.243395Z,2547,247.2,12754,OK,OK,OK
2026-08-15T20:02:20.718590Z,2553,247.3,12754,OK,OK,OK
2026-08-15T20:02:26.229009Z,2543,247.2,12754,OK,OK,OK
2026-08-15T20:02:31.756429Z,2546,247.2,12754,OK,OK,OK
2026-08-15T20:02:37.271583Z,2544,247.3,12754,OK,OK,OK
2026-08-15T20:02:42.778057Z,2554,247.2,12754,OK,OK,OK
2026-08-15T20:02:48.258833Z,2540,247.0,12754,OK,OK,OK
2026-08-15T20:02:53.776045Z,2538,247.2,12754,OK,OK,OK
2026-08-15T20:02:59.290094Z,2541,247.2,12754,OK,OK,OK
2026-08-15T20:03:04.753377Z,2541,247.0,12754,OK,OK,OK
2026-08-15T20:03:10.218823Z,2540,247.0,12754,OK,OK,OK
2026-08-15T20:03:15.699064Z,2536,247.1,12754,OK,OK,OK
2026-08-15T20:03:21.195783Z,2537,247.0,12754,OK,OK,OK
2026-08-15T20:03:26.695276Z,2529,247.0,12754,OK,OK,OK
2026-08-15T20:03:32.235972Z,2537,247.0,12754,OK,OK,OK
2026-08-15T20:03:37.755594Z,2520,247.1,12754,OK,OK,OK
2026-08-15T20:03:43.259311Z,2539,247.1,12754,OK,OK,OK
2026-08-15T20:03:48.768490Z,2528,247.0,12754,OK,OK,OK
2026-08-15T20:03:54.251551Z,2539,247.0,12754,OK,OK,OK
2026-08-15T20:03:59.736259Z,2532,247.1,12754,OK,OK,OK
2026-08-15T20:04:05.243522Z,2536,247.1,12754,OK,OK,OK
2026-08-15T20:04:10.755640Z,2536,247.1,12754,OK,OK,OK
2026-08-15T20:04:16.294307Z,2541,247.0,12754,OK,OK,OK
2026-08-15T20:04:21.793244Z,2535,247.0,12754,OK,OK,OK
2026-08-15T20:04:27.256937Z,2549,247.1,12754,OK,OK,OK
2026-08-15T20:04:32.740009Z,2532,247.0,12754,OK,OK,OK
2026-08-15T20:04:38.203730Z,2541,247.0,12754,OK,OK,OK
2026-08-15T20:04:43.688789Z,2535,247.1,12754,OK,OK,OK
2026-08-15T20:04:49.214886Z,2534,247.0,12754,OK,OK,OK
2026-08-15T20:04:54.740911Z,2532,247.1,12754,OK,OK,OK
2026-08-15T20:05:00.227894Z,2537,247.1,12754,OK,OK,OK
2026-08-15T20:05:05.735728Z,2537,247.1,12754,OK,OK,OK
2026-08-15T20:05:11.207597Z,2535,247.0,12754,OK,OK,OK
2026-08-15T20:05:16.707031Z,2532,247.0,12754,OK,OK,OK
2026-08-15T20:05:22.206928Z,2530,246.9,12754,OK,OK,OK
2026-08-15T20:05:27.698587Z,2532,247.0,12754,OK,OK,OK
2026-08-15T20:05:33.207332Z,2533,247.1,12754,OK,OK,OK
2026-08-15T20:05:38.744576Z,2535,247.0,12754,OK,OK,OK
2026-08-15T20:05:44.232551Z,2543,247.1,12754,OK,OK,OK
2026-08-15T20:05:49.735672Z,2535,246.9,12754,OK,OK,OK
2026-08-15T20:05:55.236319Z,2530,246.9,12754,OK,OK,OK
2026-08-15T20:06:00.768665Z,2530,246.9,12754,OK,OK,OK
2026-08-15T20:06:06.212713Z,2565,247.1,12754,OK,OK,OK
2026-08-15T20:06:11.688562Z,2532,247.1,12754,OK,OK,OK
2026-08-15T20:06:17.171334Z,2528,247.1,12754,OK,OK,OK
2026-08-15T20:06:22.663939Z,2534,247.0,12754,OK,OK,OK
2026-08-15T20:06:28.156643Z,2527,246.9,12754,OK,OK,OK
2026-08-15T20:06:33.673824Z,2537,247.1,12754,OK,OK,OK
2026-08-15T20:06:39.226447Z,2530,247.0,12754,OK,OK,OK
2026-08-15T20:06:44.708955Z,2528,247.1,12754,OK,OK,OK
2026-08-15T20:06:50.223677Z,2537,246.9,12754,OK,OK,OK
2026-08-15T20:06:55.760938Z,2516,246.1,12754,OK,OK,OK
2026-08-15T20:07:01.284156Z,2532,246.6,12754,OK,OK,OK
2026-08-15T20:07:06.792173Z,2544,247.1,12754,OK,OK,OK
2026-08-15T20:07:12.312805Z,2541,247.0,12754,OK,OK,OK
2026-08-15T20:07:17.812663Z,2536,247.0,12754,OK,OK,OK
2026-08-15T20:07:23.292728Z,2536,247.0,12754,OK,OK,OK
2026-08-15T20:07:28.742352Z,2525,247.1,12754,OK,OK,OK
2026-08-15T20:07:34.212620Z,2521,246.4,12754,OK,OK,OK
2026-08-15T20:07:39.687854Z,2528,246.6,12754,OK,OK,OK
2026-08-15T20:07:45.196379Z,2540,246.5,12754,OK,OK,OK
2026-08-15T20:07:50.702183Z,2540,246.5,11483,OK,OK,OK
2026-08-15T20:07:56.173226Z,2528,246.1,11483,OK,OK,OK
2026-08-15T20:08:01.673907Z,2546,246.9,11483,OK,OK,OK
2026-08-15T20:08:07.191779Z,2535,245.9,11483,OK,OK,OK
2026-08-15T20:08:12.693814Z,2508,244.9,11483,OK,OK,OK
2026-08-15T20:08:18.216781Z,2495,244.5,11483,OK,OK,OK
2026-08-15T20:08:23.691817Z,2492,244.5,11483,OK,OK,OK
2026-08-15T20:08:29.227333Z,2492,244.5,11483,OK,OK,OK
2026-08-15T20:08:34.695863Z,2508,245.8,11483,OK,OK,OK
2026-08-15T20:08:40.199138Z,2536,247.1,11483,OK,OK,OK
2026-08-15T20:08:45.694989Z,2526,246.8,11483,OK,OK,OK
2026-08-15T20:08:51.182432Z,2528,247.0,11483,OK,OK,OK
2026-08-15T20:08:56.684811Z,2524,246.6,11483,OK,OK,OK
2026-08-15T20:09:02.148613Z,2509,245.5,11483,OK,OK,OK
2026-08-15T20:09:07.636652Z,2490,244.2,11483,OK,OK,OK
2026-08-15T20:09:13.131336Z,2480,243.7,11483,OK,OK,OK
2026-08-15T20:09:18.658849Z,2478,243.5,11483,OK,OK,OK
2026-08-15T20:09:24.154885Z,2480,243.6,11483,OK,OK,OK
2026-08-15T20:09:29.651569Z,2486,243.8,11483,OK,OK,OK
2026-08-15T20:09:35.141571Z,2492,244.0,11483,OK,OK,OK
2026-08-15T20:09:40.622746Z,2520,247.2,11483,OK,OK,OK
2026-08-15T20:09:46.112813Z,2536,247.1,11483,OK,OK,OK
2026-08-15T20:09:51.643345Z,2507,245.7,11483,OK,OK,OK
2026-08-15T20:09:57.139143Z,2498,245.5,11483,OK,OK,OK
2026-08-15T20:10:02.665565Z,2476,243.8,11483,OK,OK,OK
2026-08-15T20:10:08.141412Z,2490,243.4,11483,OK,OK,OK
2026-08-15T20:10:13.678642Z,2480,243.7,11483,OK,OK,OK
2026-08-15T20:10:19.169039Z,2491,244.4,11483,OK,OK,OK
2026-08-15T20:10:24.653940Z,2519,246.4,11483,OK,OK,OK
2026-08-15T20:10:30.132640Z,2518,246.2,11483,OK,OK,OK
2026-08-15T20:10:35.660421Z,2560,246.6,11483,OK,OK,OK
2026-08-15T20:10:41.132617Z,2525,246.5,11483,OK,OK,OK
2026-08-15T20:10:46.670537Z,2514,246.5,11483,OK,OK,OK
2026-08-15T20:10:52.129862Z,2519,246.8,11483,OK,OK,OK
2026-08-15T20:10:57.628769Z,2493,245.4,11483,OK,OK,OK
2026-08-15T20:11:03.093527Z,2500,244.7,11483,OK,OK,OK
2026-08-15T20:11:08.546501Z,2489,244.3,11483,OK,OK,OK
2026-08-15T20:11:14.090357Z,2462,242.7,11483,OK,OK,OK
2026-08-15T20:11:19.615966Z,2474,243.5,11483,OK,OK,OK
2026-08-15T20:11:25.135773Z,2453,242.7,11483,OK,OK,OK
2026-08-15T20:11:30.584400Z,2459,242.3,11483,OK,OK,OK
2026-08-15T20:11:36.128140Z,2460,242.4,11483,OK,OK,OK
2026-08-15T20:11:41.659763Z,2457,242.5,11483,OK,OK,OK
2026-08-15T20:11:47.159645Z,2458,242.5,11483,OK,OK,OK
2026-08-15T20:11:52.658887Z,2480,243.7,11483,OK,OK,OK
2026-08-15T20:11:58.184994Z,2492,244.9,11483,OK,OK,OK
2026-08-15T20:12:03.714175Z,2496,245.6,11483,OK,OK,OK
2026-08-15T20:12:09.200393Z,2507,246.1,11483,OK,OK,OK
2026-08-15T20:12:14.703157Z,2527,246.1,11483,OK,OK,OK
2026-08-15T20:12:20.212225Z,2521,245.9,11483,OK,OK,OK
2026-08-15T20:12:25.736517Z,2509,246.0,11483,OK,OK,OK
2026-08-15T20:12:31.260407Z,2509,246.0,11483,OK,OK,OK
2026-08-15T20:12:36.795197Z,2485,244.7,11483,OK,OK,OK
2026-08-15T20:12:42.305038Z,2479,243.9,11483,OK,OK,OK
2026-08-15T20:12:47.837415Z,2485,244.7,11483,OK,OK,OK
2026-08-15T20:12:53.366410Z,2482,244.4,11483,OK,OK,OK
2026-08-15T20:12:58.900166Z,2503,245.5,11483,OK,OK,OK
2026-08-15T20:13:04.392891Z,2509,246.0,11483,OK,OK,OK
2026-08-15T20:13:09.929632Z,2513,245.9,11483,OK,OK,OK
2026-08-15T20:13:15.422386Z,2507,246.1,11483,OK,OK,OK
2026-08-15T20:13:20.974001Z,2509,246.1,11483,OK,OK,OK
2026-08-15T20:13:26.509538Z,2503,246.0,11483,OK,OK,OK
2026-08-15T20:13:31.993698Z,2507,246.2,11483,OK,OK,OK
2026-08-15T20:13:37.483784Z,2502,246.0,11483,OK,OK,OK
2026-08-15T20:13:43.012778Z,2505,246.1,11483,OK,OK,OK
2026-08-15T20:13:48.501772Z,2505,245.9,11483,OK,OK,OK
2026-08-15T20:13:53.993527Z,2510,246.1,11483,OK,OK,OK
2026-08-15T20:13:59.507743Z,2502,246.1,11483,OK,OK,OK
2026-08-15T20:14:05.015119Z,2513,246.1,11483,OK,OK,OK
2026-08-15T20:14:10.477215Z,2499,246.1,11483,OK,OK,OK
2026-08-15T20:14:15.950182Z,2506,246.2,11483,OK,OK,OK
2026-08-15T20:14:21.443021Z,2507,246.0,11483,OK,OK,OK
2026-08-15T20:14:26.922289Z,2504,245.9,11483,OK,OK,OK
2026-08-15T20:14:32.402698Z,2504,245.9,11483,OK,OK,OK
2026-08-15T20:14:37.892225Z,2509,246.0,11483,OK,OK,OK
2026-08-15T20:14:43.423178Z,2508,245.9,11483,OK,OK,OK
2026-08-15T20:14:48.917544Z,2503,245.8,11483,OK,OK,OK
2026-08-15T20:14:54.438847Z,2505,246.0,11483,OK,OK,OK
2026-08-15T20:14:59.929968Z,2502,245.9,11483,OK,OK,OK
2026-08-15T20:15:05.455276Z,2506,246.0,11483,OK,OK,OK
2026-08-15T20:15:10.981534Z,2506,245.9,11483,OK,OK,OK
2026-08-15T20:15:16.506917Z,2512,246.0,11483,OK,OK,OK
2026-08-15T20:15:21.998804Z,2500,246.0,11483,OK,OK,OK
2026-08-15T20:15:27.484582Z,2499,245.9,11483,OK,OK,OK
2026-08-15T20:15:32.978768Z,2506,246.0,11483,OK,OK,OK
2026-08-15T20:15:38.475574Z,2513,246.2,11483,OK,OK,OK
2026-08-15T20:15:43.999122Z,2492,246.0,11483,OK,OK,OK
2026-08-15T20:15:49.534210Z,2510,246.1,11483,OK,OK,OK
2026-08-15T20:15:55.062566Z,4107,245.2,11483,OK,OK,OK
2026-08-15T20:16:00.572287Z,4089,245.3,11483,OK,OK,OK
2026-08-15T20:16:06.048126Z,4095,245.0,11483,OK,OK,OK
2026-08-15T20:16:11.565793Z,4089,245.1,11483,OK,OK,OK
2026-08-15T20:16:17.044142Z,4077,245.2,11483,OK,OK,OK
2026-08-15T20:16:22.564643Z,4080,245.2,11483,OK,OK,OK
2026-08-15T20:16:28.085818Z,4094,245.2,11483,OK,OK,OK
2026-08-15T20:16:33.591523Z,4118,245.2,11483,OK,OK,OK
2026-08-15T20:16:39.093643Z,4116,245.1,11483,OK,OK,OK
2026-08-15T20:16:44.641272Z,4120,245.1,11483,OK,OK,OK
2026-08-15T20:16:50.181917Z,4107,245.2,11483,OK,OK,OK
2026-08-15T20:16:55.694279Z,4103,245.2,11483,OK,OK,OK
2026-08-15T20:17:01.201104Z,4087,245.2,11483,OK,OK,OK
2026-08-15T20:17:06.706344Z,4123,245.2,11483,OK,OK,OK
2026-08-15T20:17:12.202723Z,4166,245.1,11483,OK,OK,OK
2026-08-15T20:17:17.744991Z,4135,245.3,11483,OK,OK,OK
2026-08-15T20:17:23.215286Z,4135,245.1,11483,OK,OK,OK
2026-08-15T20:17:28.757273Z,4135,245.1,11483,OK,OK,OK
2026-08-15T20:17:34.298922Z,4122,245.3,11483,OK,OK,OK
2026-08-15T20:17:39.811929Z,4123,244.9,11483,OK,OK,OK
2026-08-15T20:17:45.340801Z,4097,243.7,11483,OK,OK,OK
2026-08-15T20:17:50.832190Z,4093,243.0,11483,OK,OK,OK
2026-08-15T20:17:56.357144Z,4074,241.8,11483,OK,OK,OK
2026-08-15T20:18:01.820765Z,4070,241.4,11483,OK,OK,OK
2026-08-15T20:18:07.337185Z,4057,241.5,11483,OK,OK,OK
2026-08-15T20:18:12.840891Z,4059,241.6,11483,OK,OK,OK
2026-08-15T20:18:18.341152Z,4056,241.4,11483,OK,OK,OK
2026-08-15T20:18:23.803914Z,4051,241.2,11483,OK,OK,OK
2026-08-15T20:18:29.315765Z,4048,241.2,11483,OK,OK,OK
2026-08-15T20:18:34.816324Z,4054,241.4,11483,OK,OK,OK
2026-08-15T20:18:40.338688Z,4055,241.3,11483,OK,OK,OK
2026-08-15T20:18:45.832286Z,4057,241.2,11483,OK,OK,OK
2026-08-15T20:18:51.348133Z,4064,241.5,11483,OK,OK,OK
2026-08-15T20:18:56.873633Z,4082,242.3,11483,OK,OK,OK
2026-08-15T20:19:02.355151Z,4066,241.4,11483,OK,OK,OK
2026-08-15T20:19:07.840315Z,4071,241.2,11483,OK,OK,OK
2026-08-15T20:19:13.359675Z,4004,241.3,11483,OK,OK,OK
2026-08-15T20:19:18.845825Z,4000,241.3,11483,OK,OK,OK
2026-08-15T20:19:24.352567Z,3990,241.2,11483,OK,OK,OK
2026-08-15T20:19:29.887634Z,3997,241.9,11483,OK,OK,OK
2026-08-15T20:19:35.404388Z,3988,241.7,11483,OK,OK,OK
2026-08-15T20:19:40.889637Z,3977,241.8,11483,OK,OK,OK
2026-08-15T20:19:46.407194Z,3991,241.8,11483,OK,OK,OK
2026-08-15T20:19:51.900662Z,3982,241.7,11483,OK,OK,OK
2026-08-15T20:19:57.429049Z,3986,241.8,11483,OK,OK,OK
2026-08-15T20:20:02.913874Z,3983,241.7,11483,OK,OK,OK
2026-08-15T20:20:08.409782Z,3988,241.7,11483,OK,OK,OK
2026-08-15T20:20:13.941394Z,3991,241.7,11483,OK,OK,OK
2026-08-15T20:20:19.407195Z,3985,241.7,11483,OK,OK,OK
2026-08-15T20:20:24.915240Z,3980,241.7,11483,OK,OK,OK
2026-08-15T20:20:30.446049Z,3991,241.7,11483,OK,OK,OK
2026-08-15T20:20:35.948231Z,3981,241.8,11483,OK,OK,OK
2026-08-15T20:20:41.433810Z,3984,241.6,11483,OK,OK,OK
2026-08-15T20:20:46.959240Z,3982,241.7,11483,OK,OK,OK
2026-08-15T20:20:52.498928Z,3983,241.7,11483,OK,OK,OK
2026-08-15T20:20:57.991469Z,3986,242.0,11483,OK,OK,OK
2026-08-15T20:21:03.501753Z,3996,242.2,11483,OK,OK,OK
2026-08-15T20:21:09.007982Z,3991,242.2,11483,OK,OK,OK
2026-08-15T20:21:14.531239Z,3999,242.3,11483,OK,OK,OK
2026-08-15T20:21:20.063764Z,3992,242.2,11483,OK,OK,OK
2026-08-15T20:21:25.605521Z,3994,242.2,11483,OK,OK,OK
2026-08-15T20:21:31.106853Z,3994,242.2,11483,OK,OK,OK
2026-08-15T20:21:36.643499Z,4116,242.2,11483,OK,OK,OK
2026-08-15T20:21:42.141515Z,4119,242.2,11483,OK,OK,OK
2026-08-15T20:21:47.659635Z,4126,242.3,11483,OK,OK,OK
2026-08-15T20:21:53.163681Z,4113,242.3,11483,OK,OK,OK
2026-08-15T20:21:58.665456Z,4139,243.2,11483,OK,OK,OK
2026-08-15T20:22:04.157224Z,4153,244.2,11483,OK,OK,OK
2026-08-15T20:22:09.645622Z,4188,245.4,11483,OK,OK,OK
2026-08-15T20:22:15.135327Z,4173,245.3,11483,OK,OK,OK
2026-08-15T20:22:20.612761Z,4183,245.7,11483,OK,OK,OK
2026-08-15T20:22:26.157809Z,4199,245.7,11483,OK,OK,OK
2026-08-15T20:22:31.618731Z,4177,245.8,11483,OK,OK,OK
2026-08-15T20:22:37.128962Z,4174,245.9,11483,OK,OK,OK
2026-08-15T20:22:42.647277Z,4171,245.6,11483,OK,OK,OK
2026-08-15T20:22:48.253471Z,4184,245.8,11483,OK,OK,OK
2026-08-15T20:22:53.726533Z,4183,245.9,11483,OK,OK,OK
2026-08-15T20:22:59.250829Z,4067,246.0,11483,OK,OK,OK
2026-08-15T20:23:04.734819Z,4071,246.1,11483,OK,OK,OK
2026-08-15T20:23:10.236523Z,4091,246.1,12261,OK,OK,OK
2026-08-15T20:23:15.731614Z,4082,245.9,12261,OK,OK,OK
2026-08-15T20:23:21.230791Z,4074,245.9,12261,OK,OK,OK
2026-08-15T20:23:26.728515Z,4086,245.8,12261,OK,OK,OK
2026-08-15T20:23:32.232973Z,4078,246.2,12261,OK,OK,OK
2026-08-15T20:23:37.676737Z,4092,246.2,12261,OK,OK,OK
2026-08-15T20:23:43.235837Z,4077,246.2,12261,OK,OK,OK
2026-08-15T20:23:48.767466Z,4081,246.2,12261,OK,OK,OK
2026-08-15T20:23:54.277149Z,4080,246.2,12261,OK,OK,OK
2026-08-15T20:23:59.751589Z,4080,246.2,12261,OK,OK,OK
2026-08-15T20:24:05.261679Z,4084,246.2,12261,OK,OK,OK
2026-08-15T20:24:10.729715Z,4093,246.2,12261,OK,OK,OK
2026-08-15T20:24:16.254935Z,2452,246.9,12261,OK,OK,OK
2026-08-15T20:24:21.802559Z,2455,246.9,12261,OK,OK,OK
2026-08-15T20:24:27.319142Z,2447,246.9,12261,OK,OK,OK
2026-08-15T20:24:32.829048Z,2451,246.9,12261,OK,OK,OK
2026-08-15T20:24:38.328663Z,2455,246.9,12261,OK,OK,OK
2026-08-15T20:24:43.869802Z,2457,246.8,12261,OK,OK,OK
2026-08-15T20:24:49.381245Z,2458,246.9,12261,OK,OK,OK
2026-08-15T20:24:54.894973Z,2456,246.9,12261,OK,OK,OK
2026-08-15T20:25:00.387140Z,2441,246.8,12261,OK,OK,OK
2026-08-15T20:25:05.911527Z,2454,246.8,12261,OK,OK,OK
2026-08-15T20:25:11.385847Z,2444,246.9,12261,OK,OK,OK
2026-08-15T20:25:16.862188Z,2449,246.8,12261,OK,OK,OK
2026-08-15T20:25:22.372451Z,2447,246.8,12261,OK,OK,OK
2026-08-15T20:25:27.879208Z,2448,246.9,12261,OK,OK,OK
2026-08-15T20:25:33.399433Z,2443,246.9,12261,OK,OK,OK
2026-08-15T20:25:38.905651Z,2446,246.9,12261,OK,OK,OK
2026-08-15T20:25:44.393691Z,2460,246.9,12261,OK,OK,OK
2026-08-15T20:25:49.908843Z,2436,246.9,12261,OK,OK,OK
2026-08-15T20:25:55.418408Z,2437,246.8,12261,OK,OK,OK
2026-08-15T20:26:00.882998Z,2437,246.7,12261,OK,OK,OK
2026-08-15T20:26:06.374240Z,2464,246.7,12261,OK,OK,OK
2026-08-15T20:26:11.879232Z,2432,246.7,12261,OK,OK,OK
2026-08-15T20:26:17.348764Z,2434,246.8,12261,OK,OK,OK
2026-08-15T20:26:22.874752Z,2440,246.8,12261,OK,OK,OK
2026-08-15T20:26:28.341047Z,2435,246.7,12261,OK,OK,OK
2026-08-15T20:26:33.837613Z,2434,246.8,12261,OK,OK,OK
2026-08-15T20:26:39.336658Z,2427,246.7,12261,OK,OK,OK
2026-08-15T20:26:44.858204Z,2428,246.6,12261,OK,OK,OK
2026-08-15T20:26:50.349691Z,2426,246.6,12261,OK,OK,OK
2026-08-15T20:26:55.857730Z,2429,246.6,12261,OK,OK,OK
2026-08-15T20:27:01.360985Z,2428,246.6,12261,OK,OK,OK
2026-08-15T20:27:06.845619Z,2439,246.7,12261,OK,OK,OK
2026-08-15T20:27:12.364942Z,2442,246.7,12261,OK,OK,OK
2026-08-15T20:27:17.844691Z,2424,246.6,12261,OK,OK,OK
2026-08-15T20:27:23.378228Z,2427,246.7,12261,OK,OK,OK
2026-08-15T20:27:28.884449Z,2431,246.6,12261,OK,OK,OK
2026-08-15T20:27:34.386969Z,2435,246.7,12261,OK,OK,OK
2026-08-15T20:27:39.876699Z,2430,246.7,12261,OK,OK,OK
2026-08-15T20:27:45.365295Z,2448,246.7,12261,OK,OK,OK
2026-08-15T20:27:50.888362Z,2447,246.7,12261,OK,OK,OK
2026-08-15T20:27:56.360189Z,2432,246.6,12261,OK,OK,OK
2026-08-15T20:28:01.840792Z,2428,246.7,12261,OK,OK,OK
2026-08-15T20:28:07.365463Z,2432,246.7,12261,OK,OK,OK
2026-08-15T20:28:12.857341Z,2434,246.7,12261,OK,OK,OK
2026-08-15T20:28:18.366158Z,2431,246.8,12261,OK,OK,OK
2026-08-15T20:28:23.904409Z,2435,246.7,12261,OK,OK,OK
2026-08-15T20:28:29.428722Z,2431,246.7,12261,OK,OK,OK
2026-08-15T20:28:34.963387Z,2434,246.7,12261,OK,OK,OK
2026-08-15T20:28:40.454649Z,2431,246.7,12261,OK,OK,OK
2026-08-15T20:28:45.987258Z,2430,246.7,12261,OK,OK,OK
2026-08-15T20:28:51.495706Z,2442,246.7,12261,OK,OK,OK
2026-08-15T20:28:56.993080Z,2436,246.7,12261,OK,OK,OK
2026-08-15T20:29:02.480805Z,2440,246.7,12261,OK,OK,OK
2026-08-15T20:29:07.963245Z,2433,246.8,12261,OK,OK,OK
2026-08-15T20:29:13.447970Z,2431,246.7,12261,OK,OK,OK
2026-08-15T20:29:18.922397Z,2432,246.7,12261,OK,OK,OK
2026-08-15T20:29:24.418389Z,2437,246.7,12261,OK,OK,OK
2026-08-15T20:29:29.921180Z,2433,246.9,12261,OK,OK,OK
2026-08-15T20:29:35.435497Z,2434,246.9,12261,OK,OK,OK
2026-08-15T20:29:40.940137Z,2440,247.1,12261,OK,OK,OK
2026-08-15T20:29:46.468162Z,2432,246.9,12261,OK,OK,OK
2026-08-15T20:29:51.974058Z,2432,246.9,12261,OK,OK,OK
2026-08-15T20:29:57.487087Z,2433,247.0,12261,OK,OK,OK
2026-08-15T20:30:02.993899Z,2438,247.0,12261,OK,OK,OK
2026-08-15T20:30:08.502377Z,2429,247.0,12261,OK,OK,OK
2026-08-15T20:30:14.007832Z,2431,247.0,12261,OK,OK,OK
2026-08-15T20:30:19.505434Z,2429,247.0,12261,OK,OK,OK
2026-08-15T20:30:25.043580Z,2433,247.1,12261,OK,OK,OK
2026-08-15T20:30:30.586746Z,2432,247.0,12261,OK,OK,OK
2026-08-15T20:30:36.094229Z,2432,247.0,12261,OK,OK,OK
2026-08-15T20:30:41.598986Z,2439,247.0,12261,OK,OK,OK
2026-08-15T20:30:47.105625Z,2430,246.9,12261,OK,OK,OK
2026-08-15T20:30:52.588383Z,2435,246.9,12261,OK,OK,OK
2026-08-15T20:30:58.125382Z,2429,246.9,12261,OK,OK,OK
2026-08-15T20:31:03.640716Z,2436,246.9,12261,OK,OK,OK
2026-08-15T20:31:09.128014Z,2429,247.0,12261,OK,OK,OK
2026-08-15T20:31:14.679738Z,2430,246.9,12261,OK,OK,OK
2026-08-15T20:31:20.196388Z,2428,247.0,12261,OK,OK,OK
2026-08-15T20:31:25.701923Z,2427,247.0,12261,OK,OK,OK
2026-08-15T20:31:31.199278Z,2422,246.3,12261,OK,OK,OK
2026-08-15T20:31:36.694441Z,2417,246.2,12261,OK,OK,OK
2026-08-15T20:31:42.180130Z,2422,246.1,12261,OK,OK,OK
2026-08-15T20:31:47.677113Z,2414,246.0,12261,OK,OK,OK
2026-08-15T20:31:53.181633Z,2418,246.0,12261,OK,OK,OK
2026-08-15T20:31:58.699568Z,2419,246.0,12261,OK,OK,OK
2026-08-15T20:32:04.195290Z,2425,246.0,12261,OK,OK,OK
2026-08-15T20:32:09.689840Z,2420,246.0,12261,OK,OK,OK
2026-08-15T20:32:15.228759Z,2426,245.9,12261,OK,OK,OK
2026-08-15T20:32:20.748912Z,2413,245.9,12261,OK,OK,OK
2026-08-15T20:32:26.265006Z,2421,245.9,12261,OK,OK,OK
2026-08-15T20:32:31.758943Z,2414,245.9,12261,OK,OK,OK
2026-08-15T20:32:37.244369Z,2417,245.9,12261,OK,OK,OK
2026-08-15T20:32:42.737820Z,2417,245.9,12261,OK,OK,OK
2026-08-15T20:32:48.207548Z,2415,245.7,12261,OK,OK,OK
2026-08-15T20:32:53.729837Z,2421,245.7,12261,OK,OK,OK
2026-08-15T20:32:59.215801Z,2415,245.7,12261,OK,OK,OK
2026-08-15T20:33:04.713072Z,2413,246.0,12261,OK,OK,OK
2026-08-15T20:33:10.284725Z,2417,245.8,12261,OK,OK,OK
2026-08-15T20:33:15.815781Z,2414,246.0,12261,OK,OK,OK
2026-08-15T20:33:21.300876Z,2417,246.0,12261,OK,OK,OK
2026-08-15T20:33:26.790678Z,2410,246.0,12261,OK,OK,OK
2026-08-15T20:33:32.283880Z,2411,245.7,12261,OK,OK,OK
2026-08-15T20:33:37.771035Z,2391,244.1,12261,OK,OK,OK
2026-08-15T20:33:43.295182Z,2404,245.0,12261,OK,OK,OK
2026-08-15T20:33:48.817117Z,2408,245.7,12261,OK,OK,OK
2026-08-15T20:33:54.340660Z,2414,245.8,12261,OK,OK,OK
2026-08-15T20:33:59.850553Z,2418,246.0,12261,OK,OK,OK
2026-08-15T20:34:05.361042Z,2420,245.7,12261,OK,OK,OK
2026-08-15T20:34:10.891890Z,2411,245.7,12261,OK,OK,OK
2026-08-15T20:34:16.428676Z,2424,245.9,12261,OK,OK,OK
2026-08-15T20:34:21.954204Z,2418,245.8,12261,OK,OK,OK
2026-08-15T20:34:27.455502Z,2417,245.9,12261,OK,OK,OK
2026-08-15T20:34:32.946967Z,2412,245.9,12261,OK,OK,OK
2026-08-15T20:34:38.467766Z,2415,245.7,12261,OK,OK,OK
2026-08-15T20:34:44.008032Z,2413,245.7,12261,OK,OK,OK
2026-08-15T20:34:49.482508Z,2417,245.7,12261,OK,OK,OK
2026-08-15T20:34:54.983178Z,2411,245.7,12261,OK,OK,OK
2026-08-15T20:35:00.476231Z,2413,245.7,12261,OK,OK,OK
2026-08-15T20:35:05.958457Z,2417,245.7,12261,OK,OK,OK
2026-08-15T20:35:11.452145Z,2413,245.7,12261,OK,OK,OK
2026-08-15T20:35:16.976343Z,2415,245.7,12261,OK,OK,OK
2026-08-15T20:35:22.475266Z,2415,245.6,12261,OK,OK,OK
2026-08-15T20:35:27.956516Z,2408,245.6,12261,OK,OK,OK
2026-08-15T20:35:33.450763Z,2412,245.6,12261,OK,OK,OK
2026-08-15T20:35:38.961593Z,2409,245.6,12261,OK,OK,OK
2026-08-15T20:35:44.463403Z,2417,245.5,12261,OK,OK,OK
2026-08-15T20:35:49.957951Z,2574,245.5,12261,OK,OK,OK
2026-08-15T20:35:55.484326Z,2508,245.5,12261,OK,OK,OK
2026-08-15T20:36:00.972570Z,2508,245.5,12261,OK,OK,OK
2026-08-15T20:36:06.496934Z,2518,245.5,12261,OK,OK,OK
2026-08-15T20:36:11.985541Z,2525,245.5,12261,OK,OK,OK
2026-08-15T20:36:17.510065Z,2510,245.5,12261,OK,OK,OK
2026-08-15T20:36:22.993768Z,2525,245.6,12261,OK,OK,OK
2026-08-15T20:36:28.491161Z,2520,245.5,12261,OK,OK,OK
2026-08-15T20:36:33.938852Z,2513,245.4,12261,OK,OK,OK
2026-08-15T20:36:39.428642Z,2522,245.4,12261,OK,OK,OK
2026-08-15T20:36:44.908669Z,2518,245.5,12261,OK,OK,OK
2026-08-15T20:36:50.411020Z,2511,245.4,12261,OK,OK,OK
2026-08-15T20:36:55.905484Z,2506,245.4,12261,OK,OK,OK
2026-08-15T20:37:01.400150Z,2507,245.2,12261,OK,OK,OK
2026-08-15T20:37:06.899207Z,2512,245.2,12261,OK,OK,OK
2026-08-15T20:37:12.417212Z,2518,245.3,12261,OK,OK,OK
2026-08-15T20:37:17.940562Z,2504,245.4,12261,OK,OK,OK
2026-08-15T20:37:23.435302Z,2504,245.4,12261,OK,OK,OK
2026-08-15T20:37:28.909651Z,2501,245.4,12261,OK,OK,OK
2026-08-15T20:37:34.433999Z,2497,245.4,12261,OK,OK,OK
2026-08-15T20:37:39.955731Z,2497,245.4,12261,OK,OK,OK
2026-08-15T20:37:45.475342Z,2495,245.5,12261,OK,OK,OK
2026-08-15T20:37:50.966701Z,2496,245.5,12261,OK,OK,OK
2026-08-15T20:37:56.502998Z,2498,245.5,12261,OK,OK,OK
2026-08-15T20:38:01.994675Z,2488,245.5,12261,OK,OK,OK
2026-08-15T20:38:07.479354Z,2496,245.4,12261,OK,OK,OK
2026-08-15T20:38:13.002841Z,2490,245.4,12261,OK,OK,OK
2026-08-15T20:38:18.512208Z,2488,245.4,12261,OK,OK,OK
2026-08-15T20:38:24.021958Z,2490,245.5,12261,OK,OK,OK
2026-08-15T20:38:29.519575Z,2488,245.5,11097,OK,OK,OK
2026-08-15T20:38:35.030921Z,4083,244.7,11097,OK,OK,OK
2026-08-15T20:38:40.554256Z,4068,244.7,11097,OK,OK,OK
2026-08-15T20:38:46.071242Z,4101,244.6,11097,OK,OK,OK
2026-08-15T20:38:51.585540Z,4094,244.6,11097,OK,OK,OK
2026-08-15T20:38:57.085577Z,4085,244.6,11097,OK,OK,OK
2026-08-15T20:39:02.590483Z,4090,244.5,11097,OK,OK,OK
2026-08-15T20:39:08.123038Z,4111,244.2,11097,OK,OK,OK
2026-08-15T20:39:13.636304Z,4099,244.3,11097,OK,OK,OK
2026-08-15T20:39:19.157024Z,4117,244.3,11097,OK,OK,OK
2026-08-15T20:39:24.711690Z,4113,244.3,11097,OK,OK,OK
2026-08-15T20:39:30.204850Z,4096,244.3,11097,OK,OK,OK
2026-08-15T20:39:35.689959Z,4087,244.5,11097,OK,OK,OK
2026-08-15T20:39:41.181070Z,4089,244.5,11097,OK,OK,OK
2026-08-15T20:39:46.705555Z,4126,244.5,11097,OK,OK,OK
2026-08-15T20:39:52.199014Z,4133,245.2,11097,OK,OK,OK
2026-08-15T20:39:57.760020Z,4117,245.2,11097,OK,OK,OK
2026-08-15T20:40:03.276197Z,4107,245.1,11097,OK,OK,OK
2026-08-15T20:40:08.780023Z,4110,245.1,11097,OK,OK,OK
2026-08-15T20:40:14.283220Z,4107,245.2,11097,OK,OK,OK
2026-08-15T20:40:19.782591Z,4106,245.0,11097,OK,OK,OK
2026-08-15T20:40:25.288293Z,4126,245.1,11097,OK,OK,OK
2026-08-15T20:40:30.749139Z,4129,245.0,11097,OK,OK,OK
2026-08-15T20:40:36.247058Z,4150,245.0,11097,OK,OK,OK
2026-08-15T20:40:41.740280Z,4132,244.9,11097,OK,OK,OK
2026-08-15T20:40:47.251122Z,4136,244.9,11097,OK,OK,OK
2026-08-15T20:40:52.774037Z,4132,244.9,11097,OK,OK,OK
2026-08-15T20:40:58.221792Z,4126,245.1,11097,OK,OK,OK
2026-08-15T20:41:03.738823Z,4123,244.9,11097,OK,OK,OK
2026-08-15T20:41:09.233292Z,4128,244.9,11097,OK,OK,OK
2026-08-15T20:41:14.716592Z,4133,245.1,11097,OK,OK,OK
2026-08-15T20:41:20.215238Z,4142,245.2,11097,OK,OK,OK
2026-08-15T20:41:25.704027Z,4140,245.3,11097,OK,OK,OK
2026-08-15T20:41:31.196627Z,4142,245.2,11097,OK,OK,OK
2026-08-15T20:41:36.722521Z,4151,245.3,11097,OK,OK,OK
2026-08-15T20:41:42.208919Z,4161,245.3,11097,OK,OK,OK
2026-08-15T20:41:47.702385Z,4152,245.3,11097,OK,OK,OK
2026-08-15T20:41:53.227286Z,4150,245.4,11097,OK,OK,OK
2026-08-15T20:41:58.729120Z,4160,245.4,11097,OK,OK,OK
2026-08-15T20:42:04.198284Z,4154,245.4,11097,OK,OK,OK
2026-08-15T20:42:09.699418Z,4141,245.2,11097,OK,OK,OK
2026-08-15T20:42:15.222598Z,4144,245.2,11097,OK,OK,OK
2026-08-15T20:42:20.710422Z,4140,245.3,11097,OK,OK,OK
2026-08-15T20:42:26.241038Z,4152,245.3,11097,OK,OK,OK
2026-08-15T20:42:31.779683Z,4146,245.3,11097,OK,OK,OK
2026-08-15T20:42:37.287881Z,4148,245.3,11097,OK,OK,OK
2026-08-15T20:42:42.818105Z,4135,245.3,11097,OK,OK,OK
2026-08-15T20:42:48.348329Z,4142,245.2,11097,OK,OK,OK
2026-08-15T20:42:53.868695Z,4147,245.3,11097,OK,OK,OK
2026-08-15T20:42:59.341208Z,4144,245.3,11097,OK,OK,OK
2026-08-15T20:43:04.824076Z,4135,245.2,11097,OK,OK,OK
2026-08-15T20:43:10.320955Z,4136,245.0,11097,OK,OK,OK
2026-08-15T20:43:15.813229Z,4140,245.3,11097,OK,OK,OK
2026-08-15T20:43:21.324299Z,4136,245.2,11097,OK,OK,OK
2026-08-15T20:43:26.853904Z,4136,245.2,11097,OK,OK,OK
2026-08-15T20:43:32.329320Z,4132,244.5,11097,OK,OK,OK
2026-08-15T20:43:37.832622Z,4127,244.8,11097,OK,OK,OK
2026-08-15T20:43:43.310179Z,4133,245.1,11097,OK,OK,OK
2026-08-15T20:43:48.848312Z,4141,245.3,11097,OK,OK,OK
2026-08-15T20:43:54.319842Z,4150,245.3,11097,OK,OK,OK
2026-08-15T20:43:59.841246Z,4145,245.3,11097,OK,OK,OK
2026-08-15T20:44:05.299416Z,4144,245.3,11097,OK,OK,OK
2026-08-15T20:44:10.798987Z,4139,245.2,11097,OK,OK,OK
2026-08-15T20:44:16.279987Z,4150,245.3,11097,OK,OK,OK
2026-08-15T20:44:21.799626Z,4144,245.2,11097,OK,OK,OK
2026-08-15T20:44:27.304949Z,4136,244.7,11097,OK,OK,OK
2026-08-15T20:44:32.805425Z,4146,245.2,11097,OK,OK,OK
2026-08-15T20:44:38.308203Z,4146,245.2,11097,OK,OK,OK
2026-08-15T20:44:43.811553Z,4149,245.5,11097,OK,OK,OK
2026-08-15T20:44:49.288884Z,4153,245.3,11097,OK,OK,OK
2026-08-15T20:44:54.785520Z,4146,245.2,11097,OK,OK,OK
2026-08-15T20:45:00.310170Z,4144,245.2,11097,OK,OK,OK
2026-08-15T20:45:05.802728Z,4141,245.2,11097,OK,OK,OK
2026-08-15T20:45:11.348217Z,4147,245.2,11097,OK,OK,OK
2026-08-15T20:45:16.882269Z,4142,245.2,11097,OK,OK,OK
2026-08-15T20:45:22.356418Z,4159,245.2,11097,OK,OK,OK
2026-08-15T20:45:27.879639Z,4144,245.2,11097,OK,OK,OK
2026-08-15T20:45:33.394233Z,4148,245.2,11097,OK,OK,OK
2026-08-15T20:45:38.898447Z,4150,245.1,11097,OK,OK,OK
2026-08-15T20:45:44.396815Z,4155,245.1,11097,OK,OK,OK
2026-08-15T20:45:49.933109Z,4147,245.1,11097,OK,OK,OK
2026-08-15T20:45:55.452335Z,4142,245.0,11097,OK,OK,OK
2026-08-15T20:46:00.961950Z,4149,245.1,11097,OK,OK,OK
2026-08-15T20:46:06.482526Z,4149,245.2,11097,OK,OK,OK
2026-08-15T20:46:12.003281Z,4150,245.4,11097,OK,OK,OK
2026-08-15T20:46:17.533949Z,4148,245.3,11097,OK,OK,OK
2026-08-15T20:46:23.038837Z,4148,245.3,11097,OK,OK,OK
2026-08-15T20:46:28.549720Z,4138,245.2,11097,OK,OK,OK
2026-08-15T20:46:34.055332Z,4140,245.3,11097,OK,OK,OK
2026-08-15T20:46:39.563038Z,4132,244.9,11097,OK,OK,OK
2026-08-15T20:46:45.062388Z,4142,245.0,11097,OK,OK,OK
2026-08-15T20:46:50.561809Z,4115,243.6,11097,OK,OK,OK
2026-08-15T20:46:56.058311Z,4095,242.4,11097,OK,OK,OK
2026-08-15T20:47:01.567735Z,4100,242.6,11097,OK,OK,OK
2026-08-15T20:47:07.097655Z,4110,242.7,11097,OK,OK,OK
2026-08-15T20:47:12.652301Z,4112,242.6,11097,OK,OK,OK
2026-08-15T20:47:18.169169Z,4120,243.8,11097,OK,OK,OK
2026-08-15T20:47:23.648915Z,4133,244.4,11097,OK,OK,OK
2026-08-15T20:47:29.146081Z,4138,244.8,11097,OK,OK,OK
2026-08-15T20:47:34.647530Z,2504,245.8,11097,OK,OK,OK
2026-08-15T20:47:40.160936Z,2498,245.8,11097,OK,OK,OK
2026-08-15T20:47:45.661292Z,2504,245.8,11097,OK,OK,OK
2026-08-15T20:47:51.154487Z,2517,245.8,11097,OK,OK,OK
2026-08-15T20:47:56.663949Z,2504,246.0,11097,OK,OK,OK
2026-08-15T20:48:02.168934Z,2512,246.0,11097,OK,OK,OK
2026-08-15T20:48:07.631772Z,2503,246.0,11097,OK,OK,OK
2026-08-15T20:48:13.107890Z,2506,246.0,11097,OK,OK,OK
2026-08-15T20:48:18.616133Z,2505,246.0,11097,OK,OK,OK
2026-08-15T20:48:24.110444Z,2501,246.0,11097,OK,OK,OK
2026-08-15T20:48:29.621996Z,2506,246.0,11097,OK,OK,OK
2026-08-15T20:48:35.123096Z,2504,246.0,11097,OK,OK,OK
2026-08-15T20:48:40.617155Z,2507,246.0,11097,OK,OK,OK
2026-08-15T20:48:46.134921Z,2506,246.1,11097,OK,OK,OK
2026-08-15T20:48:51.569481Z,2505,246.1,11097,OK,OK,OK
2026-08-15T20:48:57.090589Z,2498,246.1,11097,OK,OK,OK
2026-08-15T20:49:02.617512Z,2507,246.1,11097,OK,OK,OK
2026-08-15T20:49:08.112249Z,2505,246.1,11097,OK,OK,OK
2026-08-15T20:49:13.609548Z,2526,245.9,11097,OK,OK,OK
2026-08-15T20:49:19.128221Z,2499,246.0,11097,OK,OK,OK
2026-08-15T20:49:24.623239Z,2504,246.0,11097,OK,OK,OK
2026-08-15T20:49:30.132517Z,2499,246.0,11097,OK,OK,OK
2026-08-15T20:49:35.600470Z,2494,246.1,11097,OK,OK,OK
2026-08-15T20:49:41.104285Z,2506,246.1,11097,OK,OK,OK
2026-08-15T20:49:46.597691Z,2502,246.0,11097,OK,OK,OK
2026-08-15T20:49:52.121669Z,2505,246.1,11097,OK,OK,OK
2026-08-15T20:49:57.635979Z,2505,245.9,11097,OK,OK,OK
2026-08-15T20:50:03.137010Z,2502,246.0,11097,OK,OK,OK
2026-08-15T20:50:08.637874Z,2511,246.0,11097,OK,OK,OK
2026-08-15T20:50:14.158731Z,2507,246.1,11097,OK,OK,OK
2026-08-15T20:50:19.669824Z,2512,246.1,11097,OK,OK,OK
2026-08-15T20:50:25.204478Z,2507,246.0,11097,OK,OK,OK
2026-08-15T20:50:30.679064Z,2506,246.1,11097,OK,OK,OK
2026-08-15T20:50:36.190035Z,2505,246.0,11097,OK,OK,OK
2026-08-15T20:50:41.699885Z,2514,246.2,11097,OK,OK,OK
2026-08-15T20:50:47.171670Z,2509,246.2,11097,OK,OK,OK
2026-08-15T20:50:52.637222Z,2510,246.2,11097,OK,OK,OK
2026-08-15T20:50:58.150219Z,2503,245.9,11097,OK,OK,OK
2026-08-15T20:51:03.617600Z,2489,245.2,11097,OK,OK,OK
2026-08-15T20:51:09.122177Z,2469,243.9,11097,OK,OK,OK
2026-08-15T20:51:14.634794Z,2474,244.1,11097,OK,OK,OK
2026-08-15T20:51:20.150982Z,2474,243.9,11097,OK,OK,OK
2026-08-15T20:51:25.663054Z,2472,244.2,11097,OK,OK,OK
2026-08-15T20:51:31.152858Z,2472,244.1,11097,OK,OK,OK
2026-08-15T20:51:36.643723Z,2469,243.8,11097,OK,OK,OK
2026-08-15T20:51:42.109397Z,2472,243.9,11097,OK,OK,OK
2026-08-15T20:51:47.605462Z,2462,243.7,11097,OK,OK,OK
2026-08-15T20:51:53.075545Z,2443,242.4,11097,OK,OK,OK
2026-08-15T20:51:58.582634Z,2451,243.0,11097,OK,OK,OK
2026-08-15T20:52:04.088713Z,2468,243.4,11097,OK,OK,OK
2026-08-15T20:52:09.591474Z,2469,244.1,11097,OK,OK,OK
2026-08-15T20:52:15.084032Z,2479,243.7,11097,OK,OK,OK
2026-08-15T20:52:20.574212Z,2447,242.1,11097,OK,OK,OK
2026-08-15T20:52:26.057887Z,2445,242.2,11097,OK,OK,OK
2026-08-15T20:52:31.543138Z,2445,242.3,11097,OK,OK,OK
2026-08-15T20:52:37.004516Z,2448,242.4,11097,OK,OK,OK
2026-08-15T20:52:42.474843Z,2463,243.7,11097,OK,OK,OK
2026-08-15T20:52:47.969370Z,2466,243.9,11097,OK,OK,OK
2026-08-15T20:52:53.423502Z,2466,244.0,11097,OK,OK,OK
2026-08-15T20:52:58.922889Z,2470,244.0,11097,OK,OK,OK
2026-08-15T20:53:04.383779Z,2472,243.8,11097,OK,OK,OK
2026-08-15T20:53:09.907420Z,2475,243.3,11097,OK,OK,OK
2026-08-15T20:53:15.380762Z,2468,243.9,11097,OK,OK,OK
2026-08-15T20:53:20.902475Z,2464,244.1,11097,OK,OK,OK
2026-08-15T20:53:26.404878Z,2468,244.1,11097,OK,OK,OK
2026-08-15T20:53:31.937178Z,2470,244.0,11097,OK,OK,OK
2026-08-15T20:53:37.433789Z,2464,243.8,11097,OK,OK,OK
2026-08-15T20:53:42.940083Z,2472,244.0,11097,OK,OK,OK
2026-08-15T20:53:48.465016Z,2469,243.9,9904,OK,OK,OK
2026-08-15T20:53:53.990284Z,2454,243.4,9904,OK,OK,OK
2026-08-15T20:53:59.481868Z,2460,244.0,9904,OK,OK,OK
2026-08-15T20:54:04.965293Z,2467,244.0,9904,OK,OK,OK
2026-08-15T20:54:10.499670Z,2470,244.0,9904,OK,OK,OK
2026-08-15T20:54:16.029244Z,2476,244.2,9904,OK,OK,OK
2026-08-15T20:54:21.518175Z,2474,244.2,9904,OK,OK,OK
2026-08-15T20:54:27.060317Z,2468,244.2,9904,OK,OK,OK
2026-08-15T20:54:32.575316Z,2467,244.1,9904,OK,OK,OK
2026-08-15T20:54:38.061867Z,2472,244.3,9904,OK,OK,OK
2026-08-15T20:54:43.579448Z,2473,244.1,9904,OK,OK,OK
2026-08-15T20:54:49.115691Z,2464,244.2,9904,OK,OK,OK
2026-08-15T20:54:54.595256Z,2472,244.3,9904,OK,OK,OK
2026-08-15T20:55:00.114891Z,2465,244.2,9904,OK,OK,OK
2026-08-15T20:55:05.622466Z,2473,244.0,9904,OK,OK,OK
2026-08-15T20:55:11.154493Z,2463,244.0,9904,OK,OK,OK
2026-08-15T20:55:16.681326Z,2464,244.0,9904,OK,OK,OK
2026-08-15T20:55:22.216098Z,2470,244.0,9904,OK,OK,OK
2026-08-15T20:55:27.731785Z,2474,244.0,9904,OK,OK,OK
2026-08-15T20:55:33.256737Z,2473,244.0,9904,OK,OK,OK
2026-08-15T20:55:38.740588Z,2487,244.0,9904,OK,OK,OK
2026-08-15T20:55:44.240504Z,2483,243.8,9904,OK,OK,OK
2026-08-15T20:55:49.742154Z,2498,244.0,9904,OK,OK,OK
2026-08-15T20:55:55.260503Z,2482,244.0,9904,OK,OK,OK
2026-08-15T20:56:00.716807Z,2486,244.0,9904,OK,OK,OK
2026-08-15T20:56:06.188755Z,2485,244.0,9904,OK,OK,OK
2026-08-15T20:56:11.686067Z,2483,244.2,9904,OK,OK,OK
2026-08-15T20:56:17.246001Z,2480,244.1,9904,OK,OK,OK
2026-08-15T20:56:22.715144Z,2486,244.0,9904,OK,OK,OK
2026-08-15T20:56:28.197419Z,2517,244.1,9904,OK,OK,OK
2026-08-15T20:56:33.709861Z,2476,244.0,9904,OK,OK,OK
2026-08-15T20:56:39.216378Z,2475,244.1,9904,OK,OK,OK
2026-08-15T20:56:44.754039Z,2478,244.1,9904,OK,OK,OK
2026-08-15T20:56:50.237862Z,2483,244.0,9904,OK,OK,OK
2026-08-15T20:56:55.705353Z,2481,244.0,9904,OK,OK,OK
2026-08-15T20:57:01.184317Z,2479,244.0,9904,OK,OK,OK
2026-08-15T20:57:06.670422Z,2477,244.0,9904,OK,OK,OK
2026-08-15T20:57:12.160177Z,2479,244.0,9904,OK,OK,OK
2026-08-15T20:57:17.646376Z,2474,244.1,9904,OK,OK,OK
2026-08-15T20:57:23.116761Z,2492,244.1,9904,OK,OK,OK
2026-08-15T20:57:28.637032Z,2480,244.2,9904,OK,OK,OK
2026-08-15T20:57:34.145653Z,2477,244.2,9904,OK,OK,OK
2026-08-15T20:57:39.657173Z,2485,244.0,9904,OK,OK,OK
2026-08-15T20:57:45.121787Z,2484,244.0,9904,OK,OK,OK
2026-08-15T20:57:50.671869Z,2487,244.1,9904,OK,OK,OK
2026-08-15T20:57:56.165844Z,2473,244.2,9904,OK,OK,OK
2026-08-15T20:58:01.698793Z,2481,244.1,9904,OK,OK,OK
2026-08-15T20:58:07.190342Z,2487,244.1,9904,OK,OK,OK
2026-08-15T20:58:12.690337Z,2521,244.2,9904,OK,OK,OK
2026-08-15T20:58:18.141685Z,2464,244.1,9904,OK,OK,OK
2026-08-15T20:58:23.623482Z,2482,244.1,9904,OK,OK,OK
2026-08-15T20:58:29.121544Z,2469,244.1,9904,OK,OK,OK
2026-08-15T20:58:34.671420Z,2493,244.0,9904,OK,OK,OK
2026-08-15T20:58:40.164850Z,2464,244.1,9904,OK,OK,OK
2026-08-15T20:58:45.671867Z,2467,244.1,9904,OK,OK,OK
2026-08-15T20:58:51.193779Z,2466,244.1,9904,OK,OK,OK
2026-08-15T20:58:56.700054Z,2468,244.1,9904,OK,OK,OK
2026-08-15T20:59:02.205419Z,2468,244.0,9904,OK,OK,OK
2026-08-15T20:59:07.708099Z,2472,243.9,9904,OK,OK,OK
2026-08-15T20:59:13.206013Z,2450,243.9,9904,OK,OK,OK
2026-08-15T20:59:18.729062Z,2463,243.9,9904,OK,OK,OK
2026-08-15T20:59:24.228866Z,2460,244.0,9904,OK,OK,OK
2026-08-15T20:59:29.741644Z,2446,243.9,9904,OK,OK,OK
2026-08-15T20:59:35.258727Z,2460,243.9,9904,OK,OK,OK
2026-08-15T20:59:40.798461Z,2464,243.9,9904,OK,OK,OK
2026-08-15T20:59:46.315821Z,2467,244.1,9904,OK,OK,OK
2026-08-15T20:59:51.830303Z,2467,244.0,9904,OK,OK,OK
2026-08-15T20:59:57.347222Z,2463,243.9,9904,OK,OK,OK
2026-08-15T21:00:02.887755Z,2451,243.9,9904,OK,OK,OK
2026-08-15T21:00:08.392451Z,2463,243.9,9904,OK,OK,OK
2026-08-15T21:00:13.910855Z,2466,244.5,9904,OK,OK,OK
2026-08-15T21:00:19.410884Z,2460,244.5,9904,OK,OK,OK
2026-08-15T21:00:24.914316Z,2466,244.5,9904,OK,OK,OK
2026-08-15T21:00:30.422192Z,2470,244.6,9904,OK,OK,OK
2026-08-15T21:00:35.955443Z,3982,244.0,9904,OK,OK,OK
2026-08-15T21:00:41.469154Z,4086,243.9,9904,OK,OK,OK
2026-08-15T21:00:46.978628Z,4072,243.9,9904,OK,OK,OK
2026-08-15T21:00:52.491891Z,4060,243.9,9904,OK,OK,OK
2026-08-15T21:00:58.014757Z,4070,244.1,9904,OK,OK,OK
2026-08-15T21:01:03.524321Z,4066,244.1,9904,OK,OK,OK
2026-08-15T21:01:09.023928Z,4109,244.0,9904,OK,OK,OK
2026-08-15T21:01:14.552630Z,4118,244.1,9904,OK,OK,OK
2026-08-15T21:01:20.108953Z,4026,244.0,9904,OK,OK,OK
2026-08-15T21:01:25.606727Z,4024,244.0,9904,OK,OK,OK
2026-08-15T21:01:31.108040Z,4021,244.0,9904,OK,OK,OK
2026-08-15T21:01:36.642155Z,4013,244.1,9904,OK,OK,OK
2026-08-15T21:01:42.148919Z,4030,244.3,9904,OK,OK,OK
2026-08-15T21:01:47.624635Z,4035,244.4,9904,OK,OK,OK
2026-08-15T21:01:53.143793Z,4022,244.4,9904,OK,OK,OK
2026-08-15T21:01:58.661490Z,4030,244.4,9904,OK,OK,OK
2026-08-15T21:02:04.187674Z,4017,244.4,9904,OK,OK,OK
2026-08-15T21:02:09.664439Z,4024,244.4,9904,OK,OK,OK
2026-08-15T21:02:15.175599Z,4010,244.4,9904,OK,OK,OK
2026-08-15T21:02:20.680503Z,4025,244.4,9904,OK,OK,OK
2026-08-15T21:02:26.214877Z,4036,244.5,9904,OK,OK,OK
2026-08-15T21:02:31.743274Z,4039,244.5,9904,OK,OK,OK
2026-08-15T21:02:37.276108Z,4034,244.3,9904,OK,OK,OK
2026-08-15T21:02:42.765718Z,4024,244.4,9904,OK,OK,OK
2026-08-15T21:02:48.287371Z,4011,244.4,9904,OK,OK,OK
2026-08-15T21:02:53.802140Z,4021,244.4,9904,OK,OK,OK
2026-08-15T21:02:59.332351Z,4027,244.4,9904,OK,OK,OK
2026-08-15T21:03:04.845633Z,4023,244.4,9904,OK,OK,OK
2026-08-15T21:03:10.350493Z,4020,244.3,9904,OK,OK,OK
2026-08-15T21:03:15.870455Z,4028,244.4,9904,OK,OK,OK
2026-08-15T21:03:21.403575Z,4034,244.4,9904,OK,OK,OK
2026-08-15T21:03:26.879940Z,4037,244.3,9904,OK,OK,OK
2026-08-15T21:03:32.399845Z,4048,244.3,9904,OK,OK,OK
2026-08-15T21:03:37.892005Z,4062,244.3,9904,OK,OK,OK
2026-08-15T21:03:43.410270Z,4056,244.3,9904,OK,OK,OK
2026-08-15T21:03:48.947976Z,4048,244.3,9904,OK,OK,OK
2026-08-15T21:03:54.462141Z,4043,244.3,9904,OK,OK,OK
2026-08-15T21:03:59.973687Z,4038,244.0,9904,OK,OK,OK
2026-08-15T21:04:05.490821Z,4039,244.0,9904,OK,OK,OK
2026-08-15T21:04:10.993363Z,4044,244.0,9904,OK,OK,OK
2026-08-15T21:04:16.477755Z,4047,244.0,9904,OK,OK,OK
2026-08-15T21:04:21.941620Z,4034,244.1,9904,OK,OK,OK
2026-08-15T21:04:27.447848Z,4036,244.1,9904,OK,OK,OK
2026-08-15T21:04:32.978107Z,4034,244.0,9904,OK,OK,OK
2026-08-15T21:04:38.469450Z,4050,244.0,9904,OK,OK,OK
2026-08-15T21:04:43.994299Z,4046,244.0,9904,OK,OK,OK
2026-08-15T21:04:49.496376Z,4051,244.0,9904,OK,OK,OK
2026-08-15T21:04:55.003554Z,4053,244.2,9904,OK,OK,OK
2026-08-15T21:05:00.494504Z,4055,244.2,9904,OK,OK,OK
2026-08-15T21:05:06.016629Z,4037,244.0,9904,OK,OK,OK
2026-08-15T21:05:11.532514Z,4050,244.0,9904,OK,OK,OK
2026-08-15T21:05:17.014420Z,4046,244.0,9904,OK,OK,OK
2026-08-15T21:05:22.474747Z,4043,244.0,9904,OK,OK,OK
2026-08-15T21:05:27.985026Z,4054,244.0,9904,OK,OK,OK
2026-08-15T21:05:33.479110Z,4050,244.0,9904,OK,OK,OK
2026-08-15T21:05:39.029895Z,4037,244.1,9904,OK,OK,OK
2026-08-15T21:05:44.479335Z,4048,244.0,9904,OK,OK,OK
2026-08-15T21:05:50.004778Z,4052,244.0,9904,OK,OK,OK
2026-08-15T21:05:55.459154Z,4056,244.0,9904,OK,OK,OK
2026-08-15T21:06:00.987696Z,4031,243.8,9904,OK,OK,OK
2026-08-15T21:06:06.457009Z,4044,244.0,9904,OK,OK,OK
2026-08-15T21:06:11.926158Z,4035,244.0,9904,OK,OK,OK
2026-08-15T21:06:17.421627Z,4041,244.0,9904,OK,OK,OK
2026-08-15T21:06:22.953190Z,4045,243.9,9904,OK,OK,OK
2026-08-15T21:06:28.448914Z,4042,244.0,9904,OK,OK,OK
2026-08-15T21:06:33.960550Z,4040,244.0,9904,OK,OK,OK
2026-08-15T21:06:39.477184Z,4047,243.9,9904,OK,OK,OK
2026-08-15T21:06:44.975040Z,4034,244.0,9904,OK,OK,OK
2026-08-15T21:06:50.501691Z,4030,243.8,9904,OK,OK,OK
2026-08-15T21:06:56.008254Z,4010,243.8,9904,OK,OK,OK
2026-08-15T21:07:01.502986Z,4026,243.8,9904,OK,OK,OK
2026-08-15T21:07:06.985194Z,4029,243.8,9904,OK,OK,OK
2026-08-15T21:07:12.486424Z,4040,243.8,9904,OK,OK,OK
2026-08-15T21:07:17.973491Z,4032,243.8,9904,OK,OK,OK
2026-08-15T21:07:23.466231Z,4031,243.9,9904,OK,OK,OK
2026-08-15T21:07:28.985557Z,4031,244.0,9904,OK,OK,OK
2026-08-15T21:07:34.530524Z,4021,244.0,9904,OK,OK,OK
2026-08-15T21:07:40.031582Z,4043,243.8,9904,OK,OK,OK
2026-08-15T21:07:45.545498Z,4044,243.8,9904,OK,OK,OK
2026-08-15T21:07:51.077283Z,4052,243.8,9904,OK,OK,OK
2026-08-15T21:07:56.603250Z,4046,243.8,9904,OK,OK,OK
2026-08-15T21:08:02.106084Z,4043,243.7,9904,OK,OK,OK
2026-08-15T21:08:07.606332Z,4026,243.7,9904,OK,OK,OK
2026-08-15T21:08:13.135728Z,4052,243.9,9904,OK,OK,OK
2026-08-15T21:08:18.661885Z,4041,243.8,9904,OK,OK,OK
2026-08-15T21:08:24.154299Z,4042,243.7,9904,OK,OK,OK
2026-08-15T21:08:29.632464Z,4038,243.7,9904,OK,OK,OK
2026-08-15T21:08:35.153904Z,4034,243.8,9904,OK,OK,OK
2026-08-15T21:08:40.649330Z,4027,243.8,9904,OK,OK,OK
2026-08-15T21:08:46.109580Z,4026,243.8,9904,OK,OK,OK
2026-08-15T21:08:51.620547Z,4025,243.7,9904,OK,OK,OK
2026-08-15T21:08:57.124444Z,4024,243.7,9904,OK,OK,OK
2026-08-15T21:09:02.605736Z,4022,243.8,9904,OK,OK,OK
2026-08-15T21:09:08.103186Z,4035,243.8,8879,OK,OK,OK
2026-08-15T21:09:13.588383Z,4027,244.0,8879,OK,OK,OK
2026-08-15T21:09:19.079036Z,4014,244.0,8879,OK,OK,OK
2026-08-15T21:09:24.588823Z,4028,243.9,8879,OK,OK,OK
2026-08-15T21:09:30.083690Z,4031,244.0,8879,OK,OK,OK
2026-08-15T21:09:35.547768Z,4020,244.2,8879,OK,OK,OK
2026-08-15T21:09:41.013619Z,4043,244.5,8879,OK,OK,OK
2026-08-15T21:09:46.582946Z,4046,244.5,8879,OK,OK,OK
2026-08-15T21:09:52.057150Z,4043,244.5,8879,OK,OK,OK
2026-08-15T21:09:57.580025Z,4030,244.5,8879,OK,OK,OK
2026-08-15T21:10:03.036896Z,4052,244.5,8879,OK,OK,OK
2026-08-15T21:10:08.586863Z,4049,244.4,8879,OK,OK,OK
2026-08-15T21:10:14.049228Z,2400,245.2,8879,OK,OK,OK
2026-08-15T21:10:19.547781Z,2396,245.2,8879,OK,OK,OK
2026-08-15T21:10:25.030827Z,2396,245.2,8879,OK,OK,OK
2026-08-15T21:10:30.531457Z,2389,245.2,8879,OK,OK,OK
2026-08-15T21:10:36.035387Z,2388,245.2,8879,OK,OK,OK
2026-08-15T21:10:41.526117Z,2388,245.2,8879,OK,OK,OK
2026-08-15T21:10:47.022295Z,2391,245.0,8879,OK,OK,OK
2026-08-15T21:10:52.531572Z,2401,245.1,8879,OK,OK,OK
2026-08-15T21:10:58.059148Z,2383,245.0,8879,OK,OK,OK
2026-08-15T21:11:03.560731Z,2406,245.1,8879,OK,OK,OK
2026-08-15T21:11:09.059987Z,2385,245.0,8879,OK,OK,OK
2026-08-15T21:11:14.558577Z,2390,244.6,8879,OK,OK,OK
2026-08-15T21:11:20.060353Z,2379,244.8,8879,OK,OK,OK
2026-08-15T21:11:25.540883Z,2395,244.9,8879,OK,OK,OK
2026-08-15T21:11:31.042780Z,2394,244.8,8879,OK,OK,OK
2026-08-15T21:11:36.538692Z,2392,244.8,8879,OK,OK,OK
2026-08-15T21:11:42.022182Z,2390,244.6,8879,OK,OK,OK
2026-08-15T21:11:47.519552Z,2381,244.7,8879,OK,OK,OK
2026-08-15T21:11:53.002873Z,2353,243.3,8879,OK,OK,OK
2026-08-15T21:11:58.519718Z,2370,243.7,8879,OK,OK,OK
2026-08-15T21:12:03.999266Z,2363,243.7,8879,OK,OK,OK
2026-08-15T21:12:09.498169Z,2400,243.7,8879,OK,OK,OK
2026-08-15T21:12:15.030784Z,2380,243.7,8879,OK,OK,OK
2026-08-15T21:12:20.546005Z,2379,243.7,8879,OK,OK,OK
2026-08-15T21:12:26.025578Z,2374,243.7,8879,OK,OK,OK
2026-08-15T21:12:31.555784Z,2371,243.7,8879,OK,OK,OK
2026-08-15T21:12:37.075168Z,2366,243.7,8879,OK,OK,OK
2026-08-15T21:12:42.568886Z,2384,243.7,8879,OK,OK,OK
2026-08-15T21:12:48.069506Z,2370,243.7,8879,OK,OK,OK
2026-08-15T21:12:53.535336Z,2387,244.2,8879,OK,OK,OK
2026-08-15T21:12:59.056092Z,2361,244.2,8879,OK,OK,OK
2026-08-15T21:13:04.524106Z,2385,244.2,8879,OK,OK,OK
2026-08-15T21:13:10.038175Z,2394,244.1,8879,OK,OK,OK
2026-08-15T21:13:15.536457Z,2377,244.0,8879,OK,OK,OK
2026-08-15T21:13:21.018811Z,2377,243.9,8879,OK,OK,OK
2026-08-15T21:13:26.525221Z,2374,243.9,8879,OK,OK,OK
2026-08-15T21:13:31.982860Z,2363,243.9,8879,OK,OK,OK
2026-08-15T21:13:37.495053Z,2377,243.8,8879,OK,OK,OK
2026-08-15T21:13:42.994535Z,2377,243.7,8879,OK,OK,OK
2026-08-15T21:13:48.493175Z,2361,243.8,8879,OK,OK,OK
2026-08-15T21:13:53.974810Z,2358,243.9,8879,OK,OK,OK
2026-08-15T21:13:59.470286Z,2375,243.8,8879,OK,OK,OK
2026-08-15T21:14:04.978524Z,2374,243.7,8879,OK,OK,OK
2026-08-15T21:14:10.524007Z,2362,243.7,8879,OK,OK,OK
2026-08-15T21:14:16.000117Z,2377,243.7,8879,OK,OK,OK
2026-08-15T21:14:21.521539Z,2382,243.8,8879,OK,OK,OK
2026-08-15T21:14:27.022019Z,2375,243.8,8879,OK,OK,OK
2026-08-15T21:14:32.496058Z,2390,243.8,8879,OK,OK,OK
2026-08-15T21:14:37.994314Z,2381,243.7,8879,OK,OK,OK
2026-08-15T21:14:43.504022Z,2387,243.8,8879,OK,OK,OK
2026-08-15T21:14:48.973909Z,2381,243.8,8879,OK,OK,OK
2026-08-15T21:14:54.474191Z,2373,243.8,8879,OK,OK,OK
2026-08-15T21:14:59.952567Z,2380,243.7,8879,OK,OK,OK
2026-08-15T21:15:05.439133Z,2372,243.7,8879,OK,OK,OK
2026-08-15T21:15:10.901819Z,2364,243.7,8879,OK,OK,OK
2026-08-15T21:15:16.381335Z,2393,243.7,8879,OK,OK,OK
2026-08-15T21:15:21.898379Z,2385,243.7,8879,OK,OK,OK
2026-08-15T21:15:27.348686Z,2377,243.9,8879,OK,OK,OK
2026-08-15T21:15:32.888664Z,2374,243.9,8879,OK,OK,OK
2026-08-15T21:15:38.361474Z,2377,243.8,8879,OK,OK,OK
2026-08-15T21:15:43.850205Z,2375,243.9,8879,OK,OK,OK
2026-08-15T21:15:49.342481Z,2372,243.8,8879,OK,OK,OK
2026-08-15T21:15:54.843723Z,2375,243.9,8879,OK,OK,OK
2026-08-15T21:16:00.341114Z,2374,243.8,8879,OK,OK,OK
2026-08-15T21:16:05.839118Z,2343,243.4,8879,OK,OK,OK
2026-08-15T21:16:11.338206Z,2375,243.6,8879,OK,OK,OK
2026-08-15T21:16:16.871759Z,2376,243.6,8879,OK,OK,OK
2026-08-15T21:16:22.406054Z,2370,243.6,8879,OK,OK,OK
2026-08-15T21:16:27.906988Z,2372,243.5,8879,OK,OK,OK
2026-08-15T21:16:33.423347Z,2375,243.5,8879,OK,OK,OK
2026-08-15T21:16:38.955683Z,2380,243.5,8879,OK,OK,OK
2026-08-15T21:16:44.464175Z,2376,243.5,8879,OK,OK,OK
2026-08-15T21:16:49.986879Z,2366,243.5,8879,OK,OK,OK
2026-08-15T21:16:55.479271Z,2374,243.5,8879,OK,OK,OK
2026-08-15T21:17:01.032543Z,2371,243.5,8879,OK,OK,OK
2026-08-15T21:17:06.555988Z,2378,243.4,8879,OK,OK,OK
2026-08-15T21:17:12.054621Z,2383,243.4,8879,OK,OK,OK
2026-08-15T21:17:17.556797Z,2382,243.4,8879,OK,OK,OK
2026-08-15T21:17:23.093262Z,2352,243.3,8879,OK,OK,OK
2026-08-15T21:17:28.636779Z,2356,243.5,8879,OK,OK,OK
2026-08-15T21:17:34.121529Z,2352,243.4,8879,OK,OK,OK
2026-08-15T21:17:39.652991Z,2451,243.3,8879,OK,OK,OK
2026-08-15T21:17:45.197179Z,2452,243.5,8879,OK,OK,OK
2026-08-15T21:17:50.698773Z,2472,243.4,8879,OK,OK,OK
2026-08-15T21:17:56.211496Z,2481,243.4,8879,OK,OK,OK
2026-08-15T21:18:01.753021Z,2476,243.2,8879,OK,OK,OK
2026-08-15T21:18:07.239523Z,2481,243.3,8879,OK,OK,OK
2026-08-15T21:18:12.733611Z,2490,243.3,8879,OK,OK,OK
2026-08-15T21:18:18.246690Z,2479,243.3,8879,OK,OK,OK
2026-08-15T21:18:23.753226Z,2631,243.3,8879,OK,OK,OK
2026-08-15T21:18:29.260714Z,2603,243.3,8879,OK,OK,OK
2026-08-15T21:18:34.791033Z,2592,243.2,8879,OK,OK,OK
2026-08-15T21:18:40.331820Z,2593,243.2,8879,OK,OK,OK
2026-08-15T21:18:45.856208Z,2592,243.2,8879,OK,OK,OK
2026-08-15T21:18:51.359412Z,2591,243.2,8879,OK,OK,OK
2026-08-15T21:18:56.860382Z,2596,243.2,8879,OK,OK,OK
2026-08-15T21:19:02.393541Z,2569,242.0,8879,OK,OK,OK
2026-08-15T21:19:07.924151Z,2568,241.6,8879,OK,OK,OK
2026-08-15T21:19:13.435331Z,2569,242.0,8879,OK,OK,OK
2026-08-15T21:19:18.980188Z,2588,243.2,8879,OK,OK,OK
2026-08-15T21:19:24.498223Z,2599,243.5,8879,OK,OK,OK
2026-08-15T21:19:30.042511Z,2581,243.6,8879,OK,OK,OK
2026-08-15T21:19:35.527382Z,2581,243.6,8879,OK,OK,OK
2026-08-15T21:19:40.986097Z,2574,243.8,8879,OK,OK,OK
2026-08-15T21:19:46.468278Z,2577,243.7,8879,OK,OK,OK
2026-08-15T21:19:51.963313Z,2466,243.4,8879,OK,OK,OK
2026-08-15T21:19:57.510670Z,2469,243.6,8879,OK,OK,OK
2026-08-15T21:20:03.020207Z,2476,243.8,8879,OK,OK,OK
2026-08-15T21:20:08.537907Z,2471,243.8,8879,OK,OK,OK
2026-08-15T21:20:14.044554Z,2473,243.9,8879,OK,OK,OK
2026-08-15T21:20:19.570666Z,2460,244.0,8879,OK,OK,OK
2026-08-15T21:20:25.099183Z,2474,244.0,8879,OK,OK,OK
2026-08-15T21:20:30.646384Z,2483,244.5,8879,OK,OK,OK
2026-08-15T21:20:36.182154Z,2489,244.6,8879,OK,OK,OK
2026-08-15T21:20:41.721471Z,2486,244.6,8879,OK,OK,OK
2026-08-15T21:20:47.230340Z,2492,244.7,8879,OK,OK,OK
2026-08-15T21:20:52.756932Z,2497,244.7,8879,OK,OK,OK
2026-08-15T21:20:58.279658Z,2491,244.7,8879,OK,OK,OK
2026-08-15T21:21:03.774429Z,2480,244.7,8879,OK,OK,OK
2026-08-15T21:21:09.296300Z,2490,244.8,8879,OK,OK,OK
2026-08-15T21:21:14.863159Z,2487,244.8,8879,OK,OK,OK
2026-08-15T21:21:20.368234Z,2484,244.8,8879,OK,OK,OK
2026-08-15T21:21:25.890639Z,2488,244.8,8879,OK,OK,OK
2026-08-15T21:21:31.413293Z,2488,244.8,8879,OK,OK,OK
2026-08-15T21:21:36.931307Z,2491,244.8,8879,OK,OK,OK
2026-08-15T21:21:42.457428Z,2492,244.9,8879,OK,OK,OK
2026-08-15T21:21:47.951838Z,2489,245.0,8879,OK,OK,OK
2026-08-15T21:21:53.447784Z,2473,245.0,8879,OK,OK,OK
2026-08-15T21:21:58.949339Z,2479,245.2,8879,OK,OK,OK
2026-08-15T21:22:04.457943Z,2487,245.2,8879,OK,OK,OK
2026-08-15T21:22:09.969959Z,2484,245.2,8879,OK,OK,OK
2026-08-15T21:22:15.459945Z,4020,243.8,8879,OK,OK,OK
2026-08-15T21:22:20.986043Z,4064,243.8,8879,OK,OK,OK
2026-08-15T21:22:26.478018Z,4079,244.0,8879,OK,OK,OK
2026-08-15T21:22:32.010461Z,4075,243.9,8879,OK,OK,OK
2026-08-15T21:22:37.518276Z,4064,243.9,8879,OK,OK,OK
2026-08-15T21:22:43.011503Z,4060,243.9,8879,OK,OK,OK
2026-08-15T21:22:48.465637Z,4075,243.9,8879,OK,OK,OK
2026-08-15T21:22:53.929890Z,4094,243.9,8879,OK,OK,OK
2026-08-15T21:22:59.424496Z,4100,243.9,8879,OK,OK,OK
2026-08-15T21:23:04.916295Z,4086,243.9,8879,OK,OK,OK
2026-08-15T21:23:10.401713Z,4077,243.9,8879,OK,OK,OK
2026-08-15T21:23:15.886913Z,4085,244.1,8879,OK,OK,OK
2026-08-15T21:23:21.367785Z,4071,244.1,8879,OK,OK,OK
2026-08-15T21:23:26.864331Z,4108,243.9,8879,OK,OK,OK
2026-08-15T21:23:32.355613Z,4073,244.0,8879,OK,OK,OK
2026-08-15T21:23:37.846717Z,4077,243.9,8879,OK,OK,OK
2026-08-15T21:23:43.355300Z,4055,244.0,8879,OK,OK,OK
2026-08-15T21:23:48.866068Z,4066,243.9,8879,OK,OK,OK
2026-08-15T21:23:54.415239Z,4056,244.0,8879,OK,OK,OK
2026-08-15T21:23:59.907356Z,4056,244.0,8879,OK,OK,OK
2026-08-15T21:24:05.419134Z,4071,244.1,8879,OK,OK,OK
2026-08-15T21:24:10.899136Z,4093,244.4,8879,OK,OK,OK
2026-08-15T21:24:16.429296Z,4086,244.3,8879,OK,OK,OK
2026-08-15T21:24:21.928741Z,4088,244.4,8879,OK,OK,OK
2026-08-15T21:24:27.435257Z,4097,244.5,7651,OK,OK,OK
2026-08-15T21:24:32.981180Z,4109,244.5,7651,OK,OK,OK
2026-08-15T21:24:38.524637Z,4120,244.5,7651,OK,OK,OK
2026-08-15T21:24:44.023872Z,4112,244.5,7651,OK,OK,OK
2026-08-15T21:24:49.530376Z,4108,244.5,7651,OK,OK,OK
2026-08-15T21:24:55.050112Z,4115,244.4,7651,OK,OK,OK
2026-08-15T21:25:00.558048Z,4114,244.3,7651,OK,OK,OK
2026-08-15T21:25:06.073355Z,4131,244.5,7651,OK,OK,OK
2026-08-15T21:25:11.569451Z,4126,244.4,7651,OK,OK,OK
2026-08-15T21:25:17.084532Z,4132,244.4,7651,OK,OK,OK
2026-08-15T21:25:22.583297Z,4137,244.3,7651,OK,OK,OK
2026-08-15T21:25:28.068469Z,4143,244.4,7651,OK,OK,OK
2026-08-15T21:25:33.566092Z,4146,244.4,7651,OK,OK,OK
2026-08-15T21:25:39.096441Z,4122,244.4,7651,OK,OK,OK
2026-08-15T21:25:44.602080Z,4137,244.5,7651,OK,OK,OK
2026-08-15T21:25:50.124640Z,4120,244.5,7651,OK,OK,OK
2026-08-15T21:25:55.636180Z,4127,244.6,7651,OK,OK,OK
2026-08-15T21:26:01.114896Z,4116,244.6,7651,OK,OK,OK
2026-08-15T21:26:06.609602Z,4138,244.7,7651,OK,OK,OK
2026-08-15T21:26:12.142961Z,4148,245.1,7651,OK,OK,OK
2026-08-15T21:26:17.645286Z,4143,245.1,7651,OK,OK,OK
2026-08-15T21:26:23.140120Z,4155,245.2,7651,OK,OK,OK
2026-08-15T21:26:28.595827Z,4140,245.2,7651,OK,OK,OK
2026-08-15T21:26:34.117827Z,4149,245.2,7651,OK,OK,OK
2026-08-15T21:26:39.602112Z,4146,245.0,7651,OK,OK,OK
2026-08-15T21:26:45.137330Z,4133,245.0,7651,OK,OK,OK
2026-08-15T21:26:50.613283Z,4146,245.0,7651,OK,OK,OK
2026-08-15T21:26:56.118751Z,4125,245.0,7651,OK,OK,OK
2026-08-15T21:27:01.598586Z,4121,245.1,7651,OK,OK,OK
2026-08-15T21:27:07.105774Z,4128,245.0,7651,OK,OK,OK
2026-08-15T21:27:12.635461Z,4125,245.1,7651,OK,OK,OK
2026-08-15T21:27:18.141318Z,4130,245.1,7651,OK,OK,OK
2026-08-15T21:27:23.635878Z,4119,245.0,7651,OK,OK,OK
2026-08-15T21:27:29.123328Z,4147,245.0,7651,OK,OK,OK
2026-08-15T21:27:34.613307Z,4139,245.0,7651,OK,OK,OK
2026-08-15T21:27:40.127667Z,4142,245.0,7651,OK,OK,OK
2026-08-15T21:27:45.624862Z,4122,245.0,7651,OK,OK,OK
2026-08-15T21:27:51.140668Z,4129,245.2,7651,OK,OK,OK
2026-08-15T21:27:56.651812Z,4142,245.1,7651,OK,OK,OK
2026-08-15T21:28:02.161340Z,4142,245.1,7651,OK,OK,OK
2026-08-15T21:28:07.654746Z,4136,245.1,7651,OK,OK,OK
2026-08-15T21:28:13.196295Z,4153,245.1,7651,OK,OK,OK
2026-08-15T21:28:18.720290Z,4141,245.1,7651,OK,OK,OK
2026-08-15T21:28:24.194106Z,4132,245.1,7651,OK,OK,OK
2026-08-15T21:28:29.705305Z,4153,245.1,7651,OK,OK,OK
2026-08-15T21:28:35.231345Z,4158,245.1,7651,OK,OK,OK
2026-08-15T21:28:40.745722Z,4136,243.8,7651,OK,OK,OK
2026-08-15T21:28:46.233359Z,4123,243.4,7651,OK,OK,OK
2026-08-15T21:28:51.716801Z,4127,243.4,7651,OK,OK,OK
2026-08-15T21:28:57.232275Z,4128,243.7,7651,OK,OK,OK
2026-08-15T21:29:02.704422Z,4114,243.5,7651,OK,OK,OK
2026-08-15T21:29:08.208891Z,4108,243.4,7651,OK,OK,OK
2026-08-15T21:29:13.722728Z,4126,244.2,7651,OK,OK,OK
2026-08-15T21:29:19.237115Z,4121,244.0,7651,OK,OK,OK
2026-08-15T21:29:24.737784Z,4114,243.8,7651,OK,OK,OK
2026-08-15T21:29:30.224243Z,4100,244.0,7651,OK,OK,OK
2026-08-15T21:29:35.779848Z,4113,244.0,7651,OK,OK,OK
2026-08-15T21:29:41.261148Z,4126,245.4,7651,OK,OK,OK
2026-08-15T21:29:46.786627Z,4138,245.5,7651,OK,OK,OK
2026-08-15T21:29:52.261942Z,4126,245.1,7651,OK,OK,OK
2026-08-15T21:29:57.782608Z,4130,245.1,7651,OK,OK,OK
2026-08-15T21:30:03.252908Z,4133,244.8,7651,OK,OK,OK
2026-08-15T21:30:08.722078Z,4126,245.3,7651,OK,OK,OK
2026-08-15T21:30:14.237064Z,4131,245.4,7651,OK,OK,OK
2026-08-15T21:30:19.719578Z,4137,245.6,7651,OK,OK,OK
2026-08-15T21:30:25.181518Z,4146,245.6,7651,OK,OK,OK
2026-08-15T21:30:30.739820Z,4145,245.0,7651,OK,OK,OK
2026-08-15T21:30:36.248831Z,4125,243.7,7651,OK,OK,OK
2026-08-15T21:30:41.767203Z,4114,243.6,7651,OK,OK,OK
2026-08-15T21:30:47.254699Z,4112,243.5,7651,OK,OK,OK
2026-08-15T21:30:52.736811Z,4092,243.5,7651,OK,OK,OK
2026-08-15T21:30:58.292371Z,4102,243.5,7651,OK,OK,OK
2026-08-15T21:31:03.824137Z,4102,243.7,7651,OK,OK,OK
2026-08-15T21:31:09.322425Z,4079,243.6,7651,OK,OK,OK
2026-08-15T21:31:14.796455Z,4088,243.6,7651,OK,OK,OK
2026-08-15T21:31:20.305200Z,4087,243.7,7651,OK,OK,OK
2026-08-15T21:31:25.808458Z,4088,243.5,7651,OK,OK,OK
2026-08-15T21:31:31.339812Z,4088,243.6,7651,OK,OK,OK
2026-08-15T21:31:36.848684Z,4095,243.5,7651,OK,OK,OK
2026-08-15T21:31:42.354846Z,4102,243.5,7651,OK,OK,OK
2026-08-15T21:31:47.877373Z,4101,243.6,7651,OK,OK,OK
2026-08-15T21:31:53.376130Z,4101,243.6,7651,OK,OK,OK
2026-08-15T21:31:58.870692Z,4106,243.9,7651,OK,OK,OK
2026-08-15T21:32:04.362741Z,4113,244.0,7651,OK,OK,OK
2026-08-15T21:32:09.899501Z,4102,243.4,7651,OK,OK,OK
2026-08-15T21:32:15.382425Z,2462,243.5,7651,OK,OK,OK
2026-08-15T21:32:20.870082Z,2451,243.5,7651,OK,OK,OK
2026-08-15T21:32:26.362605Z,2463,243.9,7651,OK,OK,OK
2026-08-15T21:32:31.827945Z,2474,244.9,7651,OK,OK,OK
2026-08-15T21:32:37.337977Z,2468,245.0,7651,OK,OK,OK
2026-08-15T21:32:42.825080Z,2473,245.0,7651,OK,OK,OK
2026-08-15T21:32:48.348960Z,2478,245.1,7651,OK,OK,OK
2026-08-15T21:32:53.836633Z,2468,245.1,7651,OK,OK,OK
2026-08-15T21:32:59.349032Z,2475,245.1,7651,OK,OK,OK
2026-08-15T21:33:04.888427Z,2472,245.1,7651,OK,OK,OK
2026-08-15T21:33:10.408097Z,2452,245.0,7651,OK,OK,OK
2026-08-15T21:33:15.901451Z,2472,245.0,7651,OK,OK,OK
2026-08-15T21:33:21.414600Z,2469,244.9,7651,OK,OK,OK
2026-08-15T21:33:26.920081Z,2464,244.9,7651,OK,OK,OK
2026-08-15T21:33:32.458548Z,2471,245.0,7651,OK,OK,OK
2026-08-15T21:33:37.970551Z,2467,244.9,7651,OK,OK,OK
2026-08-15T21:33:43.480531Z,2472,244.9,7651,OK,OK,OK
2026-08-15T21:33:48.998622Z,2466,244.9,7651,OK,OK,OK
2026-08-15T21:33:54.519070Z,2472,245.0,7651,OK,OK,OK
2026-08-15T21:33:59.978957Z,2478,245.0,7651,OK,OK,OK
2026-08-15T21:34:05.504748Z,2472,245.1,7651,OK,OK,OK
2026-08-15T21:34:11.010008Z,2473,244.9,7651,OK,OK,OK
2026-08-15T21:34:16.543483Z,2469,244.6,7651,OK,OK,OK
2026-08-15T21:34:21.998204Z,2472,245.0,7651,OK,OK,OK
2026-08-15T21:34:27.516420Z,2464,245.1,7651,OK,OK,OK
2026-08-15T21:34:33.028482Z,2467,245.0,7651,OK,OK,OK
2026-08-15T21:34:38.531959Z,2479,245.0,7651,OK,OK,OK
2026-08-15T21:34:44.033971Z,2485,245.0,7651,OK,OK,OK
2026-08-15T21:34:49.537662Z,2461,244.9,7651,OK,OK,OK
2026-08-15T21:34:55.026677Z,2475,244.9,7651,OK,OK,OK
2026-08-15T21:35:00.525762Z,2461,245.0,7651,OK,OK,OK
2026-08-15T21:35:06.032521Z,2458,245.0,7651,OK,OK,OK
2026-08-15T21:35:11.506245Z,2470,245.0,7651,OK,OK,OK
2026-08-15T21:35:17.003300Z,2458,245.0,7651,OK,OK,OK
2026-08-15T21:35:22.525255Z,2455,245.0,7651,OK,OK,OK
2026-08-15T21:35:27.999913Z,2468,245.0,7651,OK,OK,OK
2026-08-15T21:35:33.489706Z,2468,245.0,7651,OK,OK,OK
2026-08-15T21:35:38.991398Z,2452,245.0,7651,OK,OK,OK
2026-08-15T21:35:44.453594Z,2469,245.0,7651,OK,OK,OK
2026-08-15T21:35:49.950731Z,2461,245.0,7651,OK,OK,OK
2026-08-15T21:35:55.434267Z,2446,244.8,7651,OK,OK,OK
2026-08-15T21:36:00.952473Z,2470,244.9,7651,OK,OK,OK
2026-08-15T21:36:06.521307Z,2459,244.9,7651,OK,OK,OK
2026-08-15T21:36:12.028972Z,2472,244.9,7651,OK,OK,OK
2026-08-15T21:36:17.565772Z,2460,244.5,7651,OK,OK,OK
2026-08-15T21:36:23.037052Z,2447,244.4,7651,OK,OK,OK
2026-08-15T21:36:28.567571Z,2447,244.6,7651,OK,OK,OK
2026-08-15T21:36:34.073822Z,2469,244.5,7651,OK,OK,OK
2026-08-15T21:36:39.606499Z,2451,244.5,7651,OK,OK,OK
2026-08-15T21:36:45.133097Z,2457,244.5,7651,OK,OK,OK
2026-08-15T21:36:50.641336Z,2448,244.5,7651,OK,OK,OK
2026-08-15T21:36:56.150259Z,2462,244.4,7651,OK,OK,OK
2026-08-15T21:37:01.675448Z,2460,244.5,7651,OK,OK,OK
2026-08-15T21:37:07.151119Z,2466,244.4,7651,OK,OK,OK
2026-08-15T21:37:12.656291Z,2470,244.3,7651,OK,OK,OK
2026-08-15T21:37:18.168831Z,2460,244.4,7651,OK,OK,OK
2026-08-15T21:37:23.683291Z,2445,244.3,7651,OK,OK,OK
2026-08-15T21:37:29.198496Z,2458,244.3,7651,OK,OK,OK
2026-08-15T21:37:34.718323Z,2460,244.3,7651,OK,OK,OK
2026-08-15T21:37:40.238530Z,2455,244.4,7651,OK,OK,OK
2026-08-15T21:37:45.719527Z,2458,244.3,7651,OK,OK,OK
2026-08-15T21:37:51.219382Z,2457,244.4,7651,OK,OK,OK
2026-08-15T21:37:56.708315Z,2462,244.4,7651,OK,OK,OK
2026-08-15T21:38:02.216979Z,2460,244.3,7651,OK,OK,OK
2026-08-15T21:38:07.730501Z,2442,244.2,7651,OK,OK,OK
2026-08-15T21:38:13.238789Z,2463,244.2,7651,OK,OK,OK
2026-08-15T21:38:18.776595Z,2448,244.3,7651,OK,OK,OK
2026-08-15T21:38:24.267025Z,2471,244.3,7651,OK,OK,OK
2026-08-15T21:38:29.804900Z,2463,244.3,7651,OK,OK,OK
2026-08-15T21:38:35.299813Z,2468,244.2,7651,OK,OK,OK
2026-08-15T21:38:40.822906Z,2446,244.2,7651,OK,OK,OK
2026-08-15T21:38:46.350256Z,2466,244.2,7651,OK,OK,OK
2026-08-15T21:38:51.857836Z,2439,244.1,7651,OK,OK,OK
2026-08-15T21:38:57.374736Z,2445,244.1,7651,OK,OK,OK
2026-08-15T21:39:02.902995Z,2441,244.1,7651,OK,OK,OK
2026-08-15T21:39:08.395424Z,2460,244.0,7651,OK,OK,OK
2026-08-15T21:39:13.919491Z,2442,244.0,7651,OK,OK,OK
2026-08-15T21:39:19.407883Z,2460,244.0,7651,OK,OK,OK
2026-08-15T21:39:24.892208Z,2437,244.0,7651,OK,OK,OK
2026-08-15T21:39:30.339966Z,2437,244.0,7651,OK,OK,OK
2026-08-15T21:39:35.822433Z,2439,244.0,7651,OK,OK,OK
2026-08-15T21:39:41.303957Z,2436,244.0,7651,OK,OK,OK
2026-08-15T21:39:46.807036Z,2438,244.1,5999,OK,OK,OK
2026-08-15T21:39:52.316915Z,2444,244.2,5999,OK,OK,OK
2026-08-15T21:39:57.799445Z,2458,244.2,5999,OK,OK,OK
2026-08-15T21:40:03.357534Z,2449,244.2,5999,OK,OK,OK
2026-08-15T21:40:08.863887Z,2438,244.2,5999,OK,OK,OK
2026-08-15T21:40:14.378917Z,2465,244.2,5999,OK,OK,OK
2026-08-15T21:40:19.913213Z,2437,244.2,5999,OK,OK,OK
2026-08-15T21:40:25.440311Z,2439,244.2,5999,OK,OK,OK
2026-08-15T21:40:30.915209Z,2447,244.8,5999,OK,OK,OK
2026-08-15T21:40:36.451032Z,2452,244.9,5999,OK,OK,OK
2026-08-15T21:40:41.989322Z,2458,244.9,5999,OK,OK,OK
2026-08-15T21:40:47.495839Z,2449,244.8,5999,OK,OK,OK
2026-08-15T21:40:52.973910Z,2448,244.8,5999,OK,OK,OK
2026-08-15T21:40:58.495237Z,2456,244.8,5999,OK,OK,OK
2026-08-15T21:41:04.005962Z,2458,244.8,5999,OK,OK,OK
2026-08-15T21:41:09.535513Z,2471,244.8,5999,OK,OK,OK
2026-08-15T21:41:15.048601Z,2453,244.9,5999,OK,OK,OK
2026-08-15T21:41:20.568112Z,2465,244.8,5999,OK,OK,OK
2026-08-15T21:41:26.058944Z,2484,244.8,5999,OK,OK,OK
2026-08-15T21:41:31.575954Z,2451,244.9,5999,OK,OK,OK
2026-08-15T21:41:37.111685Z,2460,244.9,5999,OK,OK,OK
2026-08-15T21:41:42.619985Z,2471,244.8,5999,OK,OK,OK
2026-08-15T21:41:48.080406Z,2463,244.8,5999,OK,OK,OK
2026-08-15T21:41:53.548236Z,2477,244.9,5999,OK,OK,OK
2026-08-15T21:41:59.045852Z,2483,245.2,5999,OK,OK,OK
2026-08-15T21:42:04.552022Z,2493,245.2,5999,OK,OK,OK
2026-08-15T21:42:10.080208Z,2478,245.1,5999,OK,OK,OK
2026-08-15T21:42:15.592923Z,2467,245.2,5999,OK,OK,OK
2026-08-15T21:42:21.114590Z,2474,245.2,5999,OK,OK,OK
2026-08-15T21:42:26.642779Z,2476,245.2,5999,OK,OK,OK
2026-08-15T21:42:32.166826Z,2475,245.2,5999,OK,OK,OK
2026-08-15T21:42:37.681784Z,2457,245.1,5999,OK,OK,OK
2026-08-15T21:42:43.173337Z,2477,245.1,5999,OK,OK,OK
2026-08-15T21:42:48.669742Z,2474,245.1,5999,OK,OK,OK
2026-08-15T21:42:54.169700Z,2485,245.1,5999,OK,OK,OK
2026-08-15T21:42:59.692984Z,2478,245.1,5999,OK,OK,OK
2026-08-15T21:43:05.184309Z,2475,245.1,5999,OK,OK,OK
2026-08-15T21:43:10.672337Z,2481,245.3,5999,OK,OK,OK
2026-08-15T21:43:16.130811Z,2478,245.3,5999,OK,OK,OK
2026-08-15T21:43:21.638168Z,2474,245.2,5999,OK,OK,OK
2026-08-15T21:43:27.095000Z,2467,245.2,5999,OK,OK,OK
2026-08-15T21:43:32.614852Z,2474,245.2,5999,OK,OK,OK
2026-08-15T21:43:38.107379Z,2476,245.2,5999,OK,OK,OK
2026-08-15T21:43:43.604645Z,2480,245.1,5999,OK,OK,OK
2026-08-15T21:43:49.125148Z,2464,245.2,5999,OK,OK,OK
2026-08-15T21:43:54.615164Z,4070,244.5,5999,OK,OK,OK
2026-08-15T21:44:00.136500Z,4018,244.5,5999,OK,OK,OK
2026-08-15T21:44:05.665820Z,4060,244.4,5999,OK,OK,OK
2026-08-15T21:44:11.182834Z,4054,244.3,5999,OK,OK,OK
2026-08-15T21:44:16.708981Z,4053,244.4,5999,OK,OK,OK
2026-08-15T21:44:22.207142Z,4051,244.4,5999,OK,OK,OK
2026-08-15T21:44:27.712651Z,4069,244.5,5999,OK,OK,OK
2026-08-15T21:44:33.236110Z,4056,244.4,5999,OK,OK,OK
2026-08-15T21:44:38.738763Z,4001,244.5,5999,OK,OK,OK
2026-08-15T21:44:44.230518Z,4002,244.5,5999,OK,OK,OK
2026-08-15T21:44:49.730970Z,3982,244.5,5999,OK,OK,OK
2026-08-15T21:44:55.249969Z,3979,244.6,5999,OK,OK,OK
2026-08-15T21:45:00.704485Z,3978,244.5,5999,OK,OK,OK
2026-08-15T21:45:06.215425Z,4011,244.4,5999,OK,OK,OK
2026-08-15T21:45:11.724449Z,3981,244.3,5999,OK,OK,OK
2026-08-15T21:45:17.223995Z,3978,244.3,5999,OK,OK,OK
2026-08-15T21:45:22.701279Z,3976,244.4,5999,OK,OK,OK
2026-08-15T21:45:28.198593Z,3976,244.3,5999,OK,OK,OK
2026-08-15T21:45:33.693041Z,3990,244.3,5999,OK,OK,OK
2026-08-15T21:45:39.200446Z,3987,244.3,5999,OK,OK,OK
2026-08-15T21:45:44.743440Z,3999,244.3,5999,OK,OK,OK
2026-08-15T21:45:50.248483Z,3991,244.3,5999,OK,OK,OK
2026-08-15T21:45:55.754996Z,3999,244.3,5999,OK,OK,OK
2026-08-15T21:46:01.268021Z,4000,244.3,5999,OK,OK,OK
2026-08-15T21:46:06.799029Z,3992,244.4,5999,OK,OK,OK
2026-08-15T21:46:12.315199Z,4000,244.3,5999,OK,OK,OK
2026-08-15T21:46:17.846705Z,4007,244.3,5999,OK,OK,OK
2026-08-15T21:46:23.323967Z,4004,244.3,5999,OK,OK,OK
2026-08-15T21:46:28.839692Z,4005,244.3,5999,OK,OK,OK
2026-08-15T21:46:34.317949Z,4018,244.5,5999,OK,OK,OK
2026-08-15T21:46:39.801467Z,4006,244.5,5999,OK,OK,OK
2026-08-15T21:46:45.327590Z,4011,244.6,5999,OK,OK,OK
2026-08-15T21:46:50.849211Z,4008,244.4,5999,OK,OK,OK
2026-08-15T21:46:56.324320Z,4002,244.5,5999,OK,OK,OK
2026-08-15T21:47:01.834974Z,4005,244.6,5999,OK,OK,OK
2026-08-15T21:47:07.364866Z,4019,244.6,5999,OK,OK,OK
2026-08-15T21:47:12.834291Z,4020,244.6,5999,OK,OK,OK
2026-08-15T21:47:18.354965Z,4009,244.6,5999,OK,OK,OK
2026-08-15T21:47:23.863510Z,4011,244.4,5999,OK,OK,OK
2026-08-15T21:47:29.389370Z,4018,244.5,5999,OK,OK,OK
2026-08-15T21:47:34.907474Z,4018,244.4,5999,OK,OK,OK
2026-08-15T21:47:40.374996Z,4020,244.6,5999,OK,OK,OK
2026-08-15T21:47:45.874020Z,4007,244.5,5999,OK,OK,OK
2026-08-15T21:47:51.378918Z,4018,244.4,5999,OK,OK,OK
2026-08-15T21:47:56.925582Z,4020,244.4,5999,OK,OK,OK
2026-08-15T21:48:02.380998Z,4017,244.5,5999,OK,OK,OK
2026-08-15T21:48:07.877793Z,4014,244.5,5999,OK,OK,OK
2026-08-15T21:48:13.362595Z,4016,244.5,5999,OK,OK,OK
2026-08-15T21:48:18.882120Z,4013,244.5,5999,OK,OK,OK
2026-08-15T21:48:24.374210Z,4036,244.6,5999,OK,OK,OK
2026-08-15T21:48:29.871128Z,4012,244.6,5999,OK,OK,OK
2026-08-15T21:48:35.357168Z,4014,244.6,5999,OK,OK,OK
2026-08-15T21:48:40.892058Z,4011,244.6,5999,OK,OK,OK
2026-08-15T21:48:46.409627Z,4029,245.0,5999,OK,OK,OK
2026-08-15T21:48:51.917690Z,4030,245.0,5999,OK,OK,OK
2026-08-15T21:48:57.492692Z,4024,245.0,5999,OK,OK,OK
2026-08-15T21:49:03.017535Z,4022,245.0,5999,OK,OK,OK
2026-08-15T21:49:08.531682Z,4030,245.0,5999,OK,OK,OK
2026-08-15T21:49:14.089994Z,4037,245.0,5999,OK,OK,OK
2026-08-15T21:49:19.607576Z,4030,245.0,5999,OK,OK,OK
2026-08-15T21:49:25.116686Z,4030,245.0,5999,OK,OK,OK
2026-08-15T21:49:30.579472Z,4030,245.0,5999,OK,OK,OK
2026-08-15T21:49:36.103428Z,4037,245.0,5999,OK,OK,OK
2026-08-15T21:49:41.614979Z,4032,245.0,5999,OK,OK,OK
2026-08-15T21:49:47.110970Z,4031,244.9,5999,OK,OK,OK
2026-08-15T21:49:52.704196Z,4028,244.8,5999,OK,OK,OK
2026-08-15T21:49:58.245600Z,4036,244.8,5999,OK,OK,OK
2026-08-15T21:50:03.712463Z,4052,244.7,5999,OK,OK,OK
2026-08-15T21:50:09.259386Z,4037,244.7,5999,OK,OK,OK
2026-08-15T21:50:14.767915Z,4040,244.7,5999,OK,OK,OK
2026-08-15T21:50:20.280238Z,4030,244.7,5999,OK,OK,OK
2026-08-15T21:50:25.770346Z,4036,244.7,5999,OK,OK,OK
2026-08-15T21:50:31.303225Z,4039,244.7,5999,OK,OK,OK
2026-08-15T21:50:36.838409Z,4049,244.6,5999,OK,OK,OK
2026-08-15T21:50:42.325659Z,4042,244.9,5999,OK,OK,OK
2026-08-15T21:50:47.809549Z,4038,244.6,5999,OK,OK,OK
2026-08-15T21:50:53.302775Z,4034,244.8,5999,OK,OK,OK
2026-08-15T21:50:58.813410Z,4032,244.7,5999,OK,OK,OK
2026-08-15T21:51:04.335268Z,4036,244.8,5999,OK,OK,OK
2026-08-15T21:51:09.813119Z,4026,244.7,5999,OK,OK,OK
2026-08-15T21:51:15.359614Z,4022,244.7,5999,OK,OK,OK
2026-08-15T21:51:20.860954Z,4025,244.7,5999,OK,OK,OK
2026-08-15T21:51:26.350861Z,4022,244.8,5999,OK,OK,OK
2026-08-15T21:51:31.837286Z,4019,244.8,5999,OK,OK,OK
2026-08-15T21:51:37.348716Z,4027,244.7,5999,OK,OK,OK
2026-08-15T21:51:42.890610Z,4030,244.8,5999,OK,OK,OK
2026-08-15T21:51:48.371079Z,4017,244.7,5999,OK,OK,OK
2026-08-15T21:51:53.887395Z,4001,243.4,5999,OK,OK,OK
2026-08-15T21:51:59.413957Z,4006,243.8,5999,OK,OK,OK
2026-08-15T21:52:04.921600Z,4000,243.8,5999,OK,OK,OK
2026-08-15T21:52:10.443638Z,3998,243.8,5999,OK,OK,OK
2026-08-15T21:52:15.963132Z,4013,243.8,5999,OK,OK,OK
2026-08-15T21:52:21.463214Z,4002,243.8,5999,OK,OK,OK
2026-08-15T21:52:26.990153Z,4011,243.9,5999,OK,OK,OK
2026-08-15T21:52:32.460695Z,4010,243.8,5999,OK,OK,OK
2026-08-15T21:52:37.958573Z,4024,244.0,5999,OK,OK,OK
2026-08-15T21:52:43.478826Z,4012,244.1,5999,OK,OK,OK
2026-08-15T21:52:48.957371Z,4012,244.0,5999,OK,OK,OK
2026-08-15T21:52:54.450203Z,4014,244.0,5999,OK,OK,OK
2026-08-15T21:52:59.937132Z,4006,244.0,5999,OK,OK,OK
2026-08-15T21:53:05.431300Z,4004,244.2,5999,OK,OK,OK
2026-08-15T21:53:10.912838Z,4010,244.0,5999,OK,OK,OK
2026-08-15T21:53:16.429152Z,4018,244.0,5999,OK,OK,OK
2026-08-15T21:53:21.940003Z,4020,244.1,5999,OK,OK,OK
2026-08-15T21:53:27.491604Z,4021,244.1,5999,OK,OK,OK
2026-08-15T21:53:33.000910Z,4007,244.2,5999,OK,OK,OK
2026-08-15T21:53:38.507289Z,4005,244.0,5999,OK,OK,OK
2026-08-15T21:53:44.012272Z,4016,244.1,5999,OK,OK,OK
2026-08-15T21:53:49.540244Z,4010,244.1,5999,OK,OK,OK
2026-08-15T21:53:55.087970Z,2381,244.8,5999,OK,OK,OK
2026-08-15T21:54:00.573111Z,2382,244.8,5999,OK,OK,OK
2026-08-15T21:54:06.079236Z,2384,244.8,5999,OK,OK,OK
2026-08-15T21:54:11.602078Z,2380,244.7,5999,OK,OK,OK
2026-08-15T21:54:17.161042Z,2378,244.8,5999,OK,OK,OK
2026-08-15T21:54:22.702506Z,2376,244.7,5999,OK,OK,OK
2026-08-15T21:54:28.205081Z,2378,244.8,5999,OK,OK,OK
2026-08-15T21:54:33.706125Z,2387,244.7,5999,OK,OK,OK
2026-08-15T21:54:39.185948Z,2373,244.8,5999,OK,OK,OK
2026-08-15T21:54:44.706679Z,2389,244.9,5999,OK,OK,OK
2026-08-15T21:54:50.245187Z,2375,244.9,5999,OK,OK,OK
2026-08-15T21:54:55.768974Z,2377,244.9,5999,OK,OK,OK
2026-08-15T21:55:01.271733Z,2377,244.9,5137,OK,OK,OK
2026-08-15T21:55:06.773193Z,2380,244.9,5137,OK,OK,OK
2026-08-15T21:55:12.283751Z,2377,244.9,5137,OK,OK,OK
2026-08-15T21:55:17.793453Z,2388,244.9,5137,OK,OK,OK
2026-08-15T21:55:23.305350Z,2379,244.9,5137,OK,OK,OK
2026-08-15T21:55:28.809311Z,2376,244.9,5137,OK,OK,OK
2026-08-15T21:55:34.306416Z,2385,244.9,5137,OK,OK,OK
2026-08-15T21:55:39.790297Z,2383,244.9,5137,OK,OK,OK
2026-08-15T21:55:45.303528Z,2380,244.9,5137,OK,OK,OK
2026-08-15T21:55:50.801228Z,2376,244.9,5137,OK,OK,OK
2026-08-15T21:55:56.285548Z,2377,244.9,5137,OK,OK,OK
2026-08-15T21:56:01.796536Z,2384,244.9,5137,OK,OK,OK
2026-08-15T21:56:07.302134Z,2388,244.8,5137,OK,OK,OK
2026-08-15T21:56:12.797650Z,2387,244.8,5137,OK,OK,OK
2026-08-15T21:56:18.360694Z,2385,244.9,5137,OK,OK,OK
2026-08-15T21:56:23.844310Z,2380,244.9,5137,OK,OK,OK
2026-08-15T21:56:29.364623Z,2394,244.8,5137,OK,OK,OK
2026-08-15T21:56:34.873992Z,2393,244.6,5137,OK,OK,OK
2026-08-15T21:56:40.362620Z,2375,244.8,5137,OK,OK,OK
2026-08-15T21:56:45.881452Z,2380,244.9,5137,OK,OK,OK
2026-08-15T21:56:51.367461Z,2380,244.9,5137,OK,OK,OK
2026-08-15T21:56:56.897398Z,2386,244.8,5137,OK,OK,OK
2026-08-15T21:57:02.415116Z,2363,244.8,5137,OK,OK,OK
2026-08-15T21:57:07.908656Z,2377,244.7,5137,OK,OK,OK
2026-08-15T21:57:13.392799Z,2387,244.8,5137,OK,OK,OK
2026-08-15T21:57:18.899854Z,2378,244.8,5137,OK,OK,OK
2026-08-15T21:57:24.383566Z,2387,244.8,5137,OK,OK,OK
2026-08-15T21:57:29.839075Z,2364,244.8,5137,OK,OK,OK
2026-08-15T21:57:35.352862Z,2363,244.8,5137,OK,OK,OK
2026-08-15T21:57:40.828967Z,2377,244.8,5137,OK,OK,OK
2026-08-15T21:57:46.365021Z,2387,244.8,5137,OK,OK,OK
2026-08-15T21:57:51.841948Z,2376,244.9,5137,OK,OK,OK
2026-08-15T21:57:57.363563Z,2379,244.8,5137,OK,OK,OK
2026-08-15T21:58:02.852716Z,2383,244.8,5137,OK,OK,OK
2026-08-15T21:58:08.363725Z,2374,244.6,5137,OK,OK,OK
2026-08-15T21:58:13.856475Z,2377,244.7,5137,OK,OK,OK
2026-08-15T21:58:19.358826Z,2383,244.7,5137,OK,OK,OK
2026-08-15T21:58:24.880572Z,2379,244.5,5137,OK,OK,OK
2026-08-15T21:58:30.399552Z,2388,244.7,5137,OK,OK,OK
2026-08-15T21:58:35.877827Z,2381,244.7,5137,OK,OK,OK
2026-08-15T21:58:41.384876Z,2383,244.9,5137,OK,OK,OK
2026-08-15T21:58:46.897980Z,2383,244.9,5137,OK,OK,OK
2026-08-15T21:58:52.411109Z,2377,244.9,5137,OK,OK,OK
2026-08-15T21:58:57.939266Z,2382,244.8,5137,OK,OK,OK
2026-08-15T21:59:03.445638Z,2382,244.8,5137,OK,OK,OK
2026-08-15T21:59:08.954704Z,2373,244.8,5137,OK,OK,OK
2026-08-15T21:59:14.482275Z,2384,244.9,5137,OK,OK,OK
2026-08-15T21:59:19.983297Z,2381,244.9,5137,OK,OK,OK
2026-08-15T21:59:28.496888Z,2377,245.0,5137,OK,OK,OK
2026-08-15T21:59:34.017531Z,2385,245.0,5137,OK,OK,OK
2026-08-15T21:59:39.503774Z,2376,244.9,5137,OK,OK,OK
2026-08-15T21:59:44.987143Z,2390,244.9,5137,OK,OK,OK
2026-08-15T21:59:50.464998Z,2374,244.9,5137,OK,OK,OK
2026-08-15T21:59:55.964187Z,2381,244.9,5137,OK,OK,OK
2026-08-15T22:00:01.498200Z,2382,244.9,5137,OK,OK,OK
2026-08-15T22:00:07.002346Z,2378,244.9,5137,OK,OK,OK
2026-08-15T22:00:12.518174Z,2378,244.8,5137,OK,OK,OK
2026-08-15T22:00:18.035827Z,2371,244.9,5137,OK,OK,OK
2026-08-15T22:00:23.497747Z,2375,244.9,5137,OK,OK,OK
2026-08-15T22:00:29.020098Z,2386,244.9,5137,OK,OK,OK
2026-08-15T22:00:34.466884Z,2403,244.9,5137,OK,OK,OK
2026-08-15T22:00:39.991466Z,2384,244.8,5137,OK,OK,OK
2026-08-15T22:00:45.492844Z,2376,244.8,5137,OK,OK,OK
2026-08-15T22:00:50.979183Z,2388,245.4,5137,OK,OK,OK
2026-08-15T22:00:56.485693Z,2386,245.5,5137,OK,OK,OK
2026-08-15T22:01:01.977586Z,2386,245.5,5137,OK,OK,OK
2026-08-15T22:01:07.432559Z,2391,245.5,5137,OK,OK,OK
2026-08-15T22:01:12.958212Z,3398,245.0,5137,OK,OK,OK
2026-08-15T22:01:18.495787Z,2484,245.5,5137,OK,OK,OK
2026-08-15T22:01:24.000461Z,2495,245.4,5137,OK,OK,OK
2026-08-15T22:01:29.524901Z,2495,245.4,5137,OK,OK,OK
2026-08-15T22:01:35.029373Z,2500,245.4,5137,OK,OK,OK
2026-08-15T22:01:40.560002Z,2490,245.4,5137,OK,OK,OK
2026-08-15T22:01:46.079614Z,2506,245.4,5137,OK,OK,OK
2026-08-15T22:01:51.568978Z,2495,245.3,5137,OK,OK,OK
2026-08-15T22:01:57.083654Z,2496,245.3,5137,OK,OK,OK
2026-08-15T22:02:02.578984Z,2488,245.3,5137,OK,OK,OK
2026-08-15T22:02:08.080222Z,2493,245.3,5137,OK,OK,OK
2026-08-15T22:02:13.575630Z,2500,245.2,5137,OK,OK,OK
2026-08-15T22:02:19.075185Z,2492,245.5,5137,OK,OK,OK
2026-08-15T22:02:24.572594Z,2503,245.5,5137,OK,OK,OK
2026-08-15T22:02:30.081544Z,2484,245.5,5137,OK,OK,OK
2026-08-15T22:02:35.554095Z,2484,245.5,5137,OK,OK,OK
2026-08-15T22:02:41.020826Z,2482,245.5,5137,OK,OK,OK
2026-08-15T22:02:46.499489Z,2484,245.5,5137,OK,OK,OK
2026-08-15T22:02:52.023857Z,2480,245.5,5137,OK,OK,OK
2026-08-15T22:02:57.534853Z,2481,245.5,5137,OK,OK,OK
2026-08-15T22:03:03.028912Z,2486,245.4,5137,OK,OK,OK
2026-08-15T22:03:08.563077Z,2475,245.4,5137,OK,OK,OK
2026-08-15T22:03:14.079483Z,2474,245.4,5137,OK,OK,OK
2026-08-15T22:03:19.582737Z,2472,245.4,5137,OK,OK,OK
2026-08-15T22:03:25.131350Z,2484,245.2,5137,OK,OK,OK
2026-08-15T22:03:30.645024Z,2471,245.4,5137,OK,OK,OK
2026-08-15T22:03:36.175379Z,2469,245.3,5137,OK,OK,OK
2026-08-15T22:03:41.656283Z,2470,245.4,5137,OK,OK,OK
2026-08-15T22:03:47.142073Z,2476,245.5,5137,OK,OK,OK
2026-08-15T22:03:52.659702Z,2475,245.3,5137,OK,OK,OK
2026-08-15T22:03:58.136544Z,2472,245.2,5137,OK,OK,OK
2026-08-15T22:04:03.670893Z,2473,245.3,5137,OK,OK,OK
2026-08-15T22:04:09.192370Z,2474,245.3,5137,OK,OK,OK
2026-08-15T22:04:14.711579Z,2471,245.3,5137,OK,OK,OK
2026-08-15T22:04:20.203244Z,2472,245.2,5137,OK,OK,OK
2026-08-15T22:04:25.662145Z,2473,245.4,5137,OK,OK,OK
2026-08-15T22:04:31.176810Z,2471,245.4,5137,OK,OK,OK
2026-08-15T22:04:36.712641Z,2469,245.4,5137,OK,OK,OK
2026-08-15T22:04:42.228786Z,2474,245.3,5137,OK,OK,OK
2026-08-15T22:04:47.754849Z,2473,245.3,5137,OK,OK,OK
2026-08-15T22:04:53.242637Z,2474,245.3,5137,OK,OK,OK
2026-08-15T22:04:58.747192Z,2469,245.3,5137,OK,OK,OK
2026-08-15T22:05:04.264001Z,2473,245.3,5137,OK,OK,OK
2026-08-15T22:05:09.774672Z,2472,245.3,5137,OK,OK,OK
2026-08-15T22:05:15.308338Z,2483,245.3,5137,OK,OK,OK
2026-08-15T22:05:20.818596Z,2485,245.4,5137,OK,OK,OK
2026-08-15T22:05:26.315691Z,2488,245.7,5137,OK,OK,OK
2026-08-15T22:05:31.834522Z,2491,245.6,5137,OK,OK,OK
2026-08-15T22:05:37.294906Z,2480,245.2,5137,OK,OK,OK
2026-08-15T22:05:42.778984Z,2473,244.8,5137,OK,OK,OK
2026-08-15T22:05:48.287576Z,2472,244.9,5137,OK,OK,OK
2026-08-15T22:05:53.821037Z,3583,244.1,5137,OK,OK,OK
2026-08-15T22:05:59.323378Z,4004,244.1,5137,OK,OK,OK
2026-08-15T22:06:04.871035Z,4056,244.1,5137,OK,OK,OK
2026-08-15T22:06:10.390205Z,4049,244.1,5137,OK,OK,OK
2026-08-15T22:06:15.907972Z,4048,244.1,5137,OK,OK,OK
2026-08-15T22:06:21.375985Z,4046,244.2,5137,OK,OK,OK
2026-08-15T22:06:26.894642Z,4053,244.2,5137,OK,OK,OK
2026-08-15T22:06:32.388052Z,4054,244.2,5137,OK,OK,OK
2026-08-15T22:06:37.889938Z,4092,244.1,5137,OK,OK,OK
2026-08-15T22:06:43.349974Z,4096,244.1,5137,OK,OK,OK
2026-08-15T22:06:48.848532Z,4070,244.1,5137,OK,OK,OK
2026-08-15T22:06:54.313569Z,4067,244.2,5137,OK,OK,OK
2026-08-15T22:06:59.813205Z,4054,244.3,5137,OK,OK,OK
2026-08-15T22:07:05.265057Z,4088,244.3,5137,OK,OK,OK
2026-08-15T22:07:10.731998Z,4093,244.2,5137,OK,OK,OK
2026-08-15T22:07:16.249280Z,4082,244.2,5137,OK,OK,OK
2026-08-15T22:07:21.764949Z,4070,244.2,5137,OK,OK,OK
2026-08-15T22:07:27.284670Z,4070,244.3,5137,OK,OK,OK
2026-08-15T22:07:32.822273Z,4060,244.3,5137,OK,OK,OK
2026-08-15T22:07:38.333676Z,4056,244.3,5137,OK,OK,OK
2026-08-15T22:07:43.840516Z,4057,244.3,5137,OK,OK,OK
2026-08-15T22:07:49.350287Z,4080,244.3,5137,OK,OK,OK
2026-08-15T22:07:54.860547Z,4072,244.2,5137,OK,OK,OK
2026-08-15T22:08:00.358071Z,4070,244.1,5137,OK,OK,OK
2026-08-15T22:08:05.891102Z,4060,244.0,5137,OK,OK,OK
2026-08-15T22:08:11.408034Z,4065,243.7,5137,OK,OK,OK
2026-08-15T22:08:16.913810Z,4070,243.9,5137,OK,OK,OK
2026-08-15T22:08:22.433923Z,4072,243.9,5137,OK,OK,OK
2026-08-15T22:08:27.948296Z,4065,244.0,5137,OK,OK,OK
2026-08-15T22:08:33.438794Z,4071,243.9,5137,OK,OK,OK
2026-08-15T22:08:38.930885Z,4069,244.0,5137,OK,OK,OK
2026-08-15T22:08:44.462244Z,4088,244.1,5137,OK,OK,OK
2026-08-15T22:08:49.992459Z,4085,244.2,5137,OK,OK,OK
2026-08-15T22:08:55.500374Z,4093,244.3,5137,OK,OK,OK
2026-08-15T22:09:01.009910Z,4094,244.2,5137,OK,OK,OK
2026-08-15T22:09:06.490510Z,4096,244.3,5137,OK,OK,OK
2026-08-15T22:09:11.991905Z,4098,244.3,5137,OK,OK,OK
2026-08-15T22:09:17.499532Z,4097,244.3,5137,OK,OK,OK
2026-08-15T22:09:23.025664Z,4103,244.3,5137,OK,OK,OK
2026-08-15T22:09:28.488406Z,4091,244.3,5137,OK,OK,OK
2026-08-15T22:09:33.992006Z,4104,244.3,5137,OK,OK,OK
2026-08-15T22:09:39.498065Z,4101,244.4,5137,OK,OK,OK
2026-08-15T22:09:44.956612Z,4100,244.4,5137,OK,OK,OK
2026-08-15T22:09:50.474976Z,4104,244.4,5137,OK,OK,OK
2026-08-15T22:09:55.960423Z,4105,244.5,5137,OK,OK,OK
2026-08-15T22:10:01.460375Z,4101,244.5,5137,OK,OK,OK
2026-08-15T22:10:06.941183Z,4112,244.5,5137,OK,OK,OK
2026-08-15T22:10:12.478717Z,4110,244.6,5137,OK,OK,OK
2026-08-15T22:10:18.000183Z,4106,244.6,5137,OK,OK,OK
2026-08-15T22:10:23.486943Z,4102,244.6,4644,OK,OK,OK
2026-08-15T22:10:28.990579Z,4108,244.6,4644,OK,OK,OK
2026-08-15T22:10:34.482492Z,4112,244.5,4644,OK,OK,OK
2026-08-15T22:10:40.004553Z,4102,244.6,4644,OK,OK,OK
2026-08-15T22:10:45.517621Z,4110,244.7,4644,OK,OK,OK
2026-08-15T22:10:50.974718Z,4117,244.8,4644,OK,OK,OK
2026-08-15T22:10:56.442253Z,4110,244.8,4644,OK,OK,OK
2026-08-15T22:11:01.945904Z,4112,244.8,4644,OK,OK,OK
2026-08-15T22:11:07.417116Z,4108,244.8,4644,OK,OK,OK
2026-08-15T22:11:12.927105Z,4079,243.6,4644,OK,OK,OK
2026-08-15T22:11:18.419365Z,4093,244.0,4644,OK,OK,OK
2026-08-15T22:11:23.971730Z,4087,243.9,4644,OK,OK,OK
2026-08-15T22:11:29.482987Z,4091,243.9,4644,OK,OK,OK
2026-08-15T22:11:34.957596Z,4088,244.0,4644,OK,OK,OK
2026-08-15T22:11:40.439292Z,4087,244.0,4644,OK,OK,OK
2026-08-15T22:11:45.973013Z,4096,244.0,4644,OK,OK,OK
2026-08-15T22:11:51.495042Z,4082,244.0,4644,OK,OK,OK
2026-08-15T22:11:57.019413Z,4082,244.0,4644,OK,OK,OK
2026-08-15T22:12:02.540632Z,4085,244.0,4644,OK,OK,OK
2026-08-15T22:12:08.024878Z,4082,244.0,4644,OK,OK,OK
2026-08-15T22:12:13.486911Z,4086,243.8,4644,OK,OK,OK
2026-08-15T22:12:19.020208Z,4076,243.9,4644,OK,OK,OK
2026-08-15T22:12:24.532474Z,4082,244.0,4644,OK,OK,OK
2026-08-15T22:12:30.049125Z,4076,244.1,4644,OK,OK,OK
2026-08-15T22:12:35.545505Z,4083,244.0,4644,OK,OK,OK
2026-08-15T22:12:41.064705Z,4075,243.9,4644,OK,OK,OK
2026-08-15T22:12:46.558734Z,4075,243.9,4644,OK,OK,OK
2026-08-15T22:12:52.044182Z,4074,243.9,4644,OK,OK,OK
2026-08-15T22:12:57.554300Z,4076,243.9,4644,OK,OK,OK
2026-08-15T22:13:03.077530Z,4095,243.9,4644,OK,OK,OK
2026-08-15T22:13:08.584464Z,4082,243.9,4644,OK,OK,OK
2026-08-15T22:13:14.089458Z,4080,243.8,4644,OK,OK,OK
2026-08-15T22:13:19.562896Z,4082,243.9,4644,OK,OK,OK
2026-08-15T22:13:25.131557Z,4084,243.9,4644,OK,OK,OK
2026-08-15T22:13:30.631616Z,4084,243.8,4644,OK,OK,OK
2026-08-15T22:13:36.140738Z,4077,243.9,4644,OK,OK,OK
2026-08-15T22:13:41.657060Z,4076,243.8,4644,OK,OK,OK
2026-08-15T22:13:47.176476Z,4079,243.8,4644,OK,OK,OK
2026-08-15T22:13:52.694660Z,4077,243.8,4644,OK,OK,OK
2026-08-15T22:13:58.213332Z,4102,243.8,4644,OK,OK,OK
2026-08-15T22:14:03.737996Z,4124,243.7,4644,OK,OK,OK
2026-08-15T22:14:09.261437Z,4136,243.6,4644,OK,OK,OK
2026-08-15T22:14:14.750413Z,4144,243.7,4644,OK,OK,OK
2026-08-15T22:14:20.257441Z,4132,243.6,4644,OK,OK,OK
2026-08-15T22:14:25.778681Z,4133,243.6,4644,OK,OK,OK
2026-08-15T22:14:31.307420Z,4128,243.6,4644,OK,OK,OK
2026-08-15T22:14:36.808418Z,4132,243.6,4644,OK,OK,OK
2026-08-15T22:14:42.317041Z,4131,243.5,4644,OK,OK,OK
2026-08-15T22:14:47.806343Z,4131,243.5,4644,OK,OK,OK
2026-08-15T22:14:53.311806Z,4122,243.5,4644,OK,OK,OK
2026-08-15T22:14:58.820496Z,4143,243.5,4644,OK,OK,OK
2026-08-15T22:15:04.325279Z,4153,243.5,4644,OK,OK,OK
2026-08-15T22:15:09.839795Z,4147,243.5,4644,OK,OK,OK
2026-08-15T22:15:15.337349Z,4153,243.4,4644,OK,OK,OK
2026-08-15T22:15:20.841554Z,4151,243.5,4644,OK,OK,OK
2026-08-15T22:15:26.393617Z,4276,243.5,4644,OK,OK,OK
2026-08-15T22:15:31.926738Z,4264,243.5,4644,OK,OK,OK
2026-08-15T22:15:37.437350Z,2631,244.1,4644,OK,OK,OK
2026-08-15T22:15:42.941345Z,2629,243.9,4644,OK,OK,OK
2026-08-15T22:15:48.483156Z,2637,244.0,4644,OK,OK,OK
2026-08-15T22:15:54.013457Z,2639,244.0,4644,OK,OK,OK
2026-08-15T22:15:59.503566Z,2629,244.1,4644,OK,OK,OK
2026-08-15T22:16:05.029254Z,2631,244.1,4644,OK,OK,OK
2026-08-15T22:16:10.585431Z,2628,244.1,4644,OK,OK,OK
2026-08-15T22:16:16.045809Z,2645,244.1,4644,OK,OK,OK
2026-08-15T22:16:21.573216Z,2634,244.1,4644,OK,OK,OK
2026-08-15T22:16:27.130495Z,2628,244.3,4644,OK,OK,OK
2026-08-15T22:16:32.624613Z,2628,244.5,4644,OK,OK,OK
2026-08-15T22:16:38.123850Z,2637,244.5,4644,OK,OK,OK
2026-08-15T22:16:43.636125Z,2628,244.5,4644,OK,OK,OK
2026-08-15T22:16:49.145762Z,2518,244.6,4644,OK,OK,OK
2026-08-15T22:16:54.665226Z,2524,244.6,4644,OK,OK,OK
2026-08-15T22:17:00.170134Z,2520,244.6,4644,OK,OK,OK
2026-08-15T22:17:05.685541Z,2533,244.6,4644,OK,OK,OK
2026-08-15T22:17:11.193112Z,2523,244.7,4644,OK,OK,OK
2026-08-15T22:17:16.684068Z,2522,244.7,4644,OK,OK,OK
2026-08-15T22:17:22.177862Z,2521,244.7,4644,OK,OK,OK
2026-08-15T22:17:27.683143Z,2527,244.6,4644,OK,OK,OK
2026-08-15T22:17:33.202008Z,2516,244.5,4644,OK,OK,OK
2026-08-15T22:17:38.714927Z,2522,244.4,4644,OK,OK,OK
2026-08-15T22:17:44.224110Z,2515,244.5,4644,OK,OK,OK
2026-08-15T22:17:49.745029Z,2520,244.4,4644,OK,OK,OK
2026-08-15T22:17:55.263373Z,2516,244.5,4644,OK,OK,OK
2026-08-15T22:18:00.820042Z,2518,244.5,4644,OK,OK,OK
2026-08-15T22:18:06.315574Z,2547,244.6,4644,OK,OK,OK
2026-08-15T22:18:11.837366Z,2526,244.6,4644,OK,OK,OK
2026-08-15T22:18:17.361106Z,2515,244.5,4644,OK,OK,OK
2026-08-15T22:18:22.868838Z,2520,244.5,4644,OK,OK,OK
2026-08-15T22:18:28.405992Z,2523,244.5,4644,OK,OK,OK
2026-08-15T22:18:33.900350Z,2530,244.5,4644,OK,OK,OK
2026-08-15T22:18:39.415018Z,2534,244.6,4644,OK,OK,OK
2026-08-15T22:18:44.918086Z,2526,244.6,4644,OK,OK,OK
2026-08-15T22:18:50.395282Z,2519,244.6,4644,OK,OK,OK
2026-08-15T22:18:55.934954Z,2526,244.5,4644,OK,OK,OK
2026-08-15T22:19:01.451507Z,2514,244.3,4644,OK,OK,OK
2026-08-15T22:19:06.990651Z,2513,244.3,4644,OK,OK,OK
2026-08-15T22:19:12.519964Z,2514,244.4,4644,OK,OK,OK
2026-08-15T22:19:18.000241Z,2519,244.4,4644,OK,OK,OK
2026-08-15T22:19:23.464509Z,2509,244.3,4644,OK,OK,OK
2026-08-15T22:19:28.941765Z,2511,244.4,4644,OK,OK,OK
2026-08-15T22:19:34.463982Z,2513,244.2,4644,OK,OK,OK
2026-08-15T22:19:39.925561Z,2503,244.3,4644,OK,OK,OK
2026-08-15T22:19:45.418962Z,2504,244.4,4644,OK,OK,OK
2026-08-15T22:19:50.921411Z,2506,244.4,4644,OK,OK,OK
2026-08-15T22:19:56.420073Z,2498,244.4,4644,OK,OK,OK
2026-08-15T22:20:01.933811Z,2498,244.3,4644,OK,OK,OK
2026-08-15T22:20:07.440099Z,2501,244.3,4644,OK,OK,OK
2026-08-15T22:20:12.913850Z,2505,244.3,4644,OK,OK,OK
2026-08-15T22:20:18.462464Z,2505,244.3,4644,OK,OK,OK
2026-08-15T22:20:23.925969Z,2504,244.5,4644,OK,OK,OK
2026-08-15T22:20:29.440348Z,2507,244.6,4644,OK,OK,OK
2026-08-15T22:20:34.955556Z,2510,244.6,4644,OK,OK,OK
2026-08-15T22:20:40.470465Z,2507,244.6,4644,OK,OK,OK
2026-08-15T22:20:45.967641Z,2517,244.6,4644,OK,OK,OK
2026-08-15T22:20:51.509154Z,2502,244.6,4644,OK,OK,OK
2026-08-15T22:20:56.964714Z,2506,244.6,4644,OK,OK,OK
2026-08-15T22:21:02.487504Z,2507,244.5,4644,OK,OK,OK
2026-08-15T22:21:07.977255Z,2506,244.4,4644,OK,OK,OK
2026-08-15T22:21:13.477529Z,2502,244.4,4644,OK,OK,OK
2026-08-15T22:21:19.005791Z,2505,244.3,4644,OK,OK,OK
2026-08-15T22:21:24.501278Z,2506,244.4,4644,OK,OK,OK
2026-08-15T22:21:30.018819Z,2501,244.4,4644,OK,OK,OK
2026-08-15T22:21:35.500883Z,2502,244.4,4644,OK,OK,OK
2026-08-15T22:21:41.034212Z,2504,244.4,4644,OK,OK,OK
2026-08-15T22:21:46.534880Z,2506,244.5,4644,OK,OK,OK
2026-08-15T22:21:52.067900Z,2502,244.4,4644,OK,OK,OK
2026-08-15T22:21:57.595841Z,2500,244.7,4644,OK,OK,OK
2026-08-15T22:22:03.109603Z,2508,244.9,4644,OK,OK,OK
2026-08-15T22:22:08.637398Z,2549,244.9,4644,OK,OK,OK
2026-08-15T22:22:14.195337Z,2513,244.8,4644,OK,OK,OK
2026-08-15T22:22:19.719110Z,2509,244.8,4644,OK,OK,OK
2026-08-15T22:22:25.240290Z,2513,244.9,4644,OK,OK,OK
2026-08-15T22:22:30.754756Z,2509,244.8,4644,OK,OK,OK
2026-08-15T22:22:36.275277Z,2503,244.8,4644,OK,OK,OK
2026-08-15T22:22:41.822761Z,2509,244.8,4644,OK,OK,OK
2026-08-15T22:22:47.343090Z,2508,244.8,4644,OK,OK,OK
2026-08-15T22:22:52.867562Z,2503,244.5,4644,OK,OK,OK
2026-08-15T22:22:58.372391Z,2503,244.4,4644,OK,OK,OK
2026-08-15T22:23:03.896096Z,2501,244.3,4644,OK,OK,OK
2026-08-15T22:23:09.364764Z,2506,244.4,4644,OK,OK,OK
2026-08-15T22:23:14.921008Z,2506,244.3,4644,OK,OK,OK
2026-08-15T22:23:20.443632Z,2502,244.3,4644,OK,OK,OK
2026-08-15T22:23:25.931831Z,2516,244.4,4644,OK,OK,OK
2026-08-15T22:23:31.412373Z,2503,244.3,4644,OK,OK,OK
2026-08-15T22:23:36.934710Z,2504,244.4,4644,OK,OK,OK
2026-08-15T22:23:42.459238Z,2503,244.5,4644,OK,OK,OK
2026-08-15T22:23:47.963771Z,2505,244.5,4644,OK,OK,OK
2026-08-15T22:23:53.476476Z,2506,244.4,4644,OK,OK,OK
2026-08-15T22:23:58.990824Z,2499,244.5,4644,OK,OK,OK
2026-08-15T22:24:04.494910Z,2505,244.5,4644,OK,OK,OK
2026-08-15T22:24:09.967028Z,2506,244.3,4644,OK,OK,OK
2026-08-15T22:24:15.497920Z,2501,244.5,4644,OK,OK,OK
2026-08-15T22:24:20.991844Z,2505,244.5,4644,OK,OK,OK
2026-08-15T22:24:26.489960Z,2502,244.5,4644,OK,OK,OK
2026-08-15T22:24:32.021809Z,2505,244.5,4644,OK,OK,OK
2026-08-15T22:24:37.518461Z,2516,244.5,4644,OK,OK,OK
2026-08-15T22:24:43.035663Z,2514,244.5,4644,OK,OK,OK
2026-08-15T22:24:48.547534Z,2504,244.3,4644,OK,OK,OK
2026-08-15T22:24:54.040535Z,2512,244.3,4644,OK,OK,OK
2026-08-15T22:24:59.569503Z,2505,244.3,4644,OK,OK,OK
2026-08-15T22:25:05.069761Z,2507,244.3,4644,OK,OK,OK
2026-08-15T22:25:10.607738Z,2501,244.2,4644,OK,OK,OK
2026-08-15T22:25:16.123707Z,2518,244.1,4644,OK,OK,OK
2026-08-15T22:25:21.635737Z,2496,244.3,4644,OK,OK,OK
2026-08-15T22:25:27.168703Z,2508,244.3,4644,OK,OK,OK
2026-08-15T22:25:32.681716Z,2498,244.3,4644,OK,OK,OK
2026-08-15T22:25:38.224520Z,2508,244.3,3618,OK,OK,OK
2026-08-15T22:25:43.738678Z,2493,244.3,3618,OK,OK,OK
2026-08-15T22:25:49.274483Z,2500,244.3,3618,OK,OK,OK
2026-08-15T22:25:54.782536Z,2495,244.2,3618,OK,OK,OK
2026-08-15T22:26:00.329916Z,2507,244.2,3618,OK,OK,OK
2026-08-15T22:26:05.850896Z,2412,244.3,3618,OK,OK,OK
2026-08-15T22:26:11.340121Z,2410,244.3,3618,OK,OK,OK
2026-08-15T22:26:16.871534Z,2404,244.3,3618,OK,OK,OK
2026-08-15T22:26:22.393090Z,2416,244.3,3618,OK,OK,OK
2026-08-15T22:26:27.881621Z,2418,244.3,3618,OK,OK,OK
2026-08-15T22:26:33.417099Z,2430,244.3,3618,OK,OK,OK
2026-08-15T22:26:38.934983Z,2406,244.5,3618,OK,OK,OK
2026-08-15T22:26:44.454780Z,2411,244.4,3618,OK,OK,OK
2026-08-15T22:26:49.954077Z,2384,244.3,3618,OK,OK,OK
2026-08-15T22:26:55.501628Z,2406,244.4,3618,OK,OK,OK
2026-08-15T22:27:01.013364Z,2402,244.5,3618,OK,OK,OK
2026-08-15T22:27:06.514150Z,2425,244.4,3618,OK,OK,OK
2026-08-15T22:27:12.006739Z,2421,244.4,3618,OK,OK,OK
2026-08-15T22:27:17.485009Z,2412,244.3,3618,OK,OK,OK
2026-08-15T22:27:22.991093Z,2396,244.3,3618,OK,OK,OK
2026-08-15T22:27:28.463975Z,2404,244.3,3618,OK,OK,OK
2026-08-15T22:27:33.976295Z,2397,244.3,3618,OK,OK,OK
2026-08-15T22:27:39.466551Z,2403,244.3,3618,OK,OK,OK
2026-08-15T22:27:45.007180Z,2413,244.4,3618,OK,OK,OK
2026-08-15T22:27:50.447335Z,2402,244.6,3618,OK,OK,OK
2026-08-15T22:27:55.946151Z,2414,244.6,3618,OK,OK,OK
2026-08-15T22:28:01.426119Z,2404,244.6,3618,OK,OK,OK
2026-08-15T22:28:06.928516Z,2399,244.6,3618,OK,OK,OK
2026-08-15T22:28:12.455687Z,2405,244.5,3618,OK,OK,OK
2026-08-15T22:28:17.951471Z,2402,244.7,3618,OK,OK,OK
2026-08-15T22:28:23.464812Z,2404,244.7,3618,OK,OK,OK
2026-08-15T22:28:28.986331Z,2400,244.5,3618,OK,OK,OK
2026-08-15T22:28:34.466355Z,2400,244.6,3618,OK,OK,OK
2026-08-15T22:28:39.987518Z,2394,244.6,3618,OK,OK,OK
2026-08-15T22:28:45.498249Z,2406,244.7,3618,OK,OK,OK
2026-08-15T22:28:50.991694Z,2400,244.8,3618,OK,OK,OK
2026-08-15T22:28:56.507574Z,3872,244.0,3618,OK,OK,OK
2026-08-15T22:29:01.989124Z,3986,244.0,3618,OK,OK,OK
2026-08-15T22:29:07.511979Z,3979,244.0,3618,OK,OK,OK
2026-08-15T22:29:13.002490Z,3978,244.1,3618,OK,OK,OK
2026-08-15T22:29:18.533696Z,3979,244.1,3618,OK,OK,OK
2026-08-15T22:29:24.027205Z,3979,244.1,3618,OK,OK,OK
2026-08-15T22:29:29.565343Z,4009,244.1,3618,OK,OK,OK
2026-08-15T22:29:35.057485Z,4032,244.2,3618,OK,OK,OK
2026-08-15T22:29:40.577727Z,4006,244.2,3618,OK,OK,OK
2026-08-15T22:29:46.090064Z,4024,244.2,3618,OK,OK,OK
2026-08-15T22:29:51.624176Z,3986,244.2,3618,OK,OK,OK
2026-08-15T22:29:57.127934Z,3976,244.2,3618,OK,OK,OK
2026-08-15T22:30:02.646400Z,3976,244.1,3618,OK,OK,OK
2026-08-15T22:30:08.158823Z,4006,244.2,3618,OK,OK,OK
2026-08-15T22:30:13.655923Z,3987,244.2,3618,OK,OK,OK
2026-08-15T22:30:19.139776Z,3993,244.2,3618,OK,OK,OK
2026-08-15T22:30:24.660816Z,3983,244.3,3618,OK,OK,OK
2026-08-15T22:30:30.151583Z,3985,243.8,3618,OK,OK,OK
2026-08-15T22:30:35.685333Z,3953,243.3,3618,OK,OK,OK
2026-08-15T22:30:41.160794Z,3970,243.3,3618,OK,OK,OK
2026-08-15T22:30:46.673607Z,3978,243.4,3618,OK,OK,OK
2026-08-15T22:30:52.141725Z,3986,243.5,3618,OK,OK,OK
2026-08-15T22:30:57.682199Z,3980,243.3,3618,OK,OK,OK
2026-08-15T22:31:03.120742Z,3981,243.3,3618,OK,OK,OK
2026-08-15T22:31:08.658765Z,3983,243.3,3618,OK,OK,OK
2026-08-15T22:31:14.134305Z,3981,243.3,3618,OK,OK,OK
2026-08-15T22:31:19.683207Z,3987,243.3,3618,OK,OK,OK
2026-08-15T22:31:25.130135Z,3996,243.3,3618,OK,OK,OK
2026-08-15T22:31:30.672319Z,3983,243.4,3618,OK,OK,OK
2026-08-15T22:31:36.175087Z,3990,243.4,3618,OK,OK,OK
2026-08-15T22:31:41.673781Z,3978,243.0,3618,OK,OK,OK
2026-08-15T22:31:47.202682Z,3975,242.9,3618,OK,OK,OK
2026-08-15T22:31:52.730680Z,3987,242.9,3618,OK,OK,OK
2026-08-15T22:31:58.278988Z,3984,242.9,3618,OK,OK,OK
2026-08-15T22:32:03.800850Z,3985,242.9,3618,OK,OK,OK
2026-08-15T22:32:09.291921Z,3990,242.9,3618,OK,OK,OK
2026-08-15T22:32:14.833797Z,3992,242.9,3618,OK,OK,OK
2026-08-15T22:32:20.334840Z,3991,242.9,3618,OK,OK,OK
2026-08-15T22:32:25.818984Z,3985,242.9,3618,OK,OK,OK
2026-08-15T22:32:31.347108Z,3989,242.9,3618,OK,OK,OK
2026-08-15T22:32:36.849356Z,4004,242.9,3618,OK,OK,OK
2026-08-15T22:32:42.366292Z,3991,242.9,3618,OK,OK,OK
2026-08-15T22:32:47.870518Z,3991,242.9,3618,OK,OK,OK
2026-08-15T22:32:53.397958Z,3994,242.9,3618,OK,OK,OK
2026-08-15T22:32:58.871382Z,3997,242.9,3618,OK,OK,OK
2026-08-15T22:33:04.433567Z,3998,242.9,3618,OK,OK,OK
2026-08-15T22:33:09.955939Z,3994,242.9,3618,OK,OK,OK
2026-08-15T22:33:15.501394Z,3996,243.0,3618,OK,OK,OK
2026-08-15T22:33:21.026706Z,3998,242.9,3618,OK,OK,OK
2026-08-15T22:33:26.530738Z,4010,243.3,3618,OK,OK,OK
2026-08-15T22:33:32.043716Z,3999,243.3,3618,OK,OK,OK
2026-08-15T22:33:37.547571Z,3993,243.3,3618,OK,OK,OK
2026-08-15T22:33:43.059635Z,4010,243.3,3618,OK,OK,OK
2026-08-15T22:33:48.546113Z,3994,243.3,3618,OK,OK,OK
2026-08-15T22:33:54.066183Z,4003,243.3,3618,OK,OK,OK
2026-08-15T22:33:59.559317Z,4014,243.2,3618,OK,OK,OK
2026-08-15T22:34:05.048741Z,4002,243.2,3618,OK,OK,OK
2026-08-15T22:34:10.535529Z,4006,243.1,3618,OK,OK,OK
2026-08-15T22:34:16.017937Z,4012,243.1,3618,OK,OK,OK
2026-08-15T22:34:21.537775Z,3998,243.1,3618,OK,OK,OK
2026-08-15T22:34:27.067291Z,3994,243.0,3618,OK,OK,OK
2026-08-15T22:34:32.563860Z,3988,243.1,3618,OK,OK,OK
2026-08-15T22:34:38.044384Z,3998,243.1,3618,OK,OK,OK
2026-08-15T22:34:43.563415Z,3985,243.1,3618,OK,OK,OK
2026-08-15T22:34:49.036989Z,3998,243.1,3618,OK,OK,OK
2026-08-15T22:34:54.560512Z,4000,243.1,3618,OK,OK,OK
2026-08-15T22:35:00.036713Z,3993,243.1,3618,OK,OK,OK
2026-08-15T22:35:05.571255Z,3996,243.1,3618,OK,OK,OK
2026-08-15T22:35:11.016671Z,3989,243.1,3618,OK,OK,OK
2026-08-15T22:35:16.535660Z,3997,243.3,3618,OK,OK,OK
2026-08-15T22:35:21.997668Z,3990,243.1,3618,OK,OK,OK
2026-08-15T22:35:27.517551Z,4001,243.1,3618,OK,OK,OK
2026-08-15T22:35:33.025757Z,3999,243.1,3618,OK,OK,OK
2026-08-15T22:35:38.540889Z,3993,243.2,3618,OK,OK,OK
2026-08-15T22:35:44.069189Z,3991,243.3,3618,OK,OK,OK
2026-08-15T22:35:49.574327Z,3999,243.1,3618,OK,OK,OK
2026-08-15T22:35:55.098495Z,3996,243.2,3618,OK,OK,OK
2026-08-15T22:36:00.633187Z,3994,243.2,3618,OK,OK,OK
2026-08-15T22:36:06.126172Z,4010,243.3,3618,OK,OK,OK
2026-08-15T22:36:11.700338Z,4004,243.2,3618,OK,OK,OK
2026-08-15T22:36:17.235151Z,3998,243.3,3618,OK,OK,OK
2026-08-15T22:36:22.784842Z,4004,243.3,3618,OK,OK,OK
2026-08-15T22:36:28.246278Z,3985,243.3,3618,OK,OK,OK
2026-08-15T22:36:33.682492Z,4004,243.6,3618,OK,OK,OK
2026-08-15T22:36:39.228620Z,4006,243.7,3618,OK,OK,OK
2026-08-15T22:36:44.693011Z,4002,243.7,3618,OK,OK,OK
2026-08-15T22:36:50.190676Z,3998,243.7,3618,OK,OK,OK
2026-08-15T22:36:55.667717Z,4003,243.7,3618,OK,OK,OK
2026-08-15T22:37:01.216981Z,4004,243.7,3618,OK,OK,OK
2026-08-15T22:37:06.721913Z,4011,243.7,3618,OK,OK,OK
2026-08-15T22:37:12.231324Z,4019,243.8,3618,OK,OK,OK
2026-08-15T22:37:17.743300Z,3996,243.7,3618,OK,OK,OK
2026-08-15T22:37:23.230133Z,4002,243.6,3618,OK,OK,OK
2026-08-15T22:37:28.751911Z,4000,243.7,3618,OK,OK,OK
2026-08-15T22:37:34.227921Z,4001,243.8,3618,OK,OK,OK
2026-08-15T22:37:39.707656Z,4004,243.7,3618,OK,OK,OK
2026-08-15T22:37:45.203840Z,4009,243.8,3618,OK,OK,OK
2026-08-15T22:37:50.733858Z,4009,243.8,3618,OK,OK,OK
2026-08-15T22:37:56.223904Z,2399,244.4,3618,OK,OK,OK
2026-08-15T22:38:01.688294Z,2387,244.4,3618,OK,OK,OK
2026-08-15T22:38:07.210515Z,2385,244.4,3618,OK,OK,OK
2026-08-15T22:38:12.703039Z,2390,244.4,3618,OK,OK,OK
2026-08-15T22:38:18.180489Z,2387,244.4,3618,OK,OK,OK
2026-08-15T22:38:23.677658Z,2390,244.4,3618,OK,OK,OK
2026-08-15T22:38:29.197705Z,2389,244.4,3618,OK,OK,OK
2026-08-15T22:38:34.658359Z,2387,244.4,3618,OK,OK,OK
2026-08-15T22:38:40.164850Z,2385,244.4,3618,OK,OK,OK
2026-08-15T22:38:45.669228Z,2391,244.4,3618,OK,OK,OK
2026-08-15T22:38:51.151411Z,2387,244.4,3618,OK,OK,OK
2026-08-15T22:38:56.646737Z,2389,244.4,3618,OK,OK,OK
2026-08-15T22:39:02.132679Z,2387,244.4,3618,OK,OK,OK
2026-08-15T22:39:07.635845Z,2382,244.2,3618,OK,OK,OK
2026-08-15T22:39:13.161041Z,2394,244.3,3618,OK,OK,OK
2026-08-15T22:39:18.664784Z,2387,244.4,3618,OK,OK,OK
2026-08-15T22:39:24.169879Z,2385,244.4,3618,OK,OK,OK
2026-08-15T22:39:29.685998Z,2386,244.3,3618,OK,OK,OK
2026-08-15T22:39:35.196227Z,2380,244.3,3618,OK,OK,OK
2026-08-15T22:39:40.721365Z,2402,244.3,3618,OK,OK,OK
2026-08-15T22:39:46.254848Z,2396,244.4,3618,OK,OK,OK
2026-08-15T22:39:51.744820Z,2384,244.4,3618,OK,OK,OK
2026-08-15T22:39:57.247931Z,2383,244.4,3618,OK,OK,OK
2026-08-15T22:40:02.768727Z,2388,244.4,3618,OK,OK,OK
2026-08-15T22:40:08.293395Z,2385,244.3,3618,OK,OK,OK
2026-08-15T22:40:13.825867Z,2389,244.9,3618,OK,OK,OK
2026-08-15T22:40:19.347089Z,2403,244.9,3618,OK,OK,OK
2026-08-15T22:40:24.845441Z,2395,244.9,3618,OK,OK,OK
2026-08-15T22:40:30.360364Z,2388,244.9,3618,OK,OK,OK
2026-08-15T22:40:35.845072Z,2407,244.9,3618,OK,OK,OK
2026-08-15T22:40:41.370149Z,2408,245.0,3618,OK,OK,OK
2026-08-15T22:40:46.912029Z,2396,245.0,3618,OK,OK,OK
2026-08-15T22:40:52.427725Z,2392,244.9,3618,OK,OK,OK
2026-08-15T22:40:57.885752Z,2389,244.9,2991,OK,OK,OK
2026-08-15T22:41:03.419347Z,2397,244.9,2991,OK,OK,OK
2026-08-15T22:41:08.936981Z,2394,244.9,2991,OK,OK,OK
2026-08-15T22:41:14.443034Z,2395,244.9,2991,OK,OK,OK
2026-08-15T22:41:19.922321Z,2395,245.0,2991,OK,OK,OK
2026-08-15T22:41:25.418272Z,2407,245.4,2991,OK,OK,OK
2026-08-15T22:41:30.992771Z,2397,245.2,2991,OK,OK,OK
2026-08-15T22:41:36.484679Z,2413,245.2,2991,OK,OK,OK
2026-08-15T22:41:41.988612Z,2403,245.5,2991,OK,OK,OK
2026-08-15T22:41:47.534003Z,2402,245.3,2991,OK,OK,OK
2026-08-15T22:41:53.014477Z,2389,245.4,2991,OK,OK,OK
2026-08-15T22:41:58.494112Z,2404,245.4,2991,OK,OK,OK
2026-08-15T22:42:03.992637Z,2397,245.5,2991,OK,OK,OK
2026-08-15T22:42:09.459177Z,2413,245.6,2991,OK,OK,OK
2026-08-15T22:42:14.924096Z,2410,245.5,2991,OK,OK,OK
2026-08-15T22:42:20.388539Z,2402,245.6,2991,OK,OK,OK
2026-08-15T22:42:25.907657Z,2500,245.5,2991,OK,OK,OK
2026-08-15T22:42:31.401373Z,2512,245.5,2991,OK,OK,OK
2026-08-15T22:42:36.885472Z,2512,245.5,2991,OK,OK,OK
2026-08-15T22:42:42.348453Z,2512,245.5,2991,OK,OK,OK
2026-08-15T22:42:47.842775Z,2510,245.6,2991,OK,OK,OK
2026-08-15T22:42:53.379315Z,2506,245.5,2991,OK,OK,OK
2026-08-15T22:42:58.901614Z,2499,245.5,2991,OK,OK,OK
2026-08-15T22:43:04.421180Z,2523,245.5,2991,OK,OK,OK
2026-08-15T22:43:09.912316Z,2523,245.5,2991,OK,OK,OK
2026-08-15T22:43:15.461879Z,2518,245.5,2991,OK,OK,OK
2026-08-15T22:43:20.970048Z,2504,245.5,2991,OK,OK,OK
2026-08-15T22:43:26.477801Z,2518,245.5,2991,OK,OK,OK
2026-08-15T22:43:31.992103Z,2506,245.5,2991,OK,OK,OK
2026-08-15T22:43:37.528345Z,2496,245.5,2991,OK,OK,OK
2026-08-15T22:43:43.004382Z,2498,245.5,2991,OK,OK,OK
2026-08-15T22:43:48.529075Z,2501,245.5,2991,OK,OK,OK
2026-08-15T22:43:54.064544Z,2501,245.5,2991,OK,OK,OK
2026-08-15T22:43:59.558990Z,2496,245.5,2991,OK,OK,OK
2026-08-15T22:44:05.092168Z,2504,245.5,2991,OK,OK,OK
2026-08-15T22:44:10.596359Z,2498,245.4,2991,OK,OK,OK
2026-08-15T22:44:16.124387Z,2502,245.5,2991,OK,OK,OK
2026-08-15T22:44:21.657157Z,2481,245.5,2991,OK,OK,OK
2026-08-15T22:44:27.186858Z,2490,245.4,2991,OK,OK,OK
2026-08-15T22:44:32.712285Z,2475,245.4,2991,OK,OK,OK
2026-08-15T22:44:38.237418Z,2487,245.5,2991,OK,OK,OK
2026-08-15T22:44:43.708109Z,2489,245.5,2991,OK,OK,OK
2026-08-15T22:44:49.208122Z,2485,245.4,2991,OK,OK,OK
2026-08-15T22:44:54.692640Z,2488,245.4,2991,OK,OK,OK
2026-08-15T22:45:00.187752Z,2489,245.5,2991,OK,OK,OK
2026-08-15T22:45:05.694912Z,2493,245.5,2991,OK,OK,OK
2026-08-15T22:45:11.184910Z,2475,245.4,2991,OK,OK,OK
2026-08-15T22:45:16.698378Z,2491,245.4,2991,OK,OK,OK
2026-08-15T22:45:22.165263Z,2490,245.4,2991,OK,OK,OK
2026-08-15T22:45:27.675988Z,2490,245.4,2991,OK,OK,OK
2026-08-15T22:45:33.168526Z,2497,245.3,2991,OK,OK,OK
2026-08-15T22:45:38.684652Z,2492,245.4,2991,OK,OK,OK
2026-08-15T22:45:44.175251Z,2427,242.0,2991,OK,OK,OK
2026-08-15T22:45:49.648392Z,2489,245.2,2991,OK,OK,OK
2026-08-15T22:45:55.104377Z,2490,245.2,2991,OK,OK,OK
2026-08-15T22:46:00.622984Z,2483,245.1,2991,OK,OK,OK
2026-08-15T22:46:06.085914Z,2487,245.1,2991,OK,OK,OK
2026-08-15T22:46:11.567137Z,2485,245.1,2991,OK,OK,OK
2026-08-15T22:46:17.088665Z,2490,245.1,2991,OK,OK,OK
2026-08-15T22:46:22.607984Z,2493,245.1,2991,OK,OK,OK
2026-08-15T22:46:28.094131Z,2493,245.1,2991,OK,OK,OK
2026-08-15T22:46:33.578923Z,2491,245.1,2991,OK,OK,OK
2026-08-15T22:46:39.090734Z,2482,245.1,2991,OK,OK,OK
2026-08-15T22:46:44.573735Z,2502,245.2,2991,OK,OK,OK
2026-08-15T22:46:50.056825Z,2494,245.1,2991,OK,OK,OK
2026-08-15T22:46:55.549916Z,2488,245.1,2991,OK,OK,OK
2026-08-15T22:47:01.057601Z,2486,245.1,2991,OK,OK,OK
2026-08-15T22:47:06.570740Z,2536,245.1,2991,OK,OK,OK
2026-08-15T22:47:12.036438Z,2503,245.1,2991,OK,OK,OK
2026-08-15T22:47:17.571750Z,2485,245.1,2991,OK,OK,OK
2026-08-15T22:47:23.106610Z,2474,244.2,2991,OK,OK,OK
2026-08-15T22:47:28.600201Z,2474,244.4,2991,OK,OK,OK
2026-08-15T22:47:34.143719Z,2483,244.3,2991,OK,OK,OK
2026-08-15T22:47:39.639522Z,2469,244.2,2991,OK,OK,OK
2026-08-15T22:47:45.136065Z,2477,244.4,2991,OK,OK,OK
2026-08-15T22:47:50.627120Z,2478,244.4,2991,OK,OK,OK
2026-08-15T22:47:56.100818Z,2477,244.4,2991,OK,OK,OK
2026-08-15T22:48:01.637786Z,2493,244.4,2991,OK,OK,OK
2026-08-15T22:48:07.135360Z,2472,244.4,2991,OK,OK,OK
2026-08-15T22:48:12.624404Z,2500,244.4,2991,OK,OK,OK
2026-08-15T22:48:18.130663Z,2489,244.3,2991,OK,OK,OK
2026-08-15T22:48:23.609364Z,2490,244.4,2991,OK,OK,OK
2026-08-15T22:48:29.124338Z,2502,244.4,2991,OK,OK,OK
2026-08-15T22:48:34.645980Z,2486,244.3,2991,OK,OK,OK
2026-08-15T22:48:40.185849Z,2480,244.2,2991,OK,OK,OK
2026-08-15T22:48:45.669832Z,2491,244.2,2991,OK,OK,OK
2026-08-15T22:48:51.200905Z,2489,244.4,2991,OK,OK,OK
2026-08-15T22:48:56.706925Z,2484,244.4,2991,OK,OK,OK
2026-08-15T22:49:02.215505Z,2477,244.3,2991,OK,OK,OK
2026-08-15T22:49:07.732726Z,2474,244.2,2991,OK,OK,OK
2026-08-15T22:49:13.233309Z,2472,244.2,2991,OK,OK,OK
2026-08-15T22:49:18.745035Z,2468,244.3,2991,OK,OK,OK
2026-08-15T22:49:24.230386Z,2470,244.3,2991,OK,OK,OK
2026-08-15T22:49:29.755097Z,2473,244.3,2991,OK,OK,OK
2026-08-15T22:49:35.277818Z,2465,244.0,2991,OK,OK,OK
2026-08-15T22:49:40.795336Z,2506,244.3,2991,OK,OK,OK
2026-08-15T22:49:46.304293Z,2466,244.3,2991,OK,OK,OK
2026-08-15T22:49:51.827245Z,2453,243.0,2991,OK,OK,OK
2026-08-15T22:49:57.339168Z,2456,243.4,2991,OK,OK,OK
2026-08-15T22:50:02.870990Z,2453,243.4,2991,OK,OK,OK
2026-08-15T22:50:08.358844Z,2462,243.6,2991,OK,OK,OK
2026-08-15T22:50:13.888907Z,2455,243.5,2991,OK,OK,OK
2026-08-15T22:50:19.373582Z,2462,243.5,2991,OK,OK,OK
2026-08-15T22:50:24.870222Z,2466,243.7,2991,OK,OK,OK
2026-08-15T22:50:30.391216Z,2457,243.7,2991,OK,OK,OK
2026-08-15T22:50:35.908165Z,2462,243.7,2991,OK,OK,OK
2026-08-15T22:50:41.379503Z,2462,243.6,2991,OK,OK,OK
2026-08-15T22:50:46.900496Z,2473,243.7,2991,OK,OK,OK
2026-08-15T22:50:52.418840Z,2459,243.5,2991,OK,OK,OK
2026-08-15T22:50:57.905337Z,2464,243.7,2991,OK,OK,OK
2026-08-15T22:51:03.458829Z,2473,243.7,2991,OK,OK,OK
2026-08-15T22:51:08.969509Z,2472,243.7,2991,OK,OK,OK
2026-08-15T22:51:14.464481Z,2473,243.7,2991,OK,OK,OK
2026-08-15T22:51:20.002312Z,2474,243.6,2991,OK,OK,OK
2026-08-15T22:51:25.497912Z,2488,243.7,2991,OK,OK,OK
2026-08-15T22:51:31.001307Z,2473,243.7,2991,OK,OK,OK
2026-08-15T22:51:36.507132Z,2485,243.7,2991,OK,OK,OK
2026-08-15T22:51:41.970062Z,2481,243.5,2991,OK,OK,OK
2026-08-15T22:51:47.450037Z,2478,243.6,2991,OK,OK,OK
2026-08-15T22:51:52.957426Z,2481,243.4,2991,OK,OK,OK
2026-08-15T22:51:58.400633Z,2487,243.6,2991,OK,OK,OK
2026-08-15T22:52:03.917933Z,2482,243.7,2991,OK,OK,OK
2026-08-15T22:52:09.381228Z,2491,243.6,2991,OK,OK,OK
2026-08-15T22:52:14.904491Z,4021,242.9,2991,OK,OK,OK
2026-08-15T22:52:20.393484Z,4022,242.8,2991,OK,OK,OK
2026-08-15T22:52:25.877287Z,4038,242.9,2991,OK,OK,OK
2026-08-15T22:52:31.406562Z,4043,242.9,2991,OK,OK,OK
2026-08-15T22:52:36.928246Z,4043,242.8,2991,OK,OK,OK
2026-08-15T22:52:42.416403Z,4033,242.8,2991,OK,OK,OK
2026-08-15T22:52:47.914399Z,4056,242.8,2991,OK,OK,OK
2026-08-15T22:52:53.414211Z,4032,242.8,2991,OK,OK,OK
2026-08-15T22:52:58.931946Z,4063,242.7,2991,OK,OK,OK
2026-08-15T22:53:04.441471Z,4085,242.8,2991,OK,OK,OK
2026-08-15T22:53:09.963252Z,4074,242.8,2991,OK,OK,OK
2026-08-15T22:53:15.470293Z,4058,242.8,2991,OK,OK,OK
2026-08-15T22:53:20.973545Z,4059,242.7,2991,OK,OK,OK
2026-08-15T22:53:26.497170Z,4076,242.7,2991,OK,OK,OK
2026-08-15T22:53:32.015561Z,4053,242.7,2991,OK,OK,OK
2026-08-15T22:53:37.506381Z,4054,242.7,2991,OK,OK,OK
2026-08-15T22:53:43.013312Z,4047,242.7,2991,OK,OK,OK
2026-08-15T22:53:48.529055Z,4055,242.7,2991,OK,OK,OK
2026-08-15T22:53:54.019894Z,4046,242.7,2991,OK,OK,OK
2026-08-15T22:53:59.508150Z,4049,242.7,2991,OK,OK,OK
2026-08-15T22:54:05.026377Z,4054,242.7,2991,OK,OK,OK
2026-08-15T22:54:10.513738Z,4074,242.6,2991,OK,OK,OK
2026-08-15T22:54:16.074226Z,4081,242.7,2991,OK,OK,OK
2026-08-15T22:54:21.559473Z,4067,242.7,2991,OK,OK,OK
2026-08-15T22:54:27.062289Z,4072,242.7,2991,OK,OK,OK
2026-08-15T22:54:32.558692Z,4075,242.7,2991,OK,OK,OK
2026-08-15T22:54:38.078656Z,4085,242.7,2991,OK,OK,OK
2026-08-15T22:54:43.573852Z,4086,242.7,2991,OK,OK,OK
2026-08-15T22:54:49.068772Z,4075,242.7,2991,OK,OK,OK
2026-08-15T22:54:54.565235Z,4084,242.7,2991,OK,OK,OK
2026-08-15T22:55:00.035506Z,4085,242.7,2991,OK,OK,OK
2026-08-15T22:55:05.517087Z,4085,242.7,2991,OK,OK,OK
2026-08-15T22:55:11.040110Z,4084,242.7,2991,OK,OK,OK
2026-08-15T22:55:16.559391Z,4086,242.7,2991,OK,OK,OK
2026-08-15T22:55:22.066209Z,4081,242.7,2991,OK,OK,OK
2026-08-15T22:55:27.553453Z,4083,242.7,2991,OK,OK,OK
2026-08-15T22:55:33.055547Z,4087,242.7,2991,OK,OK,OK
2026-08-15T22:55:38.568506Z,4084,242.6,2991,OK,OK,OK
2026-08-15T22:55:44.060009Z,4084,242.6,2991,OK,OK,OK
2026-08-15T22:55:49.545081Z,4080,242.7,2991,OK,OK,OK
2026-08-15T22:55:55.039076Z,4081,242.7,2991,OK,OK,OK
2026-08-15T22:56:00.540252Z,4084,242.8,2991,OK,OK,OK
2026-08-15T22:56:06.024835Z,4092,242.8,2991,OK,OK,OK
2026-08-15T22:56:11.558274Z,4080,242.7,2991,OK,OK,OK
2026-08-15T22:56:17.111852Z,4082,242.6,2235,OK,OK,OK
2026-08-15T22:56:22.618788Z,4078,242.6,2235,OK,OK,OK
2026-08-15T22:56:28.123595Z,4080,242.6,2235,OK,OK,OK
2026-08-15T22:56:33.629865Z,4080,242.6,2235,OK,OK,OK
2026-08-15T22:56:39.151077Z,4086,242.6,2235,OK,OK,OK
2026-08-15T22:56:44.644386Z,4083,242.6,2235,OK,OK,OK
2026-08-15T22:56:50.119566Z,4087,242.6,2235,OK,OK,OK
2026-08-15T22:56:55.589596Z,4091,242.6,2235,OK,OK,OK
2026-08-15T22:57:01.100880Z,4073,242.6,2235,OK,OK,OK
2026-08-15T22:57:06.597906Z,4098,242.6,2235,OK,OK,OK
2026-08-15T22:57:12.120273Z,4086,242.4,2235,OK,OK,OK
2026-08-15T22:57:17.628439Z,4081,242.6,2235,OK,OK,OK
2026-08-15T22:57:23.148655Z,4082,242.6,2235,OK,OK,OK
2026-08-15T22:57:28.680246Z,4080,242.5,2235,OK,OK,OK
2026-08-15T22:57:34.190278Z,4083,242.5,2235,OK,OK,OK
2026-08-15T22:57:39.723814Z,4087,242.5,2235,OK,OK,OK
2026-08-15T22:57:45.211920Z,4086,242.5,2235,OK,OK,OK
2026-08-15T22:57:50.738403Z,4087,242.5,2235,OK,OK,OK
2026-08-15T22:57:56.258753Z,4086,242.6,2235,OK,OK,OK
2026-08-15T22:58:01.814080Z,4085,242.6,2235,OK,OK,OK
2026-08-15T22:58:07.302188Z,4088,242.6,2235,OK,OK,OK
2026-08-15T22:58:12.810551Z,4083,242.6,2235,OK,OK,OK
2026-08-15T22:58:18.325089Z,4076,242.6,2235,OK,OK,OK
2026-08-15T22:58:23.847670Z,4078,242.4,2235,OK,OK,OK
2026-08-15T22:58:29.366091Z,4086,242.5,2235,OK,OK,OK
2026-08-15T22:58:34.867528Z,4076,242.5,2235,OK,OK,OK
2026-08-15T22:58:40.353282Z,4088,242.5,2235,OK,OK,OK
2026-08-15T22:58:45.835737Z,4102,242.5,2235,OK,OK,OK
2026-08-15T22:58:51.344562Z,4101,242.5,2235,OK,OK,OK
2026-08-15T22:58:56.872411Z,4107,242.5,2235,OK,OK,OK
2026-08-15T22:59:02.329309Z,4094,242.5,2235,OK,OK,OK
2026-08-15T22:59:07.797749Z,4097,242.5,2235,OK,OK,OK
2026-08-15T22:59:13.326230Z,4085,242.4,2235,OK,OK,OK
2026-08-15T22:59:18.796327Z,4093,242.5,2235,OK,OK,OK
2026-08-15T22:59:24.292552Z,4094,242.5,2235,OK,OK,OK
2026-08-15T22:59:29.806003Z,4124,243.2,2235,OK,OK,OK
2026-08-15T22:59:35.317399Z,4108,243.1,2235,OK,OK,OK
2026-08-15T22:59:40.804610Z,4118,243.1,2235,OK,OK,OK
2026-08-15T22:59:46.289048Z,4119,243.2,2235,OK,OK,OK
2026-08-15T22:59:51.743975Z,4105,243.2,2235,OK,OK,OK
2026-08-15T22:59:57.270828Z,4110,243.1,2235,OK,OK,OK
2026-08-15T23:00:02.753891Z,4111,243.2,2235,OK,OK,OK
2026-08-15T23:00:08.286858Z,4106,243.1,2235,OK,OK,OK
2026-08-15T23:00:13.803228Z,4116,243.0,2235,OK,OK,OK
2026-08-15T23:00:19.313053Z,4114,243.0,2235,OK,OK,OK
2026-08-15T23:00:24.799841Z,4124,243.0,2235,OK,OK,OK
2026-08-15T23:00:30.298564Z,4100,243.0,2235,OK,OK,OK
2026-08-15T23:00:35.796455Z,4105,242.9,2235,OK,OK,OK
2026-08-15T23:00:41.280541Z,4110,243.0,2235,OK,OK,OK
2026-08-15T23:00:46.830221Z,4111,243.0,2235,OK,OK,OK
2026-08-15T23:00:52.392281Z,4111,243.0,2235,OK,OK,OK
2026-08-15T23:00:57.916531Z,2506,243.7,2235,OK,OK,OK
2026-08-15T23:01:03.440349Z,2513,244.1,2235,OK,OK,OK
2026-08-15T23:01:08.949163Z,2507,244.0,2235,OK,OK,OK
2026-08-15T23:01:14.533329Z,2520,244.0,2235,OK,OK,OK
2026-08-15T23:01:20.004573Z,2507,244.1,2235,OK,OK,OK
2026-08-15T23:01:25.526686Z,2503,244.0,2235,OK,OK,OK
2026-08-15T23:01:31.003262Z,2495,244.1,2235,OK,OK,OK
2026-08-15T23:01:36.511550Z,2530,244.0,2235,OK,OK,OK
2026-08-15T23:01:42.048800Z,2512,244.2,2235,OK,OK,OK
2026-08-15T23:01:47.583821Z,2496,244.3,2235,OK,OK,OK
2026-08-15T23:01:53.102333Z,2494,244.3,2235,OK,OK,OK
2026-08-15T23:01:58.623582Z,2486,244.3,2235,OK,OK,OK
2026-08-15T23:02:04.134903Z,2482,244.3,2235,OK,OK,OK
2026-08-15T23:02:09.657689Z,2505,244.3,2235,OK,OK,OK
2026-08-15T23:02:15.149812Z,2488,244.2,2235,OK,OK,OK
2026-08-15T23:02:20.682563Z,2482,244.3,2235,OK,OK,OK
2026-08-15T23:02:26.186242Z,2480,244.3,2235,OK,OK,OK
2026-08-15T23:02:31.693934Z,2480,244.3,2235,OK,OK,OK
2026-08-15T23:02:37.243994Z,2491,244.3,2235,OK,OK,OK
2026-08-15T23:02:42.752932Z,2479,244.2,2235,OK,OK,OK
2026-08-15T23:02:48.253816Z,2480,244.3,2235,OK,OK,OK
2026-08-15T23:02:53.749219Z,2463,244.2,2235,OK,OK,OK
2026-08-15T23:02:59.249629Z,2482,244.2,2235,OK,OK,OK
2026-08-15T23:03:04.751765Z,2486,244.3,2235,OK,OK,OK
2026-08-15T23:03:10.286306Z,2486,244.2,2235,OK,OK,OK
2026-08-15T23:03:15.811402Z,2465,244.2,2235,OK,OK,OK
2026-08-15T23:03:21.327010Z,2461,244.2,2235,OK,OK,OK
2026-08-15T23:03:26.802241Z,2466,244.2,2235,OK,OK,OK
2026-08-15T23:03:32.319721Z,2476,244.2,2235,OK,OK,OK
2026-08-15T23:03:37.875534Z,2475,244.2,2235,OK,OK,OK
2026-08-15T23:03:43.357736Z,2472,244.2,2235,OK,OK,OK
2026-08-15T23:03:48.893102Z,2481,244.2,2235,OK,OK,OK
2026-08-15T23:03:54.424041Z,2477,244.2,2235,OK,OK,OK
2026-08-15T23:03:59.952756Z,2477,244.2,2235,OK,OK,OK
2026-08-15T23:04:05.446305Z,2475,244.2,2235,OK,OK,OK
2026-08-15T23:04:10.965998Z,2465,244.2,2235,OK,OK,OK
2026-08-15T23:04:16.426855Z,2467,244.2,2235,OK,OK,OK
2026-08-15T23:04:21.931857Z,2470,244.1,2235,OK,OK,OK
2026-08-15T23:04:27.433358Z,2466,244.1,2235,OK,OK,OK
2026-08-15T23:04:32.937213Z,2480,244.1,2235,OK,OK,OK
2026-08-15T23:04:38.402866Z,2466,243.9,2235,OK,OK,OK
2026-08-15T23:04:43.886103Z,2466,244.2,2235,OK,OK,OK
2026-08-15T23:04:49.398905Z,2469,244.1,2235,OK,OK,OK
2026-08-15T23:04:54.864848Z,2459,244.1,2235,OK,OK,OK
2026-08-15T23:05:00.373426Z,2451,244.3,2235,OK,OK,OK
2026-08-15T23:05:05.845907Z,2473,244.2,2235,OK,OK,OK
2026-08-15T23:05:11.352275Z,2470,244.2,2235,OK,OK,OK
2026-08-15T23:05:16.858290Z,2472,244.2,2235,OK,OK,OK
2026-08-15T23:05:22.362855Z,2455,244.2,2235,OK,OK,OK
2026-08-15T23:05:27.840676Z,2452,244.2,2235,OK,OK,OK
2026-08-15T23:05:33.358391Z,2469,244.1,2235,OK,OK,OK
2026-08-15T23:05:38.838920Z,2463,244.1,2235,OK,OK,OK
2026-08-15T23:05:44.335928Z,2466,244.1,2235,OK,OK,OK
2026-08-15T23:05:49.875489Z,2465,244.1,2235,OK,OK,OK
2026-08-15T23:05:55.397547Z,2462,243.7,2235,OK,OK,OK
2026-08-15T23:06:00.876614Z,2457,243.5,2235,OK,OK,OK
2026-08-15T23:06:06.399911Z,2478,243.3,2235,OK,OK,OK
2026-08-15T23:06:11.904900Z,2459,243.4,2235,OK,OK,OK
2026-08-15T23:06:17.437958Z,2458,243.3,2235,OK,OK,OK
2026-08-15T23:06:22.954323Z,2457,243.4,2235,OK,OK,OK
2026-08-15T23:06:28.475036Z,2460,243.3,2235,OK,OK,OK
2026-08-15T23:06:33.983361Z,2461,243.4,2235,OK,OK,OK
2026-08-15T23:06:39.514808Z,2455,243.3,2235,OK,OK,OK
2026-08-15T23:06:45.008753Z,2457,243.4,2235,OK,OK,OK
2026-08-15T23:06:50.514401Z,2453,243.5,2235,OK,OK,OK
2026-08-15T23:06:56.056480Z,2456,243.4,2235,OK,OK,OK
2026-08-15T23:07:01.569829Z,2450,243.4,2235,OK,OK,OK
2026-08-15T23:07:07.081571Z,2457,243.5,2235,OK,OK,OK
2026-08-15T23:07:12.594820Z,2462,243.4,2235,OK,OK,OK
2026-08-15T23:07:18.128827Z,2458,243.5,2235,OK,OK,OK
2026-08-15T23:07:23.613085Z,2453,243.5,2235,OK,OK,OK
2026-08-15T23:07:29.122919Z,2451,243.5,2235,OK,OK,OK
2026-08-15T23:07:34.646961Z,2449,243.5,2235,OK,OK,OK
2026-08-15T23:07:40.119786Z,2454,243.5,2235,OK,OK,OK
2026-08-15T23:07:45.613103Z,2452,243.5,2235,OK,OK,OK
2026-08-15T23:07:51.128156Z,2457,243.5,2235,OK,OK,OK
2026-08-15T23:07:56.650460Z,2459,243.5,2235,OK,OK,OK
2026-08-15T23:08:02.141564Z,2453,243.4,2235,OK,OK,OK
2026-08-15T23:08:07.624204Z,2457,243.4,2235,OK,OK,OK
2026-08-15T23:08:13.119478Z,2450,243.4,2235,OK,OK,OK
2026-08-15T23:08:18.647629Z,2455,243.4,2235,OK,OK,OK
2026-08-15T23:08:24.156002Z,2368,243.4,2235,OK,OK,OK
2026-08-15T23:08:29.677680Z,2375,243.4,2235,OK,OK,OK
2026-08-15T23:08:35.165228Z,2371,243.4,2235,OK,OK,OK
2026-08-15T23:08:40.659400Z,2372,243.4,2235,OK,OK,OK
2026-08-15T23:08:46.182491Z,2375,243.4,2235,OK,OK,OK
2026-08-15T23:08:51.655608Z,2382,243.4,2235,OK,OK,OK
2026-08-15T23:08:57.175633Z,2373,243.4,2235,OK,OK,OK
2026-08-15T23:09:02.648926Z,2370,243.4,2235,OK,OK,OK
2026-08-15T23:09:08.151398Z,2373,243.7,2235,OK,OK,OK
2026-08-15T23:09:13.633283Z,2366,242.7,2235,OK,OK,OK
2026-08-15T23:09:19.168711Z,2360,242.7,2235,OK,OK,OK
2026-08-15T23:09:24.629571Z,2350,242.7,2235,OK,OK,OK
2026-08-15T23:09:30.171031Z,2351,242.6,2235,OK,OK,OK
2026-08-15T23:09:35.642267Z,2340,242.7,2235,OK,OK,OK
2026-08-15T23:09:41.140557Z,2361,242.7,2235,OK,OK,OK
2026-08-15T23:09:46.590755Z,2368,242.7,2235,OK,OK,OK
2026-08-15T23:09:52.130593Z,2370,242.7,2235,OK,OK,OK
2026-08-15T23:09:57.603721Z,2364,242.7,2235,OK,OK,OK
2026-08-15T23:10:03.123284Z,2356,242.7,2235,OK,OK,OK
2026-08-15T23:10:08.617179Z,2355,242.6,2235,OK,OK,OK
2026-08-15T23:10:14.131773Z,2356,242.6,2235,OK,OK,OK
2026-08-15T23:10:19.613388Z,2356,242.7,2235,OK,OK,OK
2026-08-15T23:10:25.134466Z,2356,242.7,2235,OK,OK,OK
2026-08-15T23:10:30.642304Z,2353,242.7,2235,OK,OK,OK
2026-08-15T23:10:36.137816Z,2361,242.7,2235,OK,OK,OK
2026-08-15T23:10:41.664813Z,2362,242.7,2235,OK,OK,OK
2026-08-15T23:10:47.176421Z,2358,242.5,2235,OK,OK,OK
2026-08-15T23:10:52.688496Z,2349,242.5,2235,OK,OK,OK
2026-08-15T23:10:58.234697Z,2355,242.6,2235,OK,OK,OK
2026-08-15T23:11:03.728470Z,2355,242.6,2235,OK,OK,OK
2026-08-15T23:11:09.212224Z,2356,242.5,2235,OK,OK,OK
2026-08-15T23:11:14.763096Z,2356,242.5,2235,OK,OK,OK
2026-08-15T23:11:20.259923Z,2360,242.6,2235,OK,OK,OK
2026-08-15T23:11:25.763698Z,2353,242.8,2235,OK,OK,OK
2026-08-15T23:11:31.263343Z,2356,242.8,2235,OK,OK,OK
2026-08-15T23:11:36.784024Z,2361,242.7,1378,OK,OK,OK
2026-08-15T23:11:42.277913Z,2359,242.8,1378,OK,OK,OK
2026-08-15T23:11:47.769471Z,2366,242.8,1378,OK,OK,OK
2026-08-15T23:11:53.262148Z,2361,242.9,1378,OK,OK,OK
2026-08-15T23:11:58.756990Z,2364,242.9,1378,OK,OK,OK
2026-08-15T23:12:04.242912Z,2363,242.8,1378,OK,OK,OK
2026-08-15T23:12:09.751016Z,2354,242.9,1378,OK,OK,OK
2026-08-15T23:12:15.240120Z,2375,243.0,1378,OK,OK,OK
2026-08-15T23:12:20.718197Z,2356,242.9,1378,OK,OK,OK
2026-08-15T23:12:26.184392Z,2367,242.9,1378,OK,OK,OK
2026-08-15T23:12:31.707071Z,2360,242.9,1378,OK,OK,OK
2026-08-15T23:12:37.170831Z,2365,243.0,1378,OK,OK,OK
2026-08-15T23:12:42.647940Z,2358,243.0,1378,OK,OK,OK
2026-08-15T23:12:48.097394Z,2357,243.0,1378,OK,OK,OK
2026-08-15T23:12:53.589259Z,2492,243.0,1378,OK,OK,OK
2026-08-15T23:12:59.094438Z,2485,242.9,1378,OK,OK,OK
2026-08-15T23:13:04.581692Z,2484,242.9,1378,OK,OK,OK
2026-08-15T23:13:10.096992Z,2481,242.9,1378,OK,OK,OK
2026-08-15T23:13:15.575337Z,2481,242.8,1378,OK,OK,OK
2026-08-15T23:13:21.041713Z,2474,242.9,1378,OK,OK,OK
2026-08-15T23:13:26.536578Z,2482,242.8,1378,OK,OK,OK
2026-08-15T23:13:32.007913Z,2477,242.8,1378,OK,OK,OK
2026-08-15T23:13:37.512359Z,2485,242.8,1378,OK,OK,OK
2026-08-15T23:13:43.004145Z,2478,242.9,1378,OK,OK,OK
2026-08-15T23:13:48.492963Z,2484,242.9,1378,OK,OK,OK
2026-08-15T23:13:53.997669Z,2483,242.9,1378,OK,OK,OK
2026-08-15T23:13:59.488752Z,2485,243.0,1378,OK,OK,OK
2026-08-15T23:14:04.999218Z,2472,242.9,1378,OK,OK,OK
2026-08-15T23:14:10.428909Z,2471,242.8,1378,OK,OK,OK
2026-08-15T23:14:15.994926Z,2372,243.0,1378,OK,OK,OK
2026-08-15T23:14:21.457194Z,2375,243.3,1378,OK,OK,OK
2026-08-15T23:14:26.922354Z,2375,243.4,1378,OK,OK,OK
2026-08-15T23:14:32.389138Z,2372,243.4,1378,OK,OK,OK
2026-08-15T23:14:37.912330Z,2386,243.4,1378,OK,OK,OK
2026-08-15T23:14:43.386369Z,2370,243.4,1378,OK,OK,OK
2026-08-15T23:14:48.871555Z,2372,243.3,1378,OK,OK,OK
2026-08-15T23:14:54.382820Z,2384,243.3,1378,OK,OK,OK
2026-08-15T23:14:59.892941Z,2380,243.5,1378,OK,OK,OK
2026-08-15T23:15:05.410941Z,2384,243.5,1378,OK,OK,OK
2026-08-15T23:15:10.931199Z,2376,243.5,1378,OK,OK,OK
2026-08-15T23:15:16.423123Z,2367,243.5,1378,OK,OK,OK
2026-08-15T23:15:21.942108Z,2374,243.5,1378,OK,OK,OK
2026-08-15T23:15:27.467997Z,2375,243.5,1378,OK,OK,OK
2026-08-15T23:15:32.977281Z,2374,243.5,1378,OK,OK,OK
2026-08-15T23:15:38.496938Z,2380,243.3,1378,OK,OK,OK
2026-08-15T23:15:43.996471Z,2368,243.3,1378,OK,OK,OK
2026-08-15T23:15:49.480615Z,2377,243.5,1378,OK,OK,OK
2026-08-15T23:15:54.961515Z,2374,243.7,1378,OK,OK,OK
2026-08-15T23:16:00.502007Z,2379,243.8,1378,OK,OK,OK
2026-08-15T23:16:06.014300Z,2382,243.8,1378,OK,OK,OK
2026-08-15T23:16:11.502456Z,2376,243.8,1378,OK,OK,OK
2026-08-15T23:16:17.029557Z,3854,243.1,1378,OK,OK,OK
2026-08-15T23:16:22.564098Z,3958,243.1,1378,OK,OK,OK
2026-08-15T23:16:28.083783Z,3931,243.0,1378,OK,OK,OK
2026-08-15T23:16:33.617999Z,3923,243.0,1378,OK,OK,OK
2026-08-15T23:16:39.148736Z,3917,243.0,1378,OK,OK,OK
2026-08-15T23:16:44.638231Z,3922,243.1,1378,OK,OK,OK
2026-08-15T23:16:50.178181Z,3927,242.8,1378,OK,OK,OK
2026-08-15T23:16:55.669243Z,3973,243.0,1378,OK,OK,OK
2026-08-15T23:17:01.188356Z,3962,243.0,1378,OK,OK,OK
2026-08-15T23:17:06.689012Z,3951,243.1,1378,OK,OK,OK
2026-08-15T23:17:12.202835Z,3932,243.0,1378,OK,OK,OK
2026-08-15T23:17:17.707716Z,3922,243.2,1378,OK,OK,OK
2026-08-15T23:17:23.189438Z,3917,243.2,1378,OK,OK,OK
2026-08-15T23:17:28.699378Z,3943,243.1,1378,OK,OK,OK
2026-08-15T23:17:34.186794Z,3942,243.2,1378,OK,OK,OK
2026-08-15T23:17:39.711324Z,3939,243.2,1378,OK,OK,OK
2026-08-15T23:17:45.197208Z,3935,243.3,1378,OK,OK,OK
2026-08-15T23:17:50.681336Z,3923,243.3,1378,OK,OK,OK
2026-08-15T23:17:56.188463Z,3937,243.4,1378,OK,OK,OK
2026-08-15T23:18:01.690986Z,3933,243.4,1378,OK,OK,OK
2026-08-15T23:18:07.188702Z,3965,243.2,1378,OK,OK,OK
2026-08-15T23:18:12.701336Z,3950,243.8,1378,OK,OK,OK
2026-08-15T23:18:18.180401Z,3966,243.9,1378,OK,OK,OK
2026-08-15T23:18:23.713712Z,3963,243.9,1378,OK,OK,OK
2026-08-15T23:18:29.245688Z,3973,243.8,1378,OK,OK,OK
2026-08-15T23:18:34.712727Z,3953,243.8,1378,OK,OK,OK
2026-08-15T23:18:40.201105Z,3974,243.8,1378,OK,OK,OK
2026-08-15T23:18:45.737436Z,3967,243.8,1378,OK,OK,OK
2026-08-15T23:18:51.228630Z,3962,243.8,1378,OK,OK,OK
2026-08-15T23:18:56.720366Z,3975,243.9,1378,OK,OK,OK
2026-08-15T23:19:02.172045Z,3968,243.8,1378,OK,OK,OK
2026-08-15T23:19:07.682767Z,3972,243.8,1378,OK,OK,OK
2026-08-15T23:19:13.199865Z,3981,243.8,1378,OK,OK,OK
2026-08-15T23:19:18.688706Z,3988,243.7,1378,OK,OK,OK
2026-08-15T23:19:24.178611Z,3984,243.7,1378,OK,OK,OK
2026-08-15T23:19:29.696790Z,3979,243.7,1378,OK,OK,OK
2026-08-15T23:19:35.254921Z,3978,243.7,1378,OK,OK,OK
2026-08-15T23:19:40.738066Z,3992,244.0,1378,OK,OK,OK
2026-08-15T23:19:46.265065Z,3997,244.2,1378,OK,OK,OK
2026-08-15T23:19:51.799447Z,3986,244.3,1378,OK,OK,OK
2026-08-15T23:19:57.279169Z,3991,244.3,1378,OK,OK,OK
2026-08-15T23:20:02.804966Z,3996,244.3,1378,OK,OK,OK
2026-08-15T23:20:08.346856Z,3991,244.3,1378,OK,OK,OK
2026-08-15T23:20:13.883610Z,3990,244.3,1378,OK,OK,OK
2026-08-15T23:20:19.392696Z,3990,244.3,1378,OK,OK,OK
2026-08-15T23:20:24.898172Z,3991,244.3,1378,OK,OK,OK
2026-08-15T23:20:30.415366Z,3993,244.2,1378,OK,OK,OK
2026-08-15T23:20:35.910399Z,3990,244.2,1378,OK,OK,OK
2026-08-15T23:20:41.376134Z,3998,244.2,1378,OK,OK,OK
2026-08-15T23:20:46.892772Z,3992,244.2,1378,OK,OK,OK
2026-08-15T23:20:52.414541Z,4000,244.3,1378,OK,OK,OK
2026-08-15T23:20:57.932302Z,3993,244.1,1378,OK,OK,OK
2026-08-15T23:21:03.432888Z,3991,244.1,1378,OK,OK,OK
2026-08-15T23:21:08.953538Z,4000,244.1,1378,OK,OK,OK
2026-08-15T23:21:14.461710Z,3988,244.1,1378,OK,OK,OK
2026-08-15T23:21:19.996469Z,3991,244.1,1378,OK,OK,OK
2026-08-15T23:21:25.488801Z,3973,244.0,1378,OK,OK,OK
2026-08-15T23:21:31.041491Z,3977,244.1,1378,OK,OK,OK
2026-08-15T23:21:36.554157Z,3993,244.0,1378,OK,OK,OK
2026-08-15T23:21:42.056859Z,3982,244.0,1378,OK,OK,OK
2026-08-15T23:21:47.601072Z,3996,244.0,1378,OK,OK,OK
2026-08-15T23:21:53.130982Z,3994,244.0,1378,OK,OK,OK
2026-08-15T23:21:58.628288Z,3988,243.9,1378,OK,OK,OK
2026-08-15T23:22:04.105858Z,3992,244.0,1378,OK,OK,OK
2026-08-15T23:22:09.611674Z,3977,243.9,1378,OK,OK,OK
2026-08-15T23:22:15.126935Z,3995,244.0,1378,OK,OK,OK
2026-08-15T23:22:20.638373Z,3986,244.0,1378,OK,OK,OK
2026-08-15T23:22:26.162294Z,4004,244.0,1378,OK,OK,OK
2026-08-15T23:22:31.642620Z,3989,244.0,1378,OK,OK,OK
2026-08-15T23:22:37.163673Z,3993,244.0,1378,OK,OK,OK
2026-08-15T23:22:42.691129Z,3999,244.1,1378,OK,OK,OK
2026-08-15T23:22:48.211189Z,3980,243.9,1378,OK,OK,OK
2026-08-15T23:22:53.751795Z,3990,243.9,1378,OK,OK,OK
2026-08-15T23:22:59.277076Z,3994,244.0,1378,OK,OK,OK
2026-08-15T23:23:04.756714Z,3989,243.9,1378,OK,OK,OK
2026-08-15T23:23:10.258915Z,4019,244.0,1378,OK,OK,OK
2026-08-15T23:23:15.774724Z,4000,244.0,1378,OK,OK,OK
2026-08-15T23:23:21.292598Z,3992,244.0,1378,OK,OK,OK
2026-08-15T23:23:26.798936Z,3984,244.0,1378,OK,OK,OK
2026-08-15T23:23:32.323855Z,3986,243.9,1378,OK,OK,OK
2026-08-15T23:23:37.859763Z,3984,244.0,1378,OK,OK,OK
2026-08-15T23:23:43.368332Z,3974,244.0,1378,OK,OK,OK
2026-08-15T23:23:48.835830Z,3978,244.0,1378,OK,OK,OK
2026-08-15T23:23:54.402652Z,3986,244.0,1378,OK,OK,OK
2026-08-15T23:23:59.903768Z,3967,244.0,1378,OK,OK,OK
2026-08-15T23:24:05.377224Z,3991,244.0,1378,OK,OK,OK
2026-08-15T23:24:10.919298Z,3993,244.1,1378,OK,OK,OK
2026-08-15T23:24:16.430905Z,3994,244.1,1378,OK,OK,OK
2026-08-15T23:24:21.947821Z,3984,244.1,1378,OK,OK,OK
2026-08-15T23:24:27.383956Z,3978,244.1,1378,OK,OK,OK
2026-08-15T23:24:32.882665Z,3994,244.2,1378,OK,OK,OK
2026-08-15T23:24:38.380655Z,2494,244.8,1378,OK,OK,OK
2026-08-15T23:24:43.894739Z,2471,244.9,1378,OK,OK,OK
2026-08-15T23:24:49.423953Z,2487,245.0,1378,OK,OK,OK
2026-08-15T23:24:54.926105Z,2494,245.1,1378,OK,OK,OK
2026-08-15T23:25:00.436782Z,2490,244.9,1378,OK,OK,OK
2026-08-15T23:25:05.960203Z,2510,244.9,1378,OK,OK,OK
2026-08-15T23:25:11.432461Z,2499,244.9,1378,OK,OK,OK
2026-08-15T23:25:16.958433Z,2498,244.8,1378,OK,OK,OK
2026-08-15T23:25:22.475682Z,2494,244.7,1378,OK,OK,OK
2026-08-15T23:25:27.975594Z,2496,244.7,1378,OK,OK,OK
2026-08-15T23:25:33.513808Z,2489,244.6,1378,OK,OK,OK
2026-08-15T23:25:39.027022Z,2494,244.7,1378,OK,OK,OK
2026-08-15T23:25:44.531943Z,2492,244.6,1378,OK,OK,OK
2026-08-15T23:25:50.035031Z,2490,244.6,1378,OK,OK,OK
2026-08-15T23:25:55.532534Z,2488,244.6,1378,OK,OK,OK
2026-08-15T23:26:01.027565Z,2483,244.6,1378,OK,OK,OK
2026-08-15T23:26:06.536835Z,2494,244.6,1378,OK,OK,OK
2026-08-15T23:26:12.037306Z,2471,244.6,1378,OK,OK,OK
2026-08-15T23:26:17.551095Z,2486,244.6,1378,OK,OK,OK
2026-08-15T23:26:23.059797Z,2486,244.6,1378,OK,OK,OK
2026-08-15T23:26:28.589224Z,2477,244.6,1378,OK,OK,OK
2026-08-15T23:26:34.114912Z,2466,244.6,1378,OK,OK,OK
2026-08-15T23:26:39.592201Z,2479,244.7,1378,OK,OK,OK
2026-08-15T23:26:45.129581Z,2473,244.8,1378,OK,OK,OK
2026-08-15T23:26:50.643738Z,2477,244.7,1378,OK,OK,OK
2026-08-15T23:26:56.150151Z,2454,244.7,785,OK,OK,OK
2026-08-15T23:27:01.647855Z,2474,244.7,785,OK,OK,OK
2026-08-15T23:27:07.198853Z,2485,244.7,785,OK,OK,OK
2026-08-15T23:27:12.694488Z,2487,244.8,785,OK,OK,OK
2026-08-15T23:27:18.210681Z,2472,244.7,785,OK,OK,OK
2026-08-15T23:27:23.752507Z,2467,244.7,785,OK,OK,OK
2026-08-15T23:27:29.259060Z,2462,244.7,785,OK,OK,OK
2026-08-15T23:27:34.769845Z,2456,244.6,785,OK,OK,OK
2026-08-15T23:27:40.262818Z,2456,244.6,785,OK,OK,OK
2026-08-15T23:27:45.786124Z,2474,244.6,785,OK,OK,OK
2026-08-15T23:27:51.296196Z,2461,244.6,785,OK,OK,OK
2026-08-15T23:27:56.829201Z,2471,244.6,785,OK,OK,OK
2026-08-15T23:28:02.375212Z,2476,244.5,785,OK,OK,OK
2026-08-15T23:28:07.846798Z,2475,244.4,785,OK,OK,OK
2026-08-15T23:28:13.377706Z,2456,244.3,785,OK,OK,OK
2026-08-15T23:28:18.907348Z,2473,244.4,785,OK,OK,OK
2026-08-15T23:28:24.425627Z,2474,244.2,785,OK,OK,OK
2026-08-15T23:28:29.946780Z,2459,243.4,785,OK,OK,OK
2026-08-15T23:28:35.451518Z,2456,243.1,785,OK,OK,OK
2026-08-15T23:28:40.985678Z,2449,243.1,785,OK,OK,OK
2026-08-15T23:28:46.501255Z,2448,243.0,785,OK,OK,OK
2026-08-15T23:28:51.972756Z,2449,243.1,785,OK,OK,OK
2026-08-15T23:28:57.476111Z,2460,243.0,785,OK,OK,OK
2026-08-15T23:29:03.012194Z,2448,243.0,785,OK,OK,OK
2026-08-15T23:29:08.487708Z,2455,242.7,785,OK,OK,OK
2026-08-15T23:29:14.027978Z,2453,242.8,785,OK,OK,OK
2026-08-15T23:29:19.520488Z,2459,242.7,785,OK,OK,OK
2026-08-15T23:29:25.040665Z,2453,242.7,785,OK,OK,OK
2026-08-15T23:29:30.533121Z,2453,242.7,785,OK,OK,OK
2026-08-15T23:29:36.026335Z,2461,242.8,785,OK,OK,OK
2026-08-15T23:29:41.503499Z,2470,242.9,785,OK,OK,OK
2026-08-15T23:29:47.015663Z,2458,242.9,785,OK,OK,OK
2026-08-15T23:29:52.498972Z,2469,242.9,785,OK,OK,OK
2026-08-15T23:29:57.986482Z,2473,242.9,785,OK,OK,OK
2026-08-15T23:30:03.479259Z,2466,243.1,785,OK,OK,OK
2026-08-15T23:30:09.022123Z,2458,242.9,785,OK,OK,OK
2026-08-15T23:30:14.524750Z,2473,242.8,785,OK,OK,OK
2026-08-15T23:30:19.994382Z,2475,243.0,785,OK,OK,OK
2026-08-15T23:30:25.529766Z,2477,242.9,785,OK,OK,OK
2026-08-15T23:30:31.002197Z,2458,242.8,785,OK,OK,OK
2026-08-15T23:30:36.514736Z,2482,242.9,785,OK,OK,OK
2026-08-15T23:30:42.024185Z,2479,242.9,785,OK,OK,OK
2026-08-15T23:30:47.498227Z,2473,243.0,785,OK,OK,OK
2026-08-15T23:30:53.033861Z,2454,242.9,785,OK,OK,OK
2026-08-15T23:30:58.587151Z,2457,242.9,785,OK,OK,OK
2026-08-15T23:31:04.099261Z,2476,242.9,785,OK,OK,OK
2026-08-15T23:31:09.583773Z,2474,242.9,785,OK,OK,OK
2026-08-15T23:31:15.103953Z,2473,242.9,785,OK,OK,OK
2026-08-15T23:31:20.583085Z,2452,242.6,785,OK,OK,OK
2026-08-15T23:31:26.096537Z,2471,242.6,785,OK,OK,OK
2026-08-15T23:31:31.615445Z,2473,242.8,785,OK,OK,OK
2026-08-15T23:31:37.131767Z,2467,242.8,785,OK,OK,OK
2026-08-15T23:31:42.645841Z,2473,242.8,785,OK,OK,OK
2026-08-15T23:31:48.154788Z,2473,242.7,785,OK,OK,OK
2026-08-15T23:31:53.670000Z,2468,242.6,785,OK,OK,OK
2026-08-15T23:31:59.203048Z,2472,242.4,785,OK,OK,OK
2026-08-15T23:32:04.712373Z,2464,242.3,785,OK,OK,OK
2026-08-15T23:32:10.232125Z,2474,242.3,785,OK,OK,OK
2026-08-15T23:32:15.773922Z,2468,242.3,785,OK,OK,OK
2026-08-15T23:32:21.262346Z,2469,242.2,785,OK,OK,OK
2026-08-15T23:32:26.767469Z,2469,242.3,785,OK,OK,OK
2026-08-15T23:32:32.263816Z,2470,242.5,785,OK,OK,OK
2026-08-15T23:32:37.794529Z,2460,242.6,785,OK,OK,OK
2026-08-15T23:32:43.257189Z,2463,242.6,785,OK,OK,OK
2026-08-15T23:32:48.810839Z,2471,242.6,785,OK,OK,OK
2026-08-15T23:32:54.359179Z,2476,242.6,785,OK,OK,OK
2026-08-15T23:32:59.878166Z,2472,242.7,785,OK,OK,OK
2026-08-15T23:33:05.364547Z,2478,242.8,785,OK,OK,OK
2026-08-15T23:33:10.844409Z,2467,242.8,785,OK,OK,OK
2026-08-15T23:33:16.324691Z,2464,243.0,785,OK,OK,OK
2026-08-15T23:33:21.833980Z,2462,242.9,785,OK,OK,OK
2026-08-15T23:33:27.337598Z,2471,243.0,785,OK,OK,OK
2026-08-15T23:33:32.845134Z,2456,242.9,785,OK,OK,OK
2026-08-15T23:33:38.303440Z,2473,242.9,785,OK,OK,OK
2026-08-15T23:33:43.829170Z,2472,242.9,785,OK,OK,OK
2026-08-15T23:33:49.282418Z,2476,243.0,785,OK,OK,OK
2026-08-15T23:33:54.820731Z,2470,243.0,785,OK,OK,OK
2026-08-15T23:34:00.312336Z,2476,243.1,785,OK,OK,OK
2026-08-15T23:34:05.807714Z,2474,243.1,785,OK,OK,OK
2026-08-15T23:34:11.308629Z,2475,243.1,785,OK,OK,OK
2026-08-15T23:34:16.876359Z,2471,243.0,785,OK,OK,OK
2026-08-15T23:34:22.351852Z,2470,243.0,785,OK,OK,OK
2026-08-15T23:34:27.873133Z,2472,242.9,785,OK,OK,OK
2026-08-15T23:34:33.365922Z,2471,242.9,785,OK,OK,OK
2026-08-15T23:34:38.899673Z,2473,242.9,785,OK,OK,OK
2026-08-15T23:34:44.394265Z,2469,242.9,785,OK,OK,OK
2026-08-15T23:34:49.893367Z,2475,243.0,785,OK,OK,OK
2026-08-15T23:34:55.374077Z,2471,243.0,785,OK,OK,OK
2026-08-15T23:35:00.894734Z,2469,243.0,785,OK,OK,OK
2026-08-15T23:35:06.402297Z,2468,242.8,785,OK,OK,OK
2026-08-15T23:35:11.925082Z,2471,242.8,785,OK,OK,OK
2026-08-15T23:35:17.446235Z,2455,242.9,785,OK,OK,OK
2026-08-15T23:35:22.928890Z,2459,242.8,785,OK,OK,OK
2026-08-15T23:35:28.427751Z,2474,242.7,785,OK,OK,OK
2026-08-15T23:35:33.954929Z,2459,242.9,785,OK,OK,OK
2026-08-15T23:35:39.454276Z,2474,242.9,785,OK,OK,OK
2026-08-15T23:35:44.923411Z,2472,242.9,785,OK,OK,OK
2026-08-15T23:35:50.442486Z,2466,243.1,785,OK,OK,OK
2026-08-15T23:35:55.919515Z,2477,243.1,785,OK,OK,OK
2026-08-15T23:36:01.444917Z,2475,243.1,785,OK,OK,OK
2026-08-15T23:36:06.928559Z,2474,243.1,785,OK,OK,OK
2026-08-15T23:36:12.414618Z,2467,243.0,785,OK,OK,OK
2026-08-15T23:36:17.926106Z,2473,243.1,785,OK,OK,OK
2026-08-15T23:36:23.425081Z,2456,243.1,785,OK,OK,OK
2026-08-15T23:36:28.919836Z,2459,243.1,785,OK,OK,OK
2026-08-15T23:36:34.429976Z,2463,243.0,785,OK,OK,OK
2026-08-15T23:36:39.905483Z,2476,242.9,785,OK,OK,OK
2026-08-15T23:36:45.372673Z,2460,243.1,785,OK,OK,OK
2026-08-15T23:36:50.839043Z,2463,243.1,785,OK,OK,OK
2026-08-15T23:36:56.359172Z,2461,243.1,785,OK,OK,OK
2026-08-15T23:37:01.848248Z,2474,243.0,785,OK,OK,OK
2026-08-15T23:37:07.352958Z,2484,242.9,785,OK,OK,OK
2026-08-15T23:37:12.813914Z,2493,243.5,785,OK,OK,OK
2026-08-15T23:37:18.313690Z,2481,243.5,785,OK,OK,OK
2026-08-15T23:37:23.792991Z,2463,243.6,785,OK,OK,OK
2026-08-15T23:37:29.297173Z,2481,243.6,785,OK,OK,OK
2026-08-15T23:37:34.822971Z,2480,243.6,785,OK,OK,OK
2026-08-15T23:37:40.339514Z,2482,243.7,785,OK,OK,OK
2026-08-15T23:37:45.850415Z,2486,243.6,785,OK,OK,OK
2026-08-15T23:37:51.390514Z,2480,243.6,785,OK,OK,OK
2026-08-15T23:37:56.879849Z,2480,243.5,785,OK,OK,OK
2026-08-15T23:38:02.399640Z,2478,243.6,785,OK,OK,OK
2026-08-15T23:38:07.890607Z,2479,243.6,785,OK,OK,OK
2026-08-15T23:38:13.411762Z,2476,243.7,785,OK,OK,OK
2026-08-15T23:38:18.920483Z,2478,243.6,785,OK,OK,OK
2026-08-15T23:38:24.424348Z,2476,243.7,785,OK,OK,OK
2026-08-15T23:38:29.906679Z,2482,243.7,785,OK,OK,OK
2026-08-15T23:38:35.457867Z,2475,243.7,785,OK,OK,OK
2026-08-15T23:38:41.009517Z,2490,243.9,785,OK,OK,OK
2026-08-15T23:38:46.494499Z,2482,243.9,785,OK,OK,OK
2026-08-15T23:38:51.989385Z,2487,244.0,785,OK,OK,OK
2026-08-15T23:38:57.491934Z,2494,243.9,785,OK,OK,OK
2026-08-15T23:39:02.993725Z,2475,244.0,785,OK,OK,OK
2026-08-15T23:39:08.496797Z,2482,243.9,785,OK,OK,OK
2026-08-15T23:39:13.982165Z,2490,243.9,785,OK,OK,OK
2026-08-15T23:39:19.519288Z,2471,244.0,785,OK,OK,OK
2026-08-15T23:39:25.042025Z,2470,243.9,785,OK,OK,OK
2026-08-15T23:39:30.531739Z,2484,244.1,785,OK,OK,OK
2026-08-15T23:39:36.042051Z,2487,244.0,785,OK,OK,OK
2026-08-15T23:39:41.550127Z,2490,244.1,785,OK,OK,OK
2026-08-15T23:39:47.079117Z,2485,244.1,785,OK,OK,OK
2026-08-15T23:39:52.577590Z,2484,244.1,785,OK,OK,OK
2026-08-15T23:39:58.078759Z,2472,244.1,785,OK,OK,OK
2026-08-15T23:40:03.597109Z,2481,243.6,785,OK,OK,OK
2026-08-15T23:40:09.107588Z,2481,243.5,785,OK,OK,OK
2026-08-15T23:40:14.615766Z,2483,243.5,785,OK,OK,OK
2026-08-15T23:40:20.109654Z,2472,243.7,785,OK,OK,OK
2026-08-15T23:40:25.615024Z,2480,243.5,785,OK,OK,OK
2026-08-15T23:40:31.128628Z,2475,243.5,785,OK,OK,OK
2026-08-15T23:40:36.634002Z,2479,243.5,785,OK,OK,OK
2026-08-15T23:40:42.148976Z,2472,243.5,785,OK,OK,OK
2026-08-15T23:40:47.662809Z,2470,243.7,785,OK,OK,OK
2026-08-15T23:40:53.154048Z,2471,243.7,785,OK,OK,OK
2026-08-15T23:40:58.700530Z,2472,243.6,785,OK,OK,OK
2026-08-15T23:41:04.192567Z,2464,243.6,785,OK,OK,OK
2026-08-15T23:41:09.687456Z,2466,243.6,785,OK,OK,OK
2026-08-15T23:41:15.216801Z,2475,243.7,785,OK,OK,OK
2026-08-15T23:41:20.697621Z,2472,243.7,785,OK,OK,OK
2026-08-15T23:41:26.219991Z,2469,243.6,785,OK,OK,OK
2026-08-15T23:41:31.755484Z,2472,243.8,785,OK,OK,OK
2026-08-15T23:41:37.253621Z,2466,243.7,785,OK,OK,OK
2026-08-15T23:41:42.782870Z,2473,243.8,785,OK,OK,OK
2026-08-15T23:41:48.266134Z,2463,243.8,785,OK,OK,OK
2026-08-15T23:41:53.807029Z,3797,243.0,785,OK,OK,OK
2026-08-15T23:41:59.886626Z,3971,243.0,785,OK,OK,OK
2026-08-15T23:42:05.420286Z,3989,243.0,785,OK,OK,OK
2026-08-15T23:42:10.924413Z,3986,243.0,476,OK,OK,OK
2026-08-15T23:42:16.424374Z,3978,243.0,476,OK,OK,OK
2026-08-15T23:42:21.910779Z,3981,243.0,476,OK,OK,OK
2026-08-15T23:42:27.466122Z,4013,243.1,476,OK,OK,OK
2026-08-15T23:42:32.987245Z,4001,243.2,476,OK,OK,OK
2026-08-15T23:42:38.468316Z,4020,243.0,476,OK,OK,OK
2026-08-15T23:42:43.968965Z,4022,243.0,476,OK,OK,OK
2026-08-15T23:42:49.521133Z,4009,243.0,476,OK,OK,OK
2026-08-15T23:42:55.028974Z,3993,243.0,476,OK,OK,OK
2026-08-15T23:43:00.553785Z,3993,243.0,476,OK,OK,OK
2026-08-15T23:43:06.112334Z,4030,242.9,476,OK,OK,OK
2026-08-15T23:43:11.643151Z,4012,243.0,476,OK,OK,OK
2026-08-15T23:43:17.148382Z,4005,243.0,476,OK,OK,OK
2026-08-15T23:43:22.644365Z,4006,243.0,476,OK,OK,OK
2026-08-15T23:43:28.159247Z,3997,243.0,476,OK,OK,OK
2026-08-15T23:43:33.694201Z,3998,243.1,476,OK,OK,OK
2026-08-15T23:43:39.188298Z,3998,243.0,476,OK,OK,OK
2026-08-15T23:43:44.684350Z,4004,243.0,476,OK,OK,OK
2026-08-15T23:43:50.189353Z,4030,243.4,476,OK,OK,OK
2026-08-15T23:43:55.687197Z,4027,243.4,476,OK,OK,OK
2026-08-15T23:44:01.220985Z,4033,243.3,476,OK,OK,OK
2026-08-15T23:44:06.735515Z,4026,243.4,476,OK,OK,OK
2026-08-15T23:44:12.242108Z,4028,243.4,476,OK,OK,OK
2026-08-15T23:44:17.768313Z,4031,243.4,476,OK,OK,OK
2026-08-15T23:44:23.263772Z,4034,243.4,476,OK,OK,OK
2026-08-15T23:44:28.772385Z,4024,243.5,476,OK,OK,OK
2026-08-15T23:44:34.302978Z,4034,243.5,476,OK,OK,OK
2026-08-15T23:44:39.849863Z,4034,243.5,476,OK,OK,OK
2026-08-15T23:44:45.374217Z,4029,243.6,476,OK,OK,OK
2026-08-15T23:44:50.911837Z,4030,243.7,476,OK,OK,OK
2026-08-15T23:44:56.408792Z,4036,243.7,476,OK,OK,OK
2026-08-15T23:45:01.898838Z,4041,243.7,476,OK,OK,OK
2026-08-15T23:45:07.402430Z,4037,243.5,476,OK,OK,OK
2026-08-15T23:45:12.925142Z,4033,243.6,476,OK,OK,OK
2026-08-15T23:45:18.447139Z,4035,243.7,476,OK,OK,OK
2026-08-15T23:45:23.944732Z,4035,243.5,476,OK,OK,OK
2026-08-15T23:45:29.459679Z,4030,243.5,476,OK,OK,OK
2026-08-15T23:45:34.995386Z,4031,243.5,476,OK,OK,OK
2026-08-15T23:45:40.501122Z,4030,243.5,476,OK,OK,OK
2026-08-15T23:45:45.965701Z,4041,243.5,476,OK,OK,OK
2026-08-15T23:45:51.461616Z,4036,243.5,476,OK,OK,OK
2026-08-15T23:45:57.003787Z,4043,243.4,476,OK,OK,OK
2026-08-15T23:46:02.512733Z,4043,243.5,476,OK,OK,OK
2026-08-15T23:46:08.025939Z,4036,243.4,476,OK,OK,OK
2026-08-15T23:46:13.535071Z,4035,243.4,476,OK,OK,OK
2026-08-15T23:46:19.059393Z,4043,243.4,476,OK,OK,OK
2026-08-15T23:46:24.587588Z,4032,243.5,476,OK,OK,OK
2026-08-15T23:46:30.106148Z,4027,243.4,476,OK,OK,OK
2026-08-15T23:46:35.593482Z,4030,243.4,476,OK,OK,OK
2026-08-15T23:46:41.110233Z,4030,243.4,476,OK,OK,OK
2026-08-15T23:46:46.590106Z,4036,243.5,476,OK,OK,OK
2026-08-15T23:46:52.091148Z,4028,243.4,476,OK,OK,OK
2026-08-15T23:46:57.585029Z,4032,243.3,476,OK,OK,OK
2026-08-15T23:47:03.069680Z,4026,243.3,476,OK,OK,OK
2026-08-15T23:47:08.559203Z,4034,243.3,476,OK,OK,OK
2026-08-15T23:47:14.104563Z,4049,243.1,476,OK,OK,OK
2026-08-15T23:47:19.625724Z,4036,243.4,476,OK,OK,OK
2026-08-15T23:47:25.110215Z,4029,243.3,476,OK,OK,OK
2026-08-15T23:47:30.603953Z,4044,243.4,476,OK,OK,OK
2026-08-15T23:47:36.092250Z,4043,243.3,476,OK,OK,OK
2026-08-15T23:47:41.538022Z,4039,243.4,476,OK,OK,OK
2026-08-15T23:47:47.035360Z,4035,243.4,476,OK,OK,OK
2026-08-15T23:47:52.502963Z,4030,243.4,476,OK,OK,OK
2026-08-15T23:47:58.059006Z,4034,243.4,476,OK,OK,OK
2026-08-15T23:48:03.515732Z,4035,243.4,476,OK,OK,OK
2026-08-15T23:48:09.055534Z,4024,242.7,476,OK,OK,OK
2026-08-15T23:48:14.542083Z,4016,242.5,476,OK,OK,OK
2026-08-15T23:48:20.028178Z,4006,242.4,476,OK,OK,OK
2026-08-15T23:48:25.538274Z,4011,242.5,476,OK,OK,OK
2026-08-15T23:48:30.988500Z,4010,242.4,476,OK,OK,OK
2026-08-15T23:48:36.519396Z,4048,242.5,476,OK,OK,OK
2026-08-15T23:48:42.042711Z,4013,242.6,476,OK,OK,OK
2026-08-15T23:48:47.596306Z,4013,242.6,476,OK,OK,OK
2026-08-15T23:48:53.151654Z,4016,242.6,476,OK,OK,OK
2026-08-15T23:48:58.624667Z,4013,242.6,476,OK,OK,OK
2026-08-15T23:49:04.107257Z,4012,242.6,476,OK,OK,OK
2026-08-15T23:49:09.604525Z,4017,242.7,476,OK,OK,OK
2026-08-15T23:49:15.144806Z,4012,242.5,476,OK,OK,OK
2026-08-15T23:49:20.632492Z,4014,242.7,476,OK,OK,OK
2026-08-15T23:49:26.160637Z,4009,242.6,476,OK,OK,OK
2026-08-15T23:49:31.661395Z,4017,242.5,476,OK,OK,OK
2026-08-15T23:49:37.164361Z,2451,243.3,476,OK,OK,OK
2026-08-15T23:49:42.673137Z,2456,243.3,476,OK,OK,OK
2026-08-15T23:49:48.160075Z,2459,243.3,476,OK,OK,OK
2026-08-15T23:49:53.641481Z,2455,243.3,476,OK,OK,OK
2026-08-15T23:49:59.158538Z,2449,243.3,476,OK,OK,OK
2026-08-15T23:50:04.643662Z,2447,243.3,476,OK,OK,OK
2026-08-15T23:50:10.171938Z,2431,243.3,476,OK,OK,OK
2026-08-15T23:50:15.661492Z,2361,243.4,476,OK,OK,OK
2026-08-15T23:50:21.150361Z,2365,243.4,476,OK,OK,OK
2026-08-15T23:50:26.657877Z,2375,243.4,476,OK,OK,OK
2026-08-15T23:50:32.154898Z,2365,243.4,476,OK,OK,OK
2026-08-15T23:50:37.654649Z,2365,243.4,476,OK,OK,OK
2026-08-15T23:50:43.156782Z,2371,243.3,476,OK,OK,OK
2026-08-15T23:50:48.652102Z,2359,243.4,476,OK,OK,OK
2026-08-15T23:50:54.142725Z,2364,243.3,476,OK,OK,OK
2026-08-15T23:50:59.648694Z,2362,243.4,476,OK,OK,OK
2026-08-15T23:51:05.158959Z,2371,243.2,476,OK,OK,OK
2026-08-15T23:51:10.665743Z,2361,243.2,476,OK,OK,OK
2026-08-15T23:51:16.110637Z,2370,243.4,476,OK,OK,OK
2026-08-15T23:51:21.609878Z,2362,243.3,476,OK,OK,OK
2026-08-15T23:51:27.089966Z,2364,243.2,476,OK,OK,OK
2026-08-15T23:51:32.595610Z,2358,243.3,476,OK,OK,OK
2026-08-15T23:51:38.087047Z,2367,243.3,476,OK,OK,OK
2026-08-15T23:51:43.597575Z,2364,243.3,476,OK,OK,OK
2026-08-15T23:51:49.098948Z,2370,243.3,476,OK,OK,OK
2026-08-15T23:51:54.583405Z,2363,243.2,476,OK,OK,OK
2026-08-15T23:52:00.091117Z,2362,243.3,476,OK,OK,OK
2026-08-15T23:52:05.595620Z,2368,243.3,476,OK,OK,OK
2026-08-15T23:52:11.076923Z,2365,243.3,476,OK,OK,OK
2026-08-15T23:52:16.598647Z,2355,243.3,476,OK,OK,OK
2026-08-15T23:52:22.099971Z,2358,243.3,476,OK,OK,OK
2026-08-15T23:52:27.610880Z,2363,243.3,476,OK,OK,OK
2026-08-15T23:52:33.115039Z,2358,243.3,476,OK,OK,OK
2026-08-15T23:52:38.598259Z,2362,243.3,476,OK,OK,OK
2026-08-15T23:52:44.122820Z,2364,243.3,476,OK,OK,OK
2026-08-15T23:52:49.633127Z,2363,243.3,476,OK,OK,OK
2026-08-15T23:52:55.123748Z,2364,243.3,476,OK,OK,OK
2026-08-15T23:53:00.606822Z,2358,243.2,476,OK,OK,OK
2026-08-15T23:53:06.135185Z,2371,243.1,476,OK,OK,OK
2026-08-15T23:53:11.658743Z,2364,243.1,476,OK,OK,OK
2026-08-15T23:53:17.153657Z,2357,243.2,476,OK,OK,OK
2026-08-15T23:53:22.682992Z,2363,243.1,476,OK,OK,OK
2026-08-15T23:53:28.180339Z,2361,243.1,476,OK,OK,OK
2026-08-15T23:53:33.685242Z,2352,243.1,476,OK,OK,OK
2026-08-15T23:53:39.175379Z,2357,243.0,476,OK,OK,OK
2026-08-15T23:53:44.660505Z,2363,243.0,476,OK,OK,OK
2026-08-15T23:53:50.194459Z,2358,243.1,476,OK,OK,OK
2026-08-15T23:53:55.668348Z,2362,243.1,476,OK,OK,OK
2026-08-15T23:54:01.161415Z,2352,243.1,476,OK,OK,OK
2026-08-15T23:54:06.616871Z,2369,243.1,476,OK,OK,OK
2026-08-15T23:54:12.121614Z,2344,243.0,476,OK,OK,OK
2026-08-15T23:54:17.630618Z,2359,243.0,476,OK,OK,OK
2026-08-15T23:54:23.113354Z,2345,243.0,476,OK,OK,OK
2026-08-15T23:54:28.594857Z,2369,243.1,476,OK,OK,OK
2026-08-15T23:54:34.120568Z,2361,243.0,476,OK,OK,OK
2026-08-15T23:54:39.591722Z,2355,243.1,476,OK,OK,OK
2026-08-15T23:54:45.094388Z,2353,243.0,476,OK,OK,OK
2026-08-15T23:54:50.587003Z,2353,243.0,476,OK,OK,OK
2026-08-15T23:54:56.107862Z,2352,243.0,476,OK,OK,OK
2026-08-15T23:55:01.631428Z,2354,243.0,476,OK,OK,OK
2026-08-15T23:55:07.101153Z,2358,243.2,476,OK,OK,OK
2026-08-15T23:55:12.598274Z,2361,243.2,476,OK,OK,OK
2026-08-15T23:55:18.099201Z,2376,243.1,476,OK,OK,OK
2026-08-15T23:55:23.621367Z,2361,243.2,476,OK,OK,OK
2026-08-15T23:55:29.117544Z,2364,243.2,476,OK,OK,OK
2026-08-15T23:55:34.623290Z,2355,243.1,476,OK,OK,OK
2026-08-15T23:55:40.143804Z,2357,243.2,476,OK,OK,OK
2026-08-15T23:55:45.677264Z,2356,243.1,476,OK,OK,OK
2026-08-15T23:55:51.199313Z,2355,243.1,476,OK,OK,OK
2026-08-15T23:55:56.714947Z,2355,243.2,476,OK,OK,OK
2026-08-15T23:56:02.233897Z,2354,243.1,476,OK,OK,OK
2026-08-15T23:56:07.723802Z,2389,243.2,476,OK,OK,OK
2026-08-15T23:56:13.219720Z,2359,243.2,476,OK,OK,OK
2026-08-15T23:56:18.703585Z,2353,243.2,476,OK,OK,OK
2026-08-15T23:56:24.240714Z,2358,243.2,476,OK,OK,OK
2026-08-15T23:56:29.729898Z,2364,243.9,476,OK,OK,OK
2026-08-15T23:56:35.259844Z,2368,243.9,476,OK,OK,OK
2026-08-15T23:56:40.766556Z,2362,243.9,476,OK,OK,OK
2026-08-15T23:56:46.297841Z,2371,243.9,476,OK,OK,OK
2026-08-15T23:56:51.804922Z,2366,243.9,476,OK,OK,OK
2026-08-15T23:56:57.319244Z,2368,243.9,476,OK,OK,OK
2026-08-15T23:57:02.842491Z,2364,243.9,476,OK,OK,OK
2026-08-15T23:57:08.355947Z,2370,243.8,476,OK,OK,OK
2026-08-15T23:57:13.880404Z,2375,243.9,476,OK,OK,OK
2026-08-15T23:57:19.395791Z,2377,243.7,476,OK,OK,OK
2026-08-15T23:57:24.895263Z,2364,243.7,476,OK,OK,OK
2026-08-15T23:57:30.411127Z,2365,243.7,219,OK,OK,OK
2026-08-15T23:57:35.902289Z,2367,243.8,219,OK,OK,OK
2026-08-15T23:57:41.428931Z,2379,243.9,219,OK,OK,OK
2026-08-15T23:57:46.934337Z,2366,243.9,219,OK,OK,OK
2026-08-15T23:57:52.468437Z,2372,243.9,219,OK,OK,OK
2026-08-15T23:57:57.960183Z,2368,243.9,219,OK,OK,OK
2026-08-15T23:58:03.465626Z,2375,244.1,219,OK,OK,OK
2026-08-15T23:58:08.988210Z,2371,244.3,219,OK,OK,OK
2026-08-15T23:58:14.468495Z,2373,244.3,219,OK,OK,OK
2026-08-15T23:58:19.967576Z,2377,244.3,219,OK,OK,OK
2026-08-15T23:58:25.427929Z,2376,244.3,219,OK,OK,OK
2026-08-15T23:58:30.934001Z,2376,244.3,219,OK,OK,OK
2026-08-15T23:58:36.413268Z,2403,244.3,219,OK,OK,OK
2026-08-15T23:58:41.896957Z,2386,244.3,219,OK,OK,OK
2026-08-15T23:58:47.346669Z,2376,244.3,219,OK,OK,OK
2026-08-15T23:58:52.884592Z,2370,244.2,219,OK,OK,OK
2026-08-15T23:58:58.373963Z,2387,244.3,219,OK,OK,OK
2026-08-15T23:59:03.854030Z,2368,244.3,219,OK,OK,OK
2026-08-15T23:59:09.387718Z,2384,244.1,219,OK,OK,OK
2026-08-15T23:59:14.914827Z,2370,244.1,219,OK,OK,OK
2026-08-15T23:59:20.416124Z,2373,244.1,219,OK,OK,OK
2026-08-15T23:59:25.902256Z,2368,244.1,219,OK,OK,OK
2026-08-15T23:59:31.427817Z,2372,244.1,219,OK,OK,OK
2026-08-15T23:59:36.961511Z,2374,244.1,219,OK,OK,OK
2026-08-15T23:59:42.456857Z,2372,244.2,219,OK,OK,OK
2026-08-15T23:59:47.935013Z,2373,244.3,219,OK,OK,OK
2026-08-15T23:59:53.442495Z,2373,244.3,219,OK,OK,OK
2026-08-15T23:59:58.963532Z,2372,244.3,219,OK,OK,OK
2026-08-16T00:00:04.479657Z,2373,244.3,219,OK,OK,OK
2026-08-16T00:00:09.994715Z,2374,244.3,219,OK,OK,OK
2026-08-16T00:00:15.525126Z,2379,244.3,219,OK,OK,OK
2026-08-16T00:00:21.040790Z,2361,244.4,219,OK,OK,OK
2026-08-16T00:00:26.521409Z,2357,244.3,219,OK,OK,OK
2026-08-16T00:00:32.039453Z,2378,244.3,219,OK,OK,OK
2026-08-16T00:00:37.564660Z,2382,244.3,219,OK,OK,OK
2026-08-16T00:00:43.087025Z,2375,244.1,219,OK,OK,OK
2026-08-16T00:00:48.576968Z,2371,244.2,219,OK,OK,OK
2026-08-16T00:00:54.073747Z,2374,244.2,219,OK,OK,OK
2026-08-16T00:00:59.573674Z,2373,244.2,219,OK,OK,OK
2026-08-16T00:01:05.094432Z,2370,244.2,219,OK,OK,OK
2026-08-16T00:01:10.602871Z,2367,244.1,219,OK,OK,OK
2026-08-16T00:01:16.137910Z,2388,244.1,219,OK,OK,OK
2026-08-16T00:01:21.629658Z,2367,244.2,219,OK,OK,OK
2026-08-16T00:01:27.126672Z,2376,244.2,219,OK,OK,OK
2026-08-16T00:01:32.626013Z,2369,244.2,219,OK,OK,OK
2026-08-16T00:01:38.160783Z,2380,244.3,219,OK,OK,OK
2026-08-16T00:01:43.655128Z,2375,244.3,219,OK,OK,OK
2026-08-16T00:01:49.158395Z,2376,244.3,219,OK,OK,OK
2026-08-16T00:01:54.666899Z,2375,244.2,219,OK,OK,OK
2026-08-16T00:02:00.155781Z,2383,244.2,219,OK,OK,OK
2026-08-16T00:02:05.636423Z,2376,244.2,219,OK,OK,OK
2026-08-16T00:02:11.109568Z,2386,244.2,219,OK,OK,OK
2026-08-16T00:02:16.616995Z,2372,244.4,219,OK,OK,OK
2026-08-16T00:02:22.079779Z,2370,244.2,219,OK,OK,OK
2026-08-16T00:02:27.602140Z,2377,244.2,219,OK,OK,OK
2026-08-16T00:02:33.074698Z,2372,243.9,219,OK,OK,OK
2026-08-16T00:02:38.610487Z,2372,244.1,219,OK,OK,OK
2026-08-16T00:02:44.102578Z,2382,244.1,219,OK,OK,OK
2026-08-16T00:02:49.573865Z,2371,244.1,219,OK,OK,OK
2026-08-16T00:02:55.071497Z,2374,244.3,219,OK,OK,OK
2026-08-16T00:03:00.592830Z,2384,244.3,219,OK,OK,OK
2026-08-16T00:03:06.096933Z,2386,244.3,219,OK,OK,OK
2026-08-16T00:03:11.615383Z,2373,244.3,219,OK,OK,OK
2026-08-16T00:03:17.107724Z,2363,244.2,219,OK,OK,OK
2026-08-16T00:03:22.604786Z,2358,244.2,219,OK,OK,OK
2026-08-16T00:03:28.128150Z,2370,244.1,219,OK,OK,OK
2026-08-16T00:03:33.643828Z,2356,244.2,219,OK,OK,OK
2026-08-16T00:03:39.161483Z,2373,244.3,219,OK,OK,OK
2026-08-16T00:03:44.675642Z,2386,244.3,219,OK,OK,OK
2026-08-16T00:03:50.180727Z,2378,244.5,219,OK,OK,OK
2026-08-16T00:03:55.696081Z,2375,244.5,219,OK,OK,OK
2026-08-16T00:04:01.180554Z,2376,244.5,219,OK,OK,OK
2026-08-16T00:04:06.693707Z,2373,244.5,219,OK,OK,OK
2026-08-16T00:04:12.191186Z,2382,244.5,219,OK,OK,OK
2026-08-16T00:04:17.708103Z,2359,244.5,219,OK,OK,OK
2026-08-16T00:04:23.217239Z,2364,244.5,219,OK,OK,OK
2026-08-16T00:04:28.728020Z,2374,244.5,219,OK,OK,OK
2026-08-16T00:04:34.227908Z,2388,244.5,219,OK,OK,OK
2026-08-16T00:04:39.730003Z,2377,244.5,219,OK,OK,OK
2026-08-16T00:04:45.278403Z,2391,244.6,219,OK,OK,OK
2026-08-16T00:04:50.773365Z,2383,244.5,219,OK,OK,OK
2026-08-16T00:04:56.288128Z,2378,244.5,219,OK,OK,OK
2026-08-16T00:05:01.802019Z,2379,244.5,219,OK,OK,OK
2026-08-16T00:05:07.320631Z,2386,244.5,219,OK,OK,OK
2026-08-16T00:05:12.814460Z,2367,244.5,219,OK,OK,OK
2026-08-16T00:05:18.309594Z,2379,244.5,219,OK,OK,OK
2026-08-16T00:05:23.822359Z,2376,244.5,219,OK,OK,OK
2026-08-16T00:05:29.359376Z,2385,244.6,219,OK,OK,OK
2026-08-16T00:05:34.889202Z,2380,244.6,219,OK,OK,OK
2026-08-16T00:05:40.381859Z,2378,244.6,219,OK,OK,OK
2026-08-16T00:05:45.905777Z,2393,244.6,219,OK,OK,OK
2026-08-16T00:05:51.412885Z,2376,244.7,219,OK,OK,OK
2026-08-16T00:05:56.894453Z,2385,244.6,219,OK,OK,OK
2026-08-16T00:06:02.418790Z,2380,244.6,219,OK,OK,OK
2026-08-16T00:06:07.931419Z,2382,244.7,219,OK,OK,OK
2026-08-16T00:06:13.508068Z,2381,244.7,219,OK,OK,OK
2026-08-16T00:06:19.000644Z,2385,244.7,219,OK,OK,OK
2026-08-16T00:06:24.500971Z,2380,244.5,219,OK,OK,OK
2026-08-16T00:06:30.013352Z,2378,244.6,219,OK,OK,OK
2026-08-16T00:06:35.516935Z,2380,244.6,219,OK,OK,OK
2026-08-16T00:06:41.020151Z,2387,244.7,219,OK,OK,OK
2026-08-16T00:06:46.472358Z,2476,244.7,219,OK,OK,OK
2026-08-16T00:06:51.939184Z,2483,244.7,219,OK,OK,OK
2026-08-16T00:06:57.421504Z,2472,244.7,219,OK,OK,OK
2026-08-16T00:07:02.872117Z,2483,244.6,219,OK,OK,OK
2026-08-16T00:07:08.402829Z,2496,244.6,219,OK,OK,OK
2026-08-16T00:07:13.914972Z,2502,244.7,219,OK,OK,OK
2026-08-16T00:07:19.381065Z,2488,244.7,219,OK,OK,OK
2026-08-16T00:07:24.881037Z,2488,244.6,219,OK,OK,OK
2026-08-16T00:07:30.379661Z,2485,244.5,219,OK,OK,OK
2026-08-16T00:07:35.873581Z,2486,244.6,219,OK,OK,OK
2026-08-16T00:07:41.432181Z,2488,244.6,219,OK,OK,OK
2026-08-16T00:07:46.957821Z,2504,244.5,219,OK,OK,OK
2026-08-16T00:07:52.478469Z,2494,244.6,219,OK,OK,OK
2026-08-16T00:07:58.012489Z,2490,244.5,219,OK,OK,OK
2026-08-16T00:08:03.535633Z,2486,244.6,219,OK,OK,OK
2026-08-16T00:08:09.030279Z,2484,244.5,219,OK,OK,OK
2026-08-16T00:08:14.568556Z,2499,244.5,219,OK,OK,OK
2026-08-16T00:08:20.037502Z,2505,244.5,219,OK,OK,OK
2026-08-16T00:08:25.535098Z,2502,244.6,219,OK,OK,OK
2026-08-16T00:08:31.019079Z,2494,244.6,219,OK,OK,OK
2026-08-16T00:08:36.519266Z,2512,244.5,219,OK,OK,OK
2026-08-16T00:08:42.024676Z,2479,244.7,219,OK,OK,OK
2026-08-16T00:08:47.549364Z,2498,244.7,219,OK,OK,OK
2026-08-16T00:08:53.044968Z,2489,244.7,219,OK,OK,OK
2026-08-16T00:08:58.559699Z,2500,244.7,219,OK,OK,OK
2026-08-16T00:09:04.092905Z,2503,244.7,219,OK,OK,OK
2026-08-16T00:09:09.598874Z,2485,244.8,219,OK,OK,OK
2026-08-16T00:09:15.125341Z,2505,244.9,219,OK,OK,OK
2026-08-16T00:09:20.603854Z,2500,244.9,219,OK,OK,OK
2026-08-16T00:09:26.148532Z,2492,244.9,219,OK,OK,OK
2026-08-16T00:09:31.643812Z,2490,244.9,219,OK,OK,OK
2026-08-16T00:09:37.166622Z,2504,244.9,219,OK,OK,OK
2026-08-16T00:09:42.693153Z,2632,244.8,219,OK,OK,OK
2026-08-16T00:09:48.182596Z,2628,244.8,219,OK,OK,OK
2026-08-16T00:09:53.678928Z,2624,244.8,219,OK,OK,OK
2026-08-16T00:09:59.218880Z,2623,244.8,219,OK,OK,OK
2026-08-16T00:10:04.751668Z,2630,244.8,219,OK,OK,OK
2026-08-16T00:10:10.239851Z,2621,244.2,219,OK,OK,OK
2026-08-16T00:10:15.753699Z,4016,243.2,219,OK,OK,OK
2026-08-16T00:10:21.247705Z,4144,243.1,219,OK,OK,OK
2026-08-16T00:10:26.750625Z,4097,243.1,219,OK,OK,OK
2026-08-16T00:10:32.288867Z,4102,243.1,219,OK,OK,OK
2026-08-16T00:10:37.820665Z,4093,243.1,219,OK,OK,OK
2026-08-16T00:10:43.278104Z,4089,243.1,219,OK,OK,OK
2026-08-16T00:10:48.736469Z,4123,242.9,219,OK,OK,OK
2026-08-16T00:10:54.241141Z,4123,242.9,219,OK,OK,OK
2026-08-16T00:10:59.691306Z,4140,242.9,219,OK,OK,OK
2026-08-16T00:11:05.205143Z,4021,243.0,219,OK,OK,OK
2026-08-16T00:11:10.686268Z,4007,243.0,219,OK,OK,OK
2026-08-16T00:11:16.191378Z,4014,243.0,219,OK,OK,OK
2026-08-16T00:11:21.705131Z,4010,242.9,219,OK,OK,OK
2026-08-16T00:11:27.237945Z,4038,242.9,219,OK,OK,OK
2026-08-16T00:11:32.744020Z,4010,242.9,219,OK,OK,OK
2026-08-16T00:11:38.276738Z,4018,243.0,219,OK,OK,OK
2026-08-16T00:11:43.755694Z,4004,242.9,219,OK,OK,OK
2026-08-16T00:11:49.277368Z,4008,242.9,219,OK,OK,OK
2026-08-16T00:11:54.752666Z,4003,242.9,219,OK,OK,OK
2026-08-16T00:12:00.293379Z,3989,242.9,219,OK,OK,OK
2026-08-16T00:12:05.779907Z,3993,242.9,219,OK,OK,OK
2026-08-16T00:12:11.301913Z,4015,242.9,219,OK,OK,OK
2026-08-16T00:12:16.791875Z,4024,242.9,219,OK,OK,OK
2026-08-16T00:12:22.334909Z,4019,242.9,219,OK,OK,OK
2026-08-16T00:12:27.807299Z,4019,242.9,219,OK,OK,OK
2026-08-16T00:12:33.424324Z,4018,242.9,219,OK,OK,OK
2026-08-16T00:12:38.925320Z,4026,242.9,219,OK,OK,OK
2026-08-16T00:12:44.397853Z,4020,242.9,219,OK,OK,OK
2026-08-16T00:12:49.878320Z,4034,243.0,87,OK,OK,OK
2026-08-16T00:12:55.381304Z,4025,242.9,87,OK,OK,OK
2026-08-16T00:13:00.890657Z,4028,242.9,87,OK,OK,OK
2026-08-16T00:13:06.375070Z,4025,242.9,87,OK,OK,OK
2026-08-16T00:13:11.876201Z,4019,242.9,87,OK,OK,OK
2026-08-16T00:13:17.382426Z,4011,242.9,87,OK,OK,OK
2026-08-16T00:13:22.881986Z,4016,242.9,87,OK,OK,OK
2026-08-16T00:13:28.368542Z,4017,242.9,87,OK,OK,OK
2026-08-16T00:13:33.892346Z,4024,242.9,87,OK,OK,OK
2026-08-16T00:13:39.377462Z,4014,242.9,87,OK,OK,OK
2026-08-16T00:13:44.880114Z,4009,243.0,87,OK,OK,OK
2026-08-16T00:13:50.371626Z,4016,242.9,87,OK,OK,OK
2026-08-16T00:13:55.923889Z,3997,242.9,87,OK,OK,OK
2026-08-16T00:14:01.443554Z,4015,242.9,87,OK,OK,OK
2026-08-16T00:14:06.899591Z,4021,243.0,87,OK,OK,OK
2026-08-16T00:14:12.401145Z,4006,243.0,87,OK,OK,OK
2026-08-16T00:14:17.884535Z,4001,243.0,87,OK,OK,OK
2026-08-16T00:14:23.394576Z,4014,243.0,87,OK,OK,OK
2026-08-16T00:14:28.864786Z,4011,242.4,87,OK,OK,OK
2026-08-16T00:14:34.379143Z,4004,242.4,87,OK,OK,OK
2026-08-16T00:14:39.885113Z,4006,242.4,87,OK,OK,OK
2026-08-16T00:14:45.377835Z,3993,242.2,87,OK,OK,OK
2026-08-16T00:14:50.874695Z,3993,242.2,87,OK,OK,OK
2026-08-16T00:14:56.363989Z,3996,242.2,87,OK,OK,OK
2026-08-16T00:15:01.907695Z,3984,242.2,87,OK,OK,OK
2026-08-16T00:15:07.362976Z,3994,242.2,87,OK,OK,OK
2026-08-16T00:15:12.903222Z,4009,242.2,87,OK,OK,OK
2026-08-16T00:15:18.375072Z,3990,242.4,87,OK,OK,OK
2026-08-16T00:15:23.873569Z,4007,242.2,87,OK,OK,OK
2026-08-16T00:15:29.370922Z,4005,242.3,87,OK,OK,OK
2026-08-16T00:15:34.873068Z,3996,242.4,87,OK,OK,OK
2026-08-16T00:15:40.400066Z,4004,242.4,87,OK,OK,OK
2026-08-16T00:15:45.923986Z,4013,242.4,87,OK,OK,OK
2026-08-16T00:15:51.396764Z,3991,242.4,87,OK,OK,OK
2026-08-16T00:15:56.907964Z,4004,242.2,87,OK,OK,OK
2026-08-16T00:16:02.422257Z,4012,242.2,87,OK,OK,OK
2026-08-16T00:16:07.943227Z,3990,242.2,87,OK,OK,OK
2026-08-16T00:16:13.419167Z,3988,242.2,87,OK,OK,OK
2026-08-16T00:16:18.924957Z,3986,242.2,87,OK,OK,OK
2026-08-16T00:16:24.429600Z,3993,242.2,87,OK,OK,OK
2026-08-16T00:16:29.953022Z,3992,242.3,87,OK,OK,OK
2026-08-16T00:16:35.487842Z,3987,242.3,87,OK,OK,OK
2026-08-16T00:16:40.996944Z,4014,242.2,87,OK,OK,OK
2026-08-16T00:16:46.508982Z,4017,242.3,87,OK,OK,OK
2026-08-16T00:16:52.020143Z,4007,242.2,87,OK,OK,OK
2026-08-16T00:16:57.518354Z,3989,242.2,87,OK,OK,OK
2026-08-16T00:17:03.000983Z,3984,242.2,87,OK,OK,OK
2026-08-16T00:17:08.494898Z,3987,242.0,87,OK,OK,OK
2026-08-16T00:17:14.021409Z,2483,243.5,87,OK,OK,OK
2026-08-16T00:17:19.494098Z,2470,243.5,87,OK,OK,OK
2026-08-16T00:17:25.005317Z,2489,243.5,87,OK,OK,OK
2026-08-16T00:17:30.498428Z,2466,243.5,87,OK,OK,OK
2026-08-16T00:17:35.984612Z,2495,243.4,87,OK,OK,OK
2026-08-16T00:17:41.468446Z,2464,243.5,87,OK,OK,OK
2026-08-16T00:17:46.950863Z,2468,243.6,87,OK,OK,OK
2026-08-16T00:17:52.421805Z,2481,243.5,87,OK,OK,OK
2026-08-16T00:17:57.942349Z,2483,243.4,87,OK,OK,OK
2026-08-16T00:18:03.468130Z,2477,243.4,87,OK,OK,OK
2026-08-16T00:18:08.990862Z,2485,243.4,87,OK,OK,OK
2026-08-16T00:18:14.472372Z,2475,243.4,87,OK,OK,OK
2026-08-16T00:18:20.012417Z,2479,243.4,87,OK,OK,OK
2026-08-16T00:18:25.558265Z,2486,243.4,87,OK,OK,OK
2026-08-16T00:18:31.044948Z,2493,243.4,87,OK,OK,OK
2026-08-16T00:18:36.569695Z,2503,243.4,87,OK,OK,OK
2026-08-16T00:18:42.059354Z,2497,243.7,87,OK,OK,OK
2026-08-16T00:18:47.575915Z,2489,243.7,87,OK,OK,OK
2026-08-16T00:18:53.087777Z,2475,243.7,87,OK,OK,OK
2026-08-16T00:18:58.594940Z,2475,243.7,87,OK,OK,OK
2026-08-16T00:19:04.127552Z,2470,243.7,87,OK,OK,OK
2026-08-16T00:19:09.624408Z,2472,243.7,87,OK,OK,OK
2026-08-16T00:19:15.152573Z,2473,243.7,87,OK,OK,OK
2026-08-16T00:19:20.679458Z,2471,243.7,87,OK,OK,OK
2026-08-16T00:19:26.214703Z,2479,243.7,87,OK,OK,OK
2026-08-16T00:19:31.702431Z,2479,243.7,87,OK,OK,OK
2026-08-16T00:19:37.225349Z,2474,243.7,87,OK,OK,OK
2026-08-16T00:19:42.737445Z,2460,243.7,87,OK,OK,OK
2026-08-16T00:19:48.241565Z,2460,243.7,87,OK,OK,OK
2026-08-16T00:19:53.779245Z,2466,243.7,87,OK,OK,OK
2026-08-16T00:19:59.273951Z,2464,243.7,87,OK,OK,OK
2026-08-16T00:20:04.809955Z,2462,243.8,87,OK,OK,OK
2026-08-16T00:20:10.328898Z,2463,243.7,87,OK,OK,OK
2026-08-16T00:20:15.874126Z,2472,243.7,87,OK,OK,OK
2026-08-16T00:20:21.376909Z,2462,243.7,87,OK,OK,OK
2026-08-16T00:20:26.891110Z,2460,243.7,87,OK,OK,OK
2026-08-16T00:20:32.387809Z,2463,243.9,87,OK,OK,OK
2026-08-16T00:20:37.855312Z,2459,243.8,87,OK,OK,OK
2026-08-16T00:20:43.351094Z,2463,243.8,87,OK,OK,OK
2026-08-16T00:20:48.891392Z,2455,243.7,87,OK,OK,OK
2026-08-16T00:20:54.435324Z,2460,243.9,87,OK,OK,OK
2026-08-16T00:20:59.929925Z,2464,243.7,87,OK,OK,OK
2026-08-16T00:21:05.443656Z,2458,243.9,87,OK,OK,OK
2026-08-16T00:21:11.014687Z,2474,243.7,87,OK,OK,OK
2026-08-16T00:21:16.520554Z,2461,243.9,87,OK,OK,OK
2026-08-16T00:21:22.020847Z,2458,243.9,87,OK,OK,OK
2026-08-16T00:21:27.539371Z,2464,243.9,87,OK,OK,OK
2026-08-16T00:21:33.047207Z,2464,244.0,87,OK,OK,OK
2026-08-16T00:21:38.523808Z,2458,243.9,87,OK,OK,OK
2026-08-16T00:21:43.994165Z,2477,243.8,87,OK,OK,OK
2026-08-16T00:21:49.512046Z,2463,243.8,87,OK,OK,OK
2026-08-16T00:21:55.039316Z,2463,244.0,87,OK,OK,OK
2026-08-16T00:22:00.533880Z,2459,243.8,87,OK,OK,OK
2026-08-16T00:22:06.045863Z,2462,244.0,87,OK,OK,OK
2026-08-16T00:22:11.583503Z,2458,243.8,87,OK,OK,OK
2026-08-16T00:22:17.114445Z,2463,243.9,87,OK,OK,OK
2026-08-16T00:22:22.571424Z,2464,243.9,87,OK,OK,OK
2026-08-16T00:22:28.024478Z,2459,243.9,87,OK,OK,OK
2026-08-16T00:22:33.529721Z,2457,243.9,87,OK,OK,OK
2026-08-16T00:22:38.987563Z,2457,243.9,87,OK,OK,OK
2026-08-16T00:22:44.457028Z,2459,243.9,87,OK,OK,OK
2026-08-16T00:22:49.967096Z,2464,243.9,87,OK,OK,OK
2026-08-16T00:22:55.432679Z,2458,243.9,87,OK,OK,OK
2026-08-16T00:23:00.903510Z,2454,243.8,87,OK,OK,OK
2026-08-16T00:23:06.385678Z,2457,243.8,87,OK,OK,OK
2026-08-16T00:23:11.863830Z,2469,243.8,87,OK,OK,OK
2026-08-16T00:23:17.389270Z,2472,243.8,87,OK,OK,OK
2026-08-16T00:23:22.896608Z,2461,243.8,87,OK,OK,OK
2026-08-16T00:23:28.389980Z,2459,243.9,87,OK,OK,OK
2026-08-16T00:23:33.925443Z,2458,243.9,87,OK,OK,OK
2026-08-16T00:23:39.471164Z,2467,243.9,87,OK,OK,OK
2026-08-16T00:23:44.986202Z,2464,244.0,87,OK,OK,OK
2026-08-16T00:23:50.498145Z,2471,243.9,87,OK,OK,OK
2026-08-16T00:23:55.994297Z,2468,243.9,87,OK,OK,OK
2026-08-16T00:24:01.519383Z,2472,243.8,87,OK,OK,OK
2026-08-16T00:24:07.014888Z,2457,243.6,87,OK,OK,OK
2026-08-16T00:24:12.507243Z,2456,243.6,87,OK,OK,OK
2026-08-16T00:24:18.046960Z,2449,243.6,87,OK,OK,OK
2026-08-16T00:24:23.533167Z,2458,243.6,87,OK,OK,OK
2026-08-16T00:24:29.056037Z,2452,243.7,87,OK,OK,OK
2026-08-16T00:24:34.584715Z,2454,243.7,87,OK,OK,OK
2026-08-16T00:24:40.097689Z,2452,243.6,87,OK,OK,OK
2026-08-16T00:24:45.591261Z,2454,243.7,87,OK,OK,OK
2026-08-16T00:24:51.107487Z,2451,243.6,87,OK,OK,OK
2026-08-16T00:24:56.616591Z,2456,243.8,87,OK,OK,OK
2026-08-16T00:25:02.145024Z,2445,243.6,87,OK,OK,OK
2026-08-16T00:25:07.654162Z,2460,243.5,87,OK,OK,OK
2026-08-16T00:25:13.151620Z,2491,243.5,87,OK,OK,OK
2026-08-16T00:25:18.608272Z,2463,243.5,87,OK,OK,OK
2026-08-16T00:25:24.104960Z,2479,243.6,87,OK,OK,OK
2026-08-16T00:25:29.589894Z,2479,243.6,87,OK,OK,OK
2026-08-16T00:25:35.073964Z,2458,243.5,87,OK,OK,OK
2026-08-16T00:25:40.600817Z,2462,243.6,87,OK,OK,OK
2026-08-16T00:25:46.143007Z,2470,243.6,87,OK,OK,OK
2026-08-16T00:25:51.629215Z,2435,243.6,87,OK,OK,OK
2026-08-16T00:25:57.152329Z,2448,243.6,87,OK,OK,OK
2026-08-16T00:26:02.673381Z,2446,243.6,87,OK,OK,OK
2026-08-16T00:26:08.151631Z,2475,243.5,87,OK,OK,OK
2026-08-16T00:26:13.701982Z,2446,243.5,87,OK,OK,OK
2026-08-16T00:26:19.194129Z,2466,243.5,87,OK,OK,OK
2026-08-16T00:26:24.693900Z,2456,243.4,87,OK,OK,OK
2026-08-16T00:26:30.205818Z,2448,243.6,87,OK,OK,OK
2026-08-16T00:26:35.720115Z,2452,243.5,87,OK,OK,OK
2026-08-16T00:26:41.233920Z,2454,243.4,87,OK,OK,OK
2026-08-16T00:26:46.720215Z,2458,243.5,87,OK,OK,OK
2026-08-16T00:26:52.161409Z,2450,243.4,87,OK,OK,OK
2026-08-16T00:26:57.659413Z,2454,243.6,87,OK,OK,OK
2026-08-16T00:27:03.171530Z,2465,243.6,87,OK,OK,OK
2026-08-16T00:27:08.683379Z,2480,243.5,87,OK,OK,OK
2026-08-16T00:27:14.171737Z,2470,243.6,87,OK,OK,OK
2026-08-16T00:27:19.688323Z,2461,243.5,87,OK,OK,OK
2026-08-16T00:27:25.239129Z,2462,243.6,87,OK,OK,OK
2026-08-16T00:27:30.727163Z,2458,243.6,87,OK,OK,OK
2026-08-16T00:27:36.268011Z,2451,243.6,87,OK,OK,OK
2026-08-16T00:27:41.732357Z,2447,243.5,87,OK,OK,OK
2026-08-16T00:27:47.218498Z,2446,243.5,87,OK,OK,OK
2026-08-16T00:27:52.722011Z,2445,243.7,87,OK,OK,OK
2026-08-16T00:27:58.186855Z,2452,243.7,87,OK,OK,OK
2026-08-16T00:28:03.672706Z,2443,243.5,87,OK,OK,OK
2026-08-16T00:28:09.155005Z,2448,243.5,2,OK,OK,OK
2026-08-16T00:28:14.711562Z,2441,243.0,2,OK,OK,OK
2026-08-16T00:28:20.183181Z,2454,243.1,2,OK,OK,OK
2026-08-16T00:28:25.684893Z,2448,243.1,2,OK,OK,OK
2026-08-16T00:28:31.210224Z,2438,243.2,2,OK,OK,OK
2026-08-16T00:28:36.692170Z,2438,243.2,2,OK,OK,OK
2026-08-16T00:28:42.233276Z,2438,243.1,2,OK,OK,OK
2026-08-16T00:28:47.759502Z,2448,243.1,2,OK,OK,OK
2026-08-16T00:28:53.254899Z,2439,243.2,2,OK,OK,OK
2026-08-16T00:28:58.779508Z,2440,243.2,2,OK,OK,OK
2026-08-16T00:29:04.277812Z,2443,243.2,2,OK,OK,OK
2026-08-16T00:29:09.803713Z,2454,243.2,2,OK,OK,OK
2026-08-16T00:29:15.334572Z,2436,243.2,2,OK,OK,OK
2026-08-16T00:29:20.851055Z,2433,243.2,2,OK,OK,OK
2026-08-16T00:29:26.349985Z,2447,243.8,2,OK,OK,OK
2026-08-16T00:29:31.850769Z,2443,243.8,2,OK,OK,OK
2026-08-16T00:29:37.314299Z,2443,243.6,2,OK,OK,OK
2026-08-16T00:29:42.851967Z,2456,243.6,2,OK,OK,OK
2026-08-16T00:29:48.366727Z,2454,243.8,2,OK,OK,OK
2026-08-16T00:29:53.854500Z,2456,243.7,2,OK,OK,OK
2026-08-16T00:29:59.343779Z,2449,243.8,2,OK,OK,OK
2026-08-16T00:30:04.821856Z,2449,243.8,2,OK,OK,OK
2026-08-16T00:30:10.361790Z,2456,243.6,2,OK,OK,OK
2026-08-16T00:30:15.879251Z,2467,243.7,2,OK,OK,OK
2026-08-16T00:30:21.346817Z,2452,243.8,2,OK,OK,OK
2026-08-16T00:30:26.881027Z,2448,243.7,2,OK,OK,OK
2026-08-16T00:30:32.398119Z,2442,243.6,2,OK,OK,OK
2026-08-16T00:30:37.909265Z,2453,243.6,2,OK,OK,OK
2026-08-16T00:30:43.389651Z,2446,243.8,2,OK,OK,OK
2026-08-16T00:30:48.925263Z,2449,243.7,2,OK,OK,OK
2026-08-16T00:30:54.404150Z,2447,243.7,2,OK,OK,OK
2026-08-16T00:30:59.929170Z,2452,244.1,2,OK,OK,OK
2026-08-16T00:31:05.440075Z,2367,243.9,2,OK,OK,OK
2026-08-16T00:31:10.914793Z,2382,244.0,2,OK,OK,OK
2026-08-16T00:31:16.379795Z,2362,244.0,2,OK,OK,OK
2026-08-16T00:31:21.843986Z,2366,244.1,2,OK,OK,OK
2026-08-16T00:31:27.337691Z,2362,243.9,2,OK,OK,OK
2026-08-16T00:31:32.808312Z,2367,243.9,2,OK,OK,OK
2026-08-16T00:31:38.306560Z,2387,244.0,2,OK,OK,OK
2026-08-16T00:31:43.789671Z,2369,243.9,2,OK,OK,OK
2026-08-16T00:31:49.312617Z,2371,243.9,2,OK,OK,OK
2026-08-16T00:31:54.816235Z,2363,244.0,2,OK,OK,OK
2026-08-16T00:32:00.312541Z,2369,243.9,2,OK,OK,OK
2026-08-16T00:32:05.831729Z,2364,243.9,2,OK,OK,OK
2026-08-16T00:32:11.356300Z,2366,243.9,2,OK,OK,OK
2026-08-16T00:32:16.872304Z,2367,243.9,2,OK,OK,OK
2026-08-16T00:32:22.373526Z,2366,243.9,2,OK,OK,OK
2026-08-16T00:32:27.889654Z,2378,243.9,2,OK,OK,OK
2026-08-16T00:32:33.392119Z,2366,243.9,2,OK,OK,OK
2026-08-16T00:32:38.892720Z,2370,243.9,2,OK,OK,OK
2026-08-16T00:32:44.390251Z,2368,243.8,2,OK,OK,OK
2026-08-16T00:32:49.907639Z,2368,243.8,2,OK,OK,OK
2026-08-16T00:32:55.396255Z,2360,243.7,2,OK,OK,OK
2026-08-16T00:33:00.934241Z,2366,243.8,2,OK,OK,OK
2026-08-16T00:33:06.480738Z,2364,243.7,2,OK,OK,OK
2026-08-16T00:33:12.021310Z,2362,243.6,2,OK,OK,OK
2026-08-16T00:33:17.508037Z,2364,243.6,2,OK,OK,OK
2026-08-16T00:33:23.015201Z,2350,243.8,2,OK,OK,OK
2026-08-16T00:33:28.496055Z,2375,243.7,2,OK,OK,OK
2026-08-16T00:33:34.006142Z,2367,243.7,2,OK,OK,OK
2026-08-16T00:33:39.511018Z,2364,243.7,2,OK,OK,OK
2026-08-16T00:33:45.030443Z,2367,243.8,2,OK,OK,OK
2026-08-16T00:33:50.532260Z,2367,243.6,2,OK,OK,OK
2026-08-16T00:33:56.041651Z,2371,243.6,2,OK,OK,OK
2026-08-16T00:34:01.572648Z,2366,243.7,2,OK,OK,OK
2026-08-16T00:34:07.063138Z,2365,243.8,2,OK,OK,OK
2026-08-16T00:34:12.583827Z,2373,243.8,2,OK,OK,OK
2026-08-16T00:34:18.073824Z,2347,243.7,2,OK,OK,OK
2026-08-16T00:34:23.573991Z,2366,243.7,2,OK,OK,OK
2026-08-16T00:34:29.059305Z,2363,243.7,2,OK,OK,OK
2026-08-16T00:34:34.537098Z,2368,243.7,2,OK,OK,OK
2026-08-16T00:34:40.062940Z,2372,243.6,2,OK,OK,OK
2026-08-16T00:34:45.544299Z,2361,243.7,2,OK,OK,OK
2026-08-16T00:34:51.045647Z,2359,243.6,2,OK,OK,OK
2026-08-16T00:34:56.513073Z,2358,243.6,2,OK,OK,OK
2026-08-16T00:35:02.013953Z,2368,243.5,2,OK,OK,OK
2026-08-16T00:35:07.492612Z,2366,243.5,2,OK,OK,OK
2026-08-16T00:35:13.019327Z,2361,243.5,2,OK,OK,OK
2026-08-16T00:35:18.488711Z,2360,243.7,2,OK,OK,OK
2026-08-16T00:35:24.007837Z,2366,243.7,2,OK,OK,OK
2026-08-16T00:35:29.501345Z,2367,243.7,2,OK,OK,OK
2026-08-16T00:35:34.996146Z,2364,243.5,2,OK,OK,OK
2026-08-16T00:35:40.507718Z,2354,243.5,2,OK,OK,OK
2026-08-16T00:35:46.019549Z,2370,243.6,2,OK,OK,OK
2026-08-16T00:35:51.534858Z,2360,243.5,2,OK,OK,OK
2026-08-16T00:35:57.078966Z,2360,243.5,2,OK,OK,OK
2026-08-16T00:36:02.554126Z,2364,243.6,2,OK,OK,OK
2026-08-16T00:36:08.019772Z,2364,243.5,2,OK,OK,OK
2026-08-16T00:36:13.561474Z,2339,242.3,2,OK,OK,OK
2026-08-16T00:36:19.078707Z,2345,242.7,2,OK,OK,OK
2026-08-16T00:36:24.588208Z,2349,242.7,2,OK,OK,OK
2026-08-16T00:36:30.095969Z,2352,242.8,2,OK,OK,OK
2026-08-16T00:36:35.604810Z,2348,242.6,2,OK,OK,OK
2026-08-16T00:36:41.077611Z,2346,242.8,2,OK,OK,OK
2026-08-16T00:36:46.594341Z,2347,242.8,2,OK,OK,OK
2026-08-16T00:36:52.127254Z,2354,242.7,2,OK,OK,OK
2026-08-16T00:36:57.653161Z,2355,242.8,2,OK,OK,OK
2026-08-16T00:37:03.157479Z,2350,242.8,2,OK,OK,OK
2026-08-16T00:37:08.644616Z,2349,242.6,2,OK,OK,OK
2026-08-16T00:37:14.162581Z,2362,242.6,2,OK,OK,OK
2026-08-16T00:37:19.672345Z,2343,242.7,2,OK,OK,OK
2026-08-16T00:37:25.170321Z,2349,242.9,2,OK,OK,OK
2026-08-16T00:37:30.650625Z,2350,242.9,2,OK,OK,OK
2026-08-16T00:37:36.190050Z,2365,242.9,2,OK,OK,OK
2026-08-16T00:37:41.725042Z,2356,242.9,2,OK,OK,OK
2026-08-16T00:37:47.254454Z,2354,242.9,2,OK,OK,OK
2026-08-16T00:37:52.740894Z,2352,242.9,2,OK,OK,OK
2026-08-16T00:37:58.281310Z,2355,243.0,2,OK,OK,OK
2026-08-16T00:38:03.774467Z,2346,243.0,2,OK,OK,OK
2026-08-16T00:38:09.308956Z,2364,242.9,2,OK,OK,OK
2026-08-16T00:38:14.855559Z,2359,243.1,2,OK,OK,OK
2026-08-16T00:38:20.357931Z,2362,242.9,2,OK,OK,OK
2026-08-16T00:38:25.885082Z,2347,243.0,2,OK,OK,OK
2026-08-16T00:38:31.376631Z,2352,242.9,2,OK,OK,OK
2026-08-16T00:38:36.882239Z,2352,242.8,2,OK,OK,OK
2026-08-16T00:38:42.393514Z,2348,242.8,2,OK,OK,OK
2026-08-16T00:38:47.880337Z,2347,242.8,2,OK,OK,OK
2026-08-16T00:38:53.408118Z,2351,242.9,2,OK,OK,OK
2026-08-16T00:38:58.941216Z,2345,242.8,2,OK,OK,OK
2026-08-16T00:39:04.456634Z,2352,242.9,2,OK,OK,OK
2026-08-16T00:39:09.958931Z,2350,243.0,2,OK,OK,OK
2026-08-16T00:39:15.467067Z,2357,242.9,2,OK,OK,OK
2026-08-16T00:39:21.007069Z,2347,242.9,2,OK,OK,OK
2026-08-16T00:39:26.523406Z,2337,242.9,2,OK,OK,OK
2026-08-16T00:39:32.020706Z,2355,243.0,2,OK,OK,OK
2026-08-16T00:39:37.539874Z,2359,243.0,2,OK,OK,OK
2026-08-16T00:39:43.034371Z,2357,243.0,2,OK,OK,OK
2026-08-16T00:39:48.476296Z,2372,243.0,2,OK,OK,OK
2026-08-16T00:39:53.983645Z,2351,243.0,2,OK,OK,OK
2026-08-16T00:39:59.456300Z,2350,243.0,2,OK,OK,OK
2026-08-16T00:40:04.950529Z,2358,243.0,2,OK,OK,OK
2026-08-16T00:40:10.435768Z,2348,243.0,2,OK,OK,OK
2026-08-16T00:40:15.917827Z,2364,242.9,2,OK,OK,OK
2026-08-16T00:40:21.464413Z,2357,242.9,2,OK,OK,OK
2026-08-16T00:40:26.932945Z,2350,242.9,2,OK,OK,OK
2026-08-16T00:40:32.442366Z,2351,242.9,2,OK,OK,OK
2026-08-16T00:40:37.930259Z,2347,243.0,2,OK,OK,OK
2026-08-16T00:40:43.477884Z,2365,242.9,2,OK,OK,OK
2026-08-16T00:40:48.991577Z,2366,243.0,2,OK,OK,OK
2026-08-16T00:40:54.502681Z,2346,243.0,2,OK,OK,OK
2026-08-16T00:41:00.016955Z,2363,242.8,2,OK,OK,OK
2026-08-16T00:41:05.481932Z,2355,243.0,2,OK,OK,OK
2026-08-16T00:41:10.987545Z,2353,243.0,2,OK,OK,OK
2026-08-16T00:41:16.494317Z,2350,243.0,2,OK,OK,OK
2026-08-16T00:41:22.001045Z,2352,243.0,2,OK,OK,OK
2026-08-16T00:41:27.523723Z,2345,243.0,2,OK,OK,OK
2026-08-16T00:41:33.011123Z,2357,243.1,2,OK,OK,OK
2026-08-16T00:41:38.525881Z,2346,243.0,2,OK,OK,OK
2026-08-16T00:41:44.030496Z,2366,243.0,2,OK,OK,OK
2026-08-16T00:41:49.536845Z,2357,243.0,2,OK,OK,OK
2026-08-16T00:41:55.053569Z,2347,242.9,2,OK,OK,OK
2026-08-16T00:42:00.565136Z,2347,242.8,2,OK,OK,OK
2026-08-16T00:42:06.043610Z,2349,242.7,2,OK,OK,OK
2026-08-16T00:42:11.579846Z,2374,243.3,2,OK,OK,OK
2026-08-16T00:42:17.083094Z,2367,243.2,2,OK,OK,OK
2026-08-16T00:42:22.599320Z,2353,243.3,2,OK,OK,OK
2026-08-16T00:42:28.095538Z,2357,243.4,2,OK,OK,OK
2026-08-16T00:42:33.610246Z,2351,243.4,2,OK,OK,OK
2026-08-16T00:42:39.114780Z,2355,243.4,2,OK,OK,OK
2026-08-16T00:42:44.611791Z,2352,243.4,2,OK,OK,OK
2026-08-16T00:42:50.140286Z,2353,243.4,2,OK,OK,OK
2026-08-16T00:42:55.636831Z,2356,243.4,2,OK,OK,OK
2026-08-16T00:43:01.169167Z,2353,243.4,2,OK,OK,OK
2026-08-16T00:43:06.690298Z,2364,243.5,2,OK,OK,OK
2026-08-16T00:43:12.194115Z,2359,243.5,2,OK,OK,OK
2026-08-16T00:43:17.709646Z,3752,242.7,2,OK,OK,OK
2026-08-16T00:43:23.221510Z,3832,242.7,2,OK,OK,OK
2026-08-16T00:43:28.704783Z,3813,242.7,0,OK,OK,OK
2026-08-16T00:43:34.193934Z,3814,242.7,0,OK,OK,OK
2026-08-16T00:43:39.701717Z,3816,243.0,0,OK,OK,OK
2026-08-16T00:43:45.205851Z,3828,243.2,0,OK,OK,OK
2026-08-16T00:43:50.686307Z,3865,243.3,0,OK,OK,OK
2026-08-16T00:43:56.154238Z,3889,243.3,0,OK,OK,OK
2026-08-16T00:44:01.669108Z,3864,243.3,0,OK,OK,OK
2026-08-16T00:44:07.130167Z,3863,243.2,0,OK,OK,OK
2026-08-16T00:44:12.672329Z,3848,243.3,0,OK,OK,OK
2026-08-16T00:44:18.142890Z,3840,243.1,0,OK,OK,OK
2026-08-16T00:44:23.666830Z,3843,243.1,0,OK,OK,OK
2026-08-16T00:44:29.138717Z,3869,243.1,0,OK,OK,OK
2026-08-16T00:44:34.662237Z,3856,243.1,0,OK,OK,OK
2026-08-16T00:44:40.135859Z,3856,243.3,0,OK,OK,OK
2026-08-16T00:44:45.607405Z,3851,243.3,0,OK,OK,OK
2026-08-16T00:44:51.130484Z,3860,243.4,0,OK,OK,OK
2026-08-16T00:44:56.620959Z,3849,243.3,0,OK,OK,OK
2026-08-16T00:45:02.157050Z,3846,243.4,0,OK,OK,OK
2026-08-16T00:45:07.694135Z,3859,243.3,0,OK,OK,OK
2026-08-16T00:45:13.205238Z,3872,243.3,0,OK,OK,OK
2026-08-16T00:45:18.670143Z,3880,243.4,0,OK,OK,OK
2026-08-16T00:45:24.208615Z,3876,243.4,0,OK,OK,OK
2026-08-16T00:45:29.682813Z,3870,243.4,0,OK,OK,OK
2026-08-16T00:45:35.208699Z,3874,243.6,0,OK,OK,OK
2026-08-16T00:45:40.727653Z,3889,243.4,0,OK,OK,OK
2026-08-16T00:45:46.197350Z,3884,243.4,0,OK,OK,OK
2026-08-16T00:45:51.728206Z,3880,243.6,0,OK,OK,OK
2026-08-16T00:45:57.206980Z,3878,243.6,0,OK,OK,OK
2026-08-16T00:46:02.710160Z,3886,243.5,0,OK,OK,OK
2026-08-16T00:46:08.188217Z,3881,243.5,0,OK,OK,OK
2026-08-16T00:46:13.753852Z,3890,243.6,0,OK,OK,OK
2026-08-16T00:46:19.261471Z,3889,243.6,0,OK,OK,OK
2026-08-16T00:46:24.749255Z,3884,243.6,0,OK,OK,OK
2026-08-16T00:46:30.259252Z,3888,243.4,0,OK,OK,OK
2026-08-16T00:46:35.741920Z,3893,243.5,0,OK,OK,OK
2026-08-16T00:46:41.264879Z,3890,243.6,0,OK,OK,OK
2026-08-16T00:46:46.814742Z,3879,243.6,0,OK,OK,OK
2026-08-16T00:46:52.313359Z,3892,243.6,0,OK,OK,OK
2026-08-16T00:46:57.803803Z,3916,243.6,0,OK,OK,OK
2026-08-16T00:47:03.334143Z,3890,243.6,0,OK,OK,OK
2026-08-16T00:47:08.862744Z,3945,243.5,0,OK,OK,OK
2026-08-16T00:47:14.358888Z,3930,243.6,0,OK,OK,OK
2026-08-16T00:47:19.879471Z,3924,243.5,0,OK,OK,OK
2026-08-16T00:47:25.370656Z,3918,243.6,0,OK,OK,OK
2026-08-16T00:47:30.868033Z,4008,243.5,0,OK,OK,OK
2026-08-16T00:47:36.404405Z,4000,243.5,0,OK,OK,OK
2026-08-16T00:47:41.908273Z,4030,243.5,0,OK,OK,OK
2026-08-16T00:47:47.417880Z,4034,243.4,0,OK,OK,OK
2026-08-16T00:47:52.926039Z,4029,243.4,0,OK,OK,OK
2026-08-16T00:47:58.434051Z,4021,243.5,0,OK,OK,OK
2026-08-16T00:48:03.964448Z,4029,243.5,0,OK,OK,OK
2026-08-16T00:48:09.489896Z,4040,243.5,0,OK,OK,OK
2026-08-16T00:48:15.022443Z,4031,243.5,0,OK,OK,OK
2026-08-16T00:48:20.542361Z,4025,243.4,0,OK,OK,OK
2026-08-16T00:48:26.051475Z,4019,243.2,0,OK,OK,OK
2026-08-16T00:48:31.566817Z,4027,243.2,0,OK,OK,OK
2026-08-16T00:48:37.054424Z,4018,243.3,0,OK,OK,OK
2026-08-16T00:48:42.548929Z,4012,243.3,0,OK,OK,OK
2026-08-16T00:48:48.068450Z,4022,243.4,0,OK,OK,OK
2026-08-16T00:48:53.559302Z,4025,243.3,0,OK,OK,OK
2026-08-16T00:48:59.056730Z,4010,243.2,0,OK,OK,OK
2026-08-16T00:49:04.552711Z,4016,243.2,0,OK,OK,OK
2026-08-16T00:49:10.038754Z,4023,243.2,0,OK,OK,OK
2026-08-16T00:49:15.525436Z,4013,243.2,0,OK,OK,OK
2026-08-16T00:49:21.019320Z,4015,243.2,0,OK,OK,OK
2026-08-16T00:49:26.528787Z,4009,243.2,0,OK,OK,OK
2026-08-16T00:49:32.014908Z,3996,243.2,0,OK,OK,OK
2026-08-16T00:49:37.530029Z,4000,243.1,0,OK,OK,OK
2026-08-16T00:49:42.999025Z,3997,243.2,0,OK,OK,OK
2026-08-16T00:49:48.513352Z,4006,243.2,0,OK,OK,OK
2026-08-16T00:49:53.990937Z,2494,243.9,0,OK,OK,OK
2026-08-16T00:49:59.513963Z,2488,244.1,0,OK,OK,OK
2026-08-16T00:50:05.019683Z,2486,244.1,0,OK,OK,OK
2026-08-16T00:50:10.515522Z,2486,244.0,0,OK,OK,OK
2026-08-16T00:50:16.062371Z,2496,243.7,0,OK,OK,OK
2026-08-16T00:50:21.574710Z,2495,243.9,0,OK,OK,OK
2026-08-16T00:50:27.063484Z,2485,243.9,0,OK,OK,OK
2026-08-16T00:50:32.557139Z,2485,244.0,0,OK,OK,OK
2026-08-16T00:50:38.069412Z,2488,243.9,0,OK,OK,OK
2026-08-16T00:50:43.556075Z,2483,243.8,0,OK,OK,OK
2026-08-16T00:50:49.054506Z,2479,243.8,0,OK,OK,OK
2026-08-16T00:50:54.591397Z,2484,243.8,0,OK,OK,OK
2026-08-16T00:51:00.092813Z,2487,243.9,0,OK,OK,OK
2026-08-16T00:51:05.564556Z,2491,243.8,0,OK,OK,OK
2026-08-16T00:51:11.077379Z,2504,243.9,0,OK,OK,OK
2026-08-16T00:51:16.649208Z,2502,243.8,0,OK,OK,OK
2026-08-16T00:51:22.180440Z,2484,243.8,0,OK,OK,OK
2026-08-16T00:51:27.691961Z,2484,243.8,0,OK,OK,OK
2026-08-16T00:51:33.185920Z,2489,243.8,0,OK,OK,OK
2026-08-16T00:51:38.696789Z,2493,244.2,0,OK,OK,OK
2026-08-16T00:51:44.191325Z,2492,244.3,0,OK,OK,OK
2026-08-16T00:51:49.666167Z,2494,244.3,0,OK,OK,OK
2026-08-16T00:51:55.159398Z,2492,244.3,0,OK,OK,OK
2026-08-16T00:52:00.664276Z,2493,244.3,0,OK,OK,OK
2026-08-16T00:52:06.145006Z,2505,244.2,0,OK,OK,OK
2026-08-16T00:52:11.617872Z,2494,244.1,0,OK,OK,OK
2026-08-16T00:52:17.100722Z,2503,244.2,0,OK,OK,OK
2026-08-16T00:52:22.599382Z,2500,244.2,0,OK,OK,OK
2026-08-16T00:52:28.125155Z,2503,244.2,0,OK,OK,OK
2026-08-16T00:52:33.598047Z,2499,244.2,0,OK,OK,OK
2026-08-16T00:52:39.119463Z,2513,244.2,0,OK,OK,OK
2026-08-16T00:52:44.645502Z,2500,244.3,0,OK,OK,OK
2026-08-16T00:52:50.149534Z,2503,244.3,0,OK,OK,OK
2026-08-16T00:52:55.662837Z,2497,244.2,0,OK,OK,OK
2026-08-16T00:53:01.172933Z,2487,244.1,0,OK,OK,OK
2026-08-16T00:53:06.689479Z,2491,244.2,0,OK,OK,OK
2026-08-16T00:53:12.201420Z,2491,244.4,0,OK,OK,OK
2026-08-16T00:53:17.725622Z,2493,244.4,0,OK,OK,OK
2026-08-16T00:53:23.233719Z,2487,244.3,0,OK,OK,OK
2026-08-16T00:53:28.741664Z,2488,244.2,0,OK,OK,OK
2026-08-16T00:53:34.261971Z,2499,244.2,0,OK,OK,OK
2026-08-16T00:53:39.774010Z,2492,244.3,0,OK,OK,OK
2026-08-16T00:53:45.263016Z,2494,244.2,0,OK,OK,OK
2026-08-16T00:53:50.781521Z,2491,244.3,0,OK,OK,OK
2026-08-16T00:53:56.317617Z,2494,244.2,0,OK,OK,OK
2026-08-16T00:54:01.858823Z,2489,244.2,0,OK,OK,OK
2026-08-16T00:54:07.337641Z,2488,244.2,0,OK,OK,OK
2026-08-16T00:54:12.842664Z,2496,243.9,0,OK,OK,OK
2026-08-16T00:54:18.334245Z,2495,244.2,0,OK,OK,OK
2026-08-16T00:54:23.882587Z,2487,244.2,0,OK,OK,OK
2026-08-16T00:54:29.375449Z,2491,244.2,0,OK,OK,OK
2026-08-16T00:54:34.914103Z,2487,244.2,0,OK,OK,OK
2026-08-16T00:54:40.402386Z,2492,244.2,0,OK,OK,OK
2026-08-16T00:54:45.942157Z,2495,244.2,0,OK,OK,OK
2026-08-16T00:54:51.444435Z,2489,244.2,0,OK,OK,OK
2026-08-16T00:54:56.941569Z,2484,244.1,0,OK,OK,OK
2026-08-16T00:55:02.481069Z,2487,244.1,0,OK,OK,OK
2026-08-16T00:55:07.992058Z,2488,244.2,0,OK,OK,OK
2026-08-16T00:55:13.501523Z,2549,244.2,0,OK,OK,OK
2026-08-16T00:55:19.001565Z,2493,244.2,0,OK,OK,OK
2026-08-16T00:55:24.520640Z,2489,244.2,0,OK,OK,OK
2026-08-16T00:55:30.012892Z,2493,244.2,0,OK,OK,OK
2026-08-16T00:55:35.535092Z,2494,244.2,0,OK,OK,OK
2026-08-16T00:55:41.069992Z,2496,244.2,0,OK,OK,OK
2026-08-16T00:55:46.611525Z,2499,244.2,0,OK,OK,OK
2026-08-16T00:55:52.122727Z,2504,244.2,0,OK,OK,OK
2026-08-16T00:55:57.629680Z,2488,244.1,0,OK,OK,OK
2026-08-16T00:56:03.143934Z,2491,244.1,0,OK,OK,OK
2026-08-16T00:56:08.664547Z,2501,244.1,0,OK,OK,OK
2026-08-16T00:56:14.159023Z,2491,244.1,0,OK,OK,OK
2026-08-16T00:56:19.685508Z,2490,244.2,0,OK,OK,OK
2026-08-16T00:56:25.223670Z,2485,244.2,0,OK,OK,OK
2026-08-16T00:56:30.720931Z,2495,244.3,0,OK,OK,OK
2026-08-16T00:56:36.234036Z,2495,244.2,0,OK,OK,OK
2026-08-16T00:56:41.714183Z,2492,244.2,0,OK,OK,OK
2026-08-16T00:56:47.253659Z,2490,244.5,0,OK,OK,OK
2026-08-16T00:56:52.738452Z,2490,244.5,0,OK,OK,OK
2026-08-16T00:56:58.261375Z,2504,244.5,0,OK,OK,OK
2026-08-16T00:57:03.798685Z,2504,244.5,0,OK,OK,OK
2026-08-16T00:57:09.307353Z,2526,244.5,0,OK,OK,OK
2026-08-16T00:57:14.765346Z,2513,244.5,0,OK,OK,OK
2026-08-16T00:57:20.305887Z,2490,244.5,0,OK,OK,OK
2026-08-16T00:57:25.811050Z,2495,244.5,0,OK,OK,OK
2026-08-16T00:57:31.331828Z,2499,244.5,0,OK,OK,OK
2026-08-16T00:57:36.832684Z,2494,244.5,0,OK,OK,OK
2026-08-16T00:57:42.324133Z,2494,244.4,0,OK,OK,OK
2026-08-16T00:57:47.815985Z,2491,244.5,0,OK,OK,OK
2026-08-16T00:57:53.289997Z,2495,244.4,0,OK,OK,OK
2026-08-16T00:57:58.735507Z,2482,244.3,0,OK,OK,OK
2026-08-16T00:58:04.262254Z,2494,244.5,0,OK,OK,OK
2026-08-16T00:58:09.763626Z,2501,244.4,0,OK,OK,OK
2026-08-16T00:58:15.305708Z,2489,244.4,0,OK,OK,OK
2026-08-16T00:58:20.791980Z,2491,244.4,0,OK,OK,OK
2026-08-16T00:58:26.275090Z,2490,244.5,0,OK,OK,OK
2026-08-16T00:58:31.786806Z,2479,244.5,0,OK,OK,OK
2026-08-16T00:58:37.327978Z,2476,244.3,0,OK,OK,OK
2026-08-16T00:58:42.809859Z,2476,244.4,0,OK,OK,OK
2026-08-16T00:58:48.336961Z,2478,244.4,0,OK,OK,OK
2026-08-16T00:58:53.860093Z,2478,244.4,0,OK,OK,OK
2026-08-16T00:58:59.343403Z,2475,244.4,0,OK,OK,OK
2026-08-16T00:59:04.875636Z,2478,244.3,0,OK,OK,OK
2026-08-16T00:59:10.382545Z,2484,244.4,0,OK,OK,OK
2026-08-16T00:59:15.869878Z,2482,244.5,0,OK,OK,OK
2026-08-16T00:59:21.370910Z,2481,244.5,0,OK,OK,OK
2026-08-16T00:59:26.900781Z,2481,244.4,0,OK,OK,OK
2026-08-16T00:59:32.455901Z,2479,244.4,0,OK,OK,OK
2026-08-16T00:59:37.958444Z,2475,244.4,0,OK,OK,OK
2026-08-16T00:59:43.477959Z,2487,244.4,0,OK,OK,OK
2026-08-16T00:59:48.998794Z,2478,244.4,0,OK,OK,OK
2026-08-16T00:59:54.500946Z,2470,244.4,0,OK,OK,OK
2026-08-16T01:00:00.001240Z,2460,244.2,0,OK,OK,OK
2026-08-16T01:00:05.496970Z,2467,244.3,0,OK,OK,OK
2026-08-16T01:00:11.029238Z,2469,244.3,0,OK,OK,OK
2026-08-16T01:00:16.540163Z,2908,244.2,0,OK,OK,OK
2026-08-16T01:00:21.988171Z,2920,244.2,0,OK,OK,OK
2026-08-16T01:00:27.524996Z,2904,244.3,0,OK,OK,OK
2026-08-16T01:00:33.019633Z,2900,244.3,0,OK,OK,OK
2026-08-16T01:00:38.512824Z,2894,244.3,0,OK,OK,OK
2026-08-16T01:00:44.021370Z,2900,244.2,0,OK,OK,OK
2026-08-16T01:00:49.547066Z,2899,244.1,0,OK,OK,OK
2026-08-16T01:00:55.087265Z,2894,244.1,0,OK,OK,OK
2026-08-16T01:01:00.592651Z,2891,244.1,0,OK,OK,OK
2026-08-16T01:01:06.105120Z,2900,244.1,0,OK,OK,OK
2026-08-16T01:01:11.601733Z,2912,244.1,0,OK,OK,OK
2026-08-16T01:01:17.099837Z,2894,244.1,0,OK,OK,OK
2026-08-16T01:01:22.580314Z,2899,244.1,0,OK,OK,OK
2026-08-16T01:01:28.131505Z,2888,244.1,0,OK,OK,OK
2026-08-16T01:01:33.666993Z,2907,244.1,0,OK,OK,OK
2026-08-16T01:01:39.196267Z,2898,244.3,0,OK,OK,OK
2026-08-16T01:01:44.691413Z,2896,244.5,0,OK,OK,OK
2026-08-16T01:01:50.221869Z,2908,244.5,0,OK,OK,OK
2026-08-16T01:01:55.775698Z,2920,244.6,0,OK,OK,OK
2026-08-16T01:02:01.320140Z,2917,244.4,0,OK,OK,OK
2026-08-16T01:02:06.811966Z,2912,244.4,0,OK,OK,OK
2026-08-16T01:02:12.334975Z,2959,244.4,0,OK,OK,OK
2026-08-16T01:02:17.787143Z,2916,244.5,0,OK,OK,OK
2026-08-16T01:02:23.267934Z,2907,244.5,0,OK,OK,OK
2026-08-16T01:02:28.805980Z,2929,244.4,0,OK,OK,OK
2026-08-16T01:02:34.274558Z,2940,244.4,0,OK,OK,OK
2026-08-16T01:02:39.773647Z,2927,244.7,0,OK,OK,OK
2026-08-16T01:02:45.277158Z,2908,244.7,0,OK,OK,OK
2026-08-16T01:02:50.755089Z,2925,244.7,0,OK,OK,OK
2026-08-16T01:02:56.258242Z,2917,244.7,0,OK,OK,OK
2026-08-16T01:03:01.740414Z,2908,244.6,0,OK,OK,OK
2026-08-16T01:03:07.222381Z,2914,244.7,0,OK,OK,OK
2026-08-16T01:03:12.724596Z,2912,244.7,0,OK,OK,OK
2026-08-16T01:03:18.241721Z,2903,244.7,0,OK,OK,OK
2026-08-16T01:03:23.736702Z,2908,244.7,0,OK,OK,OK
2026-08-16T01:03:29.259446Z,2920,244.7,0,OK,OK,OK
2026-08-16T01:03:34.771611Z,2900,244.7,0,OK,OK,OK
2026-08-16T01:03:40.290697Z,2907,244.5,0,OK,OK,OK
2026-08-16T01:03:45.781543Z,2901,244.6,0,OK,OK,OK
2026-08-16T01:03:51.325637Z,2927,244.6,0,OK,OK,OK
2026-08-16T01:03:56.815045Z,2912,244.6,0,OK,OK,OK
2026-08-16T01:04:02.353774Z,2905,244.6,0,OK,OK,OK
2026-08-16T01:04:07.844694Z,2928,244.5,0,OK,OK,OK
2026-08-16T01:04:13.372369Z,2912,244.6,0,OK,OK,OK
2026-08-16T01:04:18.871649Z,2906,244.6,0,OK,OK,OK
2026-08-16T01:04:24.390393Z,2920,244.6,0,OK,OK,OK
2026-08-16T01:04:29.907986Z,2924,244.1,0,OK,OK,OK
2026-08-16T01:04:35.402819Z,2892,243.8,0,OK,OK,OK
2026-08-16T01:04:40.934841Z,2892,243.8,0,OK,OK,OK
2026-08-16T01:04:46.446533Z,2888,243.8,0,OK,OK,OK
2026-08-16T01:04:51.964900Z,2882,243.8,0,OK,OK,OK
2026-08-16T01:04:57.511423Z,2885,243.7,0,OK,OK,OK
2026-08-16T01:05:03.032476Z,2858,243.7,0,OK,OK,OK
2026-08-16T01:05:08.536477Z,2876,243.7,0,OK,OK,OK
2026-08-16T01:05:14.060029Z,2905,243.7,0,OK,OK,OK
2026-08-16T01:05:19.561318Z,2905,243.7,0,OK,OK,OK
2026-08-16T01:05:25.057635Z,3005,243.7,0,OK,OK,OK
2026-08-16T01:05:30.527542Z,3015,243.6,0,OK,OK,OK
2026-08-16T01:05:36.024040Z,3004,243.7,0,OK,OK,OK
2026-08-16T01:05:41.521585Z,3015,243.7,0,OK,OK,OK
2026-08-16T01:05:46.987773Z,3002,243.7,0,OK,OK,OK
2026-08-16T01:05:52.461399Z,2998,243.7,0,OK,OK,OK
2026-08-16T01:05:57.954469Z,2990,243.7,0,OK,OK,OK
2026-08-16T01:06:03.431799Z,2987,243.7,0,OK,OK,OK
2026-08-16T01:06:08.927029Z,2983,243.7,0,OK,OK,OK
2026-08-16T01:06:14.460460Z,3019,243.7,0,OK,OK,OK
2026-08-16T01:06:19.973468Z,2995,243.7,0,OK,OK,OK
2026-08-16T01:06:25.482348Z,2987,243.8,0,OK,OK,OK
2026-08-16T01:06:30.957347Z,2984,243.7,0,OK,OK,OK
2026-08-16T01:06:36.439881Z,2990,243.7,0,OK,OK,OK
2026-08-16T01:06:41.977198Z,3014,243.7,0,OK,OK,OK
2026-08-16T01:06:47.435720Z,2889,243.8,0,OK,OK,OK
2026-08-16T01:06:52.942240Z,2882,243.8,0,OK,OK,OK
2026-08-16T01:06:58.417117Z,2887,243.8,0,OK,OK,OK
2026-08-16T01:07:03.941244Z,2891,243.8,0,OK,OK,OK
2026-08-16T01:07:09.443962Z,2887,243.8,0,OK,OK,OK
2026-08-16T01:07:14.929059Z,2916,243.7,0,OK,OK,OK
2026-08-16T01:07:20.441561Z,2874,243.7,0,OK,OK,OK
2026-08-16T01:07:25.981745Z,2878,243.7,0,OK,OK,OK
2026-08-16T01:07:31.469185Z,2875,243.7,0,OK,OK,OK
2026-08-16T01:07:36.994871Z,2874,243.9,0,OK,OK,OK
2026-08-16T01:07:42.529937Z,2869,243.8,0,OK,OK,OK
2026-08-16T01:07:47.998386Z,2896,243.8,0,OK,OK,OK
2026-08-16T01:07:53.494969Z,2892,243.8,0,OK,OK,OK
2026-08-16T01:07:59.028637Z,2886,243.8,0,OK,OK,OK
2026-08-16T01:08:04.563526Z,2885,243.7,0,OK,OK,OK
2026-08-16T01:08:10.090438Z,2902,243.8,0,OK,OK,OK
2026-08-16T01:08:15.596761Z,2886,243.8,0,OK,OK,OK
2026-08-16T01:08:21.140097Z,2890,243.7,0,OK,OK,OK
2026-08-16T01:08:26.657957Z,2886,243.7,0,OK,OK,OK
2026-08-16T01:08:32.208101Z,2883,243.7,0,OK,OK,OK
2026-08-16T01:08:37.718591Z,2887,243.7,0,OK,OK,OK
2026-08-16T01:08:43.221253Z,2883,243.7,0,OK,OK,OK
2026-08-16T01:08:48.718438Z,2870,243.7,0,OK,OK,OK
2026-08-16T01:08:54.214167Z,2889,243.7,0,OK,OK,OK
2026-08-16T01:08:59.692004Z,2893,243.7,0,OK,OK,OK
2026-08-16T01:09:05.229121Z,2885,243.7,0,OK,OK,OK
2026-08-16T01:09:10.738054Z,2885,243.7,0,OK,OK,OK
2026-08-16T01:09:16.243060Z,2891,243.7,0,OK,OK,OK
2026-08-16T01:09:21.777070Z,2894,243.9,0,OK,OK,OK
2026-08-16T01:09:27.308591Z,2895,243.9,0,OK,OK,OK
2026-08-16T01:09:32.824103Z,2894,243.9,0,OK,OK,OK
2026-08-16T01:09:38.320742Z,2886,243.9,0,OK,OK,OK
2026-08-16T01:09:43.867185Z,2868,243.8,0,OK,OK,OK
2026-08-16T01:09:49.397466Z,2878,243.9,0,OK,OK,OK
2026-08-16T01:09:54.912241Z,2888,243.9,0,OK,OK,OK
2026-08-16T01:10:00.425098Z,2878,243.9,0,OK,OK,OK
2026-08-16T01:10:05.962838Z,2874,243.9,0,OK,OK,OK
2026-08-16T01:10:11.458373Z,2877,243.9,0,OK,OK,OK
2026-08-16T01:10:16.940656Z,2884,243.9,0,OK,OK,OK
2026-08-16T01:10:22.469419Z,2860,243.9,0,OK,OK,OK
2026-08-16T01:10:27.953150Z,2876,243.8,0,OK,OK,OK
2026-08-16T01:10:33.405131Z,2884,244.4,0,OK,OK,OK
2026-08-16T01:10:38.871674Z,2885,244.4,0,OK,OK,OK
2026-08-16T01:10:44.382295Z,2910,244.4,0,OK,OK,OK
2026-08-16T01:10:49.910412Z,2888,244.4,0,OK,OK,OK
2026-08-16T01:10:55.466934Z,2879,244.4,0,OK,OK,OK
2026-08-16T01:11:00.978572Z,2887,244.4,0,OK,OK,OK
2026-08-16T01:11:06.486786Z,2889,244.4,0,OK,OK,OK
2026-08-16T01:11:12.044156Z,2895,244.3,0,OK,OK,OK
2026-08-16T01:11:17.582294Z,2890,244.5,0,OK,OK,OK
2026-08-16T01:11:23.064338Z,2893,244.5,0,OK,OK,OK
2026-08-16T01:11:28.558442Z,2890,244.5,0,OK,OK,OK
2026-08-16T01:11:34.052092Z,2896,244.5,0,OK,OK,OK
2026-08-16T01:11:39.582071Z,2888,244.5,0,OK,OK,OK
2026-08-16T01:11:45.077399Z,2882,244.5,0,OK,OK,OK
2026-08-16T01:11:50.611532Z,2881,244.5,0,OK,OK,OK
2026-08-16T01:11:56.112882Z,2884,244.5,0,OK,OK,OK
2026-08-16T01:12:01.597552Z,2900,244.9,0,OK,OK,OK
2026-08-16T01:12:07.089932Z,2902,244.8,0,OK,OK,OK
2026-08-16T01:12:12.615022Z,2905,244.8,0,OK,OK,OK
2026-08-16T01:12:18.093048Z,2893,244.9,0,OK,OK,OK
2026-08-16T01:12:23.631972Z,2893,244.8,0,OK,OK,OK
2026-08-16T01:12:29.160843Z,2895,244.9,0,OK,OK,OK
2026-08-16T01:12:34.656589Z,2892,244.9,0,OK,OK,OK
2026-08-16T01:12:40.172831Z,2894,244.8,0,OK,OK,OK
2026-08-16T01:12:45.697661Z,2898,244.7,0,OK,OK,OK
2026-08-16T01:12:51.211053Z,2895,244.7,0,OK,OK,OK
2026-08-16T01:12:56.746382Z,2881,244.8,0,OK,OK,OK
2026-08-16T01:13:02.254854Z,2887,244.8,0,OK,OK,OK
2026-08-16T01:13:07.768645Z,2802,244.7,0,OK,OK,OK
2026-08-16T01:13:13.291150Z,2810,244.8,0,OK,OK,OK
2026-08-16T01:13:18.851387Z,2822,244.9,0,OK,OK,OK
2026-08-16T01:13:24.326996Z,2812,244.9,0,OK,OK,OK
2026-08-16T01:13:29.846098Z,2813,244.9,0,OK,OK,OK
2026-08-16T01:13:35.390744Z,2819,244.9,0,OK,OK,OK
2026-08-16T01:13:40.906448Z,2813,244.9,0,OK,OK,OK
2026-08-16T01:13:46.378603Z,2815,245.0,0,OK,OK,OK
2026-08-16T01:13:51.866629Z,2812,245.0,0,OK,OK,OK
2026-08-16T01:13:57.402917Z,2814,244.9,0,OK,OK,OK
2026-08-16T01:14:02.894510Z,2814,244.9,0,OK,OK,OK
2026-08-16T01:14:08.415247Z,2814,244.8,0,OK,OK,OK
2026-08-16T01:14:13.987918Z,2812,244.8,0,OK,OK,OK
2026-08-16T01:14:19.482473Z,2797,244.9,0,OK,OK,OK
2026-08-16T01:14:25.006216Z,2798,244.9,0,OK,OK,OK
2026-08-16T01:14:30.513105Z,2815,244.9,0,OK,OK,OK
2026-08-16T01:14:36.014558Z,2810,244.9,0,OK,OK,OK
2026-08-16T01:14:41.521247Z,2797,244.9,0,OK,OK,OK
2026-08-16T01:14:47.012901Z,2812,244.9,0,OK,OK,OK
2026-08-16T01:14:52.501830Z,2814,244.9,0,OK,OK,OK
2026-08-16T01:14:58.011176Z,2819,244.9,0,OK,OK,OK
2026-08-16T01:15:03.511049Z,2823,244.9,0,OK,OK,OK
2026-08-16T01:15:09.019141Z,2822,244.9,0,OK,OK,OK
2026-08-16T01:15:14.546230Z,2818,244.9,0,OK,OK,OK
2026-08-16T01:15:20.022420Z,2818,244.9,0,OK,OK,OK
2026-08-16T01:15:25.492860Z,2802,245.0,0,OK,OK,OK
2026-08-16T01:15:31.003964Z,2816,244.9,0,OK,OK,OK
2026-08-16T01:15:36.486851Z,2815,244.9,0,OK,OK,OK
2026-08-16T01:15:41.969470Z,2810,244.8,0,OK,OK,OK
2026-08-16T01:15:47.455065Z,2814,244.9,0,OK,OK,OK
2026-08-16T01:15:52.948258Z,2815,244.9,0,OK,OK,OK
2026-08-16T01:15:58.418184Z,2807,244.9,0,OK,OK,OK
2026-08-16T01:16:03.929455Z,2820,244.9,0,OK,OK,OK
2026-08-16T01:16:09.411058Z,2830,244.9,0,OK,OK,OK
2026-08-16T01:16:14.973278Z,2821,244.9,0,OK,OK,OK
2026-08-16T01:16:20.500232Z,2809,244.7,0,OK,OK,OK
2026-08-16T01:16:26.002783Z,2811,244.9,0,OK,OK,OK
2026-08-16T01:16:31.498895Z,2811,244.9,0,OK,OK,OK
2026-08-16T01:16:37.006795Z,2806,244.9,0,OK,OK,OK
2026-08-16T01:16:42.520220Z,2800,244.9,0,OK,OK,OK
2026-08-16T01:16:48.008738Z,2808,244.9,0,OK,OK,OK
2026-08-16T01:16:53.531297Z,2815,244.9,0,OK,OK,OK
2026-08-16T01:16:59.060817Z,2814,244.9,0,OK,OK,OK
2026-08-16T01:17:04.573808Z,2811,244.9,0,OK,OK,OK
2026-08-16T01:17:10.079697Z,2818,244.9,0,OK,OK,OK
2026-08-16T01:17:15.590527Z,2828,244.9,0,OK,OK,OK
2026-08-16T01:17:21.120452Z,2822,245.0,0,OK,OK,OK
2026-08-16T01:17:26.662777Z,2830,245.0,0,OK,OK,OK
2026-08-16T01:17:32.155741Z,2836,244.9,0,OK,OK,OK
2026-08-16T01:17:37.656931Z,2821,244.9,0,OK,OK,OK
2026-08-16T01:17:43.191834Z,2832,244.9,0,OK,OK,OK
2026-08-16T01:17:48.682249Z,2822,244.9,0,OK,OK,OK
2026-08-16T01:17:54.213073Z,2817,244.9,0,OK,OK,OK
2026-08-16T01:17:59.696872Z,2804,244.9,0,OK,OK,OK
2026-08-16T01:18:05.233958Z,2820,244.9,0,OK,OK,OK
2026-08-16T01:18:10.728286Z,2815,244.9,0,OK,OK,OK
2026-08-16T01:18:16.266697Z,2808,244.5,0,OK,OK,OK
2026-08-16T01:18:21.788586Z,2795,244.5,0,OK,OK,OK
2026-08-16T01:18:27.306092Z,2788,244.5,0,OK,OK,OK
2026-08-16T01:18:32.797891Z,2802,244.5,0,OK,OK,OK
2026-08-16T01:18:38.312469Z,2812,244.5,0,OK,OK,OK
2026-08-16T01:18:43.809963Z,2808,244.6,0,OK,OK,OK
2026-08-16T01:18:49.333156Z,2810,244.6,0,OK,OK,OK
2026-08-16T01:18:54.839295Z,2808,244.6,0,OK,OK,OK
2026-08-16T01:19:00.328473Z,2810,244.6,0,OK,OK,OK
2026-08-16T01:19:05.858517Z,2797,244.5,0,OK,OK,OK
2026-08-16T01:19:11.353934Z,2795,244.5,0,OK,OK,OK
2026-08-16T01:19:16.865146Z,2812,244.5,0,OK,OK,OK
2026-08-16T01:19:22.355219Z,2811,244.5,0,OK,OK,OK
2026-08-16T01:19:27.844475Z,2816,244.5,0,OK,OK,OK
2026-08-16T01:19:33.358315Z,2824,244.7,0,OK,OK,OK
2026-08-16T01:19:38.879246Z,2800,244.7,0,OK,OK,OK
2026-08-16T01:19:44.385314Z,2800,244.6,0,OK,OK,OK
2026-08-16T01:19:49.846761Z,2807,244.5,0,OK,OK,OK
2026-08-16T01:19:55.349810Z,2806,244.5,0,OK,OK,OK
2026-08-16T01:20:00.869572Z,2798,244.5,0,OK,OK,OK
2026-08-16T01:20:06.357918Z,2809,244.5,0,OK,OK,OK
2026-08-16T01:20:11.822547Z,2805,243.7,0,OK,OK,OK
2026-08-16T01:20:17.338425Z,2802,243.7,0,OK,OK,OK
2026-08-16T01:20:22.868041Z,2790,243.7,0,OK,OK,OK
2026-08-16T01:20:28.392363Z,2784,243.7,0,OK,OK,OK
2026-08-16T01:20:33.910296Z,2783,243.7,0,OK,OK,OK
2026-08-16T01:20:39.396509Z,2775,243.9,0,OK,OK,OK
2026-08-16T01:20:44.913248Z,2793,243.9,0,OK,OK,OK
2026-08-16T01:20:50.433288Z,2794,243.9,0,OK,OK,OK
2026-08-16T01:20:55.935558Z,2785,243.9,0,OK,OK,OK
2026-08-16T01:21:01.426160Z,2793,243.9,0,OK,OK,OK
2026-08-16T01:21:06.912237Z,2780,243.8,0,OK,OK,OK
2026-08-16T01:21:12.436214Z,2799,243.9,0,OK,OK,OK
2026-08-16T01:21:17.896008Z,2798,243.9,0,OK,OK,OK
2026-08-16T01:21:23.394116Z,2792,243.8,0,OK,OK,OK
2026-08-16T01:21:28.919705Z,2793,243.9,0,OK,OK,OK
2026-08-16T01:21:34.464667Z,2790,243.8,0,OK,OK,OK
2026-08-16T01:21:39.976702Z,2783,243.8,0,OK,OK,OK
2026-08-16T01:21:45.503014Z,2778,243.8,0,OK,OK,OK
2026-08-16T01:21:50.998409Z,2798,243.8,0,OK,OK,OK
2026-08-16T01:21:56.502695Z,2786,243.9,0,OK,OK,OK
2026-08-16T01:22:02.019415Z,2790,243.8,0,OK,OK,OK
2026-08-16T01:22:07.537107Z,2796,243.7,0,OK,OK,OK
2026-08-16T01:22:13.058599Z,2816,243.7,0,OK,OK,OK
2026-08-16T01:22:18.557416Z,2793,243.7,0,OK,OK,OK
2026-08-16T01:22:24.071273Z,2791,243.7,0,OK,OK,OK
2026-08-16T01:22:29.534525Z,2781,243.7,0,OK,OK,OK
2026-08-16T01:22:35.051647Z,2792,243.7,0,OK,OK,OK
2026-08-16T01:22:40.526082Z,2787,243.7,0,OK,OK,OK
2026-08-16T01:22:46.016820Z,2800,243.7,0,OK,OK,OK
2026-08-16T01:22:51.547118Z,2799,243.7,0,OK,OK,OK
2026-08-16T01:22:57.020515Z,2793,243.7,0,OK,OK,OK
2026-08-16T01:23:02.514839Z,2794,243.5,0,OK,OK,OK
2026-08-16T01:23:08.021519Z,2796,243.5,0,OK,OK,OK
2026-08-16T01:23:13.525252Z,2795,243.6,0,OK,OK,OK
2026-08-16T01:23:19.052314Z,2796,243.6,0,OK,OK,OK
2026-08-16T01:23:24.570460Z,2798,243.6,0,OK,OK,OK
2026-08-16T01:23:30.092898Z,2786,243.6,0,OK,OK,OK
2026-08-16T01:23:35.615139Z,2795,243.8,0,OK,OK,OK
2026-08-16T01:23:41.090282Z,2794,243.8,0,OK,OK,OK
2026-08-16T01:23:46.603196Z,2800,243.6,0,OK,OK,OK
2026-08-16T01:23:52.120854Z,2788,243.6,0,OK,OK,OK
2026-08-16T01:23:57.580687Z,4182,242.9,0,OK,OK,OK
2026-08-16T01:24:03.102187Z,4250,242.9,0,OK,OK,OK
2026-08-16T01:24:08.593753Z,4245,242.9,0,OK,OK,OK
2026-08-16T01:24:14.166095Z,4228,242.9,0,OK,OK,OK
2026-08-16T01:24:19.637788Z,4218,242.9,0,OK,OK,OK
2026-08-16T01:24:25.163507Z,4220,243.0,0,OK,OK,OK
2026-08-16T01:24:30.649079Z,4292,242.9,0,OK,OK,OK
2026-08-16T01:24:36.188206Z,4309,242.9,0,OK,OK,OK
2026-08-16T01:24:41.676518Z,4281,242.9,0,OK,OK,OK
2026-08-16T01:24:47.191376Z,4280,242.9,0,OK,OK,OK
2026-08-16T01:24:52.705446Z,4264,242.9,0,OK,OK,OK
2026-08-16T01:24:58.202919Z,4238,242.9,0,OK,OK,OK
2026-08-16T01:25:03.729649Z,4259,242.9,0,OK,OK,OK
2026-08-16T01:25:09.241326Z,4307,242.9,0,OK,OK,OK
2026-08-16T01:25:14.761683Z,4280,242.9,0,OK,OK,OK
2026-08-16T01:25:20.277365Z,4261,242.8,0,OK,OK,OK
2026-08-16T01:25:25.789969Z,4242,242.6,0,OK,OK,OK
2026-08-16T01:25:31.290428Z,4244,242.8,0,OK,OK,OK
2026-08-16T01:25:36.795454Z,4254,242.6,0,OK,OK,OK
2026-08-16T01:25:42.258286Z,4250,242.6,0,OK,OK,OK
2026-08-16T01:25:47.758570Z,4258,242.7,0,OK,OK,OK
2026-08-16T01:25:53.274725Z,4281,242.7,0,OK,OK,OK
2026-08-16T01:25:58.814656Z,4283,242.7,0,OK,OK,OK
2026-08-16T01:26:04.310289Z,4273,242.7,0,OK,OK,OK
2026-08-16T01:26:09.818671Z,4303,242.7,0,OK,OK,OK
2026-08-16T01:26:15.350507Z,4274,242.7,0,OK,OK,OK
2026-08-16T01:26:20.845332Z,4278,242.8,0,OK,OK,OK
2026-08-16T01:26:26.352401Z,4291,242.6,0,OK,OK,OK
2026-08-16T01:26:31.850423Z,4280,242.6,0,OK,OK,OK
2026-08-16T01:26:37.369768Z,4293,242.6,0,OK,OK,OK
2026-08-16T01:26:42.862954Z,4280,242.6,0,OK,OK,OK
2026-08-16T01:26:48.370916Z,4298,242.5,0,OK,OK,OK
2026-08-16T01:26:53.886988Z,4298,242.6,0,OK,OK,OK
2026-08-16T01:26:59.402977Z,4303,242.7,0,OK,OK,OK
2026-08-16T01:27:04.905256Z,4301,242.6,0,OK,OK,OK
2026-08-16T01:27:10.419424Z,4311,242.6,0,OK,OK,OK
2026-08-16T01:27:15.944834Z,4313,242.6,0,OK,OK,OK
2026-08-16T01:27:21.442855Z,4324,242.7,0,OK,OK,OK
2026-08-16T01:27:26.937663Z,4312,242.7,0,OK,OK,OK
2026-08-16T01:27:32.454362Z,4322,242.6,0,OK,OK,OK
2026-08-16T01:27:37.963816Z,4312,242.6,0,OK,OK,OK
2026-08-16T01:27:43.508048Z,4311,242.6,0,OK,OK,OK
2026-08-16T01:27:49.024136Z,4315,242.7,0,OK,OK,OK
2026-08-16T01:27:54.515107Z,4319,242.7,0,OK,OK,OK
2026-08-16T01:28:00.034065Z,4318,242.8,0,OK,OK,OK
2026-08-16T01:28:05.563463Z,4317,242.7,0,OK,OK,OK
2026-08-16T01:28:11.075017Z,4314,242.6,0,OK,OK,OK
2026-08-16T01:28:16.566269Z,4318,242.8,0,OK,OK,OK
2026-08-16T01:28:22.089803Z,4314,242.7,0,OK,OK,OK
2026-08-16T01:28:27.566209Z,4319,242.8,0,OK,OK,OK
2026-08-16T01:28:33.074820Z,4317,242.8,0,OK,OK,OK
2026-08-16T01:28:38.543571Z,4314,242.7,0,OK,OK,OK
2026-08-16T01:28:44.043612Z,4304,242.8,0,OK,OK,OK
2026-08-16T01:28:49.507921Z,4319,242.6,0,OK,OK,OK
2026-08-16T01:28:55.030455Z,4298,242.7,0,OK,OK,OK
2026-08-16T01:29:00.526049Z,4315,242.7,0,OK,OK,OK
2026-08-16T01:29:06.000637Z,4319,242.6,0,OK,OK,OK
2026-08-16T01:29:11.467701Z,4320,242.6,0,OK,OK,OK
2026-08-16T01:29:17.025332Z,4298,242.6,0,OK,OK,OK
2026-08-16T01:29:22.540979Z,4314,242.7,0,OK,OK,OK
2026-08-16T01:29:28.028203Z,4319,242.7,0,OK,OK,OK
2026-08-16T01:29:33.524408Z,4412,242.6,0,OK,OK,OK
2026-08-16T01:29:39.044708Z,4416,242.6,0,OK,OK,OK
2026-08-16T01:29:44.585812Z,4422,242.6,0,OK,OK,OK
2026-08-16T01:29:50.097926Z,4424,242.7,0,OK,OK,OK
2026-08-16T01:29:55.613074Z,2933,243.1,0,OK,OK,OK
2026-08-16T01:30:01.113539Z,2932,243.1,0,OK,OK,OK
2026-08-16T01:30:06.596029Z,2949,243.1,0,OK,OK,OK
2026-08-16T01:30:12.123870Z,2930,243.3,0,OK,OK,OK
2026-08-16T01:30:17.625115Z,2929,243.4,0,OK,OK,OK
2026-08-16T01:30:23.135284Z,2925,243.4,0,OK,OK,OK
2026-08-16T01:30:28.663341Z,2912,243.4,0,OK,OK,OK
2026-08-16T01:30:34.161572Z,2911,243.4,0,OK,OK,OK
2026-08-16T01:30:39.636030Z,2904,243.3,0,OK,OK,OK
2026-08-16T01:30:45.116558Z,2924,243.4,0,OK,OK,OK
2026-08-16T01:30:50.579834Z,2921,243.4,0,OK,OK,OK
2026-08-16T01:30:56.071950Z,2927,243.3,0,OK,OK,OK
2026-08-16T01:31:01.655780Z,2923,243.3,0,OK,OK,OK
2026-08-16T01:31:07.175728Z,2926,243.3,0,OK,OK,OK
2026-08-16T01:31:12.676368Z,2919,243.4,0,OK,OK,OK
2026-08-16T01:31:18.202975Z,2923,243.3,0,OK,OK,OK
2026-08-16T01:31:23.698584Z,2903,243.3,0,OK,OK,OK
2026-08-16T01:31:29.215985Z,2901,243.3,0,OK,OK,OK
2026-08-16T01:31:34.729789Z,2914,243.3,0,OK,OK,OK
2026-08-16T01:31:40.278166Z,2905,243.3,0,OK,OK,OK
2026-08-16T01:31:45.792987Z,2912,243.3,0,OK,OK,OK
2026-08-16T01:31:51.338505Z,2906,243.3,0,OK,OK,OK
2026-08-16T01:31:56.839404Z,2894,243.3,0,OK,OK,OK
2026-08-16T01:32:02.365104Z,2908,243.3,0,OK,OK,OK
2026-08-16T01:32:07.900392Z,2904,243.3,0,OK,OK,OK
2026-08-16T01:32:13.397611Z,2917,243.3,0,OK,OK,OK
2026-08-16T01:32:18.918650Z,2907,243.3,0,OK,OK,OK
2026-08-16T01:32:24.439483Z,2910,243.3,0,OK,OK,OK
2026-08-16T01:32:29.971880Z,2903,243.3,0,OK,OK,OK
2026-08-16T01:32:35.448146Z,2920,243.3,0,OK,OK,OK
2026-08-16T01:32:40.957589Z,2903,243.3,0,OK,OK,OK
2026-08-16T01:32:46.467745Z,2901,243.3,0,OK,OK,OK
2026-08-16T01:32:51.921223Z,2901,243.3,0,OK,OK,OK
2026-08-16T01:32:57.390893Z,2912,243.3,0,OK,OK,OK
2026-08-16T01:33:02.854814Z,2919,243.3,0,OK,OK,OK
2026-08-16T01:33:08.335748Z,2907,243.3,0,OK,OK,OK
2026-08-16T01:33:13.840485Z,2895,243.4,0,OK,OK,OK
2026-08-16T01:33:19.347706Z,2911,243.5,0,OK,OK,OK
2026-08-16T01:33:24.865941Z,2914,243.5,0,OK,OK,OK
2026-08-16T01:33:30.391599Z,2924,243.4,0,OK,OK,OK
2026-08-16T01:33:35.843806Z,2916,243.6,0,OK,OK,OK
2026-08-16T01:33:41.378418Z,2912,243.5,0,OK,OK,OK
2026-08-16T01:33:46.870189Z,2912,243.6,0,OK,OK,OK
2026-08-16T01:33:52.351172Z,2913,243.5,0,OK,OK,OK
2026-08-16T01:33:57.872113Z,2915,243.5,0,OK,OK,OK
2026-08-16T01:34:03.396069Z,2912,243.5,0,OK,OK,OK
2026-08-16T01:34:08.914424Z,2916,242.9,0,OK,OK,OK
2026-08-16T01:34:14.463649Z,2893,242.4,0,OK,OK,OK
2026-08-16T01:34:19.979913Z,2903,242.6,0,OK,OK,OK
2026-08-16T01:34:25.476518Z,2899,242.8,0,OK,OK,OK
2026-08-16T01:34:30.976811Z,2900,242.7,0,OK,OK,OK
2026-08-16T01:34:36.479799Z,2901,242.6,0,OK,OK,OK
2026-08-16T01:34:41.986048Z,2914,242.7,0,OK,OK,OK
2026-08-16T01:34:47.517960Z,2912,242.7,0,OK,OK,OK
2026-08-16T01:34:53.039898Z,2912,242.7,0,OK,OK,OK
2026-08-16T01:34:58.519987Z,2903,242.8,0,OK,OK,OK
2026-08-16T01:35:04.047836Z,2904,242.8,0,OK,OK,OK
2026-08-16T01:35:09.541930Z,2904,242.6,0,OK,OK,OK
2026-08-16T01:35:15.065512Z,2901,242.6,0,OK,OK,OK
2026-08-16T01:35:20.514797Z,2894,242.6,0,OK,OK,OK
2026-08-16T01:35:26.032007Z,2898,242.6,0,OK,OK,OK
2026-08-16T01:35:31.523864Z,2894,242.6,0,OK,OK,OK
2026-08-16T01:35:37.054874Z,2900,242.6,0,OK,OK,OK
2026-08-16T01:35:42.567682Z,2898,242.8,0,OK,OK,OK
2026-08-16T01:35:48.127625Z,2888,242.9,0,OK,OK,OK
2026-08-16T01:35:53.645474Z,2892,242.9,0,OK,OK,OK
2026-08-16T01:35:59.170432Z,2894,242.7,0,OK,OK,OK
2026-08-16T01:36:04.661690Z,2889,242.8,0,OK,OK,OK
2026-08-16T01:36:10.158898Z,2888,242.7,0,OK,OK,OK
2026-08-16T01:36:15.693066Z,2899,242.8,0,OK,OK,OK
2026-08-16T01:36:21.175249Z,2884,242.4,0,OK,OK,OK
2026-08-16T01:36:26.711076Z,2870,242.2,0,OK,OK,OK
2026-08-16T01:36:32.216244Z,2883,242.4,0,OK,OK,OK
2026-08-16T01:36:37.770226Z,2884,242.4,0,OK,OK,OK
2026-08-16T01:36:43.287368Z,2870,242.4,0,OK,OK,OK
2026-08-16T01:36:48.839354Z,2880,242.4,0,OK,OK,OK
2026-08-16T01:36:54.350326Z,2884,242.5,0,OK,OK,OK
2026-08-16T01:36:59.857649Z,2887,242.5,0,OK,OK,OK
2026-08-16T01:37:05.371587Z,2889,242.5,0,OK,OK,OK
2026-08-16T01:37:10.867528Z,2885,242.5,0,OK,OK,OK
2026-08-16T01:37:16.387346Z,2886,242.5,0,OK,OK,OK
2026-08-16T01:37:21.875848Z,2886,242.4,0,OK,OK,OK
2026-08-16T01:37:27.385029Z,2890,242.4,0,OK,OK,OK
2026-08-16T01:37:32.937053Z,2890,242.4,0,OK,OK,OK
2026-08-16T01:37:38.452641Z,2892,242.5,0,OK,OK,OK
2026-08-16T01:37:43.964349Z,2879,242.4,0,OK,OK,OK
2026-08-16T01:37:49.489631Z,2875,242.4,0,OK,OK,OK
2026-08-16T01:37:55.020772Z,2878,242.5,0,OK,OK,OK
2026-08-16T01:38:00.529335Z,2858,242.5,0,OK,OK,OK
2026-08-16T01:38:06.022581Z,2861,242.5,0,OK,OK,OK
2026-08-16T01:38:11.546349Z,2885,242.4,0,OK,OK,OK
2026-08-16T01:38:17.067340Z,2900,242.5,0,OK,OK,OK
2026-08-16T01:38:22.578590Z,2894,242.5,0,OK,OK,OK
2026-08-16T01:38:28.087333Z,2893,242.4,0,OK,OK,OK
2026-08-16T01:38:33.619203Z,2885,242.4,0,OK,OK,OK
2026-08-16T01:38:39.142050Z,2877,242.4,0,OK,OK,OK
2026-08-16T01:38:44.641944Z,2887,242.4,0,OK,OK,OK
2026-08-16T01:38:50.154067Z,2881,242.4,0,OK,OK,OK
2026-08-16T01:38:55.635711Z,2887,242.6,0,OK,OK,OK
2026-08-16T01:39:01.185808Z,2884,242.5,0,OK,OK,OK
2026-08-16T01:39:06.685587Z,2890,242.5,0,OK,OK,OK
2026-08-16T01:39:12.202555Z,2872,242.5,0,OK,OK,OK
2026-08-16T01:39:17.719647Z,2864,242.5,0,OK,OK,OK
2026-08-16T01:39:23.263822Z,2853,242.5,0,OK,OK,OK
2026-08-16T01:39:28.719825Z,2861,242.5,0,OK,OK,OK
2026-08-16T01:39:34.216406Z,2869,242.5,0,OK,OK,OK
2026-08-16T01:39:39.725762Z,2870,242.4,0,OK,OK,OK
2026-08-16T01:39:45.239501Z,2866,242.4,0,OK,OK,OK
2026-08-16T01:39:50.733510Z,2872,242.9,0,OK,OK,OK
2026-08-16T01:39:56.245726Z,2852,242.9,0,OK,OK,OK
2026-08-16T01:40:01.734304Z,2884,243.1,0,OK,OK,OK
2026-08-16T01:40:07.247875Z,2857,243.1,0,OK,OK,OK
2026-08-16T01:40:12.751147Z,2862,243.1,0,OK,OK,OK
2026-08-16T01:40:18.253596Z,2864,243.0,0,OK,OK,OK
2026-08-16T01:40:23.795876Z,2869,243.0,0,OK,OK,OK
2026-08-16T01:40:29.312373Z,2871,242.9,0,OK,OK,OK
2026-08-16T01:40:34.784234Z,2867,242.9,0,OK,OK,OK
2026-08-16T01:40:40.294348Z,2868,243.0,0,OK,OK,OK
2026-08-16T01:40:45.770981Z,2862,242.9,0,OK,OK,OK
2026-08-16T01:40:51.296451Z,2861,242.6,0,OK,OK,OK
2026-08-16T01:40:56.777047Z,2864,242.5,0,OK,OK,OK
2026-08-16T01:41:02.286622Z,2862,242.5,0,OK,OK,OK
2026-08-16T01:41:07.750351Z,2845,242.5,0,OK,OK,OK
2026-08-16T01:41:13.250898Z,2860,242.5,0,OK,OK,OK
2026-08-16T01:41:18.745469Z,2946,242.9,0,OK,OK,OK
2026-08-16T01:41:24.245293Z,2939,242.9,0,OK,OK,OK
2026-08-16T01:41:29.755494Z,2945,243.0,0,OK,OK,OK
2026-08-16T01:41:35.260993Z,2934,243.0,0,OK,OK,OK
2026-08-16T01:41:40.757780Z,2944,242.9,0,OK,OK,OK
2026-08-16T01:41:46.253906Z,2866,242.9,0,OK,OK,OK
2026-08-16T01:41:51.762219Z,2866,242.9,0,OK,OK,OK
2026-08-16T01:41:57.251817Z,2868,242.9,0,OK,OK,OK
2026-08-16T01:42:02.750679Z,2862,242.9,0,OK,OK,OK
2026-08-16T01:42:08.257072Z,2870,242.8,0,OK,OK,OK
2026-08-16T01:42:13.763714Z,2872,242.9,0,OK,OK,OK
2026-08-16T01:42:19.272782Z,2865,242.8,0,OK,OK,OK
2026-08-16T01:42:24.790253Z,2867,242.8,0,OK,OK,OK
2026-08-16T01:42:30.285006Z,2866,242.7,0,OK,OK,OK
2026-08-16T01:42:35.809511Z,2858,242.7,0,OK,OK,OK
2026-08-16T01:42:41.328656Z,2864,242.7,0,OK,OK,OK
2026-08-16T01:42:46.815163Z,2867,242.7,0,OK,OK,OK
2026-08-16T01:42:52.318606Z,2870,242.7,0,OK,OK,OK
2026-08-16T01:42:57.849184Z,2856,242.7,0,OK,OK,OK
2026-08-16T01:43:03.353943Z,2863,242.7,0,OK,OK,OK
2026-08-16T01:43:08.879129Z,2862,242.8,0,OK,OK,OK
2026-08-16T01:43:14.406114Z,2858,242.9,0,OK,OK,OK
2026-08-16T01:43:19.864111Z,2856,242.7,0,OK,OK,OK
2026-08-16T01:43:25.350406Z,2859,242.8,0,OK,OK,OK
2026-08-16T01:43:30.855392Z,2858,242.8,0,OK,OK,OK
2026-08-16T01:43:36.313759Z,2863,242.7,0,OK,OK,OK
2026-08-16T01:43:41.821149Z,2855,242.7,0,OK,OK,OK
2026-08-16T01:43:47.295792Z,2858,242.7,0,OK,OK,OK
2026-08-16T01:43:52.809956Z,2863,242.7,0,OK,OK,OK
2026-08-16T01:43:58.287850Z,2859,242.7,0,OK,OK,OK
2026-08-16T01:44:03.802059Z,2860,242.7,0,OK,OK,OK
2026-08-16T01:44:09.282784Z,2870,242.7,0,OK,OK,OK
2026-08-16T01:44:14.777633Z,2858,242.8,0,OK,OK,OK
2026-08-16T01:44:20.280290Z,2860,242.8,0,OK,OK,OK
2026-08-16T01:44:25.804991Z,2857,242.8,0,OK,OK,OK
2026-08-16T01:44:31.291475Z,2858,242.8,0,OK,OK,OK
2026-08-16T01:44:36.787098Z,2849,242.8,0,OK,OK,OK
2026-08-16T01:44:42.303937Z,2848,242.7,0,OK,OK,OK
2026-08-16T01:44:47.786473Z,2856,242.8,0,OK,OK,OK
2026-08-16T01:44:53.285288Z,2855,242.8,0,OK,OK,OK
2026-08-16T01:44:58.807124Z,2856,242.8,0,OK,OK,OK
2026-08-16T01:45:04.313924Z,2864,242.7,0,OK,OK,OK
2026-08-16T01:45:09.904009Z,2866,242.7,0,OK,OK,OK
2026-08-16T01:45:15.407757Z,2846,242.7,0,OK,OK,OK
2026-08-16T01:45:20.870572Z,2857,242.7,0,OK,OK,OK
2026-08-16T01:45:26.353492Z,2864,242.9,0,OK,OK,OK
2026-08-16T01:45:31.865023Z,2858,242.9,0,OK,OK,OK
2026-08-16T01:45:37.363933Z,2865,242.9,0,OK,OK,OK
2026-08-16T01:45:42.867581Z,2856,242.9,0,OK,OK,OK
2026-08-16T01:45:48.350162Z,2856,242.9,0,OK,OK,OK
2026-08-16T01:45:53.850906Z,2861,242.9,0,OK,OK,OK
2026-08-16T01:45:59.383906Z,2849,242.9,0,OK,OK,OK
2026-08-16T01:46:04.872487Z,2859,243.0,0,OK,OK,OK
2026-08-16T01:46:10.408846Z,2858,242.9,0,OK,OK,OK
2026-08-16T01:46:15.884546Z,2865,242.9,0,OK,OK,OK
2026-08-16T01:46:21.366899Z,2869,243.0,0,OK,OK,OK
2026-08-16T01:46:26.894983Z,2864,243.3,0,OK,OK,OK
2026-08-16T01:46:32.402228Z,2868,243.3,0,OK,OK,OK
2026-08-16T01:46:37.924545Z,2865,243.3,0,OK,OK,OK
2026-08-16T01:46:43.405616Z,2868,243.3,0,OK,OK,OK
2026-08-16T01:46:48.904440Z,2868,243.3,0,OK,OK,OK
2026-08-16T01:46:54.424938Z,2863,243.3,0,OK,OK,OK
2026-08-16T01:46:59.923996Z,2869,243.3,0,OK,OK,OK
2026-08-16T01:47:05.437266Z,2872,243.3,0,OK,OK,OK
2026-08-16T01:47:10.895846Z,2871,243.3,0,OK,OK,OK
2026-08-16T01:47:16.395611Z,2869,243.2,0,OK,OK,OK
2026-08-16T01:47:21.875835Z,2870,243.2,0,OK,OK,OK
2026-08-16T01:47:27.341552Z,2864,243.3,0,OK,OK,OK
2026-08-16T01:47:32.824770Z,2865,243.3,0,OK,OK,OK
2026-08-16T01:47:38.321719Z,2873,243.3,0,OK,OK,OK
2026-08-16T01:47:43.815479Z,2853,243.3,0,OK,OK,OK
2026-08-16T01:47:49.300211Z,2865,243.1,0,OK,OK,OK
2026-08-16T01:47:54.796480Z,2868,243.1,0,OK,OK,OK
2026-08-16T01:48:00.307226Z,2867,243.1,0,OK,OK,OK
2026-08-16T01:48:05.824437Z,2852,243.1,0,OK,OK,OK
2026-08-16T01:48:11.347560Z,2865,243.2,0,OK,OK,OK
2026-08-16T01:48:16.878627Z,2853,243.3,0,OK,OK,OK
2026-08-16T01:48:22.370403Z,2864,243.1,0,OK,OK,OK
2026-08-16T01:48:27.882691Z,2847,243.1,0,OK,OK,OK
2026-08-16T01:48:33.383350Z,2861,243.2,0,OK,OK,OK
2026-08-16T01:48:38.903285Z,2859,243.2,0,OK,OK,OK
2026-08-16T01:48:44.378958Z,2852,243.3,0,OK,OK,OK
2026-08-16T01:48:49.859758Z,2859,243.3,0,OK,OK,OK
2026-08-16T01:48:55.419030Z,2866,243.3,0,OK,OK,OK
2026-08-16T01:49:00.944174Z,2862,243.3,0,OK,OK,OK
2026-08-16T01:49:06.459109Z,2863,243.3,0,OK,OK,OK
2026-08-16T01:49:12.005184Z,2865,243.3,0,OK,OK,OK
2026-08-16T01:49:17.517080Z,2860,243.3,0,OK,OK,OK
2026-08-16T01:49:23.031503Z,2864,243.3,0,OK,OK,OK
2026-08-16T01:49:28.526226Z,2849,243.3,0,OK,OK,OK
2026-08-16T01:49:34.058735Z,2857,243.4,0,OK,OK,OK
2026-08-16T01:49:39.578583Z,2867,243.3,0,OK,OK,OK
2026-08-16T01:49:45.067057Z,2859,243.3,0,OK,OK,OK
2026-08-16T01:49:50.578073Z,2865,243.4,0,OK,OK,OK
2026-08-16T01:49:56.086072Z,2850,243.4,0,OK,OK,OK
2026-08-16T01:50:01.613401Z,2860,243.3,0,OK,OK,OK
2026-08-16T01:50:07.121726Z,2871,243.2,0,OK,OK,OK
2026-08-16T01:50:12.646051Z,2870,243.1,0,OK,OK,OK
2026-08-16T01:50:18.137927Z,2869,243.2,0,OK,OK,OK
2026-08-16T01:50:23.621208Z,2863,243.2,0,OK,OK,OK
2026-08-16T01:50:29.198719Z,2866,243.3,0,OK,OK,OK
2026-08-16T01:50:34.703606Z,2861,243.3,0,OK,OK,OK
2026-08-16T01:50:40.203767Z,2868,243.3,0,OK,OK,OK
2026-08-16T01:50:45.704759Z,2860,243.3,0,OK,OK,OK
2026-08-16T01:50:51.242714Z,2868,243.3,0,OK,OK,OK
2026-08-16T01:50:56.733246Z,2860,243.2,0,OK,OK,OK
2026-08-16T01:51:02.260313Z,2871,243.2,0,OK,OK,OK
2026-08-16T01:51:07.732957Z,2860,243.3,0,OK,OK,OK
2026-08-16T01:51:13.240896Z,2867,243.3,0,OK,OK,OK
2026-08-16T01:51:18.734975Z,2867,243.3,0,OK,OK,OK
2026-08-16T01:51:24.210821Z,2870,243.2,0,OK,OK,OK
2026-08-16T01:51:29.727664Z,2869,243.3,0,OK,OK,OK
2026-08-16T01:51:35.235602Z,2873,243.3,0,OK,OK,OK
2026-08-16T01:51:40.737747Z,2872,243.3,0,OK,OK,OK
2026-08-16T01:51:46.224779Z,2870,243.4,0,OK,OK,OK
2026-08-16T01:51:51.731060Z,2863,243.3,0,OK,OK,OK
2026-08-16T01:51:57.253915Z,2860,243.2,0,OK,OK,OK
2026-08-16T01:52:02.728878Z,2867,243.3,0,OK,OK,OK
2026-08-16T01:52:08.246174Z,2861,243.2,0,OK,OK,OK
2026-08-16T01:52:13.709619Z,2875,243.3,0,OK,OK,OK
2026-08-16T01:52:19.235027Z,2866,243.2,0,OK,OK,OK
2026-08-16T01:52:24.688476Z,2864,243.2,0,OK,OK,OK
2026-08-16T01:52:30.171769Z,2851,243.2,0,OK,OK,OK
2026-08-16T01:52:35.667941Z,2862,243.1,0,OK,OK,OK
2026-08-16T01:52:41.179731Z,2870,243.2,0,OK,OK,OK
2026-08-16T01:52:46.673193Z,2856,243.3,0,OK,OK,OK
2026-08-16T01:52:52.163706Z,2867,243.3,0,OK,OK,OK
2026-08-16T01:52:57.681821Z,2866,243.3,0,OK,OK,OK
2026-08-16T01:53:03.200469Z,2864,243.3,0,OK,OK,OK
2026-08-16T01:53:08.708251Z,2856,243.3,0,OK,OK,OK
2026-08-16T01:53:14.217410Z,2869,243.4,0,OK,OK,OK
2026-08-16T01:53:19.755814Z,2862,243.3,0,OK,OK,OK
2026-08-16T01:53:25.287706Z,2858,243.3,0,OK,OK,OK
2026-08-16T01:53:30.809945Z,2856,243.3,0,OK,OK,OK
2026-08-16T01:53:36.331276Z,2868,243.7,0,OK,OK,OK
2026-08-16T01:53:41.791128Z,2868,243.7,0,OK,OK,OK
2026-08-16T01:53:47.310289Z,2866,243.7,0,OK,OK,OK
2026-08-16T01:53:52.834701Z,2870,243.7,0,OK,OK,OK
2026-08-16T01:53:58.355006Z,2870,243.7,0,OK,OK,OK
2026-08-16T01:54:03.846833Z,2871,243.7,0,OK,OK,OK
2026-08-16T01:54:09.354836Z,2887,243.6,0,OK,OK,OK
2026-08-16T01:54:14.859183Z,2866,243.6,0,OK,OK,OK
2026-08-16T01:54:20.427566Z,2868,243.7,0,OK,OK,OK
2026-08-16T01:54:25.949267Z,2868,243.7,0,OK,OK,OK
2026-08-16T01:54:31.475057Z,2868,243.6,0,OK,OK,OK
2026-08-16T01:54:37.005530Z,2870,243.7,0,OK,OK,OK
2026-08-16T01:54:42.552200Z,2867,243.6,0,OK,OK,OK
2026-08-16T01:54:48.075611Z,2870,243.7,0,OK,OK,OK
2026-08-16T01:54:53.566389Z,2872,243.7,0,OK,OK,OK
2026-08-16T01:54:59.077597Z,2871,243.8,0,OK,OK,OK
2026-08-16T01:55:04.590227Z,2871,243.8,0,OK,OK,OK
2026-08-16T01:55:10.116775Z,2876,243.8,0,OK,OK,OK
2026-08-16T01:55:15.651564Z,2871,243.8,0,OK,OK,OK
2026-08-16T01:55:21.160059Z,2873,243.8,0,OK,OK,OK
2026-08-16T01:55:26.660293Z,2871,243.7,0,OK,OK,OK
2026-08-16T01:55:32.156400Z,2869,243.8,0,OK,OK,OK
2026-08-16T01:55:37.653376Z,2868,243.8,0,OK,OK,OK
2026-08-16T01:55:43.165007Z,2870,243.7,0,OK,OK,OK
2026-08-16T01:55:48.702602Z,2873,243.8,0,OK,OK,OK
2026-08-16T01:55:54.160558Z,2867,243.9,0,OK,OK,OK
2026-08-16T01:55:59.717165Z,2863,243.8,0,OK,OK,OK
2026-08-16T01:56:05.188678Z,2868,243.8,0,OK,OK,OK
2026-08-16T01:56:10.705871Z,2864,243.8,0,OK,OK,OK
2026-08-16T01:56:16.237368Z,2869,243.8,0,OK,OK,OK
2026-08-16T01:56:21.716489Z,2872,243.8,0,OK,OK,OK
2026-08-16T01:56:27.235160Z,2874,243.8,0,OK,OK,OK
2026-08-16T01:56:32.746498Z,2797,243.9,0,OK,OK,OK
2026-08-16T01:56:38.211307Z,2786,243.9,0,OK,OK,OK
2026-08-16T01:56:43.749682Z,2785,243.9,0,OK,OK,OK
2026-08-16T01:56:49.240289Z,2793,243.9,0,OK,OK,OK
2026-08-16T01:56:54.728908Z,2798,243.9,0,OK,OK,OK
2026-08-16T01:57:00.246640Z,2778,243.9,0,OK,OK,OK
2026-08-16T01:57:05.738397Z,2795,243.9,0,OK,OK,OK
2026-08-16T01:57:11.249433Z,2791,243.9,0,OK,OK,OK
2026-08-16T01:57:16.742280Z,2792,243.9,0,OK,OK,OK
2026-08-16T01:57:22.247889Z,2786,243.9,0,OK,OK,OK
2026-08-16T01:57:27.726362Z,2787,243.9,0,OK,OK,OK
2026-08-16T01:57:33.260615Z,2789,243.9,0,OK,OK,OK
2026-08-16T01:57:38.738741Z,2792,243.9,0,OK,OK,OK
2026-08-16T01:57:44.257817Z,2796,243.9,0,OK,OK,OK
2026-08-16T01:57:49.750364Z,2774,243.9,0,OK,OK,OK
2026-08-16T01:57:55.250403Z,2781,243.9,0,OK,OK,OK
2026-08-16T01:58:00.746158Z,2773,243.9,0,OK,OK,OK
2026-08-16T01:58:06.247370Z,2794,243.9,0,OK,OK,OK
2026-08-16T01:58:11.775249Z,2796,243.9,0,OK,OK,OK
2026-08-16T01:58:17.309007Z,2788,243.9,0,OK,OK,OK
2026-08-16T01:58:22.818732Z,2789,243.9,0,OK,OK,OK
2026-08-16T01:58:28.318854Z,2779,243.7,0,OK,OK,OK
2026-08-16T01:58:33.815495Z,2797,243.9,0,OK,OK,OK
2026-08-16T01:58:39.285379Z,2802,243.9,0,OK,OK,OK
2026-08-16T01:58:44.766004Z,2772,243.9,0,OK,OK,OK
2026-08-16T01:58:50.303248Z,2793,243.9,0,OK,OK,OK
2026-08-16T01:58:55.801925Z,2791,243.9,0,OK,OK,OK
2026-08-16T01:59:01.291411Z,2779,243.9,0,OK,OK,OK
2026-08-16T01:59:06.832464Z,2792,243.9,0,OK,OK,OK
2026-08-16T01:59:12.359487Z,2794,244.0,0,OK,OK,OK
2026-08-16T01:59:17.853521Z,2783,244.0,0,OK,OK,OK
2026-08-16T01:59:23.420591Z,2785,243.9,0,OK,OK,OK
2026-08-16T01:59:28.909409Z,2783,244.0,0,OK,OK,OK
2026-08-16T01:59:34.432215Z,2791,244.0,0,OK,OK,OK
2026-08-16T01:59:39.933547Z,2779,244.0,0,OK,OK,OK
2026-08-16T01:59:45.475023Z,2801,244.0,0,OK,OK,OK
2026-08-16T01:59:50.964433Z,2795,244.0,0,OK,OK,OK
2026-08-16T01:59:56.501701Z,2793,244.0,0,OK,OK,OK
2026-08-16T02:00:01.976587Z,2787,244.0,0,OK,OK,OK
2026-08-16T02:00:07.518359Z,2797,244.0,0,OK,OK,OK
2026-08-16T02:00:13.021765Z,2792,243.9,0,OK,OK,OK
2026-08-16T02:00:18.515905Z,2787,243.9,0,OK,OK,OK
2026-08-16T02:00:24.022146Z,2790,244.0,0,OK,OK,OK
2026-08-16T02:00:29.502433Z,2937,244.1,0,OK,OK,OK
2026-08-16T02:00:34.980977Z,2899,244.1,0,OK,OK,OK
2026-08-16T02:00:40.480541Z,2923,244.1,0,OK,OK,OK
2026-08-16T02:00:46.016735Z,2922,244.1,0,OK,OK,OK
2026-08-16T02:00:51.528040Z,2924,244.1,0,OK,OK,OK
2026-08-16T02:00:57.025099Z,2911,244.1,0,OK,OK,OK
2026-08-16T02:01:02.489914Z,2923,244.2,0,OK,OK,OK
2026-08-16T02:01:07.988919Z,2912,244.2,0,OK,OK,OK
2026-08-16T02:01:13.516468Z,2902,244.2,0,OK,OK,OK
2026-08-16T02:01:19.027669Z,2902,244.3,0,OK,OK,OK
2026-08-16T02:01:24.463686Z,2917,244.3,0,OK,OK,OK
2026-08-16T02:01:29.964704Z,2917,244.3,0,OK,OK,OK
2026-08-16T02:01:35.493640Z,2918,244.2,0,OK,OK,OK
2026-08-16T02:01:41.004463Z,2910,244.3,0,OK,OK,OK
2026-08-16T02:01:46.505622Z,2907,244.1,0,OK,OK,OK
2026-08-16T02:01:52.035014Z,2806,244.2,0,OK,OK,OK
2026-08-16T02:01:57.533623Z,2803,244.2,0,OK,OK,OK
2026-08-16T02:02:02.999089Z,2803,244.2,0,OK,OK,OK
2026-08-16T02:02:08.499639Z,2808,244.2,0,OK,OK,OK
2026-08-16T02:02:14.016137Z,2819,244.2,0,OK,OK,OK
2026-08-16T02:02:19.531601Z,2810,244.2,0,OK,OK,OK
2026-08-16T02:02:24.994439Z,2786,244.2,0,OK,OK,OK
2026-08-16T02:02:30.458228Z,2776,243.8,0,OK,OK,OK
2026-08-16T02:02:35.988507Z,2792,243.5,0,OK,OK,OK
2026-08-16T02:02:41.489544Z,2788,243.5,0,OK,OK,OK
2026-08-16T02:02:46.988096Z,2787,243.4,0,OK,OK,OK
2026-08-16T02:02:52.527354Z,2786,243.4,0,OK,OK,OK
2026-08-16T02:02:58.036058Z,2788,243.4,0,OK,OK,OK
2026-08-16T02:03:03.511632Z,2792,243.6,0,OK,OK,OK
2026-08-16T02:03:09.044986Z,2794,243.4,0,OK,OK,OK
2026-08-16T02:03:14.562124Z,2792,243.4,0,OK,OK,OK
2026-08-16T02:03:20.037321Z,2787,243.4,0,OK,OK,OK
2026-08-16T02:03:25.557069Z,2771,243.4,0,OK,OK,OK
2026-08-16T02:03:31.087157Z,2778,243.3,0,OK,OK,OK
2026-08-16T02:03:36.596168Z,2803,243.3,0,OK,OK,OK
2026-08-16T02:03:42.077043Z,2790,243.4,0,OK,OK,OK
2026-08-16T02:03:47.549254Z,2786,243.4,0,OK,OK,OK
2026-08-16T02:03:53.014169Z,2791,243.3,0,OK,OK,OK
2026-08-16T02:03:58.528465Z,2790,243.4,0,OK,OK,OK
2026-08-16T02:04:03.990941Z,2792,243.4,0,OK,OK,OK
2026-08-16T02:04:09.456943Z,2793,243.4,0,OK,OK,OK
2026-08-16T02:04:14.986054Z,2791,243.4,0,OK,OK,OK
2026-08-16T02:04:20.528990Z,2796,243.4,0,OK,OK,OK
2026-08-16T02:04:25.982622Z,2791,243.4,0,OK,OK,OK
2026-08-16T02:04:31.483100Z,2775,243.4,0,OK,OK,OK
2026-08-16T02:04:36.965758Z,2767,243.4,0,OK,OK,OK
2026-08-16T02:04:42.465308Z,2781,243.3,0,OK,OK,OK
2026-08-16T02:04:47.985550Z,2782,243.4,0,OK,OK,OK
2026-08-16T02:04:53.462443Z,2775,243.4,0,OK,OK,OK
2026-08-16T02:04:58.983328Z,2779,243.5,0,OK,OK,OK
2026-08-16T02:05:04.483366Z,2778,243.4,0,OK,OK,OK
2026-08-16T02:05:09.988050Z,2782,243.4,0,OK,OK,OK
2026-08-16T02:05:15.523317Z,2773,243.4,0,OK,OK,OK
2026-08-16T02:05:21.065245Z,2780,243.5,0,OK,OK,OK
2026-08-16T02:05:26.526176Z,2773,243.5,0,OK,OK,OK
2026-08-16T02:05:32.017830Z,2773,243.5,0,OK,OK,OK
2026-08-16T02:05:37.537156Z,2766,243.5,0,OK,OK,OK
2026-08-16T02:05:43.040572Z,2766,243.5,0,OK,OK,OK
2026-08-16T02:05:48.530807Z,2765,243.5,0,OK,OK,OK
2026-08-16T02:05:54.039512Z,2766,243.5,0,OK,OK,OK
2026-08-16T02:05:59.575860Z,2772,243.4,0,OK,OK,OK
2026-08-16T02:06:05.065534Z,2780,243.4,0,OK,OK,OK
2026-08-16T02:06:10.584810Z,2776,243.5,0,OK,OK,OK
2026-08-16T02:06:16.109433Z,2793,243.5,0,OK,OK,OK
2026-08-16T02:06:21.628907Z,2781,243.5,0,OK,OK,OK
2026-08-16T02:06:27.093206Z,2777,243.5,0,OK,OK,OK
2026-08-16T02:06:32.629143Z,2778,243.5,0,OK,OK,OK
2026-08-16T02:06:38.171976Z,2794,243.5,0,OK,OK,OK
2026-08-16T02:06:43.689257Z,2789,243.3,0,OK,OK,OK
2026-08-16T02:06:49.188675Z,2792,243.5,0,OK,OK,OK
2026-08-16T02:06:54.690386Z,2778,243.5,0,OK,OK,OK
2026-08-16T02:07:00.217486Z,2780,243.3,0,OK,OK,OK
2026-08-16T02:07:05.743443Z,2823,243.4,0,OK,OK,OK
2026-08-16T02:07:11.260454Z,2817,243.4,0,OK,OK,OK
2026-08-16T02:07:16.806977Z,2807,243.5,0,OK,OK,OK
2026-08-16T02:07:22.337045Z,2800,243.3,0,OK,OK,OK
2026-08-16T02:07:27.826870Z,2797,243.3,0,OK,OK,OK
2026-08-16T02:07:33.317421Z,2806,243.5,0,OK,OK,OK
2026-08-16T02:07:38.830389Z,2820,243.3,0,OK,OK,OK
2026-08-16T02:07:44.329854Z,2808,243.3,0,OK,OK,OK
2026-08-16T02:07:49.843118Z,2819,243.3,0,OK,OK,OK
2026-08-16T02:07:55.342543Z,2802,243.3,0,OK,OK,OK
2026-08-16T02:08:00.831594Z,2803,243.5,0,OK,OK,OK
2026-08-16T02:08:06.351125Z,2801,243.4,0,OK,OK,OK
2026-08-16T02:08:11.839337Z,2801,243.3,0,OK,OK,OK
2026-08-16T02:08:17.325211Z,2800,243.3,0,OK,OK,OK
2026-08-16T02:08:22.858719Z,2815,243.3,0,OK,OK,OK
2026-08-16T02:08:28.380101Z,2797,243.3,0,OK,OK,OK
2026-08-16T02:08:33.923386Z,2807,243.4,0,OK,OK,OK
2026-08-16T02:08:39.426746Z,2806,243.3,0,OK,OK,OK
2026-08-16T02:08:44.944486Z,2810,243.4,0,OK,OK,OK
2026-08-16T02:08:50.453215Z,2811,243.5,0,OK,OK,OK
2026-08-16T02:08:55.941043Z,2816,243.3,0,OK,OK,OK
2026-08-16T02:09:01.450405Z,2804,243.5,0,OK,OK,OK
2026-08-16T02:09:06.941088Z,2806,243.5,0,OK,OK,OK
2026-08-16T02:09:12.442165Z,2815,243.5,0,OK,OK,OK
2026-08-16T02:09:17.921256Z,2813,243.5,0,OK,OK,OK
2026-08-16T02:09:23.446821Z,2811,243.6,0,OK,OK,OK
2026-08-16T02:09:28.909710Z,2810,243.5,0,OK,OK,OK
2026-08-16T02:09:34.377963Z,2807,243.6,0,OK,OK,OK
2026-08-16T02:09:39.877660Z,2807,243.6,0,OK,OK,OK
2026-08-16T02:09:45.371396Z,2807,243.6,0,OK,OK,OK
2026-08-16T02:09:50.886551Z,2805,243.6,0,OK,OK,OK
2026-08-16T02:09:56.407696Z,2812,243.6,0,OK,OK,OK
2026-08-16T02:10:01.929485Z,2808,243.6,0,OK,OK,OK
2026-08-16T02:10:07.434223Z,2798,243.6,0,OK,OK,OK
2026-08-16T02:10:12.936429Z,2957,241.4,0,OK,OK,OK
2026-08-16T02:10:18.451759Z,4228,242.8,0,OK,OK,OK
2026-08-16T02:10:23.976929Z,4238,242.9,0,OK,OK,OK
2026-08-16T02:10:29.512964Z,4224,243.0,0,OK,OK,OK
2026-08-16T02:10:35.007247Z,4218,242.8,0,OK,OK,OK
2026-08-16T02:10:40.506142Z,4221,243.0,0,OK,OK,OK
2026-08-16T02:10:46.043683Z,4233,243.0,0,OK,OK,OK
2026-08-16T02:10:51.554914Z,4280,243.0,0,OK,OK,OK
2026-08-16T02:10:57.076712Z,4279,242.9,0,OK,OK,OK
2026-08-16T02:11:02.584418Z,4262,242.9,0,OK,OK,OK
2026-08-16T02:11:08.115735Z,4268,242.8,0,OK,OK,OK
2026-08-16T02:11:13.617417Z,4246,242.8,0,OK,OK,OK
2026-08-16T02:11:19.139085Z,4241,242.8,0,OK,OK,OK
2026-08-16T02:11:24.627237Z,4244,242.9,0,OK,OK,OK
2026-08-16T02:11:30.125592Z,4272,242.9,0,OK,OK,OK
2026-08-16T02:11:35.592345Z,4258,242.9,0,OK,OK,OK
2026-08-16T02:11:41.107706Z,4258,242.9,0,OK,OK,OK
2026-08-16T02:11:46.646021Z,4253,243.0,0,OK,OK,OK
2026-08-16T02:11:52.159767Z,4257,243.0,0,OK,OK,OK
2026-08-16T02:11:57.686719Z,4251,242.9,0,OK,OK,OK
2026-08-16T02:12:03.214925Z,4253,243.0,0,OK,OK,OK
2026-08-16T02:12:08.720621Z,4261,242.9,0,OK,OK,OK
2026-08-16T02:12:14.257331Z,4295,242.9,0,OK,OK,OK
2026-08-16T02:12:19.755049Z,4274,242.8,0,OK,OK,OK
2026-08-16T02:12:25.265845Z,4286,242.8,0,OK,OK,OK
2026-08-16T02:12:30.798088Z,4274,242.9,0,OK,OK,OK
2026-08-16T02:12:36.335156Z,4271,242.8,0,OK,OK,OK
2026-08-16T02:12:41.850136Z,4286,242.9,0,OK,OK,OK
2026-08-16T02:12:47.356979Z,4282,242.9,0,OK,OK,OK
2026-08-16T02:12:52.907180Z,4275,242.9,0,OK,OK,OK
2026-08-16T02:12:58.414696Z,4269,242.8,0,OK,OK,OK
2026-08-16T02:13:03.942236Z,4282,242.9,0,OK,OK,OK
2026-08-16T02:13:09.444497Z,4291,242.8,0,OK,OK,OK
2026-08-16T02:13:14.937173Z,4278,242.8,0,OK,OK,OK
2026-08-16T02:13:20.478595Z,4280,242.8,0,OK,OK,OK
2026-08-16T02:13:26.023327Z,4284,242.9,0,OK,OK,OK
2026-08-16T02:13:31.536440Z,4284,243.0,0,OK,OK,OK
2026-08-16T02:13:37.030637Z,4289,243.0,0,OK,OK,OK
2026-08-16T02:13:42.552084Z,4288,243.0,0,OK,OK,OK
2026-08-16T02:13:48.074027Z,5406,242.3,0,OK,OK,OK
2026-08-16T02:13:53.619898Z,4397,242.9,0,OK,OK,OK
2026-08-16T02:13:59.153053Z,4403,242.9,0,OK,OK,OK
2026-08-16T02:14:04.667142Z,4411,242.9,0,OK,OK,OK
2026-08-16T02:14:10.208576Z,4421,242.9,0,OK,OK,OK
2026-08-16T02:14:15.737434Z,4426,242.8,0,OK,OK,OK
2026-08-16T02:14:21.248679Z,4411,242.8,0,OK,OK,OK
2026-08-16T02:14:26.733951Z,4407,242.8,0,OK,OK,OK
2026-08-16T02:14:32.252677Z,4424,243.2,0,OK,OK,OK
2026-08-16T02:14:37.777663Z,4415,243.2,0,OK,OK,OK
2026-08-16T02:14:43.296953Z,4406,243.3,0,OK,OK,OK
2026-08-16T02:14:48.854047Z,4415,243.4,0,OK,OK,OK
2026-08-16T02:14:54.375649Z,4416,243.3,0,OK,OK,OK
2026-08-16T02:14:59.882470Z,4414,243.4,0,OK,OK,OK
2026-08-16T02:15:05.352627Z,4421,243.4,0,OK,OK,OK
2026-08-16T02:15:10.880358Z,4411,243.4,0,OK,OK,OK
2026-08-16T02:15:16.359785Z,4406,243.4,0,OK,OK,OK
2026-08-16T02:15:21.862677Z,4404,243.4,0,OK,OK,OK
2026-08-16T02:15:27.367900Z,4405,243.5,0,OK,OK,OK
2026-08-16T02:15:32.880497Z,4408,243.5,0,OK,OK,OK
2026-08-16T02:15:38.413363Z,4405,243.4,0,OK,OK,OK
2026-08-16T02:15:43.922938Z,4400,243.4,0,OK,OK,OK
2026-08-16T02:15:49.449086Z,4416,243.4,0,OK,OK,OK
2026-08-16T02:15:54.930992Z,4396,243.4,0,OK,OK,OK
2026-08-16T02:16:00.447031Z,4414,243.7,0,OK,OK,OK
2026-08-16T02:16:05.983065Z,4403,243.7,0,OK,OK,OK
2026-08-16T02:16:11.474684Z,4409,243.7,0,OK,OK,OK
2026-08-16T02:16:17.013326Z,2918,244.4,0,OK,OK,OK
2026-08-16T02:16:22.526971Z,2917,244.4,0,OK,OK,OK
2026-08-16T02:16:28.072559Z,2920,244.6,0,OK,OK,OK
2026-08-16T02:16:33.571206Z,2925,244.6,0,OK,OK,OK
2026-08-16T02:16:39.101707Z,2917,244.6,0,OK,OK,OK
2026-08-16T02:16:44.588912Z,2915,244.7,0,OK,OK,OK
2026-08-16T02:16:50.075865Z,2925,244.7,0,OK,OK,OK
2026-08-16T02:16:55.606729Z,2924,244.7,0,OK,OK,OK
2026-08-16T02:17:01.110346Z,2912,244.7,0,OK,OK,OK
2026-08-16T02:17:06.607369Z,2946,244.8,0,OK,OK,OK
2026-08-16T02:17:12.092898Z,2924,244.8,0,OK,OK,OK
2026-08-16T02:17:17.609136Z,2924,244.7,0,OK,OK,OK
2026-08-16T02:17:23.058604Z,2909,244.7,0,OK,OK,OK
2026-08-16T02:17:28.510188Z,2906,244.8,0,OK,OK,OK
2026-08-16T02:17:34.008140Z,2902,244.4,0,OK,OK,OK
2026-08-16T02:17:39.488735Z,2918,244.7,0,OK,OK,OK
2026-08-16T02:17:44.994256Z,2901,244.7,0,OK,OK,OK
2026-08-16T02:17:50.499781Z,2902,244.6,0,OK,OK,OK
2026-08-16T02:17:55.966421Z,2905,244.7,0,OK,OK,OK
2026-08-16T02:18:01.496191Z,2909,244.5,0,OK,OK,OK
2026-08-16T02:18:07.017971Z,2899,244.6,0,OK,OK,OK
2026-08-16T02:18:12.496679Z,2904,244.6,0,OK,OK,OK
2026-08-16T02:18:18.035998Z,2912,244.6,0,OK,OK,OK
2026-08-16T02:18:23.562808Z,2904,244.6,0,OK,OK,OK
2026-08-16T02:18:29.064473Z,2897,244.6,0,OK,OK,OK
2026-08-16T02:18:34.608467Z,2898,244.6,0,OK,OK,OK
2026-08-16T02:18:40.127815Z,2898,244.6,0,OK,OK,OK
2026-08-16T02:18:45.609512Z,2900,244.6,0,OK,OK,OK
2026-08-16T02:18:51.108975Z,2903,244.6,0,OK,OK,OK
2026-08-16T02:18:56.643086Z,2896,244.6,0,OK,OK,OK
2026-08-16T02:19:02.194385Z,2901,244.6,0,OK,OK,OK
2026-08-16T02:19:07.728648Z,2896,244.6,0,OK,OK,OK
2026-08-16T02:19:13.222671Z,2901,244.6,0,OK,OK,OK
2026-08-16T02:19:18.724619Z,2896,244.6,0,OK,OK,OK
2026-08-16T02:19:24.265517Z,2909,244.6,0,OK,OK,OK
2026-08-16T02:19:29.780666Z,2904,244.5,0,OK,OK,OK
2026-08-16T02:19:35.287848Z,2903,244.7,0,OK,OK,OK
2026-08-16T02:19:40.797295Z,2900,244.7,0,OK,OK,OK
2026-08-16T02:19:46.315036Z,2897,244.8,0,OK,OK,OK
2026-08-16T02:19:51.809840Z,2900,244.8,0,OK,OK,OK
2026-08-16T02:19:57.365991Z,2899,244.7,0,OK,OK,OK
2026-08-16T02:20:02.901598Z,2897,244.8,0,OK,OK,OK
2026-08-16T02:20:08.408600Z,2896,244.8,0,OK,OK,OK
2026-08-16T02:20:13.898664Z,2895,244.7,0,OK,OK,OK
2026-08-16T02:20:19.398905Z,2900,244.7,0,OK,OK,OK
2026-08-16T02:20:24.926800Z,2894,244.8,0,OK,OK,OK
2026-08-16T02:20:30.445501Z,2896,244.8,0,OK,OK,OK
2026-08-16T02:20:35.921895Z,2891,244.9,0,OK,OK,OK
2026-08-16T02:20:41.407174Z,2895,244.7,0,OK,OK,OK
2026-08-16T02:20:46.922480Z,2890,244.9,0,OK,OK,OK
2026-08-16T02:20:52.460768Z,2891,244.7,0,OK,OK,OK
2026-08-16T02:20:57.952827Z,2891,244.7,0,OK,OK,OK
2026-08-16T02:21:03.471503Z,2898,244.7,0,OK,OK,OK
2026-08-16T02:21:08.982569Z,2893,244.9,0,OK,OK,OK
2026-08-16T02:21:14.480468Z,2896,244.9,0,OK,OK,OK
2026-08-16T02:21:20.002037Z,2895,244.9,0,OK,OK,OK
2026-08-16T02:21:25.530424Z,2893,244.9,0,OK,OK,OK
2026-08-16T02:21:31.022781Z,2886,244.9,0,OK,OK,OK
2026-08-16T02:21:36.497997Z,2888,244.8,0,OK,OK,OK
2026-08-16T02:21:42.033634Z,2894,244.8,0,OK,OK,OK
2026-08-16T02:21:47.570894Z,2893,244.8,0,OK,OK,OK
2026-08-16T02:21:53.056106Z,2893,244.9,0,OK,OK,OK
2026-08-16T02:21:58.537191Z,2887,244.8,0,OK,OK,OK
2026-08-16T02:22:04.075304Z,2896,244.8,0,OK,OK,OK
2026-08-16T02:22:09.604510Z,2885,244.0,0,OK,OK,OK
2026-08-16T02:22:15.103797Z,2887,243.9,0,OK,OK,OK
2026-08-16T02:22:20.642698Z,2872,244.0,0,OK,OK,OK
2026-08-16T02:22:26.174050Z,2875,244.0,0,OK,OK,OK
2026-08-16T02:22:31.687864Z,2882,244.0,0,OK,OK,OK
2026-08-16T02:22:37.157663Z,2874,244.0,0,OK,OK,OK
2026-08-16T02:22:42.691348Z,2876,243.9,0,OK,OK,OK
2026-08-16T02:22:48.228250Z,2879,243.9,0,OK,OK,OK
2026-08-16T02:22:53.735616Z,2877,243.9,0,OK,OK,OK
2026-08-16T02:22:59.220198Z,2880,243.9,0,OK,OK,OK
2026-08-16T02:23:04.727401Z,2873,243.9,0,OK,OK,OK
2026-08-16T02:23:10.236833Z,2882,243.9,0,OK,OK,OK
2026-08-16T02:23:15.759876Z,2878,243.9,0,OK,OK,OK
2026-08-16T02:23:21.259501Z,2867,243.9,0,OK,OK,OK
2026-08-16T02:23:26.786143Z,2871,243.9,0,OK,OK,OK
2026-08-16T02:23:32.264653Z,2876,243.9,0,OK,OK,OK
2026-08-16T02:23:37.759839Z,2871,243.8,0,OK,OK,OK
2026-08-16T02:23:43.297506Z,2874,243.9,0,OK,OK,OK
2026-08-16T02:23:48.802134Z,2870,243.6,0,OK,OK,OK
2026-08-16T02:23:54.342238Z,2871,243.8,0,OK,OK,OK
2026-08-16T02:23:59.847031Z,2865,243.8,0,OK,OK,OK
2026-08-16T02:24:05.332454Z,2872,243.9,0,OK,OK,OK
2026-08-16T02:24:10.841146Z,2860,243.9,0,OK,OK,OK
2026-08-16T02:24:16.378063Z,2872,243.9,0,OK,OK,OK
2026-08-16T02:24:21.872622Z,2864,243.9,0,OK,OK,OK
2026-08-16T02:24:27.389761Z,2864,243.9,0,OK,OK,OK
2026-08-16T02:24:32.923498Z,2878,243.9,0,OK,OK,OK
2026-08-16T02:24:38.439422Z,2873,243.7,0,OK,OK,OK
2026-08-16T02:24:43.920392Z,2867,243.8,0,OK,OK,OK
2026-08-16T02:24:49.471017Z,2870,243.8,0,OK,OK,OK
2026-08-16T02:24:54.964225Z,2863,243.8,0,OK,OK,OK
2026-08-16T02:25:00.467689Z,2862,243.8,0,OK,OK,OK
2026-08-16T02:25:05.993521Z,2868,243.9,0,OK,OK,OK
2026-08-16T02:25:11.506953Z,2865,243.8,0,OK,OK,OK
2026-08-16T02:25:17.046117Z,2867,243.9,0,OK,OK,OK
2026-08-16T02:25:22.546245Z,2864,243.8,0,OK,OK,OK
2026-08-16T02:25:28.046176Z,2869,243.9,0,OK,OK,OK
2026-08-16T02:25:33.566555Z,2877,243.9,0,OK,OK,OK
2026-08-16T02:25:39.090658Z,2873,243.8,0,OK,OK,OK
2026-08-16T02:25:44.567921Z,2873,243.8,0,OK,OK,OK
2026-08-16T02:25:50.055434Z,2867,243.8,0,OK,OK,OK
2026-08-16T02:25:55.566309Z,2857,243.8,0,OK,OK,OK
2026-08-16T02:26:01.078457Z,2870,243.8,0,OK,OK,OK
2026-08-16T02:26:06.594837Z,2871,243.8,0,OK,OK,OK
2026-08-16T02:26:12.119144Z,2874,243.8,0,OK,OK,OK
2026-08-16T02:26:17.607849Z,2863,243.6,0,OK,OK,OK
2026-08-16T02:26:23.128326Z,2866,243.6,0,OK,OK,OK
2026-08-16T02:26:28.651841Z,2860,243.6,0,OK,OK,OK
2026-08-16T02:26:34.175824Z,2866,243.6,0,OK,OK,OK
2026-08-16T02:26:39.679048Z,2860,243.6,0,OK,OK,OK
2026-08-16T02:26:45.159412Z,2860,243.7,0,OK,OK,OK
2026-08-16T02:26:50.669830Z,2858,243.7,0,OK,OK,OK
2026-08-16T02:26:56.129956Z,2858,243.7,0,OK,OK,OK
2026-08-16T02:27:01.645244Z,2856,243.7,0,OK,OK,OK
2026-08-16T02:27:07.136367Z,2867,243.7,0,OK,OK,OK
2026-08-16T02:27:12.656376Z,2883,243.7,0,OK,OK,OK
2026-08-16T02:27:18.180432Z,2860,243.7,0,OK,OK,OK
2026-08-16T02:27:23.686569Z,2868,243.5,0,OK,OK,OK
2026-08-16T02:27:29.192783Z,2862,243.5,0,OK,OK,OK
2026-08-16T02:27:34.714269Z,2864,243.6,0,OK,OK,OK
2026-08-16T02:27:40.204986Z,2854,243.6,0,OK,OK,OK
2026-08-16T02:27:45.687704Z,2866,243.7,0,OK,OK,OK
2026-08-16T02:27:51.188048Z,2860,243.8,0,OK,OK,OK
2026-08-16T02:27:56.706840Z,2856,243.8,0,OK,OK,OK
2026-08-16T02:28:02.214049Z,2852,243.8,0,OK,OK,OK
2026-08-16T02:28:07.738920Z,2872,243.8,0,OK,OK,OK
2026-08-16T02:28:13.245107Z,2863,243.7,0,OK,OK,OK
2026-08-16T02:28:18.725168Z,2860,243.8,0,OK,OK,OK
2026-08-16T02:28:24.233256Z,2867,243.8,0,OK,OK,OK
2026-08-16T02:28:29.742023Z,2866,243.8,0,OK,OK,OK
2026-08-16T02:28:35.286153Z,2866,243.8,0,OK,OK,OK
2026-08-16T02:28:40.818852Z,2869,243.8,0,OK,OK,OK
2026-08-16T02:28:46.322587Z,2862,243.8,0,OK,OK,OK
2026-08-16T02:28:51.821243Z,2864,243.8,0,OK,OK,OK
2026-08-16T02:28:57.357201Z,2875,243.8,0,OK,OK,OK
2026-08-16T02:29:02.860657Z,2863,243.8,0,OK,OK,OK
2026-08-16T02:29:08.350130Z,2862,243.8,0,OK,OK,OK
2026-08-16T02:29:13.885397Z,2866,243.7,0,OK,OK,OK
2026-08-16T02:29:19.362370Z,2863,243.8,0,OK,OK,OK
2026-08-16T02:29:24.846691Z,2865,243.8,0,OK,OK,OK
2026-08-16T02:29:30.340487Z,2858,243.8,0,OK,OK,OK
2026-08-16T02:29:35.814943Z,2868,243.8,0,OK,OK,OK
2026-08-16T02:29:41.324196Z,2865,243.8,0,OK,OK,OK
2026-08-16T02:29:46.844311Z,2862,243.8,0,OK,OK,OK
2026-08-16T02:29:52.316557Z,2859,243.9,0,OK,OK,OK
2026-08-16T02:29:57.783212Z,2858,243.9,0,OK,OK,OK
2026-08-16T02:30:03.261723Z,2860,243.8,0,OK,OK,OK
2026-08-16T02:30:08.730567Z,2862,243.9,0,OK,OK,OK
2026-08-16T02:30:14.255486Z,2864,243.9,0,OK,OK,OK
2026-08-16T02:30:19.760033Z,2864,243.9,0,OK,OK,OK
2026-08-16T02:30:25.296806Z,2866,244.0,0,OK,OK,OK
2026-08-16T02:30:30.772075Z,2866,244.0,0,OK,OK,OK
2026-08-16T02:30:36.276701Z,2862,243.9,0,OK,OK,OK
2026-08-16T02:30:41.766496Z,2860,243.9,0,OK,OK,OK
2026-08-16T02:30:47.278634Z,2859,243.9,0,OK,OK,OK
2026-08-16T02:30:52.781823Z,2863,243.8,0,OK,OK,OK
2026-08-16T02:30:58.280139Z,2866,243.9,0,OK,OK,OK
2026-08-16T02:31:03.793308Z,2874,244.1,0,OK,OK,OK
2026-08-16T02:31:09.292345Z,2872,244.2,0,OK,OK,OK
2026-08-16T02:31:14.790426Z,2877,244.3,0,OK,OK,OK
2026-08-16T02:31:20.274375Z,2874,244.3,0,OK,OK,OK
2026-08-16T02:31:25.801961Z,2879,244.3,0,OK,OK,OK
2026-08-16T02:31:31.324518Z,2868,244.4,0,OK,OK,OK
2026-08-16T02:31:36.846436Z,2868,244.4,0,OK,OK,OK
2026-08-16T02:31:42.344319Z,2873,244.3,0,OK,OK,OK
2026-08-16T02:31:47.826065Z,2875,244.5,0,OK,OK,OK
2026-08-16T02:31:53.329516Z,2883,245.1,0,OK,OK,OK
2026-08-16T02:31:58.840284Z,2880,245.1,0,OK,OK,OK
2026-08-16T02:32:04.338967Z,2881,245.1,0,OK,OK,OK
2026-08-16T02:32:09.832070Z,2880,245.1,0,OK,OK,OK
2026-08-16T02:32:15.360953Z,2880,245.1,0,OK,OK,OK
2026-08-16T02:32:20.855061Z,2878,245.1,0,OK,OK,OK
2026-08-16T02:32:26.363369Z,2878,245.1,0,OK,OK,OK
2026-08-16T02:32:31.833804Z,2880,245.2,0,OK,OK,OK
2026-08-16T02:32:37.325848Z,2876,245.1,0,OK,OK,OK
2026-08-16T02:32:42.825368Z,2886,245.2,0,OK,OK,OK
2026-08-16T02:32:48.328289Z,2884,245.1,0,OK,OK,OK
2026-08-16T02:32:53.820331Z,2893,245.2,0,OK,OK,OK
2026-08-16T02:32:59.315660Z,2887,245.2,0,OK,OK,OK
2026-08-16T02:33:04.830639Z,2888,245.2,0,OK,OK,OK
2026-08-16T02:33:10.283080Z,2883,245.2,0,OK,OK,OK
2026-08-16T02:33:15.810165Z,2890,245.2,0,OK,OK,OK
2026-08-16T02:33:21.280424Z,2892,245.5,0,OK,OK,OK
2026-08-16T02:33:26.780115Z,2894,245.5,0,OK,OK,OK
2026-08-16T02:33:32.259434Z,2895,245.6,0,OK,OK,OK
2026-08-16T02:33:37.783209Z,2900,245.5,0,OK,OK,OK
2026-08-16T02:33:43.287569Z,2893,245.5,0,OK,OK,OK
2026-08-16T02:33:48.794326Z,2894,245.5,0,OK,OK,OK
2026-08-16T02:33:54.397294Z,2899,245.5,0,OK,OK,OK
2026-08-16T02:33:59.889535Z,2891,245.5,0,OK,OK,OK
2026-08-16T02:34:05.377100Z,2886,245.5,0,OK,OK,OK
2026-08-16T02:34:10.901714Z,2889,245.5,0,OK,OK,OK
2026-08-16T02:34:16.405255Z,2892,245.7,0,OK,OK,OK
2026-08-16T02:34:21.916666Z,2892,245.7,0,OK,OK,OK
2026-08-16T02:34:27.441170Z,2890,245.5,0,OK,OK,OK
2026-08-16T02:34:32.935339Z,2897,245.5,0,OK,OK,OK
2026-08-16T02:34:38.437716Z,2888,245.4,0,OK,OK,OK
2026-08-16T02:34:43.959702Z,2893,245.4,0,OK,OK,OK
2026-08-16T02:34:49.475299Z,2892,245.5,0,OK,OK,OK
2026-08-16T02:34:54.999977Z,2888,245.5,0,OK,OK,OK
2026-08-16T02:35:00.512891Z,2888,245.5,0,OK,OK,OK
2026-08-16T02:35:06.026964Z,2894,245.5,0,OK,OK,OK
2026-08-16T02:35:11.550620Z,2893,245.6,0,OK,OK,OK
2026-08-16T02:35:17.045063Z,2892,245.6,0,OK,OK,OK
2026-08-16T02:35:22.527193Z,2898,245.6,0,OK,OK,OK
2026-08-16T02:35:28.065785Z,2887,245.3,0,OK,OK,OK
2026-08-16T02:35:33.598375Z,2888,245.6,0,OK,OK,OK
2026-08-16T02:35:39.091491Z,2891,245.6,0,OK,OK,OK
2026-08-16T02:35:44.566536Z,2892,245.7,0,OK,OK,OK
2026-08-16T02:35:50.108681Z,2899,245.7,0,OK,OK,OK
2026-08-16T02:35:55.628071Z,2900,245.7,0,OK,OK,OK
2026-08-16T02:36:01.138898Z,2890,245.7,0,OK,OK,OK
2026-08-16T02:36:06.663721Z,2909,245.5,0,OK,OK,OK
2026-08-16T02:36:12.198353Z,2891,245.5,0,OK,OK,OK
2026-08-16T02:36:17.677016Z,2892,245.6,0,OK,OK,OK
2026-08-16T02:36:23.187008Z,2894,245.6,0,OK,OK,OK
2026-08-16T02:36:28.678535Z,2887,245.5,0,OK,OK,OK
2026-08-16T02:36:34.182915Z,2894,245.5,0,OK,OK,OK
2026-08-16T02:36:39.649464Z,2888,245.5,0,OK,OK,OK
2026-08-16T02:36:45.168527Z,2903,245.6,0,OK,OK,OK
2026-08-16T02:36:50.652981Z,2893,245.7,0,OK,OK,OK
2026-08-16T02:36:56.188017Z,2892,245.4,0,OK,OK,OK
2026-08-16T02:37:01.684487Z,2890,245.6,0,OK,OK,OK
2026-08-16T02:37:07.193195Z,2902,245.5,0,OK,OK,OK
2026-08-16T02:37:12.702717Z,2903,245.4,0,OK,OK,OK
2026-08-16T02:37:18.238388Z,2896,245.4,0,OK,OK,OK
2026-08-16T02:37:23.730740Z,2898,245.5,0,OK,OK,OK
2026-08-16T02:37:29.251078Z,2902,245.7,0,OK,OK,OK
2026-08-16T02:37:34.745173Z,2889,245.4,0,OK,OK,OK
2026-08-16T02:37:40.191920Z,2897,245.5,0,OK,OK,OK
2026-08-16T02:37:45.716363Z,2910,245.5,0,OK,OK,OK
2026-08-16T02:37:51.207202Z,2916,245.5,0,OK,OK,OK
2026-08-16T02:37:56.718229Z,2892,245.4,0,OK,OK,OK
2026-08-16T02:38:02.185012Z,2892,245.3,0,OK,OK,OK
2026-08-16T02:38:07.687105Z,2898,245.3,0,OK,OK,OK
2026-08-16T02:38:13.180526Z,2908,245.5,0,OK,OK,OK
2026-08-16T02:38:18.698715Z,2905,245.7,0,OK,OK,OK
2026-08-16T02:38:24.209671Z,2903,245.5,0,OK,OK,OK
2026-08-16T02:38:29.708161Z,2896,245.5,0,OK,OK,OK
2026-08-16T02:38:35.237661Z,2905,245.5,0,OK,OK,OK
2026-08-16T02:38:40.736053Z,2892,245.5,0,OK,OK,OK
2026-08-16T02:38:46.229604Z,2905,245.5,0,OK,OK,OK
2026-08-16T02:38:51.748982Z,2892,245.5,0,OK,OK,OK
2026-08-16T02:38:57.272496Z,2898,245.5,0,OK,OK,OK
2026-08-16T02:39:02.773463Z,2822,245.5,0,OK,OK,OK
2026-08-16T02:39:08.283858Z,2821,245.4,0,OK,OK,OK
2026-08-16T02:39:13.820088Z,2818,245.4,0,OK,OK,OK
2026-08-16T02:39:19.342056Z,2811,245.3,0,OK,OK,OK
2026-08-16T02:39:24.817923Z,2813,245.4,0,OK,OK,OK
2026-08-16T02:39:30.281670Z,2816,245.5,0,OK,OK,OK
2026-08-16T02:39:35.809099Z,2814,245.5,0,OK,OK,OK
2026-08-16T02:39:41.349891Z,2853,245.5,0,OK,OK,OK
2026-08-16T02:39:46.885236Z,2810,245.5,0,OK,OK,OK
2026-08-16T02:39:52.397638Z,2822,245.5,0,OK,OK,OK
2026-08-16T02:39:57.904186Z,2810,245.5,0,OK,OK,OK
2026-08-16T02:40:03.384813Z,2809,245.5,0,OK,OK,OK
2026-08-16T02:40:08.880837Z,2790,245.5,0,OK,OK,OK
2026-08-16T02:40:14.392178Z,2808,245.5,0,OK,OK,OK
2026-08-16T02:40:19.916882Z,2814,245.4,0,OK,OK,OK
2026-08-16T02:40:25.407352Z,2810,245.4,0,OK,OK,OK
2026-08-16T02:40:30.926424Z,2799,245.0,0,OK,OK,OK
2026-08-16T02:40:36.478478Z,2787,244.5,0,OK,OK,OK
2026-08-16T02:40:41.998647Z,2793,244.5,0,OK,OK,OK
2026-08-16T02:40:47.480522Z,2786,244.5,0,OK,OK,OK
2026-08-16T02:40:53.023447Z,2788,244.6,0,OK,OK,OK
2026-08-16T02:40:58.496474Z,2786,244.6,0,OK,OK,OK
2026-08-16T02:41:03.995797Z,2794,244.5,0,OK,OK,OK
2026-08-16T02:41:09.510201Z,2779,244.2,0,OK,OK,OK
2026-08-16T02:41:15.017833Z,2789,244.2,0,OK,OK,OK
2026-08-16T02:41:20.520630Z,2782,244.2,0,OK,OK,OK
2026-08-16T02:41:26.007394Z,2798,244.4,0,OK,OK,OK
2026-08-16T02:41:31.522204Z,2788,244.5,0,OK,OK,OK
2026-08-16T02:41:36.998774Z,2785,244.5,0,OK,OK,OK
2026-08-16T02:41:42.513606Z,2788,244.4,0,OK,OK,OK
2026-08-16T02:41:47.961182Z,2788,244.4,0,OK,OK,OK
2026-08-16T02:41:53.461620Z,2779,244.4,0,OK,OK,OK
2026-08-16T02:41:58.957480Z,2786,244.4,0,OK,OK,OK
2026-08-16T02:42:04.483607Z,2783,244.3,0,OK,OK,OK
2026-08-16T02:42:09.969706Z,2790,244.3,0,OK,OK,OK
2026-08-16T02:42:15.489376Z,2788,244.3,0,OK,OK,OK
2026-08-16T02:42:21.002717Z,2784,244.3,0,OK,OK,OK
2026-08-16T02:42:26.549280Z,2788,244.2,0,OK,OK,OK
2026-08-16T02:42:32.026697Z,2786,244.1,0,OK,OK,OK
2026-08-16T02:42:37.507826Z,2781,244.4,0,OK,OK,OK
2026-08-16T02:42:43.042697Z,2784,244.4,0,OK,OK,OK
2026-08-16T02:42:48.591958Z,2782,244.4,0,OK,OK,OK
2026-08-16T02:42:54.098670Z,2784,244.4,0,OK,OK,OK
2026-08-16T02:42:59.610761Z,2786,244.4,0,OK,OK,OK
2026-08-16T02:43:05.142328Z,2794,244.4,0,OK,OK,OK
2026-08-16T02:43:10.645396Z,2780,244.4,0,OK,OK,OK
2026-08-16T02:43:16.141290Z,2791,244.4,0,OK,OK,OK
2026-08-16T02:43:21.642236Z,2778,244.4,0,OK,OK,OK
2026-08-16T02:43:27.161180Z,2786,244.4,0,OK,OK,OK
2026-08-16T02:43:32.665489Z,2788,244.4,0,OK,OK,OK
2026-08-16T02:43:38.178639Z,2788,244.4,0,OK,OK,OK
2026-08-16T02:43:43.704752Z,2776,244.2,0,OK,OK,OK
2026-08-16T02:43:49.194909Z,2788,244.3,0,OK,OK,OK
2026-08-16T02:43:54.702337Z,2777,244.3,0,OK,OK,OK
2026-08-16T02:44:00.246021Z,2784,244.4,0,OK,OK,OK
2026-08-16T02:44:05.751668Z,2778,244.2,0,OK,OK,OK
2026-08-16T02:44:11.317679Z,2789,244.2,0,OK,OK,OK
2026-08-16T02:44:16.812820Z,2775,244.1,0,OK,OK,OK
2026-08-16T02:44:22.324837Z,2779,244.2,0,OK,OK,OK
2026-08-16T02:44:27.843154Z,2785,244.4,0,OK,OK,OK
2026-08-16T02:44:33.347740Z,2785,244.3,0,OK,OK,OK
2026-08-16T02:44:38.871525Z,2785,244.4,0,OK,OK,OK
2026-08-16T02:44:44.365881Z,2808,244.3,0,OK,OK,OK
2026-08-16T02:44:49.921980Z,2787,244.3,0,OK,OK,OK
2026-08-16T02:44:55.439041Z,2790,244.4,0,OK,OK,OK
2026-08-16T02:45:00.942651Z,2789,244.4,0,OK,OK,OK
2026-08-16T02:45:06.461200Z,2790,244.4,0,OK,OK,OK
2026-08-16T02:45:11.993466Z,2785,244.4,0,OK,OK,OK
2026-08-16T02:45:17.524154Z,2787,244.4,0,OK,OK,OK
2026-08-16T02:45:23.030650Z,2783,244.4,0,OK,OK,OK
2026-08-16T02:45:28.526683Z,2788,244.4,0,OK,OK,OK
2026-08-16T02:45:34.041284Z,2780,244.4,0,OK,OK,OK
2026-08-16T02:45:39.556880Z,2788,244.4,0,OK,OK,OK
2026-08-16T02:45:45.088668Z,2784,244.4,0,OK,OK,OK
2026-08-16T02:45:50.616523Z,2786,244.4,0,OK,OK,OK
2026-08-16T02:45:56.109851Z,2781,244.4,0,OK,OK,OK
2026-08-16T02:46:01.581022Z,2786,244.4,0,OK,OK,OK
2026-08-16T02:46:07.099335Z,2791,244.4,0,OK,OK,OK
2026-08-16T02:46:12.610179Z,2791,244.4,0,OK,OK,OK
2026-08-16T02:46:18.116276Z,1529,245.1,0,OK,OK,OK
2026-08-16T02:46:23.655489Z,1528,245.2,0,OK,OK,OK
2026-08-16T02:46:29.163545Z,1527,245.2,0,OK,OK,OK
2026-08-16T02:46:34.658650Z,1535,245.0,0,OK,OK,OK
2026-08-16T02:46:40.131337Z,1538,244.9,0,OK,OK,OK
2026-08-16T02:46:45.613196Z,1541,244.9,0,OK,OK,OK
2026-08-16T02:46:51.120601Z,1546,245.1,0,OK,OK,OK
2026-08-16T02:46:56.591692Z,1543,245.1,0,OK,OK,OK
2026-08-16T02:47:02.090816Z,1549,245.1,0,OK,OK,OK
2026-08-16T02:47:07.592609Z,1554,245.1,0,OK,OK,OK
2026-08-16T02:47:13.114912Z,1557,245.0,0,OK,OK,OK
2026-08-16T02:47:18.603056Z,1549,245.0,0,OK,OK,OK
2026-08-16T02:47:24.119167Z,1546,245.0,0,OK,OK,OK
2026-08-16T02:47:29.634925Z,1548,245.0,0,OK,OK,OK
2026-08-16T02:47:35.180014Z,1548,245.1,0,OK,OK,OK
2026-08-16T02:47:40.677411Z,1547,245.2,0,OK,OK,OK
2026-08-16T02:47:46.180825Z,1551,245.2,0,OK,OK,OK
2026-08-16T02:47:51.688699Z,1550,245.2,0,OK,OK,OK
2026-08-16T02:47:57.163900Z,1551,245.2,0,OK,OK,OK
2026-08-16T02:48:02.692576Z,1552,245.2,0,OK,OK,OK
2026-08-16T02:48:08.178447Z,1554,245.2,0,OK,OK,OK
2026-08-16T02:48:13.714098Z,1551,245.2,0,OK,OK,OK
2026-08-16T02:48:19.190109Z,1555,245.2,0,OK,OK,OK
2026-08-16T02:48:24.674189Z,1559,245.2,0,OK,OK,OK
2026-08-16T02:48:30.186850Z,1556,245.1,0,OK,OK,OK
2026-08-16T02:48:35.690482Z,1556,245.2,0,OK,OK,OK
2026-08-16T02:48:41.182023Z,1557,245.2,0,OK,OK,OK
2026-08-16T02:48:46.699946Z,1552,245.2,0,OK,OK,OK
2026-08-16T02:48:52.180910Z,1550,245.2,0,OK,OK,OK
2026-08-16T02:48:57.729234Z,1554,245.2,0,OK,OK,OK
2026-08-16T02:49:03.237821Z,1557,245.2,0,OK,OK,OK
2026-08-16T02:49:08.742899Z,1551,245.2,0,OK,OK,OK
2026-08-16T02:49:14.282544Z,1562,245.6,0,OK,OK,OK
2026-08-16T02:49:19.765349Z,1565,245.6,0,OK,OK,OK
2026-08-16T02:49:25.251774Z,1568,245.8,0,OK,OK,OK
2026-08-16T02:49:30.789156Z,1560,245.7,0,OK,OK,OK
2026-08-16T02:49:36.294208Z,1570,245.6,0,OK,OK,OK
2026-08-16T02:49:41.787361Z,1557,245.6,0,OK,OK,OK
2026-08-16T02:49:47.290172Z,1556,245.6,0,OK,OK,OK
2026-08-16T02:49:52.827480Z,1554,245.6,0,OK,OK,OK
2026-08-16T02:49:58.355599Z,1559,245.7,0,OK,OK,OK
2026-08-16T02:50:03.845881Z,1559,245.6,0,OK,OK,OK
2026-08-16T02:50:09.353275Z,1577,245.6,0,OK,OK,OK
2026-08-16T02:50:14.878837Z,1563,245.7,0,OK,OK,OK
2026-08-16T02:50:20.367590Z,1567,245.6,0,OK,OK,OK
2026-08-16T02:50:25.865477Z,1560,245.6,0,OK,OK,OK
2026-08-16T02:50:31.413429Z,1561,245.7,0,OK,OK,OK
2026-08-16T02:50:36.925641Z,1561,245.8,0,OK,OK,OK
2026-08-16T02:50:42.416629Z,1568,245.9,0,OK,OK,OK
2026-08-16T02:50:47.926327Z,1566,245.9,0,OK,OK,OK
2026-08-16T02:50:53.415926Z,1563,245.9,0,OK,OK,OK
2026-08-16T02:50:58.926498Z,1568,246.0,0,OK,OK,OK
2026-08-16T02:51:04.430565Z,1564,246.0,0,OK,OK,OK
2026-08-16T02:51:09.922534Z,1572,246.1,0,OK,OK,OK
2026-08-16T02:51:15.433955Z,1573,246.1,0,OK,OK,OK
2026-08-16T02:51:20.961795Z,1571,246.1,0,OK,OK,OK
2026-08-16T02:51:26.478595Z,1565,246.1,0,OK,OK,OK
2026-08-16T02:51:32.015290Z,1572,246.1,0,OK,OK,OK
2026-08-16T02:51:37.523866Z,1564,246.1,0,OK,OK,OK
2026-08-16T02:51:43.020594Z,1577,246.1,0,OK,OK,OK
2026-08-16T02:51:48.530972Z,1567,246.1,0,OK,OK,OK
2026-08-16T02:51:54.021110Z,1573,246.2,0,OK,OK,OK
2026-08-16T02:51:59.513179Z,1566,246.1,0,OK,OK,OK
2026-08-16T02:52:04.978584Z,1570,246.1,0,OK,OK,OK
2026-08-16T02:52:10.482319Z,1577,246.1,0,OK,OK,OK
2026-08-16T02:52:15.945461Z,1583,246.1,0,OK,OK,OK
2026-08-16T02:52:21.472492Z,1562,246.1,0,OK,OK,OK
2026-08-16T02:52:26.942627Z,1570,246.1,0,OK,OK,OK
2026-08-16T02:52:32.476889Z,1572,246.1,0,OK,OK,OK
2026-08-16T02:52:37.954066Z,1578,246.0,0,OK,OK,OK
2026-08-16T02:52:43.471146Z,1570,246.0,0,OK,OK,OK
2026-08-16T02:52:48.982501Z,1571,246.0,0,OK,OK,OK
2026-08-16T02:52:54.481306Z,1570,246.1,0,OK,OK,OK
2026-08-16T02:52:59.994915Z,1568,246.0,0,OK,OK,OK
2026-08-16T02:53:05.466810Z,1571,246.0,0,OK,OK,OK
2026-08-16T02:53:10.967900Z,1568,246.1,0,OK,OK,OK
2026-08-16T02:53:16.461050Z,1568,246.1,0,OK,OK,OK
2026-08-16T02:53:21.947532Z,1570,246.1,0,OK,OK,OK
2026-08-16T02:53:27.441755Z,1568,246.0,0,OK,OK,OK
2026-08-16T02:53:32.964828Z,1565,246.0,0,OK,OK,OK
2026-08-16T02:53:38.488611Z,1567,246.1,0,OK,OK,OK
2026-08-16T02:53:43.980753Z,1569,246.1,0,OK,OK,OK
2026-08-16T02:53:49.462320Z,1569,246.1,0,OK,OK,OK
2026-08-16T02:53:55.001125Z,1570,246.1,0,OK,OK,OK
2026-08-16T02:54:00.492054Z,1567,246.1,0,OK,OK,OK
2026-08-16T02:54:06.033096Z,1573,246.1,0,OK,OK,OK
2026-08-16T02:54:11.527753Z,1557,246.1,0,OK,OK,OK
2026-08-16T02:54:17.045474Z,1566,246.1,0,OK,OK,OK
2026-08-16T02:54:22.585462Z,1568,246.1,0,OK,OK,OK
2026-08-16T02:54:28.119922Z,1571,246.1,0,OK,OK,OK
2026-08-16T02:54:33.640262Z,1569,246.1,0,OK,OK,OK
2026-08-16T02:54:39.177319Z,1569,246.1,0,OK,OK,OK
2026-08-16T02:54:44.668371Z,1577,246.1,0,OK,OK,OK
2026-08-16T02:54:50.156484Z,1702,246.1,0,OK,OK,OK
2026-08-16T02:54:55.658604Z,1697,246.1,0,OK,OK,OK
2026-08-16T02:55:01.199188Z,1689,246.1,0,OK,OK,OK
2026-08-16T02:55:06.706866Z,1719,246.1,0,OK,OK,OK
2026-08-16T02:55:12.227012Z,1695,246.1,0,OK,OK,OK
2026-08-16T02:55:17.761835Z,1689,246.1,0,OK,OK,OK
2026-08-16T02:55:23.291414Z,1693,246.2,0,OK,OK,OK
2026-08-16T02:55:28.798829Z,1694,246.2,0,OK,OK,OK
2026-08-16T02:55:34.319757Z,1692,246.2,0,OK,OK,OK
2026-08-16T02:55:39.849774Z,1693,246.2,0,OK,OK,OK
2026-08-16T02:55:45.344265Z,1692,246.2,0,OK,OK,OK
2026-08-16T02:55:50.835788Z,1680,246.2,0,OK,OK,OK
2026-08-16T02:55:56.345353Z,1690,246.2,0,OK,OK,OK
2026-08-16T02:56:01.878411Z,1688,246.2,0,OK,OK,OK
2026-08-16T02:56:07.402903Z,1690,246.2,0,OK,OK,OK
2026-08-16T02:56:12.906799Z,1583,246.3,0,OK,OK,OK
2026-08-16T02:56:18.433935Z,1674,246.2,0,OK,OK,OK
2026-08-16T02:56:23.962210Z,1679,246.2,0,OK,OK,OK
2026-08-16T02:56:29.453895Z,1694,246.1,0,OK,OK,OK
2026-08-16T02:56:34.961333Z,1722,246.2,0,OK,OK,OK
2026-08-16T02:56:40.488821Z,1697,246.2,0,OK,OK,OK
2026-08-16T02:56:46.018622Z,1708,246.2,0,OK,OK,OK
2026-08-16T02:56:51.495748Z,1686,246.2,0,OK,OK,OK
2026-08-16T02:56:57.000335Z,1698,246.2,0,OK,OK,OK
2026-08-16T02:57:02.479305Z,1682,246.2,0,OK,OK,OK
2026-08-16T02:57:07.976454Z,1695,246.2,0,OK,OK,OK
2026-08-16T02:57:13.492269Z,1686,246.2,0,OK,OK,OK
2026-08-16T02:57:19.000342Z,1676,246.2,0,OK,OK,OK
2026-08-16T02:57:24.526354Z,1672,246.2,0,OK,OK,OK
2026-08-16T02:57:30.004708Z,1676,246.2,0,OK,OK,OK
2026-08-16T02:57:35.495289Z,1670,246.2,0,OK,OK,OK
2026-08-16T02:57:40.987106Z,1668,246.2,0,OK,OK,OK
2026-08-16T02:57:46.521587Z,1665,246.2,0,OK,OK,OK
2026-08-16T02:57:52.005651Z,1664,246.2,0,OK,OK,OK
2026-08-16T02:57:57.488937Z,1661,246.3,0,OK,OK,OK
2026-08-16T02:58:02.955803Z,1657,246.2,0,OK,OK,OK
2026-08-16T02:58:08.470703Z,1656,246.2,0,OK,OK,OK
2026-08-16T02:58:13.937694Z,1653,246.2,0,OK,OK,OK
2026-08-16T02:58:19.441652Z,1649,246.2,0,OK,OK,OK
2026-08-16T02:58:24.949533Z,1648,246.2,0,OK,OK,OK
2026-08-16T02:58:30.489054Z,1652,246.3,0,OK,OK,OK
2026-08-16T02:58:35.971073Z,1649,246.2,0,OK,OK,OK
2026-08-16T02:58:41.466083Z,1648,246.3,0,OK,OK,OK
2026-08-16T02:58:46.985355Z,1644,246.2,0,OK,OK,OK
2026-08-16T02:58:52.494136Z,1620,244.9,0,OK,OK,OK
2026-08-16T02:58:57.995255Z,1640,245.3,0,OK,OK,OK
2026-08-16T02:59:03.534873Z,1625,245.3,0,OK,OK,OK
2026-08-16T02:59:09.070452Z,1628,245.2,0,OK,OK,OK
2026-08-16T02:59:14.601287Z,1627,245.3,0,OK,OK,OK
2026-08-16T02:59:20.060701Z,1628,245.3,0,OK,OK,OK
2026-08-16T02:59:25.561860Z,1627,245.3,0,OK,OK,OK
2026-08-16T02:59:31.060925Z,1625,245.3,0,OK,OK,OK
2026-08-16T02:59:36.560238Z,1628,245.4,0,OK,OK,OK
2026-08-16T02:59:42.093165Z,1625,245.2,0,OK,OK,OK
2026-08-16T02:59:47.581504Z,1626,245.3,0,OK,OK,OK
2026-08-16T02:59:53.068440Z,1629,245.3,0,OK,OK,OK
2026-08-16T02:59:58.564951Z,1633,245.4,0,OK,OK,OK
2026-08-16T03:00:04.104018Z,1625,245.3,0,OK,OK,OK
2026-08-16T03:00:09.652491Z,1629,245.2,0,OK,OK,OK
2026-08-16T03:00:15.154503Z,1630,245.3,0,OK,OK,OK
2026-08-16T03:00:20.673203Z,1635,245.3,0,OK,OK,OK
2026-08-16T03:00:26.195673Z,1627,245.4,0,OK,OK,OK
2026-08-16T03:00:31.680706Z,1628,245.3,0,OK,OK,OK
2026-08-16T03:00:37.198541Z,1627,245.4,0,OK,OK,OK
2026-08-16T03:00:42.719898Z,1631,245.3,0,OK,OK,OK
2026-08-16T03:00:48.259628Z,1622,245.3,0,OK,OK,OK
2026-08-16T03:00:53.783106Z,1623,245.3,0,OK,OK,OK
2026-08-16T03:00:59.292563Z,1627,245.3,0,OK,OK,OK
2026-08-16T03:01:04.780770Z,1628,245.4,0,OK,OK,OK
2026-08-16T03:01:10.283730Z,1623,245.3,0,OK,OK,OK
2026-08-16T03:01:15.849652Z,1635,245.3,0,OK,OK,OK
2026-08-16T03:01:21.323153Z,1626,245.4,0,OK,OK,OK
2026-08-16T03:01:26.811669Z,1629,245.3,0,OK,OK,OK
2026-08-16T03:01:32.344354Z,1626,245.4,0,OK,OK,OK
2026-08-16T03:01:37.843272Z,1637,245.2,0,OK,OK,OK
2026-08-16T03:01:43.346440Z,1621,245.2,0,OK,OK,OK
2026-08-16T03:01:48.799532Z,1630,245.3,0,OK,OK,OK
2026-08-16T03:01:54.320759Z,1630,245.2,0,OK,OK,OK
2026-08-16T03:01:59.796309Z,1628,245.2,0,OK,OK,OK
2026-08-16T03:02:05.316182Z,1630,245.2,0,OK,OK,OK
2026-08-16T03:02:10.776025Z,1623,245.2,0,OK,OK,OK
2026-08-16T03:02:16.275753Z,1631,245.3,0,OK,OK,OK
2026-08-16T03:02:21.772805Z,1623,245.3,0,OK,OK,OK
2026-08-16T03:02:27.241927Z,1622,245.3,0,OK,OK,OK
2026-08-16T03:02:32.787017Z,1623,245.3,0,OK,OK,OK
2026-08-16T03:02:38.287773Z,1623,245.3,0,OK,OK,OK
2026-08-16T03:02:43.765045Z,1626,245.3,0,OK,OK,OK
2026-08-16T03:02:49.285882Z,1624,245.3,0,OK,OK,OK
2026-08-16T03:02:54.814029Z,1622,245.3,0,OK,OK,OK
2026-08-16T03:03:00.329611Z,1624,245.3,0,OK,OK,OK
2026-08-16T03:03:05.804107Z,1624,245.3,0,OK,OK,OK
2026-08-16T03:03:11.289792Z,1622,245.3,0,OK,OK,OK
2026-08-16T03:03:16.798158Z,1622,245.4,0,OK,OK,OK
2026-08-16T03:03:22.300691Z,1629,245.3,0,OK,OK,OK
2026-08-16T03:03:27.810089Z,1620,245.3,0,OK,OK,OK
2026-08-16T03:03:33.336663Z,1624,245.2,0,OK,OK,OK
2026-08-16T03:03:38.841910Z,1616,245.1,0,OK,OK,OK
2026-08-16T03:03:44.325730Z,1628,245.3,0,OK,OK,OK
2026-08-16T03:03:49.810861Z,1620,245.3,0,OK,OK,OK
2026-08-16T03:03:55.319917Z,1624,245.3,0,OK,OK,OK
2026-08-16T03:04:00.791268Z,1621,245.4,0,OK,OK,OK
2026-08-16T03:04:06.237857Z,1624,245.3,0,OK,OK,OK
2026-08-16T03:04:11.761266Z,1607,245.3,0,OK,OK,OK
2026-08-16T03:04:17.250830Z,1620,245.3,0,OK,OK,OK
2026-08-16T03:04:22.778959Z,1630,245.3,0,OK,OK,OK
2026-08-16T03:04:28.295128Z,1634,245.3,0,OK,OK,OK
2026-08-16T03:04:33.833170Z,1628,245.3,0,OK,OK,OK
2026-08-16T03:04:39.291302Z,1623,245.3,0,OK,OK,OK
2026-08-16T03:04:44.816641Z,1622,245.2,0,OK,OK,OK
2026-08-16T03:04:50.303170Z,1619,245.4,0,OK,OK,OK
2026-08-16T03:04:55.813379Z,1622,245.2,0,OK,OK,OK
2026-08-16T03:05:01.331504Z,1618,245.2,0,OK,OK,OK
2026-08-16T03:05:06.827629Z,1633,245.3,0,OK,OK,OK
2026-08-16T03:05:12.328831Z,1620,245.2,0,OK,OK,OK
2026-08-16T03:05:17.825659Z,1617,245.2,0,OK,OK,OK
2026-08-16T03:05:23.326572Z,1622,245.2,0,OK,OK,OK
2026-08-16T03:05:28.862090Z,1625,245.3,0,OK,OK,OK
2026-08-16T03:05:34.406265Z,1636,245.3,0,OK,OK,OK
2026-08-16T03:05:39.927141Z,1635,245.3,0,OK,OK,OK
2026-08-16T03:05:45.381282Z,1630,245.3,0,OK,OK,OK
2026-08-16T03:05:50.920113Z,1633,245.3,0,OK,OK,OK
2026-08-16T03:05:56.409506Z,1628,245.3,0,OK,OK,OK
2026-08-16T03:06:01.920058Z,1628,245.3,0,OK,OK,OK
2026-08-16T03:06:07.404331Z,1641,245.2,0,OK,OK,OK
2026-08-16T03:06:12.923537Z,1633,245.3,0,OK,OK,OK
2026-08-16T03:06:18.418240Z,1633,245.3,0,OK,OK,OK
2026-08-16T03:06:23.951434Z,1633,245.3,0,OK,OK,OK
2026-08-16T03:06:29.477778Z,1634,245.2,0,OK,OK,OK
2026-08-16T03:06:34.999092Z,1628,245.1,0,OK,OK,OK
2026-08-16T03:06:40.488869Z,1630,245.1,0,OK,OK,OK
2026-08-16T03:06:46.011657Z,1638,245.1,0,OK,OK,OK
2026-08-16T03:06:51.503668Z,1624,245.6,0,OK,OK,OK
2026-08-16T03:06:57.023381Z,1630,245.5,0,OK,OK,OK
2026-08-16T03:07:02.519057Z,1603,245.4,0,OK,OK,OK
2026-08-16T03:07:08.034563Z,1637,245.5,0,OK,OK,OK
2026-08-16T03:07:13.565197Z,1639,245.6,0,OK,OK,OK
2026-08-16T03:07:19.055030Z,1640,245.6,0,OK,OK,OK
2026-08-16T03:07:24.578941Z,1646,245.5,0,OK,OK,OK
2026-08-16T03:07:30.094787Z,1636,245.5,0,OK,OK,OK
2026-08-16T03:07:35.633907Z,1628,245.5,0,OK,OK,OK
2026-08-16T03:07:41.152828Z,1615,245.5,0,OK,OK,OK
2026-08-16T03:07:46.651131Z,1620,245.5,0,OK,OK,OK
2026-08-16T03:07:52.158374Z,1639,245.4,0,OK,OK,OK
2026-08-16T03:07:57.665223Z,1623,245.5,0,OK,OK,OK
2026-08-16T03:08:03.149547Z,1666,245.6,0,OK,OK,OK
2026-08-16T03:08:08.690362Z,1636,245.4,0,OK,OK,OK
2026-08-16T03:08:14.170323Z,1628,245.5,0,OK,OK,OK
2026-08-16T03:08:19.675552Z,1631,245.9,0,OK,OK,OK
2026-08-16T03:08:25.143037Z,1636,245.9,0,OK,OK,OK
2026-08-16T03:08:30.623415Z,1631,245.9,0,OK,OK,OK
2026-08-16T03:08:36.121556Z,1618,245.9,0,OK,OK,OK
2026-08-16T03:08:41.635026Z,1644,245.9,0,OK,OK,OK
2026-08-16T03:08:47.119248Z,1638,245.9,0,OK,OK,OK
2026-08-16T03:08:52.606443Z,1616,246.0,0,OK,OK,OK
2026-08-16T03:08:58.129504Z,1614,245.8,0,OK,OK,OK
2026-08-16T03:09:03.649383Z,1624,245.8,0,OK,OK,OK
2026-08-16T03:09:09.182003Z,1626,245.8,0,OK,OK,OK
2026-08-16T03:09:14.656524Z,1628,245.9,0,OK,OK,OK
2026-08-16T03:09:20.142262Z,1631,246.0,0,OK,OK,OK
2026-08-16T03:09:25.661566Z,1624,246.0,0,OK,OK,OK
2026-08-16T03:09:31.179551Z,1624,246.0,0,OK,OK,OK
2026-08-16T03:09:36.654981Z,1624,245.9,0,OK,OK,OK
2026-08-16T03:09:42.172833Z,1626,245.9,0,OK,OK,OK
2026-08-16T03:09:47.694682Z,1623,245.9,0,OK,OK,OK
2026-08-16T03:09:53.162732Z,1627,245.9,0,OK,OK,OK
2026-08-16T03:09:58.642079Z,1617,246.0,0,OK,OK,OK
2026-08-16T03:10:04.182806Z,1612,245.9,0,OK,OK,OK
2026-08-16T03:10:09.674632Z,1613,245.9,0,OK,OK,OK
2026-08-16T03:10:15.183627Z,1622,245.9,0,OK,OK,OK
2026-08-16T03:10:20.698203Z,1633,246.0,0,OK,OK,OK
2026-08-16T03:10:26.236486Z,1630,246.0,0,OK,OK,OK
2026-08-16T03:10:31.751373Z,1625,246.0,0,OK,OK,OK
2026-08-16T03:10:37.249065Z,1629,246.0,0,OK,OK,OK
2026-08-16T03:10:42.725064Z,1633,246.0,0,OK,OK,OK
2026-08-16T03:10:48.190378Z,1611,246.1,0,OK,OK,OK
2026-08-16T03:10:53.646560Z,2955,245.5,0,OK,OK,OK
2026-08-16T03:10:59.173836Z,3078,245.4,0,OK,OK,OK
2026-08-16T03:11:04.651016Z,3020,245.4,0,OK,OK,OK
2026-08-16T03:11:10.187012Z,3017,245.4,0,OK,OK,OK
2026-08-16T03:11:15.663897Z,3024,245.4,0,OK,OK,OK
2026-08-16T03:11:21.173750Z,3011,245.4,0,OK,OK,OK
2026-08-16T03:11:26.660733Z,3028,245.4,0,OK,OK,OK
2026-08-16T03:11:32.158028Z,3089,245.3,0,OK,OK,OK
2026-08-16T03:11:37.643761Z,3091,245.3,0,OK,OK,OK
2026-08-16T03:11:43.167463Z,3080,245.3,0,OK,OK,OK
2026-08-16T03:11:48.687793Z,3073,245.2,0,OK,OK,OK
2026-08-16T03:11:54.225730Z,3062,245.4,0,OK,OK,OK
2026-08-16T03:11:59.745467Z,3051,245.3,0,OK,OK,OK
2026-08-16T03:12:05.286423Z,3061,245.2,0,OK,OK,OK
2026-08-16T03:12:10.789362Z,3071,245.3,0,OK,OK,OK
2026-08-16T03:12:16.240023Z,3076,245.3,0,OK,OK,OK
2026-08-16T03:12:21.737508Z,3049,245.3,0,OK,OK,OK
2026-08-16T03:12:27.254930Z,3070,245.3,0,OK,OK,OK
2026-08-16T03:12:32.801676Z,3065,245.3,0,OK,OK,OK
2026-08-16T03:12:38.305602Z,3064,245.3,0,OK,OK,OK
2026-08-16T03:12:43.821540Z,3075,245.3,0,OK,OK,OK
2026-08-16T03:12:49.324088Z,3056,245.3,0,OK,OK,OK
2026-08-16T03:12:54.834499Z,3070,245.3,0,OK,OK,OK
2026-08-16T03:13:00.368235Z,3074,245.3,0,OK,OK,OK
2026-08-16T03:13:05.852632Z,3075,245.3,0,OK,OK,OK
2026-08-16T03:13:11.369489Z,3075,245.3,0,OK,OK,OK
2026-08-16T03:13:16.902011Z,3072,245.3,0,OK,OK,OK
2026-08-16T03:13:22.377535Z,3059,245.3,0,OK,OK,OK
2026-08-16T03:13:27.862746Z,3060,245.3,0,OK,OK,OK
2026-08-16T03:13:33.381236Z,3073,245.4,0,OK,OK,OK
2026-08-16T03:13:38.893699Z,3075,245.3,0,OK,OK,OK
2026-08-16T03:13:44.401936Z,3080,245.4,0,OK,OK,OK
2026-08-16T03:13:49.916670Z,3085,245.4,0,OK,OK,OK
2026-08-16T03:13:55.441276Z,3078,245.3,0,OK,OK,OK
2026-08-16T03:14:00.965734Z,3063,245.3,0,OK,OK,OK
2026-08-16T03:14:06.474534Z,3077,245.3,0,OK,OK,OK
2026-08-16T03:14:12.028625Z,3081,245.4,0,OK,OK,OK
2026-08-16T03:14:17.553422Z,3088,245.4,0,OK,OK,OK
2026-08-16T03:14:23.049844Z,3070,245.4,0,OK,OK,OK
2026-08-16T03:14:28.542711Z,3083,245.4,0,OK,OK,OK
2026-08-16T03:14:34.042611Z,3083,245.4,0,OK,OK,OK
2026-08-16T03:14:39.582117Z,3084,245.4,0,OK,OK,OK
2026-08-16T03:14:45.057023Z,3077,245.4,0,OK,OK,OK
2026-08-16T03:14:50.596464Z,3079,245.4,0,OK,OK,OK
2026-08-16T03:14:56.115031Z,3079,245.4,0,OK,OK,OK
2026-08-16T03:15:01.615541Z,3081,245.5,0,OK,OK,OK
2026-08-16T03:15:07.125129Z,3064,245.5,0,OK,OK,OK
2026-08-16T03:15:12.659059Z,3077,245.4,0,OK,OK,OK
2026-08-16T03:15:18.144495Z,3075,245.5,0,OK,OK,OK
2026-08-16T03:15:23.653229Z,3079,245.4,0,OK,OK,OK
2026-08-16T03:15:29.179486Z,3076,245.5,0,OK,OK,OK
2026-08-16T03:15:34.670481Z,3083,245.5,0,OK,OK,OK
2026-08-16T03:15:40.167293Z,3077,245.5,0,OK,OK,OK
2026-08-16T03:15:45.637135Z,3072,245.5,0,OK,OK,OK
2026-08-16T03:15:51.159019Z,3076,245.5,0,OK,OK,OK
2026-08-16T03:15:56.649666Z,3085,245.5,0,OK,OK,OK
2026-08-16T03:16:02.179693Z,3072,245.4,0,OK,OK,OK
2026-08-16T03:16:07.646043Z,3085,245.2,0,OK,OK,OK
2026-08-16T03:16:13.123139Z,3066,245.4,0,OK,OK,OK
2026-08-16T03:16:18.622367Z,3068,245.4,0,OK,OK,OK
2026-08-16T03:16:24.111278Z,3067,245.4,0,OK,OK,OK
2026-08-16T03:16:29.601733Z,3072,245.5,0,OK,OK,OK
2026-08-16T03:16:35.137895Z,1627,246.1,0,OK,OK,OK
2026-08-16T03:16:40.629900Z,1626,246.2,0,OK,OK,OK
2026-08-16T03:16:46.117805Z,1626,246.2,0,OK,OK,OK
2026-08-16T03:16:51.625104Z,1625,246.2,0,OK,OK,OK
2026-08-16T03:16:57.135408Z,1625,246.1,0,OK,OK,OK
2026-08-16T03:17:02.654699Z,1614,246.2,0,OK,OK,OK
2026-08-16T03:17:08.178864Z,1632,246.1,0,OK,OK,OK
2026-08-16T03:17:13.699568Z,1633,244.9,0,OK,OK,OK
2026-08-16T03:17:19.197531Z,1608,245.2,0,OK,OK,OK
2026-08-16T03:17:24.678467Z,1619,245.3,0,OK,OK,OK
2026-08-16T03:17:30.202614Z,1602,245.3,0,OK,OK,OK
2026-08-16T03:17:35.711269Z,1608,245.3,0,OK,OK,OK
2026-08-16T03:17:41.227327Z,1610,245.3,0,OK,OK,OK
2026-08-16T03:17:46.727745Z,1609,245.3,0,OK,OK,OK
2026-08-16T03:17:52.221740Z,1618,245.3,0,OK,OK,OK
2026-08-16T03:17:57.704688Z,1618,245.3,0,OK,OK,OK
2026-08-16T03:18:03.240626Z,1619,245.3,0,OK,OK,OK
2026-08-16T03:18:08.716136Z,1621,245.4,0,OK,OK,OK
2026-08-16T03:18:14.239420Z,1626,245.3,0,OK,OK,OK
2026-08-16T03:18:19.746995Z,1619,245.4,0,OK,OK,OK
2026-08-16T03:18:25.277780Z,1624,245.4,0,OK,OK,OK
2026-08-16T03:18:30.792636Z,1614,245.4,0,OK,OK,OK
2026-08-16T03:18:36.323694Z,1602,245.3,0,OK,OK,OK
2026-08-16T03:18:41.851360Z,1618,245.3,0,OK,OK,OK
2026-08-16T03:18:47.352058Z,1606,245.3,0,OK,OK,OK
2026-08-16T03:18:52.840662Z,1606,245.3,0,OK,OK,OK
2026-08-16T03:18:58.340731Z,1607,245.4,0,OK,OK,OK
2026-08-16T03:19:03.864220Z,1618,245.3,0,OK,OK,OK
2026-08-16T03:19:09.341461Z,1622,245.3,0,OK,OK,OK
2026-08-16T03:19:14.851799Z,1618,245.4,0,OK,OK,OK
2026-08-16T03:19:20.385622Z,1620,245.5,0,OK,OK,OK
2026-08-16T03:19:25.863015Z,1604,245.5,0,OK,OK,OK
2026-08-16T03:19:31.338577Z,1603,245.6,0,OK,OK,OK
2026-08-16T03:19:36.834378Z,1622,245.4,0,OK,OK,OK
2026-08-16T03:19:42.351906Z,1618,245.5,0,OK,OK,OK
2026-08-16T03:19:47.848859Z,1620,245.3,0,OK,OK,OK
2026-08-16T03:19:53.344268Z,1620,245.5,0,OK,OK,OK
2026-08-16T03:19:58.852007Z,1618,245.5,0,OK,OK,OK
2026-08-16T03:20:04.348883Z,1523,245.4,0,OK,OK,OK
2026-08-16T03:20:09.869172Z,1535,245.4,0,OK,OK,OK
2026-08-16T03:20:15.360863Z,1539,245.4,0,OK,OK,OK
2026-08-16T03:20:20.880312Z,1541,245.4,0,OK,OK,OK
2026-08-16T03:20:26.371928Z,1523,245.4,0,OK,OK,OK
2026-08-16T03:20:31.859966Z,1536,245.4,0,OK,OK,OK
2026-08-16T03:20:37.340581Z,1533,245.4,0,OK,OK,OK
2026-08-16T03:20:42.874947Z,1535,245.4,0,OK,OK,OK
2026-08-16T03:20:48.367438Z,1537,245.4,0,OK,OK,OK
2026-08-16T03:20:53.871183Z,1521,245.4,0,OK,OK,OK
2026-08-16T03:20:59.384724Z,1533,245.4,0,OK,OK,OK
2026-08-16T03:21:04.927558Z,1535,245.4,0,OK,OK,OK
2026-08-16T03:21:10.442838Z,1530,245.3,0,OK,OK,OK
2026-08-16T03:21:15.956191Z,1540,245.4,0,OK,OK,OK
2026-08-16T03:21:21.472613Z,1520,245.4,0,OK,OK,OK
2026-08-16T03:21:26.966082Z,1532,245.4,0,OK,OK,OK
2026-08-16T03:21:32.462262Z,1533,245.4,0,OK,OK,OK
2026-08-16T03:21:38.002296Z,1524,245.4,0,OK,OK,OK
2026-08-16T03:21:43.490754Z,1533,245.4,0,OK,OK,OK
2026-08-16T03:21:49.016760Z,1533,245.4,0,OK,OK,OK
2026-08-16T03:21:54.501587Z,1536,245.4,0,OK,OK,OK
2026-08-16T03:22:00.015845Z,1532,245.4,0,OK,OK,OK
2026-08-16T03:22:05.510048Z,1525,245.4,0,OK,OK,OK
2026-08-16T03:22:11.026226Z,1529,245.3,0,OK,OK,OK
2026-08-16T03:22:16.510199Z,1523,245.4,0,OK,OK,OK
2026-08-16T03:22:21.996985Z,1520,245.4,0,OK,OK,OK
2026-08-16T03:22:27.507597Z,1534,245.4,0,OK,OK,OK
2026-08-16T03:22:33.013932Z,1537,245.2,0,OK,OK,OK
2026-08-16T03:22:38.511419Z,1532,245.1,0,OK,OK,OK
2026-08-16T03:22:44.016783Z,1520,245.2,0,OK,OK,OK
2026-08-16T03:22:49.517914Z,1529,245.2,0,OK,OK,OK
2026-08-16T03:22:55.010273Z,1520,245.1,0,OK,OK,OK
2026-08-16T03:23:00.512274Z,1515,245.0,0,OK,OK,OK
2026-08-16T03:23:05.980608Z,1537,245.0,0,OK,OK,OK
2026-08-16T03:23:11.479404Z,1532,245.0,0,OK,OK,OK
2026-08-16T03:23:16.961337Z,1542,245.0,0,OK,OK,OK
2026-08-16T03:23:22.456530Z,1526,245.0,0,OK,OK,OK
2026-08-16T03:23:27.927077Z,1522,245.0,0,OK,OK,OK
2026-08-16T03:23:33.409356Z,1517,245.0,0,OK,OK,OK
2026-08-16T03:23:38.907226Z,1530,245.0,0,OK,OK,OK
2026-08-16T03:23:44.422261Z,1531,245.1,0,OK,OK,OK
2026-08-16T03:23:49.934545Z,1530,245.1,0,OK,OK,OK
2026-08-16T03:23:55.455329Z,1533,245.1,0,OK,OK,OK
2026-08-16T03:24:00.934461Z,1527,245.0,0,OK,OK,OK
2026-08-16T03:24:06.469819Z,1528,245.0,0,OK,OK,OK
2026-08-16T03:24:11.992598Z,1533,245.0,0,OK,OK,OK
2026-08-16T03:24:17.517306Z,1526,245.0,0,OK,OK,OK
2026-08-16T03:24:23.022045Z,1530,245.0,0,OK,OK,OK
2026-08-16T03:24:28.527183Z,1531,245.0,0,OK,OK,OK
2026-08-16T03:24:34.026042Z,1534,245.6,0,OK,OK,OK
2026-08-16T03:24:39.509784Z,1542,245.6,0,OK,OK,OK
2026-08-16T03:24:45.025177Z,1553,245.6,0,OK,OK,OK
2026-08-16T03:24:50.510864Z,1537,245.6,0,OK,OK,OK
2026-08-16T03:24:55.969740Z,1538,245.6,0,OK,OK,OK
2026-08-16T03:25:01.484687Z,1538,245.7,0,OK,OK,OK
2026-08-16T03:25:06.993144Z,1536,245.6,0,OK,OK,OK
2026-08-16T03:25:12.529628Z,1547,245.6,0,OK,OK,OK
2026-08-16T03:25:18.001822Z,1523,245.8,0,OK,OK,OK
2026-08-16T03:25:23.484029Z,1528,245.8,0,OK,OK,OK
2026-08-16T03:25:29.006786Z,1522,245.7,0,OK,OK,OK
2026-08-16T03:25:34.498374Z,1539,245.6,0,OK,OK,OK
2026-08-16T03:25:40.006141Z,1536,245.7,0,OK,OK,OK
2026-08-16T03:25:45.489167Z,1527,245.5,0,OK,OK,OK
2026-08-16T03:25:50.992748Z,1541,245.7,0,OK,OK,OK
2026-08-16T03:25:56.441874Z,1519,245.7,0,OK,OK,OK
2026-08-16T03:26:01.964810Z,1541,245.9,0,OK,OK,OK
2026-08-16T03:26:07.438436Z,1540,245.9,0,OK,OK,OK
2026-08-16T03:26:12.940962Z,1540,246.1,0,OK,OK,OK
2026-08-16T03:26:18.434456Z,1529,246.1,0,OK,OK,OK
2026-08-16T03:26:23.936022Z,1541,246.1,0,OK,OK,OK
2026-08-16T03:26:29.446136Z,1542,245.9,0,OK,OK,OK
2026-08-16T03:26:34.945984Z,1539,245.9,0,OK,OK,OK
2026-08-16T03:26:40.463638Z,1546,245.8,0,OK,OK,OK
2026-08-16T03:26:45.983197Z,1548,245.9,0,OK,OK,OK
2026-08-16T03:26:51.460112Z,1528,246.0,0,OK,OK,OK
2026-08-16T03:26:56.954219Z,1533,246.1,0,OK,OK,OK
2026-08-16T03:27:02.429150Z,1542,246.1,0,OK,OK,OK
2026-08-16T03:27:07.960627Z,1552,246.1,0,OK,OK,OK
2026-08-16T03:27:13.503472Z,1542,246.1,0,OK,OK,OK
2026-08-16T03:27:18.981867Z,1547,246.0,0,OK,OK,OK
2026-08-16T03:27:24.477715Z,1553,246.0,0,OK,OK,OK
2026-08-16T03:27:29.974077Z,1542,246.0,0,OK,OK,OK
2026-08-16T03:27:35.489640Z,1555,246.0,0,OK,OK,OK
2026-08-16T03:27:41.008006Z,1554,246.0,0,OK,OK,OK
2026-08-16T03:27:46.515389Z,1564,246.0,0,OK,OK,OK
2026-08-16T03:27:51.984303Z,1564,246.0,0,OK,OK,OK
2026-08-16T03:27:57.468191Z,1559,246.0,0,OK,OK,OK
2026-08-16T03:28:03.010272Z,1549,246.1,0,OK,OK,OK
2026-08-16T03:28:08.534013Z,1548,246.1,0,OK,OK,OK
2026-08-16T03:28:14.045257Z,1563,246.1,0,OK,OK,OK
2026-08-16T03:28:19.554342Z,1562,246.1,0,OK,OK,OK
2026-08-16T03:28:25.042322Z,1564,246.1,0,OK,OK,OK
2026-08-16T03:28:30.551924Z,1546,246.1,0,OK,OK,OK
2026-08-16T03:28:36.013760Z,1565,246.0,0,OK,OK,OK
2026-08-16T03:28:41.523474Z,1562,246.0,0,OK,OK,OK
2026-08-16T03:28:46.997504Z,1574,246.0,0,OK,OK,OK
2026-08-16T03:28:52.521512Z,1556,246.2,0,OK,OK,OK
2026-08-16T03:28:57.994066Z,1559,246.2,0,OK,OK,OK
2026-08-16T03:29:03.462311Z,1567,246.2,0,OK,OK,OK
2026-08-16T03:29:08.927987Z,1571,246.0,0,OK,OK,OK
2026-08-16T03:29:14.478078Z,1558,246.3,0,OK,OK,OK
2026-08-16T03:29:19.956303Z,1557,246.3,0,OK,OK,OK
2026-08-16T03:29:25.440391Z,1569,246.3,0,OK,OK,OK
2026-08-16T03:29:30.936552Z,1579,246.1,0,OK,OK,OK
2026-08-16T03:29:36.459097Z,1559,246.3,0,OK,OK,OK
2026-08-16T03:29:41.917127Z,1568,246.4,0,OK,OK,OK
2026-08-16T03:29:47.402435Z,1568,246.2,0,OK,OK,OK
2026-08-16T03:29:52.938914Z,1568,246.4,0,OK,OK,OK
2026-08-16T03:29:58.478217Z,1560,246.3,0,OK,OK,OK
2026-08-16T03:30:03.957731Z,1567,246.4,0,OK,OK,OK
2026-08-16T03:30:09.498462Z,1568,246.3,0,OK,OK,OK
2026-08-16T03:30:15.003755Z,1552,246.3,0,OK,OK,OK
2026-08-16T03:30:20.523204Z,1571,246.3,0,OK,OK,OK
2026-08-16T03:30:26.048850Z,1573,246.3,0,OK,OK,OK
2026-08-16T03:30:31.578325Z,1567,246.2,0,OK,OK,OK
2026-08-16T03:30:40.103333Z,1555,246.1,0,OK,OK,OK
2026-08-16T03:30:45.647564Z,1572,246.2,0,OK,OK,OK
2026-08-16T03:30:51.159826Z,1575,246.2,0,OK,OK,OK
2026-08-16T03:30:56.679998Z,1563,246.2,0,OK,OK,OK
2026-08-16T03:31:02.185045Z,1554,246.2,0,OK,OK,OK
2026-08-16T03:31:07.702522Z,1567,246.2,0,OK,OK,OK
2026-08-16T03:31:13.245613Z,1570,246.3,0,OK,OK,OK
2026-08-16T03:31:18.795678Z,1554,246.3,0,OK,OK,OK
2026-08-16T03:31:24.291835Z,1571,246.3,0,OK,OK,OK
2026-08-16T03:31:29.809015Z,1568,246.3,0,OK,OK,OK
2026-08-16T03:31:35.300141Z,1561,246.3,0,OK,OK,OK
2026-08-16T03:31:40.836017Z,1556,246.3,0,OK,OK,OK
2026-08-16T03:31:46.314728Z,1555,246.3,0,OK,OK,OK
2026-08-16T03:31:51.817769Z,1556,246.2,0,OK,OK,OK
2026-08-16T03:31:57.311909Z,1574,246.3,0,OK,OK,OK
2026-08-16T03:32:02.805183Z,1564,246.1,0,OK,OK,OK
2026-08-16T03:32:08.285099Z,1568,246.2,0,OK,OK,OK
2026-08-16T03:32:13.805517Z,1576,246.2,0,OK,OK,OK
2026-08-16T03:32:19.317844Z,1568,246.1,0,OK,OK,OK
2026-08-16T03:32:24.830618Z,1572,246.2,0,OK,OK,OK
2026-08-16T03:32:30.328551Z,1562,246.2,0,OK,OK,OK
2026-08-16T03:32:35.850731Z,1563,246.2,0,OK,OK,OK
2026-08-16T03:32:41.378793Z,1553,246.1,0,OK,OK,OK
2026-08-16T03:32:46.824107Z,1575,246.2,0,OK,OK,OK
2026-08-16T03:32:52.357138Z,1573,246.2,0,OK,OK,OK
2026-08-16T03:32:57.866062Z,1563,246.3,0,OK,OK,OK
2026-08-16T03:33:03.368818Z,1571,246.3,0,OK,OK,OK
2026-08-16T03:33:08.876087Z,1572,246.1,0,OK,OK,OK
2026-08-16T03:33:14.378406Z,1569,246.2,0,OK,OK,OK
2026-08-16T03:33:19.825840Z,1559,246.2,0,OK,OK,OK
2026-08-16T03:33:25.353025Z,1571,246.2,0,OK,OK,OK
2026-08-16T03:33:30.839088Z,1572,246.2,0,OK,OK,OK
2026-08-16T03:33:36.342178Z,1559,246.2,0,OK,OK,OK
2026-08-16T03:33:41.820132Z,1555,246.2,0,OK,OK,OK
2026-08-16T03:33:47.340724Z,1573,246.2,0,OK,OK,OK
2026-08-16T03:33:52.832154Z,1556,246.2,0,OK,OK,OK
2026-08-16T03:33:58.343748Z,1570,246.3,0,OK,OK,OK
2026-08-16T03:34:03.828689Z,1574,246.3,0,OK,OK,OK
2026-08-16T03:34:09.313957Z,1583,246.1,0,OK,OK,OK
2026-08-16T03:34:14.849506Z,1568,246.1,0,OK,OK,OK
2026-08-16T03:34:20.340541Z,1553,246.1,0,OK,OK,OK
2026-08-16T03:34:25.854915Z,1568,246.1,0,OK,OK,OK
2026-08-16T03:34:31.374812Z,1566,246.1,0,OK,OK,OK
2026-08-16T03:34:36.890199Z,1578,246.1,0,OK,OK,OK
2026-08-16T03:34:42.379409Z,1569,246.2,0,OK,OK,OK
2026-08-16T03:34:47.892139Z,1569,246.2,0,OK,OK,OK
2026-08-16T03:34:53.378436Z,1566,246.1,0,OK,OK,OK
2026-08-16T03:34:58.915321Z,1570,246.2,0,OK,OK,OK
2026-08-16T03:35:04.445036Z,1557,246.2,0,OK,OK,OK
2026-08-16T03:35:09.953760Z,1567,246.2,0,OK,OK,OK
2026-08-16T03:35:15.462834Z,1567,245.9,0,OK,OK,OK
2026-08-16T03:35:20.971615Z,1571,246.1,0,OK,OK,OK
2026-08-16T03:35:26.474338Z,1587,246.1,0,OK,OK,OK
2026-08-16T03:35:31.976039Z,1568,246.1,0,OK,OK,OK
2026-08-16T03:35:37.510780Z,1566,246.1,0,OK,OK,OK
2026-08-16T03:35:43.026381Z,1571,246.1,0,OK,OK,OK
2026-08-16T03:35:48.534674Z,1566,246.1,0,OK,OK,OK
2026-08-16T03:35:54.075697Z,1569,246.1,0,OK,OK,OK
2026-08-16T03:35:59.593087Z,1568,246.1,0,OK,OK,OK
2026-08-16T03:36:05.090691Z,1570,246.1,0,OK,OK,OK
2026-08-16T03:36:10.605388Z,1562,245.4,0,OK,OK,OK
2026-08-16T03:36:16.120221Z,1570,245.2,0,OK,OK,OK
2026-08-16T03:36:21.653025Z,1555,245.1,0,OK,OK,OK
2026-08-16T03:36:27.159012Z,1571,245.2,0,OK,OK,OK
2026-08-16T03:36:32.658111Z,1557,245.2,0,OK,OK,OK
2026-08-16T03:36:38.158761Z,1742,245.1,0,OK,OK,OK
2026-08-16T03:36:43.661032Z,1664,245.2,0,OK,OK,OK
2026-08-16T03:36:49.183764Z,1662,245.2,0,OK,OK,OK
2026-08-16T03:36:54.675412Z,1670,245.2,0,OK,OK,OK
2026-08-16T03:37:00.207509Z,1664,245.1,0,OK,OK,OK
2026-08-16T03:37:05.708144Z,1678,245.1,0,OK,OK,OK
2026-08-16T03:37:11.221561Z,1677,245.1,0,OK,OK,OK
2026-08-16T03:37:16.760841Z,1667,245.1,0,OK,OK,OK
2026-08-16T03:37:22.271058Z,1690,245.0,0,OK,OK,OK
2026-08-16T03:37:27.781088Z,1667,245.1,0,OK,OK,OK
2026-08-16T03:37:33.275878Z,1664,245.1,0,OK,OK,OK
2026-08-16T03:37:38.802340Z,1664,245.1,0,OK,OK,OK
2026-08-16T03:37:44.341904Z,1658,245.1,0,OK,OK,OK
2026-08-16T03:37:49.875441Z,1654,245.1,0,OK,OK,OK
2026-08-16T03:37:55.369964Z,1648,245.1,0,OK,OK,OK
2026-08-16T03:38:00.889691Z,1646,245.1,0,OK,OK,OK
2026-08-16T03:38:06.363977Z,1645,245.1,0,OK,OK,OK
2026-08-16T03:38:11.881686Z,1650,245.1,0,OK,OK,OK
2026-08-16T03:38:17.386796Z,1646,245.1,0,OK,OK,OK
2026-08-16T03:38:22.888494Z,1643,245.1,0,OK,OK,OK
2026-08-16T03:38:28.404667Z,1634,245.1,0,OK,OK,OK
2026-08-16T03:38:33.942002Z,1640,245.1,0,OK,OK,OK
2026-08-16T03:38:39.449190Z,1629,245.3,0,OK,OK,OK
2026-08-16T03:38:44.984438Z,1630,245.3,0,OK,OK,OK
2026-08-16T03:38:50.510229Z,1630,245.3,0,OK,OK,OK
2026-08-16T03:38:56.016069Z,1638,245.3,0,OK,OK,OK
2026-08-16T03:39:01.536915Z,1615,245.3,0,OK,OK,OK
2026-08-16T03:39:07.069570Z,1631,245.3,0,OK,OK,OK
2026-08-16T03:39:12.514942Z,1626,245.3,0,OK,OK,OK
2026-08-16T03:39:18.014746Z,1631,245.3,0,OK,OK,OK
2026-08-16T03:39:23.536322Z,1627,245.3,0,OK,OK,OK
2026-08-16T03:39:29.061924Z,1629,245.3,0,OK,OK,OK
2026-08-16T03:39:34.593258Z,1626,245.2,0,OK,OK,OK
2026-08-16T03:39:40.126987Z,1627,245.3,0,OK,OK,OK
2026-08-16T03:39:45.617176Z,1625,245.3,0,OK,OK,OK
2026-08-16T03:39:51.136190Z,1631,245.4,0,OK,OK,OK
2026-08-16T03:39:56.615391Z,1624,245.3,0,OK,OK,OK
2026-08-16T03:40:02.114406Z,1628,245.3,0,OK,OK,OK
2026-08-16T03:40:07.646977Z,1625,245.3,0,OK,OK,OK
2026-08-16T03:40:13.128106Z,1631,245.3,0,OK,OK,OK
2026-08-16T03:40:18.673172Z,1621,245.3,0,OK,OK,OK
2026-08-16T03:40:24.208587Z,1632,245.3,0,OK,OK,OK
2026-08-16T03:40:29.694190Z,1625,245.5,0,OK,OK,OK
2026-08-16T03:40:35.142964Z,1627,245.5,0,OK,OK,OK
2026-08-16T03:40:40.655954Z,1625,245.5,0,OK,OK,OK
2026-08-16T03:40:46.128047Z,1629,245.6,0,OK,OK,OK
2026-08-16T03:40:51.630531Z,1623,245.6,0,OK,OK,OK
2026-08-16T03:40:57.091965Z,1624,245.4,0,OK,OK,OK
2026-08-16T03:41:02.608082Z,1621,245.5,0,OK,OK,OK
2026-08-16T03:41:08.105280Z,1638,245.4,0,OK,OK,OK
2026-08-16T03:41:13.657047Z,1628,245.6,0,OK,OK,OK
2026-08-16T03:41:19.149874Z,1627,245.5,0,OK,OK,OK
2026-08-16T03:41:24.663605Z,1622,245.5,0,OK,OK,OK
2026-08-16T03:41:30.146141Z,1624,245.6,0,OK,OK,OK
2026-08-16T03:41:35.666378Z,1626,245.6,0,OK,OK,OK
2026-08-16T03:41:41.141831Z,1625,245.5,0,OK,OK,OK
2026-08-16T03:41:46.683375Z,1622,245.4,0,OK,OK,OK
2026-08-16T03:41:52.169834Z,1624,245.6,0,OK,OK,OK
2026-08-16T03:41:57.680028Z,1627,245.6,0,OK,OK,OK
2026-08-16T03:42:03.182117Z,1628,245.6,0,OK,OK,OK
2026-08-16T03:42:08.707159Z,1640,245.6,0,OK,OK,OK
2026-08-16T03:42:14.226506Z,1646,245.6,0,OK,OK,OK
2026-08-16T03:42:19.768568Z,1629,245.6,0,OK,OK,OK
2026-08-16T03:42:25.256190Z,1629,245.6,0,OK,OK,OK
2026-08-16T03:42:30.756672Z,1629,245.6,0,OK,OK,OK
2026-08-16T03:42:36.254723Z,1630,245.4,0,OK,OK,OK
2026-08-16T03:42:41.806453Z,1630,245.6,0,OK,OK,OK
2026-08-16T03:42:47.312204Z,1639,245.6,0,OK,OK,OK
2026-08-16T03:42:52.809320Z,1628,245.7,0,OK,OK,OK
2026-08-16T03:42:58.310164Z,1626,245.6,0,OK,OK,OK
2026-08-16T03:43:03.811559Z,1627,245.6,0,OK,OK,OK
2026-08-16T03:43:09.305050Z,1642,245.6,0,OK,OK,OK
2026-08-16T03:43:14.805752Z,1626,246.2,0,OK,OK,OK
2026-08-16T03:43:20.329679Z,1626,246.2,0,OK,OK,OK
2026-08-16T03:43:25.836068Z,1625,246.2,0,OK,OK,OK
2026-08-16T03:43:31.330441Z,1636,246.4,0,OK,OK,OK
2026-08-16T03:43:36.834528Z,1657,246.4,0,OK,OK,OK
2026-08-16T03:43:42.366952Z,1626,246.3,0,OK,OK,OK
2026-08-16T03:43:47.897727Z,1630,246.4,0,OK,OK,OK
2026-08-16T03:43:53.406704Z,1625,246.2,0,OK,OK,OK
2026-08-16T03:43:58.921965Z,1632,246.2,0,OK,OK,OK
2026-08-16T03:44:04.438796Z,1629,246.3,0,OK,OK,OK
2026-08-16T03:44:09.947844Z,1630,246.3,0,OK,OK,OK
2026-08-16T03:44:15.482875Z,1633,246.5,0,OK,OK,OK
2026-08-16T03:44:20.957232Z,1632,246.3,0,OK,OK,OK
2026-08-16T03:44:26.491850Z,1628,246.3,0,OK,OK,OK
2026-08-16T03:44:31.969370Z,1633,246.4,0,OK,OK,OK
2026-08-16T03:44:37.524034Z,1637,246.3,0,OK,OK,OK
2026-08-16T03:44:43.020455Z,1636,246.6,0,OK,OK,OK
2026-08-16T03:44:48.556161Z,1632,246.6,0,OK,OK,OK
2026-08-16T03:44:54.083725Z,1638,246.7,0,OK,OK,OK
2026-08-16T03:44:59.612667Z,1636,246.8,0,OK,OK,OK
2026-08-16T03:45:05.122487Z,1641,246.8,0,OK,OK,OK
2026-08-16T03:45:10.630528Z,1636,246.7,0,OK,OK,OK
2026-08-16T03:45:16.120932Z,1639,246.8,0,OK,OK,OK
2026-08-16T03:45:21.615897Z,1634,246.6,0,OK,OK,OK
2026-08-16T03:45:27.107179Z,1639,246.6,0,OK,OK,OK
2026-08-16T03:45:32.608306Z,1619,246.7,0,OK,OK,OK
2026-08-16T03:45:38.074162Z,1640,246.5,0,OK,OK,OK
2026-08-16T03:45:43.580338Z,1633,246.6,0,OK,OK,OK
2026-08-16T03:45:49.038524Z,1633,246.5,0,OK,OK,OK
2026-08-16T03:45:54.561957Z,1634,246.6,0,OK,OK,OK
2026-08-16T03:46:00.020104Z,1632,246.5,0,OK,OK,OK
2026-08-16T03:46:05.563343Z,1632,246.5,0,OK,OK,OK
2026-08-16T03:46:11.047762Z,1628,246.5,0,OK,OK,OK
2026-08-16T03:46:16.567634Z,1630,246.5,0,OK,OK,OK
2026-08-16T03:46:22.060854Z,1635,246.7,0,OK,OK,OK
2026-08-16T03:46:27.586147Z,1644,246.6,0,OK,OK,OK
2026-08-16T03:46:33.073451Z,1636,246.5,0,OK,OK,OK
2026-08-16T03:46:38.554109Z,1634,246.5,0,OK,OK,OK
2026-08-16T03:46:44.076895Z,1632,246.5,0,OK,OK,OK
2026-08-16T03:46:49.565933Z,1629,246.5,0,OK,OK,OK
2026-08-16T03:46:55.063512Z,1629,246.5,0,OK,OK,OK
2026-08-16T03:47:00.585565Z,1635,246.6,0,OK,OK,OK
2026-08-16T03:47:06.079505Z,1642,246.6,0,OK,OK,OK
2026-08-16T03:47:11.614482Z,1645,246.6,0,OK,OK,OK
2026-08-16T03:47:17.189879Z,1639,246.6,0,OK,OK,OK
2026-08-16T03:47:22.667467Z,1620,246.7,0,OK,OK,OK
2026-08-16T03:47:28.175427Z,1631,246.6,0,OK,OK,OK
2026-08-16T03:47:33.667707Z,1630,246.6,0,OK,OK,OK
2026-08-16T03:47:39.146229Z,1624,246.5,0,OK,OK,OK
2026-08-16T03:47:44.650976Z,1634,246.5,0,OK,OK,OK
2026-08-16T03:47:50.144633Z,1628,246.5,0,OK,OK,OK
2026-08-16T03:47:55.668876Z,1632,246.5,0,OK,OK,OK
2026-08-16T03:48:01.178115Z,1629,246.6,0,OK,OK,OK
2026-08-16T03:48:06.668035Z,1625,246.5,0,OK,OK,OK
2026-08-16T03:48:12.205943Z,1631,246.5,0,OK,OK,OK
2026-08-16T03:48:17.716994Z,1775,246.6,0,OK,OK,OK
2026-08-16T03:48:23.239024Z,1743,246.7,0,OK,OK,OK
2026-08-16T03:48:28.785310Z,1754,246.6,0,OK,OK,OK
2026-08-16T03:48:34.289034Z,1744,246.6,0,OK,OK,OK
2026-08-16T03:48:39.825010Z,1755,246.6,0,OK,OK,OK
2026-08-16T03:48:45.335038Z,1747,246.6,0,OK,OK,OK
2026-08-16T03:48:50.871533Z,1746,246.6,0,OK,OK,OK
2026-08-16T03:48:56.398797Z,1742,246.5,0,OK,OK,OK
2026-08-16T03:49:01.918085Z,1748,246.6,0,OK,OK,OK
2026-08-16T03:49:07.449367Z,1756,246.7,0,OK,OK,OK
2026-08-16T03:49:12.990334Z,1753,246.6,0,OK,OK,OK
2026-08-16T03:49:18.497567Z,1753,246.6,0,OK,OK,OK
2026-08-16T03:49:24.020781Z,1763,246.6,0,OK,OK,OK
2026-08-16T03:49:29.509024Z,1752,246.6,0,OK,OK,OK
2026-08-16T03:49:35.013780Z,1756,246.6,0,OK,OK,OK
2026-08-16T03:49:40.494597Z,1641,246.7,0,OK,OK,OK
2026-08-16T03:49:45.957785Z,1648,246.6,0,OK,OK,OK
2026-08-16T03:49:51.497282Z,1637,246.5,0,OK,OK,OK
2026-08-16T03:49:56.989459Z,1647,246.5,0,OK,OK,OK
2026-08-16T03:50:02.485384Z,1627,246.7,0,OK,OK,OK
2026-08-16T03:50:07.993839Z,1643,246.6,0,OK,OK,OK
2026-08-16T03:50:13.525002Z,1626,246.5,0,OK,OK,OK
2026-08-16T03:50:19.030969Z,1648,246.6,0,OK,OK,OK
2026-08-16T03:50:24.562398Z,1625,246.5,0,OK,OK,OK
2026-08-16T03:50:30.064950Z,1643,246.5,0,OK,OK,OK
2026-08-16T03:50:35.590760Z,1626,246.5,0,OK,OK,OK
2026-08-16T03:50:41.107400Z,1631,246.6,0,OK,OK,OK
2026-08-16T03:50:46.587907Z,1646,246.5,0,OK,OK,OK
2026-08-16T03:50:52.123091Z,1632,246.5,0,OK,OK,OK
2026-08-16T03:50:57.646473Z,1648,246.5,0,OK,OK,OK
2026-08-16T03:51:03.148990Z,1630,246.5,0,OK,OK,OK
2026-08-16T03:51:08.639276Z,1632,246.5,0,OK,OK,OK
2026-08-16T03:51:14.149375Z,1644,246.6,0,OK,OK,OK
2026-08-16T03:51:19.651786Z,1627,246.6,0,OK,OK,OK
2026-08-16T03:51:25.144525Z,1631,246.7,0,OK,OK,OK
2026-08-16T03:51:30.635306Z,1641,246.7,0,OK,OK,OK
2026-08-16T03:51:36.234649Z,1641,246.5,0,OK,OK,OK
2026-08-16T03:51:41.745189Z,1638,246.5,0,OK,OK,OK
2026-08-16T03:51:47.251461Z,1648,246.5,0,OK,OK,OK
2026-08-16T03:51:52.767531Z,1626,246.5,0,OK,OK,OK
2026-08-16T03:51:58.279977Z,1631,246.7,0,OK,OK,OK
2026-08-16T03:52:03.786838Z,1640,246.6,0,OK,OK,OK
2026-08-16T03:52:09.303490Z,1652,246.6,0,OK,OK,OK
2026-08-16T03:52:14.798262Z,1648,246.8,0,OK,OK,OK
2026-08-16T03:52:20.290484Z,1643,246.8,0,OK,OK,OK
2026-08-16T03:52:25.781071Z,1624,246.8,0,OK,OK,OK
2026-08-16T03:52:31.240782Z,1618,246.7,0,OK,OK,OK
2026-08-16T03:52:36.721569Z,1650,246.7,0,OK,OK,OK
2026-08-16T03:52:42.205225Z,1641,246.6,0,OK,OK,OK
2026-08-16T03:52:47.717974Z,1655,246.7,0,OK,OK,OK
2026-08-16T03:52:53.217883Z,1632,246.7,0,OK,OK,OK
2026-08-16T03:52:58.761195Z,1629,246.8,0,OK,OK,OK
2026-08-16T03:53:04.246673Z,1638,246.7,0,OK,OK,OK
2026-08-16T03:53:09.764229Z,1628,246.6,0,OK,OK,OK
2026-08-16T03:53:15.259122Z,1629,246.7,0,OK,OK,OK
2026-08-16T03:53:20.841509Z,1616,246.8,0,OK,OK,OK
2026-08-16T03:53:26.319598Z,1631,246.7,0,OK,OK,OK
2026-08-16T03:53:31.804352Z,1630,246.8,0,OK,OK,OK
2026-08-16T03:53:37.331608Z,1622,246.8,0,OK,OK,OK
2026-08-16T03:53:42.851038Z,1634,246.8,0,OK,OK,OK
2026-08-16T03:53:48.328280Z,1632,246.8,0,OK,OK,OK
2026-08-16T03:53:53.848416Z,1634,246.8,0,OK,OK,OK
2026-08-16T03:53:59.343957Z,1638,246.8,0,OK,OK,OK
2026-08-16T03:54:04.876583Z,1618,246.8,0,OK,OK,OK
2026-08-16T03:54:10.372740Z,1617,246.8,0,OK,OK,OK
2026-08-16T03:54:15.906197Z,1632,246.7,0,OK,OK,OK
2026-08-16T03:54:21.411056Z,1616,246.8,0,OK,OK,OK
2026-08-16T03:54:26.937984Z,1616,246.8,0,OK,OK,OK
2026-08-16T03:54:32.448558Z,1647,246.7,0,OK,OK,OK
2026-08-16T03:54:37.943901Z,1660,246.7,0,OK,OK,OK
2026-08-16T03:54:43.465493Z,1632,246.7,0,OK,OK,OK
2026-08-16T03:54:49.002615Z,1630,246.7,0,OK,OK,OK
2026-08-16T03:54:54.546553Z,1628,246.8,0,OK,OK,OK
2026-08-16T03:55:00.058282Z,1631,246.8,0,OK,OK,OK
2026-08-16T03:55:05.559849Z,1625,246.6,0,OK,OK,OK
2026-08-16T03:55:11.079038Z,1637,246.7,0,OK,OK,OK
2026-08-16T03:55:16.584840Z,1623,246.5,0,OK,OK,OK
2026-08-16T03:55:22.102849Z,1628,246.6,0,OK,OK,OK
2026-08-16T03:55:27.596744Z,1630,246.6,0,OK,OK,OK
2026-08-16T03:55:33.122257Z,1617,246.6,0,OK,OK,OK
2026-08-16T03:55:38.626072Z,1629,246.7,0,OK,OK,OK
2026-08-16T03:55:44.132116Z,1632,246.7,0,OK,OK,OK
2026-08-16T03:55:49.656953Z,1643,246.7,0,OK,OK,OK
2026-08-16T03:55:55.152393Z,1630,246.7,0,OK,OK,OK
2026-08-16T03:56:00.659024Z,1616,246.6,0,OK,OK,OK
2026-08-16T03:56:06.157027Z,1632,246.7,0,OK,OK,OK
2026-08-16T03:56:11.664572Z,1639,246.6,0,OK,OK,OK
2026-08-16T03:56:17.185489Z,1635,246.7,0,OK,OK,OK
2026-08-16T03:56:22.683906Z,1616,246.8,0,OK,OK,OK
2026-08-16T03:56:28.174116Z,1622,246.6,0,OK,OK,OK
2026-08-16T03:56:33.688390Z,1614,245.5,0,OK,OK,OK
2026-08-16T03:56:39.195259Z,1634,245.8,0,OK,OK,OK
2026-08-16T03:56:44.716402Z,1620,245.8,0,OK,OK,OK
2026-08-16T03:56:50.235551Z,1608,245.8,0,OK,OK,OK
2026-08-16T03:56:55.754332Z,1605,245.7,0,OK,OK,OK
2026-08-16T03:57:01.255256Z,1606,245.8,0,OK,OK,OK
2026-08-16T03:57:06.761694Z,1671,245.8,0,OK,OK,OK
2026-08-16T03:57:12.301068Z,1646,245.7,0,OK,OK,OK
2026-08-16T03:57:17.786684Z,1637,245.7,0,OK,OK,OK
2026-08-16T03:57:23.228588Z,1640,245.7,0,OK,OK,OK
2026-08-16T03:57:28.760928Z,1623,245.7,0,OK,OK,OK
2026-08-16T03:57:34.221833Z,1634,245.6,0,OK,OK,OK
2026-08-16T03:57:39.745112Z,1633,245.7,0,OK,OK,OK
2026-08-16T03:57:45.184745Z,1637,245.6,0,OK,OK,OK
2026-08-16T03:57:50.688784Z,1627,245.6,0,OK,OK,OK
2026-08-16T03:57:56.166434Z,1628,245.6,0,OK,OK,OK
2026-08-16T03:58:01.674917Z,1632,245.7,0,OK,OK,OK
2026-08-16T03:58:07.178676Z,1629,245.6,0,OK,OK,OK
2026-08-16T03:58:12.695143Z,1618,245.7,0,OK,OK,OK
2026-08-16T03:58:18.190515Z,1635,245.7,0,OK,OK,OK
2026-08-16T03:58:23.686872Z,1628,245.7,0,OK,OK,OK
2026-08-16T03:58:29.187678Z,1625,245.7,0,OK,OK,OK
2026-08-16T03:58:34.714495Z,1617,245.7,0,OK,OK,OK
2026-08-16T03:58:40.200648Z,1622,245.7,0,OK,OK,OK
2026-08-16T03:58:45.718598Z,1635,245.8,0,OK,OK,OK
2026-08-16T03:58:51.229137Z,1630,245.7,0,OK,OK,OK
2026-08-16T03:58:56.753819Z,1623,245.7,0,OK,OK,OK
2026-08-16T03:59:02.241816Z,1628,245.8,0,OK,OK,OK
2026-08-16T03:59:07.763298Z,1626,245.8,0,OK,OK,OK
2026-08-16T03:59:13.313190Z,1620,245.7,0,OK,OK,OK
2026-08-16T03:59:18.815674Z,1614,245.5,0,OK,OK,OK
2026-08-16T03:59:24.314448Z,1625,245.4,0,OK,OK,OK
2026-08-16T03:59:29.834602Z,1625,245.5,0,OK,OK,OK
2026-08-16T03:59:35.342647Z,1622,245.5,0,OK,OK,OK
2026-08-16T03:59:40.854870Z,1613,245.5,0,OK,OK,OK
2026-08-16T03:59:46.355759Z,1613,245.6,0,OK,OK,OK
2026-08-16T03:59:51.878864Z,1628,245.6,0,OK,OK,OK
2026-08-16T03:59:57.335008Z,1624,245.6,0,OK,OK,OK
