Timestamp (UTC),Net Grid Power (W),Phase A Voltage (V),Hoymiles Active Power (W),Bridge Status,Meter Status,Hoymiles Status
2026-08-29T04:00:03.415487Z,1509,123.9,0,OK,OK,OK
2026-08-29T04:00:08.809411Z,1512,123.9,0,OK,OK,OK
2026-08-29T04:00:14.280674Z,1509,123.8,0,OK,OK,OK
2026-08-29T04:00:19.646461Z,1509,123.8,0,OK,OK,OK
2026-08-29T04:00:25.025184Z,1511,123.8,0,OK,OK,OK
2026-08-29T04:00:30.419405Z,1508,123.9,0,OK,OK,OK
2026-08-29T04:00:35.786024Z,1507,123.9,0,OK,OK,OK
2026-08-29T04:00:41.159934Z,1510,123.9,0,OK,OK,OK
2026-08-29T04:00:46.563072Z,1509,123.9,0,OK,OK,OK
2026-08-29T04:00:51.942641Z,1512,123.9,0,OK,OK,OK
2026-08-29T04:00:57.301376Z,1509,123.9,0,OK,OK,OK
2026-08-29T04:01:02.703140Z,1505,123.8,0,OK,OK,OK
2026-08-29T04:01:08.088861Z,1510,123.9,0,OK,OK,OK
2026-08-29T04:01:13.463741Z,1506,123.9,0,OK,OK,OK
2026-08-29T04:01:18.844871Z,1517,123.9,0,OK,OK,OK
2026-08-29T04:01:24.236918Z,1509,123.9,0,OK,OK,OK
2026-08-29T04:01:29.623381Z,1511,123.9,0,OK,OK,OK
2026-08-29T04:01:34.993312Z,1512,123.9,0,OK,OK,OK
2026-08-29T04:01:40.406422Z,1508,123.9,0,OK,OK,OK
2026-08-29T04:01:45.783375Z,1510,124.0,0,OK,OK,OK
2026-08-29T04:01:51.158292Z,1511,124.0,0,OK,OK,OK
2026-08-29T04:01:56.540148Z,1512,123.9,0,OK,OK,OK
2026-08-29T04:02:01.926596Z,1513,124.0,0,OK,OK,OK
2026-08-29T04:02:07.311451Z,1513,124.0,0,OK,OK,OK
2026-08-29T04:02:12.683540Z,1512,123.9,0,OK,OK,OK
2026-08-29T04:02:18.086175Z,1510,124.0,0,OK,OK,OK
2026-08-29T04:02:23.473402Z,1512,123.9,0,OK,OK,OK
2026-08-29T04:02:28.830519Z,1514,124.1,0,OK,OK,OK
2026-08-29T04:02:34.225855Z,1514,124.1,0,OK,OK,OK
2026-08-29T04:02:39.606099Z,1514,124.1,0,OK,OK,OK
2026-08-29T04:02:44.977462Z,1514,124.1,0,OK,OK,OK
2026-08-29T04:02:50.375369Z,1518,124.1,0,OK,OK,OK
2026-08-29T04:02:55.756656Z,1518,124.1,0,OK,OK,OK
2026-08-29T04:03:01.145540Z,1518,124.1,0,OK,OK,OK
2026-08-29T04:03:06.521473Z,1518,124.1,0,OK,OK,OK
2026-08-29T04:03:11.913598Z,1518,124.1,0,OK,OK,OK
2026-08-29T04:03:17.302686Z,0,,0,DEGRADED,OFFLINE,OK
2026-08-29T04:03:22.676031Z,0,,0,DEGRADED,OFFLINE,OK
2026-08-29T04:03:28.043582Z,0,,0,DEGRADED,OFFLINE,OK
2026-08-29T04:03:33.425026Z,1512,124.1,0,OK,OK,OK
2026-08-29T04:03:38.808033Z,1510,124.1,0,OK,OK,OK
2026-08-29T04:03:44.204675Z,1511,124.1,0,OK,OK,OK
2026-08-29T04:03:49.581695Z,1510,124.1,0,OK,OK,OK
2026-08-29T04:03:54.953857Z,1509,124.1,0,OK,OK,OK
2026-08-29T04:04:00.344816Z,1514,124.1,0,OK,OK,OK
2026-08-29T04:04:05.725428Z,1507,124.1,0,OK,OK,OK
2026-08-29T04:04:11.105925Z,1513,124.1,0,OK,OK,OK
2026-08-29T04:04:16.508903Z,1513,124.1,0,OK,OK,OK
2026-08-29T04:04:21.886076Z,1514,124.1,0,OK,OK,OK
2026-08-29T04:04:27.262002Z,1514,124.1,0,OK,OK,OK
2026-08-29T04:04:32.645836Z,1512,124.1,0,OK,OK,OK
2026-08-29T04:04:38.019126Z,1513,124.1,0,OK,OK,OK
2026-08-29T04:04:43.396220Z,1514,124.1,0,OK,OK,OK
2026-08-29T04:04:48.776165Z,1513,124.1,0,OK,OK,OK
2026-08-29T04:04:54.164531Z,1515,124.1,0,OK,OK,OK
2026-08-29T04:04:59.536223Z,1513,124.1,0,OK,OK,OK
2026-08-29T04:05:04.921654Z,1515,124.1,0,OK,OK,OK
2026-08-29T04:05:10.332396Z,1515,124.1,0,OK,OK,OK
2026-08-29T04:05:15.739271Z,1512,124.1,0,OK,OK,OK
2026-08-29T04:05:21.100560Z,1514,124.1,0,OK,OK,OK
2026-08-29T04:05:26.486724Z,1522,124.1,0,OK,OK,OK
2026-08-29T04:05:31.868095Z,1515,124.1,0,OK,OK,OK
2026-08-29T04:05:37.238561Z,1513,124.1,0,OK,OK,OK
2026-08-29T04:05:42.622211Z,1512,123.9,0,OK,OK,OK
2026-08-29T04:05:47.996629Z,1503,124.1,0,OK,OK,OK
2026-08-29T04:05:53.372432Z,1504,124.1,0,OK,OK,OK
2026-08-29T04:05:58.732501Z,1504,123.8,0,OK,OK,OK
2026-08-29T04:06:04.117979Z,1503,123.8,0,OK,OK,OK
2026-08-29T04:06:09.492548Z,1504,123.8,0,OK,OK,OK
2026-08-29T04:06:14.869889Z,1505,123.8,0,OK,OK,OK
2026-08-29T04:06:20.257238Z,1502,123.8,0,OK,OK,OK
2026-08-29T04:06:25.666548Z,1508,123.8,0,OK,OK,OK
2026-08-29T04:06:31.049955Z,1502,123.8,0,OK,OK,OK
2026-08-29T04:06:36.419510Z,1502,123.8,0,OK,OK,OK
2026-08-29T04:06:41.834959Z,1509,123.8,0,OK,OK,OK
2026-08-29T04:06:47.215470Z,1506,123.8,0,OK,OK,OK
2026-08-29T04:06:52.598988Z,1504,123.8,0,OK,OK,OK
2026-08-29T04:06:57.987526Z,1508,123.9,0,OK,OK,OK
2026-08-29T04:07:03.375251Z,1505,123.9,0,OK,OK,OK
2026-08-29T04:07:08.760011Z,1506,123.9,0,OK,OK,OK
2026-08-29T04:07:14.143203Z,1504,123.9,0,OK,OK,OK
2026-08-29T04:07:19.519053Z,1503,123.9,0,OK,OK,OK
2026-08-29T04:07:24.916455Z,1509,123.8,0,OK,OK,OK
2026-08-29T04:07:30.311755Z,1504,123.8,0,OK,OK,OK
2026-08-29T04:07:35.681818Z,1503,123.8,0,OK,OK,OK
2026-08-29T04:07:41.083991Z,1507,123.8,0,OK,OK,OK
2026-08-29T04:07:46.471287Z,1505,123.8,0,OK,OK,OK
2026-08-29T04:07:51.838031Z,1505,123.8,0,OK,OK,OK
2026-08-29T04:07:57.221977Z,1506,123.8,0,OK,OK,OK
2026-08-29T04:08:02.594845Z,1504,123.8,0,OK,OK,OK
2026-08-29T04:08:08.007894Z,1504,123.8,0,OK,OK,OK
2026-08-29T04:08:13.377538Z,1503,123.8,0,OK,OK,OK
2026-08-29T04:08:18.760489Z,1506,123.9,0,OK,OK,OK
2026-08-29T04:08:24.129198Z,1505,123.9,0,OK,OK,OK
2026-08-29T04:08:29.524556Z,1506,123.9,0,OK,OK,OK
2026-08-29T04:08:34.914293Z,1504,123.9,0,OK,OK,OK
2026-08-29T04:08:40.315801Z,1508,123.9,0,OK,OK,OK
2026-08-29T04:08:45.699049Z,1500,123.9,0,OK,OK,OK
2026-08-29T04:08:51.057255Z,1502,123.8,0,OK,OK,OK
2026-08-29T04:08:56.443716Z,1504,123.8,0,OK,OK,OK
2026-08-29T04:09:01.817094Z,1502,123.9,0,OK,OK,OK
2026-08-29T04:09:07.195786Z,1504,123.8,0,OK,OK,OK
2026-08-29T04:09:12.582166Z,1502,123.9,0,OK,OK,OK
2026-08-29T04:09:17.992463Z,1500,123.8,0,OK,OK,OK
2026-08-29T04:09:23.360413Z,1502,123.9,0,OK,OK,OK
2026-08-29T04:09:28.754931Z,1505,123.9,0,OK,OK,OK
2026-08-29T04:09:34.137120Z,1503,123.9,0,OK,OK,OK
2026-08-29T04:09:39.516357Z,1503,123.8,0,OK,OK,OK
2026-08-29T04:09:44.881387Z,1505,123.9,0,OK,OK,OK
2026-08-29T04:09:50.282624Z,1506,123.9,0,OK,OK,OK
2026-08-29T04:09:55.666195Z,1505,123.8,0,OK,OK,OK
2026-08-29T04:10:01.042668Z,1503,123.9,0,OK,OK,OK
2026-08-29T04:10:06.438208Z,1507,123.9,0,OK,OK,OK
2026-08-29T04:10:11.824041Z,1507,123.9,0,OK,OK,OK
2026-08-29T04:10:17.213422Z,1501,123.9,0,OK,OK,OK
2026-08-29T04:10:22.573655Z,1504,123.9,0,OK,OK,OK
2026-08-29T04:10:27.942623Z,1420,123.8,0,OK,OK,OK
2026-08-29T04:10:33.332837Z,1429,123.9,0,OK,OK,OK
2026-08-29T04:10:38.722739Z,1421,123.8,0,OK,OK,OK
2026-08-29T04:10:44.084598Z,1419,123.8,0,OK,OK,OK
2026-08-29T04:10:49.465122Z,1422,123.8,0,OK,OK,OK
2026-08-29T04:10:54.859994Z,1421,123.8,0,OK,OK,OK
2026-08-29T04:11:00.224909Z,1421,123.8,0,OK,OK,OK
2026-08-29T04:11:05.610199Z,1425,124.1,0,OK,OK,OK
2026-08-29T04:11:10.993506Z,1425,124.1,0,OK,OK,OK
2026-08-29T04:11:16.369148Z,1436,124.1,0,OK,OK,OK
2026-08-29T04:11:21.787781Z,1426,124.1,0,OK,OK,OK
2026-08-29T04:11:27.167334Z,1426,124.1,0,OK,OK,OK
2026-08-29T04:11:32.558650Z,1425,124.1,0,OK,OK,OK
2026-08-29T04:11:37.927451Z,1423,124.1,0,OK,OK,OK
2026-08-29T04:11:43.300261Z,1426,124.1,0,OK,OK,OK
2026-08-29T04:11:48.701188Z,1426,124.1,0,OK,OK,OK
2026-08-29T04:11:54.096265Z,1424,124.1,0,OK,OK,OK
2026-08-29T04:11:59.474784Z,1425,124.1,0,OK,OK,OK
2026-08-29T04:12:04.855404Z,1429,124.1,0,OK,OK,OK
2026-08-29T04:12:10.234405Z,1426,124.0,0,OK,OK,OK
2026-08-29T04:12:15.636854Z,1427,124.1,0,OK,OK,OK
2026-08-29T04:12:21.035882Z,1425,124.0,0,OK,OK,OK
2026-08-29T04:12:26.418329Z,1425,124.1,0,OK,OK,OK
2026-08-29T04:12:31.794603Z,1433,123.9,0,OK,OK,OK
2026-08-29T04:12:37.167031Z,1430,123.9,0,OK,OK,OK
2026-08-29T04:12:42.547391Z,1430,123.9,0,OK,OK,OK
2026-08-29T04:12:47.940160Z,1427,124.1,0,OK,OK,OK
2026-08-29T04:12:53.342598Z,1430,124.2,0,OK,OK,OK
2026-08-29T04:12:58.721288Z,1433,124.1,0,OK,OK,OK
2026-08-29T04:13:04.113439Z,1429,124.2,0,OK,OK,OK
2026-08-29T04:13:09.497403Z,1428,124.1,0,OK,OK,OK
2026-08-29T04:13:14.860885Z,1430,124.2,0,OK,OK,OK
2026-08-29T04:13:20.265205Z,1432,124.1,0,OK,OK,OK
2026-08-29T04:13:25.644097Z,1427,124.1,0,OK,OK,OK
2026-08-29T04:13:31.016161Z,1434,124.2,0,OK,OK,OK
2026-08-29T04:13:36.402497Z,1428,124.2,0,OK,OK,OK
2026-08-29T04:13:41.783419Z,1429,124.2,0,OK,OK,OK
2026-08-29T04:13:47.162396Z,1434,124.2,0,OK,OK,OK
2026-08-29T04:13:52.523814Z,1429,124.1,0,OK,OK,OK
2026-08-29T04:13:57.896871Z,1434,124.2,0,OK,OK,OK
2026-08-29T04:14:03.254661Z,1432,124.3,0,OK,OK,OK
2026-08-29T04:14:08.614795Z,1430,124.2,0,OK,OK,OK
2026-08-29T04:14:14.012224Z,1433,124.3,0,OK,OK,OK
2026-08-29T04:14:19.414791Z,1428,124.3,0,OK,OK,OK
2026-08-29T04:14:24.810568Z,1430,124.2,0,OK,OK,OK
2026-08-29T04:14:30.178547Z,1448,124.3,0,OK,OK,OK
2026-08-29T04:14:35.548814Z,1474,124.3,0,OK,OK,OK
2026-08-29T04:14:40.928908Z,1485,124.2,0,OK,OK,OK
2026-08-29T04:14:46.347262Z,1489,124.3,0,OK,OK,OK
2026-08-29T04:14:51.724166Z,1489,124.3,0,OK,OK,OK
2026-08-29T04:14:57.107462Z,1490,124.3,0,OK,OK,OK
2026-08-29T04:15:02.493336Z,1483,124.3,0,OK,OK,OK
2026-08-29T04:15:07.870161Z,1485,124.3,0,OK,OK,OK
2026-08-29T04:15:13.247920Z,1489,124.3,0,OK,OK,OK
2026-08-29T04:15:18.634405Z,1487,124.3,0,OK,OK,OK
2026-08-29T04:15:24.001859Z,1486,124.3,0,OK,OK,OK
2026-08-29T04:15:29.374358Z,1487,124.3,0,OK,OK,OK
2026-08-29T04:15:34.752498Z,1483,124.4,0,OK,OK,OK
2026-08-29T04:15:40.164665Z,1487,124.3,0,OK,OK,OK
2026-08-29T04:15:45.538692Z,1485,124.4,0,OK,OK,OK
2026-08-29T04:15:50.912483Z,1489,124.4,0,OK,OK,OK
2026-08-29T04:15:56.296727Z,1489,124.4,0,OK,OK,OK
2026-08-29T04:16:01.675662Z,1489,124.4,0,OK,OK,OK
2026-08-29T04:16:07.052603Z,1489,124.4,0,OK,OK,OK
2026-08-29T04:16:12.441153Z,1489,124.4,0,OK,OK,OK
2026-08-29T04:16:17.831894Z,0,,0,DEGRADED,OFFLINE,OK
2026-08-29T04:16:23.204912Z,0,,0,DEGRADED,OFFLINE,OK
2026-08-29T04:16:28.601333Z,0,,0,DEGRADED,OFFLINE,OK
2026-08-29T04:16:33.988672Z,1486,124.4,0,OK,OK,OK
2026-08-29T04:16:39.384129Z,1485,124.4,0,OK,OK,OK
2026-08-29T04:16:44.760623Z,1481,124.3,0,OK,OK,OK
2026-08-29T04:16:50.131572Z,1481,124.4,0,OK,OK,OK
2026-08-29T04:16:55.538400Z,1486,124.4,0,OK,OK,OK
2026-08-29T04:17:00.904423Z,1485,124.3,0,OK,OK,OK
2026-08-29T04:17:06.273230Z,1484,124.3,0,OK,OK,OK
2026-08-29T04:17:11.643828Z,1484,124.3,0,OK,OK,OK
2026-08-29T04:17:17.030463Z,1484,124.4,0,OK,OK,OK
2026-08-29T04:17:22.400729Z,1485,124.4,0,OK,OK,OK
2026-08-29T04:17:27.803269Z,1482,124.4,0,OK,OK,OK
2026-08-29T04:17:33.176480Z,1484,124.4,0,OK,OK,OK
2026-08-29T04:17:38.567070Z,1488,124.3,0,OK,OK,OK
2026-08-29T04:17:43.948722Z,1485,124.4,0,OK,OK,OK
2026-08-29T04:17:49.334735Z,1482,124.4,0,OK,OK,OK
2026-08-29T04:17:54.718746Z,1486,124.4,0,OK,OK,OK
2026-08-29T04:18:00.090130Z,1486,124.4,0,OK,OK,OK
2026-08-29T04:18:05.460688Z,1488,124.4,0,OK,OK,OK
2026-08-29T04:18:10.847071Z,1486,124.4,0,OK,OK,OK
2026-08-29T04:18:16.227213Z,1486,124.4,0,OK,OK,OK
2026-08-29T04:18:21.636103Z,1483,124.4,0,OK,OK,OK
2026-08-29T04:18:27.022575Z,1480,124.4,0,OK,OK,OK
2026-08-29T04:18:32.397178Z,1481,124.4,0,OK,OK,OK
2026-08-29T04:18:37.771748Z,1486,124.4,0,OK,OK,OK
2026-08-29T04:18:43.162897Z,1488,124.4,0,OK,OK,OK
2026-08-29T04:18:48.544893Z,1484,124.4,0,OK,OK,OK
2026-08-29T04:18:53.929903Z,1487,124.4,0,OK,OK,OK
2026-08-29T04:18:59.312464Z,1485,124.4,0,OK,OK,OK
2026-08-29T04:19:04.689089Z,1484,124.4,0,OK,OK,OK
2026-08-29T04:19:10.073676Z,1488,124.3,0,OK,OK,OK
2026-08-29T04:19:15.459128Z,1484,124.3,0,OK,OK,OK
2026-08-29T04:19:20.840477Z,1483,124.3,0,OK,OK,OK
2026-08-29T04:19:26.221439Z,1487,124.3,0,OK,OK,OK
2026-08-29T04:19:31.589101Z,1483,124.3,0,OK,OK,OK
2026-08-29T04:19:36.980738Z,1484,124.3,0,OK,OK,OK
2026-08-29T04:19:42.354020Z,1484,124.3,0,OK,OK,OK
2026-08-29T04:19:47.752681Z,1484,124.3,0,OK,OK,OK
2026-08-29T04:19:53.109962Z,1484,124.3,0,OK,OK,OK
2026-08-29T04:19:58.490990Z,1484,124.3,0,OK,OK,OK
2026-08-29T04:20:03.868225Z,1482,124.3,0,OK,OK,OK
2026-08-29T04:20:09.254625Z,1485,124.2,0,OK,OK,OK
2026-08-29T04:20:14.641213Z,1485,124.3,0,OK,OK,OK
2026-08-29T04:20:20.043656Z,1484,124.3,0,OK,OK,OK
2026-08-29T04:20:25.417410Z,1482,124.3,0,OK,OK,OK
2026-08-29T04:20:30.808480Z,1485,124.3,0,OK,OK,OK
2026-08-29T04:20:36.182286Z,1487,124.3,0,OK,OK,OK
2026-08-29T04:20:41.580321Z,1486,124.3,0,OK,OK,OK
2026-08-29T04:20:46.963534Z,1486,124.4,0,OK,OK,OK
2026-08-29T04:20:52.387975Z,1486,124.4,0,OK,OK,OK
2026-08-29T04:20:57.766724Z,1486,124.4,0,OK,OK,OK
2026-08-29T04:21:03.161289Z,1490,124.4,0,OK,OK,OK
2026-08-29T04:21:08.566170Z,1488,124.3,0,OK,OK,OK
2026-08-29T04:21:13.985517Z,1483,124.4,0,OK,OK,OK
2026-08-29T04:21:19.379043Z,1488,124.4,0,OK,OK,OK
2026-08-29T04:21:24.747827Z,1489,124.4,0,OK,OK,OK
2026-08-29T04:21:30.128929Z,1488,124.4,0,OK,OK,OK
2026-08-29T04:21:35.521053Z,1484,124.4,0,OK,OK,OK
2026-08-29T04:21:40.893970Z,1485,124.4,0,OK,OK,OK
2026-08-29T04:21:46.264307Z,1483,124.4,0,OK,OK,OK
2026-08-29T04:21:51.645981Z,1483,124.4,0,OK,OK,OK
2026-08-29T04:21:57.027784Z,1484,124.4,0,OK,OK,OK
2026-08-29T04:22:02.402929Z,1485,124.4,0,OK,OK,OK
2026-08-29T04:22:07.789609Z,1485,124.4,0,OK,OK,OK
2026-08-29T04:22:13.163830Z,1484,124.4,0,OK,OK,OK
2026-08-29T04:22:18.554505Z,1485,124.4,0,OK,OK,OK
2026-08-29T04:22:23.931480Z,1488,124.1,0,OK,OK,OK
2026-08-29T04:22:29.343820Z,1491,124.2,0,OK,OK,OK
2026-08-29T04:22:34.727544Z,1485,124.2,0,OK,OK,OK
2026-08-29T04:22:40.092149Z,1487,124.2,0,OK,OK,OK
2026-08-29T04:22:45.500385Z,1482,124.4,0,OK,OK,OK
2026-08-29T04:22:50.903967Z,1487,124.5,0,OK,OK,OK
2026-08-29T04:22:56.274343Z,1484,124.4,0,OK,OK,OK
2026-08-29T04:23:01.653345Z,1488,124.4,0,OK,OK,OK
2026-08-29T04:23:07.025111Z,1485,124.4,0,OK,OK,OK
2026-08-29T04:23:12.402429Z,1483,124.4,0,OK,OK,OK
2026-08-29T04:23:17.770313Z,1486,124.4,0,OK,OK,OK
2026-08-29T04:23:23.153472Z,1486,124.5,0,OK,OK,OK
2026-08-29T04:23:28.523015Z,1485,124.5,0,OK,OK,OK
2026-08-29T04:23:33.909468Z,1039,124.3,0,OK,OK,OK
2026-08-29T04:23:39.291001Z,1036,124.4,0,OK,OK,OK
2026-08-29T04:23:44.666369Z,1042,124.4,0,OK,OK,OK
2026-08-29T04:23:50.069054Z,1037,124.4,0,OK,OK,OK
2026-08-29T04:23:55.432169Z,1037,124.4,0,OK,OK,OK
2026-08-29T04:24:00.818679Z,1039,124.4,0,OK,OK,OK
2026-08-29T04:24:06.212636Z,1039,124.4,0,OK,OK,OK
2026-08-29T04:24:11.583242Z,1037,124.4,0,OK,OK,OK
2026-08-29T04:24:16.985622Z,1038,124.4,0,OK,OK,OK
2026-08-29T04:24:22.372200Z,1038,124.4,0,OK,OK,OK
2026-08-29T04:24:27.758700Z,1039,124.4,0,OK,OK,OK
2026-08-29T04:24:33.161328Z,1038,124.5,0,OK,OK,OK
2026-08-29T04:24:38.536683Z,1039,124.4,0,OK,OK,OK
2026-08-29T04:24:43.904733Z,1041,124.5,0,OK,OK,OK
2026-08-29T04:24:49.305000Z,1036,124.5,0,OK,OK,OK
2026-08-29T04:24:54.686963Z,1039,124.5,0,OK,OK,OK
2026-08-29T04:25:00.078027Z,1037,124.5,0,OK,OK,OK
2026-08-29T04:25:05.456529Z,1038,124.5,0,OK,OK,OK
2026-08-29T04:25:10.816924Z,1040,124.4,0,OK,OK,OK
2026-08-29T04:25:16.218711Z,1041,124.5,0,OK,OK,OK
2026-08-29T04:25:21.590966Z,1034,124.4,0,OK,OK,OK
2026-08-29T04:25:26.971108Z,1041,124.5,0,OK,OK,OK
2026-08-29T04:25:32.365720Z,1036,124.4,0,OK,OK,OK
2026-08-29T04:25:37.744217Z,1035,124.4,0,OK,OK,OK
2026-08-29T04:25:43.129728Z,1035,124.5,0,OK,OK,OK
2026-08-29T04:25:48.525561Z,1038,124.5,0,OK,OK,OK
2026-08-29T04:25:53.923366Z,1041,124.4,0,OK,OK,OK
2026-08-29T04:25:59.305382Z,1040,124.4,0,OK,OK,OK
2026-08-29T04:26:04.685417Z,1038,124.4,0,OK,OK,OK
2026-08-29T04:26:10.068395Z,1041,124.4,0,OK,OK,OK
2026-08-29T04:26:15.438945Z,1035,124.4,0,OK,OK,OK
2026-08-29T04:26:20.836108Z,1036,124.4,0,OK,OK,OK
2026-08-29T04:26:26.219540Z,1039,124.4,0,OK,OK,OK
2026-08-29T04:26:31.592049Z,1038,124.4,0,OK,OK,OK
2026-08-29T04:26:36.989527Z,1041,124.4,0,OK,OK,OK
2026-08-29T04:26:42.371704Z,1038,124.4,0,OK,OK,OK
2026-08-29T04:26:47.760678Z,1038,124.4,0,OK,OK,OK
2026-08-29T04:26:53.165624Z,1042,124.4,0,OK,OK,OK
2026-08-29T04:26:58.570749Z,1037,124.3,0,OK,OK,OK
2026-08-29T04:27:03.935741Z,1036,124.4,0,OK,OK,OK
2026-08-29T04:27:09.315650Z,1040,124.4,0,OK,OK,OK
2026-08-29T04:27:14.737449Z,1034,124.4,0,OK,OK,OK
2026-08-29T04:27:20.122966Z,1037,124.3,0,OK,OK,OK
2026-08-29T04:27:25.501070Z,1040,124.3,0,OK,OK,OK
2026-08-29T04:27:30.879640Z,1038,124.3,0,OK,OK,OK
2026-08-29T04:27:36.277917Z,1038,124.3,0,OK,OK,OK
2026-08-29T04:27:41.648385Z,1038,124.4,0,OK,OK,OK
2026-08-29T04:27:47.027195Z,1037,124.3,0,OK,OK,OK
2026-08-29T04:27:52.421506Z,1038,124.3,0,OK,OK,OK
2026-08-29T04:27:57.807963Z,1037,124.3,0,OK,OK,OK
2026-08-29T04:28:03.178575Z,1038,124.3,0,OK,OK,OK
2026-08-29T04:28:08.554031Z,1125,124.3,0,OK,OK,OK
2026-08-29T04:28:13.942980Z,1137,124.3,0,OK,OK,OK
2026-08-29T04:28:19.334543Z,1145,124.3,0,OK,OK,OK
2026-08-29T04:28:24.692689Z,1150,124.4,0,OK,OK,OK
2026-08-29T04:28:30.079171Z,1146,124.4,0,OK,OK,OK
2026-08-29T04:28:35.481710Z,1150,124.4,0,OK,OK,OK
2026-08-29T04:28:40.848292Z,1149,124.4,0,OK,OK,OK
2026-08-29T04:28:46.221815Z,1148,124.4,0,OK,OK,OK
2026-08-29T04:28:51.609491Z,1149,124.3,0,OK,OK,OK
2026-08-29T04:28:57.009531Z,1144,124.4,0,OK,OK,OK
2026-08-29T04:29:02.414519Z,1146,124.4,0,OK,OK,OK
2026-08-29T04:29:07.797186Z,1142,124.4,0,OK,OK,OK
2026-08-29T04:29:13.198399Z,1142,124.3,0,OK,OK,OK
2026-08-29T04:29:18.589999Z,1138,124.3,0,OK,OK,OK
2026-08-29T04:29:23.970559Z,1137,124.3,0,OK,OK,OK
2026-08-29T04:29:29.350987Z,1135,124.3,0,OK,OK,OK
2026-08-29T04:29:34.738440Z,1134,124.3,0,OK,OK,OK
2026-08-29T04:29:40.103954Z,1132,124.3,0,OK,OK,OK
2026-08-29T04:29:45.474511Z,1130,124.3,0,OK,OK,OK
2026-08-29T04:29:50.845201Z,1130,124.3,0,OK,OK,OK
2026-08-29T04:29:56.217024Z,1132,124.3,0,OK,OK,OK
2026-08-29T04:30:01.602285Z,1131,124.3,0,OK,OK,OK
2026-08-29T04:30:06.994751Z,1126,124.3,0,OK,OK,OK
2026-08-29T04:30:12.407203Z,1122,124.3,0,OK,OK,OK
2026-08-29T04:30:17.791240Z,1120,124.3,0,OK,OK,OK
2026-08-29T04:30:23.181035Z,1122,124.4,0,OK,OK,OK
2026-08-29T04:30:28.572463Z,1123,124.4,0,OK,OK,OK
2026-08-29T04:30:33.936641Z,1125,124.3,0,OK,OK,OK
2026-08-29T04:30:39.325367Z,1122,124.3,0,OK,OK,OK
2026-08-29T04:30:44.695207Z,1126,124.3,0,OK,OK,OK
2026-08-29T04:30:50.065213Z,1120,124.4,0,OK,OK,OK
2026-08-29T04:30:55.438146Z,1122,124.4,0,OK,OK,OK
2026-08-29T04:31:00.822357Z,1121,124.3,0,OK,OK,OK
2026-08-29T04:31:06.208959Z,1123,124.3,0,OK,OK,OK
2026-08-29T04:31:11.579414Z,1122,124.3,0,OK,OK,OK
2026-08-29T04:31:16.997990Z,1131,124.4,0,OK,OK,OK
2026-08-29T04:31:22.387406Z,1120,124.4,0,OK,OK,OK
2026-08-29T04:31:27.771107Z,1125,124.4,0,OK,OK,OK
2026-08-29T04:31:33.152316Z,1123,124.4,0,OK,OK,OK
2026-08-29T04:31:38.530824Z,1124,124.4,0,OK,OK,OK
2026-08-29T04:31:43.934109Z,1124,124.4,0,OK,OK,OK
2026-08-29T04:31:49.312534Z,1124,124.4,0,OK,OK,OK
2026-08-29T04:31:54.702649Z,1124,124.4,0,OK,OK,OK
2026-08-29T04:32:00.082835Z,1124,124.4,0,OK,OK,OK
2026-08-29T04:32:05.455036Z,1124,124.4,0,OK,OK,OK
2026-08-29T04:32:10.830775Z,0,,0,DEGRADED,OFFLINE,OK
2026-08-29T04:32:16.241269Z,0,,0,DEGRADED,OFFLINE,OK
2026-08-29T04:32:21.631774Z,0,,0,DEGRADED,OFFLINE,OK
2026-08-29T04:32:27.002252Z,1124,124.2,0,OK,OK,OK
2026-08-29T04:32:32.384165Z,1121,124.3,0,OK,OK,OK
2026-08-29T04:32:37.776287Z,1125,124.2,0,OK,OK,OK
2026-08-29T04:32:43.150439Z,1120,124.1,0,OK,OK,OK
2026-08-29T04:32:48.513239Z,1125,124.1,0,OK,OK,OK
2026-08-29T04:32:53.906686Z,1124,124.1,0,OK,OK,OK
2026-08-29T04:32:59.288316Z,1122,124.0,0,OK,OK,OK
2026-08-29T04:33:04.654122Z,1119,123.9,0,OK,OK,OK
2026-08-29T04:33:10.031870Z,1119,123.9,0,OK,OK,OK
2026-08-29T04:33:15.433492Z,1123,124.0,0,OK,OK,OK
2026-08-29T04:33:20.819624Z,1122,124.1,0,OK,OK,OK
2026-08-29T04:33:26.190233Z,1124,124.0,0,OK,OK,OK
2026-08-29T04:33:31.592725Z,1123,124.0,0,OK,OK,OK
2026-08-29T04:33:37.011185Z,1126,124.0,0,OK,OK,OK
2026-08-29T04:33:42.397840Z,1121,124.1,0,OK,OK,OK
2026-08-29T04:33:47.782266Z,1122,124.1,0,OK,OK,OK
2026-08-29T04:33:53.170683Z,1123,124.1,0,OK,OK,OK
2026-08-29T04:33:58.538292Z,1126,124.0,0,OK,OK,OK
2026-08-29T04:34:03.902485Z,1128,124.0,0,OK,OK,OK
2026-08-29T04:34:09.303070Z,1126,124.0,0,OK,OK,OK
2026-08-29T04:34:14.692979Z,1128,124.0,0,OK,OK,OK
2026-08-29T04:34:20.081175Z,1127,124.1,0,OK,OK,OK
2026-08-29T04:34:25.466795Z,1126,124.1,0,OK,OK,OK
2026-08-29T04:34:30.850594Z,1127,124.1,0,OK,OK,OK
2026-08-29T04:34:36.229208Z,1124,124.1,0,OK,OK,OK
2026-08-29T04:34:41.620009Z,1124,124.1,0,OK,OK,OK
2026-08-29T04:34:46.996059Z,1128,124.1,0,OK,OK,OK
2026-08-29T04:34:52.371301Z,1128,124.1,0,OK,OK,OK
2026-08-29T04:34:57.765072Z,1124,124.0,0,OK,OK,OK
2026-08-29T04:35:03.144298Z,1129,124.1,0,OK,OK,OK
2026-08-29T04:35:08.514775Z,1126,124.1,0,OK,OK,OK
2026-08-29T04:35:13.917259Z,1122,124.1,0,OK,OK,OK
2026-08-29T04:35:19.278910Z,1126,124.1,0,OK,OK,OK
2026-08-29T04:35:24.657907Z,1124,124.1,0,OK,OK,OK
2026-08-29T04:35:30.035408Z,1124,124.1,0,OK,OK,OK
2026-08-29T04:35:35.415262Z,1123,124.1,0,OK,OK,OK
2026-08-29T04:35:40.785711Z,1120,124.1,0,OK,OK,OK
2026-08-29T04:35:46.165475Z,1121,124.1,0,OK,OK,OK
2026-08-29T04:35:51.542884Z,1121,124.1,0,OK,OK,OK
2026-08-29T04:35:56.924541Z,1120,124.1,0,OK,OK,OK
2026-08-29T04:36:02.304168Z,1124,124.1,0,OK,OK,OK
2026-08-29T04:36:07.680863Z,1122,124.1,0,OK,OK,OK
2026-08-29T04:36:13.084994Z,1123,124.1,0,OK,OK,OK
2026-08-29T04:36:18.475056Z,1133,124.1,0,OK,OK,OK
2026-08-29T04:36:23.876742Z,1126,124.1,0,OK,OK,OK
2026-08-29T04:36:29.287378Z,1124,124.1,0,OK,OK,OK
2026-08-29T04:36:34.656518Z,1123,124.1,0,OK,OK,OK
2026-08-29T04:36:40.023246Z,1124,124.1,0,OK,OK,OK
2026-08-29T04:36:45.420976Z,1129,124.1,0,OK,OK,OK
2026-08-29T04:36:50.805115Z,1126,124.1,0,OK,OK,OK
2026-08-29T04:36:56.167529Z,1126,124.1,0,OK,OK,OK
2026-08-29T04:37:01.558873Z,1126,124.1,0,OK,OK,OK
2026-08-29T04:37:06.937434Z,1125,124.1,0,OK,OK,OK
2026-08-29T04:37:12.328196Z,1122,124.1,0,OK,OK,OK
2026-08-29T04:37:17.736160Z,1124,124.1,0,OK,OK,OK
2026-08-29T04:37:23.144704Z,1127,124.1,0,OK,OK,OK
2026-08-29T04:37:28.529800Z,1125,124.1,0,OK,OK,OK
2026-08-29T04:37:33.913534Z,1122,124.1,0,OK,OK,OK
2026-08-29T04:37:39.290336Z,1124,124.1,0,OK,OK,OK
2026-08-29T04:37:44.682622Z,1127,124.0,0,OK,OK,OK
2026-08-29T04:37:50.057217Z,1126,124.1,0,OK,OK,OK
2026-08-29T04:37:55.439455Z,1126,124.1,0,OK,OK,OK
2026-08-29T04:38:00.806728Z,1124,124.1,0,OK,OK,OK
2026-08-29T04:38:06.188871Z,1121,124.1,0,OK,OK,OK
2026-08-29T04:38:11.556306Z,1126,124.1,0,OK,OK,OK
2026-08-29T04:38:16.945965Z,1125,124.1,0,OK,OK,OK
2026-08-29T04:38:22.314472Z,1120,124.2,0,OK,OK,OK
2026-08-29T04:38:27.687845Z,1122,124.1,0,OK,OK,OK
2026-08-29T04:38:33.065437Z,1118,124.2,0,OK,OK,OK
2026-08-29T04:38:38.470097Z,1118,124.2,0,OK,OK,OK
2026-08-29T04:38:43.864871Z,1123,124.1,0,OK,OK,OK
2026-08-29T04:38:49.266288Z,1120,124.1,0,OK,OK,OK
2026-08-29T04:38:54.659450Z,1120,124.2,0,OK,OK,OK
2026-08-29T04:39:00.035452Z,1118,124.2,0,OK,OK,OK
2026-08-29T04:39:05.424821Z,1120,124.2,0,OK,OK,OK
2026-08-29T04:39:10.816942Z,1127,124.2,0,OK,OK,OK
2026-08-29T04:39:16.210968Z,1123,124.2,0,OK,OK,OK
2026-08-29T04:39:21.604191Z,1122,124.2,0,OK,OK,OK
2026-08-29T04:39:26.983696Z,1129,124.2,0,OK,OK,OK
2026-08-29T04:39:32.372139Z,1122,124.2,0,OK,OK,OK
2026-08-29T04:39:37.790400Z,1123,124.2,0,OK,OK,OK
2026-08-29T04:39:43.156939Z,1123,124.2,0,OK,OK,OK
2026-08-29T04:39:48.544951Z,1122,124.1,0,OK,OK,OK
2026-08-29T04:39:53.919502Z,1122,124.2,0,OK,OK,OK
2026-08-29T04:39:59.305005Z,1125,124.2,0,OK,OK,OK
2026-08-29T04:40:04.670969Z,1122,124.3,0,OK,OK,OK
2026-08-29T04:40:10.071444Z,1127,124.2,0,OK,OK,OK
2026-08-29T04:40:15.449763Z,1120,124.3,0,OK,OK,OK
2026-08-29T04:40:20.815771Z,1119,124.3,0,OK,OK,OK
2026-08-29T04:40:26.206187Z,1124,124.3,0,OK,OK,OK
2026-08-29T04:40:31.577579Z,1126,124.3,0,OK,OK,OK
2026-08-29T04:40:36.967202Z,1121,124.3,0,OK,OK,OK
2026-08-29T04:40:42.334641Z,1119,124.2,0,OK,OK,OK
2026-08-29T04:40:47.725045Z,1120,124.2,0,OK,OK,OK
2026-08-29T04:40:53.108795Z,1119,124.2,0,OK,OK,OK
2026-08-29T04:40:58.482643Z,1120,124.2,0,OK,OK,OK
2026-08-29T04:41:03.867794Z,1121,124.2,0,OK,OK,OK
2026-08-29T04:41:09.251110Z,1123,124.2,0,OK,OK,OK
2026-08-29T04:41:14.659923Z,1119,124.2,0,OK,OK,OK
2026-08-29T04:41:20.023609Z,1123,124.1,0,OK,OK,OK
2026-08-29T04:41:25.404650Z,1116,124.1,0,OK,OK,OK
2026-08-29T04:41:30.780767Z,1119,124.2,0,OK,OK,OK
2026-08-29T04:41:36.151234Z,1118,124.1,0,OK,OK,OK
2026-08-29T04:41:41.549315Z,1118,124.1,0,OK,OK,OK
2026-08-29T04:41:46.956092Z,1119,124.1,0,OK,OK,OK
2026-08-29T04:41:52.342520Z,1120,124.1,0,OK,OK,OK
2026-08-29T04:41:57.713042Z,1117,124.1,0,OK,OK,OK
2026-08-29T04:42:03.096478Z,1119,124.1,0,OK,OK,OK
2026-08-29T04:42:08.481517Z,1121,124.1,0,OK,OK,OK
2026-08-29T04:42:13.864826Z,1118,124.1,0,OK,OK,OK
2026-08-29T04:42:19.265194Z,1121,124.1,0,OK,OK,OK
2026-08-29T04:42:24.637636Z,1120,124.0,0,OK,OK,OK
2026-08-29T04:42:30.027123Z,1120,124.0,0,OK,OK,OK
2026-08-29T04:42:35.387486Z,1119,124.0,0,OK,OK,OK
2026-08-29T04:42:40.782587Z,1120,124.0,0,OK,OK,OK
2026-08-29T04:42:46.189068Z,1120,124.0,0,OK,OK,OK
2026-08-29T04:42:51.577340Z,1120,124.0,0,OK,OK,OK
2026-08-29T04:42:56.947832Z,1121,124.0,0,OK,OK,OK
2026-08-29T04:43:02.318308Z,1120,124.0,0,OK,OK,OK
2026-08-29T04:43:07.688809Z,1124,123.9,0,OK,OK,OK
2026-08-29T04:43:13.063265Z,1123,123.9,0,OK,OK,OK
2026-08-29T04:43:18.443887Z,1120,123.5,0,OK,OK,OK
2026-08-29T04:43:23.846305Z,1115,123.9,0,OK,OK,OK
2026-08-29T04:43:29.233916Z,1119,123.9,0,OK,OK,OK
2026-08-29T04:43:34.603170Z,1116,123.9,0,OK,OK,OK
2026-08-29T04:43:39.990094Z,1117,123.9,0,OK,OK,OK
2026-08-29T04:43:45.373768Z,1115,123.9,0,OK,OK,OK
2026-08-29T04:43:50.741571Z,1112,123.8,0,OK,OK,OK
2026-08-29T04:43:56.130560Z,1116,123.5,0,OK,OK,OK
2026-08-29T04:44:01.505050Z,1115,123.4,0,OK,OK,OK
2026-08-29T04:44:06.886550Z,1122,123.4,0,OK,OK,OK
2026-08-29T04:44:12.263834Z,1116,123.4,0,OK,OK,OK
2026-08-29T04:44:17.649368Z,1118,123.4,0,OK,OK,OK
2026-08-29T04:44:23.035457Z,1119,123.4,0,OK,OK,OK
2026-08-29T04:44:28.422051Z,1114,123.4,0,OK,OK,OK
2026-08-29T04:44:33.792840Z,1115,123.4,0,OK,OK,OK
2026-08-29T04:44:39.172402Z,1117,123.4,0,OK,OK,OK
2026-08-29T04:44:44.564568Z,1114,123.4,0,OK,OK,OK
2026-08-29T04:44:49.952499Z,1117,123.3,0,OK,OK,OK
2026-08-29T04:44:55.323087Z,1116,123.2,0,OK,OK,OK
2026-08-29T04:45:00.701323Z,1114,123.4,0,OK,OK,OK
2026-08-29T04:45:06.074034Z,1116,123.4,0,OK,OK,OK
2026-08-29T04:45:11.481743Z,1116,123.3,0,OK,OK,OK
2026-08-29T04:45:16.872061Z,1119,123.3,0,OK,OK,OK
2026-08-29T04:45:22.249269Z,1118,123.3,0,OK,OK,OK
2026-08-29T04:45:27.611600Z,1117,123.3,0,OK,OK,OK
2026-08-29T04:45:33.024809Z,1116,123.3,0,OK,OK,OK
2026-08-29T04:45:38.424119Z,1117,123.3,0,OK,OK,OK
2026-08-29T04:45:43.782841Z,1119,123.3,0,OK,OK,OK
2026-08-29T04:45:49.156035Z,1120,123.3,0,OK,OK,OK
2026-08-29T04:45:54.558608Z,1118,123.3,0,OK,OK,OK
2026-08-29T04:45:59.945095Z,1253,123.3,0,OK,OK,OK
2026-08-29T04:46:05.322184Z,1240,123.3,0,OK,OK,OK
2026-08-29T04:46:10.706110Z,1242,123.3,0,OK,OK,OK
2026-08-29T04:46:16.078028Z,1254,123.4,0,OK,OK,OK
2026-08-29T04:46:21.459242Z,1244,123.4,0,OK,OK,OK
2026-08-29T04:46:26.836939Z,1239,123.3,0,OK,OK,OK
2026-08-29T04:46:32.244811Z,1242,123.3,0,OK,OK,OK
2026-08-29T04:46:37.618891Z,1241,123.3,0,OK,OK,OK
2026-08-29T04:46:42.971805Z,1238,123.3,0,OK,OK,OK
2026-08-29T04:46:48.374140Z,1240,123.3,0,OK,OK,OK
2026-08-29T04:46:53.754069Z,1239,123.3,0,OK,OK,OK
2026-08-29T04:46:59.132176Z,1239,123.3,0,OK,OK,OK
2026-08-29T04:47:04.519741Z,1238,123.3,0,OK,OK,OK
2026-08-29T04:47:09.891162Z,1240,123.3,0,OK,OK,OK
2026-08-29T04:47:15.276449Z,1235,123.3,0,OK,OK,OK
2026-08-29T04:47:20.663098Z,1238,123.3,0,OK,OK,OK
2026-08-29T04:47:26.038000Z,1124,123.2,0,OK,OK,OK
2026-08-29T04:47:31.420167Z,1127,123.2,0,OK,OK,OK
2026-08-29T04:47:36.799729Z,1124,123.2,0,OK,OK,OK
2026-08-29T04:47:42.193213Z,1127,123.3,0,OK,OK,OK
2026-08-29T04:47:47.579741Z,1126,123.3,0,OK,OK,OK
2026-08-29T04:47:52.954241Z,1124,123.3,0,OK,OK,OK
2026-08-29T04:47:58.343981Z,1125,123.3,0,OK,OK,OK
2026-08-29T04:48:03.709672Z,1126,123.2,0,OK,OK,OK
2026-08-29T04:48:09.085304Z,1124,123.2,0,OK,OK,OK
2026-08-29T04:48:14.464450Z,1128,123.2,0,OK,OK,OK
2026-08-29T04:48:19.842993Z,1124,123.2,0,OK,OK,OK
2026-08-29T04:48:25.242421Z,1126,123.3,0,OK,OK,OK
2026-08-29T04:48:30.629550Z,1126,123.3,0,OK,OK,OK
2026-08-29T04:48:35.994560Z,1126,123.3,0,OK,OK,OK
2026-08-29T04:48:41.379822Z,1127,123.4,0,OK,OK,OK
2026-08-29T04:48:46.763022Z,1126,123.3,0,OK,OK,OK
2026-08-29T04:48:52.127342Z,1124,123.3,0,OK,OK,OK
2026-08-29T04:48:57.534270Z,1127,123.3,0,OK,OK,OK
2026-08-29T04:49:02.912907Z,1126,123.3,0,OK,OK,OK
2026-08-29T04:49:08.293193Z,1124,123.3,0,OK,OK,OK
2026-08-29T04:49:13.673073Z,1128,123.3,0,OK,OK,OK
2026-08-29T04:49:19.070622Z,1126,123.3,0,OK,OK,OK
2026-08-29T04:49:24.467554Z,1124,123.3,0,OK,OK,OK
2026-08-29T04:49:29.833635Z,1125,123.4,0,OK,OK,OK
2026-08-29T04:49:35.211196Z,1128,123.4,0,OK,OK,OK
2026-08-29T04:49:40.608756Z,1123,123.4,0,OK,OK,OK
2026-08-29T04:49:45.985395Z,1126,123.4,0,OK,OK,OK
2026-08-29T04:49:51.356363Z,1125,123.4,0,OK,OK,OK
2026-08-29T04:49:56.781781Z,1128,123.4,0,OK,OK,OK
2026-08-29T04:50:02.168744Z,1126,123.4,0,OK,OK,OK
2026-08-29T04:50:07.558074Z,1131,123.4,0,OK,OK,OK
2026-08-29T04:50:12.938569Z,1117,123.5,0,OK,OK,OK
2026-08-29T04:50:18.303491Z,1115,123.5,0,OK,OK,OK
2026-08-29T04:50:23.690797Z,1118,123.5,0,OK,OK,OK
2026-08-29T04:50:29.078533Z,1115,123.4,0,OK,OK,OK
2026-08-29T04:50:34.458202Z,1117,123.4,0,OK,OK,OK
2026-08-29T04:50:39.835618Z,1114,123.4,0,OK,OK,OK
2026-08-29T04:50:45.206045Z,1114,123.4,0,OK,OK,OK
2026-08-29T04:50:50.593725Z,1031,123.4,0,OK,OK,OK
2026-08-29T04:50:55.970894Z,1033,123.4,0,OK,OK,OK
2026-08-29T04:51:01.355209Z,1034,123.4,0,OK,OK,OK
2026-08-29T04:51:06.724601Z,1035,123.4,0,OK,OK,OK
2026-08-29T04:51:12.102966Z,1034,123.4,0,OK,OK,OK
2026-08-29T04:51:17.493220Z,1041,123.4,0,OK,OK,OK
2026-08-29T04:51:22.865581Z,1030,123.4,0,OK,OK,OK
2026-08-29T04:51:28.273447Z,1032,123.4,0,OK,OK,OK
2026-08-29T04:51:33.652848Z,1035,123.4,0,OK,OK,OK
2026-08-29T04:51:39.042497Z,1032,123.3,0,OK,OK,OK
2026-08-29T04:51:44.425785Z,1031,123.3,0,OK,OK,OK
2026-08-29T04:51:49.812256Z,1032,123.3,0,OK,OK,OK
2026-08-29T04:51:55.182778Z,1031,123.3,0,OK,OK,OK
2026-08-29T04:52:00.555108Z,1034,123.3,0,OK,OK,OK
2026-08-29T04:52:05.950707Z,1036,123.3,0,OK,OK,OK
2026-08-29T04:52:11.358314Z,1035,123.3,0,OK,OK,OK
2026-08-29T04:52:16.769164Z,1034,123.3,0,OK,OK,OK
2026-08-29T04:52:22.138109Z,1032,123.3,0,OK,OK,OK
2026-08-29T04:52:27.526448Z,1034,123.3,0,OK,OK,OK
2026-08-29T04:52:32.907053Z,1037,123.3,0,OK,OK,OK
2026-08-29T04:52:38.291247Z,1034,123.3,0,OK,OK,OK
2026-08-29T04:52:43.663651Z,1034,123.3,0,OK,OK,OK
2026-08-29T04:52:49.027923Z,1036,123.3,0,OK,OK,OK
2026-08-29T04:52:54.418305Z,1034,123.3,0,OK,OK,OK
2026-08-29T04:52:59.779594Z,1032,123.3,0,OK,OK,OK
2026-08-29T04:53:05.159329Z,1031,123.3,0,OK,OK,OK
2026-08-29T04:53:10.545864Z,1034,123.3,0,OK,OK,OK
2026-08-29T04:53:15.909978Z,1033,123.3,0,OK,OK,OK
2026-08-29T04:53:21.301233Z,1034,123.3,0,OK,OK,OK
2026-08-29T04:53:26.676051Z,1031,123.3,0,OK,OK,OK
2026-08-29T04:53:32.059927Z,1032,123.3,0,OK,OK,OK
2026-08-29T04:53:37.427817Z,1032,123.4,0,OK,OK,OK
2026-08-29T04:53:42.805435Z,1035,123.4,0,OK,OK,OK
2026-08-29T04:53:48.171674Z,1036,123.4,0,OK,OK,OK
2026-08-29T04:53:53.535446Z,1034,123.4,0,OK,OK,OK
2026-08-29T04:53:58.899919Z,1034,123.4,0,OK,OK,OK
2026-08-29T04:54:04.283807Z,1039,123.4,0,OK,OK,OK
2026-08-29T04:54:09.664021Z,1032,123.3,0,OK,OK,OK
2026-08-29T04:54:15.066679Z,1035,123.4,0,OK,OK,OK
2026-08-29T04:54:20.443278Z,1033,123.4,0,OK,OK,OK
2026-08-29T04:54:25.851899Z,1034,123.4,0,OK,OK,OK
2026-08-29T04:54:31.238523Z,1039,123.4,0,OK,OK,OK
2026-08-29T04:54:36.609185Z,1033,123.4,0,OK,OK,OK
2026-08-29T04:54:42.015030Z,1031,123.3,0,OK,OK,OK
2026-08-29T04:54:47.391086Z,1033,123.4,0,OK,OK,OK
2026-08-29T04:54:52.776587Z,1031,123.3,0,OK,OK,OK
2026-08-29T04:54:58.148659Z,1035,123.3,0,OK,OK,OK
2026-08-29T04:55:03.524969Z,1033,123.3,0,OK,OK,OK
2026-08-29T04:55:08.905214Z,1032,123.3,0,OK,OK,OK
2026-08-29T04:55:14.285982Z,1033,123.3,0,OK,OK,OK
2026-08-29T04:55:19.662284Z,1030,123.3,0,OK,OK,OK
2026-08-29T04:55:25.045577Z,1035,123.3,0,OK,OK,OK
2026-08-29T04:55:30.419446Z,1035,123.3,0,OK,OK,OK
2026-08-29T04:55:35.806037Z,1037,123.3,0,OK,OK,OK
2026-08-29T04:55:41.209429Z,1034,123.3,0,OK,OK,OK
2026-08-29T04:55:46.580907Z,1034,123.3,0,OK,OK,OK
2026-08-29T04:55:51.950515Z,1032,123.3,0,OK,OK,OK
2026-08-29T04:55:57.359136Z,1038,123.3,0,OK,OK,OK
2026-08-29T04:56:02.740907Z,1038,123.3,0,OK,OK,OK
2026-08-29T04:56:08.101037Z,1035,123.3,0,OK,OK,OK
2026-08-29T04:56:13.478113Z,1032,123.3,0,OK,OK,OK
2026-08-29T04:56:18.882642Z,1041,123.3,0,OK,OK,OK
2026-08-29T04:56:24.277405Z,1036,123.3,0,OK,OK,OK
2026-08-29T04:56:29.633086Z,1036,123.3,0,OK,OK,OK
2026-08-29T04:56:35.009785Z,1033,123.3,0,OK,OK,OK
2026-08-29T04:56:40.386185Z,1034,123.3,0,OK,OK,OK
2026-08-29T04:56:45.750795Z,1037,123.3,0,OK,OK,OK
2026-08-29T04:56:51.145436Z,1038,123.3,0,OK,OK,OK
2026-08-29T04:56:56.531851Z,1038,123.3,0,OK,OK,OK
2026-08-29T04:57:01.941280Z,1035,123.3,0,OK,OK,OK
2026-08-29T04:57:07.307579Z,1034,123.3,0,OK,OK,OK
2026-08-29T04:57:12.746330Z,1034,123.3,0,OK,OK,OK
2026-08-29T04:57:18.156483Z,1040,123.3,0,OK,OK,OK
2026-08-29T04:57:23.526459Z,1036,123.3,0,OK,OK,OK
2026-08-29T04:57:28.912928Z,1035,123.3,0,OK,OK,OK
2026-08-29T04:57:34.301236Z,1036,123.3,0,OK,OK,OK
2026-08-29T04:57:39.681566Z,1034,123.4,0,OK,OK,OK
2026-08-29T04:57:45.052638Z,1033,123.4,0,OK,OK,OK
2026-08-29T04:57:50.425706Z,1034,123.4,0,OK,OK,OK
2026-08-29T04:57:55.808395Z,1039,123.4,0,OK,OK,OK
2026-08-29T04:58:01.208795Z,1036,123.4,0,OK,OK,OK
2026-08-29T04:58:06.588917Z,1035,123.4,0,OK,OK,OK
2026-08-29T04:58:11.958610Z,1036,123.3,0,OK,OK,OK
2026-08-29T04:58:17.338420Z,1034,123.3,0,OK,OK,OK
2026-08-29T04:58:22.711995Z,1036,123.3,0,OK,OK,OK
2026-08-29T04:58:28.105635Z,1036,123.4,0,OK,OK,OK
2026-08-29T04:58:33.484032Z,1034,123.4,0,OK,OK,OK
2026-08-29T04:58:38.846563Z,1035,123.4,0,OK,OK,OK
2026-08-29T04:58:44.225552Z,1036,123.3,0,OK,OK,OK
2026-08-29T04:58:49.598767Z,1036,123.3,0,OK,OK,OK
2026-08-29T04:58:54.989979Z,1037,123.3,0,OK,OK,OK
2026-08-29T04:59:00.366966Z,1034,123.3,0,OK,OK,OK
2026-08-29T04:59:05.741685Z,1034,123.3,0,OK,OK,OK
2026-08-29T04:59:11.124047Z,1034,123.3,0,OK,OK,OK
2026-08-29T04:59:16.497290Z,1033,123.3,0,OK,OK,OK
2026-08-29T04:59:21.903600Z,1037,123.3,0,OK,OK,OK
2026-08-29T04:59:27.309326Z,1035,123.3,0,OK,OK,OK
2026-08-29T04:59:32.687315Z,1035,123.4,0,OK,OK,OK
2026-08-29T04:59:38.076020Z,1032,123.4,0,OK,OK,OK
2026-08-29T04:59:43.448842Z,1033,123.3,0,OK,OK,OK
2026-08-29T04:59:48.822357Z,1038,123.3,0,OK,OK,OK
2026-08-29T04:59:54.192796Z,1036,123.4,0,OK,OK,OK
2026-08-29T04:59:59.579365Z,1033,123.4,0,OK,OK,OK
2026-08-29T05:00:04.965836Z,1033,123.4,0,OK,OK,OK
2026-08-29T05:00:10.344153Z,1034,123.3,0,OK,OK,OK
2026-08-29T05:00:15.718973Z,1034,123.3,0,OK,OK,OK
2026-08-29T05:00:21.119862Z,1039,123.4,0,OK,OK,OK
2026-08-29T05:00:26.503426Z,1036,123.4,0,OK,OK,OK
2026-08-29T05:00:31.870852Z,1036,123.4,0,OK,OK,OK
2026-08-29T05:00:37.236546Z,1037,123.4,0,OK,OK,OK
2026-08-29T05:00:42.639112Z,1035,123.4,0,OK,OK,OK
2026-08-29T05:00:48.021891Z,1032,123.4,0,OK,OK,OK
2026-08-29T05:00:53.394153Z,1034,123.4,0,OK,OK,OK
2026-08-29T05:00:58.782506Z,1033,123.3,0,OK,OK,OK
2026-08-29T05:01:04.165015Z,1036,123.4,0,OK,OK,OK
2026-08-29T05:01:09.523499Z,1035,123.3,0,OK,OK,OK
2026-08-29T05:01:14.909772Z,1037,123.4,0,OK,OK,OK
2026-08-29T05:01:20.296415Z,1033,123.3,0,OK,OK,OK
2026-08-29T05:01:25.693498Z,1037,123.4,0,OK,OK,OK
2026-08-29T05:01:31.074551Z,1037,123.3,0,OK,OK,OK
2026-08-29T05:01:36.448276Z,1037,123.4,0,OK,OK,OK
2026-08-29T05:01:41.838363Z,1035,123.4,0,OK,OK,OK
2026-08-29T05:01:47.202516Z,1034,123.4,0,OK,OK,OK
2026-08-29T05:01:52.583264Z,1037,123.4,0,OK,OK,OK
2026-08-29T05:01:57.963586Z,1035,123.4,0,OK,OK,OK
2026-08-29T05:02:03.355918Z,1036,123.4,0,OK,OK,OK
2026-08-29T05:02:08.742411Z,1035,123.4,0,OK,OK,OK
2026-08-29T05:02:14.175639Z,1034,123.4,0,OK,OK,OK
2026-08-29T05:02:19.583413Z,1036,123.4,0,OK,OK,OK
2026-08-29T05:02:24.948771Z,1036,123.4,0,OK,OK,OK
2026-08-29T05:02:30.323831Z,1038,123.4,0,OK,OK,OK
2026-08-29T05:02:35.700278Z,1033,123.4,0,OK,OK,OK
2026-08-29T05:02:41.076470Z,1039,123.4,0,OK,OK,OK
2026-08-29T05:02:46.449329Z,1037,123.4,0,OK,OK,OK
2026-08-29T05:02:51.841778Z,1033,123.4,0,OK,OK,OK
2026-08-29T05:02:57.231406Z,1036,123.4,0,OK,OK,OK
2026-08-29T05:03:02.601381Z,1034,123.4,0,OK,OK,OK
2026-08-29T05:03:08.000066Z,1037,123.4,0,OK,OK,OK
2026-08-29T05:03:13.404459Z,1036,123.5,0,OK,OK,OK
2026-08-29T05:03:18.792839Z,1040,123.5,0,OK,OK,OK
2026-08-29T05:03:24.162741Z,1035,123.5,0,OK,OK,OK
2026-08-29T05:03:29.563868Z,1035,123.5,0,OK,OK,OK
2026-08-29T05:03:34.943503Z,1037,123.6,0,OK,OK,OK
2026-08-29T05:03:40.321691Z,1036,123.5,0,OK,OK,OK
2026-08-29T05:03:45.697200Z,1035,123.5,0,OK,OK,OK
2026-08-29T05:03:51.083190Z,1035,123.5,0,OK,OK,OK
2026-08-29T05:03:56.468761Z,1035,123.5,0,OK,OK,OK
2026-08-29T05:04:01.850629Z,1035,123.4,0,OK,OK,OK
2026-08-29T05:04:07.233742Z,1035,123.4,0,OK,OK,OK
2026-08-29T05:04:12.628806Z,1036,123.5,0,OK,OK,OK
2026-08-29T05:04:18.005103Z,1037,123.5,0,OK,OK,OK
2026-08-29T05:04:23.379957Z,1035,123.5,0,OK,OK,OK
2026-08-29T05:04:28.757759Z,1033,123.5,0,OK,OK,OK
2026-08-29T05:04:34.156230Z,1035,123.5,0,OK,OK,OK
2026-08-29T05:04:39.532914Z,1037,123.5,0,OK,OK,OK
2026-08-29T05:04:44.934580Z,1035,123.5,0,OK,OK,OK
2026-08-29T05:04:50.310261Z,1034,123.5,0,OK,OK,OK
2026-08-29T05:04:55.686891Z,1036,123.5,0,OK,OK,OK
2026-08-29T05:05:01.070411Z,1037,123.5,0,OK,OK,OK
2026-08-29T05:05:06.456910Z,1037,123.5,0,OK,OK,OK
2026-08-29T05:05:11.843408Z,1036,123.4,0,OK,OK,OK
2026-08-29T05:05:17.234731Z,1033,123.4,0,OK,OK,OK
2026-08-29T05:05:22.632338Z,1036,123.5,0,OK,OK,OK
2026-08-29T05:05:28.018830Z,1034,123.4,0,OK,OK,OK
2026-08-29T05:05:33.405310Z,1047,123.4,0,OK,OK,OK
2026-08-29T05:05:38.775770Z,1035,123.4,0,OK,OK,OK
2026-08-29T05:05:44.158186Z,1038,123.4,0,OK,OK,OK
2026-08-29T05:05:49.548113Z,1035,123.4,0,OK,OK,OK
2026-08-29T05:05:54.945903Z,1034,123.4,0,OK,OK,OK
2026-08-29T05:06:00.325611Z,1036,123.4,0,OK,OK,OK
2026-08-29T05:06:05.732359Z,1035,123.4,0,OK,OK,OK
2026-08-29T05:06:11.110786Z,1036,123.4,0,OK,OK,OK
2026-08-29T05:06:16.497089Z,1044,123.5,0,OK,OK,OK
2026-08-29T05:06:21.915461Z,1036,123.5,0,OK,OK,OK
2026-08-29T05:06:27.298924Z,1039,123.6,0,OK,OK,OK
2026-08-29T05:06:32.672398Z,1039,123.5,0,OK,OK,OK
2026-08-29T05:06:38.066520Z,1037,123.6,0,OK,OK,OK
2026-08-29T05:06:43.445337Z,1038,123.5,0,OK,OK,OK
2026-08-29T05:06:48.833489Z,1037,123.6,0,OK,OK,OK
2026-08-29T05:06:54.211914Z,1036,123.6,0,OK,OK,OK
2026-08-29T05:06:59.580192Z,1034,123.5,0,OK,OK,OK
2026-08-29T05:07:04.959059Z,1039,123.5,0,OK,OK,OK
2026-08-29T05:07:10.353452Z,1036,123.5,0,OK,OK,OK
2026-08-29T05:07:15.734397Z,1037,123.5,0,OK,OK,OK
2026-08-29T05:07:21.120560Z,1036,123.5,0,OK,OK,OK
2026-08-29T05:07:26.521041Z,1038,123.5,0,OK,OK,OK
2026-08-29T05:07:31.888913Z,1033,123.5,0,OK,OK,OK
2026-08-29T05:07:37.274305Z,1037,123.5,0,OK,OK,OK
2026-08-29T05:07:42.654229Z,1039,123.5,0,OK,OK,OK
2026-08-29T05:07:48.045963Z,1038,123.5,0,OK,OK,OK
2026-08-29T05:07:53.432467Z,1035,123.5,0,OK,OK,OK
2026-08-29T05:07:58.827644Z,1036,123.6,0,OK,OK,OK
2026-08-29T05:08:04.206499Z,1039,123.6,0,OK,OK,OK
2026-08-29T05:08:09.580538Z,1039,123.6,0,OK,OK,OK
2026-08-29T05:08:14.967036Z,1039,123.6,0,OK,OK,OK
2026-08-29T05:08:20.362718Z,1037,123.6,0,OK,OK,OK
2026-08-29T05:08:25.723983Z,1123,123.6,0,OK,OK,OK
2026-08-29T05:08:31.126441Z,1133,123.6,0,OK,OK,OK
2026-08-29T05:08:36.508491Z,1139,123.6,0,OK,OK,OK
2026-08-29T05:08:41.890594Z,1149,123.6,0,OK,OK,OK
2026-08-29T05:08:47.257480Z,1151,123.6,0,OK,OK,OK
2026-08-29T05:08:52.641685Z,1162,123.6,0,OK,OK,OK
2026-08-29T05:08:58.012065Z,1147,123.6,0,OK,OK,OK
2026-08-29T05:09:03.379870Z,1145,123.6,0,OK,OK,OK
2026-08-29T05:09:08.771942Z,1145,123.6,0,OK,OK,OK
2026-08-29T05:09:14.166102Z,1142,123.6,0,OK,OK,OK
2026-08-29T05:09:19.552842Z,1141,123.6,0,OK,OK,OK
2026-08-29T05:09:24.922108Z,1142,123.6,0,OK,OK,OK
2026-08-29T05:09:30.297992Z,1141,123.5,0,OK,OK,OK
2026-08-29T05:09:35.682982Z,1141,123.6,0,OK,OK,OK
2026-08-29T05:09:41.046813Z,1138,123.6,0,OK,OK,OK
2026-08-29T05:09:46.451567Z,1025,123.6,0,OK,OK,OK
2026-08-29T05:09:51.841528Z,1026,123.6,0,OK,OK,OK
2026-08-29T05:09:57.255064Z,1021,123.6,0,OK,OK,OK
2026-08-29T05:10:02.625928Z,1020,123.5,0,OK,OK,OK
2026-08-29T05:10:08.034877Z,1018,123.4,0,OK,OK,OK
2026-08-29T05:10:13.455618Z,1017,123.5,0,OK,OK,OK
2026-08-29T05:10:18.827460Z,1016,123.5,0,OK,OK,OK
2026-08-29T05:10:24.207299Z,1012,123.5,0,OK,OK,OK
2026-08-29T05:10:29.580856Z,1013,123.5,0,OK,OK,OK
2026-08-29T05:10:34.981017Z,1011,123.5,0,OK,OK,OK
2026-08-29T05:10:40.368806Z,1009,123.5,0,OK,OK,OK
2026-08-29T05:10:45.760593Z,1010,123.5,0,OK,OK,OK
2026-08-29T05:10:51.149265Z,1016,123.5,0,OK,OK,OK
2026-08-29T05:10:56.529381Z,1011,123.5,0,OK,OK,OK
2026-08-29T05:11:01.916009Z,1012,123.5,0,OK,OK,OK
2026-08-29T05:11:07.302101Z,1011,123.5,0,OK,OK,OK
2026-08-29T05:11:12.684685Z,1010,123.5,0,OK,OK,OK
2026-08-29T05:11:18.059501Z,1019,123.5,0,OK,OK,OK
2026-08-29T05:11:23.461809Z,1010,123.5,0,OK,OK,OK
2026-08-29T05:11:28.866789Z,1010,123.4,0,OK,OK,OK
2026-08-29T05:11:34.250941Z,1011,123.4,0,OK,OK,OK
2026-08-29T05:11:39.637383Z,1012,123.5,0,OK,OK,OK
2026-08-29T05:11:45.023857Z,1010,123.4,0,OK,OK,OK
2026-08-29T05:11:50.395827Z,1012,123.4,0,OK,OK,OK
2026-08-29T05:11:55.762253Z,1011,123.4,0,OK,OK,OK
2026-08-29T05:12:01.139190Z,1010,123.4,0,OK,OK,OK
2026-08-29T05:12:06.551275Z,1012,123.4,0,OK,OK,OK
2026-08-29T05:12:11.939541Z,1011,123.4,0,OK,OK,OK
2026-08-29T05:12:17.305472Z,1011,123.3,0,OK,OK,OK
2026-08-29T05:12:22.723188Z,1007,123.3,0,OK,OK,OK
2026-08-29T05:12:28.111013Z,1008,123.3,0,OK,OK,OK
2026-08-29T05:12:33.523002Z,1009,123.3,0,OK,OK,OK
2026-08-29T05:12:38.905525Z,1010,123.4,0,OK,OK,OK
2026-08-29T05:12:44.302644Z,1011,123.3,0,OK,OK,OK
2026-08-29T05:12:49.687204Z,1012,123.3,0,OK,OK,OK
2026-08-29T05:12:55.064550Z,1009,123.3,0,OK,OK,OK
2026-08-29T05:13:00.478749Z,1011,123.3,0,OK,OK,OK
2026-08-29T05:13:05.866058Z,1010,123.3,0,OK,OK,OK
2026-08-29T05:13:11.222849Z,1013,123.3,0,OK,OK,OK
2026-08-29T05:13:16.626543Z,1019,123.3,0,OK,OK,OK
2026-08-29T05:13:22.013164Z,1013,123.3,0,OK,OK,OK
2026-08-29T05:13:27.388650Z,1012,123.2,0,OK,OK,OK
2026-08-29T05:13:32.754272Z,1013,123.3,0,OK,OK,OK
2026-08-29T05:13:38.149908Z,1012,123.2,0,OK,OK,OK
2026-08-29T05:13:43.541230Z,1016,123.2,0,OK,OK,OK
2026-08-29T05:13:48.905689Z,1011,123.2,0,OK,OK,OK
2026-08-29T05:13:54.273328Z,1012,123.3,0,OK,OK,OK
2026-08-29T05:13:59.648937Z,1012,123.3,0,OK,OK,OK
2026-08-29T05:14:05.033014Z,1017,123.3,0,OK,OK,OK
2026-08-29T05:14:10.394568Z,1012,123.3,0,OK,OK,OK
2026-08-29T05:14:15.785954Z,1014,123.3,0,OK,OK,OK
2026-08-29T05:14:21.163843Z,1014,123.3,0,OK,OK,OK
2026-08-29T05:14:26.534341Z,1015,123.3,0,OK,OK,OK
2026-08-29T05:14:31.899724Z,1014,123.3,0,OK,OK,OK
2026-08-29T05:14:37.275403Z,1018,123.4,0,OK,OK,OK
2026-08-29T05:14:42.676870Z,1017,123.4,0,OK,OK,OK
2026-08-29T05:14:48.071792Z,1017,123.4,0,OK,OK,OK
2026-08-29T05:14:53.459047Z,1017,123.4,0,OK,OK,OK
2026-08-29T05:14:58.853490Z,1018,123.4,0,OK,OK,OK
2026-08-29T05:15:04.223858Z,1018,123.4,0,OK,OK,OK
2026-08-29T05:15:09.601134Z,1016,123.4,0,OK,OK,OK
2026-08-29T05:15:15.008046Z,1014,123.4,0,OK,OK,OK
2026-08-29T05:15:20.415315Z,1016,123.4,0,OK,OK,OK
2026-08-29T05:15:25.785815Z,1013,123.3,0,OK,OK,OK
2026-08-29T05:15:31.164592Z,1013,123.3,0,OK,OK,OK
2026-08-29T05:15:36.538282Z,1012,123.3,0,OK,OK,OK
2026-08-29T05:15:41.902888Z,1013,123.3,0,OK,OK,OK
2026-08-29T05:15:47.278320Z,1013,123.3,0,OK,OK,OK
2026-08-29T05:15:52.658709Z,1017,123.3,0,OK,OK,OK
2026-08-29T05:15:58.052648Z,1016,123.3,0,OK,OK,OK
2026-08-29T05:16:03.441902Z,1014,123.3,0,OK,OK,OK
2026-08-29T05:16:08.829705Z,1013,123.3,0,OK,OK,OK
2026-08-29T05:16:14.216148Z,1012,123.3,0,OK,OK,OK
2026-08-29T05:16:19.586787Z,1017,123.3,0,OK,OK,OK
2026-08-29T05:16:24.982714Z,1011,123.4,0,OK,OK,OK
2026-08-29T05:16:30.358511Z,1014,123.4,0,OK,OK,OK
2026-08-29T05:16:35.737248Z,1011,123.4,0,OK,OK,OK
2026-08-29T05:16:41.110215Z,1016,123.4,0,OK,OK,OK
2026-08-29T05:16:46.478263Z,1012,123.4,0,OK,OK,OK
2026-08-29T05:16:51.853285Z,1015,123.4,0,OK,OK,OK
2026-08-29T05:16:57.225501Z,1018,123.4,0,OK,OK,OK
2026-08-29T05:17:02.600935Z,1016,123.8,0,OK,OK,OK
2026-08-29T05:17:07.986775Z,1018,123.8,0,OK,OK,OK
2026-08-29T05:17:13.405905Z,1013,123.6,0,OK,OK,OK
2026-08-29T05:17:18.776330Z,1017,123.6,0,OK,OK,OK
2026-08-29T05:17:24.178834Z,1015,123.6,0,OK,OK,OK
2026-08-29T05:17:29.555449Z,1017,123.7,0,OK,OK,OK
2026-08-29T05:17:34.917697Z,1015,123.6,0,OK,OK,OK
2026-08-29T05:17:40.311222Z,1018,123.6,0,OK,OK,OK
2026-08-29T05:17:45.696628Z,1018,123.6,0,OK,OK,OK
2026-08-29T05:17:51.075049Z,1018,123.6,0,OK,OK,OK
2026-08-29T05:17:56.439131Z,1016,123.6,0,OK,OK,OK
2026-08-29T05:18:01.817096Z,1018,123.7,0,OK,OK,OK
2026-08-29T05:18:07.190958Z,1017,123.6,0,OK,OK,OK
2026-08-29T05:18:12.562177Z,1016,123.7,0,OK,OK,OK
2026-08-29T05:18:17.932028Z,1018,123.6,0,OK,OK,OK
2026-08-29T05:18:23.311884Z,1016,123.7,0,OK,OK,OK
2026-08-29T05:18:28.697510Z,1014,124.1,0,OK,OK,OK
2026-08-29T05:18:34.057703Z,1015,124.1,0,OK,OK,OK
2026-08-29T05:18:39.472956Z,1018,124.1,0,OK,OK,OK
2026-08-29T05:18:44.872111Z,1016,124.1,0,OK,OK,OK
2026-08-29T05:18:50.227491Z,1013,124.1,0,OK,OK,OK
2026-08-29T05:18:55.605493Z,1014,124.1,0,OK,OK,OK
2026-08-29T05:19:01.008012Z,1012,124.1,0,OK,OK,OK
2026-08-29T05:19:06.383571Z,1012,124.1,0,OK,OK,OK
2026-08-29T05:19:11.745081Z,1013,124.1,0,OK,OK,OK
2026-08-29T05:19:17.145755Z,1014,124.2,0,OK,OK,OK
2026-08-29T05:19:22.538168Z,1016,124.1,0,OK,OK,OK
2026-08-29T05:19:27.925358Z,1012,124.1,0,OK,OK,OK
2026-08-29T05:19:33.299689Z,1012,124.1,0,OK,OK,OK
2026-08-29T05:19:38.683435Z,1014,124.1,0,OK,OK,OK
2026-08-29T05:19:44.082962Z,1016,124.1,0,OK,OK,OK
2026-08-29T05:19:49.445002Z,1013,124.1,0,OK,OK,OK
2026-08-29T05:19:54.825149Z,1017,124.2,0,OK,OK,OK
2026-08-29T05:20:00.211687Z,1016,124.2,0,OK,OK,OK
2026-08-29T05:20:05.614200Z,1016,124.1,0,OK,OK,OK
2026-08-29T05:20:11.000689Z,1015,124.1,0,OK,OK,OK
2026-08-29T05:20:16.393257Z,1014,124.1,0,OK,OK,OK
2026-08-29T05:20:21.763624Z,1017,124.1,0,OK,OK,OK
2026-08-29T05:20:27.143416Z,1012,124.1,0,OK,OK,OK
2026-08-29T05:20:32.524273Z,1013,124.1,0,OK,OK,OK
2026-08-29T05:20:37.912836Z,1014,124.1,0,OK,OK,OK
2026-08-29T05:20:43.280642Z,1013,124.1,0,OK,OK,OK
2026-08-29T05:20:48.693555Z,1014,124.1,0,OK,OK,OK
2026-08-29T05:20:54.074194Z,1015,124.1,0,OK,OK,OK
2026-08-29T05:20:59.452308Z,1013,124.1,0,OK,OK,OK
2026-08-29T05:21:04.834029Z,1018,124.1,0,OK,OK,OK
2026-08-29T05:21:10.213873Z,1014,124.1,0,OK,OK,OK
2026-08-29T05:21:15.602183Z,1020,124.1,0,OK,OK,OK
2026-08-29T05:21:20.994463Z,1012,124.1,0,OK,OK,OK
2026-08-29T05:21:26.359262Z,1013,124.1,0,OK,OK,OK
2026-08-29T05:21:31.751679Z,1014,124.1,0,OK,OK,OK
2026-08-29T05:21:37.134773Z,1012,124.1,0,OK,OK,OK
2026-08-29T05:21:42.526171Z,1015,124.1,0,OK,OK,OK
2026-08-29T05:21:47.920716Z,1020,124.1,0,OK,OK,OK
2026-08-29T05:21:53.325137Z,1011,124.1,0,OK,OK,OK
2026-08-29T05:21:58.732095Z,1014,124.1,0,OK,OK,OK
2026-08-29T05:22:04.134591Z,1013,124.1,0,OK,OK,OK
2026-08-29T05:22:09.516547Z,1013,124.1,0,OK,OK,OK
2026-08-29T05:22:14.923600Z,1015,124.1,0,OK,OK,OK
2026-08-29T05:22:20.297619Z,1013,124.2,0,OK,OK,OK
2026-08-29T05:22:25.701678Z,1013,124.1,0,OK,OK,OK
2026-08-29T05:22:31.084918Z,1014,124.1,0,OK,OK,OK
2026-08-29T05:22:36.471773Z,1015,124.1,0,OK,OK,OK
2026-08-29T05:22:41.853951Z,1017,124.2,0,OK,OK,OK
2026-08-29T05:22:47.239906Z,1013,124.1,0,OK,OK,OK
2026-08-29T05:22:52.613108Z,1017,124.2,0,OK,OK,OK
2026-08-29T05:22:57.983613Z,1014,124.1,0,OK,OK,OK
2026-08-29T05:23:03.386065Z,1014,124.1,0,OK,OK,OK
2026-08-29T05:23:08.772538Z,1012,124.1,0,OK,OK,OK
2026-08-29T05:23:14.159283Z,1014,124.1,0,OK,OK,OK
2026-08-29T05:23:19.529902Z,1014,124.1,0,OK,OK,OK
2026-08-29T05:23:24.912979Z,1012,124.1,0,OK,OK,OK
2026-08-29T05:23:30.295022Z,1015,124.2,0,OK,OK,OK
2026-08-29T05:23:35.668929Z,1012,124.1,0,OK,OK,OK
2026-08-29T05:23:41.057058Z,1013,124.1,0,OK,OK,OK
2026-08-29T05:23:46.465561Z,1012,124.2,0,OK,OK,OK
2026-08-29T05:23:51.845208Z,1014,124.1,0,OK,OK,OK
2026-08-29T05:23:57.253902Z,1014,124.1,0,OK,OK,OK
2026-08-29T05:24:02.658745Z,1012,124.1,0,OK,OK,OK
2026-08-29T05:24:08.043921Z,1012,124.1,0,OK,OK,OK
2026-08-29T05:24:13.427013Z,1012,124.1,0,OK,OK,OK
2026-08-29T05:24:18.829513Z,1016,124.1,0,OK,OK,OK
2026-08-29T05:24:24.232005Z,1012,124.1,0,OK,OK,OK
2026-08-29T05:24:29.609734Z,1013,124.1,0,OK,OK,OK
2026-08-29T05:24:34.968197Z,1011,124.1,0,OK,OK,OK
2026-08-29T05:24:40.343405Z,1015,124.0,0,OK,OK,OK
2026-08-29T05:24:45.729452Z,1012,124.0,0,OK,OK,OK
2026-08-29T05:24:51.091539Z,1011,124.0,0,OK,OK,OK
2026-08-29T05:24:56.513732Z,1010,124.0,0,OK,OK,OK
2026-08-29T05:25:01.896654Z,1013,123.9,0,OK,OK,OK
2026-08-29T05:25:07.282418Z,1012,123.9,0,OK,OK,OK
2026-08-29T05:25:12.644997Z,1010,123.8,0,OK,OK,OK
2026-08-29T05:25:18.016711Z,1012,123.9,0,OK,OK,OK
2026-08-29T05:25:23.387875Z,1014,123.8,0,OK,OK,OK
2026-08-29T05:25:28.773773Z,1009,123.9,0,OK,OK,OK
2026-08-29T05:25:34.154348Z,1010,123.9,0,OK,OK,OK
2026-08-29T05:25:39.546661Z,1012,123.9,0,OK,OK,OK
2026-08-29T05:25:44.941847Z,1011,123.9,0,OK,OK,OK
2026-08-29T05:25:50.304246Z,1010,123.9,0,OK,OK,OK
2026-08-29T05:25:55.691064Z,1010,123.9,0,OK,OK,OK
2026-08-29T05:26:01.065675Z,1011,123.9,0,OK,OK,OK
2026-08-29T05:26:06.431160Z,1011,123.9,0,OK,OK,OK
2026-08-29T05:26:11.811547Z,1010,123.9,0,OK,OK,OK
2026-08-29T05:26:17.199292Z,1010,123.9,0,OK,OK,OK
2026-08-29T05:26:22.610819Z,1010,123.9,0,OK,OK,OK
2026-08-29T05:26:28.013061Z,1010,123.9,0,OK,OK,OK
2026-08-29T05:26:33.386556Z,1010,123.9,0,OK,OK,OK
2026-08-29T05:26:38.783006Z,0,,0,DEGRADED,OFFLINE,OK
2026-08-29T05:26:44.149243Z,1010,124.1,0,OK,OK,OK
2026-08-29T05:26:49.523647Z,1012,124.1,0,OK,OK,OK
2026-08-29T05:26:54.904975Z,1011,124.1,0,OK,OK,OK
2026-08-29T05:27:00.281072Z,1012,124.1,0,OK,OK,OK
2026-08-29T05:27:05.644373Z,1014,124.1,0,OK,OK,OK
2026-08-29T05:27:11.021937Z,1009,123.9,0,OK,OK,OK
2026-08-29T05:27:16.447103Z,1011,124.0,0,OK,OK,OK
2026-08-29T05:27:21.823202Z,1013,124.1,0,OK,OK,OK
2026-08-29T05:27:27.205132Z,1011,124.1,0,OK,OK,OK
2026-08-29T05:27:32.578258Z,1010,124.1,0,OK,OK,OK
2026-08-29T05:27:37.978116Z,1015,124.1,0,OK,OK,OK
2026-08-29T05:27:43.348469Z,1010,124.1,0,OK,OK,OK
2026-08-29T05:27:48.730779Z,1010,124.1,0,OK,OK,OK
2026-08-29T05:27:54.113371Z,1008,124.1,0,OK,OK,OK
2026-08-29T05:27:59.482206Z,1010,124.1,0,OK,OK,OK
2026-08-29T05:28:04.860685Z,1009,124.1,0,OK,OK,OK
2026-08-29T05:28:10.269970Z,1010,124.1,0,OK,OK,OK
2026-08-29T05:28:15.661459Z,1014,124.1,0,OK,OK,OK
2026-08-29T05:28:21.036088Z,1010,124.1,0,OK,OK,OK
2026-08-29T05:28:26.427570Z,1012,124.1,0,OK,OK,OK
2026-08-29T05:28:31.812233Z,1011,124.1,0,OK,OK,OK
2026-08-29T05:28:37.180957Z,1013,124.1,0,OK,OK,OK
2026-08-29T05:28:42.567428Z,1010,124.1,0,OK,OK,OK
2026-08-29T05:28:47.953892Z,1010,124.1,0,OK,OK,OK
2026-08-29T05:28:53.340386Z,1010,124.1,0,OK,OK,OK
2026-08-29T05:28:58.726889Z,1011,124.1,0,OK,OK,OK
2026-08-29T05:29:04.109484Z,1011,124.1,0,OK,OK,OK
2026-08-29T05:29:09.515574Z,1011,124.1,0,OK,OK,OK
2026-08-29T05:29:14.890000Z,1008,124.1,0,OK,OK,OK
2026-08-29T05:29:20.279425Z,1014,124.2,0,OK,OK,OK
2026-08-29T05:29:25.657873Z,1010,124.2,0,OK,OK,OK
2026-08-29T05:29:31.063249Z,1011,124.3,0,OK,OK,OK
2026-08-29T05:29:36.428052Z,1011,124.3,0,OK,OK,OK
2026-08-29T05:29:41.838998Z,1013,124.3,0,OK,OK,OK
2026-08-29T05:29:47.251251Z,1014,124.3,0,OK,OK,OK
2026-08-29T05:29:52.639227Z,1012,124.3,0,OK,OK,OK
2026-08-29T05:29:58.009324Z,1011,124.2,0,OK,OK,OK
2026-08-29T05:30:03.392079Z,1018,124.3,0,OK,OK,OK
2026-08-29T05:30:08.782301Z,1012,124.2,0,OK,OK,OK
2026-08-29T05:30:14.168741Z,1011,124.2,0,OK,OK,OK
2026-08-29T05:30:19.569620Z,1012,124.3,0,OK,OK,OK
2026-08-29T05:30:24.942550Z,1011,124.3,0,OK,OK,OK
2026-08-29T05:30:30.328326Z,1012,124.3,0,OK,OK,OK
2026-08-29T05:30:35.707042Z,1009,124.3,0,OK,OK,OK
2026-08-29T05:30:41.089880Z,1010,124.3,0,OK,OK,OK
2026-08-29T05:30:46.479072Z,1014,124.2,0,OK,OK,OK
2026-08-29T05:30:51.850133Z,931,124.2,0,OK,OK,OK
2026-08-29T05:30:57.226186Z,930,124.3,0,OK,OK,OK
2026-08-29T05:31:02.595369Z,934,124.2,0,OK,OK,OK
2026-08-29T05:31:07.975907Z,931,124.2,0,OK,OK,OK
2026-08-29T05:31:13.339916Z,931,124.2,0,OK,OK,OK
2026-08-29T05:31:18.726409Z,937,124.2,0,OK,OK,OK
2026-08-29T05:31:24.123904Z,930,124.2,0,OK,OK,OK
2026-08-29T05:31:29.488939Z,929,124.2,0,OK,OK,OK
2026-08-29T05:31:34.885738Z,929,124.1,0,OK,OK,OK
2026-08-29T05:31:40.266805Z,928,124.2,0,OK,OK,OK
2026-08-29T05:31:45.654428Z,929,124.2,0,OK,OK,OK
2026-08-29T05:31:51.026477Z,928,124.3,0,OK,OK,OK
2026-08-29T05:31:56.446316Z,929,124.2,0,OK,OK,OK
2026-08-29T05:32:01.835374Z,928,124.2,0,OK,OK,OK
2026-08-29T05:32:07.199034Z,928,124.2,0,OK,OK,OK
2026-08-29T05:32:12.590773Z,929,124.3,0,OK,OK,OK
2026-08-29T05:32:17.988765Z,932,124.2,0,OK,OK,OK
2026-08-29T05:32:23.369884Z,931,124.3,0,OK,OK,OK
2026-08-29T05:32:28.745563Z,932,124.3,0,OK,OK,OK
2026-08-29T05:32:34.120923Z,930,124.3,0,OK,OK,OK
2026-08-29T05:32:39.501675Z,929,124.1,0,OK,OK,OK
2026-08-29T05:32:44.884336Z,930,124.2,0,OK,OK,OK
2026-08-29T05:32:50.266892Z,932,124.1,0,OK,OK,OK
2026-08-29T05:32:55.643237Z,932,124.1,0,OK,OK,OK
2026-08-29T05:33:01.028204Z,930,124.2,0,OK,OK,OK
2026-08-29T05:33:06.423480Z,929,124.1,0,OK,OK,OK
2026-08-29T05:33:11.798723Z,930,124.1,0,OK,OK,OK
2026-08-29T05:33:17.170076Z,937,124.2,0,OK,OK,OK
2026-08-29T05:33:22.535009Z,932,124.1,0,OK,OK,OK
2026-08-29T05:33:27.913739Z,931,124.1,0,OK,OK,OK
2026-08-29T05:33:33.297829Z,927,124.1,0,OK,OK,OK
2026-08-29T05:33:38.707778Z,929,124.1,0,OK,OK,OK
2026-08-29T05:33:44.078009Z,930,124.1,0,OK,OK,OK
2026-08-29T05:33:49.454156Z,928,124.1,0,OK,OK,OK
2026-08-29T05:33:54.846095Z,929,124.2,0,OK,OK,OK
2026-08-29T05:34:00.222052Z,931,124.2,0,OK,OK,OK
2026-08-29T05:34:05.594769Z,928,124.1,0,OK,OK,OK
2026-08-29T05:34:10.978543Z,931,124.1,0,OK,OK,OK
2026-08-29T05:34:16.380737Z,928,124.1,0,OK,OK,OK
2026-08-29T05:34:21.754197Z,931,124.2,0,OK,OK,OK
2026-08-29T05:34:27.140644Z,934,124.1,0,OK,OK,OK
2026-08-29T05:34:32.558002Z,928,124.1,0,OK,OK,OK
2026-08-29T05:34:37.913537Z,930,124.1,0,OK,OK,OK
2026-08-29T05:34:43.303798Z,930,124.2,0,OK,OK,OK
2026-08-29T05:34:48.683321Z,930,124.1,0,OK,OK,OK
2026-08-29T05:34:54.054695Z,929,124.1,0,OK,OK,OK
2026-08-29T05:34:59.426179Z,932,124.1,0,OK,OK,OK
2026-08-29T05:35:04.813751Z,930,124.1,0,OK,OK,OK
2026-08-29T05:35:10.198570Z,934,124.1,0,OK,OK,OK
2026-08-29T05:35:15.570499Z,927,124.1,0,OK,OK,OK
2026-08-29T05:35:20.957102Z,929,124.1,0,OK,OK,OK
2026-08-29T05:35:26.348987Z,932,124.2,0,OK,OK,OK
2026-08-29T05:35:31.729846Z,930,124.2,0,OK,OK,OK
2026-08-29T05:35:37.094057Z,930,124.1,0,OK,OK,OK
2026-08-29T05:35:42.481966Z,927,124.1,0,OK,OK,OK
2026-08-29T05:35:47.888414Z,930,124.2,0,OK,OK,OK
2026-08-29T05:35:53.263936Z,934,124.1,0,OK,OK,OK
2026-08-29T05:35:58.638961Z,928,124.1,0,OK,OK,OK
2026-08-29T05:36:04.025440Z,931,124.2,0,OK,OK,OK
2026-08-29T05:36:09.417171Z,934,124.1,0,OK,OK,OK
2026-08-29T05:36:14.783637Z,930,124.2,0,OK,OK,OK
2026-08-29T05:36:20.183466Z,937,124.1,0,OK,OK,OK
2026-08-29T05:36:25.584874Z,929,124.1,0,OK,OK,OK
2026-08-29T05:36:30.957531Z,930,124.3,0,OK,OK,OK
2026-08-29T05:36:36.343849Z,928,124.0,0,OK,OK,OK
2026-08-29T05:36:41.730269Z,930,124.0,0,OK,OK,OK
2026-08-29T05:36:47.117582Z,928,124.1,0,OK,OK,OK
2026-08-29T05:36:52.483871Z,932,124.0,0,OK,OK,OK
2026-08-29T05:36:57.862270Z,928,124.0,0,OK,OK,OK
2026-08-29T05:37:03.250433Z,928,124.1,0,OK,OK,OK
2026-08-29T05:37:08.617459Z,1069,124.1,0,OK,OK,OK
2026-08-29T05:37:14.059308Z,1057,124.1,0,OK,OK,OK
2026-08-29T05:37:19.437424Z,1055,124.1,0,OK,OK,OK
2026-08-29T05:37:24.822952Z,1054,124.1,0,OK,OK,OK
2026-08-29T05:37:30.189850Z,1054,124.1,0,OK,OK,OK
2026-08-29T05:37:35.569583Z,1054,124.1,0,OK,OK,OK
2026-08-29T05:37:40.940613Z,1052,124.1,0,OK,OK,OK
2026-08-29T05:37:46.319581Z,1053,124.1,0,OK,OK,OK
2026-08-29T05:37:51.704283Z,1052,124.0,0,OK,OK,OK
2026-08-29T05:37:57.088636Z,1053,124.0,0,OK,OK,OK
2026-08-29T05:38:02.463464Z,1055,124.0,0,OK,OK,OK
2026-08-29T05:38:07.844148Z,1053,124.0,0,OK,OK,OK
2026-08-29T05:38:13.221384Z,1050,124.0,0,OK,OK,OK
2026-08-29T05:38:18.594089Z,1052,123.9,0,OK,OK,OK
2026-08-29T05:38:23.970011Z,1054,124.0,0,OK,OK,OK
2026-08-29T05:38:29.354494Z,936,123.9,0,OK,OK,OK
2026-08-29T05:38:34.750779Z,941,123.9,0,OK,OK,OK
2026-08-29T05:38:40.121431Z,942,123.9,0,OK,OK,OK
2026-08-29T05:38:45.508906Z,938,123.9,0,OK,OK,OK
2026-08-29T05:38:50.894492Z,939,123.9,0,OK,OK,OK
2026-08-29T05:38:56.275906Z,943,124.0,0,OK,OK,OK
2026-08-29T05:39:01.656904Z,938,123.9,0,OK,OK,OK
2026-08-29T05:39:07.021951Z,941,124.0,0,OK,OK,OK
2026-08-29T05:39:12.414524Z,938,123.9,0,OK,OK,OK
2026-08-29T05:39:17.789237Z,939,123.9,0,OK,OK,OK
2026-08-29T05:39:23.181317Z,941,124.0,0,OK,OK,OK
2026-08-29T05:39:28.556843Z,941,123.9,0,OK,OK,OK
2026-08-29T05:39:33.938415Z,938,123.9,0,OK,OK,OK
2026-08-29T05:39:39.316372Z,937,123.9,0,OK,OK,OK
2026-08-29T05:39:44.693665Z,940,124.0,0,OK,OK,OK
2026-08-29T05:39:50.088020Z,940,123.9,0,OK,OK,OK
2026-08-29T05:39:55.498276Z,939,124.0,0,OK,OK,OK
2026-08-29T05:40:00.865399Z,940,124.0,0,OK,OK,OK
2026-08-29T05:40:06.269142Z,941,124.0,0,OK,OK,OK
2026-08-29T05:40:11.634252Z,940,124.0,0,OK,OK,OK
2026-08-29T05:40:17.020789Z,940,124.1,0,OK,OK,OK
2026-08-29T05:40:22.400426Z,942,124.0,0,OK,OK,OK
2026-08-29T05:40:27.787505Z,951,124.0,0,OK,OK,OK
2026-08-29T05:40:33.178955Z,946,124.1,0,OK,OK,OK
2026-08-29T05:40:38.544629Z,939,124.0,0,OK,OK,OK
2026-08-29T05:40:43.942833Z,939,124.1,0,OK,OK,OK
2026-08-29T05:40:49.327379Z,940,124.1,0,OK,OK,OK
2026-08-29T05:40:54.717726Z,938,124.1,0,OK,OK,OK
2026-08-29T05:41:00.086767Z,940,124.1,0,OK,OK,OK
2026-08-29T05:41:05.461012Z,936,124.1,0,OK,OK,OK
2026-08-29T05:41:10.855082Z,939,124.1,0,OK,OK,OK
2026-08-29T05:41:16.240718Z,946,124.1,0,OK,OK,OK
2026-08-29T05:41:21.619666Z,929,124.1,0,OK,OK,OK
2026-08-29T05:41:27.035424Z,930,124.1,0,OK,OK,OK
2026-08-29T05:41:32.433752Z,932,124.1,0,OK,OK,OK
2026-08-29T05:41:37.832450Z,930,124.1,0,OK,OK,OK
2026-08-29T05:41:43.207299Z,930,124.1,0,OK,OK,OK
2026-08-29T05:41:48.584779Z,930,124.1,0,OK,OK,OK
2026-08-29T05:41:53.939987Z,933,124.2,0,OK,OK,OK
2026-08-29T05:41:59.330129Z,932,124.2,0,OK,OK,OK
2026-08-29T05:42:04.715199Z,934,124.2,0,OK,OK,OK
2026-08-29T05:42:10.098579Z,933,124.2,0,OK,OK,OK
2026-08-29T05:42:15.483718Z,929,124.2,0,OK,OK,OK
2026-08-29T05:42:20.881847Z,931,124.1,0,OK,OK,OK
2026-08-29T05:42:26.258178Z,929,124.1,0,OK,OK,OK
2026-08-29T05:42:31.635150Z,932,124.1,0,OK,OK,OK
2026-08-29T05:42:37.034327Z,929,124.2,0,OK,OK,OK
2026-08-29T05:42:42.418104Z,930,124.1,0,OK,OK,OK
2026-08-29T05:42:47.805658Z,929,124.1,0,OK,OK,OK
2026-08-29T05:42:53.174934Z,932,124.1,0,OK,OK,OK
2026-08-29T05:42:58.538701Z,928,124.1,0,OK,OK,OK
2026-08-29T05:43:03.931253Z,932,124.1,0,OK,OK,OK
2026-08-29T05:43:09.302479Z,928,124.1,0,OK,OK,OK
2026-08-29T05:43:14.699038Z,930,124.1,0,OK,OK,OK
2026-08-29T05:43:20.085086Z,933,124.1,0,OK,OK,OK
2026-08-29T05:43:25.459558Z,926,124.1,0,OK,OK,OK
2026-08-29T05:43:30.841530Z,931,124.1,0,OK,OK,OK
2026-08-29T05:43:36.234944Z,930,124.1,0,OK,OK,OK
2026-08-29T05:43:41.604802Z,930,124.1,0,OK,OK,OK
2026-08-29T05:43:46.972554Z,928,124.1,0,OK,OK,OK
2026-08-29T05:43:52.361277Z,931,124.1,0,OK,OK,OK
2026-08-29T05:43:57.741208Z,932,124.2,0,OK,OK,OK
2026-08-29T05:44:03.117279Z,933,124.2,0,OK,OK,OK
2026-08-29T05:44:08.506819Z,933,124.2,0,OK,OK,OK
2026-08-29T05:44:13.932047Z,928,124.2,0,OK,OK,OK
2026-08-29T05:44:19.325542Z,931,124.3,0,OK,OK,OK
2026-08-29T05:44:24.712041Z,932,124.3,0,OK,OK,OK
2026-08-29T05:44:30.090114Z,931,124.3,0,OK,OK,OK
2026-08-29T05:44:35.459505Z,932,124.3,0,OK,OK,OK
2026-08-29T05:44:40.842498Z,930,124.3,0,OK,OK,OK
2026-08-29T05:44:46.230157Z,930,124.2,0,OK,OK,OK
2026-08-29T05:44:51.612247Z,929,124.2,0,OK,OK,OK
2026-08-29T05:44:57.009223Z,930,124.2,0,OK,OK,OK
2026-08-29T05:45:02.385122Z,927,124.4,0,OK,OK,OK
2026-08-29T05:45:07.768270Z,931,124.3,0,OK,OK,OK
2026-08-29T05:45:13.180764Z,928,124.3,0,OK,OK,OK
2026-08-29T05:45:18.560621Z,929,124.3,0,OK,OK,OK
2026-08-29T05:45:23.936706Z,933,124.3,0,OK,OK,OK
2026-08-29T05:45:29.331181Z,932,124.3,0,OK,OK,OK
2026-08-29T05:45:34.719919Z,929,124.3,0,OK,OK,OK
2026-08-29T05:45:40.077973Z,929,124.3,0,OK,OK,OK
2026-08-29T05:45:45.469074Z,930,124.3,0,OK,OK,OK
2026-08-29T05:45:50.849712Z,929,124.3,0,OK,OK,OK
2026-08-29T05:45:56.231808Z,932,124.3,0,OK,OK,OK
2026-08-29T05:46:01.597112Z,930,124.3,0,OK,OK,OK
2026-08-29T05:46:06.978445Z,931,124.3,0,OK,OK,OK
2026-08-29T05:46:12.377256Z,934,124.3,0,OK,OK,OK
2026-08-29T05:46:17.764033Z,939,124.2,0,OK,OK,OK
2026-08-29T05:46:23.149434Z,930,124.3,0,OK,OK,OK
2026-08-29T05:46:28.536355Z,933,124.3,0,OK,OK,OK
2026-08-29T05:46:33.907162Z,929,124.3,0,OK,OK,OK
2026-08-29T05:46:39.276127Z,931,124.3,0,OK,OK,OK
2026-08-29T05:46:44.647855Z,930,124.3,0,OK,OK,OK
2026-08-29T05:46:50.038148Z,930,124.3,0,OK,OK,OK
2026-08-29T05:46:55.403782Z,932,124.3,0,OK,OK,OK
2026-08-29T05:47:00.777358Z,931,124.3,0,OK,OK,OK
2026-08-29T05:47:06.161622Z,931,124.2,0,OK,OK,OK
2026-08-29T05:47:11.532118Z,930,124.2,0,OK,OK,OK
2026-08-29T05:47:16.897252Z,927,124.2,0,OK,OK,OK
2026-08-29T05:47:22.288904Z,928,124.3,0,OK,OK,OK
2026-08-29T05:47:27.675419Z,928,124.2,0,OK,OK,OK
2026-08-29T05:47:33.041835Z,930,124.2,0,OK,OK,OK
2026-08-29T05:47:38.454021Z,932,124.3,0,OK,OK,OK
2026-08-29T05:47:43.842559Z,931,124.2,0,OK,OK,OK
2026-08-29T05:47:49.228657Z,931,124.3,0,OK,OK,OK
2026-08-29T05:47:54.592745Z,929,124.2,0,OK,OK,OK
2026-08-29T05:47:59.969831Z,935,124.3,0,OK,OK,OK
2026-08-29T05:48:05.340450Z,929,124.3,0,OK,OK,OK
2026-08-29T05:48:10.712642Z,932,124.3,0,OK,OK,OK
2026-08-29T05:48:16.081257Z,931,124.2,0,OK,OK,OK
2026-08-29T05:48:21.474191Z,931,124.3,0,OK,OK,OK
2026-08-29T05:48:26.854232Z,931,124.3,0,OK,OK,OK
2026-08-29T05:48:32.244283Z,932,124.3,0,OK,OK,OK
2026-08-29T05:48:37.626383Z,931,124.3,0,OK,OK,OK
2026-08-29T05:48:43.021409Z,930,124.3,0,OK,OK,OK
2026-08-29T05:48:48.392648Z,1016,124.3,0,OK,OK,OK
2026-08-29T05:48:53.758014Z,1033,124.3,0,OK,OK,OK
2026-08-29T05:48:59.150876Z,1036,124.3,0,OK,OK,OK
2026-08-29T05:49:04.543405Z,1036,124.3,0,OK,OK,OK
2026-08-29T05:49:09.945729Z,1051,124.2,0,OK,OK,OK
2026-08-29T05:49:15.378877Z,1049,124.3,0,OK,OK,OK
2026-08-29T05:49:20.766702Z,1043,124.3,0,OK,OK,OK
2026-08-29T05:49:26.166574Z,1038,124.2,0,OK,OK,OK
2026-08-29T05:49:31.523679Z,1040,124.2,0,OK,OK,OK
2026-08-29T05:49:36.907954Z,1036,124.2,0,OK,OK,OK
2026-08-29T05:49:42.308800Z,1035,124.2,0,OK,OK,OK
2026-08-29T05:49:47.713193Z,1035,124.1,0,OK,OK,OK
2026-08-29T05:49:53.086392Z,1037,124.2,0,OK,OK,OK
2026-08-29T05:49:58.485295Z,1033,124.3,0,OK,OK,OK
2026-08-29T05:50:03.874268Z,1035,124.3,0,OK,OK,OK
2026-08-29T05:50:09.252350Z,1031,124.2,0,OK,OK,OK
2026-08-29T05:50:14.667321Z,1027,124.2,0,OK,OK,OK
2026-08-29T05:50:20.044537Z,1024,124.2,0,OK,OK,OK
2026-08-29T05:50:25.433921Z,1021,124.2,0,OK,OK,OK
2026-08-29T05:50:30.823838Z,1024,124.2,0,OK,OK,OK
2026-08-29T05:50:36.207835Z,1020,124.2,0,OK,OK,OK
2026-08-29T05:50:41.619962Z,1018,124.1,0,OK,OK,OK
2026-08-29T05:50:46.981796Z,1016,124.3,0,OK,OK,OK
2026-08-29T05:50:52.375768Z,1016,124.3,0,OK,OK,OK
2026-08-29T05:50:57.752487Z,1016,124.3,0,OK,OK,OK
2026-08-29T05:51:03.139079Z,1016,124.3,0,OK,OK,OK
2026-08-29T05:51:08.527690Z,1016,124.3,0,OK,OK,OK
2026-08-29T05:51:13.914049Z,1014,124.3,0,OK,OK,OK
2026-08-29T05:51:19.296956Z,1022,124.3,0,OK,OK,OK
2026-08-29T05:51:24.668527Z,1017,124.3,0,OK,OK,OK
2026-08-29T05:51:30.041503Z,1019,124.3,0,OK,OK,OK
2026-08-29T05:51:35.423876Z,1015,124.3,0,OK,OK,OK
2026-08-29T05:51:40.807464Z,1017,124.3,0,OK,OK,OK
2026-08-29T05:51:46.191934Z,1017,124.3,0,OK,OK,OK
2026-08-29T05:51:51.595430Z,1018,124.3,0,OK,OK,OK
2026-08-29T05:51:57.006936Z,1017,124.3,0,OK,OK,OK
2026-08-29T05:52:02.370191Z,1015,124.3,0,OK,OK,OK
2026-08-29T05:52:07.744757Z,1016,124.3,0,OK,OK,OK
2026-08-29T05:52:13.130884Z,1014,124.3,0,OK,OK,OK
2026-08-29T05:52:18.511125Z,1014,124.3,0,OK,OK,OK
2026-08-29T05:52:23.902082Z,1016,124.3,0,OK,OK,OK
2026-08-29T05:52:29.288398Z,1013,124.3,0,OK,OK,OK
2026-08-29T05:52:34.661680Z,1015,124.2,0,OK,OK,OK
2026-08-29T05:52:40.048092Z,1013,124.3,0,OK,OK,OK
2026-08-29T05:52:45.450636Z,1013,124.3,0,OK,OK,OK
2026-08-29T05:52:50.847100Z,1019,124.2,0,OK,OK,OK
2026-08-29T05:52:56.223618Z,1014,124.3,0,OK,OK,OK
2026-08-29T05:53:01.604940Z,1015,124.2,0,OK,OK,OK
2026-08-29T05:53:06.994338Z,1012,124.2,0,OK,OK,OK
2026-08-29T05:53:12.374902Z,1014,124.3,0,OK,OK,OK
2026-08-29T05:53:17.762871Z,1016,124.3,0,OK,OK,OK
2026-08-29T05:53:23.146840Z,1018,124.3,0,OK,OK,OK
2026-08-29T05:53:28.526122Z,1016,124.2,0,OK,OK,OK
2026-08-29T05:53:33.893209Z,1016,124.2,0,OK,OK,OK
2026-08-29T05:53:39.280737Z,1017,124.3,0,OK,OK,OK
2026-08-29T05:53:44.663946Z,1018,124.3,0,OK,OK,OK
2026-08-29T05:53:50.055902Z,1022,124.3,0,OK,OK,OK
2026-08-29T05:53:55.441279Z,1018,124.3,0,OK,OK,OK
2026-08-29T05:54:00.822281Z,1018,124.2,0,OK,OK,OK
2026-08-29T05:54:06.200976Z,1018,124.2,0,OK,OK,OK
2026-08-29T05:54:11.571850Z,1016,124.2,0,OK,OK,OK
2026-08-29T05:54:16.956262Z,1018,124.3,0,OK,OK,OK
2026-08-29T05:54:22.342904Z,1020,124.2,0,OK,OK,OK
2026-08-29T05:54:27.729394Z,1018,124.2,0,OK,OK,OK
2026-08-29T05:54:33.097482Z,1018,124.2,0,OK,OK,OK
2026-08-29T05:54:38.482515Z,1020,124.3,0,OK,OK,OK
2026-08-29T05:54:43.856766Z,1019,124.2,0,OK,OK,OK
2026-08-29T05:54:49.256306Z,1025,124.2,0,OK,OK,OK
2026-08-29T05:54:54.634503Z,1022,124.3,0,OK,OK,OK
2026-08-29T05:55:00.004372Z,1022,124.3,0,OK,OK,OK
2026-08-29T05:55:05.398093Z,1021,124.4,0,OK,OK,OK
2026-08-29T05:55:10.799074Z,1022,124.3,0,OK,OK,OK
2026-08-29T05:55:16.209044Z,1019,124.3,0,OK,OK,OK
2026-08-29T05:55:21.589737Z,1019,124.3,0,OK,OK,OK
2026-08-29T05:55:26.950421Z,1019,124.3,0,OK,OK,OK
2026-08-29T05:55:32.319049Z,1022,124.4,0,OK,OK,OK
2026-08-29T05:55:37.684598Z,1018,124.3,0,OK,OK,OK
2026-08-29T05:55:43.076040Z,1021,124.4,0,OK,OK,OK
2026-08-29T05:55:48.487108Z,1021,124.4,0,OK,OK,OK
2026-08-29T05:55:53.873617Z,1019,124.3,0,OK,OK,OK
2026-08-29T05:55:59.272662Z,1020,124.3,0,OK,OK,OK
2026-08-29T05:56:04.661695Z,1017,124.3,0,OK,OK,OK
2026-08-29T05:56:10.047313Z,1018,124.3,0,OK,OK,OK
2026-08-29T05:56:15.450140Z,1019,124.3,0,OK,OK,OK
2026-08-29T05:56:20.838147Z,1018,124.3,0,OK,OK,OK
2026-08-29T05:56:26.212426Z,1018,124.3,0,OK,OK,OK
2026-08-29T05:56:31.602136Z,1021,124.3,0,OK,OK,OK
2026-08-29T05:56:36.996767Z,1018,124.3,0,OK,OK,OK
2026-08-29T05:56:42.370447Z,1021,124.4,0,OK,OK,OK
2026-08-29T05:56:47.737974Z,1017,124.3,0,OK,OK,OK
2026-08-29T05:56:53.107989Z,1017,124.3,0,OK,OK,OK
2026-08-29T05:56:58.481115Z,1018,124.3,0,OK,OK,OK
2026-08-29T05:57:03.858681Z,1020,124.3,0,OK,OK,OK
2026-08-29T05:57:09.250495Z,1019,124.3,0,OK,OK,OK
2026-08-29T05:57:14.629639Z,1018,124.3,0,OK,OK,OK
2026-08-29T05:57:20.012638Z,1017,124.3,0,OK,OK,OK
2026-08-29T05:57:25.376950Z,1018,124.3,0,OK,OK,OK
2026-08-29T05:57:30.773101Z,1019,124.3,0,OK,OK,OK
2026-08-29T05:57:36.163567Z,1017,124.3,0,OK,OK,OK
2026-08-29T05:57:41.531512Z,1016,124.0,0,OK,OK,OK
2026-08-29T05:57:46.913203Z,1015,124.1,0,OK,OK,OK
2026-08-29T05:57:52.295076Z,1028,124.0,0,OK,OK,OK
2026-08-29T05:57:57.676606Z,1102,124.1,0,OK,OK,OK
2026-08-29T05:58:03.064340Z,1102,124.1,0,OK,OK,OK
2026-08-29T05:58:08.447369Z,1113,124.1,0,OK,OK,OK
2026-08-29T05:58:13.832899Z,1125,124.1,0,OK,OK,OK
2026-08-29T05:58:19.219316Z,1125,124.1,0,OK,OK,OK
2026-08-29T05:58:24.598750Z,1121,124.0,0,OK,OK,OK
2026-08-29T05:58:29.976409Z,1119,124.1,0,OK,OK,OK
2026-08-29T05:58:35.358727Z,1095,124.0,0,OK,OK,OK
2026-08-29T05:58:40.730668Z,1076,124.0,0,OK,OK,OK
2026-08-29T05:58:46.120015Z,1070,124.0,0,OK,OK,OK
2026-08-29T05:58:51.508303Z,1066,124.0,0,OK,OK,OK
2026-08-29T05:58:56.884378Z,1072,123.9,0,OK,OK,OK
2026-08-29T05:59:02.279181Z,1068,123.9,0,OK,OK,OK
2026-08-29T05:59:07.660919Z,1069,123.9,0,OK,OK,OK
2026-08-29T05:59:13.036074Z,1068,123.9,0,OK,OK,OK
2026-08-29T05:59:18.412468Z,1068,123.9,0,OK,OK,OK
2026-08-29T05:59:23.792970Z,1066,123.9,0,OK,OK,OK
2026-08-29T05:59:29.163617Z,1075,123.9,0,OK,OK,OK
2026-08-29T05:59:34.534119Z,1068,123.9,0,OK,OK,OK
2026-08-29T05:59:39.923769Z,1065,124.0,0,OK,OK,OK
2026-08-29T05:59:45.312829Z,1067,124.0,0,OK,OK,OK
2026-08-29T05:59:50.703455Z,1065,124.0,0,OK,OK,OK
2026-08-29T05:59:56.084003Z,1063,124.1,0,OK,OK,OK
2026-08-29T06:00:01.466622Z,1066,124.1,0,OK,OK,OK
2026-08-29T06:00:06.853230Z,1063,124.0,0,OK,OK,OK
2026-08-29T06:00:12.239358Z,1073,124.0,0,OK,OK,OK
2026-08-29T06:00:17.589689Z,1087,124.0,0,OK,OK,OK
2026-08-29T06:00:22.951909Z,1074,124.0,0,OK,OK,OK
2026-08-29T06:00:28.345577Z,1070,124.1,0,OK,OK,OK
2026-08-29T06:00:33.749622Z,1075,124.1,0,OK,OK,OK
2026-08-29T06:00:39.125205Z,1077,124.1,0,OK,OK,OK
2026-08-29T06:00:44.473079Z,1076,124.1,0,OK,OK,OK
2026-08-29T06:00:49.817716Z,1073,124.0,0,OK,OK,OK
2026-08-29T06:00:55.155729Z,1076,124.0,0,OK,OK,OK
2026-08-29T06:01:00.500640Z,1074,124.0,0,OK,OK,OK
2026-08-29T06:01:05.839432Z,1084,124.0,0,OK,OK,OK
2026-08-29T06:01:11.185531Z,1074,124.0,0,OK,OK,OK
2026-08-29T06:01:16.554882Z,1080,124.1,0,OK,OK,OK
2026-08-29T06:01:21.914650Z,1076,124.1,0,OK,OK,OK
2026-08-29T06:01:27.237036Z,1073,124.0,0,OK,OK,OK
2026-08-29T06:01:32.600204Z,1072,124.0,0,OK,OK,OK
2026-08-29T06:01:37.945290Z,1072,124.1,0,OK,OK,OK
2026-08-29T06:01:43.299550Z,1081,124.1,0,OK,OK,OK
2026-08-29T06:01:48.612138Z,1065,124.1,0,OK,OK,OK
2026-08-29T06:01:53.991823Z,1066,124.1,0,OK,OK,OK
2026-08-29T06:01:59.379976Z,1065,124.0,0,OK,OK,OK
2026-08-29T06:02:04.749299Z,1068,124.1,0,OK,OK,OK
2026-08-29T06:02:10.124492Z,1066,124.1,0,OK,OK,OK
2026-08-29T06:02:15.512916Z,1068,124.1,0,OK,OK,OK
2026-08-29T06:02:20.893675Z,1064,124.0,0,OK,OK,OK
2026-08-29T06:02:26.266072Z,1065,124.0,0,OK,OK,OK
2026-08-29T06:02:31.640727Z,1068,124.0,0,OK,OK,OK
2026-08-29T06:02:37.018426Z,1063,124.1,0,OK,OK,OK
2026-08-29T06:02:42.390159Z,1066,124.1,0,OK,OK,OK
2026-08-29T06:02:47.770769Z,1065,124.1,0,OK,OK,OK
2026-08-29T06:02:53.178449Z,1065,124.0,0,OK,OK,OK
2026-08-29T06:02:58.555823Z,1063,124.0,0,OK,OK,OK
2026-08-29T06:03:03.944110Z,1065,124.0,0,OK,OK,OK
2026-08-29T06:03:09.332180Z,1065,124.0,0,OK,OK,OK
2026-08-29T06:03:14.704557Z,1063,123.9,0,OK,OK,OK
2026-08-29T06:03:20.086962Z,1066,124.0,0,OK,OK,OK
2026-08-29T06:03:25.469378Z,1064,123.9,0,OK,OK,OK
2026-08-29T06:03:30.859438Z,1067,123.9,0,OK,OK,OK
2026-08-29T06:03:36.225413Z,1068,124.0,0,OK,OK,OK
2026-08-29T06:03:41.581745Z,1064,124.0,0,OK,OK,OK
2026-08-29T06:03:46.958265Z,1065,124.0,0,OK,OK,OK
2026-08-29T06:03:52.334717Z,1060,124.0,0,OK,OK,OK
2026-08-29T06:03:57.699818Z,1064,123.9,0,OK,OK,OK
2026-08-29T06:04:03.085214Z,1063,123.9,0,OK,OK,OK
2026-08-29T06:04:08.459237Z,1066,123.9,0,OK,OK,OK
2026-08-29T06:04:13.848822Z,1062,123.9,0,OK,OK,OK
2026-08-29T06:04:19.221095Z,1069,123.9,0,OK,OK,OK
2026-08-29T06:04:24.609154Z,1066,123.9,0,OK,OK,OK
2026-08-29T06:04:29.997444Z,1067,123.9,0,OK,OK,OK
2026-08-29T06:04:35.368800Z,1065,123.9,0,OK,OK,OK
2026-08-29T06:04:40.757693Z,1066,123.9,0,OK,OK,OK
2026-08-29T06:04:46.156320Z,1065,123.9,0,OK,OK,OK
2026-08-29T06:04:51.534250Z,1064,123.9,0,OK,OK,OK
2026-08-29T06:04:56.918199Z,1064,124.0,0,OK,OK,OK
2026-08-29T06:05:02.307277Z,1066,124.1,0,OK,OK,OK
2026-08-29T06:05:07.696605Z,1064,124.1,0,OK,OK,OK
2026-08-29T06:05:13.056083Z,1066,124.1,0,OK,OK,OK
2026-08-29T06:05:18.441016Z,1067,124.1,0,OK,OK,OK
2026-08-29T06:05:23.817374Z,1068,124.1,0,OK,OK,OK
2026-08-29T06:05:29.220437Z,1068,124.1,0,OK,OK,OK
2026-08-29T06:05:34.588407Z,1068,124.1,0,OK,OK,OK
2026-08-29T06:05:39.971466Z,1068,124.1,0,OK,OK,OK
2026-08-29T06:05:45.358750Z,1068,124.1,0,OK,OK,OK
2026-08-29T06:05:50.754625Z,0,,0,DEGRADED,OFFLINE,OK
2026-08-29T06:05:56.133307Z,0,,0,DEGRADED,OFFLINE,OK
2026-08-29T06:06:01.516938Z,0,,0,DEGRADED,OFFLINE,OK
2026-08-29T06:06:06.903977Z,1063,124.3,0,OK,OK,OK
2026-08-29T06:06:12.268547Z,1065,124.3,0,OK,OK,OK
2026-08-29T06:06:17.665259Z,1075,124.2,0,OK,OK,OK
2026-08-29T06:06:23.048192Z,1066,124.2,0,OK,OK,OK
2026-08-29T06:06:28.409849Z,1066,124.2,0,OK,OK,OK
2026-08-29T06:06:33.798174Z,1068,124.3,0,OK,OK,OK
2026-08-29T06:06:39.187521Z,1063,124.3,0,OK,OK,OK
2026-08-29T06:06:44.559744Z,1064,124.2,0,OK,OK,OK
2026-08-29T06:06:49.948856Z,1064,124.3,0,OK,OK,OK
2026-08-29T06:06:55.329858Z,1065,124.2,0,OK,OK,OK
2026-08-29T06:07:00.724547Z,1067,124.3,0,OK,OK,OK
2026-08-29T06:07:06.092690Z,1062,124.2,0,OK,OK,OK
2026-08-29T06:07:11.468997Z,1066,124.2,0,OK,OK,OK
2026-08-29T06:07:16.884306Z,1065,124.2,0,OK,OK,OK
2026-08-29T06:07:22.271930Z,1062,124.3,0,OK,OK,OK
2026-08-29T06:07:27.633552Z,1065,124.3,0,OK,OK,OK
2026-08-29T06:07:33.021771Z,1073,124.3,0,OK,OK,OK
2026-08-29T06:07:38.408047Z,1071,124.3,0,OK,OK,OK
2026-08-29T06:07:43.770950Z,1071,124.3,0,OK,OK,OK
2026-08-29T06:07:49.155427Z,1072,124.3,0,OK,OK,OK
2026-08-29T06:07:54.534915Z,1071,124.3,0,OK,OK,OK
2026-08-29T06:07:59.916258Z,1074,124.3,0,OK,OK,OK
2026-08-29T06:08:05.298392Z,1076,124.3,0,OK,OK,OK
2026-08-29T06:08:10.695781Z,1072,124.3,0,OK,OK,OK
2026-08-29T06:08:16.076621Z,1074,124.3,0,OK,OK,OK
2026-08-29T06:08:21.462627Z,1071,124.3,0,OK,OK,OK
2026-08-29T06:08:26.828581Z,1071,124.3,0,OK,OK,OK
2026-08-29T06:08:32.216854Z,1070,124.3,0,OK,OK,OK
2026-08-29T06:08:37.605110Z,1070,124.3,0,OK,OK,OK
2026-08-29T06:08:42.993487Z,1072,124.3,0,OK,OK,OK
2026-08-29T06:08:48.365814Z,1072,124.3,0,OK,OK,OK
2026-08-29T06:08:53.744732Z,1070,124.3,0,OK,OK,OK
2026-08-29T06:08:59.134375Z,1070,124.3,0,OK,OK,OK
2026-08-29T06:09:04.516317Z,1073,124.2,0,OK,OK,OK
2026-08-29T06:09:09.899908Z,1075,124.2,0,OK,OK,OK
2026-08-29T06:09:15.301855Z,1072,124.2,0,OK,OK,OK
2026-08-29T06:09:20.700804Z,1070,124.2,0,OK,OK,OK
2026-08-29T06:09:26.082982Z,1077,124.3,0,OK,OK,OK
2026-08-29T06:09:31.467769Z,1071,124.3,0,OK,OK,OK
2026-08-29T06:09:36.836210Z,1073,124.2,0,OK,OK,OK
2026-08-29T06:09:42.216288Z,1069,124.3,0,OK,OK,OK
2026-08-29T06:09:47.605858Z,1069,124.2,0,OK,OK,OK
2026-08-29T06:09:52.995206Z,1071,124.3,0,OK,OK,OK
2026-08-29T06:09:58.375475Z,1070,124.3,0,OK,OK,OK
2026-08-29T06:10:03.755601Z,1070,124.4,0,OK,OK,OK
2026-08-29T06:10:09.136785Z,1074,124.3,0,OK,OK,OK
2026-08-29T06:10:14.520081Z,1068,124.3,0,OK,OK,OK
2026-08-29T06:10:19.892598Z,1070,124.3,0,OK,OK,OK
2026-08-29T06:10:25.271850Z,1074,124.4,0,OK,OK,OK
2026-08-29T06:10:30.663228Z,1071,124.4,0,OK,OK,OK
2026-08-29T06:10:36.033598Z,1070,124.3,0,OK,OK,OK
2026-08-29T06:10:41.409854Z,1073,124.4,0,OK,OK,OK
2026-08-29T06:10:46.798092Z,1070,124.3,0,OK,OK,OK
2026-08-29T06:10:52.178771Z,1069,124.3,0,OK,OK,OK
2026-08-29T06:10:57.558469Z,986,124.3,0,OK,OK,OK
2026-08-29T06:11:02.945826Z,991,124.3,0,OK,OK,OK
2026-08-29T06:11:08.334785Z,986,124.3,0,OK,OK,OK
2026-08-29T06:11:13.705876Z,989,124.3,0,OK,OK,OK
2026-08-29T06:11:19.111113Z,997,124.3,0,OK,OK,OK
2026-08-29T06:11:24.515280Z,988,124.3,0,OK,OK,OK
2026-08-29T06:11:29.887589Z,991,124.3,0,OK,OK,OK
2026-08-29T06:11:35.256849Z,994,124.3,0,OK,OK,OK
2026-08-29T06:11:40.657736Z,993,124.3,0,OK,OK,OK
2026-08-29T06:11:46.046070Z,988,124.4,0,OK,OK,OK
2026-08-29T06:11:51.402344Z,992,124.4,0,OK,OK,OK
2026-08-29T06:11:56.797222Z,992,124.3,0,OK,OK,OK
2026-08-29T06:12:02.184052Z,993,124.4,0,OK,OK,OK
2026-08-29T06:12:07.557560Z,991,124.4,0,OK,OK,OK
2026-08-29T06:12:12.929827Z,992,124.4,0,OK,OK,OK
2026-08-29T06:12:18.317898Z,989,124.3,0,OK,OK,OK
2026-08-29T06:12:23.706171Z,990,124.3,0,OK,OK,OK
2026-08-29T06:12:29.073690Z,989,124.3,0,OK,OK,OK
2026-08-29T06:12:34.461448Z,986,124.4,0,OK,OK,OK
2026-08-29T06:12:39.844955Z,990,124.4,0,OK,OK,OK
2026-08-29T06:12:45.233945Z,990,124.3,0,OK,OK,OK
2026-08-29T06:12:50.603452Z,989,124.3,0,OK,OK,OK
2026-08-29T06:12:55.982892Z,992,124.3,0,OK,OK,OK
2026-08-29T06:13:01.358042Z,989,124.3,0,OK,OK,OK
2026-08-29T06:13:06.715657Z,990,124.3,0,OK,OK,OK
2026-08-29T06:13:12.103811Z,992,124.6,0,OK,OK,OK
2026-08-29T06:13:17.522079Z,990,124.6,0,OK,OK,OK
2026-08-29T06:13:22.912162Z,991,124.6,0,OK,OK,OK
2026-08-29T06:13:28.288494Z,990,124.6,0,OK,OK,OK
2026-08-29T06:13:33.714459Z,991,124.6,0,OK,OK,OK
2026-08-29T06:13:39.108825Z,991,124.6,0,OK,OK,OK
2026-08-29T06:13:44.484383Z,991,124.7,0,OK,OK,OK
2026-08-29T06:13:49.861149Z,991,124.6,0,OK,OK,OK
2026-08-29T06:13:55.239211Z,992,124.6,0,OK,OK,OK
2026-08-29T06:14:00.629250Z,990,124.6,0,OK,OK,OK
2026-08-29T06:14:05.995669Z,992,124.5,0,OK,OK,OK
2026-08-29T06:14:11.396773Z,988,124.5,0,OK,OK,OK
2026-08-29T06:14:16.779225Z,992,124.5,0,OK,OK,OK
2026-08-29T06:14:22.146967Z,987,124.4,0,OK,OK,OK
2026-08-29T06:14:27.550728Z,990,124.5,0,OK,OK,OK
2026-08-29T06:14:32.933331Z,990,124.5,0,OK,OK,OK
2026-08-29T06:14:38.315867Z,991,124.6,0,OK,OK,OK
2026-08-29T06:14:43.711079Z,989,124.6,0,OK,OK,OK
2026-08-29T06:14:49.090991Z,989,124.6,0,OK,OK,OK
2026-08-29T06:14:54.464684Z,992,124.6,0,OK,OK,OK
2026-08-29T06:14:59.836579Z,989,124.6,0,OK,OK,OK
2026-08-29T06:15:05.224808Z,991,124.7,0,OK,OK,OK
2026-08-29T06:15:10.596967Z,993,124.6,0,OK,OK,OK
2026-08-29T06:15:16.000978Z,989,124.6,0,OK,OK,OK
2026-08-29T06:15:21.361538Z,989,124.6,0,OK,OK,OK
2026-08-29T06:15:26.736522Z,989,124.6,0,OK,OK,OK
2026-08-29T06:15:32.127368Z,992,124.6,0,OK,OK,OK
2026-08-29T06:15:37.522029Z,992,124.6,0,OK,OK,OK
2026-08-29T06:15:42.910940Z,990,124.6,0,OK,OK,OK
2026-08-29T06:15:48.305508Z,992,124.7,0,OK,OK,OK
2026-08-29T06:15:53.673490Z,990,124.7,0,OK,OK,OK
2026-08-29T06:15:59.044040Z,989,124.7,0,OK,OK,OK
2026-08-29T06:16:04.430919Z,991,124.7,0,OK,OK,OK
2026-08-29T06:16:09.835646Z,991,124.7,0,OK,OK,OK
2026-08-29T06:16:15.206562Z,991,124.7,0,OK,OK,OK
2026-08-29T06:16:20.600816Z,987,124.7,0,OK,OK,OK
2026-08-29T06:16:25.985004Z,991,124.7,0,OK,OK,OK
2026-08-29T06:16:31.365224Z,988,124.6,0,OK,OK,OK
2026-08-29T06:16:36.751583Z,995,124.6,0,OK,OK,OK
2026-08-29T06:16:42.139415Z,990,124.6,0,OK,OK,OK
2026-08-29T06:16:47.521255Z,990,124.7,0,OK,OK,OK
2026-08-29T06:16:52.900342Z,989,124.6,0,OK,OK,OK
2026-08-29T06:16:58.281071Z,992,124.6,0,OK,OK,OK
2026-08-29T06:17:03.698719Z,992,124.6,0,OK,OK,OK
2026-08-29T06:17:09.076153Z,993,124.6,0,OK,OK,OK
2026-08-29T06:17:14.450400Z,989,124.6,0,OK,OK,OK
2026-08-29T06:17:19.838405Z,994,124.7,0,OK,OK,OK
2026-08-29T06:17:25.251848Z,991,124.6,0,OK,OK,OK
2026-08-29T06:17:30.621372Z,989,124.6,0,OK,OK,OK
2026-08-29T06:17:36.003052Z,991,124.6,0,OK,OK,OK
2026-08-29T06:17:41.387536Z,992,124.6,0,OK,OK,OK
2026-08-29T06:17:46.791769Z,992,124.7,0,OK,OK,OK
2026-08-29T06:17:52.164047Z,992,124.7,0,OK,OK,OK
2026-08-29T06:17:57.553190Z,990,124.7,0,OK,OK,OK
2026-08-29T06:18:02.925387Z,991,124.7,0,OK,OK,OK
2026-08-29T06:18:08.314328Z,988,124.4,0,OK,OK,OK
2026-08-29T06:18:13.700683Z,987,124.6,0,OK,OK,OK
2026-08-29T06:18:19.073781Z,990,124.6,0,OK,OK,OK
2026-08-29T06:18:24.471958Z,989,124.5,0,OK,OK,OK
2026-08-29T06:18:29.872751Z,991,124.6,0,OK,OK,OK
2026-08-29T06:18:35.255009Z,989,124.6,0,OK,OK,OK
2026-08-29T06:18:40.645365Z,990,124.6,0,OK,OK,OK
2026-08-29T06:18:46.010729Z,993,124.6,0,OK,OK,OK
2026-08-29T06:18:51.388983Z,990,124.6,0,OK,OK,OK
2026-08-29T06:18:56.772082Z,998,124.6,0,OK,OK,OK
2026-08-29T06:19:02.118830Z,991,124.6,0,OK,OK,OK
2026-08-29T06:19:07.506957Z,991,124.5,0,OK,OK,OK
2026-08-29T06:19:12.890004Z,991,124.5,0,OK,OK,OK
2026-08-29T06:19:18.283425Z,991,124.6,0,OK,OK,OK
2026-08-29T06:19:23.659919Z,992,124.5,0,OK,OK,OK
2026-08-29T06:19:29.043543Z,989,124.5,0,OK,OK,OK
2026-08-29T06:19:34.439848Z,990,124.6,0,OK,OK,OK
2026-08-29T06:19:39.826980Z,992,124.5,0,OK,OK,OK
2026-08-29T06:19:45.192102Z,990,124.6,0,OK,OK,OK
2026-08-29T06:19:50.577084Z,989,124.5,0,OK,OK,OK
2026-08-29T06:19:55.963236Z,991,124.5,0,OK,OK,OK
2026-08-29T06:20:01.340535Z,989,124.6,0,OK,OK,OK
2026-08-29T06:20:06.713408Z,989,124.6,0,OK,OK,OK
2026-08-29T06:20:12.081415Z,991,124.6,0,OK,OK,OK
2026-08-29T06:20:17.476078Z,989,124.6,0,OK,OK,OK
2026-08-29T06:20:22.848968Z,991,124.6,0,OK,OK,OK
2026-08-29T06:20:28.216927Z,988,124.6,0,OK,OK,OK
2026-08-29T06:20:33.590034Z,994,124.5,0,OK,OK,OK
2026-08-29T06:20:38.959598Z,990,124.6,0,OK,OK,OK
2026-08-29T06:20:44.350351Z,990,124.6,0,OK,OK,OK
2026-08-29T06:20:49.722477Z,991,124.6,0,OK,OK,OK
2026-08-29T06:20:55.126707Z,988,124.6,0,OK,OK,OK
2026-08-29T06:21:00.492768Z,990,124.6,0,OK,OK,OK
2026-08-29T06:21:05.902921Z,992,124.6,0,OK,OK,OK
2026-08-29T06:21:11.283152Z,991,124.6,0,OK,OK,OK
2026-08-29T06:21:16.692865Z,998,124.7,0,OK,OK,OK
2026-08-29T06:21:22.056073Z,990,124.7,0,OK,OK,OK
2026-08-29T06:21:27.439242Z,992,124.6,0,OK,OK,OK
2026-08-29T06:21:32.816666Z,988,124.6,0,OK,OK,OK
2026-08-29T06:21:38.216348Z,988,124.4,0,OK,OK,OK
2026-08-29T06:21:43.619966Z,987,124.4,0,OK,OK,OK
2026-08-29T06:21:49.002994Z,988,124.4,0,OK,OK,OK
2026-08-29T06:21:54.395126Z,988,124.4,0,OK,OK,OK
2026-08-29T06:21:59.769315Z,991,124.4,0,OK,OK,OK
2026-08-29T06:22:05.157705Z,988,124.4,0,OK,OK,OK
2026-08-29T06:22:10.536970Z,988,124.4,0,OK,OK,OK
2026-08-29T06:22:15.940987Z,988,124.4,0,OK,OK,OK
2026-08-29T06:22:21.341024Z,990,124.3,0,OK,OK,OK
2026-08-29T06:22:26.758674Z,990,124.4,0,OK,OK,OK
2026-08-29T06:22:32.141767Z,991,124.4,0,OK,OK,OK
2026-08-29T06:22:37.509856Z,992,124.4,0,OK,OK,OK
2026-08-29T06:22:42.905331Z,991,124.4,0,OK,OK,OK
2026-08-29T06:22:48.283645Z,989,124.3,0,OK,OK,OK
2026-08-29T06:22:53.641794Z,990,124.4,0,OK,OK,OK
2026-08-29T06:22:59.024846Z,988,124.4,0,OK,OK,OK
2026-08-29T06:23:04.413051Z,989,124.4,0,OK,OK,OK
2026-08-29T06:23:09.798830Z,991,124.4,0,OK,OK,OK
2026-08-29T06:23:15.180730Z,987,124.4,0,OK,OK,OK
2026-08-29T06:23:20.588415Z,992,124.4,0,OK,OK,OK
2026-08-29T06:23:25.981822Z,989,124.4,0,OK,OK,OK
2026-08-29T06:23:31.351015Z,988,124.4,0,OK,OK,OK
2026-08-29T06:23:36.739629Z,988,124.4,0,OK,OK,OK
2026-08-29T06:23:42.119933Z,993,124.4,0,OK,OK,OK
2026-08-29T06:23:47.505528Z,989,124.4,0,OK,OK,OK
2026-08-29T06:23:52.874828Z,985,124.3,0,OK,OK,OK
2026-08-29T06:23:58.243193Z,989,124.4,0,OK,OK,OK
2026-08-29T06:24:03.619234Z,987,124.3,0,OK,OK,OK
2026-08-29T06:24:08.987783Z,988,124.3,0,OK,OK,OK
2026-08-29T06:24:14.379565Z,988,124.3,0,OK,OK,OK
2026-08-29T06:24:19.768854Z,990,124.4,0,OK,OK,OK
2026-08-29T06:24:25.161724Z,992,124.4,0,OK,OK,OK
2026-08-29T06:24:30.532625Z,992,124.4,0,OK,OK,OK
2026-08-29T06:24:35.911058Z,988,124.4,0,OK,OK,OK
2026-08-29T06:24:41.294271Z,991,124.4,0,OK,OK,OK
2026-08-29T06:24:46.661773Z,988,124.4,0,OK,OK,OK
2026-08-29T06:24:52.037851Z,992,124.4,0,OK,OK,OK
2026-08-29T06:24:57.436401Z,996,124.4,0,OK,OK,OK
2026-08-29T06:25:02.826084Z,993,124.4,0,OK,OK,OK
2026-08-29T06:25:08.198753Z,991,124.3,0,OK,OK,OK
2026-08-29T06:25:13.667149Z,988,124.4,0,OK,OK,OK
2026-08-29T06:25:19.037652Z,989,124.4,0,OK,OK,OK
2026-08-29T06:25:24.420165Z,990,124.4,0,OK,OK,OK
2026-08-29T06:25:29.800070Z,989,124.4,0,OK,OK,OK
2026-08-29T06:25:35.176786Z,990,124.4,0,OK,OK,OK
2026-08-29T06:25:40.608955Z,997,124.4,0,OK,OK,OK
2026-08-29T06:25:45.987173Z,991,124.4,0,OK,OK,OK
2026-08-29T06:25:51.351400Z,992,124.4,0,OK,OK,OK
2026-08-29T06:25:56.722483Z,994,124.4,0,OK,OK,OK
2026-08-29T06:26:02.094670Z,994,124.4,0,OK,OK,OK
2026-08-29T06:26:07.478009Z,989,124.4,0,OK,OK,OK
2026-08-29T06:26:12.865051Z,990,124.4,0,OK,OK,OK
2026-08-29T06:26:18.247314Z,999,124.4,0,OK,OK,OK
2026-08-29T06:26:23.635552Z,989,124.4,0,OK,OK,OK
2026-08-29T06:26:29.023747Z,991,124.4,0,OK,OK,OK
2026-08-29T06:26:34.409609Z,990,124.4,0,OK,OK,OK
2026-08-29T06:26:39.781650Z,999,124.4,0,OK,OK,OK
2026-08-29T06:26:45.182447Z,993,124.4,0,OK,OK,OK
2026-08-29T06:26:50.575529Z,990,124.4,0,OK,OK,OK
2026-08-29T06:26:55.949985Z,990,124.4,0,OK,OK,OK
2026-08-29T06:27:01.333814Z,989,124.4,0,OK,OK,OK
2026-08-29T06:27:06.741628Z,988,124.3,0,OK,OK,OK
2026-08-29T06:27:12.126767Z,987,124.3,0,OK,OK,OK
2026-08-29T06:27:17.512404Z,987,124.4,0,OK,OK,OK
2026-08-29T06:27:22.910467Z,1129,124.4,0,OK,OK,OK
2026-08-29T06:27:28.296810Z,1113,124.4,0,OK,OK,OK
2026-08-29T06:27:33.678152Z,1116,124.4,0,OK,OK,OK
2026-08-29T06:27:39.055673Z,1119,124.4,0,OK,OK,OK
2026-08-29T06:27:44.443910Z,1118,124.4,0,OK,OK,OK
2026-08-29T06:27:49.816263Z,1119,124.3,0,OK,OK,OK
2026-08-29T06:27:55.196376Z,1117,124.3,0,OK,OK,OK
2026-08-29T06:28:00.569717Z,1116,124.3,0,OK,OK,OK
2026-08-29T06:28:05.957947Z,1117,124.3,0,OK,OK,OK
2026-08-29T06:28:11.331716Z,1123,124.3,0,OK,OK,OK
2026-08-29T06:28:16.685178Z,1122,124.3,0,OK,OK,OK
2026-08-29T06:28:22.077555Z,1118,124.3,0,OK,OK,OK
2026-08-29T06:28:27.464043Z,1115,124.3,0,OK,OK,OK
2026-08-29T06:28:32.823574Z,1114,124.3,0,OK,OK,OK
2026-08-29T06:28:38.193575Z,1123,124.3,0,OK,OK,OK
2026-08-29T06:28:43.582536Z,1121,124.3,0,OK,OK,OK
2026-08-29T06:28:48.963504Z,1007,124.3,0,OK,OK,OK
2026-08-29T06:28:54.328918Z,1010,124.3,0,OK,OK,OK
2026-08-29T06:28:59.673351Z,1099,124.3,0,OK,OK,OK
2026-08-29T06:29:05.028208Z,1107,124.3,0,OK,OK,OK
2026-08-29T06:29:10.388336Z,1120,124.3,0,OK,OK,OK
2026-08-29T06:29:15.741202Z,1119,124.3,0,OK,OK,OK
2026-08-29T06:29:21.123330Z,1115,124.3,0,OK,OK,OK
2026-08-29T06:29:26.515487Z,1113,124.4,0,OK,OK,OK
2026-08-29T06:29:31.894199Z,1111,124.5,0,OK,OK,OK
2026-08-29T06:29:37.275969Z,1110,124.4,0,OK,OK,OK
2026-08-29T06:29:42.653465Z,1107,124.5,0,OK,OK,OK
2026-08-29T06:29:48.026773Z,1107,124.5,0,OK,OK,OK
2026-08-29T06:29:53.410561Z,1108,124.6,0,OK,OK,OK
2026-08-29T06:29:58.773970Z,1102,124.6,0,OK,OK,OK
2026-08-29T06:30:04.161513Z,1101,124.5,0,OK,OK,OK
2026-08-29T06:30:09.530825Z,1099,124.6,0,OK,OK,OK
2026-08-29T06:30:14.925758Z,1098,124.5,0,OK,OK,OK
2026-08-29T06:30:20.312086Z,1098,124.5,0,OK,OK,OK
2026-08-29T06:30:25.697932Z,1094,124.5,0,OK,OK,OK
2026-08-29T06:30:31.095817Z,1094,124.6,0,OK,OK,OK
2026-08-29T06:30:36.492801Z,1096,124.6,0,OK,OK,OK
2026-08-29T06:30:41.879469Z,1093,124.5,0,OK,OK,OK
2026-08-29T06:30:47.241076Z,1089,124.5,0,OK,OK,OK
2026-08-29T06:30:52.613469Z,1090,124.5,0,OK,OK,OK
2026-08-29T06:30:58.000052Z,1085,124.5,0,OK,OK,OK
2026-08-29T06:31:03.367101Z,1085,124.5,0,OK,OK,OK
2026-08-29T06:31:08.725826Z,1082,124.5,0,OK,OK,OK
2026-08-29T06:31:14.118862Z,1085,124.5,0,OK,OK,OK
2026-08-29T06:31:19.500613Z,1089,124.5,0,OK,OK,OK
2026-08-29T06:31:24.872308Z,1084,124.4,0,OK,OK,OK
2026-08-29T06:31:30.239648Z,1084,124.5,0,OK,OK,OK
2026-08-29T06:31:35.615642Z,1075,124.5,0,OK,OK,OK
2026-08-29T06:31:40.994649Z,1076,124.5,0,OK,OK,OK
2026-08-29T06:31:46.364395Z,1075,124.5,0,OK,OK,OK
2026-08-29T06:31:51.737364Z,1076,124.5,0,OK,OK,OK
2026-08-29T06:31:57.122652Z,1074,124.5,0,OK,OK,OK
2026-08-29T06:32:02.488980Z,1075,124.5,0,OK,OK,OK
2026-08-29T06:32:07.891077Z,1076,124.4,0,OK,OK,OK
2026-08-29T06:32:13.315429Z,1075,124.5,0,OK,OK,OK
2026-08-29T06:32:18.702272Z,1078,124.5,0,OK,OK,OK
2026-08-29T06:32:24.068007Z,1076,124.5,0,OK,OK,OK
2026-08-29T06:32:29.451792Z,1074,124.5,0,OK,OK,OK
2026-08-29T06:32:34.820999Z,1076,124.5,0,OK,OK,OK
2026-08-29T06:32:40.216273Z,1076,124.5,0,OK,OK,OK
2026-08-29T06:32:45.602836Z,1074,124.5,0,OK,OK,OK
2026-08-29T06:32:50.989243Z,1074,124.5,0,OK,OK,OK
2026-08-29T06:32:56.375808Z,1076,124.5,0,OK,OK,OK
2026-08-29T06:33:01.746227Z,1074,124.5,0,OK,OK,OK
2026-08-29T06:33:07.130546Z,1075,124.6,0,OK,OK,OK
2026-08-29T06:33:12.505095Z,1073,124.5,0,OK,OK,OK
2026-08-29T06:33:17.890308Z,1078,124.5,0,OK,OK,OK
2026-08-29T06:33:23.284476Z,1074,124.5,0,OK,OK,OK
2026-08-29T06:33:28.665774Z,1073,124.5,0,OK,OK,OK
2026-08-29T06:33:34.040877Z,1080,124.5,0,OK,OK,OK
2026-08-29T06:33:39.406376Z,1072,124.4,0,OK,OK,OK
2026-08-29T06:33:44.776022Z,1073,124.4,0,OK,OK,OK
2026-08-29T06:33:50.161169Z,1077,124.4,0,OK,OK,OK
2026-08-29T06:33:55.515265Z,1079,124.4,0,OK,OK,OK
2026-08-29T06:34:00.908357Z,1077,124.4,0,OK,OK,OK
2026-08-29T06:34:06.296737Z,1074,124.3,0,OK,OK,OK
2026-08-29T06:34:11.671205Z,1077,124.4,0,OK,OK,OK
2026-08-29T06:34:17.045759Z,1074,124.4,0,OK,OK,OK
2026-08-29T06:34:22.439858Z,1075,124.4,0,OK,OK,OK
2026-08-29T06:34:27.813080Z,1075,124.4,0,OK,OK,OK
2026-08-29T06:34:33.173437Z,1079,124.4,0,OK,OK,OK
2026-08-29T06:34:38.571089Z,1079,124.4,0,OK,OK,OK
2026-08-29T06:34:43.960732Z,1075,124.4,0,OK,OK,OK
2026-08-29T06:34:49.346482Z,1079,124.4,0,OK,OK,OK
2026-08-29T06:34:54.735517Z,1077,124.4,0,OK,OK,OK
2026-08-29T06:35:00.131326Z,1077,124.4,0,OK,OK,OK
2026-08-29T06:35:05.515926Z,1078,124.3,0,OK,OK,OK
2026-08-29T06:35:10.885343Z,1078,124.3,0,OK,OK,OK
2026-08-29T06:35:16.271364Z,1077,124.4,0,OK,OK,OK
2026-08-29T06:35:21.639902Z,1077,124.4,0,OK,OK,OK
2026-08-29T06:35:27.012180Z,1080,124.4,0,OK,OK,OK
2026-08-29T06:35:32.394022Z,1081,124.4,0,OK,OK,OK
2026-08-29T06:35:37.776803Z,1077,124.4,0,OK,OK,OK
2026-08-29T06:35:43.182158Z,1080,124.4,0,OK,OK,OK
2026-08-29T06:35:48.548882Z,1079,124.4,0,OK,OK,OK
2026-08-29T06:35:53.925351Z,1078,124.4,0,OK,OK,OK
2026-08-29T06:35:59.308022Z,1083,124.4,0,OK,OK,OK
2026-08-29T06:36:04.701191Z,1075,124.4,0,OK,OK,OK
2026-08-29T06:36:10.072348Z,1077,124.4,0,OK,OK,OK
2026-08-29T06:36:15.481083Z,1081,124.4,0,OK,OK,OK
2026-08-29T06:36:20.861260Z,1076,124.4,0,OK,OK,OK
2026-08-29T06:36:26.220307Z,1076,124.4,0,OK,OK,OK
2026-08-29T06:36:31.612752Z,1081,124.4,0,OK,OK,OK
2026-08-29T06:36:36.999244Z,1075,124.4,0,OK,OK,OK
2026-08-29T06:36:42.379257Z,1078,124.4,0,OK,OK,OK
2026-08-29T06:36:47.741791Z,1076,124.4,0,OK,OK,OK
2026-08-29T06:36:53.126781Z,1078,124.4,0,OK,OK,OK
2026-08-29T06:36:58.510146Z,1078,124.4,0,OK,OK,OK
2026-08-29T06:37:03.878540Z,1074,124.4,0,OK,OK,OK
2026-08-29T06:37:09.250357Z,1073,124.4,0,OK,OK,OK
2026-08-29T06:37:14.655918Z,1079,124.4,0,OK,OK,OK
2026-08-29T06:37:20.027531Z,1074,124.4,0,OK,OK,OK
2026-08-29T06:37:25.385247Z,1075,124.4,0,OK,OK,OK
2026-08-29T06:37:30.764901Z,1078,124.4,0,OK,OK,OK
2026-08-29T06:37:36.155020Z,1075,124.4,0,OK,OK,OK
2026-08-29T06:37:41.515875Z,1077,124.4,0,OK,OK,OK
2026-08-29T06:37:46.891882Z,1077,124.4,0,OK,OK,OK
2026-08-29T06:37:52.314554Z,1075,124.4,0,OK,OK,OK
2026-08-29T06:37:57.690574Z,1082,124.4,0,OK,OK,OK
2026-08-29T06:38:03.059084Z,1076,124.4,0,OK,OK,OK
2026-08-29T06:38:08.435410Z,1074,124.4,0,OK,OK,OK
2026-08-29T06:38:13.845298Z,1077,124.4,0,OK,OK,OK
2026-08-29T06:38:19.215122Z,1075,124.4,0,OK,OK,OK
2026-08-29T06:38:24.591561Z,1074,124.4,0,OK,OK,OK
2026-08-29T06:38:30.001470Z,1075,124.5,0,OK,OK,OK
2026-08-29T06:38:35.378021Z,1078,124.4,0,OK,OK,OK
2026-08-29T06:38:40.758950Z,1075,124.4,0,OK,OK,OK
2026-08-29T06:38:46.179472Z,1074,124.4,0,OK,OK,OK
2026-08-29T06:38:51.550080Z,1075,124.4,0,OK,OK,OK
2026-08-29T06:38:56.936594Z,1076,124.4,0,OK,OK,OK
2026-08-29T06:39:02.331274Z,1072,124.4,0,OK,OK,OK
2026-08-29T06:39:07.706256Z,1072,124.4,0,OK,OK,OK
2026-08-29T06:39:13.101895Z,1073,124.5,0,OK,OK,OK
2026-08-29T06:39:18.492927Z,1078,124.5,0,OK,OK,OK
2026-08-29T06:39:23.868964Z,1077,124.4,0,OK,OK,OK
2026-08-29T06:39:29.255920Z,1073,124.5,0,OK,OK,OK
2026-08-29T06:39:34.616046Z,1073,124.5,0,OK,OK,OK
2026-08-29T06:39:40.002320Z,1073,124.5,0,OK,OK,OK
2026-08-29T06:39:45.397097Z,1073,124.6,0,OK,OK,OK
2026-08-29T06:39:50.792000Z,1074,124.5,0,OK,OK,OK
2026-08-29T06:39:56.177724Z,1076,124.5,0,OK,OK,OK
2026-08-29T06:40:01.563628Z,1075,124.5,0,OK,OK,OK
2026-08-29T06:40:06.982815Z,1074,124.5,0,OK,OK,OK
2026-08-29T06:40:12.354081Z,1075,124.5,0,OK,OK,OK
2026-08-29T06:40:17.738789Z,1075,124.4,0,OK,OK,OK
2026-08-29T06:40:23.127456Z,1072,124.5,0,OK,OK,OK
2026-08-29T06:40:28.524749Z,1077,124.5,0,OK,OK,OK
2026-08-29T06:40:33.888006Z,1072,124.4,0,OK,OK,OK
2026-08-29T06:40:39.273188Z,1076,124.5,0,OK,OK,OK
2026-08-29T06:40:44.653533Z,1072,124.5,0,OK,OK,OK
2026-08-29T06:40:50.024914Z,1073,124.5,0,OK,OK,OK
2026-08-29T06:40:55.410558Z,1078,124.6,0,OK,OK,OK
2026-08-29T06:41:00.781063Z,1076,124.6,0,OK,OK,OK
2026-08-29T06:41:06.151573Z,1074,124.5,0,OK,OK,OK
2026-08-29T06:41:11.537906Z,1078,124.5,0,OK,OK,OK
2026-08-29T06:41:16.940679Z,1083,124.6,0,OK,OK,OK
2026-08-29T06:41:22.339910Z,1073,124.6,0,OK,OK,OK
2026-08-29T06:41:27.726890Z,1073,124.6,0,OK,OK,OK
2026-08-29T06:41:33.092312Z,1073,124.5,0,OK,OK,OK
2026-08-29T06:41:38.475516Z,1078,124.5,0,OK,OK,OK
2026-08-29T06:41:43.865413Z,1072,124.4,0,OK,OK,OK
2026-08-29T06:41:49.232912Z,1072,124.5,0,OK,OK,OK
2026-08-29T06:41:54.611424Z,1072,124.4,0,OK,OK,OK
2026-08-29T06:42:00.016573Z,1072,124.4,0,OK,OK,OK
2026-08-29T06:42:05.402999Z,1070,124.4,0,OK,OK,OK
2026-08-29T06:42:10.805344Z,1072,124.5,0,OK,OK,OK
2026-08-29T06:42:16.209094Z,1070,124.5,0,OK,OK,OK
2026-08-29T06:42:21.594270Z,1071,124.5,0,OK,OK,OK
2026-08-29T06:42:26.993510Z,1070,124.5,0,OK,OK,OK
2026-08-29T06:42:32.365022Z,1071,124.4,0,OK,OK,OK
2026-08-29T06:42:37.769633Z,1072,124.4,0,OK,OK,OK
2026-08-29T06:42:43.154910Z,1070,124.4,0,OK,OK,OK
2026-08-29T06:42:48.526534Z,1070,124.4,0,OK,OK,OK
2026-08-29T06:42:53.905978Z,1071,124.4,0,OK,OK,OK
2026-08-29T06:42:59.280644Z,1073,124.5,0,OK,OK,OK
2026-08-29T06:43:04.658366Z,1072,124.4,0,OK,OK,OK
2026-08-29T06:43:10.037445Z,1074,124.4,0,OK,OK,OK
2026-08-29T06:43:15.424157Z,1072,124.4,0,OK,OK,OK
2026-08-29T06:43:20.808236Z,1073,124.5,0,OK,OK,OK
2026-08-29T06:43:26.180940Z,1074,124.4,0,OK,OK,OK
2026-08-29T06:43:31.554084Z,1074,124.4,0,OK,OK,OK
2026-08-29T06:43:36.940765Z,1076,124.5,0,OK,OK,OK
2026-08-29T06:43:42.327145Z,1072,124.4,0,OK,OK,OK
2026-08-29T06:43:47.707850Z,1071,124.5,0,OK,OK,OK
2026-08-29T06:43:53.116151Z,1076,124.5,0,OK,OK,OK
2026-08-29T06:43:58.487000Z,1073,124.5,0,OK,OK,OK
2026-08-29T06:44:03.865632Z,1076,124.5,0,OK,OK,OK
2026-08-29T06:44:09.238347Z,1073,124.5,0,OK,OK,OK
2026-08-29T06:44:14.653398Z,1074,124.5,0,OK,OK,OK
2026-08-29T06:44:20.012580Z,1071,124.4,0,OK,OK,OK
2026-08-29T06:44:25.402779Z,1072,124.5,0,OK,OK,OK
2026-08-29T06:44:30.778615Z,1074,124.5,0,OK,OK,OK
2026-08-29T06:44:36.159731Z,1076,124.6,0,OK,OK,OK
2026-08-29T06:44:41.530277Z,1071,124.6,0,OK,OK,OK
2026-08-29T06:44:46.925564Z,1074,124.6,0,OK,OK,OK
2026-08-29T06:44:52.298529Z,1071,124.6,0,OK,OK,OK
2026-08-29T06:44:57.660256Z,1070,124.6,0,OK,OK,OK
2026-08-29T06:45:03.044745Z,1070,124.6,0,OK,OK,OK
2026-08-29T06:45:08.414677Z,1071,124.5,0,OK,OK,OK
2026-08-29T06:45:13.842854Z,1069,124.5,0,OK,OK,OK
2026-08-29T06:45:19.217598Z,1070,124.5,0,OK,OK,OK
2026-08-29T06:45:24.596885Z,1072,124.5,0,OK,OK,OK
2026-08-29T06:45:29.986822Z,1072,124.6,0,OK,OK,OK
2026-08-29T06:45:35.354212Z,1074,124.6,0,OK,OK,OK
2026-08-29T06:45:40.763520Z,1070,124.6,0,OK,OK,OK
2026-08-29T06:45:46.142314Z,1073,124.6,0,OK,OK,OK
2026-08-29T06:45:51.530740Z,1071,124.6,0,OK,OK,OK
2026-08-29T06:45:56.897167Z,1072,124.6,0,OK,OK,OK
2026-08-29T06:46:02.282486Z,1076,124.6,0,OK,OK,OK
2026-08-29T06:46:07.658480Z,1072,124.6,0,OK,OK,OK
2026-08-29T06:46:13.045637Z,1071,124.6,0,OK,OK,OK
2026-08-29T06:46:18.453697Z,1084,124.6,0,OK,OK,OK
2026-08-29T06:46:23.834478Z,1073,124.6,0,OK,OK,OK
2026-08-29T06:46:29.202989Z,1071,124.6,0,OK,OK,OK
2026-08-29T06:46:34.575633Z,1074,124.6,0,OK,OK,OK
2026-08-29T06:46:39.966851Z,1073,124.6,0,OK,OK,OK
2026-08-29T06:46:45.335373Z,1070,124.6,0,OK,OK,OK
2026-08-29T06:46:50.695329Z,1075,124.6,0,OK,OK,OK
2026-08-29T06:46:56.086438Z,1073,124.6,0,OK,OK,OK
2026-08-29T06:47:01.469800Z,1076,124.6,0,OK,OK,OK
2026-08-29T06:47:06.855798Z,1073,124.6,0,OK,OK,OK
2026-08-29T06:47:12.238937Z,1074,124.6,0,OK,OK,OK
2026-08-29T06:47:17.637836Z,1073,124.6,0,OK,OK,OK
2026-08-29T06:47:23.012129Z,1072,124.6,0,OK,OK,OK
2026-08-29T06:47:28.408268Z,1072,124.6,0,OK,OK,OK
2026-08-29T06:47:33.791310Z,1073,124.6,0,OK,OK,OK
2026-08-29T06:47:39.155367Z,1073,124.6,0,OK,OK,OK
2026-08-29T06:47:44.541191Z,1073,124.6,0,OK,OK,OK
2026-08-29T06:47:49.903144Z,1070,124.6,0,OK,OK,OK
2026-08-29T06:47:55.282489Z,1072,124.6,0,OK,OK,OK
2026-08-29T06:48:00.671550Z,1075,124.6,0,OK,OK,OK
2026-08-29T06:48:06.035731Z,1070,124.6,0,OK,OK,OK
2026-08-29T06:48:11.419270Z,1072,124.6,0,OK,OK,OK
2026-08-29T06:48:16.797468Z,1072,124.6,0,OK,OK,OK
2026-08-29T06:48:22.183080Z,1072,124.7,0,OK,OK,OK
2026-08-29T06:48:27.548088Z,1072,124.7,0,OK,OK,OK
2026-08-29T06:48:32.940270Z,1074,124.6,0,OK,OK,OK
2026-08-29T06:48:38.326605Z,1070,124.6,0,OK,OK,OK
2026-08-29T06:48:43.697229Z,1072,124.6,0,OK,OK,OK
2026-08-29T06:48:49.092096Z,1071,124.6,0,OK,OK,OK
2026-08-29T06:48:54.499156Z,1071,124.6,0,OK,OK,OK
2026-08-29T06:48:59.903959Z,1075,124.8,0,OK,OK,OK
2026-08-29T06:49:05.275669Z,1072,124.6,0,OK,OK,OK
2026-08-29T06:49:10.643198Z,1071,124.6,0,OK,OK,OK
2026-08-29T06:49:16.038780Z,1072,124.7,0,OK,OK,OK
2026-08-29T06:49:21.411095Z,1073,124.7,0,OK,OK,OK
2026-08-29T06:49:26.789269Z,1072,124.7,0,OK,OK,OK
2026-08-29T06:49:32.191593Z,1072,124.8,0,OK,OK,OK
2026-08-29T06:49:37.562190Z,1073,124.8,0,OK,OK,OK
2026-08-29T06:49:42.937352Z,1074,124.8,0,OK,OK,OK
2026-08-29T06:49:48.322624Z,1074,124.8,0,OK,OK,OK
2026-08-29T06:49:53.734415Z,1074,124.7,0,OK,OK,OK
2026-08-29T06:49:59.107981Z,1072,124.7,0,OK,OK,OK
2026-08-29T06:50:04.489104Z,1073,124.7,0,OK,OK,OK
2026-08-29T06:50:09.870333Z,1072,124.7,0,OK,OK,OK
2026-08-29T06:50:15.255866Z,1074,124.7,0,OK,OK,OK
2026-08-29T06:50:20.621863Z,1073,124.7,0,OK,OK,OK
2026-08-29T06:50:26.008333Z,1071,124.7,0,OK,OK,OK
2026-08-29T06:50:31.389417Z,988,124.7,0,OK,OK,OK
2026-08-29T06:50:36.765244Z,987,124.7,0,OK,OK,OK
2026-08-29T06:50:42.151725Z,988,124.6,0,OK,OK,OK
2026-08-29T06:50:47.526382Z,986,124.6,0,OK,OK,OK
2026-08-29T06:50:52.916550Z,991,124.7,0,OK,OK,OK
2026-08-29T06:50:58.274940Z,993,124.6,0,OK,OK,OK
2026-08-29T06:51:03.655363Z,989,124.6,0,OK,OK,OK
2026-08-29T06:51:09.047901Z,990,124.6,0,OK,OK,OK
2026-08-29T06:51:14.447633Z,993,124.6,0,OK,OK,OK
2026-08-29T06:51:19.841194Z,993,124.6,0,OK,OK,OK
2026-08-29T06:51:25.222883Z,988,124.6,0,OK,OK,OK
2026-08-29T06:51:30.613142Z,990,124.6,0,OK,OK,OK
2026-08-29T06:51:35.983624Z,989,124.6,0,OK,OK,OK
2026-08-29T06:51:41.367790Z,988,124.6,0,OK,OK,OK
2026-08-29T06:51:46.744280Z,992,124.6,0,OK,OK,OK
2026-08-29T06:51:52.151360Z,990,124.6,0,OK,OK,OK
2026-08-29T06:51:57.508669Z,990,124.6,0,OK,OK,OK
2026-08-29T06:52:02.924586Z,988,124.6,0,OK,OK,OK
2026-08-29T06:52:08.304257Z,989,124.6,0,OK,OK,OK
2026-08-29T06:52:13.672864Z,994,124.6,0,OK,OK,OK
2026-08-29T06:52:19.059298Z,988,124.6,0,OK,OK,OK
2026-08-29T06:52:24.461757Z,989,124.6,0,OK,OK,OK
2026-08-29T06:52:29.840135Z,988,124.6,0,OK,OK,OK
2026-08-29T06:52:35.202675Z,987,124.6,0,OK,OK,OK
2026-08-29T06:52:40.589181Z,991,124.6,0,OK,OK,OK
2026-08-29T06:52:45.971208Z,992,124.6,0,OK,OK,OK
2026-08-29T06:52:51.330469Z,991,124.6,0,OK,OK,OK
2026-08-29T06:52:56.704924Z,990,124.6,0,OK,OK,OK
2026-08-29T06:53:02.087061Z,991,124.6,0,OK,OK,OK
2026-08-29T06:53:07.489517Z,989,124.6,0,OK,OK,OK
2026-08-29T06:53:12.860027Z,991,124.6,0,OK,OK,OK
2026-08-29T06:53:18.278360Z,988,124.7,0,OK,OK,OK
2026-08-29T06:53:23.664995Z,989,124.7,0,OK,OK,OK
2026-08-29T06:53:29.040439Z,989,124.6,0,OK,OK,OK
2026-08-29T06:53:34.410944Z,988,124.6,0,OK,OK,OK
2026-08-29T06:53:39.797386Z,994,124.6,0,OK,OK,OK
2026-08-29T06:53:45.183924Z,988,124.7,0,OK,OK,OK
2026-08-29T06:53:50.562592Z,990,124.7,0,OK,OK,OK
2026-08-29T06:53:55.962174Z,990,124.7,0,OK,OK,OK
2026-08-29T06:54:01.346574Z,989,124.6,0,OK,OK,OK
2026-08-29T06:54:06.721160Z,992,124.7,0,OK,OK,OK
2026-08-29T06:54:12.092912Z,988,124.7,0,OK,OK,OK
2026-08-29T06:54:17.485194Z,989,124.6,0,OK,OK,OK
2026-08-29T06:54:22.889049Z,987,124.7,0,OK,OK,OK
2026-08-29T06:54:28.256708Z,989,124.7,0,OK,OK,OK
2026-08-29T06:54:33.635069Z,987,124.6,0,OK,OK,OK
2026-08-29T06:54:39.032434Z,994,124.7,0,OK,OK,OK
2026-08-29T06:54:44.402935Z,990,124.7,0,OK,OK,OK
2026-08-29T06:54:49.783675Z,989,124.7,0,OK,OK,OK
2026-08-29T06:54:55.191980Z,990,124.7,0,OK,OK,OK
2026-08-29T06:55:00.594438Z,990,124.7,0,OK,OK,OK
2026-08-29T06:55:05.980737Z,993,124.7,0,OK,OK,OK
2026-08-29T06:55:11.364564Z,990,124.6,0,OK,OK,OK
2026-08-29T06:55:16.739631Z,988,124.6,0,OK,OK,OK
2026-08-29T06:55:22.106836Z,990,124.6,0,OK,OK,OK
2026-08-29T06:55:27.494645Z,992,124.6,0,OK,OK,OK
2026-08-29T06:55:32.881253Z,993,124.6,0,OK,OK,OK
2026-08-29T06:55:38.261590Z,992,124.6,0,OK,OK,OK
2026-08-29T06:55:43.638176Z,990,124.6,0,OK,OK,OK
2026-08-29T06:55:49.023788Z,988,124.6,0,OK,OK,OK
2026-08-29T06:55:54.408881Z,990,124.6,0,OK,OK,OK
2026-08-29T06:55:59.784233Z,988,124.6,0,OK,OK,OK
2026-08-29T06:56:05.165062Z,989,124.6,0,OK,OK,OK
2026-08-29T06:56:10.554296Z,990,124.6,0,OK,OK,OK
2026-08-29T06:56:15.931748Z,999,124.6,0,OK,OK,OK
2026-08-29T06:56:21.305550Z,993,124.6,0,OK,OK,OK
2026-08-29T06:56:26.724265Z,989,124.6,0,OK,OK,OK
2026-08-29T06:56:32.102781Z,990,124.6,0,OK,OK,OK
2026-08-29T06:56:37.474108Z,988,124.6,0,OK,OK,OK
2026-08-29T06:56:42.840986Z,992,124.6,0,OK,OK,OK
2026-08-29T06:56:48.227502Z,992,124.6,0,OK,OK,OK
2026-08-29T06:56:53.612640Z,989,124.6,0,OK,OK,OK
2026-08-29T06:56:58.972299Z,989,124.6,0,OK,OK,OK
2026-08-29T06:57:04.374234Z,991,124.6,0,OK,OK,OK
2026-08-29T06:57:09.757068Z,990,124.6,0,OK,OK,OK
2026-08-29T06:57:15.122917Z,991,124.6,0,OK,OK,OK
2026-08-29T06:57:20.533215Z,993,124.6,0,OK,OK,OK
2026-08-29T06:57:25.924483Z,992,124.6,0,OK,OK,OK
2026-08-29T06:57:31.338138Z,989,124.6,0,OK,OK,OK
2026-08-29T06:57:36.704429Z,989,124.7,0,OK,OK,OK
2026-08-29T06:57:42.089585Z,990,124.7,0,OK,OK,OK
2026-08-29T06:57:47.470298Z,993,124.6,0,OK,OK,OK
2026-08-29T06:57:52.832281Z,989,124.7,0,OK,OK,OK
2026-08-29T06:57:58.246504Z,990,124.7,0,OK,OK,OK
2026-08-29T06:58:03.635783Z,990,124.7,0,OK,OK,OK
2026-08-29T06:58:09.008113Z,987,124.6,0,OK,OK,OK
2026-08-29T06:58:14.397375Z,990,124.7,0,OK,OK,OK
2026-08-29T06:58:19.794536Z,995,124.6,0,OK,OK,OK
2026-08-29T06:58:25.181030Z,991,124.7,0,OK,OK,OK
2026-08-29T06:58:30.551630Z,989,124.7,0,OK,OK,OK
2026-08-29T06:58:35.969235Z,989,124.7,0,OK,OK,OK
2026-08-29T06:58:41.339576Z,992,124.7,0,OK,OK,OK
2026-08-29T06:58:46.732643Z,991,124.7,0,OK,OK,OK
2026-08-29T06:58:52.110373Z,987,124.7,0,OK,OK,OK
2026-08-29T06:58:57.484972Z,989,124.7,0,OK,OK,OK
2026-08-29T06:59:02.893666Z,988,124.7,0,OK,OK,OK
2026-08-29T06:59:08.289363Z,989,124.7,0,OK,OK,OK
2026-08-29T06:59:13.675925Z,986,124.8,0,OK,OK,OK
2026-08-29T06:59:19.051951Z,990,124.8,0,OK,OK,OK
2026-08-29T06:59:24.448482Z,992,124.7,0,OK,OK,OK
2026-08-29T06:59:29.833328Z,990,124.7,0,OK,OK,OK
2026-08-29T06:59:35.219850Z,991,124.7,0,OK,OK,OK
2026-08-29T06:59:40.598759Z,990,124.6,0,OK,OK,OK
2026-08-29T06:59:45.973526Z,993,124.7,0,OK,OK,OK
2026-08-29T06:59:51.351399Z,991,124.7,0,OK,OK,OK
2026-08-29T06:59:56.725504Z,992,124.7,0,OK,OK,OK
2026-08-29T07:00:02.131859Z,990,124.7,0,OK,OK,OK
2026-08-29T07:00:07.511382Z,990,124.7,0,OK,OK,OK
2026-08-29T07:00:12.925400Z,993,124.8,0,OK,OK,OK
2026-08-29T07:00:18.325748Z,990,124.7,0,OK,OK,OK
2026-08-29T07:00:23.708836Z,992,124.7,0,OK,OK,OK
2026-08-29T07:00:29.086937Z,995,124.7,0,OK,OK,OK
2026-08-29T07:00:34.487500Z,992,124.7,0,OK,OK,OK
2026-08-29T07:00:39.880443Z,990,124.7,0,OK,OK,OK
2026-08-29T07:00:45.237937Z,992,124.7,0,OK,OK,OK
2026-08-29T07:00:50.635091Z,991,124.7,0,OK,OK,OK
2026-08-29T07:00:56.032795Z,989,124.7,0,OK,OK,OK
2026-08-29T07:01:01.439996Z,990,124.7,0,OK,OK,OK
2026-08-29T07:01:06.826634Z,988,124.7,0,OK,OK,OK
2026-08-29T07:01:12.248195Z,993,124.7,0,OK,OK,OK
2026-08-29T07:01:17.634329Z,995,124.7,0,OK,OK,OK
2026-08-29T07:01:22.998148Z,989,124.7,0,OK,OK,OK
2026-08-29T07:01:28.386365Z,990,124.6,0,OK,OK,OK
2026-08-29T07:01:33.758971Z,989,124.7,0,OK,OK,OK
2026-08-29T07:01:39.155699Z,993,124.7,0,OK,OK,OK
2026-08-29T07:01:44.548011Z,990,124.8,0,OK,OK,OK
2026-08-29T07:01:49.933056Z,989,124.8,0,OK,OK,OK
2026-08-29T07:01:55.314817Z,991,124.8,0,OK,OK,OK
2026-08-29T07:02:00.714205Z,989,124.8,0,OK,OK,OK
2026-08-29T07:02:06.088673Z,990,124.8,0,OK,OK,OK
2026-08-29T07:02:11.486419Z,992,124.8,0,OK,OK,OK
2026-08-29T07:02:16.904035Z,988,124.8,0,OK,OK,OK
2026-08-29T07:02:22.276559Z,995,124.8,0,OK,OK,OK
2026-08-29T07:02:27.664468Z,990,124.8,0,OK,OK,OK
2026-08-29T07:02:33.039363Z,990,124.8,0,OK,OK,OK
2026-08-29T07:02:38.408046Z,990,124.8,0,OK,OK,OK
2026-08-29T07:02:43.788264Z,992,124.8,0,OK,OK,OK
2026-08-29T07:02:49.206767Z,990,124.8,0,OK,OK,OK
2026-08-29T07:02:54.610923Z,991,124.8,0,OK,OK,OK
2026-08-29T07:02:59.979673Z,989,124.8,0,OK,OK,OK
2026-08-29T07:03:05.354329Z,990,124.8,0,OK,OK,OK
2026-08-29T07:03:10.718702Z,992,124.8,0,OK,OK,OK
2026-08-29T07:03:16.091115Z,990,124.8,0,OK,OK,OK
2026-08-29T07:03:21.489445Z,992,124.8,0,OK,OK,OK
2026-08-29T07:03:26.882483Z,994,124.8,0,OK,OK,OK
2026-08-29T07:03:32.268408Z,992,124.8,0,OK,OK,OK
2026-08-29T07:03:37.647990Z,995,124.8,0,OK,OK,OK
2026-08-29T07:03:43.035594Z,992,124.8,0,OK,OK,OK
2026-08-29T07:03:48.419944Z,989,124.8,0,OK,OK,OK
2026-08-29T07:03:53.796427Z,995,124.8,0,OK,OK,OK
2026-08-29T07:03:59.166957Z,992,124.8,0,OK,OK,OK
2026-08-29T07:04:04.560438Z,992,124.8,0,OK,OK,OK
2026-08-29T07:04:09.971827Z,992,124.8,0,OK,OK,OK
2026-08-29T07:04:15.348375Z,990,124.8,0,OK,OK,OK
2026-08-29T07:04:20.728949Z,990,124.8,0,OK,OK,OK
2026-08-29T07:04:26.114414Z,991,124.7,0,OK,OK,OK
2026-08-29T07:04:31.491634Z,990,124.8,0,OK,OK,OK
2026-08-29T07:04:36.878022Z,997,124.8,0,OK,OK,OK
2026-08-29T07:04:42.258065Z,992,124.8,0,OK,OK,OK
2026-08-29T07:04:47.635660Z,992,124.8,0,OK,OK,OK
2026-08-29T07:04:52.999991Z,992,124.8,0,OK,OK,OK
2026-08-29T07:04:58.380256Z,990,124.7,0,OK,OK,OK
2026-08-29T07:05:03.763220Z,993,124.8,0,OK,OK,OK
2026-08-29T07:05:09.146857Z,988,124.7,0,OK,OK,OK
2026-08-29T07:05:14.704093Z,990,124.7,0,OK,OK,OK
2026-08-29T07:05:20.077606Z,989,124.8,0,OK,OK,OK
2026-08-29T07:05:25.462943Z,990,124.8,0,OK,OK,OK
2026-08-29T07:05:30.830788Z,989,124.8,0,OK,OK,OK
2026-08-29T07:05:36.214140Z,992,124.8,0,OK,OK,OK
2026-08-29T07:05:41.598733Z,989,124.8,0,OK,OK,OK
2026-08-29T07:05:46.992984Z,992,124.8,0,OK,OK,OK
2026-08-29T07:05:52.363634Z,990,124.8,0,OK,OK,OK
2026-08-29T07:05:57.755863Z,993,124.8,0,OK,OK,OK
2026-08-29T07:06:03.134802Z,994,124.8,0,OK,OK,OK
2026-08-29T07:06:08.506217Z,993,124.8,0,OK,OK,OK
2026-08-29T07:06:13.889301Z,991,124.8,0,OK,OK,OK
2026-08-29T07:06:19.270985Z,999,124.8,0,OK,OK,OK
2026-08-29T07:06:24.653193Z,992,124.8,0,OK,OK,OK
2026-08-29T07:06:30.042391Z,990,124.8,0,OK,OK,OK
2026-08-29T07:06:35.426172Z,989,124.8,0,OK,OK,OK
2026-08-29T07:06:40.810002Z,991,124.8,0,OK,OK,OK
2026-08-29T07:06:46.178962Z,988,124.8,0,OK,OK,OK
2026-08-29T07:06:51.550053Z,990,124.9,0,OK,OK,OK
2026-08-29T07:06:56.936385Z,990,124.8,0,OK,OK,OK
2026-08-29T07:07:02.334289Z,989,124.8,0,OK,OK,OK
2026-08-29T07:07:07.698300Z,991,124.8,0,OK,OK,OK
2026-08-29T07:07:13.069450Z,990,124.8,0,OK,OK,OK
2026-08-29T07:07:18.464483Z,989,124.8,0,OK,OK,OK
2026-08-29T07:07:23.854558Z,991,124.8,0,OK,OK,OK
2026-08-29T07:07:29.231490Z,992,124.8,0,OK,OK,OK
2026-08-29T07:07:34.610842Z,996,124.8,0,OK,OK,OK
2026-08-29T07:07:39.995457Z,1012,124.8,0,OK,OK,OK
2026-08-29T07:07:45.363019Z,1020,124.9,0,OK,OK,OK
2026-08-29T07:07:50.769571Z,1022,124.8,0,OK,OK,OK
2026-08-29T07:07:56.155138Z,1022,124.9,0,OK,OK,OK
2026-08-29T07:08:01.521332Z,1024,124.8,0,OK,OK,OK
2026-08-29T07:08:06.903183Z,1020,124.8,0,OK,OK,OK
2026-08-29T07:08:12.309743Z,1021,124.8,0,OK,OK,OK
2026-08-29T07:08:17.687445Z,1020,124.8,0,OK,OK,OK
2026-08-29T07:08:23.067090Z,1020,124.8,0,OK,OK,OK
2026-08-29T07:08:28.478713Z,1020,124.8,0,OK,OK,OK
2026-08-29T07:08:33.871145Z,1109,124.9,0,OK,OK,OK
2026-08-29T07:08:39.245594Z,1119,124.9,0,OK,OK,OK
2026-08-29T07:08:44.629298Z,1126,124.9,0,OK,OK,OK
2026-08-29T07:08:49.999862Z,1133,124.9,0,OK,OK,OK
2026-08-29T07:08:55.405983Z,1140,124.9,0,OK,OK,OK
2026-08-29T07:09:00.762709Z,1132,124.9,0,OK,OK,OK
2026-08-29T07:09:06.145599Z,1131,124.9,0,OK,OK,OK
2026-08-29T07:09:11.515864Z,1131,124.9,0,OK,OK,OK
2026-08-29T07:09:16.890193Z,1128,124.9,0,OK,OK,OK
2026-08-29T07:09:22.283328Z,1127,124.9,0,OK,OK,OK
2026-08-29T07:09:27.671792Z,1127,124.9,0,OK,OK,OK
2026-08-29T07:09:33.050493Z,1128,124.9,0,OK,OK,OK
2026-08-29T07:09:38.420154Z,1124,124.9,0,OK,OK,OK
2026-08-29T07:09:43.806757Z,1120,124.9,0,OK,OK,OK
2026-08-29T07:09:49.189738Z,1118,124.9,0,OK,OK,OK
2026-08-29T07:09:54.557658Z,1120,124.8,0,OK,OK,OK
2026-08-29T07:09:59.950201Z,1116,124.9,0,OK,OK,OK
2026-08-29T07:10:05.338039Z,1112,124.8,0,OK,OK,OK
2026-08-29T07:10:10.717250Z,1111,124.8,0,OK,OK,OK
2026-08-29T07:10:16.103278Z,1110,124.8,0,OK,OK,OK
2026-08-29T07:10:21.476537Z,1110,124.8,0,OK,OK,OK
2026-08-29T07:10:26.860339Z,1104,124.8,0,OK,OK,OK
2026-08-29T07:10:32.232991Z,1104,124.8,0,OK,OK,OK
2026-08-29T07:10:37.621355Z,1109,124.8,0,OK,OK,OK
2026-08-29T07:10:42.994223Z,1102,124.8,0,OK,OK,OK
2026-08-29T07:10:48.380845Z,1103,124.8,0,OK,OK,OK
2026-08-29T07:10:53.756097Z,1104,124.8,0,OK,OK,OK
2026-08-29T07:10:59.160094Z,1108,124.8,0,OK,OK,OK
2026-08-29T07:11:04.544443Z,1103,124.8,0,OK,OK,OK
2026-08-29T07:11:09.903621Z,1107,124.8,0,OK,OK,OK
2026-08-29T07:11:15.323704Z,1103,124.8,0,OK,OK,OK
2026-08-29T07:11:20.731393Z,1104,124.8,0,OK,OK,OK
2026-08-29T07:11:26.117840Z,1110,124.8,0,OK,OK,OK
2026-08-29T07:11:31.497482Z,1105,124.9,0,OK,OK,OK
2026-08-29T07:11:36.867811Z,1106,124.8,0,OK,OK,OK
2026-08-29T07:11:42.268866Z,1108,124.8,0,OK,OK,OK
2026-08-29T07:11:47.643020Z,1106,124.8,0,OK,OK,OK
2026-08-29T07:11:53.004785Z,1107,124.8,0,OK,OK,OK
2026-08-29T07:11:58.404537Z,1111,124.8,0,OK,OK,OK
2026-08-29T07:12:03.775904Z,1104,124.8,0,OK,OK,OK
2026-08-29T07:12:09.145550Z,1104,124.4,0,OK,OK,OK
2026-08-29T07:12:14.595995Z,1102,124.8,0,OK,OK,OK
2026-08-29T07:12:19.990905Z,1100,124.8,0,OK,OK,OK
2026-08-29T07:12:25.352928Z,1101,124.8,0,OK,OK,OK
2026-08-29T07:12:30.742521Z,1103,124.8,0,OK,OK,OK
2026-08-29T07:12:36.157637Z,1105,124.8,0,OK,OK,OK
2026-08-29T07:12:41.544213Z,1103,124.8,0,OK,OK,OK
2026-08-29T07:12:46.921330Z,1102,124.8,0,OK,OK,OK
2026-08-29T07:12:52.309004Z,1101,124.7,0,OK,OK,OK
2026-08-29T07:12:57.702086Z,1105,124.6,0,OK,OK,OK
2026-08-29T07:13:03.069916Z,1103,124.6,0,OK,OK,OK
2026-08-29T07:13:08.450553Z,1104,124.6,0,OK,OK,OK
2026-08-29T07:13:13.851084Z,1106,124.7,0,OK,OK,OK
2026-08-29T07:13:19.233187Z,1104,124.7,0,OK,OK,OK
2026-08-29T07:13:24.603840Z,1103,124.7,0,OK,OK,OK
2026-08-29T07:13:29.995525Z,1104,124.7,0,OK,OK,OK
2026-08-29T07:13:35.369603Z,1105,124.6,0,OK,OK,OK
2026-08-29T07:13:40.731161Z,1113,124.6,0,OK,OK,OK
2026-08-29T07:13:46.107883Z,1107,124.6,0,OK,OK,OK
2026-08-29T07:13:51.490464Z,1107,124.6,0,OK,OK,OK
2026-08-29T07:13:56.871728Z,1106,124.6,0,OK,OK,OK
2026-08-29T07:14:02.238744Z,1107,124.6,0,OK,OK,OK
2026-08-29T07:14:07.615730Z,1107,124.6,0,OK,OK,OK
2026-08-29T07:14:13.018035Z,1104,124.6,0,OK,OK,OK
2026-08-29T07:14:18.416995Z,1105,124.6,0,OK,OK,OK
2026-08-29T07:14:23.797164Z,1109,124.6,0,OK,OK,OK
2026-08-29T07:14:29.193757Z,1108,124.6,0,OK,OK,OK
2026-08-29T07:14:34.568158Z,1104,124.6,0,OK,OK,OK
2026-08-29T07:14:39.933492Z,1108,124.6,0,OK,OK,OK
2026-08-29T07:14:45.312350Z,1109,124.6,0,OK,OK,OK
2026-08-29T07:14:50.702827Z,1108,124.6,0,OK,OK,OK
2026-08-29T07:14:56.096411Z,1107,124.6,0,OK,OK,OK
2026-08-29T07:15:01.450294Z,1108,124.6,0,OK,OK,OK
2026-08-29T07:15:06.846287Z,1109,124.6,0,OK,OK,OK
2026-08-29T07:15:12.237918Z,1113,124.6,0,OK,OK,OK
2026-08-29T07:15:17.626385Z,1110,124.6,0,OK,OK,OK
2026-08-29T07:15:23.010944Z,1111,124.6,0,OK,OK,OK
2026-08-29T07:15:28.393422Z,1109,124.6,0,OK,OK,OK
2026-08-29T07:15:33.783913Z,1110,124.6,0,OK,OK,OK
2026-08-29T07:15:39.170395Z,1107,124.7,0,OK,OK,OK
2026-08-29T07:15:44.556925Z,1109,124.7,0,OK,OK,OK
2026-08-29T07:15:49.941641Z,1105,124.6,0,OK,OK,OK
2026-08-29T07:15:55.329022Z,1107,124.6,0,OK,OK,OK
2026-08-29T07:16:00.706152Z,1107,124.6,0,OK,OK,OK
2026-08-29T07:16:06.083851Z,1108,124.6,0,OK,OK,OK
2026-08-29T07:16:11.472988Z,1108,124.6,0,OK,OK,OK
2026-08-29T07:16:16.843677Z,1114,124.6,0,OK,OK,OK
2026-08-29T07:16:22.251081Z,1106,124.6,0,OK,OK,OK
2026-08-29T07:16:27.643042Z,1106,124.7,0,OK,OK,OK
2026-08-29T07:16:33.022663Z,1107,124.6,0,OK,OK,OK
2026-08-29T07:16:38.405559Z,1108,124.7,0,OK,OK,OK
2026-08-29T07:16:43.792073Z,1106,124.7,0,OK,OK,OK
2026-08-29T07:16:49.177683Z,1106,124.7,0,OK,OK,OK
2026-08-29T07:16:54.564997Z,1106,124.7,0,OK,OK,OK
2026-08-29T07:16:59.954909Z,1105,124.7,0,OK,OK,OK
2026-08-29T07:17:05.337979Z,1249,124.8,0,OK,OK,OK
2026-08-29T07:17:10.705191Z,1233,124.7,0,OK,OK,OK
2026-08-29T07:17:16.106511Z,1236,124.8,0,OK,OK,OK
2026-08-29T07:17:21.495023Z,1235,124.8,0,OK,OK,OK
2026-08-29T07:17:26.899869Z,1238,124.7,0,OK,OK,OK
2026-08-29T07:17:32.284647Z,1236,124.7,0,OK,OK,OK
2026-08-29T07:17:37.665973Z,1234,124.7,0,OK,OK,OK
2026-08-29T07:17:43.033846Z,1233,124.7,0,OK,OK,OK
2026-08-29T07:17:48.404429Z,1235,124.7,0,OK,OK,OK
2026-08-29T07:17:53.800352Z,1234,124.7,0,OK,OK,OK
2026-08-29T07:17:59.639934Z,1235,124.7,0,OK,OK,OK
2026-08-29T07:18:05.016030Z,1232,124.7,0,OK,OK,OK
2026-08-29T07:18:10.391110Z,1232,124.7,0,OK,OK,OK
2026-08-29T07:18:15.762337Z,1229,124.7,0,OK,OK,OK
2026-08-29T07:18:21.132200Z,1228,124.6,0,OK,OK,OK
2026-08-29T07:18:26.497724Z,1123,124.7,0,OK,OK,OK
2026-08-29T07:18:31.878129Z,1116,124.6,0,OK,OK,OK
2026-08-29T07:18:37.248931Z,1118,124.6,0,OK,OK,OK
2026-08-29T07:18:42.614131Z,1115,124.6,0,OK,OK,OK
2026-08-29T07:18:47.982834Z,1116,124.6,0,OK,OK,OK
2026-08-29T07:18:53.363479Z,1112,124.6,0,OK,OK,OK
2026-08-29T07:18:58.757528Z,1116,124.6,0,OK,OK,OK
2026-08-29T07:19:04.128899Z,1113,124.6,0,OK,OK,OK
2026-08-29T07:19:09.496654Z,1111,124.5,0,OK,OK,OK
2026-08-29T07:19:14.879372Z,1111,124.6,0,OK,OK,OK
2026-08-29T07:19:20.280981Z,1111,124.6,0,OK,OK,OK
2026-08-29T07:19:25.662908Z,1115,124.5,0,OK,OK,OK
2026-08-29T07:19:31.058939Z,1112,124.6,0,OK,OK,OK
2026-08-29T07:19:36.432309Z,1111,124.6,0,OK,OK,OK
2026-08-29T07:19:41.817166Z,1113,124.6,0,OK,OK,OK
2026-08-29T07:19:47.199221Z,1113,124.6,0,OK,OK,OK
2026-08-29T07:19:52.574160Z,1113,124.6,0,OK,OK,OK
2026-08-29T07:19:57.975815Z,1115,124.6,0,OK,OK,OK
2026-08-29T07:20:03.347121Z,1113,124.6,0,OK,OK,OK
2026-08-29T07:20:08.758421Z,1115,124.6,0,OK,OK,OK
2026-08-29T07:20:14.167900Z,1113,124.6,0,OK,OK,OK
2026-08-29T07:20:19.559993Z,1114,124.6,0,OK,OK,OK
2026-08-29T07:20:24.939834Z,1118,124.5,0,OK,OK,OK
2026-08-29T07:20:30.322266Z,1114,124.6,0,OK,OK,OK
2026-08-29T07:20:35.690497Z,1113,124.6,0,OK,OK,OK
2026-08-29T07:20:41.072103Z,1119,124.5,0,OK,OK,OK
2026-08-29T07:20:46.453977Z,1123,124.6,0,OK,OK,OK
2026-08-29T07:20:51.827922Z,1124,124.6,0,OK,OK,OK
2026-08-29T07:20:57.205133Z,1118,124.6,0,OK,OK,OK
2026-08-29T07:21:02.582687Z,1119,124.6,0,OK,OK,OK
2026-08-29T07:21:07.936447Z,1122,124.6,0,OK,OK,OK
2026-08-29T07:21:13.305852Z,1119,124.6,0,OK,OK,OK
2026-08-29T07:21:18.635879Z,1122,124.6,0,OK,OK,OK
2026-08-29T07:21:24.044403Z,1110,124.6,0,OK,OK,OK
2026-08-29T07:21:29.421705Z,1110,124.6,0,OK,OK,OK
2026-08-29T07:21:34.787869Z,1108,124.6,0,OK,OK,OK
2026-08-29T07:21:40.159487Z,1110,124.6,0,OK,OK,OK
2026-08-29T07:21:45.525553Z,1108,124.6,0,OK,OK,OK
2026-08-29T07:21:50.877092Z,1129,124.6,0,OK,OK,OK
2026-08-29T07:21:56.246001Z,1110,124.6,0,OK,OK,OK
2026-08-29T07:22:01.614379Z,1117,124.6,0,OK,OK,OK
2026-08-29T07:22:06.985301Z,1116,124.6,0,OK,OK,OK
2026-08-29T07:22:12.378002Z,1114,124.6,0,OK,OK,OK
2026-08-29T07:22:17.740839Z,1111,124.6,0,OK,OK,OK
2026-08-29T07:22:23.118709Z,1112,124.6,0,OK,OK,OK
2026-08-29T07:22:28.483527Z,1108,124.6,0,OK,OK,OK
2026-08-29T07:22:33.844820Z,1113,124.6,0,OK,OK,OK
2026-08-29T07:22:39.207149Z,1115,124.6,0,OK,OK,OK
2026-08-29T07:22:44.591901Z,1110,124.6,0,OK,OK,OK
2026-08-29T07:22:49.960070Z,1114,124.6,0,OK,OK,OK
2026-08-29T07:22:55.338051Z,1114,124.7,0,OK,OK,OK
2026-08-29T07:23:00.685020Z,1112,124.7,0,OK,OK,OK
2026-08-29T07:23:06.053811Z,1118,124.6,0,OK,OK,OK
2026-08-29T07:23:11.407845Z,1109,124.7,0,OK,OK,OK
2026-08-29T07:23:16.781356Z,1115,124.6,0,OK,OK,OK
2026-08-29T07:23:22.145903Z,1113,124.6,0,OK,OK,OK
2026-08-29T07:23:27.523130Z,1112,124.7,0,OK,OK,OK
2026-08-29T07:23:32.887731Z,1112,124.7,0,OK,OK,OK
2026-08-29T07:23:38.254008Z,1110,124.7,0,OK,OK,OK
2026-08-29T07:23:43.621648Z,1114,124.7,0,OK,OK,OK
2026-08-29T07:23:48.988952Z,1108,124.8,0,OK,OK,OK
2026-08-29T07:23:54.367021Z,1109,124.7,0,OK,OK,OK
2026-08-29T07:23:59.726984Z,1100,124.7,0,OK,OK,OK
2026-08-29T07:24:05.099974Z,919,124.6,0,OK,OK,OK
2026-08-29T07:24:10.489887Z,919,124.6,0,OK,OK,OK
2026-08-29T07:24:15.879227Z,919,124.7,0,OK,OK,OK
2026-08-29T07:24:21.263506Z,921,124.7,0,OK,OK,OK
2026-08-29T07:24:26.652514Z,922,124.7,0,OK,OK,OK
2026-08-29T07:24:32.029522Z,923,124.7,0,OK,OK,OK
2026-08-29T07:24:37.412734Z,921,124.6,0,OK,OK,OK
2026-08-29T07:24:42.777501Z,922,124.6,0,OK,OK,OK
2026-08-29T07:24:48.164021Z,920,124.7,0,OK,OK,OK
2026-08-29T07:24:53.548630Z,919,124.7,0,OK,OK,OK
2026-08-29T07:24:58.929525Z,921,124.7,0,OK,OK,OK
2026-08-29T07:25:04.299833Z,919,124.7,0,OK,OK,OK
2026-08-29T07:25:09.678717Z,926,124.6,0,OK,OK,OK
2026-08-29T07:25:15.361123Z,921,124.8,0,OK,OK,OK
2026-08-29T07:25:20.784123Z,923,124.8,0,OK,OK,OK
2026-08-29T07:25:26.156756Z,921,124.8,0,OK,OK,OK
2026-08-29T07:25:31.528031Z,920,124.8,0,OK,OK,OK
2026-08-29T07:25:36.909348Z,924,124.8,0,OK,OK,OK
2026-08-29T07:25:42.285082Z,922,124.8,0,OK,OK,OK
2026-08-29T07:25:47.669087Z,920,124.8,0,OK,OK,OK
2026-08-29T07:25:53.044141Z,920,124.8,0,OK,OK,OK
2026-08-29T07:25:58.411911Z,920,124.7,0,OK,OK,OK
2026-08-29T07:26:03.794564Z,917,124.7,0,OK,OK,OK
2026-08-29T07:26:09.184709Z,918,124.6,0,OK,OK,OK
2026-08-29T07:26:14.587108Z,917,124.7,0,OK,OK,OK
2026-08-29T07:26:19.956813Z,924,124.7,0,OK,OK,OK
2026-08-29T07:26:25.357016Z,921,124.7,0,OK,OK,OK
2026-08-29T07:26:30.750972Z,920,124.7,0,OK,OK,OK
2026-08-29T07:26:36.143358Z,918,124.8,0,OK,OK,OK
2026-08-29T07:26:41.509143Z,918,124.7,0,OK,OK,OK
2026-08-29T07:26:46.902945Z,918,124.8,0,OK,OK,OK
2026-08-29T07:26:52.276402Z,922,124.7,0,OK,OK,OK
2026-08-29T07:26:57.659062Z,915,124.8,0,OK,OK,OK
2026-08-29T07:27:03.044795Z,917,124.8,0,OK,OK,OK
2026-08-29T07:27:08.419789Z,916,124.8,0,OK,OK,OK
2026-08-29T07:27:13.867459Z,919,124.8,0,OK,OK,OK
2026-08-29T07:27:19.240601Z,919,124.8,0,OK,OK,OK
2026-08-29T07:27:24.643149Z,920,124.8,0,OK,OK,OK
2026-08-29T07:27:30.026543Z,922,124.8,0,OK,OK,OK
2026-08-29T07:27:35.399927Z,919,124.8,0,OK,OK,OK
2026-08-29T07:27:40.782948Z,918,124.8,0,OK,OK,OK
2026-08-29T07:27:46.158086Z,918,124.8,0,OK,OK,OK
2026-08-29T07:27:51.540566Z,921,124.8,0,OK,OK,OK
2026-08-29T07:27:56.915358Z,920,124.8,0,OK,OK,OK
2026-08-29T07:28:02.299344Z,922,124.8,0,OK,OK,OK
2026-08-29T07:28:07.685717Z,920,124.8,0,OK,OK,OK
2026-08-29T07:28:13.054905Z,919,124.8,0,OK,OK,OK
2026-08-29T07:28:18.443478Z,922,124.8,0,OK,OK,OK
2026-08-29T07:28:23.859767Z,920,124.8,0,OK,OK,OK
2026-08-29T07:28:29.241527Z,919,124.8,0,OK,OK,OK
2026-08-29T07:28:34.634724Z,922,124.9,0,OK,OK,OK
2026-08-29T07:28:40.012337Z,921,124.9,0,OK,OK,OK
2026-08-29T07:28:45.391716Z,920,124.9,0,OK,OK,OK
2026-08-29T07:28:50.778905Z,919,124.8,0,OK,OK,OK
2026-08-29T07:28:56.159364Z,919,124.9,0,OK,OK,OK
2026-08-29T07:29:01.536590Z,920,124.9,0,OK,OK,OK
2026-08-29T07:29:06.913133Z,918,124.8,0,OK,OK,OK
2026-08-29T07:29:12.277959Z,919,124.9,0,OK,OK,OK
2026-08-29T07:29:17.652447Z,923,124.8,0,OK,OK,OK
2026-08-29T07:29:23.023022Z,916,124.8,0,OK,OK,OK
2026-08-29T07:29:28.391336Z,918,124.9,0,OK,OK,OK
2026-08-29T07:29:33.772684Z,918,124.8,0,OK,OK,OK
2026-08-29T07:29:39.169237Z,918,124.9,0,OK,OK,OK
2026-08-29T07:29:44.561329Z,917,124.9,0,OK,OK,OK
2026-08-29T07:29:49.962427Z,921,124.9,0,OK,OK,OK
2026-08-29T07:29:55.345465Z,837,124.8,0,OK,OK,OK
2026-08-29T07:30:00.740582Z,840,124.9,0,OK,OK,OK
2026-08-29T07:30:06.140396Z,838,124.9,0,OK,OK,OK
2026-08-29T07:30:11.518225Z,839,124.9,0,OK,OK,OK
2026-08-29T07:30:16.925583Z,840,124.9,0,OK,OK,OK
2026-08-29T07:30:22.316538Z,838,124.9,0,OK,OK,OK
2026-08-29T07:30:27.675734Z,839,124.9,0,OK,OK,OK
2026-08-29T07:30:33.053918Z,844,124.9,0,OK,OK,OK
2026-08-29T07:30:38.427271Z,836,124.8,0,OK,OK,OK
2026-08-29T07:30:43.792931Z,834,124.8,0,OK,OK,OK
2026-08-29T07:30:49.166648Z,836,124.8,0,OK,OK,OK
2026-08-29T07:30:54.548629Z,834,124.8,0,OK,OK,OK
2026-08-29T07:30:59.935867Z,838,124.8,0,OK,OK,OK
2026-08-29T07:31:05.344486Z,836,124.8,0,OK,OK,OK
2026-08-29T07:31:10.735034Z,839,124.8,0,OK,OK,OK
2026-08-29T07:31:16.113089Z,847,124.9,0,OK,OK,OK
2026-08-29T07:31:21.496286Z,835,124.9,0,OK,OK,OK
2026-08-29T07:31:26.902352Z,838,124.9,0,OK,OK,OK
2026-08-29T07:31:32.296525Z,835,124.9,0,OK,OK,OK
2026-08-29T07:31:37.681932Z,837,124.9,0,OK,OK,OK
2026-08-29T07:31:43.069444Z,835,124.8,0,OK,OK,OK
2026-08-29T07:31:48.455934Z,836,124.9,0,OK,OK,OK
2026-08-29T07:31:53.833019Z,836,124.8,0,OK,OK,OK
2026-08-29T07:31:59.212756Z,839,124.8,0,OK,OK,OK
2026-08-29T07:32:04.591700Z,837,124.8,0,OK,OK,OK
2026-08-29T07:32:09.959553Z,839,124.8,0,OK,OK,OK
2026-08-29T07:32:15.356911Z,834,124.8,0,OK,OK,OK
2026-08-29T07:32:20.743764Z,838,124.8,0,OK,OK,OK
2026-08-29T07:32:26.142664Z,839,124.8,0,OK,OK,OK
2026-08-29T07:32:31.523269Z,838,124.9,0,OK,OK,OK
2026-08-29T07:32:36.895808Z,834,124.8,0,OK,OK,OK
2026-08-29T07:32:42.257429Z,836,124.9,0,OK,OK,OK
2026-08-29T07:32:47.643734Z,833,124.9,0,OK,OK,OK
2026-08-29T07:32:53.022114Z,836,124.8,0,OK,OK,OK
2026-08-29T07:32:58.390624Z,838,124.9,0,OK,OK,OK
2026-08-29T07:33:03.770999Z,837,124.9,0,OK,OK,OK
2026-08-29T07:33:12.178332Z,834,124.8,0,OK,OK,OK
2026-08-29T07:33:17.565435Z,834,124.8,0,OK,OK,OK
2026-08-29T07:33:22.951007Z,836,124.8,0,OK,OK,OK
2026-08-29T07:33:28.318393Z,838,124.8,0,OK,OK,OK
2026-08-29T07:33:33.703869Z,838,124.8,0,OK,OK,OK
2026-08-29T07:33:39.095973Z,836,124.8,0,OK,OK,OK
2026-08-29T07:33:44.477505Z,835,124.8,0,OK,OK,OK
2026-08-29T07:33:49.845813Z,837,124.8,0,OK,OK,OK
2026-08-29T07:33:55.214681Z,837,124.8,0,OK,OK,OK
2026-08-29T07:34:00.606657Z,838,124.8,0,OK,OK,OK
2026-08-29T07:34:05.994639Z,836,124.8,0,OK,OK,OK
2026-08-29T07:34:11.408287Z,835,124.8,0,OK,OK,OK
2026-08-29T07:34:16.814340Z,836,124.6,0,OK,OK,OK
2026-08-29T07:34:22.190825Z,836,124.6,0,OK,OK,OK
2026-08-29T07:34:27.568491Z,838,124.6,0,OK,OK,OK
2026-08-29T07:34:32.949003Z,839,124.6,0,OK,OK,OK
2026-08-29T07:34:38.361618Z,833,124.6,0,OK,OK,OK
2026-08-29T07:34:43.738730Z,837,124.6,0,OK,OK,OK
2026-08-29T07:34:49.153493Z,836,124.6,0,OK,OK,OK
2026-08-29T07:34:54.542703Z,836,124.6,0,OK,OK,OK
2026-08-29T07:34:59.935574Z,835,124.6,0,OK,OK,OK
2026-08-29T07:35:05.314169Z,835,124.6,0,OK,OK,OK
2026-08-29T07:35:10.714401Z,837,124.5,0,OK,OK,OK
2026-08-29T07:35:16.128586Z,835,124.6,0,OK,OK,OK
2026-08-29T07:35:21.497618Z,837,124.6,0,OK,OK,OK
2026-08-29T07:35:26.894724Z,840,124.6,0,OK,OK,OK
2026-08-29T07:35:32.306090Z,836,124.6,0,OK,OK,OK
2026-08-29T07:35:37.693557Z,835,124.5,0,OK,OK,OK
2026-08-29T07:35:43.076986Z,834,124.6,0,OK,OK,OK
2026-08-29T07:35:48.474591Z,834,124.6,0,OK,OK,OK
2026-08-29T07:35:53.852087Z,838,124.6,0,OK,OK,OK
2026-08-29T07:35:59.222695Z,837,124.8,0,OK,OK,OK
2026-08-29T07:36:04.612073Z,836,124.7,0,OK,OK,OK
2026-08-29T07:36:09.979700Z,838,124.7,0,OK,OK,OK
2026-08-29T07:36:15.364911Z,835,124.8,0,OK,OK,OK
2026-08-29T07:36:20.730868Z,836,124.8,0,OK,OK,OK
2026-08-29T07:36:26.117268Z,838,124.8,0,OK,OK,OK
2026-08-29T07:36:31.499548Z,836,124.7,0,OK,OK,OK
2026-08-29T07:36:36.866988Z,841,124.8,0,OK,OK,OK
2026-08-29T07:36:42.247853Z,837,124.8,0,OK,OK,OK
2026-08-29T07:36:47.634388Z,837,124.8,0,OK,OK,OK
2026-08-29T07:36:53.028216Z,834,124.7,0,OK,OK,OK
2026-08-29T07:36:58.391596Z,836,124.7,0,OK,OK,OK
2026-08-29T07:37:03.782696Z,833,124.7,0,OK,OK,OK
2026-08-29T07:37:09.164673Z,835,124.8,0,OK,OK,OK
2026-08-29T07:37:14.551902Z,836,124.7,0,OK,OK,OK
2026-08-29T07:37:19.929766Z,834,124.7,0,OK,OK,OK
2026-08-29T07:37:25.315924Z,835,124.6,0,OK,OK,OK
2026-08-29T07:37:30.702961Z,834,124.7,0,OK,OK,OK
2026-08-29T07:37:36.079272Z,836,124.7,0,OK,OK,OK
2026-08-29T07:37:41.467750Z,835,124.7,0,OK,OK,OK
2026-08-29T07:37:46.844663Z,835,124.7,0,OK,OK,OK
2026-08-29T07:37:52.208665Z,838,124.7,0,OK,OK,OK
2026-08-29T07:37:57.590919Z,836,124.7,0,OK,OK,OK
2026-08-29T07:38:02.968006Z,836,124.7,0,OK,OK,OK
2026-08-29T07:38:08.352265Z,839,124.7,0,OK,OK,OK
2026-08-29T07:38:13.735649Z,835,124.7,0,OK,OK,OK
2026-08-29T07:38:19.119258Z,835,124.7,0,OK,OK,OK
2026-08-29T07:38:24.496853Z,836,124.7,0,OK,OK,OK
2026-08-29T07:38:29.866208Z,837,124.7,0,OK,OK,OK
2026-08-29T07:38:35.252733Z,836,124.6,0,OK,OK,OK
2026-08-29T07:38:40.639331Z,836,124.7,0,OK,OK,OK
2026-08-29T07:38:46.023087Z,834,124.7,0,OK,OK,OK
2026-08-29T07:38:51.412266Z,838,124.6,0,OK,OK,OK
2026-08-29T07:38:56.796998Z,835,124.4,0,OK,OK,OK
2026-08-29T07:39:02.170065Z,836,124.4,0,OK,OK,OK
2026-08-29T07:39:07.571890Z,834,124.4,0,OK,OK,OK
2026-08-29T07:39:12.955803Z,837,124.5,0,OK,OK,OK
2026-08-29T07:39:18.353324Z,835,124.5,0,OK,OK,OK
2026-08-29T07:39:23.774440Z,832,124.5,0,OK,OK,OK
2026-08-29T07:39:29.143222Z,839,124.5,0,OK,OK,OK
2026-08-29T07:39:34.541706Z,837,124.5,0,OK,OK,OK
2026-08-29T07:39:39.916829Z,836,124.5,0,OK,OK,OK
2026-08-29T07:39:48.280274Z,833,124.5,0,OK,OK,OK
2026-08-29T07:39:53.662456Z,838,124.5,0,OK,OK,OK
2026-08-29T07:39:59.022158Z,835,124.4,0,OK,OK,OK
2026-08-29T07:40:04.397094Z,834,124.4,0,OK,OK,OK
2026-08-29T07:40:09.788909Z,836,124.4,0,OK,OK,OK
2026-08-29T07:40:15.155161Z,832,124.4,0,OK,OK,OK
2026-08-29T07:40:20.544288Z,835,124.4,0,OK,OK,OK
2026-08-29T07:40:25.927176Z,836,124.5,0,OK,OK,OK
2026-08-29T07:40:31.299951Z,836,124.5,0,OK,OK,OK
2026-08-29T07:40:36.681742Z,831,124.5,0,OK,OK,OK
2026-08-29T07:40:42.047270Z,754,124.4,0,OK,OK,OK
2026-08-29T07:40:47.433855Z,752,124.5,0,OK,OK,OK
2026-08-29T07:40:52.801578Z,760,124.5,0,OK,OK,OK
2026-08-29T07:40:58.182072Z,753,124.5,0,OK,OK,OK
2026-08-29T07:41:03.560343Z,755,124.5,0,OK,OK,OK
2026-08-29T07:41:08.937521Z,754,124.4,0,OK,OK,OK
2026-08-29T07:41:14.321244Z,750,124.3,0,OK,OK,OK
2026-08-29T07:41:19.704636Z,762,124.5,0,OK,OK,OK
2026-08-29T07:41:25.090277Z,751,124.4,0,OK,OK,OK
2026-08-29T07:41:30.458645Z,756,124.4,0,OK,OK,OK
2026-08-29T07:41:35.831962Z,754,124.5,0,OK,OK,OK
2026-08-29T07:41:41.217204Z,756,124.4,0,OK,OK,OK
2026-08-29T07:41:46.603547Z,755,124.4,0,OK,OK,OK
2026-08-29T07:41:51.975404Z,759,124.4,0,OK,OK,OK
2026-08-29T07:41:57.361869Z,754,124.4,0,OK,OK,OK
2026-08-29T07:42:02.742120Z,753,124.4,0,OK,OK,OK
2026-08-29T07:42:08.124207Z,754,124.4,0,OK,OK,OK
2026-08-29T07:42:13.540491Z,754,124.4,0,OK,OK,OK
2026-08-29T07:42:18.934737Z,752,124.4,0,OK,OK,OK
2026-08-29T07:42:24.340243Z,754,124.4,0,OK,OK,OK
2026-08-29T07:42:29.708511Z,753,124.4,0,OK,OK,OK
2026-08-29T07:42:35.097903Z,755,124.4,0,OK,OK,OK
2026-08-29T07:42:40.485592Z,754,124.4,0,OK,OK,OK
2026-08-29T07:42:45.846447Z,753,124.4,0,OK,OK,OK
2026-08-29T07:42:51.226633Z,758,124.4,0,OK,OK,OK
2026-08-29T07:42:56.606764Z,752,124.4,0,OK,OK,OK
2026-08-29T07:43:01.983628Z,753,124.4,0,OK,OK,OK
2026-08-29T07:43:07.358715Z,5851,122.6,0,OK,OK,OK
2026-08-29T07:43:12.754545Z,1555,124.1,0,OK,OK,OK
2026-08-29T07:43:18.135848Z,1589,124.2,0,OK,OK,OK
2026-08-29T07:43:23.510767Z,1611,124.2,0,OK,OK,OK
2026-08-29T07:43:28.893323Z,1638,124.2,0,OK,OK,OK
2026-08-29T07:43:34.286408Z,1670,124.1,0,OK,OK,OK
2026-08-29T07:43:39.672039Z,1733,124.1,0,OK,OK,OK
2026-08-29T07:43:45.041797Z,1840,124.1,0,OK,OK,OK
2026-08-29T07:43:50.414403Z,2139,124.1,0,OK,OK,OK
2026-08-29T07:43:55.800186Z,2234,124.0,0,OK,OK,OK
2026-08-29T07:44:01.166058Z,2234,124.1,0,OK,OK,OK
2026-08-29T07:44:06.541707Z,2233,124.1,0,OK,OK,OK
2026-08-29T07:44:11.922081Z,2238,124.1,0,OK,OK,OK
2026-08-29T07:44:17.315342Z,2238,124.1,0,OK,OK,OK
2026-08-29T07:44:22.712349Z,2237,124.1,0,OK,OK,OK
2026-08-29T07:44:28.099910Z,2238,124.1,0,OK,OK,OK
2026-08-29T07:44:33.486427Z,2236,124.0,0,OK,OK,OK
2026-08-29T07:44:38.888695Z,2238,124.1,0,OK,OK,OK
2026-08-29T07:44:44.253053Z,2237,124.1,0,OK,OK,OK
2026-08-29T07:44:49.629810Z,2238,124.1,0,OK,OK,OK
2026-08-29T07:44:55.032983Z,2234,124.1,0,OK,OK,OK
2026-08-29T07:45:00.395485Z,2240,124.1,0,OK,OK,OK
2026-08-29T07:45:05.787305Z,2241,124.1,0,OK,OK,OK
2026-08-29T07:45:11.183287Z,2239,124.1,0,OK,OK,OK
2026-08-29T07:45:16.572565Z,2242,124.1,0,OK,OK,OK
2026-08-29T07:45:21.949590Z,2243,124.1,0,OK,OK,OK
2026-08-29T07:45:27.332393Z,2242,124.1,0,OK,OK,OK
2026-08-29T07:45:32.751814Z,2240,124.2,0,OK,OK,OK
2026-08-29T07:45:38.111469Z,2241,124.1,0,OK,OK,OK
2026-08-29T07:45:43.521017Z,2244,124.1,0,OK,OK,OK
2026-08-29T07:45:48.913128Z,2243,124.1,0,OK,OK,OK
2026-08-29T07:45:54.283752Z,2242,124.1,0,OK,OK,OK
2026-08-29T07:45:59.669911Z,2242,124.1,0,OK,OK,OK
2026-08-29T07:46:05.055662Z,2242,124.1,0,OK,OK,OK
2026-08-29T07:46:10.469836Z,2244,124.1,0,OK,OK,OK
2026-08-29T07:46:15.857874Z,2254,124.2,0,OK,OK,OK
2026-08-29T07:46:21.256268Z,2243,124.1,0,OK,OK,OK
2026-08-29T07:46:26.634311Z,2240,124.1,0,OK,OK,OK
2026-08-29T07:46:32.036663Z,2242,124.2,0,OK,OK,OK
2026-08-29T07:46:37.439013Z,2243,124.2,0,OK,OK,OK
2026-08-29T07:46:42.841454Z,2240,124.1,0,OK,OK,OK
2026-08-29T07:46:48.215955Z,2242,124.2,0,OK,OK,OK
2026-08-29T07:46:53.590252Z,2243,124.2,0,OK,OK,OK
2026-08-29T07:46:58.983376Z,2245,124.2,0,OK,OK,OK
2026-08-29T07:47:04.384088Z,2246,124.2,0,OK,OK,OK
2026-08-29T07:47:09.758431Z,2242,124.2,0,OK,OK,OK
2026-08-29T07:47:15.143860Z,2242,124.2,0,OK,OK,OK
2026-08-29T07:47:20.546321Z,2245,124.2,0,OK,OK,OK
2026-08-29T07:47:25.933582Z,2243,124.1,0,OK,OK,OK
2026-08-29T07:47:31.296296Z,2243,124.2,0,OK,OK,OK
2026-08-29T07:47:36.708104Z,2245,124.2,0,OK,OK,OK
2026-08-29T07:47:42.107149Z,2247,124.2,0,OK,OK,OK
2026-08-29T07:47:47.499979Z,2239,124.2,0,OK,OK,OK
2026-08-29T07:47:52.886216Z,2241,124.2,0,OK,OK,OK
2026-08-29T07:47:58.264655Z,2240,124.1,0,OK,OK,OK
2026-08-29T07:48:03.644465Z,2247,124.2,0,OK,OK,OK
2026-08-29T07:48:09.036078Z,3407,124.7,0,OK,OK,OK
2026-08-29T07:48:14.422356Z,2337,124.3,0,OK,OK,OK
2026-08-29T07:48:19.808113Z,2353,124.3,0,OK,OK,OK
2026-08-29T07:48:25.211250Z,2355,124.3,0,OK,OK,OK
2026-08-29T07:48:30.605579Z,2348,124.2,0,OK,OK,OK
2026-08-29T07:48:35.982830Z,2362,124.2,0,OK,OK,OK
2026-08-29T07:48:41.363134Z,2361,124.3,0,OK,OK,OK
2026-08-29T07:48:46.724757Z,2353,124.2,0,OK,OK,OK
2026-08-29T07:48:52.103199Z,2352,124.3,0,OK,OK,OK
2026-08-29T07:48:57.488687Z,2356,124.3,0,OK,OK,OK
2026-08-29T07:49:02.864908Z,2353,124.3,0,OK,OK,OK
2026-08-29T07:49:08.230435Z,2352,124.2,0,OK,OK,OK
2026-08-29T07:49:13.616658Z,2351,124.3,0,OK,OK,OK
2026-08-29T07:49:19.002364Z,2344,124.3,0,OK,OK,OK
2026-08-29T07:49:24.372703Z,2348,124.3,0,OK,OK,OK
2026-08-29T07:49:29.763141Z,2347,124.3,0,OK,OK,OK
2026-08-29T07:49:35.171319Z,2347,124.3,0,OK,OK,OK
2026-08-29T07:49:40.563732Z,2344,124.3,0,OK,OK,OK
2026-08-29T07:49:45.932266Z,2344,124.3,0,OK,OK,OK
2026-08-29T07:49:51.303313Z,2342,124.3,0,OK,OK,OK
2026-08-29T07:49:56.688995Z,2341,124.3,0,OK,OK,OK
2026-08-29T07:50:02.047873Z,2337,124.3,0,OK,OK,OK
2026-08-29T07:50:07.418479Z,2333,124.3,0,OK,OK,OK
2026-08-29T07:50:12.804978Z,2329,124.3,0,OK,OK,OK
2026-08-29T07:50:18.186235Z,2332,124.3,0,OK,OK,OK
2026-08-29T07:50:23.574341Z,2331,124.3,0,OK,OK,OK
2026-08-29T07:50:28.970903Z,2332,124.3,0,OK,OK,OK
2026-08-29T07:50:34.356277Z,2331,124.3,0,OK,OK,OK
2026-08-29T07:50:39.737185Z,2330,124.3,0,OK,OK,OK
2026-08-29T07:50:45.116093Z,2331,124.3,0,OK,OK,OK
2026-08-29T07:50:50.497433Z,2332,124.3,0,OK,OK,OK
2026-08-29T07:50:55.888045Z,2336,124.3,0,OK,OK,OK
2026-08-29T07:51:01.265091Z,2329,124.2,0,OK,OK,OK
2026-08-29T07:51:06.660201Z,2330,124.2,0,OK,OK,OK
2026-08-29T07:51:12.040179Z,2329,124.3,0,OK,OK,OK
2026-08-29T07:51:17.410668Z,2339,124.3,0,OK,OK,OK
2026-08-29T07:51:22.795672Z,2330,124.3,0,OK,OK,OK
2026-08-29T07:51:28.176261Z,2330,124.3,0,OK,OK,OK
2026-08-29T07:51:33.568722Z,2330,124.3,0,OK,OK,OK
2026-08-29T07:51:38.932239Z,2334,124.3,0,OK,OK,OK
2026-08-29T07:51:44.314406Z,2328,124.3,0,OK,OK,OK
2026-08-29T07:51:49.680583Z,2329,124.3,0,OK,OK,OK
2026-08-29T07:51:55.060665Z,2332,124.3,0,OK,OK,OK
2026-08-29T07:52:00.465064Z,2332,124.3,0,OK,OK,OK
2026-08-29T07:52:05.850825Z,2330,124.3,0,OK,OK,OK
2026-08-29T07:52:11.222080Z,2333,124.3,0,OK,OK,OK
2026-08-29T07:52:16.591719Z,2329,124.3,0,OK,OK,OK
2026-08-29T07:52:21.978947Z,2331,124.3,0,OK,OK,OK
2026-08-29T07:52:27.364701Z,2330,124.2,0,OK,OK,OK
2026-08-29T07:52:32.749550Z,2330,124.3,0,OK,OK,OK
2026-08-29T07:52:38.133422Z,2332,124.2,0,OK,OK,OK
2026-08-29T07:52:43.514170Z,2330,124.3,0,OK,OK,OK
2026-08-29T07:52:48.901487Z,2332,124.2,0,OK,OK,OK
2026-08-29T07:52:54.282703Z,2335,124.3,0,OK,OK,OK
2026-08-29T07:52:59.682723Z,2333,124.3,0,OK,OK,OK
2026-08-29T07:53:05.083479Z,2336,124.3,0,OK,OK,OK
2026-08-29T07:53:10.472616Z,2336,124.3,0,OK,OK,OK
2026-08-29T07:53:15.853882Z,2334,124.3,0,OK,OK,OK
2026-08-29T07:53:21.229304Z,2334,124.3,0,OK,OK,OK
2026-08-29T07:53:26.614401Z,2332,124.3,0,OK,OK,OK
2026-08-29T07:53:31.975942Z,2335,124.3,0,OK,OK,OK
2026-08-29T07:53:37.363331Z,2332,124.2,0,OK,OK,OK
2026-08-29T07:53:42.746698Z,2334,124.2,0,OK,OK,OK
2026-08-29T07:53:48.127054Z,2332,124.3,0,OK,OK,OK
2026-08-29T07:53:53.518886Z,2335,124.2,0,OK,OK,OK
2026-08-29T07:53:58.896059Z,2334,124.3,0,OK,OK,OK
2026-08-29T07:54:04.282347Z,2336,124.3,0,OK,OK,OK
2026-08-29T07:54:09.655785Z,2332,124.2,0,OK,OK,OK
2026-08-29T07:54:15.039835Z,2334,124.3,0,OK,OK,OK
2026-08-29T07:54:20.434915Z,2332,124.3,0,OK,OK,OK
2026-08-29T07:54:25.821406Z,2341,124.3,0,OK,OK,OK
2026-08-29T07:54:31.220439Z,2335,124.3,0,OK,OK,OK
2026-08-29T07:54:36.624005Z,2339,124.2,0,OK,OK,OK
2026-08-29T07:54:42.013074Z,2334,124.2,0,OK,OK,OK
2026-08-29T07:54:47.383524Z,2335,124.2,0,OK,OK,OK
2026-08-29T07:54:52.767856Z,2337,124.2,0,OK,OK,OK
2026-08-29T07:54:58.167329Z,2337,124.2,0,OK,OK,OK
2026-08-29T07:55:03.558142Z,2342,124.2,0,OK,OK,OK
2026-08-29T07:55:08.924655Z,2333,124.1,0,OK,OK,OK
2026-08-29T07:55:14.602922Z,2342,124.2,0,OK,OK,OK
2026-08-29T07:55:19.989379Z,2334,124.2,0,OK,OK,OK
2026-08-29T07:55:25.360894Z,2336,124.2,0,OK,OK,OK
2026-08-29T07:55:30.742164Z,2333,124.3,0,OK,OK,OK
2026-08-29T07:55:36.118928Z,2336,124.3,0,OK,OK,OK
2026-08-29T07:55:41.489045Z,2337,124.3,0,OK,OK,OK
2026-08-29T07:55:46.858073Z,2341,124.3,0,OK,OK,OK
2026-08-29T07:55:52.234914Z,2333,124.3,0,OK,OK,OK
2026-08-29T07:55:57.612974Z,2334,124.2,0,OK,OK,OK
2026-08-29T07:56:02.982361Z,2333,124.2,0,OK,OK,OK
2026-08-29T07:56:08.358612Z,2330,124.2,0,OK,OK,OK
2026-08-29T07:56:13.757586Z,2333,124.3,0,OK,OK,OK
2026-08-29T07:56:19.161224Z,2338,124.3,0,OK,OK,OK
2026-08-29T07:56:24.520320Z,2332,124.3,0,OK,OK,OK
2026-08-29T07:56:29.903943Z,2334,124.3,0,OK,OK,OK
2026-08-29T07:56:35.290595Z,2330,124.3,0,OK,OK,OK
2026-08-29T07:56:40.660377Z,2332,124.3,0,OK,OK,OK
2026-08-29T07:56:46.061795Z,2337,124.3,0,OK,OK,OK
2026-08-29T07:56:51.455708Z,2331,124.3,0,OK,OK,OK
2026-08-29T07:56:56.833091Z,2332,124.3,0,OK,OK,OK
2026-08-29T07:57:02.219697Z,2334,124.3,0,OK,OK,OK
2026-08-29T07:57:07.616786Z,2333,124.3,0,OK,OK,OK
2026-08-29T07:57:13.006331Z,2336,124.3,0,OK,OK,OK
2026-08-29T07:57:18.364894Z,2336,124.3,0,OK,OK,OK
2026-08-29T07:57:23.745624Z,2334,124.3,0,OK,OK,OK
2026-08-29T07:57:29.138018Z,2336,124.1,0,OK,OK,OK
2026-08-29T07:57:34.516929Z,2333,124.3,0,OK,OK,OK
2026-08-29T07:57:39.897595Z,2336,124.3,0,OK,OK,OK
2026-08-29T07:57:45.281496Z,2333,124.3,0,OK,OK,OK
2026-08-29T07:57:50.694694Z,2334,124.3,0,OK,OK,OK
2026-08-29T07:57:56.090425Z,2337,124.3,0,OK,OK,OK
2026-08-29T07:58:01.466285Z,2334,124.3,0,OK,OK,OK
2026-08-29T07:58:06.857145Z,2335,124.3,0,OK,OK,OK
2026-08-29T07:58:12.246220Z,2329,124.3,0,OK,OK,OK
2026-08-29T07:58:17.614957Z,2333,124.3,0,OK,OK,OK
2026-08-29T07:58:23.002829Z,2337,124.3,0,OK,OK,OK
2026-08-29T07:58:28.385575Z,2334,124.3,0,OK,OK,OK
2026-08-29T07:58:33.791746Z,2330,124.3,0,OK,OK,OK
2026-08-29T07:58:39.162270Z,2334,124.3,0,OK,OK,OK
2026-08-29T07:58:44.563774Z,2334,124.3,0,OK,OK,OK
2026-08-29T07:58:49.934603Z,2341,124.3,0,OK,OK,OK
2026-08-29T07:58:55.328016Z,2338,124.3,0,OK,OK,OK
2026-08-29T07:59:00.733684Z,2336,124.4,0,OK,OK,OK
2026-08-29T07:59:06.107649Z,2339,124.4,0,OK,OK,OK
2026-08-29T07:59:11.500622Z,2334,124.4,0,OK,OK,OK
2026-08-29T07:59:16.891603Z,2338,124.5,0,OK,OK,OK
2026-08-29T07:59:22.265303Z,2338,124.4,0,OK,OK,OK
2026-08-29T07:59:27.672827Z,2332,124.4,0,OK,OK,OK
2026-08-29T07:59:33.031468Z,2334,124.4,0,OK,OK,OK
2026-08-29T07:59:38.406217Z,2340,124.4,0,OK,OK,OK
2026-08-29T07:59:43.784695Z,2333,124.4,0,OK,OK,OK
2026-08-29T07:59:49.158091Z,2332,124.4,0,OK,OK,OK
2026-08-29T07:59:54.517947Z,2333,124.4,0,OK,OK,OK
2026-08-29T07:59:59.899887Z,2334,124.4,0,OK,OK,OK
2026-08-29T08:00:05.291594Z,2334,124.4,0,OK,OK,OK
2026-08-29T08:00:10.668938Z,2341,124.4,0,OK,OK,OK
2026-08-29T08:00:16.055804Z,2334,124.5,0,OK,OK,OK
2026-08-29T08:00:21.458495Z,2335,124.5,0,OK,OK,OK
2026-08-29T08:00:26.844861Z,2338,124.4,0,OK,OK,OK
2026-08-29T08:00:32.217889Z,2337,124.4,0,OK,OK,OK
2026-08-29T08:00:37.599588Z,2339,124.5,0,OK,OK,OK
2026-08-29T08:00:42.972426Z,2338,124.5,0,OK,OK,OK
2026-08-29T08:00:48.337811Z,2335,124.5,0,OK,OK,OK
2026-08-29T08:00:53.730716Z,2336,124.4,0,OK,OK,OK
2026-08-29T08:00:59.099697Z,2338,124.5,0,OK,OK,OK
2026-08-29T08:01:04.474463Z,2338,124.5,0,OK,OK,OK
2026-08-29T08:01:09.865288Z,2334,124.5,0,OK,OK,OK
2026-08-29T08:01:15.238624Z,2336,124.5,0,OK,OK,OK
2026-08-29T08:01:20.641994Z,2335,124.5,0,OK,OK,OK
2026-08-29T08:01:26.010262Z,2334,124.5,0,OK,OK,OK
2026-08-29T08:01:31.402657Z,2335,124.5,0,OK,OK,OK
2026-08-29T08:01:36.789231Z,2337,124.6,0,OK,OK,OK
2026-08-29T08:01:42.175646Z,2336,124.5,0,OK,OK,OK
2026-08-29T08:01:47.548562Z,2335,124.5,0,OK,OK,OK
2026-08-29T08:01:52.927856Z,2334,124.4,0,OK,OK,OK
2026-08-29T08:01:58.335060Z,2331,124.4,0,OK,OK,OK
2026-08-29T08:02:03.721678Z,2331,124.4,0,OK,OK,OK
2026-08-29T08:02:09.092016Z,2330,124.3,0,OK,OK,OK
2026-08-29T08:02:14.494385Z,2332,124.3,0,OK,OK,OK
2026-08-29T08:02:19.895579Z,2331,124.3,0,OK,OK,OK
2026-08-29T08:02:25.284437Z,2330,124.3,0,OK,OK,OK
2026-08-29T08:02:30.671015Z,2330,124.3,0,OK,OK,OK
2026-08-29T08:02:36.044950Z,2334,124.3,0,OK,OK,OK
2026-08-29T08:02:41.426613Z,2332,124.3,0,OK,OK,OK
2026-08-29T08:02:46.822923Z,2331,124.3,0,OK,OK,OK
2026-08-29T08:02:52.199541Z,2330,124.4,0,OK,OK,OK
2026-08-29T08:02:57.564970Z,2334,124.3,0,OK,OK,OK
2026-08-29T08:03:02.932468Z,2330,124.3,0,OK,OK,OK
2026-08-29T08:03:08.327055Z,2330,124.3,0,OK,OK,OK
2026-08-29T08:03:13.717967Z,2333,124.3,0,OK,OK,OK
2026-08-29T08:03:19.101814Z,2332,124.3,0,OK,OK,OK
2026-08-29T08:03:24.487262Z,2332,124.3,0,OK,OK,OK
2026-08-29T08:03:29.867125Z,2333,124.3,0,OK,OK,OK
2026-08-29T08:03:35.248205Z,2335,124.3,0,OK,OK,OK
2026-08-29T08:03:40.645690Z,2335,124.3,0,OK,OK,OK
2026-08-29T08:03:46.029823Z,2333,124.3,0,OK,OK,OK
2026-08-29T08:03:51.399403Z,2330,124.3,0,OK,OK,OK
2026-08-29T08:03:56.773024Z,2330,124.3,0,OK,OK,OK
2026-08-29T08:04:02.157433Z,2331,124.3,0,OK,OK,OK
2026-08-29T08:04:07.538463Z,2333,124.3,0,OK,OK,OK
2026-08-29T08:04:12.947547Z,2330,124.3,0,OK,OK,OK
2026-08-29T08:04:18.350741Z,2329,124.3,0,OK,OK,OK
2026-08-29T08:04:23.718290Z,2332,124.3,0,OK,OK,OK
2026-08-29T08:04:29.093491Z,2330,124.3,0,OK,OK,OK
2026-08-29T08:04:34.478692Z,2331,124.3,0,OK,OK,OK
2026-08-29T08:04:39.865683Z,2332,124.4,0,OK,OK,OK
2026-08-29T08:04:45.235999Z,2335,124.4,0,OK,OK,OK
2026-08-29T08:04:50.605431Z,2332,124.3,0,OK,OK,OK
2026-08-29T08:04:55.986304Z,2333,124.3,0,OK,OK,OK
2026-08-29T08:05:01.362546Z,2327,124.3,0,OK,OK,OK
2026-08-29T08:05:06.749068Z,2328,124.4,0,OK,OK,OK
2026-08-29T08:05:12.115032Z,2330,124.3,0,OK,OK,OK
2026-08-29T08:05:17.525202Z,2333,124.3,0,OK,OK,OK
2026-08-29T08:05:22.911297Z,2328,124.3,0,OK,OK,OK
2026-08-29T08:05:28.290571Z,2328,124.3,0,OK,OK,OK
2026-08-29T08:05:33.663763Z,2336,124.3,0,OK,OK,OK
2026-08-29T08:05:39.035924Z,2331,124.3,0,OK,OK,OK
2026-08-29T08:05:44.423013Z,2330,124.3,0,OK,OK,OK
2026-08-29T08:05:49.792703Z,2333,124.4,0,OK,OK,OK
2026-08-29T08:05:55.179199Z,2332,124.4,0,OK,OK,OK
2026-08-29T08:06:00.565805Z,2334,124.4,0,OK,OK,OK
2026-08-29T08:06:05.944611Z,2327,124.4,0,OK,OK,OK
2026-08-29T08:06:11.307568Z,2329,124.4,0,OK,OK,OK
2026-08-29T08:06:16.705848Z,2338,124.4,0,OK,OK,OK
2026-08-29T08:06:22.079712Z,2334,124.4,0,OK,OK,OK
2026-08-29T08:06:27.440845Z,2333,124.4,0,OK,OK,OK
2026-08-29T08:06:32.822061Z,2330,124.4,0,OK,OK,OK
2026-08-29T08:06:38.220380Z,2329,124.3,0,OK,OK,OK
2026-08-29T08:06:43.609655Z,2329,124.4,0,OK,OK,OK
2026-08-29T08:06:48.980118Z,2328,124.4,0,OK,OK,OK
2026-08-29T08:06:54.374388Z,2333,124.4,0,OK,OK,OK
2026-08-29T08:06:59.757830Z,2468,124.5,0,OK,OK,OK
2026-08-29T08:07:05.128567Z,2455,124.4,0,OK,OK,OK
2026-08-29T08:07:10.560983Z,2458,124.4,0,OK,OK,OK
2026-08-29T08:07:15.972524Z,2462,124.4,0,OK,OK,OK
2026-08-29T08:07:21.390987Z,2456,124.4,0,OK,OK,OK
2026-08-29T08:07:26.756741Z,2456,124.4,0,OK,OK,OK
2026-08-29T08:07:32.128102Z,2454,124.4,0,OK,OK,OK
2026-08-29T08:07:37.505419Z,2457,124.4,0,OK,OK,OK
2026-08-29T08:07:42.860875Z,2460,124.4,0,OK,OK,OK
2026-08-29T08:07:48.236312Z,2458,124.5,0,OK,OK,OK
2026-08-29T08:07:53.616953Z,2458,124.4,0,OK,OK,OK
2026-08-29T08:07:58.988402Z,2452,124.4,0,OK,OK,OK
2026-08-29T08:08:04.358040Z,2454,124.4,0,OK,OK,OK
2026-08-29T08:08:09.750216Z,2452,124.4,0,OK,OK,OK
2026-08-29T08:08:15.146968Z,2459,124.4,0,OK,OK,OK
2026-08-29T08:08:20.550195Z,2343,124.4,0,OK,OK,OK
2026-08-29T08:08:25.919977Z,2343,124.4,0,OK,OK,OK
2026-08-29T08:08:31.297312Z,2339,124.4,0,OK,OK,OK
2026-08-29T08:08:36.673516Z,2343,124.4,0,OK,OK,OK
2026-08-29T08:08:42.054093Z,2341,124.4,0,OK,OK,OK
2026-08-29T08:08:47.433161Z,2342,124.4,0,OK,OK,OK
2026-08-29T08:08:52.804418Z,2338,124.4,0,OK,OK,OK
2026-08-29T08:08:58.190879Z,2340,124.4,0,OK,OK,OK
2026-08-29T08:09:03.570072Z,2266,124.4,0,OK,OK,OK
2026-08-29T08:09:08.947864Z,2259,124.4,0,OK,OK,OK
2026-08-29T08:09:14.350450Z,2262,124.4,0,OK,OK,OK
2026-08-29T08:09:19.715474Z,2260,124.4,0,OK,OK,OK
2026-08-29T08:09:25.117697Z,2259,124.4,0,OK,OK,OK
2026-08-29T08:09:30.499279Z,2258,124.4,0,OK,OK,OK
2026-08-29T08:09:35.881393Z,2260,124.4,0,OK,OK,OK
2026-08-29T08:09:41.271477Z,2260,124.4,0,OK,OK,OK
2026-08-29T08:09:46.651746Z,2259,124.4,0,OK,OK,OK
2026-08-29T08:09:52.030714Z,2260,124.4,0,OK,OK,OK
2026-08-29T08:09:57.420320Z,2260,124.4,0,OK,OK,OK
2026-08-29T08:10:02.806989Z,2260,124.4,0,OK,OK,OK
2026-08-29T08:10:08.184752Z,2260,124.4,0,OK,OK,OK
2026-08-29T08:10:13.626293Z,2258,124.4,0,OK,OK,OK
2026-08-29T08:10:18.996772Z,2260,124.4,0,OK,OK,OK
2026-08-29T08:10:24.383487Z,2260,124.4,0,OK,OK,OK
2026-08-29T08:10:29.786019Z,2260,124.4,0,OK,OK,OK
2026-08-29T08:10:35.191461Z,2258,124.4,0,OK,OK,OK
2026-08-29T08:10:40.569168Z,2262,124.4,0,OK,OK,OK
2026-08-29T08:10:45.957861Z,2260,124.4,0,OK,OK,OK
2026-08-29T08:10:51.362098Z,2261,124.4,0,OK,OK,OK
2026-08-29T08:10:56.733736Z,2259,124.4,0,OK,OK,OK
2026-08-29T08:11:02.116015Z,2261,124.4,0,OK,OK,OK
2026-08-29T08:11:07.511279Z,2261,124.4,0,OK,OK,OK
2026-08-29T08:11:12.878216Z,2252,124.4,0,OK,OK,OK
2026-08-29T08:11:18.243823Z,2257,124.4,0,OK,OK,OK
2026-08-29T08:11:23.636648Z,2256,124.4,0,OK,OK,OK
2026-08-29T08:11:29.012555Z,2251,124.4,0,OK,OK,OK
2026-08-29T08:11:34.402572Z,2250,124.4,0,OK,OK,OK
2026-08-29T08:11:39.789360Z,2254,124.4,0,OK,OK,OK
2026-08-29T08:11:45.194383Z,2250,124.4,0,OK,OK,OK
2026-08-29T08:11:50.581474Z,2246,124.4,0,OK,OK,OK
2026-08-29T08:11:55.954690Z,2249,124.4,0,OK,OK,OK
2026-08-29T08:12:01.331021Z,2247,124.3,0,OK,OK,OK
2026-08-29T08:12:06.711730Z,2254,124.4,0,OK,OK,OK
2026-08-29T08:12:12.086300Z,2250,124.4,0,OK,OK,OK
2026-08-29T08:12:17.476199Z,2249,124.4,0,OK,OK,OK
2026-08-29T08:12:22.883804Z,2253,124.4,0,OK,OK,OK
2026-08-29T08:12:28.254593Z,2250,124.4,0,OK,OK,OK
2026-08-29T08:12:33.639355Z,2252,124.4,0,OK,OK,OK
2026-08-29T08:12:39.025641Z,2247,124.4,0,OK,OK,OK
2026-08-29T08:12:44.399174Z,2249,124.4,0,OK,OK,OK
2026-08-29T08:12:49.778346Z,2248,124.4,0,OK,OK,OK
2026-08-29T08:12:55.156436Z,2249,124.4,0,OK,OK,OK
2026-08-29T08:13:00.538441Z,2248,124.4,0,OK,OK,OK
2026-08-29T08:13:05.920601Z,2249,124.4,0,OK,OK,OK
2026-08-29T08:13:11.300113Z,2252,124.4,0,OK,OK,OK
2026-08-29T08:13:16.681238Z,2249,124.4,0,OK,OK,OK
2026-08-29T08:13:22.089180Z,2249,124.4,0,OK,OK,OK
2026-08-29T08:13:27.455128Z,2251,124.4,0,OK,OK,OK
2026-08-29T08:13:32.827708Z,2249,124.4,0,OK,OK,OK
2026-08-29T08:13:38.200533Z,2251,124.4,0,OK,OK,OK
2026-08-29T08:13:43.583071Z,2248,124.4,0,OK,OK,OK
2026-08-29T08:13:48.973645Z,2250,124.4,0,OK,OK,OK
2026-08-29T08:13:54.357689Z,2247,124.4,0,OK,OK,OK
2026-08-29T08:13:59.730707Z,2249,124.4,0,OK,OK,OK
2026-08-29T08:14:05.115109Z,2252,124.4,0,OK,OK,OK
2026-08-29T08:14:10.501456Z,2253,124.4,0,OK,OK,OK
2026-08-29T08:14:15.884793Z,2255,124.4,0,OK,OK,OK
2026-08-29T08:14:21.260327Z,2251,124.4,0,OK,OK,OK
2026-08-29T08:14:26.649333Z,2252,124.4,0,OK,OK,OK
2026-08-29T08:14:32.034536Z,2250,124.4,0,OK,OK,OK
2026-08-29T08:14:37.413930Z,2249,124.4,0,OK,OK,OK
2026-08-29T08:14:42.784088Z,2247,124.3,0,OK,OK,OK
2026-08-29T08:14:48.157358Z,2252,124.4,0,OK,OK,OK
2026-08-29T08:14:53.531387Z,2249,124.4,0,OK,OK,OK
2026-08-29T08:14:58.906334Z,2250,124.4,0,OK,OK,OK
2026-08-29T08:15:04.292579Z,2253,124.4,0,OK,OK,OK
2026-08-29T08:15:09.693816Z,2249,124.4,0,OK,OK,OK
2026-08-29T08:15:15.093528Z,2245,124.4,0,OK,OK,OK
2026-08-29T08:15:20.487616Z,2248,124.4,0,OK,OK,OK
2026-08-29T08:15:25.858861Z,2251,124.4,0,OK,OK,OK
2026-08-29T08:15:31.277557Z,2250,124.4,0,OK,OK,OK
2026-08-29T08:15:36.649316Z,2250,124.4,0,OK,OK,OK
2026-08-29T08:15:42.041593Z,2251,124.4,0,OK,OK,OK
2026-08-29T08:15:47.439060Z,2248,124.4,0,OK,OK,OK
2026-08-29T08:15:52.821719Z,2248,124.4,0,OK,OK,OK
2026-08-29T08:15:58.191435Z,2252,124.4,0,OK,OK,OK
2026-08-29T08:16:03.571383Z,2253,124.4,0,OK,OK,OK
2026-08-29T08:16:08.941840Z,2251,124.4,0,OK,OK,OK
2026-08-29T08:16:14.305264Z,2249,124.4,0,OK,OK,OK
2026-08-29T08:16:19.682775Z,2256,124.4,0,OK,OK,OK
2026-08-29T08:16:25.089564Z,2249,124.4,0,OK,OK,OK
2026-08-29T08:16:30.471793Z,2247,124.4,0,OK,OK,OK
2026-08-29T08:16:35.839471Z,2249,124.4,0,OK,OK,OK
2026-08-29T08:16:41.222904Z,2247,124.4,0,OK,OK,OK
2026-08-29T08:16:46.617293Z,2253,124.4,0,OK,OK,OK
2026-08-29T08:16:51.985223Z,2255,124.4,0,OK,OK,OK
2026-08-29T08:16:57.356438Z,2250,124.4,0,OK,OK,OK
2026-08-29T08:17:02.742192Z,2248,124.4,0,OK,OK,OK
2026-08-29T08:17:08.107282Z,2247,124.4,0,OK,OK,OK
2026-08-29T08:17:13.478537Z,2249,124.4,0,OK,OK,OK
2026-08-29T08:17:18.869559Z,2251,124.4,0,OK,OK,OK
2026-08-29T08:17:24.253629Z,2246,124.4,0,OK,OK,OK
2026-08-29T08:17:29.668791Z,2250,124.4,0,OK,OK,OK
2026-08-29T08:17:35.041134Z,2250,124.4,0,OK,OK,OK
2026-08-29T08:17:40.427314Z,2250,124.4,0,OK,OK,OK
2026-08-29T08:17:45.842728Z,2252,124.4,0,OK,OK,OK
2026-08-29T08:17:51.227954Z,2248,124.4,0,OK,OK,OK
2026-08-29T08:17:56.604964Z,2247,124.4,0,OK,OK,OK
2026-08-29T08:18:02.005098Z,2247,124.4,0,OK,OK,OK
2026-08-29T08:18:07.387100Z,2252,124.4,0,OK,OK,OK
2026-08-29T08:18:12.749485Z,2250,124.4,0,OK,OK,OK
2026-08-29T08:18:18.135915Z,2248,124.4,0,OK,OK,OK
2026-08-29T08:18:23.522427Z,2249,124.4,0,OK,OK,OK
2026-08-29T08:18:28.894679Z,2249,124.4,0,OK,OK,OK
2026-08-29T08:18:34.265574Z,2246,124.4,0,OK,OK,OK
2026-08-29T08:18:39.634775Z,2249,124.4,0,OK,OK,OK
2026-08-29T08:18:45.002014Z,2248,124.4,0,OK,OK,OK
2026-08-29T08:18:50.372595Z,2247,124.4,0,OK,OK,OK
2026-08-29T08:18:55.769577Z,2249,124.4,0,OK,OK,OK
2026-08-29T08:19:01.150466Z,2250,124.3,0,OK,OK,OK
2026-08-29T08:19:06.536987Z,2250,124.4,0,OK,OK,OK
2026-08-29T08:19:11.911015Z,2252,124.4,0,OK,OK,OK
2026-08-29T08:19:17.293917Z,2255,124.4,0,OK,OK,OK
2026-08-29T08:19:22.672648Z,2252,124.4,0,OK,OK,OK
2026-08-29T08:19:28.060164Z,2247,124.3,0,OK,OK,OK
2026-08-29T08:19:33.433739Z,2247,124.3,0,OK,OK,OK
2026-08-29T08:19:38.823413Z,2247,124.3,0,OK,OK,OK
2026-08-29T08:19:44.194047Z,2247,124.4,0,OK,OK,OK
2026-08-29T08:19:49.581271Z,2246,124.3,0,OK,OK,OK
2026-08-29T08:19:54.981003Z,2250,124.3,0,OK,OK,OK
2026-08-29T08:20:00.379054Z,2254,124.4,0,OK,OK,OK
2026-08-29T08:20:05.740550Z,2246,124.3,0,OK,OK,OK
2026-08-29T08:20:11.100935Z,2246,124.3,0,OK,OK,OK
2026-08-29T08:20:16.486936Z,2251,124.4,0,OK,OK,OK
2026-08-29T08:20:21.853038Z,2248,124.4,0,OK,OK,OK
2026-08-29T08:20:27.245864Z,2248,124.4,0,OK,OK,OK
2026-08-29T08:20:32.638634Z,2243,124.4,0,OK,OK,OK
2026-08-29T08:20:38.017604Z,2246,124.4,0,OK,OK,OK
2026-08-29T08:20:43.371928Z,2247,124.4,0,OK,OK,OK
2026-08-29T08:20:48.761169Z,2249,124.4,0,OK,OK,OK
2026-08-29T08:20:54.153650Z,2247,124.4,0,OK,OK,OK
2026-08-29T08:20:59.530604Z,2247,124.4,0,OK,OK,OK
2026-08-29T08:21:04.910852Z,2246,124.4,0,OK,OK,OK
2026-08-29T08:21:10.275843Z,2251,124.4,0,OK,OK,OK
2026-08-29T08:21:15.651698Z,2252,124.4,0,OK,OK,OK
2026-08-29T08:21:21.013382Z,2247,124.4,0,OK,OK,OK
2026-08-29T08:21:26.387091Z,2249,124.4,0,OK,OK,OK
2026-08-29T08:21:31.779250Z,2249,124.4,0,OK,OK,OK
2026-08-29T08:21:37.162412Z,2247,124.4,0,OK,OK,OK
2026-08-29T08:21:42.539521Z,2248,124.3,0,OK,OK,OK
2026-08-29T08:21:47.943999Z,2248,124.4,0,OK,OK,OK
2026-08-29T08:21:53.335670Z,2247,124.4,0,OK,OK,OK
2026-08-29T08:21:58.727735Z,2249,124.4,0,OK,OK,OK
2026-08-29T08:22:04.106783Z,2247,124.4,0,OK,OK,OK
2026-08-29T08:22:09.468443Z,2248,124.4,0,OK,OK,OK
2026-08-29T08:22:14.839639Z,2252,124.4,0,OK,OK,OK
2026-08-29T08:22:20.232014Z,2252,124.3,0,OK,OK,OK
2026-08-29T08:22:25.616709Z,2248,124.4,0,OK,OK,OK
2026-08-29T08:22:30.992509Z,2250,124.4,0,OK,OK,OK
2026-08-29T08:22:36.361542Z,2248,124.4,0,OK,OK,OK
2026-08-29T08:22:41.744959Z,2250,124.4,0,OK,OK,OK
2026-08-29T08:22:47.126940Z,2248,124.4,0,OK,OK,OK
2026-08-29T08:22:52.499888Z,2246,124.4,0,OK,OK,OK
2026-08-29T08:22:57.912815Z,2252,124.4,0,OK,OK,OK
2026-08-29T08:23:03.281437Z,2249,124.4,0,OK,OK,OK
2026-08-29T08:23:08.666260Z,2247,124.4,0,OK,OK,OK
2026-08-29T08:23:14.041850Z,2250,124.4,0,OK,OK,OK
2026-08-29T08:23:19.428227Z,2246,124.4,0,OK,OK,OK
2026-08-29T08:23:24.814700Z,2248,124.4,0,OK,OK,OK
2026-08-29T08:23:30.208325Z,2249,124.4,0,OK,OK,OK
2026-08-29T08:23:35.587691Z,2248,124.4,0,OK,OK,OK
2026-08-29T08:23:40.990069Z,2248,124.4,0,OK,OK,OK
2026-08-29T08:23:46.369954Z,2250,124.3,0,OK,OK,OK
2026-08-29T08:23:51.742471Z,2248,124.4,0,OK,OK,OK
2026-08-29T08:23:57.122544Z,2249,124.4,0,OK,OK,OK
2026-08-29T08:24:02.504344Z,2248,124.4,0,OK,OK,OK
2026-08-29T08:24:07.868391Z,2248,124.4,0,OK,OK,OK
2026-08-29T08:24:13.244843Z,2252,124.4,0,OK,OK,OK
2026-08-29T08:24:18.631385Z,2245,124.4,0,OK,OK,OK
2026-08-29T08:24:24.017690Z,2244,124.4,0,OK,OK,OK
2026-08-29T08:24:29.373141Z,2248,124.4,0,OK,OK,OK
2026-08-29T08:24:34.758763Z,2246,124.4,0,OK,OK,OK
2026-08-29T08:24:40.225076Z,2244,124.4,0,OK,OK,OK
2026-08-29T08:24:45.596233Z,2244,124.4,0,OK,OK,OK
2026-08-29T08:24:50.959890Z,2246,124.4,0,OK,OK,OK
2026-08-29T08:24:56.333123Z,2249,124.4,0,OK,OK,OK
2026-08-29T08:25:01.711850Z,2246,124.4,0,OK,OK,OK
2026-08-29T08:25:07.073498Z,2243,124.4,0,OK,OK,OK
2026-08-29T08:25:12.484540Z,2249,124.3,0,OK,OK,OK
2026-08-29T08:25:17.861003Z,2246,124.3,0,OK,OK,OK
2026-08-29T08:25:23.240360Z,2242,124.3,0,OK,OK,OK
2026-08-29T08:25:28.626614Z,2242,124.3,0,OK,OK,OK
2026-08-29T08:25:34.022454Z,2245,124.3,0,OK,OK,OK
2026-08-29T08:25:39.415799Z,2244,124.3,0,OK,OK,OK
2026-08-29T08:25:44.787537Z,2247,124.3,0,OK,OK,OK
2026-08-29T08:25:50.165839Z,2244,124.3,0,OK,OK,OK
2026-08-29T08:25:55.533960Z,2248,124.4,0,OK,OK,OK
2026-08-29T08:26:00.898958Z,2242,124.3,0,OK,OK,OK
2026-08-29T08:26:06.268597Z,2249,124.4,0,OK,OK,OK
2026-08-29T08:26:11.657566Z,2245,124.3,0,OK,OK,OK
2026-08-29T08:26:17.051563Z,2255,124.3,0,OK,OK,OK
2026-08-29T08:26:22.412735Z,2246,124.3,0,OK,OK,OK
2026-08-29T08:26:27.799188Z,2242,124.3,0,OK,OK,OK
2026-08-29T08:26:33.216692Z,2248,124.4,0,OK,OK,OK
2026-08-29T08:26:38.596275Z,2247,124.4,0,OK,OK,OK
2026-08-29T08:26:43.973636Z,2245,124.4,0,OK,OK,OK
2026-08-29T08:26:49.359949Z,2244,124.4,0,OK,OK,OK
2026-08-29T08:26:54.775832Z,2336,124.4,0,OK,OK,OK
2026-08-29T08:27:00.148946Z,2345,124.4,0,OK,OK,OK
2026-08-29T08:27:05.535453Z,2354,124.4,0,OK,OK,OK
2026-08-29T08:27:10.906504Z,2355,124.4,0,OK,OK,OK
2026-08-29T08:27:16.305218Z,2357,124.4,0,OK,OK,OK
2026-08-29T08:27:21.685543Z,2358,124.4,0,OK,OK,OK
2026-08-29T08:27:27.068962Z,2357,124.4,0,OK,OK,OK
2026-08-29T08:27:32.451638Z,2352,124.4,0,OK,OK,OK
2026-08-29T08:27:37.832908Z,2354,124.5,0,OK,OK,OK
2026-08-29T08:27:43.208628Z,2353,124.4,0,OK,OK,OK
2026-08-29T08:27:48.582547Z,2354,124.4,0,OK,OK,OK
2026-08-29T08:27:53.965556Z,2355,124.5,0,OK,OK,OK
2026-08-29T08:27:59.368059Z,2350,124.4,0,OK,OK,OK
2026-08-29T08:28:04.754325Z,2348,124.5,0,OK,OK,OK
2026-08-29T08:28:10.151386Z,2347,124.5,0,OK,OK,OK
2026-08-29T08:28:15.511459Z,2342,124.5,0,OK,OK,OK
2026-08-29T08:28:20.898988Z,2342,124.5,0,OK,OK,OK
2026-08-29T08:28:26.292240Z,2340,124.4,0,OK,OK,OK
2026-08-29T08:28:31.673012Z,2340,124.5,0,OK,OK,OK
2026-08-29T08:28:37.046906Z,2337,124.4,0,OK,OK,OK
2026-08-29T08:28:42.427745Z,2340,124.4,0,OK,OK,OK
2026-08-29T08:28:47.796745Z,2339,124.4,0,OK,OK,OK
2026-08-29T08:28:53.178450Z,2339,124.5,0,OK,OK,OK
2026-08-29T08:28:58.554093Z,2338,124.4,0,OK,OK,OK
2026-08-29T08:29:03.948103Z,2338,124.4,0,OK,OK,OK
2026-08-29T08:29:09.336040Z,2330,124.4,0,OK,OK,OK
2026-08-29T08:29:14.724140Z,2333,124.5,0,OK,OK,OK
2026-08-29T08:29:20.096674Z,2330,124.4,0,OK,OK,OK
2026-08-29T08:29:25.470199Z,2329,124.4,0,OK,OK,OK
2026-08-29T08:29:30.853571Z,2333,124.4,0,OK,OK,OK
2026-08-29T08:29:36.243050Z,2335,124.4,0,OK,OK,OK
2026-08-29T08:29:41.629468Z,2332,124.4,0,OK,OK,OK
2026-08-29T08:29:47.021101Z,2336,124.4,0,OK,OK,OK
2026-08-29T08:29:52.377783Z,2338,124.4,0,OK,OK,OK
2026-08-29T08:29:57.756825Z,2335,124.5,0,OK,OK,OK
2026-08-29T08:30:03.154929Z,2332,124.5,0,OK,OK,OK
2026-08-29T08:30:08.544988Z,2332,124.4,0,OK,OK,OK
2026-08-29T08:30:13.995306Z,2339,124.4,0,OK,OK,OK
2026-08-29T08:30:19.377956Z,2337,124.5,0,OK,OK,OK
2026-08-29T08:30:24.764682Z,2332,124.5,0,OK,OK,OK
2026-08-29T08:30:30.135711Z,2338,124.6,0,OK,OK,OK
2026-08-29T08:30:35.541487Z,2337,124.5,0,OK,OK,OK
2026-08-29T08:30:40.926608Z,2334,124.5,0,OK,OK,OK
2026-08-29T08:30:46.327382Z,2332,124.5,0,OK,OK,OK
2026-08-29T08:30:51.712908Z,2334,124.5,0,OK,OK,OK
2026-08-29T08:30:57.098411Z,2334,124.6,0,OK,OK,OK
2026-08-29T08:31:02.493685Z,2336,124.6,0,OK,OK,OK
2026-08-29T08:31:07.866575Z,2337,124.5,0,OK,OK,OK
2026-08-29T08:31:13.242549Z,2336,124.5,0,OK,OK,OK
2026-08-29T08:31:18.669907Z,2340,124.5,0,OK,OK,OK
2026-08-29T08:31:24.044257Z,2330,124.5,0,OK,OK,OK
2026-08-29T08:31:29.416786Z,2333,124.5,0,OK,OK,OK
2026-08-29T08:31:34.791578Z,2339,124.5,0,OK,OK,OK
2026-08-29T08:31:40.162028Z,2331,124.4,0,OK,OK,OK
2026-08-29T08:31:45.548513Z,2335,124.5,0,OK,OK,OK
2026-08-29T08:31:50.935032Z,2330,124.5,0,OK,OK,OK
2026-08-29T08:31:56.318876Z,2334,124.5,0,OK,OK,OK
2026-08-29T08:32:01.697871Z,2331,124.5,0,OK,OK,OK
2026-08-29T08:32:07.110448Z,2331,124.5,0,OK,OK,OK
2026-08-29T08:32:12.490917Z,2335,124.5,0,OK,OK,OK
2026-08-29T08:32:17.871024Z,2335,124.5,0,OK,OK,OK
2026-08-29T08:32:23.248418Z,2335,124.5,0,OK,OK,OK
2026-08-29T08:32:28.663482Z,2332,124.5,0,OK,OK,OK
2026-08-29T08:32:34.058459Z,2334,124.5,0,OK,OK,OK
2026-08-29T08:32:39.425828Z,2334,124.5,0,OK,OK,OK
2026-08-29T08:32:44.800272Z,2335,124.5,0,OK,OK,OK
2026-08-29T08:32:50.185745Z,2336,124.5,0,OK,OK,OK
2026-08-29T08:32:55.570747Z,2336,124.5,0,OK,OK,OK
2026-08-29T08:33:00.959789Z,2339,124.5,0,OK,OK,OK
2026-08-29T08:33:06.342570Z,2338,124.5,0,OK,OK,OK
2026-08-29T08:33:11.727468Z,2340,124.5,0,OK,OK,OK
2026-08-29T08:33:17.095206Z,2340,124.6,0,OK,OK,OK
2026-08-29T08:33:22.514049Z,2338,124.6,0,OK,OK,OK
2026-08-29T08:33:27.903142Z,2339,124.6,0,OK,OK,OK
2026-08-29T08:33:33.289247Z,2337,124.6,0,OK,OK,OK
2026-08-29T08:33:38.660212Z,2338,124.6,0,OK,OK,OK
2026-08-29T08:33:44.056327Z,2340,124.6,0,OK,OK,OK
2026-08-29T08:33:49.439870Z,2340,124.6,0,OK,OK,OK
2026-08-29T08:33:54.838013Z,2340,124.6,0,OK,OK,OK
2026-08-29T08:34:00.217889Z,2340,124.6,0,OK,OK,OK
2026-08-29T08:34:05.606326Z,2340,124.6,0,OK,OK,OK
2026-08-29T08:34:10.998380Z,2340,124.6,0,OK,OK,OK
2026-08-29T08:34:16.365626Z,0,,0,DEGRADED,OFFLINE,OK
2026-08-29T08:34:21.749196Z,0,,0,DEGRADED,OFFLINE,OK
2026-08-29T08:34:27.130899Z,0,,0,DEGRADED,OFFLINE,OK
2026-08-29T08:34:32.524757Z,2336,124.5,0,OK,OK,OK
2026-08-29T08:34:37.897289Z,2335,124.5,0,OK,OK,OK
2026-08-29T08:34:43.274894Z,2339,124.5,0,OK,OK,OK
2026-08-29T08:34:48.651169Z,2337,124.6,0,OK,OK,OK
2026-08-29T08:34:54.017207Z,2333,124.5,0,OK,OK,OK
2026-08-29T08:34:59.408009Z,2343,124.5,0,OK,OK,OK
2026-08-29T08:35:04.789076Z,2335,124.5,0,OK,OK,OK
2026-08-29T08:35:10.190033Z,2341,124.5,0,OK,OK,OK
2026-08-29T08:35:15.593916Z,2337,124.5,0,OK,OK,OK
2026-08-29T08:35:20.962964Z,2336,124.5,0,OK,OK,OK
2026-08-29T08:35:26.361283Z,2340,124.5,0,OK,OK,OK
2026-08-29T08:35:31.750546Z,2338,124.5,0,OK,OK,OK
2026-08-29T08:35:37.135649Z,2334,124.5,0,OK,OK,OK
2026-08-29T08:35:42.514891Z,2337,124.6,0,OK,OK,OK
2026-08-29T08:35:47.913462Z,2335,124.5,0,OK,OK,OK
2026-08-29T08:35:53.287952Z,2332,124.5,0,OK,OK,OK
2026-08-29T08:35:58.676366Z,2335,124.5,0,OK,OK,OK
2026-08-29T08:36:04.077625Z,2338,124.5,0,OK,OK,OK
2026-08-29T08:36:09.458127Z,2341,124.5,0,OK,OK,OK
2026-08-29T08:36:14.861778Z,2339,124.5,0,OK,OK,OK
2026-08-29T08:36:20.247975Z,2344,124.5,0,OK,OK,OK
2026-08-29T08:36:25.643953Z,2341,124.5,0,OK,OK,OK
2026-08-29T08:36:31.004885Z,2338,124.4,0,OK,OK,OK
2026-08-29T08:36:36.387515Z,2338,124.5,0,OK,OK,OK
2026-08-29T08:36:41.768637Z,2336,124.5,0,OK,OK,OK
2026-08-29T08:36:47.176157Z,2336,124.5,0,OK,OK,OK
2026-08-29T08:36:52.552873Z,2337,124.5,0,OK,OK,OK
2026-08-29T08:36:57.934201Z,2338,124.5,0,OK,OK,OK
2026-08-29T08:37:03.314500Z,2336,124.5,0,OK,OK,OK
2026-08-29T08:37:08.690190Z,2335,124.5,0,OK,OK,OK
2026-08-29T08:37:14.125631Z,2335,124.6,0,OK,OK,OK
2026-08-29T08:37:19.514300Z,2332,124.5,0,OK,OK,OK
2026-08-29T08:37:24.916704Z,2331,124.5,0,OK,OK,OK
2026-08-29T08:37:30.327405Z,2332,124.6,0,OK,OK,OK
2026-08-29T08:37:35.726360Z,2337,124.6,0,OK,OK,OK
2026-08-29T08:37:41.097284Z,2334,124.6,0,OK,OK,OK
2026-08-29T08:37:46.463405Z,2335,124.6,0,OK,OK,OK
2026-08-29T08:37:51.856893Z,2333,124.6,0,OK,OK,OK
2026-08-29T08:37:57.245487Z,2336,124.6,0,OK,OK,OK
2026-08-29T08:38:02.603956Z,2335,124.6,0,OK,OK,OK
2026-08-29T08:38:07.986426Z,2338,124.5,0,OK,OK,OK
2026-08-29T08:38:13.371033Z,2336,124.5,0,OK,OK,OK
2026-08-29T08:38:18.775261Z,2336,124.5,0,OK,OK,OK
2026-08-29T08:38:24.140102Z,2337,124.5,0,OK,OK,OK
2026-08-29T08:38:29.522445Z,2334,124.5,0,OK,OK,OK
2026-08-29T08:38:34.905464Z,2343,124.5,0,OK,OK,OK
2026-08-29T08:38:40.279171Z,2334,124.5,0,OK,OK,OK
2026-08-29T08:38:45.648227Z,2340,124.5,0,OK,OK,OK
2026-08-29T08:38:51.031198Z,2336,124.5,0,OK,OK,OK
2026-08-29T08:38:56.417735Z,2340,124.5,0,OK,OK,OK
2026-08-29T08:39:01.792230Z,2337,124.5,0,OK,OK,OK
2026-08-29T08:39:07.186848Z,2333,124.5,0,OK,OK,OK
2026-08-29T08:39:12.561095Z,2331,124.5,0,OK,OK,OK
2026-08-29T08:39:17.936166Z,2333,124.5,0,OK,OK,OK
2026-08-29T08:39:23.352599Z,2337,124.5,0,OK,OK,OK
2026-08-29T08:39:28.735807Z,2332,124.5,0,OK,OK,OK
2026-08-29T08:39:34.129661Z,2335,124.6,0,OK,OK,OK
2026-08-29T08:39:39.500345Z,2332,124.6,0,OK,OK,OK
2026-08-29T08:39:44.871729Z,2330,124.5,0,OK,OK,OK
2026-08-29T08:39:50.250636Z,2337,124.5,0,OK,OK,OK
2026-08-29T08:39:55.624770Z,2332,124.4,0,OK,OK,OK
2026-08-29T08:40:00.995788Z,2332,124.3,0,OK,OK,OK
2026-08-29T08:40:06.361686Z,2339,124.4,0,OK,OK,OK
2026-08-29T08:40:11.724605Z,2337,124.3,0,OK,OK,OK
2026-08-29T08:40:17.092795Z,2341,124.4,0,OK,OK,OK
2026-08-29T08:40:22.464785Z,2343,124.4,0,OK,OK,OK
2026-08-29T08:40:27.846957Z,2340,124.3,0,OK,OK,OK
2026-08-29T08:40:33.209847Z,2338,124.4,0,OK,OK,OK
2026-08-29T08:40:38.602137Z,2334,124.4,0,OK,OK,OK
2026-08-29T08:40:43.999173Z,2331,124.4,0,OK,OK,OK
2026-08-29T08:40:49.401636Z,2339,124.4,0,OK,OK,OK
2026-08-29T08:40:54.772043Z,2336,124.4,0,OK,OK,OK
2026-08-29T08:41:00.166222Z,2338,124.4,0,OK,OK,OK
2026-08-29T08:41:05.543587Z,2330,124.4,0,OK,OK,OK
2026-08-29T08:41:10.947449Z,2333,124.4,0,OK,OK,OK
2026-08-29T08:41:16.333910Z,2353,124.4,0,OK,OK,OK
2026-08-29T08:41:21.720554Z,2335,124.4,0,OK,OK,OK
2026-08-29T08:41:27.115722Z,2335,124.4,0,OK,OK,OK
2026-08-29T08:41:32.505849Z,2336,124.6,0,OK,OK,OK
2026-08-29T08:41:37.895133Z,2336,124.6,0,OK,OK,OK
2026-08-29T08:41:43.265180Z,2333,124.6,0,OK,OK,OK
2026-08-29T08:41:48.646579Z,2337,124.6,0,OK,OK,OK
2026-08-29T08:41:54.017769Z,2332,124.6,0,OK,OK,OK
2026-08-29T08:41:59.406461Z,2336,124.6,0,OK,OK,OK
2026-08-29T08:42:04.796179Z,2331,124.5,0,OK,OK,OK
2026-08-29T08:42:10.166007Z,2332,124.6,0,OK,OK,OK
2026-08-29T08:42:15.563658Z,2331,124.6,0,OK,OK,OK
2026-08-29T08:42:20.955353Z,2333,124.6,0,OK,OK,OK
2026-08-29T08:42:26.325704Z,2334,124.6,0,OK,OK,OK
2026-08-29T08:42:31.718193Z,2337,124.6,0,OK,OK,OK
2026-08-29T08:42:37.093949Z,2333,124.6,0,OK,OK,OK
2026-08-29T08:42:42.462393Z,2341,124.5,0,OK,OK,OK
2026-08-29T08:42:47.859524Z,2336,124.5,0,OK,OK,OK
2026-08-29T08:42:53.262072Z,2336,124.6,0,OK,OK,OK
2026-08-29T08:42:58.648421Z,2336,124.6,0,OK,OK,OK
2026-08-29T08:43:04.012918Z,2340,124.6,0,OK,OK,OK
2026-08-29T08:43:09.387677Z,2335,124.4,0,OK,OK,OK
2026-08-29T08:43:14.791551Z,2337,124.4,0,OK,OK,OK
2026-08-29T08:43:20.175923Z,2337,124.4,0,OK,OK,OK
2026-08-29T08:43:25.557900Z,2333,124.4,0,OK,OK,OK
2026-08-29T08:43:30.966834Z,2337,124.4,0,OK,OK,OK
2026-08-29T08:43:36.353400Z,2334,124.4,0,OK,OK,OK
2026-08-29T08:43:41.715003Z,2334,124.5,0,OK,OK,OK
2026-08-29T08:43:47.106113Z,2333,124.4,0,OK,OK,OK
2026-08-29T08:43:52.491046Z,2335,124.4,0,OK,OK,OK
2026-08-29T08:43:57.864129Z,2333,124.5,0,OK,OK,OK
2026-08-29T08:44:03.227973Z,2332,124.4,0,OK,OK,OK
2026-08-29T08:44:08.607944Z,2330,124.4,0,OK,OK,OK
2026-08-29T08:44:13.994424Z,2330,124.4,0,OK,OK,OK
2026-08-29T08:44:19.396777Z,2328,124.4,0,OK,OK,OK
2026-08-29T08:44:24.767554Z,2330,124.5,0,OK,OK,OK
2026-08-29T08:44:30.153891Z,2330,124.5,0,OK,OK,OK
2026-08-29T08:44:35.543803Z,2329,124.5,0,OK,OK,OK
2026-08-29T08:44:40.941353Z,2331,124.5,0,OK,OK,OK
2026-08-29T08:44:46.342711Z,2326,124.5,0,OK,OK,OK
2026-08-29T08:44:51.728030Z,2329,124.5,0,OK,OK,OK
2026-08-29T08:44:57.115432Z,2332,124.5,0,OK,OK,OK
2026-08-29T08:45:02.478651Z,2329,124.5,0,OK,OK,OK
2026-08-29T08:45:07.858633Z,2332,124.4,0,OK,OK,OK
2026-08-29T08:45:13.267743Z,2332,124.5,0,OK,OK,OK
2026-08-29T08:45:18.651820Z,2332,124.5,0,OK,OK,OK
2026-08-29T08:45:24.028988Z,2332,124.5,0,OK,OK,OK
2026-08-29T08:45:29.411270Z,2332,124.4,0,OK,OK,OK
2026-08-29T08:45:34.797621Z,2333,124.5,0,OK,OK,OK
2026-08-29T08:45:40.168104Z,2331,124.5,0,OK,OK,OK
2026-08-29T08:45:45.547991Z,2330,124.5,0,OK,OK,OK
2026-08-29T08:45:50.926737Z,2333,124.5,0,OK,OK,OK
2026-08-29T08:45:56.299997Z,2335,124.5,0,OK,OK,OK
2026-08-29T08:46:01.683378Z,2333,124.5,0,OK,OK,OK
2026-08-29T08:46:07.068558Z,2335,124.6,0,OK,OK,OK
2026-08-29T08:46:12.461397Z,2340,124.5,0,OK,OK,OK
2026-08-29T08:46:17.844444Z,2341,124.6,0,OK,OK,OK
2026-08-29T08:46:23.217698Z,2333,124.5,0,OK,OK,OK
2026-08-29T08:46:28.611032Z,2338,124.5,0,OK,OK,OK
2026-08-29T08:46:33.982134Z,2332,124.5,0,OK,OK,OK
2026-08-29T08:46:39.359626Z,2332,124.5,0,OK,OK,OK
2026-08-29T08:46:44.748505Z,2331,124.5,0,OK,OK,OK
2026-08-29T08:46:50.124862Z,2332,124.4,0,OK,OK,OK
2026-08-29T08:46:55.494135Z,2329,124.5,0,OK,OK,OK
2026-08-29T08:47:00.874836Z,2330,124.5,0,OK,OK,OK
2026-08-29T08:47:06.258745Z,2332,124.5,0,OK,OK,OK
2026-08-29T08:47:11.634904Z,2333,124.5,0,OK,OK,OK
2026-08-29T08:47:17.046261Z,2328,124.5,0,OK,OK,OK
2026-08-29T08:47:22.430036Z,2331,124.5,0,OK,OK,OK
2026-08-29T08:47:27.814701Z,2330,124.5,0,OK,OK,OK
2026-08-29T08:47:33.201376Z,2329,124.5,0,OK,OK,OK
2026-08-29T08:47:38.587797Z,2327,124.4,0,OK,OK,OK
2026-08-29T08:47:43.977885Z,2330,124.4,0,OK,OK,OK
2026-08-29T08:47:49.348337Z,2328,124.5,0,OK,OK,OK
2026-08-29T08:47:54.734824Z,2330,124.4,0,OK,OK,OK
2026-08-29T08:48:00.116783Z,2248,124.4,0,OK,OK,OK
2026-08-29T08:48:05.483609Z,2246,124.5,0,OK,OK,OK
2026-08-29T08:48:10.841829Z,2248,124.5,0,OK,OK,OK
2026-08-29T08:48:16.233067Z,2251,124.5,0,OK,OK,OK
2026-08-29T08:48:21.608803Z,2249,124.5,0,OK,OK,OK
2026-08-29T08:48:26.981154Z,2251,124.5,0,OK,OK,OK
2026-08-29T08:48:32.360785Z,2252,124.5,0,OK,OK,OK
2026-08-29T08:48:37.747460Z,2250,124.5,0,OK,OK,OK
2026-08-29T08:48:43.133874Z,2248,124.5,0,OK,OK,OK
2026-08-29T08:48:48.501901Z,2248,124.4,0,OK,OK,OK
2026-08-29T08:48:53.880796Z,2252,124.5,0,OK,OK,OK
2026-08-29T08:48:59.254003Z,2248,124.5,0,OK,OK,OK
2026-08-29T08:49:04.620291Z,2248,124.4,0,OK,OK,OK
2026-08-29T08:49:10.010555Z,2250,124.4,0,OK,OK,OK
2026-08-29T08:49:15.401033Z,2246,124.4,0,OK,OK,OK
2026-08-29T08:49:20.794883Z,2248,124.5,0,OK,OK,OK
2026-08-29T08:49:26.176134Z,2250,124.4,0,OK,OK,OK
2026-08-29T08:49:31.572870Z,2249,124.4,0,OK,OK,OK
2026-08-29T08:49:36.959504Z,2249,124.5,0,OK,OK,OK
2026-08-29T08:49:42.331889Z,2249,124.4,0,OK,OK,OK
2026-08-29T08:49:47.736134Z,2248,124.4,0,OK,OK,OK
2026-08-29T08:49:53.125321Z,2252,124.4,0,OK,OK,OK
2026-08-29T08:49:58.502622Z,2247,124.4,0,OK,OK,OK
2026-08-29T08:50:03.873551Z,2252,124.5,0,OK,OK,OK
2026-08-29T08:50:09.246721Z,2251,124.4,0,OK,OK,OK
2026-08-29T08:50:14.666487Z,2248,124.6,0,OK,OK,OK
2026-08-29T08:50:20.018596Z,2250,124.6,0,OK,OK,OK
2026-08-29T08:50:25.406476Z,2254,124.5,0,OK,OK,OK
2026-08-29T08:50:30.787462Z,2248,124.5,0,OK,OK,OK
2026-08-29T08:50:36.170745Z,2250,124.5,0,OK,OK,OK
2026-08-29T08:50:41.549644Z,2248,124.5,0,OK,OK,OK
2026-08-29T08:50:46.920289Z,2250,124.5,0,OK,OK,OK
2026-08-29T08:50:52.307348Z,2250,124.5,0,OK,OK,OK
2026-08-29T08:50:57.683691Z,2245,124.5,0,OK,OK,OK
2026-08-29T08:51:03.056276Z,2250,124.5,0,OK,OK,OK
2026-08-29T08:51:08.455690Z,2248,124.4,0,OK,OK,OK
2026-08-29T08:51:13.838086Z,2250,124.6,0,OK,OK,OK
2026-08-29T08:51:19.200510Z,2261,124.6,0,OK,OK,OK
2026-08-29T08:51:24.578750Z,2247,124.5,0,OK,OK,OK
2026-08-29T08:51:29.965148Z,2251,124.5,0,OK,OK,OK
2026-08-29T08:51:35.335844Z,2250,124.6,0,OK,OK,OK
2026-08-29T08:51:40.726198Z,2252,124.6,0,OK,OK,OK
2026-08-29T08:51:46.116782Z,2251,124.6,0,OK,OK,OK
2026-08-29T08:51:51.506843Z,2255,124.6,0,OK,OK,OK
2026-08-29T08:51:56.872146Z,2254,124.6,0,OK,OK,OK
2026-08-29T08:52:02.242724Z,2250,124.6,0,OK,OK,OK
2026-08-29T08:52:07.616804Z,2255,124.6,0,OK,OK,OK
2026-08-29T08:52:12.985043Z,2248,124.4,0,OK,OK,OK
2026-08-29T08:52:18.365457Z,2249,124.4,0,OK,OK,OK
2026-08-29T08:52:23.745975Z,2249,124.4,0,OK,OK,OK
2026-08-29T08:52:29.126025Z,2249,124.4,0,OK,OK,OK
2026-08-29T08:52:34.505772Z,2248,124.4,0,OK,OK,OK
2026-08-29T08:52:39.878677Z,2248,124.4,0,OK,OK,OK
2026-08-29T08:52:45.267798Z,2248,124.4,0,OK,OK,OK
2026-08-29T08:52:50.639276Z,2251,124.4,0,OK,OK,OK
2026-08-29T08:52:56.020029Z,2249,124.4,0,OK,OK,OK
2026-08-29T08:53:01.392465Z,2250,124.4,0,OK,OK,OK
2026-08-29T08:53:06.814551Z,2249,124.4,0,OK,OK,OK
2026-08-29T08:53:12.185096Z,2247,124.4,0,OK,OK,OK
2026-08-29T08:53:17.567750Z,2249,124.4,0,OK,OK,OK
2026-08-29T08:53:22.964819Z,2244,124.4,0,OK,OK,OK
2026-08-29T08:53:28.344618Z,2250,124.4,0,OK,OK,OK
2026-08-29T08:53:33.722902Z,2247,124.4,0,OK,OK,OK
2026-08-29T08:53:39.090260Z,2247,124.4,0,OK,OK,OK
2026-08-29T08:53:44.494740Z,2246,124.4,0,OK,OK,OK
2026-08-29T08:53:49.855486Z,2245,124.4,0,OK,OK,OK
2026-08-29T08:53:55.229074Z,2244,124.4,0,OK,OK,OK
2026-08-29T08:54:00.615617Z,2247,124.4,0,OK,OK,OK
2026-08-29T08:54:05.988626Z,2252,124.4,0,OK,OK,OK
2026-08-29T08:54:11.369344Z,2251,124.4,0,OK,OK,OK
2026-08-29T08:54:16.792011Z,2246,124.4,0,OK,OK,OK
2026-08-29T08:54:22.177725Z,2247,124.4,0,OK,OK,OK
2026-08-29T08:54:27.556006Z,2250,124.4,0,OK,OK,OK
2026-08-29T08:54:32.938699Z,2249,124.4,0,OK,OK,OK
2026-08-29T08:54:38.312820Z,2247,124.4,0,OK,OK,OK
2026-08-29T08:54:43.683067Z,2247,124.4,0,OK,OK,OK
2026-08-29T08:54:49.093337Z,2246,124.4,0,OK,OK,OK
2026-08-29T08:54:54.477297Z,2246,124.4,0,OK,OK,OK
2026-08-29T08:54:59.880783Z,2247,124.4,0,OK,OK,OK
2026-08-29T08:55:05.248033Z,2247,124.4,0,OK,OK,OK
2026-08-29T08:55:10.624082Z,2249,124.4,0,OK,OK,OK
2026-08-29T08:55:16.042557Z,2248,124.4,0,OK,OK,OK
2026-08-29T08:55:21.429098Z,2247,124.4,0,OK,OK,OK
2026-08-29T08:55:26.800554Z,2248,124.4,0,OK,OK,OK
2026-08-29T08:55:32.194216Z,2250,124.4,0,OK,OK,OK
2026-08-29T08:55:37.585876Z,2248,124.4,0,OK,OK,OK
2026-08-29T08:55:42.979024Z,2248,124.4,0,OK,OK,OK
2026-08-29T08:55:48.366559Z,2249,124.4,0,OK,OK,OK
2026-08-29T08:55:53.751135Z,2249,124.4,0,OK,OK,OK
2026-08-29T08:55:59.159359Z,2249,124.4,0,OK,OK,OK
2026-08-29T08:56:04.528221Z,2248,124.4,0,OK,OK,OK
2026-08-29T08:56:09.934485Z,2246,124.4,0,OK,OK,OK
2026-08-29T08:56:15.321348Z,2249,124.4,0,OK,OK,OK
2026-08-29T08:56:20.712906Z,2250,124.4,0,OK,OK,OK
2026-08-29T08:56:26.115293Z,2247,124.4,0,OK,OK,OK
2026-08-29T08:56:31.501832Z,2382,124.4,0,OK,OK,OK
2026-08-29T08:56:36.877648Z,2380,124.4,0,OK,OK,OK
2026-08-29T08:56:42.240264Z,2376,124.4,0,OK,OK,OK
2026-08-29T08:56:47.623221Z,2373,124.4,0,OK,OK,OK
2026-08-29T08:56:53.029851Z,2374,124.5,0,OK,OK,OK
2026-08-29T08:56:58.402326Z,2374,124.5,0,OK,OK,OK
2026-08-29T08:57:03.786868Z,2376,124.5,0,OK,OK,OK
2026-08-29T08:57:09.154879Z,2375,124.4,0,OK,OK,OK
2026-08-29T08:57:14.561566Z,2375,124.4,0,OK,OK,OK
2026-08-29T08:57:19.932127Z,2373,124.4,0,OK,OK,OK
2026-08-29T08:57:25.306858Z,2373,124.4,0,OK,OK,OK
2026-08-29T08:57:30.695862Z,2371,124.4,0,OK,OK,OK
2026-08-29T08:57:36.069456Z,2374,124.4,0,OK,OK,OK
2026-08-29T08:57:41.457554Z,2369,124.4,0,OK,OK,OK
2026-08-29T08:57:46.839491Z,2374,124.4,0,OK,OK,OK
2026-08-29T08:57:52.231850Z,2371,124.4,0,OK,OK,OK
2026-08-29T08:57:57.605556Z,2258,124.4,0,OK,OK,OK
2026-08-29T08:58:02.991879Z,2258,124.3,0,OK,OK,OK
2026-08-29T08:58:08.361089Z,2260,124.4,0,OK,OK,OK
2026-08-29T08:58:13.748832Z,2262,124.4,0,OK,OK,OK
2026-08-29T08:58:19.134658Z,2256,124.4,0,OK,OK,OK
2026-08-29T08:58:24.535011Z,2257,124.4,0,OK,OK,OK
2026-08-29T08:58:29.920360Z,2255,124.3,0,OK,OK,OK
2026-08-29T08:58:35.287280Z,2254,124.3,0,OK,OK,OK
2026-08-29T08:58:40.653717Z,2256,124.4,0,OK,OK,OK
2026-08-29T08:58:46.035804Z,2256,124.4,0,OK,OK,OK
2026-08-29T08:58:51.404537Z,2259,124.4,0,OK,OK,OK
2026-08-29T08:58:56.798912Z,2259,124.4,0,OK,OK,OK
2026-08-29T08:59:02.175188Z,2256,124.4,0,OK,OK,OK
2026-08-29T08:59:07.548993Z,2253,124.4,0,OK,OK,OK
2026-08-29T08:59:12.920349Z,2260,124.4,0,OK,OK,OK
2026-08-29T08:59:18.302384Z,2254,124.3,0,OK,OK,OK
2026-08-29T08:59:23.674749Z,2255,124.4,0,OK,OK,OK
2026-08-29T08:59:29.050003Z,2255,124.4,0,OK,OK,OK
2026-08-29T08:59:34.434197Z,2259,124.3,0,OK,OK,OK
2026-08-29T08:59:39.836681Z,2253,124.3,0,OK,OK,OK
2026-08-29T08:59:45.218743Z,2255,124.3,0,OK,OK,OK
2026-08-29T08:59:50.593547Z,2258,124.3,0,OK,OK,OK
2026-08-29T08:59:55.996111Z,2255,124.3,0,OK,OK,OK
2026-08-29T09:00:01.378984Z,2256,124.3,0,OK,OK,OK
2026-08-29T09:00:06.744282Z,2253,124.3,0,OK,OK,OK
2026-08-29T09:00:12.155366Z,2256,124.4,0,OK,OK,OK
2026-08-29T09:00:17.553783Z,2261,124.3,0,OK,OK,OK
2026-08-29T09:00:22.960592Z,2251,124.3,0,OK,OK,OK
2026-08-29T09:00:28.334884Z,2254,124.3,0,OK,OK,OK
2026-08-29T09:00:33.723179Z,2257,124.3,0,OK,OK,OK
2026-08-29T09:00:39.106338Z,2260,124.3,0,OK,OK,OK
2026-08-29T09:00:44.480247Z,2247,124.3,0,OK,OK,OK
2026-08-29T09:00:49.858813Z,2245,124.3,0,OK,OK,OK
2026-08-29T09:00:55.246628Z,2248,124.3,0,OK,OK,OK
2026-08-29T09:01:00.631314Z,2246,124.3,0,OK,OK,OK
2026-08-29T09:01:06.003420Z,2246,124.3,0,OK,OK,OK
2026-08-29T09:01:11.375446Z,2250,124.3,0,OK,OK,OK
2026-08-29T09:01:16.756319Z,2251,124.3,0,OK,OK,OK
2026-08-29T09:01:22.118418Z,2246,124.3,0,OK,OK,OK
2026-08-29T09:01:27.502284Z,2246,124.3,0,OK,OK,OK
2026-08-29T09:01:32.894279Z,2247,124.3,0,OK,OK,OK
2026-08-29T09:01:38.298414Z,2248,124.3,0,OK,OK,OK
2026-08-29T09:01:43.676137Z,2248,124.4,0,OK,OK,OK
2026-08-29T09:01:49.049358Z,2246,124.3,0,OK,OK,OK
2026-08-29T09:01:54.431163Z,2246,124.3,0,OK,OK,OK
2026-08-29T09:01:59.805309Z,2246,124.3,0,OK,OK,OK
2026-08-29T09:02:05.204060Z,2246,124.3,0,OK,OK,OK
2026-08-29T09:02:10.591395Z,2246,124.3,0,OK,OK,OK
2026-08-29T09:02:15.981314Z,2242,124.3,0,OK,OK,OK
2026-08-29T09:02:21.343131Z,2243,124.3,0,OK,OK,OK
2026-08-29T09:02:26.751303Z,2245,124.3,0,OK,OK,OK
2026-08-29T09:02:32.124346Z,2242,124.3,0,OK,OK,OK
2026-08-29T09:02:37.502653Z,2248,124.3,0,OK,OK,OK
2026-08-29T09:02:42.894671Z,2246,124.4,0,OK,OK,OK
2026-08-29T09:02:48.283126Z,2247,124.3,0,OK,OK,OK
2026-08-29T09:02:53.675775Z,2245,124.4,0,OK,OK,OK
2026-08-29T09:02:59.041722Z,2247,124.4,0,OK,OK,OK
2026-08-29T09:03:04.439740Z,2247,124.4,0,OK,OK,OK
2026-08-29T09:03:09.813798Z,2250,124.4,0,OK,OK,OK
2026-08-29T09:03:15.177905Z,2248,124.4,0,OK,OK,OK
2026-08-29T09:03:20.554826Z,2247,124.3,0,OK,OK,OK
2026-08-29T09:03:25.935234Z,2248,124.4,0,OK,OK,OK
2026-08-29T09:03:31.302410Z,2250,124.3,0,OK,OK,OK
2026-08-29T09:03:36.703496Z,2252,124.3,0,OK,OK,OK
2026-08-29T09:03:42.103634Z,2245,124.3,0,OK,OK,OK
2026-08-29T09:03:47.474392Z,2244,124.3,0,OK,OK,OK
2026-08-29T09:03:52.844682Z,2246,124.3,0,OK,OK,OK
2026-08-29T09:03:58.212167Z,2248,124.3,0,OK,OK,OK
2026-08-29T09:04:03.598707Z,2245,124.3,0,OK,OK,OK
2026-08-29T09:04:08.984986Z,2245,124.3,0,OK,OK,OK
2026-08-29T09:04:14.355477Z,2243,124.3,0,OK,OK,OK
2026-08-29T09:04:19.735139Z,2246,124.3,0,OK,OK,OK
2026-08-29T09:04:25.109353Z,2240,124.3,0,OK,OK,OK
2026-08-29T09:04:30.488306Z,2246,124.3,0,OK,OK,OK
2026-08-29T09:04:35.865925Z,2249,124.3,0,OK,OK,OK
2026-08-29T09:04:41.256918Z,2248,124.3,0,OK,OK,OK
2026-08-29T09:04:46.631272Z,2245,124.3,0,OK,OK,OK
2026-08-29T09:04:51.996772Z,2247,124.3,0,OK,OK,OK
2026-08-29T09:04:57.381850Z,2245,124.3,0,OK,OK,OK
2026-08-29T09:05:02.764889Z,2246,124.3,0,OK,OK,OK
2026-08-29T09:05:08.153464Z,2246,124.3,0,OK,OK,OK
2026-08-29T09:05:13.521797Z,2243,124.3,0,OK,OK,OK
2026-08-29T09:05:18.903907Z,2247,124.3,0,OK,OK,OK
2026-08-29T09:05:24.282311Z,2246,124.3,0,OK,OK,OK
2026-08-29T09:05:29.634117Z,2245,124.3,0,OK,OK,OK
2026-08-29T09:05:35.031035Z,2243,124.3,0,OK,OK,OK
2026-08-29T09:05:40.409813Z,2248,124.3,0,OK,OK,OK
2026-08-29T09:05:45.821348Z,2243,124.3,0,OK,OK,OK
2026-08-29T09:05:51.200124Z,2343,124.3,0,OK,OK,OK
2026-08-29T09:05:56.602620Z,2343,124.3,0,OK,OK,OK
2026-08-29T09:06:02.005127Z,2356,124.4,0,OK,OK,OK
2026-08-29T09:06:07.376792Z,2354,124.4,0,OK,OK,OK
2026-08-29T09:06:12.754194Z,2365,124.4,0,OK,OK,OK
2026-08-29T09:06:18.138930Z,2368,124.4,0,OK,OK,OK
2026-08-29T09:06:23.518951Z,2351,124.4,0,OK,OK,OK
2026-08-29T09:06:28.903641Z,2353,124.4,0,OK,OK,OK
2026-08-29T09:06:34.292041Z,2356,124.4,0,OK,OK,OK
2026-08-29T09:06:39.662846Z,2351,124.4,0,OK,OK,OK
2026-08-29T09:06:45.030316Z,2349,124.4,0,OK,OK,OK
2026-08-29T09:06:50.408082Z,2349,124.3,0,OK,OK,OK
2026-08-29T09:06:55.823548Z,2348,124.4,0,OK,OK,OK
2026-08-29T09:07:01.203023Z,2345,124.4,0,OK,OK,OK
2026-08-29T09:07:06.578832Z,2344,124.4,0,OK,OK,OK
2026-08-29T09:07:11.947463Z,2342,124.4,0,OK,OK,OK
2026-08-29T09:07:17.335848Z,2339,124.4,0,OK,OK,OK
2026-08-29T09:07:22.706393Z,2338,124.4,0,OK,OK,OK
2026-08-29T09:07:28.103846Z,2338,124.4,0,OK,OK,OK
2026-08-29T09:07:33.491588Z,2340,124.4,0,OK,OK,OK
2026-08-29T09:07:38.875145Z,2337,124.4,0,OK,OK,OK
2026-08-29T09:07:44.232632Z,2333,124.4,0,OK,OK,OK
2026-08-29T09:07:49.620521Z,2331,124.4,0,OK,OK,OK
2026-08-29T09:07:55.009035Z,2327,124.6,0,OK,OK,OK
2026-08-29T09:08:00.408979Z,2330,124.4,0,OK,OK,OK
2026-08-29T09:08:05.786114Z,2332,124.4,0,OK,OK,OK
2026-08-29T09:08:11.168306Z,2332,124.4,0,OK,OK,OK
2026-08-29T09:08:16.554829Z,2332,124.4,0,OK,OK,OK
2026-08-29T09:08:21.941296Z,2329,124.4,0,OK,OK,OK
2026-08-29T09:08:27.309264Z,2333,124.5,0,OK,OK,OK
2026-08-29T09:08:32.698236Z,2337,124.4,0,OK,OK,OK
2026-08-29T09:08:38.072315Z,2332,124.4,0,OK,OK,OK
2026-08-29T09:08:43.455928Z,2338,124.4,0,OK,OK,OK
2026-08-29T09:08:48.841334Z,2334,124.4,0,OK,OK,OK
2026-08-29T09:08:54.230473Z,2334,124.4,0,OK,OK,OK
2026-08-29T09:08:59.598586Z,2334,124.4,0,OK,OK,OK
2026-08-29T09:09:04.980720Z,2330,124.4,0,OK,OK,OK
2026-08-29T09:09:10.363783Z,2334,124.4,0,OK,OK,OK
2026-08-29T09:09:15.742020Z,2331,124.4,0,OK,OK,OK
2026-08-29T09:09:21.113254Z,2331,124.5,0,OK,OK,OK
2026-08-29T09:09:26.503400Z,2328,124.4,0,OK,OK,OK
2026-08-29T09:09:31.892486Z,2332,124.4,0,OK,OK,OK
2026-08-29T09:09:37.250334Z,2330,124.4,0,OK,OK,OK
2026-08-29T09:09:42.659726Z,2326,124.4,0,OK,OK,OK
2026-08-29T09:09:48.029222Z,2334,124.4,0,OK,OK,OK
2026-08-29T09:09:53.415723Z,2327,124.4,0,OK,OK,OK
2026-08-29T09:09:58.810110Z,2330,124.4,0,OK,OK,OK
2026-08-29T09:10:04.201414Z,2329,124.4,0,OK,OK,OK
2026-08-29T09:10:09.594724Z,2329,124.4,0,OK,OK,OK
2026-08-29T09:10:14.973709Z,2332,124.5,0,OK,OK,OK
2026-08-29T09:10:20.352501Z,2328,124.4,0,OK,OK,OK
2026-08-29T09:10:25.735730Z,2330,124.5,0,OK,OK,OK
2026-08-29T09:10:31.097619Z,2332,124.5,0,OK,OK,OK
2026-08-29T09:10:36.493758Z,2330,124.5,0,OK,OK,OK
2026-08-29T09:10:41.866853Z,2331,124.5,0,OK,OK,OK
2026-08-29T09:10:47.251155Z,2334,124.6,0,OK,OK,OK
2026-08-29T09:10:52.623943Z,2335,124.5,0,OK,OK,OK
2026-08-29T09:10:58.025036Z,2333,124.4,0,OK,OK,OK
2026-08-29T09:11:03.405606Z,2332,124.4,0,OK,OK,OK
2026-08-29T09:11:08.768297Z,2331,124.4,0,OK,OK,OK
2026-08-29T09:11:14.186161Z,2332,124.4,0,OK,OK,OK
2026-08-29T09:11:19.572573Z,2335,124.4,0,OK,OK,OK
2026-08-29T09:11:24.966272Z,2328,124.4,0,OK,OK,OK
2026-08-29T09:11:30.332641Z,2331,124.4,0,OK,OK,OK
2026-08-29T09:11:35.727311Z,2336,124.4,0,OK,OK,OK
2026-08-29T09:11:41.109563Z,2334,124.3,0,OK,OK,OK
2026-08-29T09:11:46.473277Z,2330,124.4,0,OK,OK,OK
2026-08-29T09:11:51.864192Z,2329,124.3,0,OK,OK,OK
2026-08-29T09:11:57.249847Z,2332,124.4,0,OK,OK,OK
2026-08-29T09:12:02.631839Z,2329,124.4,0,OK,OK,OK
2026-08-29T09:12:07.993688Z,2331,124.4,0,OK,OK,OK
2026-08-29T09:12:13.407052Z,2332,124.3,0,OK,OK,OK
2026-08-29T09:12:18.784562Z,2328,124.4,0,OK,OK,OK
2026-08-29T09:12:24.167276Z,2332,124.4,0,OK,OK,OK
2026-08-29T09:12:29.565806Z,2333,124.3,0,OK,OK,OK
2026-08-29T09:12:34.953206Z,2330,124.3,0,OK,OK,OK
2026-08-29T09:12:40.359427Z,2333,124.3,0,OK,OK,OK
2026-08-29T09:12:45.737773Z,2332,124.3,0,OK,OK,OK
2026-08-29T09:12:51.114957Z,2330,124.3,0,OK,OK,OK
2026-08-29T09:12:56.502234Z,2336,124.3,0,OK,OK,OK
2026-08-29T09:13:01.872686Z,2328,124.3,0,OK,OK,OK
2026-08-29T09:13:07.250095Z,2329,124.3,0,OK,OK,OK
2026-08-29T09:13:12.629778Z,2327,124.3,0,OK,OK,OK
2026-08-29T09:13:18.031296Z,2330,124.3,0,OK,OK,OK
2026-08-29T09:13:23.402910Z,2329,124.3,0,OK,OK,OK
2026-08-29T09:13:28.789451Z,2328,124.3,0,OK,OK,OK
2026-08-29T09:13:34.173952Z,2327,124.3,0,OK,OK,OK
2026-08-29T09:13:39.545507Z,2334,124.3,0,OK,OK,OK
2026-08-29T09:13:44.931344Z,2331,124.3,0,OK,OK,OK
2026-08-29T09:13:50.333999Z,2327,124.3,0,OK,OK,OK
2026-08-29T09:13:55.738711Z,2330,124.3,0,OK,OK,OK
2026-08-29T09:14:01.108417Z,2330,124.3,0,OK,OK,OK
2026-08-29T09:14:06.479709Z,2327,124.3,0,OK,OK,OK
2026-08-29T09:14:11.866301Z,2328,124.3,0,OK,OK,OK
2026-08-29T09:14:17.281497Z,2327,124.3,0,OK,OK,OK
2026-08-29T09:14:22.652104Z,2171,124.3,0,OK,OK,OK
2026-08-29T09:14:28.032706Z,2167,124.3,0,OK,OK,OK
2026-08-29T09:14:33.404349Z,2169,124.2,0,OK,OK,OK
2026-08-29T09:14:38.791414Z,2169,124.3,0,OK,OK,OK
2026-08-29T09:14:44.176382Z,2167,124.2,0,OK,OK,OK
2026-08-29T09:14:49.571298Z,2169,124.3,0,OK,OK,OK
2026-08-29T09:14:54.959259Z,2167,124.2,0,OK,OK,OK
2026-08-29T09:15:00.316018Z,2171,124.2,0,OK,OK,OK
2026-08-29T09:15:05.695639Z,2169,124.3,0,OK,OK,OK
2026-08-29T09:15:11.085146Z,2168,124.2,0,OK,OK,OK
2026-08-29T09:15:16.451357Z,2168,124.2,0,OK,OK,OK
2026-08-29T09:15:21.841481Z,2172,124.2,0,OK,OK,OK
2026-08-29T09:15:27.226751Z,2172,124.2,0,OK,OK,OK
2026-08-29T09:15:32.602468Z,2170,124.2,0,OK,OK,OK
2026-08-29T09:15:37.983748Z,2170,124.2,0,OK,OK,OK
2026-08-29T09:15:43.361435Z,2167,124.2,0,OK,OK,OK
2026-08-29T09:15:48.734564Z,2171,124.2,0,OK,OK,OK
2026-08-29T09:15:54.097771Z,2171,124.1,0,OK,OK,OK
2026-08-29T09:15:59.469207Z,2169,124.2,0,OK,OK,OK
2026-08-29T09:16:04.883277Z,2166,124.2,0,OK,OK,OK
2026-08-29T09:16:10.264647Z,2168,124.2,0,OK,OK,OK
2026-08-29T09:16:15.629026Z,2165,124.3,0,OK,OK,OK
2026-08-29T09:16:21.030447Z,2168,124.3,0,OK,OK,OK
2026-08-29T09:16:26.411032Z,2166,124.3,0,OK,OK,OK
2026-08-29T09:16:31.779577Z,2169,124.3,0,OK,OK,OK
2026-08-29T09:16:37.178333Z,2168,124.3,0,OK,OK,OK
2026-08-29T09:16:42.562850Z,2167,124.3,0,OK,OK,OK
2026-08-29T09:16:47.973196Z,2167,124.3,0,OK,OK,OK
2026-08-29T09:16:53.343657Z,2164,124.3,0,OK,OK,OK
2026-08-29T09:16:58.729599Z,2164,124.3,0,OK,OK,OK
2026-08-29T09:17:04.112238Z,2170,124.3,0,OK,OK,OK
2026-08-29T09:17:09.486554Z,2165,124.3,0,OK,OK,OK
2026-08-29T09:17:14.881361Z,2165,124.3,0,OK,OK,OK
2026-08-29T09:17:20.260582Z,2169,124.3,0,OK,OK,OK
2026-08-29T09:17:25.647038Z,2164,124.3,0,OK,OK,OK
2026-08-29T09:17:31.028401Z,2170,124.3,0,OK,OK,OK
2026-08-29T09:17:36.404159Z,2169,124.3,0,OK,OK,OK
2026-08-29T09:17:41.790674Z,2168,124.3,0,OK,OK,OK
2026-08-29T09:17:47.161386Z,2172,124.3,0,OK,OK,OK
2026-08-29T09:17:52.563925Z,2165,124.3,0,OK,OK,OK
2026-08-29T09:17:57.936149Z,2170,124.3,0,OK,OK,OK
2026-08-29T09:18:03.321636Z,2172,124.3,0,OK,OK,OK
2026-08-29T09:18:08.690062Z,2163,124.3,0,OK,OK,OK
2026-08-29T09:18:14.087981Z,2168,124.3,0,OK,OK,OK
2026-08-29T09:18:19.464214Z,2171,124.3,0,OK,OK,OK
2026-08-29T09:18:24.834999Z,2162,124.3,0,OK,OK,OK
2026-08-29T09:18:30.221611Z,2170,124.3,0,OK,OK,OK
2026-08-29T09:18:35.624137Z,2169,124.3,0,OK,OK,OK
2026-08-29T09:18:41.006373Z,2169,124.3,0,OK,OK,OK
2026-08-29T09:18:46.373460Z,2168,124.3,0,OK,OK,OK
2026-08-29T09:18:51.766063Z,2168,124.3,0,OK,OK,OK
2026-08-29T09:18:57.167650Z,2170,124.3,0,OK,OK,OK
2026-08-29T09:19:02.553540Z,2171,124.3,0,OK,OK,OK
2026-08-29T09:19:07.941854Z,2172,124.3,0,OK,OK,OK
2026-08-29T09:19:13.361759Z,2170,124.3,0,OK,OK,OK
2026-08-29T09:19:18.780193Z,2168,124.3,0,OK,OK,OK
2026-08-29T09:19:24.157024Z,2168,124.3,0,OK,OK,OK
2026-08-29T09:19:29.548091Z,2173,124.3,0,OK,OK,OK
2026-08-29T09:19:34.932581Z,2165,124.3,0,OK,OK,OK
2026-08-29T09:19:40.293431Z,2167,124.3,0,OK,OK,OK
2026-08-29T09:19:45.692014Z,2166,124.3,0,OK,OK,OK
2026-08-29T09:19:51.083290Z,2167,124.3,0,OK,OK,OK
2026-08-29T09:19:56.485808Z,2165,124.3,0,OK,OK,OK
2026-08-29T09:20:01.866893Z,2167,124.3,0,OK,OK,OK
2026-08-29T09:20:07.247641Z,2166,124.3,0,OK,OK,OK
2026-08-29T09:20:12.641491Z,2167,124.3,0,OK,OK,OK
2026-08-29T09:20:18.016153Z,2168,124.3,0,OK,OK,OK
2026-08-29T09:20:23.384848Z,2169,124.3,0,OK,OK,OK
2026-08-29T09:20:28.777575Z,2171,124.4,0,OK,OK,OK
2026-08-29T09:20:34.162030Z,2172,124.4,0,OK,OK,OK
2026-08-29T09:20:39.528840Z,2168,124.3,0,OK,OK,OK
2026-08-29T09:20:44.902180Z,2170,124.3,0,OK,OK,OK
2026-08-29T09:20:50.287496Z,2165,124.3,0,OK,OK,OK
2026-08-29T09:20:55.658113Z,2172,124.3,0,OK,OK,OK
2026-08-29T09:21:01.028755Z,2167,124.4,0,OK,OK,OK
2026-08-29T09:21:06.415201Z,2168,124.3,0,OK,OK,OK
2026-08-29T09:21:11.808688Z,2168,124.4,0,OK,OK,OK
2026-08-29T09:21:17.176848Z,2182,124.4,0,OK,OK,OK
2026-08-29T09:21:22.556652Z,2168,124.4,0,OK,OK,OK
2026-08-29T09:21:27.953090Z,2172,124.4,0,OK,OK,OK
2026-08-29T09:21:33.328111Z,2168,124.4,0,OK,OK,OK
2026-08-29T09:21:38.699435Z,2168,124.4,0,OK,OK,OK
2026-08-29T09:21:44.111783Z,2169,124.4,0,OK,OK,OK
2026-08-29T09:21:49.488259Z,2168,124.4,0,OK,OK,OK
2026-08-29T09:21:54.860423Z,2172,124.4,0,OK,OK,OK
2026-08-29T09:22:00.286465Z,2169,124.4,0,OK,OK,OK
2026-08-29T09:22:05.664120Z,2173,124.4,0,OK,OK,OK
2026-08-29T09:22:11.029634Z,2171,124.4,0,OK,OK,OK
2026-08-29T09:22:16.414851Z,2167,124.4,0,OK,OK,OK
2026-08-29T09:22:21.801491Z,2172,124.4,0,OK,OK,OK
2026-08-29T09:22:27.185892Z,2173,124.4,0,OK,OK,OK
2026-08-29T09:22:32.558712Z,2170,124.4,0,OK,OK,OK
2026-08-29T09:22:37.961313Z,2169,124.5,0,OK,OK,OK
2026-08-29T09:22:43.347791Z,2170,124.5,0,OK,OK,OK
2026-08-29T09:22:48.731109Z,2170,124.5,0,OK,OK,OK
2026-08-29T09:22:54.103239Z,2176,124.4,0,OK,OK,OK
2026-08-29T09:22:59.500303Z,2166,124.4,0,OK,OK,OK
2026-08-29T09:23:04.871501Z,2170,124.5,0,OK,OK,OK
2026-08-29T09:23:10.248085Z,2170,124.5,0,OK,OK,OK
2026-08-29T09:23:15.633191Z,2171,124.5,0,OK,OK,OK
2026-08-29T09:23:21.005724Z,2170,124.4,0,OK,OK,OK
2026-08-29T09:23:26.390155Z,2176,124.5,0,OK,OK,OK
2026-08-29T09:23:31.778577Z,2171,124.5,0,OK,OK,OK
2026-08-29T09:23:37.149198Z,2168,124.4,0,OK,OK,OK
2026-08-29T09:23:42.535709Z,2170,124.5,0,OK,OK,OK
2026-08-29T09:23:47.927269Z,2174,124.5,0,OK,OK,OK
2026-08-29T09:23:53.319349Z,2176,124.5,0,OK,OK,OK
2026-08-29T09:23:58.711549Z,2174,124.5,0,OK,OK,OK
2026-08-29T09:24:04.100864Z,2173,124.5,0,OK,OK,OK
2026-08-29T09:24:09.473084Z,2174,124.6,0,OK,OK,OK
2026-08-29T09:24:14.861101Z,2173,124.5,0,OK,OK,OK
2026-08-29T09:24:20.237568Z,2170,124.5,0,OK,OK,OK
2026-08-29T09:24:25.611713Z,2169,124.5,0,OK,OK,OK
2026-08-29T09:24:31.006817Z,2170,124.5,0,OK,OK,OK
2026-08-29T09:24:36.384740Z,2172,124.5,0,OK,OK,OK
2026-08-29T09:24:41.753466Z,2170,124.5,0,OK,OK,OK
2026-08-29T09:24:47.118566Z,2169,124.5,0,OK,OK,OK
2026-08-29T09:24:52.517063Z,2170,124.5,0,OK,OK,OK
2026-08-29T09:24:57.909232Z,2168,124.5,0,OK,OK,OK
2026-08-29T09:25:03.269495Z,2170,124.5,0,OK,OK,OK
2026-08-29T09:25:08.653898Z,2166,124.4,0,OK,OK,OK
2026-08-29T09:25:14.353884Z,2166,124.5,0,OK,OK,OK
2026-08-29T09:25:19.764176Z,2172,124.5,0,OK,OK,OK
2026-08-29T09:25:25.150498Z,2168,124.4,0,OK,OK,OK
2026-08-29T09:25:30.530287Z,2169,124.5,0,OK,OK,OK
2026-08-29T09:25:35.914532Z,2166,124.5,0,OK,OK,OK
2026-08-29T09:25:41.271618Z,2166,124.5,0,OK,OK,OK
2026-08-29T09:25:46.648868Z,2171,124.5,0,OK,OK,OK
2026-08-29T09:25:52.042395Z,2086,124.4,0,OK,OK,OK
2026-08-29T09:25:57.418207Z,2086,124.4,0,OK,OK,OK
2026-08-29T09:26:02.805476Z,2086,124.4,0,OK,OK,OK
2026-08-29T09:26:08.178829Z,2083,124.4,0,OK,OK,OK
2026-08-29T09:26:13.563790Z,2084,124.3,0,OK,OK,OK
2026-08-29T09:26:18.949897Z,2093,124.3,0,OK,OK,OK
2026-08-29T09:26:24.333193Z,2083,124.3,0,OK,OK,OK
2026-08-29T09:26:29.720484Z,2086,124.3,0,OK,OK,OK
2026-08-29T09:26:35.119667Z,2085,124.3,0,OK,OK,OK
2026-08-29T09:26:40.494638Z,2084,124.3,0,OK,OK,OK
2026-08-29T09:26:45.888738Z,2086,124.4,0,OK,OK,OK
2026-08-29T09:26:51.269186Z,2083,124.3,0,OK,OK,OK
2026-08-29T09:26:56.644177Z,2084,124.3,0,OK,OK,OK
2026-08-29T09:27:02.037469Z,2082,124.3,0,OK,OK,OK
2026-08-29T09:27:07.414451Z,2082,124.3,0,OK,OK,OK
2026-08-29T09:27:12.810008Z,2086,124.3,0,OK,OK,OK
2026-08-29T09:27:18.187394Z,2083,124.3,0,OK,OK,OK
2026-08-29T09:27:23.590013Z,2086,124.4,0,OK,OK,OK
2026-08-29T09:27:28.976546Z,2085,124.3,0,OK,OK,OK
2026-08-29T09:27:34.338745Z,2087,124.3,0,OK,OK,OK
2026-08-29T09:27:39.717571Z,2084,124.3,0,OK,OK,OK
2026-08-29T09:27:45.101556Z,2085,124.4,0,OK,OK,OK
2026-08-29T09:27:50.480534Z,2082,124.4,0,OK,OK,OK
2026-08-29T09:27:55.859176Z,2087,124.3,0,OK,OK,OK
2026-08-29T09:28:01.256534Z,2086,124.3,0,OK,OK,OK
2026-08-29T09:28:06.634114Z,2084,124.3,0,OK,OK,OK
2026-08-29T09:28:11.988641Z,2089,124.3,0,OK,OK,OK
2026-08-29T09:28:17.371540Z,2087,124.3,0,OK,OK,OK
2026-08-29T09:28:22.760898Z,2081,124.3,0,OK,OK,OK
2026-08-29T09:28:28.148047Z,2084,124.3,0,OK,OK,OK
2026-08-29T09:28:33.518679Z,2082,124.4,0,OK,OK,OK
2026-08-29T09:28:38.897110Z,2085,124.3,0,OK,OK,OK
2026-08-29T09:28:44.282698Z,2086,124.4,0,OK,OK,OK
2026-08-29T09:28:49.654412Z,2083,124.4,0,OK,OK,OK
2026-08-29T09:28:55.047837Z,2086,124.3,0,OK,OK,OK
2026-08-29T09:29:00.420125Z,2082,124.4,0,OK,OK,OK
2026-08-29T09:29:05.808051Z,2085,124.3,0,OK,OK,OK
2026-08-29T09:29:11.176096Z,2085,124.3,0,OK,OK,OK
2026-08-29T09:29:16.575485Z,2083,124.3,0,OK,OK,OK
2026-08-29T09:29:21.958008Z,2084,124.4,0,OK,OK,OK
2026-08-29T09:29:27.339949Z,2089,124.3,0,OK,OK,OK
2026-08-29T09:29:32.730981Z,2087,124.3,0,OK,OK,OK
2026-08-29T09:29:38.110759Z,2083,124.3,0,OK,OK,OK
2026-08-29T09:29:43.496239Z,2086,124.3,0,OK,OK,OK
2026-08-29T09:29:48.862126Z,2086,124.3,0,OK,OK,OK
2026-08-29T09:29:54.228799Z,2083,124.3,0,OK,OK,OK
2026-08-29T09:29:59.626155Z,2088,124.3,0,OK,OK,OK
2026-08-29T09:30:05.025386Z,2082,124.3,0,OK,OK,OK
2026-08-29T09:30:10.388365Z,2085,124.3,0,OK,OK,OK
2026-08-29T09:30:15.783998Z,2082,124.3,0,OK,OK,OK
2026-08-29T09:30:21.161975Z,2085,124.3,0,OK,OK,OK
2026-08-29T09:30:26.532021Z,2083,124.3,0,OK,OK,OK
2026-08-29T09:30:31.915266Z,2086,124.3,0,OK,OK,OK
2026-08-29T09:30:37.303934Z,2085,124.3,0,OK,OK,OK
2026-08-29T09:30:42.701469Z,2086,124.3,0,OK,OK,OK
2026-08-29T09:30:48.063770Z,2085,124.3,0,OK,OK,OK
2026-08-29T09:30:53.449807Z,2081,124.3,0,OK,OK,OK
2026-08-29T09:30:58.843135Z,2083,124.3,0,OK,OK,OK
2026-08-29T09:31:04.205698Z,2086,124.3,0,OK,OK,OK
2026-08-29T09:31:09.576184Z,2084,124.3,0,OK,OK,OK
2026-08-29T09:31:14.962646Z,2083,124.3,0,OK,OK,OK
2026-08-29T09:31:20.345157Z,2089,124.4,0,OK,OK,OK
2026-08-29T09:31:25.703591Z,2087,124.4,0,OK,OK,OK
2026-08-29T09:31:31.075221Z,2084,124.4,0,OK,OK,OK
2026-08-29T09:31:36.462573Z,2089,124.4,0,OK,OK,OK
2026-08-29T09:31:41.839998Z,2083,124.4,0,OK,OK,OK
2026-08-29T09:31:47.226747Z,2083,124.4,0,OK,OK,OK
2026-08-29T09:31:52.620220Z,2088,124.4,0,OK,OK,OK
2026-08-29T09:31:58.015435Z,2084,124.4,0,OK,OK,OK
2026-08-29T09:32:03.385598Z,2088,124.4,0,OK,OK,OK
2026-08-29T09:32:08.768517Z,2086,124.4,0,OK,OK,OK
2026-08-29T09:32:14.198124Z,2086,124.4,0,OK,OK,OK
2026-08-29T09:32:19.593982Z,2085,124.4,0,OK,OK,OK
2026-08-29T09:32:24.983406Z,2088,124.4,0,OK,OK,OK
2026-08-29T09:32:30.367176Z,2086,124.4,0,OK,OK,OK
2026-08-29T09:32:35.753455Z,2088,124.4,0,OK,OK,OK
2026-08-29T09:32:41.125048Z,2085,124.4,0,OK,OK,OK
2026-08-29T09:32:46.517530Z,2087,124.3,0,OK,OK,OK
2026-08-29T09:32:51.900837Z,2086,124.3,0,OK,OK,OK
2026-08-29T09:32:57.297735Z,2081,124.3,0,OK,OK,OK
2026-08-29T09:33:02.688915Z,2089,124.3,0,OK,OK,OK
2026-08-29T09:33:08.085039Z,2082,124.3,0,OK,OK,OK
2026-08-29T09:33:13.491472Z,2086,124.4,0,OK,OK,OK
2026-08-29T09:33:18.856181Z,2085,124.4,0,OK,OK,OK
2026-08-29T09:33:24.269760Z,2088,124.4,0,OK,OK,OK
2026-08-29T09:33:29.647903Z,2084,124.3,0,OK,OK,OK
2026-08-29T09:33:35.022517Z,2087,124.3,0,OK,OK,OK
2026-08-29T09:33:40.397641Z,2084,124.4,0,OK,OK,OK
2026-08-29T09:33:45.784741Z,2086,124.3,0,OK,OK,OK
2026-08-29T09:33:51.187300Z,2084,124.3,0,OK,OK,OK
2026-08-29T09:33:56.551246Z,2085,124.3,0,OK,OK,OK
2026-08-29T09:34:01.944335Z,2087,124.4,0,OK,OK,OK
2026-08-29T09:34:07.318069Z,2086,124.3,0,OK,OK,OK
2026-08-29T09:34:12.682160Z,2084,124.3,0,OK,OK,OK
2026-08-29T09:34:18.097672Z,2086,124.4,0,OK,OK,OK
2026-08-29T09:34:23.492833Z,2084,124.4,0,OK,OK,OK
2026-08-29T09:34:28.883892Z,2087,124.4,0,OK,OK,OK
2026-08-29T09:34:34.258505Z,2085,124.4,0,OK,OK,OK
2026-08-29T09:34:39.635792Z,2085,124.4,0,OK,OK,OK
2026-08-29T09:34:45.025011Z,2082,124.4,0,OK,OK,OK
2026-08-29T09:34:50.395641Z,2085,124.3,0,OK,OK,OK
2026-08-29T09:34:55.791709Z,2084,124.3,0,OK,OK,OK
2026-08-29T09:35:01.168540Z,2083,124.3,0,OK,OK,OK
2026-08-29T09:35:06.571030Z,2084,124.3,0,OK,OK,OK
2026-08-29T09:35:11.941502Z,2083,124.3,0,OK,OK,OK
2026-08-29T09:35:17.324352Z,2085,124.3,0,OK,OK,OK
2026-08-29T09:35:22.724950Z,2082,124.3,0,OK,OK,OK
2026-08-29T09:35:28.109945Z,2083,124.3,0,OK,OK,OK
2026-08-29T09:35:33.514368Z,2088,124.4,0,OK,OK,OK
2026-08-29T09:35:38.897626Z,2084,124.4,0,OK,OK,OK
2026-08-29T09:35:44.317951Z,2086,124.4,0,OK,OK,OK
2026-08-29T09:35:49.704120Z,2086,124.4,0,OK,OK,OK
2026-08-29T09:35:55.099531Z,2086,124.4,0,OK,OK,OK
2026-08-29T09:36:00.486507Z,2086,124.4,0,OK,OK,OK
2026-08-29T09:36:05.846950Z,2085,124.3,0,OK,OK,OK
2026-08-29T09:36:11.222175Z,2089,124.3,0,OK,OK,OK
2026-08-29T09:36:16.611777Z,2094,124.4,0,OK,OK,OK
2026-08-29T09:36:21.998252Z,2085,124.4,0,OK,OK,OK
2026-08-29T09:36:27.400868Z,2084,124.4,0,OK,OK,OK
2026-08-29T09:36:32.786073Z,2083,124.4,0,OK,OK,OK
2026-08-29T09:36:38.157796Z,2083,124.4,0,OK,OK,OK
2026-08-29T09:36:43.528773Z,2085,124.4,0,OK,OK,OK
2026-08-29T09:36:48.907688Z,2086,124.4,0,OK,OK,OK
2026-08-29T09:36:54.299920Z,2085,124.3,0,OK,OK,OK
2026-08-29T09:36:59.690217Z,2084,124.4,0,OK,OK,OK
2026-08-29T09:37:05.054412Z,2085,124.4,0,OK,OK,OK
2026-08-29T09:37:10.424027Z,2083,124.4,0,OK,OK,OK
2026-08-29T09:37:15.823264Z,2083,124.4,0,OK,OK,OK
2026-08-29T09:37:21.200256Z,2081,124.4,0,OK,OK,OK
2026-08-29T09:37:26.580355Z,2084,124.4,0,OK,OK,OK
2026-08-29T09:37:31.949908Z,2089,124.4,0,OK,OK,OK
2026-08-29T09:37:37.369473Z,2086,124.4,0,OK,OK,OK
2026-08-29T09:37:42.745805Z,2088,124.4,0,OK,OK,OK
2026-08-29T09:37:48.125591Z,2087,124.4,0,OK,OK,OK
2026-08-29T09:37:53.530683Z,2088,124.4,0,OK,OK,OK
2026-08-29T09:37:58.905206Z,2084,124.4,0,OK,OK,OK
2026-08-29T09:38:04.270175Z,2086,124.4,0,OK,OK,OK
2026-08-29T09:38:09.667222Z,2087,124.4,0,OK,OK,OK
2026-08-29T09:38:15.046142Z,2087,124.4,0,OK,OK,OK
2026-08-29T09:38:20.428559Z,2087,124.4,0,OK,OK,OK
2026-08-29T09:38:25.799979Z,2086,124.4,0,OK,OK,OK
2026-08-29T09:38:31.178011Z,2085,124.4,0,OK,OK,OK
2026-08-29T09:38:36.551332Z,2085,124.4,0,OK,OK,OK
2026-08-29T09:38:41.922995Z,2092,124.4,0,OK,OK,OK
2026-08-29T09:38:47.322768Z,2087,124.4,0,OK,OK,OK
2026-08-29T09:38:52.699596Z,2086,124.4,0,OK,OK,OK
2026-08-29T09:38:58.067078Z,2090,124.4,0,OK,OK,OK
2026-08-29T09:39:03.441508Z,2087,124.4,0,OK,OK,OK
2026-08-29T09:39:08.826823Z,2083,124.4,0,OK,OK,OK
2026-08-29T09:39:14.209928Z,2087,124.4,0,OK,OK,OK
2026-08-29T09:39:19.598277Z,2087,124.4,0,OK,OK,OK
2026-08-29T09:39:24.987531Z,2086,124.4,0,OK,OK,OK
2026-08-29T09:39:30.363295Z,2084,124.4,0,OK,OK,OK
2026-08-29T09:39:35.750796Z,2088,124.4,0,OK,OK,OK
2026-08-29T09:39:41.142877Z,2083,124.4,0,OK,OK,OK
2026-08-29T09:39:46.515812Z,2085,124.4,0,OK,OK,OK
2026-08-29T09:39:51.902177Z,2089,124.4,0,OK,OK,OK
2026-08-29T09:39:57.275340Z,2088,124.4,0,OK,OK,OK
2026-08-29T09:40:02.657801Z,2083,124.3,0,OK,OK,OK
2026-08-29T09:40:08.031557Z,2177,124.4,0,OK,OK,OK
2026-08-29T09:40:13.416726Z,2165,124.4,0,OK,OK,OK
2026-08-29T09:40:18.801874Z,2150,124.4,0,OK,OK,OK
2026-08-29T09:40:24.174905Z,2144,124.4,0,OK,OK,OK
2026-08-29T09:40:29.560696Z,2143,124.4,0,OK,OK,OK
2026-08-29T09:40:34.930750Z,2145,124.4,0,OK,OK,OK
2026-08-29T09:40:40.315570Z,2142,124.4,0,OK,OK,OK
2026-08-29T09:40:45.690260Z,2227,124.4,0,OK,OK,OK
2026-08-29T09:40:51.067381Z,2235,124.4,0,OK,OK,OK
2026-08-29T09:40:56.459569Z,2251,124.4,0,OK,OK,OK
2026-08-29T09:41:01.848963Z,2249,124.4,0,OK,OK,OK
2026-08-29T09:41:07.225005Z,2232,124.4,0,OK,OK,OK
2026-08-29T09:41:12.585110Z,2233,124.4,0,OK,OK,OK
2026-08-29T09:41:17.977398Z,2239,124.5,0,OK,OK,OK
2026-08-29T09:41:23.379960Z,2230,124.5,0,OK,OK,OK
2026-08-29T09:41:28.745982Z,2361,124.5,0,OK,OK,OK
2026-08-29T09:41:34.129862Z,2352,124.5,0,OK,OK,OK
2026-08-29T09:41:39.522705Z,2356,124.5,0,OK,OK,OK
2026-08-29T09:41:44.903726Z,2336,124.5,0,OK,OK,OK
2026-08-29T09:41:50.287223Z,2316,124.5,0,OK,OK,OK
2026-08-29T09:41:55.667136Z,2311,124.5,0,OK,OK,OK
2026-08-29T09:42:01.053598Z,2312,124.5,0,OK,OK,OK
2026-08-29T09:42:06.422400Z,2312,124.5,0,OK,OK,OK
2026-08-29T09:42:11.826558Z,2312,124.5,0,OK,OK,OK
2026-08-29T09:42:17.226927Z,2309,124.5,0,OK,OK,OK
2026-08-29T09:42:22.615794Z,2311,124.5,0,OK,OK,OK
2026-08-29T09:42:27.986271Z,2308,124.4,0,OK,OK,OK
2026-08-29T09:42:33.356710Z,2309,124.4,0,OK,OK,OK
2026-08-29T09:42:38.749418Z,2308,124.4,0,OK,OK,OK
2026-08-29T09:42:44.124099Z,2310,124.5,0,OK,OK,OK
2026-08-29T09:42:49.499940Z,2304,124.4,0,OK,OK,OK
2026-08-29T09:42:54.881199Z,2308,124.4,0,OK,OK,OK
2026-08-29T09:43:00.273472Z,2308,124.4,0,OK,OK,OK
2026-08-29T09:43:05.659901Z,2191,124.4,0,OK,OK,OK
2026-08-29T09:43:11.046607Z,2190,124.4,0,OK,OK,OK
2026-08-29T09:43:16.417167Z,2190,124.4,0,OK,OK,OK
2026-08-29T09:43:21.787484Z,2190,124.4,0,OK,OK,OK
2026-08-29T09:43:27.173985Z,2189,124.4,0,OK,OK,OK
2026-08-29T09:43:32.555387Z,2188,124.4,0,OK,OK,OK
2026-08-29T09:43:37.939445Z,2186,124.4,0,OK,OK,OK
2026-08-29T09:43:43.325659Z,2193,124.4,0,OK,OK,OK
2026-08-29T09:43:48.711586Z,2191,124.4,0,OK,OK,OK
2026-08-29T09:43:54.105735Z,2192,124.4,0,OK,OK,OK
2026-08-29T09:43:59.467139Z,2189,124.2,0,OK,OK,OK
2026-08-29T09:44:04.876640Z,2187,124.3,0,OK,OK,OK
2026-08-29T09:44:10.259367Z,2188,124.3,0,OK,OK,OK
2026-08-29T09:44:15.648990Z,2277,124.3,0,OK,OK,OK
2026-08-29T09:44:21.052220Z,2289,124.3,0,OK,OK,OK
2026-08-29T09:44:26.438162Z,2290,124.2,0,OK,OK,OK
2026-08-29T09:44:31.809303Z,2307,124.3,0,OK,OK,OK
2026-08-29T09:44:37.181620Z,2304,124.3,0,OK,OK,OK
2026-08-29T09:44:42.554930Z,2305,124.3,0,OK,OK,OK
2026-08-29T09:44:47.926920Z,2302,124.3,0,OK,OK,OK
2026-08-29T09:44:53.308935Z,2294,124.3,0,OK,OK,OK
2026-08-29T09:44:58.692645Z,2295,124.3,0,OK,OK,OK
2026-08-29T09:45:04.080189Z,2300,124.3,0,OK,OK,OK
2026-08-29T09:45:09.462063Z,2290,124.2,0,OK,OK,OK
2026-08-29T09:45:14.831196Z,2293,124.3,0,OK,OK,OK
2026-08-29T09:45:20.207683Z,2293,124.3,0,OK,OK,OK
2026-08-29T09:45:25.594158Z,2292,124.3,0,OK,OK,OK
2026-08-29T09:45:30.980629Z,2289,124.3,0,OK,OK,OK
2026-08-29T09:45:36.345946Z,2286,124.3,0,OK,OK,OK
2026-08-29T09:45:41.744377Z,2283,124.4,0,OK,OK,OK
2026-08-29T09:45:47.114483Z,2285,124.4,0,OK,OK,OK
2026-08-29T09:45:52.514043Z,2269,124.4,0,OK,OK,OK
2026-08-29T09:45:57.916055Z,2266,124.4,0,OK,OK,OK
2026-08-29T09:46:03.295640Z,2264,124.4,0,OK,OK,OK
2026-08-29T09:46:08.693656Z,2266,124.4,0,OK,OK,OK
2026-08-29T09:46:14.060574Z,2263,124.4,0,OK,OK,OK
2026-08-29T09:46:19.453712Z,2269,124.4,0,OK,OK,OK
2026-08-29T09:46:24.845537Z,2263,124.4,0,OK,OK,OK
2026-08-29T09:46:30.209200Z,2258,124.4,0,OK,OK,OK
2026-08-29T09:46:35.576235Z,2265,124.4,0,OK,OK,OK
2026-08-29T09:46:40.946308Z,2264,124.4,0,OK,OK,OK
2026-08-29T09:46:46.329278Z,2267,124.4,0,OK,OK,OK
2026-08-29T09:46:51.706312Z,2264,124.4,0,OK,OK,OK
2026-08-29T09:46:57.093473Z,2267,124.4,0,OK,OK,OK
2026-08-29T09:47:02.491916Z,2264,124.4,0,OK,OK,OK
2026-08-29T09:47:07.862844Z,2265,124.4,0,OK,OK,OK
2026-08-29T09:47:13.254641Z,2265,124.4,0,OK,OK,OK
2026-08-29T09:47:18.655254Z,2265,124.4,0,OK,OK,OK
2026-08-29T09:47:24.040627Z,2263,124.4,0,OK,OK,OK
2026-08-29T09:47:29.424923Z,2264,124.4,0,OK,OK,OK
2026-08-29T09:47:34.816528Z,2266,124.4,0,OK,OK,OK
2026-08-29T09:47:40.190385Z,2263,124.4,0,OK,OK,OK
2026-08-29T09:47:45.555051Z,2263,124.5,0,OK,OK,OK
2026-08-29T09:47:50.933602Z,2264,124.4,0,OK,OK,OK
2026-08-29T09:47:56.346662Z,2262,124.5,0,OK,OK,OK
2026-08-29T09:48:01.728270Z,2264,124.4,0,OK,OK,OK
2026-08-29T09:48:07.083802Z,2264,124.4,0,OK,OK,OK
2026-08-29T09:48:12.485729Z,2265,124.5,0,OK,OK,OK
2026-08-29T09:48:17.869869Z,2261,124.4,0,OK,OK,OK
2026-08-29T09:48:23.263043Z,2262,124.4,0,OK,OK,OK
2026-08-29T09:48:28.670272Z,2265,124.4,0,OK,OK,OK
2026-08-29T09:48:34.068334Z,2277,124.5,0,OK,OK,OK
2026-08-29T09:48:39.447336Z,2268,124.5,0,OK,OK,OK
2026-08-29T09:48:44.822887Z,2267,124.5,0,OK,OK,OK
2026-08-29T09:48:50.196400Z,2269,124.6,0,OK,OK,OK
2026-08-29T09:48:55.598950Z,2269,124.6,0,OK,OK,OK
2026-08-29T09:49:00.984857Z,2268,124.6,0,OK,OK,OK
2026-08-29T09:49:06.355362Z,2266,124.6,0,OK,OK,OK
2026-08-29T09:49:11.741847Z,2273,124.5,0,OK,OK,OK
2026-08-29T09:49:17.135381Z,2269,124.5,0,OK,OK,OK
2026-08-29T09:49:22.511782Z,2272,124.5,0,OK,OK,OK
2026-08-29T09:49:27.912845Z,2268,124.5,0,OK,OK,OK
2026-08-29T09:49:33.306977Z,2270,124.5,0,OK,OK,OK
2026-08-29T09:49:38.688916Z,2268,124.5,0,OK,OK,OK
2026-08-29T09:49:44.060866Z,2271,124.5,0,OK,OK,OK
2026-08-29T09:49:49.441999Z,2269,124.5,0,OK,OK,OK
2026-08-29T09:49:54.830471Z,2268,124.6,0,OK,OK,OK
2026-08-29T09:50:00.204289Z,2269,124.6,0,OK,OK,OK
2026-08-29T09:50:05.590774Z,2271,124.6,0,OK,OK,OK
2026-08-29T09:50:10.993279Z,2273,124.6,0,OK,OK,OK
2026-08-29T09:50:16.376715Z,2275,124.6,0,OK,OK,OK
2026-08-29T09:50:21.743101Z,2268,124.6,0,OK,OK,OK
2026-08-29T09:50:27.120256Z,2271,124.6,0,OK,OK,OK
2026-08-29T09:50:32.510220Z,2272,124.6,0,OK,OK,OK
2026-08-29T09:50:37.878034Z,2270,124.6,0,OK,OK,OK
2026-08-29T09:50:43.264427Z,2274,124.6,0,OK,OK,OK
2026-08-29T09:50:48.643555Z,2271,124.6,0,OK,OK,OK
2026-08-29T09:50:54.021505Z,2273,124.6,0,OK,OK,OK
2026-08-29T09:50:59.376857Z,2273,124.6,0,OK,OK,OK
2026-08-29T09:51:04.762643Z,2274,124.6,0,OK,OK,OK
2026-08-29T09:51:10.143518Z,2275,124.6,0,OK,OK,OK
2026-08-29T09:51:15.535430Z,2279,124.6,0,OK,OK,OK
2026-08-29T09:51:20.906084Z,2273,124.6,0,OK,OK,OK
2026-08-29T09:51:26.273763Z,2274,124.6,0,OK,OK,OK
2026-08-29T09:51:31.677073Z,2274,124.6,0,OK,OK,OK
2026-08-29T09:51:37.051392Z,2274,124.6,0,OK,OK,OK
2026-08-29T09:51:42.430045Z,2274,124.6,0,OK,OK,OK
2026-08-29T09:51:47.806524Z,2269,124.6,0,OK,OK,OK
2026-08-29T09:51:53.177122Z,2269,124.6,0,OK,OK,OK
2026-08-29T09:51:58.570080Z,2269,124.6,0,OK,OK,OK
2026-08-29T09:52:03.950102Z,2270,124.6,0,OK,OK,OK
2026-08-29T09:52:09.336547Z,2270,124.6,0,OK,OK,OK
2026-08-29T09:52:14.715960Z,2271,124.6,0,OK,OK,OK
2026-08-29T09:52:20.081631Z,2269,124.6,0,OK,OK,OK
2026-08-29T09:52:25.480648Z,2268,124.6,0,OK,OK,OK
2026-08-29T09:52:30.883821Z,2271,124.6,0,OK,OK,OK
2026-08-29T09:52:36.249666Z,2270,124.5,0,OK,OK,OK
2026-08-29T09:52:41.639807Z,2268,124.6,0,OK,OK,OK
2026-08-29T09:52:47.025362Z,2270,124.6,0,OK,OK,OK
2026-08-29T09:52:52.412707Z,2269,124.6,0,OK,OK,OK
2026-08-29T09:52:57.799257Z,2274,124.6,0,OK,OK,OK
2026-08-29T09:53:03.177997Z,2268,124.6,0,OK,OK,OK
2026-08-29T09:53:08.536204Z,2274,124.5,0,OK,OK,OK
2026-08-29T09:53:13.943486Z,2270,124.5,0,OK,OK,OK
2026-08-29T09:53:19.330019Z,2270,124.6,0,OK,OK,OK
2026-08-29T09:53:24.705982Z,2274,124.6,0,OK,OK,OK
2026-08-29T09:53:30.083892Z,2273,124.6,0,OK,OK,OK
2026-08-29T09:53:35.482118Z,2270,124.6,0,OK,OK,OK
2026-08-29T09:53:40.870584Z,2272,124.6,0,OK,OK,OK
2026-08-29T09:53:46.273903Z,2272,124.5,0,OK,OK,OK
2026-08-29T09:53:51.662071Z,2272,124.5,0,OK,OK,OK
2026-08-29T09:53:57.051036Z,2272,124.5,0,OK,OK,OK
2026-08-29T09:54:02.421510Z,2270,124.6,0,OK,OK,OK
2026-08-29T09:54:07.783713Z,2272,124.5,0,OK,OK,OK
2026-08-29T09:54:13.162471Z,2269,124.4,0,OK,OK,OK
2026-08-29T09:54:18.549179Z,2270,124.5,0,OK,OK,OK
2026-08-29T09:54:23.964629Z,2273,124.5,0,OK,OK,OK
2026-08-29T09:54:29.350243Z,2270,124.4,0,OK,OK,OK
2026-08-29T09:54:34.741442Z,2272,124.5,0,OK,OK,OK
2026-08-29T09:54:40.129652Z,2268,124.5,0,OK,OK,OK
2026-08-29T09:54:45.495172Z,2269,124.5,0,OK,OK,OK
2026-08-29T09:54:50.890456Z,2267,124.5,0,OK,OK,OK
2026-08-29T09:54:56.270781Z,2266,124.4,0,OK,OK,OK
2026-08-29T09:55:01.641233Z,2268,124.4,0,OK,OK,OK
2026-08-29T09:55:07.027740Z,2266,124.4,0,OK,OK,OK
2026-08-29T09:55:12.430156Z,2265,124.4,0,OK,OK,OK
2026-08-29T09:55:17.821602Z,2266,124.4,0,OK,OK,OK
2026-08-29T09:55:23.187229Z,2266,124.4,0,OK,OK,OK
2026-08-29T09:55:28.562504Z,2264,124.4,0,OK,OK,OK
2026-08-29T09:55:33.936114Z,2265,124.4,0,OK,OK,OK
2026-08-29T09:55:39.313417Z,2269,124.4,0,OK,OK,OK
2026-08-29T09:55:44.684860Z,2268,124.4,0,OK,OK,OK
2026-08-29T09:55:50.078528Z,2269,124.5,0,OK,OK,OK
2026-08-29T09:55:55.455774Z,2269,124.4,0,OK,OK,OK
2026-08-29T09:56:00.824572Z,2270,124.4,0,OK,OK,OK
2026-08-29T09:56:06.232472Z,2269,124.4,0,OK,OK,OK
2026-08-29T09:56:11.616623Z,2245,124.4,0,OK,OK,OK
2026-08-29T09:56:16.981631Z,2254,124.4,0,OK,OK,OK
2026-08-29T09:56:22.356389Z,2250,124.4,0,OK,OK,OK
2026-08-29T09:56:27.728373Z,2248,124.4,0,OK,OK,OK
2026-08-29T09:56:33.121973Z,2251,124.4,0,OK,OK,OK
2026-08-29T09:56:38.491722Z,2267,124.4,0,OK,OK,OK
2026-08-29T09:56:43.860163Z,2248,124.4,0,OK,OK,OK
2026-08-29T09:56:49.257567Z,2250,124.4,0,OK,OK,OK
2026-08-29T09:56:54.626372Z,2248,124.4,0,OK,OK,OK
2026-08-29T09:57:00.005254Z,2247,124.4,0,OK,OK,OK
2026-08-29T09:57:05.396366Z,2248,124.3,0,OK,OK,OK
2026-08-29T09:57:10.776510Z,2244,124.3,0,OK,OK,OK
2026-08-29T09:57:16.163623Z,2288,124.4,0,OK,OK,OK
2026-08-29T09:57:21.555908Z,2265,124.4,0,OK,OK,OK
2026-08-29T09:57:26.942572Z,2235,124.4,0,OK,OK,OK
2026-08-29T09:57:32.312956Z,2232,124.4,0,OK,OK,OK
2026-08-29T09:57:37.699659Z,2233,124.4,0,OK,OK,OK
2026-08-29T09:57:43.074536Z,2238,124.4,0,OK,OK,OK
2026-08-29T09:57:48.476266Z,2233,124.4,0,OK,OK,OK
2026-08-29T09:57:53.853942Z,2233,124.4,0,OK,OK,OK
2026-08-29T09:57:59.249897Z,2239,124.4,0,OK,OK,OK
2026-08-29T09:58:04.637020Z,2236,124.4,0,OK,OK,OK
2026-08-29T09:58:10.013634Z,2236,124.4,0,OK,OK,OK
2026-08-29T09:58:15.388862Z,2242,124.4,0,OK,OK,OK
2026-08-29T09:58:20.773813Z,2239,124.4,0,OK,OK,OK
2026-08-29T09:58:26.161856Z,2237,124.4,0,OK,OK,OK
2026-08-29T09:58:31.536622Z,2238,124.4,0,OK,OK,OK
2026-08-29T09:58:36.918841Z,2236,124.4,0,OK,OK,OK
2026-08-29T09:58:42.295839Z,2234,124.4,0,OK,OK,OK
2026-08-29T09:58:47.695876Z,2240,124.4,0,OK,OK,OK
2026-08-29T09:58:53.076297Z,2240,124.4,0,OK,OK,OK
2026-08-29T09:58:58.453680Z,2242,124.3,0,OK,OK,OK
2026-08-29T09:59:03.835376Z,2238,124.3,0,OK,OK,OK
2026-08-29T09:59:09.200955Z,2239,124.4,0,OK,OK,OK
2026-08-29T09:59:14.592478Z,2237,124.4,0,OK,OK,OK
2026-08-29T09:59:19.986608Z,2237,124.4,0,OK,OK,OK
2026-08-29T09:59:25.349637Z,2238,124.4,0,OK,OK,OK
2026-08-29T09:59:30.720232Z,2235,124.4,0,OK,OK,OK
2026-08-29T09:59:36.115798Z,2235,124.4,0,OK,OK,OK
2026-08-29T09:59:41.499237Z,2235,124.4,0,OK,OK,OK
2026-08-29T09:59:46.863631Z,2234,124.4,0,OK,OK,OK
2026-08-29T09:59:52.247993Z,2235,124.4,0,OK,OK,OK
2026-08-29T09:59:57.636792Z,2235,124.4,0,OK,OK,OK
2026-08-29T10:00:03.007370Z,2233,124.4,0,OK,OK,OK
2026-08-29T10:00:08.377045Z,2231,124.3,0,OK,OK,OK
2026-08-29T10:00:13.812447Z,2239,124.4,0,OK,OK,OK
2026-08-29T10:00:19.182913Z,2232,124.4,0,OK,OK,OK
2026-08-29T10:00:24.562092Z,2236,124.4,0,OK,OK,OK
2026-08-29T10:00:29.937207Z,2238,124.4,0,OK,OK,OK
2026-08-29T10:00:35.335962Z,2233,124.4,0,OK,OK,OK
2026-08-29T10:00:40.727026Z,2238,124.4,0,OK,OK,OK
2026-08-29T10:00:46.088554Z,2240,124.4,0,OK,OK,OK
2026-08-29T10:00:51.466418Z,2235,124.4,0,OK,OK,OK
2026-08-29T10:00:56.847618Z,2240,124.4,0,OK,OK,OK
2026-08-29T10:01:02.211522Z,2240,124.4,0,OK,OK,OK
2026-08-29T10:01:07.596070Z,2236,124.4,0,OK,OK,OK
2026-08-29T10:01:12.984602Z,2241,124.4,0,OK,OK,OK
2026-08-29T10:01:18.363099Z,2244,124.4,0,OK,OK,OK
2026-08-29T10:01:23.741595Z,2240,124.4,0,OK,OK,OK
2026-08-29T10:01:29.160239Z,2238,124.5,0,OK,OK,OK
2026-08-29T10:01:34.557705Z,2235,124.4,0,OK,OK,OK
2026-08-29T10:01:39.933263Z,2239,124.4,0,OK,OK,OK
2026-08-29T10:01:45.310752Z,2235,124.4,0,OK,OK,OK
2026-08-29T10:01:50.684329Z,2239,124.4,0,OK,OK,OK
2026-08-29T10:01:56.076988Z,2234,124.4,0,OK,OK,OK
2026-08-29T10:02:01.454411Z,2232,124.4,0,OK,OK,OK
2026-08-29T10:02:06.820871Z,2236,124.4,0,OK,OK,OK
2026-08-29T10:02:12.188591Z,2237,124.4,0,OK,OK,OK
2026-08-29T10:02:17.575259Z,2232,124.4,0,OK,OK,OK
2026-08-29T10:02:22.971817Z,2229,124.4,0,OK,OK,OK
2026-08-29T10:02:28.362391Z,2232,124.4,0,OK,OK,OK
2026-08-29T10:02:33.732763Z,2233,124.5,0,OK,OK,OK
2026-08-29T10:02:39.105550Z,2240,124.5,0,OK,OK,OK
2026-08-29T10:02:44.479999Z,2236,124.4,0,OK,OK,OK
2026-08-29T10:02:49.894476Z,2234,124.4,0,OK,OK,OK
2026-08-29T10:02:55.270015Z,2237,124.4,0,OK,OK,OK
2026-08-29T10:03:00.642045Z,2232,124.4,0,OK,OK,OK
2026-08-29T10:03:06.038548Z,2240,124.5,0,OK,OK,OK
2026-08-29T10:03:11.426453Z,2234,124.5,0,OK,OK,OK
2026-08-29T10:03:16.780790Z,2237,124.4,0,OK,OK,OK
2026-08-29T10:03:22.170779Z,2238,124.5,0,OK,OK,OK
2026-08-29T10:03:27.557258Z,2237,124.4,0,OK,OK,OK
2026-08-29T10:03:32.929889Z,2240,124.5,0,OK,OK,OK
2026-08-29T10:03:38.330464Z,2238,124.5,0,OK,OK,OK
2026-08-29T10:03:43.716936Z,2241,124.5,0,OK,OK,OK
2026-08-29T10:03:49.090650Z,2236,124.5,0,OK,OK,OK
2026-08-29T10:03:54.471171Z,2239,124.5,0,OK,OK,OK
2026-08-29T10:03:59.859135Z,2236,124.5,0,OK,OK,OK
2026-08-29T10:04:05.247259Z,2240,124.5,0,OK,OK,OK
2026-08-29T10:04:10.623427Z,2234,124.5,0,OK,OK,OK
2026-08-29T10:04:16.002135Z,2236,124.5,0,OK,OK,OK
2026-08-29T10:04:21.401795Z,2237,124.5,0,OK,OK,OK
2026-08-29T10:04:26.785644Z,2237,124.5,0,OK,OK,OK
2026-08-29T10:04:32.147492Z,2233,124.4,0,OK,OK,OK
2026-08-29T10:04:37.527809Z,2233,124.5,0,OK,OK,OK
2026-08-29T10:04:42.897714Z,2232,124.5,0,OK,OK,OK
2026-08-29T10:04:48.270006Z,2232,124.5,0,OK,OK,OK
2026-08-29T10:04:53.655126Z,2231,124.5,0,OK,OK,OK
2026-08-29T10:04:59.045283Z,2233,124.5,0,OK,OK,OK
2026-08-29T10:05:04.425958Z,2232,124.5,0,OK,OK,OK
2026-08-29T10:05:09.789755Z,2230,124.4,0,OK,OK,OK
2026-08-29T10:05:15.174083Z,2227,124.5,0,OK,OK,OK
2026-08-29T10:05:20.558887Z,2232,124.5,0,OK,OK,OK
2026-08-29T10:05:25.934517Z,2229,124.5,0,OK,OK,OK
2026-08-29T10:05:31.314259Z,2230,124.5,0,OK,OK,OK
2026-08-29T10:05:36.706107Z,2234,124.5,0,OK,OK,OK
2026-08-29T10:05:42.091204Z,2154,124.4,0,OK,OK,OK
2026-08-29T10:05:47.456295Z,2150,124.4,0,OK,OK,OK
2026-08-29T10:05:52.855518Z,2153,124.4,0,OK,OK,OK
2026-08-29T10:05:58.238481Z,2152,124.4,0,OK,OK,OK
2026-08-29T10:06:03.613283Z,2156,124.4,0,OK,OK,OK
2026-08-29T10:06:08.987415Z,2150,124.4,0,OK,OK,OK
2026-08-29T10:06:14.391075Z,2152,124.4,0,OK,OK,OK
2026-08-29T10:06:19.763104Z,2164,124.4,0,OK,OK,OK
2026-08-29T10:06:25.152357Z,2147,124.4,0,OK,OK,OK
2026-08-29T10:06:30.550714Z,2149,124.4,0,OK,OK,OK
2026-08-29T10:06:35.936487Z,2147,124.4,0,OK,OK,OK
2026-08-29T10:06:41.300601Z,2152,124.4,0,OK,OK,OK
2026-08-29T10:06:46.666173Z,2150,124.4,0,OK,OK,OK
2026-08-29T10:06:52.048959Z,2152,124.4,0,OK,OK,OK
2026-08-29T10:06:57.420678Z,2152,124.4,0,OK,OK,OK
2026-08-29T10:07:02.791402Z,2150,124.4,0,OK,OK,OK
2026-08-29T10:07:08.164157Z,2148,124.4,0,OK,OK,OK
2026-08-29T10:07:13.614608Z,2150,124.4,0,OK,OK,OK
2026-08-29T10:07:18.993963Z,2151,124.4,0,OK,OK,OK
2026-08-29T10:07:24.377389Z,2149,124.4,0,OK,OK,OK
2026-08-29T10:07:29.767671Z,2152,124.4,0,OK,OK,OK
2026-08-29T10:07:35.157981Z,2148,124.4,0,OK,OK,OK
2026-08-29T10:07:40.534832Z,2149,124.4,0,OK,OK,OK
2026-08-29T10:07:45.920254Z,2149,124.4,0,OK,OK,OK
2026-08-29T10:07:51.310610Z,2151,124.4,0,OK,OK,OK
2026-08-29T10:07:56.692673Z,2150,124.4,0,OK,OK,OK
2026-08-29T10:08:02.059057Z,2153,124.4,0,OK,OK,OK
2026-08-29T10:08:07.431526Z,2149,124.4,0,OK,OK,OK
2026-08-29T10:08:12.808970Z,2153,124.4,0,OK,OK,OK
2026-08-29T10:08:18.188632Z,2149,124.4,0,OK,OK,OK
2026-08-29T10:08:23.575266Z,2150,124.4,0,OK,OK,OK
2026-08-29T10:08:28.954007Z,2154,124.4,0,OK,OK,OK
2026-08-29T10:08:34.362819Z,2150,124.4,0,OK,OK,OK
2026-08-29T10:08:39.726727Z,2149,124.4,0,OK,OK,OK
2026-08-29T10:08:45.109001Z,2152,124.4,0,OK,OK,OK
2026-08-29T10:08:50.493018Z,2148,124.4,0,OK,OK,OK
2026-08-29T10:08:55.865086Z,2149,124.4,0,OK,OK,OK
2026-08-29T10:09:01.255789Z,2153,124.4,0,OK,OK,OK
2026-08-29T10:09:06.635112Z,2149,124.4,0,OK,OK,OK
2026-08-29T10:09:12.020639Z,2148,124.4,0,OK,OK,OK
2026-08-29T10:09:17.392260Z,2149,124.4,0,OK,OK,OK
2026-08-29T10:09:22.778779Z,2152,124.4,0,OK,OK,OK
2026-08-29T10:09:28.165252Z,2154,124.4,0,OK,OK,OK
2026-08-29T10:09:33.533320Z,2150,124.4,0,OK,OK,OK
2026-08-29T10:09:38.905978Z,2149,124.4,0,OK,OK,OK
2026-08-29T10:09:44.291192Z,2151,124.4,0,OK,OK,OK
2026-08-29T10:09:49.699498Z,2149,124.4,0,OK,OK,OK
2026-08-29T10:09:55.056214Z,2151,124.4,0,OK,OK,OK
2026-08-29T10:10:00.448472Z,2154,124.4,0,OK,OK,OK
2026-08-29T10:10:05.823664Z,2149,124.4,0,OK,OK,OK
2026-08-29T10:10:11.196193Z,2151,124.4,0,OK,OK,OK
2026-08-29T10:10:16.578937Z,2151,124.4,0,OK,OK,OK
2026-08-29T10:10:21.956144Z,2150,124.4,0,OK,OK,OK
2026-08-29T10:10:27.339919Z,2156,124.4,0,OK,OK,OK
2026-08-29T10:10:32.702198Z,2157,124.4,0,OK,OK,OK
2026-08-29T10:10:38.099290Z,2151,124.4,0,OK,OK,OK
2026-08-29T10:10:43.483556Z,2151,124.4,0,OK,OK,OK
2026-08-29T10:10:48.854169Z,2151,124.4,0,OK,OK,OK
2026-08-29T10:10:54.233103Z,2151,124.4,0,OK,OK,OK
2026-08-29T10:10:59.602704Z,2154,124.4,0,OK,OK,OK
2026-08-29T10:11:04.997918Z,2152,124.4,0,OK,OK,OK
2026-08-29T10:11:10.368447Z,2151,124.4,0,OK,OK,OK
2026-08-29T10:11:15.746668Z,2159,124.4,0,OK,OK,OK
2026-08-29T10:11:21.128706Z,2150,124.4,0,OK,OK,OK
2026-08-29T10:11:26.511305Z,2152,124.4,0,OK,OK,OK
2026-08-29T10:11:31.893837Z,2150,124.4,0,OK,OK,OK
2026-08-29T10:11:37.286398Z,2151,124.4,0,OK,OK,OK
2026-08-29T10:11:42.655915Z,2153,124.4,0,OK,OK,OK
2026-08-29T10:11:48.037357Z,2151,124.4,0,OK,OK,OK
2026-08-29T10:11:53.412229Z,2150,124.4,0,OK,OK,OK
2026-08-29T10:11:58.786236Z,2156,124.4,0,OK,OK,OK
2026-08-29T10:12:04.165153Z,2154,124.4,0,OK,OK,OK
2026-08-29T10:12:09.547040Z,2146,124.3,0,OK,OK,OK
2026-08-29T10:12:14.921670Z,2146,124.3,0,OK,OK,OK
2026-08-29T10:12:20.284743Z,2148,124.3,0,OK,OK,OK
2026-08-29T10:12:25.691852Z,2148,124.3,0,OK,OK,OK
2026-08-29T10:12:31.066036Z,2150,124.3,0,OK,OK,OK
2026-08-29T10:12:36.444686Z,2148,124.3,0,OK,OK,OK
2026-08-29T10:12:41.823102Z,2149,124.3,0,OK,OK,OK
2026-08-29T10:12:47.241715Z,2146,124.3,0,OK,OK,OK
2026-08-29T10:12:52.644177Z,2149,124.4,0,OK,OK,OK
2026-08-29T10:12:58.030763Z,2146,124.4,0,OK,OK,OK
2026-08-29T10:13:03.385419Z,2149,124.4,0,OK,OK,OK
2026-08-29T10:13:08.782774Z,2150,124.3,0,OK,OK,OK
2026-08-29T10:13:14.172126Z,2150,124.3,0,OK,OK,OK
2026-08-29T10:13:19.549735Z,2150,124.3,0,OK,OK,OK
2026-08-29T10:13:24.926153Z,2153,124.3,0,OK,OK,OK
2026-08-29T10:13:30.303189Z,2149,124.3,0,OK,OK,OK
2026-08-29T10:13:35.665408Z,2148,124.4,0,OK,OK,OK
2026-08-29T10:13:41.042081Z,2151,124.3,0,OK,OK,OK
2026-08-29T10:13:46.429809Z,2149,124.3,0,OK,OK,OK
2026-08-29T10:13:51.818842Z,2150,124.4,0,OK,OK,OK
2026-08-29T10:13:57.203532Z,2149,124.3,0,OK,OK,OK
2026-08-29T10:14:02.580204Z,2151,124.3,0,OK,OK,OK
2026-08-29T10:14:07.973272Z,2151,124.3,0,OK,OK,OK
2026-08-29T10:14:13.375111Z,2151,124.4,0,OK,OK,OK
2026-08-29T10:14:18.759687Z,2147,124.4,0,OK,OK,OK
2026-08-29T10:14:24.160284Z,2151,124.3,0,OK,OK,OK
2026-08-29T10:14:29.545324Z,2148,124.3,0,OK,OK,OK
2026-08-29T10:14:34.919603Z,2147,124.3,0,OK,OK,OK
2026-08-29T10:14:40.295132Z,2152,124.3,0,OK,OK,OK
2026-08-29T10:14:45.679152Z,2151,124.3,0,OK,OK,OK
2026-08-29T10:14:51.068382Z,2144,124.3,0,OK,OK,OK
2026-08-29T10:14:56.454770Z,2144,124.3,0,OK,OK,OK
2026-08-29T10:15:01.826214Z,2149,124.3,0,OK,OK,OK
2026-08-29T10:15:07.227872Z,2150,124.3,0,OK,OK,OK
2026-08-29T10:15:12.596661Z,2146,124.3,0,OK,OK,OK
2026-08-29T10:15:17.972209Z,2149,124.3,0,OK,OK,OK
2026-08-29T10:15:23.360903Z,2151,124.3,0,OK,OK,OK
2026-08-29T10:15:28.780332Z,2150,124.3,0,OK,OK,OK
2026-08-29T10:15:34.137014Z,2154,124.4,0,OK,OK,OK
2026-08-29T10:15:39.524555Z,2147,124.3,0,OK,OK,OK
2026-08-29T10:15:44.903602Z,2146,124.3,0,OK,OK,OK
2026-08-29T10:15:50.281522Z,2147,124.3,0,OK,OK,OK
2026-08-29T10:15:55.667930Z,2146,124.3,0,OK,OK,OK
2026-08-29T10:16:01.040085Z,2148,124.3,0,OK,OK,OK
2026-08-29T10:16:06.425048Z,2150,124.3,0,OK,OK,OK
2026-08-29T10:16:11.784429Z,2148,124.3,0,OK,OK,OK
2026-08-29T10:16:17.195127Z,2162,124.3,0,OK,OK,OK
2026-08-29T10:16:22.578710Z,2148,124.3,0,OK,OK,OK
2026-08-29T10:16:27.947997Z,2149,124.3,0,OK,OK,OK
2026-08-29T10:16:33.324081Z,2152,124.3,0,OK,OK,OK
2026-08-29T10:16:38.711521Z,2147,124.3,0,OK,OK,OK
2026-08-29T10:16:44.075467Z,2143,124.3,0,OK,OK,OK
2026-08-29T10:16:49.476542Z,2148,124.3,0,OK,OK,OK
2026-08-29T10:16:54.855865Z,2151,124.3,0,OK,OK,OK
2026-08-29T10:17:00.250049Z,2147,124.3,0,OK,OK,OK
2026-08-29T10:17:05.628922Z,2150,124.3,0,OK,OK,OK
2026-08-29T10:17:11.015430Z,2149,124.3,0,OK,OK,OK
2026-08-29T10:17:16.415307Z,2146,124.3,0,OK,OK,OK
2026-08-29T10:17:21.804630Z,2147,124.3,0,OK,OK,OK
2026-08-29T10:17:27.177227Z,2150,124.3,0,OK,OK,OK
2026-08-29T10:17:32.545740Z,2152,124.4,0,OK,OK,OK
2026-08-29T10:17:37.964352Z,2150,124.3,0,OK,OK,OK
2026-08-29T10:17:43.333040Z,2146,124.3,0,OK,OK,OK
2026-08-29T10:17:48.729394Z,2150,124.3,0,OK,OK,OK
2026-08-29T10:17:54.117936Z,2146,124.3,0,OK,OK,OK
2026-08-29T10:17:59.496569Z,2148,124.3,0,OK,OK,OK
2026-08-29T10:18:04.863295Z,2150,124.3,0,OK,OK,OK
2026-08-29T10:18:10.240804Z,2148,124.3,0,OK,OK,OK
2026-08-29T10:18:15.622786Z,2147,124.3,0,OK,OK,OK
2026-08-29T10:18:21.009344Z,2147,124.3,0,OK,OK,OK
2026-08-29T10:18:26.391224Z,2146,124.3,0,OK,OK,OK
2026-08-29T10:18:31.765673Z,2154,124.4,0,OK,OK,OK
2026-08-29T10:18:37.158211Z,2150,124.4,0,OK,OK,OK
2026-08-29T10:18:42.517132Z,2147,124.3,0,OK,OK,OK
2026-08-29T10:18:47.923053Z,2149,124.4,0,OK,OK,OK
2026-08-29T10:18:53.316596Z,2150,124.3,0,OK,OK,OK
2026-08-29T10:18:58.698049Z,2150,124.3,0,OK,OK,OK
2026-08-29T10:19:04.085009Z,2147,124.4,0,OK,OK,OK
2026-08-29T10:19:09.470130Z,2150,124.4,0,OK,OK,OK
2026-08-29T10:19:14.858118Z,2149,124.4,0,OK,OK,OK
2026-08-29T10:19:20.240229Z,2149,124.4,0,OK,OK,OK
2026-08-29T10:19:25.635885Z,2147,124.4,0,OK,OK,OK
2026-08-29T10:19:31.017606Z,2152,124.4,0,OK,OK,OK
2026-08-29T10:19:36.397893Z,2148,124.4,0,OK,OK,OK
2026-08-29T10:19:41.770835Z,2150,124.4,0,OK,OK,OK
2026-08-29T10:19:47.150194Z,2146,124.4,0,OK,OK,OK
2026-08-29T10:19:52.533642Z,2147,124.3,0,OK,OK,OK
2026-08-29T10:19:57.897816Z,2151,124.4,0,OK,OK,OK
2026-08-29T10:20:03.294635Z,2149,124.3,0,OK,OK,OK
2026-08-29T10:20:08.668469Z,2148,124.3,0,OK,OK,OK
2026-08-29T10:20:14.124586Z,2148,124.3,0,OK,OK,OK
2026-08-29T10:20:19.524512Z,2147,124.3,0,OK,OK,OK
2026-08-29T10:20:24.896017Z,2146,124.3,0,OK,OK,OK
2026-08-29T10:20:30.259420Z,2148,124.4,0,OK,OK,OK
2026-08-29T10:20:35.618226Z,2150,124.4,0,OK,OK,OK
2026-08-29T10:20:41.010818Z,2151,124.4,0,OK,OK,OK
2026-08-29T10:20:46.381228Z,2148,124.3,0,OK,OK,OK
2026-08-29T10:20:51.768255Z,2149,124.3,0,OK,OK,OK
2026-08-29T10:20:57.144220Z,2153,124.3,0,OK,OK,OK
2026-08-29T10:21:02.525469Z,2146,124.3,0,OK,OK,OK
2026-08-29T10:21:07.900063Z,2147,124.3,0,OK,OK,OK
2026-08-29T10:21:13.268052Z,2146,124.3,0,OK,OK,OK
2026-08-29T10:21:18.648221Z,2151,124.3,0,OK,OK,OK
2026-08-29T10:21:24.020491Z,2148,124.3,0,OK,OK,OK
2026-08-29T10:21:29.409778Z,2148,124.3,0,OK,OK,OK
2026-08-29T10:21:34.811513Z,2150,124.4,0,OK,OK,OK
2026-08-29T10:21:40.198889Z,2149,124.4,0,OK,OK,OK
2026-08-29T10:21:45.585377Z,2148,124.4,0,OK,OK,OK
2026-08-29T10:21:50.943259Z,2152,124.4,0,OK,OK,OK
2026-08-29T10:21:56.326488Z,2152,124.3,0,OK,OK,OK
2026-08-29T10:22:01.710895Z,2146,124.3,0,OK,OK,OK
2026-08-29T10:22:07.077516Z,2148,124.3,0,OK,OK,OK
2026-08-29T10:22:12.454196Z,2149,124.3,0,OK,OK,OK
2026-08-29T10:22:17.840689Z,2145,124.3,0,OK,OK,OK
2026-08-29T10:22:23.227270Z,2147,124.3,0,OK,OK,OK
2026-08-29T10:22:28.601936Z,2148,124.3,0,OK,OK,OK
2026-08-29T10:22:33.984387Z,2149,124.3,0,OK,OK,OK
2026-08-29T10:22:39.360816Z,2148,124.3,0,OK,OK,OK
2026-08-29T10:22:44.736513Z,2150,124.3,0,OK,OK,OK
2026-08-29T10:22:50.105194Z,2147,124.3,0,OK,OK,OK
2026-08-29T10:22:55.477157Z,2154,124.4,0,OK,OK,OK
2026-08-29T10:23:00.864074Z,2146,124.3,0,OK,OK,OK
2026-08-29T10:23:06.230607Z,2146,124.4,0,OK,OK,OK
2026-08-29T10:23:11.610904Z,2152,124.4,0,OK,OK,OK
2026-08-29T10:23:16.996858Z,2153,124.4,0,OK,OK,OK
2026-08-29T10:23:22.392495Z,2150,124.4,0,OK,OK,OK
2026-08-29T10:23:27.753834Z,2148,124.3,0,OK,OK,OK
2026-08-29T10:23:33.147580Z,2148,124.3,0,OK,OK,OK
2026-08-29T10:23:38.540249Z,2156,124.3,0,OK,OK,OK
2026-08-29T10:23:43.904238Z,2146,124.3,0,OK,OK,OK
2026-08-29T10:23:49.276063Z,2148,124.4,0,OK,OK,OK
2026-08-29T10:23:54.654584Z,2148,124.3,0,OK,OK,OK
2026-08-29T10:24:00.041064Z,2383,124.5,0,OK,OK,OK
2026-08-29T10:24:05.403943Z,2242,124.4,0,OK,OK,OK
2026-08-29T10:24:10.782107Z,2249,124.4,0,OK,OK,OK
2026-08-29T10:24:16.163600Z,2264,124.4,0,OK,OK,OK
2026-08-29T10:24:21.555223Z,2258,124.3,0,OK,OK,OK
2026-08-29T10:24:26.930247Z,2258,124.4,0,OK,OK,OK
2026-08-29T10:24:32.334558Z,2255,124.4,0,OK,OK,OK
2026-08-29T10:24:37.722856Z,2257,124.4,0,OK,OK,OK
2026-08-29T10:24:43.083284Z,2257,124.4,0,OK,OK,OK
2026-08-29T10:24:48.459152Z,2250,124.3,0,OK,OK,OK
2026-08-29T10:24:53.866623Z,2257,124.4,0,OK,OK,OK
2026-08-29T10:24:59.230792Z,2252,124.4,0,OK,OK,OK
2026-08-29T10:25:04.600953Z,2252,124.4,0,OK,OK,OK
2026-08-29T10:25:09.968370Z,2254,124.3,0,OK,OK,OK
2026-08-29T10:25:15.386876Z,2249,124.4,0,OK,OK,OK
2026-08-29T10:25:20.773448Z,2249,124.4,0,OK,OK,OK
2026-08-29T10:25:26.156821Z,2245,124.4,0,OK,OK,OK
2026-08-29T10:25:31.541657Z,2242,124.3,0,OK,OK,OK
2026-08-29T10:25:36.934511Z,2243,124.3,0,OK,OK,OK
2026-08-29T10:25:42.334218Z,2239,124.3,0,OK,OK,OK
2026-08-29T10:25:47.719979Z,2237,124.3,0,OK,OK,OK
2026-08-29T10:25:53.107443Z,2235,124.3,0,OK,OK,OK
2026-08-29T10:25:58.477319Z,2234,124.3,0,OK,OK,OK
2026-08-29T10:26:03.861520Z,2230,124.3,0,OK,OK,OK
2026-08-29T10:26:09.233972Z,2229,124.3,0,OK,OK,OK
2026-08-29T10:26:14.598633Z,2231,124.3,0,OK,OK,OK
2026-08-29T10:26:19.971218Z,2236,124.3,0,OK,OK,OK
2026-08-29T10:26:25.354193Z,2228,124.3,0,OK,OK,OK
2026-08-29T10:26:30.734708Z,2231,124.3,0,OK,OK,OK
2026-08-29T10:26:36.153451Z,2233,124.3,0,OK,OK,OK
2026-08-29T10:26:41.539910Z,2230,124.3,0,OK,OK,OK
2026-08-29T10:26:46.925158Z,2229,124.3,0,OK,OK,OK
2026-08-29T10:26:52.295005Z,2229,124.3,0,OK,OK,OK
2026-08-29T10:26:57.687590Z,2232,124.3,0,OK,OK,OK
2026-08-29T10:27:03.080717Z,2233,124.3,0,OK,OK,OK
2026-08-29T10:27:08.468759Z,2231,124.3,0,OK,OK,OK
2026-08-29T10:27:13.838426Z,2229,124.3,0,OK,OK,OK
2026-08-29T10:27:19.250461Z,2231,124.3,0,OK,OK,OK
2026-08-29T10:27:24.644408Z,2235,124.3,0,OK,OK,OK
2026-08-29T10:27:30.024198Z,2231,124.3,0,OK,OK,OK
2026-08-29T10:27:35.396412Z,2235,124.3,0,OK,OK,OK
2026-08-29T10:27:40.799010Z,2229,124.3,0,OK,OK,OK
2026-08-29T10:27:46.185462Z,2228,124.2,0,OK,OK,OK
2026-08-29T10:27:51.540797Z,2224,124.3,0,OK,OK,OK
2026-08-29T10:27:56.942698Z,2228,124.3,0,OK,OK,OK
2026-08-29T10:28:02.338487Z,2229,124.3,0,OK,OK,OK
2026-08-29T10:28:07.732354Z,2227,124.2,0,OK,OK,OK
2026-08-29T10:28:13.132206Z,2231,124.3,0,OK,OK,OK
2026-08-29T10:28:18.513051Z,2228,124.3,0,OK,OK,OK
2026-08-29T10:28:23.878904Z,2225,124.2,0,OK,OK,OK
2026-08-29T10:28:29.265094Z,2230,124.2,0,OK,OK,OK
2026-08-29T10:28:34.659548Z,2229,124.2,0,OK,OK,OK
2026-08-29T10:28:40.033004Z,2229,124.3,0,OK,OK,OK
2026-08-29T10:28:45.397962Z,2231,124.3,0,OK,OK,OK
2026-08-29T10:28:50.784562Z,2228,124.3,0,OK,OK,OK
2026-08-29T10:28:56.161417Z,2229,124.3,0,OK,OK,OK
2026-08-29T10:29:01.532981Z,2228,124.3,0,OK,OK,OK
2026-08-29T10:29:06.900217Z,2230,124.3,0,OK,OK,OK
2026-08-29T10:29:12.317451Z,2227,124.3,0,OK,OK,OK
2026-08-29T10:29:17.699757Z,2230,124.2,0,OK,OK,OK
2026-08-29T10:29:23.078305Z,2230,124.2,0,OK,OK,OK
2026-08-29T10:29:28.463822Z,2231,124.2,0,OK,OK,OK
2026-08-29T10:29:33.846378Z,2225,124.2,0,OK,OK,OK
2026-08-29T10:29:39.223934Z,2228,124.3,0,OK,OK,OK
2026-08-29T10:29:44.603935Z,2229,124.3,0,OK,OK,OK
2026-08-29T10:29:49.978266Z,2229,124.3,0,OK,OK,OK
2026-08-29T10:29:55.380709Z,2228,124.3,0,OK,OK,OK
2026-08-29T10:30:00.765612Z,2229,124.3,0,OK,OK,OK
2026-08-29T10:30:06.137964Z,2229,124.3,0,OK,OK,OK
2026-08-29T10:30:11.524409Z,2230,124.2,0,OK,OK,OK
2026-08-29T10:30:16.894991Z,2227,124.3,0,OK,OK,OK
2026-08-29T10:30:22.255163Z,2231,124.3,0,OK,OK,OK
2026-08-29T10:30:27.639758Z,2232,124.3,0,OK,OK,OK
2026-08-29T10:30:33.023690Z,2240,124.3,0,OK,OK,OK
2026-08-29T10:30:38.393129Z,2230,124.3,0,OK,OK,OK
2026-08-29T10:30:43.777255Z,2238,124.3,0,OK,OK,OK
2026-08-29T10:30:49.150334Z,2234,124.3,0,OK,OK,OK
2026-08-29T10:30:54.520956Z,2234,124.3,0,OK,OK,OK
2026-08-29T10:30:59.891382Z,2232,124.3,0,OK,OK,OK
2026-08-29T10:31:05.273526Z,2232,124.2,0,OK,OK,OK
2026-08-29T10:31:10.656251Z,2236,124.2,0,OK,OK,OK
2026-08-29T10:31:16.035106Z,2243,124.2,0,OK,OK,OK
2026-08-29T10:31:21.393618Z,2229,124.2,0,OK,OK,OK
2026-08-29T10:31:26.792150Z,2235,124.2,0,OK,OK,OK
2026-08-29T10:31:32.162842Z,2230,124.2,0,OK,OK,OK
2026-08-29T10:31:37.526696Z,2228,124.2,0,OK,OK,OK
2026-08-29T10:31:42.912368Z,2232,124.2,0,OK,OK,OK
2026-08-29T10:31:48.319090Z,2230,124.2,0,OK,OK,OK
2026-08-29T10:31:53.741531Z,2233,124.3,0,OK,OK,OK
2026-08-29T10:31:59.121012Z,2228,124.2,0,OK,OK,OK
2026-08-29T10:32:04.524489Z,2232,124.2,0,OK,OK,OK
2026-08-29T10:32:09.894579Z,2229,124.2,0,OK,OK,OK
2026-08-29T10:32:15.276476Z,2230,124.3,0,OK,OK,OK
2026-08-29T10:32:20.659563Z,2231,124.3,0,OK,OK,OK
2026-08-29T10:32:26.060207Z,2231,124.2,0,OK,OK,OK
2026-08-29T10:32:31.437244Z,2230,124.3,0,OK,OK,OK
2026-08-29T10:32:36.817260Z,2230,124.2,0,OK,OK,OK
2026-08-29T10:32:42.203922Z,2231,124.2,0,OK,OK,OK
2026-08-29T10:32:47.580739Z,2228,124.2,0,OK,OK,OK
2026-08-29T10:32:52.958147Z,2235,124.2,0,OK,OK,OK
2026-08-29T10:32:58.336920Z,2228,124.2,0,OK,OK,OK
2026-08-29T10:33:03.711945Z,2228,124.1,0,OK,OK,OK
2026-08-29T10:33:09.110700Z,2227,124.1,0,OK,OK,OK
2026-08-29T10:33:14.477181Z,2228,124.1,0,OK,OK,OK
2026-08-29T10:33:19.852721Z,2224,124.1,0,OK,OK,OK
2026-08-29T10:33:25.224635Z,2229,124.2,0,OK,OK,OK
2026-08-29T10:33:30.595992Z,2226,124.1,0,OK,OK,OK
2026-08-29T10:33:35.982385Z,2230,124.1,0,OK,OK,OK
2026-08-29T10:33:41.366590Z,2227,124.1,0,OK,OK,OK
2026-08-29T10:33:46.736281Z,2227,124.1,0,OK,OK,OK
2026-08-29T10:33:52.118224Z,2227,124.1,0,OK,OK,OK
2026-08-29T10:33:57.495405Z,2225,124.1,0,OK,OK,OK
2026-08-29T10:34:02.891319Z,2229,124.1,0,OK,OK,OK
2026-08-29T10:34:08.249902Z,2231,124.1,0,OK,OK,OK
2026-08-29T10:34:13.642853Z,2228,124.1,0,OK,OK,OK
2026-08-29T10:34:19.049683Z,2227,124.1,0,OK,OK,OK
2026-08-29T10:34:24.436270Z,2227,124.1,0,OK,OK,OK
2026-08-29T10:34:29.826511Z,2230,124.1,0,OK,OK,OK
2026-08-29T10:34:35.204526Z,2230,124.1,0,OK,OK,OK
2026-08-29T10:34:40.586475Z,2227,124.1,0,OK,OK,OK
2026-08-29T10:34:45.952262Z,2227,124.1,0,OK,OK,OK
2026-08-29T10:34:51.321308Z,2231,124.1,1,OK,OK,OK
2026-08-29T10:34:56.708570Z,2224,124.1,1,OK,OK,OK
2026-08-29T10:35:02.094187Z,2221,124.1,1,OK,OK,OK
2026-08-29T10:35:07.471184Z,2225,124.1,1,OK,OK,OK
2026-08-29T10:35:12.855862Z,2222,124.1,1,OK,OK,OK
2026-08-29T10:35:18.244632Z,2223,124.1,2,OK,OK,OK
2026-08-29T10:35:23.605888Z,2223,124.1,2,OK,OK,OK
2026-08-29T10:35:28.980413Z,2222,124.1,2,OK,OK,OK
2026-08-29T10:35:34.384783Z,2227,124.1,2,OK,OK,OK
2026-08-29T10:35:39.765048Z,2219,123.9,2,OK,OK,OK
2026-08-29T10:35:45.145308Z,2224,124.0,2,OK,OK,OK
2026-08-29T10:35:50.545226Z,2224,124.0,2,OK,OK,OK
2026-08-29T10:35:55.926005Z,2226,123.9,1,OK,OK,OK
2026-08-29T10:36:01.302847Z,2230,124.0,1,OK,OK,OK
2026-08-29T10:36:06.679676Z,2224,123.9,1,OK,OK,OK
2026-08-29T10:36:12.049915Z,2225,123.9,1,OK,OK,OK
2026-08-29T10:36:17.480322Z,2238,124.0,1,OK,OK,OK
2026-08-29T10:36:22.858937Z,2226,124.0,1,OK,OK,OK
2026-08-29T10:36:28.237336Z,2227,124.0,1,OK,OK,OK
2026-08-29T10:36:33.654404Z,2231,124.0,1,OK,OK,OK
2026-08-29T10:36:39.016594Z,2231,124.1,1,OK,OK,OK
2026-08-29T10:36:44.402655Z,2226,124.0,1,OK,OK,OK
2026-08-29T10:36:49.808473Z,2221,124.0,1,OK,OK,OK
2026-08-29T10:36:55.186560Z,2224,123.9,1,OK,OK,OK
2026-08-29T10:37:00.549265Z,2226,123.9,1,OK,OK,OK
2026-08-29T10:37:05.927115Z,2222,123.9,1,OK,OK,OK
2026-08-29T10:37:11.315282Z,2225,123.9,1,OK,OK,OK
2026-08-29T10:37:16.690665Z,2228,124.0,1,OK,OK,OK
2026-08-29T10:37:22.084851Z,2227,124.1,1,OK,OK,OK
2026-08-29T10:37:27.460745Z,2226,124.1,1,OK,OK,OK
2026-08-29T10:37:32.841684Z,2228,124.1,1,OK,OK,OK
2026-08-29T10:37:38.201719Z,2225,124.1,2,OK,OK,OK
2026-08-29T10:37:43.595907Z,2227,124.1,2,OK,OK,OK
2026-08-29T10:37:48.975452Z,2224,124.1,2,OK,OK,OK
2026-08-29T10:37:54.340736Z,2224,124.1,1,OK,OK,OK
2026-08-29T10:37:59.720490Z,2223,124.1,1,OK,OK,OK
2026-08-29T10:38:05.099576Z,2221,124.1,1,OK,OK,OK
2026-08-29T10:38:10.477272Z,2220,124.1,1,OK,OK,OK
2026-08-29T10:38:15.868260Z,2222,124.1,1,OK,OK,OK
2026-08-29T10:38:21.262854Z,2222,124.1,1,OK,OK,OK
2026-08-29T10:38:26.645117Z,2229,124.2,1,OK,OK,OK
2026-08-29T10:38:32.010138Z,2226,124.2,1,OK,OK,OK
2026-08-29T10:38:37.379334Z,2226,124.2,1,OK,OK,OK
2026-08-29T10:38:42.763671Z,2224,124.2,1,OK,OK,OK
2026-08-29T10:38:48.139738Z,2224,124.1,1,OK,OK,OK
2026-08-29T10:38:53.545646Z,2226,124.1,1,OK,OK,OK
2026-08-29T10:38:58.948207Z,2222,124.1,1,OK,OK,OK
2026-08-29T10:39:04.334679Z,2221,124.1,1,OK,OK,OK
2026-08-29T10:39:09.705281Z,2226,124.1,3,OK,OK,OK
2026-08-29T10:39:15.139506Z,2357,124.2,3,OK,OK,OK
2026-08-29T10:39:20.510170Z,2348,124.1,3,OK,OK,OK
2026-08-29T10:39:25.895093Z,2358,124.1,3,OK,OK,OK
2026-08-29T10:39:31.261324Z,2351,124.2,3,OK,OK,OK
2026-08-29T10:39:36.669618Z,2350,124.2,2,OK,OK,OK
2026-08-29T10:39:42.040167Z,2348,124.2,2,OK,OK,OK
2026-08-29T10:39:47.404557Z,2348,124.2,2,OK,OK,OK
2026-08-29T10:39:52.763148Z,2354,124.4,2,OK,OK,OK
2026-08-29T10:39:58.149446Z,2352,124.3,2,OK,OK,OK
2026-08-29T10:40:03.552422Z,2351,124.3,2,OK,OK,OK
2026-08-29T10:40:08.939510Z,2350,124.3,2,OK,OK,OK
2026-08-29T10:40:14.463696Z,2350,124.4,2,OK,OK,OK
2026-08-29T10:40:19.859902Z,2350,124.4,2,OK,OK,OK
2026-08-29T10:40:25.255917Z,2343,124.3,2,OK,OK,OK
2026-08-29T10:40:30.630403Z,2345,124.3,2,OK,OK,OK
2026-08-29T10:40:36.019348Z,2232,124.3,2,OK,OK,OK
2026-08-29T10:40:41.388590Z,2233,124.3,2,OK,OK,OK
2026-08-29T10:40:46.752817Z,2232,124.3,2,OK,OK,OK
2026-08-29T10:40:52.144012Z,2233,124.3,2,OK,OK,OK
2026-08-29T10:40:57.515032Z,2230,124.3,2,OK,OK,OK
2026-08-29T10:41:02.901988Z,2234,124.3,2,OK,OK,OK
2026-08-29T10:41:08.266316Z,2234,124.3,3,OK,OK,OK
2026-08-29T10:41:13.678124Z,2234,124.3,3,OK,OK,OK
2026-08-29T10:41:19.061246Z,2243,124.3,4,OK,OK,OK
2026-08-29T10:41:24.437464Z,2235,124.3,4,OK,OK,OK
2026-08-29T10:41:29.817038Z,2236,124.3,4,OK,OK,OK
2026-08-29T10:41:35.207000Z,2233,124.3,5,OK,OK,OK
2026-08-29T10:41:40.572463Z,2236,124.3,5,OK,OK,OK
2026-08-29T10:41:45.947643Z,2231,124.3,5,OK,OK,OK
2026-08-29T10:41:51.333522Z,2233,124.3,5,OK,OK,OK
2026-08-29T10:41:56.719092Z,2236,124.3,5,OK,OK,OK
2026-08-29T10:42:02.106353Z,2237,124.3,4,OK,OK,OK
2026-08-29T10:42:07.491376Z,2236,124.3,4,OK,OK,OK
2026-08-29T10:42:12.905871Z,2239,124.4,4,OK,OK,OK
2026-08-29T10:42:18.291524Z,2238,124.4,4,OK,OK,OK
2026-08-29T10:42:23.681165Z,2239,124.3,4,OK,OK,OK
2026-08-29T10:42:29.060026Z,2239,124.4,4,OK,OK,OK
2026-08-29T10:42:34.457207Z,2236,124.4,4,OK,OK,OK
2026-08-29T10:42:39.827630Z,2236,124.4,4,OK,OK,OK
2026-08-29T10:42:45.214237Z,2236,124.4,4,OK,OK,OK
2026-08-29T10:42:50.588654Z,2236,124.4,8,OK,OK,OK
2026-08-29T10:42:55.969074Z,2234,124.4,8,OK,OK,OK
2026-08-29T10:43:01.335352Z,2237,124.4,8,OK,OK,OK
2026-08-29T10:43:06.733288Z,2236,124.4,12,OK,OK,OK
2026-08-29T10:43:12.154194Z,2235,124.4,12,OK,OK,OK
2026-08-29T10:43:17.523915Z,2236,124.4,20,OK,OK,OK
2026-08-29T10:43:22.917605Z,2235,124.4,20,OK,OK,OK
2026-08-29T10:43:28.290715Z,2225,124.4,20,OK,OK,OK
2026-08-29T10:43:33.674700Z,2224,124.4,17,OK,OK,OK
2026-08-29T10:43:39.040468Z,2147,124.4,17,OK,OK,OK
2026-08-29T10:43:44.417515Z,2149,124.5,20,OK,OK,OK
2026-08-29T10:43:49.797964Z,2142,124.4,20,OK,OK,OK
2026-08-29T10:43:55.167666Z,2147,124.4,20,OK,OK,OK
2026-08-29T10:44:00.537203Z,2143,124.4,20,OK,OK,OK
2026-08-29T10:44:05.915335Z,2146,124.4,20,OK,OK,OK
2026-08-29T10:44:11.304205Z,2146,124.4,20,OK,OK,OK
2026-08-29T10:44:16.694985Z,2151,124.4,20,OK,OK,OK
2026-08-29T10:44:22.076339Z,2151,124.4,20,OK,OK,OK
2026-08-29T10:44:27.452786Z,2148,124.4,20,OK,OK,OK
2026-08-29T10:44:32.815826Z,2149,124.4,20,OK,OK,OK
2026-08-29T10:44:38.202472Z,2144,124.4,19,OK,OK,OK
2026-08-29T10:44:43.603763Z,2144,124.4,19,OK,OK,OK
2026-08-29T10:44:48.975527Z,2140,124.4,19,OK,OK,OK
2026-08-29T10:44:54.340002Z,2144,124.4,19,OK,OK,OK
2026-08-29T10:44:59.725369Z,2144,124.4,19,OK,OK,OK
2026-08-29T10:45:05.132255Z,2145,124.4,19,OK,OK,OK
2026-08-29T10:45:10.515854Z,2146,124.4,19,OK,OK,OK
2026-08-29T10:45:15.889850Z,2146,124.4,19,OK,OK,OK
2026-08-29T10:45:21.278124Z,2141,124.4,19,OK,OK,OK
2026-08-29T10:45:26.663132Z,2144,124.4,19,OK,OK,OK
2026-08-29T10:45:32.041588Z,2146,124.4,17,OK,OK,OK
2026-08-29T10:45:37.437749Z,2144,124.4,17,OK,OK,OK
2026-08-29T10:45:42.843675Z,2149,124.4,22,OK,OK,OK
2026-08-29T10:45:48.218940Z,2145,124.4,22,OK,OK,OK
2026-08-29T10:45:53.612766Z,2145,124.4,21,OK,OK,OK
2026-08-29T10:45:58.983996Z,2148,124.4,21,OK,OK,OK
2026-08-29T10:46:04.367933Z,2146,124.4,21,OK,OK,OK
2026-08-29T10:46:09.747425Z,2144,124.4,30,OK,OK,OK
2026-08-29T10:46:15.124058Z,2147,124.4,30,OK,OK,OK
2026-08-29T10:46:20.520536Z,2150,124.4,27,OK,OK,OK
2026-08-29T10:46:25.884465Z,2146,124.4,27,OK,OK,OK
2026-08-29T10:46:31.270905Z,2143,124.4,27,OK,OK,OK
2026-08-29T10:46:36.644340Z,2147,124.4,24,OK,OK,OK
2026-08-29T10:46:42.017921Z,2145,124.4,24,OK,OK,OK
2026-08-29T10:46:47.382506Z,2144,124.4,25,OK,OK,OK
2026-08-29T10:46:52.770748Z,2144,124.4,25,OK,OK,OK
2026-08-29T10:46:58.171429Z,2147,124.4,26,OK,OK,OK
2026-08-29T10:47:03.569462Z,2145,124.4,26,OK,OK,OK
2026-08-29T10:47:08.945312Z,2142,124.4,26,OK,OK,OK
2026-08-29T10:47:14.363603Z,2146,124.4,26,OK,OK,OK
2026-08-29T10:47:19.760124Z,2146,124.4,26,OK,OK,OK
2026-08-29T10:47:25.179601Z,2146,124.4,26,OK,OK,OK
2026-08-29T10:47:30.574083Z,2149,124.4,26,OK,OK,OK
2026-08-29T10:47:35.947369Z,2147,124.4,26,OK,OK,OK
2026-08-29T10:47:41.327001Z,2147,124.4,26,OK,OK,OK
2026-08-29T10:47:46.694747Z,2147,124.4,26,OK,OK,OK
2026-08-29T10:47:52.084901Z,2150,124.4,27,OK,OK,OK
2026-08-29T10:47:57.470703Z,2151,124.5,27,OK,OK,OK
2026-08-29T10:48:02.841223Z,2148,124.4,27,OK,OK,OK
2026-08-29T10:48:08.227852Z,2146,124.4,30,OK,OK,OK
2026-08-29T10:48:13.630279Z,2148,124.4,30,OK,OK,OK
2026-08-29T10:48:19.016840Z,2146,124.4,30,OK,OK,OK
2026-08-29T10:48:24.386728Z,2147,124.4,30,OK,OK,OK
2026-08-29T10:48:29.805774Z,2148,124.4,30,OK,OK,OK
2026-08-29T10:48:35.180871Z,2145,124.4,30,OK,OK,OK
2026-08-29T10:48:40.554341Z,2146,124.4,30,OK,OK,OK
2026-08-29T10:48:45.933461Z,2141,124.4,27,OK,OK,OK
2026-08-29T10:48:51.350000Z,2146,124.4,27,OK,OK,OK
2026-08-29T10:48:56.730695Z,2146,124.4,26,OK,OK,OK
2026-08-29T10:49:02.100383Z,2144,124.4,26,OK,OK,OK
2026-08-29T10:49:07.487662Z,2143,124.4,26,OK,OK,OK
2026-08-29T10:49:12.866007Z,2143,124.4,27,OK,OK,OK
2026-08-29T10:49:18.254173Z,2148,124.4,27,OK,OK,OK
2026-08-29T10:49:23.637572Z,2147,124.4,27,OK,OK,OK
2026-08-29T10:49:29.034835Z,2149,124.4,27,OK,OK,OK
2026-08-29T10:49:34.411988Z,2146,124.4,27,OK,OK,OK
2026-08-29T10:49:39.782853Z,2149,124.4,31,OK,OK,OK
2026-08-29T10:49:45.163972Z,2147,124.4,31,OK,OK,OK
2026-08-29T10:49:50.546873Z,2147,124.4,32,OK,OK,OK
2026-08-29T10:49:55.926257Z,2147,124.4,32,OK,OK,OK
2026-08-29T10:50:01.309137Z,2144,124.4,40,OK,OK,OK
2026-08-29T10:50:06.697476Z,2146,124.4,40,OK,OK,OK
2026-08-29T10:50:12.091629Z,2145,124.4,40,OK,OK,OK
2026-08-29T10:50:17.456037Z,2144,124.4,40,OK,OK,OK
2026-08-29T10:50:22.835600Z,2147,124.4,40,OK,OK,OK
2026-08-29T10:50:28.227767Z,2147,124.4,40,OK,OK,OK
2026-08-29T10:50:33.597178Z,2145,124.4,40,OK,OK,OK
2026-08-29T10:50:38.984540Z,2146,124.5,40,OK,OK,OK
2026-08-29T10:50:44.388355Z,2149,124.4,40,OK,OK,OK
2026-08-29T10:50:49.780109Z,2146,124.4,40,OK,OK,OK
2026-08-29T10:50:55.161794Z,2141,124.4,48,OK,OK,OK
2026-08-29T10:51:00.543289Z,2148,124.4,48,OK,OK,OK
2026-08-29T10:51:05.938984Z,2143,124.4,48,OK,OK,OK
2026-08-29T10:51:11.338064Z,2145,124.4,59,OK,OK,OK
2026-08-29T10:51:16.725725Z,2153,124.4,59,OK,OK,OK
2026-08-29T10:51:22.110357Z,2143,124.4,59,OK,OK,OK
2026-08-29T10:51:27.490632Z,2145,124.4,59,OK,OK,OK
2026-08-29T10:51:32.886256Z,2150,124.4,60,OK,OK,OK
2026-08-29T10:51:38.263217Z,2146,124.4,60,OK,OK,OK
2026-08-29T10:51:43.639240Z,2146,124.5,60,OK,OK,OK
2026-08-29T10:51:49.017924Z,2148,124.5,60,OK,OK,OK
2026-08-29T10:51:54.394781Z,2147,124.5,60,OK,OK,OK
2026-08-29T10:51:59.768059Z,2147,124.5,60,OK,OK,OK
2026-08-29T10:52:05.147021Z,2147,124.5,60,OK,OK,OK
2026-08-29T10:52:10.519911Z,2148,124.5,60,OK,OK,OK
2026-08-29T10:52:15.931901Z,2148,124.5,60,OK,OK,OK
2026-08-29T10:52:21.316039Z,2146,124.5,60,OK,OK,OK
2026-08-29T10:52:26.682193Z,2148,124.5,60,OK,OK,OK
2026-08-29T10:52:32.063951Z,2145,124.5,60,OK,OK,OK
2026-08-29T10:52:37.455194Z,2148,124.5,60,OK,OK,OK
2026-08-29T10:52:42.841636Z,2148,124.5,60,OK,OK,OK
2026-08-29T10:52:48.228823Z,2150,124.4,60,OK,OK,OK
2026-08-29T10:52:53.614666Z,2146,124.4,60,OK,OK,OK
2026-08-29T10:52:59.001133Z,2147,124.4,60,OK,OK,OK
2026-08-29T10:53:04.374393Z,2146,124.4,61,OK,OK,OK
2026-08-29T10:53:09.757899Z,2146,124.4,61,OK,OK,OK
2026-08-29T10:53:15.139633Z,2150,124.4,61,OK,OK,OK
2026-08-29T10:53:20.524270Z,2149,124.4,61,OK,OK,OK
2026-08-29T10:53:25.914237Z,2148,124.5,61,OK,OK,OK
2026-08-29T10:53:31.307850Z,2146,124.4,63,OK,OK,OK
2026-08-29T10:53:36.673853Z,2148,124.5,63,OK,OK,OK
2026-08-29T10:53:42.036477Z,2147,124.6,63,OK,OK,OK
2026-08-29T10:53:47.427211Z,2149,124.5,63,OK,OK,OK
2026-08-29T10:53:52.802113Z,2145,124.5,63,OK,OK,OK
2026-08-29T10:53:58.188673Z,2152,124.5,69,OK,OK,OK
2026-08-29T10:54:03.558239Z,2147,124.6,69,OK,OK,OK
2026-08-29T10:54:08.972061Z,2148,124.5,69,OK,OK,OK
2026-08-29T10:54:14.366568Z,2152,124.4,72,OK,OK,OK
2026-08-29T10:54:19.774245Z,2148,124.5,72,OK,OK,OK
2026-08-29T10:54:25.144966Z,2144,124.5,74,OK,OK,OK
2026-08-29T10:54:30.546287Z,2147,124.5,74,OK,OK,OK
2026-08-29T10:54:35.930997Z,2149,124.5,74,OK,OK,OK
2026-08-29T10:54:41.306370Z,2149,124.6,74,OK,OK,OK
2026-08-29T10:54:46.687494Z,2148,124.6,74,OK,OK,OK
2026-08-29T10:54:52.069332Z,2148,124.6,76,OK,OK,OK
2026-08-29T10:54:57.450076Z,2150,124.6,76,OK,OK,OK
2026-08-29T10:55:02.828453Z,2151,124.5,81,OK,OK,OK
2026-08-29T10:55:08.218402Z,2148,124.5,81,OK,OK,OK
2026-08-29T10:55:13.759882Z,2148,124.6,81,OK,OK,OK
2026-08-29T10:55:19.138870Z,2147,124.5,81,OK,OK,OK
2026-08-29T10:55:24.506072Z,2148,124.5,81,OK,OK,OK
2026-08-29T10:55:29.888544Z,2150,124.6,82,OK,OK,OK
2026-08-29T10:55:35.281843Z,2148,124.6,82,OK,OK,OK
2026-08-29T10:55:40.642457Z,2151,124.5,84,OK,OK,OK
2026-08-29T10:55:46.032284Z,2150,124.6,84,OK,OK,OK
2026-08-29T10:55:51.407730Z,2148,124.6,84,OK,OK,OK
2026-08-29T10:55:56.764487Z,2149,124.6,84,OK,OK,OK
2026-08-29T10:56:02.135333Z,2150,124.6,84,OK,OK,OK
2026-08-29T10:56:07.518436Z,2149,124.5,100,OK,OK,OK
2026-08-29T10:56:12.903630Z,2145,124.5,100,OK,OK,OK
2026-08-29T10:56:18.276926Z,2154,124.6,100,OK,OK,OK
2026-08-29T10:56:23.677943Z,2150,124.6,101,OK,OK,OK
2026-08-29T10:56:29.059165Z,2151,124.6,101,OK,OK,OK
2026-08-29T10:56:34.449739Z,2146,124.6,102,OK,OK,OK
2026-08-29T10:56:39.836793Z,2147,124.5,102,OK,OK,OK
2026-08-29T10:56:45.226381Z,2152,124.6,108,OK,OK,OK
2026-08-29T10:56:50.594281Z,2148,124.6,108,OK,OK,OK
2026-08-29T10:56:55.953147Z,2154,124.6,108,OK,OK,OK
2026-08-29T10:57:01.351226Z,2152,124.6,109,OK,OK,OK
2026-08-29T10:57:06.746938Z,2152,124.6,109,OK,OK,OK
2026-08-29T10:57:12.119965Z,2152,124.6,107,OK,OK,OK
2026-08-29T10:57:17.494763Z,2150,124.6,107,OK,OK,OK
2026-08-29T10:57:22.885762Z,2151,124.6,107,OK,OK,OK
2026-08-29T10:57:28.279531Z,2150,124.6,107,OK,OK,OK
2026-08-29T10:57:33.654889Z,2150,124.6,107,OK,OK,OK
2026-08-29T10:57:39.043152Z,2149,124.6,107,OK,OK,OK
2026-08-29T10:57:44.448375Z,2149,124.7,107,OK,OK,OK
2026-08-29T10:57:49.820609Z,2148,124.6,107,OK,OK,OK
2026-08-29T10:57:55.200103Z,2152,124.6,110,OK,OK,OK
2026-08-29T10:58:00.586393Z,2154,124.6,110,OK,OK,OK
2026-08-29T10:58:05.973818Z,2151,124.7,116,OK,OK,OK
2026-08-29T10:58:11.359489Z,2152,124.6,116,OK,OK,OK
2026-08-29T10:58:16.748383Z,2151,124.6,124,OK,OK,OK
2026-08-29T10:58:22.163901Z,2156,124.7,124,OK,OK,OK
2026-08-29T10:58:27.547218Z,2152,124.6,124,OK,OK,OK
2026-08-29T10:58:32.921667Z,2150,124.7,128,OK,OK,OK
2026-08-29T10:58:38.306179Z,2151,124.7,128,OK,OK,OK
2026-08-29T10:58:43.691809Z,2152,124.7,134,OK,OK,OK
2026-08-29T10:58:49.065792Z,2152,124.7,134,OK,OK,OK
2026-08-29T10:58:54.452298Z,2153,124.6,134,OK,OK,OK
2026-08-29T10:58:59.847366Z,2152,124.6,137,OK,OK,OK
2026-08-29T10:59:05.221805Z,2151,124.7,137,OK,OK,OK
2026-08-29T10:59:10.611841Z,2150,124.6,141,OK,OK,OK
2026-08-29T10:59:15.989379Z,2149,124.6,141,OK,OK,OK
2026-08-29T10:59:21.362939Z,2150,124.6,141,OK,OK,OK
2026-08-29T10:59:26.738649Z,2146,124.6,145,OK,OK,OK
2026-08-29T10:59:32.125107Z,2149,124.6,145,OK,OK,OK
2026-08-29T10:59:37.499375Z,2147,124.7,148,OK,OK,OK
2026-08-29T10:59:42.902569Z,2147,124.6,148,OK,OK,OK
2026-08-29T10:59:48.275486Z,2151,124.6,149,OK,OK,OK
2026-08-29T10:59:53.655939Z,2152,124.6,149,OK,OK,OK
2026-08-29T10:59:59.050894Z,2147,124.6,149,OK,OK,OK
2026-08-29T11:00:04.428352Z,2148,124.6,150,OK,OK,OK
2026-08-29T11:00:09.814988Z,2147,124.6,150,OK,OK,OK
2026-08-29T11:00:15.207030Z,2150,124.6,151,OK,OK,OK
2026-08-29T11:00:20.576684Z,2146,124.6,151,OK,OK,OK
2026-08-29T11:00:25.958525Z,2150,124.6,151,OK,OK,OK
2026-08-29T11:00:31.338249Z,2149,124.6,151,OK,OK,OK
2026-08-29T11:00:36.717767Z,2150,124.7,151,OK,OK,OK
2026-08-29T11:00:42.101421Z,2149,124.7,152,OK,OK,OK
2026-08-29T11:00:47.483573Z,2152,124.6,152,OK,OK,OK
2026-08-29T11:00:52.888361Z,2153,124.6,157,OK,OK,OK
2026-08-29T11:00:58.253264Z,2151,124.7,157,OK,OK,OK
2026-08-29T11:01:03.641145Z,2154,124.7,157,OK,OK,OK
2026-08-29T11:01:09.030670Z,2150,124.6,160,OK,OK,OK
2026-08-29T11:01:14.417278Z,2150,124.7,160,OK,OK,OK
2026-08-29T11:01:19.788472Z,2158,124.7,166,OK,OK,OK
2026-08-29T11:01:25.158369Z,2150,124.7,166,OK,OK,OK
2026-08-29T11:01:30.544795Z,2151,124.7,166,OK,OK,OK
2026-08-29T11:01:35.919896Z,2148,124.6,169,OK,OK,OK
2026-08-29T11:01:41.301265Z,2148,124.6,169,OK,OK,OK
2026-08-29T11:01:46.696210Z,2150,124.7,173,OK,OK,OK
2026-08-29T11:01:52.069347Z,2150,124.6,173,OK,OK,OK
2026-08-29T11:01:57.429550Z,2150,124.6,173,OK,OK,OK
2026-08-29T11:02:02.812802Z,2244,124.6,176,OK,OK,OK
2026-08-29T11:02:08.207075Z,2250,124.7,176,OK,OK,OK
2026-08-29T11:02:13.577382Z,2252,124.6,178,OK,OK,OK
2026-08-29T11:02:18.983153Z,2261,124.6,178,OK,OK,OK
2026-08-29T11:02:24.354395Z,2266,124.7,186,OK,OK,OK
2026-08-29T11:02:29.748712Z,2269,124.8,186,OK,OK,OK
2026-08-29T11:02:35.110525Z,2260,124.7,186,OK,OK,OK
2026-08-29T11:02:40.478881Z,2261,124.7,192,OK,OK,OK
2026-08-29T11:02:45.874932Z,2260,124.7,192,OK,OK,OK
2026-08-29T11:02:51.255887Z,2260,124.7,192,OK,OK,OK
2026-08-29T11:02:56.649248Z,2257,124.7,192,OK,OK,OK
2026-08-29T11:03:02.028512Z,2254,124.7,192,OK,OK,OK
2026-08-29T11:03:07.420484Z,2248,124.6,193,OK,OK,OK
2026-08-29T11:03:12.800788Z,2250,124.6,193,OK,OK,OK
2026-08-29T11:03:18.179630Z,2246,124.6,193,OK,OK,OK
2026-08-29T11:03:23.549617Z,2248,124.6,193,OK,OK,OK
2026-08-29T11:03:28.936706Z,2244,124.6,193,OK,OK,OK
2026-08-29T11:03:34.323226Z,2244,124.7,194,OK,OK,OK
2026-08-29T11:03:39.716583Z,2242,124.7,194,OK,OK,OK
2026-08-29T11:03:45.109038Z,2239,124.7,198,OK,OK,OK
2026-08-29T11:03:50.475395Z,2239,124.7,198,OK,OK,OK
2026-08-29T11:03:55.877012Z,2240,124.7,198,OK,OK,OK
2026-08-29T11:04:01.249560Z,2231,124.7,198,OK,OK,OK
2026-08-29T11:04:06.628644Z,2232,124.7,198,OK,OK,OK
2026-08-29T11:04:12.028599Z,2232,124.6,198,OK,OK,OK
2026-08-29T11:04:17.409158Z,2234,124.6,198,OK,OK,OK
2026-08-29T11:04:22.785855Z,2236,124.6,200,OK,OK,OK
2026-08-29T11:04:28.161014Z,2232,124.6,200,OK,OK,OK
2026-08-29T11:04:33.538744Z,2237,124.6,200,OK,OK,OK
2026-08-29T11:04:38.913605Z,2236,124.6,202,OK,OK,OK
2026-08-29T11:04:44.314671Z,2238,124.6,202,OK,OK,OK
2026-08-29T11:04:49.681675Z,2234,124.6,202,OK,OK,OK
2026-08-29T11:04:55.075215Z,2235,124.4,202,OK,OK,OK
2026-08-29T11:05:00.450791Z,2235,124.5,202,OK,OK,OK
2026-08-29T11:05:05.819018Z,2235,124.5,210,OK,OK,OK
2026-08-29T11:05:11.200606Z,2235,124.4,210,OK,OK,OK
2026-08-29T11:05:16.587036Z,2232,124.5,220,OK,OK,OK
2026-08-29T11:05:21.971807Z,2232,124.5,220,OK,OK,OK
2026-08-29T11:05:27.344261Z,2237,124.6,221,OK,OK,OK
2026-08-29T11:05:32.730873Z,2234,124.5,221,OK,OK,OK
2026-08-29T11:05:38.131614Z,2232,124.5,221,OK,OK,OK
2026-08-29T11:05:43.497860Z,2230,124.5,222,OK,OK,OK
2026-08-29T11:05:48.861223Z,2230,124.6,222,OK,OK,OK
2026-08-29T11:05:54.250139Z,2233,124.6,227,OK,OK,OK
2026-08-29T11:05:59.637098Z,2232,124.6,227,OK,OK,OK
2026-08-29T11:06:05.003589Z,2232,124.5,227,OK,OK,OK
2026-08-29T11:06:10.388543Z,2232,124.6,225,OK,OK,OK
2026-08-29T11:06:15.775053Z,2241,124.6,225,OK,OK,OK
2026-08-29T11:06:21.161690Z,2232,124.6,227,OK,OK,OK
2026-08-29T11:06:26.542464Z,2234,124.6,227,OK,OK,OK
2026-08-29T11:06:31.921371Z,2234,124.6,225,OK,OK,OK
2026-08-29T11:06:37.310106Z,2238,124.6,225,OK,OK,OK
2026-08-29T11:06:42.675650Z,2234,124.6,225,OK,OK,OK
2026-08-29T11:06:48.069218Z,2233,124.6,225,OK,OK,OK
2026-08-29T11:06:53.448757Z,2236,124.6,225,OK,OK,OK
2026-08-29T11:06:58.819250Z,2235,124.6,224,OK,OK,OK
2026-08-29T11:07:04.196111Z,2234,124.6,224,OK,OK,OK
2026-08-29T11:07:09.576236Z,2231,124.5,224,OK,OK,OK
2026-08-29T11:07:14.975947Z,2236,124.6,223,OK,OK,OK
2026-08-29T11:07:20.349498Z,2234,124.6,223,OK,OK,OK
2026-08-29T11:07:25.734260Z,2233,124.6,222,OK,OK,OK
2026-08-29T11:07:31.116223Z,2233,124.6,222,OK,OK,OK
2026-08-29T11:07:36.493450Z,2237,124.6,222,OK,OK,OK
2026-08-29T11:07:41.861197Z,2235,124.6,227,OK,OK,OK
2026-08-29T11:07:47.242754Z,2238,124.6,227,OK,OK,OK
2026-08-29T11:07:52.613138Z,2234,124.6,230,OK,OK,OK
2026-08-29T11:07:58.015666Z,2233,124.6,230,OK,OK,OK
2026-08-29T11:08:03.403066Z,2231,124.6,231,OK,OK,OK
2026-08-29T11:08:08.783591Z,2233,124.5,231,OK,OK,OK
2026-08-29T11:08:14.155153Z,2229,124.5,231,OK,OK,OK
2026-08-29T11:08:19.557629Z,2232,124.5,233,OK,OK,OK
2026-08-29T11:08:24.957194Z,2233,124.6,233,OK,OK,OK
2026-08-29T11:08:30.357862Z,2232,124.6,238,OK,OK,OK
2026-08-29T11:08:35.727860Z,2239,124.6,238,OK,OK,OK
2026-08-29T11:08:41.145778Z,2237,124.6,238,OK,OK,OK
2026-08-29T11:08:46.509927Z,2234,124.6,237,OK,OK,OK
2026-08-29T11:08:51.921732Z,2238,124.6,237,OK,OK,OK
2026-08-29T11:08:57.298893Z,2237,124.6,235,OK,OK,OK
2026-08-29T11:09:02.683753Z,2238,124.6,235,OK,OK,OK
2026-08-29T11:09:08.075879Z,2236,124.6,235,OK,OK,OK
2026-08-29T11:09:13.452465Z,2238,124.6,235,OK,OK,OK
2026-08-29T11:09:18.856429Z,2234,124.6,235,OK,OK,OK
2026-08-29T11:09:24.231119Z,2234,124.5,239,OK,OK,OK
2026-08-29T11:09:29.612562Z,2234,124.5,239,OK,OK,OK
2026-08-29T11:09:35.004177Z,2237,124.6,248,OK,OK,OK
2026-08-29T11:09:40.384618Z,2236,124.5,248,OK,OK,OK
2026-08-29T11:09:45.765517Z,2232,124.6,248,OK,OK,OK
2026-08-29T11:09:51.134334Z,2235,124.6,260,OK,OK,OK
2026-08-29T11:09:56.506662Z,2236,124.5,260,OK,OK,OK
2026-08-29T11:10:01.871380Z,2227,124.6,264,OK,OK,OK
2026-08-29T11:10:07.256709Z,2230,124.6,264,OK,OK,OK
2026-08-29T11:10:12.636067Z,2233,124.6,264,OK,OK,OK
2026-08-29T11:10:18.029027Z,2234,124.6,265,OK,OK,OK
2026-08-29T11:10:23.410106Z,2231,124.5,265,OK,OK,OK
2026-08-29T11:10:28.793070Z,2231,124.5,262,OK,OK,OK
2026-08-29T11:10:34.175946Z,2236,124.6,262,OK,OK,OK
2026-08-29T11:10:39.546411Z,2231,124.5,260,OK,OK,OK
2026-08-29T11:10:44.948856Z,2229,124.6,260,OK,OK,OK
2026-08-29T11:10:50.325222Z,2230,124.6,260,OK,OK,OK
2026-08-29T11:10:55.706057Z,2234,124.6,266,OK,OK,OK
2026-08-29T11:11:01.091702Z,2230,124.6,266,OK,OK,OK
2026-08-29T11:11:06.453244Z,2234,124.6,266,OK,OK,OK
2026-08-29T11:11:11.862741Z,2232,124.6,266,OK,OK,OK
2026-08-29T11:11:17.255006Z,2243,124.6,266,OK,OK,OK
2026-08-29T11:11:22.623500Z,2236,124.6,265,OK,OK,OK
2026-08-29T11:11:28.008327Z,2232,124.6,265,OK,OK,OK
2026-08-29T11:11:33.379793Z,2231,124.6,264,OK,OK,OK
2026-08-29T11:11:38.762876Z,2232,124.6,264,OK,OK,OK
2026-08-29T11:11:44.129740Z,2233,124.6,264,OK,OK,OK
2026-08-29T11:11:49.497624Z,2233,124.6,262,OK,OK,OK
2026-08-29T11:11:54.888379Z,2233,124.6,262,OK,OK,OK
2026-08-29T11:12:00.280298Z,2233,124.5,267,OK,OK,OK
2026-08-29T11:12:05.664119Z,2236,124.5,267,OK,OK,OK
2026-08-29T11:12:11.038667Z,2235,124.5,266,OK,OK,OK
2026-08-29T11:12:16.427580Z,2237,124.5,266,OK,OK,OK
2026-08-29T11:12:21.793657Z,2230,124.5,266,OK,OK,OK
2026-08-29T11:12:27.179282Z,2233,124.5,276,OK,OK,OK
2026-08-29T11:12:32.562414Z,2236,124.6,276,OK,OK,OK
2026-08-29T11:12:37.939268Z,2232,124.5,279,OK,OK,OK
2026-08-29T11:12:43.309808Z,2229,124.5,279,OK,OK,OK
2026-08-29T11:12:48.675680Z,2231,124.5,279,OK,OK,OK
2026-08-29T11:12:54.061188Z,2228,124.5,284,OK,OK,OK
2026-08-29T11:12:59.438231Z,2227,124.5,284,OK,OK,OK
2026-08-29T11:13:04.811045Z,2228,124.4,288,OK,OK,OK
2026-08-29T11:13:10.185558Z,2231,124.6,288,OK,OK,OK
2026-08-29T11:13:15.572955Z,2233,124.6,288,OK,OK,OK
2026-08-29T11:13:20.965243Z,2228,124.6,291,OK,OK,OK
2026-08-29T11:13:26.344228Z,2229,124.6,291,OK,OK,OK
2026-08-29T11:13:31.734157Z,2227,124.6,289,OK,OK,OK
2026-08-29T11:13:37.126436Z,2230,124.6,289,OK,OK,OK
2026-08-29T11:13:42.498412Z,2230,124.6,299,OK,OK,OK
2026-08-29T11:13:47.874123Z,2229,124.6,299,OK,OK,OK
2026-08-29T11:13:53.249198Z,2234,124.6,299,OK,OK,OK
2026-08-29T11:13:58.635740Z,2234,124.6,301,OK,OK,OK
2026-08-29T11:14:04.038118Z,2229,124.6,301,OK,OK,OK
2026-08-29T11:14:09.417667Z,2230,124.5,304,OK,OK,OK
2026-08-29T11:14:14.789354Z,2225,124.6,304,OK,OK,OK
2026-08-29T11:14:20.162667Z,2232,124.5,304,OK,OK,OK
2026-08-29T11:14:25.548177Z,2230,124.5,311,OK,OK,OK
2026-08-29T11:14:30.948004Z,2238,124.5,311,OK,OK,OK
2026-08-29T11:14:36.325522Z,2229,124.5,311,OK,OK,OK
2026-08-29T11:14:41.712858Z,2232,124.6,311,OK,OK,OK
2026-08-29T11:14:47.115296Z,2234,124.5,308,OK,OK,OK
2026-08-29T11:14:52.482223Z,2234,124.5,308,OK,OK,OK
2026-08-29T11:14:57.870819Z,2233,124.5,308,OK,OK,OK
2026-08-29T11:15:03.253687Z,2233,124.6,313,OK,OK,OK
2026-08-29T11:15:08.633488Z,2230,124.5,313,OK,OK,OK
2026-08-29T11:15:14.031204Z,2229,124.5,313,OK,OK,OK
2026-08-29T11:15:19.430283Z,2228,124.5,313,OK,OK,OK
2026-08-29T11:15:24.835929Z,2230,124.6,313,OK,OK,OK
2026-08-29T11:15:30.229014Z,2228,124.6,311,OK,OK,OK
2026-08-29T11:15:35.601667Z,2231,124.5,311,OK,OK,OK
2026-08-29T11:15:40.996386Z,2229,124.6,310,OK,OK,OK
2026-08-29T11:15:46.382187Z,2229,124.6,310,OK,OK,OK
2026-08-29T11:15:51.755582Z,2228,124.6,310,OK,OK,OK
2026-08-29T11:15:57.139894Z,2227,124.5,311,OK,OK,OK
2026-08-29T11:16:02.546987Z,2228,124.6,311,OK,OK,OK
2026-08-29T11:16:07.945185Z,2230,124.6,306,OK,OK,OK
2026-08-29T11:16:13.331413Z,2230,124.5,306,OK,OK,OK
2026-08-29T11:16:18.705320Z,2236,124.6,303,OK,OK,OK
2026-08-29T11:16:24.104481Z,2229,124.5,303,OK,OK,OK
2026-08-29T11:16:29.480770Z,2228,124.5,303,OK,OK,OK
2026-08-29T11:16:34.859066Z,2232,124.6,300,OK,OK,OK
2026-08-29T11:16:40.244787Z,2229,124.6,300,OK,OK,OK
2026-08-29T11:16:45.623514Z,2233,124.5,309,OK,OK,OK
2026-08-29T11:16:51.004351Z,2237,124.6,309,OK,OK,OK
2026-08-29T11:16:56.387603Z,2228,124.5,309,OK,OK,OK
2026-08-29T11:17:01.759362Z,2228,124.5,315,OK,OK,OK
2026-08-29T11:17:07.116699Z,2232,124.6,315,OK,OK,OK
2026-08-29T11:17:12.490902Z,2229,124.6,315,OK,OK,OK
2026-08-29T11:17:17.879636Z,2229,124.6,315,OK,OK,OK
2026-08-29T11:17:23.244941Z,2232,124.6,315,OK,OK,OK
2026-08-29T11:17:28.639862Z,2229,124.6,312,OK,OK,OK
2026-08-29T11:17:34.023813Z,2232,124.6,312,OK,OK,OK
2026-08-29T11:17:39.402750Z,2232,124.6,320,OK,OK,OK
2026-08-29T11:17:44.774220Z,2231,124.6,320,OK,OK,OK
2026-08-29T11:17:50.160711Z,2231,124.6,319,OK,OK,OK
2026-08-29T11:17:55.552976Z,2234,124.6,319,OK,OK,OK
2026-08-29T11:18:00.916024Z,2233,124.6,319,OK,OK,OK
2026-08-29T11:18:06.304248Z,2238,124.6,320,OK,OK,OK
2026-08-29T11:18:11.700500Z,2232,124.6,320,OK,OK,OK
2026-08-29T11:18:17.109152Z,2237,124.6,330,OK,OK,OK
2026-08-29T11:18:22.483164Z,2233,124.6,330,OK,OK,OK
2026-08-29T11:18:27.866296Z,2234,124.6,330,OK,OK,OK
2026-08-29T11:18:33.247370Z,2233,124.6,331,OK,OK,OK
2026-08-29T11:18:38.612114Z,2232,124.6,331,OK,OK,OK
2026-08-29T11:18:43.977766Z,2231,124.6,332,OK,OK,OK
2026-08-29T11:18:49.353085Z,2230,124.6,332,OK,OK,OK
2026-08-29T11:18:54.724256Z,2230,124.6,332,OK,OK,OK
2026-08-29T11:19:00.083148Z,2236,124.6,337,OK,OK,OK
2026-08-29T11:19:05.459701Z,2234,124.6,337,OK,OK,OK
2026-08-29T11:19:10.856976Z,2231,124.6,344,OK,OK,OK
2026-08-29T11:19:16.229479Z,2228,124.6,344,OK,OK,OK
2026-08-29T11:19:21.634167Z,2232,124.6,345,OK,OK,OK
2026-08-29T11:19:27.021071Z,2232,124.6,345,OK,OK,OK
2026-08-29T11:19:32.401856Z,2231,124.6,345,OK,OK,OK
2026-08-29T11:19:37.765406Z,2230,124.6,348,OK,OK,OK
2026-08-29T11:19:43.148217Z,2230,124.6,348,OK,OK,OK
2026-08-29T11:19:48.535619Z,2231,124.6,341,OK,OK,OK
2026-08-29T11:19:53.900972Z,2227,124.6,341,OK,OK,OK
2026-08-29T11:19:59.279282Z,2229,124.6,341,OK,OK,OK
2026-08-29T11:20:04.670040Z,2230,124.6,341,OK,OK,OK
2026-08-29T11:20:10.078593Z,2225,124.5,341,OK,OK,OK
2026-08-29T11:20:15.477318Z,2228,124.6,351,OK,OK,OK
2026-08-29T11:20:20.861643Z,2228,124.6,351,OK,OK,OK
2026-08-29T11:20:26.251759Z,2226,124.5,351,OK,OK,OK
2026-08-29T11:20:31.651294Z,2231,124.5,357,OK,OK,OK
2026-08-29T11:20:37.045856Z,2227,124.5,357,OK,OK,OK
2026-08-29T11:20:42.424401Z,2230,124.5,353,OK,OK,OK
2026-08-29T11:20:47.798245Z,2232,124.5,353,OK,OK,OK
2026-08-29T11:20:53.165506Z,2227,124.4,353,OK,OK,OK
2026-08-29T11:20:58.544782Z,2223,124.4,353,OK,OK,OK
2026-08-29T11:21:03.915264Z,2227,124.5,353,OK,OK,OK
2026-08-29T11:21:09.296024Z,2227,124.5,351,OK,OK,OK
2026-08-29T11:21:14.672267Z,2226,124.5,351,OK,OK,OK
2026-08-29T11:21:20.079487Z,2235,124.5,357,OK,OK,OK
2026-08-29T11:21:25.473741Z,2229,124.5,357,OK,OK,OK
2026-08-29T11:21:30.863883Z,2230,124.6,357,OK,OK,OK
2026-08-29T11:21:36.245086Z,2228,124.6,356,OK,OK,OK
2026-08-29T11:21:41.644727Z,2146,124.5,356,OK,OK,OK
2026-08-29T11:21:47.035148Z,2145,124.5,347,OK,OK,OK
2026-08-29T11:21:52.426003Z,2144,124.5,347,OK,OK,OK
2026-08-29T11:21:57.806893Z,2142,124.5,345,OK,OK,OK
2026-08-29T11:22:03.195758Z,2146,124.6,345,OK,OK,OK
2026-08-29T11:22:08.560458Z,2148,124.5,345,OK,OK,OK
2026-08-29T11:22:14.073643Z,2153,124.5,356,OK,OK,OK
2026-08-29T11:22:19.449694Z,2144,124.6,356,OK,OK,OK
2026-08-29T11:22:24.817253Z,2144,124.5,357,OK,OK,OK
2026-08-29T11:22:30.227313Z,2143,124.6,357,OK,OK,OK
2026-08-29T11:22:35.606474Z,2144,124.6,357,OK,OK,OK
2026-08-29T11:22:41.016260Z,2143,124.6,359,OK,OK,OK
2026-08-29T11:22:46.379663Z,2144,124.6,359,OK,OK,OK
2026-08-29T11:22:51.759698Z,2148,124.5,362,OK,OK,OK
2026-08-29T11:22:57.170979Z,2144,124.6,362,OK,OK,OK
2026-08-29T11:23:02.558018Z,2148,124.6,362,OK,OK,OK
2026-08-29T11:23:07.929625Z,2143,124.6,371,OK,OK,OK
2026-08-29T11:23:13.319860Z,2141,124.1,371,OK,OK,OK
2026-08-29T11:23:18.697577Z,2148,124.7,373,OK,OK,OK
2026-08-29T11:23:24.076147Z,2150,124.7,373,OK,OK,OK
2026-08-29T11:23:29.474828Z,2154,124.7,364,OK,OK,OK
2026-08-29T11:23:34.847463Z,2147,124.7,364,OK,OK,OK
2026-08-29T11:23:40.241697Z,2150,124.6,364,OK,OK,OK
2026-08-29T11:23:45.600105Z,2145,124.6,374,OK,OK,OK
2026-08-29T11:23:50.979117Z,2148,124.6,374,OK,OK,OK
2026-08-29T11:23:56.360457Z,2149,124.6,380,OK,OK,OK
2026-08-29T11:24:01.754850Z,2146,124.6,380,OK,OK,OK
2026-08-29T11:24:07.135058Z,2148,124.6,380,OK,OK,OK
2026-08-29T11:24:12.520605Z,2147,124.6,382,OK,OK,OK
2026-08-29T11:24:17.901296Z,2152,124.6,382,OK,OK,OK
2026-08-29T11:24:23.287953Z,2147,124.6,384,OK,OK,OK
2026-08-29T11:24:28.672304Z,2150,124.6,384,OK,OK,OK
2026-08-29T11:24:34.051925Z,2148,124.6,393,OK,OK,OK
2026-08-29T11:24:39.431474Z,2151,124.6,393,OK,OK,OK
2026-08-29T11:24:44.803556Z,2148,124.6,393,OK,OK,OK
2026-08-29T11:24:50.188622Z,2146,124.6,391,OK,OK,OK
2026-08-29T11:24:55.585849Z,2150,124.6,391,OK,OK,OK
2026-08-29T11:25:00.983122Z,2151,124.6,398,OK,OK,OK
2026-08-29T11:25:06.366380Z,2152,124.6,398,OK,OK,OK
2026-08-29T11:25:11.743564Z,2145,124.5,398,OK,OK,OK
2026-08-29T11:25:17.127507Z,2146,124.5,397,OK,OK,OK
2026-08-29T11:25:22.513527Z,2144,124.5,397,OK,OK,OK
2026-08-29T11:25:27.918411Z,2146,124.6,384,OK,OK,OK
2026-08-29T11:25:33.295796Z,2154,124.5,384,OK,OK,OK
2026-08-29T11:25:38.666089Z,2146,124.5,384,OK,OK,OK
2026-08-29T11:25:44.060980Z,2145,124.5,394,OK,OK,OK
2026-08-29T11:25:49.454558Z,2146,124.5,394,OK,OK,OK
2026-08-29T11:25:54.821625Z,2144,124.5,400,OK,OK,OK
2026-08-29T11:26:00.229466Z,2147,124.5,400,OK,OK,OK
2026-08-29T11:26:05.622735Z,2155,124.4,397,OK,OK,OK
2026-08-29T11:26:10.988109Z,2146,124.4,397,OK,OK,OK
2026-08-29T11:26:16.356366Z,2151,124.4,397,OK,OK,OK
2026-08-29T11:26:21.752731Z,2148,124.4,393,OK,OK,OK
2026-08-29T11:26:27.129464Z,2148,124.4,393,OK,OK,OK
2026-08-29T11:26:32.509568Z,2148,124.4,390,OK,OK,OK
2026-08-29T11:26:37.881058Z,2150,124.4,390,OK,OK,OK
2026-08-29T11:26:43.265503Z,2146,124.4,390,OK,OK,OK
2026-08-29T11:26:48.669926Z,2148,124.4,396,OK,OK,OK
2026-08-29T11:26:54.040439Z,2145,124.4,396,OK,OK,OK
2026-08-29T11:26:59.428657Z,2144,124.4,397,OK,OK,OK
2026-08-29T11:27:04.813507Z,2149,124.4,397,OK,OK,OK
2026-08-29T11:27:10.182109Z,2144,124.4,407,OK,OK,OK
2026-08-29T11:27:15.593336Z,2145,124.4,407,OK,OK,OK
2026-08-29T11:27:20.986942Z,2148,124.4,407,OK,OK,OK
2026-08-29T11:27:26.378602Z,2146,124.4,404,OK,OK,OK
2026-08-29T11:27:31.739013Z,2148,124.4,404,OK,OK,OK
2026-08-29T11:27:37.116476Z,2144,124.4,402,OK,OK,OK
2026-08-29T11:27:42.492535Z,2146,124.4,402,OK,OK,OK
2026-08-29T11:27:47.857396Z,2145,124.4,402,OK,OK,OK
2026-08-29T11:27:53.242675Z,2147,124.4,409,OK,OK,OK
2026-08-29T11:27:58.628507Z,2145,124.4,409,OK,OK,OK
2026-08-29T11:28:04.001072Z,2150,124.4,406,OK,OK,OK
2026-08-29T11:28:09.382518Z,2142,124.3,406,OK,OK,OK
2026-08-29T11:28:14.769863Z,2142,124.4,406,OK,OK,OK
2026-08-29T11:28:20.143274Z,2148,124.4,402,OK,OK,OK
2026-08-29T11:28:25.533464Z,2144,124.4,402,OK,OK,OK
2026-08-29T11:28:30.939505Z,2146,124.4,415,OK,OK,OK
2026-08-29T11:28:36.320474Z,2140,124.4,415,OK,OK,OK
2026-08-29T11:28:41.707844Z,2142,124.3,415,OK,OK,OK
2026-08-29T11:28:47.081658Z,2142,124.3,414,OK,OK,OK
2026-08-29T11:28:52.463590Z,2144,124.3,414,OK,OK,OK
2026-08-29T11:28:57.834136Z,2144,124.4,424,OK,OK,OK
2026-08-29T11:29:03.204856Z,2144,124.4,424,OK,OK,OK
2026-08-29T11:29:08.600350Z,2146,124.4,420,OK,OK,OK
2026-08-29T11:29:14.001501Z,2142,124.4,420,OK,OK,OK
2026-08-29T11:29:19.412377Z,2141,124.4,420,OK,OK,OK
2026-08-29T11:29:24.788483Z,2143,124.4,425,OK,OK,OK
2026-08-29T11:29:30.172691Z,2148,124.4,425,OK,OK,OK
2026-08-29T11:29:35.559141Z,2144,124.4,428,OK,OK,OK
2026-08-29T11:29:40.922386Z,2140,124.4,428,OK,OK,OK
2026-08-29T11:29:46.320963Z,2143,124.4,428,OK,OK,OK
2026-08-29T11:29:51.701326Z,2139,124.5,427,OK,OK,OK
2026-08-29T11:29:57.101834Z,2140,124.4,427,OK,OK,OK
2026-08-29T11:30:02.465233Z,2141,124.3,418,OK,OK,OK
2026-08-29T11:30:07.895618Z,2140,124.3,418,OK,OK,OK
2026-08-29T11:30:13.309353Z,2143,124.3,416,OK,OK,OK
2026-08-29T11:30:18.679902Z,2139,124.3,416,OK,OK,OK
2026-08-29T11:30:24.061303Z,2140,124.3,416,OK,OK,OK
2026-08-29T11:30:29.464025Z,2140,124.3,433,OK,OK,OK
2026-08-29T11:30:34.874175Z,2145,124.4,433,OK,OK,OK
2026-08-29T11:30:40.237448Z,2142,124.3,441,OK,OK,OK
2026-08-29T11:30:45.628640Z,2142,124.3,441,OK,OK,OK
2026-08-29T11:30:51.015229Z,2140,124.3,441,OK,OK,OK
2026-08-29T11:30:56.397142Z,2142,124.3,439,OK,OK,OK
2026-08-29T11:31:01.803697Z,2138,124.3,439,OK,OK,OK
2026-08-29T11:31:07.211054Z,2140,124.3,430,OK,OK,OK
2026-08-29T11:31:12.597655Z,2144,124.3,430,OK,OK,OK
2026-08-29T11:31:17.984210Z,2152,124.3,430,OK,OK,OK
2026-08-29T11:31:23.356119Z,2141,124.3,426,OK,OK,OK
2026-08-29T11:31:28.741448Z,2142,124.3,426,OK,OK,OK
2026-08-29T11:31:34.125794Z,2139,124.3,437,OK,OK,OK
2026-08-29T11:31:39.493809Z,2144,124.2,437,OK,OK,OK
2026-08-29T11:31:44.867394Z,2139,124.3,442,OK,OK,OK
2026-08-29T11:31:50.274380Z,2141,124.3,442,OK,OK,OK
2026-08-29T11:31:55.632247Z,2142,124.3,442,OK,OK,OK
2026-08-29T11:32:01.012269Z,2142,124.3,445,OK,OK,OK
2026-08-29T11:32:06.389697Z,2139,124.3,445,OK,OK,OK
2026-08-29T11:32:11.783856Z,2140,124.3,444,OK,OK,OK
2026-08-29T11:32:17.150858Z,2141,124.3,444,OK,OK,OK
2026-08-29T11:32:22.536320Z,2137,124.3,444,OK,OK,OK
2026-08-29T11:32:27.923526Z,2139,124.3,439,OK,OK,OK
2026-08-29T11:32:33.299398Z,2138,124.2,439,OK,OK,OK
2026-08-29T11:32:38.685993Z,2138,124.3,446,OK,OK,OK
2026-08-29T11:32:44.082534Z,2139,124.3,446,OK,OK,OK
2026-08-29T11:32:49.477548Z,2137,124.1,446,OK,OK,OK
2026-08-29T11:32:54.858344Z,2145,124.1,446,OK,OK,OK
2026-08-29T11:33:00.255777Z,2140,124.1,446,OK,OK,OK
2026-08-29T11:33:05.634484Z,2138,124.1,454,OK,OK,OK
2026-08-29T11:33:11.004934Z,2140,124.1,454,OK,OK,OK
2026-08-29T11:33:16.393520Z,2138,124.1,449,OK,OK,OK
2026-08-29T11:33:21.809168Z,2138,124.1,449,OK,OK,OK
2026-08-29T11:33:27.192222Z,2138,124.1,449,OK,OK,OK
2026-08-29T11:33:32.547321Z,2140,124.1,452,OK,OK,OK
2026-08-29T11:33:37.943035Z,2136,124.1,452,OK,OK,OK
2026-08-29T11:33:43.327260Z,2137,124.1,464,OK,OK,OK
2026-08-29T11:33:48.686231Z,2136,124.1,464,OK,OK,OK
2026-08-29T11:33:54.064932Z,2140,124.1,464,OK,OK,OK
2026-08-29T11:33:59.451344Z,2140,124.1,459,OK,OK,OK
2026-08-29T11:34:04.837968Z,2139,124.1,459,OK,OK,OK
2026-08-29T11:34:10.208473Z,2139,124.1,469,OK,OK,OK
2026-08-29T11:34:15.581430Z,2138,124.1,469,OK,OK,OK
2026-08-29T11:34:20.981407Z,2142,124.1,469,OK,OK,OK
2026-08-29T11:34:26.357306Z,2136,124.1,463,OK,OK,OK
2026-08-29T11:34:31.732696Z,2139,124.3,463,OK,OK,OK
2026-08-29T11:34:37.123517Z,2140,124.2,472,OK,OK,OK
2026-08-29T11:34:42.508688Z,2140,124.2,472,OK,OK,OK
2026-08-29T11:34:47.882022Z,2142,124.2,469,OK,OK,OK
2026-08-29T11:34:53.276128Z,2138,124.2,469,OK,OK,OK
2026-08-29T11:34:58.669341Z,2276,124.2,469,OK,OK,OK
2026-08-29T11:35:04.039831Z,2268,124.3,464,OK,OK,OK
2026-08-29T11:35:09.424600Z,2266,124.3,464,OK,OK,OK
2026-08-29T11:35:14.832212Z,2267,124.3,476,OK,OK,OK
2026-08-29T11:35:20.252405Z,2266,124.2,476,OK,OK,OK
2026-08-29T11:35:25.641357Z,2268,124.2,476,OK,OK,OK
2026-08-29T11:35:31.025665Z,2267,124.3,475,OK,OK,OK
2026-08-29T11:35:36.405102Z,2266,124.3,475,OK,OK,OK
2026-08-29T11:35:41.790917Z,2264,124.2,483,OK,OK,OK
2026-08-29T11:35:47.181456Z,2267,124.3,483,OK,OK,OK
2026-08-29T11:35:52.567174Z,2266,124.3,472,OK,OK,OK
2026-08-29T11:35:57.938429Z,2265,124.3,472,OK,OK,OK
2026-08-29T11:36:03.308308Z,2265,124.3,472,OK,OK,OK
2026-08-29T11:36:08.704008Z,2265,124.3,470,OK,OK,OK
2026-08-29T11:36:14.079499Z,2264,124.3,470,OK,OK,OK
2026-08-29T11:36:19.451821Z,2153,124.3,480,OK,OK,OK
2026-08-29T11:36:24.827191Z,2152,124.2,480,OK,OK,OK
2026-08-29T11:36:30.212805Z,2150,124.3,482,OK,OK,OK
2026-08-29T11:36:35.607123Z,2152,124.2,482,OK,OK,OK
2026-08-29T11:36:40.979062Z,664,124.6,482,OK,OK,OK
2026-08-29T11:36:46.389160Z,668,124.6,490,OK,OK,OK
2026-08-29T11:36:51.790644Z,663,124.6,490,OK,OK,OK
2026-08-29T11:36:57.169755Z,663,124.6,490,OK,OK,OK
2026-08-29T11:37:02.544944Z,664,124.6,490,OK,OK,OK
2026-08-29T11:37:07.923790Z,666,124.5,490,OK,OK,OK
2026-08-29T11:37:13.343257Z,662,124.7,482,OK,OK,OK
2026-08-29T11:37:18.703456Z,663,124.6,482,OK,OK,OK
2026-08-29T11:37:24.093772Z,663,124.7,482,OK,OK,OK
2026-08-29T11:37:29.496264Z,662,124.6,482,OK,OK,OK
2026-08-29T11:37:34.867394Z,662,124.6,489,OK,OK,OK
2026-08-29T11:37:40.247663Z,662,124.6,489,OK,OK,OK
2026-08-29T11:37:45.623633Z,664,124.6,489,OK,OK,OK
2026-08-29T11:37:51.019066Z,663,124.6,487,OK,OK,OK
2026-08-29T11:37:56.396556Z,663,124.6,487,OK,OK,OK
2026-08-29T11:38:01.774316Z,664,124.6,474,OK,OK,OK
2026-08-29T11:38:07.161709Z,665,124.6,474,OK,OK,OK
2026-08-29T11:38:12.534807Z,664,124.6,474,OK,OK,OK
2026-08-29T11:38:17.913554Z,664,124.7,489,OK,OK,OK
2026-08-29T11:38:23.307537Z,665,124.6,489,OK,OK,OK
2026-08-29T11:38:28.703722Z,665,124.6,489,OK,OK,OK
2026-08-29T11:38:34.074658Z,665,124.6,489,OK,OK,OK
2026-08-29T11:38:39.459586Z,665,124.6,72,OK,OK,OK
2026-08-29T11:38:44.852786Z,665,124.6,72,OK,OK,OK
2026-08-29T11:38:50.220855Z,665,124.6,72,OK,OK,OK
2026-08-29T11:38:55.597047Z,0,,192,DEGRADED,OFFLINE,OK
2026-08-29T11:39:00.979702Z,0,,192,DEGRADED,OFFLINE,OK
2026-08-29T11:39:06.368235Z,662,124.7,496,OK,OK,OK
2026-08-29T11:39:11.737899Z,655,124.7,496,OK,OK,OK
2026-08-29T11:39:17.142386Z,653,124.6,496,OK,OK,OK
2026-08-29T11:39:22.533281Z,654,124.6,494,OK,OK,OK
2026-08-29T11:39:27.902229Z,652,124.7,494,OK,OK,OK
2026-08-29T11:39:33.288076Z,651,124.7,502,OK,OK,OK
2026-08-29T11:39:38.682586Z,656,124.6,502,OK,OK,OK
2026-08-29T11:39:44.060806Z,652,124.6,502,OK,OK,OK
2026-08-29T11:39:49.453029Z,653,124.6,499,OK,OK,OK
2026-08-29T11:39:54.824711Z,744,124.7,499,OK,OK,OK
2026-08-29T11:40:00.210042Z,752,124.7,508,OK,OK,OK
2026-08-29T11:40:05.611826Z,764,124.7,508,OK,OK,OK
2026-08-29T11:40:10.979504Z,768,124.6,509,OK,OK,OK
2026-08-29T11:40:16.353996Z,770,124.6,509,OK,OK,OK
2026-08-29T11:40:21.725373Z,761,124.6,509,OK,OK,OK
2026-08-29T11:40:27.088846Z,763,124.6,508,OK,OK,OK
2026-08-29T11:40:32.459884Z,763,124.6,508,OK,OK,OK
2026-08-29T11:40:37.845380Z,758,124.6,505,OK,OK,OK
2026-08-29T11:40:43.231125Z,759,124.6,505,OK,OK,OK
2026-08-29T11:40:48.605282Z,758,124.7,505,OK,OK,OK
2026-08-29T11:40:53.997872Z,757,124.7,502,OK,OK,OK
2026-08-29T11:40:59.398630Z,753,124.7,502,OK,OK,OK
2026-08-29T11:41:04.763092Z,753,124.7,509,OK,OK,OK
2026-08-29T11:41:10.165534Z,750,124.8,509,OK,OK,OK
2026-08-29T11:41:15.564238Z,752,124.8,509,OK,OK,OK
2026-08-29T11:41:20.960528Z,750,124.7,520,OK,OK,OK
2026-08-29T11:41:26.324945Z,750,124.8,520,OK,OK,OK
2026-08-29T11:41:31.695440Z,745,124.7,513,OK,OK,OK
2026-08-29T11:41:37.068387Z,744,124.8,513,OK,OK,OK
2026-08-29T11:41:42.448849Z,744,124.7,514,OK,OK,OK
2026-08-29T11:41:47.828630Z,742,124.7,514,OK,OK,OK
2026-08-29T11:41:53.223935Z,744,124.7,514,OK,OK,OK
2026-08-29T11:41:58.616713Z,738,124.8,501,OK,OK,OK
2026-08-29T11:42:04.008464Z,741,124.7,501,OK,OK,OK
2026-08-29T11:42:09.414825Z,739,124.8,504,OK,OK,OK
2026-08-29T11:42:14.825572Z,739,124.7,504,OK,OK,OK
2026-08-29T11:42:20.201783Z,737,124.7,504,OK,OK,OK
2026-08-29T11:42:25.580963Z,738,124.7,530,OK,OK,OK
2026-08-29T11:42:30.962396Z,744,124.7,530,OK,OK,OK
2026-08-29T11:42:36.338063Z,739,124.7,529,OK,OK,OK
2026-08-29T11:42:41.732488Z,739,124.7,529,OK,OK,OK
2026-08-29T11:42:47.121927Z,741,124.7,529,OK,OK,OK
2026-08-29T11:42:52.508417Z,738,124.7,525,OK,OK,OK
2026-08-29T11:42:57.890249Z,738,124.7,525,OK,OK,OK
2026-08-29T11:43:03.288957Z,738,124.7,534,OK,OK,OK
2026-08-29T11:43:08.681958Z,738,124.7,534,OK,OK,OK
2026-08-29T11:43:14.071129Z,742,124.7,528,OK,OK,OK
2026-08-29T11:43:19.451734Z,742,124.7,528,OK,OK,OK
2026-08-29T11:43:24.827494Z,740,124.8,528,OK,OK,OK
2026-08-29T11:43:30.222205Z,738,124.7,537,OK,OK,OK
2026-08-29T11:43:35.607770Z,738,124.7,537,OK,OK,OK
2026-08-29T11:43:40.994348Z,736,124.7,535,OK,OK,OK
2026-08-29T11:43:46.387710Z,738,124.6,535,OK,OK,OK
2026-08-29T11:43:51.766404Z,738,124.7,535,OK,OK,OK
2026-08-29T11:43:57.128772Z,737,124.8,520,OK,OK,OK
2026-08-29T11:44:02.529931Z,736,124.8,520,OK,OK,OK
2026-08-29T11:44:07.950904Z,741,124.7,532,OK,OK,OK
2026-08-29T11:44:13.314042Z,739,124.7,532,OK,OK,OK
2026-08-29T11:44:18.703170Z,741,124.8,532,OK,OK,OK
2026-08-29T11:44:24.078347Z,741,124.7,532,OK,OK,OK
2026-08-29T11:44:29.460469Z,738,124.7,532,OK,OK,OK
2026-08-29T11:44:34.841265Z,735,124.7,545,OK,OK,OK
2026-08-29T11:44:40.205064Z,739,124.7,545,OK,OK,OK
2026-08-29T11:44:45.584999Z,738,124.7,528,OK,OK,OK
2026-08-29T11:44:50.957445Z,742,124.7,528,OK,OK,OK
2026-08-29T11:44:56.333331Z,741,124.8,528,OK,OK,OK
2026-08-29T11:45:01.719806Z,739,124.8,530,OK,OK,OK
2026-08-29T11:45:07.090387Z,740,124.8,530,OK,OK,OK
2026-08-29T11:45:12.460763Z,740,124.8,547,OK,OK,OK
2026-08-29T11:45:17.863155Z,741,124.8,547,OK,OK,OK
2026-08-29T11:45:23.281626Z,743,124.8,547,OK,OK,OK
2026-08-29T11:45:28.645069Z,743,124.8,550,OK,OK,OK
2026-08-29T11:45:34.031640Z,744,124.8,550,OK,OK,OK
2026-08-29T11:45:39.404728Z,740,124.8,545,OK,OK,OK
2026-08-29T11:45:44.773298Z,738,124.8,545,OK,OK,OK
2026-08-29T11:45:50.142584Z,743,124.8,546,OK,OK,OK
2026-08-29T11:45:55.525445Z,738,124.8,546,OK,OK,OK
2026-08-29T11:46:00.916213Z,742,124.8,546,OK,OK,OK
2026-08-29T11:46:06.302700Z,742,124.8,539,OK,OK,OK
2026-08-29T11:46:11.685757Z,742,124.8,539,OK,OK,OK
2026-08-29T11:46:17.082988Z,753,124.8,551,OK,OK,OK
2026-08-29T11:46:22.451208Z,742,124.8,551,OK,OK,OK
2026-08-29T11:46:27.847594Z,741,124.8,551,OK,OK,OK
2026-08-29T11:46:33.244547Z,742,124.8,561,OK,OK,OK
2026-08-29T11:46:38.620647Z,740,124.7,561,OK,OK,OK
2026-08-29T11:46:44.046176Z,746,124.8,557,OK,OK,OK
2026-08-29T11:46:49.431246Z,746,124.8,557,OK,OK,OK
2026-08-29T11:46:54.813492Z,746,124.8,557,OK,OK,OK
2026-08-29T11:47:00.195038Z,744,124.8,545,OK,OK,OK
2026-08-29T11:47:05.579742Z,742,124.8,545,OK,OK,OK
2026-08-29T11:47:10.956520Z,744,124.8,542,OK,OK,OK
2026-08-29T11:47:16.321265Z,743,124.8,542,OK,OK,OK
2026-08-29T11:47:21.697495Z,741,124.8,557,OK,OK,OK
2026-08-29T11:47:27.083757Z,743,124.7,557,OK,OK,OK
2026-08-29T11:47:32.473006Z,739,124.8,557,OK,OK,OK
2026-08-29T11:47:37.849003Z,742,124.8,567,OK,OK,OK
2026-08-29T11:47:43.216919Z,745,124.8,567,OK,OK,OK
2026-08-29T11:47:48.603420Z,744,124.8,553,OK,OK,OK
2026-08-29T11:47:53.987566Z,740,124.8,553,OK,OK,OK
2026-08-29T11:47:59.355116Z,740,124.8,553,OK,OK,OK
2026-08-29T11:48:04.764229Z,740,124.8,563,OK,OK,OK
2026-08-29T11:48:10.160728Z,741,124.8,563,OK,OK,OK
2026-08-29T11:48:15.533266Z,742,124.8,562,OK,OK,OK
2026-08-29T11:48:20.914189Z,738,124.8,562,OK,OK,OK
2026-08-29T11:48:26.294165Z,742,124.8,562,OK,OK,OK
2026-08-29T11:48:31.677249Z,742,124.8,559,OK,OK,OK
2026-08-29T11:48:37.060397Z,739,124.8,559,OK,OK,OK
2026-08-29T11:48:42.456389Z,739,124.8,567,OK,OK,OK
2026-08-29T11:48:47.843522Z,739,124.8,567,OK,OK,OK
2026-08-29T11:48:53.226920Z,742,124.8,561,OK,OK,OK
2026-08-29T11:48:58.597034Z,740,124.8,561,OK,OK,OK
2026-08-29T11:49:03.999433Z,740,124.8,561,OK,OK,OK
2026-08-29T11:49:09.382054Z,740,124.7,572,OK,OK,OK
2026-08-29T11:49:14.754992Z,739,124.7,572,OK,OK,OK
2026-08-29T11:49:20.115185Z,738,124.7,567,OK,OK,OK
2026-08-29T11:49:25.497691Z,741,124.7,567,OK,OK,OK
2026-08-29T11:49:30.873300Z,741,124.7,567,OK,OK,OK
2026-08-29T11:49:36.236142Z,741,124.7,572,OK,OK,OK
2026-08-29T11:49:41.619161Z,742,124.9,572,OK,OK,OK
2026-08-29T11:49:47.007672Z,742,124.8,570,OK,OK,OK
2026-08-29T11:49:52.394144Z,741,124.8,570,OK,OK,OK
2026-08-29T11:49:57.753269Z,744,124.8,570,OK,OK,OK
2026-08-29T11:50:03.135086Z,740,124.8,583,OK,OK,OK
2026-08-29T11:50:08.521707Z,739,124.7,583,OK,OK,OK
2026-08-29T11:50:13.908149Z,739,124.8,580,OK,OK,OK
2026-08-29T11:50:19.283664Z,742,124.8,580,OK,OK,OK
2026-08-29T11:50:24.665120Z,740,124.8,569,OK,OK,OK
2026-08-29T11:50:30.045365Z,738,124.8,569,OK,OK,OK
2026-08-29T11:50:35.415356Z,734,124.8,569,OK,OK,OK
2026-08-29T11:50:40.796327Z,737,124.8,564,OK,OK,OK
2026-08-29T11:50:46.166161Z,740,124.8,564,OK,OK,OK
2026-08-29T11:50:51.533590Z,740,124.8,580,OK,OK,OK
2026-08-29T11:50:56.952175Z,736,124.8,580,OK,OK,OK
2026-08-29T11:51:02.338518Z,737,124.8,580,OK,OK,OK
2026-08-29T11:51:07.725153Z,736,124.8,578,OK,OK,OK
2026-08-29T11:51:13.112001Z,737,124.8,578,OK,OK,OK
2026-08-29T11:51:18.497265Z,744,124.8,576,OK,OK,OK
2026-08-29T11:51:23.872035Z,738,124.8,576,OK,OK,OK
2026-08-29T11:51:29.273161Z,737,124.8,576,OK,OK,OK
2026-08-29T11:51:34.647433Z,736,124.8,586,OK,OK,OK
2026-08-29T11:51:40.027875Z,738,124.8,586,OK,OK,OK
2026-08-29T11:51:45.414408Z,736,124.8,586,OK,OK,OK
2026-08-29T11:51:50.800799Z,738,124.8,586,OK,OK,OK
2026-08-29T11:51:56.171238Z,737,124.8,596,OK,OK,OK
2026-08-29T11:52:01.535461Z,737,124.8,596,OK,OK,OK
2026-08-29T11:52:06.898848Z,738,124.8,596,OK,OK,OK
2026-08-29T11:52:12.297291Z,736,124.8,591,OK,OK,OK
2026-08-29T11:52:17.703091Z,736,124.8,591,OK,OK,OK
2026-08-29T11:52:23.083888Z,736,124.8,583,OK,OK,OK
2026-08-29T11:52:28.454277Z,736,124.8,583,OK,OK,OK
2026-08-29T11:52:33.833995Z,738,124.8,583,OK,OK,OK
2026-08-29T11:52:39.216244Z,739,124.8,593,OK,OK,OK
2026-08-29T11:52:44.586659Z,737,124.7,593,OK,OK,OK
2026-08-29T11:52:49.972405Z,736,124.7,587,OK,OK,OK
2026-08-29T11:52:55.344453Z,738,124.8,587,OK,OK,OK
2026-08-29T11:53:00.721985Z,740,124.8,590,OK,OK,OK
2026-08-29T11:53:06.120011Z,741,124.8,590,OK,OK,OK
2026-08-29T11:53:11.490411Z,739,124.9,590,OK,OK,OK
2026-08-29T11:53:16.868007Z,739,124.9,590,OK,OK,OK
2026-08-29T11:53:22.251829Z,737,124.9,590,OK,OK,OK
2026-08-29T11:53:27.624495Z,737,124.9,600,OK,OK,OK
2026-08-29T11:53:32.994679Z,736,124.9,600,OK,OK,OK
2026-08-29T11:53:38.381263Z,736,124.9,600,OK,OK,OK
2026-08-29T11:53:43.750508Z,736,124.8,591,OK,OK,OK
2026-08-29T11:53:49.166816Z,736,124.8,591,OK,OK,OK
2026-08-29T11:53:54.561158Z,739,124.8,586,OK,OK,OK
2026-08-29T11:53:59.937999Z,739,124.8,586,OK,OK,OK
2026-08-29T11:54:05.324157Z,741,124.8,586,OK,OK,OK
2026-08-29T11:54:10.702177Z,738,124.8,597,OK,OK,OK
2026-08-29T11:54:16.079169Z,735,124.8,597,OK,OK,OK
2026-08-29T11:54:21.478370Z,737,124.8,605,OK,OK,OK
2026-08-29T11:54:26.859148Z,737,124.8,605,OK,OK,OK
2026-08-29T11:54:32.244262Z,736,124.8,586,OK,OK,OK
2026-08-29T11:54:37.615156Z,737,124.7,586,OK,OK,OK
2026-08-29T11:54:42.986563Z,736,124.7,586,OK,OK,OK
2026-08-29T11:54:48.373088Z,734,124.8,600,OK,OK,OK
2026-08-29T11:54:53.775387Z,737,124.8,600,OK,OK,OK
2026-08-29T11:54:59.147568Z,736,124.8,612,OK,OK,OK
2026-08-29T11:55:04.528521Z,737,124.8,612,OK,OK,OK
2026-08-29T11:55:09.902867Z,738,124.7,612,OK,OK,OK
2026-08-29T11:55:15.269957Z,738,124.7,607,OK,OK,OK
2026-08-29T11:55:20.652803Z,738,124.7,607,OK,OK,OK
2026-08-29T11:55:26.049130Z,739,124.7,595,OK,OK,OK
2026-08-29T11:55:31.433292Z,738,124.7,595,OK,OK,OK
2026-08-29T11:55:36.800202Z,736,124.6,595,OK,OK,OK
2026-08-29T11:55:42.201247Z,735,124.7,606,OK,OK,OK
2026-08-29T11:55:47.589893Z,737,124.7,606,OK,OK,OK
2026-08-29T11:55:52.958636Z,736,124.8,604,OK,OK,OK
2026-08-29T11:55:58.349293Z,738,124.8,604,OK,OK,OK
2026-08-29T11:56:03.737846Z,739,124.7,614,OK,OK,OK
2026-08-29T11:56:09.120550Z,736,124.7,614,OK,OK,OK
2026-08-29T11:56:14.494476Z,734,124.7,614,OK,OK,OK
2026-08-29T11:56:19.874412Z,742,124.7,607,OK,OK,OK
2026-08-29T11:56:25.258971Z,735,124.8,607,OK,OK,OK
2026-08-29T11:56:30.638104Z,734,124.8,595,OK,OK,OK
2026-08-29T11:56:36.032784Z,734,124.8,595,OK,OK,OK
2026-08-29T11:56:41.436635Z,737,124.8,595,OK,OK,OK
2026-08-29T11:56:46.833442Z,738,124.8,610,OK,OK,OK
2026-08-29T11:56:52.202849Z,735,124.7,610,OK,OK,OK
2026-08-29T11:56:57.583324Z,736,124.8,610,OK,OK,OK
2026-08-29T11:57:02.973071Z,737,124.8,610,OK,OK,OK
2026-08-29T11:57:08.344952Z,734,124.7,618,OK,OK,OK
2026-08-29T11:57:13.767919Z,734,124.7,618,OK,OK,OK
2026-08-29T11:57:19.138575Z,736,124.7,618,OK,OK,OK
2026-08-29T11:57:24.524811Z,735,124.8,606,OK,OK,OK
2026-08-29T11:57:29.895255Z,735,124.7,606,OK,OK,OK
2026-08-29T11:57:35.287550Z,733,124.7,600,OK,OK,OK
2026-08-29T11:57:40.663706Z,735,124.6,600,OK,OK,OK
2026-08-29T11:57:46.027780Z,734,124.6,600,OK,OK,OK
2026-08-29T11:57:51.407010Z,736,124.6,615,OK,OK,OK
2026-08-29T11:57:56.789600Z,736,124.6,615,OK,OK,OK
2026-08-29T11:58:02.171507Z,734,124.6,624,OK,OK,OK
2026-08-29T11:58:07.543854Z,734,124.6,624,OK,OK,OK
2026-08-29T11:58:12.930295Z,739,124.7,624,OK,OK,OK
2026-08-29T11:58:18.332813Z,734,124.7,611,OK,OK,OK
2026-08-29T11:58:23.703300Z,734,124.7,611,OK,OK,OK
2026-08-29T11:58:29.094183Z,653,124.7,620,OK,OK,OK
2026-08-29T11:58:34.494407Z,653,124.6,620,OK,OK,OK
2026-08-29T11:58:39.893188Z,654,124.6,619,OK,OK,OK
2026-08-29T11:58:45.254384Z,650,124.6,619,OK,OK,OK
2026-08-29T11:58:50.633672Z,653,124.6,619,OK,OK,OK
2026-08-29T11:58:56.013060Z,655,124.6,629,OK,OK,OK
2026-08-29T11:59:01.404012Z,651,124.6,629,OK,OK,OK
2026-08-29T11:59:06.792604Z,652,124.6,632,OK,OK,OK
2026-08-29T11:59:12.179940Z,651,124.6,632,OK,OK,OK
2026-08-29T11:59:17.556073Z,655,124.6,632,OK,OK,OK
2026-08-29T11:59:22.943244Z,655,124.6,615,OK,OK,OK
2026-08-29T11:59:28.355424Z,652,124.6,615,OK,OK,OK
2026-08-29T11:59:33.726090Z,654,124.6,629,OK,OK,OK
2026-08-29T11:59:39.112560Z,651,124.6,629,OK,OK,OK
2026-08-29T11:59:44.482212Z,652,124.6,628,OK,OK,OK
2026-08-29T11:59:49.863318Z,651,124.6,628,OK,OK,OK
2026-08-29T11:59:55.258317Z,654,124.6,628,OK,OK,OK
2026-08-29T12:00:00.640990Z,650,124.6,637,OK,OK,OK
2026-08-29T12:00:06.037948Z,652,124.6,637,OK,OK,OK
2026-08-29T12:00:11.411990Z,652,124.6,631,OK,OK,OK
2026-08-29T12:00:16.789402Z,653,124.6,631,OK,OK,OK
2026-08-29T12:00:22.157594Z,652,124.6,631,OK,OK,OK
2026-08-29T12:00:27.531818Z,654,124.6,639,OK,OK,OK
2026-08-29T12:00:32.913680Z,651,124.6,639,OK,OK,OK
2026-08-29T12:00:38.284128Z,652,124.6,635,OK,OK,OK
2026-08-29T12:00:43.669864Z,654,124.6,635,OK,OK,OK
2026-08-29T12:00:49.054447Z,652,124.6,635,OK,OK,OK
2026-08-29T12:00:54.443691Z,655,124.7,643,OK,OK,OK
2026-08-29T12:00:59.802579Z,654,124.6,643,OK,OK,OK
2026-08-29T12:01:05.197430Z,654,124.6,640,OK,OK,OK
2026-08-29T12:01:10.603098Z,653,124.6,640,OK,OK,OK
2026-08-29T12:01:15.971529Z,660,124.7,638,OK,OK,OK
2026-08-29T12:01:21.360100Z,651,124.6,638,OK,OK,OK
2026-08-29T12:01:26.730629Z,653,124.6,638,OK,OK,OK
2026-08-29T12:01:32.117258Z,652,124.7,638,OK,OK,OK
2026-08-29T12:01:37.497040Z,655,124.6,638,OK,OK,OK
2026-08-29T12:01:42.885085Z,651,124.6,650,OK,OK,OK
2026-08-29T12:01:48.281733Z,655,124.6,650,OK,OK,OK
2026-08-29T12:01:53.644800Z,652,124.6,650,OK,OK,OK
2026-08-29T12:01:59.021583Z,650,124.6,629,OK,OK,OK
2026-08-29T12:02:04.385214Z,653,124.7,629,OK,OK,OK
2026-08-29T12:02:09.794086Z,654,124.6,624,OK,OK,OK
2026-08-29T12:02:15.174014Z,650,124.6,624,OK,OK,OK
2026-08-29T12:02:20.554286Z,654,124.7,624,OK,OK,OK
2026-08-29T12:02:25.963138Z,652,124.6,651,OK,OK,OK
2026-08-29T12:02:31.356118Z,654,124.6,651,OK,OK,OK
2026-08-29T12:02:36.736068Z,652,124.6,631,OK,OK,OK
2026-08-29T12:02:42.107313Z,654,124.7,631,OK,OK,OK
2026-08-29T12:02:47.492995Z,656,124.6,645,OK,OK,OK
2026-08-29T12:02:52.886760Z,652,124.6,645,OK,OK,OK
2026-08-29T12:02:58.271734Z,654,124.6,645,OK,OK,OK
2026-08-29T12:03:03.644708Z,652,124.6,644,OK,OK,OK
2026-08-29T12:03:09.006891Z,655,124.6,644,OK,OK,OK
2026-08-29T12:03:14.389721Z,650,124.6,642,OK,OK,OK
2026-08-29T12:03:19.786583Z,650,124.6,642,OK,OK,OK
2026-08-29T12:03:25.161234Z,652,124.7,642,OK,OK,OK
2026-08-29T12:03:30.552810Z,650,124.7,638,OK,OK,OK
2026-08-29T12:03:35.939255Z,650,124.6,638,OK,OK,OK
2026-08-29T12:03:41.328687Z,653,124.7,649,OK,OK,OK
2026-08-29T12:03:46.707938Z,651,124.6,649,OK,OK,OK
2026-08-29T12:03:52.096067Z,653,124.6,649,OK,OK,OK
2026-08-29T12:03:57.501318Z,651,124.6,661,OK,OK,OK
2026-08-29T12:04:02.882816Z,654,124.6,661,OK,OK,OK
2026-08-29T12:04:08.245514Z,652,124.6,652,OK,OK,OK
2026-08-29T12:04:13.640269Z,649,124.6,652,OK,OK,OK
2026-08-29T12:04:19.027280Z,653,124.6,637,OK,OK,OK
2026-08-29T12:04:24.427858Z,652,124.6,637,OK,OK,OK
2026-08-29T12:04:29.820377Z,657,124.6,637,OK,OK,OK
2026-08-29T12:04:35.198482Z,651,124.6,651,OK,OK,OK
2026-08-29T12:04:40.571591Z,652,124.6,651,OK,OK,OK
2026-08-29T12:04:45.964075Z,650,124.6,650,OK,OK,OK
2026-08-29T12:04:51.350542Z,649,124.6,650,OK,OK,OK
2026-08-29T12:04:56.736936Z,653,124.6,650,OK,OK,OK
2026-08-29T12:05:02.122491Z,655,124.6,649,OK,OK,OK
2026-08-29T12:05:07.495018Z,650,124.6,649,OK,OK,OK
2026-08-29T12:05:12.879619Z,655,124.6,662,OK,OK,OK
2026-08-29T12:05:18.298014Z,650,124.6,662,OK,OK,OK
2026-08-29T12:05:23.668497Z,656,124.6,656,OK,OK,OK
2026-08-29T12:05:29.059639Z,652,124.6,656,OK,OK,OK
2026-08-29T12:05:34.442614Z,654,124.6,656,OK,OK,OK
2026-08-29T12:05:39.800308Z,653,124.6,642,OK,OK,OK
2026-08-29T12:05:45.182772Z,652,124.6,642,OK,OK,OK
2026-08-29T12:05:50.569216Z,650,124.6,659,OK,OK,OK
2026-08-29T12:05:55.950390Z,653,124.6,659,OK,OK,OK
2026-08-29T12:06:01.319482Z,649,124.6,659,OK,OK,OK
2026-08-29T12:06:06.687873Z,650,124.6,669,OK,OK,OK
2026-08-29T12:06:12.065590Z,653,124.6,669,OK,OK,OK
2026-08-29T12:06:17.434658Z,660,124.6,651,OK,OK,OK
2026-08-29T12:06:22.821779Z,654,124.6,651,OK,OK,OK
2026-08-29T12:06:28.223459Z,655,124.6,651,OK,OK,OK
2026-08-29T12:06:33.610790Z,650,124.6,666,OK,OK,OK
2026-08-29T12:06:38.990406Z,653,124.6,666,OK,OK,OK
2026-08-29T12:06:44.395129Z,656,124.6,679,OK,OK,OK
2026-08-29T12:06:49.784280Z,652,124.6,679,OK,OK,OK
2026-08-29T12:06:55.174352Z,654,124.6,672,OK,OK,OK
2026-08-29T12:07:00.546305Z,650,124.6,672,OK,OK,OK
2026-08-29T12:07:05.912394Z,653,124.6,672,OK,OK,OK
2026-08-29T12:07:11.305581Z,653,124.6,667,OK,OK,OK
2026-08-29T12:07:16.672606Z,651,124.6,667,OK,OK,OK
2026-08-29T12:07:22.061757Z,651,124.6,679,OK,OK,OK
2026-08-29T12:07:27.446773Z,654,124.6,679,OK,OK,OK
2026-08-29T12:07:32.817229Z,653,124.6,679,OK,OK,OK
2026-08-29T12:07:38.207732Z,651,124.6,671,OK,OK,OK
2026-08-29T12:07:43.596112Z,652,124.6,671,OK,OK,OK
2026-08-29T12:07:48.976914Z,651,124.6,681,OK,OK,OK
2026-08-29T12:07:54.363297Z,652,124.6,681,OK,OK,OK
2026-08-29T12:07:59.744002Z,651,124.6,681,OK,OK,OK
2026-08-29T12:08:05.168215Z,654,124.6,671,OK,OK,OK
2026-08-29T12:08:10.554708Z,652,124.6,671,OK,OK,OK
2026-08-29T12:08:15.936674Z,652,124.6,684,OK,OK,OK
2026-08-29T12:08:21.326841Z,655,124.6,684,OK,OK,OK
2026-08-29T12:08:26.702773Z,654,124.5,663,OK,OK,OK
2026-08-29T12:08:32.088289Z,656,124.6,663,OK,OK,OK
2026-08-29T12:08:37.472290Z,654,124.6,663,OK,OK,OK
2026-08-29T12:08:42.848533Z,655,124.6,679,OK,OK,OK
2026-08-29T12:08:48.223307Z,654,124.6,679,OK,OK,OK
2026-08-29T12:08:53.601187Z,653,124.6,676,OK,OK,OK
2026-08-29T12:08:58.974293Z,654,124.6,676,OK,OK,OK
2026-08-29T12:09:04.350303Z,652,124.6,676,OK,OK,OK
2026-08-29T12:09:09.715575Z,652,124.6,688,OK,OK,OK
2026-08-29T12:09:15.104755Z,652,124.6,688,OK,OK,OK
2026-08-29T12:09:20.498954Z,651,124.6,672,OK,OK,OK
2026-08-29T12:09:25.871786Z,649,124.6,672,OK,OK,OK
2026-08-29T12:09:31.247040Z,652,124.6,672,OK,OK,OK
2026-08-29T12:09:36.649373Z,651,124.6,664,OK,OK,OK
2026-08-29T12:09:42.031032Z,652,124.6,664,OK,OK,OK
2026-08-29T12:09:47.406299Z,654,124.6,692,OK,OK,OK
2026-08-29T12:09:52.807172Z,652,124.6,692,OK,OK,OK
2026-08-29T12:09:58.206408Z,654,124.6,681,OK,OK,OK
2026-08-29T12:10:03.598115Z,652,124.6,681,OK,OK,OK
2026-08-29T12:10:08.973393Z,654,124.6,681,OK,OK,OK
2026-08-29T12:10:14.472782Z,653,124.6,692,OK,OK,OK
2026-08-29T12:10:19.869797Z,655,124.6,692,OK,OK,OK
2026-08-29T12:10:25.272251Z,651,124.6,693,OK,OK,OK
2026-08-29T12:10:30.642698Z,653,124.6,693,OK,OK,OK
2026-08-29T12:10:36.029419Z,655,124.6,693,OK,OK,OK
2026-08-29T12:10:41.409470Z,652,124.6,707,OK,OK,OK
2026-08-29T12:10:46.788947Z,651,124.6,707,OK,OK,OK
2026-08-29T12:10:52.170689Z,653,124.6,699,OK,OK,OK
2026-08-29T12:10:57.543667Z,651,124.6,699,OK,OK,OK
2026-08-29T12:11:02.915981Z,650,124.6,694,OK,OK,OK
2026-08-29T12:11:08.298644Z,652,124.6,694,OK,OK,OK
2026-08-29T12:11:13.683834Z,651,124.6,694,OK,OK,OK
2026-08-29T12:11:19.081784Z,666,124.6,703,OK,OK,OK
2026-08-29T12:11:24.444223Z,651,124.6,703,OK,OK,OK
2026-08-29T12:11:29.827806Z,654,124.6,719,OK,OK,OK
2026-08-29T12:11:35.230329Z,653,124.6,719,OK,OK,OK
2026-08-29T12:11:40.595115Z,650,124.6,719,OK,OK,OK
2026-08-29T12:11:45.972651Z,651,124.6,698,OK,OK,OK
2026-08-29T12:11:51.375463Z,653,124.6,698,OK,OK,OK
2026-08-29T12:11:56.749549Z,653,124.6,712,OK,OK,OK
2026-08-29T12:12:02.122862Z,656,124.6,712,OK,OK,OK
2026-08-29T12:12:07.503557Z,652,124.5,709,OK,OK,OK
2026-08-29T12:12:12.882220Z,652,124.6,709,OK,OK,OK
2026-08-29T12:12:21.278086Z,654,124.6,705,OK,OK,OK
2026-08-29T12:12:26.672852Z,654,124.6,705,OK,OK,OK
2026-08-29T12:12:32.035192Z,652,124.6,705,OK,OK,OK
2026-08-29T12:12:37.437628Z,653,124.6,707,OK,OK,OK
2026-08-29T12:12:42.813695Z,655,124.6,707,OK,OK,OK
2026-08-29T12:12:48.178464Z,653,124.6,714,OK,OK,OK
2026-08-29T12:12:53.563424Z,653,124.6,714,OK,OK,OK
2026-08-29T12:12:58.944948Z,651,124.6,714,OK,OK,OK
2026-08-29T12:13:04.328968Z,655,124.6,707,OK,OK,OK
2026-08-29T12:13:09.699459Z,650,124.5,707,OK,OK,OK
2026-08-29T12:13:15.070905Z,652,124.6,710,OK,OK,OK
2026-08-29T12:13:20.467018Z,654,124.6,710,OK,OK,OK
2026-08-29T12:13:25.826985Z,653,124.6,710,OK,OK,OK
2026-08-29T12:13:31.207239Z,651,124.7,705,OK,OK,OK
2026-08-29T12:13:36.600129Z,652,124.6,705,OK,OK,OK
2026-08-29T12:13:41.975332Z,653,124.6,716,OK,OK,OK
2026-08-29T12:13:47.337989Z,653,124.6,716,OK,OK,OK
2026-08-29T12:13:52.727165Z,652,124.6,698,OK,OK,OK
2026-08-29T12:13:58.130222Z,653,124.3,698,OK,OK,OK
2026-08-29T12:14:03.499372Z,653,124.5,698,OK,OK,OK
2026-08-29T12:14:08.893412Z,651,124.4,710,OK,OK,OK
2026-08-29T12:14:14.311319Z,653,124.5,710,OK,OK,OK
2026-08-29T12:14:19.707920Z,648,124.5,709,OK,OK,OK
2026-08-29T12:14:25.075945Z,649,124.4,709,OK,OK,OK
2026-08-29T12:14:30.449006Z,654,124.4,709,OK,OK,OK
2026-08-29T12:14:35.816349Z,652,124.4,719,OK,OK,OK
2026-08-29T12:14:41.200691Z,649,124.4,719,OK,OK,OK
2026-08-29T12:14:46.620546Z,654,124.4,700,OK,OK,OK
2026-08-29T12:14:52.002625Z,650,124.4,700,OK,OK,OK
2026-08-29T12:14:57.405909Z,653,124.4,696,OK,OK,OK
2026-08-29T12:15:02.772686Z,654,124.5,696,OK,OK,OK
2026-08-29T12:15:08.186761Z,653,124.4,696,OK,OK,OK
2026-08-29T12:15:13.649834Z,652,124.5,713,OK,OK,OK
2026-08-29T12:15:19.038913Z,650,124.4,713,OK,OK,OK
2026-08-29T12:15:24.415731Z,652,124.4,724,OK,OK,OK
2026-08-29T12:15:29.818452Z,655,124.4,724,OK,OK,OK
2026-08-29T12:15:35.198361Z,651,124.4,724,OK,OK,OK
2026-08-29T12:15:40.590726Z,652,124.4,710,OK,OK,OK
2026-08-29T12:15:45.971743Z,655,124.4,710,OK,OK,OK
2026-08-29T12:15:51.349963Z,650,124.4,721,OK,OK,OK
2026-08-29T12:15:56.712653Z,650,124.4,721,OK,OK,OK
2026-08-29T12:16:02.115111Z,650,124.4,711,OK,OK,OK
2026-08-29T12:16:07.501653Z,651,124.4,711,OK,OK,OK
2026-08-29T12:16:12.906364Z,655,124.4,711,OK,OK,OK
2026-08-29T12:16:18.290375Z,751,124.4,721,OK,OK,OK
2026-08-29T12:16:23.676021Z,748,124.4,721,OK,OK,OK
2026-08-29T12:16:29.060082Z,760,124.4,718,OK,OK,OK
2026-08-29T12:16:34.415783Z,764,124.4,718,OK,OK,OK
2026-08-29T12:16:39.804473Z,768,124.5,718,OK,OK,OK
2026-08-29T12:16:45.194005Z,762,124.4,701,OK,OK,OK
2026-08-29T12:16:50.561297Z,760,124.4,701,OK,OK,OK
2026-08-29T12:16:55.928173Z,759,124.5,719,OK,OK,OK
2026-08-29T12:17:01.310563Z,756,124.4,719,OK,OK,OK
2026-08-29T12:17:06.687656Z,757,124.4,719,OK,OK,OK
2026-08-29T12:17:12.081833Z,761,124.4,730,OK,OK,OK
2026-08-29T12:17:17.475364Z,755,124.5,730,OK,OK,OK
2026-08-29T12:17:22.850590Z,754,124.5,711,OK,OK,OK
2026-08-29T12:17:28.226300Z,756,124.5,711,OK,OK,OK
2026-08-29T12:17:33.589337Z,748,124.5,723,OK,OK,OK
2026-08-29T12:17:38.959115Z,750,124.4,723,OK,OK,OK
2026-08-29T12:17:44.357670Z,748,124.4,723,OK,OK,OK
2026-08-29T12:17:49.731824Z,747,124.5,722,OK,OK,OK
2026-08-29T12:17:55.127475Z,753,124.4,722,OK,OK,OK
2026-08-29T12:18:00.503217Z,746,124.4,715,OK,OK,OK
2026-08-29T12:18:05.889166Z,742,124.4,715,OK,OK,OK
2026-08-29T12:18:11.264571Z,743,124.4,715,OK,OK,OK
2026-08-29T12:18:16.685081Z,740,124.4,725,OK,OK,OK
2026-08-29T12:18:22.073418Z,739,124.4,725,OK,OK,OK
2026-08-29T12:18:27.455937Z,739,124.5,724,OK,OK,OK
2026-08-29T12:18:32.826394Z,735,124.4,724,OK,OK,OK
2026-08-29T12:18:38.213020Z,736,124.4,724,OK,OK,OK
2026-08-29T12:18:43.599466Z,736,124.4,724,OK,OK,OK
2026-08-29T12:18:48.969955Z,735,124.4,724,OK,OK,OK
2026-08-29T12:18:54.356591Z,738,124.4,737,OK,OK,OK
2026-08-29T12:18:59.750434Z,733,124.4,737,OK,OK,OK
2026-08-29T12:19:05.126875Z,737,124.4,710,OK,OK,OK
2026-08-29T12:19:10.504847Z,739,124.4,710,OK,OK,OK
2026-08-29T12:19:15.890390Z,736,124.4,710,OK,OK,OK
2026-08-29T12:19:21.283720Z,737,124.4,730,OK,OK,OK
2026-08-29T12:19:26.659822Z,740,124.4,730,OK,OK,OK
2026-08-29T12:19:32.039395Z,738,124.4,743,OK,OK,OK
2026-08-29T12:19:37.432686Z,736,124.4,743,OK,OK,OK
2026-08-29T12:19:42.798484Z,736,124.4,743,OK,OK,OK
2026-08-29T12:19:48.189871Z,736,124.4,716,OK,OK,OK
2026-08-29T12:19:53.576308Z,739,124.4,716,OK,OK,OK
2026-08-29T12:19:58.977278Z,736,124.4,736,OK,OK,OK
2026-08-29T12:20:04.346183Z,742,124.4,736,OK,OK,OK
2026-08-29T12:20:09.731661Z,736,124.4,736,OK,OK,OK
2026-08-29T12:20:15.122466Z,738,124.4,722,OK,OK,OK
2026-08-29T12:20:20.522746Z,741,124.4,722,OK,OK,OK
2026-08-29T12:20:25.895625Z,736,124.4,716,OK,OK,OK
2026-08-29T12:20:31.277469Z,736,124.4,716,OK,OK,OK
2026-08-29T12:20:36.663681Z,735,124.4,739,OK,OK,OK
2026-08-29T12:20:42.034466Z,736,124.4,739,OK,OK,OK
2026-08-29T12:20:47.408160Z,735,124.4,739,OK,OK,OK
2026-08-29T12:20:52.792833Z,737,124.4,736,OK,OK,OK
2026-08-29T12:20:58.175408Z,735,124.3,736,OK,OK,OK
2026-08-29T12:21:03.531876Z,737,124.4,733,OK,OK,OK
2026-08-29T12:21:08.927420Z,738,124.4,733,OK,OK,OK
2026-08-29T12:21:14.294675Z,740,124.4,733,OK,OK,OK
2026-08-29T12:21:19.681457Z,744,124.3,739,OK,OK,OK
2026-08-29T12:21:25.070552Z,739,124.4,739,OK,OK,OK
2026-08-29T12:21:30.459385Z,739,124.4,747,OK,OK,OK
2026-08-29T12:21:35.847435Z,740,124.3,747,OK,OK,OK
2026-08-29T12:21:41.211540Z,734,124.4,747,OK,OK,OK
2026-08-29T12:21:46.598145Z,737,124.4,740,OK,OK,OK
2026-08-29T12:21:51.984771Z,742,124.4,740,OK,OK,OK
2026-08-29T12:21:57.351913Z,738,124.3,747,OK,OK,OK
2026-08-29T12:22:02.729361Z,738,124.3,747,OK,OK,OK
2026-08-29T12:22:08.112431Z,742,124.3,758,OK,OK,OK
2026-08-29T12:22:13.578892Z,737,124.3,758,OK,OK,OK
2026-08-29T12:22:18.987727Z,738,124.3,758,OK,OK,OK
2026-08-29T12:22:24.368060Z,739,124.3,742,OK,OK,OK
2026-08-29T12:22:29.747077Z,736,124.3,742,OK,OK,OK
2026-08-29T12:22:35.141169Z,740,124.3,745,OK,OK,OK
2026-08-29T12:22:40.511625Z,740,124.3,745,OK,OK,OK
2026-08-29T12:22:45.894019Z,740,124.3,745,OK,OK,OK
2026-08-29T12:22:51.286514Z,737,124.3,755,OK,OK,OK
2026-08-29T12:22:56.659540Z,742,124.3,755,OK,OK,OK
2026-08-29T12:23:02.036727Z,740,124.3,765,OK,OK,OK
2026-08-29T12:23:07.425855Z,738,124.2,765,OK,OK,OK
2026-08-29T12:23:12.798692Z,739,124.3,765,OK,OK,OK
2026-08-29T12:23:18.185261Z,742,124.3,759,OK,OK,OK
2026-08-29T12:23:23.571790Z,743,124.3,759,OK,OK,OK
2026-08-29T12:23:28.966579Z,741,124.3,745,OK,OK,OK
2026-08-29T12:23:34.344833Z,741,124.3,745,OK,OK,OK
2026-08-29T12:23:39.731437Z,741,124.3,763,OK,OK,OK
2026-08-29T12:23:45.117900Z,739,124.3,763,OK,OK,OK
2026-08-29T12:23:50.494795Z,739,124.3,763,OK,OK,OK
2026-08-29T12:23:55.869184Z,736,124.3,780,OK,OK,OK
2026-08-29T12:24:01.246821Z,741,124.3,780,OK,OK,OK
2026-08-29T12:24:06.630352Z,736,124.3,755,OK,OK,OK
2026-08-29T12:24:11.992345Z,737,124.3,755,OK,OK,OK
2026-08-29T12:24:17.381199Z,742,124.3,755,OK,OK,OK
2026-08-29T12:24:22.754158Z,736,124.3,775,OK,OK,OK
2026-08-29T12:24:28.121495Z,737,124.3,775,OK,OK,OK
2026-08-29T12:24:33.511742Z,736,124.3,791,OK,OK,OK
2026-08-29T12:24:38.884431Z,738,124.3,791,OK,OK,OK
2026-08-29T12:24:44.283400Z,740,124.3,780,OK,OK,OK
2026-08-29T12:24:49.653567Z,738,124.3,780,OK,OK,OK
2026-08-29T12:24:55.030850Z,740,124.3,780,OK,OK,OK
2026-08-29T12:25:00.411777Z,741,124.3,776,OK,OK,OK
2026-08-29T12:25:05.780485Z,739,124.3,776,OK,OK,OK
2026-08-29T12:25:11.172015Z,740,124.3,791,OK,OK,OK
2026-08-29T12:25:16.574448Z,745,124.3,791,OK,OK,OK
2026-08-29T12:25:21.945243Z,738,124.2,787,OK,OK,OK
2026-08-29T12:25:27.315526Z,738,124.2,787,OK,OK,OK
2026-08-29T12:25:32.702140Z,741,124.3,787,OK,OK,OK
2026-08-29T12:25:38.088779Z,740,124.3,791,OK,OK,OK
2026-08-29T12:25:43.468396Z,741,124.3,791,OK,OK,OK
2026-08-29T12:25:48.851937Z,738,124.2,795,OK,OK,OK
2026-08-29T12:25:54.233836Z,739,124.3,795,OK,OK,OK
2026-08-29T12:25:59.637331Z,742,124.2,795,OK,OK,OK
2026-08-29T12:26:04.999303Z,738,124.3,809,OK,OK,OK
2026-08-29T12:26:10.373867Z,735,124.2,809,OK,OK,OK
2026-08-29T12:26:15.776589Z,741,124.3,811,OK,OK,OK
2026-08-29T12:26:21.166030Z,742,124.3,811,OK,OK,OK
2026-08-29T12:26:26.548180Z,735,124.3,792,OK,OK,OK
2026-08-29T12:26:31.931011Z,739,124.3,792,OK,OK,OK
2026-08-29T12:26:37.309204Z,738,124.2,792,OK,OK,OK
2026-08-29T12:26:42.677158Z,738,124.3,777,OK,OK,OK
2026-08-29T12:26:48.050236Z,734,124.3,777,OK,OK,OK
2026-08-29T12:26:53.436621Z,738,124.3,791,OK,OK,OK
2026-08-29T12:26:58.807248Z,737,124.2,791,OK,OK,OK
2026-08-29T12:27:04.206075Z,733,124.2,791,OK,OK,OK
2026-08-29T12:27:09.612417Z,734,124.3,784,OK,OK,OK
2026-08-29T12:27:14.992168Z,736,124.3,784,OK,OK,OK
2026-08-29T12:27:20.353505Z,732,124.3,788,OK,OK,OK
2026-08-29T12:27:25.731639Z,736,124.3,788,OK,OK,OK
2026-08-29T12:27:31.116622Z,734,124.3,788,OK,OK,OK
2026-08-29T12:27:36.499142Z,736,124.3,798,OK,OK,OK
2026-08-29T12:27:41.905425Z,735,124.3,798,OK,OK,OK
2026-08-29T12:27:47.294026Z,734,124.3,778,OK,OK,OK
2026-08-29T12:27:52.696713Z,738,124.3,778,OK,OK,OK
2026-08-29T12:27:58.090932Z,735,124.3,788,OK,OK,OK
2026-08-29T12:28:03.463124Z,733,124.3,788,OK,OK,OK
2026-08-29T12:28:08.857145Z,740,124.2,788,OK,OK,OK
2026-08-29T12:28:14.266887Z,735,124.3,787,OK,OK,OK
2026-08-29T12:28:19.635159Z,739,124.3,787,OK,OK,OK
2026-08-29T12:28:25.024041Z,738,124.3,804,OK,OK,OK
2026-08-29T12:28:30.410580Z,738,124.3,804,OK,OK,OK
2026-08-29T12:28:35.777595Z,740,124.3,804,OK,OK,OK
2026-08-29T12:28:41.161753Z,736,124.3,793,OK,OK,OK
2026-08-29T12:28:46.548731Z,738,124.2,793,OK,OK,OK
2026-08-29T12:28:51.944984Z,740,124.2,787,OK,OK,OK
2026-08-29T12:28:57.305689Z,734,124.1,787,OK,OK,OK
2026-08-29T12:29:02.710339Z,736,124.2,787,OK,OK,OK
2026-08-29T12:29:08.103866Z,738,124.1,795,OK,OK,OK
2026-08-29T12:29:13.500158Z,734,124.2,795,OK,OK,OK
2026-08-29T12:29:18.874049Z,735,124.1,807,OK,OK,OK
2026-08-29T12:29:24.243873Z,733,124.1,807,OK,OK,OK
2026-08-29T12:29:29.630493Z,734,124.2,801,OK,OK,OK
2026-08-29T12:29:35.016468Z,729,124.1,801,OK,OK,OK
2026-08-29T12:29:40.397361Z,733,124.1,801,OK,OK,OK
2026-08-29T12:29:45.760876Z,734,124.1,812,OK,OK,OK
2026-08-29T12:29:51.146439Z,870,124.1,812,OK,OK,OK
2026-08-29T12:29:56.538113Z,858,124.1,806,OK,OK,OK
2026-08-29T12:30:01.940520Z,852,124.3,806,OK,OK,OK
2026-08-29T12:30:07.331429Z,861,124.1,806,OK,OK,OK
2026-08-29T12:30:12.719382Z,859,124.2,804,OK,OK,OK
2026-08-29T12:30:18.098245Z,861,124.2,804,OK,OK,OK
2026-08-29T12:30:23.479751Z,860,124.4,789,OK,OK,OK
2026-08-29T12:30:28.856297Z,864,124.4,789,OK,OK,OK
2026-08-29T12:30:34.242024Z,872,124.4,804,OK,OK,OK
2026-08-29T12:30:39.626334Z,861,124.3,804,OK,OK,OK
2026-08-29T12:30:44.997530Z,863,124.4,804,OK,OK,OK
2026-08-29T12:30:50.364465Z,863,124.3,771,OK,OK,OK
2026-08-29T12:30:55.748274Z,859,124.3,771,OK,OK,OK
2026-08-29T12:31:01.130767Z,858,124.3,810,OK,OK,OK
2026-08-29T12:31:06.522587Z,857,124.3,810,OK,OK,OK
2026-08-29T12:31:11.929029Z,862,124.3,810,OK,OK,OK
2026-08-29T12:31:17.310067Z,757,124.3,779,OK,OK,OK
2026-08-29T12:31:22.695165Z,744,124.3,779,OK,OK,OK
2026-08-29T12:31:28.070180Z,741,124.3,796,OK,OK,OK
2026-08-29T12:31:33.448875Z,744,124.3,796,OK,OK,OK
2026-08-29T12:31:38.827368Z,744,124.3,796,OK,OK,OK
2026-08-29T12:31:44.204867Z,744,124.4,811,OK,OK,OK
2026-08-29T12:31:49.584565Z,746,124.3,811,OK,OK,OK
2026-08-29T12:31:54.967108Z,742,124.4,780,OK,OK,OK
2026-08-29T12:32:00.349213Z,742,124.4,780,OK,OK,OK
2026-08-29T12:32:05.716640Z,741,124.4,795,OK,OK,OK
2026-08-29T12:32:11.112279Z,741,124.4,795,OK,OK,OK
2026-08-29T12:32:16.533121Z,745,124.4,795,OK,OK,OK
2026-08-29T12:32:21.897301Z,740,124.2,812,OK,OK,OK
2026-08-29T12:32:27.274882Z,742,124.3,812,OK,OK,OK
2026-08-29T12:32:32.669940Z,741,124.3,789,OK,OK,OK
2026-08-29T12:32:38.047490Z,739,124.3,789,OK,OK,OK
2026-08-29T12:32:43.418016Z,742,124.3,789,OK,OK,OK
2026-08-29T12:32:48.797914Z,741,124.3,803,OK,OK,OK
2026-08-29T12:32:54.185465Z,742,124.3,803,OK,OK,OK
2026-08-29T12:32:59.561809Z,742,124.4,809,OK,OK,OK
2026-08-29T12:33:04.948235Z,744,124.3,809,OK,OK,OK
2026-08-29T12:33:10.324610Z,741,124.4,809,OK,OK,OK
2026-08-29T12:33:15.692933Z,745,124.4,815,OK,OK,OK
2026-08-29T12:33:21.063734Z,744,124.4,815,OK,OK,OK
2026-08-29T12:33:26.442203Z,744,124.4,816,OK,OK,OK
2026-08-29T12:33:31.834082Z,746,124.5,816,OK,OK,OK
2026-08-29T12:33:37.207443Z,745,124.4,812,OK,OK,OK
2026-08-29T12:33:42.608145Z,742,124.4,812,OK,OK,OK
2026-08-29T12:33:47.988751Z,744,124.4,812,OK,OK,OK
2026-08-29T12:33:53.367082Z,743,124.4,826,OK,OK,OK
2026-08-29T12:33:58.750041Z,747,124.4,826,OK,OK,OK
2026-08-29T12:34:04.124995Z,734,124.4,828,OK,OK,OK
2026-08-29T12:34:09.516473Z,735,124.4,828,OK,OK,OK
2026-08-29T12:34:14.901640Z,738,124.4,828,OK,OK,OK
2026-08-29T12:34:20.287634Z,734,124.4,830,OK,OK,OK
2026-08-29T12:34:25.687710Z,732,124.4,830,OK,OK,OK
2026-08-29T12:34:31.057786Z,737,124.4,851,OK,OK,OK
2026-08-29T12:34:36.459419Z,732,124.4,851,OK,OK,OK
2026-08-29T12:34:41.843903Z,733,124.4,851,OK,OK,OK
2026-08-29T12:34:47.216729Z,730,124.4,866,OK,OK,OK
2026-08-29T12:34:52.582339Z,733,124.4,866,OK,OK,OK
2026-08-29T12:34:57.969353Z,734,124.4,868,OK,OK,OK
2026-08-29T12:35:03.358981Z,732,124.4,868,OK,OK,OK
2026-08-29T12:35:08.732802Z,734,124.4,873,OK,OK,OK
2026-08-29T12:35:14.101525Z,736,124.4,873,OK,OK,OK
2026-08-29T12:35:19.503949Z,734,124.4,873,OK,OK,OK
2026-08-29T12:35:24.886519Z,733,124.4,858,OK,OK,OK
2026-08-29T12:35:30.257021Z,731,124.4,858,OK,OK,OK
2026-08-29T12:35:35.648000Z,648,124.4,852,OK,OK,OK
2026-08-29T12:35:41.030227Z,650,124.4,852,OK,OK,OK
2026-08-29T12:35:46.434975Z,653,124.5,852,OK,OK,OK
2026-08-29T12:35:51.795045Z,651,124.4,850,OK,OK,OK
2026-08-29T12:35:57.197835Z,654,124.4,850,OK,OK,OK
2026-08-29T12:36:02.577820Z,652,124.4,856,OK,OK,OK
2026-08-29T12:36:07.946152Z,650,124.4,856,OK,OK,OK
2026-08-29T12:36:13.325573Z,651,124.4,856,OK,OK,OK
2026-08-29T12:36:18.719405Z,658,124.4,852,OK,OK,OK
2026-08-29T12:36:24.095794Z,650,124.4,852,OK,OK,OK
2026-08-29T12:36:29.467853Z,648,124.4,858,OK,OK,OK
2026-08-29T12:36:34.838437Z,651,124.4,858,OK,OK,OK
2026-08-29T12:36:40.248403Z,656,124.4,854,OK,OK,OK
2026-08-29T12:36:45.638888Z,650,124.4,854,OK,OK,OK
2026-08-29T12:36:51.005299Z,652,124.3,854,OK,OK,OK
2026-08-29T12:36:56.394075Z,652,124.3,868,OK,OK,OK
2026-08-29T12:37:01.778893Z,650,124.3,868,OK,OK,OK
2026-08-29T12:37:07.138795Z,650,124.4,894,OK,OK,OK
2026-08-29T12:37:12.521771Z,648,124.4,894,OK,OK,OK
2026-08-29T12:37:17.898373Z,652,124.4,894,OK,OK,OK
2026-08-29T12:37:23.281006Z,653,124.4,877,OK,OK,OK
2026-08-29T12:37:28.689502Z,650,124.3,877,OK,OK,OK
2026-08-29T12:37:34.065902Z,649,124.3,906,OK,OK,OK
2026-08-29T12:37:39.473461Z,652,124.4,906,OK,OK,OK
2026-08-29T12:37:44.852814Z,650,124.4,921,OK,OK,OK
2026-08-29T12:37:50.224299Z,650,124.4,921,OK,OK,OK
2026-08-29T12:37:55.614165Z,652,124.4,921,OK,OK,OK
2026-08-29T12:38:01.000753Z,651,124.4,928,OK,OK,OK
2026-08-29T12:38:06.387365Z,652,124.4,928,OK,OK,OK
2026-08-29T12:38:11.766491Z,652,124.4,966,OK,OK,OK
2026-08-29T12:38:17.146891Z,652,124.4,966,OK,OK,OK
2026-08-29T12:38:22.514967Z,655,124.4,966,OK,OK,OK
2026-08-29T12:38:27.906832Z,651,124.4,998,OK,OK,OK
2026-08-29T12:38:33.273159Z,653,124.4,998,OK,OK,OK
2026-08-29T12:38:38.655889Z,648,124.4,995,OK,OK,OK
2026-08-29T12:38:44.038295Z,651,124.4,995,OK,OK,OK
2026-08-29T12:38:49.447995Z,654,124.4,995,OK,OK,OK
2026-08-29T12:38:54.818163Z,653,124.4,1002,OK,OK,OK
2026-08-29T12:39:00.186727Z,651,124.4,1002,OK,OK,OK
2026-08-29T12:39:05.575415Z,651,124.4,1025,OK,OK,OK
2026-08-29T12:39:10.959369Z,650,124.3,1025,OK,OK,OK
2026-08-29T12:39:16.348653Z,651,124.4,1025,OK,OK,OK
2026-08-29T12:39:21.735010Z,650,124.4,1002,OK,OK,OK
2026-08-29T12:39:27.118136Z,654,124.4,1002,OK,OK,OK
2026-08-29T12:39:32.498505Z,652,124.5,1022,OK,OK,OK
2026-08-29T12:39:37.870882Z,646,124.4,1022,OK,OK,OK
2026-08-29T12:39:43.261295Z,650,124.4,1026,OK,OK,OK
2026-08-29T12:39:48.653872Z,652,124.4,1026,OK,OK,OK
2026-08-29T12:39:54.043406Z,649,124.4,1026,OK,OK,OK
2026-08-29T12:39:59.428250Z,650,124.4,1058,OK,OK,OK
2026-08-29T12:40:04.825654Z,655,124.4,1058,OK,OK,OK
2026-08-29T12:40:10.207605Z,650,124.4,1045,OK,OK,OK
2026-08-29T12:40:15.573651Z,647,124.4,1045,OK,OK,OK
2026-08-29T12:40:20.960238Z,654,124.4,1045,OK,OK,OK
2026-08-29T12:40:26.346660Z,652,124.4,1058,OK,OK,OK
2026-08-29T12:40:31.733294Z,652,124.4,1058,OK,OK,OK
2026-08-29T12:40:37.101029Z,652,124.4,1053,OK,OK,OK
2026-08-29T12:40:42.485744Z,646,124.4,1053,OK,OK,OK
2026-08-29T12:40:47.871852Z,657,124.4,1057,OK,OK,OK
2026-08-29T12:40:53.236463Z,648,124.4,1057,OK,OK,OK
2026-08-29T12:40:58.645915Z,650,124.4,1057,OK,OK,OK
2026-08-29T12:41:04.047342Z,652,124.4,1098,OK,OK,OK
2026-08-29T12:41:09.418803Z,649,124.4,1098,OK,OK,OK
2026-08-29T12:41:14.789578Z,648,124.4,1074,OK,OK,OK
2026-08-29T12:41:20.192018Z,654,124.4,1074,OK,OK,OK
2026-08-29T12:41:25.578681Z,648,124.4,1074,OK,OK,OK
2026-08-29T12:41:30.965148Z,648,124.4,1092,OK,OK,OK
2026-08-29T12:41:36.351710Z,651,124.4,1092,OK,OK,OK
2026-08-29T12:41:41.749897Z,650,124.3,1131,OK,OK,OK
2026-08-29T12:41:47.124974Z,653,124.3,1131,OK,OK,OK
2026-08-29T12:41:52.505339Z,651,124.3,1135,OK,OK,OK
2026-08-29T12:41:57.893344Z,651,124.3,1135,OK,OK,OK
2026-08-29T12:42:03.300716Z,650,124.3,1135,OK,OK,OK
2026-08-29T12:42:08.669414Z,650,124.3,1155,OK,OK,OK
2026-08-29T12:42:14.096068Z,652,124.3,1155,OK,OK,OK
2026-08-29T12:42:19.470289Z,649,124.3,1191,OK,OK,OK
2026-08-29T12:42:24.834524Z,648,124.4,1191,OK,OK,OK
2026-08-29T12:42:30.234080Z,651,124.4,1191,OK,OK,OK
2026-08-29T12:42:35.603956Z,648,124.4,1190,OK,OK,OK
2026-08-29T12:42:40.973617Z,651,124.4,1190,OK,OK,OK
2026-08-29T12:42:46.341526Z,652,124.4,1220,OK,OK,OK
2026-08-29T12:42:51.715625Z,650,124.4,1220,OK,OK,OK
2026-08-29T12:42:57.084128Z,650,124.4,1240,OK,OK,OK
2026-08-29T12:43:02.463821Z,649,124.4,1240,OK,OK,OK
2026-08-29T12:43:07.828485Z,647,124.3,1240,OK,OK,OK
2026-08-29T12:43:13.213928Z,648,124.3,1245,OK,OK,OK
2026-08-29T12:43:18.584382Z,648,124.2,1245,OK,OK,OK
2026-08-29T12:43:23.957010Z,649,124.3,1261,OK,OK,OK
2026-08-29T12:43:29.361062Z,651,124.2,1261,OK,OK,OK
2026-08-29T12:43:34.736052Z,648,124.3,1261,OK,OK,OK
2026-08-29T12:43:40.114304Z,649,124.3,1262,OK,OK,OK
2026-08-29T12:43:45.491787Z,648,124.3,1262,OK,OK,OK
2026-08-29T12:43:50.878978Z,649,124.3,1258,OK,OK,OK
2026-08-29T12:43:56.262628Z,650,124.3,1258,OK,OK,OK
2026-08-29T12:44:01.640238Z,651,124.3,1258,OK,OK,OK
2026-08-29T12:44:07.027273Z,650,124.3,1269,OK,OK,OK
2026-08-29T12:44:12.413972Z,653,124.3,1269,OK,OK,OK
2026-08-29T12:44:17.789375Z,650,124.3,1276,OK,OK,OK
2026-08-29T12:44:23.161397Z,655,124.3,1276,OK,OK,OK
2026-08-29T12:44:28.530094Z,650,124.3,1277,OK,OK,OK
2026-08-29T12:44:33.896810Z,651,124.3,1277,OK,OK,OK
2026-08-29T12:44:39.282816Z,648,124.3,1277,OK,OK,OK
2026-08-29T12:44:44.684467Z,649,124.3,1283,OK,OK,OK
2026-08-29T12:44:50.062207Z,651,124.3,1283,OK,OK,OK
2026-08-29T12:44:55.442135Z,652,124.3,1267,OK,OK,OK
2026-08-29T12:45:00.812693Z,650,124.3,1267,OK,OK,OK
2026-08-29T12:45:06.199205Z,651,124.3,1267,OK,OK,OK
2026-08-29T12:45:11.584174Z,653,124.3,1308,OK,OK,OK
2026-08-29T12:45:16.967290Z,647,124.2,1308,OK,OK,OK
2026-08-29T12:45:22.348207Z,650,124.3,1331,OK,OK,OK
2026-08-29T12:45:27.726722Z,652,124.3,1331,OK,OK,OK
2026-08-29T12:45:33.099954Z,653,124.3,1331,OK,OK,OK
2026-08-29T12:45:38.463931Z,649,124.2,1308,OK,OK,OK
2026-08-29T12:45:43.857187Z,651,124.3,1308,OK,OK,OK
2026-08-29T12:45:49.240795Z,649,124.3,1327,OK,OK,OK
2026-08-29T12:45:54.628360Z,651,124.3,1327,OK,OK,OK
2026-08-29T12:46:00.013558Z,648,124.3,1337,OK,OK,OK
2026-08-29T12:46:05.407490Z,650,124.3,1337,OK,OK,OK
2026-08-29T12:46:10.789784Z,649,124.3,1337,OK,OK,OK
2026-08-29T12:46:16.172690Z,661,124.2,1388,OK,OK,OK
2026-08-29T12:46:21.538151Z,649,124.3,1388,OK,OK,OK
2026-08-29T12:46:26.922275Z,654,124.3,1413,OK,OK,OK
2026-08-29T12:46:32.331874Z,649,124.2,1413,OK,OK,OK
2026-08-29T12:46:37.706474Z,650,124.2,1413,OK,OK,OK
2026-08-29T12:46:43.092990Z,648,124.2,1439,OK,OK,OK
2026-08-29T12:46:48.480915Z,647,124.3,1439,OK,OK,OK
2026-08-29T12:46:53.851506Z,649,124.2,1445,OK,OK,OK
2026-08-29T12:46:59.220726Z,651,124.2,1445,OK,OK,OK
2026-08-29T12:47:04.599723Z,649,124.3,1474,OK,OK,OK
2026-08-29T12:47:09.986249Z,652,124.3,1474,OK,OK,OK
2026-08-29T12:47:15.362576Z,648,124.3,1474,OK,OK,OK
2026-08-29T12:47:20.750498Z,646,124.3,1473,OK,OK,OK
2026-08-29T12:47:26.138386Z,649,124.2,1473,OK,OK,OK
2026-08-29T12:47:31.509015Z,651,124.2,1496,OK,OK,OK
2026-08-29T12:47:36.895630Z,649,124.2,1496,OK,OK,OK
2026-08-29T12:47:42.293028Z,651,124.2,1496,OK,OK,OK
2026-08-29T12:47:47.669923Z,651,124.3,1501,OK,OK,OK
2026-08-29T12:47:53.035709Z,648,124.3,1501,OK,OK,OK
2026-08-29T12:47:58.441880Z,648,124.2,1509,OK,OK,OK
2026-08-29T12:48:03.815965Z,649,124.2,1509,OK,OK,OK
2026-08-29T12:48:09.230810Z,652,124.2,1509,OK,OK,OK
2026-08-29T12:48:14.617327Z,650,124.2,1508,OK,OK,OK
2026-08-29T12:48:20.006970Z,648,124.2,1508,OK,OK,OK
2026-08-29T12:48:25.379674Z,645,124.1,1517,OK,OK,OK
2026-08-29T12:48:30.765566Z,652,124.1,1517,OK,OK,OK
2026-08-29T12:48:36.147588Z,650,124.2,1517,OK,OK,OK
2026-08-29T12:48:41.534051Z,648,124.2,1578,OK,OK,OK
2026-08-29T12:48:46.904667Z,648,124.2,1578,OK,OK,OK
2026-08-29T12:48:52.299687Z,647,124.2,1553,OK,OK,OK
2026-08-29T12:48:57.702778Z,650,124.2,1553,OK,OK,OK
2026-08-29T12:49:03.082859Z,647,124.2,1634,OK,OK,OK
2026-08-29T12:49:08.478994Z,649,124.2,1634,OK,OK,OK
2026-08-29T12:49:13.883050Z,651,124.3,1634,OK,OK,OK
2026-08-29T12:49:19.280538Z,650,124.3,1642,OK,OK,OK
2026-08-29T12:49:24.650989Z,649,124.2,1642,OK,OK,OK
2026-08-29T12:49:30.051319Z,652,124.2,1691,OK,OK,OK
2026-08-29T12:49:35.424275Z,648,124.2,1691,OK,OK,OK
2026-08-29T12:49:40.793866Z,650,124.2,1691,OK,OK,OK
2026-08-29T12:49:46.164240Z,652,124.2,1711,OK,OK,OK
2026-08-29T12:49:51.542925Z,648,124.2,1711,OK,OK,OK
2026-08-29T12:49:56.924782Z,650,124.2,1789,OK,OK,OK
2026-08-29T12:50:02.306649Z,650,124.2,1789,OK,OK,OK
2026-08-29T12:50:07.688113Z,649,124.2,1789,OK,OK,OK
2026-08-29T12:50:13.088086Z,652,124.3,1803,OK,OK,OK
2026-08-29T12:50:18.478087Z,650,124.3,1803,OK,OK,OK
2026-08-29T12:50:23.871420Z,649,124.3,1870,OK,OK,OK
2026-08-29T12:50:29.266360Z,653,124.3,1870,OK,OK,OK
2026-08-29T12:50:34.641177Z,652,124.3,1902,OK,OK,OK
2026-08-29T12:50:40.005620Z,649,124.2,1902,OK,OK,OK
2026-08-29T12:50:45.381200Z,652,124.3,1902,OK,OK,OK
2026-08-29T12:50:50.762525Z,649,124.3,1884,OK,OK,OK
2026-08-29T12:50:56.162356Z,651,124.3,1884,OK,OK,OK
2026-08-29T12:51:01.535743Z,648,124.3,1956,OK,OK,OK
2026-08-29T12:51:06.905941Z,647,124.3,1956,OK,OK,OK
2026-08-29T12:51:12.292713Z,652,124.3,1956,OK,OK,OK
2026-08-29T12:51:17.656776Z,659,124.3,1964,OK,OK,OK
2026-08-29T12:51:23.027882Z,649,124.3,1964,OK,OK,OK
2026-08-29T12:51:28.415050Z,651,124.3,2003,OK,OK,OK
2026-08-29T12:51:33.791605Z,650,124.3,2003,OK,OK,OK
2026-08-29T12:51:39.149245Z,649,124.3,2003,OK,OK,OK
2026-08-29T12:51:44.531907Z,648,124.3,2044,OK,OK,OK
2026-08-29T12:51:49.920433Z,649,124.3,2044,OK,OK,OK
2026-08-29T12:51:55.321676Z,651,124.3,2071,OK,OK,OK
2026-08-29T12:52:00.738420Z,649,124.2,2071,OK,OK,OK
2026-08-29T12:52:06.104111Z,651,124.2,2125,OK,OK,OK
2026-08-29T12:52:11.494303Z,651,124.2,2125,OK,OK,OK
2026-08-29T12:52:16.914963Z,651,124.3,2125,OK,OK,OK
2026-08-29T12:52:22.295756Z,648,124.2,2140,OK,OK,OK
2026-08-29T12:52:27.672825Z,654,124.3,2140,OK,OK,OK
2026-08-29T12:52:33.047361Z,647,124.3,2202,OK,OK,OK
2026-08-29T12:52:38.432492Z,650,124.3,2202,OK,OK,OK
2026-08-29T12:52:43.823794Z,650,124.3,2202,OK,OK,OK
2026-08-29T12:52:49.232979Z,650,124.3,2202,OK,OK,OK
2026-08-29T12:52:54.597476Z,650,124.3,2202,OK,OK,OK
2026-08-29T12:52:59.982464Z,650,124.3,468,OK,OK,OK
2026-08-29T12:53:05.349183Z,650,124.3,468,OK,OK,OK
2026-08-29T12:53:10.722813Z,0,,973,DEGRADED,OFFLINE,OK
2026-08-29T12:53:16.108245Z,0,,973,DEGRADED,OFFLINE,OK
2026-08-29T12:53:21.520940Z,0,,973,DEGRADED,OFFLINE,OK
2026-08-29T12:53:26.934751Z,650,124.2,2309,OK,OK,OK
2026-08-29T12:53:32.305313Z,652,124.2,2309,OK,OK,OK
2026-08-29T12:53:37.688672Z,652,124.1,2376,OK,OK,OK
2026-08-29T12:53:43.068774Z,650,124.2,2376,OK,OK,OK
2026-08-29T12:53:48.432578Z,649,124.2,2376,OK,OK,OK
2026-08-29T12:53:53.818937Z,652,124.3,2399,OK,OK,OK
2026-08-29T12:53:59.194649Z,649,124.2,2399,OK,OK,OK
2026-08-29T12:54:04.559712Z,740,124.3,2419,OK,OK,OK
2026-08-29T12:54:09.930228Z,753,124.2,2419,OK,OK,OK
2026-08-29T12:54:15.312175Z,771,124.3,2447,OK,OK,OK
2026-08-29T12:54:20.703012Z,765,124.3,2447,OK,OK,OK
2026-08-29T12:54:26.089366Z,775,124.2,2447,OK,OK,OK
2026-08-29T12:54:31.491834Z,762,124.3,2436,OK,OK,OK
2026-08-29T12:54:36.876886Z,757,124.3,2436,OK,OK,OK
2026-08-29T12:54:42.263490Z,761,124.3,2503,OK,OK,OK
2026-08-29T12:54:47.632405Z,758,124.3,2503,OK,OK,OK
2026-08-29T12:54:53.015728Z,755,124.3,2503,OK,OK,OK
2026-08-29T12:54:58.403412Z,755,124.3,2536,OK,OK,OK
2026-08-29T12:55:03.769777Z,754,124.3,2536,OK,OK,OK
2026-08-29T12:55:09.152883Z,756,124.3,2537,OK,OK,OK
2026-08-29T12:55:14.631168Z,750,124.3,2537,OK,OK,OK
2026-08-29T12:55:20.017481Z,748,124.3,2537,OK,OK,OK
2026-08-29T12:55:25.388187Z,750,124.3,2551,OK,OK,OK
2026-08-29T12:55:30.801332Z,745,124.3,2551,OK,OK,OK
2026-08-29T12:55:36.193103Z,745,124.3,2697,OK,OK,OK
2026-08-29T12:55:41.571032Z,745,124.3,2697,OK,OK,OK
2026-08-29T12:55:46.940895Z,740,124.3,2668,OK,OK,OK
2026-08-29T12:55:52.316690Z,743,124.3,2668,OK,OK,OK
2026-08-29T12:55:57.704902Z,736,124.2,2668,OK,OK,OK
2026-08-29T12:56:03.068896Z,734,124.3,2694,OK,OK,OK
2026-08-29T12:56:08.447704Z,733,124.2,2694,OK,OK,OK
2026-08-29T12:56:13.850166Z,733,124.3,2756,OK,OK,OK
2026-08-29T12:56:19.226413Z,738,124.3,2756,OK,OK,OK
2026-08-29T12:56:24.629401Z,732,124.3,2756,OK,OK,OK
2026-08-29T12:56:30.003689Z,733,124.2,2808,OK,OK,OK
2026-08-29T12:56:35.379746Z,735,124.2,2808,OK,OK,OK
2026-08-29T12:56:40.745598Z,734,124.2,2806,OK,OK,OK
2026-08-29T12:56:46.120554Z,738,124.2,2806,OK,OK,OK
2026-08-29T12:56:51.507100Z,736,124.0,2806,OK,OK,OK
2026-08-29T12:56:56.883906Z,735,124.2,2871,OK,OK,OK
2026-08-29T12:57:02.255406Z,735,124.2,2871,OK,OK,OK
2026-08-29T12:57:07.629810Z,737,124.2,2937,OK,OK,OK
2026-08-29T12:57:13.042103Z,734,124.3,2937,OK,OK,OK
2026-08-29T12:57:18.407223Z,738,124.3,3065,OK,OK,OK
2026-08-29T12:57:23.788858Z,735,124.2,3065,OK,OK,OK
2026-08-29T12:57:29.158812Z,734,124.3,3065,OK,OK,OK
2026-08-29T12:57:34.566602Z,737,124.2,3025,OK,OK,OK
2026-08-29T12:57:39.937100Z,733,124.2,3025,OK,OK,OK
2026-08-29T12:57:45.308965Z,734,124.3,3136,OK,OK,OK
2026-08-29T12:57:50.710197Z,734,124.3,3136,OK,OK,OK
2026-08-29T12:57:56.094147Z,734,124.3,3182,OK,OK,OK
2026-08-29T12:58:01.478363Z,733,124.3,3182,OK,OK,OK
2026-08-29T12:58:06.886521Z,736,124.3,3182,OK,OK,OK
2026-08-29T12:58:12.279673Z,732,124.3,3227,OK,OK,OK
2026-08-29T12:58:17.670806Z,735,124.3,3227,OK,OK,OK
2026-08-29T12:58:23.061499Z,733,124.2,3286,OK,OK,OK
2026-08-29T12:58:28.436607Z,731,124.3,3286,OK,OK,OK
2026-08-29T12:58:33.801268Z,735,124.3,3286,OK,OK,OK
2026-08-29T12:58:39.187737Z,733,124.3,3349,OK,OK,OK
2026-08-29T12:58:44.571228Z,736,124.3,3349,OK,OK,OK
2026-08-29T12:58:49.973738Z,736,124.3,3411,OK,OK,OK
2026-08-29T12:58:55.347186Z,739,124.3,3411,OK,OK,OK
2026-08-29T12:59:00.716316Z,737,124.3,3411,OK,OK,OK
2026-08-29T12:59:06.113406Z,740,124.3,3459,OK,OK,OK
2026-08-29T12:59:11.480805Z,736,124.3,3459,OK,OK,OK
2026-08-29T12:59:16.857091Z,739,124.3,3489,OK,OK,OK
2026-08-29T12:59:22.231717Z,736,124.1,3489,OK,OK,OK
2026-08-29T12:59:27.607582Z,737,124.2,3528,OK,OK,OK
2026-08-29T12:59:32.988738Z,740,124.1,3528,OK,OK,OK
2026-08-29T12:59:38.368135Z,739,124.3,3528,OK,OK,OK
2026-08-29T12:59:43.774484Z,738,124.3,3556,OK,OK,OK
2026-08-29T12:59:49.148469Z,736,124.3,3556,OK,OK,OK
2026-08-29T12:59:54.534801Z,736,124.3,3572,OK,OK,OK
2026-08-29T12:59:59.932074Z,742,124.3,3572,OK,OK,OK
2026-08-29T13:00:05.331818Z,736,124.3,3572,OK,OK,OK
2026-08-29T13:00:10.700930Z,739,124.3,3586,OK,OK,OK
2026-08-29T13:00:16.096927Z,741,124.4,3586,OK,OK,OK
2026-08-29T13:00:21.499463Z,736,124.4,3633,OK,OK,OK
2026-08-29T13:00:26.869930Z,737,124.4,3633,OK,OK,OK
2026-08-29T13:00:32.256062Z,737,124.3,3633,OK,OK,OK
2026-08-29T13:00:37.658983Z,739,124.4,3656,OK,OK,OK
2026-08-29T13:00:43.041549Z,742,124.3,3656,OK,OK,OK
2026-08-29T13:00:48.445207Z,740,124.3,3677,OK,OK,OK
2026-08-29T13:00:53.807179Z,740,124.3,3677,OK,OK,OK
2026-08-29T13:00:59.214176Z,738,124.3,3561,OK,OK,OK
2026-08-29T13:01:04.583652Z,738,124.4,3561,OK,OK,OK
2026-08-29T13:01:09.967668Z,739,124.3,3561,OK,OK,OK
2026-08-29T13:01:15.358994Z,739,124.3,3698,OK,OK,OK
2026-08-29T13:01:20.762291Z,741,124.3,3698,OK,OK,OK
2026-08-29T13:01:26.143251Z,738,124.3,3695,OK,OK,OK
2026-08-29T13:01:31.548499Z,739,124.3,3695,OK,OK,OK
2026-08-29T13:01:36.952626Z,737,124.3,3695,OK,OK,OK
2026-08-29T13:01:42.334523Z,738,124.3,3694,OK,OK,OK
2026-08-29T13:01:47.719692Z,734,124.4,3694,OK,OK,OK
2026-08-29T13:01:53.106657Z,735,124.3,3787,OK,OK,OK
2026-08-29T13:01:58.509285Z,736,124.4,3787,OK,OK,OK
2026-08-29T13:02:03.876829Z,738,124.3,3869,OK,OK,OK
2026-08-29T13:02:09.267234Z,738,124.3,3869,OK,OK,OK
2026-08-29T13:02:14.657103Z,735,124.3,3869,OK,OK,OK
2026-08-29T13:02:20.027709Z,736,124.3,3872,OK,OK,OK
2026-08-29T13:02:25.414200Z,734,124.3,3872,OK,OK,OK
2026-08-29T13:02:30.784700Z,736,124.3,3854,OK,OK,OK
2026-08-29T13:02:36.171268Z,737,124.3,3854,OK,OK,OK
2026-08-29T13:02:41.557783Z,736,124.3,3854,OK,OK,OK
2026-08-29T13:02:46.933542Z,740,124.3,3901,OK,OK,OK
2026-08-29T13:02:52.326874Z,741,124.3,3901,OK,OK,OK
2026-08-29T13:02:57.700532Z,735,124.3,3895,OK,OK,OK
2026-08-29T13:03:03.069102Z,740,124.3,3895,OK,OK,OK
2026-08-29T13:03:08.460902Z,740,124.2,3895,OK,OK,OK
2026-08-29T13:03:13.860690Z,738,124.3,4037,OK,OK,OK
2026-08-29T13:03:19.247392Z,737,124.2,4037,OK,OK,OK
2026-08-29T13:03:24.633921Z,737,124.2,4011,OK,OK,OK
2026-08-29T13:03:30.020386Z,734,124.2,4011,OK,OK,OK
2026-08-29T13:03:35.406818Z,737,124.2,4011,OK,OK,OK
2026-08-29T13:03:40.777283Z,736,124.2,4016,OK,OK,OK
2026-08-29T13:03:46.161459Z,734,124.1,4016,OK,OK,OK
2026-08-29T13:03:51.547378Z,737,124.1,4074,OK,OK,OK
2026-08-29T13:03:56.932573Z,735,124.1,4074,OK,OK,OK
2026-08-29T13:04:02.337058Z,736,124.1,4095,OK,OK,OK
2026-08-29T13:04:07.716674Z,736,124.2,4095,OK,OK,OK
2026-08-29T13:04:13.098237Z,737,124.3,4095,OK,OK,OK
2026-08-29T13:04:18.468782Z,737,124.2,4133,OK,OK,OK
2026-08-29T13:04:23.871357Z,736,124.2,4133,OK,OK,OK
2026-08-29T13:04:29.257856Z,736,124.2,4074,OK,OK,OK
2026-08-29T13:04:34.628320Z,739,124.2,4074,OK,OK,OK
2026-08-29T13:04:40.006856Z,737,124.3,4074,OK,OK,OK
2026-08-29T13:04:45.381541Z,738,124.3,4190,OK,OK,OK
2026-08-29T13:04:50.770865Z,734,124.3,4190,OK,OK,OK
2026-08-29T13:04:56.151064Z,740,124.3,4192,OK,OK,OK
2026-08-29T13:05:01.565470Z,737,123.9,4192,OK,OK,OK
2026-08-29T13:05:06.973697Z,736,124.1,4192,OK,OK,OK
2026-08-29T13:05:12.339335Z,734,124.2,4293,OK,OK,OK
2026-08-29T13:05:17.708661Z,732,124.1,4293,OK,OK,OK
2026-08-29T13:05:23.081816Z,736,124.1,4300,OK,OK,OK
2026-08-29T13:05:28.464974Z,734,124.2,4300,OK,OK,OK
2026-08-29T13:05:33.855634Z,737,124.2,4336,OK,OK,OK
2026-08-29T13:05:39.245299Z,733,124.2,4336,OK,OK,OK
2026-08-29T13:05:44.620036Z,733,124.2,4336,OK,OK,OK
2026-08-29T13:05:50.017208Z,737,124.3,4392,OK,OK,OK
2026-08-29T13:05:55.404209Z,735,124.2,4392,OK,OK,OK
2026-08-29T13:06:00.783853Z,734,124.2,4579,OK,OK,OK
2026-08-29T13:06:06.191046Z,736,124.2,4579,OK,OK,OK
2026-08-29T13:06:11.575668Z,737,124.1,4579,OK,OK,OK
2026-08-29T13:06:16.973854Z,741,124.2,4535,OK,OK,OK
2026-08-29T13:06:22.349408Z,735,124.2,4535,OK,OK,OK
2026-08-29T13:06:27.735845Z,737,124.1,4665,OK,OK,OK
2026-08-29T13:06:33.106353Z,734,124.1,4665,OK,OK,OK
2026-08-29T13:06:38.476863Z,733,124.1,4665,OK,OK,OK
2026-08-29T13:06:43.863511Z,732,124.1,4602,OK,OK,OK
2026-08-29T13:06:49.254829Z,735,124.2,4602,OK,OK,OK
2026-08-29T13:06:54.649385Z,735,124.2,4713,OK,OK,OK
2026-08-29T13:07:00.045021Z,737,124.2,4713,OK,OK,OK
2026-08-29T13:07:05.422812Z,734,124.3,4671,OK,OK,OK
2026-08-29T13:07:10.803905Z,738,124.3,4671,OK,OK,OK
2026-08-29T13:07:16.216379Z,736,124.3,4671,OK,OK,OK
2026-08-29T13:07:21.624620Z,733,124.3,4929,OK,OK,OK
2026-08-29T13:07:26.987453Z,739,124.3,4929,OK,OK,OK
2026-08-29T13:07:32.367317Z,734,124.3,4929,OK,OK,OK
2026-08-29T13:07:37.762479Z,734,124.3,4929,OK,OK,OK
2026-08-29T13:07:43.147166Z,738,124.3,4929,OK,OK,OK
2026-08-29T13:07:48.533612Z,734,124.3,5003,OK,OK,OK
2026-08-29T13:07:53.909462Z,733,124.3,5003,OK,OK,OK
2026-08-29T13:07:59.293124Z,733,124.3,5059,OK,OK,OK
2026-08-29T13:08:04.661211Z,734,124.3,5059,OK,OK,OK
2026-08-29T13:08:10.038054Z,730,124.3,5059,OK,OK,OK
2026-08-29T13:08:15.411130Z,732,124.3,5072,OK,OK,OK
2026-08-29T13:08:20.788560Z,733,124.3,5072,OK,OK,OK
2026-08-29T13:08:26.159061Z,734,124.3,5100,OK,OK,OK
2026-08-29T13:08:31.537438Z,734,124.3,5100,OK,OK,OK
2026-08-29T13:08:36.916804Z,731,124.3,5160,OK,OK,OK
2026-08-29T13:08:42.294920Z,734,124.3,5160,OK,OK,OK
2026-08-29T13:08:47.686880Z,733,124.3,5160,OK,OK,OK
2026-08-29T13:08:53.059172Z,731,124.3,5204,OK,OK,OK
2026-08-29T13:08:58.433484Z,732,124.3,5204,OK,OK,OK
2026-08-29T13:09:03.815045Z,731,124.3,5254,OK,OK,OK
2026-08-29T13:09:09.241744Z,734,124.3,5254,OK,OK,OK
2026-08-29T13:09:14.644577Z,732,124.3,5254,OK,OK,OK
2026-08-29T13:09:20.009284Z,732,124.3,5294,OK,OK,OK
2026-08-29T13:09:25.389094Z,732,124.3,5294,OK,OK,OK
2026-08-29T13:09:30.764703Z,733,124.3,5327,OK,OK,OK
2026-08-29T13:09:36.141395Z,734,124.3,5327,OK,OK,OK
2026-08-29T13:09:41.513134Z,741,124.3,5327,OK,OK,OK
2026-08-29T13:09:46.892337Z,734,124.3,5373,OK,OK,OK
2026-08-29T13:09:52.259298Z,735,124.4,5373,OK,OK,OK
2026-08-29T13:09:57.641030Z,738,124.3,5431,OK,OK,OK
2026-08-29T13:10:03.036372Z,734,124.3,5431,OK,OK,OK
2026-08-29T13:10:08.442734Z,735,124.3,5460,OK,OK,OK
2026-08-29T13:10:13.824399Z,734,124.3,5460,OK,OK,OK
2026-08-29T13:10:19.202848Z,736,124.3,5460,OK,OK,OK
2026-08-29T13:10:24.588482Z,737,124.3,5472,OK,OK,OK
2026-08-29T13:10:29.997372Z,734,124.3,5472,OK,OK,OK
2026-08-29T13:10:35.352593Z,735,124.3,5518,OK,OK,OK
2026-08-29T13:10:40.722888Z,734,124.3,5518,OK,OK,OK
2026-08-29T13:10:46.100393Z,732,124.3,5518,OK,OK,OK
2026-08-29T13:10:51.478275Z,729,124.4,5549,OK,OK,OK
2026-08-29T13:10:56.857745Z,732,124.4,5549,OK,OK,OK
2026-08-29T13:11:02.251411Z,731,124.3,5581,OK,OK,OK
2026-08-29T13:11:07.630855Z,735,124.4,5581,OK,OK,OK
2026-08-29T13:11:12.999764Z,730,124.4,5609,OK,OK,OK
2026-08-29T13:11:18.408847Z,741,124.3,5609,OK,OK,OK
2026-08-29T13:11:23.790468Z,732,124.3,5609,OK,OK,OK
2026-08-29T13:11:29.164800Z,732,124.3,5637,OK,OK,OK
2026-08-29T13:11:34.576772Z,736,124.3,5637,OK,OK,OK
2026-08-29T13:11:39.949931Z,732,124.3,5673,OK,OK,OK
2026-08-29T13:11:45.339490Z,735,124.3,5673,OK,OK,OK
2026-08-29T13:11:50.698287Z,737,124.3,5673,OK,OK,OK
2026-08-29T13:11:56.077313Z,739,124.3,5701,OK,OK,OK
2026-08-29T13:12:01.457575Z,732,124.3,5701,OK,OK,OK
2026-08-29T13:12:06.818321Z,738,124.4,5719,OK,OK,OK
2026-08-29T13:12:12.220741Z,737,124.4,5719,OK,OK,OK
2026-08-29T13:12:17.600136Z,734,124.4,5719,OK,OK,OK
2026-08-29T13:12:22.993666Z,740,124.4,5740,OK,OK,OK
2026-08-29T13:12:28.374426Z,736,124.4,5740,OK,OK,OK
2026-08-29T13:12:33.794070Z,739,124.4,5747,OK,OK,OK
2026-08-29T13:12:39.190147Z,736,124.4,5747,OK,OK,OK
2026-08-29T13:12:44.579251Z,735,124.4,5747,OK,OK,OK
2026-08-29T13:12:49.969938Z,740,124.4,5771,OK,OK,OK
2026-08-29T13:12:55.339854Z,734,124.4,5771,OK,OK,OK
2026-08-29T13:13:00.715605Z,732,124.3,5787,OK,OK,OK
2026-08-29T13:13:06.100678Z,734,124.3,5787,OK,OK,OK
2026-08-29T13:13:11.487993Z,733,124.3,5790,OK,OK,OK
2026-08-29T13:13:16.890544Z,731,124.4,5790,OK,OK,OK
2026-08-29T13:13:22.282151Z,730,124.4,5790,OK,OK,OK
2026-08-29T13:13:27.647468Z,736,124.4,5815,OK,OK,OK
2026-08-29T13:13:33.057545Z,735,124.4,5815,OK,OK,OK
2026-08-29T13:13:38.433696Z,734,124.4,5835,OK,OK,OK
2026-08-29T13:13:43.809069Z,733,124.4,5835,OK,OK,OK
2026-08-29T13:13:49.188087Z,737,124.4,5835,OK,OK,OK
2026-08-29T13:13:54.591903Z,731,124.4,5631,OK,OK,OK
2026-08-29T13:13:59.969139Z,732,124.4,5631,OK,OK,OK
2026-08-29T13:14:05.361144Z,733,124.4,5683,OK,OK,OK
2026-08-29T13:14:10.739810Z,651,124.4,5683,OK,OK,OK
2026-08-29T13:14:16.130791Z,653,124.4,5683,OK,OK,OK
2026-08-29T13:14:21.499337Z,650,124.4,5690,OK,OK,OK
2026-08-29T13:14:26.878170Z,652,124.1,5690,OK,OK,OK
2026-08-29T13:14:32.259686Z,654,124.3,5716,OK,OK,OK
2026-08-29T13:14:37.634432Z,647,124.2,5716,OK,OK,OK
2026-08-29T13:14:43.010395Z,650,124.3,5724,OK,OK,OK
2026-08-29T13:14:48.389041Z,654,124.3,5724,OK,OK,OK
2026-08-29T13:14:53.771994Z,649,124.3,5724,OK,OK,OK
2026-08-29T13:14:59.145499Z,651,124.3,5805,OK,OK,OK
2026-08-29T13:15:04.544679Z,650,124.2,5805,OK,OK,OK
2026-08-29T13:15:09.937591Z,650,124.1,5813,OK,OK,OK
2026-08-29T13:15:15.315744Z,652,124.1,5813,OK,OK,OK
2026-08-29T13:15:20.679040Z,650,124.1,5813,OK,OK,OK
2026-08-29T13:15:26.071266Z,652,124.1,5964,OK,OK,OK
2026-08-29T13:15:31.473967Z,650,124.1,5964,OK,OK,OK
2026-08-29T13:15:36.849417Z,647,124.1,5814,OK,OK,OK
2026-08-29T13:15:42.228536Z,650,124.1,5814,OK,OK,OK
2026-08-29T13:15:47.603074Z,650,124.0,5884,OK,OK,OK
2026-08-29T13:15:52.988040Z,649,124.0,5884,OK,OK,OK
2026-08-29T13:15:58.358641Z,650,124.1,5884,OK,OK,OK
2026-08-29T13:16:03.745032Z,649,124.0,5828,OK,OK,OK
2026-08-29T13:16:09.125140Z,649,124.0,5828,OK,OK,OK
2026-08-29T13:16:14.524299Z,652,124.1,5840,OK,OK,OK
2026-08-29T13:16:19.893831Z,653,124.1,5840,OK,OK,OK
2026-08-29T13:16:25.263601Z,650,124.1,5840,OK,OK,OK
2026-08-29T13:16:30.637869Z,652,124.1,6058,OK,OK,OK
2026-08-29T13:16:36.016297Z,651,124.1,6058,OK,OK,OK
2026-08-29T13:16:41.382772Z,648,124.1,5917,OK,OK,OK
2026-08-29T13:16:46.772477Z,650,124.2,5917,OK,OK,OK
2026-08-29T13:16:52.152019Z,646,124.2,5917,OK,OK,OK
2026-08-29T13:16:57.527827Z,651,124.2,5928,OK,OK,OK
2026-08-29T13:17:02.908122Z,650,124.3,5928,OK,OK,OK
2026-08-29T13:17:08.303613Z,650,124.1,6033,OK,OK,OK
2026-08-29T13:17:13.658152Z,651,124.2,6033,OK,OK,OK
2026-08-29T13:17:19.044867Z,647,124.1,6192,OK,OK,OK
2026-08-29T13:17:24.431992Z,649,124.1,6192,OK,OK,OK
2026-08-29T13:17:29.801929Z,650,124.1,6192,OK,OK,OK
2026-08-29T13:17:35.188395Z,650,124.2,6035,OK,OK,OK
2026-08-29T13:17:40.599676Z,651,124.2,6035,OK,OK,OK
2026-08-29T13:17:45.993418Z,650,124.1,6068,OK,OK,OK
2026-08-29T13:17:51.358920Z,648,124.1,6068,OK,OK,OK
2026-08-29T13:17:56.758051Z,652,124.1,6072,OK,OK,OK
2026-08-29T13:18:02.161803Z,648,124.2,6072,OK,OK,OK
2026-08-29T13:18:07.534979Z,651,124.2,6072,OK,OK,OK
2026-08-29T13:18:12.934395Z,650,124.2,6092,OK,OK,OK
2026-08-29T13:18:18.326464Z,651,124.2,6092,OK,OK,OK
2026-08-29T13:18:23.718536Z,654,124.2,6314,OK,OK,OK
2026-08-29T13:18:29.075986Z,651,124.2,6314,OK,OK,OK
2026-08-29T13:18:34.456791Z,652,124.2,6314,OK,OK,OK
2026-08-29T13:18:39.859057Z,652,124.2,6336,OK,OK,OK
2026-08-29T13:18:45.229002Z,650,124.2,6336,OK,OK,OK
2026-08-29T13:18:50.611334Z,650,124.2,6358,OK,OK,OK
2026-08-29T13:18:55.998128Z,650,124.3,6358,OK,OK,OK
2026-08-29T13:19:01.389391Z,650,124.2,6358,OK,OK,OK
2026-08-29T13:19:06.748823Z,651,124.2,6374,OK,OK,OK
2026-08-29T13:19:12.137942Z,654,124.3,6374,OK,OK,OK
2026-08-29T13:19:17.529049Z,649,124.3,6401,OK,OK,OK
2026-08-29T13:19:22.908333Z,654,124.3,6401,OK,OK,OK
2026-08-29T13:19:28.288264Z,652,124.3,6401,OK,OK,OK
2026-08-29T13:19:33.679471Z,652,124.3,6415,OK,OK,OK
2026-08-29T13:19:39.075900Z,655,124.3,6415,OK,OK,OK
2026-08-29T13:19:44.438105Z,650,124.3,6431,OK,OK,OK
2026-08-29T13:19:49.813354Z,650,124.3,6431,OK,OK,OK
2026-08-29T13:19:55.190992Z,649,124.3,6470,OK,OK,OK
2026-08-29T13:20:00.556567Z,650,124.2,6470,OK,OK,OK
2026-08-29T13:20:05.948024Z,651,124.2,6470,OK,OK,OK
2026-08-29T13:20:11.318633Z,652,124.2,6476,OK,OK,OK
2026-08-29T13:20:16.698105Z,651,124.2,6476,OK,OK,OK
2026-08-29T13:20:22.107865Z,652,124.3,6500,OK,OK,OK
2026-08-29T13:20:27.494281Z,651,124.3,6500,OK,OK,OK
2026-08-29T13:20:32.891816Z,657,124.3,6500,OK,OK,OK
2026-08-29T13:20:38.267389Z,650,124.3,6522,OK,OK,OK
2026-08-29T13:20:43.648875Z,649,124.3,6522,OK,OK,OK
2026-08-29T13:20:49.040587Z,651,124.3,6542,OK,OK,OK
2026-08-29T13:20:54.427054Z,648,124.3,6542,OK,OK,OK
2026-08-29T13:20:59.785986Z,652,124.3,6570,OK,OK,OK
2026-08-29T13:21:05.164101Z,652,124.3,6570,OK,OK,OK
2026-08-29T13:21:10.538728Z,652,124.3,6570,OK,OK,OK
2026-08-29T13:21:15.927865Z,659,124.3,6559,OK,OK,OK
2026-08-29T13:21:21.346366Z,653,124.3,6559,OK,OK,OK
2026-08-29T13:21:26.714518Z,650,124.3,6591,OK,OK,OK
2026-08-29T13:21:32.092705Z,651,124.3,6591,OK,OK,OK
2026-08-29T13:21:37.453087Z,651,124.3,6591,OK,OK,OK
2026-08-29T13:21:42.841955Z,654,124.3,6656,OK,OK,OK
2026-08-29T13:21:48.264364Z,655,124.3,6656,OK,OK,OK
2026-08-29T13:21:53.650497Z,652,124.3,6680,OK,OK,OK
2026-08-29T13:21:59.015566Z,651,124.3,6680,OK,OK,OK
2026-08-29T13:22:04.399129Z,655,124.3,6680,OK,OK,OK
2026-08-29T13:22:09.787926Z,653,124.3,6699,OK,OK,OK
2026-08-29T13:22:15.178416Z,650,124.3,6699,OK,OK,OK
2026-08-29T13:22:20.574747Z,652,124.3,6727,OK,OK,OK
2026-08-29T13:22:25.953724Z,652,124.3,6727,OK,OK,OK
2026-08-29T13:22:31.334085Z,653,124.3,6711,OK,OK,OK
2026-08-29T13:22:36.693605Z,650,124.3,6711,OK,OK,OK
2026-08-29T13:22:42.086590Z,650,124.3,6711,OK,OK,OK
2026-08-29T13:22:47.488466Z,653,124.3,6749,OK,OK,OK
2026-08-29T13:22:52.865434Z,649,124.4,6749,OK,OK,OK
2026-08-29T13:22:58.244439Z,652,124.3,6773,OK,OK,OK
2026-08-29T13:23:03.627804Z,652,124.3,6773,OK,OK,OK
2026-08-29T13:23:09.007919Z,653,124.4,6773,OK,OK,OK
2026-08-29T13:23:14.378625Z,651,124.4,6785,OK,OK,OK
2026-08-29T13:23:19.765234Z,650,124.3,6785,OK,OK,OK
2026-08-29T13:23:25.148667Z,649,124.3,6653,OK,OK,OK
2026-08-29T13:23:30.522318Z,655,124.3,6653,OK,OK,OK
2026-08-29T13:23:35.899825Z,656,124.4,6653,OK,OK,OK
2026-08-29T13:23:41.276697Z,653,124.4,6757,OK,OK,OK
2026-08-29T13:23:46.642918Z,652,124.4,6757,OK,OK,OK
2026-08-29T13:23:52.019920Z,650,124.3,6624,OK,OK,OK
2026-08-29T13:23:57.397555Z,651,124.3,6624,OK,OK,OK
2026-08-29T13:24:02.774416Z,788,124.4,6640,OK,OK,OK
2026-08-29T13:24:08.138343Z,779,124.4,6640,OK,OK,OK
2026-08-29T13:24:13.540832Z,778,124.3,6640,OK,OK,OK
2026-08-29T13:24:18.942479Z,779,124.3,6712,OK,OK,OK
2026-08-29T13:24:24.313192Z,776,124.3,6712,OK,OK,OK
2026-08-29T13:24:29.704861Z,778,124.3,6853,OK,OK,OK
2026-08-29T13:24:35.089689Z,777,124.3,6853,OK,OK,OK
2026-08-29T13:24:40.464833Z,776,124.3,6853,OK,OK,OK
2026-08-29T13:24:45.842848Z,779,124.3,6919,OK,OK,OK
2026-08-29T13:24:51.230755Z,780,124.3,6919,OK,OK,OK
2026-08-29T13:24:56.629731Z,776,124.3,6748,OK,OK,OK
2026-08-29T13:25:02.033555Z,775,124.3,6748,OK,OK,OK
2026-08-29T13:25:07.407274Z,776,124.3,6748,OK,OK,OK
2026-08-29T13:25:12.795719Z,778,124.3,6765,OK,OK,OK
2026-08-29T13:25:18.191907Z,776,124.3,6765,OK,OK,OK
2026-08-29T13:25:23.586455Z,774,124.4,6789,OK,OK,OK
2026-08-29T13:25:28.959335Z,662,124.3,6789,OK,OK,OK
2026-08-29T13:25:34.348018Z,660,124.3,6816,OK,OK,OK
2026-08-29T13:25:39.725257Z,660,124.3,6816,OK,OK,OK
2026-08-29T13:25:45.111920Z,661,124.1,6816,OK,OK,OK
2026-08-29T13:25:50.489067Z,659,124.1,6743,OK,OK,OK
2026-08-29T13:25:55.892550Z,662,124.1,6743,OK,OK,OK
2026-08-29T13:26:01.254072Z,660,124.1,6851,OK,OK,OK
2026-08-29T13:26:06.622559Z,660,124.1,6851,OK,OK,OK
2026-08-29T13:26:12.014552Z,663,124.1,6851,OK,OK,OK
2026-08-29T13:26:17.436927Z,668,124.1,6780,OK,OK,OK
2026-08-29T13:26:22.808257Z,657,124.1,6780,OK,OK,OK
2026-08-29T13:26:28.188450Z,657,124.1,6812,OK,OK,OK
2026-08-29T13:26:33.575016Z,658,124.1,6812,OK,OK,OK
2026-08-29T13:26:38.954395Z,658,124.0,6800,OK,OK,OK
2026-08-29T13:26:44.328911Z,660,124.1,6800,OK,OK,OK
2026-08-29T13:26:49.700465Z,661,124.1,6800,OK,OK,OK
2026-08-29T13:26:55.072525Z,660,124.1,6809,OK,OK,OK
2026-08-29T13:27:00.451787Z,660,124.2,6809,OK,OK,OK
2026-08-29T13:27:05.819988Z,663,124.1,6870,OK,OK,OK
2026-08-29T13:27:11.193057Z,663,124.1,6870,OK,OK,OK
2026-08-29T13:27:16.564638Z,660,124.1,6870,OK,OK,OK
2026-08-29T13:27:21.943429Z,662,124.1,6847,OK,OK,OK
2026-08-29T13:27:27.320657Z,663,124.1,6847,OK,OK,OK
2026-08-29T13:27:32.703820Z,659,124.3,6857,OK,OK,OK
2026-08-29T13:27:38.077856Z,660,124.3,6857,OK,OK,OK
2026-08-29T13:27:43.459489Z,660,124.3,6857,OK,OK,OK
2026-08-29T13:27:48.873679Z,658,124.3,6983,OK,OK,OK
2026-08-29T13:27:54.253575Z,663,124.3,6983,OK,OK,OK
2026-08-29T13:27:59.668121Z,658,124.3,6875,OK,OK,OK
2026-08-29T13:28:05.042633Z,661,124.3,6875,OK,OK,OK
2026-08-29T13:28:10.429073Z,659,124.3,6875,OK,OK,OK
2026-08-29T13:28:15.792636Z,652,124.3,6900,OK,OK,OK
2026-08-29T13:28:21.177147Z,650,124.3,6900,OK,OK,OK
2026-08-29T13:28:26.560559Z,650,124.3,7140,OK,OK,OK
2026-08-29T13:28:31.927189Z,649,124.3,7140,OK,OK,OK
2026-08-29T13:28:37.315153Z,650,124.3,7134,OK,OK,OK
2026-08-29T13:28:42.687780Z,651,124.3,7134,OK,OK,OK
2026-08-29T13:28:48.061485Z,649,124.2,7134,OK,OK,OK
2026-08-29T13:28:53.441386Z,654,124.2,7153,OK,OK,OK
2026-08-29T13:28:58.828004Z,649,124.3,7153,OK,OK,OK
2026-08-29T13:29:04.213094Z,652,124.3,7165,OK,OK,OK
2026-08-29T13:29:09.608295Z,650,124.3,7165,OK,OK,OK
2026-08-29T13:29:15.002209Z,649,124.3,7165,OK,OK,OK
2026-08-29T13:29:20.372505Z,652,124.3,7190,OK,OK,OK
2026-08-29T13:29:25.764219Z,650,124.3,7190,OK,OK,OK
2026-08-29T13:29:31.131593Z,652,124.3,7205,OK,OK,OK
2026-08-29T13:29:36.518841Z,652,124.3,7205,OK,OK,OK
2026-08-29T13:29:41.927739Z,650,124.3,7205,OK,OK,OK
2026-08-29T13:29:47.294244Z,651,124.3,7211,OK,OK,OK
2026-08-29T13:29:52.677207Z,652,124.3,7211,OK,OK,OK
2026-08-29T13:29:58.054831Z,652,124.3,7215,OK,OK,OK
2026-08-29T13:30:03.450184Z,653,124.3,7215,OK,OK,OK
2026-08-29T13:30:08.827583Z,650,124.3,7230,OK,OK,OK
2026-08-29T13:30:14.231556Z,654,124.3,7230,OK,OK,OK
2026-08-29T13:30:19.605842Z,653,124.3,7230,OK,OK,OK
2026-08-29T13:30:25.004329Z,652,124.3,7247,OK,OK,OK
2026-08-29T13:30:30.414771Z,652,124.3,7247,OK,OK,OK
2026-08-29T13:30:35.785526Z,655,124.2,7263,OK,OK,OK
2026-08-29T13:30:41.161655Z,649,124.3,7263,OK,OK,OK
2026-08-29T13:30:46.553934Z,654,124.3,7263,OK,OK,OK
2026-08-29T13:30:51.928935Z,652,124.3,7264,OK,OK,OK
2026-08-29T13:30:57.308386Z,651,124.3,7264,OK,OK,OK
2026-08-29T13:31:02.686045Z,649,124.3,7280,OK,OK,OK
2026-08-29T13:31:08.053504Z,651,124.3,7280,OK,OK,OK
2026-08-29T13:31:13.439274Z,650,124.3,7280,OK,OK,OK
2026-08-29T13:31:18.826438Z,662,124.3,7207,OK,OK,OK
2026-08-29T13:31:24.209491Z,650,124.3,7207,OK,OK,OK
2026-08-29T13:31:29.583348Z,651,124.3,7083,OK,OK,OK
2026-08-29T13:31:34.997598Z,655,124.2,7083,OK,OK,OK
2026-08-29T13:31:40.399192Z,651,124.2,7163,OK,OK,OK
2026-08-29T13:31:45.774695Z,649,124.2,7163,OK,OK,OK
2026-08-29T13:31:51.161570Z,649,124.2,7163,OK,OK,OK
2026-08-29T13:31:56.556011Z,649,124.3,7087,OK,OK,OK
2026-08-29T13:32:01.918402Z,649,124.3,7087,OK,OK,OK
2026-08-29T13:32:07.297336Z,652,124.3,7105,OK,OK,OK
2026-08-29T13:32:12.701216Z,658,124.3,7105,OK,OK,OK
2026-08-29T13:32:18.106543Z,651,124.3,7105,OK,OK,OK
2026-08-29T13:32:23.479146Z,649,124.3,7370,OK,OK,OK
2026-08-29T13:32:28.893045Z,658,124.3,7370,OK,OK,OK
2026-08-29T13:32:34.276688Z,656,124.3,7160,OK,OK,OK
2026-08-29T13:32:39.650862Z,660,124.6,7160,OK,OK,OK
2026-08-29T13:32:45.026173Z,754,124.5,7146,OK,OK,OK
2026-08-29T13:32:50.405970Z,760,124.6,7146,OK,OK,OK
2026-08-29T13:32:55.763524Z,768,124.5,7146,OK,OK,OK
2026-08-29T13:33:01.134005Z,773,124.5,7256,OK,OK,OK
2026-08-29T13:33:06.511500Z,779,124.5,7256,OK,OK,OK
2026-08-29T13:33:11.894379Z,769,124.4,7400,OK,OK,OK
2026-08-29T13:33:17.255198Z,767,124.4,7400,OK,OK,OK
2026-08-29T13:33:22.639986Z,767,124.4,7400,OK,OK,OK
2026-08-29T13:33:28.027084Z,762,124.4,7189,OK,OK,OK
2026-08-29T13:33:33.378070Z,762,124.4,7189,OK,OK,OK
2026-08-29T13:33:38.739511Z,761,124.5,7307,OK,OK,OK
2026-08-29T13:33:44.135478Z,763,124.4,7307,OK,OK,OK
2026-08-29T13:33:49.525381Z,757,124.6,7307,OK,OK,OK
2026-08-29T13:33:54.884396Z,763,124.6,7490,OK,OK,OK
2026-08-29T13:34:00.250631Z,753,124.6,7490,OK,OK,OK
2026-08-29T13:34:05.660514Z,755,124.6,7504,OK,OK,OK
2026-08-29T13:34:11.027475Z,752,124.6,7504,OK,OK,OK
2026-08-29T13:34:16.430003Z,753,124.7,7504,OK,OK,OK
2026-08-29T13:34:21.815719Z,750,124.6,7523,OK,OK,OK
2026-08-29T13:34:27.194495Z,749,124.6,7523,OK,OK,OK
2026-08-29T13:34:32.556994Z,746,124.7,7544,OK,OK,OK
2026-08-29T13:34:37.933608Z,747,124.6,7544,OK,OK,OK
2026-08-29T13:34:43.289227Z,743,124.6,7561,OK,OK,OK
2026-08-29T13:34:48.663279Z,742,124.7,7561,OK,OK,OK
2026-08-29T13:34:54.011447Z,743,124.7,7561,OK,OK,OK
2026-08-29T13:34:59.383413Z,738,124.7,7578,OK,OK,OK
2026-08-29T13:35:04.752494Z,739,124.7,7578,OK,OK,OK
2026-08-29T13:35:10.118718Z,740,124.6,7586,OK,OK,OK
2026-08-29T13:35:15.520386Z,740,124.6,7586,OK,OK,OK
2026-08-29T13:35:20.898014Z,744,124.6,7586,OK,OK,OK
2026-08-29T13:35:26.277997Z,742,124.6,7594,OK,OK,OK
2026-08-29T13:35:31.673284Z,742,124.6,7594,OK,OK,OK
2026-08-29T13:35:37.061143Z,741,124.6,7611,OK,OK,OK
2026-08-29T13:35:42.436588Z,743,124.6,7611,OK,OK,OK
2026-08-29T13:35:47.811372Z,746,124.6,7632,OK,OK,OK
2026-08-29T13:35:53.208650Z,742,124.6,7632,OK,OK,OK
2026-08-29T13:35:58.594194Z,746,124.6,7632,OK,OK,OK
2026-08-29T13:36:03.979073Z,744,124.7,7637,OK,OK,OK
2026-08-29T13:36:09.362972Z,733,124.6,7637,OK,OK,OK
2026-08-29T13:36:14.742614Z,737,124.6,7653,OK,OK,OK
2026-08-29T13:36:20.137656Z,737,124.6,7653,OK,OK,OK
2026-08-29T13:36:25.500104Z,736,124.6,7653,OK,OK,OK
2026-08-29T13:36:30.885215Z,736,124.6,7658,OK,OK,OK
2026-08-29T13:36:36.258497Z,736,124.6,7658,OK,OK,OK
2026-08-29T13:36:41.645087Z,737,124.6,7670,OK,OK,OK
2026-08-29T13:36:47.020769Z,736,124.6,7670,OK,OK,OK
2026-08-29T13:36:52.418287Z,733,124.6,7670,OK,OK,OK
2026-08-29T13:36:57.797437Z,734,124.6,7680,OK,OK,OK
2026-08-29T13:37:03.192088Z,735,124.6,7680,OK,OK,OK
2026-08-29T13:37:08.559191Z,737,124.6,7691,OK,OK,OK
2026-08-29T13:37:14.008030Z,738,124.6,7691,OK,OK,OK
2026-08-29T13:37:19.391635Z,738,124.6,7704,OK,OK,OK
2026-08-29T13:37:24.762886Z,736,124.6,7704,OK,OK,OK
2026-08-29T13:37:30.148181Z,737,124.6,7704,OK,OK,OK
2026-08-29T13:37:35.513605Z,735,124.6,7720,OK,OK,OK
2026-08-29T13:37:40.896420Z,740,124.6,7720,OK,OK,OK
2026-08-29T13:37:46.274429Z,736,124.6,7728,OK,OK,OK
2026-08-29T13:37:51.649581Z,736,124.6,7728,OK,OK,OK
2026-08-29T13:37:57.026041Z,737,124.6,7728,OK,OK,OK
2026-08-29T13:38:02.396670Z,735,124.6,7724,OK,OK,OK
2026-08-29T13:38:07.785275Z,736,124.6,7724,OK,OK,OK
2026-08-29T13:38:13.173808Z,737,124.6,7758,OK,OK,OK
2026-08-29T13:38:18.544899Z,735,124.6,7758,OK,OK,OK
2026-08-29T13:38:23.926493Z,737,124.6,7758,OK,OK,OK
2026-08-29T13:38:29.296823Z,737,124.6,7770,OK,OK,OK
2026-08-29T13:38:34.689545Z,737,124.7,7770,OK,OK,OK
2026-08-29T13:38:40.083851Z,742,124.7,7775,OK,OK,OK
2026-08-29T13:38:45.462565Z,738,124.7,7775,OK,OK,OK
2026-08-29T13:38:50.835549Z,739,124.7,7784,OK,OK,OK
2026-08-29T13:38:56.216244Z,738,124.6,7784,OK,OK,OK
2026-08-29T13:39:01.595002Z,736,124.6,7784,OK,OK,OK
2026-08-29T13:39:06.971114Z,737,124.6,7792,OK,OK,OK
2026-08-29T13:39:12.341085Z,740,124.6,7792,OK,OK,OK
2026-08-29T13:39:17.712220Z,738,124.7,7793,OK,OK,OK
2026-08-29T13:39:23.098089Z,738,124.6,7793,OK,OK,OK
2026-08-29T13:39:28.463921Z,738,124.6,7793,OK,OK,OK
2026-08-29T13:39:33.837965Z,739,124.6,7802,OK,OK,OK
2026-08-29T13:39:39.225677Z,739,124.6,7802,OK,OK,OK
2026-08-29T13:39:44.613656Z,739,124.6,7822,OK,OK,OK
2026-08-29T13:39:49.992849Z,738,124.6,7822,OK,OK,OK
2026-08-29T13:39:55.386744Z,741,124.6,7822,OK,OK,OK
2026-08-29T13:40:00.780521Z,740,124.6,7834,OK,OK,OK
2026-08-29T13:40:06.189606Z,741,124.6,7834,OK,OK,OK
2026-08-29T13:40:11.560601Z,740,124.6,7853,OK,OK,OK
2026-08-29T13:40:16.960021Z,736,124.6,7853,OK,OK,OK
2026-08-29T13:40:22.342806Z,735,124.6,7866,OK,OK,OK
2026-08-29T13:40:27.736583Z,744,124.6,7866,OK,OK,OK
2026-08-29T13:40:33.114310Z,742,124.6,7866,OK,OK,OK
2026-08-29T13:40:38.509731Z,741,124.7,7872,OK,OK,OK
2026-08-29T13:40:43.896357Z,739,124.7,7872,OK,OK,OK
2026-08-29T13:40:49.274937Z,739,124.7,7885,OK,OK,OK
2026-08-29T13:40:54.646970Z,736,124.6,7885,OK,OK,OK
2026-08-29T13:41:00.039969Z,735,124.7,7885,OK,OK,OK
2026-08-29T13:41:05.413110Z,743,124.8,7899,OK,OK,OK
2026-08-29T13:41:10.778297Z,739,124.8,7899,OK,OK,OK
2026-08-29T13:41:16.167687Z,749,124.8,7919,OK,OK,OK
2026-08-29T13:41:21.554075Z,738,124.8,7919,OK,OK,OK
2026-08-29T13:41:26.922262Z,686,124.6,7919,OK,OK,OK
2026-08-29T13:41:32.304998Z,676,124.7,7928,OK,OK,OK
2026-08-29T13:41:37.680469Z,679,124.7,7928,OK,OK,OK
2026-08-29T13:41:43.084236Z,677,124.6,7926,OK,OK,OK
2026-08-29T13:41:48.473274Z,677,124.7,7926,OK,OK,OK
2026-08-29T13:41:53.870917Z,678,124.7,7940,OK,OK,OK
2026-08-29T13:41:59.247379Z,678,124.7,7940,OK,OK,OK
2026-08-29T13:42:04.639986Z,679,124.6,7940,OK,OK,OK
2026-08-29T13:42:10.000739Z,672,124.6,7942,OK,OK,OK
2026-08-29T13:42:15.381099Z,675,124.7,7942,OK,OK,OK
2026-08-29T13:42:20.751704Z,677,124.7,7951,OK,OK,OK
2026-08-29T13:42:26.118534Z,677,124.8,7951,OK,OK,OK
2026-08-29T13:42:31.534756Z,676,124.7,7951,OK,OK,OK
2026-08-29T13:42:36.915308Z,683,124.6,7976,OK,OK,OK
2026-08-29T13:42:42.297718Z,678,124.7,7976,OK,OK,OK
2026-08-29T13:42:47.671540Z,678,124.7,7985,OK,OK,OK
2026-08-29T13:42:53.044761Z,677,124.6,7985,OK,OK,OK
2026-08-29T13:42:58.432987Z,677,124.6,7985,OK,OK,OK
2026-08-29T13:43:03.831506Z,679,124.6,8002,OK,OK,OK
2026-08-29T13:43:09.218029Z,678,124.6,8002,OK,OK,OK
2026-08-29T13:43:14.591945Z,678,124.6,8017,OK,OK,OK
2026-08-29T13:43:19.971365Z,679,124.7,8017,OK,OK,OK
2026-08-29T13:43:25.342899Z,678,124.7,8026,OK,OK,OK
2026-08-29T13:43:30.740480Z,676,124.7,8026,OK,OK,OK
2026-08-29T13:43:36.126447Z,674,124.7,8026,OK,OK,OK
2026-08-29T13:43:41.502293Z,677,124.7,8045,OK,OK,OK
2026-08-29T13:43:46.904725Z,676,124.7,8045,OK,OK,OK
2026-08-29T13:43:52.307269Z,676,124.7,8051,OK,OK,OK
2026-08-29T13:43:57.709633Z,674,124.7,8051,OK,OK,OK
2026-08-29T13:44:03.088245Z,677,124.7,8051,OK,OK,OK
2026-08-29T13:44:08.495479Z,673,124.7,8079,OK,OK,OK
2026-08-29T13:44:13.885037Z,673,124.7,8079,OK,OK,OK
2026-08-29T13:44:19.267813Z,675,124.7,8090,OK,OK,OK
2026-08-29T13:44:24.653430Z,677,124.8,8090,OK,OK,OK
2026-08-29T13:44:30.035351Z,678,124.7,8112,OK,OK,OK
2026-08-29T13:44:35.435079Z,678,124.7,8112,OK,OK,OK
2026-08-29T13:44:40.821078Z,674,124.7,8112,OK,OK,OK
2026-08-29T13:44:46.211314Z,678,124.8,8136,OK,OK,OK
2026-08-29T13:44:51.597306Z,675,124.8,8136,OK,OK,OK
2026-08-29T13:44:56.963072Z,675,124.8,8150,OK,OK,OK
2026-08-29T13:45:02.345015Z,680,124.8,8150,OK,OK,OK
2026-08-29T13:45:07.732841Z,674,124.7,8150,OK,OK,OK
2026-08-29T13:45:13.150791Z,677,124.7,8156,OK,OK,OK
2026-08-29T13:45:18.520327Z,676,124.7,8156,OK,OK,OK
2026-08-29T13:45:23.912161Z,683,124.7,8156,OK,OK,OK
2026-08-29T13:45:29.293358Z,675,124.7,8156,OK,OK,OK
2026-08-29T13:45:34.647798Z,675,124.7,8182,OK,OK,OK
2026-08-29T13:45:40.030141Z,677,124.7,8182,OK,OK,OK
2026-08-29T13:45:45.420801Z,682,124.7,8182,OK,OK,OK
2026-08-29T13:45:50.817283Z,675,124.7,7933,OK,OK,OK
2026-08-29T13:45:56.185549Z,675,124.8,7933,OK,OK,OK
2026-08-29T13:46:01.584098Z,675,124.7,7999,OK,OK,OK
2026-08-29T13:46:06.970121Z,677,124.8,7999,OK,OK,OK
2026-08-29T13:46:12.342278Z,676,124.7,7999,OK,OK,OK
2026-08-29T13:46:17.739969Z,685,124.8,8137,OK,OK,OK
2026-08-29T13:46:23.127150Z,680,124.7,8137,OK,OK,OK
2026-08-29T13:46:28.511534Z,676,124.8,7979,OK,OK,OK
2026-08-29T13:46:33.887832Z,674,124.8,7979,OK,OK,OK
2026-08-29T13:46:39.255360Z,671,124.8,7979,OK,OK,OK
2026-08-29T13:46:44.635973Z,675,124.7,8050,OK,OK,OK
2026-08-29T13:46:50.011105Z,680,124.6,8050,OK,OK,OK
2026-08-29T13:46:55.389582Z,674,124.6,7992,OK,OK,OK
2026-08-29T13:47:00.776349Z,676,124.6,7992,OK,OK,OK
2026-08-29T13:47:06.179398Z,676,124.6,8029,OK,OK,OK
2026-08-29T13:47:11.554073Z,674,124.7,8029,OK,OK,OK
2026-08-29T13:47:16.959876Z,676,124.7,8029,OK,OK,OK
2026-08-29T13:47:22.323904Z,672,124.7,8012,OK,OK,OK
2026-08-29T13:47:27.699940Z,677,124.6,8012,OK,OK,OK
2026-08-29T13:47:33.073804Z,675,124.6,8109,OK,OK,OK
2026-08-29T13:47:38.455948Z,673,124.6,8109,OK,OK,OK
2026-08-29T13:47:43.844662Z,677,124.6,8109,OK,OK,OK
2026-08-29T13:47:49.230225Z,675,124.6,8043,OK,OK,OK
2026-08-29T13:47:54.617780Z,672,124.6,8043,OK,OK,OK
2026-08-29T13:48:00.017508Z,672,124.6,8108,OK,OK,OK
2026-08-29T13:48:05.387550Z,676,124.6,8108,OK,OK,OK
2026-08-29T13:48:10.777133Z,681,124.6,8108,OK,OK,OK
2026-08-29T13:48:16.155490Z,678,124.6,8153,OK,OK,OK
2026-08-29T13:48:21.528194Z,682,124.6,8153,OK,OK,OK
2026-08-29T13:48:26.912909Z,675,124.7,8060,OK,OK,OK
2026-08-29T13:48:32.304936Z,676,124.7,8060,OK,OK,OK
2026-08-29T13:48:37.672198Z,675,124.7,8090,OK,OK,OK
2026-08-29T13:48:43.032632Z,676,124.8,8090,OK,OK,OK
2026-08-29T13:48:48.403231Z,676,124.8,8090,OK,OK,OK
2026-08-29T13:48:53.773740Z,678,124.8,8177,OK,OK,OK
2026-08-29T13:48:59.155146Z,678,124.8,8177,OK,OK,OK
2026-08-29T13:49:04.535528Z,674,124.8,8140,OK,OK,OK
2026-08-29T13:49:09.924883Z,678,124.7,8140,OK,OK,OK
2026-08-29T13:49:15.312545Z,673,124.8,8140,OK,OK,OK
2026-08-29T13:49:20.676979Z,676,124.8,8153,OK,OK,OK
2026-08-29T13:49:26.075737Z,677,124.8,8153,OK,OK,OK
2026-08-29T13:49:31.480678Z,675,124.8,8190,OK,OK,OK
2026-08-29T13:49:36.861401Z,673,124.8,8190,OK,OK,OK
2026-08-29T13:49:42.239568Z,676,124.7,8190,OK,OK,OK
2026-08-29T13:49:47.619934Z,671,124.8,8216,OK,OK,OK
2026-08-29T13:49:53.012659Z,672,124.8,8216,OK,OK,OK
2026-08-29T13:49:58.383228Z,673,124.8,8412,OK,OK,OK
2026-08-29T13:50:03.787558Z,671,124.8,8412,OK,OK,OK
2026-08-29T13:50:09.177708Z,676,124.7,8425,OK,OK,OK
2026-08-29T13:50:14.593253Z,674,124.7,8425,OK,OK,OK
2026-08-29T13:50:19.962718Z,672,124.7,8425,OK,OK,OK
2026-08-29T13:50:25.380234Z,676,124.7,8431,OK,OK,OK
2026-08-29T13:50:30.757053Z,674,124.7,8431,OK,OK,OK
2026-08-29T13:50:36.120076Z,673,124.7,8442,OK,OK,OK
2026-08-29T13:50:41.523913Z,673,124.8,8442,OK,OK,OK
2026-08-29T13:50:46.917073Z,676,124.8,8442,OK,OK,OK
2026-08-29T13:50:52.301492Z,681,124.7,8452,OK,OK,OK
2026-08-29T13:50:57.683457Z,590,124.6,8452,OK,OK,OK
2026-08-29T13:51:03.057320Z,591,124.6,8457,OK,OK,OK
2026-08-29T13:51:08.440590Z,592,124.6,8457,OK,OK,OK
2026-08-29T13:51:13.842784Z,593,124.6,8457,OK,OK,OK
2026-08-29T13:51:19.225525Z,599,124.7,8464,OK,OK,OK
2026-08-29T13:51:24.599943Z,591,124.7,8464,OK,OK,OK
2026-08-29T13:51:29.983335Z,590,124.6,8309,OK,OK,OK
2026-08-29T13:51:35.357740Z,592,124.6,8309,OK,OK,OK
2026-08-29T13:51:40.743413Z,590,124.7,8235,OK,OK,OK
2026-08-29T13:51:46.116374Z,592,124.7,8235,OK,OK,OK
2026-08-29T13:51:51.510373Z,593,124.6,8235,OK,OK,OK
2026-08-29T13:51:56.879418Z,591,124.6,8310,OK,OK,OK
2026-08-29T13:52:02.282828Z,592,124.6,8310,OK,OK,OK
2026-08-29T13:52:07.659798Z,590,124.6,8286,OK,OK,OK
2026-08-29T13:52:13.042176Z,593,124.6,8286,OK,OK,OK
2026-08-29T13:52:18.443878Z,596,124.6,8286,OK,OK,OK
2026-08-29T13:52:23.819818Z,592,124.7,8293,OK,OK,OK
2026-08-29T13:52:29.216384Z,591,124.7,8293,OK,OK,OK
2026-08-29T13:52:34.582003Z,594,124.7,8391,OK,OK,OK
2026-08-29T13:52:39.971017Z,589,124.6,8391,OK,OK,OK
2026-08-29T13:52:45.346122Z,592,124.7,8391,OK,OK,OK
2026-08-29T13:52:50.736177Z,597,124.7,8317,OK,OK,OK
2026-08-29T13:52:56.118944Z,594,124.7,8317,OK,OK,OK
2026-08-29T13:53:01.514502Z,595,124.7,8384,OK,OK,OK
2026-08-29T13:53:06.894806Z,592,124.6,8384,OK,OK,OK
2026-08-29T13:53:12.251471Z,590,124.7,8354,OK,OK,OK
2026-08-29T13:53:17.636561Z,595,124.7,8354,OK,OK,OK
2026-08-29T13:53:23.034751Z,592,124.7,8354,OK,OK,OK
2026-08-29T13:53:28.407066Z,593,124.7,8385,OK,OK,OK
2026-08-29T13:53:33.795853Z,594,124.7,8385,OK,OK,OK
2026-08-29T13:53:39.177064Z,592,124.8,8368,OK,OK,OK
2026-08-29T13:53:44.566576Z,595,124.8,8368,OK,OK,OK
2026-08-29T13:53:49.929991Z,594,124.8,8506,OK,OK,OK
2026-08-29T13:53:55.330187Z,590,124.8,8506,OK,OK,OK
2026-08-29T13:54:00.711264Z,592,124.8,8506,OK,OK,OK
2026-08-29T13:54:06.075054Z,592,124.8,8378,OK,OK,OK
2026-08-29T13:54:11.447864Z,592,124.7,8378,OK,OK,OK
2026-08-29T13:54:16.873539Z,594,124.8,8381,OK,OK,OK
2026-08-29T13:54:22.258192Z,592,124.7,8381,OK,OK,OK
2026-08-29T13:54:27.629398Z,595,124.8,8381,OK,OK,OK
2026-08-29T13:54:33.015128Z,590,124.8,8418,OK,OK,OK
2026-08-29T13:54:38.401659Z,593,124.8,8418,OK,OK,OK
2026-08-29T13:54:43.763098Z,592,124.8,8455,OK,OK,OK
2026-08-29T13:54:49.141108Z,594,124.8,8455,OK,OK,OK
2026-08-29T13:54:54.501303Z,591,124.7,8404,OK,OK,OK
2026-08-29T13:54:59.874262Z,591,124.8,8404,OK,OK,OK
2026-08-29T13:55:05.238196Z,596,124.8,8404,OK,OK,OK
2026-08-29T13:55:10.637379Z,592,124.7,8471,OK,OK,OK
2026-08-29T13:55:16.122934Z,591,124.8,8471,OK,OK,OK
2026-08-29T13:55:21.496762Z,592,124.8,8438,OK,OK,OK
2026-08-29T13:55:26.884387Z,595,124.8,8438,OK,OK,OK
2026-08-29T13:55:32.275738Z,591,124.7,8438,OK,OK,OK
2026-08-29T13:55:37.660830Z,591,124.8,8452,OK,OK,OK
2026-08-29T13:55:43.051523Z,592,124.8,8452,OK,OK,OK
2026-08-29T13:55:48.437976Z,590,124.8,8628,OK,OK,OK
2026-08-29T13:55:53.809935Z,594,124.7,8628,OK,OK,OK
2026-08-29T13:55:59.180312Z,592,124.8,8639,OK,OK,OK
2026-08-29T13:56:04.566755Z,593,124.7,8639,OK,OK,OK
2026-08-29T13:56:09.953182Z,595,124.8,8639,OK,OK,OK
2026-08-29T13:56:15.339741Z,592,124.8,8521,OK,OK,OK
2026-08-29T13:56:20.729369Z,595,124.7,8521,OK,OK,OK
2026-08-29T13:56:26.117254Z,592,124.7,8627,OK,OK,OK
2026-08-29T13:56:31.499244Z,595,124.7,8627,OK,OK,OK
2026-08-29T13:56:36.885627Z,591,124.7,8627,OK,OK,OK
2026-08-29T13:56:42.272155Z,595,124.7,8599,OK,OK,OK
2026-08-29T13:56:47.642646Z,591,124.8,8599,OK,OK,OK
2026-08-29T13:56:53.045118Z,591,124.7,8531,OK,OK,OK
2026-08-29T13:56:58.447556Z,590,124.6,8531,OK,OK,OK
2026-08-29T13:57:03.824936Z,591,124.6,8531,OK,OK,OK
2026-08-29T13:57:09.236478Z,593,124.6,8591,OK,OK,OK
2026-08-29T13:57:14.621146Z,596,124.8,8591,OK,OK,OK
2026-08-29T13:57:19.993538Z,592,124.7,8560,OK,OK,OK
2026-08-29T13:57:25.380143Z,594,124.7,8560,OK,OK,OK
2026-08-29T13:57:30.764299Z,590,124.7,8561,OK,OK,OK
2026-08-29T13:57:36.133234Z,592,124.7,8561,OK,OK,OK
2026-08-29T13:57:41.508214Z,593,124.7,8561,OK,OK,OK
2026-08-29T13:57:46.894249Z,591,124.6,8602,OK,OK,OK
2026-08-29T13:57:52.273092Z,591,124.6,8602,OK,OK,OK
2026-08-29T13:57:57.664875Z,592,124.7,8583,OK,OK,OK
2026-08-29T13:58:03.053844Z,593,124.6,8583,OK,OK,OK
2026-08-29T13:58:08.436560Z,591,124.6,8583,OK,OK,OK
2026-08-29T13:58:13.809925Z,594,124.6,8643,OK,OK,OK
2026-08-29T13:58:19.192447Z,594,124.6,8643,OK,OK,OK
2026-08-29T13:58:24.569722Z,593,124.6,8605,OK,OK,OK
2026-08-29T13:58:29.943667Z,590,124.6,8605,OK,OK,OK
2026-08-29T13:58:35.331137Z,593,124.6,8605,OK,OK,OK
2026-08-29T13:58:40.711357Z,588,124.6,8629,OK,OK,OK
2026-08-29T13:58:46.110360Z,592,124.6,8629,OK,OK,OK
2026-08-29T13:58:51.484276Z,594,124.5,8700,OK,OK,OK
2026-08-29T13:58:56.865610Z,590,124.5,8700,OK,OK,OK
2026-08-29T13:59:02.241343Z,590,124.6,8652,OK,OK,OK
2026-08-29T13:59:07.606337Z,590,124.5,8652,OK,OK,OK
2026-08-29T13:59:13.014498Z,591,124.6,8652,OK,OK,OK
2026-08-29T13:59:18.416824Z,592,124.6,8636,OK,OK,OK
2026-08-29T13:59:23.795243Z,591,124.6,8636,OK,OK,OK
2026-08-29T13:59:29.160548Z,590,124.6,8665,OK,OK,OK
2026-08-29T13:59:34.544877Z,590,124.6,8665,OK,OK,OK
2026-08-29T13:59:39.915075Z,591,124.6,8665,OK,OK,OK
2026-08-29T13:59:45.278952Z,591,124.6,8909,OK,OK,OK
2026-08-29T13:59:50.687960Z,594,124.6,8909,OK,OK,OK
2026-08-29T13:59:56.085579Z,595,124.6,8884,OK,OK,OK
2026-08-29T14:00:01.460960Z,591,124.6,8884,OK,OK,OK
2026-08-29T14:00:06.836774Z,590,124.6,8740,OK,OK,OK
2026-08-29T14:00:12.253549Z,592,124.6,8740,OK,OK,OK
2026-08-29T14:00:17.643143Z,596,124.6,8740,OK,OK,OK
2026-08-29T14:00:23.023283Z,589,124.6,8783,OK,OK,OK
2026-08-29T14:00:28.415004Z,591,124.6,8783,OK,OK,OK
2026-08-29T14:00:33.820563Z,594,124.6,8759,OK,OK,OK
2026-08-29T14:00:39.203338Z,590,124.6,8759,OK,OK,OK
2026-08-29T14:00:44.585152Z,594,124.6,8759,OK,OK,OK
2026-08-29T14:00:49.962594Z,592,124.6,8736,OK,OK,OK
2026-08-29T14:00:55.342221Z,593,124.6,8736,OK,OK,OK
2026-08-29T14:01:00.712675Z,592,124.6,8968,OK,OK,OK
2026-08-29T14:01:06.067910Z,589,124.6,8968,OK,OK,OK
2026-08-29T14:01:11.456941Z,594,124.6,8968,OK,OK,OK
2026-08-29T14:01:16.848902Z,600,124.6,8788,OK,OK,OK
2026-08-29T14:01:22.242032Z,596,124.6,8788,OK,OK,OK
2026-08-29T14:01:27.625502Z,594,124.6,8831,OK,OK,OK
2026-08-29T14:01:33.037297Z,592,124.6,8831,OK,OK,OK
2026-08-29T14:01:38.418377Z,594,124.4,8840,OK,OK,OK
2026-08-29T14:01:43.783132Z,591,124.3,8840,OK,OK,OK
2026-08-29T14:01:49.172511Z,594,124.4,8840,OK,OK,OK
2026-08-29T14:01:54.561805Z,591,124.4,8832,OK,OK,OK
2026-08-29T14:01:59.963036Z,592,124.4,8832,OK,OK,OK
2026-08-29T14:02:05.339169Z,592,124.3,9023,OK,OK,OK
2026-08-29T14:02:10.721377Z,592,124.3,9023,OK,OK,OK
2026-08-29T14:02:16.107930Z,591,124.3,9023,OK,OK,OK
2026-08-29T14:02:21.487206Z,592,124.3,8827,OK,OK,OK
2026-08-29T14:02:26.873884Z,594,124.3,8827,OK,OK,OK
2026-08-29T14:02:32.274975Z,590,124.3,8888,OK,OK,OK
2026-08-29T14:02:37.639119Z,591,124.3,8888,OK,OK,OK
2026-08-29T14:02:43.024301Z,595,124.4,8888,OK,OK,OK
2026-08-29T14:02:48.408357Z,591,124.3,8838,OK,OK,OK
2026-08-29T14:02:53.797297Z,591,124.3,8838,OK,OK,OK
2026-08-29T14:02:59.167889Z,592,124.3,8921,OK,OK,OK
2026-08-29T14:03:04.547928Z,592,124.3,8921,OK,OK,OK
2026-08-29T14:03:09.924802Z,593,124.3,8940,OK,OK,OK
2026-08-29T14:03:15.304513Z,593,124.3,8940,OK,OK,OK
2026-08-29T14:03:20.720016Z,592,124.3,8940,OK,OK,OK
2026-08-29T14:03:26.128299Z,591,124.3,8897,OK,OK,OK
2026-08-29T14:03:31.527372Z,592,124.3,8897,OK,OK,OK
2026-08-29T14:03:36.896494Z,592,124.3,8894,OK,OK,OK
2026-08-29T14:03:42.284893Z,594,124.3,8894,OK,OK,OK
2026-08-29T14:03:47.673538Z,593,124.3,8894,OK,OK,OK
2026-08-29T14:03:53.044000Z,594,124.3,8975,OK,OK,OK
2026-08-29T14:03:58.425321Z,590,124.3,8975,OK,OK,OK
2026-08-29T14:04:03.805780Z,591,124.4,8933,OK,OK,OK
2026-08-29T14:04:09.196176Z,590,124.3,8933,OK,OK,OK
2026-08-29T14:04:14.552515Z,590,124.4,8933,OK,OK,OK
2026-08-29T14:04:19.933248Z,592,124.3,8946,OK,OK,OK
2026-08-29T14:04:25.346683Z,591,124.3,8946,OK,OK,OK
2026-08-29T14:04:30.729167Z,592,124.3,8943,OK,OK,OK
2026-08-29T14:04:36.120079Z,589,124.3,8943,OK,OK,OK
2026-08-29T14:04:41.511909Z,594,124.3,8963,OK,OK,OK
2026-08-29T14:04:46.907650Z,595,124.3,8963,OK,OK,OK
2026-08-29T14:04:52.315031Z,593,124.3,8963,OK,OK,OK
2026-08-29T14:04:57.683263Z,592,124.4,8989,OK,OK,OK
2026-08-29T14:05:03.051385Z,599,124.4,8989,OK,OK,OK
2026-08-29T14:05:08.423004Z,596,124.3,9072,OK,OK,OK
2026-08-29T14:05:13.910087Z,594,124.4,9072,OK,OK,OK
2026-08-29T14:05:19.288411Z,590,124.4,9072,OK,OK,OK
2026-08-29T14:05:24.661627Z,591,124.4,9040,OK,OK,OK
2026-08-29T14:05:30.041101Z,592,124.4,9040,OK,OK,OK
2026-08-29T14:05:35.419676Z,595,124.4,9201,OK,OK,OK
2026-08-29T14:05:40.801324Z,589,124.4,9201,OK,OK,OK
2026-08-29T14:05:46.191389Z,593,124.4,9201,OK,OK,OK
2026-08-29T14:05:51.583788Z,591,124.4,9116,OK,OK,OK
2026-08-29T14:05:56.954309Z,591,124.3,9116,OK,OK,OK
2026-08-29T14:06:02.327023Z,592,124.3,9195,OK,OK,OK
2026-08-29T14:06:07.699845Z,588,124.3,9195,OK,OK,OK
2026-08-29T14:06:13.111899Z,592,124.3,9190,OK,OK,OK
2026-08-29T14:06:18.495866Z,601,124.3,9190,OK,OK,OK
2026-08-29T14:06:23.852783Z,590,124.3,9190,OK,OK,OK
2026-08-29T14:06:29.238525Z,592,124.3,9213,OK,OK,OK
2026-08-29T14:06:34.626001Z,591,124.3,9213,OK,OK,OK
2026-08-29T14:06:40.012432Z,592,124.3,9072,OK,OK,OK
2026-08-29T14:06:45.393979Z,593,124.4,9072,OK,OK,OK
2026-08-29T14:06:50.814421Z,591,124.3,9072,OK,OK,OK
2026-08-29T14:06:56.181644Z,591,124.4,9263,OK,OK,OK
2026-08-29T14:07:01.548162Z,591,124.3,9263,OK,OK,OK
2026-08-29T14:07:06.960834Z,593,124.6,9109,OK,OK,OK
2026-08-29T14:07:12.348919Z,592,124.6,9109,OK,OK,OK
2026-08-29T14:07:17.752657Z,592,124.6,9109,OK,OK,OK
2026-08-29T14:07:23.107897Z,590,124.6,9136,OK,OK,OK
2026-08-29T14:07:28.519784Z,596,124.6,9136,OK,OK,OK
2026-08-29T14:07:33.892239Z,590,124.5,9111,OK,OK,OK
2026-08-29T14:07:39.267684Z,591,124.3,9111,OK,OK,OK
2026-08-29T14:07:44.650700Z,591,124.3,9246,OK,OK,OK
2026-08-29T14:07:50.053180Z,589,124.3,9246,OK,OK,OK
2026-08-29T14:07:55.455671Z,591,124.3,9246,OK,OK,OK
2026-08-29T14:08:00.826169Z,590,124.3,9136,OK,OK,OK
2026-08-29T14:08:06.195387Z,591,124.3,9136,OK,OK,OK
2026-08-29T14:08:11.573767Z,594,124.3,9279,OK,OK,OK
2026-08-29T14:08:16.957452Z,591,124.3,9279,OK,OK,OK
2026-08-29T14:08:22.322124Z,594,124.3,9279,OK,OK,OK
2026-08-29T14:08:27.726827Z,595,124.3,9157,OK,OK,OK
2026-08-29T14:08:33.098131Z,589,124.3,9157,OK,OK,OK
2026-08-29T14:08:38.470918Z,592,124.3,9186,OK,OK,OK
2026-08-29T14:08:43.860542Z,592,124.4,9186,OK,OK,OK
2026-08-29T14:08:49.271409Z,685,124.6,9186,OK,OK,OK
2026-08-29T14:08:54.649448Z,694,124.8,9241,OK,OK,OK
2026-08-29T14:09:00.036150Z,696,124.7,9241,OK,OK,OK
2026-08-29T14:09:05.415664Z,704,124.7,9208,OK,OK,OK
2026-08-29T14:09:10.797216Z,708,124.7,9208,OK,OK,OK
2026-08-29T14:09:16.201841Z,698,124.7,9193,OK,OK,OK
2026-08-29T14:09:21.604288Z,700,124.7,9193,OK,OK,OK
2026-08-29T14:09:26.982347Z,695,124.7,9193,OK,OK,OK
2026-08-29T14:09:32.367547Z,699,124.7,9214,OK,OK,OK
2026-08-29T14:09:37.735431Z,696,124.8,9214,OK,OK,OK
2026-08-29T14:09:43.123950Z,696,124.8,9244,OK,OK,OK
2026-08-29T14:09:48.503758Z,694,124.8,9244,OK,OK,OK
2026-08-29T14:09:53.885589Z,699,124.8,9244,OK,OK,OK
2026-08-29T14:09:59.293171Z,689,124.8,9229,OK,OK,OK
2026-08-29T14:10:04.674780Z,686,124.8,9229,OK,OK,OK
2026-08-29T14:10:10.061397Z,689,124.7,9238,OK,OK,OK
2026-08-29T14:10:15.423200Z,688,124.7,9238,OK,OK,OK
2026-08-29T14:10:20.814469Z,687,124.7,9238,OK,OK,OK
2026-08-29T14:10:26.212462Z,686,124.8,9248,OK,OK,OK
2026-08-29T14:10:31.574421Z,688,124.8,9248,OK,OK,OK
2026-08-29T14:10:36.973616Z,686,124.4,9364,OK,OK,OK
2026-08-29T14:10:42.348590Z,685,124.4,9364,OK,OK,OK
2026-08-29T14:10:47.733492Z,682,124.5,9311,OK,OK,OK
2026-08-29T14:10:53.102989Z,683,124.4,9311,OK,OK,OK
2026-08-29T14:10:58.507146Z,675,124.4,9311,OK,OK,OK
2026-08-29T14:11:03.895008Z,766,124.5,9275,OK,OK,OK
2026-08-29T14:11:09.259520Z,762,124.7,9275,OK,OK,OK
2026-08-29T14:11:14.635146Z,765,124.7,9475,OK,OK,OK
2026-08-29T14:11:20.018229Z,780,124.6,9475,OK,OK,OK
2026-08-29T14:11:25.411503Z,781,124.7,9475,OK,OK,OK
2026-08-29T14:11:30.778625Z,783,124.8,9324,OK,OK,OK
2026-08-29T14:11:36.163828Z,779,124.8,9324,OK,OK,OK
2026-08-29T14:11:41.536622Z,780,125.0,9331,OK,OK,OK
2026-08-29T14:11:46.918613Z,779,124.9,9331,OK,OK,OK
2026-08-29T14:11:52.293735Z,781,124.9,9327,OK,OK,OK
2026-08-29T14:11:57.676628Z,764,125.0,9327,OK,OK,OK
2026-08-29T14:12:03.082852Z,744,125.0,9327,OK,OK,OK
2026-08-29T14:12:08.452616Z,732,124.9,9414,OK,OK,OK
2026-08-29T14:12:13.898011Z,730,124.9,9414,OK,OK,OK
2026-08-29T14:12:19.290531Z,732,125.0,9356,OK,OK,OK
2026-08-29T14:12:24.661106Z,728,124.9,9356,OK,OK,OK
2026-08-29T14:12:30.034721Z,728,124.9,9356,OK,OK,OK
2026-08-29T14:12:35.416230Z,730,124.9,9387,OK,OK,OK
2026-08-29T14:12:40.786781Z,731,124.9,9387,OK,OK,OK
2026-08-29T14:12:46.165849Z,733,124.9,9430,OK,OK,OK
2026-08-29T14:12:51.544880Z,726,125.0,9430,OK,OK,OK
2026-08-29T14:12:56.924963Z,729,125.0,9430,OK,OK,OK
2026-08-29T14:13:02.312253Z,730,125.0,9632,OK,OK,OK
2026-08-29T14:13:07.721411Z,728,125.0,9632,OK,OK,OK
2026-08-29T14:13:13.108001Z,727,125.0,9645,OK,OK,OK
2026-08-29T14:13:18.516805Z,731,125.0,9645,OK,OK,OK
2026-08-29T14:13:23.889685Z,728,125.0,9659,OK,OK,OK
2026-08-29T14:13:29.262165Z,728,125.1,9659,OK,OK,OK
2026-08-29T14:13:34.632026Z,729,124.7,9659,OK,OK,OK
2026-08-29T14:13:40.011454Z,725,125.0,9669,OK,OK,OK
2026-08-29T14:13:45.397884Z,731,125.0,9669,OK,OK,OK
2026-08-29T14:13:50.782693Z,727,125.1,9696,OK,OK,OK
2026-08-29T14:13:56.149392Z,730,124.9,9696,OK,OK,OK
2026-08-29T14:14:01.511153Z,730,125.1,9696,OK,OK,OK
2026-08-29T14:14:06.919163Z,729,125.1,9499,OK,OK,OK
2026-08-29T14:14:12.299096Z,729,125.1,9499,OK,OK,OK
2026-08-29T14:14:17.689594Z,728,125.2,9576,OK,OK,OK
2026-08-29T14:14:23.078547Z,729,125.1,9576,OK,OK,OK
2026-08-29T14:14:28.464866Z,728,125.1,9493,OK,OK,OK
2026-08-29T14:14:33.883599Z,730,125.1,9493,OK,OK,OK
2026-08-29T14:14:39.253985Z,731,125.1,9493,OK,OK,OK
2026-08-29T14:14:44.640575Z,730,124.8,9484,OK,OK,OK
2026-08-29T14:14:50.027008Z,730,124.9,9484,OK,OK,OK
2026-08-29T14:14:55.405454Z,729,124.8,9518,OK,OK,OK
2026-08-29T14:15:00.813342Z,733,124.8,9518,OK,OK,OK
2026-08-29T14:15:06.195904Z,729,124.9,9518,OK,OK,OK
2026-08-29T14:15:11.573052Z,730,124.8,9484,OK,OK,OK
2026-08-29T14:15:16.942491Z,731,125.0,9484,OK,OK,OK
2026-08-29T14:15:22.345965Z,731,125.0,9632,OK,OK,OK
2026-08-29T14:15:27.732586Z,732,125.0,9632,OK,OK,OK
2026-08-29T14:15:33.119040Z,734,125.0,9632,OK,OK,OK
2026-08-29T14:15:38.491440Z,734,125.0,9514,OK,OK,OK
2026-08-29T14:15:43.897953Z,736,125.0,9514,OK,OK,OK
2026-08-29T14:15:49.278597Z,734,125.1,9543,OK,OK,OK
2026-08-29T14:15:54.649243Z,733,125.1,9543,OK,OK,OK
2026-08-29T14:16:00.031795Z,732,125.1,9532,OK,OK,OK
2026-08-29T14:16:05.407720Z,733,125.1,9532,OK,OK,OK
2026-08-29T14:16:10.799117Z,733,125.1,9532,OK,OK,OK
2026-08-29T14:16:16.162755Z,742,125.1,9559,OK,OK,OK
2026-08-29T14:16:21.572847Z,732,125.1,9559,OK,OK,OK
2026-08-29T14:16:26.946735Z,733,125.0,9589,OK,OK,OK
2026-08-29T14:16:32.310343Z,732,124.9,9589,OK,OK,OK
2026-08-29T14:16:37.680571Z,731,125.0,9589,OK,OK,OK
2026-08-29T14:16:43.075690Z,728,124.9,9548,OK,OK,OK
2026-08-29T14:16:48.456330Z,726,124.9,9548,OK,OK,OK
2026-08-29T14:16:53.821363Z,732,125.0,9588,OK,OK,OK
2026-08-29T14:16:59.207770Z,726,125.0,9588,OK,OK,OK
2026-08-29T14:17:04.594316Z,730,124.9,9588,OK,OK,OK
2026-08-29T14:17:09.968394Z,729,125.0,9582,OK,OK,OK
2026-08-29T14:17:15.351194Z,728,125.0,9582,OK,OK,OK
2026-08-29T14:17:20.738708Z,728,125.0,9596,OK,OK,OK
2026-08-29T14:17:26.140350Z,730,125.0,9596,OK,OK,OK
2026-08-29T14:17:31.518448Z,731,125.0,9790,OK,OK,OK
2026-08-29T14:17:36.905679Z,727,124.9,9790,OK,OK,OK
2026-08-29T14:17:42.314170Z,728,125.0,9790,OK,OK,OK
2026-08-29T14:17:47.685632Z,729,125.0,9609,OK,OK,OK
2026-08-29T14:17:53.088936Z,732,125.0,9609,OK,OK,OK
2026-08-29T14:17:58.474611Z,870,125.1,9707,OK,OK,OK
2026-08-29T14:18:03.853333Z,864,125.1,9707,OK,OK,OK
2026-08-29T14:18:09.227319Z,859,125.0,9707,OK,OK,OK
2026-08-29T14:18:14.618763Z,858,125.1,9665,OK,OK,OK
2026-08-29T14:18:20.000932Z,857,125.1,9665,OK,OK,OK
2026-08-29T14:18:25.378480Z,861,125.1,9736,OK,OK,OK
2026-08-29T14:18:30.759594Z,856,125.0,9736,OK,OK,OK
2026-08-29T14:18:36.132860Z,859,125.0,9736,OK,OK,OK
2026-08-29T14:18:41.509419Z,859,125.0,9811,OK,OK,OK
2026-08-29T14:18:46.888044Z,859,125.0,9811,OK,OK,OK
2026-08-29T14:18:52.293246Z,880,125.1,9727,OK,OK,OK
2026-08-29T14:18:57.678024Z,852,125.1,9727,OK,OK,OK
2026-08-29T14:19:03.039474Z,853,125.1,9684,OK,OK,OK
2026-08-29T14:19:08.435609Z,856,125.1,9684,OK,OK,OK
2026-08-29T14:19:13.837983Z,855,125.0,9684,OK,OK,OK
2026-08-29T14:19:19.224573Z,852,125.0,9744,OK,OK,OK
2026-08-29T14:19:24.595077Z,743,124.9,9744,OK,OK,OK
2026-08-29T14:19:29.980681Z,739,125.0,9823,OK,OK,OK
2026-08-29T14:19:35.383988Z,737,125.0,9823,OK,OK,OK
2026-08-29T14:19:40.751816Z,738,125.0,9823,OK,OK,OK
2026-08-29T14:19:46.140991Z,737,124.9,9801,OK,OK,OK
2026-08-29T14:19:51.513029Z,739,124.9,9801,OK,OK,OK
2026-08-29T14:19:56.901392Z,736,124.9,9716,OK,OK,OK
2026-08-29T14:20:02.281702Z,737,124.9,9716,OK,OK,OK
2026-08-29T14:20:07.670895Z,737,124.9,9716,OK,OK,OK
2026-08-29T14:20:13.089357Z,737,125.0,9707,OK,OK,OK
2026-08-29T14:20:18.491754Z,737,124.9,9707,OK,OK,OK
2026-08-29T14:20:23.878155Z,738,124.9,9733,OK,OK,OK
2026-08-29T14:20:29.273288Z,735,124.9,9733,OK,OK,OK
2026-08-29T14:20:34.665366Z,736,124.9,9733,OK,OK,OK
2026-08-29T14:20:40.035911Z,736,124.9,9733,OK,OK,OK
2026-08-29T14:20:45.408701Z,738,124.9,9733,OK,OK,OK
2026-08-29T14:20:50.794416Z,738,124.9,9771,OK,OK,OK
2026-08-29T14:20:56.165033Z,739,125.0,9771,OK,OK,OK
2026-08-29T14:21:01.544073Z,737,125.0,9772,OK,OK,OK
2026-08-29T14:21:06.921799Z,735,124.9,9772,OK,OK,OK
2026-08-29T14:21:12.303189Z,738,124.9,9772,OK,OK,OK
2026-08-29T14:21:17.662772Z,746,124.9,9833,OK,OK,OK
2026-08-29T14:21:23.034025Z,736,124.9,9833,OK,OK,OK
2026-08-29T14:21:28.419751Z,737,124.8,9773,OK,OK,OK
2026-08-29T14:21:33.806226Z,737,124.9,9773,OK,OK,OK
2026-08-29T14:21:39.176657Z,737,124.9,9773,OK,OK,OK
2026-08-29T14:21:44.563192Z,735,124.9,9773,OK,OK,OK
2026-08-29T14:21:49.951916Z,738,124.9,9773,OK,OK,OK
2026-08-29T14:21:55.312184Z,736,124.9,9756,OK,OK,OK
2026-08-29T14:22:00.677344Z,734,125.0,9756,OK,OK,OK
2026-08-29T14:22:06.053026Z,736,124.9,9743,OK,OK,OK
2026-08-29T14:22:11.423565Z,737,124.9,9743,OK,OK,OK
2026-08-29T14:22:16.810023Z,727,124.9,9743,OK,OK,OK
2026-08-29T14:22:22.212456Z,728,124.9,9809,OK,OK,OK
2026-08-29T14:22:27.598907Z,725,124.9,9809,OK,OK,OK
2026-08-29T14:22:32.966585Z,729,124.8,9796,OK,OK,OK
2026-08-29T14:22:38.344939Z,724,124.8,9796,OK,OK,OK
2026-08-29T14:22:43.738911Z,724,124.6,9796,OK,OK,OK
2026-08-29T14:22:49.117857Z,726,124.7,9900,OK,OK,OK
2026-08-29T14:22:54.496934Z,722,124.6,9900,OK,OK,OK
2026-08-29T14:22:59.882291Z,724,124.7,9771,OK,OK,OK
2026-08-29T14:23:05.255471Z,727,124.7,9771,OK,OK,OK
2026-08-29T14:23:10.626874Z,726,124.7,9771,OK,OK,OK
2026-08-29T14:23:16.013361Z,724,124.7,9818,OK,OK,OK
2026-08-29T14:23:21.399793Z,724,124.7,9818,OK,OK,OK
2026-08-29T14:23:26.770395Z,726,124.7,9788,OK,OK,OK
2026-08-29T14:23:32.165584Z,732,124.8,9788,OK,OK,OK
2026-08-29T14:23:37.550726Z,728,124.9,9793,OK,OK,OK
2026-08-29T14:23:42.954564Z,726,124.9,9793,OK,OK,OK
2026-08-29T14:23:48.311226Z,729,124.9,9793,OK,OK,OK
2026-08-29T14:23:53.696732Z,729,124.9,9810,OK,OK,OK
2026-08-29T14:23:59.063762Z,725,124.9,9810,OK,OK,OK
2026-08-29T14:24:04.428102Z,729,124.9,9824,OK,OK,OK
2026-08-29T14:24:09.846470Z,727,124.8,9824,OK,OK,OK
2026-08-29T14:24:15.233066Z,728,124.8,9824,OK,OK,OK
2026-08-29T14:24:20.619509Z,727,124.9,9863,OK,OK,OK
2026-08-29T14:24:25.992486Z,728,124.7,9863,OK,OK,OK
2026-08-29T14:24:31.376610Z,730,124.8,9865,OK,OK,OK
2026-08-29T14:24:36.750467Z,725,124.7,9865,OK,OK,OK
2026-08-29T14:24:42.124041Z,724,124.8,9865,OK,OK,OK
2026-08-29T14:24:47.494308Z,728,124.8,9889,OK,OK,OK
2026-08-29T14:24:52.874737Z,723,124.8,9889,OK,OK,OK
2026-08-29T14:24:58.251638Z,725,124.8,10119,OK,OK,OK
2026-08-29T14:25:03.627626Z,724,124.8,10119,OK,OK,OK
2026-08-29T14:25:09.006190Z,724,124.8,10111,OK,OK,OK
2026-08-29T14:25:14.805639Z,724,124.8,10111,OK,OK,OK
2026-08-29T14:25:20.182114Z,722,124.8,10111,OK,OK,OK
2026-08-29T14:25:25.561143Z,726,124.8,10094,OK,OK,OK
2026-08-29T14:25:30.946522Z,722,124.8,10094,OK,OK,OK
2026-08-29T14:25:36.318775Z,723,124.8,10147,OK,OK,OK
2026-08-29T14:25:41.686992Z,725,124.8,10147,OK,OK,OK
2026-08-29T14:25:47.075907Z,727,124.8,10147,OK,OK,OK
2026-08-29T14:25:52.454504Z,724,124.8,10155,OK,OK,OK
2026-08-29T14:25:57.833190Z,726,124.8,10155,OK,OK,OK
2026-08-29T14:26:03.198813Z,724,124.9,10158,OK,OK,OK
2026-08-29T14:26:08.592140Z,727,124.6,10158,OK,OK,OK
2026-08-29T14:26:13.979776Z,724,124.9,10187,OK,OK,OK
2026-08-29T14:26:19.379368Z,729,124.9,10187,OK,OK,OK
2026-08-29T14:26:24.776022Z,726,124.9,10187,OK,OK,OK
2026-08-29T14:26:30.174194Z,724,124.9,10119,OK,OK,OK
2026-08-29T14:26:35.556642Z,728,124.9,10119,OK,OK,OK
2026-08-29T14:26:40.927639Z,727,124.9,9982,OK,OK,OK
2026-08-29T14:26:46.303954Z,726,124.9,9982,OK,OK,OK
2026-08-29T14:26:51.705632Z,730,124.9,9982,OK,OK,OK
2026-08-29T14:26:57.086009Z,728,124.9,10145,OK,OK,OK
2026-08-29T14:27:02.458572Z,728,124.9,10145,OK,OK,OK
2026-08-29T14:27:07.843083Z,730,124.8,10126,OK,OK,OK
2026-08-29T14:27:13.277669Z,728,124.9,10126,OK,OK,OK
2026-08-29T14:27:18.664170Z,725,124.9,10126,OK,OK,OK
2026-08-29T14:27:24.034720Z,726,124.9,10116,OK,OK,OK
2026-08-29T14:27:29.413360Z,730,124.9,10116,OK,OK,OK
2026-08-29T14:27:34.780800Z,727,124.9,10135,OK,OK,OK
2026-08-29T14:27:40.163031Z,725,124.9,10135,OK,OK,OK
2026-08-29T14:27:45.536803Z,722,124.9,10155,OK,OK,OK
2026-08-29T14:27:50.931627Z,722,124.9,10155,OK,OK,OK
2026-08-29T14:27:56.298054Z,721,124.9,10155,OK,OK,OK
2026-08-29T14:28:01.688893Z,898,125.0,10172,OK,OK,OK
2026-08-29T14:28:07.065605Z,821,125.0,10172,OK,OK,OK
2026-08-29T14:28:12.429872Z,820,125.0,10178,OK,OK,OK
2026-08-29T14:28:17.796414Z,822,125.0,10178,OK,OK,OK
2026-08-29T14:28:23.180342Z,823,125.0,10178,OK,OK,OK
2026-08-29T14:28:28.555040Z,822,125.0,10159,OK,OK,OK
2026-08-29T14:28:33.931495Z,824,125.0,10159,OK,OK,OK
2026-08-29T14:28:39.301358Z,821,125.0,10180,OK,OK,OK
2026-08-29T14:28:44.683896Z,821,125.0,10180,OK,OK,OK
2026-08-29T14:28:50.046088Z,826,125.0,10180,OK,OK,OK
2026-08-29T14:28:55.419324Z,824,124.9,10113,OK,OK,OK
2026-08-29T14:29:00.790296Z,820,124.8,10113,OK,OK,OK
2026-08-29T14:29:06.172436Z,821,124.9,10150,OK,OK,OK
2026-08-29T14:29:11.540704Z,818,124.8,10150,OK,OK,OK
2026-08-29T14:29:16.916832Z,822,124.8,10085,OK,OK,OK
2026-08-29T14:29:22.310218Z,821,124.9,10085,OK,OK,OK
2026-08-29T14:29:27.675575Z,822,125.0,10085,OK,OK,OK
2026-08-29T14:29:33.051178Z,821,125.0,10086,OK,OK,OK
2026-08-29T14:29:38.424763Z,823,125.0,10086,OK,OK,OK
2026-08-29T14:29:43.793160Z,824,125.0,9991,OK,OK,OK
2026-08-29T14:29:49.177092Z,825,125.0,9991,OK,OK,OK
2026-08-29T14:29:54.550084Z,821,124.9,9991,OK,OK,OK
2026-08-29T14:29:59.949018Z,821,124.9,10075,OK,OK,OK
2026-08-29T14:30:05.311621Z,823,124.8,10075,OK,OK,OK
2026-08-29T14:30:10.708682Z,818,124.8,10051,OK,OK,OK
2026-08-29T14:30:16.099905Z,822,124.8,10051,OK,OK,OK
2026-08-29T14:30:21.475179Z,821,124.8,10051,OK,OK,OK
2026-08-29T14:30:26.861646Z,824,124.8,10061,OK,OK,OK
2026-08-29T14:30:32.260525Z,826,124.8,10061,OK,OK,OK
2026-08-29T14:30:37.660877Z,823,124.8,10190,OK,OK,OK
2026-08-29T14:30:43.016348Z,823,124.8,10190,OK,OK,OK
2026-08-29T14:30:48.393240Z,821,124.7,10038,OK,OK,OK
2026-08-29T14:30:53.778318Z,822,124.8,10038,OK,OK,OK
2026-08-29T14:30:59.159984Z,825,124.7,10038,OK,OK,OK
2026-08-29T14:31:04.535338Z,824,124.7,10260,OK,OK,OK
2026-08-29T14:31:09.919418Z,815,124.7,10260,OK,OK,OK
2026-08-29T14:31:15.336315Z,821,124.8,10065,OK,OK,OK
2026-08-29T14:31:20.701335Z,823,124.8,10065,OK,OK,OK
2026-08-29T14:31:26.093987Z,822,124.6,10065,OK,OK,OK
2026-08-29T14:31:31.473669Z,823,124.7,10092,OK,OK,OK
2026-08-29T14:31:36.871235Z,821,124.7,10092,OK,OK,OK
2026-08-29T14:31:42.236279Z,822,124.7,10094,OK,OK,OK
2026-08-29T14:31:47.626468Z,825,124.7,10094,OK,OK,OK
2026-08-29T14:31:53.011824Z,821,124.8,10094,OK,OK,OK
2026-08-29T14:31:58.384763Z,821,124.8,10097,OK,OK,OK
2026-08-29T14:32:03.777411Z,824,124.8,10097,OK,OK,OK
2026-08-29T14:32:09.149093Z,822,124.7,10135,OK,OK,OK
2026-08-29T14:32:14.560210Z,822,124.8,10135,OK,OK,OK
2026-08-29T14:32:19.933054Z,821,124.8,10133,OK,OK,OK
2026-08-29T14:32:25.313181Z,821,124.8,10133,OK,OK,OK
2026-08-29T14:32:30.737758Z,826,124.7,10133,OK,OK,OK
2026-08-29T14:32:36.117903Z,823,124.7,10082,OK,OK,OK
2026-08-29T14:32:41.498016Z,819,124.7,10082,OK,OK,OK
2026-08-29T14:32:46.893293Z,820,124.7,10112,OK,OK,OK
2026-08-29T14:32:52.266055Z,824,124.7,10112,OK,OK,OK
2026-08-29T14:32:57.632292Z,823,124.7,10112,OK,OK,OK
2026-08-29T14:33:03.024612Z,821,124.7,10147,OK,OK,OK
2026-08-29T14:33:08.409588Z,821,124.7,10147,OK,OK,OK
2026-08-29T14:33:13.785528Z,827,124.7,10017,OK,OK,OK
2026-08-29T14:33:19.157412Z,819,124.8,10017,OK,OK,OK
2026-08-29T14:33:24.531894Z,819,124.7,10065,OK,OK,OK
2026-08-29T14:33:29.927725Z,822,124.8,10065,OK,OK,OK
2026-08-29T14:33:35.294232Z,819,124.8,10065,OK,OK,OK
2026-08-29T14:33:40.680806Z,820,124.9,10099,OK,OK,OK
2026-08-29T14:33:46.066344Z,823,124.8,10099,OK,OK,OK
2026-08-29T14:33:51.484818Z,823,124.8,10023,OK,OK,OK
2026-08-29T14:33:56.855575Z,824,124.9,10023,OK,OK,OK
2026-08-29T14:34:02.236756Z,822,124.8,10023,OK,OK,OK
2026-08-29T14:34:07.634688Z,824,124.8,10065,OK,OK,OK
2026-08-29T14:34:13.016038Z,822,124.8,10065,OK,OK,OK
2026-08-29T14:34:18.398115Z,821,124.8,10123,OK,OK,OK
2026-08-29T14:34:23.777956Z,820,124.8,10123,OK,OK,OK
2026-08-29T14:34:29.166027Z,824,124.8,10123,OK,OK,OK
2026-08-29T14:34:34.545292Z,823,124.8,10323,OK,OK,OK
2026-08-29T14:34:39.955296Z,825,124.8,10323,OK,OK,OK
2026-08-29T14:34:45.348941Z,822,124.8,10392,OK,OK,OK
2026-08-29T14:34:50.736206Z,821,124.8,10392,OK,OK,OK
2026-08-29T14:34:56.108266Z,821,124.8,10210,OK,OK,OK
2026-08-29T14:35:01.494797Z,821,124.8,10210,OK,OK,OK
2026-08-29T14:35:06.875253Z,822,124.8,10210,OK,OK,OK
2026-08-29T14:35:12.246526Z,827,124.8,10173,OK,OK,OK
2026-08-29T14:35:17.649604Z,819,124.8,10173,OK,OK,OK
2026-08-29T14:35:23.028069Z,824,124.8,10117,OK,OK,OK
2026-08-29T14:35:28.409249Z,819,124.8,10117,OK,OK,OK
2026-08-29T14:35:33.803634Z,824,124.8,10117,OK,OK,OK
2026-08-29T14:35:39.186865Z,823,124.8,10166,OK,OK,OK
2026-08-29T14:35:44.577996Z,822,124.8,10166,OK,OK,OK
2026-08-29T14:35:49.967703Z,820,124.8,10274,OK,OK,OK
2026-08-29T14:35:55.331702Z,824,124.8,10274,OK,OK,OK
2026-08-29T14:36:00.700822Z,821,124.8,10274,OK,OK,OK
2026-08-29T14:36:06.066535Z,822,124.8,10189,OK,OK,OK
2026-08-29T14:36:11.441851Z,820,124.8,10189,OK,OK,OK
2026-08-29T14:36:16.830267Z,829,124.8,10210,OK,OK,OK
2026-08-29T14:36:22.208584Z,820,124.8,10210,OK,OK,OK
2026-08-29T14:36:27.570968Z,821,124.7,10181,OK,OK,OK
2026-08-29T14:36:32.963575Z,824,124.8,10181,OK,OK,OK
2026-08-29T14:36:38.343973Z,821,124.7,10181,OK,OK,OK
2026-08-29T14:36:43.714522Z,821,124.7,10219,OK,OK,OK
2026-08-29T14:36:49.093083Z,823,124.8,10219,OK,OK,OK
2026-08-29T14:36:54.486312Z,824,124.7,10155,OK,OK,OK
2026-08-29T14:36:59.902770Z,823,124.7,10155,OK,OK,OK
2026-08-29T14:37:05.267663Z,822,124.8,10235,OK,OK,OK
2026-08-29T14:37:10.657454Z,823,125.0,10235,OK,OK,OK
2026-08-29T14:37:16.047841Z,823,125.0,10235,OK,OK,OK
2026-08-29T14:37:21.417017Z,823,124.9,10180,OK,OK,OK
2026-08-29T14:37:26.818240Z,826,124.9,10180,OK,OK,OK
2026-08-29T14:37:32.187894Z,822,124.9,10201,OK,OK,OK
2026-08-29T14:37:37.602874Z,828,124.9,10201,OK,OK,OK
2026-08-29T14:37:42.963261Z,823,124.9,10201,OK,OK,OK
2026-08-29T14:37:48.337928Z,824,124.9,10205,OK,OK,OK
2026-08-29T14:37:53.728884Z,824,124.9,10205,OK,OK,OK
2026-08-29T14:37:59.108107Z,824,124.9,10154,OK,OK,OK
2026-08-29T14:38:04.504932Z,822,124.9,10154,OK,OK,OK
2026-08-29T14:38:09.877987Z,821,124.9,10154,OK,OK,OK
2026-08-29T14:38:15.270433Z,825,124.9,10179,OK,OK,OK
2026-08-29T14:38:20.668238Z,824,124.9,10179,OK,OK,OK
2026-08-29T14:38:26.051978Z,823,124.9,10144,OK,OK,OK
2026-08-29T14:38:31.426010Z,824,124.9,10144,OK,OK,OK
2026-08-29T14:38:36.812598Z,828,124.9,10157,OK,OK,OK
2026-08-29T14:38:42.190608Z,822,124.8,10157,OK,OK,OK
2026-08-29T14:38:47.593832Z,824,124.9,10157,OK,OK,OK
2026-08-29T14:38:53.004192Z,823,124.8,10198,OK,OK,OK
2026-08-29T14:38:58.374769Z,824,124.9,10198,OK,OK,OK
2026-08-29T14:39:03.777365Z,824,124.9,10210,OK,OK,OK
2026-08-29T14:39:09.148017Z,826,124.8,10210,OK,OK,OK
2026-08-29T14:39:14.514687Z,821,124.9,10210,OK,OK,OK
2026-08-29T14:39:19.894863Z,827,124.9,10313,OK,OK,OK
2026-08-29T14:39:25.298035Z,822,125.1,10313,OK,OK,OK
2026-08-29T14:39:30.671924Z,824,125.0,10308,OK,OK,OK
2026-08-29T14:39:36.048705Z,825,125.0,10308,OK,OK,OK
2026-08-29T14:39:41.419168Z,825,124.9,10308,OK,OK,OK
2026-08-29T14:39:46.805741Z,822,125.0,10168,OK,OK,OK
2026-08-29T14:39:52.160417Z,823,124.9,10168,OK,OK,OK
2026-08-29T14:39:57.566012Z,823,125.0,10367,OK,OK,OK
2026-08-29T14:40:02.956124Z,825,124.9,10367,OK,OK,OK
2026-08-29T14:40:08.336030Z,822,124.9,10259,OK,OK,OK
2026-08-29T14:40:13.719568Z,821,125.0,10259,OK,OK,OK
2026-08-29T14:40:19.104100Z,828,125.0,10259,OK,OK,OK
2026-08-29T14:40:24.505804Z,823,124.9,10412,OK,OK,OK
2026-08-29T14:40:29.882857Z,826,124.9,10412,OK,OK,OK
2026-08-29T14:40:35.267870Z,823,125.0,10229,OK,OK,OK
2026-08-29T14:40:40.656112Z,824,125.1,10229,OK,OK,OK
2026-08-29T14:40:46.032519Z,830,125.0,10229,OK,OK,OK
2026-08-29T14:40:51.404377Z,824,125.0,10270,OK,OK,OK
2026-08-29T14:40:56.778238Z,822,125.1,10270,OK,OK,OK
2026-08-29T14:41:02.171412Z,824,125.1,10289,OK,OK,OK
2026-08-29T14:41:07.556747Z,823,124.9,10289,OK,OK,OK
2026-08-29T14:41:12.934112Z,824,125.0,10289,OK,OK,OK
2026-08-29T14:41:18.328395Z,832,125.0,10262,OK,OK,OK
2026-08-29T14:41:23.730076Z,824,125.0,10262,OK,OK,OK
2026-08-29T14:41:29.101428Z,823,125.0,10260,OK,OK,OK
2026-08-29T14:41:34.473415Z,824,125.0,10260,OK,OK,OK
2026-08-29T14:41:39.864168Z,822,125.0,10316,OK,OK,OK
2026-08-29T14:41:45.266961Z,826,124.9,10316,OK,OK,OK
2026-08-29T14:41:50.654650Z,824,125.0,10316,OK,OK,OK
2026-08-29T14:41:56.025755Z,824,125.1,10268,OK,OK,OK
2026-08-29T14:42:01.399594Z,823,125.0,10268,OK,OK,OK
2026-08-29T14:42:06.760494Z,821,124.9,10377,OK,OK,OK
2026-08-29T14:42:12.139966Z,824,124.9,10377,OK,OK,OK
2026-08-29T14:42:17.517612Z,826,125.0,10377,OK,OK,OK
2026-08-29T14:42:22.929776Z,824,125.0,10433,OK,OK,OK
2026-08-29T14:42:28.306532Z,825,125.0,10433,OK,OK,OK
2026-08-29T14:42:33.687694Z,824,124.9,10273,OK,OK,OK
2026-08-29T14:42:39.071863Z,825,124.9,10273,OK,OK,OK
2026-08-29T14:42:44.447201Z,826,124.9,10273,OK,OK,OK
2026-08-29T14:42:49.847389Z,823,125.0,10315,OK,OK,OK
2026-08-29T14:42:55.222888Z,826,125.0,10315,OK,OK,OK
2026-08-29T14:43:00.592354Z,826,124.9,10564,OK,OK,OK
2026-08-29T14:43:05.962102Z,823,124.9,10564,OK,OK,OK
2026-08-29T14:43:11.350773Z,822,124.9,10313,OK,OK,OK
2026-08-29T14:43:16.737393Z,824,125.0,10313,OK,OK,OK
2026-08-29T14:43:22.097614Z,822,124.9,10313,OK,OK,OK
2026-08-29T14:43:27.484763Z,823,124.9,10400,OK,OK,OK
2026-08-29T14:43:32.857262Z,824,125.0,10400,OK,OK,OK
2026-08-29T14:43:38.235769Z,824,125.0,10341,OK,OK,OK
2026-08-29T14:43:43.606003Z,823,124.9,10341,OK,OK,OK
2026-08-29T14:43:48.992596Z,821,124.9,10341,OK,OK,OK
2026-08-29T14:43:54.377623Z,822,125.0,10435,OK,OK,OK
2026-08-29T14:43:59.756698Z,824,125.0,10435,OK,OK,OK
2026-08-29T14:44:05.136137Z,823,125.0,10454,OK,OK,OK
2026-08-29T14:44:10.534914Z,825,125.0,10454,OK,OK,OK
2026-08-29T14:44:15.957253Z,823,124.9,10454,OK,OK,OK
2026-08-29T14:44:21.331236Z,825,124.9,10475,OK,OK,OK
2026-08-29T14:44:26.714308Z,825,124.9,10475,OK,OK,OK
2026-08-29T14:44:32.100918Z,823,125.0,10511,OK,OK,OK
2026-08-29T14:44:37.465092Z,825,125.0,10511,OK,OK,OK
2026-08-29T14:44:42.858915Z,826,125.0,10446,OK,OK,OK
2026-08-29T14:44:48.254889Z,825,125.0,10446,OK,OK,OK
2026-08-29T14:44:53.641013Z,825,125.0,10446,OK,OK,OK
2026-08-29T14:44:59.012893Z,824,125.0,10479,OK,OK,OK
2026-08-29T14:45:04.413878Z,822,125.1,10479,OK,OK,OK
2026-08-29T14:45:09.794230Z,829,125.0,10602,OK,OK,OK
2026-08-29T14:45:15.172932Z,822,125.0,10602,OK,OK,OK
2026-08-29T14:45:20.567143Z,828,124.9,10602,OK,OK,OK
2026-08-29T14:45:25.950462Z,827,124.9,10480,OK,OK,OK
2026-08-29T14:45:31.345403Z,825,125.0,10480,OK,OK,OK
2026-08-29T14:45:36.708506Z,826,124.9,10273,OK,OK,OK
2026-08-29T14:45:42.083665Z,824,124.9,10273,OK,OK,OK
2026-08-29T14:45:47.464847Z,824,125.0,10329,OK,OK,OK
2026-08-29T14:45:52.854849Z,827,125.1,10329,OK,OK,OK
2026-08-29T14:45:58.235606Z,824,125.1,10329,OK,OK,OK
2026-08-29T14:46:03.635824Z,824,125.1,10417,OK,OK,OK
2026-08-29T14:46:09.022845Z,826,125.0,10417,OK,OK,OK
2026-08-29T14:46:14.377625Z,825,125.0,10696,OK,OK,OK
2026-08-29T14:46:19.769758Z,829,125.0,10696,OK,OK,OK
2026-08-29T14:46:25.150682Z,822,125.0,10696,OK,OK,OK
2026-08-29T14:46:30.526243Z,821,125.0,10449,OK,OK,OK
2026-08-29T14:46:35.913168Z,826,124.9,10449,OK,OK,OK
2026-08-29T14:46:41.312043Z,824,125.0,10495,OK,OK,OK
2026-08-29T14:46:46.696637Z,2020,125.5,10495,OK,OK,OK
2026-08-29T14:46:52.078070Z,919,125.0,10495,OK,OK,OK
2026-08-29T14:46:57.464031Z,932,125.0,10303,OK,OK,OK
2026-08-29T14:47:02.830639Z,934,125.1,10303,OK,OK,OK
2026-08-29T14:47:08.192738Z,936,125.0,10343,OK,OK,OK
2026-08-29T14:47:13.614237Z,934,125.0,10343,OK,OK,OK
2026-08-29T14:47:19.000806Z,931,125.1,10317,OK,OK,OK
2026-08-29T14:47:24.387481Z,933,125.0,10317,OK,OK,OK
2026-08-29T14:47:29.761751Z,931,125.0,10317,OK,OK,OK
2026-08-29T14:47:35.141371Z,933,124.9,10776,OK,OK,OK
2026-08-29T14:47:40.545384Z,926,125.0,10776,OK,OK,OK
2026-08-29T14:47:45.919379Z,927,125.0,10622,OK,OK,OK
2026-08-29T14:47:51.301079Z,926,125.0,10622,OK,OK,OK
2026-08-29T14:47:56.680952Z,922,125.0,10622,OK,OK,OK
2026-08-29T14:48:02.060464Z,924,125.1,10609,OK,OK,OK
2026-08-29T14:48:07.427769Z,924,125.0,10609,OK,OK,OK
2026-08-29T14:48:12.818394Z,919,125.0,10844,OK,OK,OK
2026-08-29T14:48:18.194540Z,920,125.1,10844,OK,OK,OK
2026-08-29T14:48:23.592196Z,917,125.1,10602,OK,OK,OK
2026-08-29T14:48:28.975168Z,916,125.1,10602,OK,OK,OK
2026-08-29T14:48:34.380522Z,918,125.1,10602,OK,OK,OK
2026-08-29T14:48:39.761260Z,916,125.1,10587,OK,OK,OK
2026-08-29T14:48:45.156905Z,914,125.1,10587,OK,OK,OK
2026-08-29T14:48:50.552115Z,912,125.0,10623,OK,OK,OK
2026-08-29T14:48:55.936847Z,910,125.6,10623,OK,OK,OK
2026-08-29T14:49:01.296134Z,911,125.4,10623,OK,OK,OK
2026-08-29T14:49:06.667717Z,911,125.4,10615,OK,OK,OK
2026-08-29T14:49:12.070068Z,910,125.4,10615,OK,OK,OK
2026-08-29T14:49:17.456677Z,912,125.4,10673,OK,OK,OK
2026-08-29T14:49:22.827141Z,908,125.4,10673,OK,OK,OK
2026-08-29T14:49:28.219964Z,910,125.4,10580,OK,OK,OK
2026-08-29T14:49:33.632187Z,913,125.4,10580,OK,OK,OK
2026-08-29T14:49:39.031738Z,909,125.6,10580,OK,OK,OK
2026-08-29T14:49:44.430426Z,908,125.5,10625,OK,OK,OK
2026-08-29T14:49:49.799552Z,911,125.4,10625,OK,OK,OK
2026-08-29T14:49:55.193077Z,912,124.9,10606,OK,OK,OK
2026-08-29T14:50:00.576405Z,914,124.9,10606,OK,OK,OK
2026-08-29T14:50:05.978911Z,911,124.9,10496,OK,OK,OK
2026-08-29T14:50:11.361522Z,910,124.9,10496,OK,OK,OK
2026-08-29T14:50:16.759600Z,909,124.9,10496,OK,OK,OK
2026-08-29T14:50:22.141589Z,913,125.0,10504,OK,OK,OK
2026-08-29T14:50:27.526460Z,911,125.0,10504,OK,OK,OK
2026-08-29T14:50:32.900651Z,919,124.9,10804,OK,OK,OK
2026-08-29T14:50:38.278585Z,912,124.9,10804,OK,OK,OK
2026-08-29T14:50:43.667897Z,910,124.9,10804,OK,OK,OK
2026-08-29T14:50:49.043335Z,910,124.9,10432,OK,OK,OK
2026-08-29T14:50:54.444384Z,910,124.9,10432,OK,OK,OK
2026-08-29T14:50:59.825330Z,913,125.0,10343,OK,OK,OK
2026-08-29T14:51:05.196319Z,908,124.9,10343,OK,OK,OK
2026-08-29T14:51:10.565107Z,913,124.9,10343,OK,OK,OK
2026-08-29T14:51:15.935209Z,925,124.9,10668,OK,OK,OK
2026-08-29T14:51:21.321706Z,909,124.9,10668,OK,OK,OK
2026-08-29T14:51:26.710778Z,910,124.9,10357,OK,OK,OK
2026-08-29T14:51:32.096747Z,910,124.8,10357,OK,OK,OK
2026-08-29T14:51:37.464749Z,911,124.9,10562,OK,OK,OK
2026-08-29T14:51:42.862967Z,915,124.9,10562,OK,OK,OK
2026-08-29T14:51:48.255966Z,914,124.8,10562,OK,OK,OK
2026-08-29T14:51:53.619082Z,912,124.9,10914,OK,OK,OK
2026-08-29T14:51:58.996343Z,918,124.9,10914,OK,OK,OK
2026-08-29T14:52:04.378266Z,912,124.9,10851,OK,OK,OK
2026-08-29T14:52:09.757222Z,913,124.8,10851,OK,OK,OK
2026-08-29T14:52:15.139902Z,914,124.8,10851,OK,OK,OK
2026-08-29T14:52:20.521792Z,912,125.0,10961,OK,OK,OK
2026-08-29T14:52:25.906160Z,916,124.9,10961,OK,OK,OK
2026-08-29T14:52:31.276795Z,914,124.8,10737,OK,OK,OK
2026-08-29T14:52:36.649219Z,912,124.9,10737,OK,OK,OK
2026-08-29T14:52:42.039769Z,915,124.9,10737,OK,OK,OK
2026-08-29T14:52:47.424473Z,913,124.9,10811,OK,OK,OK
2026-08-29T14:52:52.782421Z,913,124.9,10811,OK,OK,OK
2026-08-29T14:52:58.164177Z,912,124.9,10813,OK,OK,OK
2026-08-29T14:53:03.543177Z,915,124.9,10813,OK,OK,OK
2026-08-29T14:53:08.912818Z,912,124.8,10554,OK,OK,OK
2026-08-29T14:53:14.316627Z,910,124.8,10554,OK,OK,OK
2026-08-29T14:53:19.694380Z,912,124.8,10554,OK,OK,OK
2026-08-29T14:53:25.078106Z,912,124.8,10548,OK,OK,OK
2026-08-29T14:53:30.454727Z,912,124.8,10548,OK,OK,OK
2026-08-29T14:53:35.834219Z,912,124.8,10508,OK,OK,OK
2026-08-29T14:53:41.228546Z,919,124.8,10508,OK,OK,OK
2026-08-29T14:53:46.599076Z,914,124.9,10508,OK,OK,OK
2026-08-29T14:53:52.005514Z,914,124.9,10496,OK,OK,OK
2026-08-29T14:53:57.395927Z,914,124.8,10496,OK,OK,OK
2026-08-29T14:54:02.796714Z,916,124.9,10579,OK,OK,OK
2026-08-29T14:54:08.162980Z,914,124.8,10579,OK,OK,OK
2026-08-29T14:54:13.548574Z,915,124.9,10579,OK,OK,OK
2026-08-29T14:54:18.927288Z,914,124.9,10716,OK,OK,OK
2026-08-29T14:54:24.324093Z,919,124.8,10716,OK,OK,OK
2026-08-29T14:54:29.700320Z,913,124.8,10656,OK,OK,OK
2026-08-29T14:54:35.071523Z,912,124.9,10656,OK,OK,OK
2026-08-29T14:54:40.449112Z,918,124.8,10618,OK,OK,OK
2026-08-29T14:54:45.819546Z,911,124.8,10618,OK,OK,OK
2026-08-29T14:54:51.195597Z,910,124.9,10618,OK,OK,OK
2026-08-29T14:54:56.593322Z,911,124.9,10589,OK,OK,OK
2026-08-29T14:55:01.979228Z,913,124.8,10589,OK,OK,OK
2026-08-29T14:55:07.372024Z,914,124.8,10801,OK,OK,OK
2026-08-29T14:55:12.768187Z,912,124.8,10801,OK,OK,OK
2026-08-29T14:55:18.175144Z,911,124.9,10861,OK,OK,OK
2026-08-29T14:55:23.546530Z,912,124.9,10861,OK,OK,OK
2026-08-29T14:55:28.936861Z,910,124.8,10861,OK,OK,OK
2026-08-29T14:55:34.316583Z,914,124.9,10884,OK,OK,OK
2026-08-29T14:55:39.684234Z,912,124.9,10884,OK,OK,OK
2026-08-29T14:55:45.076776Z,913,124.9,10902,OK,OK,OK
2026-08-29T14:55:50.467065Z,912,124.9,10902,OK,OK,OK
2026-08-29T14:55:55.854632Z,913,124.9,10902,OK,OK,OK
2026-08-29T14:56:01.224959Z,912,124.9,10908,OK,OK,OK
2026-08-29T14:56:06.615060Z,916,125.0,10908,OK,OK,OK
2026-08-29T14:56:11.997192Z,915,124.9,10853,OK,OK,OK
2026-08-29T14:56:17.356910Z,925,125.0,10853,OK,OK,OK
2026-08-29T14:56:22.728763Z,918,125.0,10853,OK,OK,OK
2026-08-29T14:56:28.108692Z,916,125.0,10898,OK,OK,OK
2026-08-29T14:56:33.491185Z,915,125.0,10898,OK,OK,OK
2026-08-29T14:56:38.857332Z,917,125.0,10934,OK,OK,OK
2026-08-29T14:56:44.236216Z,910,125.0,10934,OK,OK,OK
2026-08-29T14:56:49.618733Z,916,125.1,10946,OK,OK,OK
2026-08-29T14:56:54.977301Z,913,125.1,10946,OK,OK,OK
2026-08-29T14:57:00.379908Z,914,125.1,10946,OK,OK,OK
2026-08-29T14:57:05.782383Z,914,125.1,10961,OK,OK,OK
2026-08-29T14:57:11.158450Z,912,125.1,10961,OK,OK,OK
2026-08-29T14:57:16.574627Z,911,125.1,10970,OK,OK,OK
2026-08-29T14:57:21.981784Z,916,125.1,10970,OK,OK,OK
2026-08-29T14:57:27.368979Z,911,125.1,10970,OK,OK,OK
2026-08-29T14:57:32.763647Z,914,125.1,10966,OK,OK,OK
2026-08-29T14:57:38.182387Z,915,125.1,10966,OK,OK,OK
2026-08-29T14:57:43.558310Z,914,125.1,11345,OK,OK,OK
2026-08-29T14:57:48.954305Z,914,125.1,11345,OK,OK,OK
2026-08-29T14:57:54.326210Z,911,125.1,11345,OK,OK,OK
2026-08-29T14:57:59.705977Z,909,125.1,11008,OK,OK,OK
2026-08-29T14:58:05.093855Z,909,125.1,11008,OK,OK,OK
2026-08-29T14:58:10.456279Z,912,125.1,11005,OK,OK,OK
2026-08-29T14:58:15.823641Z,909,125.1,11005,OK,OK,OK
2026-08-29T14:58:21.209387Z,911,125.1,11061,OK,OK,OK
2026-08-29T14:58:26.595743Z,912,125.1,11061,OK,OK,OK
2026-08-29T14:58:31.966176Z,911,125.1,11061,OK,OK,OK
2026-08-29T14:58:37.352714Z,909,125.1,10997,OK,OK,OK
2026-08-29T14:58:42.723281Z,914,125.1,10997,OK,OK,OK
2026-08-29T14:58:48.086967Z,914,125.1,11052,OK,OK,OK
2026-08-29T14:58:53.473085Z,910,125.1,11052,OK,OK,OK
2026-08-29T14:58:58.850465Z,911,125.1,11052,OK,OK,OK
2026-08-29T14:59:04.228066Z,913,125.4,11012,OK,OK,OK
2026-08-29T14:59:09.591520Z,911,125.5,11012,OK,OK,OK
2026-08-29T14:59:14.983698Z,912,125.6,10966,OK,OK,OK
2026-08-29T14:59:20.380463Z,912,125.5,10966,OK,OK,OK
2026-08-29T14:59:25.749349Z,911,125.0,10966,OK,OK,OK
2026-08-29T14:59:31.118972Z,914,125.0,11077,OK,OK,OK
2026-08-29T14:59:36.498530Z,912,125.0,11077,OK,OK,OK
2026-08-29T14:59:41.879620Z,913,125.0,10988,OK,OK,OK
2026-08-29T14:59:47.250392Z,913,124.9,10988,OK,OK,OK
2026-08-29T14:59:52.651562Z,913,125.0,10792,OK,OK,OK
2026-08-29T14:59:58.033284Z,914,125.0,10792,OK,OK,OK
2026-08-29T15:00:03.403516Z,917,125.1,10792,OK,OK,OK
2026-08-29T15:00:08.792115Z,910,125.0,10935,OK,OK,OK
2026-08-29T15:00:14.227679Z,910,125.0,10935,OK,OK,OK
2026-08-29T15:00:19.632143Z,911,125.0,10852,OK,OK,OK
2026-08-29T15:00:25.003950Z,912,125.1,10852,OK,OK,OK
2026-08-29T15:00:30.382341Z,911,125.1,10852,OK,OK,OK
2026-08-29T15:00:35.786536Z,910,125.1,10848,OK,OK,OK
2026-08-29T15:00:41.201867Z,908,125.1,10848,OK,OK,OK
2026-08-29T15:00:46.571826Z,907,125.1,10876,OK,OK,OK
2026-08-29T15:00:51.947982Z,907,125.1,10876,OK,OK,OK
2026-08-29T15:00:57.337412Z,908,125.1,10750,OK,OK,OK
2026-08-29T15:01:02.707934Z,909,125.1,10750,OK,OK,OK
2026-08-29T15:01:08.094285Z,907,125.1,10750,OK,OK,OK
2026-08-29T15:01:13.469982Z,910,125.1,10837,OK,OK,OK
2026-08-29T15:01:18.863281Z,916,125.6,10837,OK,OK,OK
2026-08-29T15:01:24.239200Z,910,125.6,11002,OK,OK,OK
2026-08-29T15:01:29.624473Z,908,125.6,11002,OK,OK,OK
2026-08-29T15:01:35.018905Z,910,125.1,11002,OK,OK,OK
2026-08-29T15:01:40.379483Z,912,125.2,10763,OK,OK,OK
2026-08-29T15:01:45.759265Z,911,125.2,10763,OK,OK,OK
2026-08-29T15:01:51.146259Z,909,125.1,10933,OK,OK,OK
2026-08-29T15:01:56.527032Z,910,125.1,10933,OK,OK,OK
2026-08-29T15:02:01.923433Z,909,125.1,10933,OK,OK,OK
2026-08-29T15:02:07.324524Z,910,125.1,11067,OK,OK,OK
2026-08-29T15:02:12.713239Z,910,125.2,11067,OK,OK,OK
2026-08-29T15:02:18.119792Z,911,125.1,10930,OK,OK,OK
2026-08-29T15:02:23.496958Z,910,125.2,10930,OK,OK,OK
2026-08-29T15:02:28.899781Z,913,125.2,10844,OK,OK,OK
2026-08-29T15:02:34.281514Z,910,125.2,10844,OK,OK,OK
2026-08-29T15:02:39.656944Z,913,125.2,10844,OK,OK,OK
2026-08-29T15:02:45.047513Z,913,125.3,10860,OK,OK,OK
2026-08-29T15:02:50.427310Z,909,125.2,10860,OK,OK,OK
2026-08-29T15:02:55.788683Z,911,125.2,10923,OK,OK,OK
2026-08-29T15:03:01.207071Z,912,125.1,10923,OK,OK,OK
2026-08-29T15:03:06.593660Z,910,125.1,10923,OK,OK,OK
2026-08-29T15:03:11.995975Z,911,125.1,11218,OK,OK,OK
2026-08-29T15:03:17.367348Z,913,125.1,11218,OK,OK,OK
2026-08-29T15:03:22.766379Z,911,125.1,10985,OK,OK,OK
2026-08-29T15:03:28.143328Z,910,125.1,10985,OK,OK,OK
2026-08-29T15:03:33.496411Z,912,125.1,10985,OK,OK,OK
2026-08-29T15:03:38.876570Z,910,125.1,10947,OK,OK,OK
2026-08-29T15:03:44.249948Z,906,125.1,10947,OK,OK,OK
2026-08-29T15:03:49.653531Z,909,125.1,10996,OK,OK,OK
2026-08-29T15:03:55.024018Z,910,125.1,10996,OK,OK,OK
2026-08-29T15:04:00.419644Z,908,125.1,10897,OK,OK,OK
2026-08-29T15:04:05.793213Z,909,125.6,10897,OK,OK,OK
2026-08-29T15:04:11.151463Z,910,125.6,10897,OK,OK,OK
2026-08-29T15:04:16.529528Z,910,125.6,10949,OK,OK,OK
2026-08-29T15:04:21.941340Z,910,125.6,10949,OK,OK,OK
2026-08-29T15:04:27.312691Z,909,125.6,10943,OK,OK,OK
2026-08-29T15:04:32.673689Z,908,125.6,10943,OK,OK,OK
2026-08-29T15:04:38.050090Z,910,125.6,11117,OK,OK,OK
2026-08-29T15:04:43.453302Z,907,125.6,11117,OK,OK,OK
2026-08-29T15:04:48.807043Z,905,125.6,11117,OK,OK,OK
2026-08-29T15:04:54.209504Z,911,125.6,11202,OK,OK,OK
2026-08-29T15:04:59.596822Z,907,125.6,11202,OK,OK,OK
2026-08-29T15:05:04.970534Z,907,125.6,11207,OK,OK,OK
2026-08-29T15:05:10.336063Z,909,125.6,11207,OK,OK,OK
2026-08-29T15:05:15.739395Z,908,125.6,11207,OK,OK,OK
2026-08-29T15:05:21.124295Z,912,125.6,11197,OK,OK,OK
2026-08-29T15:05:26.506492Z,910,125.7,11197,OK,OK,OK
2026-08-29T15:05:31.914992Z,908,125.7,11168,OK,OK,OK
2026-08-29T15:05:37.312685Z,911,125.7,11168,OK,OK,OK
2026-08-29T15:05:42.699878Z,826,125.6,11168,OK,OK,OK
2026-08-29T15:05:48.072669Z,826,125.7,11175,OK,OK,OK
2026-08-29T15:05:53.454138Z,830,125.7,11175,OK,OK,OK
2026-08-29T15:05:58.831751Z,827,125.7,11214,OK,OK,OK
2026-08-29T15:06:04.213600Z,830,125.7,11214,OK,OK,OK
2026-08-29T15:06:09.620651Z,826,125.6,11292,OK,OK,OK
2026-08-29T15:06:15.020442Z,827,125.6,11292,OK,OK,OK
2026-08-29T15:06:20.393870Z,828,125.6,11292,OK,OK,OK
2026-08-29T15:06:25.769882Z,826,125.6,11204,OK,OK,OK
2026-08-29T15:06:31.153941Z,825,125.6,11204,OK,OK,OK
2026-08-29T15:06:36.546286Z,824,125.6,11423,OK,OK,OK
2026-08-29T15:06:41.945287Z,825,125.6,11423,OK,OK,OK
2026-08-29T15:06:47.309743Z,827,125.5,11423,OK,OK,OK
2026-08-29T15:06:52.696971Z,823,125.5,11123,OK,OK,OK
2026-08-29T15:06:58.076384Z,826,125.6,11123,OK,OK,OK
2026-08-29T15:07:03.451696Z,825,125.6,11145,OK,OK,OK
2026-08-29T15:07:08.823494Z,826,125.6,11145,OK,OK,OK
2026-08-29T15:07:14.255784Z,825,125.6,11145,OK,OK,OK
2026-08-29T15:07:19.613417Z,826,125.6,11034,OK,OK,OK
2026-08-29T15:07:25.015905Z,826,125.6,11034,OK,OK,OK
2026-08-29T15:07:30.417334Z,825,125.6,11050,OK,OK,OK
2026-08-29T15:07:35.796708Z,828,125.6,11050,OK,OK,OK
2026-08-29T15:07:41.166604Z,825,125.6,11097,OK,OK,OK
2026-08-29T15:07:46.562182Z,828,125.6,11097,OK,OK,OK
2026-08-29T15:07:51.940492Z,826,125.4,11097,OK,OK,OK
2026-08-29T15:07:57.311826Z,824,125.4,11100,OK,OK,OK
2026-08-29T15:08:02.705281Z,828,125.3,11100,OK,OK,OK
2026-08-29T15:08:08.075950Z,826,125.4,11135,OK,OK,OK
2026-08-29T15:08:13.478426Z,823,124.8,11135,OK,OK,OK
2026-08-29T15:08:18.855685Z,824,124.8,11135,OK,OK,OK
2026-08-29T15:08:24.238765Z,823,124.8,11258,OK,OK,OK
2026-08-29T15:08:29.620535Z,826,124.8,11258,OK,OK,OK
2026-08-29T15:08:34.985615Z,821,124.8,11220,OK,OK,OK
2026-08-29T15:08:40.360069Z,822,124.9,11220,OK,OK,OK
2026-08-29T15:08:45.775734Z,825,124.8,11280,OK,OK,OK
2026-08-29T15:08:51.166819Z,826,124.9,11280,OK,OK,OK
2026-08-29T15:08:56.536868Z,828,124.9,11280,OK,OK,OK
2026-08-29T15:09:01.909177Z,825,124.9,11282,OK,OK,OK
2026-08-29T15:09:07.295604Z,822,124.9,11282,OK,OK,OK
2026-08-29T15:09:12.674684Z,827,124.9,11269,OK,OK,OK
2026-08-29T15:09:18.052703Z,824,124.8,11269,OK,OK,OK
2026-08-29T15:09:23.439914Z,823,124.7,11269,OK,OK,OK
2026-08-29T15:09:28.818528Z,822,124.8,11279,OK,OK,OK
2026-08-29T15:09:34.185452Z,823,124.9,11279,OK,OK,OK
2026-08-29T15:09:39.561022Z,824,124.7,11168,OK,OK,OK
2026-08-29T15:09:44.937430Z,828,124.7,11168,OK,OK,OK
2026-08-29T15:09:50.325020Z,830,124.7,11168,OK,OK,OK
2026-08-29T15:09:55.724776Z,821,124.7,11263,OK,OK,OK
2026-08-29T15:10:01.109137Z,824,124.7,11263,OK,OK,OK
2026-08-29T15:10:06.490050Z,823,124.7,11233,OK,OK,OK
2026-08-29T15:10:11.871291Z,826,124.8,11233,OK,OK,OK
2026-08-29T15:10:17.252739Z,824,124.7,11464,OK,OK,OK
2026-08-29T15:10:22.633626Z,833,124.8,11464,OK,OK,OK
2026-08-29T15:10:27.989298Z,826,124.8,11464,OK,OK,OK
2026-08-29T15:10:33.371575Z,825,124.7,11321,OK,OK,OK
2026-08-29T15:10:38.751006Z,824,124.7,11321,OK,OK,OK
2026-08-29T15:10:44.144654Z,824,124.7,11427,OK,OK,OK
2026-08-29T15:10:49.515308Z,824,125.1,11427,OK,OK,OK
2026-08-29T15:10:54.905425Z,823,125.2,11427,OK,OK,OK
2026-08-29T15:11:00.282207Z,828,125.2,11268,OK,OK,OK
2026-08-29T15:11:05.667950Z,830,125.2,11268,OK,OK,OK
2026-08-29T15:11:11.051835Z,831,125.1,11265,OK,OK,OK
2026-08-29T15:11:16.461364Z,838,124.7,11265,OK,OK,OK
2026-08-29T15:11:21.863278Z,832,124.7,11265,OK,OK,OK
2026-08-29T15:11:27.249624Z,832,124.7,11322,OK,OK,OK
2026-08-29T15:11:32.626620Z,829,124.7,11322,OK,OK,OK
2026-08-29T15:11:38.028783Z,835,124.6,11330,OK,OK,OK
2026-08-29T15:11:43.407159Z,831,124.7,11330,OK,OK,OK
2026-08-29T15:11:48.772961Z,830,124.6,11505,OK,OK,OK
2026-08-29T15:11:54.156333Z,834,124.7,11505,OK,OK,OK
2026-08-29T15:11:59.542791Z,831,124.7,11505,OK,OK,OK
2026-08-29T15:12:04.936237Z,966,124.8,11470,OK,OK,OK
2026-08-29T15:12:10.303979Z,958,124.8,11470,OK,OK,OK
2026-08-29T15:12:15.692562Z,959,124.8,11301,OK,OK,OK
2026-08-29T15:12:21.081377Z,957,124.8,11301,OK,OK,OK
2026-08-29T15:12:26.459850Z,958,124.9,11301,OK,OK,OK
2026-08-29T15:12:31.873722Z,959,124.9,11263,OK,OK,OK
2026-08-29T15:12:37.279901Z,958,124.9,11263,OK,OK,OK
2026-08-29T15:12:42.674069Z,957,124.9,11371,OK,OK,OK
2026-08-29T15:12:48.050585Z,961,124.9,11371,OK,OK,OK
2026-08-29T15:12:53.430918Z,962,124.9,11371,OK,OK,OK
2026-08-29T15:12:58.828650Z,958,124.8,11331,OK,OK,OK
2026-08-29T15:13:04.202830Z,955,124.8,11331,OK,OK,OK
2026-08-29T15:13:09.597557Z,956,125.3,11330,OK,OK,OK
2026-08-29T15:13:14.992906Z,954,125.2,11330,OK,OK,OK
2026-08-29T15:13:20.363594Z,960,125.2,11325,OK,OK,OK
2026-08-29T15:13:25.742698Z,958,125.3,11325,OK,OK,OK
2026-08-29T15:13:31.120625Z,841,124.7,11325,OK,OK,OK
2026-08-29T15:13:36.512896Z,843,124.7,11378,OK,OK,OK
2026-08-29T15:13:41.888162Z,838,124.8,11378,OK,OK,OK
2026-08-29T15:13:47.280634Z,843,124.7,11609,OK,OK,OK
2026-08-29T15:13:52.679637Z,837,124.7,11609,OK,OK,OK
2026-08-29T15:13:58.043995Z,840,124.7,11609,OK,OK,OK
2026-08-29T15:14:03.419363Z,838,124.7,11361,OK,OK,OK
2026-08-29T15:14:08.803905Z,840,124.7,11361,OK,OK,OK
2026-08-29T15:14:14.184274Z,840,124.6,11412,OK,OK,OK
2026-08-29T15:14:19.551239Z,843,124.6,11412,OK,OK,OK
2026-08-29T15:14:24.930812Z,838,124.6,11412,OK,OK,OK
2026-08-29T15:14:30.308185Z,838,124.6,11438,OK,OK,OK
2026-08-29T15:14:35.674360Z,840,124.6,11438,OK,OK,OK
2026-08-29T15:14:41.052938Z,839,124.7,11419,OK,OK,OK
2026-08-29T15:14:46.425928Z,838,124.6,11419,OK,OK,OK
2026-08-29T15:14:51.822100Z,842,124.7,11535,OK,OK,OK
2026-08-29T15:14:57.202394Z,840,124.6,11535,OK,OK,OK
2026-08-29T15:15:02.588896Z,839,124.6,11535,OK,OK,OK
2026-08-29T15:15:07.956677Z,838,124.7,11436,OK,OK,OK
2026-08-29T15:15:13.341184Z,840,124.7,11436,OK,OK,OK
2026-08-29T15:15:18.715214Z,839,124.6,11465,OK,OK,OK
2026-08-29T15:15:24.108825Z,841,124.6,11465,OK,OK,OK
2026-08-29T15:15:29.474235Z,838,124.6,11465,OK,OK,OK
2026-08-29T15:15:34.849937Z,839,124.6,11481,OK,OK,OK
2026-08-29T15:15:40.220512Z,841,124.6,11481,OK,OK,OK
2026-08-29T15:15:45.606160Z,840,124.6,11359,OK,OK,OK
2026-08-29T15:15:50.979391Z,840,124.6,11359,OK,OK,OK
2026-08-29T15:15:56.353330Z,838,124.5,11504,OK,OK,OK
2026-08-29T15:16:01.745211Z,842,124.6,11504,OK,OK,OK
2026-08-29T15:16:07.120954Z,842,124.6,11504,OK,OK,OK
2026-08-29T15:16:12.483521Z,838,124.6,11426,OK,OK,OK
2026-08-29T15:16:17.861065Z,838,124.6,11426,OK,OK,OK
2026-08-29T15:16:23.264302Z,828,124.6,11457,OK,OK,OK
2026-08-29T15:16:28.640647Z,831,124.6,11457,OK,OK,OK
2026-08-29T15:16:34.046955Z,833,124.6,11457,OK,OK,OK
2026-08-29T15:16:39.442391Z,830,124.7,11494,OK,OK,OK
2026-08-29T15:16:44.816366Z,830,124.6,11494,OK,OK,OK
2026-08-29T15:16:50.171190Z,831,124.6,11521,OK,OK,OK
2026-08-29T15:16:55.571183Z,828,124.6,11521,OK,OK,OK
2026-08-29T15:17:00.972243Z,833,124.6,11521,OK,OK,OK
2026-08-29T15:17:06.341919Z,832,124.6,11481,OK,OK,OK
2026-08-29T15:17:11.733338Z,830,124.6,11481,OK,OK,OK
2026-08-29T15:17:17.109537Z,828,124.6,11466,OK,OK,OK
2026-08-29T15:17:22.501387Z,831,124.6,11466,OK,OK,OK
2026-08-29T15:17:27.875634Z,826,124.6,11466,OK,OK,OK
2026-08-29T15:17:33.270071Z,830,124.6,11536,OK,OK,OK
2026-08-29T15:17:38.663242Z,829,124.7,11536,OK,OK,OK
2026-08-29T15:17:44.034487Z,831,124.8,11599,OK,OK,OK
2026-08-29T15:17:49.403588Z,833,124.8,11599,OK,OK,OK
2026-08-29T15:17:54.783522Z,831,124.8,11534,OK,OK,OK
2026-08-29T15:18:00.192544Z,829,124.7,11534,OK,OK,OK
2026-08-29T15:18:05.562992Z,829,124.6,11534,OK,OK,OK
2026-08-29T15:18:10.943583Z,828,124.5,11626,OK,OK,OK
2026-08-29T15:18:16.331654Z,830,124.5,11626,OK,OK,OK
2026-08-29T15:18:21.695240Z,827,124.5,11646,OK,OK,OK
2026-08-29T15:18:27.077719Z,832,124.4,11646,OK,OK,OK
2026-08-29T15:18:32.454451Z,828,124.4,11646,OK,OK,OK
2026-08-29T15:18:37.834129Z,829,124.4,11679,OK,OK,OK
2026-08-29T15:18:43.210319Z,832,124.4,11679,OK,OK,OK
2026-08-29T15:18:48.587113Z,828,124.4,11707,OK,OK,OK
2026-08-29T15:18:53.962103Z,831,124.4,11707,OK,OK,OK
2026-08-29T15:18:59.348266Z,830,124.1,11715,OK,OK,OK
2026-08-29T15:19:04.732201Z,829,123.7,11715,OK,OK,OK
2026-08-29T15:19:10.119795Z,832,123.7,11715,OK,OK,OK
2026-08-29T15:19:15.508765Z,834,123.7,11725,OK,OK,OK
2026-08-29T15:19:20.876898Z,831,124.1,11725,OK,OK,OK
2026-08-29T15:19:26.280867Z,831,124.1,11705,OK,OK,OK
2026-08-29T15:19:31.664671Z,827,124.1,11705,OK,OK,OK
2026-08-29T15:19:37.066900Z,828,124.0,11705,OK,OK,OK
2026-08-29T15:19:42.441797Z,827,124.3,11678,OK,OK,OK
2026-08-29T15:19:47.821199Z,830,124.5,11678,OK,OK,OK
2026-08-29T15:19:53.197530Z,830,124.4,11708,OK,OK,OK
2026-08-29T15:19:58.579654Z,826,124.4,11708,OK,OK,OK
2026-08-29T15:20:03.986530Z,826,124.4,11708,OK,OK,OK
2026-08-29T15:20:09.389229Z,828,124.4,11523,OK,OK,OK
2026-08-29T15:20:14.775663Z,828,124.4,11523,OK,OK,OK
2026-08-29T15:20:20.132198Z,826,124.4,11440,OK,OK,OK
2026-08-29T15:20:25.513511Z,828,124.4,11440,OK,OK,OK
2026-08-29T15:20:30.899806Z,824,124.3,11704,OK,OK,OK
2026-08-29T15:20:36.274995Z,831,124.4,11704,OK,OK,OK
2026-08-29T15:20:41.649882Z,828,124.4,11704,OK,OK,OK
2026-08-29T15:20:47.026793Z,830,124.4,11666,OK,OK,OK
2026-08-29T15:20:52.413184Z,827,124.4,11666,OK,OK,OK
2026-08-29T15:20:57.771195Z,827,124.4,11666,OK,OK,OK
2026-08-29T15:21:03.158402Z,826,124.4,11666,OK,OK,OK
2026-08-29T15:21:08.577091Z,832,124.4,11666,OK,OK,OK
2026-08-29T15:21:13.950693Z,826,124.4,11637,OK,OK,OK
2026-08-29T15:21:19.317919Z,832,124.4,11637,OK,OK,OK
2026-08-29T15:21:24.715103Z,830,124.4,11555,OK,OK,OK
2026-08-29T15:21:30.122902Z,826,124.5,11555,OK,OK,OK
2026-08-29T15:21:35.493402Z,825,124.4,11555,OK,OK,OK
2026-08-29T15:21:40.862510Z,831,125.3,11577,OK,OK,OK
2026-08-29T15:21:46.247438Z,827,125.3,11577,OK,OK,OK
2026-08-29T15:21:51.625563Z,829,125.3,11607,OK,OK,OK
2026-08-29T15:21:57.008329Z,826,125.3,11607,OK,OK,OK
2026-08-29T15:22:02.383485Z,824,125.3,11799,OK,OK,OK
2026-08-29T15:22:07.758088Z,830,125.3,11799,OK,OK,OK
2026-08-29T15:22:13.119271Z,831,125.3,11799,OK,OK,OK
2026-08-29T15:22:18.505692Z,827,125.3,11575,OK,OK,OK
2026-08-29T15:22:23.903236Z,830,125.3,11575,OK,OK,OK
2026-08-29T15:22:29.292834Z,831,125.3,11563,OK,OK,OK
2026-08-29T15:22:34.665410Z,829,125.3,11563,OK,OK,OK
2026-08-29T15:22:40.060451Z,828,125.3,11563,OK,OK,OK
2026-08-29T15:22:45.438295Z,827,125.3,11570,OK,OK,OK
2026-08-29T15:22:50.833132Z,830,125.3,11570,OK,OK,OK
2026-08-29T15:22:56.221509Z,829,125.3,11578,OK,OK,OK
2026-08-29T15:23:01.589777Z,828,125.3,11578,OK,OK,OK
2026-08-29T15:23:06.982499Z,826,125.3,11578,OK,OK,OK
2026-08-29T15:23:12.370093Z,830,125.2,11539,OK,OK,OK
2026-08-29T15:23:17.790140Z,830,125.2,11539,OK,OK,OK
2026-08-29T15:23:23.184951Z,827,124.7,11543,OK,OK,OK
2026-08-29T15:23:28.557144Z,827,124.6,11543,OK,OK,OK
2026-08-29T15:23:33.953219Z,827,124.7,11797,OK,OK,OK
2026-08-29T15:23:39.335635Z,917,124.7,11797,OK,OK,OK
2026-08-29T15:23:44.706167Z,926,124.7,11797,OK,OK,OK
2026-08-29T15:23:50.092630Z,935,124.8,11902,OK,OK,OK
2026-08-29T15:23:55.463925Z,941,124.7,11902,OK,OK,OK
2026-08-29T15:24:00.846192Z,934,124.6,11770,OK,OK,OK
2026-08-29T15:24:06.252335Z,937,124.8,11770,OK,OK,OK
2026-08-29T15:24:11.619193Z,944,124.6,11770,OK,OK,OK
2026-08-29T15:24:17.042095Z,940,124.6,11789,OK,OK,OK
2026-08-29T15:24:22.419400Z,937,124.6,11789,OK,OK,OK
2026-08-29T15:24:27.790715Z,935,124.6,11776,OK,OK,OK
2026-08-29T15:24:33.194955Z,937,124.6,11776,OK,OK,OK
2026-08-29T15:24:38.578681Z,934,124.6,11776,OK,OK,OK
2026-08-29T15:24:43.962896Z,932,124.6,11775,OK,OK,OK
2026-08-29T15:24:49.382523Z,930,124.6,11775,OK,OK,OK
2026-08-29T15:24:54.760025Z,933,124.6,11775,OK,OK,OK
2026-08-29T15:25:00.130301Z,926,124.6,11775,OK,OK,OK
2026-08-29T15:25:05.520803Z,927,124.7,11798,OK,OK,OK
2026-08-29T15:25:10.884271Z,925,124.7,11798,OK,OK,OK
2026-08-29T15:25:16.276039Z,929,124.8,11798,OK,OK,OK
2026-08-29T15:25:21.664206Z,922,124.8,11759,OK,OK,OK
2026-08-29T15:25:27.050637Z,925,124.7,11759,OK,OK,OK
2026-08-29T15:25:32.453098Z,922,124.8,11835,OK,OK,OK
2026-08-29T15:25:37.823768Z,917,124.7,11835,OK,OK,OK
2026-08-29T15:25:43.202573Z,918,124.8,11835,OK,OK,OK
2026-08-29T15:25:48.622137Z,912,124.8,11817,OK,OK,OK
2026-08-29T15:25:53.994902Z,914,124.9,11817,OK,OK,OK
2026-08-29T15:25:59.365451Z,915,124.8,11846,OK,OK,OK
2026-08-29T15:26:04.746445Z,915,125.4,11846,OK,OK,OK
2026-08-29T15:26:10.123715Z,915,125.4,11846,OK,OK,OK
2026-08-29T15:26:15.485272Z,916,125.4,11870,OK,OK,OK
2026-08-29T15:26:20.864042Z,915,125.4,11870,OK,OK,OK
2026-08-29T15:26:26.250485Z,918,125.3,12085,OK,OK,OK
2026-08-29T15:26:31.652921Z,916,124.9,12085,OK,OK,OK
2026-08-29T15:26:37.023569Z,915,124.9,11909,OK,OK,OK
2026-08-29T15:26:42.402837Z,918,124.9,11909,OK,OK,OK
2026-08-29T15:26:47.785201Z,916,124.9,11909,OK,OK,OK
2026-08-29T15:26:53.143544Z,918,125.2,11958,OK,OK,OK
2026-08-29T15:26:58.546317Z,919,125.2,11958,OK,OK,OK
2026-08-29T15:27:03.962210Z,918,125.1,12232,OK,OK,OK
2026-08-29T15:27:09.345498Z,916,125.1,12232,OK,OK,OK
2026-08-29T15:27:14.729240Z,918,125.1,12232,OK,OK,OK
2026-08-29T15:27:20.101172Z,917,125.1,12001,OK,OK,OK
2026-08-29T15:27:25.495295Z,917,125.2,12001,OK,OK,OK
2026-08-29T15:27:30.885466Z,917,125.2,12020,OK,OK,OK
2026-08-29T15:27:36.263199Z,915,125.3,12020,OK,OK,OK
2026-08-29T15:27:41.645734Z,920,125.2,12020,OK,OK,OK
2026-08-29T15:27:47.030428Z,918,125.1,12193,OK,OK,OK
2026-08-29T15:27:52.403025Z,916,125.1,12193,OK,OK,OK
2026-08-29T15:27:57.789340Z,917,125.1,11636,OK,OK,OK
2026-08-29T15:28:03.191773Z,916,125.0,11636,OK,OK,OK
2026-08-29T15:28:08.574234Z,921,125.0,11599,OK,OK,OK
2026-08-29T15:28:13.947675Z,920,125.1,11599,OK,OK,OK
2026-08-29T15:28:19.322117Z,919,125.2,11599,OK,OK,OK
2026-08-29T15:28:24.712287Z,918,125.1,11739,OK,OK,OK
2026-08-29T15:28:30.076336Z,921,125.2,11739,OK,OK,OK
2026-08-29T15:28:35.462750Z,916,125.7,11597,OK,OK,OK
2026-08-29T15:28:40.842606Z,917,125.7,11597,OK,OK,OK
2026-08-29T15:28:46.219825Z,919,125.3,11597,OK,OK,OK
2026-08-29T15:28:51.590305Z,920,125.2,11955,OK,OK,OK
2026-08-29T15:28:56.989344Z,919,125.2,11955,OK,OK,OK
2026-08-29T15:29:02.365319Z,919,125.2,11961,OK,OK,OK
2026-08-29T15:29:07.730075Z,919,125.1,11961,OK,OK,OK
2026-08-29T15:29:13.138368Z,919,125.1,11961,OK,OK,OK
2026-08-29T15:29:18.521615Z,917,125.1,11722,OK,OK,OK
2026-08-29T15:29:23.890584Z,920,125.2,11722,OK,OK,OK
2026-08-29T15:29:29.264445Z,919,125.1,11678,OK,OK,OK
2026-08-29T15:29:34.637701Z,919,125.1,11678,OK,OK,OK
2026-08-29T15:29:40.020399Z,917,125.2,11751,OK,OK,OK
2026-08-29T15:29:45.407113Z,915,125.1,11751,OK,OK,OK
2026-08-29T15:29:50.793676Z,921,125.2,11751,OK,OK,OK
2026-08-29T15:29:56.172918Z,924,125.2,11817,OK,OK,OK
2026-08-29T15:30:01.550460Z,920,125.2,11817,OK,OK,OK
2026-08-29T15:30:06.919661Z,920,125.2,11686,OK,OK,OK
2026-08-29T15:30:12.307829Z,924,125.2,11686,OK,OK,OK
2026-08-29T15:30:17.691839Z,918,125.1,11686,OK,OK,OK
2026-08-29T15:30:23.096797Z,919,125.3,11746,OK,OK,OK
2026-08-29T15:30:28.483897Z,920,125.2,11746,OK,OK,OK
2026-08-29T15:30:33.884737Z,927,125.2,11740,OK,OK,OK
2026-08-29T15:30:39.280186Z,920,125.3,11740,OK,OK,OK
2026-08-29T15:30:44.637899Z,922,125.3,11740,OK,OK,OK
2026-08-29T15:30:50.029095Z,924,125.3,12061,OK,OK,OK
2026-08-29T15:30:55.431545Z,922,125.2,12061,OK,OK,OK
2026-08-29T15:31:00.811271Z,922,125.1,11778,OK,OK,OK
2026-08-29T15:31:06.208843Z,920,125.1,11778,OK,OK,OK
2026-08-29T15:31:11.600558Z,921,125.3,11872,OK,OK,OK
2026-08-29T15:31:16.982726Z,931,125.2,11872,OK,OK,OK
2026-08-29T15:31:22.360429Z,919,125.2,11872,OK,OK,OK
2026-08-29T15:31:27.742542Z,919,125.2,12045,OK,OK,OK
2026-08-29T15:31:33.130152Z,920,125.2,12045,OK,OK,OK
2026-08-29T15:31:38.517438Z,918,125.2,12001,OK,OK,OK
2026-08-29T15:31:43.903939Z,918,125.1,12001,OK,OK,OK
2026-08-29T15:31:49.287453Z,918,125.2,12001,OK,OK,OK
2026-08-29T15:31:54.664596Z,923,125.1,11897,OK,OK,OK
2026-08-29T15:32:00.030709Z,920,125.2,11897,OK,OK,OK
2026-08-29T15:32:05.406158Z,920,125.2,12004,OK,OK,OK
2026-08-29T15:32:10.789661Z,920,125.3,12004,OK,OK,OK
2026-08-29T15:32:16.193868Z,920,125.2,12004,OK,OK,OK
2026-08-29T15:32:21.581016Z,920,125.3,12330,OK,OK,OK
2026-08-29T15:32:26.963821Z,919,125.3,12330,OK,OK,OK
2026-08-29T15:32:32.357505Z,916,125.3,12001,OK,OK,OK
2026-08-29T15:32:37.723664Z,919,125.3,12001,OK,OK,OK
2026-08-29T15:32:43.128195Z,919,125.3,12241,OK,OK,OK
2026-08-29T15:32:48.511185Z,921,125.2,12241,OK,OK,OK
2026-08-29T15:32:53.886958Z,923,125.3,12241,OK,OK,OK
2026-08-29T15:32:59.288362Z,923,125.3,11997,OK,OK,OK
2026-08-29T15:33:04.671361Z,918,125.3,11997,OK,OK,OK
2026-08-29T15:33:10.052559Z,918,125.3,12066,OK,OK,OK
2026-08-29T15:33:15.417039Z,919,125.3,12066,OK,OK,OK
2026-08-29T15:33:20.794890Z,917,125.3,12066,OK,OK,OK
2026-08-29T15:33:26.164912Z,920,125.3,12103,OK,OK,OK
2026-08-29T15:33:31.519271Z,925,125.3,12103,OK,OK,OK
2026-08-29T15:33:36.928830Z,922,125.3,12190,OK,OK,OK
2026-08-29T15:33:42.317322Z,920,125.3,12190,OK,OK,OK
2026-08-29T15:33:47.687843Z,922,125.3,12190,OK,OK,OK
2026-08-29T15:33:53.084639Z,922,125.4,12291,OK,OK,OK
2026-08-29T15:33:58.458087Z,924,125.3,12291,OK,OK,OK
2026-08-29T15:34:03.858441Z,920,125.8,12315,OK,OK,OK
2026-08-29T15:34:09.249765Z,921,125.8,12315,OK,OK,OK
2026-08-29T15:34:14.643177Z,921,125.8,12274,OK,OK,OK
2026-08-29T15:34:20.007617Z,918,125.7,12274,OK,OK,OK
2026-08-29T15:34:25.384269Z,920,125.8,12274,OK,OK,OK
2026-08-29T15:34:30.746286Z,919,125.7,12269,OK,OK,OK
2026-08-29T15:34:36.145437Z,920,125.8,12269,OK,OK,OK
2026-08-29T15:34:41.520718Z,919,125.8,12271,OK,OK,OK
2026-08-29T15:34:46.875312Z,919,125.8,12271,OK,OK,OK
2026-08-29T15:34:52.257140Z,921,125.7,12271,OK,OK,OK
2026-08-29T15:34:57.642692Z,916,125.7,12303,OK,OK,OK
2026-08-29T15:35:03.031312Z,917,125.8,12303,OK,OK,OK
2026-08-29T15:35:08.397991Z,916,125.8,12233,OK,OK,OK
2026-08-29T15:35:13.864173Z,916,125.8,12233,OK,OK,OK
2026-08-29T15:35:19.240650Z,919,125.8,12233,OK,OK,OK
2026-08-29T15:35:24.612937Z,918,125.7,12120,OK,OK,OK
2026-08-29T15:35:29.980339Z,920,125.8,12120,OK,OK,OK
2026-08-29T15:35:35.352582Z,919,125.8,12116,OK,OK,OK
2026-08-29T15:35:40.764219Z,918,125.6,12116,OK,OK,OK
2026-08-29T15:35:46.124217Z,917,125.8,12172,OK,OK,OK
2026-08-29T15:35:51.504819Z,919,125.8,12172,OK,OK,OK
2026-08-29T15:35:56.911598Z,919,125.7,12172,OK,OK,OK
2026-08-29T15:36:02.278927Z,917,125.8,12276,OK,OK,OK
2026-08-29T15:36:07.657028Z,919,125.8,12276,OK,OK,OK
2026-08-29T15:36:13.063714Z,923,125.8,12324,OK,OK,OK
2026-08-29T15:36:18.449926Z,925,125.6,12324,OK,OK,OK
2026-08-29T15:36:23.817214Z,918,125.7,12324,OK,OK,OK
2026-08-29T15:36:29.199016Z,918,125.7,12010,OK,OK,OK
2026-08-29T15:36:34.585132Z,924,125.7,12010,OK,OK,OK
2026-08-29T15:36:39.952017Z,919,125.7,12005,OK,OK,OK
2026-08-29T15:36:45.330464Z,919,125.7,12005,OK,OK,OK
2026-08-29T15:36:50.717111Z,918,125.7,12005,OK,OK,OK
2026-08-29T15:36:56.097142Z,916,125.6,12058,OK,OK,OK
2026-08-29T15:37:01.455826Z,915,125.6,12058,OK,OK,OK
2026-08-29T15:37:06.846004Z,917,125.6,11994,OK,OK,OK
2026-08-29T15:37:12.230988Z,914,125.6,11994,OK,OK,OK
2026-08-29T15:37:17.633722Z,916,125.6,12079,OK,OK,OK
2026-08-29T15:37:23.004020Z,914,125.6,12079,OK,OK,OK
2026-08-29T15:37:28.369273Z,916,125.7,12079,OK,OK,OK
2026-08-29T15:37:33.758722Z,1165,125.8,12113,OK,OK,OK
2026-08-29T15:37:39.136813Z,1076,125.8,12113,OK,OK,OK
2026-08-29T15:37:44.505691Z,1076,125.8,12016,OK,OK,OK
2026-08-29T15:37:49.888120Z,1073,125.7,12016,OK,OK,OK
2026-08-29T15:37:55.260526Z,1071,125.7,12016,OK,OK,OK
2026-08-29T15:38:00.632399Z,1073,125.7,12037,OK,OK,OK
2026-08-29T15:38:06.012006Z,1075,125.7,12037,OK,OK,OK
2026-08-29T15:38:11.390563Z,1073,125.7,11976,OK,OK,OK
2026-08-29T15:38:16.758311Z,1074,125.6,11976,OK,OK,OK
2026-08-29T15:38:22.144032Z,1076,125.6,11976,OK,OK,OK
2026-08-29T15:38:27.528809Z,1076,125.6,12065,OK,OK,OK
2026-08-29T15:38:32.926408Z,1079,125.6,12065,OK,OK,OK
2026-08-29T15:38:38.316396Z,1075,125.6,12139,OK,OK,OK
2026-08-29T15:38:43.696111Z,1076,125.8,12139,OK,OK,OK
2026-08-29T15:38:49.090013Z,1076,125.6,12207,OK,OK,OK
2026-08-29T15:38:54.460245Z,1076,125.6,12207,OK,OK,OK
2026-08-29T15:38:59.843822Z,1079,125.7,12207,OK,OK,OK
2026-08-29T15:39:05.220056Z,1076,125.6,12024,OK,OK,OK
2026-08-29T15:39:10.634512Z,1078,125.7,12024,OK,OK,OK
2026-08-29T15:39:16.040857Z,1078,125.7,11971,OK,OK,OK
2026-08-29T15:39:21.413501Z,1076,125.8,11971,OK,OK,OK
2026-08-29T15:39:26.800994Z,1078,125.6,11971,OK,OK,OK
2026-08-29T15:39:32.170407Z,1076,125.6,12078,OK,OK,OK
2026-08-29T15:39:37.553459Z,1077,125.6,12078,OK,OK,OK
2026-08-29T15:39:42.939826Z,1078,125.5,12055,OK,OK,OK
2026-08-29T15:39:48.321364Z,1078,125.6,12055,OK,OK,OK
2026-08-29T15:39:53.711409Z,1076,125.6,12055,OK,OK,OK
2026-08-29T15:39:59.094867Z,1081,125.6,12081,OK,OK,OK
2026-08-29T15:40:04.479805Z,1077,125.6,12081,OK,OK,OK
2026-08-29T15:40:09.898061Z,1075,125.6,12105,OK,OK,OK
2026-08-29T15:40:15.278756Z,1077,125.6,12105,OK,OK,OK
2026-08-29T15:40:20.665337Z,1074,125.6,12206,OK,OK,OK
2026-08-29T15:40:26.047729Z,1073,125.7,12206,OK,OK,OK
2026-08-29T15:40:31.415131Z,1077,125.6,12206,OK,OK,OK
2026-08-29T15:40:36.794400Z,1077,125.6,12309,OK,OK,OK
2026-08-29T15:40:42.187936Z,1077,125.6,12309,OK,OK,OK
2026-08-29T15:40:47.548619Z,1074,125.7,12042,OK,OK,OK
2026-08-29T15:40:52.936703Z,1076,125.6,12042,OK,OK,OK
2026-08-29T15:40:58.308173Z,1078,125.6,12042,OK,OK,OK
2026-08-29T15:41:03.686037Z,1080,125.6,12165,OK,OK,OK
2026-08-29T15:41:09.045761Z,1078,125.6,12165,OK,OK,OK
2026-08-29T15:41:14.440584Z,1078,125.6,12137,OK,OK,OK
2026-08-29T15:41:19.831653Z,1081,125.6,12137,OK,OK,OK
2026-08-29T15:41:25.201967Z,1078,125.6,12137,OK,OK,OK
2026-08-29T15:41:30.589990Z,1075,125.6,12108,OK,OK,OK
2026-08-29T15:41:35.963453Z,1079,125.6,12108,OK,OK,OK
2026-08-29T15:41:41.334868Z,1079,125.6,11977,OK,OK,OK
2026-08-29T15:41:46.738540Z,1080,125.8,11977,OK,OK,OK
2026-08-29T15:41:52.124972Z,1080,125.6,11977,OK,OK,OK
2026-08-29T15:41:57.511431Z,1080,125.6,11977,OK,OK,OK
2026-08-29T15:42:02.889292Z,1077,125.6,12127,OK,OK,OK
2026-08-29T15:42:08.253059Z,1076,125.6,12127,OK,OK,OK
2026-08-29T15:42:13.702848Z,1077,125.6,12127,OK,OK,OK
2026-08-29T15:42:19.089531Z,1073,125.6,12160,OK,OK,OK
2026-08-29T15:42:24.470474Z,1074,125.6,12160,OK,OK,OK
2026-08-29T15:42:29.858764Z,1074,125.6,12131,OK,OK,OK
2026-08-29T15:42:35.243566Z,1074,125.6,12131,OK,OK,OK
2026-08-29T15:42:40.633996Z,1074,125.6,12131,OK,OK,OK
2026-08-29T15:42:46.016428Z,1075,125.7,12053,OK,OK,OK
2026-08-29T15:42:51.397374Z,1073,125.6,12053,OK,OK,OK
2026-08-29T15:42:56.779185Z,1076,125.6,12056,OK,OK,OK
2026-08-29T15:43:02.159504Z,1075,125.6,12056,OK,OK,OK
2026-08-29T15:43:07.549668Z,1074,125.6,12016,OK,OK,OK
2026-08-29T15:43:12.930344Z,1076,125.6,12016,OK,OK,OK
2026-08-29T15:43:18.319129Z,990,125.6,12016,OK,OK,OK
2026-08-29T15:43:23.704417Z,993,125.6,12116,OK,OK,OK
2026-08-29T15:43:29.082369Z,995,125.6,12116,OK,OK,OK
2026-08-29T15:43:34.456736Z,993,125.6,11977,OK,OK,OK
2026-08-29T15:43:39.820846Z,994,125.6,11977,OK,OK,OK
2026-08-29T15:43:45.193967Z,993,125.7,11977,OK,OK,OK
2026-08-29T15:43:50.580656Z,991,125.8,12009,OK,OK,OK
2026-08-29T15:43:55.967054Z,996,125.6,12009,OK,OK,OK
2026-08-29T15:44:01.341011Z,995,125.7,12338,OK,OK,OK
2026-08-29T15:44:06.708335Z,992,125.6,12338,OK,OK,OK
2026-08-29T15:44:12.107416Z,990,125.6,12338,OK,OK,OK
2026-08-29T15:44:17.496241Z,993,125.6,12107,OK,OK,OK
2026-08-29T15:44:22.899825Z,993,125.6,12107,OK,OK,OK
2026-08-29T15:44:28.283398Z,991,125.5,11987,OK,OK,OK
2026-08-29T15:44:33.672852Z,989,125.4,11987,OK,OK,OK
2026-08-29T15:44:39.064519Z,991,125.4,12010,OK,OK,OK
2026-08-29T15:44:44.445510Z,991,125.5,12010,OK,OK,OK
2026-08-29T15:44:49.819295Z,990,125.4,12010,OK,OK,OK
2026-08-29T15:44:55.187015Z,993,125.4,11996,OK,OK,OK
2026-08-29T15:45:00.557613Z,991,125.4,11996,OK,OK,OK
2026-08-29T15:45:05.944035Z,991,125.6,12064,OK,OK,OK
2026-08-29T15:45:11.346537Z,991,125.6,12064,OK,OK,OK
2026-08-29T15:45:16.721048Z,988,125.4,12064,OK,OK,OK
2026-08-29T15:45:22.112166Z,992,125.4,12435,OK,OK,OK
2026-08-29T15:45:27.506287Z,994,125.4,12435,OK,OK,OK
2026-08-29T15:45:32.884093Z,992,125.4,12055,OK,OK,OK
2026-08-29T15:45:38.255327Z,991,125.5,12055,OK,OK,OK
2026-08-29T15:45:43.638261Z,991,125.6,11981,OK,OK,OK
2026-08-29T15:45:49.010012Z,995,125.6,11981,OK,OK,OK
2026-08-29T15:45:54.392514Z,991,125.4,11981,OK,OK,OK
2026-08-29T15:45:59.790759Z,990,125.4,12103,OK,OK,OK
2026-08-29T15:46:05.180316Z,991,125.4,12103,OK,OK,OK
2026-08-29T15:46:10.566779Z,994,125.6,12239,OK,OK,OK
2026-08-29T15:46:15.961741Z,1000,125.5,12239,OK,OK,OK
2026-08-29T15:46:21.354586Z,993,125.7,12239,OK,OK,OK
2026-08-29T15:46:26.726253Z,988,125.4,11981,OK,OK,OK
2026-08-29T15:46:32.109987Z,996,125.4,11981,OK,OK,OK
2026-08-29T15:46:37.509621Z,990,125.4,12288,OK,OK,OK
2026-08-29T15:46:42.884719Z,996,125.4,12288,OK,OK,OK
2026-08-29T15:46:48.240566Z,992,125.6,12288,OK,OK,OK
2026-08-29T15:46:53.622109Z,991,125.6,12520,OK,OK,OK
2026-08-29T15:46:58.997609Z,990,125.6,12520,OK,OK,OK
2026-08-29T15:47:04.392630Z,993,125.4,12440,OK,OK,OK
2026-08-29T15:47:09.766722Z,995,125.3,12440,OK,OK,OK
2026-08-29T15:47:15.162214Z,991,125.4,12440,OK,OK,OK
2026-08-29T15:47:20.540821Z,993,125.4,12229,OK,OK,OK
2026-08-29T15:47:25.910711Z,991,125.6,12229,OK,OK,OK
2026-08-29T15:47:31.297430Z,994,125.5,12172,OK,OK,OK
2026-08-29T15:47:36.687461Z,995,125.6,12172,OK,OK,OK
2026-08-29T15:47:42.064479Z,992,125.4,12223,OK,OK,OK
2026-08-29T15:47:47.423669Z,994,125.4,12223,OK,OK,OK
2026-08-29T15:47:52.810165Z,993,125.4,12223,OK,OK,OK
2026-08-29T15:47:58.195754Z,989,125.4,12200,OK,OK,OK
2026-08-29T15:48:03.567766Z,993,125.5,12200,OK,OK,OK
2026-08-29T15:48:08.953181Z,991,125.4,11973,OK,OK,OK
2026-08-29T15:48:14.350982Z,993,125.4,11973,OK,OK,OK
2026-08-29T15:48:19.732831Z,997,125.3,11973,OK,OK,OK
2026-08-29T15:48:25.090954Z,992,125.3,12228,OK,OK,OK
2026-08-29T15:48:30.468078Z,990,125.3,12228,OK,OK,OK
2026-08-29T15:48:35.854571Z,989,125.3,12021,OK,OK,OK
2026-08-29T15:48:41.230092Z,991,125.4,12021,OK,OK,OK
2026-08-29T15:48:46.627654Z,994,125.4,12109,OK,OK,OK
2026-08-29T15:48:51.998322Z,989,125.4,12109,OK,OK,OK
2026-08-29T15:48:57.387000Z,989,124.9,12109,OK,OK,OK
2026-08-29T15:49:02.768718Z,992,124.8,11943,OK,OK,OK
2026-08-29T15:49:08.146264Z,989,124.8,11943,OK,OK,OK
2026-08-29T15:49:13.556683Z,993,124.8,12012,OK,OK,OK
2026-08-29T15:49:18.943135Z,993,124.9,12012,OK,OK,OK
2026-08-29T15:49:24.318470Z,992,124.9,12012,OK,OK,OK
2026-08-29T15:49:29.703660Z,995,124.9,12146,OK,OK,OK
2026-08-29T15:49:35.115078Z,991,124.8,12146,OK,OK,OK
2026-08-29T15:49:40.517759Z,991,124.7,12123,OK,OK,OK
2026-08-29T15:49:45.911082Z,992,124.7,12123,OK,OK,OK
2026-08-29T15:49:51.297426Z,990,124.8,12123,OK,OK,OK
2026-08-29T15:49:56.700052Z,993,124.9,12138,OK,OK,OK
2026-08-29T15:50:02.084992Z,992,125.0,12138,OK,OK,OK
2026-08-29T15:50:07.468952Z,991,124.9,12227,OK,OK,OK
2026-08-29T15:50:12.869461Z,992,124.8,12227,OK,OK,OK
2026-08-29T15:50:18.246210Z,989,124.8,12214,OK,OK,OK
2026-08-29T15:50:23.625968Z,991,124.8,12214,OK,OK,OK
2026-08-29T15:50:29.019022Z,990,124.8,12214,OK,OK,OK
2026-08-29T15:50:34.400831Z,989,124.9,12089,OK,OK,OK
2026-08-29T15:50:39.809542Z,992,124.9,12089,OK,OK,OK
2026-08-29T15:50:45.190003Z,991,124.9,12168,OK,OK,OK
2026-08-29T15:50:50.608244Z,989,124.8,12168,OK,OK,OK
2026-08-29T15:50:55.972279Z,992,124.8,12168,OK,OK,OK
2026-08-29T15:51:01.353074Z,988,124.7,12220,OK,OK,OK
2026-08-29T15:51:06.723058Z,990,124.7,12220,OK,OK,OK
2026-08-29T15:51:12.125870Z,994,125.0,12045,OK,OK,OK
2026-08-29T15:51:17.501767Z,1003,124.9,12045,OK,OK,OK
2026-08-29T15:51:22.878032Z,988,124.9,12045,OK,OK,OK
2026-08-29T15:51:28.258812Z,990,124.8,12306,OK,OK,OK
2026-08-29T15:51:33.636182Z,994,124.8,12306,OK,OK,OK
2026-08-29T15:51:39.015950Z,992,124.9,12375,OK,OK,OK
2026-08-29T15:51:44.400954Z,991,124.8,12375,OK,OK,OK
2026-08-29T15:51:49.781118Z,993,124.9,12373,OK,OK,OK
2026-08-29T15:51:55.159848Z,994,125.1,12373,OK,OK,OK
2026-08-29T15:52:00.544001Z,993,125.0,12373,OK,OK,OK
2026-08-29T15:52:05.939741Z,991,124.9,12408,OK,OK,OK
2026-08-29T15:52:11.317754Z,992,124.8,12408,OK,OK,OK
2026-08-29T15:52:16.705734Z,989,124.9,12472,OK,OK,OK
2026-08-29T15:52:22.081009Z,989,124.9,12472,OK,OK,OK
2026-08-29T15:52:27.443233Z,989,124.8,12472,OK,OK,OK
2026-08-29T15:52:32.822338Z,981,124.9,12351,OK,OK,OK
2026-08-29T15:52:38.224757Z,993,125.0,12351,OK,OK,OK
2026-08-29T15:52:43.623135Z,989,125.0,12368,OK,OK,OK
2026-08-29T15:52:48.986435Z,989,124.9,12368,OK,OK,OK
2026-08-29T15:52:54.375612Z,989,124.9,12368,OK,OK,OK
2026-08-29T15:52:59.792831Z,992,124.9,12427,OK,OK,OK
2026-08-29T15:53:05.156271Z,990,124.8,12427,OK,OK,OK
2026-08-29T15:53:10.544239Z,989,125.1,12454,OK,OK,OK
2026-08-29T15:53:15.955581Z,991,125.0,12454,OK,OK,OK
2026-08-29T15:53:21.345668Z,996,125.1,12432,OK,OK,OK
2026-08-29T15:53:26.712752Z,987,124.9,12432,OK,OK,OK
2026-08-29T15:53:32.076894Z,983,124.8,12432,OK,OK,OK
2026-08-29T15:53:37.489224Z,994,124.9,12596,OK,OK,OK
2026-08-29T15:53:42.858778Z,991,124.9,12596,OK,OK,OK
2026-08-29T15:53:48.233856Z,990,125.0,12428,OK,OK,OK
2026-08-29T15:53:53.620466Z,992,125.0,12428,OK,OK,OK
2026-08-29T15:53:59.019285Z,991,125.1,12428,OK,OK,OK
2026-08-29T15:54:04.395413Z,988,124.9,12379,OK,OK,OK
2026-08-29T15:54:09.776850Z,987,124.9,12379,OK,OK,OK
2026-08-29T15:54:15.154991Z,990,124.9,12412,OK,OK,OK
2026-08-29T15:54:20.548024Z,990,124.9,12412,OK,OK,OK
2026-08-29T15:54:25.939552Z,991,125.0,12412,OK,OK,OK
2026-08-29T15:54:31.323865Z,991,125.0,12440,OK,OK,OK
2026-08-29T15:54:36.711599Z,994,125.0,12440,OK,OK,OK
2026-08-29T15:54:42.082347Z,988,124.9,12367,OK,OK,OK
2026-08-29T15:54:47.451279Z,990,124.9,12367,OK,OK,OK
2026-08-29T15:54:52.839270Z,990,124.9,12373,OK,OK,OK
2026-08-29T15:54:58.204946Z,988,124.9,12373,OK,OK,OK
2026-08-29T15:55:03.597026Z,992,125.1,12373,OK,OK,OK
2026-08-29T15:55:08.982642Z,989,125.1,12431,OK,OK,OK
2026-08-29T15:55:14.672812Z,990,125.1,12431,OK,OK,OK
2026-08-29T15:55:20.044533Z,986,124.9,12358,OK,OK,OK
2026-08-29T15:55:25.414459Z,986,124.9,12358,OK,OK,OK
2026-08-29T15:55:30.802504Z,989,124.9,12358,OK,OK,OK
2026-08-29T15:55:36.171639Z,990,124.9,12321,OK,OK,OK
2026-08-29T15:55:41.536612Z,989,125.1,12321,OK,OK,OK
2026-08-29T15:55:46.941354Z,989,125.0,12415,OK,OK,OK
2026-08-29T15:55:52.329509Z,987,125.0,12415,OK,OK,OK
2026-08-29T15:55:57.691520Z,986,124.9,12343,OK,OK,OK
2026-08-29T15:56:03.071628Z,988,124.9,12343,OK,OK,OK
2026-08-29T15:56:08.443009Z,989,124.9,12343,OK,OK,OK
2026-08-29T15:56:13.828598Z,988,124.9,12434,OK,OK,OK
2026-08-29T15:56:19.199155Z,996,124.9,12434,OK,OK,OK
2026-08-29T15:56:24.621914Z,993,125.1,12268,OK,OK,OK
2026-08-29T15:56:30.009920Z,992,125.1,12268,OK,OK,OK
2026-08-29T15:56:35.380617Z,990,125.0,12268,OK,OK,OK
2026-08-29T15:56:40.763122Z,988,124.9,12475,OK,OK,OK
2026-08-29T15:56:46.138977Z,987,124.8,12475,OK,OK,OK
2026-08-29T15:56:51.587645Z,987,124.8,12551,OK,OK,OK
2026-08-29T15:56:56.964760Z,990,124.8,12551,OK,OK,OK
2026-08-29T15:57:02.348487Z,986,124.9,12551,OK,OK,OK
2026-08-29T15:57:07.728329Z,989,124.9,12352,OK,OK,OK
2026-08-29T15:57:13.127558Z,990,124.9,12352,OK,OK,OK
2026-08-29T15:57:18.504293Z,989,124.9,12434,OK,OK,OK
2026-08-29T15:57:23.874427Z,986,124.9,12434,OK,OK,OK
2026-08-29T15:57:29.265294Z,990,124.9,12646,OK,OK,OK
2026-08-29T15:57:34.626458Z,990,124.9,12646,OK,OK,OK
2026-08-29T15:57:40.020755Z,986,125.1,12646,OK,OK,OK
2026-08-29T15:57:45.400248Z,988,125.5,12612,OK,OK,OK
2026-08-29T15:57:50.777404Z,988,125.6,12612,OK,OK,OK
2026-08-29T15:57:56.170867Z,987,125.3,12527,OK,OK,OK
2026-08-29T15:58:01.545138Z,990,125.2,12527,OK,OK,OK
2026-08-29T15:58:06.924187Z,987,124.7,12527,OK,OK,OK
2026-08-29T15:58:12.300861Z,988,124.8,12472,OK,OK,OK
2026-08-29T15:58:17.672875Z,994,124.9,12472,OK,OK,OK
2026-08-29T15:58:23.063065Z,988,124.9,12473,OK,OK,OK
2026-08-29T15:58:28.427792Z,989,124.7,12473,OK,OK,OK
2026-08-29T15:58:33.812120Z,987,124.8,12473,OK,OK,OK
2026-08-29T15:58:39.191172Z,987,124.8,12354,OK,OK,OK
2026-08-29T15:58:44.581374Z,986,124.8,12354,OK,OK,OK
2026-08-29T15:58:49.954672Z,989,125.1,12750,OK,OK,OK
2026-08-29T15:58:55.330424Z,989,125.1,12750,OK,OK,OK
2026-08-29T15:59:00.717057Z,991,125.1,12805,OK,OK,OK
2026-08-29T15:59:06.087500Z,988,124.9,12805,OK,OK,OK
2026-08-29T15:59:11.474019Z,993,124.8,12805,OK,OK,OK
2026-08-29T15:59:16.876474Z,988,124.9,12588,OK,OK,OK
2026-08-29T15:59:22.267854Z,986,124.9,12588,OK,OK,OK
2026-08-29T15:59:27.632912Z,994,125.1,12472,OK,OK,OK
2026-08-29T15:59:33.020178Z,989,125.1,12472,OK,OK,OK
2026-08-29T15:59:38.402156Z,990,125.1,12472,OK,OK,OK
2026-08-29T15:59:43.777639Z,987,124.9,12522,OK,OK,OK
2026-08-29T15:59:49.193691Z,987,124.9,12522,OK,OK,OK
2026-08-29T15:59:54.584631Z,992,124.9,12512,OK,OK,OK
2026-08-29T15:59:59.970516Z,989,124.9,12512,OK,OK,OK
2026-08-29T16:00:05.333730Z,989,125.6,12512,OK,OK,OK
2026-08-29T16:00:10.726108Z,993,125.5,12522,OK,OK,OK
2026-08-29T16:00:16.100099Z,989,124.7,12522,OK,OK,OK
2026-08-29T16:00:21.459752Z,991,124.9,12403,OK,OK,OK
2026-08-29T16:00:26.844820Z,935,124.9,12403,OK,OK,OK
2026-08-29T16:00:32.217189Z,934,124.9,12500,OK,OK,OK
2026-08-29T16:00:37.603546Z,938,124.9,12500,OK,OK,OK
2026-08-29T16:00:42.977875Z,938,125.1,12500,OK,OK,OK
2026-08-29T16:00:48.362405Z,933,125.1,12751,OK,OK,OK
2026-08-29T16:00:53.753795Z,938,125.1,12751,OK,OK,OK
2026-08-29T16:00:59.115506Z,934,124.9,12492,OK,OK,OK
2026-08-29T16:01:04.493341Z,934,124.8,12492,OK,OK,OK
2026-08-29T16:01:09.864407Z,938,124.8,12492,OK,OK,OK
2026-08-29T16:01:15.261153Z,935,124.8,12392,OK,OK,OK
2026-08-29T16:01:20.645531Z,935,124.9,12392,OK,OK,OK
2026-08-29T16:01:26.024704Z,940,124.9,12486,OK,OK,OK
2026-08-29T16:01:31.403118Z,1346,125.3,12486,OK,OK,OK
2026-08-29T16:01:36.778799Z,1030,124.9,12486,OK,OK,OK
2026-08-29T16:01:42.152310Z,1049,124.9,12403,OK,OK,OK
2026-08-29T16:01:47.538887Z,1040,124.8,12403,OK,OK,OK
2026-08-29T16:01:52.926893Z,1055,124.9,12438,OK,OK,OK
2026-08-29T16:01:58.288701Z,1046,124.9,12438,OK,OK,OK
2026-08-29T16:02:03.661913Z,1046,124.9,12399,OK,OK,OK
2026-08-29T16:02:09.037512Z,1046,124.8,12399,OK,OK,OK
2026-08-29T16:02:14.402157Z,1043,124.8,12399,OK,OK,OK
2026-08-29T16:02:19.783796Z,1040,124.8,12390,OK,OK,OK
2026-08-29T16:02:25.171444Z,1041,124.9,12390,OK,OK,OK
2026-08-29T16:02:30.545881Z,1039,125.1,12455,OK,OK,OK
2026-08-29T16:02:35.920632Z,1037,124.9,12455,OK,OK,OK
2026-08-29T16:02:41.280726Z,1035,125.0,12455,OK,OK,OK
2026-08-29T16:02:46.669688Z,1032,124.8,12423,OK,OK,OK
2026-08-29T16:02:52.048425Z,1035,125.3,12423,OK,OK,OK
2026-08-29T16:02:57.452214Z,1031,125.3,12421,OK,OK,OK
2026-08-29T16:03:02.817818Z,1031,125.3,12421,OK,OK,OK
2026-08-29T16:03:08.216018Z,1033,125.4,12421,OK,OK,OK
2026-08-29T16:03:13.578551Z,1030,125.4,12367,OK,OK,OK
2026-08-29T16:03:18.989518Z,1032,125.5,12367,OK,OK,OK
2026-08-29T16:03:24.367771Z,1031,125.3,12623,OK,OK,OK
2026-08-29T16:03:29.731734Z,1027,125.4,12623,OK,OK,OK
2026-08-29T16:03:35.125027Z,1024,125.3,12584,OK,OK,OK
2026-08-29T16:03:40.499495Z,1019,125.3,12584,OK,OK,OK
2026-08-29T16:03:45.903509Z,1021,125.5,12584,OK,OK,OK
2026-08-29T16:03:51.270145Z,1160,125.5,12554,OK,OK,OK
2026-08-29T16:03:56.645090Z,1148,125.3,12554,OK,OK,OK
2026-08-29T16:04:02.053782Z,1147,125.1,12548,OK,OK,OK
2026-08-29T16:04:07.454941Z,1148,125.1,12548,OK,OK,OK
2026-08-29T16:04:12.826095Z,1146,125.1,12548,OK,OK,OK
2026-08-29T16:04:18.187967Z,1144,125.1,12832,OK,OK,OK
2026-08-29T16:04:23.585333Z,1148,125.3,12832,OK,OK,OK
2026-08-29T16:04:28.953028Z,1146,125.3,12690,OK,OK,OK
2026-08-29T16:04:34.327965Z,1148,125.3,12690,OK,OK,OK
2026-08-29T16:04:39.716664Z,1145,125.1,12690,OK,OK,OK
2026-08-29T16:04:45.101732Z,1143,125.2,12435,OK,OK,OK
2026-08-29T16:04:50.498304Z,1149,125.1,12435,OK,OK,OK
2026-08-29T16:04:55.893114Z,1143,125.2,12718,OK,OK,OK
2026-08-29T16:05:01.259453Z,1147,125.4,12718,OK,OK,OK
2026-08-29T16:05:06.642906Z,1148,125.3,12647,OK,OK,OK
2026-08-29T16:05:12.061212Z,1147,125.3,12647,OK,OK,OK
2026-08-29T16:05:17.463814Z,1029,125.1,12647,OK,OK,OK
2026-08-29T16:05:22.842574Z,1029,125.1,12803,OK,OK,OK
2026-08-29T16:05:28.216855Z,1028,125.1,12803,OK,OK,OK
2026-08-29T16:05:33.610623Z,1036,125.3,12532,OK,OK,OK
2026-08-29T16:05:38.991086Z,1030,125.3,12532,OK,OK,OK
2026-08-29T16:05:44.351763Z,1030,125.3,12532,OK,OK,OK
2026-08-29T16:05:49.737493Z,1030,125.2,12537,OK,OK,OK
2026-08-29T16:05:55.138654Z,1028,125.2,12537,OK,OK,OK
2026-08-29T16:06:00.525364Z,1029,125.3,12604,OK,OK,OK
2026-08-29T16:06:05.895710Z,1032,125.3,12604,OK,OK,OK
2026-08-29T16:06:11.281338Z,1030,125.3,12604,OK,OK,OK
2026-08-29T16:06:16.668080Z,1040,125.3,12531,OK,OK,OK
2026-08-29T16:06:22.039245Z,1032,125.4,12531,OK,OK,OK
2026-08-29T16:06:27.417180Z,1028,125.2,12624,OK,OK,OK
2026-08-29T16:06:32.810270Z,1034,125.3,12624,OK,OK,OK
2026-08-29T16:06:38.194776Z,1029,125.2,12597,OK,OK,OK
2026-08-29T16:06:43.565235Z,1030,125.1,12597,OK,OK,OK
2026-08-29T16:06:48.940367Z,1031,125.3,12597,OK,OK,OK
2026-08-29T16:06:54.321216Z,1032,125.3,12472,OK,OK,OK
2026-08-29T16:06:59.683003Z,1034,125.3,12472,OK,OK,OK
2026-08-29T16:07:05.076503Z,1030,125.1,12633,OK,OK,OK
2026-08-29T16:07:10.476319Z,1030,124.6,12633,OK,OK,OK
2026-08-29T16:07:15.887019Z,1034,124.7,12633,OK,OK,OK
2026-08-29T16:07:21.264356Z,1034,124.6,12696,OK,OK,OK
2026-08-29T16:07:26.647165Z,1030,124.8,12696,OK,OK,OK
2026-08-29T16:07:32.022359Z,1036,124.7,12660,OK,OK,OK
2026-08-29T16:07:37.402863Z,1032,124.8,12660,OK,OK,OK
2026-08-29T16:07:42.789313Z,1031,124.6,12660,OK,OK,OK
2026-08-29T16:07:48.175850Z,1028,124.6,12606,OK,OK,OK
2026-08-29T16:07:53.578421Z,1031,124.6,12606,OK,OK,OK
2026-08-29T16:07:58.960501Z,1035,124.6,12642,OK,OK,OK
2026-08-29T16:08:04.367501Z,1024,124.8,12642,OK,OK,OK
2026-08-29T16:08:09.748837Z,1025,124.8,12758,OK,OK,OK
2026-08-29T16:08:15.124918Z,1029,124.8,12758,OK,OK,OK
2026-08-29T16:08:20.505235Z,1023,124.6,12758,OK,OK,OK
2026-08-29T16:08:25.884242Z,1025,124.6,12743,OK,OK,OK
2026-08-29T16:08:31.253468Z,1024,124.6,12743,OK,OK,OK
2026-08-29T16:08:36.622726Z,1025,124.7,12914,OK,OK,OK
2026-08-29T16:08:42.009236Z,1025,124.8,12914,OK,OK,OK
2026-08-29T16:08:47.395860Z,1026,124.7,12914,OK,OK,OK
2026-08-29T16:08:52.773055Z,1024,124.6,12848,OK,OK,OK
2026-08-29T16:08:58.184899Z,1026,124.6,12848,OK,OK,OK
2026-08-29T16:09:03.571397Z,1022,124.6,12957,OK,OK,OK
2026-08-29T16:09:08.947313Z,1021,124.6,12957,OK,OK,OK
2026-08-29T16:09:14.322405Z,1026,124.8,12957,OK,OK,OK
2026-08-29T16:09:19.702305Z,1021,124.8,12886,OK,OK,OK
2026-08-29T16:09:25.082658Z,1022,124.8,12886,OK,OK,OK
2026-08-29T16:09:30.446153Z,1025,124.6,12916,OK,OK,OK
2026-08-29T16:09:35.826425Z,1019,124.4,12916,OK,OK,OK
2026-08-29T16:09:41.207197Z,1020,124.4,12916,OK,OK,OK
2026-08-29T16:09:46.583772Z,1020,124.8,12701,OK,OK,OK
2026-08-29T16:09:51.951956Z,1026,125.0,12701,OK,OK,OK
2026-08-29T16:09:57.352744Z,1025,125.1,12794,OK,OK,OK
2026-08-29T16:10:02.738315Z,1021,125.1,12794,OK,OK,OK
2026-08-29T16:10:08.118564Z,1019,124.9,13162,OK,OK,OK
2026-08-29T16:10:13.580369Z,1021,124.4,13162,OK,OK,OK
2026-08-29T16:10:18.966849Z,1020,124.4,13162,OK,OK,OK
2026-08-29T16:10:24.344693Z,1020,124.4,13078,OK,OK,OK
2026-08-29T16:10:29.699411Z,1020,124.8,13078,OK,OK,OK
2026-08-29T16:10:35.092840Z,1021,124.8,13131,OK,OK,OK
2026-08-29T16:10:40.481296Z,1027,124.9,13131,OK,OK,OK
2026-08-29T16:10:45.845572Z,1022,124.8,13131,OK,OK,OK
2026-08-29T16:10:51.224683Z,1024,124.8,13045,OK,OK,OK
2026-08-29T16:10:56.606793Z,1023,124.7,13045,OK,OK,OK
2026-08-29T16:11:01.980278Z,1024,124.7,13026,OK,OK,OK
2026-08-29T16:11:07.340105Z,1024,124.9,13026,OK,OK,OK
2026-08-29T16:11:12.720831Z,1022,124.9,12998,OK,OK,OK
2026-08-29T16:11:18.100070Z,1032,124.9,12998,OK,OK,OK
2026-08-29T16:11:23.480161Z,1028,124.8,12998,OK,OK,OK
2026-08-29T16:11:28.869739Z,1021,124.8,13034,OK,OK,OK
2026-08-29T16:11:34.253736Z,1022,124.8,13034,OK,OK,OK
2026-08-29T16:11:39.647958Z,1024,124.7,13069,OK,OK,OK
2026-08-29T16:11:45.016266Z,1024,124.9,13069,OK,OK,OK
2026-08-29T16:11:50.396416Z,1024,124.9,13069,OK,OK,OK
2026-08-29T16:11:55.794000Z,1025,124.9,13044,OK,OK,OK
2026-08-29T16:12:01.164398Z,1018,124.8,13044,OK,OK,OK
2026-08-29T16:12:06.546744Z,1018,125.2,13051,OK,OK,OK
2026-08-29T16:12:11.922225Z,1022,125.2,13051,OK,OK,OK
2026-08-29T16:12:17.315559Z,1020,125.2,13051,OK,OK,OK
2026-08-29T16:12:22.707534Z,1024,125.4,13079,OK,OK,OK
2026-08-29T16:12:28.068090Z,1021,124.9,13079,OK,OK,OK
2026-08-29T16:12:33.459683Z,1020,124.9,13220,OK,OK,OK
2026-08-29T16:12:38.852047Z,1021,124.8,13220,OK,OK,OK
2026-08-29T16:12:44.246284Z,1019,124.8,13220,OK,OK,OK
2026-08-29T16:12:49.644442Z,1020,124.7,13565,OK,OK,OK
2026-08-29T16:12:55.029477Z,1022,124.9,13565,OK,OK,OK
2026-08-29T16:13:00.402813Z,1021,125.1,13569,OK,OK,OK
2026-08-29T16:13:05.800682Z,1023,125.0,13569,OK,OK,OK
2026-08-29T16:13:11.203681Z,1022,125.1,13676,OK,OK,OK
2026-08-29T16:13:16.577326Z,1020,124.9,13676,OK,OK,OK
2026-08-29T16:13:21.967451Z,1022,124.9,13676,OK,OK,OK
2026-08-29T16:13:27.339158Z,1019,124.9,13545,OK,OK,OK
2026-08-29T16:13:32.744198Z,1024,124.9,13545,OK,OK,OK
2026-08-29T16:13:38.125890Z,1023,125.2,13620,OK,OK,OK
2026-08-29T16:13:43.510793Z,1022,125.1,13620,OK,OK,OK
2026-08-29T16:13:48.904134Z,1024,125.1,13620,OK,OK,OK
2026-08-29T16:13:54.277920Z,1020,124.9,13902,OK,OK,OK
2026-08-29T16:13:59.642784Z,1023,124.9,13902,OK,OK,OK
2026-08-29T16:14:05.028653Z,1024,124.9,13559,OK,OK,OK
2026-08-29T16:14:10.402253Z,1024,124.9,13559,OK,OK,OK
2026-08-29T16:14:15.772472Z,1023,125.1,13623,OK,OK,OK
2026-08-29T16:14:21.164822Z,1021,125.1,13623,OK,OK,OK
2026-08-29T16:14:26.544821Z,1023,125.1,13623,OK,OK,OK
2026-08-29T16:14:31.923494Z,1020,124.9,13518,OK,OK,OK
2026-08-29T16:14:37.306034Z,1021,124.9,13518,OK,OK,OK
2026-08-29T16:14:42.698460Z,1018,124.9,13532,OK,OK,OK
2026-08-29T16:14:48.090690Z,1024,125.1,13532,OK,OK,OK
2026-08-29T16:14:53.458595Z,1022,125.1,13532,OK,OK,OK
2026-08-29T16:14:58.827541Z,1022,125.1,13540,OK,OK,OK
2026-08-29T16:15:04.219487Z,1021,124.9,13540,OK,OK,OK
2026-08-29T16:15:09.610107Z,1020,124.9,13679,OK,OK,OK
2026-08-29T16:15:14.980023Z,1020,124.9,13679,OK,OK,OK
2026-08-29T16:15:20.362383Z,1021,124.9,13679,OK,OK,OK
2026-08-29T16:15:25.743076Z,1020,125.1,13621,OK,OK,OK
2026-08-29T16:15:31.101066Z,1024,125.1,13621,OK,OK,OK
2026-08-29T16:15:36.474810Z,1020,125.0,13571,OK,OK,OK
2026-08-29T16:15:41.859666Z,1020,124.9,13571,OK,OK,OK
2026-08-29T16:15:47.260150Z,1024,124.9,13727,OK,OK,OK
2026-08-29T16:15:52.633809Z,1019,124.9,13727,OK,OK,OK
2026-08-29T16:15:58.008413Z,1022,124.9,13727,OK,OK,OK
2026-08-29T16:16:03.406966Z,1020,125.1,13622,OK,OK,OK
2026-08-29T16:16:08.779505Z,1020,125.1,13622,OK,OK,OK
2026-08-29T16:16:14.180772Z,1022,125.1,13728,OK,OK,OK
2026-08-29T16:16:19.583370Z,1025,124.9,13728,OK,OK,OK
2026-08-29T16:16:24.961244Z,1018,124.9,13728,OK,OK,OK
2026-08-29T16:16:30.356425Z,1025,124.8,13634,OK,OK,OK
2026-08-29T16:16:35.742913Z,1023,124.9,13634,OK,OK,OK
2026-08-29T16:16:41.145566Z,1022,125.0,13574,OK,OK,OK
2026-08-29T16:16:46.513492Z,1017,125.0,13574,OK,OK,OK
2026-08-29T16:16:51.896602Z,1015,124.9,13574,OK,OK,OK
2026-08-29T16:16:57.286895Z,1019,124.9,13267,OK,OK,OK
2026-08-29T16:17:02.682394Z,1016,124.9,13267,OK,OK,OK
2026-08-29T16:17:08.045501Z,1019,124.9,13448,OK,OK,OK
2026-08-29T16:17:13.500503Z,1020,125.1,13448,OK,OK,OK
2026-08-29T16:17:18.878861Z,1020,125.1,13357,OK,OK,OK
2026-08-29T16:17:24.249060Z,1017,125.1,13357,OK,OK,OK
2026-08-29T16:17:29.640387Z,1016,124.9,13357,OK,OK,OK
2026-08-29T16:17:35.006082Z,1017,124.9,13630,OK,OK,OK
2026-08-29T16:17:40.399487Z,1021,124.9,13630,OK,OK,OK
2026-08-29T16:17:45.767401Z,1019,124.9,13727,OK,OK,OK
2026-08-29T16:17:51.135086Z,1021,125.0,13727,OK,OK,OK
2026-08-29T16:17:56.520835Z,1021,125.0,13727,OK,OK,OK
2026-08-29T16:18:01.894069Z,1020,125.0,13373,OK,OK,OK
2026-08-29T16:18:07.271728Z,1019,124.8,13373,OK,OK,OK
2026-08-29T16:18:12.672467Z,1018,125.3,13578,OK,OK,OK
2026-08-29T16:18:18.070996Z,1022,125.3,13578,OK,OK,OK
2026-08-29T16:18:23.457920Z,1019,125.3,13518,OK,OK,OK
2026-08-29T16:18:28.832180Z,1019,125.4,13518,OK,OK,OK
2026-08-29T16:18:34.206232Z,1023,125.3,13518,OK,OK,OK
2026-08-29T16:18:39.570337Z,1026,125.4,13426,OK,OK,OK
2026-08-29T16:18:44.948411Z,1020,125.4,13426,OK,OK,OK
2026-08-29T16:18:50.330267Z,1019,125.4,13389,OK,OK,OK
2026-08-29T16:18:55.705775Z,1020,125.4,13389,OK,OK,OK
2026-08-29T16:19:01.085473Z,1019,125.3,13389,OK,OK,OK
2026-08-29T16:19:06.463697Z,1020,125.4,13381,OK,OK,OK
2026-08-29T16:19:11.840808Z,1022,125.4,13381,OK,OK,OK
2026-08-29T16:19:17.200610Z,1017,125.4,13447,OK,OK,OK
2026-08-29T16:19:22.607356Z,1019,125.4,13447,OK,OK,OK
2026-08-29T16:19:28.000436Z,1016,125.4,13414,OK,OK,OK
2026-08-29T16:19:33.366908Z,1016,125.4,13414,OK,OK,OK
2026-08-29T16:19:38.743909Z,1022,125.4,13414,OK,OK,OK
2026-08-29T16:19:44.131270Z,1016,125.4,13530,OK,OK,OK
2026-08-29T16:19:49.506581Z,1016,125.4,13530,OK,OK,OK
2026-08-29T16:19:54.869384Z,1020,125.4,13529,OK,OK,OK
2026-08-29T16:20:00.271824Z,1016,125.4,13529,OK,OK,OK
2026-08-29T16:20:05.651128Z,1018,125.4,13529,OK,OK,OK
2026-08-29T16:20:11.060067Z,1017,125.3,13515,OK,OK,OK
2026-08-29T16:20:16.415764Z,1018,125.3,13515,OK,OK,OK
2026-08-29T16:20:21.813181Z,938,125.3,13357,OK,OK,OK
2026-08-29T16:20:27.208707Z,936,125.3,13357,OK,OK,OK
2026-08-29T16:20:32.568471Z,934,125.4,13357,OK,OK,OK
2026-08-29T16:20:37.966100Z,941,125.4,13526,OK,OK,OK
2026-08-29T16:20:43.349082Z,935,125.3,13526,OK,OK,OK
2026-08-29T16:20:48.734957Z,936,125.4,13512,OK,OK,OK
2026-08-29T16:20:54.105416Z,937,125.3,13512,OK,OK,OK
2026-08-29T16:20:59.492039Z,934,125.4,13496,OK,OK,OK
2026-08-29T16:21:04.878633Z,936,125.5,13496,OK,OK,OK
2026-08-29T16:21:10.264964Z,934,125.4,13496,OK,OK,OK
2026-08-29T16:21:15.651784Z,936,125.4,13652,OK,OK,OK
2026-08-29T16:21:21.035984Z,936,125.4,13652,OK,OK,OK
2026-08-29T16:21:26.428768Z,936,125.4,13427,OK,OK,OK
2026-08-29T16:21:31.806410Z,932,125.4,13427,OK,OK,OK
2026-08-29T16:21:37.218797Z,933,125.4,13427,OK,OK,OK
2026-08-29T16:21:42.605780Z,937,125.3,13600,OK,OK,OK
2026-08-29T16:21:47.987257Z,937,125.4,13600,OK,OK,OK
2026-08-29T16:21:53.356802Z,933,125.4,13378,OK,OK,OK
2026-08-29T16:21:58.751120Z,936,125.4,13378,OK,OK,OK
2026-08-29T16:22:04.132471Z,936,125.5,13378,OK,OK,OK
2026-08-29T16:22:09.498884Z,939,125.4,13483,OK,OK,OK
2026-08-29T16:22:14.901399Z,1006,125.5,13483,OK,OK,OK
2026-08-29T16:22:20.291931Z,1023,125.0,13509,OK,OK,OK
2026-08-29T16:22:25.669989Z,1020,125.1,13509,OK,OK,OK
2026-08-29T16:22:31.046640Z,1038,125.1,13508,OK,OK,OK
2026-08-29T16:22:36.432964Z,1036,124.9,13508,OK,OK,OK
2026-08-29T16:22:41.798802Z,1035,125.1,13508,OK,OK,OK
2026-08-29T16:22:47.160615Z,1034,124.9,13599,OK,OK,OK
2026-08-29T16:22:52.579088Z,1035,124.9,13599,OK,OK,OK
2026-08-29T16:22:57.961493Z,1035,125.0,13600,OK,OK,OK
2026-08-29T16:23:03.369032Z,1030,125.0,13600,OK,OK,OK
2026-08-29T16:23:08.742085Z,1006,124.9,13600,OK,OK,OK
2026-08-29T16:23:14.125345Z,988,124.9,13582,OK,OK,OK
2026-08-29T16:23:19.511805Z,986,124.9,13582,OK,OK,OK
2026-08-29T16:23:24.872860Z,986,125.0,13567,OK,OK,OK
2026-08-29T16:23:30.256778Z,987,124.9,13567,OK,OK,OK
2026-08-29T16:23:35.643712Z,983,124.9,13567,OK,OK,OK
2026-08-29T16:23:41.043603Z,983,125.0,13586,OK,OK,OK
2026-08-29T16:23:46.424431Z,985,124.9,13586,OK,OK,OK
2026-08-29T16:23:51.799311Z,984,124.9,13587,OK,OK,OK
2026-08-29T16:23:57.194752Z,983,124.8,13587,OK,OK,OK
2026-08-29T16:24:02.565395Z,982,124.8,13511,OK,OK,OK
2026-08-29T16:24:07.936712Z,984,124.8,13511,OK,OK,OK
2026-08-29T16:24:13.322319Z,989,124.8,13511,OK,OK,OK
2026-08-29T16:24:18.708977Z,984,124.8,13557,OK,OK,OK
2026-08-29T16:24:24.088944Z,988,124.8,13557,OK,OK,OK
2026-08-29T16:24:29.468695Z,987,124.8,13614,OK,OK,OK
2026-08-29T16:24:34.843442Z,987,124.8,13614,OK,OK,OK
2026-08-29T16:24:40.222868Z,982,124.8,13614,OK,OK,OK
2026-08-29T16:24:45.609680Z,989,124.8,13610,OK,OK,OK
2026-08-29T16:24:50.980147Z,984,124.8,13610,OK,OK,OK
2026-08-29T16:24:56.366763Z,984,124.7,13569,OK,OK,OK
2026-08-29T16:25:01.753271Z,982,125.3,13569,OK,OK,OK
2026-08-29T16:25:07.138186Z,986,125.3,13569,OK,OK,OK
2026-08-29T16:25:12.533837Z,988,125.3,13620,OK,OK,OK
2026-08-29T16:25:17.911630Z,983,125.3,13620,OK,OK,OK
2026-08-29T16:25:23.288929Z,984,125.3,13577,OK,OK,OK
2026-08-29T16:25:28.685710Z,988,124.8,13577,OK,OK,OK
2026-08-29T16:25:34.072305Z,988,124.8,13803,OK,OK,OK
2026-08-29T16:25:39.452055Z,985,124.9,13803,OK,OK,OK
2026-08-29T16:25:44.829426Z,983,125.1,13803,OK,OK,OK
2026-08-29T16:25:50.211925Z,987,124.9,13623,OK,OK,OK
2026-08-29T16:25:55.583819Z,987,125.0,13623,OK,OK,OK
2026-08-29T16:26:00.967057Z,983,125.0,13710,OK,OK,OK
2026-08-29T16:26:06.364393Z,985,125.0,13710,OK,OK,OK
2026-08-29T16:26:11.746477Z,983,124.9,13710,OK,OK,OK
2026-08-29T16:26:17.127761Z,994,125.0,13627,OK,OK,OK
2026-08-29T16:26:22.500493Z,984,125.0,13627,OK,OK,OK
2026-08-29T16:26:27.886065Z,985,125.0,13616,OK,OK,OK
2026-08-29T16:26:33.260519Z,986,125.0,13616,OK,OK,OK
2026-08-29T16:26:38.646984Z,985,125.0,13616,OK,OK,OK
2026-08-29T16:26:44.025028Z,984,125.0,13592,OK,OK,OK
2026-08-29T16:26:49.404243Z,984,125.0,13592,OK,OK,OK
2026-08-29T16:26:54.790601Z,985,125.0,13667,OK,OK,OK
2026-08-29T16:27:00.161203Z,984,125.0,13667,OK,OK,OK
2026-08-29T16:27:05.539293Z,983,125.0,13543,OK,OK,OK
2026-08-29T16:27:10.923586Z,983,125.1,13543,OK,OK,OK
2026-08-29T16:27:16.315978Z,983,125.1,13543,OK,OK,OK
2026-08-29T16:27:21.692448Z,983,125.1,13606,OK,OK,OK
2026-08-29T16:27:27.077581Z,984,125.1,13606,OK,OK,OK
2026-08-29T16:27:32.448274Z,985,125.6,13761,OK,OK,OK
2026-08-29T16:27:37.834904Z,985,125.6,13761,OK,OK,OK
2026-08-29T16:27:43.221128Z,984,125.6,13761,OK,OK,OK
2026-08-29T16:27:48.603098Z,984,125.0,13624,OK,OK,OK
2026-08-29T16:27:53.978407Z,988,125.1,13624,OK,OK,OK
2026-08-29T16:27:59.356038Z,985,125.0,13583,OK,OK,OK
2026-08-29T16:28:04.724435Z,985,125.0,13583,OK,OK,OK
2026-08-29T16:28:10.111188Z,985,125.0,13583,OK,OK,OK
2026-08-29T16:28:15.500108Z,984,125.1,13561,OK,OK,OK
2026-08-29T16:28:20.890265Z,985,125.1,13561,OK,OK,OK
2026-08-29T16:28:26.254530Z,983,125.0,13581,OK,OK,OK
2026-08-29T16:28:31.632591Z,984,125.0,13581,OK,OK,OK
2026-08-29T16:28:37.019327Z,986,125.1,13611,OK,OK,OK
2026-08-29T16:28:42.402715Z,983,125.1,13611,OK,OK,OK
2026-08-29T16:28:47.791168Z,983,125.1,13611,OK,OK,OK
2026-08-29T16:28:53.182091Z,984,125.1,13770,OK,OK,OK
2026-08-29T16:28:58.567130Z,982,125.1,13770,OK,OK,OK
2026-08-29T16:29:03.963016Z,980,124.8,13775,OK,OK,OK
2026-08-29T16:29:09.347023Z,985,125.0,13775,OK,OK,OK
2026-08-29T16:29:14.742118Z,985,125.0,13775,OK,OK,OK
2026-08-29T16:29:20.131853Z,988,125.1,13644,OK,OK,OK
2026-08-29T16:29:25.504047Z,983,125.0,13644,OK,OK,OK
2026-08-29T16:29:30.872507Z,985,125.2,13637,OK,OK,OK
2026-08-29T16:29:36.260195Z,988,125.3,13637,OK,OK,OK
2026-08-29T16:29:41.625853Z,985,125.3,13637,OK,OK,OK
2026-08-29T16:29:46.994785Z,984,125.4,13873,OK,OK,OK
2026-08-29T16:29:52.385948Z,985,125.4,13873,OK,OK,OK
2026-08-29T16:29:57.768902Z,985,125.3,13705,OK,OK,OK
2026-08-29T16:30:03.139777Z,988,125.4,13705,OK,OK,OK
2026-08-29T16:30:08.526590Z,984,125.3,13651,OK,OK,OK
2026-08-29T16:30:13.958440Z,986,125.3,13651,OK,OK,OK
2026-08-29T16:30:19.333000Z,986,125.4,13651,OK,OK,OK
2026-08-29T16:30:24.710936Z,986,125.3,13670,OK,OK,OK
2026-08-29T16:30:30.117308Z,983,125.4,13670,OK,OK,OK
2026-08-29T16:30:35.494229Z,989,125.4,13527,OK,OK,OK
2026-08-29T16:30:40.880793Z,985,125.4,13527,OK,OK,OK
2026-08-29T16:30:46.257768Z,986,125.4,13527,OK,OK,OK
2026-08-29T16:30:51.653778Z,986,125.4,13616,OK,OK,OK
2026-08-29T16:30:57.021451Z,982,125.4,13616,OK,OK,OK
2026-08-29T16:31:02.422676Z,987,125.4,13617,OK,OK,OK
2026-08-29T16:31:07.802464Z,984,125.4,13617,OK,OK,OK
2026-08-29T16:31:13.188417Z,986,125.4,13639,OK,OK,OK
2026-08-29T16:31:18.563391Z,994,125.4,13639,OK,OK,OK
2026-08-29T16:31:23.941018Z,985,125.4,13639,OK,OK,OK
2026-08-29T16:31:29.343449Z,986,125.4,13686,OK,OK,OK
2026-08-29T16:31:34.714086Z,988,125.4,13686,OK,OK,OK
2026-08-29T16:31:40.096549Z,989,125.4,13700,OK,OK,OK
2026-08-29T16:31:45.487151Z,986,125.4,13700,OK,OK,OK
2026-08-29T16:31:50.858198Z,985,125.3,13700,OK,OK,OK
2026-08-29T16:31:56.221761Z,983,125.4,13816,OK,OK,OK
2026-08-29T16:32:01.613837Z,989,125.3,13816,OK,OK,OK
2026-08-29T16:32:07.007571Z,986,125.3,13699,OK,OK,OK
2026-08-29T16:32:12.383887Z,985,125.2,13699,OK,OK,OK
2026-08-29T16:32:17.770507Z,986,125.4,13699,OK,OK,OK
2026-08-29T16:32:23.154393Z,984,125.4,13755,OK,OK,OK
2026-08-29T16:32:28.561341Z,988,125.4,13755,OK,OK,OK
2026-08-29T16:32:33.961010Z,984,125.4,13605,OK,OK,OK
2026-08-29T16:32:39.355271Z,982,125.3,13605,OK,OK,OK
2026-08-29T16:32:44.739374Z,990,125.4,13703,OK,OK,OK
2026-08-29T16:32:50.123451Z,985,125.3,13703,OK,OK,OK
2026-08-29T16:32:55.503584Z,986,125.4,13703,OK,OK,OK
2026-08-29T16:33:00.889362Z,984,125.8,13683,OK,OK,OK
2026-08-29T16:33:06.257232Z,983,125.8,13683,OK,OK,OK
2026-08-29T16:33:11.655937Z,987,125.8,13720,OK,OK,OK
2026-08-29T16:33:17.031616Z,985,125.8,13720,OK,OK,OK
2026-08-29T16:33:22.399319Z,987,125.8,13720,OK,OK,OK
2026-08-29T16:33:27.784942Z,985,125.8,13695,OK,OK,OK
2026-08-29T16:33:33.161120Z,988,125.8,13695,OK,OK,OK
2026-08-29T16:33:38.544997Z,983,125.7,13812,OK,OK,OK
2026-08-29T16:33:43.927272Z,988,125.8,13812,OK,OK,OK
2026-08-29T16:33:49.300850Z,985,125.8,13812,OK,OK,OK
2026-08-29T16:33:54.708679Z,988,125.8,13933,OK,OK,OK
2026-08-29T16:34:00.086029Z,984,125.8,13933,OK,OK,OK
2026-08-29T16:34:05.463207Z,984,125.8,13798,OK,OK,OK
2026-08-29T16:34:10.836242Z,987,125.8,13798,OK,OK,OK
2026-08-29T16:34:16.204729Z,984,125.8,13798,OK,OK,OK
2026-08-29T16:34:21.578609Z,983,125.8,13716,OK,OK,OK
2026-08-29T16:34:26.959294Z,988,125.8,13716,OK,OK,OK
2026-08-29T16:34:32.344996Z,985,125.8,13747,OK,OK,OK
2026-08-29T16:34:37.724002Z,984,125.8,13747,OK,OK,OK
2026-08-29T16:34:43.099133Z,986,125.8,13623,OK,OK,OK
2026-08-29T16:34:48.489208Z,982,125.8,13623,OK,OK,OK
2026-08-29T16:34:53.875796Z,988,125.8,13623,OK,OK,OK
2026-08-29T16:34:59.263881Z,982,125.8,13692,OK,OK,OK
2026-08-29T16:35:04.649898Z,983,125.8,13692,OK,OK,OK
2026-08-29T16:35:10.025322Z,990,125.8,13800,OK,OK,OK
2026-08-29T16:35:15.428110Z,986,125.8,13800,OK,OK,OK
2026-08-29T16:35:20.819272Z,985,125.8,13800,OK,OK,OK
2026-08-29T16:35:26.184331Z,988,125.8,13831,OK,OK,OK
2026-08-29T16:35:31.559881Z,986,125.5,13831,OK,OK,OK
2026-08-29T16:35:36.945637Z,983,125.7,13836,OK,OK,OK
2026-08-29T16:35:42.330708Z,983,125.7,13836,OK,OK,OK
2026-08-29T16:35:47.712903Z,986,125.8,13836,OK,OK,OK
2026-08-29T16:35:53.110379Z,990,125.8,13628,OK,OK,OK
2026-08-29T16:35:58.486908Z,982,125.8,13628,OK,OK,OK
2026-08-29T16:36:03.852832Z,983,125.6,13657,OK,OK,OK
2026-08-29T16:36:09.239325Z,987,125.7,13657,OK,OK,OK
2026-08-29T16:36:14.619329Z,984,125.6,13873,OK,OK,OK
2026-08-29T16:36:19.984051Z,990,125.6,13873,OK,OK,OK
2026-08-29T16:36:25.358615Z,986,125.6,13873,OK,OK,OK
2026-08-29T16:36:30.730883Z,983,125.6,14040,OK,OK,OK
2026-08-29T16:36:36.117544Z,984,125.6,14040,OK,OK,OK
2026-08-29T16:36:41.499595Z,982,125.6,13828,OK,OK,OK
2026-08-29T16:36:46.879743Z,983,125.7,13828,OK,OK,OK
2026-08-29T16:36:52.282851Z,986,125.7,13828,OK,OK,OK
2026-08-29T16:36:57.659111Z,984,125.6,13736,OK,OK,OK
2026-08-29T16:37:03.027667Z,983,125.6,13736,OK,OK,OK
2026-08-29T16:37:08.437591Z,983,125.6,13787,OK,OK,OK
2026-08-29T16:37:13.893877Z,984,125.7,13787,OK,OK,OK
2026-08-29T16:37:19.289994Z,985,125.7,13843,OK,OK,OK
2026-08-29T16:37:24.686732Z,985,125.6,13843,OK,OK,OK
2026-08-29T16:37:30.057187Z,981,125.4,13843,OK,OK,OK
2026-08-29T16:37:35.446353Z,987,125.5,13811,OK,OK,OK
2026-08-29T16:37:40.836068Z,983,125.6,13811,OK,OK,OK
2026-08-29T16:37:46.212039Z,984,125.6,13731,OK,OK,OK
2026-08-29T16:37:51.593195Z,988,125.6,13731,OK,OK,OK
2026-08-29T16:37:56.979866Z,983,125.6,13731,OK,OK,OK
2026-08-29T16:38:02.366290Z,984,125.6,13793,OK,OK,OK
2026-08-29T16:38:07.752949Z,987,125.6,13793,OK,OK,OK
2026-08-29T16:38:13.135733Z,984,125.6,13833,OK,OK,OK
2026-08-29T16:38:18.532260Z,1115,125.6,13833,OK,OK,OK
2026-08-29T16:38:23.918557Z,1079,125.6,13833,OK,OK,OK
2026-08-29T16:38:29.326817Z,1092,125.6,13813,OK,OK,OK
2026-08-29T16:38:34.697422Z,1102,125.6,13813,OK,OK,OK
2026-08-29T16:38:40.111785Z,1094,125.6,13846,OK,OK,OK
2026-08-29T16:38:45.500886Z,1093,125.4,13846,OK,OK,OK
2026-08-29T16:38:50.896674Z,1094,125.6,13836,OK,OK,OK
2026-08-29T16:38:56.267845Z,1098,125.6,13836,OK,OK,OK
2026-08-29T16:39:01.639847Z,1094,125.6,13836,OK,OK,OK
2026-08-29T16:39:07.018068Z,1091,125.6,13909,OK,OK,OK
2026-08-29T16:39:12.386248Z,1092,125.6,13909,OK,OK,OK
2026-08-29T16:39:17.808436Z,1094,125.6,13790,OK,OK,OK
2026-08-29T16:39:23.196691Z,1086,125.6,13790,OK,OK,OK
2026-08-29T16:39:28.567146Z,1085,125.6,13790,OK,OK,OK
2026-08-29T16:39:33.941033Z,1085,125.6,13766,OK,OK,OK
2026-08-29T16:39:39.327410Z,1086,125.6,13766,OK,OK,OK
2026-08-29T16:39:44.706302Z,1084,125.6,13804,OK,OK,OK
2026-08-29T16:39:50.078781Z,1079,125.5,13804,OK,OK,OK
2026-08-29T16:39:55.458221Z,1076,125.6,13804,OK,OK,OK
2026-08-29T16:40:00.851163Z,1082,125.5,13814,OK,OK,OK
2026-08-29T16:40:06.237283Z,1073,125.5,13814,OK,OK,OK
2026-08-29T16:40:11.621323Z,1076,125.6,13836,OK,OK,OK
2026-08-29T16:40:17.018859Z,1073,125.6,13836,OK,OK,OK
2026-08-29T16:40:22.406213Z,1071,125.6,13875,OK,OK,OK
2026-08-29T16:40:27.763673Z,1076,125.6,13875,OK,OK,OK
2026-08-29T16:40:33.142719Z,1075,125.5,13875,OK,OK,OK
2026-08-29T16:40:38.519047Z,1068,125.5,13833,OK,OK,OK
2026-08-29T16:40:43.912819Z,1072,125.6,13833,OK,OK,OK
2026-08-29T16:40:49.270278Z,1070,125.6,13822,OK,OK,OK
2026-08-29T16:40:54.646372Z,1071,125.6,13822,OK,OK,OK
2026-08-29T16:41:00.039218Z,1073,125.5,13822,OK,OK,OK
2026-08-29T16:41:05.405247Z,1072,125.4,14107,OK,OK,OK
2026-08-29T16:41:10.806267Z,1072,125.5,14107,OK,OK,OK
2026-08-29T16:41:16.214448Z,1082,125.4,14040,OK,OK,OK
2026-08-29T16:41:21.610360Z,1070,125.5,14040,OK,OK,OK
2026-08-29T16:41:26.976327Z,1068,125.6,14040,OK,OK,OK
2026-08-29T16:41:32.358356Z,1071,125.5,13850,OK,OK,OK
2026-08-29T16:41:37.736815Z,1067,125.5,13850,OK,OK,OK
2026-08-29T16:41:43.103326Z,1074,125.5,13876,OK,OK,OK
2026-08-29T16:41:48.490608Z,1070,125.6,13876,OK,OK,OK
2026-08-29T16:41:53.874484Z,1071,125.6,13902,OK,OK,OK
2026-08-29T16:41:59.254311Z,1069,125.6,13902,OK,OK,OK
2026-08-29T16:42:04.637927Z,1067,125.4,13902,OK,OK,OK
2026-08-29T16:42:10.023992Z,1069,125.4,13794,OK,OK,OK
2026-08-29T16:42:15.431679Z,1068,125.3,13794,OK,OK,OK
2026-08-29T16:42:20.800403Z,1068,125.3,14087,OK,OK,OK
2026-08-29T16:42:26.194817Z,1069,125.3,14087,OK,OK,OK
2026-08-29T16:42:31.578330Z,1071,125.3,14087,OK,OK,OK
2026-08-29T16:42:36.957700Z,1067,125.3,14152,OK,OK,OK
2026-08-29T16:42:42.328231Z,1072,125.2,14152,OK,OK,OK
2026-08-29T16:42:47.741532Z,1071,125.3,14174,OK,OK,OK
2026-08-29T16:42:53.117449Z,1070,125.3,14174,OK,OK,OK
2026-08-29T16:42:58.478728Z,1072,125.3,14174,OK,OK,OK
2026-08-29T16:43:03.874572Z,1070,125.3,14167,OK,OK,OK
2026-08-29T16:43:09.268009Z,1072,125.3,14167,OK,OK,OK
2026-08-29T16:43:14.645750Z,1070,125.3,14135,OK,OK,OK
2026-08-29T16:43:20.012036Z,1072,125.3,14135,OK,OK,OK
2026-08-29T16:43:25.411342Z,1078,125.3,14126,OK,OK,OK
2026-08-29T16:43:30.784928Z,1075,125.3,14126,OK,OK,OK
2026-08-29T16:43:36.153264Z,1071,125.3,14126,OK,OK,OK
2026-08-29T16:43:41.548431Z,1075,125.3,14079,OK,OK,OK
2026-08-29T16:43:46.943135Z,1072,125.3,14079,OK,OK,OK
2026-08-29T16:43:52.321631Z,1072,125.4,14039,OK,OK,OK
2026-08-29T16:43:57.692139Z,1074,125.4,14039,OK,OK,OK
2026-08-29T16:44:03.101377Z,1073,125.4,14039,OK,OK,OK
2026-08-29T16:44:08.485940Z,1076,125.4,13932,OK,OK,OK
2026-08-29T16:44:13.879868Z,1072,125.4,13932,OK,OK,OK
2026-08-29T16:44:19.255575Z,1070,125.4,13720,OK,OK,OK
2026-08-29T16:44:24.632422Z,1071,125.5,13720,OK,OK,OK
2026-08-29T16:44:30.012176Z,1070,125.4,13720,OK,OK,OK
2026-08-29T16:44:35.403669Z,1070,125.5,13776,OK,OK,OK
2026-08-29T16:44:40.784007Z,1073,125.4,13776,OK,OK,OK
2026-08-29T16:44:46.151320Z,1074,125.4,13748,OK,OK,OK
2026-08-29T16:44:51.531357Z,1072,125.4,13748,OK,OK,OK
2026-08-29T16:44:56.910676Z,1074,125.4,13865,OK,OK,OK
2026-08-29T16:45:02.295526Z,1073,125.4,13865,OK,OK,OK
2026-08-29T16:45:07.678950Z,1074,125.4,13865,OK,OK,OK
2026-08-29T16:45:13.076237Z,1074,125.4,13779,OK,OK,OK
2026-08-29T16:45:18.454869Z,1072,125.5,13779,OK,OK,OK
2026-08-29T16:45:23.834566Z,1072,125.4,13830,OK,OK,OK
2026-08-29T16:45:29.205005Z,1072,125.3,13830,OK,OK,OK
2026-08-29T16:45:34.575605Z,1074,125.4,13830,OK,OK,OK
2026-08-29T16:45:39.962102Z,1074,125.5,13882,OK,OK,OK
2026-08-29T16:45:45.343428Z,1072,125.6,13882,OK,OK,OK
2026-08-29T16:45:50.727142Z,1074,125.6,14026,OK,OK,OK
2026-08-29T16:45:56.113185Z,1071,125.6,14026,OK,OK,OK
2026-08-29T16:46:01.482874Z,1072,125.6,14026,OK,OK,OK
2026-08-29T16:46:06.850792Z,1072,125.5,14146,OK,OK,OK
2026-08-29T16:46:12.227355Z,1074,125.5,14146,OK,OK,OK
2026-08-29T16:46:17.595452Z,1078,125.4,13785,OK,OK,OK
2026-08-29T16:46:22.971628Z,1073,125.4,13785,OK,OK,OK
2026-08-29T16:46:28.333568Z,1071,125.6,13769,OK,OK,OK
2026-08-29T16:46:33.715774Z,1073,125.6,13769,OK,OK,OK
2026-08-29T16:46:39.113429Z,1069,125.6,13769,OK,OK,OK
2026-08-29T16:46:44.479718Z,1071,125.7,13756,OK,OK,OK
2026-08-29T16:46:49.859068Z,1077,125.7,13756,OK,OK,OK
2026-08-29T16:46:55.238412Z,1070,125.6,13826,OK,OK,OK
2026-08-29T16:47:00.621601Z,1071,125.6,13826,OK,OK,OK
2026-08-29T16:47:05.987108Z,1075,125.6,13826,OK,OK,OK
2026-08-29T16:47:11.373514Z,1074,125.7,13864,OK,OK,OK
2026-08-29T16:47:16.774081Z,1075,125.6,13864,OK,OK,OK
2026-08-29T16:47:22.162076Z,1071,125.6,14032,OK,OK,OK
2026-08-29T16:47:27.533378Z,1074,125.6,14032,OK,OK,OK
2026-08-29T16:47:32.935651Z,1076,125.6,14032,OK,OK,OK
2026-08-29T16:47:38.310248Z,1072,125.6,13811,OK,OK,OK
2026-08-29T16:47:43.672422Z,1076,125.6,13811,OK,OK,OK
2026-08-29T16:47:49.062326Z,1073,125.6,13909,OK,OK,OK
2026-08-29T16:47:54.446952Z,1075,125.6,13909,OK,OK,OK
2026-08-29T16:47:59.830922Z,1073,125.6,13757,OK,OK,OK
2026-08-29T16:48:05.239249Z,1076,125.6,13757,OK,OK,OK
2026-08-29T16:48:10.623468Z,1073,125.6,13757,OK,OK,OK
2026-08-29T16:48:16.006806Z,1076,125.6,13780,OK,OK,OK
2026-08-29T16:48:21.378679Z,1075,125.6,13780,OK,OK,OK
2026-08-29T16:48:26.754116Z,1074,125.6,13731,OK,OK,OK
2026-08-29T16:48:32.132574Z,1076,125.6,13731,OK,OK,OK
2026-08-29T16:48:37.505974Z,1072,125.6,13731,OK,OK,OK
2026-08-29T16:48:42.894089Z,1068,125.4,13927,OK,OK,OK
2026-08-29T16:48:48.279423Z,1072,125.6,13927,OK,OK,OK
2026-08-29T16:48:53.679865Z,1070,125.6,13859,OK,OK,OK
2026-08-29T16:48:59.055852Z,1071,125.6,13859,OK,OK,OK
2026-08-29T16:49:04.439512Z,1075,125.6,13859,OK,OK,OK
2026-08-29T16:49:09.828332Z,1069,125.5,13762,OK,OK,OK
2026-08-29T16:49:15.200474Z,1070,125.6,13762,OK,OK,OK
2026-08-29T16:49:20.601057Z,1070,125.7,13769,OK,OK,OK
2026-08-29T16:49:25.997298Z,1071,125.7,13769,OK,OK,OK
2026-08-29T16:49:31.390071Z,1071,125.7,13902,OK,OK,OK
2026-08-29T16:49:36.762746Z,1071,125.7,13902,OK,OK,OK
2026-08-29T16:49:42.149221Z,1068,125.6,13902,OK,OK,OK
2026-08-29T16:49:47.543538Z,1071,125.6,13933,OK,OK,OK
2026-08-29T16:49:52.914303Z,1069,125.6,13933,OK,OK,OK
2026-08-29T16:49:58.276844Z,1070,125.6,13934,OK,OK,OK
2026-08-29T16:50:03.663317Z,1070,125.6,13934,OK,OK,OK
2026-08-29T16:50:09.042541Z,1070,125.6,13934,OK,OK,OK
2026-08-29T16:50:14.417932Z,1073,125.6,13954,OK,OK,OK
2026-08-29T16:50:19.823188Z,1071,125.6,13954,OK,OK,OK
2026-08-29T16:50:25.202763Z,1071,125.6,14027,OK,OK,OK
2026-08-29T16:50:30.608933Z,1069,125.6,14027,OK,OK,OK
2026-08-29T16:50:35.977465Z,1074,125.6,14050,OK,OK,OK
2026-08-29T16:50:41.361177Z,1074,125.6,14050,OK,OK,OK
2026-08-29T16:50:46.739046Z,1072,125.6,14050,OK,OK,OK
2026-08-29T16:50:52.134974Z,1070,125.7,14147,OK,OK,OK
2026-08-29T16:50:57.518882Z,1071,125.6,14147,OK,OK,OK
2026-08-29T16:51:02.894902Z,1071,125.6,14150,OK,OK,OK
2026-08-29T16:51:08.271809Z,1072,125.6,14150,OK,OK,OK
2026-08-29T16:51:13.668884Z,1068,125.6,14150,OK,OK,OK
2026-08-29T16:51:19.044154Z,1074,125.6,14076,OK,OK,OK
2026-08-29T16:51:24.429621Z,1069,125.6,14076,OK,OK,OK
2026-08-29T16:51:29.800181Z,1067,125.6,14098,OK,OK,OK
2026-08-29T16:51:35.186650Z,1067,125.6,14098,OK,OK,OK
2026-08-29T16:51:40.598541Z,1070,125.6,14098,OK,OK,OK
2026-08-29T16:51:46.007864Z,1070,125.6,14067,OK,OK,OK
2026-08-29T16:51:51.373540Z,1070,125.8,14067,OK,OK,OK
2026-08-29T16:51:56.756712Z,1070,125.8,13880,OK,OK,OK
2026-08-29T16:52:02.135387Z,1067,125.8,13880,OK,OK,OK
2026-08-29T16:52:07.509191Z,1069,125.8,13887,OK,OK,OK
2026-08-29T16:52:12.910768Z,1068,125.6,13887,OK,OK,OK
2026-08-29T16:52:18.292136Z,1069,125.8,13887,OK,OK,OK
2026-08-29T16:52:23.684411Z,1072,125.7,13868,OK,OK,OK
2026-08-29T16:52:29.042212Z,1072,125.7,13868,OK,OK,OK
2026-08-29T16:52:34.437150Z,1073,125.7,13857,OK,OK,OK
2026-08-29T16:52:39.819282Z,1072,125.9,13857,OK,OK,OK
2026-08-29T16:52:45.179662Z,1071,125.9,13857,OK,OK,OK
2026-08-29T16:52:50.566912Z,1070,125.8,13899,OK,OK,OK
2026-08-29T16:52:55.952712Z,1074,125.8,13899,OK,OK,OK
2026-08-29T16:53:01.335820Z,1072,125.8,13939,OK,OK,OK
2026-08-29T16:53:06.709761Z,1076,125.8,13939,OK,OK,OK
2026-08-29T16:53:12.111935Z,1075,125.8,13939,OK,OK,OK
2026-08-29T16:53:17.504995Z,1072,125.8,13941,OK,OK,OK
2026-08-29T16:53:22.868221Z,1071,125.8,13941,OK,OK,OK
2026-08-29T16:53:28.269318Z,1072,125.8,13945,OK,OK,OK
2026-08-29T16:53:33.667731Z,1228,125.9,13945,OK,OK,OK
2026-08-29T16:53:39.044992Z,1208,125.9,14207,OK,OK,OK
2026-08-29T16:53:44.431703Z,1199,125.9,14207,OK,OK,OK
2026-08-29T16:53:49.818261Z,1197,125.8,14207,OK,OK,OK
2026-08-29T16:53:55.219086Z,1198,125.8,14243,OK,OK,OK
2026-08-29T16:54:00.582741Z,1195,125.9,14243,OK,OK,OK
2026-08-29T16:54:05.973663Z,1200,125.9,13962,OK,OK,OK
2026-08-29T16:54:11.380274Z,1194,125.9,13962,OK,OK,OK
2026-08-29T16:54:16.754348Z,1194,125.9,13962,OK,OK,OK
2026-08-29T16:54:22.133906Z,1196,125.9,13945,OK,OK,OK
2026-08-29T16:54:27.516635Z,1206,125.9,13945,OK,OK,OK
2026-08-29T16:54:32.913526Z,1202,125.8,13918,OK,OK,OK
2026-08-29T16:54:38.287737Z,1196,125.8,13918,OK,OK,OK
2026-08-29T16:54:43.668811Z,1197,125.9,13918,OK,OK,OK
2026-08-29T16:54:49.069920Z,1193,124.9,13903,OK,OK,OK
2026-08-29T16:54:54.456427Z,1194,125.2,13903,OK,OK,OK
2026-08-29T16:54:59.830980Z,1079,125.2,14064,OK,OK,OK
2026-08-29T16:55:05.213600Z,1081,125.1,14064,OK,OK,OK
2026-08-29T16:55:10.622329Z,1079,125.1,14022,OK,OK,OK
2026-08-29T16:55:15.999744Z,1081,125.2,14022,OK,OK,OK
2026-08-29T16:55:21.380508Z,1080,125.2,14022,OK,OK,OK
2026-08-29T16:55:26.753670Z,1079,125.1,14064,OK,OK,OK
2026-08-29T16:55:32.128277Z,1077,125.1,14064,OK,OK,OK
2026-08-29T16:55:37.504459Z,1080,125.1,13999,OK,OK,OK
2026-08-29T16:55:42.903646Z,1078,125.1,13999,OK,OK,OK
2026-08-29T16:55:48.305873Z,1080,125.1,13999,OK,OK,OK
2026-08-29T16:55:53.688512Z,1077,125.1,13987,OK,OK,OK
2026-08-29T16:55:59.079173Z,1074,124.9,13987,OK,OK,OK
2026-08-29T16:56:04.465534Z,1076,125.1,14023,OK,OK,OK
2026-08-29T16:56:09.884158Z,1078,125.1,14023,OK,OK,OK
2026-08-29T16:56:15.255741Z,1078,125.1,14023,OK,OK,OK
2026-08-29T16:56:20.640382Z,1080,125.1,13942,OK,OK,OK
2026-08-29T16:56:26.021789Z,1075,125.1,13942,OK,OK,OK
2026-08-29T16:56:31.404265Z,1079,125.1,13924,OK,OK,OK
2026-08-29T16:56:36.804971Z,1076,125.1,13924,OK,OK,OK
2026-08-29T16:56:42.191229Z,1077,125.1,14066,OK,OK,OK
2026-08-29T16:56:47.603864Z,1077,125.1,14066,OK,OK,OK
2026-08-29T16:56:52.971143Z,1075,125.1,14066,OK,OK,OK
2026-08-29T16:56:58.377955Z,1078,125.1,14018,OK,OK,OK
2026-08-29T16:57:03.748699Z,1091,125.0,14018,OK,OK,OK
2026-08-29T16:57:09.109091Z,1088,125.1,14008,OK,OK,OK
2026-08-29T16:57:14.516968Z,1093,125.1,14008,OK,OK,OK
2026-08-29T16:57:19.906269Z,1088,125.0,14008,OK,OK,OK
2026-08-29T16:57:25.286504Z,1089,125.1,14006,OK,OK,OK
2026-08-29T16:57:30.643784Z,1090,125.0,14006,OK,OK,OK
2026-08-29T16:57:36.027969Z,1089,125.1,14025,OK,OK,OK
2026-08-29T16:57:41.436522Z,1094,125.1,14025,OK,OK,OK
2026-08-29T16:57:46.806041Z,1081,125.1,14115,OK,OK,OK
2026-08-29T16:57:52.181200Z,1081,125.1,14115,OK,OK,OK
2026-08-29T16:57:57.565816Z,1085,125.1,14115,OK,OK,OK
2026-08-29T16:58:02.952233Z,1083,125.1,14008,OK,OK,OK
2026-08-29T16:58:08.311373Z,1084,125.1,14008,OK,OK,OK
2026-08-29T16:58:13.725357Z,1085,125.1,13977,OK,OK,OK
2026-08-29T16:58:19.110842Z,1083,125.0,13977,OK,OK,OK
2026-08-29T16:58:24.467260Z,1086,125.0,13977,OK,OK,OK
2026-08-29T16:58:29.859187Z,1080,125.0,13979,OK,OK,OK
2026-08-29T16:58:35.240785Z,1079,125.0,13979,OK,OK,OK
2026-08-29T16:58:40.633409Z,1084,124.9,14062,OK,OK,OK
2026-08-29T16:58:46.014041Z,1081,124.9,14062,OK,OK,OK
2026-08-29T16:58:51.383570Z,1078,125.0,14062,OK,OK,OK
2026-08-29T16:58:56.754048Z,1080,124.9,14025,OK,OK,OK
2026-08-29T16:59:02.133738Z,1079,124.9,14025,OK,OK,OK
2026-08-29T16:59:07.527165Z,1078,124.9,13990,OK,OK,OK
2026-08-29T16:59:12.901538Z,1080,124.9,13990,OK,OK,OK
2026-08-29T16:59:18.281569Z,1077,124.9,13990,OK,OK,OK
2026-08-29T16:59:23.654817Z,1076,124.9,13970,OK,OK,OK
2026-08-29T16:59:29.033795Z,995,124.9,13970,OK,OK,OK
2026-08-29T16:59:34.413207Z,995,125.0,13991,OK,OK,OK
2026-08-29T16:59:39.799386Z,996,125.0,13991,OK,OK,OK
2026-08-29T16:59:45.173740Z,996,125.0,14203,OK,OK,OK
2026-08-29T16:59:50.557702Z,994,125.0,14203,OK,OK,OK
2026-08-29T16:59:55.940394Z,1000,124.9,14203,OK,OK,OK
2026-08-29T17:00:01.312157Z,997,125.0,14207,OK,OK,OK
2026-08-29T17:00:06.690400Z,994,125.0,14207,OK,OK,OK
2026-08-29T17:00:12.074696Z,996,125.0,14214,OK,OK,OK
2026-08-29T17:00:17.461143Z,996,124.9,14214,OK,OK,OK
2026-08-29T17:00:22.843551Z,999,124.9,14214,OK,OK,OK
2026-08-29T17:00:28.220280Z,994,124.9,14206,OK,OK,OK
2026-08-29T17:00:33.588753Z,1002,124.9,14206,OK,OK,OK
2026-08-29T17:00:38.975498Z,997,124.9,14213,OK,OK,OK
2026-08-29T17:00:44.359287Z,995,124.9,14213,OK,OK,OK
2026-08-29T17:00:49.759867Z,993,124.9,14203,OK,OK,OK
2026-08-29T17:00:55.141799Z,996,125.0,14203,OK,OK,OK
2026-08-29T17:01:00.508853Z,995,124.9,14203,OK,OK,OK
2026-08-29T17:01:05.887509Z,995,124.9,14210,OK,OK,OK
2026-08-29T17:01:11.294763Z,998,124.9,14210,OK,OK,OK
2026-08-29T17:01:16.681157Z,1005,124.9,14129,OK,OK,OK
2026-08-29T17:01:22.083521Z,993,124.9,14129,OK,OK,OK
2026-08-29T17:01:27.454277Z,996,124.9,13943,OK,OK,OK
2026-08-29T17:01:32.835130Z,994,124.9,13943,OK,OK,OK
2026-08-29T17:01:38.214293Z,999,124.9,13943,OK,OK,OK
2026-08-29T17:01:43.597725Z,994,124.9,13951,OK,OK,OK
2026-08-29T17:01:48.968862Z,992,124.9,13951,OK,OK,OK
2026-08-29T17:01:54.336686Z,995,124.9,14012,OK,OK,OK
2026-08-29T17:01:59.724490Z,994,124.9,14012,OK,OK,OK
2026-08-29T17:02:05.127556Z,998,124.9,14012,OK,OK,OK
2026-08-29T17:02:10.512509Z,995,124.9,13977,OK,OK,OK
2026-08-29T17:02:15.899768Z,995,124.9,13977,OK,OK,OK
2026-08-29T17:02:21.286433Z,992,124.9,14162,OK,OK,OK
2026-08-29T17:02:26.669452Z,994,124.9,14162,OK,OK,OK
2026-08-29T17:02:32.044154Z,995,124.9,14162,OK,OK,OK
2026-08-29T17:02:37.461891Z,995,124.9,14134,OK,OK,OK
2026-08-29T17:02:42.842802Z,992,124.9,14134,OK,OK,OK
2026-08-29T17:02:48.218996Z,993,124.8,13980,OK,OK,OK
2026-08-29T17:02:53.599223Z,996,124.9,13980,OK,OK,OK
2026-08-29T17:02:58.971034Z,993,124.9,14039,OK,OK,OK
2026-08-29T17:03:04.346918Z,993,124.9,14039,OK,OK,OK
2026-08-29T17:03:09.732829Z,996,124.9,14039,OK,OK,OK
2026-08-29T17:03:15.114674Z,992,124.9,14026,OK,OK,OK
2026-08-29T17:03:20.490228Z,998,124.9,14026,OK,OK,OK
2026-08-29T17:03:25.874224Z,994,124.9,14085,OK,OK,OK
2026-08-29T17:03:31.242547Z,995,124.9,14085,OK,OK,OK
2026-08-29T17:03:36.633910Z,994,125.0,14085,OK,OK,OK
2026-08-29T17:03:42.020386Z,996,124.9,14018,OK,OK,OK
2026-08-29T17:03:47.399897Z,993,124.9,14018,OK,OK,OK
2026-08-29T17:03:52.785029Z,995,124.9,14107,OK,OK,OK
2026-08-29T17:03:58.163871Z,994,124.9,14107,OK,OK,OK
2026-08-29T17:04:03.564056Z,996,124.9,14107,OK,OK,OK
2026-08-29T17:04:08.950645Z,996,124.9,14037,OK,OK,OK
2026-08-29T17:04:14.328000Z,996,125.1,14037,OK,OK,OK
2026-08-29T17:04:19.710156Z,997,125.1,14019,OK,OK,OK
2026-08-29T17:04:25.092045Z,995,125.1,14019,OK,OK,OK
2026-08-29T17:04:30.467359Z,994,124.9,14091,OK,OK,OK
2026-08-29T17:04:35.860293Z,994,124.9,14091,OK,OK,OK
2026-08-29T17:04:41.256330Z,995,124.9,14091,OK,OK,OK
2026-08-29T17:04:46.642940Z,997,124.9,14003,OK,OK,OK
2026-08-29T17:04:52.029574Z,994,124.9,14003,OK,OK,OK
2026-08-29T17:04:57.416050Z,995,124.9,14061,OK,OK,OK
2026-08-29T17:05:02.802013Z,997,124.9,14061,OK,OK,OK
2026-08-29T17:05:08.202133Z,996,124.9,14061,OK,OK,OK
2026-08-29T17:05:13.763609Z,996,124.9,14124,OK,OK,OK
2026-08-29T17:05:19.150258Z,995,124.9,14124,OK,OK,OK
2026-08-29T17:05:24.511001Z,995,125.0,14113,OK,OK,OK
2026-08-29T17:05:29.895087Z,993,125.0,14113,OK,OK,OK
2026-08-29T17:05:35.297561Z,991,124.9,14113,OK,OK,OK
2026-08-29T17:05:40.668117Z,995,124.9,14290,OK,OK,OK
2026-08-29T17:05:46.036617Z,994,124.9,14290,OK,OK,OK
2026-08-29T17:05:51.416800Z,995,124.9,14131,OK,OK,OK
2026-08-29T17:05:56.791452Z,999,124.9,14131,OK,OK,OK
2026-08-29T17:06:02.168286Z,993,124.9,14074,OK,OK,OK
2026-08-29T17:06:07.553028Z,994,124.9,14074,OK,OK,OK
2026-08-29T17:06:12.965057Z,999,124.9,14074,OK,OK,OK
2026-08-29T17:06:18.358006Z,1005,124.9,14107,OK,OK,OK
2026-08-29T17:06:23.735429Z,994,124.9,14107,OK,OK,OK
2026-08-29T17:06:29.119302Z,993,124.9,14046,OK,OK,OK
2026-08-29T17:06:34.495965Z,998,124.9,14046,OK,OK,OK
2026-08-29T17:06:39.867485Z,998,125.0,14046,OK,OK,OK
2026-08-29T17:06:45.269211Z,997,124.9,14092,OK,OK,OK
2026-08-29T17:06:50.644517Z,993,124.9,14092,OK,OK,OK
2026-08-29T17:06:56.015941Z,999,125.0,13991,OK,OK,OK
2026-08-29T17:07:01.418356Z,995,124.9,13991,OK,OK,OK
2026-08-29T17:07:06.793187Z,995,124.9,13991,OK,OK,OK
2026-08-29T17:07:12.192098Z,991,124.8,14165,OK,OK,OK
2026-08-29T17:07:17.571323Z,994,124.9,14165,OK,OK,OK
2026-08-29T17:07:22.967065Z,995,124.9,14044,OK,OK,OK
2026-08-29T17:07:37.525414Z,993,124.9,14125,OK,OK,OK
2026-08-29T17:07:42.915973Z,995,124.9,14125,OK,OK,OK
2026-08-29T17:07:48.304103Z,993,124.9,14224,OK,OK,OK
2026-08-29T17:07:53.682836Z,993,124.9,14224,OK,OK,OK
2026-08-29T17:07:59.067060Z,994,124.9,14125,OK,OK,OK
2026-08-29T17:08:04.457434Z,994,124.9,14125,OK,OK,OK
2026-08-29T17:08:09.827812Z,991,124.4,14125,OK,OK,OK
2026-08-29T17:08:15.222906Z,995,124.4,14182,OK,OK,OK
2026-08-29T17:08:20.613789Z,996,124.4,14182,OK,OK,OK
2026-08-29T17:08:25.985934Z,995,124.5,14138,OK,OK,OK
2026-08-29T17:08:31.371442Z,996,124.4,14138,OK,OK,OK
2026-08-29T17:08:36.753364Z,996,124.3,14138,OK,OK,OK
2026-08-29T17:08:42.146511Z,996,124.4,14207,OK,OK,OK
2026-08-29T17:08:47.536197Z,994,124.4,14207,OK,OK,OK
2026-08-29T17:08:52.920750Z,995,124.4,14107,OK,OK,OK
2026-08-29T17:08:58.309014Z,994,124.4,14107,OK,OK,OK
2026-08-29T17:09:03.690265Z,996,124.4,14214,OK,OK,OK
2026-08-29T17:09:09.059018Z,994,124.3,14214,OK,OK,OK
2026-08-29T17:09:14.449829Z,995,124.4,14214,OK,OK,OK
2026-08-29T17:09:19.830197Z,994,124.4,14135,OK,OK,OK
2026-08-29T17:09:25.206056Z,995,124.5,14135,OK,OK,OK
2026-08-29T17:09:30.604399Z,992,124.4,14142,OK,OK,OK
2026-08-29T17:09:36.010887Z,997,124.4,14142,OK,OK,OK
2026-08-29T17:09:41.411544Z,992,124.1,14142,OK,OK,OK
2026-08-29T17:09:46.783834Z,993,124.3,14061,OK,OK,OK
2026-08-29T17:09:52.166560Z,995,124.4,14061,OK,OK,OK
2026-08-29T17:09:57.541783Z,994,124.4,14131,OK,OK,OK
2026-08-29T17:10:02.920146Z,995,124.4,14131,OK,OK,OK
2026-08-29T17:10:08.329938Z,997,124.4,14131,OK,OK,OK
2026-08-29T17:10:13.882797Z,996,124.4,14017,OK,OK,OK
2026-08-29T17:10:19.271219Z,996,124.4,14017,OK,OK,OK
2026-08-29T17:10:24.637736Z,996,124.5,14049,OK,OK,OK
2026-08-29T17:10:30.012771Z,996,124.5,14049,OK,OK,OK
2026-08-29T17:10:35.389253Z,996,124.4,14200,OK,OK,OK
2026-08-29T17:10:40.752023Z,996,124.5,14200,OK,OK,OK
2026-08-29T17:10:46.162796Z,995,124.5,14200,OK,OK,OK
2026-08-29T17:10:51.530960Z,996,124.5,14189,OK,OK,OK
2026-08-29T17:10:56.913974Z,998,124.6,14189,OK,OK,OK
2026-08-29T17:11:02.305587Z,993,124.5,14309,OK,OK,OK
2026-08-29T17:11:07.688943Z,996,124.6,14309,OK,OK,OK
2026-08-29T17:11:13.072358Z,996,124.6,14309,OK,OK,OK
2026-08-29T17:11:18.467122Z,1002,124.5,14375,OK,OK,OK
2026-08-29T17:11:23.860108Z,994,124.5,14375,OK,OK,OK
2026-08-29T17:11:29.264460Z,994,124.5,14195,OK,OK,OK
2026-08-29T17:11:34.654187Z,993,124.4,14195,OK,OK,OK
2026-08-29T17:11:40.031213Z,994,124.4,14146,OK,OK,OK
2026-08-29T17:11:45.429077Z,995,124.4,14146,OK,OK,OK
2026-08-29T17:11:50.820446Z,996,124.6,14146,OK,OK,OK
2026-08-29T17:11:56.181508Z,995,124.6,14177,OK,OK,OK
2026-08-29T17:12:01.573176Z,993,124.5,14177,OK,OK,OK
2026-08-29T17:12:06.954954Z,998,124.5,14255,OK,OK,OK
2026-08-29T17:12:12.346161Z,994,124.6,14255,OK,OK,OK
2026-08-29T17:12:17.764509Z,995,124.6,14255,OK,OK,OK
2026-08-29T17:12:23.151000Z,995,124.5,14241,OK,OK,OK
2026-08-29T17:12:28.531614Z,994,124.5,14241,OK,OK,OK
2026-08-29T17:12:33.888321Z,998,124.5,14245,OK,OK,OK
2026-08-29T17:12:39.264520Z,998,124.5,14245,OK,OK,OK
2026-08-29T17:12:44.641736Z,996,124.5,14245,OK,OK,OK
2026-08-29T17:12:50.036105Z,998,124.4,14253,OK,OK,OK
2026-08-29T17:12:55.403686Z,996,124.2,14253,OK,OK,OK
2026-08-29T17:13:00.783934Z,996,124.4,14310,OK,OK,OK
2026-08-29T17:13:06.176986Z,994,124.4,14310,OK,OK,OK
2026-08-29T17:13:11.579999Z,997,124.6,14215,OK,OK,OK
2026-08-29T17:13:16.972769Z,994,124.5,14215,OK,OK,OK
2026-08-29T17:13:22.352829Z,997,124.6,14215,OK,OK,OK
2026-08-29T17:13:27.739238Z,997,124.5,14320,OK,OK,OK
2026-08-29T17:13:33.097589Z,993,124.4,14320,OK,OK,OK
2026-08-29T17:13:38.489702Z,996,124.5,14361,OK,OK,OK
2026-08-29T17:13:43.868776Z,991,124.6,14361,OK,OK,OK
2026-08-29T17:13:49.234023Z,996,124.5,14361,OK,OK,OK
2026-08-29T17:13:54.619578Z,996,124.5,14268,OK,OK,OK
2026-08-29T17:14:00.020452Z,997,124.6,14268,OK,OK,OK
2026-08-29T17:14:05.405248Z,993,124.4,14374,OK,OK,OK
2026-08-29T17:14:10.772016Z,994,124.6,14374,OK,OK,OK
2026-08-29T17:14:16.174511Z,996,124.5,14374,OK,OK,OK
2026-08-29T17:14:21.576236Z,999,124.6,14252,OK,OK,OK
2026-08-29T17:14:26.971234Z,997,124.6,14252,OK,OK,OK
2026-08-29T17:14:32.365719Z,997,124.6,14216,OK,OK,OK
2026-08-29T17:14:37.752224Z,998,124.6,14216,OK,OK,OK
2026-08-29T17:14:43.129415Z,997,124.6,14275,OK,OK,OK
2026-08-29T17:14:48.504753Z,997,124.6,14275,OK,OK,OK
2026-08-29T17:14:53.890161Z,1001,124.6,14275,OK,OK,OK
2026-08-29T17:14:59.264357Z,995,124.6,14235,OK,OK,OK
2026-08-29T17:15:04.635674Z,996,124.6,14235,OK,OK,OK
2026-08-29T17:15:10.015206Z,995,124.6,14507,OK,OK,OK
2026-08-29T17:15:15.401893Z,995,124.6,14507,OK,OK,OK
2026-08-29T17:15:20.807751Z,996,124.6,14507,OK,OK,OK
2026-08-29T17:15:26.174498Z,998,124.6,14504,OK,OK,OK
2026-08-29T17:15:31.550225Z,995,124.6,14504,OK,OK,OK
2026-08-29T17:15:36.955308Z,995,124.6,14488,OK,OK,OK
2026-08-29T17:15:42.335236Z,995,124.6,14488,OK,OK,OK
2026-08-29T17:15:47.720546Z,997,124.6,14488,OK,OK,OK
2026-08-29T17:15:53.114853Z,995,124.6,14382,OK,OK,OK
2026-08-29T17:15:58.494414Z,996,124.6,14382,OK,OK,OK
2026-08-29T17:16:03.885372Z,996,124.6,14217,OK,OK,OK
2026-08-29T17:16:09.270935Z,995,125.0,14217,OK,OK,OK
2026-08-29T17:16:14.658155Z,998,124.9,14227,OK,OK,OK
2026-08-29T17:16:20.047083Z,1001,124.8,14227,OK,OK,OK
2026-08-29T17:16:25.460181Z,996,125.0,14227,OK,OK,OK
2026-08-29T17:16:30.836003Z,998,124.5,14402,OK,OK,OK
2026-08-29T17:16:36.217730Z,997,124.4,14402,OK,OK,OK
2026-08-29T17:16:41.590566Z,995,124.5,14198,OK,OK,OK
2026-08-29T17:16:46.963674Z,998,124.5,14198,OK,OK,OK
2026-08-29T17:16:52.360973Z,994,124.4,14198,OK,OK,OK
2026-08-29T17:16:57.726700Z,1000,124.5,14225,OK,OK,OK
2026-08-29T17:17:03.128973Z,994,124.5,14225,OK,OK,OK
2026-08-29T17:17:08.509710Z,997,124.4,14185,OK,OK,OK
2026-08-29T17:17:13.975961Z,998,124.4,14185,OK,OK,OK
2026-08-29T17:17:19.352822Z,997,124.4,14185,OK,OK,OK
2026-08-29T17:17:24.745869Z,996,124.4,14278,OK,OK,OK
2026-08-29T17:17:30.154727Z,997,124.4,14278,OK,OK,OK
2026-08-29T17:17:35.536966Z,989,122.8,14275,OK,OK,OK
2026-08-29T17:17:40.906105Z,995,124.1,14275,OK,OK,OK
2026-08-29T17:17:46.278936Z,996,124.2,14220,OK,OK,OK
2026-08-29T17:17:51.681552Z,994,124.3,14220,OK,OK,OK
2026-08-29T17:17:57.051789Z,996,124.3,14220,OK,OK,OK
2026-08-29T17:18:02.438470Z,996,124.2,14241,OK,OK,OK
2026-08-29T17:18:07.826771Z,994,124.2,14241,OK,OK,OK
2026-08-29T17:18:13.209519Z,996,124.3,14256,OK,OK,OK
2026-08-29T17:18:18.578008Z,1085,124.3,14256,OK,OK,OK
2026-08-29T17:18:23.961686Z,1090,124.7,14256,OK,OK,OK
2026-08-29T17:18:29.353102Z,1097,124.7,14365,OK,OK,OK
2026-08-29T17:18:34.726624Z,1101,124.7,14365,OK,OK,OK
2026-08-29T17:18:40.120828Z,1107,124.3,14289,OK,OK,OK
2026-08-29T17:18:45.527123Z,1108,124.3,14289,OK,OK,OK
2026-08-29T17:18:50.922105Z,1105,124.3,14289,OK,OK,OK
2026-08-29T17:18:56.289310Z,1104,124.3,14295,OK,OK,OK
2026-08-29T17:19:01.686597Z,1101,124.3,14295,OK,OK,OK
2026-08-29T17:19:07.057392Z,1102,124.3,14286,OK,OK,OK
2026-08-29T17:19:12.418298Z,1098,124.3,14286,OK,OK,OK
2026-08-29T17:19:17.829615Z,1097,124.4,14325,OK,OK,OK
2026-08-29T17:19:23.208498Z,1098,124.4,14325,OK,OK,OK
2026-08-29T17:19:28.590560Z,1098,124.3,14325,OK,OK,OK
2026-08-29T17:19:33.975134Z,1093,124.3,14458,OK,OK,OK
2026-08-29T17:19:39.371055Z,1094,124.3,14458,OK,OK,OK
2026-08-29T17:19:44.763337Z,1090,124.1,14451,OK,OK,OK
2026-08-29T17:19:50.126245Z,1090,124.3,14451,OK,OK,OK
2026-08-29T17:19:55.506904Z,1087,124.3,14451,OK,OK,OK
2026-08-29T17:20:00.877342Z,1085,124.2,14251,OK,OK,OK
2026-08-29T17:20:06.263954Z,1084,124.2,14251,OK,OK,OK
2026-08-29T17:20:11.639353Z,1085,124.2,14206,OK,OK,OK
2026-08-29T17:20:17.036975Z,1080,124.4,14206,OK,OK,OK
2026-08-29T17:20:22.423587Z,1079,124.3,14206,OK,OK,OK
2026-08-29T17:20:27.806133Z,1079,124.4,14276,OK,OK,OK
2026-08-29T17:20:33.188414Z,1084,124.4,14276,OK,OK,OK
2026-08-29T17:20:38.585731Z,1078,124.4,14277,OK,OK,OK
2026-08-29T17:20:43.998585Z,1080,124.4,14277,OK,OK,OK
2026-08-29T17:20:49.355842Z,1082,124.4,14223,OK,OK,OK
2026-08-29T17:20:54.742635Z,1081,124.4,14223,OK,OK,OK
2026-08-29T17:21:00.128939Z,1082,124.4,14223,OK,OK,OK
2026-08-29T17:21:05.515402Z,1080,124.4,14434,OK,OK,OK
2026-08-29T17:21:10.908342Z,1080,124.8,14434,OK,OK,OK
2026-08-29T17:21:16.318983Z,1093,124.7,14306,OK,OK,OK
2026-08-29T17:21:21.706920Z,1083,124.8,14306,OK,OK,OK
2026-08-29T17:21:27.079716Z,1082,124.8,14306,OK,OK,OK
2026-08-29T17:21:32.459553Z,1083,124.8,14219,OK,OK,OK
2026-08-29T17:21:37.835310Z,1084,124.8,14219,OK,OK,OK
2026-08-29T17:21:43.211064Z,1084,124.8,14205,OK,OK,OK
2026-08-29T17:21:48.587676Z,1080,124.8,14205,OK,OK,OK
2026-08-29T17:21:53.984648Z,1086,124.8,14302,OK,OK,OK
2026-08-29T17:21:59.374430Z,1083,124.8,14302,OK,OK,OK
2026-08-29T17:22:04.745328Z,1082,124.8,14302,OK,OK,OK
2026-08-29T17:22:10.134982Z,1085,124.7,14390,OK,OK,OK
2026-08-29T17:22:15.526459Z,1088,124.8,14390,OK,OK,OK
2026-08-29T17:22:20.905554Z,1086,124.8,14224,OK,OK,OK
2026-08-29T17:22:26.326574Z,1089,124.8,14224,OK,OK,OK
2026-08-29T17:22:31.707219Z,1087,124.8,14224,OK,OK,OK
2026-08-29T17:22:37.099518Z,1088,124.8,14542,OK,OK,OK
2026-08-29T17:22:42.463162Z,1083,124.8,14542,OK,OK,OK
2026-08-29T17:22:47.844470Z,1085,124.8,14217,OK,OK,OK
2026-08-29T17:22:53.247047Z,1086,124.8,14217,OK,OK,OK
2026-08-29T17:22:58.619241Z,1084,124.8,14217,OK,OK,OK
2026-08-29T17:23:03.997237Z,1090,124.8,14269,OK,OK,OK
2026-08-29T17:23:09.404153Z,1089,124.8,14269,OK,OK,OK
2026-08-29T17:23:14.791484Z,1088,124.6,14305,OK,OK,OK
2026-08-29T17:23:20.161503Z,1086,124.8,14305,OK,OK,OK
2026-08-29T17:23:25.531849Z,1089,124.7,14252,OK,OK,OK
2026-08-29T17:23:30.912633Z,1088,124.7,14252,OK,OK,OK
2026-08-29T17:23:36.267049Z,1086,124.8,14252,OK,OK,OK
2026-08-29T17:23:41.645960Z,1091,124.8,14358,OK,OK,OK
2026-08-29T17:23:47.018906Z,1090,124.8,14358,OK,OK,OK
2026-08-29T17:23:52.395378Z,1091,124.8,14442,OK,OK,OK
2026-08-29T17:23:57.765060Z,1089,124.8,14442,OK,OK,OK
2026-08-29T17:24:03.151730Z,1088,124.8,14442,OK,OK,OK
2026-08-29T17:24:08.533272Z,1088,124.8,14448,OK,OK,OK
2026-08-29T17:24:13.908549Z,1087,124.8,14448,OK,OK,OK
2026-08-29T17:24:19.324639Z,1091,124.7,14464,OK,OK,OK
2026-08-29T17:24:24.713493Z,1088,124.3,14464,OK,OK,OK
2026-08-29T17:24:30.091261Z,1090,124.3,14464,OK,OK,OK
2026-08-29T17:24:35.465887Z,1091,124.4,14463,OK,OK,OK
2026-08-29T17:24:40.857059Z,1092,124.3,14463,OK,OK,OK
2026-08-29T17:24:46.231318Z,1092,124.3,14468,OK,OK,OK
2026-08-29T17:24:51.615032Z,1090,124.4,14468,OK,OK,OK
2026-08-29T17:24:56.997333Z,1090,124.3,14456,OK,OK,OK
2026-08-29T17:25:02.381677Z,1094,124.3,14456,OK,OK,OK
2026-08-29T17:25:07.780826Z,1093,124.3,14456,OK,OK,OK
2026-08-29T17:25:13.149604Z,1090,124.4,14462,OK,OK,OK
2026-08-29T17:25:18.722237Z,1093,124.4,14462,OK,OK,OK
2026-08-29T17:25:24.101220Z,1092,124.4,14464,OK,OK,OK
2026-08-29T17:25:29.489298Z,1096,124.3,14464,OK,OK,OK
2026-08-29T17:25:34.864141Z,1094,124.4,14464,OK,OK,OK
2026-08-29T17:25:40.242191Z,1090,124.4,14459,OK,OK,OK
2026-08-29T17:25:45.635399Z,1089,124.4,14459,OK,OK,OK
2026-08-29T17:25:51.005332Z,1088,124.4,14460,OK,OK,OK
2026-08-29T17:25:56.391986Z,1086,124.4,14460,OK,OK,OK
2026-08-29T17:26:01.782524Z,1090,124.4,14468,OK,OK,OK
2026-08-29T17:26:07.185125Z,1089,124.4,14468,OK,OK,OK
2026-08-29T17:26:12.547572Z,1091,124.4,14468,OK,OK,OK
2026-08-29T17:26:17.922673Z,1099,124.3,14475,OK,OK,OK
2026-08-29T17:26:23.324857Z,1087,124.4,14475,OK,OK,OK
2026-08-29T17:26:28.699205Z,1089,124.3,14460,OK,OK,OK
2026-08-29T17:26:34.084032Z,1089,124.3,14460,OK,OK,OK
2026-08-29T17:26:39.477945Z,1088,124.2,14460,OK,OK,OK
2026-08-29T17:26:44.867480Z,1088,124.4,14257,OK,OK,OK
2026-08-29T17:26:50.236221Z,1088,124.3,14257,OK,OK,OK
2026-08-29T17:26:55.606595Z,1091,124.3,14307,OK,OK,OK
2026-08-29T17:27:00.986233Z,1090,124.8,14307,OK,OK,OK
2026-08-29T17:27:06.356834Z,1088,124.8,14307,OK,OK,OK
2026-08-29T17:27:11.745072Z,1090,124.9,14256,OK,OK,OK
2026-08-29T17:27:17.122587Z,1087,124.8,14256,OK,OK,OK
2026-08-29T17:27:22.535373Z,1090,124.3,14234,OK,OK,OK
2026-08-29T17:27:27.918854Z,1092,124.3,14234,OK,OK,OK
2026-08-29T17:27:33.288586Z,1092,124.3,14308,OK,OK,OK
2026-08-29T17:27:38.656641Z,1090,124.3,14308,OK,OK,OK
2026-08-29T17:27:44.029615Z,1094,124.3,14308,OK,OK,OK
2026-08-29T17:27:49.411248Z,1091,124.3,14286,OK,OK,OK
2026-08-29T17:27:54.794489Z,1094,124.3,14286,OK,OK,OK
2026-08-29T17:28:00.169873Z,1095,124.3,14266,OK,OK,OK
2026-08-29T17:28:05.571804Z,1092,124.4,14266,OK,OK,OK
2026-08-29T17:28:10.979105Z,1090,124.3,14266,OK,OK,OK
2026-08-29T17:28:16.379425Z,1093,124.4,14332,OK,OK,OK
2026-08-29T17:28:21.737275Z,1091,124.4,14332,OK,OK,OK
2026-08-29T17:28:27.122822Z,1094,124.3,14251,OK,OK,OK
2026-08-29T17:28:32.499993Z,1091,124.3,14251,OK,OK,OK
2026-08-29T17:28:37.907198Z,1089,124.3,14251,OK,OK,OK
2026-08-29T17:28:43.287689Z,1090,124.4,14255,OK,OK,OK
2026-08-29T17:28:48.696967Z,1085,124.4,14255,OK,OK,OK
2026-08-29T17:28:54.077557Z,1090,124.4,14250,OK,OK,OK
2026-08-29T17:28:59.450244Z,1088,124.4,14250,OK,OK,OK
2026-08-29T17:29:04.827156Z,1088,124.3,14571,OK,OK,OK
2026-08-29T17:29:10.223682Z,1087,124.4,14571,OK,OK,OK
2026-08-29T17:29:15.617557Z,1085,124.8,14571,OK,OK,OK
2026-08-29T17:29:20.983483Z,1084,124.8,14233,OK,OK,OK
2026-08-29T17:29:26.396658Z,1087,124.8,14233,OK,OK,OK
2026-08-29T17:29:31.783129Z,1086,124.8,14372,OK,OK,OK
2026-08-29T17:29:37.169702Z,1088,124.4,14372,OK,OK,OK
2026-08-29T17:29:42.561528Z,1087,124.3,14372,OK,OK,OK
2026-08-29T17:29:47.972280Z,1090,124.4,14221,OK,OK,OK
2026-08-29T17:29:53.393108Z,1089,124.3,14221,OK,OK,OK
2026-08-29T17:29:58.779792Z,1083,124.2,14226,OK,OK,OK
2026-08-29T17:30:04.159601Z,1090,124.4,14226,OK,OK,OK
2026-08-29T17:30:09.547913Z,1085,124.4,14226,OK,OK,OK
2026-08-29T17:30:14.914729Z,1087,124.4,14271,OK,OK,OK
2026-08-29T17:30:20.294870Z,1088,124.3,14271,OK,OK,OK
2026-08-29T17:30:25.681539Z,1090,124.3,14226,OK,OK,OK
2026-08-29T17:30:31.074772Z,1090,124.3,14226,OK,OK,OK
2026-08-29T17:30:36.471480Z,1092,124.3,14251,OK,OK,OK
2026-08-29T17:30:41.853721Z,1087,124.4,14251,OK,OK,OK
2026-08-29T17:30:47.252063Z,1088,124.4,14251,OK,OK,OK
2026-08-29T17:30:52.613459Z,1091,124.4,14268,OK,OK,OK
2026-08-29T17:30:58.006072Z,1090,124.4,14268,OK,OK,OK
2026-08-29T17:31:03.387751Z,1089,124.4,14232,OK,OK,OK
2026-08-29T17:31:08.781689Z,1090,124.3,14232,OK,OK,OK
2026-08-29T17:31:14.170456Z,1087,124.4,14232,OK,OK,OK
2026-08-29T17:31:19.562338Z,1098,124.4,14233,OK,OK,OK
2026-08-29T17:31:24.933033Z,1089,124.4,14233,OK,OK,OK
2026-08-29T17:31:30.297308Z,1089,124.4,14235,OK,OK,OK
2026-08-29T17:31:35.668554Z,1094,124.4,14235,OK,OK,OK
2026-08-29T17:31:41.081827Z,1087,124.3,14235,OK,OK,OK
2026-08-29T17:31:46.452964Z,1089,124.8,14230,OK,OK,OK
2026-08-29T17:31:51.812229Z,1090,124.8,14230,OK,OK,OK
2026-08-29T17:31:57.191273Z,1088,124.8,14307,OK,OK,OK
2026-08-29T17:32:02.606242Z,1086,124.8,14307,OK,OK,OK
2026-08-29T17:32:07.980868Z,1087,124.8,14218,OK,OK,OK
2026-08-29T17:32:13.401200Z,1088,124.8,14218,OK,OK,OK
2026-08-29T17:32:18.775302Z,1090,124.8,14218,OK,OK,OK
2026-08-29T17:32:24.162309Z,1087,124.8,14221,OK,OK,OK
2026-08-29T17:32:29.523102Z,1088,124.8,14221,OK,OK,OK
2026-08-29T17:32:34.909505Z,1092,124.8,14221,OK,OK,OK
2026-08-29T17:32:40.279946Z,1088,124.8,14221,OK,OK,OK
2026-08-29T17:32:45.666477Z,1088,124.8,14221,OK,OK,OK
2026-08-29T17:32:51.033260Z,1088,124.8,14250,OK,OK,OK
2026-08-29T17:32:56.436228Z,1088,124.8,14250,OK,OK,OK
2026-08-29T17:33:01.806075Z,1089,124.8,14208,OK,OK,OK
2026-08-29T17:33:07.169951Z,1086,124.8,14208,OK,OK,OK
2026-08-29T17:33:12.569489Z,1089,124.7,14208,OK,OK,OK
2026-08-29T17:33:17.969252Z,1090,125.1,14378,OK,OK,OK
2026-08-29T17:33:23.385097Z,1088,125.1,14378,OK,OK,OK
2026-08-29T17:33:28.749582Z,1088,125.1,14210,OK,OK,OK
2026-08-29T17:33:34.137067Z,1093,125.1,14210,OK,OK,OK
2026-08-29T17:33:39.512455Z,1088,125.1,14210,OK,OK,OK
2026-08-29T17:33:44.875838Z,1088,125.1,14210,OK,OK,OK
2026-08-29T17:33:50.256137Z,1095,125.2,14210,OK,OK,OK
2026-08-29T17:33:55.641254Z,1092,125.0,14179,OK,OK,OK
2026-08-29T17:34:01.030699Z,1092,125.0,14179,OK,OK,OK
2026-08-29T17:34:06.411494Z,1089,124.9,14254,OK,OK,OK
2026-08-29T17:34:11.793992Z,1090,124.9,14254,OK,OK,OK
2026-08-29T17:34:17.204078Z,1090,124.9,14254,OK,OK,OK
2026-08-29T17:34:22.602158Z,1090,124.9,14178,OK,OK,OK
2026-08-29T17:34:27.976270Z,1089,125.0,14178,OK,OK,OK
2026-08-29T17:34:33.360009Z,1093,124.9,14268,OK,OK,OK
2026-08-29T17:34:38.734835Z,1092,124.9,14268,OK,OK,OK
2026-08-29T17:34:44.093916Z,1089,124.9,14182,OK,OK,OK
2026-08-29T17:34:49.492565Z,1093,124.9,14182,OK,OK,OK
2026-08-29T17:34:54.900614Z,1088,124.9,14182,OK,OK,OK
2026-08-29T17:35:00.276587Z,1091,124.9,14193,OK,OK,OK
2026-08-29T17:35:05.654378Z,1089,124.9,14193,OK,OK,OK
2026-08-29T17:35:11.029385Z,1086,124.9,14422,OK,OK,OK
2026-08-29T17:35:16.436454Z,1090,124.9,14422,OK,OK,OK
2026-08-29T17:35:21.816910Z,1086,124.9,14422,OK,OK,OK
2026-08-29T17:35:27.202121Z,1090,125.3,14181,OK,OK,OK
2026-08-29T17:35:32.596080Z,1088,125.3,14181,OK,OK,OK
2026-08-29T17:35:37.968756Z,1085,125.5,14173,OK,OK,OK
2026-08-29T17:35:43.337606Z,1086,125.6,14173,OK,OK,OK
2026-08-29T17:35:48.711915Z,1086,125.5,14173,OK,OK,OK
2026-08-29T17:35:54.114447Z,1086,125.4,14368,OK,OK,OK
2026-08-29T17:35:59.485264Z,1086,125.4,14368,OK,OK,OK
2026-08-29T17:36:04.863701Z,1086,125.4,14034,OK,OK,OK
2026-08-29T17:36:10.243147Z,1085,125.4,14034,OK,OK,OK
2026-08-29T17:36:15.604758Z,1089,125.4,14022,OK,OK,OK
2026-08-29T17:36:20.995679Z,1084,125.4,14022,OK,OK,OK
2026-08-29T17:36:26.369619Z,1087,125.4,14022,OK,OK,OK
2026-08-29T17:36:31.759898Z,1087,125.5,14071,OK,OK,OK
2026-08-29T17:36:37.136798Z,1086,125.5,14071,OK,OK,OK
2026-08-29T17:36:42.536274Z,1087,125.3,14239,OK,OK,OK
2026-08-29T17:36:47.917892Z,1085,125.4,14239,OK,OK,OK
2026-08-29T17:36:53.281540Z,1086,125.5,14239,OK,OK,OK
2026-08-29T17:36:58.665481Z,1088,125.4,14186,OK,OK,OK
2026-08-29T17:37:04.050096Z,1086,125.4,14186,OK,OK,OK
2026-08-29T17:37:09.423571Z,1086,125.4,14133,OK,OK,OK
2026-08-29T17:37:14.792214Z,1088,125.4,14133,OK,OK,OK
2026-08-29T17:37:20.195620Z,1086,125.4,14133,OK,OK,OK
2026-08-29T17:37:25.575339Z,1085,125.4,14152,OK,OK,OK
2026-08-29T17:37:30.953173Z,1086,125.5,14152,OK,OK,OK
2026-08-29T17:37:36.346954Z,1083,125.5,14168,OK,OK,OK
2026-08-29T17:37:41.734995Z,1087,125.5,14168,OK,OK,OK
2026-08-29T17:37:47.119177Z,1086,125.5,14095,OK,OK,OK
2026-08-29T17:37:52.477408Z,1087,125.5,14095,OK,OK,OK
2026-08-29T17:37:57.850259Z,1087,125.6,14095,OK,OK,OK
2026-08-29T17:38:03.240265Z,1086,125.5,14280,OK,OK,OK
2026-08-29T17:38:08.610805Z,1088,125.5,14280,OK,OK,OK
2026-08-29T17:38:14.006665Z,1086,125.5,14287,OK,OK,OK
2026-08-29T17:38:19.414925Z,1088,125.5,14287,OK,OK,OK
2026-08-29T17:38:24.786581Z,1009,125.4,14287,OK,OK,OK
2026-08-29T17:38:30.157201Z,1005,125.4,14085,OK,OK,OK
2026-08-29T17:38:35.540631Z,1003,125.4,14085,OK,OK,OK
2026-08-29T17:38:40.939205Z,1002,125.4,14097,OK,OK,OK
2026-08-29T17:38:46.297133Z,1003,125.4,14097,OK,OK,OK
2026-08-29T17:38:51.692145Z,1006,125.4,14097,OK,OK,OK
2026-08-29T17:38:57.077155Z,1004,125.4,14061,OK,OK,OK
2026-08-29T17:39:02.460127Z,1005,125.4,14061,OK,OK,OK
2026-08-29T17:39:07.833258Z,1003,125.4,14229,OK,OK,OK
2026-08-29T17:39:13.214808Z,1005,125.4,14229,OK,OK,OK
2026-08-29T17:39:18.603536Z,1004,125.4,14041,OK,OK,OK
2026-08-29T17:39:23.985985Z,1005,125.4,14041,OK,OK,OK
2026-08-29T17:39:29.383369Z,1003,125.4,14041,OK,OK,OK
2026-08-29T17:39:34.774414Z,1004,125.4,14048,OK,OK,OK
2026-08-29T17:39:40.147993Z,1006,125.4,14048,OK,OK,OK
2026-08-29T17:39:45.520326Z,1006,125.5,14236,OK,OK,OK
2026-08-29T17:39:50.897197Z,1000,125.3,14236,OK,OK,OK
2026-08-29T17:39:56.309189Z,1004,125.4,14236,OK,OK,OK
2026-08-29T17:40:01.684149Z,1000,125.4,14118,OK,OK,OK
2026-08-29T17:40:07.072604Z,1001,125.4,14118,OK,OK,OK
2026-08-29T17:40:12.472995Z,1003,125.6,14102,OK,OK,OK
2026-08-29T17:40:17.875066Z,1004,125.6,14102,OK,OK,OK
2026-08-29T17:40:23.257980Z,1006,125.6,14097,OK,OK,OK
2026-08-29T17:40:28.644901Z,1005,125.6,14097,OK,OK,OK
2026-08-29T17:40:34.023039Z,1008,125.6,14097,OK,OK,OK
2026-08-29T17:40:39.405299Z,1002,125.6,14121,OK,OK,OK
2026-08-29T17:40:44.798231Z,1003,125.7,14121,OK,OK,OK
2026-08-29T17:40:50.176193Z,1004,125.7,14316,OK,OK,OK
2026-08-29T17:40:55.562936Z,1005,125.7,14316,OK,OK,OK
2026-08-29T17:41:00.942527Z,1003,125.7,14316,OK,OK,OK
2026-08-29T17:41:06.318429Z,1006,125.6,14333,OK,OK,OK
2026-08-29T17:41:11.705604Z,951,125.7,14333,OK,OK,OK
2026-08-29T17:41:17.081241Z,959,125.6,14344,OK,OK,OK
2026-08-29T17:41:22.478820Z,955,125.6,14344,OK,OK,OK
2026-08-29T17:41:27.865303Z,952,125.7,14344,OK,OK,OK
2026-08-29T17:41:33.247406Z,949,125.7,14323,OK,OK,OK
2026-08-29T17:41:38.636736Z,953,125.7,14323,OK,OK,OK
2026-08-29T17:41:44.038658Z,948,125.7,14358,OK,OK,OK
2026-08-29T17:41:49.443345Z,950,125.7,14358,OK,OK,OK
2026-08-29T17:41:54.829790Z,949,125.7,14320,OK,OK,OK
2026-08-29T17:42:00.188886Z,951,125.7,14320,OK,OK,OK
2026-08-29T17:42:05.604220Z,951,125.6,14320,OK,OK,OK
2026-08-29T17:42:11.021496Z,949,125.6,14257,OK,OK,OK
2026-08-29T17:42:16.407058Z,955,125.7,14257,OK,OK,OK
2026-08-29T17:42:21.784117Z,949,125.7,14168,OK,OK,OK
2026-08-29T17:42:27.170961Z,950,125.7,14168,OK,OK,OK
2026-08-29T17:42:32.558231Z,955,125.7,14168,OK,OK,OK
2026-08-29T17:42:37.945487Z,953,125.7,14095,OK,OK,OK
2026-08-29T17:42:43.320180Z,950,125.7,14095,OK,OK,OK
2026-08-29T17:42:48.710967Z,954,125.7,14247,OK,OK,OK
2026-08-29T17:42:54.097601Z,953,125.6,14247,OK,OK,OK
2026-08-29T17:42:59.471925Z,952,125.7,14247,OK,OK,OK
2026-08-29T17:43:04.855468Z,950,125.6,14287,OK,OK,OK
2026-08-29T17:43:10.257075Z,951,125.6,14287,OK,OK,OK
2026-08-29T17:43:15.624830Z,951,125.4,14105,OK,OK,OK
2026-08-29T17:43:21.020612Z,952,125.7,14105,OK,OK,OK
2026-08-29T17:43:26.400826Z,949,125.7,14183,OK,OK,OK
2026-08-29T17:43:31.781626Z,1085,125.8,14183,OK,OK,OK
2026-08-29T17:43:37.167724Z,1088,125.7,14183,OK,OK,OK
2026-08-29T17:43:42.539892Z,1079,125.7,14147,OK,OK,OK
2026-08-29T17:43:47.930580Z,1080,125.8,14147,OK,OK,OK
2026-08-29T17:43:53.292482Z,1078,125.8,14157,OK,OK,OK
2026-08-29T17:43:58.687696Z,1077,125.8,14157,OK,OK,OK
2026-08-29T17:44:04.074128Z,1078,125.8,14157,OK,OK,OK
2026-08-29T17:44:09.434462Z,1080,125.8,14160,OK,OK,OK
2026-08-29T17:44:14.809710Z,1079,125.8,14160,OK,OK,OK
2026-08-29T17:44:20.219755Z,1077,125.8,14114,OK,OK,OK
2026-08-29T17:44:25.603126Z,1076,125.8,14114,OK,OK,OK
2026-08-29T17:44:30.984152Z,1079,125.8,14103,OK,OK,OK
2026-08-29T17:44:36.377734Z,1073,125.7,14103,OK,OK,OK
2026-08-29T17:44:41.755049Z,1074,125.8,14103,OK,OK,OK
2026-08-29T17:44:47.134883Z,1082,125.7,14159,OK,OK,OK
2026-08-29T17:44:52.517874Z,1081,125.8,14159,OK,OK,OK
2026-08-29T17:44:57.898672Z,959,125.8,14173,OK,OK,OK
2026-08-29T17:45:03.291262Z,962,125.7,14173,OK,OK,OK
2026-08-29T17:45:08.650553Z,958,125.7,14173,OK,OK,OK
2026-08-29T17:45:14.082750Z,959,125.6,14109,OK,OK,OK
2026-08-29T17:45:19.469433Z,958,125.7,14109,OK,OK,OK
2026-08-29T17:45:24.830560Z,963,125.7,14149,OK,OK,OK
2026-08-29T17:45:30.244378Z,962,125.7,14149,OK,OK,OK
2026-08-29T17:45:35.620334Z,959,125.7,14149,OK,OK,OK
2026-08-29T17:45:41.032103Z,962,125.6,14145,OK,OK,OK
2026-08-29T17:45:46.405494Z,964,125.6,14145,OK,OK,OK
2026-08-29T17:45:51.816969Z,958,125.6,14135,OK,OK,OK
2026-08-29T17:45:57.216086Z,962,125.6,14135,OK,OK,OK
2026-08-29T17:46:02.577438Z,959,125.6,14283,OK,OK,OK
2026-08-29T17:46:07.953399Z,962,125.7,14283,OK,OK,OK
2026-08-29T17:46:13.341422Z,962,125.8,14283,OK,OK,OK
2026-08-29T17:46:18.720223Z,967,125.6,14141,OK,OK,OK
2026-08-29T17:46:24.101245Z,958,125.8,14141,OK,OK,OK
2026-08-29T17:46:29.487961Z,960,125.8,14126,OK,OK,OK
2026-08-29T17:46:34.862305Z,961,125.8,14126,OK,OK,OK
2026-08-29T17:46:40.242560Z,961,125.8,14126,OK,OK,OK
2026-08-29T17:46:45.622489Z,960,125.8,14221,OK,OK,OK
2026-08-29T17:46:50.998522Z,960,125.8,14221,OK,OK,OK
2026-08-29T17:46:56.390974Z,962,125.7,14123,OK,OK,OK
2026-08-29T17:47:01.761294Z,958,125.8,14123,OK,OK,OK
2026-08-29T17:47:07.134036Z,961,125.8,14123,OK,OK,OK
2026-08-29T17:47:12.533211Z,960,125.8,14103,OK,OK,OK
2026-08-29T17:47:17.904487Z,959,125.7,14103,OK,OK,OK
2026-08-29T17:47:23.271188Z,957,125.8,14089,OK,OK,OK
2026-08-29T17:47:28.663527Z,958,125.8,14089,OK,OK,OK
2026-08-29T17:47:34.048022Z,960,125.7,14098,OK,OK,OK
2026-08-29T17:47:39.414517Z,958,125.7,14098,OK,OK,OK
2026-08-29T17:47:44.811087Z,959,125.8,14098,OK,OK,OK
2026-08-29T17:47:50.208564Z,949,125.8,14145,OK,OK,OK
2026-08-29T17:47:55.578065Z,954,125.8,14145,OK,OK,OK
2026-08-29T17:48:00.960748Z,949,125.8,14087,OK,OK,OK
2026-08-29T17:48:06.338302Z,948,125.7,14087,OK,OK,OK
2026-08-29T17:48:11.731314Z,950,125.7,14087,OK,OK,OK
2026-08-29T17:48:17.097564Z,948,125.7,14137,OK,OK,OK
2026-08-29T17:48:22.472701Z,954,125.7,14137,OK,OK,OK
2026-08-29T17:48:27.854602Z,950,125.7,14093,OK,OK,OK
2026-08-29T17:48:33.225774Z,954,125.7,14093,OK,OK,OK
2026-08-29T17:48:38.608576Z,949,125.7,14093,OK,OK,OK
2026-08-29T17:48:43.995081Z,950,125.7,14103,OK,OK,OK
2026-08-29T17:48:49.388996Z,950,125.6,14103,OK,OK,OK
2026-08-29T17:48:54.755647Z,948,125.6,14118,OK,OK,OK
2026-08-29T17:49:00.141729Z,949,125.6,14118,OK,OK,OK
2026-08-29T17:49:05.514463Z,950,125.6,14126,OK,OK,OK
2026-08-29T17:49:10.891992Z,949,125.6,14126,OK,OK,OK
2026-08-29T17:49:16.277373Z,947,125.6,14126,OK,OK,OK
2026-08-29T17:49:21.660752Z,950,125.7,14089,OK,OK,OK
2026-08-29T17:49:27.028271Z,950,125.7,14089,OK,OK,OK
2026-08-29T17:49:32.393498Z,952,125.6,14476,OK,OK,OK
2026-08-29T17:49:37.788881Z,948,125.7,14476,OK,OK,OK
2026-08-29T17:49:43.168695Z,948,125.7,14476,OK,OK,OK
2026-08-29T17:49:48.576179Z,948,125.8,14505,OK,OK,OK
2026-08-29T17:49:54.566398Z,948,125.7,14505,OK,OK,OK
2026-08-29T17:49:59.939171Z,953,125.8,14465,OK,OK,OK
2026-08-29T17:50:05.327257Z,950,125.7,14465,OK,OK,OK
2026-08-29T17:50:10.706156Z,948,125.8,14446,OK,OK,OK
2026-08-29T17:50:16.092492Z,950,125.8,14446,OK,OK,OK
2026-08-29T17:50:21.479090Z,950,125.8,14446,OK,OK,OK
2026-08-29T17:50:26.873456Z,948,125.8,14481,OK,OK,OK
2026-08-29T17:50:32.249395Z,949,125.8,14481,OK,OK,OK
2026-08-29T17:50:37.635959Z,950,125.8,14467,OK,OK,OK
2026-08-29T17:50:43.023301Z,950,125.8,14467,OK,OK,OK
2026-08-29T17:50:48.395568Z,950,125.8,14467,OK,OK,OK
2026-08-29T17:50:53.782208Z,950,125.8,14456,OK,OK,OK
2026-08-29T17:50:59.168759Z,949,125.8,14456,OK,OK,OK
2026-08-29T17:51:04.549586Z,952,125.8,14461,OK,OK,OK
2026-08-29T17:51:09.913448Z,950,125.8,14461,OK,OK,OK
2026-08-29T17:51:15.291251Z,948,125.8,14461,OK,OK,OK
2026-08-29T17:51:20.666802Z,950,125.7,14476,OK,OK,OK
2026-08-29T17:51:26.033735Z,951,125.7,14476,OK,OK,OK
2026-08-29T17:51:31.424719Z,951,125.8,14478,OK,OK,OK
2026-08-29T17:51:36.808856Z,950,125.8,14478,OK,OK,OK
2026-08-29T17:51:42.196841Z,954,125.8,14468,OK,OK,OK
2026-08-29T17:51:47.557225Z,953,125.8,14468,OK,OK,OK
2026-08-29T17:51:52.925150Z,951,125.8,14468,OK,OK,OK
2026-08-29T17:51:58.305320Z,951,125.8,14486,OK,OK,OK
2026-08-29T17:52:03.678300Z,949,125.7,14486,OK,OK,OK
2026-08-29T17:52:09.058560Z,948,125.8,14468,OK,OK,OK
2026-08-29T17:52:14.473936Z,953,125.8,14468,OK,OK,OK
2026-08-29T17:52:19.846439Z,948,125.8,14468,OK,OK,OK
2026-08-29T17:52:25.240855Z,949,125.6,14468,OK,OK,OK
2026-08-29T17:52:30.611368Z,949,125.8,14468,OK,OK,OK
2026-08-29T17:52:36.021170Z,950,125.8,14453,OK,OK,OK
2026-08-29T17:52:41.377543Z,948,125.7,14453,OK,OK,OK
2026-08-29T17:52:46.758586Z,948,125.8,14462,OK,OK,OK
2026-08-29T17:52:52.131834Z,952,125.8,14462,OK,OK,OK
2026-08-29T17:52:57.505020Z,952,125.8,14462,OK,OK,OK
2026-08-29T17:53:02.879739Z,950,125.8,14467,OK,OK,OK
2026-08-29T17:53:08.253551Z,952,125.8,14467,OK,OK,OK
2026-08-29T17:53:13.670965Z,955,125.8,14470,OK,OK,OK
2026-08-29T17:53:19.041612Z,950,125.8,14470,OK,OK,OK
2026-08-29T17:53:24.428168Z,952,125.8,14470,OK,OK,OK
2026-08-29T17:53:29.829225Z,949,125.8,14455,OK,OK,OK
2026-08-29T17:53:35.201046Z,948,125.8,14455,OK,OK,OK
2026-08-29T17:53:40.579605Z,948,125.8,14449,OK,OK,OK
2026-08-29T17:53:45.991733Z,949,125.8,14449,OK,OK,OK
2026-08-29T17:53:51.369610Z,949,125.8,14449,OK,OK,OK
2026-08-29T17:53:56.747044Z,950,125.8,14473,OK,OK,OK
2026-08-29T17:54:02.145381Z,949,125.8,14473,OK,OK,OK
2026-08-29T17:54:07.541700Z,953,125.8,14465,OK,OK,OK
2026-08-29T17:54:12.925627Z,950,125.8,14465,OK,OK,OK
2026-08-29T17:54:18.306149Z,948,125.8,14438,OK,OK,OK
2026-08-29T17:54:23.687677Z,951,125.8,14438,OK,OK,OK
2026-08-29T17:54:29.100831Z,950,125.8,14438,OK,OK,OK
2026-08-29T17:54:34.509670Z,950,125.8,14440,OK,OK,OK
2026-08-29T17:54:39.900118Z,951,125.8,14440,OK,OK,OK
2026-08-29T17:54:45.293541Z,951,125.8,14462,OK,OK,OK
2026-08-29T17:54:50.689206Z,950,125.8,14462,OK,OK,OK
2026-08-29T17:54:56.059729Z,950,125.8,14462,OK,OK,OK
2026-08-29T17:55:01.446222Z,950,125.8,14450,OK,OK,OK
2026-08-29T17:55:06.829518Z,951,125.8,14450,OK,OK,OK
2026-08-29T17:55:12.235024Z,952,125.8,14443,OK,OK,OK
2026-08-29T17:55:17.637502Z,951,125.8,14443,OK,OK,OK
2026-08-29T17:55:23.023905Z,952,125.9,14443,OK,OK,OK
2026-08-29T17:55:28.409736Z,951,125.7,14449,OK,OK,OK
2026-08-29T17:55:33.803936Z,954,125.8,14449,OK,OK,OK
2026-08-29T17:55:39.215465Z,951,125.8,14449,OK,OK,OK
2026-08-29T17:55:44.606215Z,949,125.8,14449,OK,OK,OK
2026-08-29T17:55:49.995721Z,953,125.9,14456,OK,OK,OK
2026-08-29T17:55:55.378146Z,951,125.9,14456,OK,OK,OK
2026-08-29T17:56:00.754081Z,950,125.9,14456,OK,OK,OK
2026-08-29T17:56:06.131966Z,952,125.8,14416,OK,OK,OK
2026-08-29T17:56:11.502396Z,949,125.8,14416,OK,OK,OK
2026-08-29T17:56:16.888857Z,957,126.1,14417,OK,OK,OK
2026-08-29T17:56:22.279318Z,946,125.8,14417,OK,OK,OK
2026-08-29T17:56:27.661961Z,950,125.8,14417,OK,OK,OK
2026-08-29T17:56:33.031700Z,1040,125.8,14425,OK,OK,OK
2026-08-29T17:56:38.406611Z,1054,125.9,14425,OK,OK,OK
2026-08-29T17:56:43.787160Z,1059,125.8,14419,OK,OK,OK
2026-08-29T17:56:49.177116Z,1063,125.8,14419,OK,OK,OK
2026-08-29T17:56:54.562297Z,1064,125.9,14411,OK,OK,OK
2026-08-29T17:56:59.940575Z,1068,125.8,14411,OK,OK,OK
2026-08-29T17:57:05.319258Z,1063,125.9,14411,OK,OK,OK
2026-08-29T17:57:10.689917Z,1045,125.8,14392,OK,OK,OK
2026-08-29T17:57:16.067711Z,1042,125.8,14392,OK,OK,OK
2026-08-29T17:57:21.446679Z,1046,125.8,14432,OK,OK,OK
2026-08-29T17:57:26.816418Z,1042,125.9,14432,OK,OK,OK
2026-08-29T17:57:32.207282Z,1042,125.9,14432,OK,OK,OK
2026-08-29T17:57:37.590525Z,1041,125.8,14441,OK,OK,OK
2026-08-29T17:57:42.967812Z,1040,125.9,14441,OK,OK,OK
2026-08-29T17:57:48.346957Z,1038,125.9,14430,OK,OK,OK
2026-08-29T17:57:53.712207Z,1035,125.8,14430,OK,OK,OK
2026-08-29T17:57:59.110623Z,1032,125.9,14430,OK,OK,OK
2026-08-29T17:58:04.491582Z,1033,125.9,14452,OK,OK,OK
2026-08-29T17:58:09.876790Z,1030,125.8,14452,OK,OK,OK
2026-08-29T17:58:15.263326Z,1028,125.8,14443,OK,OK,OK
2026-08-29T17:58:20.649835Z,1025,125.8,14443,OK,OK,OK
2026-08-29T17:58:26.029653Z,1022,125.6,14426,OK,OK,OK
2026-08-29T17:58:31.405823Z,1021,125.8,14426,OK,OK,OK
2026-08-29T17:58:36.796148Z,1021,125.8,14426,OK,OK,OK
2026-08-29T17:58:42.161908Z,1021,125.8,14456,OK,OK,OK
2026-08-29T17:58:47.561387Z,1021,125.8,14456,OK,OK,OK
2026-08-29T17:58:53.018675Z,1022,125.7,14446,OK,OK,OK
2026-08-29T17:58:58.403132Z,1022,125.8,14446,OK,OK,OK
2026-08-29T17:59:03.772884Z,1022,125.8,14446,OK,OK,OK
2026-08-29T17:59:09.144314Z,1022,125.8,14422,OK,OK,OK
2026-08-29T17:59:14.546747Z,1024,125.7,14422,OK,OK,OK
2026-08-29T17:59:19.933350Z,1019,125.7,14448,OK,OK,OK
2026-08-29T17:59:25.329588Z,1022,125.7,14448,OK,OK,OK
2026-08-29T17:59:30.738273Z,1021,125.7,14448,OK,OK,OK
2026-08-29T17:59:36.108875Z,1018,125.7,14441,OK,OK,OK
2026-08-29T17:59:41.484978Z,1018,125.6,14441,OK,OK,OK
2026-08-29T17:59:46.872316Z,1018,125.7,14438,OK,OK,OK
2026-08-29T17:59:52.252307Z,1019,125.6,14438,OK,OK,OK
2026-08-29T17:59:57.621918Z,1017,125.6,14445,OK,OK,OK
2026-08-29T18:00:03.003876Z,1019,125.7,14445,OK,OK,OK
2026-08-29T18:00:08.391133Z,1019,125.6,14445,OK,OK,OK
2026-08-29T18:00:13.882468Z,1020,125.6,14433,OK,OK,OK
2026-08-29T18:00:19.247763Z,1022,125.6,14433,OK,OK,OK
2026-08-29T18:00:24.636589Z,1019,125.6,14445,OK,OK,OK
2026-08-29T18:00:30.005786Z,1018,125.5,14445,OK,OK,OK
2026-08-29T18:00:35.375221Z,1020,125.6,14445,OK,OK,OK
2026-08-29T18:00:40.762707Z,1024,125.6,14427,OK,OK,OK
2026-08-29T18:00:46.145098Z,1023,125.6,14427,OK,OK,OK
2026-08-29T18:00:51.524207Z,1019,125.6,14451,OK,OK,OK
2026-08-29T18:00:56.912861Z,1019,125.5,14451,OK,OK,OK
2026-08-29T18:01:02.305565Z,1018,125.6,14428,OK,OK,OK
2026-08-29T18:01:07.686871Z,1020,125.6,14428,OK,OK,OK
2026-08-29T18:01:13.070467Z,1020,125.6,14428,OK,OK,OK
2026-08-29T18:01:18.480821Z,1030,125.6,14449,OK,OK,OK
2026-08-29T18:01:23.854907Z,1022,125.6,14449,OK,OK,OK
2026-08-29T18:01:29.230505Z,1018,125.4,14449,OK,OK,OK
2026-08-29T18:01:34.599700Z,1019,125.5,14449,OK,OK,OK
2026-08-29T18:01:39.988637Z,1024,125.6,14449,OK,OK,OK
2026-08-29T18:01:45.377651Z,1020,125.6,14471,OK,OK,OK
2026-08-29T18:01:50.739477Z,1022,125.6,14471,OK,OK,OK
2026-08-29T18:01:56.117692Z,1024,125.6,14440,OK,OK,OK
2026-08-29T18:02:01.489670Z,1019,125.6,14440,OK,OK,OK
2026-08-29T18:02:06.888510Z,1021,125.6,14440,OK,OK,OK
2026-08-29T18:02:12.254789Z,1020,125.6,14435,OK,OK,OK
2026-08-29T18:02:17.663249Z,1024,125.6,14435,OK,OK,OK
2026-08-29T18:02:23.051830Z,1023,125.5,14455,OK,OK,OK
2026-08-29T18:02:28.424385Z,1023,125.6,14455,OK,OK,OK
2026-08-29T18:02:33.784121Z,1023,125.6,14341,OK,OK,OK
2026-08-29T18:02:39.192443Z,1024,125.6,14341,OK,OK,OK
2026-08-29T18:02:44.569558Z,1021,125.6,14341,OK,OK,OK
2026-08-29T18:02:49.949558Z,1023,125.6,14342,OK,OK,OK
2026-08-29T18:02:55.335975Z,1024,125.6,14342,OK,OK,OK
2026-08-29T18:03:00.735962Z,1023,125.6,14332,OK,OK,OK
2026-08-29T18:03:06.125105Z,1024,125.6,14332,OK,OK,OK
2026-08-29T18:03:11.496293Z,1025,125.6,14332,OK,OK,OK
2026-08-29T18:03:16.870212Z,1020,125.5,14334,OK,OK,OK
2026-08-29T18:03:22.252811Z,1026,125.5,14334,OK,OK,OK
2026-08-29T18:03:27.641052Z,1024,125.4,14334,OK,OK,OK
2026-08-29T18:03:33.013486Z,1021,125.4,14334,OK,OK,OK
2026-08-29T18:03:38.390042Z,1023,125.5,14334,OK,OK,OK
2026-08-29T18:03:43.795921Z,1023,125.5,14325,OK,OK,OK
2026-08-29T18:03:49.188482Z,1027,125.5,14325,OK,OK,OK
2026-08-29T18:03:54.566786Z,1021,125.4,14331,OK,OK,OK
2026-08-29T18:03:59.947494Z,1020,125.6,14331,OK,OK,OK
2026-08-29T18:04:05.329224Z,1022,125.5,14326,OK,OK,OK
2026-08-29T18:04:10.715694Z,1022,125.6,14326,OK,OK,OK
2026-08-29T18:04:16.101268Z,1021,125.5,14326,OK,OK,OK
2026-08-29T18:04:21.490748Z,1022,125.5,14321,OK,OK,OK
2026-08-29T18:04:26.852649Z,1022,125.3,14321,OK,OK,OK
2026-08-29T18:04:32.242961Z,1022,125.5,14310,OK,OK,OK
2026-08-29T18:04:37.627394Z,1017,125.5,14310,OK,OK,OK
2026-08-29T18:04:42.998154Z,1021,125.5,14310,OK,OK,OK
2026-08-29T18:04:48.380937Z,1027,125.5,14309,OK,OK,OK
2026-08-29T18:04:53.762126Z,1022,125.4,14309,OK,OK,OK
2026-08-29T18:04:59.148422Z,1021,125.4,14313,OK,OK,OK
2026-08-29T18:05:04.545711Z,1025,125.4,14313,OK,OK,OK
2026-08-29T18:05:09.937509Z,1020,125.5,14313,OK,OK,OK
2026-08-29T18:05:15.351124Z,1021,125.6,14315,OK,OK,OK
2026-08-29T18:05:20.725439Z,1022,125.6,14315,OK,OK,OK
2026-08-29T18:05:26.097336Z,1019,125.5,14308,OK,OK,OK
2026-08-29T18:05:31.497606Z,1020,125.4,14308,OK,OK,OK
2026-08-29T18:05:36.868638Z,1019,125.5,14311,OK,OK,OK
2026-08-29T18:05:42.235180Z,1020,125.5,14311,OK,OK,OK
2026-08-29T18:05:47.622637Z,1023,125.5,14311,OK,OK,OK
2026-08-29T18:05:53.001783Z,1021,125.5,14299,OK,OK,OK
2026-08-29T18:05:58.368807Z,1021,125.5,14299,OK,OK,OK
2026-08-29T18:06:03.761216Z,1020,125.5,14296,OK,OK,OK
2026-08-29T18:06:09.134303Z,1020,125.4,14296,OK,OK,OK
2026-08-29T18:06:14.517054Z,1022,125.5,14296,OK,OK,OK
2026-08-29T18:06:19.887015Z,1029,125.5,14286,OK,OK,OK
2026-08-29T18:06:25.267758Z,1021,125.5,14286,OK,OK,OK
2026-08-29T18:06:30.676608Z,1024,125.4,14283,OK,OK,OK
2026-08-29T18:06:36.039562Z,1022,125.4,14283,OK,OK,OK
2026-08-29T18:06:41.428921Z,1019,125.4,14284,OK,OK,OK
2026-08-29T18:06:46.847409Z,1027,125.4,14284,OK,OK,OK
2026-08-29T18:06:52.234166Z,1018,125.4,14284,OK,OK,OK
2026-08-29T18:06:57.609158Z,1017,125.4,14277,OK,OK,OK
2026-08-29T18:07:02.991114Z,1020,125.4,14277,OK,OK,OK
2026-08-29T18:07:08.377567Z,1023,125.4,14273,OK,OK,OK
2026-08-29T18:07:13.773019Z,1018,125.4,14273,OK,OK,OK
2026-08-29T18:07:19.159411Z,1020,125.4,14273,OK,OK,OK
2026-08-29T18:07:24.535345Z,1020,125.4,14266,OK,OK,OK
2026-08-29T18:07:29.932521Z,1020,125.5,14266,OK,OK,OK
2026-08-29T18:07:35.309933Z,1021,125.4,14268,OK,OK,OK
2026-08-29T18:07:40.687143Z,1020,125.4,14268,OK,OK,OK
2026-08-29T18:07:46.077776Z,1020,125.3,14268,OK,OK,OK
2026-08-29T18:07:51.446571Z,1022,125.3,14268,OK,OK,OK
2026-08-29T18:07:56.822973Z,1022,125.3,14268,OK,OK,OK
2026-08-29T18:08:02.203435Z,1017,125.3,13979,OK,OK,OK
2026-08-29T18:08:07.590013Z,1019,125.3,13979,OK,OK,OK
2026-08-29T18:08:12.976579Z,1019,125.3,14259,OK,OK,OK
2026-08-29T18:08:18.356720Z,1019,125.3,14259,OK,OK,OK
2026-08-29T18:08:23.736191Z,1018,125.3,14259,OK,OK,OK
2026-08-29T18:08:29.102716Z,1015,125.3,14255,OK,OK,OK
2026-08-29T18:08:34.486746Z,1018,125.3,14255,OK,OK,OK
2026-08-29T18:08:39.853039Z,1017,125.3,14255,OK,OK,OK
2026-08-29T18:08:45.263145Z,1020,125.3,14255,OK,OK,OK
2026-08-29T18:08:50.632300Z,1020,125.2,14255,OK,OK,OK
2026-08-29T18:08:56.008756Z,1018,125.2,14099,OK,OK,OK
2026-08-29T18:09:01.389377Z,1020,125.3,14099,OK,OK,OK
2026-08-29T18:09:06.749915Z,1016,125.2,14022,OK,OK,OK
2026-08-29T18:09:12.141156Z,1018,125.2,14022,OK,OK,OK
2026-08-29T18:09:17.538873Z,1017,125.2,14237,OK,OK,OK
2026-08-29T18:09:22.922072Z,1015,125.1,14237,OK,OK,OK
2026-08-29T18:09:28.324538Z,1020,125.1,14237,OK,OK,OK
2026-08-29T18:09:33.708514Z,1021,125.1,14131,OK,OK,OK
2026-08-29T18:09:39.079691Z,1017,125.1,14131,OK,OK,OK
2026-08-29T18:09:44.463324Z,1009,125.3,14136,OK,OK,OK
2026-08-29T18:09:49.841454Z,1009,125.1,14136,OK,OK,OK
2026-08-29T18:09:55.238878Z,1010,125.1,14136,OK,OK,OK
2026-08-29T18:10:00.621178Z,1011,125.1,14103,OK,OK,OK
2026-08-29T18:10:06.015599Z,1008,124.9,14103,OK,OK,OK
2026-08-29T18:10:11.414535Z,1019,125.1,14252,OK,OK,OK
2026-08-29T18:10:16.816993Z,1012,125.1,14252,OK,OK,OK
2026-08-29T18:10:22.225537Z,1016,125.1,14252,OK,OK,OK
2026-08-29T18:10:27.611932Z,1011,125.1,14072,OK,OK,OK
2026-08-29T18:10:32.998475Z,1014,125.1,14072,OK,OK,OK
2026-08-29T18:10:38.384923Z,1008,125.1,14074,OK,OK,OK
2026-08-29T18:10:43.767961Z,1009,125.1,14074,OK,OK,OK
2026-08-29T18:10:49.171652Z,1010,125.1,14100,OK,OK,OK
2026-08-29T18:10:54.560366Z,1013,124.9,14100,OK,OK,OK
2026-08-29T18:10:59.947019Z,1007,124.7,14100,OK,OK,OK
2026-08-29T18:11:05.313568Z,1010,124.7,14200,OK,OK,OK
2026-08-29T18:11:10.704273Z,1010,124.7,14200,OK,OK,OK
2026-08-29T18:11:16.112150Z,1021,124.6,14096,OK,OK,OK
2026-08-29T18:11:21.501274Z,1007,124.7,14096,OK,OK,OK
2026-08-29T18:11:26.888887Z,1007,124.7,14096,OK,OK,OK
2026-08-29T18:11:32.280167Z,1008,124.7,14155,OK,OK,OK
2026-08-29T18:11:37.676464Z,1009,124.8,14155,OK,OK,OK
2026-08-29T18:11:43.038938Z,1011,124.7,14232,OK,OK,OK
2026-08-29T18:11:48.419185Z,1007,124.6,14232,OK,OK,OK
2026-08-29T18:11:53.801403Z,1014,124.6,14232,OK,OK,OK
2026-08-29T18:11:59.166281Z,1006,124.6,14232,OK,OK,OK
2026-08-29T18:12:04.547750Z,1006,124.8,14232,OK,OK,OK
2026-08-29T18:12:09.954544Z,1006,124.7,14227,OK,OK,OK
2026-08-29T18:12:15.372364Z,1009,124.8,14227,OK,OK,OK
2026-08-29T18:12:20.744115Z,1008,124.8,14225,OK,OK,OK
2026-08-29T18:12:26.130632Z,1003,124.8,14225,OK,OK,OK
2026-08-29T18:12:31.522665Z,1007,124.8,14219,OK,OK,OK
2026-08-29T18:12:36.888154Z,1010,124.8,14219,OK,OK,OK
2026-08-29T18:12:42.302921Z,1005,124.8,14219,OK,OK,OK
2026-08-29T18:12:47.678126Z,1006,124.7,14197,OK,OK,OK
2026-08-29T18:12:53.071106Z,1006,124.8,14197,OK,OK,OK
2026-08-29T18:12:58.433862Z,1005,124.7,14100,OK,OK,OK
2026-08-29T18:13:03.825021Z,1003,124.8,14100,OK,OK,OK
2026-08-29T18:13:09.210250Z,1007,124.5,14100,OK,OK,OK
2026-08-29T18:13:14.594569Z,1007,124.7,14208,OK,OK,OK
2026-08-29T18:13:19.980013Z,1014,124.8,14208,OK,OK,OK
2026-08-29T18:13:25.369225Z,1008,124.8,14099,OK,OK,OK
2026-08-29T18:13:30.744189Z,1007,124.8,14099,OK,OK,OK
2026-08-29T18:13:36.119340Z,1010,124.8,14099,OK,OK,OK
2026-08-29T18:13:41.490887Z,1008,124.8,14127,OK,OK,OK
2026-08-29T18:13:46.867739Z,1009,124.8,14127,OK,OK,OK
2026-08-29T18:13:52.241237Z,1008,124.8,14079,OK,OK,OK
2026-08-29T18:13:57.627543Z,1007,124.9,14079,OK,OK,OK
2026-08-29T18:14:03.011875Z,1009,124.9,14193,OK,OK,OK
2026-08-29T18:14:08.384506Z,1009,124.9,14193,OK,OK,OK
2026-08-29T18:14:13.771008Z,1007,124.8,14193,OK,OK,OK
2026-08-29T18:14:19.172480Z,1010,124.8,14085,OK,OK,OK
2026-08-29T18:14:24.552379Z,1006,124.9,14085,OK,OK,OK
2026-08-29T18:14:29.937324Z,1006,124.9,14231,OK,OK,OK
2026-08-29T18:14:35.311231Z,1005,124.9,14231,OK,OK,OK
2026-08-29T18:14:40.692940Z,1004,124.9,14231,OK,OK,OK
2026-08-29T18:14:46.072153Z,1008,124.8,14080,OK,OK,OK
2026-08-29T18:14:51.444329Z,1006,124.8,14080,OK,OK,OK
2026-08-29T18:14:56.830981Z,1004,124.8,14088,OK,OK,OK
2026-08-29T18:15:02.224086Z,1006,124.8,14088,OK,OK,OK
2026-08-29T18:15:07.582362Z,1005,124.8,14088,OK,OK,OK
2026-08-29T18:15:12.995412Z,1006,124.8,14062,OK,OK,OK
2026-08-29T18:15:18.393592Z,1011,124.9,14062,OK,OK,OK
2026-08-29T18:15:23.786141Z,1009,125.2,14116,OK,OK,OK
2026-08-29T18:15:29.151424Z,1010,125.1,14116,OK,OK,OK
2026-08-29T18:15:34.536005Z,1014,125.1,14036,OK,OK,OK
2026-08-29T18:15:39.905129Z,1006,125.1,14036,OK,OK,OK
2026-08-29T18:15:45.277024Z,1010,125.1,14036,OK,OK,OK
2026-08-29T18:15:50.654404Z,1009,125.1,14026,OK,OK,OK
2026-08-29T18:15:56.050059Z,1006,125.1,14026,OK,OK,OK
2026-08-29T18:16:01.434716Z,1011,125.1,14083,OK,OK,OK
2026-08-29T18:16:06.806419Z,1008,125.1,14083,OK,OK,OK
2026-08-29T18:16:12.193582Z,1011,125.1,14083,OK,OK,OK
2026-08-29T18:16:17.580038Z,1018,125.1,14030,OK,OK,OK
2026-08-29T18:16:22.950723Z,1006,124.9,14030,OK,OK,OK
2026-08-29T18:16:28.334557Z,1008,125.2,14023,OK,OK,OK
2026-08-29T18:16:33.726854Z,1008,125.2,14023,OK,OK,OK
2026-08-29T18:16:39.091821Z,1008,125.1,14023,OK,OK,OK
2026-08-29T18:16:44.467003Z,928,125.1,14202,OK,OK,OK
2026-08-29T18:16:49.881401Z,931,124.9,14202,OK,OK,OK
2026-08-29T18:16:55.259000Z,931,124.9,14002,OK,OK,OK
2026-08-29T18:17:00.644351Z,930,124.9,14002,OK,OK,OK
2026-08-29T18:17:06.046706Z,930,124.9,13987,OK,OK,OK
2026-08-29T18:17:11.443949Z,929,124.9,13987,OK,OK,OK
2026-08-29T18:17:16.826761Z,933,124.9,13987,OK,OK,OK
2026-08-29T18:17:22.230935Z,930,124.9,14031,OK,OK,OK
2026-08-29T18:17:27.623100Z,929,124.9,14031,OK,OK,OK
2026-08-29T18:17:32.995744Z,931,125.1,14132,OK,OK,OK
2026-08-29T18:17:38.361976Z,929,124.9,14132,OK,OK,OK
2026-08-29T18:17:43.752056Z,929,124.9,14132,OK,OK,OK
2026-08-29T18:17:49.124966Z,927,124.9,13983,OK,OK,OK
2026-08-29T18:17:54.503015Z,930,124.8,13983,OK,OK,OK
2026-08-29T18:17:59.893916Z,928,124.8,13968,OK,OK,OK
2026-08-29T18:18:05.278684Z,931,124.9,13968,OK,OK,OK
2026-08-29T18:18:10.652384Z,929,124.9,13968,OK,OK,OK
2026-08-29T18:18:16.052735Z,934,124.9,14034,OK,OK,OK
2026-08-29T18:18:21.433639Z,930,124.9,14034,OK,OK,OK
2026-08-29T18:18:26.819597Z,930,124.9,13979,OK,OK,OK
2026-08-29T18:18:32.204313Z,929,124.9,13979,OK,OK,OK
2026-08-29T18:18:37.593274Z,931,124.9,14036,OK,OK,OK
2026-08-29T18:18:42.976782Z,930,124.8,14036,OK,OK,OK
2026-08-29T18:18:48.380294Z,930,124.9,14036,OK,OK,OK
2026-08-29T18:18:53.746675Z,931,124.9,13969,OK,OK,OK
2026-08-29T18:18:59.143049Z,930,124.8,13969,OK,OK,OK
2026-08-29T18:19:04.548410Z,928,124.8,13993,OK,OK,OK
2026-08-29T18:19:09.925965Z,929,124.9,13993,OK,OK,OK
2026-08-29T18:19:15.323962Z,931,124.9,13993,OK,OK,OK
2026-08-29T18:19:20.703826Z,930,124.9,13964,OK,OK,OK
2026-08-29T18:19:26.094576Z,931,124.7,13964,OK,OK,OK
2026-08-29T18:19:31.458598Z,930,124.9,13966,OK,OK,OK
2026-08-29T18:19:36.829091Z,934,124.9,13966,OK,OK,OK
2026-08-29T18:19:42.231726Z,932,124.8,13966,OK,OK,OK
2026-08-29T18:19:47.611454Z,929,124.9,14256,OK,OK,OK
2026-08-29T18:19:53.034786Z,932,124.9,14256,OK,OK,OK
2026-08-29T18:19:58.407969Z,929,124.9,13951,OK,OK,OK
2026-08-29T18:20:03.787558Z,929,124.9,13951,OK,OK,OK
2026-08-29T18:20:09.176555Z,931,124.9,14026,OK,OK,OK
2026-08-29T18:20:14.565933Z,930,124.9,14026,OK,OK,OK
2026-08-29T18:20:19.956858Z,930,124.9,14026,OK,OK,OK
2026-08-29T18:20:25.355763Z,931,124.9,13932,OK,OK,OK
2026-08-29T18:20:30.743453Z,930,124.9,13932,OK,OK,OK
2026-08-29T18:20:36.128614Z,931,124.9,14105,OK,OK,OK
2026-08-29T18:20:41.498993Z,930,124.9,14105,OK,OK,OK
2026-08-29T18:20:46.875808Z,929,124.9,14105,OK,OK,OK
2026-08-29T18:20:52.244195Z,930,124.9,14144,OK,OK,OK
2026-08-29T18:20:57.622121Z,928,124.9,14144,OK,OK,OK
2026-08-29T18:21:03.017779Z,930,124.9,14027,OK,OK,OK
2026-08-29T18:21:08.396324Z,931,124.9,14027,OK,OK,OK
2026-08-29T18:21:13.782392Z,933,124.9,14027,OK,OK,OK
2026-08-29T18:21:19.184413Z,938,124.9,14003,OK,OK,OK
2026-08-29T18:21:24.591075Z,935,124.9,14003,OK,OK,OK
2026-08-29T18:21:29.977354Z,933,124.9,13931,OK,OK,OK
2026-08-29T18:21:35.364053Z,932,124.9,13931,OK,OK,OK
2026-08-29T18:21:40.734517Z,930,124.8,13933,OK,OK,OK
2026-08-29T18:21:46.109238Z,929,124.9,13933,OK,OK,OK
2026-08-29T18:21:51.479709Z,931,124.8,13933,OK,OK,OK
2026-08-29T18:21:56.854131Z,930,124.9,13965,OK,OK,OK
2026-08-29T18:22:02.248512Z,930,124.9,13965,OK,OK,OK
2026-08-29T18:22:07.614098Z,930,124.9,13975,OK,OK,OK
2026-08-29T18:22:13.033082Z,929,124.8,13975,OK,OK,OK
2026-08-29T18:22:18.403397Z,929,124.7,13975,OK,OK,OK
2026-08-29T18:22:23.762626Z,934,124.8,14122,OK,OK,OK
2026-08-29T18:22:29.147550Z,929,124.8,14122,OK,OK,OK
2026-08-29T18:22:34.521511Z,930,124.9,13959,OK,OK,OK
2026-08-29T18:22:39.915184Z,930,124.8,13959,OK,OK,OK
2026-08-29T18:22:45.277142Z,931,124.9,13959,OK,OK,OK
2026-08-29T18:22:50.658270Z,935,124.8,13993,OK,OK,OK
2026-08-29T18:22:56.038251Z,931,124.8,13993,OK,OK,OK
2026-08-29T18:23:01.431415Z,930,124.8,13953,OK,OK,OK
2026-08-29T18:23:06.822639Z,928,124.8,13953,OK,OK,OK
2026-08-29T18:23:12.188348Z,929,124.8,13964,OK,OK,OK
2026-08-29T18:23:17.584194Z,932,124.8,13964,OK,OK,OK
2026-08-29T18:23:22.950229Z,930,124.8,13964,OK,OK,OK
2026-08-29T18:23:28.340355Z,932,124.8,13972,OK,OK,OK
2026-08-29T18:23:33.746364Z,932,124.8,13972,OK,OK,OK
2026-08-29T18:23:39.119447Z,929,124.8,13988,OK,OK,OK
2026-08-29T18:23:44.499732Z,930,124.8,13988,OK,OK,OK
2026-08-29T18:23:49.880369Z,933,124.8,13988,OK,OK,OK
2026-08-29T18:23:55.266200Z,931,124.8,13939,OK,OK,OK
2026-08-29T18:24:00.634599Z,929,124.8,13939,OK,OK,OK
2026-08-29T18:24:06.026351Z,931,124.8,13936,OK,OK,OK
2026-08-29T18:24:11.412856Z,929,124.8,13936,OK,OK,OK
2026-08-29T18:24:16.789123Z,930,124.9,13936,OK,OK,OK
2026-08-29T18:24:22.180233Z,931,124.9,13990,OK,OK,OK
2026-08-29T18:24:27.556569Z,932,124.9,13990,OK,OK,OK
2026-08-29T18:24:32.936214Z,930,124.8,14010,OK,OK,OK
2026-08-29T18:24:38.330715Z,931,124.8,14010,OK,OK,OK
2026-08-29T18:24:43.713347Z,933,124.8,13923,OK,OK,OK
2026-08-29T18:24:49.106414Z,933,124.9,13923,OK,OK,OK
2026-08-29T18:24:57.495440Z,927,124.9,14047,OK,OK,OK
2026-08-29T18:25:02.909815Z,927,124.9,14047,OK,OK,OK
2026-08-29T18:25:08.280957Z,929,124.6,14047,OK,OK,OK
2026-08-29T18:25:13.979372Z,932,124.9,14015,OK,OK,OK
2026-08-29T18:25:19.365546Z,929,124.8,14015,OK,OK,OK
2026-08-29T18:25:24.759931Z,930,124.9,13814,OK,OK,OK
2026-08-29T18:25:30.146251Z,930,124.9,13814,OK,OK,OK
2026-08-29T18:25:35.545682Z,928,124.9,14015,OK,OK,OK
2026-08-29T18:25:40.935168Z,928,124.9,14015,OK,OK,OK
2026-08-29T18:25:46.307229Z,933,124.9,14015,OK,OK,OK
2026-08-29T18:25:51.682615Z,928,124.9,13921,OK,OK,OK
2026-08-29T18:25:57.080450Z,927,124.9,13921,OK,OK,OK
2026-08-29T18:26:02.454350Z,932,124.9,13921,OK,OK,OK
2026-08-29T18:26:07.861418Z,933,125.1,13921,OK,OK,OK
2026-08-29T18:26:13.255354Z,933,125.1,13921,OK,OK,OK
2026-08-29T18:26:18.657316Z,941,125.1,13923,OK,OK,OK
2026-08-29T18:26:24.066695Z,931,125.1,13923,OK,OK,OK
2026-08-29T18:26:29.462384Z,934,125.1,14175,OK,OK,OK
2026-08-29T18:26:34.873065Z,933,125.1,14175,OK,OK,OK
2026-08-29T18:26:40.242279Z,931,125.1,14175,OK,OK,OK
2026-08-29T18:26:45.612158Z,934,125.1,13899,OK,OK,OK
2026-08-29T18:26:50.981074Z,933,125.3,13899,OK,OK,OK
2026-08-29T18:26:56.367720Z,933,125.2,14009,OK,OK,OK
2026-08-29T18:27:01.734571Z,931,125.2,14009,OK,OK,OK
2026-08-29T18:27:07.108676Z,933,125.2,13875,OK,OK,OK
2026-08-29T18:27:12.495218Z,934,125.3,13875,OK,OK,OK
2026-08-29T18:27:17.913024Z,933,125.2,13875,OK,OK,OK
2026-08-29T18:27:23.268985Z,931,125.2,13872,OK,OK,OK
2026-08-29T18:27:28.643102Z,931,125.2,13872,OK,OK,OK
2026-08-29T18:27:34.028197Z,933,125.1,13936,OK,OK,OK
2026-08-29T18:27:39.388263Z,930,125.1,13936,OK,OK,OK
2026-08-29T18:27:44.783436Z,933,125.1,13936,OK,OK,OK
2026-08-29T18:27:50.170047Z,930,125.1,13875,OK,OK,OK
2026-08-29T18:27:55.545481Z,932,125.0,13875,OK,OK,OK
2026-08-29T18:28:00.932166Z,934,125.2,13905,OK,OK,OK
2026-08-29T18:28:06.318452Z,933,125.2,13905,OK,OK,OK
2026-08-29T18:28:11.719036Z,934,125.2,13905,OK,OK,OK
2026-08-29T18:28:17.107635Z,933,125.2,13858,OK,OK,OK
2026-08-29T18:28:22.492409Z,933,125.2,13858,OK,OK,OK
2026-08-29T18:28:27.889820Z,932,125.3,13848,OK,OK,OK
2026-08-29T18:28:33.284116Z,938,125.2,13848,OK,OK,OK
2026-08-29T18:28:38.655230Z,933,125.2,13913,OK,OK,OK
2026-08-29T18:28:44.038120Z,930,125.2,13913,OK,OK,OK
2026-08-29T18:28:49.443880Z,931,125.2,13913,OK,OK,OK
2026-08-29T18:28:54.823092Z,934,125.2,13849,OK,OK,OK
2026-08-29T18:29:00.208684Z,930,125.2,13849,OK,OK,OK
2026-08-29T18:29:05.618204Z,932,125.2,13872,OK,OK,OK
2026-08-29T18:29:11.002916Z,934,125.2,13872,OK,OK,OK
2026-08-29T18:29:16.381993Z,931,125.1,13872,OK,OK,OK
2026-08-29T18:29:21.777774Z,930,125.1,13865,OK,OK,OK
2026-08-29T18:29:27.164211Z,930,125.1,13865,OK,OK,OK
2026-08-29T18:29:32.528143Z,930,125.1,13831,OK,OK,OK
2026-08-29T18:29:37.932557Z,933,125.2,13831,OK,OK,OK
2026-08-29T18:29:43.307790Z,932,125.1,13871,OK,OK,OK
2026-08-29T18:29:48.700595Z,931,125.2,13871,OK,OK,OK
2026-08-29T18:29:54.067920Z,931,125.1,13871,OK,OK,OK
2026-08-29T18:29:59.456759Z,929,125.1,13824,OK,OK,OK
2026-08-29T18:30:04.834580Z,932,125.2,13824,OK,OK,OK
2026-08-29T18:30:10.203547Z,928,125.1,13841,OK,OK,OK
2026-08-29T18:30:15.606699Z,932,125.1,13841,OK,OK,OK
2026-08-29T18:30:21.013665Z,937,125.1,13841,OK,OK,OK
2026-08-29T18:30:26.392953Z,929,125.1,13887,OK,OK,OK
2026-08-29T18:30:31.765326Z,931,125.1,13887,OK,OK,OK
2026-08-29T18:30:37.149897Z,931,125.1,13815,OK,OK,OK
2026-08-29T18:30:42.541590Z,930,125.1,13815,OK,OK,OK
2026-08-29T18:30:47.898929Z,930,124.9,13815,OK,OK,OK
2026-08-29T18:30:53.279737Z,934,125.1,13802,OK,OK,OK
2026-08-29T18:30:58.682407Z,927,125.1,13802,OK,OK,OK
2026-08-29T18:31:04.062159Z,932,125.1,13891,OK,OK,OK
2026-08-29T18:31:09.468833Z,933,125.1,13891,OK,OK,OK
2026-08-29T18:31:14.855807Z,931,125.1,13847,OK,OK,OK
2026-08-29T18:31:20.249202Z,938,125.1,13847,OK,OK,OK
2026-08-29T18:31:25.628519Z,932,125.1,13847,OK,OK,OK
2026-08-29T18:31:31.005323Z,930,125.1,13781,OK,OK,OK
2026-08-29T18:31:36.382310Z,930,125.0,13781,OK,OK,OK
2026-08-29T18:31:41.804859Z,931,124.9,13792,OK,OK,OK
2026-08-29T18:31:47.176763Z,929,124.9,13792,OK,OK,OK
2026-08-29T18:31:52.561357Z,929,124.9,13792,OK,OK,OK
2026-08-29T18:31:57.954611Z,929,124.8,13783,OK,OK,OK
2026-08-29T18:32:03.341220Z,929,124.9,13783,OK,OK,OK
2026-08-29T18:32:08.759520Z,929,124.8,13796,OK,OK,OK
2026-08-29T18:32:14.158672Z,931,124.8,13796,OK,OK,OK
2026-08-29T18:32:19.545951Z,930,124.8,13796,OK,OK,OK
2026-08-29T18:32:24.919172Z,929,124.8,13786,OK,OK,OK
2026-08-29T18:32:30.303472Z,929,124.9,13786,OK,OK,OK
2026-08-29T18:32:35.676283Z,931,125.0,13902,OK,OK,OK
2026-08-29T18:32:41.036534Z,934,125.0,13902,OK,OK,OK
2026-08-29T18:32:46.419981Z,932,125.2,13784,OK,OK,OK
2026-08-29T18:32:51.809794Z,930,125.3,13784,OK,OK,OK
2026-08-29T18:32:57.193629Z,930,125.3,13780,OK,OK,OK
2026-08-29T18:33:02.569280Z,932,125.3,13780,OK,OK,OK
2026-08-29T18:33:07.954317Z,933,125.3,13780,OK,OK,OK
2026-08-29T18:33:13.347793Z,930,125.2,13853,OK,OK,OK
2026-08-29T18:33:18.724314Z,930,125.2,13853,OK,OK,OK
2026-08-29T18:33:24.129039Z,932,125.2,13765,OK,OK,OK
2026-08-29T18:33:29.504029Z,930,125.1,13765,OK,OK,OK
2026-08-29T18:33:34.874543Z,932,125.3,13765,OK,OK,OK
2026-08-29T18:33:40.248141Z,932,125.2,13786,OK,OK,OK
2026-08-29T18:33:45.659762Z,1071,125.3,13786,OK,OK,OK
2026-08-29T18:33:51.042224Z,1057,125.3,13895,OK,OK,OK
2026-08-29T18:33:56.436644Z,1062,125.3,13895,OK,OK,OK
2026-08-29T18:34:01.829180Z,1060,125.3,13895,OK,OK,OK
2026-08-29T18:34:07.222586Z,1061,125.3,13762,OK,OK,OK
2026-08-29T18:34:12.603570Z,1059,125.3,13762,OK,OK,OK
2026-08-29T18:34:17.998625Z,1060,125.3,13779,OK,OK,OK
2026-08-29T18:34:23.396712Z,1056,125.3,13779,OK,OK,OK
2026-08-29T18:34:28.796289Z,1062,125.3,13762,OK,OK,OK
2026-08-29T18:34:34.183135Z,2066,125.8,13762,OK,OK,OK
2026-08-29T18:34:39.581575Z,1153,125.3,13762,OK,OK,OK
2026-08-29T18:34:44.969371Z,1163,125.3,13754,OK,OK,OK
2026-08-29T18:34:50.345422Z,1165,125.3,13754,OK,OK,OK
2026-08-29T18:34:55.739333Z,1160,125.3,13850,OK,OK,OK
2026-08-29T18:35:01.126326Z,1176,125.4,13850,OK,OK,OK
2026-08-29T18:35:06.516939Z,1054,125.3,13767,OK,OK,OK
2026-08-29T18:35:11.902717Z,1051,125.3,13767,OK,OK,OK
2026-08-29T18:35:17.293864Z,1050,125.3,13767,OK,OK,OK
2026-08-29T18:35:22.673008Z,1046,125.3,13801,OK,OK,OK
2026-08-29T18:35:28.050977Z,1047,125.3,13801,OK,OK,OK
2026-08-29T18:35:33.453539Z,1048,125.3,13736,OK,OK,OK
2026-08-29T18:35:38.856058Z,1044,125.3,13736,OK,OK,OK
2026-08-29T18:35:44.236328Z,1043,125.3,13736,OK,OK,OK
2026-08-29T18:35:49.640800Z,1043,125.3,13786,OK,OK,OK
2026-08-29T18:35:55.026601Z,1042,125.3,13786,OK,OK,OK
2026-08-29T18:36:00.446734Z,1039,125.3,13726,OK,OK,OK
2026-08-29T18:36:05.827954Z,1036,125.3,13726,OK,OK,OK
2026-08-29T18:36:11.187877Z,1036,125.3,13726,OK,OK,OK
2026-08-29T18:36:16.573449Z,1043,125.3,13890,OK,OK,OK
2026-08-29T18:36:21.961769Z,1035,125.3,13890,OK,OK,OK
2026-08-29T18:36:27.350669Z,1031,125.2,13751,OK,OK,OK
2026-08-29T18:36:32.732961Z,1028,125.3,13751,OK,OK,OK
2026-08-29T18:36:38.111610Z,1028,125.3,13726,OK,OK,OK
2026-08-29T18:36:43.526914Z,1027,125.3,13726,OK,OK,OK
2026-08-29T18:36:48.907261Z,1027,125.3,13726,OK,OK,OK
2026-08-29T18:36:54.290505Z,1026,125.3,13783,OK,OK,OK
2026-08-29T18:36:59.669349Z,1029,125.3,13783,OK,OK,OK
2026-08-29T18:37:05.055890Z,1026,125.3,13723,OK,OK,OK
2026-08-29T18:37:10.433951Z,1030,125.3,13723,OK,OK,OK
2026-08-29T18:37:15.813388Z,1022,125.5,13723,OK,OK,OK
2026-08-29T18:37:21.215133Z,1026,125.3,13722,OK,OK,OK
2026-08-29T18:37:26.581650Z,1026,125.3,13722,OK,OK,OK
2026-08-29T18:37:31.972417Z,1028,125.3,13719,OK,OK,OK
2026-08-29T18:37:37.367381Z,1030,125.3,13719,OK,OK,OK
2026-08-29T18:37:42.752676Z,1027,125.3,13719,OK,OK,OK
2026-08-29T18:37:48.116366Z,1028,125.3,13784,OK,OK,OK
2026-08-29T18:37:53.507690Z,1026,125.3,13784,OK,OK,OK
2026-08-29T18:37:58.886654Z,1014,125.3,13731,OK,OK,OK
2026-08-29T18:38:04.259222Z,1017,125.3,13731,OK,OK,OK
2026-08-29T18:38:09.661682Z,1014,125.3,13776,OK,OK,OK
2026-08-29T18:38:15.080122Z,1017,125.3,13776,OK,OK,OK
2026-08-29T18:38:20.466590Z,1013,125.3,13776,OK,OK,OK
2026-08-29T18:38:25.837219Z,1015,125.3,13722,OK,OK,OK
2026-08-29T18:38:31.215057Z,1015,125.3,13722,OK,OK,OK
2026-08-29T18:38:36.609346Z,1016,125.3,13796,OK,OK,OK
2026-08-29T18:38:41.970595Z,1015,125.2,13796,OK,OK,OK
2026-08-29T18:38:47.349722Z,1015,125.2,13796,OK,OK,OK
2026-08-29T18:38:52.754108Z,1017,125.3,13701,OK,OK,OK
2026-08-29T18:38:58.155090Z,1017,125.3,13701,OK,OK,OK
2026-08-29T18:39:03.525558Z,1021,125.3,13699,OK,OK,OK
2026-08-29T18:39:08.914573Z,1017,125.2,13699,OK,OK,OK
2026-08-29T18:39:14.299295Z,1019,125.3,13699,OK,OK,OK
2026-08-29T18:39:19.670735Z,1020,125.3,13713,OK,OK,OK
2026-08-29T18:39:25.054525Z,1017,125.1,13713,OK,OK,OK
2026-08-29T18:39:30.434391Z,1017,125.2,13696,OK,OK,OK
2026-08-29T18:39:35.810695Z,1023,125.3,13696,OK,OK,OK
2026-08-29T18:39:41.197286Z,1016,125.2,13696,OK,OK,OK
2026-08-29T18:39:46.568103Z,1018,125.2,13722,OK,OK,OK
2026-08-29T18:39:51.954507Z,1015,125.1,13722,OK,OK,OK
2026-08-29T18:39:57.311708Z,1018,125.1,13708,OK,OK,OK
2026-08-29T18:40:02.690611Z,1017,125.0,13708,OK,OK,OK
2026-08-29T18:40:08.100422Z,1018,125.0,13706,OK,OK,OK
2026-08-29T18:40:13.588960Z,1020,125.1,13706,OK,OK,OK
2026-08-29T18:40:18.952406Z,1018,125.0,13706,OK,OK,OK
2026-08-29T18:40:24.339946Z,1016,125.1,13726,OK,OK,OK
2026-08-29T18:40:29.726754Z,1019,125.1,13726,OK,OK,OK
2026-08-29T18:40:35.097381Z,1023,125.1,13707,OK,OK,OK
2026-08-29T18:40:40.483993Z,1021,125.1,13707,OK,OK,OK
2026-08-29T18:40:45.864011Z,1020,125.1,13707,OK,OK,OK
2026-08-29T18:40:51.257620Z,1019,125.1,13770,OK,OK,OK
2026-08-29T18:40:56.633341Z,1019,125.1,13770,OK,OK,OK
2026-08-29T18:41:02.013987Z,1016,125.0,13704,OK,OK,OK
2026-08-29T18:41:07.393704Z,1020,125.0,13704,OK,OK,OK
2026-08-29T18:41:12.786965Z,1021,125.1,13704,OK,OK,OK
2026-08-29T18:41:18.148508Z,1029,125.1,13707,OK,OK,OK
2026-08-29T18:41:23.531744Z,1019,125.1,13707,OK,OK,OK
2026-08-29T18:41:28.909013Z,1021,125.1,13879,OK,OK,OK
2026-08-29T18:41:34.267273Z,1018,125.1,13879,OK,OK,OK
2026-08-29T18:41:39.643863Z,1019,125.2,13703,OK,OK,OK
2026-08-29T18:41:45.030258Z,1019,125.2,13703,OK,OK,OK
2026-08-29T18:41:50.431820Z,1020,125.2,13703,OK,OK,OK
2026-08-29T18:41:55.814227Z,1018,125.2,13799,OK,OK,OK
2026-08-29T18:42:01.195355Z,1022,125.0,13799,OK,OK,OK
2026-08-29T18:42:06.576315Z,1016,125.2,13682,OK,OK,OK
2026-08-29T18:42:11.945351Z,1015,125.2,13682,OK,OK,OK
2026-08-29T18:42:17.373596Z,1014,125.2,13682,OK,OK,OK
2026-08-29T18:42:22.766384Z,1012,124.6,13725,OK,OK,OK
2026-08-29T18:42:28.154371Z,1018,124.3,13725,OK,OK,OK
2026-08-29T18:42:33.537018Z,1016,124.3,13700,OK,OK,OK
2026-08-29T18:42:38.911651Z,1015,124.4,13700,OK,OK,OK
2026-08-29T18:42:44.297312Z,1008,124.3,13708,OK,OK,OK
2026-08-29T18:42:49.668347Z,1008,124.3,13708,OK,OK,OK
2026-08-29T18:42:55.054045Z,1005,124.2,13708,OK,OK,OK
2026-08-29T18:43:00.441206Z,1008,124.3,13913,OK,OK,OK
2026-08-29T18:43:05.827724Z,1008,124.3,13913,OK,OK,OK
2026-08-29T18:43:11.214223Z,1008,124.3,13741,OK,OK,OK
2026-08-29T18:43:16.616678Z,1008,124.3,13741,OK,OK,OK
2026-08-29T18:43:21.983606Z,1011,124.2,13741,OK,OK,OK
2026-08-29T18:43:27.357904Z,1010,124.3,13734,OK,OK,OK
2026-08-29T18:43:32.746403Z,1009,124.3,13734,OK,OK,OK
2026-08-29T18:43:38.134087Z,1006,124.3,13806,OK,OK,OK
2026-08-29T18:43:43.514573Z,1009,124.3,13806,OK,OK,OK
2026-08-29T18:43:48.906096Z,1010,124.3,13806,OK,OK,OK
2026-08-29T18:43:54.280818Z,1006,124.3,13730,OK,OK,OK
2026-08-29T18:43:59.657719Z,1007,124.3,13730,OK,OK,OK
2026-08-29T18:44:05.043468Z,1009,124.3,13752,OK,OK,OK
2026-08-29T18:44:10.425294Z,1007,124.3,13752,OK,OK,OK
2026-08-29T18:44:15.816561Z,1009,124.3,13752,OK,OK,OK
2026-08-29T18:44:21.187789Z,1007,124.3,13852,OK,OK,OK
2026-08-29T18:44:26.564969Z,1010,124.3,13852,OK,OK,OK
2026-08-29T18:44:31.976086Z,1010,124.2,13716,OK,OK,OK
2026-08-29T18:44:37.362705Z,1006,124.1,13716,OK,OK,OK
2026-08-29T18:44:42.725130Z,1010,124.3,13699,OK,OK,OK
2026-08-29T18:44:48.096108Z,1010,124.1,13699,OK,OK,OK
2026-08-29T18:44:53.469483Z,1010,124.1,13699,OK,OK,OK
2026-08-29T18:44:58.866193Z,1009,124.3,13812,OK,OK,OK
2026-08-29T18:45:04.247325Z,1011,124.3,13812,OK,OK,OK
2026-08-29T18:45:09.644339Z,1014,124.3,13953,OK,OK,OK
2026-08-29T18:45:15.068436Z,1009,124.3,13953,OK,OK,OK
2026-08-29T18:45:20.442222Z,1006,124.3,13953,OK,OK,OK
2026-08-29T18:45:25.841390Z,1008,124.3,13936,OK,OK,OK
2026-08-29T18:45:31.223185Z,1004,124.3,13936,OK,OK,OK
2026-08-29T18:45:36.612900Z,1006,124.3,13948,OK,OK,OK
2026-08-29T18:45:41.983628Z,1006,124.3,13948,OK,OK,OK
2026-08-29T18:45:47.354700Z,1007,124.3,13954,OK,OK,OK
2026-08-29T18:45:52.757706Z,1004,124.3,13954,OK,OK,OK
2026-08-29T18:45:58.144283Z,1004,124.3,13954,OK,OK,OK
2026-08-29T18:46:03.513273Z,1006,124.3,13967,OK,OK,OK
2026-08-29T18:46:08.899540Z,1005,124.2,13967,OK,OK,OK
2026-08-29T18:46:14.274324Z,1007,124.3,13950,OK,OK,OK
2026-08-29T18:46:19.645516Z,1014,124.2,13950,OK,OK,OK
2026-08-29T18:46:25.022378Z,1010,124.2,13950,OK,OK,OK
2026-08-29T18:46:30.415251Z,1006,124.3,13959,OK,OK,OK
2026-08-29T18:46:35.799173Z,1010,124.2,13959,OK,OK,OK
2026-08-29T18:46:41.185009Z,1008,124.3,13939,OK,OK,OK
2026-08-29T18:46:46.553950Z,1007,124.3,13939,OK,OK,OK
2026-08-29T18:46:51.945086Z,1007,124.2,13939,OK,OK,OK
2026-08-29T18:46:57.315420Z,1008,124.2,13935,OK,OK,OK
2026-08-29T18:47:02.690952Z,1007,124.2,13935,OK,OK,OK
2026-08-29T18:47:08.077848Z,1009,124.2,13935,OK,OK,OK
2026-08-29T18:47:13.475030Z,1008,124.2,13935,OK,OK,OK
2026-08-29T18:47:18.850435Z,1009,124.2,13945,OK,OK,OK
2026-08-29T18:47:24.241895Z,1007,124.2,13945,OK,OK,OK
2026-08-29T18:47:29.615359Z,1008,124.2,13945,OK,OK,OK
2026-08-29T18:47:35.019295Z,1007,124.1,13956,OK,OK,OK
2026-08-29T18:47:40.404910Z,1006,124.1,13956,OK,OK,OK
2026-08-29T18:47:45.783561Z,1006,124.2,13960,OK,OK,OK
2026-08-29T18:47:51.148771Z,1010,124.2,13960,OK,OK,OK
2026-08-29T18:47:56.526161Z,1005,124.0,13960,OK,OK,OK
2026-08-29T18:48:01.897141Z,1004,124.2,13939,OK,OK,OK
2026-08-29T18:48:07.288779Z,1003,124.1,13939,OK,OK,OK
2026-08-29T18:48:12.669711Z,1002,124.1,13941,OK,OK,OK
2026-08-29T18:48:18.050656Z,1002,124.1,13941,OK,OK,OK
2026-08-29T18:48:23.418552Z,1005,124.1,13941,OK,OK,OK
2026-08-29T18:48:28.813458Z,1003,124.1,13934,OK,OK,OK
2026-08-29T18:48:34.200019Z,1003,124.1,13934,OK,OK,OK
2026-08-29T18:48:39.602362Z,1001,124.2,13937,OK,OK,OK
2026-08-29T18:48:44.980956Z,1001,124.3,13937,OK,OK,OK
2026-08-29T18:48:50.352372Z,1006,124.3,13960,OK,OK,OK
2026-08-29T18:48:55.740254Z,1003,124.3,13960,OK,OK,OK
2026-08-29T18:49:01.114139Z,1004,124.3,13960,OK,OK,OK
2026-08-29T18:49:06.486994Z,1007,124.3,13958,OK,OK,OK
2026-08-29T18:49:11.870246Z,1005,124.3,13958,OK,OK,OK
2026-08-29T18:49:17.249331Z,1004,124.3,13944,OK,OK,OK
2026-08-29T18:49:22.625536Z,1014,124.3,13944,OK,OK,OK
2026-08-29T18:49:27.985112Z,1006,124.3,13944,OK,OK,OK
2026-08-29T18:49:33.367833Z,1009,124.3,13938,OK,OK,OK
2026-08-29T18:49:38.752316Z,1005,124.3,13938,OK,OK,OK
2026-08-29T18:49:44.125271Z,1007,124.5,13933,OK,OK,OK
2026-08-29T18:49:49.515604Z,1008,124.5,13933,OK,OK,OK
2026-08-29T18:49:54.921576Z,1013,124.6,13933,OK,OK,OK
2026-08-29T18:50:00.289381Z,1008,124.6,13922,OK,OK,OK
2026-08-29T18:50:05.675928Z,1008,124.5,13922,OK,OK,OK
2026-08-29T18:50:11.049601Z,1011,124.5,13921,OK,OK,OK
2026-08-29T18:50:16.431824Z,1010,124.5,13921,OK,OK,OK
2026-08-29T18:50:21.809918Z,1013,124.4,13920,OK,OK,OK
2026-08-29T18:50:27.183733Z,1009,124.4,13920,OK,OK,OK
2026-08-29T18:50:32.573860Z,1016,124.4,13920,OK,OK,OK
2026-08-29T18:50:37.977643Z,1007,124.4,13924,OK,OK,OK
2026-08-29T18:50:43.360612Z,1006,124.4,13924,OK,OK,OK
2026-08-29T18:50:48.750668Z,1006,124.3,13922,OK,OK,OK
2026-08-29T18:50:54.149275Z,1007,124.4,13922,OK,OK,OK
2026-08-29T18:50:59.526311Z,1006,124.4,13922,OK,OK,OK
2026-08-29T18:51:04.894106Z,1010,124.4,13916,OK,OK,OK
2026-08-29T18:51:10.297066Z,1008,124.3,13916,OK,OK,OK
2026-08-29T18:51:15.675055Z,1011,124.3,13916,OK,OK,OK
2026-08-29T18:51:21.069459Z,1008,124.3,13916,OK,OK,OK
2026-08-29T18:51:26.449138Z,1010,124.3,13916,OK,OK,OK
2026-08-29T18:51:31.834617Z,1009,124.3,13901,OK,OK,OK
2026-08-29T18:51:37.213056Z,1011,124.2,13901,OK,OK,OK
2026-08-29T18:51:42.586900Z,1012,124.3,13615,OK,OK,OK
2026-08-29T18:51:47.974159Z,1018,124.3,13615,OK,OK,OK
2026-08-29T18:51:53.371177Z,1013,124.3,13752,OK,OK,OK
2026-08-29T18:51:58.743638Z,1007,124.2,13752,OK,OK,OK
2026-08-29T18:52:04.140512Z,1013,124.3,13752,OK,OK,OK
2026-08-29T18:52:09.529954Z,1010,124.3,13649,OK,OK,OK
2026-08-29T18:52:14.907901Z,1016,124.3,13649,OK,OK,OK
2026-08-29T18:52:20.286931Z,1014,124.2,13620,OK,OK,OK
2026-08-29T18:52:25.670379Z,1016,124.2,13620,OK,OK,OK
2026-08-29T18:52:31.061988Z,1014,124.2,13620,OK,OK,OK
2026-08-29T18:52:36.448451Z,1017,124.3,13597,OK,OK,OK
2026-08-29T18:52:41.835739Z,1013,124.2,13597,OK,OK,OK
2026-08-29T18:52:47.217848Z,1014,124.2,13589,OK,OK,OK
2026-08-29T18:52:52.608005Z,1014,124.3,13589,OK,OK,OK
2026-08-29T18:52:57.978532Z,1009,124.2,13589,OK,OK,OK
2026-08-29T18:53:03.356443Z,1013,124.2,13584,OK,OK,OK
2026-08-29T18:53:08.730056Z,1009,124.3,13584,OK,OK,OK
2026-08-29T18:53:14.094568Z,1008,124.3,13588,OK,OK,OK
2026-08-29T18:53:19.476535Z,1008,124.2,13588,OK,OK,OK
2026-08-29T18:53:24.877074Z,1009,124.2,13845,OK,OK,OK
2026-08-29T18:53:30.265754Z,1012,124.3,13845,OK,OK,OK
2026-08-29T18:53:35.636173Z,1010,124.3,13845,OK,OK,OK
2026-08-29T18:53:41.010625Z,1008,124.3,13846,OK,OK,OK
2026-08-29T18:53:46.393151Z,1007,124.1,13846,OK,OK,OK
2026-08-29T18:53:51.771246Z,1013,124.3,13837,OK,OK,OK
2026-08-29T18:53:57.161947Z,1010,124.2,13837,OK,OK,OK
2026-08-29T18:54:02.575187Z,1012,124.2,13837,OK,OK,OK
2026-08-29T18:54:07.945199Z,1011,124.3,13831,OK,OK,OK
2026-08-29T18:54:13.317766Z,1017,124.2,13831,OK,OK,OK
2026-08-29T18:54:18.726229Z,1013,124.3,13815,OK,OK,OK
2026-08-29T18:54:24.107489Z,1011,124.1,13815,OK,OK,OK
2026-08-29T18:54:29.484175Z,1018,124.3,13815,OK,OK,OK
2026-08-29T18:54:34.864602Z,1011,124.3,13818,OK,OK,OK
2026-08-29T18:54:40.246613Z,1013,124.3,13818,OK,OK,OK
2026-08-29T18:54:45.627720Z,1013,124.3,13812,OK,OK,OK
2026-08-29T18:54:51.014259Z,1017,124.3,13812,OK,OK,OK
2026-08-29T18:54:56.416700Z,1012,123.9,13814,OK,OK,OK
2026-08-29T18:55:01.808117Z,1013,124.2,13814,OK,OK,OK
2026-08-29T18:55:07.203775Z,1012,124.2,13814,OK,OK,OK
2026-08-29T18:55:12.650518Z,1011,124.1,13816,OK,OK,OK
2026-08-29T18:55:18.134303Z,1010,124.1,13816,OK,OK,OK
2026-08-29T18:55:23.507590Z,1010,124.1,13812,OK,OK,OK
2026-08-29T18:55:28.879930Z,1012,124.2,13812,OK,OK,OK
2026-08-29T18:55:34.292464Z,1011,124.3,13812,OK,OK,OK
2026-08-29T18:55:39.669022Z,1016,124.3,13804,OK,OK,OK
2026-08-29T18:55:45.039569Z,1012,124.2,13804,OK,OK,OK
2026-08-29T18:55:50.426098Z,1009,124.1,13787,OK,OK,OK
2026-08-29T18:55:55.797708Z,1006,124.1,13787,OK,OK,OK
2026-08-29T18:56:01.178077Z,1007,124.1,13594,OK,OK,OK
2026-08-29T18:56:06.539113Z,1010,124.1,13594,OK,OK,OK
2026-08-29T18:56:11.924848Z,1007,124.2,13594,OK,OK,OK
2026-08-29T18:56:17.298584Z,1016,124.1,13502,OK,OK,OK
2026-08-29T18:56:22.677646Z,1010,124.1,13502,OK,OK,OK
2026-08-29T18:56:28.066437Z,1007,123.9,13517,OK,OK,OK
2026-08-29T18:56:33.443365Z,1010,124.2,13517,OK,OK,OK
2026-08-29T18:56:38.832459Z,1006,124.2,13517,OK,OK,OK
2026-08-29T18:56:44.217586Z,919,124.2,13571,OK,OK,OK
2026-08-29T18:56:49.596637Z,925,124.2,13571,OK,OK,OK
2026-08-29T18:56:54.976040Z,925,124.1,13503,OK,OK,OK
2026-08-29T18:57:00.357939Z,925,124.3,13503,OK,OK,OK
2026-08-29T18:57:05.747086Z,927,124.1,13503,OK,OK,OK
2026-08-29T18:57:11.119692Z,920,124.1,13537,OK,OK,OK
2026-08-29T18:57:16.509562Z,927,124.1,13537,OK,OK,OK
2026-08-29T18:57:21.880572Z,925,124.0,13546,OK,OK,OK
2026-08-29T18:57:27.282790Z,925,123.9,13546,OK,OK,OK
2026-08-29T18:57:32.658020Z,929,124.0,13490,OK,OK,OK
2026-08-29T18:57:38.019064Z,927,124.1,13490,OK,OK,OK
2026-08-29T18:57:43.411042Z,927,124.1,13490,OK,OK,OK
2026-08-29T18:57:48.784082Z,924,124.0,13587,OK,OK,OK
2026-08-29T18:57:54.187971Z,928,124.0,13587,OK,OK,OK
2026-08-29T18:57:59.549436Z,929,124.1,13463,OK,OK,OK
2026-08-29T18:58:04.920110Z,928,124.1,13463,OK,OK,OK
2026-08-29T18:58:10.309558Z,926,124.0,13463,OK,OK,OK
2026-08-29T18:58:15.691576Z,926,124.1,13550,OK,OK,OK
2026-08-29T18:58:21.066912Z,928,124.0,13550,OK,OK,OK
2026-08-29T18:58:26.459191Z,926,124.0,13468,OK,OK,OK
2026-08-29T18:58:31.861658Z,928,123.9,13468,OK,OK,OK
2026-08-29T18:58:37.240891Z,926,123.9,13468,OK,OK,OK
2026-08-29T18:58:42.644944Z,924,124.0,13781,OK,OK,OK
2026-08-29T18:58:48.049855Z,926,124.0,13781,OK,OK,OK
2026-08-29T18:58:53.418089Z,925,124.0,13559,OK,OK,OK
2026-08-29T18:58:58.796655Z,926,124.0,13559,OK,OK,OK
2026-08-29T18:59:04.176777Z,924,124.1,13486,OK,OK,OK
2026-08-29T18:59:09.560374Z,924,124.1,13486,OK,OK,OK
2026-08-29T18:59:14.948157Z,925,124.1,13486,OK,OK,OK
2026-08-29T18:59:20.339957Z,924,124.0,13552,OK,OK,OK
2026-08-29T18:59:25.724313Z,926,124.0,13552,OK,OK,OK
2026-08-29T18:59:31.096882Z,926,124.1,13450,OK,OK,OK
2026-08-29T18:59:36.468649Z,923,123.9,13450,OK,OK,OK
2026-08-29T18:59:41.861964Z,926,124.1,13450,OK,OK,OK
2026-08-29T18:59:47.233370Z,926,124.0,13510,OK,OK,OK
2026-08-29T18:59:52.605242Z,925,123.8,13510,OK,OK,OK
2026-08-29T18:59:57.978662Z,924,123.8,13428,OK,OK,OK
2026-08-29T19:00:03.367541Z,924,123.8,13428,OK,OK,OK
2026-08-29T19:00:08.766522Z,926,123.8,13428,OK,OK,OK
2026-08-29T19:00:14.140774Z,921,123.8,13543,OK,OK,OK
2026-08-29T19:00:19.521445Z,925,123.8,13543,OK,OK,OK
2026-08-29T19:00:24.897728Z,927,123.8,13503,OK,OK,OK
2026-08-29T19:00:30.268206Z,929,123.8,13503,OK,OK,OK
2026-08-29T19:00:35.650662Z,926,123.9,13434,OK,OK,OK
2026-08-29T19:00:41.020970Z,926,123.8,13434,OK,OK,OK
2026-08-29T19:00:46.395606Z,924,123.8,13434,OK,OK,OK
2026-08-29T19:00:51.766042Z,926,123.9,13498,OK,OK,OK
2026-08-29T19:00:57.150701Z,924,123.8,13498,OK,OK,OK
2026-08-29T19:01:02.520995Z,926,123.8,13476,OK,OK,OK
2026-08-29T19:01:07.917755Z,926,123.9,13476,OK,OK,OK
2026-08-29T19:01:13.309370Z,927,123.9,13476,OK,OK,OK
2026-08-29T19:01:18.713282Z,933,123.9,13542,OK,OK,OK
2026-08-29T19:01:24.085381Z,926,123.9,13542,OK,OK,OK
2026-08-29T19:01:29.450603Z,925,123.9,13453,OK,OK,OK
2026-08-29T19:01:34.837048Z,922,123.9,13453,OK,OK,OK
2026-08-29T19:01:40.237859Z,923,123.8,13453,OK,OK,OK
2026-08-29T19:01:45.594099Z,924,123.9,13416,OK,OK,OK
2026-08-29T19:01:50.996565Z,924,123.8,13416,OK,OK,OK
2026-08-29T19:01:56.375582Z,925,123.9,13452,OK,OK,OK
2026-08-29T19:02:01.759021Z,926,123.8,13452,OK,OK,OK
2026-08-29T19:02:07.125902Z,924,123.8,13407,OK,OK,OK
2026-08-29T19:02:12.512569Z,921,123.7,13407,OK,OK,OK
2026-08-29T19:02:17.887009Z,920,123.3,13407,OK,OK,OK
2026-08-29T19:02:23.260469Z,923,123.5,13398,OK,OK,OK
2026-08-29T19:02:28.654046Z,924,123.5,13398,OK,OK,OK
2026-08-29T19:02:34.024714Z,923,123.5,13442,OK,OK,OK
2026-08-29T19:02:39.415004Z,921,123.3,13442,OK,OK,OK
2026-08-29T19:02:44.784917Z,923,123.5,13442,OK,OK,OK
2026-08-29T19:02:50.168383Z,921,123.4,13389,OK,OK,OK
2026-08-29T19:02:55.535415Z,923,123.4,13389,OK,OK,OK
2026-08-29T19:03:00.899517Z,922,123.4,13516,OK,OK,OK
2026-08-29T19:03:06.294216Z,922,123.4,13516,OK,OK,OK
2026-08-29T19:03:11.672254Z,922,123.4,13516,OK,OK,OK
2026-08-29T19:03:17.074789Z,921,123.6,13407,OK,OK,OK
2026-08-29T19:03:22.477259Z,920,123.5,13407,OK,OK,OK
2026-08-29T19:03:27.876929Z,920,123.6,13505,OK,OK,OK
2026-08-29T19:03:33.282221Z,922,123.5,13505,OK,OK,OK
2026-08-29T19:03:38.655696Z,924,123.5,13404,OK,OK,OK
2026-08-29T19:03:44.038258Z,923,123.6,13404,OK,OK,OK
2026-08-29T19:03:49.409008Z,925,123.5,13404,OK,OK,OK
2026-08-29T19:03:54.791099Z,925,123.6,13484,OK,OK,OK
2026-08-29T19:04:00.162480Z,922,123.5,13484,OK,OK,OK
2026-08-29T19:04:05.543491Z,925,123.6,13466,OK,OK,OK
2026-08-29T19:04:10.916810Z,923,123.6,13466,OK,OK,OK
2026-08-29T19:04:16.278466Z,925,123.6,13466,OK,OK,OK
2026-08-29T19:04:21.664930Z,922,123.6,13513,OK,OK,OK
2026-08-29T19:04:27.051558Z,927,123.5,13513,OK,OK,OK
2026-08-29T19:04:32.447482Z,923,123.6,13461,OK,OK,OK
2026-08-29T19:04:37.824492Z,925,123.5,13461,OK,OK,OK
2026-08-29T19:04:43.211150Z,925,123.5,13461,OK,OK,OK
2026-08-29T19:04:48.598946Z,925,123.6,13426,OK,OK,OK
2026-08-29T19:04:53.971372Z,923,123.6,13426,OK,OK,OK
2026-08-29T19:04:59.348975Z,922,123.6,13548,OK,OK,OK
2026-08-29T19:05:04.725258Z,924,123.6,13548,OK,OK,OK
2026-08-29T19:05:10.127706Z,924,123.6,13493,OK,OK,OK
2026-08-29T19:05:15.486362Z,923,123.6,13493,OK,OK,OK
2026-08-29T19:05:20.868660Z,921,123.4,13493,OK,OK,OK
2026-08-29T19:05:26.255283Z,924,123.6,13420,OK,OK,OK
2026-08-29T19:05:31.625755Z,921,123.6,13420,OK,OK,OK
2026-08-29T19:05:37.011477Z,930,123.7,13425,OK,OK,OK
2026-08-29T19:05:42.412616Z,926,123.5,13425,OK,OK,OK
2026-08-29T19:05:47.795201Z,924,123.6,13425,OK,OK,OK
2026-08-29T19:05:53.171550Z,924,123.6,13479,OK,OK,OK
2026-08-29T19:05:58.552563Z,922,123.5,13479,OK,OK,OK
2026-08-29T19:06:03.934783Z,925,123.7,13407,OK,OK,OK
2026-08-29T19:06:09.310696Z,922,123.5,13407,OK,OK,OK
2026-08-29T19:06:14.695534Z,925,123.6,13407,OK,OK,OK
2026-08-29T19:06:20.088502Z,930,123.7,13489,OK,OK,OK
2026-08-29T19:06:25.474990Z,922,123.6,13489,OK,OK,OK
2026-08-29T19:06:30.845468Z,927,123.6,13397,OK,OK,OK
2026-08-29T19:06:36.232214Z,927,123.6,13397,OK,OK,OK
2026-08-29T19:06:41.612446Z,924,123.6,13416,OK,OK,OK
2026-08-29T19:06:46.982149Z,924,123.6,13416,OK,OK,OK
2026-08-29T19:06:52.374783Z,925,123.6,13416,OK,OK,OK
2026-08-29T19:06:57.788701Z,925,123.6,13417,OK,OK,OK
2026-08-29T19:07:03.189395Z,922,123.6,13417,OK,OK,OK
2026-08-29T19:07:08.551600Z,923,123.6,13401,OK,OK,OK
2026-08-29T19:07:13.954640Z,921,123.7,13401,OK,OK,OK
2026-08-29T19:07:19.339938Z,925,123.6,13401,OK,OK,OK
2026-08-29T19:07:24.709518Z,922,123.6,13429,OK,OK,OK
2026-08-29T19:07:30.085652Z,923,123.6,13429,OK,OK,OK
2026-08-29T19:07:35.465346Z,931,123.6,13453,OK,OK,OK
2026-08-29T19:07:40.847945Z,925,123.6,13453,OK,OK,OK
2026-08-29T19:07:46.229342Z,922,123.6,13453,OK,OK,OK
2026-08-29T19:07:51.618233Z,924,123.6,13406,OK,OK,OK
2026-08-29T19:07:56.987753Z,925,123.6,13406,OK,OK,OK
2026-08-29T19:08:02.353481Z,925,123.6,13496,OK,OK,OK
2026-08-29T19:08:07.738734Z,924,123.6,13496,OK,OK,OK
2026-08-29T19:08:13.116464Z,927,123.6,13371,OK,OK,OK
2026-08-29T19:08:18.511760Z,927,123.5,13371,OK,OK,OK
2026-08-29T19:08:23.904727Z,930,123.7,13371,OK,OK,OK
2026-08-29T19:08:29.309435Z,922,123.6,13551,OK,OK,OK
2026-08-29T19:08:34.687456Z,926,123.6,13551,OK,OK,OK
2026-08-29T19:08:40.058138Z,922,123.6,13366,OK,OK,OK
2026-08-29T19:08:45.452863Z,924,123.6,13366,OK,OK,OK
2026-08-29T19:08:50.863010Z,923,123.6,13363,OK,OK,OK
2026-08-29T19:08:56.267599Z,923,123.6,13363,OK,OK,OK
2026-08-29T19:09:01.652971Z,925,123.6,13363,OK,OK,OK
2026-08-29T19:09:07.026221Z,926,123.6,13360,OK,OK,OK
2026-08-29T19:09:12.434117Z,922,123.6,13360,OK,OK,OK
2026-08-29T19:09:17.859556Z,924,123.6,13553,OK,OK,OK
2026-08-29T19:09:23.228642Z,914,123.8,13553,OK,OK,OK
2026-08-29T19:09:28.606516Z,921,123.6,13553,OK,OK,OK
2026-08-29T19:09:33.986673Z,918,123.6,13579,OK,OK,OK
2026-08-29T19:09:39.359544Z,921,123.6,13579,OK,OK,OK
2026-08-29T19:09:44.751309Z,925,123.6,13500,OK,OK,OK
2026-08-29T19:09:50.130621Z,917,123.6,13500,OK,OK,OK
2026-08-29T19:09:55.521935Z,920,123.6,13488,OK,OK,OK
2026-08-29T19:10:00.885837Z,920,123.5,13488,OK,OK,OK
2026-08-29T19:10:06.259498Z,918,123.5,13488,OK,OK,OK
2026-08-29T19:10:11.655946Z,920,123.5,13346,OK,OK,OK
2026-08-29T19:10:17.063445Z,917,123.6,13346,OK,OK,OK
2026-08-29T19:10:22.456411Z,917,123.6,13333,OK,OK,OK
2026-08-29T19:10:27.846599Z,919,123.5,13333,OK,OK,OK
2026-08-29T19:10:33.239040Z,920,123.5,13333,OK,OK,OK
2026-08-29T19:10:38.634810Z,919,123.5,13347,OK,OK,OK
2026-08-29T19:10:44.017936Z,916,123.6,13347,OK,OK,OK
2026-08-29T19:10:49.415483Z,917,123.6,13606,OK,OK,OK
2026-08-29T19:10:54.793366Z,921,123.7,13606,OK,OK,OK
2026-08-29T19:11:00.201308Z,921,123.7,13606,OK,OK,OK
2026-08-29T19:11:05.594215Z,924,123.6,13319,OK,OK,OK
2026-08-29T19:11:10.992776Z,922,123.6,13319,OK,OK,OK
2026-08-29T19:11:16.374590Z,928,123.4,13321,OK,OK,OK
2026-08-29T19:11:21.748527Z,919,123.5,13321,OK,OK,OK
2026-08-29T19:11:27.128984Z,918,123.6,13322,OK,OK,OK
2026-08-29T19:11:32.503536Z,917,123.5,13322,OK,OK,OK
2026-08-29T19:11:37.890200Z,923,123.5,13322,OK,OK,OK
2026-08-29T19:11:43.263987Z,921,123.6,13328,OK,OK,OK
2026-08-29T19:11:48.650454Z,918,123.6,13328,OK,OK,OK
2026-08-29T19:11:54.036395Z,923,123.6,13448,OK,OK,OK
2026-08-29T19:11:59.439431Z,922,123.6,13448,OK,OK,OK
2026-08-29T19:12:04.826262Z,918,123.5,13448,OK,OK,OK
2026-08-29T19:12:10.227006Z,922,123.5,13304,OK,OK,OK
2026-08-29T19:12:15.630947Z,918,123.4,13304,OK,OK,OK
2026-08-29T19:12:21.033478Z,918,123.5,13288,OK,OK,OK
2026-08-29T19:12:26.427640Z,917,123.5,13288,OK,OK,OK
2026-08-29T19:12:31.801807Z,917,123.4,13288,OK,OK,OK
2026-08-29T19:12:37.193221Z,916,123.5,13296,OK,OK,OK
2026-08-29T19:12:42.595608Z,917,123.5,13296,OK,OK,OK
2026-08-29T19:12:47.953449Z,918,123.5,13293,OK,OK,OK
2026-08-29T19:12:53.317255Z,918,123.5,13293,OK,OK,OK
2026-08-29T19:12:58.700036Z,918,123.5,13324,OK,OK,OK
2026-08-29T19:13:04.086573Z,918,123.5,13324,OK,OK,OK
2026-08-29T19:13:09.472042Z,920,123.4,13324,OK,OK,OK
2026-08-29T19:13:14.850028Z,920,123.5,13305,OK,OK,OK
2026-08-29T19:13:20.238668Z,919,123.4,13305,OK,OK,OK
2026-08-29T19:13:25.628102Z,919,123.6,13308,OK,OK,OK
2026-08-29T19:13:31.007511Z,919,123.6,13308,OK,OK,OK
2026-08-29T19:13:36.401050Z,922,123.6,13308,OK,OK,OK
2026-08-29T19:13:41.787454Z,922,123.6,13280,OK,OK,OK
2026-08-29T19:13:47.153075Z,918,123.7,13280,OK,OK,OK
2026-08-29T19:13:52.540789Z,918,123.7,13424,OK,OK,OK
2026-08-29T19:13:57.920613Z,917,123.7,13424,OK,OK,OK
2026-08-29T19:14:03.283858Z,922,123.6,13424,OK,OK,OK
2026-08-29T19:14:08.671949Z,919,123.8,13242,OK,OK,OK
2026-08-29T19:14:14.058371Z,920,123.8,13242,OK,OK,OK
2026-08-29T19:14:19.440390Z,921,123.8,13244,OK,OK,OK
2026-08-29T19:14:24.815396Z,918,123.7,13244,OK,OK,OK
2026-08-29T19:14:30.211278Z,920,123.8,13400,OK,OK,OK
2026-08-29T19:14:35.604450Z,922,123.8,13400,OK,OK,OK
2026-08-29T19:14:40.990918Z,920,123.8,13400,OK,OK,OK
2026-08-29T19:14:46.371076Z,919,123.8,13269,OK,OK,OK
2026-08-29T19:14:51.752626Z,1008,123.8,13269,OK,OK,OK
2026-08-29T19:14:57.144597Z,1018,123.8,13238,OK,OK,OK
2026-08-29T19:15:02.534263Z,1031,123.8,13238,OK,OK,OK
2026-08-29T19:15:07.923175Z,1041,123.8,13238,OK,OK,OK
2026-08-29T19:15:13.373504Z,1028,123.8,13249,OK,OK,OK
2026-08-29T19:15:18.760042Z,1028,123.8,13249,OK,OK,OK
2026-08-29T19:15:24.144319Z,1027,123.8,13363,OK,OK,OK
2026-08-29T19:15:29.509776Z,1024,123.8,13363,OK,OK,OK
2026-08-29T19:15:34.919574Z,1024,123.9,13363,OK,OK,OK
2026-08-29T19:15:40.301702Z,1022,123.9,13315,OK,OK,OK
2026-08-29T19:15:45.680577Z,1025,123.9,13315,OK,OK,OK
2026-08-29T19:15:51.063313Z,1023,123.9,13288,OK,OK,OK
2026-08-29T19:15:56.443171Z,1020,123.9,13288,OK,OK,OK
2026-08-29T19:16:01.804084Z,1024,124.1,13443,OK,OK,OK
2026-08-29T19:16:07.183604Z,1023,124.1,13443,OK,OK,OK
2026-08-29T19:16:12.575480Z,1020,124.1,13443,OK,OK,OK
2026-08-29T19:16:17.943681Z,1028,124.1,13199,OK,OK,OK
2026-08-29T19:16:23.352820Z,1020,124.1,13199,OK,OK,OK
2026-08-29T19:16:28.748017Z,1024,124.1,13220,OK,OK,OK
2026-08-29T19:16:34.123195Z,1020,124.1,13220,OK,OK,OK
2026-08-29T19:16:39.487877Z,1014,124.1,13220,OK,OK,OK
2026-08-29T19:16:44.880183Z,1018,124.2,13199,OK,OK,OK
2026-08-29T19:16:50.266710Z,1014,124.2,13199,OK,OK,OK
2026-08-29T19:16:55.641807Z,1009,124.3,13190,OK,OK,OK
2026-08-29T19:17:01.038822Z,1009,124.1,13190,OK,OK,OK
2026-08-29T19:17:06.407679Z,1007,124.1,13190,OK,OK,OK
2026-08-29T19:17:11.790389Z,1013,124.1,13248,OK,OK,OK
2026-08-29T19:17:17.186959Z,1007,124.1,13248,OK,OK,OK
2026-08-29T19:17:22.562449Z,1008,124.2,13151,OK,OK,OK
2026-08-29T19:17:27.975539Z,1007,124.1,13151,OK,OK,OK
2026-08-29T19:17:33.374507Z,1009,124.0,13133,OK,OK,OK
2026-08-29T19:17:38.747184Z,1013,123.9,13133,OK,OK,OK
2026-08-29T19:17:44.133845Z,1008,123.8,13133,OK,OK,OK
2026-08-29T19:17:49.520264Z,1009,123.8,13127,OK,OK,OK
2026-08-29T19:17:54.884003Z,1009,123.8,13127,OK,OK,OK
2026-08-29T19:18:00.261325Z,1012,123.8,13253,OK,OK,OK
2026-08-29T19:18:05.646904Z,1010,123.8,13253,OK,OK,OK
2026-08-29T19:18:11.012510Z,1006,123.8,13253,OK,OK,OK
2026-08-29T19:18:16.394258Z,1014,123.8,13097,OK,OK,OK
2026-08-29T19:18:21.782126Z,1012,123.8,13097,OK,OK,OK
2026-08-29T19:18:27.197415Z,1012,123.8,13168,OK,OK,OK
2026-08-29T19:18:32.563338Z,1009,123.8,13168,OK,OK,OK
2026-08-29T19:18:37.934913Z,1012,123.9,13168,OK,OK,OK
2026-08-29T19:18:43.321402Z,1011,123.9,13123,OK,OK,OK
2026-08-29T19:18:48.691883Z,1011,123.9,13123,OK,OK,OK
2026-08-29T19:18:54.094347Z,1008,123.9,13072,OK,OK,OK
2026-08-29T19:18:59.470079Z,1011,124.0,13072,OK,OK,OK
2026-08-29T19:19:04.851574Z,1010,123.9,13235,OK,OK,OK
2026-08-29T19:19:10.219841Z,1015,123.9,13235,OK,OK,OK
2026-08-29T19:19:15.590954Z,1010,123.9,13235,OK,OK,OK
2026-08-29T19:19:20.977997Z,1012,123.9,13238,OK,OK,OK
2026-08-29T19:19:26.346866Z,1014,123.9,13238,OK,OK,OK
2026-08-29T19:19:31.746189Z,1012,123.9,13082,OK,OK,OK
2026-08-29T19:19:37.122286Z,1009,123.9,13082,OK,OK,OK
2026-08-29T19:19:42.507698Z,1010,123.9,13082,OK,OK,OK
2026-08-29T19:19:47.874972Z,1011,123.9,13097,OK,OK,OK
2026-08-29T19:19:53.265086Z,1012,123.9,13097,OK,OK,OK
2026-08-29T19:19:58.637760Z,1008,123.8,13039,OK,OK,OK
2026-08-29T19:20:04.003865Z,1013,124.1,13039,OK,OK,OK
2026-08-29T19:20:09.395046Z,1012,124.2,13039,OK,OK,OK
2026-08-29T19:20:14.783741Z,1014,124.3,13033,OK,OK,OK
2026-08-29T19:20:20.161194Z,1014,124.0,13033,OK,OK,OK
2026-08-29T19:20:25.532608Z,1013,124.2,13253,OK,OK,OK
2026-08-29T19:20:30.923873Z,1012,124.2,13253,OK,OK,OK
2026-08-29T19:20:36.338380Z,1013,124.2,13174,OK,OK,OK
2026-08-29T19:20:41.719438Z,1014,124.1,13174,OK,OK,OK
2026-08-29T19:20:47.100146Z,1012,124.1,13174,OK,OK,OK
2026-08-29T19:20:52.486061Z,1020,124.1,13014,OK,OK,OK
2026-08-29T19:20:57.876577Z,1016,124.1,13014,OK,OK,OK
2026-08-29T19:21:03.250084Z,1015,124.1,12996,OK,OK,OK
2026-08-29T19:21:08.641650Z,1013,124.1,12996,OK,OK,OK
2026-08-29T19:21:14.043747Z,1017,124.1,12996,OK,OK,OK
2026-08-29T19:21:19.410718Z,1019,124.1,12971,OK,OK,OK
2026-08-29T19:21:24.810445Z,1015,124.1,12971,OK,OK,OK
2026-08-29T19:21:30.190770Z,1013,124.1,13114,OK,OK,OK
2026-08-29T19:21:35.578894Z,1013,124.1,13114,OK,OK,OK
2026-08-29T19:21:40.978627Z,1013,124.1,13114,OK,OK,OK
2026-08-29T19:21:46.353001Z,1014,124.1,12937,OK,OK,OK
2026-08-29T19:21:51.744668Z,1014,124.1,12937,OK,OK,OK
2026-08-29T19:21:57.120943Z,1013,124.1,13161,OK,OK,OK
2026-08-29T19:22:02.501727Z,1017,124.1,13161,OK,OK,OK
2026-08-29T19:22:07.880570Z,1016,124.1,13022,OK,OK,OK
2026-08-29T19:22:13.323665Z,1014,124.1,13022,OK,OK,OK
2026-08-29T19:22:18.709086Z,1016,124.1,13022,OK,OK,OK
2026-08-29T19:22:24.095628Z,1016,124.1,12988,OK,OK,OK
2026-08-29T19:22:29.471670Z,1012,124.1,12988,OK,OK,OK
2026-08-29T19:22:34.865525Z,1014,124.1,12906,OK,OK,OK
2026-08-29T19:22:40.271100Z,1014,124.1,12906,OK,OK,OK
2026-08-29T19:22:45.638057Z,1019,124.1,12906,OK,OK,OK
2026-08-29T19:22:51.028193Z,1015,124.1,12899,OK,OK,OK
2026-08-29T19:22:56.407297Z,1014,124.1,12899,OK,OK,OK
2026-08-29T19:23:01.790851Z,1013,124.1,12926,OK,OK,OK
2026-08-29T19:23:07.169461Z,1014,123.9,12926,OK,OK,OK
2026-08-29T19:23:12.532876Z,1016,124.2,12926,OK,OK,OK
2026-08-29T19:23:17.909289Z,1018,124.1,12879,OK,OK,OK
2026-08-29T19:23:23.294880Z,1012,124.1,12879,OK,OK,OK
2026-08-29T19:23:28.717645Z,1013,124.1,13129,OK,OK,OK
2026-08-29T19:23:34.083562Z,1014,124.1,13129,OK,OK,OK
2026-08-29T19:23:39.465078Z,1013,124.1,12876,OK,OK,OK
2026-08-29T19:23:44.862691Z,1013,124.1,12876,OK,OK,OK
2026-08-29T19:23:50.224135Z,1015,124.1,12876,OK,OK,OK
2026-08-29T19:23:55.596055Z,1015,124.1,12926,OK,OK,OK
2026-08-29T19:24:00.964266Z,1014,124.1,12926,OK,OK,OK
2026-08-29T19:24:06.343057Z,1019,124.1,12901,OK,OK,OK
2026-08-29T19:24:11.713452Z,1012,124.1,12901,OK,OK,OK
2026-08-29T19:24:17.108464Z,1017,124.1,12901,OK,OK,OK
2026-08-29T19:24:22.514658Z,1016,124.1,12884,OK,OK,OK
2026-08-29T19:24:27.889005Z,1011,124.1,12884,OK,OK,OK
2026-08-29T19:24:33.275473Z,1012,124.1,12839,OK,OK,OK
2026-08-29T19:24:38.661979Z,1152,124.1,12839,OK,OK,OK
2026-08-29T19:24:44.043140Z,1148,124.2,12946,OK,OK,OK
2026-08-29T19:24:49.434471Z,1142,124.1,12946,OK,OK,OK
2026-08-29T19:24:54.814052Z,1141,124.2,12946,OK,OK,OK
2026-08-29T19:25:00.197961Z,1144,124.3,12845,OK,OK,OK
2026-08-29T19:25:05.576398Z,1141,124.2,12845,OK,OK,OK
2026-08-29T19:25:10.968936Z,1141,124.2,12818,OK,OK,OK
2026-08-29T19:25:16.369143Z,1146,124.2,12818,OK,OK,OK
2026-08-29T19:25:21.753146Z,1142,124.2,12822,OK,OK,OK
2026-08-29T19:25:27.118433Z,1140,124.1,12822,OK,OK,OK
2026-08-29T19:25:32.509716Z,1163,124.3,12822,OK,OK,OK
2026-08-29T19:25:37.895941Z,1136,124.3,12824,OK,OK,OK
2026-08-29T19:25:43.269783Z,1136,124.3,12824,OK,OK,OK
2026-08-29T19:25:48.640325Z,1138,124.3,12841,OK,OK,OK
2026-08-29T19:25:54.026687Z,1138,124.2,12841,OK,OK,OK
2026-08-29T19:25:59.413268Z,1136,124.0,12841,OK,OK,OK
2026-08-29T19:26:04.787578Z,1021,124.1,12895,OK,OK,OK
2026-08-29T19:26:10.176592Z,1023,124.1,12895,OK,OK,OK
2026-08-29T19:26:15.572733Z,1026,124.2,12896,OK,OK,OK
2026-08-29T19:26:20.966473Z,1022,124.2,12896,OK,OK,OK
2026-08-29T19:26:26.326805Z,1021,124.2,12896,OK,OK,OK
2026-08-29T19:26:31.701375Z,1020,124.2,12860,OK,OK,OK
2026-08-29T19:26:37.086852Z,1020,124.2,12860,OK,OK,OK
2026-08-29T19:26:42.457448Z,1021,124.3,12815,OK,OK,OK
2026-08-29T19:26:47.842852Z,1021,124.3,12815,OK,OK,OK
2026-08-29T19:26:53.222186Z,1023,124.3,12835,OK,OK,OK
2026-08-29T19:26:58.607929Z,1023,124.3,12835,OK,OK,OK
2026-08-29T19:27:03.988436Z,1021,124.3,12835,OK,OK,OK
2026-08-29T19:27:09.363843Z,1020,124.3,12861,OK,OK,OK
2026-08-29T19:27:14.739567Z,1025,124.2,12861,OK,OK,OK
2026-08-29T19:27:20.116468Z,1023,124.3,12826,OK,OK,OK
2026-08-29T19:27:25.511877Z,1021,124.1,12826,OK,OK,OK
2026-08-29T19:27:30.888081Z,1026,124.3,12895,OK,OK,OK
2026-08-29T19:27:36.273818Z,1023,124.2,12895,OK,OK,OK
2026-08-29T19:27:41.634101Z,1022,124.2,12895,OK,OK,OK
2026-08-29T19:27:47.015787Z,1023,124.3,12804,OK,OK,OK
2026-08-29T19:27:52.399503Z,1021,124.3,12804,OK,OK,OK
2026-08-29T19:27:57.775835Z,1023,124.2,12869,OK,OK,OK
2026-08-29T19:28:03.191228Z,1023,124.2,12869,OK,OK,OK
2026-08-29T19:28:08.576635Z,1020,124.1,12869,OK,OK,OK
2026-08-29T19:28:13.987919Z,1023,124.3,12802,OK,OK,OK
2026-08-29T19:28:19.398789Z,1021,124.2,12802,OK,OK,OK
2026-08-29T19:28:24.793306Z,1022,124.3,12829,OK,OK,OK
2026-08-29T19:28:30.178001Z,1023,124.4,12829,OK,OK,OK
2026-08-29T19:28:35.551924Z,1026,124.4,12829,OK,OK,OK
2026-08-29T19:28:40.929298Z,1026,124.5,12801,OK,OK,OK
2026-08-29T19:28:46.310662Z,1025,124.6,12801,OK,OK,OK
2026-08-29T19:28:51.685943Z,1022,124.5,13092,OK,OK,OK
2026-08-29T19:28:57.089273Z,1016,124.4,13092,OK,OK,OK
2026-08-29T19:29:02.475045Z,1013,124.5,13116,OK,OK,OK
2026-08-29T19:29:07.892390Z,1013,124.5,13116,OK,OK,OK
2026-08-29T19:29:13.270642Z,1011,124.5,13116,OK,OK,OK
2026-08-29T19:29:18.682328Z,1011,124.5,13133,OK,OK,OK
2026-08-29T19:29:24.084148Z,1014,124.4,13133,OK,OK,OK
2026-08-29T19:29:29.479534Z,1014,124.5,13136,OK,OK,OK
2026-08-29T19:29:34.844217Z,1014,124.5,13136,OK,OK,OK
2026-08-29T19:29:40.228314Z,1017,124.5,13136,OK,OK,OK
2026-08-29T19:29:45.615768Z,1011,124.4,13130,OK,OK,OK
2026-08-29T19:29:51.001401Z,1012,124.5,13130,OK,OK,OK
2026-08-29T19:29:56.403926Z,1014,124.4,13113,OK,OK,OK
2026-08-29T19:30:01.783132Z,1013,124.4,13113,OK,OK,OK
2026-08-29T19:30:07.169391Z,1013,124.4,13113,OK,OK,OK
2026-08-29T19:30:12.542971Z,1014,124.4,13115,OK,OK,OK
2026-08-29T19:30:17.934065Z,1015,124.4,13115,OK,OK,OK
2026-08-29T19:30:23.320665Z,1018,124.5,13111,OK,OK,OK
2026-08-29T19:30:28.687942Z,1015,124.4,13111,OK,OK,OK
2026-08-29T19:30:34.066256Z,1014,124.5,13099,OK,OK,OK
2026-08-29T19:30:39.441379Z,1016,124.4,13099,OK,OK,OK
2026-08-29T19:30:44.834130Z,1013,124.5,13099,OK,OK,OK
2026-08-29T19:30:50.212347Z,1012,124.5,13096,OK,OK,OK
2026-08-29T19:30:55.590124Z,1014,124.5,13096,OK,OK,OK
2026-08-29T19:31:00.974934Z,1014,124.5,13080,OK,OK,OK
2026-08-29T19:31:06.357778Z,1014,124.5,13080,OK,OK,OK
2026-08-29T19:31:11.742910Z,1016,124.4,13080,OK,OK,OK
2026-08-29T19:31:17.121049Z,1022,124.4,13064,OK,OK,OK
2026-08-29T19:31:22.506112Z,1015,124.6,13064,OK,OK,OK
2026-08-29T19:31:27.904310Z,1012,124.5,13069,OK,OK,OK
2026-08-29T19:31:33.280184Z,1012,124.5,13069,OK,OK,OK
2026-08-29T19:31:38.673338Z,1014,124.6,13069,OK,OK,OK
2026-08-29T19:31:44.036363Z,1010,124.5,13064,OK,OK,OK
2026-08-29T19:31:49.436745Z,1015,124.3,13064,OK,OK,OK
2026-08-29T19:31:54.841168Z,1015,124.3,13064,OK,OK,OK
2026-08-29T19:32:00.205103Z,1015,124.3,13064,OK,OK,OK
2026-08-29T19:32:05.572960Z,1015,124.3,1777,OK,OK,OK
2026-08-29T19:32:10.950693Z,1015,124.3,1777,OK,OK,OK
2026-08-29T19:32:16.322881Z,0,,1777,DEGRADED,OFFLINE,OK
2026-08-29T19:32:21.691600Z,0,,5430,DEGRADED,OFFLINE,OK
2026-08-29T19:32:27.060377Z,0,,5430,DEGRADED,OFFLINE,OK
2026-08-29T19:32:32.433923Z,1013,124.4,13056,OK,OK,OK
2026-08-29T19:32:37.817168Z,1015,124.5,13056,OK,OK,OK
2026-08-29T19:32:43.187587Z,1012,124.5,13056,OK,OK,OK
2026-08-29T19:32:48.574309Z,1013,124.4,13053,OK,OK,OK
2026-08-29T19:32:53.959804Z,1013,124.4,13053,OK,OK,OK
2026-08-29T19:32:59.329118Z,1010,124.4,13049,OK,OK,OK
2026-08-29T19:33:04.723195Z,1013,124.4,13049,OK,OK,OK
2026-08-29T19:33:10.110626Z,1013,124.4,13026,OK,OK,OK
2026-08-29T19:33:15.491748Z,1014,124.4,13026,OK,OK,OK
2026-08-29T19:33:20.886395Z,1016,124.4,13026,OK,OK,OK
2026-08-29T19:33:26.263335Z,1014,124.5,13015,OK,OK,OK
2026-08-29T19:33:31.646237Z,1014,124.5,13015,OK,OK,OK
2026-08-29T19:33:37.021072Z,1018,124.4,13004,OK,OK,OK
2026-08-29T19:33:42.408171Z,1016,124.4,13004,OK,OK,OK
2026-08-29T19:33:47.809888Z,1014,124.4,13004,OK,OK,OK
2026-08-29T19:33:53.196321Z,1013,124.4,12994,OK,OK,OK
2026-08-29T19:33:58.554137Z,1011,124.4,12994,OK,OK,OK
2026-08-29T19:34:03.953457Z,1018,124.4,12982,OK,OK,OK
2026-08-29T19:34:09.339962Z,1010,124.4,12982,OK,OK,OK
2026-08-29T19:34:14.734628Z,1013,124.5,12967,OK,OK,OK
2026-08-29T19:34:20.102924Z,1013,124.5,12967,OK,OK,OK
2026-08-29T19:34:25.493148Z,1010,124.4,12967,OK,OK,OK
2026-08-29T19:34:30.884981Z,1009,124.4,12956,OK,OK,OK
2026-08-29T19:34:36.254313Z,1011,124.4,12956,OK,OK,OK
2026-08-29T19:34:41.635915Z,1008,124.4,12962,OK,OK,OK
2026-08-29T19:34:47.025006Z,1009,124.4,12962,OK,OK,OK
2026-08-29T19:34:52.411988Z,1008,124.4,12962,OK,OK,OK
2026-08-29T19:34:57.775771Z,1008,124.4,12951,OK,OK,OK
2026-08-29T19:35:03.156815Z,1014,124.4,12951,OK,OK,OK
2026-08-29T19:35:08.541499Z,1008,124.3,12940,OK,OK,OK
2026-08-29T19:35:13.910788Z,1010,124.2,12940,OK,OK,OK
2026-08-29T19:35:19.300348Z,1012,124.4,12934,OK,OK,OK
2026-08-29T19:35:24.686778Z,1010,124.3,12934,OK,OK,OK
2026-08-29T19:35:30.073514Z,1010,124.4,12934,OK,OK,OK
2026-08-29T19:35:35.444038Z,931,124.3,12924,OK,OK,OK
2026-08-29T19:35:40.843794Z,928,124.3,12924,OK,OK,OK
2026-08-29T19:35:46.235343Z,932,124.4,12919,OK,OK,OK
2026-08-29T19:35:51.601978Z,928,124.4,12919,OK,OK,OK
2026-08-29T19:35:56.970708Z,929,124.3,12919,OK,OK,OK
2026-08-29T19:36:02.359430Z,928,124.3,12917,OK,OK,OK
2026-08-29T19:36:07.747087Z,931,124.3,12917,OK,OK,OK
2026-08-29T19:36:13.113893Z,927,124.3,12909,OK,OK,OK
2026-08-29T19:36:18.510720Z,934,124.3,12909,OK,OK,OK
2026-08-29T19:36:23.889947Z,926,124.4,12892,OK,OK,OK
2026-08-29T19:36:29.261224Z,928,124.6,12892,OK,OK,OK
2026-08-29T19:36:34.647946Z,929,124.6,12892,OK,OK,OK
2026-08-29T19:36:40.034345Z,928,124.4,12888,OK,OK,OK
2026-08-29T19:36:45.428111Z,930,124.4,12888,OK,OK,OK
2026-08-29T19:36:50.791389Z,929,124.3,12880,OK,OK,OK
2026-08-29T19:36:56.168977Z,928,124.3,12880,OK,OK,OK
2026-08-29T19:37:01.563058Z,928,124.3,12880,OK,OK,OK
2026-08-29T19:37:06.947928Z,928,124.3,12883,OK,OK,OK
2026-08-29T19:37:12.328319Z,928,124.2,12883,OK,OK,OK
2026-08-29T19:37:17.726448Z,929,124.3,12863,OK,OK,OK
2026-08-29T19:37:23.102019Z,921,124.5,12863,OK,OK,OK
2026-08-29T19:37:28.495717Z,926,124.3,12863,OK,OK,OK
2026-08-29T19:37:33.870278Z,924,124.2,12859,OK,OK,OK
2026-08-29T19:37:39.273698Z,922,124.3,12859,OK,OK,OK
2026-08-29T19:37:44.646102Z,924,124.3,12840,OK,OK,OK
2026-08-29T19:37:50.032140Z,925,124.4,12840,OK,OK,OK
2026-08-29T19:37:55.397474Z,925,124.4,12835,OK,OK,OK
2026-08-29T19:38:00.766167Z,926,124.3,12835,OK,OK,OK
2026-08-29T19:38:06.140113Z,922,124.1,12836,OK,OK,OK
2026-08-29T19:38:11.511195Z,924,124.3,12836,OK,OK,OK
2026-08-29T19:38:16.897897Z,922,124.3,12836,OK,OK,OK
2026-08-29T19:38:22.273457Z,927,124.3,12825,OK,OK,OK
2026-08-29T19:38:27.659474Z,924,124.3,12825,OK,OK,OK
2026-08-29T19:38:33.037289Z,925,124.3,12817,OK,OK,OK
2026-08-29T19:38:38.416878Z,925,124.3,12817,OK,OK,OK
2026-08-29T19:38:43.790119Z,925,124.4,12817,OK,OK,OK
2026-08-29T19:38:49.172626Z,924,124.3,12799,OK,OK,OK
2026-08-29T19:38:54.546556Z,924,124.4,12799,OK,OK,OK
2026-08-29T19:38:59.912696Z,924,124.4,12778,OK,OK,OK
2026-08-29T19:39:05.291991Z,923,124.4,12778,OK,OK,OK
2026-08-29T19:39:10.675903Z,922,124.4,12778,OK,OK,OK
2026-08-29T19:39:16.052173Z,923,124.4,12773,OK,OK,OK
2026-08-29T19:39:21.438641Z,928,124.3,12773,OK,OK,OK
2026-08-29T19:39:26.811763Z,926,124.4,12777,OK,OK,OK
2026-08-29T19:39:32.195716Z,925,124.4,12777,OK,OK,OK
2026-08-29T19:39:37.561634Z,925,124.4,12777,OK,OK,OK
2026-08-29T19:39:42.942218Z,929,124.4,12784,OK,OK,OK
2026-08-29T19:39:48.365496Z,923,124.4,12784,OK,OK,OK
2026-08-29T19:39:53.740279Z,923,124.4,12778,OK,OK,OK
2026-08-29T19:39:59.117537Z,924,124.4,12778,OK,OK,OK
2026-08-29T19:40:04.498998Z,924,124.4,12774,OK,OK,OK
2026-08-29T19:40:09.880273Z,925,124.4,12774,OK,OK,OK
2026-08-29T19:40:15.286249Z,926,124.4,12774,OK,OK,OK
2026-08-29T19:40:20.655102Z,924,124.4,12760,OK,OK,OK
2026-08-29T19:40:26.042159Z,926,124.4,12760,OK,OK,OK
2026-08-29T19:40:31.423104Z,922,124.3,12753,OK,OK,OK
2026-08-29T19:40:36.784966Z,925,124.4,12753,OK,OK,OK
2026-08-29T19:40:42.186695Z,925,124.4,12753,OK,OK,OK
2026-08-29T19:40:47.566065Z,923,124.4,12753,OK,OK,OK
2026-08-29T19:40:52.939357Z,920,124.3,12753,OK,OK,OK
2026-08-29T19:40:58.328269Z,922,124.4,12737,OK,OK,OK
2026-08-29T19:41:03.734769Z,921,124.4,12737,OK,OK,OK
2026-08-29T19:41:09.138231Z,923,124.3,12720,OK,OK,OK
2026-08-29T19:41:14.501944Z,986,124.4,12720,OK,OK,OK
2026-08-29T19:41:19.879350Z,1024,124.4,12720,OK,OK,OK
2026-08-29T19:41:25.281938Z,1024,124.4,12719,OK,OK,OK
2026-08-29T19:41:30.648107Z,1034,124.4,12719,OK,OK,OK
2026-08-29T19:41:36.053772Z,1043,124.4,12713,OK,OK,OK
2026-08-29T19:41:41.452381Z,1045,124.4,12713,OK,OK,OK
2026-08-29T19:41:46.836098Z,1040,124.4,12713,OK,OK,OK
2026-08-29T19:41:52.203222Z,1036,124.4,12716,OK,OK,OK
2026-08-29T19:41:57.577236Z,1038,124.4,12716,OK,OK,OK
2026-08-29T19:42:02.958572Z,1034,124.3,12714,OK,OK,OK
2026-08-29T19:42:08.340478Z,1038,124.3,12714,OK,OK,OK
2026-08-29T19:42:13.800740Z,1024,124.4,12714,OK,OK,OK
2026-08-29T19:42:19.171394Z,1005,124.4,12710,OK,OK,OK
2026-08-29T19:42:24.559998Z,993,124.4,12710,OK,OK,OK
2026-08-29T19:42:29.923864Z,990,124.4,12704,OK,OK,OK
2026-08-29T19:42:35.316282Z,998,124.4,12704,OK,OK,OK
2026-08-29T19:42:40.717465Z,991,124.4,12702,OK,OK,OK
2026-08-29T19:42:46.101363Z,989,124.4,12702,OK,OK,OK
2026-08-29T19:42:51.496881Z,990,124.4,12702,OK,OK,OK
2026-08-29T19:42:56.893142Z,990,124.3,12702,OK,OK,OK
2026-08-29T19:43:02.279610Z,988,124.3,12702,OK,OK,OK
2026-08-29T19:43:07.663894Z,992,124.3,12703,OK,OK,OK
2026-08-29T19:43:13.075501Z,990,124.3,12703,OK,OK,OK
2026-08-29T19:43:18.499057Z,989,124.2,12703,OK,OK,OK
2026-08-29T19:43:23.905797Z,988,124.3,12698,OK,OK,OK
2026-08-29T19:43:29.274655Z,992,124.3,12698,OK,OK,OK
2026-08-29T19:43:34.678772Z,991,124.3,12689,OK,OK,OK
2026-08-29T19:43:40.065437Z,990,124.3,12689,OK,OK,OK
2026-08-29T19:43:45.431292Z,986,124.2,12678,OK,OK,OK
2026-08-29T19:43:50.822468Z,993,124.3,12678,OK,OK,OK
2026-08-29T19:43:56.205698Z,987,124.3,12678,OK,OK,OK
2026-08-29T19:44:01.590765Z,993,124.6,12663,OK,OK,OK
2026-08-29T19:44:06.960074Z,986,124.5,12663,OK,OK,OK
2026-08-29T19:44:12.333912Z,992,124.6,12650,OK,OK,OK
2026-08-29T19:44:17.720524Z,991,124.5,12650,OK,OK,OK
2026-08-29T19:44:23.091975Z,992,124.5,12650,OK,OK,OK
2026-08-29T19:44:28.473970Z,990,124.5,12650,OK,OK,OK
2026-08-29T19:44:33.866961Z,992,124.5,12650,OK,OK,OK
2026-08-29T19:44:39.236613Z,993,124.5,12634,OK,OK,OK
2026-08-29T19:44:44.621162Z,991,124.5,12634,OK,OK,OK
2026-08-29T19:44:49.990010Z,991,124.5,12634,OK,OK,OK
2026-08-29T19:44:55.373062Z,988,124.5,12634,OK,OK,OK
2026-08-29T19:45:00.749403Z,992,124.5,12634,OK,OK,OK
2026-08-29T19:45:06.161621Z,989,124.6,12629,OK,OK,OK
2026-08-29T19:45:11.534710Z,991,124.6,12629,OK,OK,OK
2026-08-29T19:45:16.927191Z,995,124.6,12631,OK,OK,OK
2026-08-29T19:45:22.313717Z,989,124.5,12631,OK,OK,OK
2026-08-29T19:45:27.695776Z,991,124.5,12631,OK,OK,OK
2026-08-29T19:45:33.074413Z,998,124.3,12624,OK,OK,OK
2026-08-29T19:45:38.438039Z,994,124.3,12624,OK,OK,OK
2026-08-29T19:45:43.828039Z,994,124.3,12613,OK,OK,OK
2026-08-29T19:45:49.226610Z,993,124.3,12613,OK,OK,OK
2026-08-29T19:45:54.597737Z,992,124.3,12613,OK,OK,OK
2026-08-29T19:46:00.009030Z,992,124.3,12603,OK,OK,OK
2026-08-29T19:46:05.386561Z,992,124.3,12603,OK,OK,OK
2026-08-29T19:46:10.783681Z,993,124.3,12592,OK,OK,OK
2026-08-29T19:46:16.168070Z,1008,124.3,12592,OK,OK,OK
2026-08-29T19:46:21.545019Z,991,124.3,12592,OK,OK,OK
2026-08-29T19:46:26.942941Z,994,124.1,12587,OK,OK,OK
2026-08-29T19:46:32.334075Z,993,124.1,12587,OK,OK,OK
2026-08-29T19:46:37.717365Z,996,124.1,12577,OK,OK,OK
2026-08-29T19:46:43.096072Z,991,123.9,12577,OK,OK,OK
2026-08-29T19:46:48.478297Z,993,124.1,12573,OK,OK,OK
2026-08-29T19:46:53.846966Z,994,124.1,12573,OK,OK,OK
2026-08-29T19:46:59.245623Z,994,124.1,12573,OK,OK,OK
2026-08-29T19:47:04.636932Z,992,124.1,12570,OK,OK,OK
2026-08-29T19:47:10.031744Z,992,124.1,12570,OK,OK,OK
2026-08-29T19:47:15.403927Z,994,124.1,12564,OK,OK,OK
2026-08-29T19:47:20.780450Z,994,124.1,12564,OK,OK,OK
2026-08-29T19:47:26.166274Z,994,124.1,12564,OK,OK,OK
2026-08-29T19:47:31.540622Z,995,124.3,12544,OK,OK,OK
2026-08-29T19:47:36.914563Z,996,124.3,12544,OK,OK,OK
2026-08-29T19:47:42.305196Z,998,124.3,12536,OK,OK,OK
2026-08-29T19:47:47.682116Z,998,124.3,12536,OK,OK,OK
2026-08-29T19:47:53.041284Z,995,124.3,12536,OK,OK,OK
2026-08-29T19:47:58.436454Z,999,124.3,12526,OK,OK,OK
2026-08-29T19:48:03.821574Z,995,124.3,12526,OK,OK,OK
2026-08-29T19:48:09.180446Z,997,124.4,12521,OK,OK,OK
2026-08-29T19:48:14.566843Z,998,124.5,12521,OK,OK,OK
2026-08-29T19:48:19.953336Z,996,124.5,12524,OK,OK,OK
2026-08-29T19:48:25.328774Z,994,124.5,12524,OK,OK,OK
2026-08-29T19:48:30.704084Z,994,124.5,12524,OK,OK,OK
2026-08-29T19:48:36.099173Z,995,124.5,12514,OK,OK,OK
2026-08-29T19:48:41.480729Z,999,124.6,12514,OK,OK,OK
2026-08-29T19:48:46.877060Z,994,124.4,12502,OK,OK,OK
2026-08-29T19:48:52.244659Z,996,124.5,12502,OK,OK,OK
2026-08-29T19:48:57.643882Z,1000,124.5,12502,OK,OK,OK
2026-08-29T19:49:03.029582Z,994,124.5,12493,OK,OK,OK
2026-08-29T19:49:08.411068Z,997,124.6,12493,OK,OK,OK
2026-08-29T19:49:13.818619Z,999,124.6,12485,OK,OK,OK
2026-08-29T19:49:19.221279Z,998,124.6,12485,OK,OK,OK
2026-08-29T19:49:24.586777Z,996,124.5,12485,OK,OK,OK
2026-08-29T19:49:29.968737Z,997,124.5,12494,OK,OK,OK
2026-08-29T19:49:35.349190Z,995,124.4,12494,OK,OK,OK
2026-08-29T19:49:40.719584Z,999,124.4,12492,OK,OK,OK
2026-08-29T19:49:46.090112Z,995,124.4,12492,OK,OK,OK
2026-08-29T19:49:51.470070Z,998,124.5,12479,OK,OK,OK
2026-08-29T19:49:56.895364Z,999,124.4,12479,OK,OK,OK
2026-08-29T19:50:02.281794Z,995,124.4,12479,OK,OK,OK
2026-08-29T19:50:07.651392Z,998,124.4,12470,OK,OK,OK
2026-08-29T19:50:13.091833Z,997,124.5,12470,OK,OK,OK
2026-08-29T19:50:18.473536Z,997,124.6,12473,OK,OK,OK
2026-08-29T19:50:23.839963Z,998,124.5,12473,OK,OK,OK
2026-08-29T19:50:29.231147Z,997,124.5,12473,OK,OK,OK
2026-08-29T19:50:34.603613Z,996,124.4,12462,OK,OK,OK
2026-08-29T19:50:39.971743Z,1003,124.5,12462,OK,OK,OK
2026-08-29T19:50:45.341145Z,998,124.5,12461,OK,OK,OK
2026-08-29T19:50:50.742332Z,997,124.5,12461,OK,OK,OK
2026-08-29T19:50:56.122173Z,997,124.5,12452,OK,OK,OK
2026-08-29T19:51:01.486176Z,998,124.4,12452,OK,OK,OK
2026-08-29T19:51:06.871378Z,1002,124.4,12452,OK,OK,OK
2026-08-29T19:51:12.259219Z,997,124.4,12434,OK,OK,OK
2026-08-29T19:51:17.643635Z,1007,124.4,12434,OK,OK,OK
2026-08-29T19:51:23.031518Z,1002,124.4,12425,OK,OK,OK
2026-08-29T19:51:28.408255Z,1000,124.5,12425,OK,OK,OK
2026-08-29T19:51:33.793868Z,998,124.5,12425,OK,OK,OK
2026-08-29T19:51:39.175030Z,996,124.5,12412,OK,OK,OK
2026-08-29T19:51:44.560461Z,998,124.5,12412,OK,OK,OK
2026-08-29T19:51:49.947658Z,1000,124.5,12414,OK,OK,OK
2026-08-29T19:51:55.334743Z,998,124.5,12414,OK,OK,OK
2026-08-29T19:52:00.703895Z,998,124.6,12414,OK,OK,OK
2026-08-29T19:52:06.092614Z,1000,124.6,12400,OK,OK,OK
2026-08-29T19:52:11.476568Z,998,124.6,12400,OK,OK,OK
2026-08-29T19:52:16.858521Z,997,124.6,12393,OK,OK,OK
2026-08-29T19:52:22.239713Z,999,124.6,12393,OK,OK,OK
2026-08-29T19:52:27.654760Z,1000,124.6,12390,OK,OK,OK
2026-08-29T19:52:33.028608Z,999,124.6,12390,OK,OK,OK
2026-08-29T19:52:38.411829Z,996,124.6,12390,OK,OK,OK
2026-08-29T19:52:43.798319Z,998,124.6,12378,OK,OK,OK
2026-08-29T19:52:49.184134Z,999,124.6,12378,OK,OK,OK
2026-08-29T19:52:54.546921Z,996,124.5,12353,OK,OK,OK
2026-08-29T19:52:59.922279Z,997,124.6,12353,OK,OK,OK
2026-08-29T19:53:05.309522Z,1002,124.6,12353,OK,OK,OK
2026-08-29T19:53:10.702770Z,996,124.4,12348,OK,OK,OK
2026-08-29T19:53:16.097614Z,1083,124.4,12348,OK,OK,OK
2026-08-29T19:53:21.500236Z,1096,124.4,12342,OK,OK,OK
2026-08-29T19:53:26.870699Z,1107,124.6,12342,OK,OK,OK
2026-08-29T19:53:32.241304Z,1103,124.6,12342,OK,OK,OK
2026-08-29T19:53:37.643922Z,1107,124.6,12327,OK,OK,OK
2026-08-29T19:53:43.015170Z,1111,124.6,12327,OK,OK,OK
2026-08-29T19:53:48.397955Z,1108,124.6,12308,OK,OK,OK
2026-08-29T19:53:53.766543Z,1106,124.4,12308,OK,OK,OK
2026-08-29T19:53:59.142369Z,1105,124.6,12293,OK,OK,OK
2026-08-29T19:54:04.527847Z,1105,124.6,12293,OK,OK,OK
2026-08-29T19:54:09.909898Z,1102,124.6,12293,OK,OK,OK
2026-08-29T19:54:15.301562Z,1100,124.6,12291,OK,OK,OK
2026-08-29T19:54:21.290869Z,1101,124.6,12291,OK,OK,OK
2026-08-29T19:54:26.705178Z,1102,124.4,12284,OK,OK,OK
2026-08-29T19:54:32.068497Z,1098,124.6,12284,OK,OK,OK
2026-08-29T19:54:37.450531Z,1093,124.6,12284,OK,OK,OK
2026-08-29T19:54:42.825582Z,1092,124.4,12271,OK,OK,OK
2026-08-29T19:54:48.228127Z,1096,124.5,12271,OK,OK,OK
2026-08-29T19:54:53.617876Z,1096,124.4,12264,OK,OK,OK
2026-08-29T19:54:59.016366Z,1088,124.3,12264,OK,OK,OK
2026-08-29T19:55:04.389128Z,1090,124.3,12258,OK,OK,OK
2026-08-29T19:55:09.770706Z,1089,124.4,12258,OK,OK,OK
2026-08-29T19:55:15.165977Z,1089,124.4,12258,OK,OK,OK
2026-08-29T19:55:20.574900Z,1090,124.4,12261,OK,OK,OK
2026-08-29T19:55:25.963337Z,1087,124.6,12261,OK,OK,OK
2026-08-29T19:55:31.325988Z,1085,124.5,12251,OK,OK,OK
2026-08-29T19:55:36.706993Z,1082,124.3,12251,OK,OK,OK
2026-08-29T19:55:42.093450Z,1081,124.6,12251,OK,OK,OK
2026-08-29T19:55:47.453502Z,1084,124.4,12237,OK,OK,OK
2026-08-29T19:55:52.833669Z,1082,124.5,12237,OK,OK,OK
2026-08-29T19:55:58.217589Z,1079,124.5,12225,OK,OK,OK
2026-08-29T19:56:03.588480Z,1078,124.5,12225,OK,OK,OK
2026-08-29T19:56:08.969172Z,1080,124.3,12225,OK,OK,OK
2026-08-29T19:56:14.364028Z,1078,124.3,12215,OK,OK,OK
2026-08-29T19:56:19.750802Z,1089,124.4,12215,OK,OK,OK
2026-08-29T19:56:25.113612Z,1079,124.4,12204,OK,OK,OK
2026-08-29T19:56:30.503306Z,1078,124.5,12204,OK,OK,OK
2026-08-29T19:56:35.900124Z,1081,124.5,12190,OK,OK,OK
2026-08-29T19:56:41.294376Z,1081,124.5,12190,OK,OK,OK
2026-08-29T19:56:46.659762Z,1078,124.4,12190,OK,OK,OK
2026-08-29T19:56:52.038811Z,1086,124.4,12183,OK,OK,OK
2026-08-29T19:56:57.409257Z,1082,124.5,12183,OK,OK,OK
2026-08-29T19:57:02.795918Z,1081,124.5,12168,OK,OK,OK
2026-08-29T19:57:08.182519Z,1078,124.5,12168,OK,OK,OK
2026-08-29T19:57:13.615949Z,1082,124.5,12168,OK,OK,OK
2026-08-29T19:57:19.017466Z,1085,124.4,12153,OK,OK,OK
2026-08-29T19:57:24.380228Z,1080,124.3,12153,OK,OK,OK
2026-08-29T19:57:29.766188Z,1083,124.4,12138,OK,OK,OK
2026-08-29T19:57:35.140645Z,1083,124.4,12138,OK,OK,OK
2026-08-29T19:57:40.505224Z,1085,124.4,12138,OK,OK,OK
2026-08-29T19:57:45.912094Z,1083,124.4,12130,OK,OK,OK
2026-08-29T19:57:51.298882Z,1081,124.4,12130,OK,OK,OK
2026-08-29T19:57:56.668402Z,1079,124.3,12132,OK,OK,OK
2026-08-29T19:58:02.048114Z,1082,124.3,12132,OK,OK,OK
2026-08-29T19:58:07.424762Z,1081,124.4,12126,OK,OK,OK
2026-08-29T19:58:12.814471Z,1083,124.4,12126,OK,OK,OK
2026-08-29T19:58:18.207704Z,1085,124.4,12126,OK,OK,OK
2026-08-29T19:58:23.584442Z,1083,124.4,12114,OK,OK,OK
2026-08-29T19:58:28.963538Z,1080,124.4,12114,OK,OK,OK
2026-08-29T19:58:34.373606Z,1081,124.3,12112,OK,OK,OK
2026-08-29T19:58:39.746558Z,1083,124.3,12112,OK,OK,OK
2026-08-29T19:58:45.131255Z,1083,124.4,12112,OK,OK,OK
2026-08-29T19:58:50.521357Z,1081,124.4,12108,OK,OK,OK
2026-08-29T19:58:55.885711Z,1085,124.4,12108,OK,OK,OK
2026-08-29T19:59:01.275385Z,1084,124.4,12106,OK,OK,OK
2026-08-29T19:59:06.664278Z,1083,124.4,12106,OK,OK,OK
2026-08-29T19:59:12.052594Z,1083,124.3,12106,OK,OK,OK
2026-08-29T19:59:17.427599Z,1087,124.4,12091,OK,OK,OK
2026-08-29T19:59:22.814074Z,1083,124.4,12091,OK,OK,OK
2026-08-29T19:59:28.200520Z,1085,124.4,12074,OK,OK,OK
2026-08-29T19:59:33.565662Z,1086,124.4,12074,OK,OK,OK
2026-08-29T19:59:38.978286Z,1085,124.4,12076,OK,OK,OK
2026-08-29T19:59:44.360308Z,1089,124.3,12076,OK,OK,OK
2026-08-29T19:59:49.771998Z,1085,124.2,12076,OK,OK,OK
2026-08-29T19:59:55.169892Z,1086,124.3,12071,OK,OK,OK
2026-08-29T20:00:00.542074Z,1086,124.3,12071,OK,OK,OK
2026-08-29T20:00:05.922649Z,1084,124.3,12074,OK,OK,OK
2026-08-29T20:00:11.292707Z,1083,124.3,12074,OK,OK,OK
2026-08-29T20:00:16.659653Z,1085,124.3,12074,OK,OK,OK
2026-08-29T20:00:22.036946Z,1080,124.2,12064,OK,OK,OK
2026-08-29T20:00:27.436336Z,1081,124.2,12064,OK,OK,OK
2026-08-29T20:00:32.817001Z,1086,124.3,12054,OK,OK,OK
2026-08-29T20:00:38.194661Z,1080,124.3,12054,OK,OK,OK
2026-08-29T20:00:43.591667Z,1082,124.4,12056,OK,OK,OK
2026-08-29T20:00:48.962983Z,1082,124.4,12056,OK,OK,OK
2026-08-29T20:00:54.337724Z,1082,124.4,12056,OK,OK,OK
2026-08-29T20:00:59.721630Z,1082,124.3,12044,OK,OK,OK
2026-08-29T20:01:05.093994Z,1082,124.4,12044,OK,OK,OK
2026-08-29T20:01:10.456810Z,1081,124.4,12035,OK,OK,OK
2026-08-29T20:01:15.851043Z,1088,124.4,12035,OK,OK,OK
2026-08-29T20:01:21.231885Z,1081,124.4,12035,OK,OK,OK
2026-08-29T20:01:26.623549Z,1088,124.4,12030,OK,OK,OK
2026-08-29T20:01:31.999521Z,1082,124.2,12030,OK,OK,OK
2026-08-29T20:01:37.398671Z,1081,124.2,12014,OK,OK,OK
2026-08-29T20:01:42.774175Z,1085,124.4,12014,OK,OK,OK
2026-08-29T20:01:48.138416Z,1081,124.3,12014,OK,OK,OK
2026-08-29T20:01:53.517515Z,1082,124.3,12001,OK,OK,OK
2026-08-29T20:01:58.911417Z,1082,124.3,12001,OK,OK,OK
2026-08-29T20:02:04.281941Z,1082,124.4,11998,OK,OK,OK
2026-08-29T20:02:09.676809Z,1081,124.2,11998,OK,OK,OK
2026-08-29T20:02:15.074472Z,1079,124.3,11998,OK,OK,OK
2026-08-29T20:02:20.455742Z,1085,124.4,11986,OK,OK,OK
2026-08-29T20:02:25.816749Z,1084,124.4,11986,OK,OK,OK
2026-08-29T20:02:31.197041Z,1082,124.2,11984,OK,OK,OK
2026-08-29T20:02:36.575328Z,1079,123.9,11984,OK,OK,OK
2026-08-29T20:02:41.939776Z,1086,124.1,11974,OK,OK,OK
2026-08-29T20:02:47.311095Z,1079,123.9,11974,OK,OK,OK
2026-08-29T20:02:52.696965Z,1081,124.0,11974,OK,OK,OK
2026-08-29T20:02:58.067416Z,1084,124.1,11951,OK,OK,OK
2026-08-29T20:03:03.448455Z,1079,124.1,11951,OK,OK,OK
2026-08-29T20:03:08.842452Z,1081,124.1,11937,OK,OK,OK
2026-08-29T20:03:14.217453Z,1081,124.1,11937,OK,OK,OK
2026-08-29T20:03:19.618771Z,1082,124.1,11937,OK,OK,OK
2026-08-29T20:03:25.003249Z,1085,123.9,11930,OK,OK,OK
2026-08-29T20:03:30.402483Z,1081,124.1,11930,OK,OK,OK
2026-08-29T20:03:35.792662Z,1082,124.1,11922,OK,OK,OK
2026-08-29T20:03:41.214195Z,1082,124.1,11922,OK,OK,OK
2026-08-29T20:03:46.610468Z,1080,124.1,11912,OK,OK,OK
2026-08-29T20:03:51.981968Z,1081,124.1,11912,OK,OK,OK
2026-08-29T20:03:57.335167Z,1080,123.9,11912,OK,OK,OK
2026-08-29T20:04:02.721632Z,1078,123.9,11909,OK,OK,OK
2026-08-29T20:04:08.108238Z,1077,124.2,11909,OK,OK,OK
2026-08-29T20:04:13.501075Z,1080,124.1,11915,OK,OK,OK
2026-08-29T20:04:18.897188Z,1078,124.1,11915,OK,OK,OK
2026-08-29T20:04:24.283632Z,1079,124.1,11915,OK,OK,OK
2026-08-29T20:04:29.677564Z,1078,124.1,11916,OK,OK,OK
2026-08-29T20:04:35.060822Z,1076,123.9,11916,OK,OK,OK
2026-08-29T20:04:40.425197Z,1074,123.9,11898,OK,OK,OK
2026-08-29T20:04:45.797929Z,1076,124.2,11898,OK,OK,OK
2026-08-29T20:04:51.196231Z,1078,124.2,11898,OK,OK,OK
2026-08-29T20:04:56.587017Z,1075,124.1,11894,OK,OK,OK
2026-08-29T20:05:01.970847Z,1077,123.8,11894,OK,OK,OK
2026-08-29T20:05:07.375650Z,1080,123.8,11886,OK,OK,OK
2026-08-29T20:05:12.747228Z,1077,123.7,11886,OK,OK,OK
2026-08-29T20:05:18.121702Z,1077,123.9,11886,OK,OK,OK
2026-08-29T20:05:23.488332Z,1081,123.9,11886,OK,OK,OK
2026-08-29T20:05:28.874221Z,1077,124.0,11886,OK,OK,OK
2026-08-29T20:05:34.248795Z,1078,123.9,11876,OK,OK,OK
2026-08-29T20:05:39.633705Z,1076,123.9,11876,OK,OK,OK
2026-08-29T20:05:45.025714Z,1076,123.8,11851,OK,OK,OK
2026-08-29T20:05:50.405574Z,1080,123.8,11851,OK,OK,OK
2026-08-29T20:05:55.798454Z,1076,123.9,11851,OK,OK,OK
2026-08-29T20:06:01.172923Z,1079,123.9,11843,OK,OK,OK
2026-08-29T20:06:06.560691Z,1080,123.9,11843,OK,OK,OK
2026-08-29T20:06:11.946177Z,1076,123.9,11827,OK,OK,OK
2026-08-29T20:06:17.321972Z,1087,123.9,11827,OK,OK,OK
2026-08-29T20:06:22.698647Z,1076,123.8,11827,OK,OK,OK
2026-08-29T20:06:28.085257Z,1076,123.9,11823,OK,OK,OK
2026-08-29T20:06:33.455743Z,1077,123.9,11823,OK,OK,OK
2026-08-29T20:06:38.834009Z,1077,123.9,11805,OK,OK,OK
2026-08-29T20:06:44.208402Z,1078,123.9,11805,OK,OK,OK
2026-08-29T20:06:49.567743Z,1080,123.9,11805,OK,OK,OK
2026-08-29T20:06:54.952383Z,1076,123.8,11800,OK,OK,OK
2026-08-29T20:07:00.330944Z,1072,123.4,11800,OK,OK,OK
2026-08-29T20:07:05.724793Z,1074,123.9,11787,OK,OK,OK
2026-08-29T20:07:11.110035Z,1070,123.9,11787,OK,OK,OK
2026-08-29T20:07:16.508146Z,1072,123.9,11763,OK,OK,OK
2026-08-29T20:07:21.903664Z,1070,123.9,11763,OK,OK,OK
2026-08-29T20:07:27.274065Z,1070,123.9,11751,OK,OK,OK
2026-08-29T20:07:32.660556Z,1065,123.7,11751,OK,OK,OK
2026-08-29T20:07:38.031919Z,1067,123.6,11751,OK,OK,OK
2026-08-29T20:07:43.417568Z,1067,123.8,11736,OK,OK,OK
2026-08-29T20:07:48.800032Z,1072,123.8,11736,OK,OK,OK
2026-08-29T20:07:54.181992Z,1068,123.8,11721,OK,OK,OK
2026-08-29T20:07:59.561186Z,1067,123.8,11721,OK,OK,OK
2026-08-29T20:08:04.928267Z,1066,123.6,11721,OK,OK,OK
2026-08-29T20:08:10.310208Z,1066,123.6,11680,OK,OK,OK
2026-08-29T20:08:15.682041Z,1070,123.8,11680,OK,OK,OK
2026-08-29T20:08:21.075053Z,1070,123.8,11668,OK,OK,OK
2026-08-29T20:08:26.445461Z,1069,123.8,11668,OK,OK,OK
2026-08-29T20:08:31.808094Z,1069,123.8,11668,OK,OK,OK
2026-08-29T20:08:37.200055Z,1068,123.8,11633,OK,OK,OK
2026-08-29T20:08:42.594341Z,1065,123.7,11633,OK,OK,OK
2026-08-29T20:08:47.970770Z,1067,123.7,11606,OK,OK,OK
2026-08-29T20:08:53.346068Z,1069,123.8,11606,OK,OK,OK
2026-08-29T20:08:58.729750Z,1070,123.8,11574,OK,OK,OK
2026-08-29T20:09:04.098025Z,1066,123.8,11574,OK,OK,OK
2026-08-29T20:09:09.494830Z,1067,123.8,11574,OK,OK,OK
2026-08-29T20:09:14.879108Z,1067,123.6,11553,OK,OK,OK
2026-08-29T20:09:20.248019Z,1072,123.6,11553,OK,OK,OK
2026-08-29T20:09:25.621116Z,1067,123.8,11528,OK,OK,OK
2026-08-29T20:09:31.001584Z,1070,123.8,11528,OK,OK,OK
2026-08-29T20:09:36.378564Z,1070,123.8,11528,OK,OK,OK
2026-08-29T20:09:41.747354Z,1069,123.8,11513,OK,OK,OK
2026-08-29T20:09:47.124168Z,1067,123.7,11513,OK,OK,OK
2026-08-29T20:09:52.504707Z,1067,123.6,11497,OK,OK,OK
2026-08-29T20:09:57.879774Z,1066,123.6,11497,OK,OK,OK
2026-08-29T20:10:03.266509Z,1069,123.8,11488,OK,OK,OK
2026-08-29T20:10:08.637137Z,1066,123.8,11488,OK,OK,OK
2026-08-29T20:10:14.183849Z,1069,123.8,11488,OK,OK,OK
2026-08-29T20:10:19.544525Z,1065,123.8,11479,OK,OK,OK
2026-08-29T20:10:24.924518Z,1067,123.8,11479,OK,OK,OK
2026-08-29T20:10:30.311107Z,1066,123.6,11470,OK,OK,OK
2026-08-29T20:10:35.692763Z,1064,123.8,11470,OK,OK,OK
2026-08-29T20:10:41.068239Z,1064,123.8,11470,OK,OK,OK
2026-08-29T20:10:46.454682Z,1068,123.8,11455,OK,OK,OK
2026-08-29T20:10:51.841350Z,1068,123.8,11455,OK,OK,OK
2026-08-29T20:10:57.209162Z,1066,123.8,11440,OK,OK,OK
2026-08-29T20:11:02.588274Z,1066,123.6,11440,OK,OK,OK
2026-08-29T20:11:07.969228Z,1064,123.6,11429,OK,OK,OK
2026-08-29T20:11:13.353335Z,1068,123.8,11429,OK,OK,OK
2026-08-29T20:11:18.733261Z,1078,123.8,11429,OK,OK,OK
2026-08-29T20:11:24.128359Z,1075,123.8,11423,OK,OK,OK
2026-08-29T20:11:29.531142Z,1066,123.8,11423,OK,OK,OK
2026-08-29T20:11:34.903790Z,1069,123.8,11414,OK,OK,OK
2026-08-29T20:11:40.311109Z,1067,123.6,11414,OK,OK,OK
2026-08-29T20:11:45.708373Z,1066,123.6,11404,OK,OK,OK
2026-08-29T20:11:51.068112Z,1066,123.8,11404,OK,OK,OK
2026-08-29T20:11:56.479460Z,1069,124.0,11404,OK,OK,OK
2026-08-29T20:12:01.865900Z,1068,124.0,11387,OK,OK,OK
2026-08-29T20:12:07.260638Z,1066,123.9,11387,OK,OK,OK
2026-08-29T20:12:12.622937Z,1070,124.0,11377,OK,OK,OK
2026-08-29T20:12:18.025198Z,1066,123.8,11377,OK,OK,OK
2026-08-29T20:12:23.423493Z,1066,123.8,11377,OK,OK,OK
2026-08-29T20:12:28.807450Z,1070,124.0,11365,OK,OK,OK
2026-08-29T20:12:34.184728Z,1070,123.9,11365,OK,OK,OK
2026-08-29T20:12:39.585286Z,1071,124.1,11355,OK,OK,OK
2026-08-29T20:12:44.969111Z,1068,124.0,11355,OK,OK,OK
2026-08-29T20:12:50.333180Z,1067,124.0,11336,OK,OK,OK
2026-08-29T20:12:55.726074Z,1066,123.9,11336,OK,OK,OK
2026-08-29T20:13:01.101017Z,1067,124.1,11336,OK,OK,OK
2026-08-29T20:13:06.471496Z,1066,124.1,11329,OK,OK,OK
2026-08-29T20:13:11.857838Z,1066,124.1,11329,OK,OK,OK
2026-08-29T20:13:17.237029Z,1067,124.1,11324,OK,OK,OK
2026-08-29T20:13:22.614908Z,1067,124.1,11324,OK,OK,OK
2026-08-29T20:13:28.005866Z,1066,123.9,11324,OK,OK,OK
2026-08-29T20:13:33.396149Z,1064,123.9,11311,OK,OK,OK
2026-08-29T20:13:38.774370Z,1069,124.1,11311,OK,OK,OK
2026-08-29T20:13:44.157269Z,1068,124.4,11314,OK,OK,OK
2026-08-29T20:13:49.568016Z,1069,124.3,11314,OK,OK,OK
2026-08-29T20:13:54.948943Z,1068,124.3,11314,OK,OK,OK
2026-08-29T20:14:00.371809Z,986,124.3,11303,OK,OK,OK
2026-08-29T20:14:05.748613Z,985,124.1,11303,OK,OK,OK
2026-08-29T20:14:11.141790Z,986,124.1,11300,OK,OK,OK
2026-08-29T20:14:16.529689Z,988,124.3,11300,OK,OK,OK
2026-08-29T20:14:21.910144Z,984,124.3,11297,OK,OK,OK
2026-08-29T20:14:27.281280Z,991,124.4,11297,OK,OK,OK
2026-08-29T20:14:32.671199Z,985,124.4,11297,OK,OK,OK
2026-08-29T20:14:38.057634Z,989,124.3,11288,OK,OK,OK
2026-08-29T20:14:43.428123Z,985,124.2,11288,OK,OK,OK
2026-08-29T20:14:48.830614Z,985,124.3,11273,OK,OK,OK
2026-08-29T20:14:54.222088Z,990,124.4,11273,OK,OK,OK
2026-08-29T20:14:59.597783Z,992,124.4,11273,OK,OK,OK
2026-08-29T20:15:04.972541Z,988,124.4,11265,OK,OK,OK
2026-08-29T20:15:10.370639Z,992,124.2,11265,OK,OK,OK
2026-08-29T20:15:15.752290Z,991,124.3,11232,OK,OK,OK
2026-08-29T20:15:21.122709Z,991,124.1,11232,OK,OK,OK
2026-08-29T20:15:26.505337Z,988,124.1,11232,OK,OK,OK
2026-08-29T20:15:31.879993Z,992,124.2,11222,OK,OK,OK
2026-08-29T20:15:37.277408Z,992,124.2,11222,OK,OK,OK
2026-08-29T20:15:42.653722Z,990,124.2,11224,OK,OK,OK
2026-08-29T20:15:48.046013Z,990,124.1,11224,OK,OK,OK
2026-08-29T20:15:53.458755Z,990,124.2,11217,OK,OK,OK
2026-08-29T20:15:58.824884Z,988,124.0,11217,OK,OK,OK
2026-08-29T20:16:04.216259Z,1120,124.2,11217,OK,OK,OK
2026-08-29T20:16:09.592555Z,1123,124.3,11199,OK,OK,OK
2026-08-29T20:16:14.980121Z,1117,124.3,11199,OK,OK,OK
2026-08-29T20:16:20.351212Z,1122,124.3,11187,OK,OK,OK
2026-08-29T20:16:25.729022Z,1118,124.2,11187,OK,OK,OK
2026-08-29T20:16:31.121693Z,1118,124.3,11187,OK,OK,OK
2026-08-29T20:16:36.483143Z,1114,124.1,11157,OK,OK,OK
2026-08-29T20:16:41.872163Z,1120,124.3,11157,OK,OK,OK
2026-08-29T20:16:47.274716Z,1119,124.2,11116,OK,OK,OK
2026-08-29T20:16:52.645104Z,1115,124.3,11116,OK,OK,OK
2026-08-29T20:16:58.011965Z,1116,124.3,11076,OK,OK,OK
2026-08-29T20:17:03.387987Z,1116,124.3,11076,OK,OK,OK
2026-08-29T20:17:08.767696Z,1112,124.2,11076,OK,OK,OK
2026-08-29T20:17:14.129376Z,1112,124.1,11047,OK,OK,OK
2026-08-29T20:17:19.513533Z,1115,124.2,11047,OK,OK,OK
2026-08-29T20:17:24.894052Z,1115,124.2,11055,OK,OK,OK
2026-08-29T20:17:30.270581Z,999,124.1,11055,OK,OK,OK
2026-08-29T20:17:35.641205Z,1001,124.1,11055,OK,OK,OK
2026-08-29T20:17:41.043690Z,996,124.1,11015,OK,OK,OK
2026-08-29T20:17:46.430126Z,998,123.9,11015,OK,OK,OK
2026-08-29T20:17:51.795299Z,997,123.9,10984,OK,OK,OK
2026-08-29T20:17:57.167473Z,999,124.1,10984,OK,OK,OK
2026-08-29T20:18:02.545766Z,998,124.1,10984,OK,OK,OK
2026-08-29T20:18:07.944132Z,996,124.1,11004,OK,OK,OK
2026-08-29T20:18:13.331711Z,998,124.1,11004,OK,OK,OK
2026-08-29T20:18:18.712777Z,998,124.4,10952,OK,OK,OK
2026-08-29T20:18:24.087383Z,997,124.2,10952,OK,OK,OK
2026-08-29T20:18:29.473868Z,999,124.3,10952,OK,OK,OK
2026-08-29T20:18:34.860428Z,1000,124.4,10954,OK,OK,OK
2026-08-29T20:18:40.234241Z,999,124.4,10954,OK,OK,OK
2026-08-29T20:18:45.619344Z,1002,124.4,10949,OK,OK,OK
2026-08-29T20:18:51.004338Z,1000,124.4,10949,OK,OK,OK
2026-08-29T20:18:56.374774Z,999,124.4,10945,OK,OK,OK
2026-08-29T20:19:01.737725Z,1000,124.4,10945,OK,OK,OK
2026-08-29T20:19:07.109246Z,999,124.3,10945,OK,OK,OK
2026-08-29T20:19:12.495716Z,1001,124.4,10903,OK,OK,OK
2026-08-29T20:19:17.866220Z,1001,124.4,10903,OK,OK,OK
2026-08-29T20:19:23.236644Z,999,124.4,10886,OK,OK,OK
2026-08-29T20:19:28.623138Z,1002,124.4,10886,OK,OK,OK
2026-08-29T20:19:34.026574Z,1004,124.7,10886,OK,OK,OK
2026-08-29T20:19:39.398337Z,1003,124.8,10885,OK,OK,OK
2026-08-29T20:19:44.786784Z,1003,124.8,10885,OK,OK,OK
2026-08-29T20:19:50.163943Z,1004,124.8,10858,OK,OK,OK
2026-08-29T20:19:55.549320Z,1005,124.8,10858,OK,OK,OK
2026-08-29T20:20:00.922621Z,1006,124.8,10841,OK,OK,OK
2026-08-29T20:20:06.312548Z,1006,124.8,10841,OK,OK,OK
2026-08-29T20:20:11.715187Z,1002,124.8,10841,OK,OK,OK
2026-08-29T20:20:17.095634Z,994,124.8,10828,OK,OK,OK
2026-08-29T20:20:22.472275Z,994,124.8,10828,OK,OK,OK
2026-08-29T20:20:27.850890Z,996,124.8,10809,OK,OK,OK
2026-08-29T20:20:33.223415Z,1000,124.8,10809,OK,OK,OK
2026-08-29T20:20:38.588148Z,994,124.8,10809,OK,OK,OK
2026-08-29T20:20:43.964483Z,995,124.8,10793,OK,OK,OK
2026-08-29T20:20:49.324948Z,997,124.8,10793,OK,OK,OK
2026-08-29T20:20:54.711549Z,995,124.8,10805,OK,OK,OK
2026-08-29T20:21:00.095375Z,992,124.8,10805,OK,OK,OK
2026-08-29T20:21:05.500633Z,993,125.1,10805,OK,OK,OK
2026-08-29T20:21:10.871228Z,995,125.1,10780,OK,OK,OK
2026-08-29T20:21:16.257658Z,1006,125.1,10780,OK,OK,OK
2026-08-29T20:21:21.636316Z,994,125.1,10754,OK,OK,OK
2026-08-29T20:21:27.029354Z,996,125.1,10754,OK,OK,OK
2026-08-29T20:21:32.425108Z,996,125.1,10738,OK,OK,OK
2026-08-29T20:21:37.807997Z,991,125.0,10738,OK,OK,OK
2026-08-29T20:21:43.175551Z,991,125.0,10738,OK,OK,OK
2026-08-29T20:21:48.560878Z,993,125.0,10740,OK,OK,OK
2026-08-29T20:21:53.932188Z,993,125.0,10740,OK,OK,OK
2026-08-29T20:21:59.322571Z,994,125.1,10695,OK,OK,OK
2026-08-29T20:22:04.704434Z,992,125.1,10695,OK,OK,OK
2026-08-29T20:22:10.104644Z,991,125.1,10695,OK,OK,OK
2026-08-29T20:22:15.493314Z,993,125.1,10699,OK,OK,OK
2026-08-29T20:22:20.876711Z,993,125.1,10699,OK,OK,OK
2026-08-29T20:22:26.259478Z,993,125.1,10706,OK,OK,OK
2026-08-29T20:22:31.642732Z,992,125.1,10706,OK,OK,OK
2026-08-29T20:22:37.004659Z,993,125.1,10704,OK,OK,OK
2026-08-29T20:22:42.378094Z,993,125.1,10704,OK,OK,OK
2026-08-29T20:22:47.748605Z,988,125.0,10704,OK,OK,OK
2026-08-29T20:22:53.123508Z,992,124.9,10642,OK,OK,OK
2026-08-29T20:22:58.505490Z,990,124.9,10642,OK,OK,OK
2026-08-29T20:23:03.889449Z,993,124.9,10609,OK,OK,OK
2026-08-29T20:23:09.278413Z,990,124.9,10609,OK,OK,OK
2026-08-29T20:23:14.647067Z,998,125.0,10609,OK,OK,OK
2026-08-29T20:23:20.031243Z,990,124.9,10595,OK,OK,OK
2026-08-29T20:23:25.407328Z,991,124.9,10595,OK,OK,OK
2026-08-29T20:23:30.774370Z,993,125.0,10589,OK,OK,OK
2026-08-29T20:23:36.149540Z,995,125.0,10589,OK,OK,OK
2026-08-29T20:23:41.533302Z,994,125.0,10589,OK,OK,OK
2026-08-29T20:23:46.920631Z,992,125.0,10602,OK,OK,OK
2026-08-29T20:23:52.290373Z,990,125.0,10602,OK,OK,OK
2026-08-29T20:23:57.677014Z,992,125.0,10591,OK,OK,OK
2026-08-29T20:24:03.054374Z,990,125.0,10591,OK,OK,OK
2026-08-29T20:24:08.428308Z,995,124.9,10518,OK,OK,OK
2026-08-29T20:24:13.832114Z,994,125.0,10518,OK,OK,OK
2026-08-29T20:24:19.221497Z,992,124.9,10518,OK,OK,OK
2026-08-29T20:24:24.583448Z,989,124.9,10496,OK,OK,OK
2026-08-29T20:24:29.954104Z,994,124.9,10496,OK,OK,OK
2026-08-29T20:24:35.330280Z,994,124.9,10479,OK,OK,OK
2026-08-29T20:24:40.709987Z,991,124.9,10479,OK,OK,OK
2026-08-29T20:24:46.080871Z,992,125.0,10479,OK,OK,OK
2026-08-29T20:24:51.472542Z,993,124.9,10447,OK,OK,OK
2026-08-29T20:24:56.855474Z,994,124.9,10447,OK,OK,OK
2026-08-29T20:25:02.241493Z,990,124.9,10426,OK,OK,OK
2026-08-29T20:25:07.617554Z,989,124.9,10426,OK,OK,OK
2026-08-29T20:25:13.056413Z,993,124.9,10402,OK,OK,OK
2026-08-29T20:25:18.465048Z,994,124.8,10402,OK,OK,OK
2026-08-29T20:25:23.866476Z,989,124.6,10402,OK,OK,OK
2026-08-29T20:25:29.243720Z,989,124.6,10383,OK,OK,OK
2026-08-29T20:25:34.629780Z,991,124.6,10383,OK,OK,OK
2026-08-29T20:25:40.023110Z,992,124.6,10352,OK,OK,OK
2026-08-29T20:25:45.389889Z,989,124.6,10352,OK,OK,OK
2026-08-29T20:25:50.772890Z,992,124.7,10352,OK,OK,OK
2026-08-29T20:25:56.163756Z,990,124.7,10329,OK,OK,OK
2026-08-29T20:26:01.554508Z,991,124.7,10329,OK,OK,OK
2026-08-29T20:26:06.939743Z,988,124.6,10320,OK,OK,OK
2026-08-29T20:26:12.342192Z,992,124.6,10320,OK,OK,OK
2026-08-29T20:26:17.730977Z,1001,124.6,10320,OK,OK,OK
2026-08-29T20:26:23.127631Z,990,124.6,10295,OK,OK,OK
2026-08-29T20:26:28.518779Z,990,124.6,10295,OK,OK,OK
2026-08-29T20:26:33.900661Z,990,124.6,10282,OK,OK,OK
2026-08-29T20:26:39.290580Z,991,124.6,10282,OK,OK,OK
2026-08-29T20:26:44.661021Z,989,124.6,10264,OK,OK,OK
2026-08-29T20:26:50.027962Z,990,124.6,10264,OK,OK,OK
2026-08-29T20:26:55.402025Z,993,124.6,10264,OK,OK,OK
2026-08-29T20:27:00.791581Z,991,124.6,10249,OK,OK,OK
2026-08-29T20:27:06.165631Z,991,124.6,10249,OK,OK,OK
2026-08-29T20:27:11.558642Z,991,124.6,10249,OK,OK,OK
2026-08-29T20:27:16.984009Z,991,124.6,10249,OK,OK,OK
2026-08-29T20:27:22.369130Z,992,124.6,10249,OK,OK,OK
2026-08-29T20:27:27.760206Z,991,124.6,10225,OK,OK,OK
2026-08-29T20:27:33.135781Z,994,124.6,10225,OK,OK,OK
2026-08-29T20:27:38.509911Z,992,124.6,10207,OK,OK,OK
2026-08-29T20:27:43.902661Z,993,124.6,10207,OK,OK,OK
2026-08-29T20:27:49.303340Z,990,124.6,10207,OK,OK,OK
2026-08-29T20:27:54.685332Z,988,124.6,10186,OK,OK,OK
2026-08-29T20:28:00.058867Z,992,124.6,10186,OK,OK,OK
2026-08-29T20:28:05.436481Z,989,124.6,10168,OK,OK,OK
2026-08-29T20:28:10.818514Z,992,124.6,10168,OK,OK,OK
2026-08-29T20:28:16.217543Z,995,124.6,10162,OK,OK,OK
2026-08-29T20:28:21.610124Z,993,124.6,10162,OK,OK,OK
2026-08-29T20:28:26.999683Z,992,124.5,10162,OK,OK,OK
2026-08-29T20:28:32.377980Z,991,124.5,10151,OK,OK,OK
2026-08-29T20:28:37.758263Z,992,124.6,10151,OK,OK,OK
2026-08-29T20:28:43.145376Z,991,124.7,10143,OK,OK,OK
2026-08-29T20:28:48.527719Z,991,124.7,10143,OK,OK,OK
2026-08-29T20:28:53.889299Z,993,124.6,10143,OK,OK,OK
2026-08-29T20:28:59.265269Z,994,124.6,10126,OK,OK,OK
2026-08-29T20:29:04.646269Z,991,124.6,10126,OK,OK,OK
2026-08-29T20:29:10.031748Z,990,124.6,10110,OK,OK,OK
2026-08-29T20:29:15.416072Z,990,124.6,10110,OK,OK,OK
2026-08-29T20:29:20.797413Z,993,124.6,10110,OK,OK,OK
2026-08-29T20:29:26.192366Z,991,124.6,10093,OK,OK,OK
2026-08-29T20:29:31.561983Z,990,124.6,10093,OK,OK,OK
2026-08-29T20:29:36.945142Z,998,124.6,10077,OK,OK,OK
2026-08-29T20:29:42.318668Z,992,124.7,10077,OK,OK,OK
2026-08-29T20:29:47.705296Z,991,124.7,10062,OK,OK,OK
2026-08-29T20:29:53.096368Z,990,124.7,10062,OK,OK,OK
2026-08-29T20:29:58.471202Z,992,124.6,10062,OK,OK,OK
2026-08-29T20:30:03.864727Z,991,124.6,10044,OK,OK,OK
2026-08-29T20:30:09.241086Z,990,124.6,10044,OK,OK,OK
2026-08-29T20:30:14.634140Z,992,124.6,10036,OK,OK,OK
2026-08-29T20:30:20.011001Z,989,124.6,10036,OK,OK,OK
2026-08-29T20:30:25.409540Z,990,124.6,10036,OK,OK,OK
2026-08-29T20:30:30.781253Z,988,124.7,10012,OK,OK,OK
2026-08-29T20:30:36.146359Z,991,124.7,10012,OK,OK,OK
2026-08-29T20:30:41.522268Z,991,124.7,9990,OK,OK,OK
2026-08-29T20:30:46.892719Z,993,124.6,9990,OK,OK,OK
2026-08-29T20:30:52.287546Z,989,124.6,9963,OK,OK,OK
2026-08-29T20:30:57.653320Z,992,124.6,9963,OK,OK,OK
2026-08-29T20:31:03.049366Z,990,124.6,9963,OK,OK,OK
2026-08-29T20:31:08.416589Z,996,124.6,9929,OK,OK,OK
2026-08-29T20:31:13.809107Z,990,124.6,9929,OK,OK,OK
2026-08-29T20:31:19.188399Z,996,124.6,9912,OK,OK,OK
2026-08-29T20:31:24.578304Z,989,124.6,9912,OK,OK,OK
2026-08-29T20:31:29.959406Z,992,124.6,9912,OK,OK,OK
2026-08-29T20:31:35.351343Z,1084,124.7,9880,OK,OK,OK
2026-08-29T20:31:40.755311Z,1090,124.7,9880,OK,OK,OK
2026-08-29T20:31:46.138916Z,1097,124.6,9848,OK,OK,OK
2026-08-29T20:31:51.530588Z,1105,124.6,9848,OK,OK,OK
2026-08-29T20:31:56.917185Z,1111,124.6,9817,OK,OK,OK
2026-08-29T20:32:02.303734Z,1103,124.6,9817,OK,OK,OK
2026-08-29T20:32:07.684199Z,1100,124.6,9817,OK,OK,OK
2026-08-29T20:32:13.124508Z,1099,124.6,9782,OK,OK,OK
2026-08-29T20:32:18.506712Z,1098,124.6,9782,OK,OK,OK
2026-08-29T20:32:23.872260Z,1095,124.6,9736,OK,OK,OK
2026-08-29T20:32:29.250033Z,1094,124.6,9736,OK,OK,OK
2026-08-29T20:32:34.638470Z,1092,124.5,9736,OK,OK,OK
2026-08-29T20:32:40.024894Z,1090,124.6,9723,OK,OK,OK
2026-08-29T20:32:45.418595Z,1089,124.6,9723,OK,OK,OK
2026-08-29T20:32:50.797854Z,1093,124.6,9719,OK,OK,OK
2026-08-29T20:32:56.187220Z,1086,124.6,9719,OK,OK,OK
2026-08-29T20:33:01.555688Z,1086,124.6,9719,OK,OK,OK
2026-08-29T20:33:06.936620Z,1083,124.5,9689,OK,OK,OK
2026-08-29T20:33:12.328809Z,1085,124.6,9689,OK,OK,OK
2026-08-29T20:33:17.710579Z,1081,124.5,9682,OK,OK,OK
2026-08-29T20:33:23.076201Z,1078,124.4,9682,OK,OK,OK
2026-08-29T20:33:28.491469Z,1082,124.4,9682,OK,OK,OK
2026-08-29T20:33:33.887099Z,1076,124.4,9665,OK,OK,OK
2026-08-29T20:33:39.255369Z,1073,124.4,9665,OK,OK,OK
2026-08-29T20:33:44.632054Z,1074,124.4,9657,OK,OK,OK
2026-08-29T20:33:50.034455Z,1076,124.4,9657,OK,OK,OK
2026-08-29T20:33:55.420930Z,1077,124.4,9646,OK,OK,OK
2026-08-29T20:34:00.804821Z,1073,124.4,9646,OK,OK,OK
2026-08-29T20:34:06.193929Z,1076,124.4,9646,OK,OK,OK
2026-08-29T20:34:11.612359Z,1072,124.4,9643,OK,OK,OK
2026-08-29T20:34:16.982847Z,1073,124.4,9643,OK,OK,OK
2026-08-29T20:34:22.369395Z,1072,124.5,9660,OK,OK,OK
2026-08-29T20:34:27.778231Z,1073,124.6,9660,OK,OK,OK
2026-08-29T20:34:33.190433Z,1077,124.6,9660,OK,OK,OK
2026-08-29T20:34:38.560745Z,1074,124.6,9611,OK,OK,OK
2026-08-29T20:34:43.932045Z,1075,124.5,9611,OK,OK,OK
2026-08-29T20:34:49.313842Z,1071,124.6,9602,OK,OK,OK
2026-08-29T20:34:54.697409Z,1076,124.5,9602,OK,OK,OK
2026-08-29T20:35:00.076506Z,1072,124.2,9600,OK,OK,OK
2026-08-29T20:35:05.461427Z,1068,124.4,9600,OK,OK,OK
2026-08-29T20:35:10.837348Z,1071,124.6,9600,OK,OK,OK
2026-08-29T20:35:16.228207Z,1069,124.7,9596,OK,OK,OK
2026-08-29T20:35:21.605914Z,1070,124.6,9596,OK,OK,OK
2026-08-29T20:35:26.972446Z,1069,124.6,9583,OK,OK,OK
2026-08-29T20:35:32.337376Z,1069,124.6,9583,OK,OK,OK
2026-08-29T20:35:37.719032Z,1070,124.6,9583,OK,OK,OK
2026-08-29T20:35:43.103470Z,1069,124.6,9584,OK,OK,OK
2026-08-29T20:35:48.512640Z,1069,124.6,9584,OK,OK,OK
2026-08-29T20:35:53.899253Z,1068,124.7,9585,OK,OK,OK
2026-08-29T20:35:59.270517Z,1070,124.7,9585,OK,OK,OK
2026-08-29T20:36:04.667258Z,1068,124.7,9585,OK,OK,OK
2026-08-29T20:36:10.027715Z,1069,124.7,9572,OK,OK,OK
2026-08-29T20:36:15.412980Z,1073,124.8,9572,OK,OK,OK
2026-08-29T20:36:20.802069Z,1072,124.8,9549,OK,OK,OK
2026-08-29T20:36:26.185914Z,1072,124.8,9549,OK,OK,OK
2026-08-29T20:36:31.566655Z,1073,124.7,9534,OK,OK,OK
2026-08-29T20:36:36.959176Z,1072,124.8,9534,OK,OK,OK
2026-08-29T20:36:42.359527Z,1070,124.8,9534,OK,OK,OK
2026-08-29T20:36:47.740182Z,1072,124.8,9532,OK,OK,OK
2026-08-29T20:36:53.142327Z,1072,124.7,9532,OK,OK,OK
2026-08-29T20:36:58.527536Z,1070,124.7,9525,OK,OK,OK
2026-08-29T20:37:03.924752Z,1071,124.8,9525,OK,OK,OK
2026-08-29T20:37:09.292373Z,1070,124.7,9525,OK,OK,OK
2026-08-29T20:37:14.680340Z,1071,124.7,9501,OK,OK,OK
2026-08-29T20:37:20.066799Z,1072,124.8,9501,OK,OK,OK
2026-08-29T20:37:25.448994Z,1075,124.8,9527,OK,OK,OK
2026-08-29T20:37:30.823797Z,1076,124.8,9527,OK,OK,OK
2026-08-29T20:37:36.202415Z,1075,124.7,9527,OK,OK,OK
2026-08-29T20:37:41.612728Z,1077,124.8,9505,OK,OK,OK
2026-08-29T20:37:46.978479Z,1075,124.8,9505,OK,OK,OK
2026-08-29T20:37:52.373983Z,1077,124.7,9484,OK,OK,OK
2026-08-29T20:37:57.765364Z,1073,124.6,9484,OK,OK,OK
2026-08-29T20:38:03.121883Z,1074,124.6,9459,OK,OK,OK
2026-08-29T20:38:08.519750Z,1076,124.6,9459,OK,OK,OK
2026-08-29T20:38:13.927048Z,1074,124.6,9459,OK,OK,OK
2026-08-29T20:38:19.305428Z,1076,124.6,9422,OK,OK,OK
2026-08-29T20:38:24.672504Z,1069,124.6,9422,OK,OK,OK
2026-08-29T20:38:30.058878Z,1074,124.6,9386,OK,OK,OK
2026-08-29T20:38:35.436694Z,1072,124.6,9386,OK,OK,OK
2026-08-29T20:38:40.810295Z,1073,124.6,9386,OK,OK,OK
2026-08-29T20:38:46.202295Z,1070,124.6,9335,OK,OK,OK
2026-08-29T20:38:51.588772Z,1072,124.6,9335,OK,OK,OK
2026-08-29T20:38:56.982532Z,1068,124.5,9294,OK,OK,OK
2026-08-29T20:39:02.353999Z,1066,124.6,9294,OK,OK,OK
2026-08-29T20:39:07.763788Z,1072,124.5,9294,OK,OK,OK
2026-08-29T20:39:13.161958Z,1069,124.5,9250,OK,OK,OK
2026-08-29T20:39:18.542071Z,1068,124.4,9250,OK,OK,OK
2026-08-29T20:39:23.943109Z,1069,124.5,9223,OK,OK,OK
2026-08-29T20:39:29.344086Z,1071,124.6,9223,OK,OK,OK
2026-08-29T20:39:34.742850Z,1068,124.6,9196,OK,OK,OK
2026-08-29T20:39:40.114457Z,1068,124.6,9196,OK,OK,OK
2026-08-29T20:39:45.488912Z,1070,124.5,9196,OK,OK,OK
2026-08-29T20:39:50.872034Z,1073,124.4,9167,OK,OK,OK
2026-08-29T20:39:56.238596Z,1070,124.5,9167,OK,OK,OK
2026-08-29T20:40:01.613318Z,1068,124.5,9144,OK,OK,OK
2026-08-29T20:40:06.998371Z,1071,124.5,9144,OK,OK,OK
2026-08-29T20:40:12.382236Z,1070,124.6,9144,OK,OK,OK
2026-08-29T20:40:17.740778Z,1070,124.6,9123,OK,OK,OK
2026-08-29T20:40:23.127184Z,1074,124.6,9123,OK,OK,OK
2026-08-29T20:40:28.514836Z,1071,124.6,9127,OK,OK,OK
2026-08-29T20:40:33.873050Z,1074,124.5,9127,OK,OK,OK
2026-08-29T20:40:39.251199Z,1070,124.5,9114,OK,OK,OK
2026-08-29T20:40:44.626867Z,1071,124.5,9114,OK,OK,OK
2026-08-29T20:40:50.012596Z,1071,124.5,9114,OK,OK,OK
2026-08-29T20:40:55.383016Z,1073,124.5,9104,OK,OK,OK
2026-08-29T20:41:00.769580Z,1070,124.5,9104,OK,OK,OK
2026-08-29T20:41:06.152197Z,1069,124.6,9091,OK,OK,OK
2026-08-29T20:41:11.556365Z,1071,124.6,9091,OK,OK,OK
2026-08-29T20:41:16.941373Z,1077,124.6,9091,OK,OK,OK
2026-08-29T20:41:22.312457Z,1073,124.4,9082,OK,OK,OK
2026-08-29T20:41:27.689525Z,1070,124.5,9082,OK,OK,OK
2026-08-29T20:41:33.068136Z,1072,124.6,9070,OK,OK,OK
2026-08-29T20:41:38.448729Z,1069,124.5,9070,OK,OK,OK
2026-08-29T20:41:43.824771Z,1070,124.6,9070,OK,OK,OK
2026-08-29T20:41:49.227593Z,1074,124.6,9057,OK,OK,OK
2026-08-29T20:41:54.600730Z,1068,124.6,9057,OK,OK,OK
2026-08-29T20:41:59.998024Z,1073,124.9,9046,OK,OK,OK
2026-08-29T20:42:05.389060Z,1073,124.8,9046,OK,OK,OK
2026-08-29T20:42:10.761843Z,1072,124.8,9036,OK,OK,OK
2026-08-29T20:42:16.158661Z,1071,124.8,9036,OK,OK,OK
2026-08-29T20:42:21.547770Z,1073,124.8,9036,OK,OK,OK
2026-08-29T20:42:26.950487Z,1070,124.8,9019,OK,OK,OK
2026-08-29T20:42:32.322451Z,1068,124.8,9019,OK,OK,OK
2026-08-29T20:42:37.700439Z,1073,124.8,9014,OK,OK,OK
2026-08-29T20:42:43.070677Z,1068,124.8,9014,OK,OK,OK
2026-08-29T20:42:48.450777Z,1069,124.8,9014,OK,OK,OK
2026-08-29T20:42:53.866577Z,1069,124.8,9001,OK,OK,OK
2026-08-29T20:42:59.248657Z,1068,124.8,9001,OK,OK,OK
2026-08-29T20:43:04.626782Z,1068,124.8,8993,OK,OK,OK
2026-08-29T20:43:10.013155Z,1068,124.8,8993,OK,OK,OK
2026-08-29T20:43:15.397573Z,1071,124.8,8993,OK,OK,OK
2026-08-29T20:43:20.786890Z,1072,124.8,8980,OK,OK,OK
2026-08-29T20:43:26.166217Z,1072,124.8,8980,OK,OK,OK
2026-08-29T20:43:31.548889Z,1077,124.6,8963,OK,OK,OK
2026-08-29T20:43:36.944211Z,1075,124.6,8963,OK,OK,OK
2026-08-29T20:43:42.329867Z,1074,124.6,8959,OK,OK,OK
2026-08-29T20:43:47.698379Z,1073,124.6,8959,OK,OK,OK
2026-08-29T20:43:53.105437Z,1074,124.6,8959,OK,OK,OK
2026-08-29T20:43:58.480989Z,1073,124.6,8952,OK,OK,OK
2026-08-29T20:44:03.852703Z,1074,124.6,8952,OK,OK,OK
2026-08-29T20:44:09.233794Z,1076,124.6,8944,OK,OK,OK
2026-08-29T20:44:14.624533Z,1075,124.6,8944,OK,OK,OK
2026-08-29T20:44:20.017258Z,1076,124.6,8944,OK,OK,OK
2026-08-29T20:44:25.391574Z,1071,124.5,8928,OK,OK,OK
2026-08-29T20:44:30.800933Z,1077,124.6,8928,OK,OK,OK
2026-08-29T20:44:36.177833Z,1072,124.6,8918,OK,OK,OK
2026-08-29T20:44:41.551512Z,1075,124.6,8918,OK,OK,OK
2026-08-29T20:44:46.938857Z,1070,124.6,8918,OK,OK,OK
2026-08-29T20:44:52.346369Z,1070,124.6,8903,OK,OK,OK
2026-08-29T20:44:57.725578Z,1073,124.6,8903,OK,OK,OK
2026-08-29T20:45:03.096879Z,1071,124.6,8886,OK,OK,OK
2026-08-29T20:45:08.483405Z,1073,124.6,8886,OK,OK,OK
2026-08-29T20:45:13.987513Z,1071,124.6,8866,OK,OK,OK
2026-08-29T20:45:19.350819Z,1069,124.6,8866,OK,OK,OK
2026-08-29T20:45:24.722655Z,1072,124.6,8866,OK,OK,OK
2026-08-29T20:45:30.102346Z,1072,124.6,8826,OK,OK,OK
2026-08-29T20:45:35.504634Z,1071,124.6,8826,OK,OK,OK
2026-08-29T20:45:40.872986Z,1072,124.6,8786,OK,OK,OK
2026-08-29T20:45:46.242788Z,1074,124.5,8786,OK,OK,OK
2026-08-29T20:45:51.626183Z,1075,124.5,8786,OK,OK,OK
2026-08-29T20:45:56.998425Z,1073,124.5,8754,OK,OK,OK
2026-08-29T20:46:02.379948Z,1073,124.5,8754,OK,OK,OK
2026-08-29T20:46:07.767080Z,1072,124.5,8715,OK,OK,OK
2026-08-29T20:46:13.168746Z,1073,124.5,8715,OK,OK,OK
2026-08-29T20:46:18.532837Z,1080,124.5,8700,OK,OK,OK
2026-08-29T20:46:23.918669Z,1072,124.6,8700,OK,OK,OK
2026-08-29T20:46:29.313204Z,1073,124.5,8700,OK,OK,OK
2026-08-29T20:46:34.707559Z,1070,124.5,8645,OK,OK,OK
2026-08-29T20:46:40.078049Z,1071,124.4,8645,OK,OK,OK
2026-08-29T20:46:45.471734Z,1074,124.4,8597,OK,OK,OK
2026-08-29T20:46:50.855773Z,1069,124.4,8597,OK,OK,OK
2026-08-29T20:46:56.243273Z,1070,124.5,8597,OK,OK,OK
2026-08-29T20:47:01.623364Z,1072,124.6,8592,OK,OK,OK
2026-08-29T20:47:07.001801Z,1072,124.6,8592,OK,OK,OK
2026-08-29T20:47:12.380455Z,1074,124.5,8549,OK,OK,OK
2026-08-29T20:47:17.768339Z,1071,124.5,8549,OK,OK,OK
2026-08-29T20:47:23.150041Z,1070,124.5,8549,OK,OK,OK
2026-08-29T20:47:28.562602Z,1071,124.5,8538,OK,OK,OK
2026-08-29T20:47:33.936660Z,1073,124.5,8538,OK,OK,OK
2026-08-29T20:47:39.312175Z,1074,124.6,8527,OK,OK,OK
2026-08-29T20:47:44.690943Z,1074,124.5,8527,OK,OK,OK
2026-08-29T20:47:50.057150Z,1072,124.5,8499,OK,OK,OK
2026-08-29T20:47:55.453984Z,1074,124.6,8499,OK,OK,OK
2026-08-29T20:48:00.834365Z,1074,124.5,8499,OK,OK,OK
2026-08-29T20:48:06.243779Z,1072,124.5,8497,OK,OK,OK
2026-08-29T20:48:11.607337Z,1073,124.5,8497,OK,OK,OK
2026-08-29T20:48:16.993795Z,1073,124.4,8462,OK,OK,OK
2026-08-29T20:48:22.377685Z,1067,124.4,8462,OK,OK,OK
2026-08-29T20:48:27.742559Z,1071,124.5,8462,OK,OK,OK
2026-08-29T20:48:33.121101Z,1072,124.5,8452,OK,OK,OK
2026-08-29T20:48:38.499200Z,1070,124.4,8452,OK,OK,OK
2026-08-29T20:48:43.878505Z,1071,124.5,8437,OK,OK,OK
2026-08-29T20:48:49.256472Z,1070,124.5,8437,OK,OK,OK
2026-08-29T20:48:54.634652Z,1073,124.5,8437,OK,OK,OK
2026-08-29T20:49:00.032276Z,1070,124.5,8429,OK,OK,OK
2026-08-29T20:49:05.444929Z,1071,124.5,8429,OK,OK,OK
2026-08-29T20:49:10.827157Z,1074,124.5,8421,OK,OK,OK
2026-08-29T20:49:16.229478Z,1072,124.5,8421,OK,OK,OK
2026-08-29T20:49:21.600867Z,1068,124.4,8404,OK,OK,OK
2026-08-29T20:49:26.971161Z,1069,124.2,8404,OK,OK,OK
2026-08-29T20:49:32.368681Z,1069,124.3,8404,OK,OK,OK
2026-08-29T20:49:37.751376Z,1073,124.3,8393,OK,OK,OK
2026-08-29T20:49:43.139681Z,1069,124.3,8393,OK,OK,OK
2026-08-29T20:49:48.496293Z,1071,124.3,8371,OK,OK,OK
2026-08-29T20:49:53.871633Z,1068,124.4,8371,OK,OK,OK
2026-08-29T20:49:59.250039Z,1070,124.4,8371,OK,OK,OK
2026-08-29T20:50:04.612016Z,1070,124.3,8363,OK,OK,OK
2026-08-29T20:50:09.991681Z,1075,124.3,8363,OK,OK,OK
2026-08-29T20:50:15.373419Z,1068,124.1,8362,OK,OK,OK
2026-08-29T20:50:20.768512Z,1069,124.0,8362,OK,OK,OK
2026-08-29T20:50:26.126864Z,1069,124.2,8362,OK,OK,OK
2026-08-29T20:50:31.500781Z,1069,124.2,8358,OK,OK,OK
2026-08-29T20:50:36.883449Z,1071,124.2,8358,OK,OK,OK
2026-08-29T20:50:42.246663Z,1073,124.1,8344,OK,OK,OK
2026-08-29T20:50:47.629522Z,1070,124.1,8344,OK,OK,OK
2026-08-29T20:50:53.011063Z,1070,124.3,8318,OK,OK,OK
2026-08-29T20:50:58.390100Z,1070,124.2,8318,OK,OK,OK
2026-08-29T20:51:03.764311Z,1070,124.3,8318,OK,OK,OK
2026-08-29T20:51:09.152289Z,1073,124.3,8292,OK,OK,OK
2026-08-29T20:51:14.546475Z,1070,124.3,8292,OK,OK,OK
2026-08-29T20:51:19.922787Z,1074,124.3,8305,OK,OK,OK
2026-08-29T20:51:25.304321Z,1071,124.3,8305,OK,OK,OK
2026-08-29T20:51:30.688334Z,1068,124.2,8305,OK,OK,OK
2026-08-29T20:51:36.078398Z,1069,124.2,8297,OK,OK,OK
2026-08-29T20:51:41.449917Z,1069,124.3,8297,OK,OK,OK
2026-08-29T20:51:46.826414Z,1066,124.2,8272,OK,OK,OK
2026-08-29T20:51:52.225641Z,1073,124.3,8272,OK,OK,OK
2026-08-29T20:51:57.605007Z,1067,124.2,8238,OK,OK,OK
2026-08-29T20:52:02.981023Z,1069,124.3,8238,OK,OK,OK
2026-08-29T20:52:08.384938Z,1066,124.1,8238,OK,OK,OK
2026-08-29T20:52:13.813482Z,1067,124.1,8171,OK,OK,OK
2026-08-29T20:52:19.187216Z,1068,124.1,8171,OK,OK,OK
2026-08-29T20:52:24.573721Z,1071,124.1,8143,OK,OK,OK
2026-08-29T20:52:29.976179Z,1069,124.1,8143,OK,OK,OK
2026-08-29T20:52:35.345802Z,1067,124.1,8143,OK,OK,OK
2026-08-29T20:52:40.724096Z,1067,124.1,8115,OK,OK,OK
2026-08-29T20:52:46.103598Z,1068,124.1,8115,OK,OK,OK
2026-08-29T20:52:51.506189Z,989,124.1,8087,OK,OK,OK
2026-08-29T20:52:56.873691Z,986,124.1,8087,OK,OK,OK
2026-08-29T20:53:02.244409Z,987,124.1,8087,OK,OK,OK
2026-08-29T20:53:07.639729Z,986,124.0,8057,OK,OK,OK
2026-08-29T20:53:13.037483Z,989,124.1,8057,OK,OK,OK
2026-08-29T20:53:18.448029Z,988,124.1,8027,OK,OK,OK
2026-08-29T20:53:23.844829Z,988,124.0,8027,OK,OK,OK
2026-08-29T20:53:29.217326Z,983,124.0,8027,OK,OK,OK
2026-08-29T20:53:34.581973Z,988,124.0,8007,OK,OK,OK
2026-08-29T20:53:39.966063Z,986,124.0,8007,OK,OK,OK
2026-08-29T20:53:45.342401Z,988,124.0,7983,OK,OK,OK
2026-08-29T20:53:50.720098Z,987,124.1,7983,OK,OK,OK
2026-08-29T20:53:56.096014Z,987,124.1,7968,OK,OK,OK
2026-08-29T20:54:01.475017Z,984,124.2,7968,OK,OK,OK
2026-08-29T20:54:06.866295Z,986,124.1,7968,OK,OK,OK
2026-08-29T20:54:12.247722Z,988,124.1,7950,OK,OK,OK
2026-08-29T20:54:17.619822Z,987,124.1,7950,OK,OK,OK
2026-08-29T20:54:22.992205Z,987,124.1,7917,OK,OK,OK
2026-08-29T20:54:28.382942Z,985,124.1,7917,OK,OK,OK
2026-08-29T20:54:33.781624Z,984,124.1,7917,OK,OK,OK
2026-08-29T20:54:39.161179Z,986,124.1,7899,OK,OK,OK
2026-08-29T20:54:44.527426Z,988,124.1,7899,OK,OK,OK
2026-08-29T20:54:49.902834Z,988,124.1,7893,OK,OK,OK
2026-08-29T20:54:55.282890Z,986,124.1,7893,OK,OK,OK
2026-08-29T20:55:00.658057Z,985,124.1,7877,OK,OK,OK
2026-08-29T20:55:06.027957Z,986,124.2,7877,OK,OK,OK
2026-08-29T20:55:11.398434Z,986,124.1,7877,OK,OK,OK
2026-08-29T20:55:16.790187Z,985,124.1,7872,OK,OK,OK
2026-08-29T20:55:22.171199Z,986,124.1,7872,OK,OK,OK
2026-08-29T20:55:27.554294Z,987,124.1,7856,OK,OK,OK
2026-08-29T20:55:32.956770Z,994,124.1,7856,OK,OK,OK
2026-08-29T20:55:38.343264Z,986,124.1,7856,OK,OK,OK
2026-08-29T20:55:43.715303Z,987,124.1,7838,OK,OK,OK
2026-08-29T20:55:49.092407Z,991,124.1,7838,OK,OK,OK
2026-08-29T20:55:54.461257Z,990,124.1,7829,OK,OK,OK
2026-08-29T20:55:59.841303Z,987,124.1,7829,OK,OK,OK
2026-08-29T20:56:05.205178Z,985,124.1,7829,OK,OK,OK
2026-08-29T20:56:10.594285Z,987,124.1,7814,OK,OK,OK
2026-08-29T20:56:15.968852Z,990,124.1,7814,OK,OK,OK
2026-08-29T20:56:21.383476Z,986,124.2,7794,OK,OK,OK
2026-08-29T20:56:26.784508Z,986,124.1,7794,OK,OK,OK
2026-08-29T20:56:32.171733Z,989,124.1,7786,OK,OK,OK
2026-08-29T20:56:37.563110Z,986,124.1,7786,OK,OK,OK
2026-08-29T20:56:42.928652Z,986,124.1,7786,OK,OK,OK
2026-08-29T20:56:48.331898Z,989,124.1,7771,OK,OK,OK
2026-08-29T20:56:53.718488Z,985,124.1,7771,OK,OK,OK
2026-08-29T20:56:59.106581Z,989,124.1,7759,OK,OK,OK
2026-08-29T20:57:04.479881Z,988,124.0,7759,OK,OK,OK
2026-08-29T20:57:09.870830Z,987,124.1,7759,OK,OK,OK
2026-08-29T20:57:15.257989Z,988,124.1,7749,OK,OK,OK
2026-08-29T20:57:20.621994Z,986,124.1,7749,OK,OK,OK
2026-08-29T20:57:26.001462Z,985,124.1,7728,OK,OK,OK
2026-08-29T20:57:31.379510Z,991,124.1,7728,OK,OK,OK
2026-08-29T20:57:36.750387Z,986,124.1,7728,OK,OK,OK
2026-08-29T20:57:42.119494Z,988,124.1,7696,OK,OK,OK
2026-08-29T20:57:47.515410Z,985,124.1,7696,OK,OK,OK
2026-08-29T20:57:52.895959Z,984,124.1,7698,OK,OK,OK
2026-08-29T20:57:58.281108Z,986,124.1,7698,OK,OK,OK
2026-08-29T20:58:03.667635Z,983,124.1,7655,OK,OK,OK
2026-08-29T20:58:09.063949Z,981,124.1,7655,OK,OK,OK
2026-08-29T20:58:14.431094Z,989,124.1,7655,OK,OK,OK
2026-08-29T20:58:19.806238Z,982,123.8,7651,OK,OK,OK
2026-08-29T20:58:25.190947Z,980,124.1,7651,OK,OK,OK
2026-08-29T20:58:30.584129Z,981,124.0,7617,OK,OK,OK
2026-08-29T20:58:35.952945Z,980,124.0,7617,OK,OK,OK
2026-08-29T20:58:41.371522Z,980,124.0,7617,OK,OK,OK
2026-08-29T20:58:46.752954Z,978,124.0,7586,OK,OK,OK
2026-08-29T20:58:52.135903Z,986,123.9,7586,OK,OK,OK
2026-08-29T20:58:57.528913Z,983,123.5,7560,OK,OK,OK
2026-08-29T20:59:02.921652Z,980,123.9,7560,OK,OK,OK
2026-08-29T20:59:08.288470Z,980,123.9,7560,OK,OK,OK
2026-08-29T20:59:13.667710Z,984,123.9,7521,OK,OK,OK
2026-08-29T20:59:19.061232Z,984,123.9,7521,OK,OK,OK
2026-08-29T20:59:24.435218Z,981,123.9,7491,OK,OK,OK
2026-08-29T20:59:29.797439Z,981,123.9,7491,OK,OK,OK
2026-08-29T20:59:35.179526Z,981,123.9,7459,OK,OK,OK
2026-08-29T20:59:40.580624Z,979,123.9,7459,OK,OK,OK
2026-08-29T20:59:45.965212Z,979,123.8,7459,OK,OK,OK
2026-08-29T20:59:51.343640Z,980,123.9,7448,OK,OK,OK
2026-08-29T20:59:56.733292Z,980,123.9,7448,OK,OK,OK
2026-08-29T21:00:02.112821Z,980,123.9,7428,OK,OK,OK
2026-08-29T21:00:07.517816Z,980,123.9,7428,OK,OK,OK
2026-08-29T21:00:12.904413Z,983,123.8,7412,OK,OK,OK
2026-08-29T21:00:18.276396Z,979,123.9,7412,OK,OK,OK
2026-08-29T21:00:23.661404Z,979,123.9,7412,OK,OK,OK
2026-08-29T21:00:29.032797Z,978,123.9,7387,OK,OK,OK
2026-08-29T21:00:34.408870Z,977,123.8,7387,OK,OK,OK
2026-08-29T21:00:39.787507Z,978,123.8,7369,OK,OK,OK
2026-08-29T21:00:45.188679Z,979,123.8,7369,OK,OK,OK
2026-08-29T21:00:50.545891Z,981,123.8,7369,OK,OK,OK
2026-08-29T21:00:55.916365Z,982,123.9,7356,OK,OK,OK
2026-08-29T21:01:01.302826Z,978,123.9,7356,OK,OK,OK
2026-08-29T21:01:06.673272Z,979,123.9,7343,OK,OK,OK
2026-08-29T21:01:12.055972Z,979,123.8,7343,OK,OK,OK
2026-08-29T21:01:17.443207Z,989,123.8,7319,OK,OK,OK
2026-08-29T21:01:22.827850Z,981,124.1,7319,OK,OK,OK
2026-08-29T21:01:28.196662Z,980,124.0,7319,OK,OK,OK
2026-08-29T21:01:33.582462Z,984,124.0,7315,OK,OK,OK
2026-08-29T21:01:38.989270Z,981,124.0,7315,OK,OK,OK
2026-08-29T21:01:44.359743Z,980,124.0,7288,OK,OK,OK
2026-08-29T21:01:49.754733Z,982,124.1,7288,OK,OK,OK
2026-08-29T21:01:55.157673Z,982,124.0,7288,OK,OK,OK
2026-08-29T21:02:00.536550Z,979,124.0,7275,OK,OK,OK
2026-08-29T21:02:05.896850Z,980,123.9,7275,OK,OK,OK
2026-08-29T21:02:11.289455Z,985,124.1,7268,OK,OK,OK
2026-08-29T21:02:16.678723Z,978,124.1,7268,OK,OK,OK
2026-08-29T21:02:22.033344Z,978,124.1,7268,OK,OK,OK
2026-08-29T21:02:27.413747Z,979,124.1,7249,OK,OK,OK
2026-08-29T21:02:32.797490Z,980,124.1,7249,OK,OK,OK
2026-08-29T21:02:38.174165Z,983,124.2,7253,OK,OK,OK
2026-08-29T21:02:43.569103Z,981,124.2,7253,OK,OK,OK
2026-08-29T21:02:48.941083Z,983,124.3,7237,OK,OK,OK
2026-08-29T21:02:54.324207Z,984,124.1,7237,OK,OK,OK
2026-08-29T21:02:59.692983Z,981,124.1,7237,OK,OK,OK
2026-08-29T21:03:05.072103Z,981,124.1,7230,OK,OK,OK
2026-08-29T21:03:10.457696Z,982,124.2,7230,OK,OK,OK
2026-08-29T21:03:15.860317Z,985,124.3,7208,OK,OK,OK
2026-08-29T21:03:21.230797Z,981,124.2,7208,OK,OK,OK
2026-08-29T21:03:26.601309Z,980,124.3,7208,OK,OK,OK
2026-08-29T21:03:32.003870Z,984,124.3,7183,OK,OK,OK
2026-08-29T21:03:37.381760Z,982,124.3,7183,OK,OK,OK
2026-08-29T21:03:42.752964Z,982,124.1,7173,OK,OK,OK
2026-08-29T21:03:48.126623Z,980,124.1,7173,OK,OK,OK
2026-08-29T21:03:53.501948Z,980,124.1,7173,OK,OK,OK
2026-08-29T21:03:58.877763Z,979,124.2,7132,OK,OK,OK
2026-08-29T21:04:04.284304Z,981,124.1,7132,OK,OK,OK
2026-08-29T21:04:09.661345Z,980,124.1,7107,OK,OK,OK
2026-08-29T21:04:15.047774Z,978,124.1,7107,OK,OK,OK
2026-08-29T21:04:20.430058Z,978,124.2,7081,OK,OK,OK
2026-08-29T21:04:25.804716Z,979,124.1,7081,OK,OK,OK
2026-08-29T21:04:31.191268Z,980,124.2,7081,OK,OK,OK
2026-08-29T21:04:36.560954Z,979,124.2,7071,OK,OK,OK
2026-08-29T21:04:41.941386Z,980,124.3,7071,OK,OK,OK
2026-08-29T21:04:47.309266Z,981,124.3,7055,OK,OK,OK
2026-08-29T21:04:52.726537Z,978,124.3,7055,OK,OK,OK
2026-08-29T21:04:58.107781Z,978,124.3,7055,OK,OK,OK
2026-08-29T21:05:03.510282Z,980,124.2,7031,OK,OK,OK
2026-08-29T21:05:08.890588Z,980,124.2,7031,OK,OK,OK
2026-08-29T21:05:14.263940Z,979,124.2,7009,OK,OK,OK
2026-08-29T21:05:19.659326Z,984,124.2,7009,OK,OK,OK
2026-08-29T21:05:25.046473Z,981,124.3,7009,OK,OK,OK
2026-08-29T21:05:30.412534Z,978,124.2,6988,OK,OK,OK
2026-08-29T21:05:35.802424Z,980,124.2,6988,OK,OK,OK
2026-08-29T21:05:41.188852Z,983,124.6,6848,OK,OK,OK
2026-08-29T21:05:46.575300Z,985,124.5,6848,OK,OK,OK
2026-08-29T21:05:51.953460Z,980,124.4,6842,OK,OK,OK
2026-08-29T21:05:57.332295Z,982,124.5,6842,OK,OK,OK
2026-08-29T21:06:02.721054Z,983,124.5,6842,OK,OK,OK
2026-08-29T21:06:08.093454Z,984,124.5,6771,OK,OK,OK
2026-08-29T21:06:13.466652Z,984,124.5,6771,OK,OK,OK
2026-08-29T21:06:18.858208Z,990,124.4,6842,OK,OK,OK
2026-08-29T21:06:24.243239Z,980,124.4,6842,OK,OK,OK
2026-08-29T21:06:29.615154Z,980,124.4,6842,OK,OK,OK
2026-08-29T21:06:35.000429Z,984,124.4,6759,OK,OK,OK
2026-08-29T21:06:40.382380Z,981,124.4,6759,OK,OK,OK
2026-08-29T21:06:45.751305Z,984,124.4,6704,OK,OK,OK
2026-08-29T21:06:51.156396Z,982,124.4,6704,OK,OK,OK
2026-08-29T21:06:56.551811Z,980,124.4,6761,OK,OK,OK
2026-08-29T21:07:01.949667Z,980,124.4,6761,OK,OK,OK
2026-08-29T21:07:07.330682Z,983,124.4,6761,OK,OK,OK
2026-08-29T21:07:12.765790Z,988,124.1,6697,OK,OK,OK
2026-08-29T21:07:18.165838Z,984,124.2,6697,OK,OK,OK
2026-08-29T21:07:23.516038Z,982,124.2,6683,OK,OK,OK
2026-08-29T21:07:28.892453Z,984,124.2,6683,OK,OK,OK
2026-08-29T21:07:34.262913Z,982,124.3,6683,OK,OK,OK
2026-08-29T21:07:39.674389Z,986,124.3,6673,OK,OK,OK
2026-08-29T21:07:45.051960Z,981,124.3,6673,OK,OK,OK
2026-08-29T21:07:50.426803Z,982,124.3,6676,OK,OK,OK
2026-08-29T21:07:55.814301Z,1133,124.3,6676,OK,OK,OK
2026-08-29T21:08:01.199693Z,1119,124.3,6676,OK,OK,OK
2026-08-29T21:08:06.614422Z,1110,124.4,6655,OK,OK,OK
2026-08-29T21:08:12.016995Z,1109,124.3,6655,OK,OK,OK
2026-08-29T21:08:17.407066Z,1110,124.4,6654,OK,OK,OK
2026-08-29T21:08:22.774555Z,1109,124.3,6654,OK,OK,OK
2026-08-29T21:08:28.165602Z,1112,124.3,6654,OK,OK,OK
2026-08-29T21:08:33.545141Z,1107,124.3,6605,OK,OK,OK
2026-08-29T21:08:38.932726Z,1109,124.3,6605,OK,OK,OK
2026-08-29T21:08:44.335251Z,1109,124.3,6586,OK,OK,OK
2026-08-29T21:08:49.719433Z,1112,124.3,6586,OK,OK,OK
2026-08-29T21:08:55.095820Z,1105,124.3,6628,OK,OK,OK
2026-08-29T21:09:00.462628Z,1106,124.4,6628,OK,OK,OK
2026-08-29T21:09:05.857201Z,1108,124.3,6628,OK,OK,OK
2026-08-29T21:09:11.235592Z,1108,124.3,6566,OK,OK,OK
2026-08-29T21:09:16.624863Z,1106,124.3,6566,OK,OK,OK
2026-08-29T21:09:21.998373Z,991,124.3,6524,OK,OK,OK
2026-08-29T21:09:27.373324Z,996,124.2,6524,OK,OK,OK
2026-08-29T21:09:32.755952Z,994,124.3,6524,OK,OK,OK
2026-08-29T21:09:38.126402Z,994,124.3,6558,OK,OK,OK
2026-08-29T21:09:43.498617Z,996,124.3,6558,OK,OK,OK
2026-08-29T21:09:48.893830Z,992,124.2,6557,OK,OK,OK
2026-08-29T21:09:54.279655Z,993,124.2,6557,OK,OK,OK
2026-08-29T21:09:59.650100Z,993,124.3,6535,OK,OK,OK
2026-08-29T21:10:05.052734Z,990,124.2,6535,OK,OK,OK
2026-08-29T21:10:10.439351Z,1085,124.3,6535,OK,OK,OK
2026-08-29T21:10:15.815610Z,1096,124.3,6456,OK,OK,OK
2026-08-29T21:10:21.203437Z,1098,124.3,6456,OK,OK,OK
2026-08-29T21:10:26.624864Z,1102,124.3,6467,OK,OK,OK
2026-08-29T21:10:32.010600Z,1107,124.3,6467,OK,OK,OK
2026-08-29T21:10:37.367080Z,1102,124.3,6467,OK,OK,OK
2026-08-29T21:10:42.772584Z,1103,124.3,6414,OK,OK,OK
2026-08-29T21:10:48.171456Z,1104,124.3,6414,OK,OK,OK
2026-08-29T21:10:53.541980Z,1101,124.3,6373,OK,OK,OK
2026-08-29T21:10:58.914427Z,1096,124.3,6373,OK,OK,OK
2026-08-29T21:11:04.326896Z,1098,124.3,6373,OK,OK,OK
2026-08-29T21:11:09.729574Z,1097,124.3,6330,OK,OK,OK
2026-08-29T21:11:15.103082Z,1093,124.2,6330,OK,OK,OK
2026-08-29T21:11:20.491777Z,1090,124.3,6315,OK,OK,OK
2026-08-29T21:11:25.869064Z,1092,124.3,6315,OK,OK,OK
2026-08-29T21:11:31.236391Z,1090,124.3,6366,OK,OK,OK
2026-08-29T21:11:36.652232Z,1087,124.3,6366,OK,OK,OK
2026-08-29T21:11:42.025468Z,1086,124.3,6366,OK,OK,OK
2026-08-29T21:11:47.411906Z,1087,124.3,6266,OK,OK,OK
2026-08-29T21:11:52.803387Z,1084,124.3,6266,OK,OK,OK
2026-08-29T21:11:58.200875Z,1085,124.3,6252,OK,OK,OK
2026-08-29T21:12:03.577315Z,1086,124.3,6252,OK,OK,OK
2026-08-29T21:12:08.956970Z,1075,124.3,6252,OK,OK,OK
2026-08-29T21:12:14.357897Z,1074,124.3,6231,OK,OK,OK
2026-08-29T21:12:19.730868Z,1070,124.3,6231,OK,OK,OK
2026-08-29T21:12:25.124603Z,1067,124.3,6224,OK,OK,OK
2026-08-29T21:12:30.491532Z,1068,124.3,6224,OK,OK,OK
2026-08-29T21:12:35.872039Z,1070,124.3,6210,OK,OK,OK
2026-08-29T21:12:41.257184Z,1065,124.3,6210,OK,OK,OK
2026-08-29T21:12:46.631160Z,1066,124.3,6210,OK,OK,OK
2026-08-29T21:12:52.017639Z,1068,124.3,6247,OK,OK,OK
2026-08-29T21:12:57.395421Z,1069,124.3,6247,OK,OK,OK
2026-08-29T21:13:02.775340Z,1066,124.3,6213,OK,OK,OK
2026-08-29T21:13:08.176359Z,1073,124.3,6213,OK,OK,OK
2026-08-29T21:13:13.579408Z,1073,124.3,6213,OK,OK,OK
2026-08-29T21:13:18.980665Z,1072,124.3,6171,OK,OK,OK
2026-08-29T21:13:24.363143Z,1068,124.4,6171,OK,OK,OK
2026-08-29T21:13:29.764822Z,1071,124.3,6152,OK,OK,OK
2026-08-29T21:13:35.143823Z,1070,124.3,6152,OK,OK,OK
2026-08-29T21:13:40.521378Z,1071,124.3,6152,OK,OK,OK
2026-08-29T21:13:45.879202Z,1068,124.3,6139,OK,OK,OK
2026-08-29T21:13:51.265695Z,1067,124.3,6139,OK,OK,OK
2026-08-29T21:13:56.652233Z,1072,124.3,6164,OK,OK,OK
2026-08-29T21:14:02.018060Z,1067,124.2,6164,OK,OK,OK
2026-08-29T21:14:07.411772Z,1071,124.2,6105,OK,OK,OK
2026-08-29T21:14:12.792251Z,1070,124.3,6105,OK,OK,OK
2026-08-29T21:14:18.172725Z,1067,124.3,6105,OK,OK,OK
2026-08-29T21:14:23.548482Z,1066,124.2,6118,OK,OK,OK
2026-08-29T21:14:28.933841Z,1067,124.2,6118,OK,OK,OK
2026-08-29T21:14:34.321703Z,1068,124.2,6042,OK,OK,OK
2026-08-29T21:14:39.696066Z,1066,124.2,6042,OK,OK,OK
2026-08-29T21:14:45.098707Z,1067,124.3,6042,OK,OK,OK
2026-08-29T21:14:50.483506Z,1066,124.3,6024,OK,OK,OK
2026-08-29T21:14:55.876644Z,1069,124.2,6024,OK,OK,OK
2026-08-29T21:15:01.244291Z,1070,124.2,5994,OK,OK,OK
2026-08-29T21:15:06.626417Z,1070,124.1,5994,OK,OK,OK
2026-08-29T21:15:12.036895Z,1071,124.1,5994,OK,OK,OK
2026-08-29T21:15:17.414639Z,1069,124.2,5988,OK,OK,OK
2026-08-29T21:15:22.800854Z,1075,124.2,5988,OK,OK,OK
2026-08-29T21:15:28.178265Z,1067,124.2,5951,OK,OK,OK
2026-08-29T21:15:33.549757Z,1070,124.2,5951,OK,OK,OK
2026-08-29T21:15:38.907857Z,1067,124.2,5943,OK,OK,OK
2026-08-29T21:15:44.285667Z,1069,124.2,5943,OK,OK,OK
2026-08-29T21:15:49.677410Z,1074,124.1,5943,OK,OK,OK
2026-08-29T21:15:55.041667Z,1071,124.1,5889,OK,OK,OK
2026-08-29T21:16:00.434569Z,1072,124.2,5889,OK,OK,OK
2026-08-29T21:16:05.815598Z,1074,124.2,5901,OK,OK,OK
2026-08-29T21:16:11.233918Z,1073,124.2,5901,OK,OK,OK
2026-08-29T21:16:16.599883Z,1081,124.3,5901,OK,OK,OK
2026-08-29T21:16:21.984932Z,1075,124.3,5872,OK,OK,OK
2026-08-29T21:16:27.357739Z,1077,124.3,5872,OK,OK,OK
2026-08-29T21:16:32.715837Z,1072,124.3,5858,OK,OK,OK
2026-08-29T21:16:38.110706Z,1074,124.3,5858,OK,OK,OK
2026-08-29T21:16:43.488739Z,1078,124.5,5819,OK,OK,OK
2026-08-29T21:16:48.893045Z,1074,124.5,5819,OK,OK,OK
2026-08-29T21:16:54.259945Z,1076,124.6,5819,OK,OK,OK
2026-08-29T21:16:59.652353Z,1073,124.5,5795,OK,OK,OK
2026-08-29T21:17:05.034829Z,1075,124.5,5795,OK,OK,OK
2026-08-29T21:17:10.409042Z,1072,124.5,5793,OK,OK,OK
2026-08-29T21:17:15.805176Z,1073,124.4,5793,OK,OK,OK
2026-08-29T21:17:21.175464Z,1074,124.5,5793,OK,OK,OK
2026-08-29T21:17:26.581092Z,1070,124.4,5740,OK,OK,OK
2026-08-29T21:17:31.960727Z,1072,124.5,5740,OK,OK,OK
2026-08-29T21:17:37.358481Z,1073,124.5,5718,OK,OK,OK
2026-08-29T21:17:42.742252Z,1072,124.5,5718,OK,OK,OK
2026-08-29T21:17:48.102150Z,1070,124.5,5718,OK,OK,OK
2026-08-29T21:17:53.488311Z,1075,124.5,5720,OK,OK,OK
2026-08-29T21:17:58.868065Z,1070,124.4,5720,OK,OK,OK
2026-08-29T21:18:04.241524Z,1072,124.4,5693,OK,OK,OK
2026-08-29T21:18:09.605959Z,1072,124.4,5693,OK,OK,OK
2026-08-29T21:18:14.993378Z,1073,124.4,5693,OK,OK,OK
2026-08-29T21:18:20.379980Z,1072,124.5,5677,OK,OK,OK
2026-08-29T21:18:25.763310Z,1074,124.4,5677,OK,OK,OK
2026-08-29T21:18:31.124113Z,1072,124.4,5663,OK,OK,OK
2026-08-29T21:18:36.508041Z,1072,124.4,5663,OK,OK,OK
2026-08-29T21:18:41.896462Z,1073,124.4,5757,OK,OK,OK
2026-08-29T21:18:47.262431Z,1076,124.4,5757,OK,OK,OK
2026-08-29T21:18:52.670108Z,1071,124.4,5757,OK,OK,OK
2026-08-29T21:18:58.056638Z,1072,124.4,5687,OK,OK,OK
2026-08-29T21:19:03.433586Z,1070,124.4,5687,OK,OK,OK
2026-08-29T21:19:08.794755Z,1072,124.4,5690,OK,OK,OK
2026-08-29T21:19:14.181171Z,1073,124.4,5690,OK,OK,OK
2026-08-29T21:19:19.567393Z,1073,124.4,5690,OK,OK,OK
2026-08-29T21:19:24.954708Z,1072,124.4,5617,OK,OK,OK
2026-08-29T21:19:30.324087Z,1074,124.4,5617,OK,OK,OK
2026-08-29T21:19:35.713065Z,1071,124.4,5572,OK,OK,OK
2026-08-29T21:19:41.096661Z,1068,124.1,5572,OK,OK,OK
2026-08-29T21:19:46.473232Z,1066,124.3,5594,OK,OK,OK
2026-08-29T21:19:51.843994Z,1070,124.3,5594,OK,OK,OK
2026-08-29T21:19:57.218639Z,1065,124.3,5594,OK,OK,OK
2026-08-29T21:20:02.595722Z,1061,124.2,5535,OK,OK,OK
2026-08-29T21:20:07.978675Z,1063,123.9,5535,OK,OK,OK
2026-08-29T21:20:13.432694Z,1060,123.8,5506,OK,OK,OK
2026-08-29T21:20:18.826042Z,1060,123.8,5506,OK,OK,OK
2026-08-29T21:20:24.185111Z,1060,123.8,5506,OK,OK,OK
2026-08-29T21:20:29.561242Z,1061,123.9,5465,OK,OK,OK
2026-08-29T21:20:34.948691Z,1061,123.8,5465,OK,OK,OK
2026-08-29T21:20:40.310582Z,1056,123.6,5430,OK,OK,OK
2026-08-29T21:20:45.688569Z,1062,123.6,5430,OK,OK,OK
2026-08-29T21:20:51.070822Z,1061,123.6,5430,OK,OK,OK
2026-08-29T21:20:56.469134Z,1060,123.5,5500,OK,OK,OK
2026-08-29T21:21:01.839607Z,1061,123.6,5500,OK,OK,OK
2026-08-29T21:21:07.219704Z,1058,123.6,5414,OK,OK,OK
2026-08-29T21:21:12.606235Z,1063,123.6,5414,OK,OK,OK
2026-08-29T21:21:17.975897Z,1074,123.6,5430,OK,OK,OK
2026-08-29T21:21:23.379411Z,1064,123.6,5430,OK,OK,OK
2026-08-29T21:21:28.747826Z,1062,123.6,5430,OK,OK,OK
2026-08-29T21:21:34.145252Z,1062,123.6,5357,OK,OK,OK
2026-08-29T21:21:39.512979Z,1061,123.6,5357,OK,OK,OK
2026-08-29T21:21:44.892768Z,1062,123.6,5385,OK,OK,OK
2026-08-29T21:21:50.289622Z,1061,123.6,5385,OK,OK,OK
2026-08-29T21:21:55.662639Z,1062,123.6,5385,OK,OK,OK
2026-08-29T21:22:01.048416Z,1061,123.6,5355,OK,OK,OK
2026-08-29T21:22:06.420602Z,1060,123.6,5355,OK,OK,OK
2026-08-29T21:22:11.812968Z,1063,123.5,5395,OK,OK,OK
2026-08-29T21:22:17.196672Z,1060,123.6,5395,OK,OK,OK
2026-08-29T21:22:22.583105Z,1059,123.5,5395,OK,OK,OK
2026-08-29T21:22:27.969555Z,1061,123.6,5342,OK,OK,OK
2026-08-29T21:22:33.340144Z,1058,123.6,5342,OK,OK,OK
2026-08-29T21:22:38.721044Z,1058,123.6,5303,OK,OK,OK
2026-08-29T21:22:44.104018Z,1058,123.6,5303,OK,OK,OK
2026-08-29T21:22:49.473137Z,1056,123.6,5285,OK,OK,OK
2026-08-29T21:22:54.856318Z,1057,123.6,5285,OK,OK,OK
2026-08-29T21:23:00.253805Z,1057,123.6,5285,OK,OK,OK
2026-08-29T21:23:05.638714Z,1057,123.6,5302,OK,OK,OK
2026-08-29T21:23:11.008135Z,1056,123.6,5302,OK,OK,OK
2026-08-29T21:23:16.383474Z,1058,123.6,5307,OK,OK,OK
2026-08-29T21:23:21.786555Z,1055,123.6,5307,OK,OK,OK
2026-08-29T21:23:27.171400Z,1057,123.6,5307,OK,OK,OK
2026-08-29T21:23:32.555342Z,1060,123.6,5254,OK,OK,OK
2026-08-29T21:23:37.930749Z,1056,123.6,5254,OK,OK,OK
2026-08-29T21:23:43.307789Z,1057,123.6,5350,OK,OK,OK
2026-08-29T21:23:48.674771Z,1057,123.6,5350,OK,OK,OK
2026-08-29T21:23:54.060115Z,1057,123.6,5350,OK,OK,OK
2026-08-29T21:23:59.440779Z,1064,123.6,5371,OK,OK,OK
2026-08-29T21:24:04.814340Z,1059,123.6,5371,OK,OK,OK
2026-08-29T21:24:10.184841Z,1062,123.6,5360,OK,OK,OK
2026-08-29T21:24:15.566083Z,1061,123.6,5360,OK,OK,OK
2026-08-29T21:24:20.952613Z,1059,123.6,5345,OK,OK,OK
2026-08-29T21:24:26.335950Z,1062,123.6,5345,OK,OK,OK
2026-08-29T21:24:31.738784Z,1058,123.7,5345,OK,OK,OK
2026-08-29T21:24:37.149339Z,1060,123.7,5332,OK,OK,OK
2026-08-29T21:24:42.519805Z,1060,123.6,5332,OK,OK,OK
2026-08-29T21:24:47.887897Z,1063,123.6,5305,OK,OK,OK
2026-08-29T21:24:53.287305Z,1060,123.7,5305,OK,OK,OK
2026-08-29T21:24:58.690406Z,1066,123.6,5305,OK,OK,OK
2026-08-29T21:25:04.074405Z,1059,123.6,5280,OK,OK,OK
2026-08-29T21:25:09.452989Z,1063,123.5,5280,OK,OK,OK
2026-08-29T21:25:14.854666Z,1057,123.6,5256,OK,OK,OK
2026-08-29T21:25:20.235356Z,1059,123.6,5256,OK,OK,OK
2026-08-29T21:25:25.602567Z,1059,123.7,5241,OK,OK,OK
2026-08-29T21:25:30.997713Z,1056,123.7,5241,OK,OK,OK
2026-08-29T21:25:36.404779Z,1056,123.7,5241,OK,OK,OK
2026-08-29T21:25:41.808278Z,1060,123.8,5222,OK,OK,OK
2026-08-29T21:25:47.191775Z,1058,123.8,5222,OK,OK,OK
2026-08-29T21:25:52.593055Z,1057,123.8,5201,OK,OK,OK
2026-08-29T21:25:57.974893Z,1057,123.8,5201,OK,OK,OK
2026-08-29T21:26:03.335052Z,1060,123.8,5201,OK,OK,OK
2026-08-29T21:26:08.755160Z,1060,123.8,5189,OK,OK,OK
2026-08-29T21:26:14.144139Z,1057,123.8,5189,OK,OK,OK
2026-08-29T21:26:19.507873Z,1065,123.8,5175,OK,OK,OK
2026-08-29T21:26:24.924973Z,1058,123.8,5175,OK,OK,OK
2026-08-29T21:26:30.331980Z,1061,123.8,5162,OK,OK,OK
2026-08-29T21:26:35.715607Z,1065,123.8,5162,OK,OK,OK
2026-08-29T21:26:41.086112Z,1061,123.8,5162,OK,OK,OK
2026-08-29T21:26:46.458324Z,1059,123.8,5151,OK,OK,OK
2026-08-29T21:26:51.841590Z,1060,123.8,5151,OK,OK,OK
2026-08-29T21:26:57.214389Z,1058,123.8,5143,OK,OK,OK
2026-08-29T21:27:02.603300Z,1059,123.8,5143,OK,OK,OK
2026-08-29T21:27:07.993574Z,1060,123.8,5143,OK,OK,OK
2026-08-29T21:27:13.455959Z,1061,123.8,5141,OK,OK,OK
2026-08-29T21:27:18.836133Z,1062,123.8,5141,OK,OK,OK
2026-08-29T21:27:24.205449Z,1063,123.9,5127,OK,OK,OK
2026-08-29T21:27:29.573240Z,1059,123.8,5127,OK,OK,OK
2026-08-29T21:27:34.951142Z,1062,123.9,5127,OK,OK,OK
2026-08-29T21:27:40.318791Z,1066,124.1,5121,OK,OK,OK
2026-08-29T21:27:45.708194Z,1061,124.1,5121,OK,OK,OK
2026-08-29T21:27:51.078662Z,1063,124.2,5118,OK,OK,OK
2026-08-29T21:27:56.472774Z,1063,124.1,5118,OK,OK,OK
2026-08-29T21:28:01.843735Z,1063,124.2,5103,OK,OK,OK
2026-08-29T21:28:07.240991Z,1062,124.1,5103,OK,OK,OK
2026-08-29T21:28:12.626826Z,1059,124.1,5103,OK,OK,OK
2026-08-29T21:28:17.995140Z,1062,124.2,5093,OK,OK,OK
2026-08-29T21:28:23.379995Z,1063,124.1,5093,OK,OK,OK
2026-08-29T21:28:28.760569Z,1063,124.1,5091,OK,OK,OK
2026-08-29T21:28:34.138693Z,1061,124.1,5091,OK,OK,OK
2026-08-29T21:28:39.522102Z,1060,124.1,5091,OK,OK,OK
2026-08-29T21:28:44.905714Z,1060,124.1,5081,OK,OK,OK
2026-08-29T21:28:50.282994Z,1062,124.1,5081,OK,OK,OK
2026-08-29T21:28:55.666518Z,1062,124.1,5071,OK,OK,OK
2026-08-29T21:29:01.036451Z,1060,124.2,5071,OK,OK,OK
2026-08-29T21:29:06.431069Z,1062,124.2,5071,OK,OK,OK
2026-08-29T21:29:11.809004Z,1064,124.0,5077,OK,OK,OK
2026-08-29T21:29:17.182614Z,1068,123.9,5077,OK,OK,OK
2026-08-29T21:29:22.585058Z,1064,123.9,5087,OK,OK,OK
2026-08-29T21:29:27.969676Z,1067,123.9,5087,OK,OK,OK
2026-08-29T21:29:33.341893Z,1065,123.9,5087,OK,OK,OK
2026-08-29T21:29:38.728660Z,1067,124.0,5087,OK,OK,OK
2026-08-29T21:29:44.113735Z,1068,124.1,5087,OK,OK,OK
2026-08-29T21:29:49.494616Z,1067,124.2,5063,OK,OK,OK
2026-08-29T21:29:54.875585Z,1067,124.2,5063,OK,OK,OK
2026-08-29T21:30:00.254879Z,1066,124.2,5045,OK,OK,OK
2026-08-29T21:30:05.630019Z,1066,124.2,5045,OK,OK,OK
2026-08-29T21:30:10.999462Z,1064,124.2,5045,OK,OK,OK
2026-08-29T21:30:16.385973Z,1065,124.2,5049,OK,OK,OK
2026-08-29T21:30:21.756406Z,1065,124.2,5049,OK,OK,OK
2026-08-29T21:30:27.126801Z,1065,124.2,5024,OK,OK,OK
2026-08-29T21:30:32.506500Z,1069,124.3,5024,OK,OK,OK
2026-08-29T21:30:37.916831Z,1066,124.3,5024,OK,OK,OK
2026-08-29T21:30:43.313216Z,1066,124.3,5024,OK,OK,OK
2026-08-29T21:30:48.703515Z,1064,124.3,5024,OK,OK,OK
2026-08-29T21:30:54.082979Z,1066,124.3,5030,OK,OK,OK
2026-08-29T21:30:59.460524Z,1070,124.3,5030,OK,OK,OK
2026-08-29T21:31:04.816493Z,1066,124.3,4896,OK,OK,OK
2026-08-29T21:31:10.210533Z,1067,124.3,4896,OK,OK,OK
2026-08-29T21:31:15.599971Z,1071,124.3,4896,OK,OK,OK
2026-08-29T21:31:20.975774Z,1070,124.3,4945,OK,OK,OK
2026-08-29T21:31:26.411414Z,1073,124.3,4945,OK,OK,OK
2026-08-29T21:31:31.834266Z,1073,124.3,4902,OK,OK,OK
2026-08-29T21:31:37.197682Z,1070,124.3,4902,OK,OK,OK
2026-08-29T21:31:42.569677Z,1073,124.3,4925,OK,OK,OK
2026-08-29T21:31:47.956153Z,1073,124.3,4925,OK,OK,OK
2026-08-29T21:31:53.358510Z,1070,124.1,4925,OK,OK,OK
2026-08-29T21:31:58.760974Z,1072,124.2,4887,OK,OK,OK
2026-08-29T21:32:04.125430Z,1073,124.3,4887,OK,OK,OK
2026-08-29T21:32:09.490183Z,1069,124.3,4871,OK,OK,OK
2026-08-29T21:32:14.888563Z,1067,124.2,4871,OK,OK,OK
2026-08-29T21:32:20.257539Z,1071,124.2,4900,OK,OK,OK
2026-08-29T21:32:25.633253Z,1067,124.2,4900,OK,OK,OK
2026-08-29T21:32:31.024019Z,1066,124.2,4900,OK,OK,OK
2026-08-29T21:32:36.404482Z,1064,124.2,4860,OK,OK,OK
2026-08-29T21:32:41.789452Z,1067,124.1,4860,OK,OK,OK
2026-08-29T21:32:47.175827Z,1064,124.1,4933,OK,OK,OK
2026-08-29T21:32:52.563216Z,1063,124.1,4933,OK,OK,OK
2026-08-29T21:32:57.932913Z,1064,124.2,4933,OK,OK,OK
2026-08-29T21:33:03.315794Z,1061,124.2,4847,OK,OK,OK
2026-08-29T21:33:08.693941Z,1062,124.1,4847,OK,OK,OK
2026-08-29T21:33:14.076501Z,1060,124.1,4943,OK,OK,OK
2026-08-29T21:33:19.448234Z,1064,124.2,4943,OK,OK,OK
2026-08-29T21:33:24.859276Z,982,124.1,4943,OK,OK,OK
2026-08-29T21:33:30.233032Z,984,124.1,4838,OK,OK,OK
2026-08-29T21:33:35.620046Z,985,124.1,4838,OK,OK,OK
2026-08-29T21:33:40.992957Z,982,124.1,4871,OK,OK,OK
2026-08-29T21:33:46.363577Z,983,124.0,4871,OK,OK,OK
2026-08-29T21:33:51.746339Z,983,124.1,4821,OK,OK,OK
2026-08-29T21:33:57.133191Z,985,124.1,4821,OK,OK,OK
2026-08-29T21:34:02.523013Z,985,124.1,4821,OK,OK,OK
2026-08-29T21:34:07.920463Z,982,124.1,4856,OK,OK,OK
2026-08-29T21:34:13.279824Z,983,124.1,4856,OK,OK,OK
2026-08-29T21:34:18.671715Z,982,124.1,4811,OK,OK,OK
2026-08-29T21:34:24.078970Z,982,124.1,4811,OK,OK,OK
2026-08-29T21:34:29.469218Z,983,124.1,4811,OK,OK,OK
2026-08-29T21:34:34.840033Z,981,124.1,4817,OK,OK,OK
2026-08-29T21:34:40.211489Z,983,124.1,4817,OK,OK,OK
2026-08-29T21:34:45.588831Z,983,124.1,4810,OK,OK,OK
2026-08-29T21:34:50.952467Z,983,124.2,4810,OK,OK,OK
2026-08-29T21:34:56.332781Z,986,124.1,4810,OK,OK,OK
2026-08-29T21:35:01.702563Z,983,124.2,4823,OK,OK,OK
2026-08-29T21:35:07.080799Z,984,124.1,4823,OK,OK,OK
2026-08-29T21:35:12.491207Z,980,124.1,4784,OK,OK,OK
2026-08-29T21:35:17.869754Z,982,124.1,4784,OK,OK,OK
2026-08-29T21:35:23.272175Z,984,124.0,4768,OK,OK,OK
2026-08-29T21:35:28.658685Z,982,124.1,4768,OK,OK,OK
2026-08-29T21:35:34.055160Z,980,124.1,4768,OK,OK,OK
2026-08-29T21:35:39.447662Z,982,124.1,4795,OK,OK,OK
2026-08-29T21:35:44.851116Z,981,124.0,4795,OK,OK,OK
2026-08-29T21:35:50.225120Z,981,124.0,4752,OK,OK,OK
2026-08-29T21:35:55.610812Z,982,124.0,4752,OK,OK,OK
2026-08-29T21:36:00.993612Z,981,124.1,4752,OK,OK,OK
2026-08-29T21:36:06.382237Z,986,124.1,4766,OK,OK,OK
2026-08-29T21:36:11.765868Z,982,124.1,4766,OK,OK,OK
2026-08-29T21:36:17.179341Z,993,124.1,4737,OK,OK,OK
2026-08-29T21:36:22.579227Z,984,124.1,4737,OK,OK,OK
2026-08-29T21:36:27.945509Z,982,124.1,4737,OK,OK,OK
2026-08-29T21:36:33.333765Z,981,124.1,4729,OK,OK,OK
2026-08-29T21:36:38.730771Z,982,124.1,4729,OK,OK,OK
2026-08-29T21:36:44.118609Z,983,124.1,4725,OK,OK,OK
2026-08-29T21:36:49.490272Z,984,124.1,4725,OK,OK,OK
2026-08-29T21:36:54.880857Z,984,124.1,4714,OK,OK,OK
2026-08-29T21:37:00.262715Z,982,124.2,4714,OK,OK,OK
2026-08-29T21:37:05.645473Z,985,124.2,4714,OK,OK,OK
2026-08-29T21:37:11.051686Z,984,124.3,4722,OK,OK,OK
2026-08-29T21:37:16.433606Z,984,124.1,4722,OK,OK,OK
2026-08-29T21:37:21.816989Z,982,124.1,4693,OK,OK,OK
2026-08-29T21:37:27.211149Z,981,124.1,4693,OK,OK,OK
2026-08-29T21:37:32.613559Z,984,124.1,4693,OK,OK,OK
2026-08-29T21:37:38.000053Z,984,124.1,4708,OK,OK,OK
2026-08-29T21:37:43.371392Z,982,124.1,4708,OK,OK,OK
2026-08-29T21:37:48.763556Z,986,124.1,4726,OK,OK,OK
2026-08-29T21:37:54.159260Z,982,124.1,4726,OK,OK,OK
2026-08-29T21:37:59.553204Z,984,124.1,4671,OK,OK,OK
2026-08-29T21:38:04.938498Z,981,124.1,4671,OK,OK,OK
2026-08-29T21:38:10.320679Z,983,124.1,4671,OK,OK,OK
2026-08-29T21:38:15.705224Z,985,124.0,4710,OK,OK,OK
2026-08-29T21:38:21.078524Z,983,124.0,4710,OK,OK,OK
2026-08-29T21:38:26.462377Z,981,124.1,4679,OK,OK,OK
2026-08-29T21:38:31.848785Z,981,124.1,4679,OK,OK,OK
2026-08-29T21:38:37.230076Z,982,124.0,4679,OK,OK,OK
2026-08-29T21:38:42.602399Z,984,124.0,4687,OK,OK,OK
2026-08-29T21:38:47.991760Z,984,124.0,4687,OK,OK,OK
2026-08-29T21:38:53.390703Z,982,123.9,4681,OK,OK,OK
2026-08-29T21:38:58.770067Z,983,123.9,4681,OK,OK,OK
2026-08-29T21:39:04.157001Z,980,124.0,4681,OK,OK,OK
2026-08-29T21:39:09.531954Z,980,123.9,4669,OK,OK,OK
2026-08-29T21:39:14.928693Z,982,123.9,4669,OK,OK,OK
2026-08-29T21:39:20.308406Z,981,124.0,4659,OK,OK,OK
2026-08-29T21:39:25.716771Z,979,124.0,4659,OK,OK,OK
2026-08-29T21:39:31.127001Z,985,124.0,4655,OK,OK,OK
2026-08-29T21:39:36.500226Z,980,124.0,4655,OK,OK,OK
2026-08-29T21:39:41.870041Z,984,124.1,4643,OK,OK,OK
2026-08-29T21:39:47.256977Z,981,124.1,4643,OK,OK,OK
2026-08-29T21:39:52.667571Z,984,124.1,4643,OK,OK,OK
2026-08-29T21:39:58.045650Z,982,124.1,4633,OK,OK,OK
2026-08-29T21:40:03.461697Z,985,124.0,4633,OK,OK,OK
2026-08-29T21:40:08.869925Z,982,123.9,4627,OK,OK,OK
2026-08-29T21:40:14.240325Z,981,124.0,4627,OK,OK,OK
2026-08-29T21:40:19.635504Z,980,123.8,4627,OK,OK,OK
2026-08-29T21:40:25.001387Z,976,123.9,4625,OK,OK,OK
2026-08-29T21:40:30.368341Z,982,123.9,4625,OK,OK,OK
2026-08-29T21:40:35.744961Z,980,123.9,4649,OK,OK,OK
2026-08-29T21:40:41.119280Z,978,124.0,4649,OK,OK,OK
2026-08-29T21:40:46.493568Z,976,123.9,4649,OK,OK,OK
2026-08-29T21:40:51.851031Z,978,123.9,4704,OK,OK,OK
2026-08-29T21:40:57.241199Z,977,123.9,4704,OK,OK,OK
2026-08-29T21:41:02.613736Z,974,123.9,4694,OK,OK,OK
2026-08-29T21:41:07.978016Z,980,123.9,4694,OK,OK,OK
2026-08-29T21:41:13.353039Z,981,124.0,4685,OK,OK,OK
2026-08-29T21:41:18.729399Z,985,123.9,4685,OK,OK,OK
2026-08-29T21:41:24.137529Z,974,123.9,4685,OK,OK,OK
2026-08-29T21:41:29.505038Z,981,123.9,4679,OK,OK,OK
2026-08-29T21:41:34.878742Z,978,123.9,4679,OK,OK,OK
2026-08-29T21:41:40.254280Z,976,123.9,4665,OK,OK,OK
2026-08-29T21:41:45.632141Z,977,123.9,4665,OK,OK,OK
2026-08-29T21:41:51.016215Z,976,123.9,4665,OK,OK,OK
2026-08-29T21:41:56.404007Z,975,123.9,4656,OK,OK,OK
2026-08-29T21:42:01.793516Z,975,123.9,4656,OK,OK,OK
2026-08-29T21:42:07.163249Z,976,123.9,4650,OK,OK,OK
2026-08-29T21:42:12.589340Z,976,123.9,4650,OK,OK,OK
2026-08-29T21:42:17.997364Z,974,123.9,4650,OK,OK,OK
2026-08-29T21:42:23.390024Z,976,124.0,4644,OK,OK,OK
2026-08-29T21:42:28.754494Z,976,123.9,4644,OK,OK,OK
2026-08-29T21:42:34.145887Z,976,123.9,4633,OK,OK,OK
2026-08-29T21:42:39.560278Z,980,123.9,4633,OK,OK,OK
2026-08-29T21:42:44.944176Z,977,123.9,4625,OK,OK,OK
2026-08-29T21:42:50.337281Z,978,123.8,4625,OK,OK,OK
2026-08-29T21:42:55.707753Z,976,123.8,4625,OK,OK,OK
2026-08-29T21:43:01.094389Z,974,123.8,4614,OK,OK,OK
2026-08-29T21:43:06.454244Z,974,123.8,4614,OK,OK,OK
2026-08-29T21:43:11.851221Z,974,123.8,4602,OK,OK,OK
2026-08-29T21:43:17.261133Z,979,123.8,4602,OK,OK,OK
2026-08-29T21:43:22.656204Z,973,123.8,4602,OK,OK,OK
2026-08-29T21:43:28.039414Z,977,123.8,4597,OK,OK,OK
2026-08-29T21:43:33.412055Z,976,123.8,4597,OK,OK,OK
2026-08-29T21:43:38.793399Z,976,123.8,4587,OK,OK,OK
2026-08-29T21:43:44.167671Z,974,123.9,4587,OK,OK,OK
2026-08-29T21:43:49.542932Z,976,123.8,4587,OK,OK,OK
2026-08-29T21:43:54.933503Z,977,123.8,4581,OK,OK,OK
2026-08-29T21:44:00.329472Z,977,123.8,4581,OK,OK,OK
2026-08-29T21:44:05.711540Z,974,123.8,4570,OK,OK,OK
2026-08-29T21:44:11.102535Z,975,123.8,4570,OK,OK,OK
2026-08-29T21:44:16.489032Z,976,123.8,4560,OK,OK,OK
2026-08-29T21:44:21.875664Z,976,123.9,4560,OK,OK,OK
2026-08-29T21:44:27.258660Z,976,123.8,4560,OK,OK,OK
2026-08-29T21:44:32.633552Z,974,123.9,4552,OK,OK,OK
2026-08-29T21:44:38.027358Z,976,123.8,4552,OK,OK,OK
2026-08-29T21:44:43.392093Z,976,123.8,4542,OK,OK,OK
2026-08-29T21:44:48.761278Z,974,123.8,4542,OK,OK,OK
2026-08-29T21:44:54.147208Z,976,123.8,4542,OK,OK,OK
2026-08-29T21:44:59.516967Z,976,123.8,4531,OK,OK,OK
2026-08-29T21:45:04.908087Z,976,123.8,4531,OK,OK,OK
2026-08-29T21:45:10.284852Z,977,123.8,4519,OK,OK,OK
2026-08-29T21:45:15.660489Z,974,123.8,4519,OK,OK,OK
2026-08-29T21:45:21.041605Z,980,123.8,4519,OK,OK,OK
2026-08-29T21:45:26.416389Z,974,123.8,4511,OK,OK,OK
2026-08-29T21:45:31.792883Z,978,123.8,4511,OK,OK,OK
2026-08-29T21:45:37.173784Z,977,123.8,4498,OK,OK,OK
2026-08-29T21:45:42.554835Z,977,123.8,4498,OK,OK,OK
2026-08-29T21:45:47.947319Z,976,123.9,4495,OK,OK,OK
2026-08-29T21:45:53.353434Z,976,123.8,4495,OK,OK,OK
2026-08-29T21:45:58.720242Z,974,123.8,4495,OK,OK,OK
2026-08-29T21:46:04.120483Z,976,123.9,4479,OK,OK,OK
2026-08-29T21:46:09.497087Z,974,123.8,4479,OK,OK,OK
2026-08-29T21:46:14.863607Z,974,123.9,4473,OK,OK,OK
2026-08-29T21:46:20.247116Z,979,123.9,4473,OK,OK,OK
2026-08-29T21:46:25.636509Z,976,124.0,4473,OK,OK,OK
2026-08-29T21:46:31.013223Z,977,124.0,4463,OK,OK,OK
2026-08-29T21:46:36.385479Z,977,124.0,4463,OK,OK,OK
2026-08-29T21:46:41.780070Z,978,123.9,4447,OK,OK,OK
2026-08-29T21:46:47.154502Z,977,123.9,4447,OK,OK,OK
2026-08-29T21:46:52.537854Z,979,123.9,4447,OK,OK,OK
2026-08-29T21:46:57.918947Z,974,123.9,4435,OK,OK,OK
2026-08-29T21:47:03.333128Z,979,123.9,4435,OK,OK,OK
2026-08-29T21:47:08.707618Z,975,123.8,4420,OK,OK,OK
2026-08-29T21:47:14.074012Z,975,123.9,4420,OK,OK,OK
2026-08-29T21:47:19.467172Z,978,123.9,4403,OK,OK,OK
2026-08-29T21:47:24.855785Z,974,123.8,4403,OK,OK,OK
2026-08-29T21:47:30.226307Z,974,123.8,4403,OK,OK,OK
2026-08-29T21:47:35.628797Z,976,123.8,4388,OK,OK,OK
2026-08-29T21:47:41.015245Z,973,123.8,4388,OK,OK,OK
2026-08-29T21:47:46.392797Z,974,123.8,4370,OK,OK,OK
2026-08-29T21:47:51.772377Z,974,123.9,4370,OK,OK,OK
2026-08-29T21:47:57.148898Z,975,123.9,4370,OK,OK,OK
2026-08-29T21:48:02.532809Z,978,123.9,4354,OK,OK,OK
2026-08-29T21:48:07.935007Z,974,123.9,4354,OK,OK,OK
2026-08-29T21:48:13.331363Z,976,123.9,4345,OK,OK,OK
2026-08-29T21:48:18.746048Z,976,123.9,4345,OK,OK,OK
2026-08-29T21:48:24.133989Z,975,123.9,4345,OK,OK,OK
2026-08-29T21:48:29.492325Z,977,123.9,4330,OK,OK,OK
2026-08-29T21:48:34.867137Z,977,123.9,4330,OK,OK,OK
2026-08-29T21:48:40.246202Z,977,124.2,4319,OK,OK,OK
2026-08-29T21:48:45.624197Z,980,124.3,4319,OK,OK,OK
2026-08-29T21:48:51.004823Z,975,124.2,4312,OK,OK,OK
2026-08-29T21:48:56.386533Z,976,124.2,4312,OK,OK,OK
2026-08-29T21:49:01.762923Z,978,124.2,4312,OK,OK,OK
2026-08-29T21:49:07.122104Z,977,124.1,4296,OK,OK,OK
2026-08-29T21:49:12.508404Z,980,124.2,4296,OK,OK,OK
2026-08-29T21:49:17.905432Z,980,124.2,4280,OK,OK,OK
2026-08-29T21:49:23.265343Z,978,124.2,4280,OK,OK,OK
2026-08-29T21:49:28.645197Z,978,124.2,4280,OK,OK,OK
2026-08-29T21:49:34.038336Z,979,124.2,4256,OK,OK,OK
2026-08-29T21:49:39.418392Z,978,124.3,4256,OK,OK,OK
2026-08-29T21:49:44.795353Z,976,124.2,4248,OK,OK,OK
2026-08-29T21:49:50.184288Z,977,124.2,4248,OK,OK,OK
2026-08-29T21:49:55.577153Z,978,124.2,4248,OK,OK,OK
2026-08-29T21:50:00.948499Z,978,124.2,4237,OK,OK,OK
2026-08-29T21:50:06.329274Z,978,124.2,4237,OK,OK,OK
2026-08-29T21:50:11.727642Z,980,123.9,4213,OK,OK,OK
2026-08-29T21:50:17.103380Z,981,123.9,4213,OK,OK,OK
2026-08-29T21:50:22.467133Z,980,123.9,4206,OK,OK,OK
2026-08-29T21:50:27.851683Z,980,123.9,4206,OK,OK,OK
2026-08-29T21:50:33.257644Z,988,123.9,4206,OK,OK,OK
2026-08-29T21:50:38.616222Z,981,124.0,4186,OK,OK,OK
2026-08-29T21:50:44.000049Z,980,123.9,4186,OK,OK,OK
2026-08-29T21:50:49.396558Z,980,123.9,4172,OK,OK,OK
2026-08-29T21:50:54.787215Z,980,123.9,4172,OK,OK,OK
2026-08-29T21:51:00.171842Z,982,123.9,4172,OK,OK,OK
2026-08-29T21:51:05.564864Z,979,123.9,4162,OK,OK,OK
2026-08-29T21:51:10.936910Z,982,123.9,4162,OK,OK,OK
2026-08-29T21:51:16.305180Z,991,123.9,4145,OK,OK,OK
2026-08-29T21:51:21.688672Z,1256,124.3,4145,OK,OK,OK
2026-08-29T21:51:27.056434Z,1079,123.9,4145,OK,OK,OK
2026-08-29T21:51:32.442178Z,1088,124.0,4126,OK,OK,OK
2026-08-29T21:51:37.829580Z,1105,123.9,4126,OK,OK,OK
2026-08-29T21:51:43.231936Z,1104,123.9,4104,OK,OK,OK
2026-08-29T21:51:48.632629Z,1100,123.9,4104,OK,OK,OK
2026-08-29T21:51:53.996104Z,1094,123.9,4093,OK,OK,OK
2026-08-29T21:51:59.365816Z,1088,123.9,4093,OK,OK,OK
2026-08-29T21:52:04.743875Z,1086,123.9,4093,OK,OK,OK
2026-08-29T21:52:10.129794Z,1094,123.8,4067,OK,OK,OK
2026-08-29T21:52:15.532597Z,1091,124.1,4067,OK,OK,OK
2026-08-29T21:52:20.909118Z,1088,124.0,4044,OK,OK,OK
2026-08-29T21:52:26.300772Z,1086,124.0,4044,OK,OK,OK
2026-08-29T21:52:31.662883Z,1085,124.0,4044,OK,OK,OK
2026-08-29T21:52:37.058834Z,1080,123.9,4019,OK,OK,OK
2026-08-29T21:52:42.434663Z,1080,123.8,4019,OK,OK,OK
2026-08-29T21:52:47.839803Z,1080,124.0,4002,OK,OK,OK
2026-08-29T21:52:53.232540Z,1078,124.0,4002,OK,OK,OK
2026-08-29T21:52:58.643859Z,1075,124.0,3966,OK,OK,OK
2026-08-29T21:53:04.053604Z,1077,124.0,3966,OK,OK,OK
2026-08-29T21:53:09.431896Z,1074,123.9,3966,OK,OK,OK
2026-08-29T21:53:14.804174Z,1072,123.9,3957,OK,OK,OK
2026-08-29T21:53:20.206688Z,1069,124.0,3957,OK,OK,OK
2026-08-29T21:53:25.609281Z,1063,124.0,3938,OK,OK,OK
2026-08-29T21:53:30.984526Z,1062,124.0,3938,OK,OK,OK
2026-08-29T21:53:36.386667Z,1067,123.9,3938,OK,OK,OK
2026-08-29T21:53:41.765115Z,1066,123.9,3906,OK,OK,OK
2026-08-29T21:53:47.152813Z,1064,124.0,3906,OK,OK,OK
2026-08-29T21:53:52.534437Z,1066,123.9,3882,OK,OK,OK
2026-08-29T21:53:57.928083Z,1069,123.9,3882,OK,OK,OK
2026-08-29T21:54:03.314516Z,1068,123.9,3882,OK,OK,OK
2026-08-29T21:54:08.669199Z,1068,123.9,3860,OK,OK,OK
2026-08-29T21:54:14.071482Z,1068,123.9,3860,OK,OK,OK
2026-08-29T21:54:19.458002Z,1066,123.9,3835,OK,OK,OK
2026-08-29T21:54:24.857871Z,1068,123.9,3835,OK,OK,OK
2026-08-29T21:54:30.225808Z,1068,123.9,3835,OK,OK,OK
2026-08-29T21:54:35.601400Z,1070,123.9,3817,OK,OK,OK
2026-08-29T21:54:41.019833Z,1070,124.0,3817,OK,OK,OK
2026-08-29T21:54:46.386757Z,1067,123.9,3801,OK,OK,OK
2026-08-29T21:54:51.776765Z,1066,123.9,3801,OK,OK,OK
2026-08-29T21:54:57.160576Z,1066,123.9,3788,OK,OK,OK
2026-08-29T21:55:02.551715Z,1065,123.9,3788,OK,OK,OK
2026-08-29T21:55:07.922396Z,1064,123.9,3788,OK,OK,OK
2026-08-29T21:55:13.454132Z,1066,123.8,3770,OK,OK,OK
2026-08-29T21:55:18.852441Z,1066,123.8,3770,OK,OK,OK
2026-08-29T21:55:24.231748Z,1064,123.9,3756,OK,OK,OK
2026-08-29T21:55:29.618272Z,1066,123.8,3756,OK,OK,OK
2026-08-29T21:55:35.004851Z,1063,123.8,3756,OK,OK,OK
2026-08-29T21:55:40.407246Z,1066,123.8,3733,OK,OK,OK
2026-08-29T21:55:45.789110Z,1066,123.8,3733,OK,OK,OK
2026-08-29T21:55:51.180357Z,1066,123.8,3713,OK,OK,OK
2026-08-29T21:55:56.550818Z,1064,123.8,3713,OK,OK,OK
2026-08-29T21:56:01.941398Z,1066,123.8,3693,OK,OK,OK
2026-08-29T21:56:07.335034Z,1068,123.8,3693,OK,OK,OK
2026-08-29T21:56:12.726316Z,1066,123.8,3693,OK,OK,OK
2026-08-29T21:56:18.111682Z,1078,123.8,3667,OK,OK,OK
2026-08-29T21:56:23.483515Z,1069,123.8,3667,OK,OK,OK
2026-08-29T21:56:28.864001Z,1070,123.8,3636,OK,OK,OK
2026-08-29T21:56:34.267342Z,1067,123.8,3636,OK,OK,OK
2026-08-29T21:56:39.632722Z,1067,123.8,3636,OK,OK,OK
2026-08-29T21:56:45.019917Z,1063,123.7,3605,OK,OK,OK
2026-08-29T21:56:50.416133Z,1067,123.7,3605,OK,OK,OK
2026-08-29T21:56:55.809900Z,1067,123.8,3573,OK,OK,OK
2026-08-29T21:57:01.173058Z,1068,123.8,3573,OK,OK,OK
2026-08-29T21:57:06.549552Z,1067,123.7,3573,OK,OK,OK
2026-08-29T21:57:11.935959Z,1072,123.7,3543,OK,OK,OK
2026-08-29T21:57:17.306435Z,1067,123.7,3543,OK,OK,OK
2026-08-29T21:57:22.682396Z,1070,123.6,3517,OK,OK,OK
2026-08-29T21:57:28.071648Z,1074,123.8,3517,OK,OK,OK
2026-08-29T21:57:33.446941Z,1071,123.8,3491,OK,OK,OK
2026-08-29T21:57:38.813044Z,1073,123.7,3491,OK,OK,OK
2026-08-29T21:57:44.208276Z,1070,123.7,3491,OK,OK,OK
2026-08-29T21:57:49.593554Z,1071,123.8,3462,OK,OK,OK
2026-08-29T21:57:54.952543Z,1069,123.8,3462,OK,OK,OK
2026-08-29T21:58:00.334602Z,1071,123.8,3453,OK,OK,OK
2026-08-29T21:58:05.730896Z,1072,123.8,3453,OK,OK,OK
2026-08-29T21:58:11.122173Z,1070,123.6,3453,OK,OK,OK
2026-08-29T21:58:16.481172Z,1067,123.6,3426,OK,OK,OK
2026-08-29T21:58:21.872830Z,1071,123.6,3426,OK,OK,OK
2026-08-29T21:58:27.258904Z,1070,123.6,3414,OK,OK,OK
2026-08-29T21:58:32.623987Z,1068,123.6,3414,OK,OK,OK
2026-08-29T21:58:38.008183Z,1065,123.6,3414,OK,OK,OK
2026-08-29T21:58:43.392392Z,1069,123.6,3391,OK,OK,OK
2026-08-29T21:58:48.762165Z,1064,123.6,3391,OK,OK,OK
2026-08-29T21:58:54.147715Z,1066,123.6,3380,OK,OK,OK
2026-08-29T21:58:59.529336Z,1067,123.5,3380,OK,OK,OK
2026-08-29T21:59:04.916737Z,1065,123.6,3357,OK,OK,OK
2026-08-29T21:59:10.307388Z,1064,123.6,3357,OK,OK,OK
2026-08-29T21:59:15.685676Z,1071,123.6,3357,OK,OK,OK
2026-08-29T21:59:21.052234Z,1066,123.6,3341,OK,OK,OK
2026-08-29T21:59:26.443134Z,1065,123.6,3341,OK,OK,OK
2026-08-29T21:59:31.830702Z,1066,123.6,3339,OK,OK,OK
2026-08-29T21:59:37.208692Z,1065,123.6,3339,OK,OK,OK
2026-08-29T21:59:42.579313Z,1067,123.5,3339,OK,OK,OK
2026-08-29T21:59:47.965785Z,1068,123.6,3295,OK,OK,OK
2026-08-29T21:59:53.368204Z,1068,123.6,3295,OK,OK,OK
2026-08-29T21:59:58.748460Z,1073,123.8,3283,OK,OK,OK
2026-08-29T22:00:04.140983Z,1229,123.8,3283,OK,OK,OK
2026-08-29T22:00:09.511766Z,1201,123.7,3283,OK,OK,OK
2026-08-29T22:00:14.914079Z,1196,123.8,3276,OK,OK,OK
2026-08-29T22:00:20.302789Z,1189,123.5,3276,OK,OK,OK
2026-08-29T22:00:25.687231Z,1187,123.8,3263,OK,OK,OK
2026-08-29T22:00:31.092508Z,1185,123.8,3263,OK,OK,OK
2026-08-29T22:00:36.469191Z,1188,123.8,3232,OK,OK,OK
2026-08-29T22:00:41.854748Z,1187,123.8,3232,OK,OK,OK
2026-08-29T22:00:47.235514Z,1187,123.8,3232,OK,OK,OK
2026-08-29T22:00:52.645388Z,1190,123.8,3207,OK,OK,OK
2026-08-29T22:00:58.030577Z,1191,123.8,3207,OK,OK,OK
2026-08-29T22:01:03.405238Z,1181,123.8,3178,OK,OK,OK
2026-08-29T22:01:08.803109Z,1178,123.6,3178,OK,OK,OK
2026-08-29T22:01:14.205284Z,1179,123.6,3178,OK,OK,OK
2026-08-29T22:01:19.584221Z,1189,123.6,3153,OK,OK,OK
2026-08-29T22:01:24.948455Z,1178,123.6,3153,OK,OK,OK
2026-08-29T22:01:30.345419Z,1068,123.6,3118,OK,OK,OK
2026-08-29T22:01:35.719925Z,1070,123.6,3118,OK,OK,OK
2026-08-29T22:01:41.101670Z,1070,123.6,3100,OK,OK,OK
2026-08-29T22:01:46.484811Z,1069,123.6,3100,OK,OK,OK
2026-08-29T22:01:51.874591Z,1068,123.6,3100,OK,OK,OK
2026-08-29T22:01:57.255201Z,1069,123.6,3078,OK,OK,OK
2026-08-29T22:02:02.626161Z,1069,123.6,3078,OK,OK,OK
2026-08-29T22:02:08.020736Z,1071,123.6,3066,OK,OK,OK
2026-08-29T22:02:13.473256Z,1069,123.6,3066,OK,OK,OK
2026-08-29T22:02:18.863872Z,1072,123.6,3066,OK,OK,OK
2026-08-29T22:02:24.227857Z,1068,123.6,3045,OK,OK,OK
2026-08-29T22:02:29.642411Z,1071,123.6,3045,OK,OK,OK
2026-08-29T22:02:35.020955Z,1063,123.1,3012,OK,OK,OK
2026-08-29T22:02:40.423240Z,1068,122.8,3012,OK,OK,OK
2026-08-29T22:02:45.789947Z,1066,122.8,3012,OK,OK,OK
2026-08-29T22:02:51.167699Z,1067,122.8,2989,OK,OK,OK
2026-08-29T22:02:56.533026Z,1067,122.8,2989,OK,OK,OK
2026-08-29T22:03:01.905015Z,1067,122.8,2973,OK,OK,OK
2026-08-29T22:03:07.283497Z,1068,122.9,2973,OK,OK,OK
2026-08-29T22:03:12.688631Z,1066,123.0,2947,OK,OK,OK
2026-08-29T22:03:18.084407Z,1072,123.1,2947,OK,OK,OK
2026-08-29T22:03:23.486848Z,1070,123.1,2947,OK,OK,OK
2026-08-29T22:03:28.883844Z,1069,123.1,2937,OK,OK,OK
2026-08-29T22:03:34.264793Z,1069,123.1,2937,OK,OK,OK
2026-08-29T22:03:39.674009Z,1068,123.1,2929,OK,OK,OK
2026-08-29T22:03:45.068649Z,1073,122.9,2929,OK,OK,OK
2026-08-29T22:03:50.447140Z,1070,123.1,2929,OK,OK,OK
2026-08-29T22:03:55.810021Z,1065,123.1,2906,OK,OK,OK
2026-08-29T22:04:01.192435Z,1069,123.1,2906,OK,OK,OK
2026-08-29T22:04:06.573846Z,1068,123.1,2894,OK,OK,OK
2026-08-29T22:04:11.990104Z,1067,123.0,2894,OK,OK,OK
2026-08-29T22:04:17.367812Z,1069,123.1,2894,OK,OK,OK
2026-08-29T22:04:22.754275Z,1056,123.1,2884,OK,OK,OK
2026-08-29T22:04:28.188772Z,1054,123.1,2884,OK,OK,OK
2026-08-29T22:04:33.572767Z,1053,123.1,2866,OK,OK,OK
2026-08-29T22:04:38.941018Z,1055,123.0,2866,OK,OK,OK
2026-08-29T22:04:44.312318Z,1057,123.1,2853,OK,OK,OK
2026-08-29T22:04:49.701672Z,1058,123.1,2853,OK,OK,OK
2026-08-29T22:04:55.081565Z,1056,123.1,2853,OK,OK,OK
2026-08-29T22:05:00.479263Z,1057,123.1,2849,OK,OK,OK
2026-08-29T22:05:05.864397Z,1055,123.1,2849,OK,OK,OK
2026-08-29T22:05:11.248864Z,1057,123.1,2816,OK,OK,OK
2026-08-29T22:05:16.628586Z,1057,123.1,2816,OK,OK,OK
2026-08-29T22:05:22.017164Z,1059,123.1,2816,OK,OK,OK
2026-08-29T22:05:27.404129Z,1054,123.1,2788,OK,OK,OK
2026-08-29T22:05:32.771112Z,1059,123.1,2788,OK,OK,OK
2026-08-29T22:05:38.154352Z,1057,123.1,2789,OK,OK,OK
2026-08-29T22:05:43.534874Z,1058,123.1,2789,OK,OK,OK
2026-08-29T22:05:48.908882Z,1058,123.1,2769,OK,OK,OK
2026-08-29T22:05:54.293134Z,1061,123.1,2769,OK,OK,OK
2026-08-29T22:05:59.682531Z,1058,123.1,2769,OK,OK,OK
2026-08-29T22:06:05.067115Z,1057,123.1,2745,OK,OK,OK
2026-08-29T22:06:10.429740Z,1058,123.1,2745,OK,OK,OK
2026-08-29T22:06:15.821186Z,1058,123.0,2727,OK,OK,OK
2026-08-29T22:06:21.209278Z,1056,123.0,2727,OK,OK,OK
2026-08-29T22:06:26.577890Z,1060,123.0,2727,OK,OK,OK
2026-08-29T22:06:31.968602Z,1053,123.0,2704,OK,OK,OK
2026-08-29T22:06:37.355042Z,1058,123.0,2704,OK,OK,OK
2026-08-29T22:06:42.740409Z,1052,122.9,2702,OK,OK,OK
2026-08-29T22:06:48.103314Z,1053,122.8,2702,OK,OK,OK
2026-08-29T22:06:53.488250Z,1054,122.9,2702,OK,OK,OK
2026-08-29T22:06:58.882672Z,1054,122.8,2666,OK,OK,OK
2026-08-29T22:07:04.253955Z,1052,122.8,2666,OK,OK,OK
2026-08-29T22:07:09.638669Z,1051,122.8,2660,OK,OK,OK
2026-08-29T22:07:15.090090Z,1054,122.8,2660,OK,OK,OK
2026-08-29T22:07:20.492556Z,1050,122.8,2638,OK,OK,OK
2026-08-29T22:07:25.863010Z,1051,122.8,2638,OK,OK,OK
2026-08-29T22:07:31.249465Z,1053,122.8,2638,OK,OK,OK
2026-08-29T22:07:36.635938Z,1055,122.9,2612,OK,OK,OK
2026-08-29T22:07:42.020490Z,1049,122.9,2612,OK,OK,OK
2026-08-29T22:07:47.387020Z,1053,122.9,2584,OK,OK,OK
2026-08-29T22:07:52.793409Z,1058,122.9,2584,OK,OK,OK
2026-08-29T22:07:58.197886Z,1055,122.9,2584,OK,OK,OK
2026-08-29T22:08:03.565895Z,1054,122.9,2552,OK,OK,OK
2026-08-29T22:08:08.943575Z,1056,122.9,2552,OK,OK,OK
2026-08-29T22:08:14.329845Z,1052,122.4,2526,OK,OK,OK
2026-08-29T22:08:19.697276Z,1052,122.9,2526,OK,OK,OK
2026-08-29T22:08:25.066243Z,1054,122.9,2526,OK,OK,OK
2026-08-29T22:08:30.436727Z,1056,122.9,2496,OK,OK,OK
2026-08-29T22:08:35.839615Z,1055,122.9,2496,OK,OK,OK
2026-08-29T22:08:41.209674Z,1054,122.9,2467,OK,OK,OK
2026-08-29T22:08:46.591341Z,1056,122.9,2467,OK,OK,OK
2026-08-29T22:08:51.985337Z,1052,122.8,2448,OK,OK,OK
2026-08-29T22:08:57.380426Z,1052,122.9,2448,OK,OK,OK
2026-08-29T22:09:02.758791Z,1055,122.8,2448,OK,OK,OK
2026-08-29T22:09:08.163120Z,1056,122.8,2422,OK,OK,OK
2026-08-29T22:09:13.564200Z,1053,122.8,2422,OK,OK,OK
2026-08-29T22:09:18.929223Z,1068,123.0,2408,OK,OK,OK
2026-08-29T22:09:24.309633Z,1056,123.1,2408,OK,OK,OK
2026-08-29T22:09:29.716833Z,1058,123.1,2401,OK,OK,OK
2026-08-29T22:09:35.103123Z,1055,123.1,2401,OK,OK,OK
2026-08-29T22:09:40.477237Z,1062,123.1,2401,OK,OK,OK
2026-08-29T22:09:45.878080Z,1057,123.1,2381,OK,OK,OK
2026-08-29T22:09:51.259755Z,1053,123.1,2381,OK,OK,OK
2026-08-29T22:09:56.636883Z,1053,123.1,2367,OK,OK,OK
2026-08-29T22:10:02.039312Z,1053,123.1,2367,OK,OK,OK
2026-08-29T22:10:07.415412Z,1051,123.1,2367,OK,OK,OK
2026-08-29T22:10:12.816370Z,1055,123.1,2359,OK,OK,OK
2026-08-29T22:10:18.173131Z,1054,123.1,2359,OK,OK,OK
2026-08-29T22:10:23.561325Z,1055,123.1,2348,OK,OK,OK
2026-08-29T22:10:28.952717Z,1053,123.1,2348,OK,OK,OK
2026-08-29T22:10:34.327603Z,1060,123.1,2348,OK,OK,OK
2026-08-29T22:10:39.707941Z,1056,123.1,2343,OK,OK,OK
2026-08-29T22:10:45.100449Z,1053,123.0,2343,OK,OK,OK
2026-08-29T22:10:50.477440Z,1058,122.9,2338,OK,OK,OK
2026-08-29T22:10:55.845355Z,1058,122.8,2338,OK,OK,OK
2026-08-29T22:11:01.239446Z,1057,122.8,2321,OK,OK,OK
2026-08-29T22:11:06.662428Z,1056,122.8,2321,OK,OK,OK
2026-08-29T22:11:12.048592Z,1059,122.9,2321,OK,OK,OK
2026-08-29T22:11:17.443180Z,1068,122.9,2299,OK,OK,OK
2026-08-29T22:11:22.845666Z,1061,122.9,2299,OK,OK,OK
2026-08-29T22:11:28.240742Z,1060,122.9,2288,OK,OK,OK
2026-08-29T22:11:33.618731Z,1062,122.9,2288,OK,OK,OK
2026-08-29T22:11:38.998081Z,1058,122.9,2288,OK,OK,OK
2026-08-29T22:11:44.389869Z,1060,122.9,2268,OK,OK,OK
2026-08-29T22:11:49.783060Z,1058,122.9,2268,OK,OK,OK
2026-08-29T22:11:55.168501Z,1060,122.9,2252,OK,OK,OK
2026-08-29T22:12:00.568953Z,1062,122.9,2252,OK,OK,OK
2026-08-29T22:12:05.955345Z,1059,122.9,2230,OK,OK,OK
2026-08-29T22:12:11.335463Z,1060,122.9,2230,OK,OK,OK
2026-08-29T22:12:16.727533Z,1058,122.9,2230,OK,OK,OK
2026-08-29T22:12:22.122003Z,1058,122.9,2210,OK,OK,OK
2026-08-29T22:12:27.496355Z,1062,122.9,2210,OK,OK,OK
2026-08-29T22:12:32.911098Z,1058,123.0,2187,OK,OK,OK
2026-08-29T22:12:38.288256Z,1057,122.9,2187,OK,OK,OK
2026-08-29T22:12:43.699696Z,1060,122.9,2187,OK,OK,OK
2026-08-29T22:12:49.056275Z,1061,122.9,2161,OK,OK,OK
2026-08-29T22:12:54.430247Z,1058,122.9,2161,OK,OK,OK
2026-08-29T22:12:59.810152Z,1058,122.9,2138,OK,OK,OK
2026-08-29T22:13:05.173944Z,1059,122.9,2138,OK,OK,OK
2026-08-29T22:13:10.548587Z,1059,123.0,2138,OK,OK,OK
2026-08-29T22:13:15.938182Z,1058,123.0,2114,OK,OK,OK
2026-08-29T22:13:21.329517Z,1056,123.0,2114,OK,OK,OK
2026-08-29T22:13:26.699837Z,1060,122.9,2093,OK,OK,OK
2026-08-29T22:13:32.105113Z,1055,122.9,2093,OK,OK,OK
2026-08-29T22:13:37.484656Z,1057,122.9,2073,OK,OK,OK
2026-08-29T22:13:42.875797Z,1061,123.0,2073,OK,OK,OK
2026-08-29T22:13:48.280611Z,1056,123.0,2073,OK,OK,OK
2026-08-29T22:13:53.683041Z,1060,123.0,2051,OK,OK,OK
2026-08-29T22:13:59.057104Z,1056,123.0,2051,OK,OK,OK
2026-08-29T22:14:04.439972Z,978,122.9,2038,OK,OK,OK
2026-08-29T22:14:09.820214Z,977,122.9,2038,OK,OK,OK
2026-08-29T22:14:15.196926Z,978,122.9,2038,OK,OK,OK
2026-08-29T22:14:20.572165Z,980,122.9,2029,OK,OK,OK
2026-08-29T22:14:25.971994Z,974,123.0,2029,OK,OK,OK
2026-08-29T22:14:31.372463Z,980,123.0,2015,OK,OK,OK
2026-08-29T22:14:36.746504Z,978,122.9,2015,OK,OK,OK
2026-08-29T22:14:42.113265Z,981,122.9,2005,OK,OK,OK
2026-08-29T22:14:47.490970Z,978,122.9,2005,OK,OK,OK
2026-08-29T22:14:52.865488Z,976,123.0,2005,OK,OK,OK
2026-08-29T22:14:58.256879Z,979,123.0,1994,OK,OK,OK
2026-08-29T22:15:03.643335Z,975,123.0,1994,OK,OK,OK
2026-08-29T22:15:09.023931Z,978,122.8,1981,OK,OK,OK
2026-08-29T22:15:14.412184Z,976,122.9,1981,OK,OK,OK
2026-08-29T22:15:19.789885Z,974,122.9,1981,OK,OK,OK
2026-08-29T22:15:25.172559Z,974,122.9,1957,OK,OK,OK
2026-08-29T22:15:30.548805Z,979,122.9,1957,OK,OK,OK
2026-08-29T22:15:35.928265Z,976,122.9,1937,OK,OK,OK
2026-08-29T22:15:41.298869Z,974,123.0,1937,OK,OK,OK
2026-08-29T22:15:46.679254Z,978,122.9,1914,OK,OK,OK
2026-08-29T22:15:52.103731Z,977,122.9,1914,OK,OK,OK
2026-08-29T22:15:57.470260Z,976,122.9,1914,OK,OK,OK
2026-08-29T22:16:02.860563Z,979,123.0,1882,OK,OK,OK
2026-08-29T22:16:08.259393Z,980,123.0,1882,OK,OK,OK
2026-08-29T22:16:13.653101Z,976,123.0,1856,OK,OK,OK
2026-08-29T22:16:19.047499Z,985,123.0,1856,OK,OK,OK
2026-08-29T22:16:24.431791Z,979,123.1,1836,OK,OK,OK
2026-08-29T22:16:29.808893Z,979,123.0,1836,OK,OK,OK
2026-08-29T22:16:35.188769Z,981,123.0,1836,OK,OK,OK
2026-08-29T22:16:40.597997Z,978,122.9,1812,OK,OK,OK
2026-08-29T22:16:45.978730Z,976,122.9,1812,OK,OK,OK
2026-08-29T22:16:51.374480Z,979,122.9,1795,OK,OK,OK
2026-08-29T22:16:56.753278Z,976,122.9,1795,OK,OK,OK
2026-08-29T22:17:02.133371Z,976,123.0,1795,OK,OK,OK
2026-08-29T22:17:07.531284Z,975,123.0,1767,OK,OK,OK
2026-08-29T22:17:12.916932Z,976,123.0,1767,OK,OK,OK
2026-08-29T22:17:18.299171Z,975,123.0,1758,OK,OK,OK
2026-08-29T22:17:23.685668Z,976,123.0,1758,OK,OK,OK
2026-08-29T22:17:29.056136Z,980,123.0,1758,OK,OK,OK
2026-08-29T22:17:34.438228Z,974,123.0,1742,OK,OK,OK
2026-08-29T22:17:39.813860Z,977,123.0,1742,OK,OK,OK
2026-08-29T22:17:45.197460Z,976,123.0,1730,OK,OK,OK
2026-08-29T22:17:50.597988Z,978,123.0,1730,OK,OK,OK
2026-08-29T22:17:55.975325Z,978,123.0,1716,OK,OK,OK
2026-08-29T22:18:01.379729Z,975,123.0,1716,OK,OK,OK
2026-08-29T22:18:06.770177Z,976,122.9,1716,OK,OK,OK
2026-08-29T22:18:12.143732Z,974,122.9,1712,OK,OK,OK
2026-08-29T22:18:17.558507Z,979,122.9,1712,OK,OK,OK
2026-08-29T22:18:22.930920Z,977,122.9,1705,OK,OK,OK
2026-08-29T22:18:28.299146Z,976,123.0,1705,OK,OK,OK
2026-08-29T22:18:33.678520Z,980,123.0,1705,OK,OK,OK
2026-08-29T22:18:39.050497Z,976,123.0,1697,OK,OK,OK
2026-08-29T22:18:44.426097Z,976,122.9,1697,OK,OK,OK
2026-08-29T22:18:49.796666Z,976,122.9,1690,OK,OK,OK
2026-08-29T22:18:55.205046Z,978,122.9,1690,OK,OK,OK
2026-08-29T22:19:00.594445Z,974,122.9,1690,OK,OK,OK
2026-08-29T22:19:05.969309Z,976,122.9,1684,OK,OK,OK
2026-08-29T22:19:11.369899Z,976,122.9,1684,OK,OK,OK
2026-08-29T22:19:16.766142Z,980,122.9,1679,OK,OK,OK
2026-08-29T22:19:22.149360Z,977,122.9,1679,OK,OK,OK
2026-08-29T22:19:27.519620Z,976,122.9,1672,OK,OK,OK
2026-08-29T22:19:32.897449Z,978,122.9,1672,OK,OK,OK
2026-08-29T22:19:38.283978Z,975,122.9,1672,OK,OK,OK
2026-08-29T22:19:43.654604Z,976,122.9,1663,OK,OK,OK
2026-08-29T22:19:49.036571Z,976,122.9,1663,OK,OK,OK
2026-08-29T22:19:54.418876Z,976,122.9,1663,OK,OK,OK
2026-08-29T22:19:59.792388Z,976,122.9,1663,OK,OK,OK
2026-08-29T22:20:05.165708Z,976,122.9,1663,OK,OK,OK
2026-08-29T22:20:10.559219Z,976,122.9,1663,OK,OK,OK
2026-08-29T22:20:15.939321Z,976,122.9,554,OK,OK,OK
2026-08-29T22:20:21.314611Z,0,,554,DEGRADED,OFFLINE,OK
2026-08-29T22:20:26.695873Z,0,,554,DEGRADED,OFFLINE,OK
2026-08-29T22:20:32.086693Z,0,,1051,DEGRADED,OFFLINE,OK
2026-08-29T22:20:37.482697Z,979,123.0,1051,OK,OK,OK
2026-08-29T22:20:42.869372Z,968,123.3,1636,OK,OK,OK
2026-08-29T22:20:48.244476Z,972,122.9,1636,OK,OK,OK
2026-08-29T22:20:53.630427Z,972,122.9,1636,OK,OK,OK
2026-08-29T22:20:58.995924Z,970,122.9,1596,OK,OK,OK
2026-08-29T22:21:04.368274Z,971,122.9,1596,OK,OK,OK
2026-08-29T22:21:09.746496Z,972,122.9,1559,OK,OK,OK
2026-08-29T22:21:15.140430Z,968,122.9,1559,OK,OK,OK
2026-08-29T22:21:20.511576Z,971,123.0,1658,OK,OK,OK
2026-08-29T22:21:25.895110Z,970,122.9,1658,OK,OK,OK
2026-08-29T22:21:31.268819Z,971,122.9,1658,OK,OK,OK
2026-08-29T22:21:36.626162Z,974,122.9,1583,OK,OK,OK
2026-08-29T22:21:42.004502Z,973,122.9,1583,OK,OK,OK
2026-08-29T22:21:47.380766Z,971,122.9,1580,OK,OK,OK
2026-08-29T22:21:52.746852Z,973,122.9,1580,OK,OK,OK
2026-08-29T22:21:58.137438Z,972,122.9,1580,OK,OK,OK
2026-08-29T22:22:03.524144Z,973,122.9,1578,OK,OK,OK
2026-08-29T22:22:08.898417Z,972,122.9,1578,OK,OK,OK
2026-08-29T22:22:14.297136Z,971,122.9,1564,OK,OK,OK
2026-08-29T22:22:19.678067Z,970,122.9,1564,OK,OK,OK
2026-08-29T22:22:25.053963Z,970,123.0,1564,OK,OK,OK
2026-08-29T22:22:30.445683Z,974,123.0,1551,OK,OK,OK
2026-08-29T22:22:35.811682Z,972,123.0,1551,OK,OK,OK
2026-08-29T22:22:41.192840Z,976,123.0,1595,OK,OK,OK
2026-08-29T22:22:46.575739Z,969,122.9,1595,OK,OK,OK
2026-08-29T22:22:51.938461Z,972,123.0,1547,OK,OK,OK
2026-08-29T22:22:57.324877Z,976,123.0,1547,OK,OK,OK
2026-08-29T22:23:02.708074Z,970,123.1,1547,OK,OK,OK
2026-08-29T22:23:08.097990Z,973,123.1,1571,OK,OK,OK
2026-08-29T22:23:13.480664Z,971,123.1,1571,OK,OK,OK
2026-08-29T22:23:18.886952Z,974,123.1,1567,OK,OK,OK
2026-08-29T22:23:24.271571Z,974,123.1,1567,OK,OK,OK
2026-08-29T22:23:29.675888Z,970,123.0,1567,OK,OK,OK
2026-08-29T22:23:35.062369Z,973,123.1,1518,OK,OK,OK
2026-08-29T22:23:40.452385Z,976,123.1,1518,OK,OK,OK
2026-08-29T22:23:45.841837Z,972,123.1,1501,OK,OK,OK
2026-08-29T22:23:51.202181Z,972,123.0,1501,OK,OK,OK
2026-08-29T22:23:56.607194Z,973,123.0,1501,OK,OK,OK
2026-08-29T22:24:01.979622Z,973,123.0,1541,OK,OK,OK
2026-08-29T22:24:07.350092Z,972,123.0,1541,OK,OK,OK
2026-08-29T22:24:12.752686Z,973,123.1,1530,OK,OK,OK
2026-08-29T22:24:18.145689Z,973,123.1,1530,OK,OK,OK
2026-08-29T22:24:23.525633Z,973,123.1,1526,OK,OK,OK
2026-08-29T22:24:28.903622Z,971,123.1,1526,OK,OK,OK
2026-08-29T22:24:34.288445Z,973,123.1,1526,OK,OK,OK
2026-08-29T22:24:39.684961Z,976,123.1,1516,OK,OK,OK
2026-08-29T22:24:45.087405Z,979,123.1,1516,OK,OK,OK
2026-08-29T22:24:50.462395Z,973,123.1,1496,OK,OK,OK
2026-08-29T22:24:55.836481Z,972,123.2,1496,OK,OK,OK
2026-08-29T22:25:01.200021Z,974,123.2,1496,OK,OK,OK
2026-08-29T22:25:06.562739Z,973,123.2,1515,OK,OK,OK
2026-08-29T22:25:11.983891Z,975,123.2,1515,OK,OK,OK
2026-08-29T22:25:17.362344Z,974,123.3,1487,OK,OK,OK
2026-08-29T22:25:22.757830Z,971,123.3,1487,OK,OK,OK
2026-08-29T22:25:28.131167Z,973,123.3,1487,OK,OK,OK
2026-08-29T22:25:33.527004Z,977,123.3,1486,OK,OK,OK
2026-08-29T22:25:38.906525Z,976,123.3,1486,OK,OK,OK
2026-08-29T22:25:44.306722Z,974,123.2,1460,OK,OK,OK
2026-08-29T22:25:49.693159Z,974,123.3,1460,OK,OK,OK
2026-08-29T22:25:55.079627Z,974,123.3,1533,OK,OK,OK
2026-08-29T22:26:00.466177Z,973,123.3,1533,OK,OK,OK
2026-08-29T22:26:05.842711Z,974,123.3,1533,OK,OK,OK
2026-08-29T22:26:11.221942Z,976,123.4,1497,OK,OK,OK
2026-08-29T22:26:16.636617Z,984,123.3,1497,OK,OK,OK
2026-08-29T22:26:22.011976Z,978,123.3,1486,OK,OK,OK
2026-08-29T22:26:27.405422Z,975,123.3,1486,OK,OK,OK
2026-08-29T22:26:32.784967Z,974,123.3,1486,OK,OK,OK
2026-08-29T22:26:38.179781Z,973,123.3,1455,OK,OK,OK
2026-08-29T22:26:43.563083Z,974,123.3,1455,OK,OK,OK
2026-08-29T22:26:48.944395Z,974,123.3,1450,OK,OK,OK
2026-08-29T22:26:54.329848Z,973,123.3,1450,OK,OK,OK
2026-08-29T22:26:59.683720Z,975,123.3,1445,OK,OK,OK
2026-08-29T22:27:05.072093Z,976,123.3,1445,OK,OK,OK
2026-08-29T22:27:10.458599Z,977,123.3,1445,OK,OK,OK
2026-08-29T22:27:15.860865Z,979,123.4,1491,OK,OK,OK
2026-08-29T22:27:21.229872Z,976,123.4,1491,OK,OK,OK
2026-08-29T22:27:26.601919Z,975,123.3,1442,OK,OK,OK
2026-08-29T22:27:31.989245Z,972,123.3,1442,OK,OK,OK
2026-08-29T22:27:37.388095Z,974,123.3,1442,OK,OK,OK
2026-08-29T22:27:42.762047Z,975,123.3,1492,OK,OK,OK
2026-08-29T22:27:48.135047Z,976,123.3,1492,OK,OK,OK
2026-08-29T22:27:53.513990Z,974,123.4,1449,OK,OK,OK
2026-08-29T22:27:58.884907Z,975,123.3,1449,OK,OK,OK
2026-08-29T22:28:04.287230Z,973,123.3,1449,OK,OK,OK
2026-08-29T22:28:09.656461Z,976,123.3,1493,OK,OK,OK
2026-08-29T22:28:15.043976Z,976,123.3,1493,OK,OK,OK
2026-08-29T22:28:20.423445Z,978,123.3,1451,OK,OK,OK
2026-08-29T22:28:25.808109Z,976,123.3,1451,OK,OK,OK
2026-08-29T22:28:31.180137Z,980,123.5,1424,OK,OK,OK
2026-08-29T22:28:36.554485Z,973,123.5,1424,OK,OK,OK
2026-08-29T22:28:41.943221Z,974,123.5,1424,OK,OK,OK
2026-08-29T22:28:47.329191Z,974,123.5,1442,OK,OK,OK
2026-08-29T22:28:52.720084Z,978,123.5,1442,OK,OK,OK
2026-08-29T22:28:58.113239Z,975,123.6,1420,OK,OK,OK
2026-08-29T22:29:03.482916Z,974,123.6,1420,OK,OK,OK
2026-08-29T22:29:08.865533Z,981,123.6,1420,OK,OK,OK
2026-08-29T22:29:14.241239Z,973,123.6,1452,OK,OK,OK
2026-08-29T22:29:19.619854Z,979,123.9,1452,OK,OK,OK
2026-08-29T22:29:25.001615Z,976,123.8,1426,OK,OK,OK
2026-08-29T22:29:30.400219Z,976,123.9,1426,OK,OK,OK
2026-08-29T22:29:35.797053Z,979,123.8,1426,OK,OK,OK
2026-08-29T22:29:41.186354Z,978,123.8,1438,OK,OK,OK
2026-08-29T22:29:46.577188Z,980,123.8,1438,OK,OK,OK
2026-08-29T22:29:51.969306Z,978,123.8,1358,OK,OK,OK
2026-08-29T22:29:57.354055Z,978,123.8,1358,OK,OK,OK
2026-08-29T22:30:02.741687Z,979,123.8,1422,OK,OK,OK
2026-08-29T22:30:08.116464Z,977,123.8,1422,OK,OK,OK
2026-08-29T22:30:13.582958Z,976,123.8,1422,OK,OK,OK
2026-08-29T22:30:18.978506Z,976,123.8,1395,OK,OK,OK
2026-08-29T22:30:24.358753Z,975,123.8,1395,OK,OK,OK
2026-08-29T22:30:29.717930Z,979,123.8,1405,OK,OK,OK
2026-08-29T22:30:35.097055Z,975,123.8,1405,OK,OK,OK
2026-08-29T22:30:40.483698Z,976,123.8,1405,OK,OK,OK
2026-08-29T22:30:45.860512Z,979,123.8,1388,OK,OK,OK
2026-08-29T22:30:51.244040Z,980,123.5,1388,OK,OK,OK
2026-08-29T22:30:56.630248Z,977,123.5,1393,OK,OK,OK
2026-08-29T22:31:02.034773Z,981,123.5,1393,OK,OK,OK
2026-08-29T22:31:07.415367Z,980,123.5,1383,OK,OK,OK
2026-08-29T22:31:12.806016Z,980,123.5,1383,OK,OK,OK
2026-08-29T22:31:18.189167Z,987,123.6,1383,OK,OK,OK
2026-08-29T22:31:23.576306Z,1073,123.5,1413,OK,OK,OK
2026-08-29T22:31:28.962372Z,1075,123.6,1413,OK,OK,OK
2026-08-29T22:31:34.339871Z,1090,123.5,1349,OK,OK,OK
2026-08-29T22:31:39.734123Z,1092,123.6,1349,OK,OK,OK
2026-08-29T22:31:45.099232Z,1101,123.5,1349,OK,OK,OK
2026-08-29T22:31:50.503748Z,1085,123.5,1371,OK,OK,OK
2026-08-29T22:31:55.882838Z,1088,123.5,1371,OK,OK,OK
2026-08-29T22:32:01.255167Z,1090,123.5,1384,OK,OK,OK
2026-08-29T22:32:06.625680Z,1087,123.6,1384,OK,OK,OK
2026-08-29T22:32:12.022186Z,1090,123.6,1384,OK,OK,OK
2026-08-29T22:32:17.416684Z,1086,123.6,1357,OK,OK,OK
2026-08-29T22:32:22.798010Z,1085,123.5,1357,OK,OK,OK
2026-08-29T22:32:28.182981Z,1083,123.6,1365,OK,OK,OK
2026-08-29T22:32:33.558839Z,1082,123.6,1365,OK,OK,OK
2026-08-29T22:32:38.939372Z,1079,123.6,1348,OK,OK,OK
2026-08-29T22:32:44.318282Z,1077,123.5,1348,OK,OK,OK
2026-08-29T22:32:49.703717Z,1076,123.6,1348,OK,OK,OK
2026-08-29T22:32:55.088328Z,1075,123.5,1360,OK,OK,OK
2026-08-29T22:33:00.468129Z,1075,123.6,1360,OK,OK,OK
2026-08-29T22:33:05.871280Z,1072,123.6,1377,OK,OK,OK
2026-08-29T22:33:11.241791Z,1072,123.6,1377,OK,OK,OK
2026-08-29T22:33:16.611551Z,1070,123.6,1377,OK,OK,OK
2026-08-29T22:33:21.985192Z,1067,123.4,1327,OK,OK,OK
2026-08-29T22:33:27.375077Z,1069,123.5,1327,OK,OK,OK
2026-08-29T22:33:32.778303Z,1065,123.6,1366,OK,OK,OK
2026-08-29T22:33:38.141585Z,1072,123.6,1366,OK,OK,OK
2026-08-29T22:33:43.525170Z,1064,123.6,1366,OK,OK,OK
2026-08-29T22:33:48.898477Z,1065,123.6,1315,OK,OK,OK
2026-08-29T22:33:54.285203Z,1064,123.6,1315,OK,OK,OK
2026-08-29T22:33:59.655812Z,1064,123.4,1311,OK,OK,OK
2026-08-29T22:34:05.058317Z,1062,123.5,1311,OK,OK,OK
2026-08-29T22:34:10.440274Z,1066,123.4,1335,OK,OK,OK
2026-08-29T22:34:15.809694Z,1065,123.5,1335,OK,OK,OK
2026-08-29T22:34:21.198983Z,1063,123.4,1335,OK,OK,OK
2026-08-29T22:34:26.565617Z,1065,123.5,1302,OK,OK,OK
2026-08-29T22:34:31.950765Z,1066,123.4,1302,OK,OK,OK
2026-08-29T22:34:37.313393Z,1066,123.5,1318,OK,OK,OK
2026-08-29T22:34:42.699853Z,1068,123.5,1318,OK,OK,OK
2026-08-29T22:34:48.082938Z,1063,123.4,1318,OK,OK,OK
2026-08-29T22:34:53.469827Z,1069,123.5,1254,OK,OK,OK
2026-08-29T22:34:58.860812Z,1066,123.4,1254,OK,OK,OK
2026-08-29T22:35:04.242740Z,1064,123.5,1274,OK,OK,OK
2026-08-29T22:35:09.629408Z,1067,123.5,1274,OK,OK,OK
2026-08-29T22:35:14.998615Z,1065,123.6,1274,OK,OK,OK
2026-08-29T22:35:20.384231Z,1068,123.6,1258,OK,OK,OK
2026-08-29T22:35:25.763769Z,1068,123.5,1258,OK,OK,OK
2026-08-29T22:35:31.127510Z,1064,123.5,1266,OK,OK,OK
2026-08-29T22:35:36.520265Z,1065,123.5,1266,OK,OK,OK
2026-08-29T22:35:41.900450Z,1065,123.5,1270,OK,OK,OK
2026-08-29T22:35:47.272560Z,1066,123.5,1270,OK,OK,OK
2026-08-29T22:35:52.641383Z,1066,123.4,1270,OK,OK,OK
2026-08-29T22:35:58.039687Z,1066,123.5,1253,OK,OK,OK
2026-08-29T22:36:03.420103Z,1067,123.4,1253,OK,OK,OK
2026-08-29T22:36:08.797268Z,1065,123.1,1236,OK,OK,OK
2026-08-29T22:36:14.184418Z,1064,123.1,1236,OK,OK,OK
2026-08-29T22:36:19.576925Z,1069,123.1,1236,OK,OK,OK
2026-08-29T22:36:24.957354Z,1066,123.1,1246,OK,OK,OK
2026-08-29T22:36:30.343035Z,1065,123.2,1246,OK,OK,OK
2026-08-29T22:36:35.726061Z,1066,123.2,1242,OK,OK,OK
2026-08-29T22:36:41.105341Z,1064,123.2,1242,OK,OK,OK
2026-08-29T22:36:46.493121Z,1067,123.2,1242,OK,OK,OK
2026-08-29T22:36:51.884260Z,1068,123.2,1250,OK,OK,OK
2026-08-29T22:36:57.260458Z,1067,123.1,1250,OK,OK,OK
2026-08-29T22:37:02.638228Z,1067,123.1,1179,OK,OK,OK
2026-08-29T22:37:08.017531Z,1070,123.1,1179,OK,OK,OK
2026-08-29T22:37:13.475711Z,1070,123.2,1183,OK,OK,OK
2026-08-29T22:37:18.862184Z,1070,123.1,1183,OK,OK,OK
2026-08-29T22:37:24.224936Z,1070,123.1,1183,OK,OK,OK
2026-08-29T22:37:29.611458Z,1068,123.1,1188,OK,OK,OK
2026-08-29T22:37:34.997922Z,1065,123.0,1188,OK,OK,OK
2026-08-29T22:37:40.384572Z,1067,123.1,1173,OK,OK,OK
2026-08-29T22:37:45.751616Z,1065,123.1,1173,OK,OK,OK
2026-08-29T22:37:51.140985Z,1065,123.1,1173,OK,OK,OK
2026-08-29T22:37:56.546676Z,1065,123.1,1199,OK,OK,OK
2026-08-29T22:38:01.927613Z,1066,123.1,1199,OK,OK,OK
2026-08-29T22:38:07.306572Z,1066,123.1,1138,OK,OK,OK
2026-08-29T22:38:12.694684Z,1064,123.1,1138,OK,OK,OK
2026-08-29T22:38:18.074031Z,1064,122.8,1135,OK,OK,OK
2026-08-29T22:38:23.444622Z,1061,122.9,1135,OK,OK,OK
2026-08-29T22:38:28.831117Z,1059,122.9,1135,OK,OK,OK
2026-08-29T22:38:34.222741Z,1064,122.9,1152,OK,OK,OK
2026-08-29T22:38:39.604358Z,1063,122.8,1152,OK,OK,OK
2026-08-29T22:38:44.990733Z,1063,122.9,1193,OK,OK,OK
2026-08-29T22:38:50.363691Z,1060,122.9,1193,OK,OK,OK
2026-08-29T22:38:55.733940Z,1062,122.9,1193,OK,OK,OK
2026-08-29T22:39:01.117870Z,1064,122.9,1149,OK,OK,OK
2026-08-29T22:39:06.496335Z,1066,122.9,1149,OK,OK,OK
2026-08-29T22:39:11.897714Z,1064,122.9,1151,OK,OK,OK
2026-08-29T22:39:17.273064Z,1062,122.8,1151,OK,OK,OK
2026-08-29T22:39:22.656206Z,1061,122.9,1151,OK,OK,OK
2026-08-29T22:39:28.034388Z,1063,122.9,1141,OK,OK,OK
2026-08-29T22:39:33.411208Z,1062,122.9,1141,OK,OK,OK
2026-08-29T22:39:38.807323Z,1064,122.9,1164,OK,OK,OK
2026-08-29T22:39:44.209751Z,1066,122.9,1164,OK,OK,OK
2026-08-29T22:39:49.610698Z,1061,122.9,1119,OK,OK,OK
2026-08-29T22:39:54.971442Z,1062,122.8,1119,OK,OK,OK
2026-08-29T22:40:00.376311Z,1062,122.8,1119,OK,OK,OK
2026-08-29T22:40:05.760887Z,1060,122.8,1090,OK,OK,OK
2026-08-29T22:40:11.144300Z,1063,122.9,1090,OK,OK,OK
2026-08-29T22:40:16.530900Z,1063,122.9,1080,OK,OK,OK
2026-08-29T22:40:21.918175Z,1061,122.9,1080,OK,OK,OK
2026-08-29T22:40:27.305703Z,1064,122.9,1080,OK,OK,OK
2026-08-29T22:40:32.666717Z,1073,122.9,1054,OK,OK,OK
2026-08-29T22:40:38.073844Z,1063,122.9,1054,OK,OK,OK
2026-08-29T22:40:43.452125Z,1065,122.9,1078,OK,OK,OK
2026-08-29T22:40:48.833010Z,1066,122.9,1078,OK,OK,OK
2026-08-29T22:40:54.201619Z,1065,122.9,1078,OK,OK,OK
2026-08-29T22:40:59.579000Z,1064,122.6,1074,OK,OK,OK
2026-08-29T22:41:04.953841Z,1058,122.8,1074,OK,OK,OK
2026-08-29T22:41:10.340104Z,1061,122.8,1101,OK,OK,OK
2026-08-29T22:41:15.724619Z,1060,122.8,1101,OK,OK,OK
2026-08-29T22:41:21.102360Z,1058,122.9,1057,OK,OK,OK
2026-08-29T22:41:26.489066Z,1057,122.8,1057,OK,OK,OK
2026-08-29T22:41:31.866625Z,1056,122.8,1057,OK,OK,OK
2026-08-29T22:41:37.240892Z,1054,122.8,1081,OK,OK,OK
2026-08-29T22:41:42.626155Z,1056,122.8,1081,OK,OK,OK
2026-08-29T22:41:48.013824Z,1054,122.8,1031,OK,OK,OK
2026-08-29T22:41:53.384419Z,1053,122.8,1031,OK,OK,OK
2026-08-29T22:41:58.770881Z,1054,122.8,1031,OK,OK,OK
2026-08-29T22:42:04.163945Z,1054,122.8,1015,OK,OK,OK
2026-08-29T22:42:09.545372Z,1054,122.8,1015,OK,OK,OK
2026-08-29T22:42:14.960100Z,1053,122.8,1029,OK,OK,OK
2026-08-29T22:42:20.366619Z,1054,122.8,1029,OK,OK,OK
2026-08-29T22:42:25.749891Z,1056,122.8,1029,OK,OK,OK
2026-08-29T22:42:31.133044Z,1053,122.7,983,OK,OK,OK
2026-08-29T22:42:36.511780Z,1054,122.8,983,OK,OK,OK
2026-08-29T22:42:41.894801Z,1059,122.8,1006,OK,OK,OK
2026-08-29T22:42:47.265260Z,1056,122.7,1006,OK,OK,OK
2026-08-29T22:42:52.651744Z,1059,122.7,976,OK,OK,OK
2026-08-29T22:42:58.054170Z,1057,122.8,976,OK,OK,OK
2026-08-29T22:43:03.438416Z,1061,122.8,976,OK,OK,OK
2026-08-29T22:43:08.808904Z,1057,122.8,987,OK,OK,OK
2026-08-29T22:43:14.194509Z,1060,122.8,987,OK,OK,OK
2026-08-29T22:43:19.573297Z,1056,122.8,983,OK,OK,OK
2026-08-29T22:43:24.953309Z,1055,122.8,983,OK,OK,OK
2026-08-29T22:43:30.342331Z,1056,122.8,983,OK,OK,OK
2026-08-29T22:43:35.724148Z,1055,122.7,995,OK,OK,OK
2026-08-29T22:43:41.109470Z,1056,122.6,995,OK,OK,OK
2026-08-29T22:43:46.500637Z,1054,122.6,947,OK,OK,OK
2026-08-29T22:43:51.895037Z,1050,122.6,947,OK,OK,OK
2026-08-29T22:43:57.297545Z,1050,122.6,931,OK,OK,OK
2026-08-29T22:44:02.663958Z,1051,122.7,931,OK,OK,OK
2026-08-29T22:44:08.047447Z,1056,122.6,931,OK,OK,OK
2026-08-29T22:44:13.440943Z,1053,122.6,912,OK,OK,OK
2026-08-29T22:44:18.828471Z,1052,122.7,912,OK,OK,OK
2026-08-29T22:44:24.198063Z,1054,122.6,918,OK,OK,OK
2026-08-29T22:44:29.597655Z,1054,122.7,918,OK,OK,OK
2026-08-29T22:44:34.970988Z,1056,122.7,918,OK,OK,OK
2026-08-29T22:44:40.357766Z,1059,122.6,930,OK,OK,OK
2026-08-29T22:44:45.743258Z,1057,122.7,930,OK,OK,OK
2026-08-29T22:44:51.131324Z,1056,122.6,890,OK,OK,OK
2026-08-29T22:44:56.509766Z,1056,122.6,890,OK,OK,OK
2026-08-29T22:45:01.872545Z,1054,122.6,890,OK,OK,OK
2026-08-29T22:45:07.265840Z,1055,122.6,909,OK,OK,OK
2026-08-29T22:45:12.657119Z,1060,122.7,909,OK,OK,OK
2026-08-29T22:45:18.021146Z,1054,122.6,858,OK,OK,OK
2026-08-29T22:45:23.403320Z,1055,122.7,858,OK,OK,OK
2026-08-29T22:45:28.784719Z,1054,122.8,898,OK,OK,OK
2026-08-29T22:45:34.156895Z,1055,122.7,898,OK,OK,OK
2026-08-29T22:45:39.522072Z,1053,122.7,898,OK,OK,OK
2026-08-29T22:45:44.931590Z,1052,122.7,840,OK,OK,OK
2026-08-29T22:45:50.302004Z,1057,122.7,840,OK,OK,OK
2026-08-29T22:45:55.668012Z,1056,122.8,862,OK,OK,OK
2026-08-29T22:46:01.042418Z,1052,122.8,862,OK,OK,OK
2026-08-29T22:46:06.431649Z,1054,122.7,862,OK,OK,OK
2026-08-29T22:46:11.815938Z,1053,122.8,881,OK,OK,OK
2026-08-29T22:46:17.195462Z,1061,122.8,881,OK,OK,OK
2026-08-29T22:46:22.596281Z,1051,122.7,849,OK,OK,OK
2026-08-29T22:46:27.977259Z,1053,122.8,849,OK,OK,OK
2026-08-29T22:46:33.362985Z,1055,122.8,849,OK,OK,OK
2026-08-29T22:46:38.760055Z,1060,122.8,857,OK,OK,OK
2026-08-29T22:46:44.130979Z,1053,122.7,857,OK,OK,OK
2026-08-29T22:46:49.509176Z,1054,122.7,848,OK,OK,OK
2026-08-29T22:46:54.891930Z,1055,122.7,848,OK,OK,OK
2026-08-29T22:47:00.285582Z,1058,122.7,848,OK,OK,OK
2026-08-29T22:47:05.664922Z,1056,122.8,860,OK,OK,OK
2026-08-29T22:47:11.049670Z,1056,122.8,860,OK,OK,OK
2026-08-29T22:47:16.468472Z,1056,122.8,827,OK,OK,OK
2026-08-29T22:47:21.843008Z,1057,122.7,827,OK,OK,OK
2026-08-29T22:47:27.226715Z,1056,122.7,825,OK,OK,OK
2026-08-29T22:47:32.608171Z,1056,122.8,825,OK,OK,OK
2026-08-29T22:47:37.997203Z,1058,122.7,825,OK,OK,OK
2026-08-29T22:47:43.365622Z,1055,122.8,824,OK,OK,OK
2026-08-29T22:47:48.737411Z,1059,122.7,824,OK,OK,OK
2026-08-29T22:47:54.126809Z,1056,122.7,833,OK,OK,OK
2026-08-29T22:47:59.503031Z,1055,122.7,833,OK,OK,OK
2026-08-29T22:48:04.883794Z,1053,122.7,833,OK,OK,OK
2026-08-29T22:48:10.254330Z,1056,122.6,811,OK,OK,OK
2026-08-29T22:48:15.639647Z,1052,122.6,811,OK,OK,OK
2026-08-29T22:48:21.027297Z,1054,122.7,801,OK,OK,OK
2026-08-29T22:48:26.394840Z,1054,122.7,801,OK,OK,OK
2026-08-29T22:48:31.781952Z,1054,122.7,801,OK,OK,OK
2026-08-29T22:48:37.179861Z,1054,122.6,788,OK,OK,OK
2026-08-29T22:48:42.552411Z,1056,122.7,788,OK,OK,OK
2026-08-29T22:48:47.926658Z,1053,122.6,805,OK,OK,OK
2026-08-29T22:48:53.312398Z,1054,122.6,805,OK,OK,OK
2026-08-29T22:48:58.732576Z,1055,122.6,802,OK,OK,OK
2026-08-29T22:49:04.110529Z,1057,122.9,802,OK,OK,OK
2026-08-29T22:49:09.493812Z,1058,122.9,802,OK,OK,OK
2026-08-29T22:49:14.888477Z,1056,122.9,771,OK,OK,OK
2026-08-29T22:49:20.292143Z,1056,122.9,771,OK,OK,OK
2026-08-29T22:49:25.661114Z,1057,122.9,782,OK,OK,OK
2026-08-29T22:49:31.046210Z,1061,122.9,782,OK,OK,OK
2026-08-29T22:49:36.437941Z,1059,122.9,782,OK,OK,OK
2026-08-29T22:49:41.824437Z,1058,122.8,776,OK,OK,OK
2026-08-29T22:49:47.212328Z,1058,123.0,776,OK,OK,OK
2026-08-29T22:49:52.592150Z,1059,122.9,760,OK,OK,OK
2026-08-29T22:49:57.978206Z,1060,123.0,760,OK,OK,OK
2026-08-29T22:50:03.353402Z,1059,123.0,760,OK,OK,OK
2026-08-29T22:50:08.725278Z,1058,122.9,762,OK,OK,OK
2026-08-29T22:50:14.143753Z,1060,122.9,762,OK,OK,OK
2026-08-29T22:50:19.526442Z,1060,122.9,750,OK,OK,OK
2026-08-29T22:50:24.884790Z,1056,122.9,750,OK,OK,OK
2026-08-29T22:50:30.266184Z,1060,122.6,756,OK,OK,OK
2026-08-29T22:50:35.668621Z,1062,122.7,756,OK,OK,OK
2026-08-29T22:50:41.044849Z,1057,122.7,756,OK,OK,OK
2026-08-29T22:50:46.429466Z,1060,122.7,753,OK,OK,OK
2026-08-29T22:50:51.806374Z,1055,122.7,753,OK,OK,OK
2026-08-29T22:50:57.181202Z,1059,122.7,749,OK,OK,OK
2026-08-29T22:51:02.568117Z,1054,122.7,749,OK,OK,OK
2026-08-29T22:51:07.942319Z,1054,122.6,749,OK,OK,OK
2026-08-29T22:51:13.340720Z,1055,122.6,757,OK,OK,OK
2026-08-29T22:51:18.712762Z,1065,122.6,757,OK,OK,OK
2026-08-29T22:51:24.096411Z,1054,122.6,770,OK,OK,OK
2026-08-29T22:51:29.489271Z,1060,122.6,770,OK,OK,OK
2026-08-29T22:51:34.870920Z,1060,122.6,744,OK,OK,OK
2026-08-29T22:51:40.242400Z,1060,122.6,744,OK,OK,OK
2026-08-29T22:51:45.618687Z,1058,122.4,744,OK,OK,OK
2026-08-29T22:51:51.008364Z,1059,122.4,750,OK,OK,OK
2026-08-29T22:51:56.387703Z,1058,122.5,750,OK,OK,OK
2026-08-29T22:52:01.755240Z,1059,122.4,762,OK,OK,OK
2026-08-29T22:52:07.136199Z,1059,122.4,762,OK,OK,OK
2026-08-29T22:52:12.537889Z,1061,122.6,762,OK,OK,OK
2026-08-29T22:52:17.917644Z,1063,122.6,732,OK,OK,OK
2026-08-29T22:52:23.288347Z,1060,122.3,732,OK,OK,OK
2026-08-29T22:52:28.674657Z,1197,122.5,741,OK,OK,OK
2026-08-29T22:52:34.045319Z,1185,122.6,741,OK,OK,OK
2026-08-29T22:52:39.431772Z,1185,122.7,741,OK,OK,OK
2026-08-29T22:52:44.818248Z,1186,122.7,747,OK,OK,OK
2026-08-29T22:52:50.194808Z,1182,122.8,747,OK,OK,OK
2026-08-29T22:52:55.567227Z,1182,122.8,753,OK,OK,OK
2026-08-29T22:53:00.953074Z,1181,122.6,753,OK,OK,OK
2026-08-29T22:53:06.337754Z,1180,122.6,738,OK,OK,OK
2026-08-29T22:53:11.700395Z,1180,122.7,738,OK,OK,OK
2026-08-29T22:53:17.094418Z,1188,122.7,738,OK,OK,OK
2026-08-29T22:53:22.475540Z,1175,122.7,754,OK,OK,OK
2026-08-29T22:53:27.847092Z,1176,122.7,754,OK,OK,OK
2026-08-29T22:53:33.244651Z,1177,122.6,757,OK,OK,OK
2026-08-29T22:53:38.651670Z,1174,122.6,757,OK,OK,OK
2026-08-29T22:53:44.027234Z,1175,122.6,757,OK,OK,OK
2026-08-29T22:53:49.412340Z,1068,122.7,745,OK,OK,OK
2026-08-29T22:53:54.806498Z,1066,122.6,745,OK,OK,OK
2026-08-29T22:54:00.193035Z,1069,122.7,752,OK,OK,OK
2026-08-29T22:54:05.611488Z,1069,122.5,752,OK,OK,OK
2026-08-29T22:54:10.980028Z,1068,122.6,752,OK,OK,OK
2026-08-29T22:54:16.368545Z,1071,122.5,743,OK,OK,OK
2026-08-29T22:54:21.780124Z,1074,122.7,743,OK,OK,OK
2026-08-29T22:54:27.137700Z,1074,122.8,753,OK,OK,OK
2026-08-29T22:54:32.519243Z,1071,122.8,753,OK,OK,OK
2026-08-29T22:54:37.923855Z,1073,122.7,723,OK,OK,OK
2026-08-29T22:54:43.300655Z,1071,122.6,723,OK,OK,OK
2026-08-29T22:54:48.663902Z,1070,122.6,723,OK,OK,OK
2026-08-29T22:54:54.041703Z,1072,122.8,734,OK,OK,OK
2026-08-29T22:54:59.427970Z,1071,122.7,734,OK,OK,OK
2026-08-29T22:55:04.807387Z,1070,122.7,742,OK,OK,OK
2026-08-29T22:55:10.183439Z,1072,122.6,742,OK,OK,OK
2026-08-29T22:55:15.556935Z,1069,122.5,742,OK,OK,OK
2026-08-29T22:55:20.968998Z,1065,122.5,733,OK,OK,OK
2026-08-29T22:55:26.360432Z,1066,122.7,733,OK,OK,OK
2026-08-29T22:55:31.759096Z,1873,122.4,704,OK,OK,OK
2026-08-29T22:55:37.141867Z,1887,122.4,704,OK,OK,OK
2026-08-29T22:55:42.527889Z,1906,122.4,704,OK,OK,OK
2026-08-29T22:55:47.928876Z,1925,122.3,729,OK,OK,OK
2026-08-29T22:55:53.330108Z,1979,122.3,729,OK,OK,OK
2026-08-29T22:55:58.718504Z,2131,122.2,740,OK,OK,OK
2026-08-29T22:56:04.089801Z,2546,122.3,740,OK,OK,OK
2026-08-29T22:56:09.454808Z,2531,122.3,717,OK,OK,OK
2026-08-29T22:56:14.838218Z,2457,122.3,717,OK,OK,OK
2026-08-29T22:56:20.201433Z,2453,122.2,717,OK,OK,OK
2026-08-29T22:56:25.575162Z,2447,122.1,728,OK,OK,OK
2026-08-29T22:56:30.949357Z,2445,122.1,728,OK,OK,OK
2026-08-29T22:56:36.354784Z,2445,122.1,728,OK,OK,OK
2026-08-29T22:56:41.716732Z,2445,122.1,728,OK,OK,OK
2026-08-29T22:56:47.118834Z,2445,122.1,102,OK,OK,OK
2026-08-29T22:56:52.507446Z,2445,122.1,102,OK,OK,OK
2026-08-29T22:56:57.874668Z,2445,122.1,102,OK,OK,OK
2026-08-29T22:57:03.273789Z,0,,246,DEGRADED,OFFLINE,OK
2026-08-29T22:57:08.654652Z,0,,246,DEGRADED,OFFLINE,OK
2026-08-29T22:57:14.069032Z,2437,122.3,723,OK,OK,OK
2026-08-29T22:57:19.448753Z,2438,122.3,723,OK,OK,OK
2026-08-29T22:57:24.835191Z,2435,122.3,723,OK,OK,OK
2026-08-29T22:57:30.219095Z,2430,122.1,731,OK,OK,OK
2026-08-29T22:57:35.586086Z,2431,122.1,731,OK,OK,OK
2026-08-29T22:57:40.968197Z,2434,122.1,718,OK,OK,OK
2026-08-29T22:57:46.365266Z,2431,122.2,718,OK,OK,OK
2026-08-29T22:57:51.735609Z,2430,122.1,718,OK,OK,OK
2026-08-29T22:57:57.102577Z,2433,122.1,726,OK,OK,OK
2026-08-29T22:58:02.493438Z,2432,122.1,726,OK,OK,OK
2026-08-29T22:58:07.895203Z,2433,122.1,718,OK,OK,OK
2026-08-29T22:58:13.297648Z,2432,122.1,718,OK,OK,OK
2026-08-29T22:58:18.672995Z,2432,122.1,704,OK,OK,OK
2026-08-29T22:58:24.055481Z,2431,122.1,704,OK,OK,OK
2026-08-29T22:58:29.430709Z,2431,122.1,704,OK,OK,OK
2026-08-29T22:58:34.801091Z,2432,122.1,714,OK,OK,OK
2026-08-29T22:58:40.194621Z,2432,122.2,714,OK,OK,OK
2026-08-29T22:58:45.552775Z,2432,122.2,695,OK,OK,OK
2026-08-29T22:58:50.917982Z,2431,122.2,695,OK,OK,OK
2026-08-29T22:58:56.296542Z,2435,122.1,695,OK,OK,OK
2026-08-29T22:59:01.680285Z,2437,122.2,714,OK,OK,OK
2026-08-29T22:59:07.059611Z,2431,122.2,714,OK,OK,OK
2026-08-29T22:59:12.425542Z,2433,122.2,723,OK,OK,OK
2026-08-29T22:59:17.805979Z,2434,122.1,723,OK,OK,OK
2026-08-29T22:59:23.191107Z,2432,122.1,723,OK,OK,OK
2026-08-29T22:59:28.570209Z,2430,122.1,710,OK,OK,OK
2026-08-29T22:59:33.940656Z,2435,122.1,710,OK,OK,OK
2026-08-29T22:59:39.315989Z,2434,122.1,704,OK,OK,OK
2026-08-29T22:59:44.732872Z,2432,122.1,704,OK,OK,OK
2026-08-29T22:59:50.120818Z,2434,122.2,703,OK,OK,OK
2026-08-29T22:59:55.501266Z,2433,122.1,703,OK,OK,OK
2026-08-29T23:00:00.877873Z,2432,122.1,703,OK,OK,OK
2026-08-29T23:00:06.277593Z,2431,122.1,704,OK,OK,OK
2026-08-29T23:00:11.658476Z,2432,122.1,704,OK,OK,OK
2026-08-29T23:00:17.048540Z,2432,122.2,698,OK,OK,OK
2026-08-29T23:00:22.437418Z,2434,122.2,698,OK,OK,OK
2026-08-29T23:00:27.802596Z,2434,122.2,698,OK,OK,OK
2026-08-29T23:00:33.188737Z,2434,122.2,698,OK,OK,OK
2026-08-29T23:00:38.574573Z,2434,122.2,698,OK,OK,OK
2026-08-29T23:00:43.986056Z,2434,122.2,93,OK,OK,OK
2026-08-29T23:00:49.345073Z,2434,122.2,93,OK,OK,OK
2026-08-29T23:00:54.728908Z,0,,306,DEGRADED,OFFLINE,OK
2026-08-29T23:01:00.100582Z,0,,306,DEGRADED,OFFLINE,OK
2026-08-29T23:01:05.489309Z,0,,306,DEGRADED,OFFLINE,OK
2026-08-29T23:01:10.866828Z,2434,122.3,690,OK,OK,OK
2026-08-29T23:01:16.245625Z,2444,122.3,690,OK,OK,OK
2026-08-29T23:01:21.637851Z,2437,122.3,705,OK,OK,OK
2026-08-29T23:01:27.018174Z,2435,122.3,705,OK,OK,OK
2026-08-29T23:01:32.406602Z,2437,122.3,705,OK,OK,OK
2026-08-29T23:01:37.799420Z,2434,122.3,713,OK,OK,OK
2026-08-29T23:01:43.172970Z,2438,122.3,713,OK,OK,OK
2026-08-29T23:01:48.569216Z,2434,122.3,692,OK,OK,OK
2026-08-29T23:01:53.953212Z,2432,122.3,692,OK,OK,OK
2026-08-29T23:01:59.342586Z,2431,122.3,692,OK,OK,OK
2026-08-29T23:02:04.709364Z,2436,122.3,702,OK,OK,OK
2026-08-29T23:02:10.094595Z,2434,122.3,702,OK,OK,OK
2026-08-29T23:02:15.472567Z,2436,122.3,700,OK,OK,OK
2026-08-29T23:02:20.856170Z,2440,122.3,700,OK,OK,OK
2026-08-29T23:02:26.255020Z,2441,122.3,699,OK,OK,OK
2026-08-29T23:02:31.642983Z,2436,122.3,699,OK,OK,OK
2026-08-29T23:02:37.025044Z,2437,122.4,699,OK,OK,OK
2026-08-29T23:02:42.397207Z,2412,122.6,695,OK,OK,OK
2026-08-29T23:02:47.788856Z,2421,122.3,695,OK,OK,OK
2026-08-29T23:02:53.191349Z,2421,122.3,704,OK,OK,OK
2026-08-29T23:02:58.575631Z,2424,122.3,704,OK,OK,OK
2026-08-29T23:03:03.962370Z,2421,122.3,704,OK,OK,OK
2026-08-29T23:03:09.350868Z,2424,122.3,685,OK,OK,OK
2026-08-29T23:03:14.744746Z,2426,122.3,685,OK,OK,OK
2026-08-29T23:03:20.124888Z,2419,122.3,690,OK,OK,OK
2026-08-29T23:03:25.510464Z,2420,122.2,690,OK,OK,OK
2026-08-29T23:03:30.893960Z,2424,122.3,699,OK,OK,OK
2026-08-29T23:03:36.289583Z,2424,122.3,699,OK,OK,OK
2026-08-29T23:03:41.673212Z,2422,122.2,699,OK,OK,OK
2026-08-29T23:03:47.056260Z,2426,122.3,684,OK,OK,OK
2026-08-29T23:03:52.441774Z,2422,122.3,684,OK,OK,OK
2026-08-29T23:03:57.826446Z,2422,122.3,674,OK,OK,OK
2026-08-29T23:04:03.199829Z,2424,122.3,674,OK,OK,OK
2026-08-29T23:04:08.569056Z,2424,122.2,674,OK,OK,OK
2026-08-29T23:04:13.960324Z,2423,122.2,678,OK,OK,OK
2026-08-29T23:04:19.336279Z,2423,122.1,678,OK,OK,OK
2026-08-29T23:04:24.721294Z,2421,122.1,685,OK,OK,OK
2026-08-29T23:04:30.104667Z,2420,122.1,685,OK,OK,OK
2026-08-29T23:04:35.509385Z,2421,122.1,685,OK,OK,OK
2026-08-29T23:04:40.887496Z,2421,122.1,681,OK,OK,OK
2026-08-29T23:04:46.265214Z,2419,122.2,681,OK,OK,OK
2026-08-29T23:04:51.643300Z,2419,122.1,675,OK,OK,OK
2026-08-29T23:04:57.032672Z,2434,122.6,675,OK,OK,OK
2026-08-29T23:05:02.412793Z,2432,122.7,678,OK,OK,OK
2026-08-29T23:05:07.791337Z,2429,122.8,678,OK,OK,OK
2026-08-29T23:05:13.169667Z,2434,122.7,678,OK,OK,OK
2026-08-29T23:05:18.562719Z,2430,122.8,672,OK,OK,OK
2026-08-29T23:05:23.942515Z,2433,122.8,672,OK,OK,OK
2026-08-29T23:05:29.303669Z,2436,122.8,660,OK,OK,OK
2026-08-29T23:05:34.699573Z,2435,122.8,660,OK,OK,OK
2026-08-29T23:05:40.089811Z,2429,122.7,660,OK,OK,OK
2026-08-29T23:05:45.471793Z,2431,122.7,656,OK,OK,OK
2026-08-29T23:05:50.858917Z,2430,122.7,656,OK,OK,OK
2026-08-29T23:05:56.246039Z,2428,122.5,653,OK,OK,OK
2026-08-29T23:06:01.655215Z,2431,122.6,653,OK,OK,OK
2026-08-29T23:06:07.051710Z,2429,122.6,653,OK,OK,OK
2026-08-29T23:06:12.444629Z,2432,122.6,643,OK,OK,OK
2026-08-29T23:06:17.836379Z,2440,122.6,643,OK,OK,OK
2026-08-29T23:06:23.217720Z,2429,122.9,645,OK,OK,OK
2026-08-29T23:06:28.581825Z,2433,122.9,645,OK,OK,OK
2026-08-29T23:06:33.967132Z,2432,122.9,634,OK,OK,OK
2026-08-29T23:06:39.351893Z,2435,122.9,634,OK,OK,OK
2026-08-29T23:06:44.747702Z,2432,122.9,634,OK,OK,OK
2026-08-29T23:06:50.157605Z,2428,122.9,627,OK,OK,OK
2026-08-29T23:06:55.537254Z,2434,122.9,627,OK,OK,OK
2026-08-29T23:07:00.923377Z,2436,122.9,608,OK,OK,OK
2026-08-29T23:07:06.277801Z,2434,122.9,608,OK,OK,OK
2026-08-29T23:07:11.662145Z,2433,122.9,608,OK,OK,OK
2026-08-29T23:07:17.087593Z,2437,122.9,608,OK,OK,OK
2026-08-29T23:07:22.454723Z,2438,122.9,608,OK,OK,OK
2026-08-29T23:07:27.829869Z,2435,122.9,616,OK,OK,OK
2026-08-29T23:07:33.224604Z,2440,123.0,616,OK,OK,OK
2026-08-29T23:07:38.613606Z,2439,123.0,616,OK,OK,OK
2026-08-29T23:07:43.986978Z,2438,123.2,608,OK,OK,OK
2026-08-29T23:07:49.370942Z,2437,123.1,608,OK,OK,OK
2026-08-29T23:07:54.757579Z,2439,123.1,602,OK,OK,OK
2026-08-29T23:08:00.160364Z,2438,123.2,602,OK,OK,OK
2026-08-29T23:08:05.535254Z,2441,123.2,584,OK,OK,OK
2026-08-29T23:08:10.906523Z,2437,123.1,584,OK,OK,OK
2026-08-29T23:08:16.304167Z,2441,123.2,584,OK,OK,OK
2026-08-29T23:08:21.694708Z,2440,123.2,583,OK,OK,OK
2026-08-29T23:08:27.074241Z,2440,123.2,583,OK,OK,OK
2026-08-29T23:08:32.464552Z,2439,123.3,587,OK,OK,OK
2026-08-29T23:08:37.849228Z,2439,123.2,587,OK,OK,OK
2026-08-29T23:08:43.221991Z,2438,123.2,587,OK,OK,OK
2026-08-29T23:08:48.598754Z,2439,123.2,591,OK,OK,OK
2026-08-29T23:08:53.989038Z,2436,123.1,591,OK,OK,OK
2026-08-29T23:08:59.372123Z,2440,123.2,584,OK,OK,OK
2026-08-29T23:09:04.765054Z,2440,123.2,584,OK,OK,OK
2026-08-29T23:09:10.140854Z,2437,123.2,584,OK,OK,OK
2026-08-29T23:09:15.536108Z,2441,123.2,568,OK,OK,OK
2026-08-29T23:09:20.929843Z,2441,123.2,568,OK,OK,OK
2026-08-29T23:09:26.313348Z,2441,123.2,573,OK,OK,OK
2026-08-29T23:09:31.686811Z,2439,123.2,573,OK,OK,OK
2026-08-29T23:09:37.057308Z,2443,123.3,570,OK,OK,OK
2026-08-29T23:09:42.443789Z,2437,123.2,570,OK,OK,OK
2026-08-29T23:09:47.826611Z,2438,123.2,570,OK,OK,OK
2026-08-29T23:09:53.204228Z,2439,123.2,556,OK,OK,OK
2026-08-29T23:09:58.568817Z,2442,123.3,556,OK,OK,OK
2026-08-29T23:10:03.950767Z,2446,123.6,564,OK,OK,OK
2026-08-29T23:10:09.326510Z,2448,123.6,564,OK,OK,OK
2026-08-29T23:10:14.714710Z,2451,123.6,564,OK,OK,OK
2026-08-29T23:10:20.101112Z,2445,123.5,563,OK,OK,OK
2026-08-29T23:10:25.495592Z,2448,123.5,563,OK,OK,OK
2026-08-29T23:10:30.876043Z,2445,123.6,565,OK,OK,OK
2026-08-29T23:10:36.247379Z,2448,123.6,565,OK,OK,OK
2026-08-29T23:10:41.636035Z,2447,123.6,565,OK,OK,OK
2026-08-29T23:10:47.012248Z,2450,123.6,555,OK,OK,OK
2026-08-29T23:10:52.386564Z,2449,123.6,555,OK,OK,OK
2026-08-29T23:10:57.774672Z,2445,123.6,544,OK,OK,OK
2026-08-29T23:11:03.147920Z,2452,123.6,544,OK,OK,OK
2026-08-29T23:11:08.521752Z,2446,123.6,539,OK,OK,OK
2026-08-29T23:11:13.946765Z,2448,123.6,539,OK,OK,OK
2026-08-29T23:11:19.337193Z,2451,123.4,539,OK,OK,OK
2026-08-29T23:11:24.742646Z,2444,123.4,528,OK,OK,OK
2026-08-29T23:11:30.128375Z,2450,123.3,528,OK,OK,OK
2026-08-29T23:11:35.541536Z,2450,123.3,534,OK,OK,OK
2026-08-29T23:11:40.917540Z,2451,123.3,534,OK,OK,OK
2026-08-29T23:11:46.303975Z,2453,123.3,534,OK,OK,OK
2026-08-29T23:11:51.665472Z,2452,123.3,522,OK,OK,OK
2026-08-29T23:11:57.044934Z,2450,123.3,522,OK,OK,OK
2026-08-29T23:12:02.429047Z,2454,123.3,522,OK,OK,OK
2026-08-29T23:12:07.800750Z,2452,123.3,522,OK,OK,OK
2026-08-29T23:12:13.233696Z,2455,123.3,522,OK,OK,OK
2026-08-29T23:12:18.639456Z,2452,123.3,507,OK,OK,OK
2026-08-29T23:12:24.018166Z,2453,123.4,507,OK,OK,OK
2026-08-29T23:12:29.411753Z,2444,122.9,496,OK,OK,OK
2026-08-29T23:12:34.800348Z,2443,122.9,496,OK,OK,OK
2026-08-29T23:12:40.191174Z,2443,123.0,489,OK,OK,OK
2026-08-29T23:12:45.566292Z,2440,122.9,489,OK,OK,OK
2026-08-29T23:12:50.961255Z,2444,122.9,489,OK,OK,OK
2026-08-29T23:12:56.348188Z,2441,122.9,487,OK,OK,OK
2026-08-29T23:13:01.749735Z,2442,122.9,487,OK,OK,OK
2026-08-29T23:13:07.110717Z,2441,122.9,481,OK,OK,OK
2026-08-29T23:13:12.501809Z,2446,122.9,481,OK,OK,OK
2026-08-29T23:13:17.914728Z,2444,122.9,481,OK,OK,OK
2026-08-29T23:13:23.285274Z,2444,122.9,477,OK,OK,OK
2026-08-29T23:13:28.655580Z,2444,122.9,477,OK,OK,OK
2026-08-29T23:13:34.036900Z,2443,122.9,469,OK,OK,OK
2026-08-29T23:13:39.411981Z,2443,123.0,469,OK,OK,OK
2026-08-29T23:13:44.779314Z,2437,122.9,459,OK,OK,OK
2026-08-29T23:13:50.167413Z,2444,122.9,459,OK,OK,OK
2026-08-29T23:13:55.576262Z,2439,122.8,459,OK,OK,OK
2026-08-29T23:14:00.964612Z,2436,122.8,454,OK,OK,OK
2026-08-29T23:14:06.395097Z,2442,122.8,454,OK,OK,OK
2026-08-29T23:14:11.784223Z,2443,122.8,454,OK,OK,OK
2026-08-29T23:14:17.151146Z,2439,122.8,454,OK,OK,OK
2026-08-29T23:14:22.536239Z,2440,122.8,454,OK,OK,OK
2026-08-29T23:14:27.914439Z,2638,122.8,450,OK,OK,OK
2026-08-29T23:14:33.287434Z,2533,122.8,450,OK,OK,OK
2026-08-29T23:14:38.657054Z,2545,122.8,447,OK,OK,OK
2026-08-29T23:14:44.034643Z,2548,122.8,447,OK,OK,OK
2026-08-29T23:14:49.418944Z,2550,122.8,447,OK,OK,OK
2026-08-29T23:14:54.807111Z,2552,122.8,445,OK,OK,OK
2026-08-29T23:15:00.174048Z,2550,122.8,445,OK,OK,OK
2026-08-29T23:15:05.544871Z,2548,122.9,440,OK,OK,OK
2026-08-29T23:15:10.918711Z,2545,122.8,440,OK,OK,OK
2026-08-29T23:15:16.295268Z,2546,122.8,435,OK,OK,OK
2026-08-29T23:15:21.691798Z,2543,122.8,435,OK,OK,OK
2026-08-29T23:15:27.078220Z,2544,122.8,435,OK,OK,OK
2026-08-29T23:15:32.447349Z,2544,122.8,438,OK,OK,OK
2026-08-29T23:15:37.813296Z,2537,122.8,438,OK,OK,OK
2026-08-29T23:15:43.179662Z,2534,122.8,431,OK,OK,OK
2026-08-29T23:15:48.549989Z,2533,122.8,431,OK,OK,OK
2026-08-29T23:15:53.930893Z,2535,122.8,431,OK,OK,OK
2026-08-29T23:15:59.317534Z,2967,123.0,426,OK,OK,OK
2026-08-29T23:16:04.702110Z,2968,123.0,426,OK,OK,OK
2026-08-29T23:16:10.091680Z,2963,122.9,433,OK,OK,OK
2026-08-29T23:16:15.485573Z,2964,123.0,433,OK,OK,OK
2026-08-29T23:16:20.851814Z,2962,123.0,428,OK,OK,OK
2026-08-29T23:16:26.235282Z,2958,123.0,428,OK,OK,OK
2026-08-29T23:16:31.608211Z,2957,123.0,428,OK,OK,OK
2026-08-29T23:16:36.982779Z,2958,123.0,426,OK,OK,OK
2026-08-29T23:16:42.385472Z,2954,122.9,426,OK,OK,OK
2026-08-29T23:16:47.768910Z,2959,123.0,427,OK,OK,OK
2026-08-29T23:16:53.152914Z,2956,123.1,427,OK,OK,OK
2026-08-29T23:16:58.557715Z,2954,122.9,427,OK,OK,OK
2026-08-29T23:17:03.947226Z,2962,123.0,421,OK,OK,OK
2026-08-29T23:17:09.331140Z,2962,123.0,421,OK,OK,OK
2026-08-29T23:17:14.692093Z,2962,122.9,423,OK,OK,OK
2026-08-29T23:17:20.070529Z,2961,123.0,423,OK,OK,OK
2026-08-29T23:17:25.468961Z,2965,122.9,423,OK,OK,OK
2026-08-29T23:17:30.871519Z,2958,123.0,415,OK,OK,OK
2026-08-29T23:17:36.248694Z,2957,123.0,415,OK,OK,OK
2026-08-29T23:17:41.626285Z,2958,123.1,410,OK,OK,OK
2026-08-29T23:17:47.014919Z,2955,123.0,410,OK,OK,OK
2026-08-29T23:17:52.385357Z,2960,123.0,406,OK,OK,OK
2026-08-29T23:17:57.764175Z,2958,122.9,406,OK,OK,OK
2026-08-29T23:18:03.174143Z,2962,122.9,406,OK,OK,OK
2026-08-29T23:18:08.540114Z,2954,122.9,400,OK,OK,OK
2026-08-29T23:18:13.933724Z,2955,122.9,400,OK,OK,OK
2026-08-29T23:18:19.326018Z,2957,122.9,401,OK,OK,OK
2026-08-29T23:18:24.702479Z,2954,123.0,401,OK,OK,OK
2026-08-29T23:18:30.085185Z,2962,122.9,401,OK,OK,OK
2026-08-29T23:18:35.486975Z,2959,122.9,394,OK,OK,OK
2026-08-29T23:18:40.875517Z,2954,122.9,394,OK,OK,OK
2026-08-29T23:18:46.249834Z,2956,122.9,398,OK,OK,OK
2026-08-29T23:18:51.652314Z,2956,122.9,398,OK,OK,OK
2026-08-29T23:18:57.029824Z,2962,123.0,398,OK,OK,OK
2026-08-29T23:19:02.425224Z,2962,123.0,393,OK,OK,OK
2026-08-29T23:19:07.802719Z,2960,123.0,393,OK,OK,OK
2026-08-29T23:19:13.211188Z,2963,123.0,386,OK,OK,OK
2026-08-29T23:19:18.593990Z,2958,123.0,386,OK,OK,OK
2026-08-29T23:19:23.977906Z,2958,123.0,379,OK,OK,OK
2026-08-29T23:19:29.351921Z,2964,123.0,379,OK,OK,OK
2026-08-29T23:19:34.734903Z,2963,123.1,379,OK,OK,OK
2026-08-29T23:19:40.111804Z,2958,123.0,373,OK,OK,OK
2026-08-29T23:19:45.498468Z,2958,122.9,373,OK,OK,OK
2026-08-29T23:19:50.901029Z,2959,123.1,379,OK,OK,OK
2026-08-29T23:19:56.279844Z,2957,123.0,379,OK,OK,OK
2026-08-29T23:20:01.642065Z,2965,123.1,379,OK,OK,OK
2026-08-29T23:20:07.027034Z,2958,123.0,375,OK,OK,OK
2026-08-29T23:20:12.408012Z,2964,123.0,375,OK,OK,OK
2026-08-29T23:20:17.801935Z,2964,123.1,381,OK,OK,OK
2026-08-29T23:20:23.172442Z,2963,123.1,381,OK,OK,OK
2026-08-29T23:20:28.558979Z,2963,123.1,381,OK,OK,OK
2026-08-29T23:20:33.940763Z,2968,123.1,376,OK,OK,OK
2026-08-29T23:20:39.323759Z,2965,123.1,376,OK,OK,OK
2026-08-29T23:20:44.706860Z,2968,123.1,376,OK,OK,OK
2026-08-29T23:20:50.096385Z,2968,123.1,376,OK,OK,OK
2026-08-29T23:20:55.499396Z,2962,123.0,370,OK,OK,OK
2026-08-29T23:21:00.885991Z,2964,123.1,370,OK,OK,OK
2026-08-29T23:21:06.279904Z,2963,123.1,370,OK,OK,OK
2026-08-29T23:21:11.676866Z,2961,123.1,374,OK,OK,OK
2026-08-29T23:21:17.053187Z,2973,123.1,374,OK,OK,OK
2026-08-29T23:21:22.429565Z,2955,122.8,370,OK,OK,OK
2026-08-29T23:21:27.845071Z,2957,122.8,370,OK,OK,OK
2026-08-29T23:21:33.212625Z,2955,122.7,370,OK,OK,OK
2026-08-29T23:21:38.595870Z,2951,122.7,364,OK,OK,OK
2026-08-29T23:21:43.967381Z,2953,122.7,364,OK,OK,OK
2026-08-29T23:21:49.356961Z,2951,122.7,359,OK,OK,OK
2026-08-29T23:21:54.743524Z,2953,122.8,359,OK,OK,OK
2026-08-29T23:22:00.130188Z,2950,122.8,353,OK,OK,OK
2026-08-29T23:22:05.511749Z,2952,122.7,353,OK,OK,OK
2026-08-29T23:22:10.897815Z,2958,122.8,353,OK,OK,OK
2026-08-29T23:22:16.283590Z,2954,122.8,355,OK,OK,OK
2026-08-29T23:22:21.689507Z,2951,122.8,355,OK,OK,OK
2026-08-29T23:22:27.069467Z,2959,122.8,357,OK,OK,OK
2026-08-29T23:22:32.443398Z,2952,122.8,357,OK,OK,OK
2026-08-29T23:22:37.831085Z,2958,122.8,357,OK,OK,OK
2026-08-29T23:22:43.210897Z,2955,122.8,359,OK,OK,OK
2026-08-29T23:22:48.592827Z,2956,122.8,359,OK,OK,OK
2026-08-29T23:22:53.963510Z,2955,122.8,356,OK,OK,OK
2026-08-29T23:22:59.349958Z,2956,122.8,356,OK,OK,OK
2026-08-29T23:23:04.730434Z,2953,122.8,356,OK,OK,OK
2026-08-29T23:23:10.119228Z,2955,122.8,352,OK,OK,OK
2026-08-29T23:23:15.493529Z,2956,122.9,352,OK,OK,OK
2026-08-29T23:23:20.872450Z,2955,122.9,349,OK,OK,OK
2026-08-29T23:23:26.250205Z,2955,122.9,349,OK,OK,OK
2026-08-29T23:23:31.615257Z,2958,122.9,349,OK,OK,OK
2026-08-29T23:23:36.995983Z,2960,122.9,352,OK,OK,OK
2026-08-29T23:23:42.381284Z,2960,122.9,352,OK,OK,OK
2026-08-29T23:23:47.751727Z,2956,122.9,349,OK,OK,OK
2026-08-29T23:23:53.154360Z,2958,122.9,349,OK,OK,OK
2026-08-29T23:23:58.556811Z,2956,122.8,342,OK,OK,OK
2026-08-29T23:24:03.930558Z,2956,122.9,342,OK,OK,OK
2026-08-29T23:24:09.312747Z,2961,122.9,342,OK,OK,OK
2026-08-29T23:24:14.700397Z,2957,122.9,334,OK,OK,OK
2026-08-29T23:24:20.091407Z,2960,122.9,334,OK,OK,OK
2026-08-29T23:24:25.464729Z,2960,122.9,334,OK,OK,OK
2026-08-29T23:24:30.856303Z,2960,122.9,334,OK,OK,OK
2026-08-29T23:24:36.250640Z,2960,122.9,334,OK,OK,OK
2026-08-29T23:24:41.636125Z,2960,122.9,51,OK,OK,OK
2026-08-29T23:24:46.993771Z,2960,122.9,51,OK,OK,OK
2026-08-29T23:24:52.365373Z,0,,106,DEGRADED,OFFLINE,OK
2026-08-29T23:24:57.744854Z,0,,106,DEGRADED,OFFLINE,OK
2026-08-29T23:25:03.124083Z,2947,122.8,334,OK,OK,OK
2026-08-29T23:25:08.494097Z,2952,122.8,334,OK,OK,OK
2026-08-29T23:25:14.241001Z,2954,122.9,334,OK,OK,OK
2026-08-29T23:25:19.623437Z,2956,122.9,333,OK,OK,OK
2026-08-29T23:25:24.989382Z,2953,122.9,333,OK,OK,OK
2026-08-29T23:25:30.375875Z,2955,123.0,323,OK,OK,OK
2026-08-29T23:25:35.775510Z,2956,122.9,323,OK,OK,OK
2026-08-29T23:25:41.147317Z,2957,122.9,323,OK,OK,OK
2026-08-29T23:25:46.529301Z,2960,122.9,318,OK,OK,OK
2026-08-29T23:25:51.921772Z,2958,123.0,318,OK,OK,OK
2026-08-29T23:25:57.299621Z,2956,122.9,309,OK,OK,OK
2026-08-29T23:26:02.705532Z,2957,123.0,309,OK,OK,OK
2026-08-29T23:26:08.113186Z,2954,122.9,307,OK,OK,OK
2026-08-29T23:26:13.513072Z,2960,123.0,307,OK,OK,OK
2026-08-29T23:26:18.921338Z,2966,123.0,307,OK,OK,OK
2026-08-29T23:26:24.280408Z,2959,123.1,305,OK,OK,OK
2026-08-29T23:26:29.673679Z,2963,123.0,305,OK,OK,OK
2026-08-29T23:26:35.089846Z,2957,122.9,317,OK,OK,OK
2026-08-29T23:26:40.480531Z,2961,122.9,317,OK,OK,OK
2026-08-29T23:26:45.863361Z,2960,122.9,317,OK,OK,OK
2026-08-29T23:26:51.228799Z,2960,122.9,314,OK,OK,OK
2026-08-29T23:26:56.604883Z,2965,123.0,314,OK,OK,OK
2026-08-29T23:27:01.978156Z,2959,123.0,312,OK,OK,OK
2026-08-29T23:27:07.354603Z,2958,123.0,312,OK,OK,OK
2026-08-29T23:27:12.794701Z,2960,123.0,310,OK,OK,OK
2026-08-29T23:27:18.164694Z,2955,123.0,310,OK,OK,OK
2026-08-29T23:27:23.538161Z,2934,122.9,310,OK,OK,OK
2026-08-29T23:27:28.954581Z,2935,122.8,316,OK,OK,OK
2026-08-29T23:27:34.359372Z,2931,122.8,316,OK,OK,OK
2026-08-29T23:27:39.732096Z,2928,122.8,313,OK,OK,OK
2026-08-29T23:27:45.127402Z,2935,122.8,313,OK,OK,OK
2026-08-29T23:27:50.516760Z,2931,122.7,313,OK,OK,OK
2026-08-29T23:27:55.889619Z,2936,122.7,310,OK,OK,OK
2026-08-29T23:28:01.278275Z,2933,122.8,310,OK,OK,OK
2026-08-29T23:28:06.661881Z,2930,122.7,305,OK,OK,OK
2026-08-29T23:28:12.049549Z,2932,122.7,305,OK,OK,OK
2026-08-29T23:28:17.427979Z,2934,122.7,305,OK,OK,OK
2026-08-29T23:28:22.822780Z,2940,122.8,303,OK,OK,OK
2026-08-29T23:28:28.203149Z,2936,122.8,303,OK,OK,OK
2026-08-29T23:28:33.574288Z,2939,122.8,299,OK,OK,OK
2026-08-29T23:28:38.989679Z,2938,122.7,299,OK,OK,OK
2026-08-29T23:28:44.378774Z,2935,122.8,298,OK,OK,OK
2026-08-29T23:28:49.748164Z,2938,122.8,298,OK,OK,OK
2026-08-29T23:28:55.130209Z,2937,122.7,298,OK,OK,OK
2026-08-29T23:29:00.516800Z,2936,122.7,295,OK,OK,OK
2026-08-29T23:29:05.908082Z,2934,122.7,295,OK,OK,OK
2026-08-29T23:29:11.280110Z,2936,122.7,295,OK,OK,OK
2026-08-29T23:29:16.688303Z,2935,122.7,295,OK,OK,OK
2026-08-29T23:29:22.069299Z,2935,122.7,295,OK,OK,OK
2026-08-29T23:29:27.471745Z,2937,122.7,293,OK,OK,OK
2026-08-29T23:29:32.843230Z,2932,122.8,293,OK,OK,OK
2026-08-29T23:29:38.243905Z,2937,122.8,292,OK,OK,OK
2026-08-29T23:29:43.619641Z,2933,122.8,292,OK,OK,OK
2026-08-29T23:29:48.997909Z,2939,122.8,292,OK,OK,OK
2026-08-29T23:29:54.372442Z,2936,122.8,287,OK,OK,OK
2026-08-29T23:29:59.758952Z,2935,122.6,287,OK,OK,OK
2026-08-29T23:30:05.156997Z,2933,122.8,283,OK,OK,OK
2026-08-29T23:30:10.543940Z,2936,122.8,283,OK,OK,OK
2026-08-29T23:30:15.926059Z,2936,122.8,281,OK,OK,OK
2026-08-29T23:30:21.313336Z,2936,122.8,281,OK,OK,OK
2026-08-29T23:30:26.691671Z,2937,122.8,281,OK,OK,OK
2026-08-29T23:30:32.060976Z,2935,122.8,276,OK,OK,OK
2026-08-29T23:30:37.437660Z,2935,122.8,276,OK,OK,OK
2026-08-29T23:30:42.830198Z,2935,122.8,270,OK,OK,OK
2026-08-29T23:30:48.211310Z,2938,122.8,270,OK,OK,OK
2026-08-29T23:30:53.597304Z,2940,122.8,270,OK,OK,OK
2026-08-29T23:30:58.997914Z,2940,122.8,265,OK,OK,OK
2026-08-29T23:31:04.378299Z,2940,122.8,265,OK,OK,OK
2026-08-29T23:31:09.743837Z,2933,122.7,259,OK,OK,OK
2026-08-29T23:31:15.138260Z,2942,122.7,259,OK,OK,OK
2026-08-29T23:31:20.514462Z,2938,122.7,259,OK,OK,OK
2026-08-29T23:31:25.894196Z,2927,122.5,253,OK,OK,OK
2026-08-29T23:31:31.280535Z,2935,122.6,253,OK,OK,OK
2026-08-29T23:31:36.647915Z,2931,122.6,250,OK,OK,OK
2026-08-29T23:31:42.032253Z,2932,122.6,250,OK,OK,OK
2026-08-29T23:31:47.395277Z,2935,122.6,249,OK,OK,OK
2026-08-29T23:31:52.785595Z,2931,122.7,249,OK,OK,OK
2026-08-29T23:31:58.161507Z,2934,122.6,249,OK,OK,OK
2026-08-29T23:32:03.563977Z,2930,122.6,255,OK,OK,OK
2026-08-29T23:32:08.950608Z,2934,122.7,255,OK,OK,OK
2026-08-29T23:32:14.348490Z,2932,122.7,255,OK,OK,OK
2026-08-29T23:32:19.729442Z,2930,122.6,255,OK,OK,OK
2026-08-29T23:32:25.102678Z,2933,122.6,255,OK,OK,OK
2026-08-29T23:32:30.482625Z,2933,122.6,253,OK,OK,OK
2026-08-29T23:32:35.876743Z,2933,122.8,253,OK,OK,OK
2026-08-29T23:32:41.248840Z,2934,122.7,250,OK,OK,OK
2026-08-29T23:32:46.657046Z,2932,122.7,250,OK,OK,OK
2026-08-29T23:32:52.039958Z,2933,122.7,250,OK,OK,OK
2026-08-29T23:32:57.414105Z,2936,122.8,247,OK,OK,OK
2026-08-29T23:33:02.796459Z,2934,122.8,247,OK,OK,OK
2026-08-29T23:33:08.203157Z,2932,122.8,247,OK,OK,OK
2026-08-29T23:33:13.571867Z,2936,122.8,247,OK,OK,OK
2026-08-29T23:33:18.944135Z,2937,122.9,249,OK,OK,OK
2026-08-29T23:33:24.332940Z,2938,122.9,249,OK,OK,OK
2026-08-29T23:33:29.729817Z,2943,123.0,249,OK,OK,OK
2026-08-29T23:33:35.120160Z,2945,123.1,248,OK,OK,OK
2026-08-29T23:33:40.495337Z,2942,123.1,248,OK,OK,OK
2026-08-29T23:33:45.878557Z,2947,123.1,248,OK,OK,OK
2026-08-29T23:33:51.270376Z,2945,123.1,248,OK,OK,OK
2026-08-29T23:33:56.630713Z,2942,123.0,248,OK,OK,OK
2026-08-29T23:34:02.020157Z,2955,123.3,244,OK,OK,OK
2026-08-29T23:34:07.388950Z,2953,123.3,244,OK,OK,OK
2026-08-29T23:34:12.793173Z,2956,123.3,241,OK,OK,OK
2026-08-29T23:34:18.179719Z,2953,123.4,241,OK,OK,OK
2026-08-29T23:34:23.550069Z,2954,123.3,241,OK,OK,OK
2026-08-29T23:34:28.931980Z,2955,123.4,241,OK,OK,OK
2026-08-29T23:34:34.307911Z,2954,123.3,241,OK,OK,OK
2026-08-29T23:34:39.690800Z,2953,123.3,236,OK,OK,OK
2026-08-29T23:34:45.064034Z,2951,123.3,236,OK,OK,OK
2026-08-29T23:34:50.465040Z,2950,123.3,233,OK,OK,OK
2026-08-29T23:34:55.853029Z,2951,123.3,233,OK,OK,OK
2026-08-29T23:35:01.237281Z,2950,123.4,233,OK,OK,OK
2026-08-29T23:35:06.615200Z,2948,123.3,228,OK,OK,OK
2026-08-29T23:35:12.062101Z,2947,123.3,228,OK,OK,OK
2026-08-29T23:35:17.444576Z,2950,123.3,227,OK,OK,OK
2026-08-29T23:35:22.836213Z,2949,123.3,227,OK,OK,OK
2026-08-29T23:35:28.228684Z,2950,123.3,227,OK,OK,OK
2026-08-29T23:35:33.606183Z,2962,123.1,222,OK,OK,OK
2026-08-29T23:35:38.989363Z,2956,123.1,222,OK,OK,OK
2026-08-29T23:35:44.363129Z,2963,123.1,213,OK,OK,OK
2026-08-29T23:35:49.732272Z,2958,123.1,213,OK,OK,OK
2026-08-29T23:35:55.114255Z,2961,123.1,209,OK,OK,OK
2026-08-29T23:36:00.492697Z,2959,123.1,209,OK,OK,OK
2026-08-29T23:36:05.881328Z,2956,123.1,209,OK,OK,OK
2026-08-29T23:36:11.240961Z,2954,122.9,206,OK,OK,OK
2026-08-29T23:36:16.618109Z,2968,123.1,206,OK,OK,OK
2026-08-29T23:36:22.000870Z,2959,123.0,204,OK,OK,OK
2026-08-29T23:36:27.380245Z,2955,122.9,204,OK,OK,OK
2026-08-29T23:36:32.764556Z,2949,122.9,204,OK,OK,OK
2026-08-29T23:36:38.132091Z,2952,122.8,202,OK,OK,OK
2026-08-29T23:36:43.510071Z,2947,122.8,202,OK,OK,OK
2026-08-29T23:36:48.875548Z,2949,122.8,206,OK,OK,OK
2026-08-29T23:36:54.275418Z,2952,122.9,206,OK,OK,OK
2026-08-29T23:36:59.678082Z,2950,122.9,206,OK,OK,OK
2026-08-29T23:37:05.062924Z,2947,122.8,202,OK,OK,OK
2026-08-29T23:37:10.449823Z,2948,122.8,202,OK,OK,OK
2026-08-29T23:37:15.853545Z,2949,122.9,199,OK,OK,OK
2026-08-29T23:37:21.245748Z,2949,122.9,199,OK,OK,OK
2026-08-29T23:37:26.626224Z,2955,122.9,195,OK,OK,OK
2026-08-29T23:37:31.998580Z,2952,122.9,195,OK,OK,OK
2026-08-29T23:37:37.375556Z,2951,122.9,195,OK,OK,OK
2026-08-29T23:37:42.736232Z,2953,122.9,196,OK,OK,OK
2026-08-29T23:37:48.108400Z,2950,122.9,196,OK,OK,OK
2026-08-29T23:37:53.489919Z,2961,123.1,194,OK,OK,OK
2026-08-29T23:37:58.873368Z,2963,123.1,194,OK,OK,OK
2026-08-29T23:38:04.234335Z,2959,123.1,194,OK,OK,OK
2026-08-29T23:38:09.625021Z,2963,123.1,190,OK,OK,OK
2026-08-29T23:38:15.008461Z,2960,123.2,190,OK,OK,OK
2026-08-29T23:38:20.384183Z,2958,123.1,189,OK,OK,OK
2026-08-29T23:38:25.776964Z,2952,123.1,189,OK,OK,OK
2026-08-29T23:38:31.150468Z,2950,122.9,189,OK,OK,OK
2026-08-29T23:38:36.550254Z,2947,122.7,184,OK,OK,OK
2026-08-29T23:38:41.939401Z,2958,122.9,184,OK,OK,OK
2026-08-29T23:38:47.309876Z,2947,122.9,179,OK,OK,OK
2026-08-29T23:38:52.696540Z,2946,122.8,179,OK,OK,OK
2026-08-29T23:38:58.066979Z,2949,122.9,174,OK,OK,OK
2026-08-29T23:39:03.462235Z,2947,122.8,174,OK,OK,OK
2026-08-29T23:39:08.838771Z,2948,122.9,174,OK,OK,OK
2026-08-29T23:39:14.236342Z,2947,122.9,171,OK,OK,OK
2026-08-29T23:39:19.602029Z,2948,122.8,171,OK,OK,OK
2026-08-29T23:39:24.983560Z,2948,122.9,170,OK,OK,OK
2026-08-29T23:39:30.370057Z,2949,122.9,170,OK,OK,OK
2026-08-29T23:39:35.751786Z,2954,122.9,170,OK,OK,OK
2026-08-29T23:39:41.126006Z,2955,123.1,168,OK,OK,OK
2026-08-29T23:39:46.545439Z,2957,123.1,168,OK,OK,OK
2026-08-29T23:39:51.928621Z,2964,123.3,164,OK,OK,OK
2026-08-29T23:39:57.302356Z,2958,123.2,164,OK,OK,OK
2026-08-29T23:40:02.693912Z,2954,123.2,164,OK,OK,OK
2026-08-29T23:40:08.077540Z,2872,123.1,161,OK,OK,OK
2026-08-29T23:40:13.548364Z,2878,123.1,161,OK,OK,OK
2026-08-29T23:40:18.934534Z,2875,123.2,161,OK,OK,OK
2026-08-29T23:40:24.320946Z,2875,123.1,161,OK,OK,OK
2026-08-29T23:40:29.688373Z,2874,123.1,163,OK,OK,OK
2026-08-29T23:40:35.065624Z,2879,123.1,163,OK,OK,OK
2026-08-29T23:40:40.442953Z,2873,123.1,163,OK,OK,OK
2026-08-29T23:40:45.833091Z,2874,123.1,163,OK,OK,OK
2026-08-29T23:40:51.212422Z,2876,123.1,163,OK,OK,OK
2026-08-29T23:40:56.579173Z,2877,123.2,164,OK,OK,OK
2026-08-29T23:41:01.972971Z,2874,123.1,164,OK,OK,OK
2026-08-29T23:41:07.359472Z,2870,123.0,164,OK,OK,OK
2026-08-29T23:41:12.729879Z,2875,123.1,165,OK,OK,OK
2026-08-29T23:41:18.130224Z,2885,123.0,165,OK,OK,OK
2026-08-29T23:41:23.526388Z,2881,123.0,163,OK,OK,OK
2026-08-29T23:41:28.902928Z,2883,123.0,163,OK,OK,OK
2026-08-29T23:41:34.278796Z,2881,122.9,163,OK,OK,OK
2026-08-29T23:41:39.657946Z,2874,123.0,163,OK,OK,OK
2026-08-29T23:41:45.047100Z,2877,122.9,163,OK,OK,OK
2026-08-29T23:41:50.409092Z,2873,122.9,162,OK,OK,OK
2026-08-29T23:41:55.789969Z,2877,123.0,162,OK,OK,OK
2026-08-29T23:42:01.175180Z,2876,122.9,162,OK,OK,OK
2026-08-29T23:42:06.553597Z,2876,123.0,162,OK,OK,OK
2026-08-29T23:42:11.915215Z,2880,122.9,162,OK,OK,OK
2026-08-29T23:42:17.289252Z,2872,122.9,162,OK,OK,OK
2026-08-29T23:42:22.707820Z,2875,123.1,162,OK,OK,OK
2026-08-29T23:42:28.094409Z,2875,123.0,161,OK,OK,OK
2026-08-29T23:42:33.474846Z,2877,123.1,161,OK,OK,OK
2026-08-29T23:42:38.854143Z,2871,123.1,161,OK,OK,OK
2026-08-29T23:42:44.246571Z,2880,123.1,158,OK,OK,OK
2026-08-29T23:42:49.617057Z,2880,123.1,158,OK,OK,OK
2026-08-29T23:42:54.993206Z,2875,123.0,154,OK,OK,OK
2026-08-29T23:43:00.366304Z,2878,123.1,154,OK,OK,OK
2026-08-29T23:43:05.733567Z,2873,123.0,154,OK,OK,OK
2026-08-29T23:43:11.119727Z,2873,122.9,154,OK,OK,OK
2026-08-29T23:43:16.515803Z,2872,123.0,154,OK,OK,OK
2026-08-29T23:43:21.896165Z,2873,122.9,153,OK,OK,OK
2026-08-29T23:43:27.263679Z,2876,123.0,153,OK,OK,OK
2026-08-29T23:43:32.665449Z,2875,123.1,151,OK,OK,OK
2026-08-29T23:43:38.043297Z,2875,123.0,151,OK,OK,OK
2026-08-29T23:43:43.445278Z,2880,123.1,151,OK,OK,OK
2026-08-29T23:43:48.836239Z,2876,123.0,147,OK,OK,OK
2026-08-29T23:43:54.213805Z,2875,123.1,147,OK,OK,OK
2026-08-29T23:43:59.601363Z,2876,123.0,144,OK,OK,OK
2026-08-29T23:44:05.018563Z,2875,123.1,144,OK,OK,OK
2026-08-29T23:44:10.414227Z,2878,123.1,144,OK,OK,OK
2026-08-29T23:44:15.806561Z,2877,123.2,141,OK,OK,OK
2026-08-29T23:44:21.199424Z,2882,123.2,141,OK,OK,OK
2026-08-29T23:44:26.572122Z,3023,123.2,132,OK,OK,OK
2026-08-29T23:44:31.950269Z,3011,123.2,132,OK,OK,OK
2026-08-29T23:44:37.325815Z,3001,123.2,127,OK,OK,OK
2026-08-29T23:44:42.698791Z,3002,123.2,127,OK,OK,OK
2026-08-29T23:44:48.082181Z,2998,123.2,127,OK,OK,OK
2026-08-29T23:44:53.461133Z,3001,123.3,123,OK,OK,OK
2026-08-29T23:44:58.831906Z,2998,123.2,123,OK,OK,OK
2026-08-29T23:45:04.216742Z,2999,123.3,120,OK,OK,OK
2026-08-29T23:45:09.604638Z,3000,123.2,120,OK,OK,OK
2026-08-29T23:45:14.994268Z,3001,123.2,120,OK,OK,OK
2026-08-29T23:45:20.364677Z,3001,123.2,118,OK,OK,OK
2026-08-29T23:45:25.776485Z,2998,123.3,118,OK,OK,OK
2026-08-29T23:45:31.169632Z,2995,123.3,117,OK,OK,OK
2026-08-29T23:45:36.541052Z,2995,123.3,117,OK,OK,OK
2026-08-29T23:45:41.937815Z,2998,123.2,117,OK,OK,OK
2026-08-29T23:45:47.331205Z,2999,123.2,119,OK,OK,OK
2026-08-29T23:45:52.718652Z,2890,123.1,119,OK,OK,OK
2026-08-29T23:45:58.103448Z,2890,123.1,121,OK,OK,OK
2026-08-29T23:46:03.490984Z,2884,123.1,121,OK,OK,OK
2026-08-29T23:46:08.865271Z,2889,123.1,121,OK,OK,OK
2026-08-29T23:46:14.239108Z,2886,123.1,121,OK,OK,OK
2026-08-29T23:46:19.624343Z,2889,123.1,121,OK,OK,OK
2026-08-29T23:46:25.018360Z,2884,123.1,120,OK,OK,OK
2026-08-29T23:46:30.405573Z,2887,123.1,120,OK,OK,OK
2026-08-29T23:46:35.775510Z,2889,123.1,117,OK,OK,OK
2026-08-29T23:46:41.178072Z,2883,123.0,117,OK,OK,OK
2026-08-29T23:46:46.563709Z,2887,123.1,117,OK,OK,OK
2026-08-29T23:46:51.950882Z,2886,123.1,111,OK,OK,OK
2026-08-29T23:46:57.329936Z,2890,123.1,111,OK,OK,OK
2026-08-29T23:47:02.716726Z,2889,123.1,110,OK,OK,OK
2026-08-29T23:47:08.090002Z,2891,123.1,110,OK,OK,OK
2026-08-29T23:47:13.480957Z,2890,123.1,110,OK,OK,OK
2026-08-29T23:47:18.859550Z,2888,123.1,108,OK,OK,OK
2026-08-29T23:47:24.253526Z,2881,123.1,108,OK,OK,OK
2026-08-29T23:47:29.639510Z,2885,123.1,108,OK,OK,OK
2026-08-29T23:47:35.020155Z,2889,123.1,108,OK,OK,OK
2026-08-29T23:47:40.397422Z,2886,123.1,102,OK,OK,OK
2026-08-29T23:47:45.818190Z,2890,123.1,102,OK,OK,OK
2026-08-29T23:47:51.218661Z,2890,123.1,102,OK,OK,OK
2026-08-29T23:47:56.631515Z,2888,123.1,97,OK,OK,OK
2026-08-29T23:48:02.004100Z,2889,123.1,97,OK,OK,OK
2026-08-29T23:48:07.412531Z,2888,123.1,91,OK,OK,OK
2026-08-29T23:48:12.780151Z,2888,123.1,91,OK,OK,OK
2026-08-29T23:48:18.141262Z,2889,123.1,91,OK,OK,OK
2026-08-29T23:48:23.516525Z,2890,123.1,89,OK,OK,OK
2026-08-29T23:48:28.887306Z,2887,123.1,89,OK,OK,OK
2026-08-29T23:48:34.291047Z,2888,123.1,89,OK,OK,OK
2026-08-29T23:48:39.680475Z,2880,123.1,89,OK,OK,OK
2026-08-29T23:48:45.068921Z,2881,123.1,88,OK,OK,OK
2026-08-29T23:48:50.440903Z,2882,123.1,88,OK,OK,OK
2026-08-29T23:48:55.809254Z,2882,123.1,88,OK,OK,OK
2026-08-29T23:49:01.205810Z,2856,123.1,87,OK,OK,OK
2026-08-29T23:49:06.560292Z,2875,122.9,87,OK,OK,OK
2026-08-29T23:49:11.943806Z,2873,122.8,86,OK,OK,OK
2026-08-29T23:49:17.338084Z,2876,122.8,86,OK,OK,OK
2026-08-29T23:49:22.736088Z,2878,122.8,86,OK,OK,OK
2026-08-29T23:49:28.106974Z,2874,122.8,86,OK,OK,OK
2026-08-29T23:49:33.476320Z,2876,122.8,86,OK,OK,OK
2026-08-29T23:49:38.868676Z,2873,122.8,86,OK,OK,OK
2026-08-29T23:49:44.229861Z,2871,122.8,86,OK,OK,OK
2026-08-29T23:49:49.625073Z,2876,122.8,86,OK,OK,OK
2026-08-29T23:49:54.996434Z,2874,122.8,86,OK,OK,OK
2026-08-29T23:50:00.378966Z,2874,122.8,86,OK,OK,OK
2026-08-29T23:50:05.750995Z,2870,122.8,87,OK,OK,OK
2026-08-29T23:50:11.138332Z,2873,122.8,87,OK,OK,OK
2026-08-29T23:50:16.547625Z,2872,122.8,88,OK,OK,OK
2026-08-29T23:50:21.928074Z,2877,122.8,88,OK,OK,OK
2026-08-29T23:50:27.312607Z,2876,122.8,88,OK,OK,OK
2026-08-29T23:50:32.694939Z,2888,122.8,87,OK,OK,OK
2026-08-29T23:50:38.079195Z,2871,122.8,87,OK,OK,OK
2026-08-29T23:50:43.438368Z,2874,122.8,85,OK,OK,OK
2026-08-29T23:50:48.812674Z,2877,122.8,85,OK,OK,OK
2026-08-29T23:50:54.198022Z,2876,122.8,85,OK,OK,OK
2026-08-29T23:50:59.569981Z,2875,122.8,84,OK,OK,OK
2026-08-29T23:51:04.956447Z,2874,122.8,84,OK,OK,OK
2026-08-29T23:51:10.355291Z,2874,122.8,84,OK,OK,OK
2026-08-29T23:51:15.738518Z,2873,122.8,84,OK,OK,OK
2026-08-29T23:51:21.115849Z,2876,122.8,82,OK,OK,OK
2026-08-29T23:51:26.496900Z,2872,122.8,82,OK,OK,OK
2026-08-29T23:51:31.888776Z,2873,122.8,82,OK,OK,OK
2026-08-29T23:51:37.270774Z,2872,122.8,81,OK,OK,OK
2026-08-29T23:51:42.660866Z,2875,122.8,81,OK,OK,OK
2026-08-29T23:51:48.041037Z,2873,122.7,80,OK,OK,OK
2026-08-29T23:51:53.418865Z,2870,122.7,80,OK,OK,OK
2026-08-29T23:51:58.788723Z,2873,122.8,80,OK,OK,OK
2026-08-29T23:52:04.177233Z,2873,122.8,80,OK,OK,OK
2026-08-29T23:52:09.586180Z,2871,122.7,80,OK,OK,OK
2026-08-29T23:52:14.948253Z,2874,122.8,78,OK,OK,OK
2026-08-29T23:52:20.351326Z,2876,122.8,78,OK,OK,OK
2026-08-29T23:52:25.721941Z,2873,122.7,78,OK,OK,OK
2026-08-29T23:52:31.108390Z,2873,122.7,77,OK,OK,OK
2026-08-29T23:52:36.475231Z,2876,122.7,77,OK,OK,OK
2026-08-29T23:52:41.849385Z,2870,122.6,75,OK,OK,OK
2026-08-29T23:52:47.236233Z,2871,122.6,75,OK,OK,OK
2026-08-29T23:52:52.608427Z,2870,122.6,71,OK,OK,OK
2026-08-29T23:52:57.993852Z,2874,122.7,71,OK,OK,OK
2026-08-29T23:53:03.370615Z,2871,122.7,71,OK,OK,OK
2026-08-29T23:53:08.743005Z,2874,122.7,67,OK,OK,OK
2026-08-29T23:53:14.120622Z,2874,122.7,67,OK,OK,OK
2026-08-29T23:53:19.498377Z,2874,122.8,65,OK,OK,OK
2026-08-29T23:53:24.877751Z,2872,122.8,65,OK,OK,OK
2026-08-29T23:53:30.249217Z,2876,122.8,65,OK,OK,OK
2026-08-29T23:53:35.635916Z,2875,122.8,61,OK,OK,OK
2026-08-29T23:53:41.019454Z,2873,122.8,61,OK,OK,OK
2026-08-29T23:53:46.403939Z,2876,122.8,59,OK,OK,OK
2026-08-29T23:53:51.824322Z,2871,122.8,59,OK,OK,OK
2026-08-29T23:53:57.232696Z,2870,122.8,59,OK,OK,OK
2026-08-29T23:54:02.628688Z,2872,122.8,55,OK,OK,OK
2026-08-29T23:54:07.996662Z,2872,122.7,55,OK,OK,OK
2026-08-29T23:54:13.398073Z,2873,122.7,52,OK,OK,OK
2026-08-29T23:54:18.780095Z,2870,122.6,52,OK,OK,OK
2026-08-29T23:54:24.182341Z,2874,122.7,46,OK,OK,OK
2026-08-29T23:54:29.559625Z,2874,122.7,46,OK,OK,OK
2026-08-29T23:54:34.922701Z,2873,122.7,46,OK,OK,OK
2026-08-29T23:54:40.331915Z,2871,122.7,38,OK,OK,OK
2026-08-29T23:54:45.703966Z,2872,122.7,38,OK,OK,OK
2026-08-29T23:54:51.092075Z,2870,122.7,38,OK,OK,OK
2026-08-29T23:54:56.465247Z,2875,122.8,38,OK,OK,OK
2026-08-29T23:55:01.856664Z,2873,122.8,38,OK,OK,OK
2026-08-29T23:55:07.219284Z,2876,122.7,38,OK,OK,OK
2026-08-29T23:55:12.634408Z,2874,122.8,38,OK,OK,OK
2026-08-29T23:55:18.006212Z,2877,122.8,38,OK,OK,OK
2026-08-29T23:55:23.379834Z,2845,122.9,38,OK,OK,OK
2026-08-29T23:55:28.768759Z,2856,122.6,38,OK,OK,OK
2026-08-29T23:55:34.138537Z,2850,122.6,38,OK,OK,OK
2026-08-29T23:55:39.520729Z,2854,122.6,38,OK,OK,OK
2026-08-29T23:55:44.903180Z,2857,122.7,38,OK,OK,OK
2026-08-29T23:55:50.273223Z,2853,122.7,38,OK,OK,OK
2026-08-29T23:55:55.637498Z,2859,122.6,38,OK,OK,OK
2026-08-29T23:56:01.023004Z,2853,122.6,38,OK,OK,OK
2026-08-29T23:56:06.409346Z,2856,122.6,6,OK,OK,OK
2026-08-29T23:56:11.788407Z,2856,122.6,6,OK,OK,OK
2026-08-29T23:56:17.170971Z,2856,122.6,6,OK,OK,OK
2026-08-29T23:56:22.558798Z,2856,122.6,6,OK,OK,OK
2026-08-29T23:56:27.935440Z,2856,122.6,6,OK,OK,OK
2026-08-29T23:56:33.313141Z,2856,122.6,,DEGRADED,OK,HARDWARE_OFFLINE
2026-08-29T23:56:38.688280Z,0,,,HARDWARE_OFFLINE,OFFLINE,HARDWARE_OFFLINE
2026-08-29T23:56:44.064848Z,0,,14,DEGRADED,OFFLINE,OK
2026-08-29T23:56:49.433152Z,2853,122.7,14,OK,OK,OK
2026-08-29T23:56:54.812424Z,2858,122.7,17,OK,OK,OK
2026-08-29T23:57:00.175770Z,2858,122.7,17,OK,OK,OK
2026-08-29T23:57:05.546474Z,2857,122.7,17,OK,OK,OK
2026-08-29T23:57:10.940875Z,2854,122.7,17,OK,OK,OK
2026-08-29T23:57:16.313019Z,2856,122.7,17,OK,OK,OK
2026-08-29T23:57:21.688099Z,2854,122.7,17,OK,OK,OK
2026-08-29T23:57:27.085597Z,2854,122.7,17,OK,OK,OK
2026-08-29T23:57:32.481070Z,2856,122.7,17,OK,OK,OK
2026-08-29T23:57:37.859426Z,2855,122.7,17,OK,OK,OK
2026-08-29T23:57:43.245126Z,2856,122.7,17,OK,OK,OK
2026-08-29T23:57:48.632467Z,2856,122.7,17,OK,OK,OK
2026-08-29T23:57:54.025597Z,2851,122.6,17,OK,OK,OK
2026-08-29T23:57:59.392089Z,2852,122.7,17,OK,OK,OK
2026-08-29T23:58:04.789080Z,2854,122.6,17,OK,OK,OK
2026-08-29T23:58:10.170885Z,2852,122.6,17,OK,OK,OK
2026-08-29T23:58:15.546965Z,4249,122.8,17,OK,OK,OK
2026-08-29T23:58:20.937833Z,2949,122.7,17,OK,OK,OK
2026-08-29T23:58:26.336800Z,2954,122.7,17,OK,OK,OK
2026-08-29T23:58:31.715111Z,2962,122.7,17,OK,OK,OK
2026-08-29T23:58:37.078185Z,2967,122.7,17,OK,OK,OK
2026-08-29T23:58:42.456250Z,2967,122.7,16,OK,OK,OK
2026-08-29T23:58:47.849193Z,2965,122.8,16,OK,OK,OK
2026-08-29T23:58:53.226295Z,2962,122.8,14,OK,OK,OK
2026-08-29T23:58:58.607564Z,2962,122.8,14,OK,OK,OK
2026-08-29T23:59:03.987181Z,2957,122.7,14,OK,OK,OK
2026-08-29T23:59:09.359148Z,2957,122.7,14,OK,OK,OK
2026-08-29T23:59:14.721025Z,2957,122.7,14,OK,OK,OK
2026-08-29T23:59:20.106125Z,2960,122.7,14,OK,OK,OK
2026-08-29T23:59:25.476602Z,2957,122.6,14,OK,OK,OK
2026-08-29T23:59:30.856058Z,2951,122.6,14,OK,OK,OK
2026-08-29T23:59:36.255946Z,2954,122.6,14,OK,OK,OK
2026-08-29T23:59:41.636173Z,2952,122.6,14,OK,OK,OK
2026-08-29T23:59:47.022821Z,2951,122.6,14,OK,OK,OK
2026-08-29T23:59:52.403910Z,2946,122.6,14,OK,OK,OK
2026-08-29T23:59:57.793530Z,2946,122.6,14,OK,OK,OK
2026-08-30T00:00:03.171564Z,2948,122.6,14,OK,OK,OK
2026-08-30T00:00:08.552808Z,2944,122.6,14,OK,OK,OK
2026-08-30T00:00:13.958358Z,2947,122.8,14,OK,OK,OK
2026-08-30T00:00:19.369452Z,2948,122.8,14,OK,OK,OK
2026-08-30T00:00:24.745165Z,2944,122.8,14,OK,OK,OK
2026-08-30T00:00:30.129263Z,2944,122.8,14,OK,OK,OK
2026-08-30T00:00:35.515467Z,2945,122.8,14,OK,OK,OK
2026-08-30T00:00:40.912768Z,2940,122.8,14,OK,OK,OK
2026-08-30T00:00:46.285817Z,2945,122.8,14,OK,OK,OK
2026-08-30T00:00:51.663028Z,2945,122.8,14,OK,OK,OK
2026-08-30T00:00:57.043138Z,2947,122.8,14,OK,OK,OK
2026-08-30T00:01:02.439282Z,2952,122.9,15,OK,OK,OK
2026-08-30T00:01:07.805734Z,2951,123.1,15,OK,OK,OK
2026-08-30T00:01:13.190973Z,2948,123.1,15,OK,OK,OK
2026-08-30T00:01:18.577310Z,2959,123.1,15,OK,OK,OK
2026-08-30T00:01:23.943992Z,2957,123.4,15,OK,OK,OK
2026-08-30T00:01:29.326730Z,2961,123.4,15,OK,OK,OK
2026-08-30T00:01:34.724245Z,2953,123.3,15,OK,OK,OK
2026-08-30T00:01:40.127468Z,2956,123.3,15,OK,OK,OK
2026-08-30T00:01:45.509893Z,2960,123.4,15,OK,OK,OK
2026-08-30T00:01:50.880207Z,2954,123.4,15,OK,OK,OK
2026-08-30T00:01:56.250905Z,2954,123.4,15,OK,OK,OK
2026-08-30T00:02:01.624677Z,2958,123.4,15,OK,OK,OK
2026-08-30T00:02:06.994011Z,2954,123.4,15,OK,OK,OK
2026-08-30T00:02:12.383604Z,2956,123.4,15,OK,OK,OK
2026-08-30T00:02:17.779582Z,2956,123.4,15,OK,OK,OK
2026-08-30T00:02:23.151513Z,2956,123.4,15,OK,OK,OK
2026-08-30T00:02:28.538941Z,2960,123.4,15,OK,OK,OK
2026-08-30T00:02:33.940662Z,2955,123.4,15,OK,OK,OK
2026-08-30T00:02:39.313590Z,2958,123.4,15,OK,OK,OK
2026-08-30T00:02:44.711618Z,2958,123.4,15,OK,OK,OK
2026-08-30T00:02:50.088537Z,2964,123.1,14,OK,OK,OK
2026-08-30T00:02:55.460118Z,2962,123.2,14,OK,OK,OK
2026-08-30T00:03:00.824038Z,2968,123.2,14,OK,OK,OK
2026-08-30T00:03:06.209255Z,2962,123.1,14,OK,OK,OK
2026-08-30T00:03:11.593992Z,2964,123.1,14,OK,OK,OK
2026-08-30T00:03:16.968344Z,2964,123.1,13,OK,OK,OK
2026-08-30T00:03:22.345470Z,2965,123.1,13,OK,OK,OK
2026-08-30T00:03:27.715904Z,2961,123.1,14,OK,OK,OK
2026-08-30T00:03:33.090428Z,2962,123.1,14,OK,OK,OK
2026-08-30T00:03:38.467665Z,2964,123.1,13,OK,OK,OK
2026-08-30T00:03:43.843060Z,2966,123.2,13,OK,OK,OK
2026-08-30T00:03:49.212103Z,2964,123.1,13,OK,OK,OK
2026-08-30T00:03:54.593706Z,2967,123.1,11,OK,OK,OK
2026-08-30T00:03:59.977383Z,2969,123.1,11,OK,OK,OK
2026-08-30T00:04:05.356193Z,2969,123.2,11,OK,OK,OK
2026-08-30T00:04:10.727513Z,2970,123.2,11,OK,OK,OK
2026-08-30T00:04:16.120771Z,2968,123.2,11,OK,OK,OK
2026-08-30T00:04:21.507656Z,2968,123.2,11,OK,OK,OK
2026-08-30T00:04:26.894803Z,2971,123.2,11,OK,OK,OK
2026-08-30T00:04:32.267138Z,2970,123.1,11,OK,OK,OK
2026-08-30T00:04:37.648348Z,2972,123.2,11,OK,OK,OK
2026-08-30T00:04:43.037962Z,2969,123.2,11,OK,OK,OK
2026-08-30T00:04:48.419909Z,2967,123.2,11,OK,OK,OK
2026-08-30T00:04:53.785282Z,2968,123.1,11,OK,OK,OK
2026-08-30T00:04:59.165811Z,2962,123.0,11,OK,OK,OK
2026-08-30T00:05:04.549699Z,2964,123.1,11,OK,OK,OK
2026-08-30T00:05:09.924708Z,2967,123.1,11,OK,OK,OK
2026-08-30T00:05:15.311189Z,2964,123.1,11,OK,OK,OK
2026-08-30T00:05:20.697687Z,2961,123.1,11,OK,OK,OK
2026-08-30T00:05:26.084280Z,2962,123.1,10,OK,OK,OK
2026-08-30T00:05:31.456320Z,2959,123.1,10,OK,OK,OK
2026-08-30T00:05:36.840402Z,2963,123.1,8,OK,OK,OK
2026-08-30T00:05:42.226006Z,2961,123.1,8,OK,OK,OK
2026-08-30T00:05:47.609257Z,2960,123.1,8,OK,OK,OK
2026-08-30T00:05:52.997992Z,2966,123.1,6,OK,OK,OK
2026-08-30T00:05:58.382518Z,2963,123.1,6,OK,OK,OK
2026-08-30T00:06:03.757832Z,2960,123.1,6,OK,OK,OK
2026-08-30T00:06:09.131980Z,2964,123.1,6,OK,OK,OK
2026-08-30T00:06:14.530764Z,2958,123.1,6,OK,OK,OK
2026-08-30T00:06:19.931384Z,2967,123.0,6,OK,OK,OK
2026-08-30T00:06:25.302408Z,2964,123.1,6,OK,OK,OK
2026-08-30T00:06:30.683878Z,2964,123.1,3,OK,OK,OK
2026-08-30T00:06:36.070846Z,2963,123.0,3,OK,OK,OK
2026-08-30T00:06:41.458400Z,2954,123.2,3,OK,OK,OK
2026-08-30T00:06:46.833869Z,2958,122.9,3,OK,OK,OK
2026-08-30T00:06:52.204375Z,2960,123.0,3,OK,OK,OK
2026-08-30T00:06:57.593489Z,2968,123.1,3,OK,OK,OK
2026-08-30T00:07:02.963340Z,2960,123.1,3,OK,OK,OK
2026-08-30T00:07:08.347977Z,2962,123.1,2,OK,OK,OK
2026-08-30T00:07:13.751544Z,2965,123.1,2,OK,OK,OK
2026-08-30T00:07:19.141748Z,2961,123.1,2,OK,OK,OK
2026-08-30T00:07:24.507560Z,2962,123.1,2,OK,OK,OK
2026-08-30T00:07:29.886031Z,2956,123.3,2,OK,OK,OK
2026-08-30T00:07:35.264523Z,2963,123.1,2,OK,OK,OK
2026-08-30T00:07:40.650979Z,2965,123.1,2,OK,OK,OK
2026-08-30T00:07:46.037585Z,2960,123.1,2,OK,OK,OK
2026-08-30T00:07:51.422679Z,2960,123.1,2,OK,OK,OK
2026-08-30T00:07:56.818732Z,2962,123.1,2,OK,OK,OK
2026-08-30T00:08:02.174101Z,2963,123.1,0,OK,OK,OK
2026-08-30T00:08:07.558149Z,2966,123.1,0,OK,OK,OK
2026-08-30T00:08:12.953930Z,2962,123.1,0,OK,OK,OK
2026-08-30T00:08:18.348530Z,2962,123.1,0,OK,OK,OK
2026-08-30T00:08:23.726948Z,2959,123.1,0,OK,OK,OK
2026-08-30T00:08:29.106326Z,2958,123.1,0,OK,OK,OK
2026-08-30T00:08:34.499947Z,2961,123.1,0,OK,OK,OK
2026-08-30T00:08:39.871372Z,2958,123.1,0,OK,OK,OK
2026-08-30T00:08:45.264353Z,2953,123.1,0,OK,OK,OK
2026-08-30T00:08:50.641511Z,2897,123.0,0,OK,OK,OK
2026-08-30T00:08:56.055695Z,2898,123.1,0,OK,OK,OK
2026-08-30T00:09:01.426151Z,2899,123.1,0,OK,OK,OK
2026-08-30T00:09:06.807716Z,2904,123.1,0,OK,OK,OK
2026-08-30T00:09:12.181250Z,2899,123.2,0,OK,OK,OK
2026-08-30T00:09:17.589635Z,2899,123.1,0,OK,OK,OK
2026-08-30T00:09:22.967282Z,2901,123.1,0,OK,OK,OK
2026-08-30T00:09:28.347602Z,2900,123.1,0,OK,OK,OK
2026-08-30T00:09:33.752222Z,2901,123.1,0,OK,OK,OK
2026-08-30T00:09:39.138728Z,2898,123.1,0,OK,OK,OK
2026-08-30T00:09:44.511614Z,2905,123.1,0,OK,OK,OK
2026-08-30T00:09:49.894111Z,2904,123.1,0,OK,OK,OK
2026-08-30T00:09:55.268887Z,2900,123.1,0,OK,OK,OK
2026-08-30T00:10:00.659828Z,2903,123.1,0,OK,OK,OK
2026-08-30T00:10:06.076548Z,2898,123.1,0,OK,OK,OK
2026-08-30T00:10:11.452266Z,2898,123.1,0,OK,OK,OK
2026-08-30T00:10:16.831831Z,2899,123.1,0,OK,OK,OK
2026-08-30T00:10:22.209829Z,2898,123.2,0,OK,OK,OK
2026-08-30T00:10:27.590443Z,2900,123.2,0,OK,OK,OK
2026-08-30T00:10:32.961119Z,2909,123.1,0,OK,OK,OK
2026-08-30T00:10:38.363366Z,2893,123.1,0,OK,OK,OK
2026-08-30T00:10:43.733897Z,2897,123.1,0,OK,OK,OK
2026-08-30T00:10:49.121539Z,2904,123.1,0,OK,OK,OK
2026-08-30T00:10:54.499154Z,2899,123.1,0,OK,OK,OK
2026-08-30T00:10:59.908201Z,2899,123.1,0,OK,OK,OK
2026-08-30T00:11:05.280146Z,2896,123.1,0,OK,OK,OK
2026-08-30T00:11:10.644477Z,2896,123.1,0,OK,OK,OK
2026-08-30T00:11:16.036273Z,2904,123.1,0,OK,OK,OK
2026-08-30T00:11:21.430086Z,2896,123.1,0,OK,OK,OK
2026-08-30T00:11:26.815375Z,2895,123.1,0,OK,OK,OK
2026-08-30T00:11:32.180357Z,2895,123.1,0,OK,OK,OK
2026-08-30T00:11:37.565119Z,2893,123.1,0,OK,OK,OK
2026-08-30T00:11:42.931934Z,2892,123.1,0,OK,OK,OK
2026-08-30T00:11:48.295469Z,2896,123.1,0,OK,OK,OK
2026-08-30T00:11:53.678403Z,2894,123.1,0,OK,OK,OK
2026-08-30T00:11:59.072943Z,2895,123.1,0,OK,OK,OK
2026-08-30T00:12:04.447729Z,2895,123.1,0,OK,OK,OK
2026-08-30T00:12:09.807256Z,2897,123.1,0,OK,OK,OK
2026-08-30T00:12:15.227064Z,2896,123.1,0,OK,OK,OK
2026-08-30T00:12:20.617841Z,2894,123.1,0,OK,OK,OK
2026-08-30T00:12:25.995547Z,2895,123.1,0,OK,OK,OK
2026-08-30T00:12:31.383825Z,2896,123.1,0,OK,OK,OK
2026-08-30T00:12:36.783867Z,2891,123.1,0,OK,OK,OK
2026-08-30T00:12:42.165925Z,2898,123.1,0,OK,OK,OK
2026-08-30T00:12:47.538817Z,2903,123.1,0,OK,OK,OK
2026-08-30T00:12:52.915565Z,2890,123.0,0,OK,OK,OK
2026-08-30T00:12:58.307322Z,2893,122.9,0,OK,OK,OK
2026-08-30T00:13:03.676997Z,2890,122.8,0,OK,OK,OK
2026-08-30T00:13:09.058193Z,2894,122.8,0,OK,OK,OK
2026-08-30T00:13:14.461437Z,2892,122.8,0,OK,OK,OK
2026-08-30T00:13:19.853241Z,2893,122.8,0,OK,OK,OK
2026-08-30T00:13:25.222164Z,2897,122.9,0,OK,OK,OK
2026-08-30T00:13:30.603043Z,2896,122.8,0,OK,OK,OK
2026-08-30T00:13:35.973595Z,2901,122.8,0,OK,OK,OK
2026-08-30T00:13:41.349909Z,2895,122.8,0,OK,OK,OK
2026-08-30T00:13:46.726166Z,2897,122.8,0,OK,OK,OK
2026-08-30T00:13:52.107004Z,2894,122.8,0,OK,OK,OK
2026-08-30T00:13:57.487885Z,2894,122.8,0,OK,OK,OK
2026-08-30T00:14:02.867009Z,2892,122.8,0,OK,OK,OK
2026-08-30T00:14:08.249550Z,2891,122.8,0,OK,OK,OK
2026-08-30T00:14:13.637087Z,2888,122.8,0,OK,OK,OK
2026-08-30T00:14:19.040128Z,2887,122.9,0,OK,OK,OK
2026-08-30T00:14:24.436993Z,2891,122.9,0,OK,OK,OK
2026-08-30T00:14:29.813047Z,2887,122.9,0,OK,OK,OK
2026-08-30T00:14:35.189881Z,2892,122.8,0,OK,OK,OK
2026-08-30T00:14:40.556706Z,2893,122.8,0,OK,OK,OK
2026-08-30T00:14:45.943204Z,2892,122.8,0,OK,OK,OK
2026-08-30T00:14:51.329648Z,2890,122.8,0,OK,OK,OK
2026-08-30T00:14:56.710009Z,2894,122.9,0,OK,OK,OK
2026-08-30T00:15:02.093566Z,2898,122.9,0,OK,OK,OK
2026-08-30T00:15:07.472512Z,2896,122.9,0,OK,OK,OK
2026-08-30T00:15:12.907510Z,2897,122.9,0,OK,OK,OK
2026-08-30T00:15:18.279999Z,2897,122.9,0,OK,OK,OK
2026-08-30T00:15:23.649701Z,2895,122.9,0,OK,OK,OK
2026-08-30T00:15:29.036211Z,2894,122.9,0,OK,OK,OK
2026-08-30T00:15:34.401156Z,2891,122.9,0,OK,OK,OK
2026-08-30T00:15:39.782883Z,2898,122.9,0,OK,OK,OK
2026-08-30T00:15:45.156052Z,2896,122.9,0,OK,OK,OK
2026-08-30T00:15:50.533023Z,2897,122.9,0,OK,OK,OK
2026-08-30T00:15:55.907710Z,2896,122.9,0,OK,OK,OK
2026-08-30T00:16:01.298746Z,2899,122.9,0,OK,OK,OK
2026-08-30T00:16:06.680690Z,2898,122.9,0,OK,OK,OK
2026-08-30T00:16:12.046986Z,2898,122.9,0,OK,OK,OK
2026-08-30T00:16:17.459432Z,2907,122.9,0,OK,OK,OK
2026-08-30T00:16:22.843759Z,2897,122.9,0,OK,OK,OK
2026-08-30T00:16:28.234635Z,2899,122.9,0,OK,OK,OK
2026-08-30T00:16:33.618875Z,2896,122.9,0,OK,OK,OK
2026-08-30T00:16:38.988499Z,2897,122.9,0,OK,OK,OK
2026-08-30T00:16:44.358193Z,2896,122.9,0,OK,OK,OK
2026-08-30T00:16:49.726429Z,2894,122.9,0,OK,OK,OK
2026-08-30T00:16:55.106821Z,2895,122.9,0,OK,OK,OK
2026-08-30T00:17:00.493533Z,2893,122.9,0,OK,OK,OK
2026-08-30T00:17:05.879465Z,2894,122.9,0,OK,OK,OK
2026-08-30T00:17:11.247219Z,2890,122.9,0,OK,OK,OK
2026-08-30T00:17:16.649697Z,2892,122.9,0,OK,OK,OK
2026-08-30T00:17:22.027222Z,2895,122.9,0,OK,OK,OK
2026-08-30T00:17:27.412178Z,2897,122.9,0,OK,OK,OK
2026-08-30T00:17:32.777609Z,2896,122.9,0,OK,OK,OK
2026-08-30T00:17:38.151740Z,2900,123.0,0,OK,OK,OK
2026-08-30T00:17:43.534129Z,2898,122.9,0,OK,OK,OK
2026-08-30T00:17:48.906317Z,2898,123.0,0,OK,OK,OK
2026-08-30T00:17:54.275149Z,2899,123.0,0,OK,OK,OK
2026-08-30T00:17:59.661609Z,2900,123.0,0,OK,OK,OK
2026-08-30T00:18:05.054641Z,2901,123.0,0,OK,OK,OK
2026-08-30T00:18:10.427680Z,2902,122.9,0,OK,OK,OK
2026-08-30T00:18:15.808759Z,2901,122.9,0,OK,OK,OK
2026-08-30T00:18:21.236044Z,2902,123.0,0,OK,OK,OK
2026-08-30T00:18:26.599670Z,2902,123.0,0,OK,OK,OK
2026-08-30T00:18:31.984769Z,2899,122.9,0,OK,OK,OK
2026-08-30T00:18:37.359068Z,2908,123.1,0,OK,OK,OK
2026-08-30T00:18:42.761315Z,2904,123.0,0,OK,OK,OK
2026-08-30T00:18:48.125032Z,2904,123.0,0,OK,OK,OK
2026-08-30T00:18:53.511629Z,2900,123.0,0,OK,OK,OK
2026-08-30T00:18:58.898049Z,2901,123.1,0,OK,OK,OK
2026-08-30T00:19:04.284531Z,2904,123.1,0,OK,OK,OK
2026-08-30T00:19:09.681417Z,2903,123.1,0,OK,OK,OK
2026-08-30T00:19:15.061402Z,2900,123.1,0,OK,OK,OK
2026-08-30T00:19:20.459865Z,2901,123.1,0,OK,OK,OK
2026-08-30T00:19:25.822168Z,2902,123.1,0,OK,OK,OK
2026-08-30T00:19:31.211720Z,2899,123.1,0,OK,OK,OK
2026-08-30T00:19:36.597480Z,2904,123.1,0,OK,OK,OK
2026-08-30T00:19:41.977122Z,2906,123.1,0,OK,OK,OK
2026-08-30T00:19:47.363286Z,2906,123.1,0,OK,OK,OK
2026-08-30T00:19:52.740157Z,2902,123.1,0,OK,OK,OK
2026-08-30T00:19:58.125257Z,2904,123.1,0,OK,OK,OK
2026-08-30T00:20:03.500814Z,2906,123.2,0,OK,OK,OK
2026-08-30T00:20:08.889879Z,2905,123.1,0,OK,OK,OK
2026-08-30T00:20:14.287751Z,2905,123.1,0,OK,OK,OK
2026-08-30T00:20:19.653735Z,2908,123.1,0,OK,OK,OK
2026-08-30T00:20:25.034373Z,2907,123.1,0,OK,OK,OK
2026-08-30T00:20:30.407267Z,2906,123.1,0,OK,OK,OK
2026-08-30T00:20:35.803784Z,2905,123.1,0,OK,OK,OK
2026-08-30T00:20:41.164344Z,2910,123.1,0,OK,OK,OK
2026-08-30T00:20:46.563663Z,2905,123.1,0,OK,OK,OK
2026-08-30T00:20:51.951824Z,2909,123.1,0,OK,OK,OK
2026-08-30T00:20:57.309233Z,2901,123.0,0,OK,OK,OK
2026-08-30T00:21:02.701782Z,2908,122.9,0,OK,OK,OK
2026-08-30T00:21:08.100929Z,2903,122.9,0,OK,OK,OK
2026-08-30T00:21:13.500866Z,2902,122.9,0,OK,OK,OK
2026-08-30T00:21:18.872033Z,2908,122.9,0,OK,OK,OK
2026-08-30T00:21:24.259184Z,2900,122.9,0,OK,OK,OK
2026-08-30T00:21:29.656524Z,2897,122.9,0,OK,OK,OK
2026-08-30T00:21:35.048373Z,2897,122.9,0,OK,OK,OK
2026-08-30T00:21:40.435384Z,2896,122.8,0,OK,OK,OK
2026-08-30T00:21:45.827708Z,2896,122.8,0,OK,OK,OK
2026-08-30T00:21:51.223185Z,2897,122.8,0,OK,OK,OK
2026-08-30T00:21:56.590914Z,2898,122.9,0,OK,OK,OK
2026-08-30T00:22:01.993436Z,2903,122.9,0,OK,OK,OK
2026-08-30T00:22:07.377719Z,2898,122.9,0,OK,OK,OK
2026-08-30T00:22:12.761478Z,2898,122.8,0,OK,OK,OK
2026-08-30T00:22:18.152844Z,2901,122.9,0,OK,OK,OK
2026-08-30T00:22:23.539319Z,2904,122.9,0,OK,OK,OK
2026-08-30T00:22:28.909775Z,2899,122.9,0,OK,OK,OK
2026-08-30T00:22:34.280502Z,2898,122.9,0,OK,OK,OK
2026-08-30T00:22:39.673020Z,2899,122.9,0,OK,OK,OK
2026-08-30T00:22:45.060089Z,2895,122.8,0,OK,OK,OK
2026-08-30T00:22:50.448944Z,2804,122.6,0,OK,OK,OK
2026-08-30T00:22:55.827267Z,2811,122.7,0,OK,OK,OK
2026-08-30T00:23:01.221497Z,2812,122.7,0,OK,OK,OK
2026-08-30T00:23:06.598968Z,2811,122.8,0,OK,OK,OK
2026-08-30T00:23:11.985517Z,2808,122.8,0,OK,OK,OK
2026-08-30T00:23:17.356138Z,2810,122.8,0,OK,OK,OK
2026-08-30T00:23:22.747388Z,2812,122.8,0,OK,OK,OK
2026-08-30T00:23:28.125624Z,2814,122.8,0,OK,OK,OK
2026-08-30T00:23:33.500219Z,2811,122.8,0,OK,OK,OK
2026-08-30T00:23:38.893573Z,2808,122.8,0,OK,OK,OK
2026-08-30T00:23:44.272786Z,2810,122.8,0,OK,OK,OK
2026-08-30T00:23:49.653271Z,2814,122.8,0,OK,OK,OK
2026-08-30T00:23:55.036935Z,2814,122.8,0,OK,OK,OK
2026-08-30T00:24:00.414133Z,2812,122.6,0,OK,OK,OK
2026-08-30T00:24:05.788491Z,2814,122.8,0,OK,OK,OK
2026-08-30T00:24:11.161678Z,2809,122.7,0,OK,OK,OK
2026-08-30T00:24:16.553432Z,2812,122.7,0,OK,OK,OK
2026-08-30T00:24:21.945999Z,2808,122.7,0,OK,OK,OK
2026-08-30T00:24:27.318337Z,2814,122.8,0,OK,OK,OK
2026-08-30T00:24:32.697244Z,2810,122.7,0,OK,OK,OK
2026-08-30T00:24:38.083706Z,2809,122.7,0,OK,OK,OK
2026-08-30T00:24:43.479194Z,2810,122.7,0,OK,OK,OK
2026-08-30T00:24:48.871210Z,2817,122.8,0,OK,OK,OK
2026-08-30T00:24:54.272355Z,2818,122.9,0,OK,OK,OK
2026-08-30T00:24:59.654309Z,2815,122.9,0,OK,OK,OK
2026-08-30T00:25:05.029777Z,2815,122.9,0,OK,OK,OK
2026-08-30T00:25:10.418948Z,2812,122.8,0,OK,OK,OK
2026-08-30T00:25:15.829055Z,2814,122.9,0,OK,OK,OK
2026-08-30T00:25:21.215172Z,2815,122.9,0,OK,OK,OK
2026-08-30T00:25:26.595572Z,2815,122.9,0,OK,OK,OK
2026-08-30T00:25:31.988031Z,2816,122.9,0,OK,OK,OK
2026-08-30T00:25:37.406647Z,2816,122.9,0,OK,OK,OK
2026-08-30T00:25:42.789501Z,2814,122.9,0,OK,OK,OK
2026-08-30T00:25:48.165374Z,2821,122.9,0,OK,OK,OK
2026-08-30T00:25:53.549932Z,2818,122.9,0,OK,OK,OK
2026-08-30T00:25:58.936419Z,2815,122.9,0,OK,OK,OK
2026-08-30T00:26:04.302428Z,2816,122.9,0,OK,OK,OK
2026-08-30T00:26:09.677339Z,2816,122.9,0,OK,OK,OK
2026-08-30T00:26:15.058310Z,2813,122.9,0,OK,OK,OK
2026-08-30T00:26:20.422394Z,2821,122.9,0,OK,OK,OK
2026-08-30T00:26:25.797093Z,2813,122.9,0,OK,OK,OK
2026-08-30T00:26:31.194561Z,2819,122.9,0,OK,OK,OK
2026-08-30T00:26:36.598265Z,2816,122.9,0,OK,OK,OK
2026-08-30T00:26:41.969506Z,2816,122.9,0,OK,OK,OK
2026-08-30T00:26:47.356651Z,2816,122.9,0,OK,OK,OK
2026-08-30T00:26:52.737552Z,2816,123.0,0,OK,OK,OK
2026-08-30T00:26:58.092166Z,2814,122.9,0,OK,OK,OK
2026-08-30T00:27:03.494633Z,2815,122.9,0,OK,OK,OK
2026-08-30T00:27:08.881776Z,2818,122.9,0,OK,OK,OK
2026-08-30T00:27:14.282088Z,2814,122.9,0,OK,OK,OK
2026-08-30T00:27:19.654027Z,2816,122.9,0,OK,OK,OK
2026-08-30T00:27:25.040498Z,2816,122.9,0,OK,OK,OK
2026-08-30T00:27:30.416394Z,2816,122.9,0,OK,OK,OK
2026-08-30T00:27:35.777528Z,2814,122.9,0,OK,OK,OK
2026-08-30T00:27:41.154602Z,2814,122.9,0,OK,OK,OK
2026-08-30T00:27:46.526550Z,2814,122.9,0,OK,OK,OK
2026-08-30T00:27:51.909289Z,2816,122.9,0,OK,OK,OK
2026-08-30T00:27:57.311721Z,2814,122.9,0,OK,OK,OK
2026-08-30T00:28:02.698260Z,2785,123.1,0,OK,OK,OK
2026-08-30T00:28:08.079350Z,2799,122.8,0,OK,OK,OK
2026-08-30T00:28:13.449457Z,2796,122.8,0,OK,OK,OK
2026-08-30T00:28:18.834386Z,2796,122.8,0,OK,OK,OK
2026-08-30T00:28:24.219060Z,2796,122.8,0,OK,OK,OK
2026-08-30T00:28:29.592269Z,2797,122.8,0,OK,OK,OK
2026-08-30T00:28:34.959605Z,2795,122.8,0,OK,OK,OK
2026-08-30T00:28:40.330510Z,2794,122.8,0,OK,OK,OK
2026-08-30T00:28:45.721644Z,2802,122.8,0,OK,OK,OK
2026-08-30T00:28:51.091167Z,2802,122.8,0,OK,OK,OK
2026-08-30T00:28:56.481653Z,2796,122.8,0,OK,OK,OK
2026-08-30T00:29:01.869775Z,2796,122.8,0,OK,OK,OK
2026-08-30T00:29:07.239073Z,2800,122.8,0,OK,OK,OK
2026-08-30T00:29:12.619362Z,2797,122.8,0,OK,OK,OK
2026-08-30T00:29:18.005322Z,2796,122.7,0,OK,OK,OK
2026-08-30T00:29:23.407954Z,2798,122.8,0,OK,OK,OK
2026-08-30T00:29:28.764958Z,2795,122.8,0,OK,OK,OK
2026-08-30T00:29:34.144680Z,2796,122.8,0,OK,OK,OK
2026-08-30T00:29:39.557617Z,2795,122.8,0,OK,OK,OK
2026-08-30T00:29:44.929722Z,2797,122.9,0,OK,OK,OK
2026-08-30T00:29:50.297629Z,2798,122.9,0,OK,OK,OK
2026-08-30T00:29:55.670987Z,2800,122.9,0,OK,OK,OK
2026-08-30T00:30:01.073429Z,2799,122.9,0,OK,OK,OK
2026-08-30T00:30:06.442728Z,2799,122.8,0,OK,OK,OK
2026-08-30T00:30:11.851224Z,2803,122.8,0,OK,OK,OK
2026-08-30T00:30:17.237031Z,2804,122.9,0,OK,OK,OK
2026-08-30T00:30:22.605092Z,2798,122.9,0,OK,OK,OK
2026-08-30T00:30:27.973120Z,2802,122.9,0,OK,OK,OK
2026-08-30T00:30:33.368561Z,2801,122.9,0,OK,OK,OK
2026-08-30T00:30:38.740726Z,2799,122.9,0,OK,OK,OK
2026-08-30T00:30:44.101379Z,2796,122.9,0,OK,OK,OK
2026-08-30T00:30:49.488081Z,2799,122.9,0,OK,OK,OK
2026-08-30T00:30:54.869528Z,2799,122.9,0,OK,OK,OK
2026-08-30T00:31:00.255498Z,2798,122.9,0,OK,OK,OK
2026-08-30T00:31:05.623621Z,2794,122.8,0,OK,OK,OK
2026-08-30T00:31:11.017903Z,2799,122.9,0,OK,OK,OK
2026-08-30T00:31:16.405347Z,2813,122.9,0,OK,OK,OK
2026-08-30T00:31:21.773935Z,2798,122.8,0,OK,OK,OK
2026-08-30T00:31:27.157224Z,2797,122.8,0,OK,OK,OK
2026-08-30T00:31:32.551267Z,2796,122.8,0,OK,OK,OK
2026-08-30T00:31:37.936770Z,2798,122.8,0,OK,OK,OK
2026-08-30T00:31:43.301479Z,2796,122.8,0,OK,OK,OK
2026-08-30T00:31:48.691729Z,2796,122.8,0,OK,OK,OK
2026-08-30T00:31:54.078203Z,2798,122.9,0,OK,OK,OK
2026-08-30T00:31:59.464674Z,2802,122.9,0,OK,OK,OK
2026-08-30T00:32:04.839213Z,2800,122.9,0,OK,OK,OK
2026-08-30T00:32:10.217174Z,2805,122.9,0,OK,OK,OK
2026-08-30T00:32:15.591232Z,2807,122.9,0,OK,OK,OK
2026-08-30T00:32:20.946876Z,2801,122.9,0,OK,OK,OK
2026-08-30T00:32:26.364781Z,2802,122.9,0,OK,OK,OK
2026-08-30T00:32:31.751901Z,2799,122.9,0,OK,OK,OK
2026-08-30T00:32:37.152505Z,2799,122.9,0,OK,OK,OK
2026-08-30T00:32:42.544035Z,2801,122.9,0,OK,OK,OK
2026-08-30T00:32:47.914385Z,2799,122.8,0,OK,OK,OK
2026-08-30T00:32:53.320789Z,2875,122.8,0,OK,OK,OK
2026-08-30T00:32:58.699737Z,2885,122.8,0,OK,OK,OK
2026-08-30T00:33:04.085734Z,2890,122.8,0,OK,OK,OK
2026-08-30T00:33:09.472209Z,2909,122.8,0,OK,OK,OK
2026-08-30T00:33:14.842712Z,2909,122.9,0,OK,OK,OK
2026-08-30T00:33:20.229138Z,2906,122.8,0,OK,OK,OK
2026-08-30T00:33:25.623368Z,2904,122.8,0,OK,OK,OK
2026-08-30T00:33:31.002263Z,2879,122.8,0,OK,OK,OK
2026-08-30T00:33:36.378371Z,2868,122.8,0,OK,OK,OK
2026-08-30T00:33:41.776563Z,2855,122.8,0,OK,OK,OK
2026-08-30T00:33:47.154120Z,2852,122.8,0,OK,OK,OK
2026-08-30T00:33:52.509450Z,2853,122.8,0,OK,OK,OK
2026-08-30T00:33:57.932786Z,2853,122.9,0,OK,OK,OK
2026-08-30T00:34:03.318121Z,2863,123.3,0,OK,OK,OK
2026-08-30T00:34:08.704501Z,2862,123.3,0,OK,OK,OK
2026-08-30T00:34:14.059026Z,2861,123.3,0,OK,OK,OK
2026-08-30T00:34:19.461349Z,2862,123.3,0,OK,OK,OK
2026-08-30T00:34:24.831845Z,2860,123.2,0,OK,OK,OK
2026-08-30T00:34:30.192066Z,2862,123.3,0,OK,OK,OK
2026-08-30T00:34:35.568021Z,2862,123.2,0,OK,OK,OK
2026-08-30T00:34:40.951843Z,2861,123.1,0,OK,OK,OK
2026-08-30T00:34:46.327269Z,2859,123.1,0,OK,OK,OK
2026-08-30T00:34:51.693549Z,2861,123.1,0,OK,OK,OK
2026-08-30T00:34:57.086735Z,2863,123.1,0,OK,OK,OK
2026-08-30T00:35:02.463794Z,2863,123.2,0,OK,OK,OK
2026-08-30T00:35:07.827615Z,2862,123.1,0,OK,OK,OK
2026-08-30T00:35:13.274945Z,2859,123.1,0,OK,OK,OK
2026-08-30T00:35:18.655289Z,2858,123.1,0,OK,OK,OK
2026-08-30T00:35:24.035022Z,2991,123.2,0,OK,OK,OK
2026-08-30T00:35:29.405547Z,2989,122.9,0,OK,OK,OK
2026-08-30T00:35:34.772792Z,2991,122.9,0,OK,OK,OK
2026-08-30T00:35:40.180403Z,2991,123.0,0,OK,OK,OK
2026-08-30T00:35:45.575985Z,2990,123.1,0,OK,OK,OK
2026-08-30T00:35:50.971104Z,2994,123.1,0,OK,OK,OK
2026-08-30T00:35:56.355214Z,2994,123.1,0,OK,OK,OK
2026-08-30T00:36:01.734572Z,2990,123.1,0,OK,OK,OK
2026-08-30T00:36:07.115227Z,2992,123.1,0,OK,OK,OK
2026-08-30T00:36:12.507760Z,2991,123.1,0,OK,OK,OK
2026-08-30T00:36:17.899051Z,2999,123.1,0,OK,OK,OK
2026-08-30T00:36:23.295892Z,2984,123.1,0,OK,OK,OK
2026-08-30T00:36:28.657160Z,2991,123.1,0,OK,OK,OK
2026-08-30T00:36:34.043628Z,2991,123.1,0,OK,OK,OK
2026-08-30T00:36:39.430128Z,2987,123.1,0,OK,OK,OK
2026-08-30T00:36:44.825865Z,2980,123.1,0,OK,OK,OK
2026-08-30T00:36:50.215686Z,2883,123.1,0,OK,OK,OK
2026-08-30T00:36:55.600087Z,2882,123.1,0,OK,OK,OK
2026-08-30T00:37:00.970074Z,2881,123.1,0,OK,OK,OK
2026-08-30T00:37:06.342223Z,2884,123.1,0,OK,OK,OK
2026-08-30T00:37:11.723554Z,2880,123.1,0,OK,OK,OK
2026-08-30T00:37:17.103516Z,2881,123.1,0,OK,OK,OK
2026-08-30T00:37:22.461976Z,2880,123.1,0,OK,OK,OK
2026-08-30T00:37:27.844565Z,2880,123.1,0,OK,OK,OK
2026-08-30T00:37:33.227407Z,2886,123.1,0,OK,OK,OK
2026-08-30T00:37:38.613503Z,2878,123.1,0,OK,OK,OK
2026-08-30T00:37:43.982748Z,2880,123.1,0,OK,OK,OK
2026-08-30T00:37:49.369503Z,2884,123.1,0,OK,OK,OK
2026-08-30T00:37:54.758529Z,2882,123.1,0,OK,OK,OK
2026-08-30T00:38:00.152237Z,2884,123.1,0,OK,OK,OK
2026-08-30T00:38:05.524111Z,2886,123.1,0,OK,OK,OK
2026-08-30T00:38:10.935733Z,2882,123.1,0,OK,OK,OK
2026-08-30T00:38:16.338257Z,2880,123.1,0,OK,OK,OK
2026-08-30T00:38:21.708793Z,2886,123.1,0,OK,OK,OK
2026-08-30T00:38:27.082399Z,2883,123.1,0,OK,OK,OK
2026-08-30T00:38:32.473040Z,2883,123.1,0,OK,OK,OK
2026-08-30T00:38:37.852510Z,2882,123.1,0,OK,OK,OK
2026-08-30T00:38:43.228853Z,2881,123.1,0,OK,OK,OK
2026-08-30T00:38:48.618498Z,2884,123.1,0,OK,OK,OK
2026-08-30T00:38:54.014819Z,2880,123.1,0,OK,OK,OK
2026-08-30T00:38:59.397206Z,2890,123.2,0,OK,OK,OK
2026-08-30T00:39:04.772148Z,2881,123.2,0,OK,OK,OK
2026-08-30T00:39:10.150452Z,2882,123.1,0,OK,OK,OK
2026-08-30T00:39:15.529108Z,2886,123.1,0,OK,OK,OK
2026-08-30T00:39:20.922446Z,2880,123.1,0,OK,OK,OK
2026-08-30T00:39:26.309538Z,2881,123.1,0,OK,OK,OK
2026-08-30T00:39:31.688722Z,2885,123.1,0,OK,OK,OK
2026-08-30T00:39:37.066806Z,2872,123.1,0,OK,OK,OK
2026-08-30T00:39:42.457069Z,2875,123.1,0,OK,OK,OK
2026-08-30T00:39:47.864243Z,2872,123.1,0,OK,OK,OK
2026-08-30T00:39:53.217950Z,2872,123.1,0,OK,OK,OK
2026-08-30T00:39:58.622326Z,2874,123.1,0,OK,OK,OK
2026-08-30T00:40:04.010237Z,2871,123.1,0,OK,OK,OK
2026-08-30T00:40:09.383365Z,2871,123.1,0,OK,OK,OK
2026-08-30T00:40:14.745574Z,2874,123.1,0,OK,OK,OK
2026-08-30T00:40:20.151546Z,2870,123.1,0,OK,OK,OK
2026-08-30T00:40:25.522131Z,2870,123.1,0,OK,OK,OK
2026-08-30T00:40:30.893487Z,2871,123.1,0,OK,OK,OK
2026-08-30T00:40:36.279962Z,2871,123.1,0,OK,OK,OK
2026-08-30T00:40:41.668503Z,2813,121.4,0,OK,OK,OK
2026-08-30T00:40:47.050074Z,2864,122.9,0,OK,OK,OK
2026-08-30T00:40:52.414204Z,2868,122.8,0,OK,OK,OK
2026-08-30T00:40:57.778283Z,2867,122.8,0,OK,OK,OK
2026-08-30T00:41:03.178772Z,2868,122.8,0,OK,OK,OK
2026-08-30T00:41:08.547926Z,2950,122.8,0,OK,OK,OK
2026-08-30T00:41:13.916934Z,2965,122.9,0,OK,OK,OK
2026-08-30T00:41:19.308457Z,2980,122.9,0,OK,OK,OK
2026-08-30T00:41:24.688025Z,2986,122.9,0,OK,OK,OK
2026-08-30T00:41:30.047961Z,2982,122.8,0,OK,OK,OK
2026-08-30T00:41:35.436175Z,2980,122.8,0,OK,OK,OK
2026-08-30T00:41:40.819170Z,2978,122.9,0,OK,OK,OK
2026-08-30T00:41:46.193632Z,2975,122.9,0,OK,OK,OK
2026-08-30T00:41:51.570910Z,2977,122.9,0,OK,OK,OK
2026-08-30T00:41:56.946305Z,2978,122.9,0,OK,OK,OK
2026-08-30T00:42:02.378926Z,2970,122.9,0,OK,OK,OK
2026-08-30T00:42:07.737754Z,2968,122.9,0,OK,OK,OK
2026-08-30T00:42:13.161009Z,2969,122.9,0,OK,OK,OK
2026-08-30T00:42:18.537876Z,2966,122.9,0,OK,OK,OK
2026-08-30T00:42:23.894523Z,2965,122.9,0,OK,OK,OK
2026-08-30T00:42:29.299096Z,2972,122.8,0,OK,OK,OK
2026-08-30T00:42:34.705335Z,2968,122.8,0,OK,OK,OK
2026-08-30T00:42:40.100869Z,2966,122.9,0,OK,OK,OK
2026-08-30T00:42:45.469766Z,2966,122.8,0,OK,OK,OK
2026-08-30T00:42:50.845715Z,2965,122.8,0,OK,OK,OK
2026-08-30T00:42:56.247549Z,2966,122.9,0,OK,OK,OK
2026-08-30T00:43:01.620813Z,2960,122.9,0,OK,OK,OK
2026-08-30T00:43:06.999431Z,2957,122.8,0,OK,OK,OK
2026-08-30T00:43:12.393809Z,2956,122.7,0,OK,OK,OK
2026-08-30T00:43:17.812251Z,2955,122.7,0,OK,OK,OK
2026-08-30T00:43:23.196263Z,2947,122.4,0,OK,OK,OK
2026-08-30T00:43:28.578632Z,2947,122.4,0,OK,OK,OK
2026-08-30T00:43:33.965944Z,2942,122.4,0,OK,OK,OK
2026-08-30T00:43:39.339271Z,2946,122.4,0,OK,OK,OK
2026-08-30T00:43:44.711024Z,2944,122.3,0,OK,OK,OK
2026-08-30T00:43:50.075047Z,2941,122.3,0,OK,OK,OK
2026-08-30T00:43:55.497839Z,2944,122.3,0,OK,OK,OK
2026-08-30T00:44:00.879584Z,2942,122.3,0,OK,OK,OK
2026-08-30T00:44:06.259049Z,2938,122.3,0,OK,OK,OK
2026-08-30T00:44:11.660484Z,2940,122.3,0,OK,OK,OK
2026-08-30T00:44:17.027208Z,2939,122.3,0,OK,OK,OK
2026-08-30T00:44:22.433432Z,2946,122.3,0,OK,OK,OK
2026-08-30T00:44:27.807666Z,2941,122.3,0,OK,OK,OK
2026-08-30T00:44:33.170120Z,2943,122.4,0,OK,OK,OK
2026-08-30T00:44:38.530698Z,2943,122.4,0,OK,OK,OK
2026-08-30T00:44:43.912452Z,2944,122.4,0,OK,OK,OK
2026-08-30T00:44:49.302172Z,2942,122.4,0,OK,OK,OK
2026-08-30T00:44:54.673874Z,2939,122.4,0,OK,OK,OK
2026-08-30T00:45:00.060501Z,2942,122.4,0,OK,OK,OK
2026-08-30T00:45:05.447128Z,2941,122.4,0,OK,OK,OK
2026-08-30T00:45:10.845063Z,2941,122.3,0,OK,OK,OK
2026-08-30T00:45:16.252350Z,2939,122.4,0,OK,OK,OK
2026-08-30T00:45:21.653661Z,2943,122.4,0,OK,OK,OK
2026-08-30T00:45:27.025322Z,2944,122.3,0,OK,OK,OK
2026-08-30T00:45:32.422651Z,2942,122.4,0,OK,OK,OK
2026-08-30T00:45:37.784825Z,2942,122.4,0,OK,OK,OK
2026-08-30T00:45:43.172662Z,2944,122.4,0,OK,OK,OK
2026-08-30T00:45:48.559663Z,2942,122.4,0,OK,OK,OK
2026-08-30T00:45:53.964691Z,2941,122.3,0,OK,OK,OK
2026-08-30T00:45:59.335509Z,2941,122.3,0,OK,OK,OK
2026-08-30T00:46:04.730788Z,2940,122.3,0,OK,OK,OK
2026-08-30T00:46:10.133328Z,2936,122.3,0,OK,OK,OK
2026-08-30T00:46:15.505756Z,2943,122.3,0,OK,OK,OK
2026-08-30T00:46:20.908263Z,2938,122.3,0,OK,OK,OK
2026-08-30T00:46:26.291440Z,2942,122.3,0,OK,OK,OK
2026-08-30T00:46:31.678576Z,2946,122.3,0,OK,OK,OK
2026-08-30T00:46:37.061805Z,2944,122.3,0,OK,OK,OK
2026-08-30T00:46:42.439689Z,2942,122.3,0,OK,OK,OK
2026-08-30T00:46:47.839124Z,2947,122.3,0,OK,OK,OK
2026-08-30T00:46:53.233663Z,2943,122.3,0,OK,OK,OK
2026-08-30T00:46:58.611010Z,2943,122.3,0,OK,OK,OK
2026-08-30T00:47:03.989509Z,2943,122.3,0,OK,OK,OK
2026-08-30T00:47:09.354030Z,2940,122.3,0,OK,OK,OK
2026-08-30T00:47:14.737728Z,2944,122.3,0,OK,OK,OK
2026-08-30T00:47:20.126933Z,2942,122.3,0,OK,OK,OK
2026-08-30T00:47:25.526839Z,2943,122.3,0,OK,OK,OK
2026-08-30T00:47:30.906611Z,2945,122.3,0,OK,OK,OK
2026-08-30T00:47:36.289191Z,2942,122.3,0,OK,OK,OK
2026-08-30T00:47:41.666262Z,2944,122.3,0,OK,OK,OK
2026-08-30T00:47:47.057083Z,2945,122.3,0,OK,OK,OK
2026-08-30T00:47:52.443594Z,2942,122.3,0,OK,OK,OK
2026-08-30T00:47:57.828390Z,2940,122.3,0,OK,OK,OK
2026-08-30T00:48:03.232818Z,2940,122.3,0,OK,OK,OK
2026-08-30T00:48:08.598294Z,2944,122.3,0,OK,OK,OK
2026-08-30T00:48:13.989663Z,2949,122.3,0,OK,OK,OK
2026-08-30T00:48:19.392173Z,2940,122.3,0,OK,OK,OK
2026-08-30T00:48:24.752502Z,2938,122.3,0,OK,OK,OK
2026-08-30T00:48:30.146259Z,2941,122.3,0,OK,OK,OK
2026-08-30T00:48:35.539116Z,2941,122.3,0,OK,OK,OK
2026-08-30T00:48:40.927137Z,2944,122.3,0,OK,OK,OK
2026-08-30T00:48:46.288441Z,2946,122.3,0,OK,OK,OK
2026-08-30T00:48:51.663526Z,2943,122.3,0,OK,OK,OK
2026-08-30T00:48:57.049945Z,2940,122.3,0,OK,OK,OK
2026-08-30T00:49:02.420634Z,2941,122.4,0,OK,OK,OK
2026-08-30T00:49:07.807047Z,2942,122.3,0,OK,OK,OK
2026-08-30T00:49:13.221144Z,2944,122.4,0,OK,OK,OK
2026-08-30T00:49:18.601555Z,2944,122.4,0,OK,OK,OK
2026-08-30T00:49:23.962824Z,2944,122.4,0,OK,OK,OK
2026-08-30T00:49:29.352958Z,2944,122.4,0,OK,OK,OK
2026-08-30T00:49:34.739635Z,2943,122.4,0,OK,OK,OK
2026-08-30T00:49:40.123192Z,2946,122.4,0,OK,OK,OK
2026-08-30T00:49:45.501568Z,2944,122.3,0,OK,OK,OK
2026-08-30T00:49:50.884046Z,2941,122.3,0,OK,OK,OK
2026-08-30T00:49:56.260582Z,2947,122.4,0,OK,OK,OK
2026-08-30T00:50:01.627915Z,2944,122.3,0,OK,OK,OK
2026-08-30T00:50:07.002475Z,2946,122.3,0,OK,OK,OK
2026-08-30T00:50:12.404721Z,2945,122.3,0,OK,OK,OK
2026-08-30T00:50:17.801296Z,2943,122.3,0,OK,OK,OK
2026-08-30T00:50:23.171948Z,2944,122.4,0,OK,OK,OK
2026-08-30T00:50:28.550162Z,2946,122.4,0,OK,OK,OK
2026-08-30T00:50:33.938819Z,2951,122.3,0,OK,OK,OK
2026-08-30T00:50:39.304160Z,2944,122.4,0,OK,OK,OK
2026-08-30T00:50:44.713623Z,2944,122.4,0,OK,OK,OK
2026-08-30T00:50:50.089405Z,2945,122.3,0,OK,OK,OK
2026-08-30T00:50:55.471447Z,2948,122.4,0,OK,OK,OK
2026-08-30T00:51:00.867898Z,2941,122.3,0,OK,OK,OK
2026-08-30T00:51:06.254385Z,2943,122.3,0,OK,OK,OK
2026-08-30T00:51:11.624841Z,2939,122.3,0,OK,OK,OK
2026-08-30T00:51:16.995302Z,2945,122.3,0,OK,OK,OK
2026-08-30T00:51:22.377599Z,2941,122.3,0,OK,OK,OK
2026-08-30T00:51:27.759485Z,2938,122.3,0,OK,OK,OK
2026-08-30T00:51:33.157423Z,2942,122.3,0,OK,OK,OK
2026-08-30T00:51:38.538367Z,2946,122.3,0,OK,OK,OK
2026-08-30T00:51:43.926158Z,2940,122.3,0,OK,OK,OK
2026-08-30T00:51:49.303998Z,2938,122.3,0,OK,OK,OK
2026-08-30T00:51:54.669863Z,2942,122.3,0,OK,OK,OK
2026-08-30T00:52:00.048992Z,2940,122.3,0,OK,OK,OK
2026-08-30T00:52:05.426369Z,2943,122.3,0,OK,OK,OK
2026-08-30T00:52:10.794530Z,2936,122.3,0,OK,OK,OK
2026-08-30T00:52:16.190602Z,2942,122.4,0,OK,OK,OK
2026-08-30T00:52:21.569798Z,2942,122.3,0,OK,OK,OK
2026-08-30T00:52:26.954417Z,2942,122.3,0,OK,OK,OK
2026-08-30T00:52:32.320305Z,2939,122.3,0,OK,OK,OK
2026-08-30T00:52:37.711023Z,2941,122.3,0,OK,OK,OK
2026-08-30T00:52:43.090502Z,2944,122.4,0,OK,OK,OK
2026-08-30T00:52:48.452774Z,2939,122.4,0,OK,OK,OK
2026-08-30T00:52:53.842221Z,2945,122.4,0,OK,OK,OK
2026-08-30T00:52:59.223108Z,2937,122.4,0,OK,OK,OK
2026-08-30T00:53:04.611154Z,2946,122.4,0,OK,OK,OK
2026-08-30T00:53:09.976191Z,2939,122.4,0,OK,OK,OK
2026-08-30T00:53:15.381533Z,2939,122.3,0,OK,OK,OK
2026-08-30T00:53:20.801353Z,2943,122.4,0,OK,OK,OK
2026-08-30T00:53:26.204573Z,2942,122.4,0,OK,OK,OK
2026-08-30T00:53:31.599933Z,2938,122.4,0,OK,OK,OK
2026-08-30T00:53:36.982722Z,2939,122.4,0,OK,OK,OK
2026-08-30T00:53:42.388621Z,2939,122.4,0,OK,OK,OK
2026-08-30T00:53:47.760631Z,2941,122.4,0,OK,OK,OK
2026-08-30T00:53:53.149633Z,2943,122.4,0,OK,OK,OK
2026-08-30T00:53:58.530080Z,2941,122.4,0,OK,OK,OK
2026-08-30T00:54:03.909342Z,2945,122.5,0,OK,OK,OK
2026-08-30T00:54:09.284009Z,2942,122.5,0,OK,OK,OK
2026-08-30T00:54:14.664331Z,2947,122.6,0,OK,OK,OK
2026-08-30T00:54:20.073095Z,2945,122.5,0,OK,OK,OK
2026-08-30T00:54:25.443550Z,2941,122.4,0,OK,OK,OK
2026-08-30T00:54:30.822021Z,2938,122.4,0,OK,OK,OK
2026-08-30T00:54:36.191614Z,2944,122.6,0,OK,OK,OK
2026-08-30T00:54:41.569331Z,2941,122.5,0,OK,OK,OK
2026-08-30T00:54:46.942443Z,2946,122.6,0,OK,OK,OK
2026-08-30T00:54:52.319946Z,2937,122.6,0,OK,OK,OK
2026-08-30T00:54:57.686282Z,2944,122.6,0,OK,OK,OK
2026-08-30T00:55:03.053253Z,2944,122.6,0,OK,OK,OK
2026-08-30T00:55:08.455804Z,2938,122.5,0,OK,OK,OK
2026-08-30T00:55:14.146544Z,2944,122.6,0,OK,OK,OK
2026-08-30T00:55:19.552960Z,2940,122.5,0,OK,OK,OK
2026-08-30T00:55:24.935213Z,2943,122.5,0,OK,OK,OK
2026-08-30T00:55:30.321748Z,2943,122.5,0,OK,OK,OK
2026-08-30T00:55:35.708344Z,2942,122.5,0,OK,OK,OK
2026-08-30T00:55:41.092743Z,2941,122.6,0,OK,OK,OK
2026-08-30T00:55:46.476752Z,2944,122.6,0,OK,OK,OK
2026-08-30T00:55:51.858336Z,2943,122.6,0,OK,OK,OK
2026-08-30T00:55:57.268603Z,2947,122.6,0,OK,OK,OK
2026-08-30T00:56:02.640516Z,2942,122.6,0,OK,OK,OK
2026-08-30T00:56:08.016413Z,2942,122.5,0,OK,OK,OK
2026-08-30T00:56:13.407151Z,2946,122.6,0,OK,OK,OK
2026-08-30T00:56:18.775081Z,2953,122.6,0,OK,OK,OK
2026-08-30T00:56:24.170745Z,2943,122.6,0,OK,OK,OK
2026-08-30T00:56:29.564703Z,2944,122.6,0,OK,OK,OK
2026-08-30T00:56:34.948162Z,2946,122.6,0,OK,OK,OK
2026-08-30T00:56:40.324819Z,2947,122.6,0,OK,OK,OK
2026-08-30T00:56:45.714518Z,2942,122.6,0,OK,OK,OK
2026-08-30T00:56:51.093681Z,2942,122.6,0,OK,OK,OK
2026-08-30T00:56:56.464478Z,2943,122.6,0,OK,OK,OK
2026-08-30T00:57:01.849655Z,2941,122.6,0,OK,OK,OK
2026-08-30T00:57:07.236232Z,2941,122.6,0,OK,OK,OK
2026-08-30T00:57:12.646116Z,2943,122.6,0,OK,OK,OK
2026-08-30T00:57:18.009368Z,2946,122.6,0,OK,OK,OK
2026-08-30T00:57:23.395761Z,2946,122.6,0,OK,OK,OK
2026-08-30T00:57:28.794351Z,2941,122.6,0,OK,OK,OK
2026-08-30T00:57:34.168172Z,2941,122.6,0,OK,OK,OK
2026-08-30T00:57:39.547116Z,2947,122.6,0,OK,OK,OK
2026-08-30T00:57:44.929145Z,2943,122.4,0,OK,OK,OK
2026-08-30T00:57:50.305010Z,2946,122.4,0,OK,OK,OK
2026-08-30T00:57:55.689695Z,2941,122.5,0,OK,OK,OK
2026-08-30T00:58:01.069473Z,2946,122.4,0,OK,OK,OK
2026-08-30T00:58:06.456060Z,2943,122.5,0,OK,OK,OK
2026-08-30T00:58:11.817848Z,2944,122.5,0,OK,OK,OK
2026-08-30T00:58:17.197163Z,2942,122.4,0,OK,OK,OK
2026-08-30T00:58:22.571052Z,2946,122.4,0,OK,OK,OK
2026-08-30T00:58:27.976643Z,2942,122.4,0,OK,OK,OK
2026-08-30T00:58:33.337993Z,2941,122.4,0,OK,OK,OK
2026-08-30T00:58:38.729319Z,2944,122.4,0,OK,OK,OK
2026-08-30T00:58:44.115803Z,2946,122.4,0,OK,OK,OK
2026-08-30T00:58:49.478114Z,2943,122.5,0,OK,OK,OK
2026-08-30T00:58:54.887128Z,2946,122.4,0,OK,OK,OK
2026-08-30T00:59:00.273617Z,2946,122.4,0,OK,OK,OK
2026-08-30T00:59:05.676038Z,2946,122.4,0,OK,OK,OK
2026-08-30T00:59:11.044072Z,2944,122.4,0,OK,OK,OK
2026-08-30T00:59:16.430182Z,2943,122.4,0,OK,OK,OK
2026-08-30T00:59:21.818185Z,2946,122.4,0,OK,OK,OK
2026-08-30T00:59:27.199685Z,2944,122.6,0,OK,OK,OK
2026-08-30T00:59:32.576822Z,2943,122.6,0,OK,OK,OK
2026-08-30T00:59:37.968907Z,2945,122.6,0,OK,OK,OK
2026-08-30T00:59:43.340650Z,2945,122.6,0,OK,OK,OK
2026-08-30T00:59:48.715536Z,2944,122.6,0,OK,OK,OK
2026-08-30T00:59:54.109158Z,2946,122.6,0,OK,OK,OK
2026-08-30T00:59:59.492179Z,2942,122.6,0,OK,OK,OK
2026-08-30T01:00:04.849019Z,2947,122.6,0,OK,OK,OK
2026-08-30T01:00:10.234762Z,2945,122.6,0,OK,OK,OK
2026-08-30T01:00:15.627125Z,2945,122.6,0,OK,OK,OK
2026-08-30T01:00:21.023836Z,2947,122.6,0,OK,OK,OK
2026-08-30T01:00:26.399086Z,2943,122.6,0,OK,OK,OK
2026-08-30T01:00:31.796944Z,2943,122.6,0,OK,OK,OK
2026-08-30T01:00:37.172214Z,2946,122.6,0,OK,OK,OK
2026-08-30T01:00:42.579827Z,2946,122.6,0,OK,OK,OK
2026-08-30T01:00:47.944014Z,2949,122.6,0,OK,OK,OK
2026-08-30T01:00:53.326354Z,2946,122.6,0,OK,OK,OK
2026-08-30T01:00:58.708505Z,2946,122.6,0,OK,OK,OK
2026-08-30T01:01:04.068215Z,2946,122.5,0,OK,OK,OK
2026-08-30T01:01:09.454760Z,2941,122.5,0,OK,OK,OK
2026-08-30T01:01:14.831842Z,2940,122.5,0,OK,OK,OK
2026-08-30T01:01:20.211956Z,2949,122.5,0,OK,OK,OK
2026-08-30T01:01:25.586370Z,2941,122.5,0,OK,OK,OK
2026-08-30T01:01:30.964251Z,2939,122.5,0,OK,OK,OK
2026-08-30T01:01:36.346707Z,2942,122.4,0,OK,OK,OK
2026-08-30T01:01:41.722443Z,2937,122.4,0,OK,OK,OK
2026-08-30T01:01:47.094372Z,2938,122.4,0,OK,OK,OK
2026-08-30T01:01:52.466995Z,2937,122.5,0,OK,OK,OK
2026-08-30T01:01:57.843577Z,2938,122.4,0,OK,OK,OK
2026-08-30T01:02:03.216324Z,2943,122.5,0,OK,OK,OK
2026-08-30T01:02:08.611377Z,2938,122.5,0,OK,OK,OK
2026-08-30T01:02:14.011437Z,2939,122.4,0,OK,OK,OK
2026-08-30T01:02:19.388229Z,2941,122.5,0,OK,OK,OK
2026-08-30T01:02:24.767299Z,2944,122.5,0,OK,OK,OK
2026-08-30T01:02:30.164602Z,2943,122.5,0,OK,OK,OK
2026-08-30T01:02:35.562777Z,2941,122.5,0,OK,OK,OK
2026-08-30T01:02:40.932022Z,2941,122.5,0,OK,OK,OK
2026-08-30T01:02:46.301067Z,2942,122.5,0,OK,OK,OK
2026-08-30T01:02:51.670834Z,2941,122.5,0,OK,OK,OK
2026-08-30T01:02:57.030720Z,2943,122.5,0,OK,OK,OK
2026-08-30T01:03:02.404456Z,2945,122.4,0,OK,OK,OK
2026-08-30T01:03:07.773230Z,2864,122.4,0,OK,OK,OK
2026-08-30T01:03:13.188730Z,2861,122.4,0,OK,OK,OK
2026-08-30T01:03:18.569481Z,2859,122.4,0,OK,OK,OK
2026-08-30T01:03:23.951601Z,2864,122.4,0,OK,OK,OK
2026-08-30T01:03:29.341479Z,2868,122.5,0,OK,OK,OK
2026-08-30T01:03:34.715263Z,2860,122.5,0,OK,OK,OK
2026-08-30T01:03:40.087993Z,2862,122.5,0,OK,OK,OK
2026-08-30T01:03:45.473048Z,2865,122.5,0,OK,OK,OK
2026-08-30T01:03:50.867190Z,2864,122.6,0,OK,OK,OK
2026-08-30T01:03:56.245411Z,2866,122.6,0,OK,OK,OK
2026-08-30T01:04:01.648309Z,2870,122.6,0,OK,OK,OK
2026-08-30T01:04:07.028005Z,2865,122.6,0,OK,OK,OK
2026-08-30T01:04:12.407371Z,2870,122.7,0,OK,OK,OK
2026-08-30T01:04:17.795291Z,2867,122.8,0,OK,OK,OK
2026-08-30T01:04:23.175876Z,2840,122.9,0,OK,OK,OK
2026-08-30T01:04:28.576480Z,2852,122.6,0,OK,OK,OK
2026-08-30T01:04:33.951261Z,2851,122.6,0,OK,OK,OK
2026-08-30T01:04:39.322439Z,2850,122.6,0,OK,OK,OK
2026-08-30T01:04:44.703501Z,2855,122.7,0,OK,OK,OK
2026-08-30T01:04:50.078908Z,2850,122.6,0,OK,OK,OK
2026-08-30T01:04:55.450733Z,2851,122.6,0,OK,OK,OK
2026-08-30T01:05:00.827412Z,2851,122.6,0,OK,OK,OK
2026-08-30T01:05:06.202256Z,2850,122.7,0,OK,OK,OK
2026-08-30T01:05:11.582841Z,2853,122.7,0,OK,OK,OK
2026-08-30T01:05:16.947618Z,2855,122.7,0,OK,OK,OK
2026-08-30T01:05:22.334098Z,2851,122.6,0,OK,OK,OK
2026-08-30T01:05:27.704671Z,2847,122.6,0,OK,OK,OK
2026-08-30T01:05:33.091296Z,2855,122.6,0,OK,OK,OK
2026-08-30T01:05:38.461746Z,2852,122.6,0,OK,OK,OK
2026-08-30T01:05:43.853638Z,2853,122.7,0,OK,OK,OK
2026-08-30T01:05:49.222114Z,2849,122.6,0,OK,OK,OK
2026-08-30T01:05:54.604980Z,2854,122.6,0,OK,OK,OK
2026-08-30T01:06:00.005718Z,2849,122.6,0,OK,OK,OK
2026-08-30T01:06:05.391280Z,2852,122.6,0,OK,OK,OK
2026-08-30T01:06:10.796981Z,2850,122.6,0,OK,OK,OK
2026-08-30T01:06:16.199432Z,2861,122.7,0,OK,OK,OK
2026-08-30T01:06:21.581021Z,2851,122.7,0,OK,OK,OK
2026-08-30T01:06:26.956618Z,2854,122.7,0,OK,OK,OK
2026-08-30T01:06:32.352311Z,2850,122.7,0,OK,OK,OK
2026-08-30T01:06:37.727682Z,2854,122.7,0,OK,OK,OK
2026-08-30T01:06:43.092172Z,2852,122.8,0,OK,OK,OK
2026-08-30T01:06:48.470709Z,2851,122.7,0,OK,OK,OK
2026-08-30T01:06:53.857277Z,2855,122.8,0,OK,OK,OK
2026-08-30T01:06:59.238147Z,2858,122.8,0,OK,OK,OK
2026-08-30T01:07:04.614330Z,2852,122.7,0,OK,OK,OK
2026-08-30T01:07:10.000832Z,2854,122.8,0,OK,OK,OK
2026-08-30T01:07:15.380867Z,2852,122.7,0,OK,OK,OK
2026-08-30T01:07:20.750801Z,2852,122.7,0,OK,OK,OK
2026-08-30T01:07:26.136311Z,2856,122.7,0,OK,OK,OK
2026-08-30T01:07:31.512240Z,2854,122.8,0,OK,OK,OK
2026-08-30T01:07:36.885587Z,2854,122.7,0,OK,OK,OK
2026-08-30T01:07:42.263587Z,2857,122.7,0,OK,OK,OK
2026-08-30T01:07:47.640005Z,2856,122.8,0,OK,OK,OK
2026-08-30T01:07:53.011879Z,2852,122.8,0,OK,OK,OK
2026-08-30T01:07:58.378071Z,2852,122.8,0,OK,OK,OK
2026-08-30T01:08:03.765925Z,2851,122.8,0,OK,OK,OK
2026-08-30T01:08:09.153084Z,2854,122.8,0,OK,OK,OK
2026-08-30T01:08:14.554253Z,2854,122.7,0,OK,OK,OK
2026-08-30T01:08:19.931735Z,2852,122.8,0,OK,OK,OK
2026-08-30T01:08:25.311411Z,2854,122.8,0,OK,OK,OK
2026-08-30T01:08:30.686964Z,2853,122.8,0,OK,OK,OK
2026-08-30T01:08:36.069208Z,2852,122.8,0,OK,OK,OK
2026-08-30T01:08:41.443895Z,2854,122.8,0,OK,OK,OK
2026-08-30T01:08:46.820116Z,2854,122.8,0,OK,OK,OK
2026-08-30T01:08:52.200983Z,2854,122.8,0,OK,OK,OK
2026-08-30T01:08:57.571488Z,2853,122.8,0,OK,OK,OK
2026-08-30T01:09:02.955179Z,2854,122.8,0,OK,OK,OK
2026-08-30T01:09:08.353823Z,2856,122.8,0,OK,OK,OK
2026-08-30T01:09:13.737321Z,2854,122.7,0,OK,OK,OK
2026-08-30T01:09:19.117531Z,2852,122.7,0,OK,OK,OK
2026-08-30T01:09:24.510515Z,2854,122.8,0,OK,OK,OK
2026-08-30T01:09:29.887337Z,2856,122.8,0,OK,OK,OK
2026-08-30T01:09:35.251632Z,2856,122.7,0,OK,OK,OK
2026-08-30T01:09:40.631628Z,2856,122.7,0,OK,OK,OK
2026-08-30T01:09:46.034060Z,2854,122.8,0,OK,OK,OK
2026-08-30T01:09:51.404499Z,2855,122.7,0,OK,OK,OK
2026-08-30T01:09:56.789329Z,2848,122.7,0,OK,OK,OK
2026-08-30T01:10:02.166447Z,2861,123.0,0,OK,OK,OK
2026-08-30T01:10:07.559934Z,2862,122.9,0,OK,OK,OK
2026-08-30T01:10:12.952512Z,2859,122.9,0,OK,OK,OK
2026-08-30T01:10:18.327093Z,2857,122.9,0,OK,OK,OK
2026-08-30T01:10:23.738309Z,2861,122.9,0,OK,OK,OK
2026-08-30T01:10:29.103015Z,2861,123.0,0,OK,OK,OK
2026-08-30T01:10:34.481099Z,2864,123.0,0,OK,OK,OK
2026-08-30T01:10:39.863698Z,2865,123.0,0,OK,OK,OK
2026-08-30T01:10:45.254234Z,2863,123.0,0,OK,OK,OK
2026-08-30T01:10:50.638422Z,2860,123.0,0,OK,OK,OK
2026-08-30T01:10:56.011091Z,2859,123.0,0,OK,OK,OK
2026-08-30T01:11:01.402958Z,2862,123.0,0,OK,OK,OK
2026-08-30T01:11:06.787875Z,2861,122.9,0,OK,OK,OK
2026-08-30T01:11:12.172810Z,2861,123.0,0,OK,OK,OK
2026-08-30T01:11:17.567398Z,2871,123.1,0,OK,OK,OK
2026-08-30T01:11:22.968494Z,2863,123.0,0,OK,OK,OK
2026-08-30T01:11:28.330094Z,2862,123.0,0,OK,OK,OK
2026-08-30T01:11:33.700649Z,2870,122.8,0,OK,OK,OK
2026-08-30T01:11:39.095397Z,2872,122.8,0,OK,OK,OK
2026-08-30T01:11:44.473936Z,2871,122.8,0,OK,OK,OK
2026-08-30T01:11:49.885311Z,2868,122.8,0,OK,OK,OK
2026-08-30T01:11:55.278205Z,2873,122.8,0,OK,OK,OK
2026-08-30T01:12:00.656499Z,2870,122.8,0,OK,OK,OK
2026-08-30T01:12:06.036028Z,2873,122.8,0,OK,OK,OK
2026-08-30T01:12:11.422553Z,2870,122.8,0,OK,OK,OK
2026-08-30T01:12:16.817994Z,2872,122.8,0,OK,OK,OK
2026-08-30T01:12:22.190021Z,2871,122.9,0,OK,OK,OK
2026-08-30T01:12:27.562743Z,2870,122.8,0,OK,OK,OK
2026-08-30T01:12:32.937989Z,2874,122.8,0,OK,OK,OK
2026-08-30T01:12:38.323361Z,2880,122.9,0,OK,OK,OK
2026-08-30T01:12:43.694022Z,2872,122.8,0,OK,OK,OK
2026-08-30T01:12:49.086013Z,2871,122.8,0,OK,OK,OK
2026-08-30T01:12:54.475103Z,2873,122.8,0,OK,OK,OK
2026-08-30T01:12:59.844993Z,2870,122.8,0,OK,OK,OK
2026-08-30T01:13:05.208457Z,2876,122.8,0,OK,OK,OK
2026-08-30T01:13:10.603390Z,2866,122.8,0,OK,OK,OK
2026-08-30T01:13:15.979810Z,2872,122.8,0,OK,OK,OK
2026-08-30T01:13:21.352366Z,2870,122.8,0,OK,OK,OK
2026-08-30T01:13:26.722543Z,2870,122.8,0,OK,OK,OK
2026-08-30T01:13:32.106667Z,2872,122.8,0,OK,OK,OK
2026-08-30T01:13:37.480283Z,2871,122.8,0,OK,OK,OK
2026-08-30T01:13:42.850218Z,2869,122.8,0,OK,OK,OK
2026-08-30T01:13:48.249742Z,2875,122.8,0,OK,OK,OK
2026-08-30T01:13:53.620336Z,2871,122.8,0,OK,OK,OK
2026-08-30T01:13:58.985515Z,2869,122.8,0,OK,OK,OK
2026-08-30T01:14:04.385345Z,2869,122.8,0,OK,OK,OK
2026-08-30T01:14:09.785010Z,2867,122.8,0,OK,OK,OK
2026-08-30T01:14:15.174438Z,2872,122.8,0,OK,OK,OK
2026-08-30T01:14:20.564126Z,2870,122.8,0,OK,OK,OK
2026-08-30T01:14:25.950903Z,2870,122.8,0,OK,OK,OK
2026-08-30T01:14:31.312983Z,2867,122.8,0,OK,OK,OK
2026-08-30T01:14:36.684144Z,2872,122.8,0,OK,OK,OK
2026-08-30T01:14:42.076721Z,2869,122.8,0,OK,OK,OK
2026-08-30T01:14:47.456505Z,2872,122.8,0,OK,OK,OK
2026-08-30T01:14:52.843029Z,2868,122.8,0,OK,OK,OK
2026-08-30T01:14:58.224558Z,2869,122.8,0,OK,OK,OK
2026-08-30T01:15:03.596851Z,2869,122.8,0,OK,OK,OK
2026-08-30T01:15:08.995751Z,2869,122.8,0,OK,OK,OK
2026-08-30T01:15:14.390843Z,2870,122.8,0,OK,OK,OK
2026-08-30T01:15:19.776403Z,2869,122.8,0,OK,OK,OK
2026-08-30T01:15:25.157391Z,2870,122.8,0,OK,OK,OK
2026-08-30T01:15:30.566226Z,2872,122.8,0,OK,OK,OK
2026-08-30T01:15:35.925077Z,2870,122.8,0,OK,OK,OK
2026-08-30T01:15:41.297392Z,2869,122.8,0,OK,OK,OK
2026-08-30T01:15:46.688202Z,2869,122.8,0,OK,OK,OK
2026-08-30T01:15:52.055807Z,2869,122.8,0,OK,OK,OK
2026-08-30T01:15:57.433151Z,2867,122.8,0,OK,OK,OK
2026-08-30T01:16:02.810918Z,2870,122.8,0,OK,OK,OK
2026-08-30T01:16:08.177666Z,2869,122.8,0,OK,OK,OK
2026-08-30T01:16:13.563572Z,2871,122.9,0,OK,OK,OK
2026-08-30T01:16:18.982670Z,2880,122.8,0,OK,OK,OK
2026-08-30T01:16:24.363565Z,2868,122.8,0,OK,OK,OK
2026-08-30T01:16:29.745942Z,2873,122.8,0,OK,OK,OK
2026-08-30T01:16:35.133632Z,2869,122.9,0,OK,OK,OK
2026-08-30T01:16:40.534660Z,2871,122.8,0,OK,OK,OK
2026-08-30T01:16:45.922187Z,2872,122.9,0,OK,OK,OK
2026-08-30T01:16:51.311037Z,2873,122.9,0,OK,OK,OK
2026-08-30T01:16:56.689079Z,2870,122.8,0,OK,OK,OK
2026-08-30T01:17:02.106023Z,2870,122.8,0,OK,OK,OK
2026-08-30T01:17:07.468223Z,2873,122.8,0,OK,OK,OK
2026-08-30T01:17:12.900256Z,2873,122.9,0,OK,OK,OK
2026-08-30T01:17:18.282795Z,2870,122.9,0,OK,OK,OK
2026-08-30T01:17:23.658308Z,2873,122.9,0,OK,OK,OK
2026-08-30T01:17:29.023984Z,2870,122.9,0,OK,OK,OK
2026-08-30T01:17:34.394434Z,2869,122.9,0,OK,OK,OK
2026-08-30T01:17:39.778730Z,2874,122.9,0,OK,OK,OK
2026-08-30T01:17:45.157243Z,2872,122.9,0,OK,OK,OK
2026-08-30T01:17:50.525315Z,2876,123.0,0,OK,OK,OK
2026-08-30T01:17:55.912405Z,2875,123.0,0,OK,OK,OK
2026-08-30T01:18:01.285277Z,2872,122.9,0,OK,OK,OK
2026-08-30T01:18:06.666375Z,2872,122.9,0,OK,OK,OK
2026-08-30T01:18:12.052234Z,2877,122.9,0,OK,OK,OK
2026-08-30T01:18:17.426403Z,2875,122.9,0,OK,OK,OK
2026-08-30T01:18:22.786842Z,2874,122.9,0,OK,OK,OK
2026-08-30T01:18:28.167775Z,2872,122.9,0,OK,OK,OK
2026-08-30T01:18:33.542272Z,2876,123.0,0,OK,OK,OK
2026-08-30T01:18:38.930867Z,2877,122.9,0,OK,OK,OK
2026-08-30T01:18:44.291448Z,2877,123.0,0,OK,OK,OK
2026-08-30T01:18:49.677384Z,2875,122.9,0,OK,OK,OK
2026-08-30T01:18:55.075601Z,2879,123.0,0,OK,OK,OK
2026-08-30T01:19:00.434729Z,2875,123.0,0,OK,OK,OK
2026-08-30T01:19:05.812826Z,2875,122.9,0,OK,OK,OK
2026-08-30T01:19:11.192136Z,2874,123.0,0,OK,OK,OK
2026-08-30T01:19:16.594717Z,2873,122.9,0,OK,OK,OK
2026-08-30T01:19:21.958707Z,2874,122.9,0,OK,OK,OK
2026-08-30T01:19:27.343643Z,2876,122.9,0,OK,OK,OK
2026-08-30T01:19:32.707002Z,2872,122.9,0,OK,OK,OK
2026-08-30T01:19:38.076276Z,2876,122.9,0,OK,OK,OK
2026-08-30T01:19:43.448363Z,2873,122.9,0,OK,OK,OK
2026-08-30T01:19:48.828636Z,2872,122.9,0,OK,OK,OK
2026-08-30T01:19:54.200943Z,2877,122.9,0,OK,OK,OK
2026-08-30T01:19:59.596589Z,2873,122.9,0,OK,OK,OK
2026-08-30T01:20:04.973532Z,2873,122.9,0,OK,OK,OK
2026-08-30T01:20:10.360200Z,2878,122.9,0,OK,OK,OK
2026-08-30T01:20:15.730918Z,2873,122.9,0,OK,OK,OK
2026-08-30T01:20:21.106676Z,2871,122.9,0,OK,OK,OK
2026-08-30T01:20:26.491871Z,2877,122.9,0,OK,OK,OK
2026-08-30T01:20:31.891143Z,2873,122.9,0,OK,OK,OK
2026-08-30T01:20:37.264943Z,2959,122.9,0,OK,OK,OK
2026-08-30T01:20:42.651299Z,2972,122.9,0,OK,OK,OK
2026-08-30T01:20:48.023976Z,2976,122.9,0,OK,OK,OK
2026-08-30T01:20:53.378533Z,2985,122.9,0,OK,OK,OK
2026-08-30T01:20:58.758842Z,2985,122.9,0,OK,OK,OK
2026-08-30T01:21:04.129630Z,2988,122.9,0,OK,OK,OK
2026-08-30T01:21:09.529106Z,2987,122.9,0,OK,OK,OK
2026-08-30T01:21:14.917868Z,2980,122.9,0,OK,OK,OK
2026-08-30T01:21:20.309232Z,2984,122.9,0,OK,OK,OK
2026-08-30T01:21:25.702246Z,2974,122.9,0,OK,OK,OK
2026-08-30T01:21:31.066400Z,2977,122.9,0,OK,OK,OK
2026-08-30T01:21:36.452981Z,2975,122.9,0,OK,OK,OK
2026-08-30T01:21:41.840404Z,2974,122.9,0,OK,OK,OK
2026-08-30T01:21:47.217889Z,2970,122.9,0,OK,OK,OK
2026-08-30T01:21:52.597335Z,2973,122.9,0,OK,OK,OK
2026-08-30T01:21:57.966601Z,2967,122.9,0,OK,OK,OK
2026-08-30T01:22:03.337916Z,2964,122.9,0,OK,OK,OK
2026-08-30T01:22:08.724390Z,2965,122.9,0,OK,OK,OK
2026-08-30T01:22:14.121165Z,2963,122.9,0,OK,OK,OK
2026-08-30T01:22:19.510611Z,2966,122.9,0,OK,OK,OK
2026-08-30T01:22:24.899936Z,2963,122.9,0,OK,OK,OK
2026-08-30T01:22:30.272369Z,2962,122.9,0,OK,OK,OK
2026-08-30T01:22:35.650361Z,2961,122.9,0,OK,OK,OK
2026-08-30T01:22:41.036947Z,2954,122.8,0,OK,OK,OK
2026-08-30T01:22:46.403014Z,2953,122.9,0,OK,OK,OK
2026-08-30T01:22:51.780853Z,2953,122.9,0,OK,OK,OK
2026-08-30T01:22:57.162219Z,2952,122.9,0,OK,OK,OK
2026-08-30T01:23:02.571253Z,2954,122.8,0,OK,OK,OK
2026-08-30T01:23:07.937432Z,2954,122.8,0,OK,OK,OK
2026-08-30T01:23:13.351591Z,2955,122.8,0,OK,OK,OK
2026-08-30T01:23:18.742276Z,2950,122.8,0,OK,OK,OK
2026-08-30T01:23:24.135860Z,2952,122.8,0,OK,OK,OK
2026-08-30T01:23:29.500704Z,2955,122.8,0,OK,OK,OK
2026-08-30T01:23:34.873315Z,2953,122.8,0,OK,OK,OK
2026-08-30T01:23:40.311589Z,2949,122.8,0,OK,OK,OK
2026-08-30T01:23:45.682362Z,2951,122.8,0,OK,OK,OK
2026-08-30T01:23:51.080829Z,2948,122.7,0,OK,OK,OK
2026-08-30T01:23:56.455367Z,2946,122.7,0,OK,OK,OK
2026-08-30T01:24:01.839389Z,2952,122.7,0,OK,OK,OK
2026-08-30T01:24:07.206109Z,2948,122.6,0,OK,OK,OK
2026-08-30T01:24:12.580938Z,2946,122.7,0,OK,OK,OK
2026-08-30T01:24:17.953508Z,2948,122.7,0,OK,OK,OK
2026-08-30T01:24:23.339953Z,2951,122.7,0,OK,OK,OK
2026-08-30T01:24:28.726601Z,2949,122.8,0,OK,OK,OK
2026-08-30T01:24:34.129103Z,2948,122.8,0,OK,OK,OK
2026-08-30T01:24:39.515718Z,2951,122.7,0,OK,OK,OK
2026-08-30T01:24:44.897020Z,2945,122.8,0,OK,OK,OK
2026-08-30T01:24:50.272025Z,2945,122.8,0,OK,OK,OK
2026-08-30T01:24:55.653845Z,2947,122.7,0,OK,OK,OK
2026-08-30T01:25:01.027766Z,2951,122.7,0,OK,OK,OK
2026-08-30T01:25:06.422740Z,2947,122.6,0,OK,OK,OK
2026-08-30T01:25:11.826484Z,2946,122.6,0,OK,OK,OK
2026-08-30T01:25:17.227646Z,2946,122.6,0,OK,OK,OK
2026-08-30T01:25:22.593052Z,2947,122.6,0,OK,OK,OK
2026-08-30T01:25:27.988085Z,2951,122.6,0,OK,OK,OK
2026-08-30T01:25:33.365078Z,2948,122.6,0,OK,OK,OK
2026-08-30T01:25:38.740303Z,3075,122.6,0,OK,OK,OK
2026-08-30T01:25:44.121478Z,3071,122.6,0,OK,OK,OK
2026-08-30T01:25:49.524626Z,3070,122.7,0,OK,OK,OK
2026-08-30T01:25:54.898686Z,3070,122.7,0,OK,OK,OK
2026-08-30T01:26:00.264014Z,3072,122.7,0,OK,OK,OK
2026-08-30T01:26:05.640292Z,3069,122.7,0,OK,OK,OK
2026-08-30T01:26:11.020637Z,3070,122.8,0,OK,OK,OK
2026-08-30T01:26:16.387341Z,3087,122.7,0,OK,OK,OK
2026-08-30T01:26:21.770336Z,3070,122.7,0,OK,OK,OK
2026-08-30T01:26:27.169332Z,3083,122.7,0,OK,OK,OK
2026-08-30T01:26:32.560427Z,3070,122.6,0,OK,OK,OK
2026-08-30T01:26:37.928503Z,3069,122.6,0,OK,OK,OK
2026-08-30T01:26:43.328644Z,3072,122.7,0,OK,OK,OK
2026-08-30T01:26:48.707426Z,3072,122.8,0,OK,OK,OK
2026-08-30T01:26:54.061804Z,3073,122.8,0,OK,OK,OK
2026-08-30T01:26:59.453948Z,2972,122.8,0,OK,OK,OK
2026-08-30T01:27:04.840614Z,2962,122.8,0,OK,OK,OK
2026-08-30T01:27:10.243051Z,2963,122.7,0,OK,OK,OK
2026-08-30T01:27:15.633944Z,2960,122.7,0,OK,OK,OK
2026-08-30T01:27:21.011621Z,2961,122.7,0,OK,OK,OK
2026-08-30T01:27:26.414894Z,2963,122.6,0,OK,OK,OK
2026-08-30T01:27:31.781691Z,2960,122.6,0,OK,OK,OK
2026-08-30T01:27:37.159079Z,2954,122.6,0,OK,OK,OK
2026-08-30T01:27:42.561046Z,2954,122.6,0,OK,OK,OK
2026-08-30T01:27:47.957822Z,2961,122.6,0,OK,OK,OK
2026-08-30T01:27:53.328058Z,2958,122.6,0,OK,OK,OK
2026-08-30T01:27:58.706101Z,2963,122.7,0,OK,OK,OK
2026-08-30T01:28:04.110978Z,2957,122.6,0,OK,OK,OK
2026-08-30T01:28:09.484695Z,2958,122.6,0,OK,OK,OK
2026-08-30T01:28:14.881608Z,2954,122.4,0,OK,OK,OK
2026-08-30T01:28:20.263795Z,2951,122.3,0,OK,OK,OK
2026-08-30T01:28:25.666304Z,2957,122.3,0,OK,OK,OK
2026-08-30T01:28:31.041228Z,2956,122.4,0,OK,OK,OK
2026-08-30T01:28:36.427865Z,2953,122.4,0,OK,OK,OK
2026-08-30T01:28:41.814378Z,2955,122.4,0,OK,OK,OK
2026-08-30T01:28:47.173150Z,2952,122.4,0,OK,OK,OK
2026-08-30T01:28:52.547458Z,2953,122.3,0,OK,OK,OK
2026-08-30T01:28:57.937535Z,2949,122.3,0,OK,OK,OK
2026-08-30T01:29:03.314893Z,2954,122.3,0,OK,OK,OK
2026-08-30T01:29:08.698945Z,2954,122.3,0,OK,OK,OK
2026-08-30T01:29:14.075897Z,2953,122.3,0,OK,OK,OK
2026-08-30T01:29:19.465210Z,2951,122.3,0,OK,OK,OK
2026-08-30T01:29:24.842776Z,2959,122.4,0,OK,OK,OK
2026-08-30T01:29:30.228108Z,2954,122.4,0,OK,OK,OK
2026-08-30T01:29:35.599422Z,2955,122.3,0,OK,OK,OK
2026-08-30T01:29:40.979809Z,2954,122.3,0,OK,OK,OK
2026-08-30T01:29:46.347493Z,2948,122.4,0,OK,OK,OK
2026-08-30T01:29:51.763822Z,2950,122.4,0,OK,OK,OK
2026-08-30T01:29:57.146034Z,2942,122.4,0,OK,OK,OK
2026-08-30T01:30:02.505787Z,2947,122.3,0,OK,OK,OK
2026-08-30T01:30:07.887052Z,2945,122.3,0,OK,OK,OK
2026-08-30T01:30:13.378479Z,2939,122.3,0,OK,OK,OK
2026-08-30T01:30:18.768567Z,2947,122.4,0,OK,OK,OK
2026-08-30T01:30:24.142609Z,2944,122.3,0,OK,OK,OK
2026-08-30T01:30:29.529079Z,2941,122.4,0,OK,OK,OK
2026-08-30T01:30:34.908286Z,2942,122.4,0,OK,OK,OK
2026-08-30T01:30:40.302169Z,2939,122.4,0,OK,OK,OK
2026-08-30T01:30:45.682277Z,2940,122.4,0,OK,OK,OK
2026-08-30T01:30:51.055169Z,2943,122.4,0,OK,OK,OK
2026-08-30T01:30:56.432661Z,2937,122.4,0,OK,OK,OK
2026-08-30T01:31:01.830961Z,2938,122.4,0,OK,OK,OK
2026-08-30T01:31:07.214944Z,2937,122.4,0,OK,OK,OK
2026-08-30T01:31:12.601372Z,2942,122.4,0,OK,OK,OK
2026-08-30T01:31:17.978303Z,2945,122.4,0,OK,OK,OK
2026-08-30T01:31:23.342579Z,2939,122.4,0,OK,OK,OK
2026-08-30T01:31:28.716621Z,2941,122.4,0,OK,OK,OK
2026-08-30T01:31:34.108020Z,2944,122.4,0,OK,OK,OK
2026-08-30T01:31:39.504332Z,2941,122.4,0,OK,OK,OK
2026-08-30T01:31:44.895036Z,2946,122.4,0,OK,OK,OK
2026-08-30T01:31:50.276032Z,2943,122.4,0,OK,OK,OK
2026-08-30T01:31:55.652813Z,2943,122.4,0,OK,OK,OK
2026-08-30T01:32:01.055230Z,2942,122.4,0,OK,OK,OK
2026-08-30T01:32:06.513926Z,2940,122.4,0,OK,OK,OK
2026-08-30T01:32:11.909266Z,2944,122.4,0,OK,OK,OK
2026-08-30T01:32:17.314145Z,2944,122.4,0,OK,OK,OK
2026-08-30T01:32:22.701867Z,2945,122.4,0,OK,OK,OK
2026-08-30T01:32:28.104442Z,2943,122.4,0,OK,OK,OK
2026-08-30T01:32:33.478761Z,2942,122.4,0,OK,OK,OK
2026-08-30T01:32:38.857045Z,2947,122.4,0,OK,OK,OK
2026-08-30T01:32:44.257602Z,2941,122.4,0,OK,OK,OK
2026-08-30T01:32:49.630072Z,2915,122.3,0,OK,OK,OK
2026-08-30T01:32:54.993542Z,2925,122.4,0,OK,OK,OK
2026-08-30T01:33:00.393200Z,2926,122.4,0,OK,OK,OK
2026-08-30T01:33:05.779823Z,2920,122.3,0,OK,OK,OK
2026-08-30T01:33:11.178279Z,2923,122.3,0,OK,OK,OK
2026-08-30T01:33:16.540737Z,2922,122.3,0,OK,OK,OK
2026-08-30T01:33:21.931536Z,2922,122.3,0,OK,OK,OK
2026-08-30T01:33:27.323234Z,2925,122.4,0,OK,OK,OK
2026-08-30T01:33:32.693095Z,2922,122.3,0,OK,OK,OK
2026-08-30T01:33:38.074012Z,2920,122.3,0,OK,OK,OK
2026-08-30T01:33:43.450317Z,2920,122.2,0,OK,OK,OK
2026-08-30T01:33:48.848803Z,2921,122.3,0,OK,OK,OK
2026-08-30T01:33:54.216050Z,2924,122.3,0,OK,OK,OK
2026-08-30T01:33:59.588736Z,2924,122.3,0,OK,OK,OK
2026-08-30T01:34:04.968849Z,2924,122.3,0,OK,OK,OK
2026-08-30T01:34:10.331929Z,2924,122.3,0,OK,OK,OK
2026-08-30T01:34:15.734698Z,2924,122.3,0,OK,OK,OK
2026-08-30T01:34:21.121032Z,2924,122.3,0,OK,OK,OK
2026-08-30T01:34:26.502545Z,0,,0,DEGRADED,OFFLINE,OK
2026-08-30T01:34:31.876481Z,0,,0,DEGRADED,OFFLINE,OK
2026-08-30T01:34:37.243076Z,0,,0,DEGRADED,OFFLINE,OK
2026-08-30T01:34:42.639382Z,2926,122.3,0,OK,OK,OK
2026-08-30T01:34:48.016193Z,2925,122.3,0,OK,OK,OK
2026-08-30T01:34:53.386973Z,2923,122.3,0,OK,OK,OK
2026-08-30T01:34:58.776928Z,2927,122.4,0,OK,OK,OK
2026-08-30T01:35:04.151096Z,2923,122.3,0,OK,OK,OK
2026-08-30T01:35:09.520672Z,2923,122.3,0,OK,OK,OK
2026-08-30T01:35:14.907333Z,2920,122.4,0,OK,OK,OK
2026-08-30T01:35:20.293790Z,2921,122.3,0,OK,OK,OK
2026-08-30T01:35:25.680365Z,2922,122.3,0,OK,OK,OK
2026-08-30T01:35:31.068686Z,2921,122.3,0,OK,OK,OK
2026-08-30T01:35:36.447836Z,2919,122.4,0,OK,OK,OK
2026-08-30T01:35:41.832816Z,2922,122.3,0,OK,OK,OK
2026-08-30T01:35:47.204667Z,2921,122.3,0,OK,OK,OK
2026-08-30T01:35:52.583069Z,2926,122.4,0,OK,OK,OK
2026-08-30T01:35:57.967610Z,2922,122.3,0,OK,OK,OK
2026-08-30T01:36:03.330941Z,2924,122.3,0,OK,OK,OK
2026-08-30T01:36:08.717205Z,2919,122.3,0,OK,OK,OK
2026-08-30T01:36:14.095283Z,2928,122.3,0,OK,OK,OK
2026-08-30T01:36:19.473397Z,2929,122.3,0,OK,OK,OK
2026-08-30T01:36:24.878692Z,2928,122.3,0,OK,OK,OK
2026-08-30T01:36:30.268360Z,2929,122.4,0,OK,OK,OK
2026-08-30T01:36:35.671136Z,2923,122.3,0,OK,OK,OK
2026-08-30T01:36:41.039645Z,2927,122.3,0,OK,OK,OK
2026-08-30T01:36:46.428219Z,2926,122.3,0,OK,OK,OK
2026-08-30T01:36:51.823365Z,2926,122.2,0,OK,OK,OK
2026-08-30T01:36:57.205663Z,2925,122.3,0,OK,OK,OK
2026-08-30T01:37:02.569072Z,2928,122.3,0,OK,OK,OK
2026-08-30T01:37:07.960481Z,2926,122.3,0,OK,OK,OK
2026-08-30T01:37:13.385022Z,2929,122.3,0,OK,OK,OK
2026-08-30T01:37:18.743836Z,2927,122.3,0,OK,OK,OK
2026-08-30T01:37:24.145732Z,2931,122.2,0,OK,OK,OK
2026-08-30T01:37:29.537806Z,2924,122.3,0,OK,OK,OK
2026-08-30T01:37:34.920737Z,2924,122.3,0,OK,OK,OK
2026-08-30T01:37:40.287103Z,2924,122.3,0,OK,OK,OK
2026-08-30T01:37:45.666413Z,2925,122.3,0,OK,OK,OK
2026-08-30T01:37:51.068291Z,2926,122.3,0,OK,OK,OK
2026-08-30T01:37:56.433177Z,2926,122.3,0,OK,OK,OK
2026-08-30T01:38:01.802040Z,2924,122.3,0,OK,OK,OK
2026-08-30T01:38:07.180057Z,2923,122.2,0,OK,OK,OK
2026-08-30T01:38:12.579560Z,2924,122.3,0,OK,OK,OK
2026-08-30T01:38:17.949096Z,2930,122.4,0,OK,OK,OK
2026-08-30T01:38:23.334191Z,2926,122.4,0,OK,OK,OK
2026-08-30T01:38:28.719728Z,2934,122.4,0,OK,OK,OK
2026-08-30T01:38:34.098277Z,2928,122.4,0,OK,OK,OK
2026-08-30T01:38:39.483963Z,2926,122.3,0,OK,OK,OK
2026-08-30T01:38:44.863213Z,2929,122.4,0,OK,OK,OK
2026-08-30T01:38:50.252501Z,2931,122.4,0,OK,OK,OK
2026-08-30T01:38:55.621200Z,2928,122.4,0,OK,OK,OK
2026-08-30T01:39:00.997955Z,2923,122.4,0,OK,OK,OK
2026-08-30T01:39:06.384695Z,2930,122.5,0,OK,OK,OK
2026-08-30T01:39:11.771078Z,2931,122.5,0,OK,OK,OK
2026-08-30T01:39:17.161253Z,2927,122.5,0,OK,OK,OK
2026-08-30T01:39:22.560255Z,2929,122.6,0,OK,OK,OK
2026-08-30T01:39:27.930840Z,2930,122.5,0,OK,OK,OK
2026-08-30T01:39:33.301585Z,2929,122.6,0,OK,OK,OK
2026-08-30T01:39:38.674853Z,2934,122.6,0,OK,OK,OK
2026-08-30T01:39:44.084449Z,2932,122.6,0,OK,OK,OK
2026-08-30T01:39:49.465665Z,2935,122.6,0,OK,OK,OK
2026-08-30T01:39:54.847217Z,2931,122.6,0,OK,OK,OK
2026-08-30T01:40:00.236898Z,2932,122.6,0,OK,OK,OK
2026-08-30T01:40:05.604664Z,2931,122.6,0,OK,OK,OK
2026-08-30T01:40:10.975260Z,2929,122.5,0,OK,OK,OK
2026-08-30T01:40:16.361888Z,2927,122.5,0,OK,OK,OK
2026-08-30T01:40:21.764301Z,2928,122.6,0,OK,OK,OK
2026-08-30T01:40:27.148693Z,2930,122.6,0,OK,OK,OK
2026-08-30T01:40:32.538170Z,2940,122.6,0,OK,OK,OK
2026-08-30T01:40:37.910335Z,2931,122.6,0,OK,OK,OK
2026-08-30T01:40:43.285740Z,2930,122.6,0,OK,OK,OK
2026-08-30T01:40:48.650665Z,2934,122.6,0,OK,OK,OK
2026-08-30T01:40:54.033976Z,2933,122.7,0,OK,OK,OK
2026-08-30T01:40:59.430711Z,2935,122.6,0,OK,OK,OK
2026-08-30T01:41:04.834661Z,2934,122.7,0,OK,OK,OK
2026-08-30T01:41:10.231159Z,2933,122.6,0,OK,OK,OK
2026-08-30T01:41:15.621959Z,2933,122.7,0,OK,OK,OK
2026-08-30T01:41:21.010294Z,2932,122.7,0,OK,OK,OK
2026-08-30T01:41:26.376210Z,2933,122.7,0,OK,OK,OK
2026-08-30T01:41:31.772992Z,2931,122.6,0,OK,OK,OK
2026-08-30T01:41:37.186564Z,2928,122.6,0,OK,OK,OK
2026-08-30T01:41:42.587912Z,2934,122.6,0,OK,OK,OK
2026-08-30T01:41:47.951522Z,2927,122.6,0,OK,OK,OK
2026-08-30T01:41:53.321015Z,2932,122.6,0,OK,OK,OK
2026-08-30T01:41:58.687556Z,2933,122.6,0,OK,OK,OK
2026-08-30T01:42:04.063289Z,2931,122.6,0,OK,OK,OK
2026-08-30T01:42:09.453304Z,2931,122.6,0,OK,OK,OK
2026-08-30T01:42:14.861877Z,2936,122.6,0,OK,OK,OK
2026-08-30T01:42:20.252367Z,2932,122.6,0,OK,OK,OK
2026-08-30T01:42:25.622668Z,2937,122.6,0,OK,OK,OK
2026-08-30T01:42:30.996274Z,2934,122.6,0,OK,OK,OK
2026-08-30T01:42:36.366567Z,2951,122.6,0,OK,OK,OK
2026-08-30T01:42:41.730933Z,2963,122.6,0,OK,OK,OK
2026-08-30T01:42:47.107567Z,2958,122.6,0,OK,OK,OK
2026-08-30T01:42:52.499554Z,2961,122.6,0,OK,OK,OK
2026-08-30T01:42:57.896348Z,2958,122.6,0,OK,OK,OK
2026-08-30T01:43:03.266811Z,2959,122.6,0,OK,OK,OK
2026-08-30T01:43:08.656815Z,2958,122.6,0,OK,OK,OK
2026-08-30T01:43:14.055886Z,2961,122.6,0,OK,OK,OK
2026-08-30T01:43:19.435925Z,2960,122.6,0,OK,OK,OK
2026-08-30T01:43:24.826607Z,2963,122.6,0,OK,OK,OK
2026-08-30T01:43:30.237938Z,2961,122.6,0,OK,OK,OK
2026-08-30T01:43:35.609870Z,2963,122.7,0,OK,OK,OK
2026-08-30T01:43:40.972263Z,2960,122.7,0,OK,OK,OK
2026-08-30T01:43:46.376581Z,2876,122.6,0,OK,OK,OK
2026-08-30T01:43:51.762654Z,2879,122.6,0,OK,OK,OK
2026-08-30T01:43:57.131813Z,2883,122.7,0,OK,OK,OK
2026-08-30T01:44:02.503843Z,2874,122.6,0,OK,OK,OK
2026-08-30T01:44:07.888656Z,2877,122.6,0,OK,OK,OK
2026-08-30T01:44:13.298398Z,2877,122.6,0,OK,OK,OK
2026-08-30T01:44:18.660639Z,2878,122.6,0,OK,OK,OK
2026-08-30T01:44:24.064015Z,2879,122.6,0,OK,OK,OK
2026-08-30T01:44:29.446760Z,2878,122.6,0,OK,OK,OK
2026-08-30T01:44:34.830173Z,2882,122.6,0,OK,OK,OK
2026-08-30T01:44:40.232998Z,2881,122.6,0,OK,OK,OK
2026-08-30T01:44:45.613414Z,2879,122.6,0,OK,OK,OK
2026-08-30T01:44:50.997484Z,2879,122.6,0,OK,OK,OK
2026-08-30T01:44:56.366898Z,2881,122.6,0,OK,OK,OK
2026-08-30T01:45:01.753328Z,2881,122.7,0,OK,OK,OK
2026-08-30T01:45:07.135042Z,2876,122.6,0,OK,OK,OK
2026-08-30T01:45:12.495694Z,2877,122.6,0,OK,OK,OK
2026-08-30T01:45:17.874161Z,2875,122.6,0,OK,OK,OK
2026-08-30T01:45:23.246570Z,2878,122.6,0,OK,OK,OK
2026-08-30T01:45:28.621917Z,2880,122.6,0,OK,OK,OK
2026-08-30T01:45:33.983276Z,2878,122.6,0,OK,OK,OK
2026-08-30T01:45:39.357905Z,2877,122.4,0,OK,OK,OK
2026-08-30T01:45:44.725345Z,2880,122.6,0,OK,OK,OK
2026-08-30T01:45:50.119964Z,2885,122.7,0,OK,OK,OK
2026-08-30T01:45:55.506453Z,2880,122.8,0,OK,OK,OK
2026-08-30T01:46:00.905896Z,2881,122.8,0,OK,OK,OK
2026-08-30T01:46:06.273494Z,2877,122.8,0,OK,OK,OK
2026-08-30T01:46:11.646503Z,2878,122.7,0,OK,OK,OK
2026-08-30T01:46:17.024074Z,2886,122.8,0,OK,OK,OK
2026-08-30T01:46:22.407154Z,2875,122.8,0,OK,OK,OK
2026-08-30T01:46:27.777576Z,2876,122.8,0,OK,OK,OK
2026-08-30T01:46:33.175958Z,2877,122.8,0,OK,OK,OK
2026-08-30T01:46:38.579131Z,2884,122.9,0,OK,OK,OK
2026-08-30T01:46:43.953223Z,2880,122.8,0,OK,OK,OK
2026-08-30T01:46:49.307724Z,2888,123.1,0,OK,OK,OK
2026-08-30T01:46:54.691098Z,2888,123.1,0,OK,OK,OK
2026-08-30T01:47:00.077578Z,2886,123.1,0,OK,OK,OK
2026-08-30T01:47:05.446702Z,2890,123.1,0,OK,OK,OK
2026-08-30T01:47:10.833965Z,2892,123.1,0,OK,OK,OK
2026-08-30T01:47:16.206963Z,2889,123.1,0,OK,OK,OK
2026-08-30T01:47:21.593397Z,2889,123.2,0,OK,OK,OK
2026-08-30T01:47:26.995878Z,2889,123.2,0,OK,OK,OK
2026-08-30T01:47:32.374506Z,2889,123.1,0,OK,OK,OK
2026-08-30T01:47:37.762579Z,2888,123.1,0,OK,OK,OK
2026-08-30T01:47:43.139158Z,2886,123.1,0,OK,OK,OK
2026-08-30T01:47:48.509632Z,2883,123.1,0,OK,OK,OK
2026-08-30T01:47:53.894780Z,2887,123.1,0,OK,OK,OK
2026-08-30T01:47:59.298671Z,2888,123.2,0,OK,OK,OK
2026-08-30T01:48:04.669429Z,2889,123.1,0,OK,OK,OK
2026-08-30T01:48:10.070871Z,2886,123.1,0,OK,OK,OK
2026-08-30T01:48:15.454799Z,2890,123.1,0,OK,OK,OK
2026-08-30T01:48:20.828365Z,2897,122.8,0,OK,OK,OK
2026-08-30T01:48:26.213938Z,2893,122.9,0,OK,OK,OK
2026-08-30T01:48:31.600636Z,2903,122.8,0,OK,OK,OK
2026-08-30T01:48:36.988535Z,2899,122.9,0,OK,OK,OK
2026-08-30T01:48:42.390280Z,2895,122.8,0,OK,OK,OK
2026-08-30T01:48:47.776710Z,2897,122.9,0,OK,OK,OK
2026-08-30T01:48:53.161093Z,2896,122.9,0,OK,OK,OK
2026-08-30T01:48:58.533687Z,2898,122.9,0,OK,OK,OK
2026-08-30T01:49:03.920139Z,2896,122.9,0,OK,OK,OK
2026-08-30T01:49:09.305308Z,2895,122.8,0,OK,OK,OK
2026-08-30T01:49:14.695121Z,2898,122.9,0,OK,OK,OK
2026-08-30T01:49:20.091618Z,2899,122.9,0,OK,OK,OK
2026-08-30T01:49:25.480443Z,2894,122.8,0,OK,OK,OK
2026-08-30T01:49:30.856817Z,2895,122.9,0,OK,OK,OK
2026-08-30T01:49:36.226545Z,2893,122.8,0,OK,OK,OK
2026-08-30T01:49:41.593593Z,2895,122.9,0,OK,OK,OK
2026-08-30T01:49:46.988668Z,2898,122.9,0,OK,OK,OK
2026-08-30T01:49:52.366549Z,2898,122.9,0,OK,OK,OK
2026-08-30T01:49:57.737079Z,2898,122.8,0,OK,OK,OK
2026-08-30T01:50:03.120558Z,2899,122.9,0,OK,OK,OK
2026-08-30T01:50:08.496411Z,2900,122.9,0,OK,OK,OK
2026-08-30T01:50:13.906598Z,2898,123.0,0,OK,OK,OK
2026-08-30T01:50:19.282702Z,2896,122.9,0,OK,OK,OK
2026-08-30T01:50:24.660468Z,2897,122.9,0,OK,OK,OK
2026-08-30T01:50:30.039978Z,2900,123.0,0,OK,OK,OK
2026-08-30T01:50:35.410629Z,2897,122.9,0,OK,OK,OK
2026-08-30T01:50:40.813105Z,2896,122.9,0,OK,OK,OK
2026-08-30T01:50:46.198292Z,2898,123.0,0,OK,OK,OK
2026-08-30T01:50:51.602023Z,2899,123.0,0,OK,OK,OK
2026-08-30T01:50:56.980848Z,2899,123.0,0,OK,OK,OK
2026-08-30T01:51:02.343915Z,2902,122.9,0,OK,OK,OK
2026-08-30T01:51:07.718651Z,2900,122.9,0,OK,OK,OK
2026-08-30T01:51:13.080740Z,2900,122.9,0,OK,OK,OK
2026-08-30T01:51:18.453879Z,2903,122.9,0,OK,OK,OK
2026-08-30T01:51:23.859828Z,2895,123.0,0,OK,OK,OK
2026-08-30T01:51:29.265615Z,2898,122.9,0,OK,OK,OK
2026-08-30T01:51:34.667769Z,2894,122.9,0,OK,OK,OK
2026-08-30T01:51:40.049362Z,2901,123.0,0,OK,OK,OK
2026-08-30T01:51:45.435555Z,2902,123.1,0,OK,OK,OK
2026-08-30T01:51:50.804799Z,2899,123.0,0,OK,OK,OK
2026-08-30T01:51:56.190230Z,2899,122.8,0,OK,OK,OK
2026-08-30T01:52:01.594453Z,2901,122.8,0,OK,OK,OK
2026-08-30T01:52:06.989734Z,2896,122.8,0,OK,OK,OK
2026-08-30T01:52:12.351413Z,2902,122.8,0,OK,OK,OK
2026-08-30T01:52:17.737807Z,2904,122.8,0,OK,OK,OK
2026-08-30T01:52:23.113705Z,2901,123.1,0,OK,OK,OK
2026-08-30T01:52:28.510860Z,2902,123.1,0,OK,OK,OK
2026-08-30T01:52:33.908112Z,2900,123.1,0,OK,OK,OK
2026-08-30T01:52:39.309950Z,2903,123.1,0,OK,OK,OK
2026-08-30T01:52:44.694452Z,2906,123.1,0,OK,OK,OK
2026-08-30T01:52:50.066779Z,2903,123.1,0,OK,OK,OK
2026-08-30T01:52:55.459192Z,2901,123.1,0,OK,OK,OK
2026-08-30T01:53:00.845130Z,2901,123.0,0,OK,OK,OK
2026-08-30T01:53:06.227647Z,2900,123.1,0,OK,OK,OK
2026-08-30T01:53:11.624237Z,2903,123.1,0,OK,OK,OK
2026-08-30T01:53:17.004723Z,2905,123.1,0,OK,OK,OK
2026-08-30T01:53:22.391559Z,2902,123.1,0,OK,OK,OK
2026-08-30T01:53:27.760703Z,2902,123.1,0,OK,OK,OK
2026-08-30T01:53:33.143634Z,2906,123.1,0,OK,OK,OK
2026-08-30T01:53:38.534424Z,2904,123.1,0,OK,OK,OK
2026-08-30T01:53:43.905698Z,2902,123.1,0,OK,OK,OK
2026-08-30T01:53:49.282162Z,2902,123.0,0,OK,OK,OK
2026-08-30T01:53:54.656151Z,2902,123.0,0,OK,OK,OK
2026-08-30T01:54:00.046778Z,2908,123.0,0,OK,OK,OK
2026-08-30T01:54:05.410242Z,2907,123.1,0,OK,OK,OK
2026-08-30T01:54:10.790127Z,2906,123.1,0,OK,OK,OK
2026-08-30T01:54:16.187529Z,2904,123.1,0,OK,OK,OK
2026-08-30T01:54:21.579020Z,2906,123.1,0,OK,OK,OK
2026-08-30T01:54:26.981509Z,2899,122.8,0,OK,OK,OK
2026-08-30T01:54:32.361891Z,2890,123.0,0,OK,OK,OK
2026-08-30T01:54:37.738593Z,2887,123.0,0,OK,OK,OK
2026-08-30T01:54:43.115504Z,2805,122.9,0,OK,OK,OK
2026-08-30T01:54:48.495609Z,2806,122.9,0,OK,OK,OK
2026-08-30T01:54:53.877563Z,2810,123.0,0,OK,OK,OK
2026-08-30T01:54:59.244568Z,2807,122.9,0,OK,OK,OK
2026-08-30T01:55:04.626080Z,2805,122.9,0,OK,OK,OK
2026-08-30T01:55:10.015493Z,2809,122.9,0,OK,OK,OK
2026-08-30T01:55:15.405064Z,2803,122.9,0,OK,OK,OK
2026-08-30T01:55:20.785586Z,2805,122.9,0,OK,OK,OK
2026-08-30T01:55:26.177220Z,2804,122.9,0,OK,OK,OK
2026-08-30T01:55:31.550643Z,2804,123.1,0,OK,OK,OK
2026-08-30T01:55:36.917533Z,2807,123.1,0,OK,OK,OK
2026-08-30T01:55:42.296893Z,2806,123.1,0,OK,OK,OK
2026-08-30T01:55:47.685562Z,2804,122.7,0,OK,OK,OK
2026-08-30T01:55:53.068479Z,2806,123.0,0,OK,OK,OK
2026-08-30T01:55:58.439056Z,2806,123.1,0,OK,OK,OK
2026-08-30T01:56:03.804482Z,2806,123.1,0,OK,OK,OK
2026-08-30T01:56:09.181264Z,2803,123.1,0,OK,OK,OK
2026-08-30T01:56:14.544744Z,2805,123.1,0,OK,OK,OK
2026-08-30T01:56:19.927258Z,2813,123.0,0,OK,OK,OK
2026-08-30T01:56:25.309055Z,2807,123.1,0,OK,OK,OK
2026-08-30T01:56:30.695436Z,2809,123.1,0,OK,OK,OK
2026-08-30T01:56:36.063002Z,2812,123.1,0,OK,OK,OK
2026-08-30T01:56:41.449932Z,2804,123.0,0,OK,OK,OK
2026-08-30T01:56:46.812803Z,2809,123.1,0,OK,OK,OK
2026-08-30T01:56:52.193765Z,2806,123.1,0,OK,OK,OK
2026-08-30T01:56:57.564314Z,2802,122.9,0,OK,OK,OK
2026-08-30T01:57:02.982721Z,2804,123.0,0,OK,OK,OK
2026-08-30T01:57:08.385233Z,2799,123.0,0,OK,OK,OK
2026-08-30T01:57:13.771651Z,2804,123.0,0,OK,OK,OK
2026-08-30T01:57:19.136447Z,2804,123.0,0,OK,OK,OK
2026-08-30T01:57:24.520086Z,2811,123.0,0,OK,OK,OK
2026-08-30T01:57:29.883727Z,2806,123.0,0,OK,OK,OK
2026-08-30T01:57:35.254088Z,2808,123.0,0,OK,OK,OK
2026-08-30T01:57:40.624315Z,2805,123.0,0,OK,OK,OK
2026-08-30T01:57:45.994730Z,2883,123.0,0,OK,OK,OK
2026-08-30T01:57:51.365385Z,2879,123.0,0,OK,OK,OK
2026-08-30T01:57:56.751783Z,2887,123.1,0,OK,OK,OK
2026-08-30T01:58:02.138301Z,2878,123.0,0,OK,OK,OK
2026-08-30T01:58:07.518172Z,2878,123.0,0,OK,OK,OK
2026-08-30T01:58:12.927299Z,2806,122.9,0,OK,OK,OK
2026-08-30T01:58:18.303492Z,2805,123.0,0,OK,OK,OK
2026-08-30T01:58:23.675792Z,2804,123.0,0,OK,OK,OK
2026-08-30T01:58:29.044965Z,2808,123.0,0,OK,OK,OK
2026-08-30T01:58:34.421314Z,2806,123.0,0,OK,OK,OK
2026-08-30T01:58:39.807907Z,2809,123.0,0,OK,OK,OK
2026-08-30T01:58:45.179953Z,2804,123.0,0,OK,OK,OK
2026-08-30T01:58:50.553927Z,2809,122.9,0,OK,OK,OK
2026-08-30T01:58:55.934224Z,2804,122.9,0,OK,OK,OK
2026-08-30T01:59:01.311726Z,2806,122.9,0,OK,OK,OK
2026-08-30T01:59:06.686504Z,2810,123.0,0,OK,OK,OK
2026-08-30T01:59:12.085183Z,2806,122.9,0,OK,OK,OK
2026-08-30T01:59:17.470392Z,2801,122.8,0,OK,OK,OK
2026-08-30T01:59:22.853457Z,2801,122.9,0,OK,OK,OK
2026-08-30T01:59:28.259102Z,2801,122.9,0,OK,OK,OK
2026-08-30T01:59:33.652699Z,2804,122.9,0,OK,OK,OK
2026-08-30T01:59:39.061990Z,2806,122.9,0,OK,OK,OK
2026-08-30T01:59:44.434710Z,2805,122.9,0,OK,OK,OK
2026-08-30T01:59:49.814299Z,2802,122.9,0,OK,OK,OK
2026-08-30T01:59:55.225650Z,2804,122.9,0,OK,OK,OK
2026-08-30T02:00:00.599077Z,2805,122.9,0,OK,OK,OK
2026-08-30T02:00:05.966313Z,2807,122.9,0,OK,OK,OK
2026-08-30T02:00:11.370065Z,2802,122.9,0,OK,OK,OK
2026-08-30T02:00:16.768082Z,2805,122.9,0,OK,OK,OK
2026-08-30T02:00:22.139539Z,2807,122.9,0,OK,OK,OK
2026-08-30T02:00:27.545546Z,2807,122.9,0,OK,OK,OK
2026-08-30T02:00:32.920034Z,2805,122.9,0,OK,OK,OK
2026-08-30T02:00:38.287729Z,2804,123.0,0,OK,OK,OK
2026-08-30T02:00:43.672430Z,2802,122.9,0,OK,OK,OK
2026-08-30T02:00:49.058957Z,2802,123.0,0,OK,OK,OK
2026-08-30T02:00:54.445060Z,2807,123.0,0,OK,OK,OK
2026-08-30T02:00:59.799581Z,2807,123.0,0,OK,OK,OK
2026-08-30T02:01:05.186182Z,2806,123.0,0,OK,OK,OK
2026-08-30T02:01:10.572540Z,2805,123.0,0,OK,OK,OK
2026-08-30T02:01:15.959033Z,2809,123.1,0,OK,OK,OK
2026-08-30T02:01:21.329664Z,2803,123.1,0,OK,OK,OK
2026-08-30T02:01:26.745049Z,2807,123.1,0,OK,OK,OK
2026-08-30T02:01:32.118690Z,2893,123.1,0,OK,OK,OK
2026-08-30T02:01:37.505136Z,2903,123.1,0,OK,OK,OK
2026-08-30T02:01:42.891528Z,2917,123.2,0,OK,OK,OK
2026-08-30T02:01:48.266703Z,2922,123.2,0,OK,OK,OK
2026-08-30T02:01:53.650638Z,2921,123.2,0,OK,OK,OK
2026-08-30T02:01:59.022579Z,2919,123.2,0,OK,OK,OK
2026-08-30T02:02:04.397700Z,2919,123.2,0,OK,OK,OK
2026-08-30T02:02:09.793030Z,2916,123.1,0,OK,OK,OK
2026-08-30T02:02:15.162619Z,2914,123.1,0,OK,OK,OK
2026-08-30T02:02:20.542649Z,2912,123.1,0,OK,OK,OK
2026-08-30T02:02:25.945806Z,2916,123.2,0,OK,OK,OK
2026-08-30T02:02:31.325085Z,2915,123.2,0,OK,OK,OK
2026-08-30T02:02:36.708795Z,2909,123.2,0,OK,OK,OK
2026-08-30T02:02:42.085383Z,2909,123.0,0,OK,OK,OK
2026-08-30T02:02:47.465855Z,2911,123.2,0,OK,OK,OK
2026-08-30T02:02:52.830752Z,2906,123.2,0,OK,OK,OK
2026-08-30T02:02:58.207255Z,2894,123.3,0,OK,OK,OK
2026-08-30T02:03:03.583442Z,2902,123.2,0,OK,OK,OK
2026-08-30T02:03:08.960568Z,2904,123.2,0,OK,OK,OK
2026-08-30T02:03:14.334519Z,2906,123.2,0,OK,OK,OK
2026-08-30T02:03:19.753056Z,2899,123.1,0,OK,OK,OK
2026-08-30T02:03:25.155625Z,2904,123.1,0,OK,OK,OK
2026-08-30T02:03:30.542066Z,2901,123.2,0,OK,OK,OK
2026-08-30T02:03:35.923767Z,2899,123.2,0,OK,OK,OK
2026-08-30T02:03:41.317538Z,2895,123.2,0,OK,OK,OK
2026-08-30T02:03:46.701779Z,2892,123.1,0,OK,OK,OK
2026-08-30T02:03:52.061867Z,2893,123.1,0,OK,OK,OK
2026-08-30T02:03:57.445006Z,2895,123.1,0,OK,OK,OK
2026-08-30T02:04:02.836498Z,2895,123.1,0,OK,OK,OK
2026-08-30T02:04:08.223846Z,2896,123.1,0,OK,OK,OK
2026-08-30T02:04:13.601029Z,2897,123.1,0,OK,OK,OK
2026-08-30T02:04:18.968886Z,2896,123.2,0,OK,OK,OK
2026-08-30T02:04:24.355434Z,2893,123.2,0,OK,OK,OK
2026-08-30T02:04:29.726705Z,2894,123.2,0,OK,OK,OK
2026-08-30T02:04:35.128406Z,2901,123.2,0,OK,OK,OK
2026-08-30T02:04:40.507224Z,2896,123.2,0,OK,OK,OK
2026-08-30T02:04:45.883011Z,2893,123.2,0,OK,OK,OK
2026-08-30T02:04:51.265498Z,2895,123.2,0,OK,OK,OK
2026-08-30T02:04:56.653078Z,2895,123.3,0,OK,OK,OK
2026-08-30T02:05:02.038314Z,2896,123.2,0,OK,OK,OK
2026-08-30T02:05:07.399440Z,2903,123.5,0,OK,OK,OK
2026-08-30T02:05:12.828261Z,2904,123.4,0,OK,OK,OK
2026-08-30T02:05:18.213188Z,2906,123.5,0,OK,OK,OK
2026-08-30T02:05:23.598930Z,2902,123.4,0,OK,OK,OK
2026-08-30T02:05:28.978299Z,2909,123.4,0,OK,OK,OK
2026-08-30T02:05:34.364866Z,2904,123.4,0,OK,OK,OK
2026-08-30T02:05:39.751505Z,2906,123.4,0,OK,OK,OK
2026-08-30T02:05:45.134069Z,2904,123.4,0,OK,OK,OK
2026-08-30T02:05:50.539506Z,2900,123.4,0,OK,OK,OK
2026-08-30T02:05:55.927042Z,2907,123.4,0,OK,OK,OK
2026-08-30T02:06:01.306279Z,2908,123.4,0,OK,OK,OK
2026-08-30T02:06:06.682205Z,2914,123.5,0,OK,OK,OK
2026-08-30T02:06:12.070509Z,2912,123.6,0,OK,OK,OK
2026-08-30T02:06:17.458594Z,2919,123.6,0,OK,OK,OK
2026-08-30T02:06:22.832149Z,2910,123.6,0,OK,OK,OK
2026-08-30T02:06:28.213985Z,2910,123.6,0,OK,OK,OK
2026-08-30T02:06:33.597002Z,2911,123.6,0,OK,OK,OK
2026-08-30T02:06:38.964267Z,2919,123.3,0,OK,OK,OK
2026-08-30T02:06:44.347808Z,2914,123.3,0,OK,OK,OK
2026-08-30T02:06:49.728032Z,2913,123.3,0,OK,OK,OK
2026-08-30T02:06:55.130494Z,2916,123.3,0,OK,OK,OK
2026-08-30T02:07:00.515218Z,2914,123.3,0,OK,OK,OK
2026-08-30T02:07:05.891364Z,2915,123.3,0,OK,OK,OK
2026-08-30T02:07:11.305902Z,2919,123.3,0,OK,OK,OK
2026-08-30T02:07:16.684466Z,2915,123.3,0,OK,OK,OK
2026-08-30T02:07:22.060863Z,2918,123.3,0,OK,OK,OK
2026-08-30T02:07:27.440262Z,2916,123.3,0,OK,OK,OK
2026-08-30T02:07:32.831994Z,2915,123.3,0,OK,OK,OK
2026-08-30T02:07:38.208849Z,2918,123.3,0,OK,OK,OK
2026-08-30T02:07:43.620510Z,2916,123.3,0,OK,OK,OK
2026-08-30T02:07:48.999971Z,2915,123.3,0,OK,OK,OK
2026-08-30T02:07:54.365451Z,2919,123.3,0,OK,OK,OK
2026-08-30T02:07:59.768656Z,2915,123.3,0,OK,OK,OK
2026-08-30T02:08:05.181973Z,2917,123.3,0,OK,OK,OK
2026-08-30T02:08:10.566093Z,2914,123.2,0,OK,OK,OK
2026-08-30T02:08:15.951941Z,2919,123.3,0,OK,OK,OK
2026-08-30T02:08:21.330275Z,2917,123.3,0,OK,OK,OK
2026-08-30T02:08:26.716808Z,2920,123.3,0,OK,OK,OK
2026-08-30T02:08:32.103442Z,2918,123.4,0,OK,OK,OK
2026-08-30T02:08:37.489923Z,2916,123.3,0,OK,OK,OK
2026-08-30T02:08:42.876334Z,2916,123.3,0,OK,OK,OK
2026-08-30T02:08:48.261379Z,2918,123.3,0,OK,OK,OK
2026-08-30T02:08:53.633345Z,2921,123.3,0,OK,OK,OK
2026-08-30T02:08:59.034174Z,2919,123.4,0,OK,OK,OK
2026-08-30T02:09:04.427980Z,2926,123.4,0,OK,OK,OK
2026-08-30T02:09:09.815066Z,2917,123.3,0,OK,OK,OK
2026-08-30T02:09:15.206824Z,2920,123.3,0,OK,OK,OK
2026-08-30T02:09:20.591726Z,2920,123.3,0,OK,OK,OK
2026-08-30T02:09:25.967687Z,2922,123.3,0,OK,OK,OK
2026-08-30T02:09:31.350317Z,2918,123.3,0,OK,OK,OK
2026-08-30T02:09:36.740965Z,2920,123.3,0,OK,OK,OK
2026-08-30T02:09:42.120106Z,2919,123.3,0,OK,OK,OK
2026-08-30T02:09:47.512889Z,2922,123.3,0,OK,OK,OK
2026-08-30T02:09:52.884470Z,2918,123.3,0,OK,OK,OK
2026-08-30T02:09:58.255094Z,2916,123.3,0,OK,OK,OK
2026-08-30T02:10:03.635253Z,2914,123.3,0,OK,OK,OK
2026-08-30T02:10:09.008613Z,2911,123.3,0,OK,OK,OK
2026-08-30T02:10:14.411964Z,2916,123.3,0,OK,OK,OK
2026-08-30T02:10:19.784311Z,2914,123.3,0,OK,OK,OK
2026-08-30T02:10:25.155862Z,2913,123.3,0,OK,OK,OK
2026-08-30T02:10:30.527959Z,2918,123.4,0,OK,OK,OK
2026-08-30T02:10:35.896943Z,2920,123.4,0,OK,OK,OK
2026-08-30T02:10:41.280061Z,2923,123.4,0,OK,OK,OK
2026-08-30T02:10:46.653974Z,2926,123.4,0,OK,OK,OK
2026-08-30T02:10:52.052140Z,2920,123.4,0,OK,OK,OK
2026-08-30T02:10:57.434369Z,2920,123.4,0,OK,OK,OK
2026-08-30T02:11:02.823053Z,2917,123.4,0,OK,OK,OK
2026-08-30T02:11:08.193195Z,2916,123.3,0,OK,OK,OK
2026-08-30T02:11:13.586519Z,2921,123.4,0,OK,OK,OK
2026-08-30T02:11:18.987002Z,2932,123.4,0,OK,OK,OK
2026-08-30T02:11:24.356877Z,2920,123.4,0,OK,OK,OK
2026-08-30T02:11:29.756675Z,2925,123.4,0,OK,OK,OK
2026-08-30T02:11:35.148644Z,2918,123.4,0,OK,OK,OK
2026-08-30T02:11:40.530123Z,2915,123.4,0,OK,OK,OK
2026-08-30T02:11:45.902205Z,2917,123.4,0,OK,OK,OK
2026-08-30T02:11:51.292462Z,2917,123.4,0,OK,OK,OK
2026-08-30T02:11:56.669561Z,2916,123.4,0,OK,OK,OK
2026-08-30T02:12:02.061822Z,2918,123.4,0,OK,OK,OK
2026-08-30T02:12:07.436010Z,2917,123.4,0,OK,OK,OK
2026-08-30T02:12:12.862832Z,2920,123.4,0,OK,OK,OK
2026-08-30T02:12:18.241304Z,2915,123.4,0,OK,OK,OK
2026-08-30T02:12:23.613016Z,2914,123.4,0,OK,OK,OK
2026-08-30T02:12:29.008211Z,2918,123.4,0,OK,OK,OK
2026-08-30T02:12:34.377344Z,2914,123.4,0,OK,OK,OK
2026-08-30T02:12:39.763802Z,2916,123.4,0,OK,OK,OK
2026-08-30T02:12:45.126214Z,2915,123.4,0,OK,OK,OK
2026-08-30T02:12:50.516618Z,2917,123.4,0,OK,OK,OK
2026-08-30T02:12:55.887420Z,2914,123.4,0,OK,OK,OK
2026-08-30T02:13:01.264894Z,2917,123.4,0,OK,OK,OK
2026-08-30T02:13:06.664901Z,2916,123.4,0,OK,OK,OK
2026-08-30T02:13:12.049531Z,2921,123.4,0,OK,OK,OK
2026-08-30T02:13:17.412666Z,2916,123.4,0,OK,OK,OK
2026-08-30T02:13:22.785518Z,2918,123.4,0,OK,OK,OK
2026-08-30T02:13:28.170689Z,2917,123.4,0,OK,OK,OK
2026-08-30T02:13:33.548522Z,2915,123.4,0,OK,OK,OK
2026-08-30T02:13:38.921273Z,2915,123.4,0,OK,OK,OK
2026-08-30T02:13:44.302494Z,2917,123.4,0,OK,OK,OK
2026-08-30T02:13:49.699910Z,2914,123.4,0,OK,OK,OK
2026-08-30T02:13:55.062964Z,2922,123.4,0,OK,OK,OK
2026-08-30T02:14:00.439456Z,2914,123.7,0,OK,OK,OK
2026-08-30T02:14:05.812010Z,2915,123.4,0,OK,OK,OK
2026-08-30T02:14:11.200097Z,2919,123.4,0,OK,OK,OK
2026-08-30T02:14:16.592492Z,2917,123.5,0,OK,OK,OK
2026-08-30T02:14:21.977845Z,2920,123.5,0,OK,OK,OK
2026-08-30T02:14:27.373398Z,2920,123.5,0,OK,OK,OK
2026-08-30T02:14:32.752065Z,2920,123.5,0,OK,OK,OK
2026-08-30T02:14:38.134857Z,2920,123.5,0,OK,OK,OK
2026-08-30T02:14:43.541118Z,2922,123.5,0,OK,OK,OK
2026-08-30T02:14:48.926457Z,2910,123.2,0,OK,OK,OK
2026-08-30T02:14:54.301084Z,2904,123.4,0,OK,OK,OK
2026-08-30T02:14:59.678114Z,3033,123.4,0,OK,OK,OK
2026-08-30T02:15:05.058306Z,3026,123.4,0,OK,OK,OK
2026-08-30T02:15:10.435728Z,3019,123.4,0,OK,OK,OK
2026-08-30T02:15:15.839405Z,3024,123.4,0,OK,OK,OK
2026-08-30T02:15:21.214806Z,3020,123.4,0,OK,OK,OK
2026-08-30T02:15:26.616239Z,3023,123.4,0,OK,OK,OK
2026-08-30T02:15:31.987882Z,3030,123.4,0,OK,OK,OK
2026-08-30T02:15:37.374373Z,3025,123.5,0,OK,OK,OK
2026-08-30T02:15:42.760833Z,3021,123.5,0,OK,OK,OK
2026-08-30T02:15:48.121625Z,3020,123.4,0,OK,OK,OK
2026-08-30T02:15:53.500106Z,3024,123.4,0,OK,OK,OK
2026-08-30T02:15:58.883562Z,3015,123.5,0,OK,OK,OK
2026-08-30T02:16:04.264591Z,3013,123.4,0,OK,OK,OK
2026-08-30T02:16:09.632956Z,3016,123.5,0,OK,OK,OK
2026-08-30T02:16:15.020718Z,3021,123.5,0,OK,OK,OK
2026-08-30T02:16:20.408602Z,2915,123.4,0,OK,OK,OK
2026-08-30T02:16:25.781899Z,2910,123.4,0,OK,OK,OK
2026-08-30T02:16:31.160539Z,2907,123.4,0,OK,OK,OK
2026-08-30T02:16:36.545977Z,2907,123.4,0,OK,OK,OK
2026-08-30T02:16:41.932373Z,2911,123.4,0,OK,OK,OK
2026-08-30T02:16:47.303846Z,2910,123.4,0,OK,OK,OK
2026-08-30T02:16:52.673487Z,2911,123.4,0,OK,OK,OK
2026-08-30T02:16:58.059355Z,2908,123.4,0,OK,OK,OK
2026-08-30T02:17:03.413359Z,2908,123.4,0,OK,OK,OK
2026-08-30T02:17:08.818243Z,2911,123.4,0,OK,OK,OK
2026-08-30T02:17:14.219960Z,2916,123.4,0,OK,OK,OK
2026-08-30T02:17:19.607587Z,2911,123.4,0,OK,OK,OK
2026-08-30T02:17:24.981792Z,2913,123.4,0,OK,OK,OK
2026-08-30T02:17:30.369709Z,2914,123.4,0,OK,OK,OK
2026-08-30T02:17:35.746028Z,2913,123.4,0,OK,OK,OK
2026-08-30T02:17:41.119902Z,2912,123.4,0,OK,OK,OK
2026-08-30T02:17:46.506419Z,2917,123.4,0,OK,OK,OK
2026-08-30T02:17:51.892923Z,2976,123.4,0,OK,OK,OK
2026-08-30T02:17:57.279395Z,2996,123.4,0,OK,OK,OK
2026-08-30T02:18:02.644163Z,3001,123.5,0,OK,OK,OK
2026-08-30T02:18:08.022379Z,3011,123.5,0,OK,OK,OK
2026-08-30T02:18:13.435779Z,3016,123.5,0,OK,OK,OK
2026-08-30T02:18:18.807178Z,3019,123.4,0,OK,OK,OK
2026-08-30T02:18:24.182542Z,3009,123.3,0,OK,OK,OK
2026-08-30T02:18:29.570054Z,3015,123.4,0,OK,OK,OK
2026-08-30T02:18:34.952983Z,3003,123.4,0,OK,OK,OK
2026-08-30T02:18:40.333589Z,2977,123.4,0,OK,OK,OK
2026-08-30T02:18:45.710030Z,2959,123.4,0,OK,OK,OK
2026-08-30T02:18:51.092745Z,2963,123.4,0,OK,OK,OK
2026-08-30T02:18:56.473198Z,2961,123.4,0,OK,OK,OK
2026-08-30T02:19:01.853590Z,2960,123.4,0,OK,OK,OK
2026-08-30T02:19:07.240094Z,2960,123.4,0,OK,OK,OK
2026-08-30T02:19:12.609943Z,2955,123.4,0,OK,OK,OK
2026-08-30T02:19:18.005262Z,2948,123.4,0,OK,OK,OK
2026-08-30T02:19:23.389849Z,2948,123.4,0,OK,OK,OK
2026-08-30T02:19:28.770470Z,2950,123.4,0,OK,OK,OK
2026-08-30T02:19:34.149065Z,2952,123.4,0,OK,OK,OK
2026-08-30T02:19:39.527291Z,2951,123.3,0,OK,OK,OK
2026-08-30T02:19:44.912429Z,2951,123.3,0,OK,OK,OK
2026-08-30T02:19:50.300206Z,2951,123.4,0,OK,OK,OK
2026-08-30T02:19:55.660785Z,2953,123.4,0,OK,OK,OK
2026-08-30T02:20:01.038562Z,2958,123.4,0,OK,OK,OK
2026-08-30T02:20:06.417201Z,2958,123.4,0,OK,OK,OK
2026-08-30T02:20:11.804802Z,2955,123.4,0,OK,OK,OK
2026-08-30T02:20:17.175518Z,2952,123.3,0,OK,OK,OK
2026-08-30T02:20:22.555752Z,2951,123.3,0,OK,OK,OK
2026-08-30T02:20:27.928806Z,2949,123.3,0,OK,OK,OK
2026-08-30T02:20:33.303641Z,2951,123.2,0,OK,OK,OK
2026-08-30T02:20:38.690120Z,2949,123.3,0,OK,OK,OK
2026-08-30T02:20:44.077595Z,2948,123.3,0,OK,OK,OK
2026-08-30T02:20:49.452771Z,2949,123.3,0,OK,OK,OK
2026-08-30T02:20:54.823099Z,2946,123.3,0,OK,OK,OK
2026-08-30T02:21:00.208578Z,2952,123.3,0,OK,OK,OK
2026-08-30T02:21:05.598643Z,2949,123.3,0,OK,OK,OK
2026-08-30T02:21:10.993215Z,2949,123.4,0,OK,OK,OK
2026-08-30T02:21:16.379682Z,2964,123.4,0,OK,OK,OK
2026-08-30T02:21:21.782160Z,2949,123.4,0,OK,OK,OK
2026-08-30T02:21:27.168790Z,2949,123.3,0,OK,OK,OK
2026-08-30T02:21:32.571038Z,2946,123.3,0,OK,OK,OK
2026-08-30T02:21:37.953280Z,2948,123.3,0,OK,OK,OK
2026-08-30T02:21:43.344132Z,2945,123.3,0,OK,OK,OK
2026-08-30T02:21:48.714505Z,2949,123.3,0,OK,OK,OK
2026-08-30T02:21:54.082464Z,2951,123.4,0,OK,OK,OK
2026-08-30T02:21:59.471096Z,2948,123.4,0,OK,OK,OK
2026-08-30T02:22:04.845056Z,2952,123.4,0,OK,OK,OK
2026-08-30T02:22:10.215839Z,2948,123.4,0,OK,OK,OK
2026-08-30T02:22:15.631708Z,2951,123.4,0,OK,OK,OK
2026-08-30T02:22:21.014202Z,2948,123.4,0,OK,OK,OK
2026-08-30T02:22:26.378437Z,2951,123.4,0,OK,OK,OK
2026-08-30T02:22:31.762468Z,2868,123.4,0,OK,OK,OK
2026-08-30T02:22:37.143037Z,2867,123.4,0,OK,OK,OK
2026-08-30T02:22:42.515338Z,2867,123.4,0,OK,OK,OK
2026-08-30T02:22:47.890831Z,2871,123.4,0,OK,OK,OK
2026-08-30T02:22:53.285902Z,2867,123.4,0,OK,OK,OK
2026-08-30T02:22:58.690715Z,2867,123.4,0,OK,OK,OK
2026-08-30T02:23:04.068079Z,2868,123.4,0,OK,OK,OK
2026-08-30T02:23:09.445806Z,2868,123.4,0,OK,OK,OK
2026-08-30T02:23:14.850140Z,2875,123.4,0,OK,OK,OK
2026-08-30T02:23:20.232324Z,2868,123.4,0,OK,OK,OK
2026-08-30T02:23:25.613033Z,2866,123.4,0,OK,OK,OK
2026-08-30T02:23:31.015585Z,2870,123.4,0,OK,OK,OK
2026-08-30T02:23:36.407594Z,2870,123.4,0,OK,OK,OK
2026-08-30T02:23:41.772628Z,2873,123.4,0,OK,OK,OK
2026-08-30T02:23:47.139564Z,2878,123.8,0,OK,OK,OK
2026-08-30T02:23:52.509084Z,2880,123.8,0,OK,OK,OK
2026-08-30T02:23:57.888792Z,2881,123.8,0,OK,OK,OK
2026-08-30T02:24:03.249020Z,2880,123.8,0,OK,OK,OK
2026-08-30T02:24:08.624974Z,2882,123.8,0,OK,OK,OK
2026-08-30T02:24:14.033526Z,2878,123.8,0,OK,OK,OK
2026-08-30T02:24:19.396248Z,2878,123.8,0,OK,OK,OK
2026-08-30T02:24:24.779951Z,2878,123.8,0,OK,OK,OK
2026-08-30T02:24:30.162811Z,2881,123.8,0,OK,OK,OK
2026-08-30T02:24:35.539202Z,2881,123.8,0,OK,OK,OK
2026-08-30T02:24:40.909099Z,2886,123.8,0,OK,OK,OK
2026-08-30T02:24:46.293272Z,2885,123.8,0,OK,OK,OK
2026-08-30T02:24:51.679185Z,2882,123.8,0,OK,OK,OK
2026-08-30T02:24:57.056086Z,2882,123.8,0,OK,OK,OK
2026-08-30T02:25:02.441771Z,2881,123.8,0,OK,OK,OK
2026-08-30T02:25:07.814881Z,2875,123.7,0,OK,OK,OK
2026-08-30T02:25:13.472312Z,2882,123.8,0,OK,OK,OK
2026-08-30T02:25:18.845229Z,2894,123.6,0,OK,OK,OK
2026-08-30T02:25:24.258614Z,2893,123.6,0,OK,OK,OK
2026-08-30T02:25:29.630070Z,2890,123.6,0,OK,OK,OK
2026-08-30T02:25:35.016555Z,2892,123.6,0,OK,OK,OK
2026-08-30T02:25:40.419106Z,2892,123.6,0,OK,OK,OK
2026-08-30T02:25:45.802485Z,2891,123.4,0,OK,OK,OK
2026-08-30T02:25:51.176063Z,2887,123.4,0,OK,OK,OK
2026-08-30T02:25:56.536613Z,2884,123.3,0,OK,OK,OK
2026-08-30T02:26:01.926223Z,2885,123.4,0,OK,OK,OK
2026-08-30T02:26:07.319504Z,2881,123.3,0,OK,OK,OK
2026-08-30T02:26:12.688812Z,2887,123.3,0,OK,OK,OK
2026-08-30T02:26:18.064943Z,2892,123.2,0,OK,OK,OK
2026-08-30T02:26:23.463214Z,2885,123.4,0,OK,OK,OK
2026-08-30T02:26:28.841017Z,2886,123.3,0,OK,OK,OK
2026-08-30T02:26:34.214111Z,2887,123.3,0,OK,OK,OK
2026-08-30T02:26:39.591923Z,2885,123.3,0,OK,OK,OK
2026-08-30T02:26:44.959393Z,2884,123.3,0,OK,OK,OK
2026-08-30T02:26:50.335669Z,2889,123.3,0,OK,OK,OK
2026-08-30T02:26:55.750405Z,2881,123.3,0,OK,OK,OK
2026-08-30T02:27:01.134347Z,2884,123.3,0,OK,OK,OK
2026-08-30T02:27:06.523381Z,2882,123.3,0,OK,OK,OK
2026-08-30T02:27:11.917216Z,2881,123.3,0,OK,OK,OK
2026-08-30T02:27:17.308447Z,2884,123.3,0,OK,OK,OK
2026-08-30T02:27:22.688345Z,2885,123.3,0,OK,OK,OK
2026-08-30T02:27:28.062381Z,2882,123.3,0,OK,OK,OK
2026-08-30T02:27:33.437219Z,2883,123.3,0,OK,OK,OK
2026-08-30T02:27:38.830339Z,2884,123.4,0,OK,OK,OK
2026-08-30T02:27:44.228160Z,2887,123.3,0,OK,OK,OK
2026-08-30T02:27:49.593473Z,2884,123.3,0,OK,OK,OK
2026-08-30T02:27:54.975374Z,2885,123.3,0,OK,OK,OK
2026-08-30T02:28:00.357495Z,2885,123.3,0,OK,OK,OK
2026-08-30T02:28:05.759941Z,2881,123.3,0,OK,OK,OK
2026-08-30T02:28:11.178248Z,2883,123.3,0,OK,OK,OK
2026-08-30T02:28:16.564929Z,2881,123.3,0,OK,OK,OK
2026-08-30T02:28:21.951372Z,2883,123.2,0,OK,OK,OK
2026-08-30T02:28:27.321885Z,2880,123.3,0,OK,OK,OK
2026-08-30T02:28:32.706923Z,2880,123.3,0,OK,OK,OK
2026-08-30T02:28:38.075034Z,2884,123.3,0,OK,OK,OK
2026-08-30T02:28:43.449293Z,2886,123.3,0,OK,OK,OK
2026-08-30T02:28:48.817185Z,2880,123.3,0,OK,OK,OK
2026-08-30T02:28:54.223819Z,2885,123.2,0,OK,OK,OK
2026-08-30T02:28:59.611003Z,2880,123.2,0,OK,OK,OK
2026-08-30T02:29:04.983267Z,2885,123.2,0,OK,OK,OK
2026-08-30T02:29:10.358071Z,2881,123.3,0,OK,OK,OK
2026-08-30T02:29:15.752199Z,2883,123.3,0,OK,OK,OK
2026-08-30T02:29:21.155304Z,2882,123.3,0,OK,OK,OK
2026-08-30T02:29:26.549942Z,2882,123.3,0,OK,OK,OK
2026-08-30T02:29:31.915815Z,2882,123.3,0,OK,OK,OK
2026-08-30T02:29:37.299616Z,2882,123.3,0,OK,OK,OK
2026-08-30T02:29:42.673271Z,2882,123.3,0,OK,OK,OK
2026-08-30T02:29:48.045668Z,2882,123.3,0,OK,OK,OK
2026-08-30T02:29:53.412892Z,0,,0,DEGRADED,OFFLINE,OK
2026-08-30T02:29:58.816846Z,0,,0,DEGRADED,OFFLINE,OK
2026-08-30T02:30:04.190965Z,0,,0,DEGRADED,OFFLINE,OK
2026-08-30T02:30:09.579712Z,2883,123.3,0,OK,OK,OK
2026-08-30T02:30:14.959834Z,2881,123.3,0,OK,OK,OK
2026-08-30T02:30:20.338067Z,2885,123.3,0,OK,OK,OK
2026-08-30T02:30:25.723720Z,2885,123.3,0,OK,OK,OK
2026-08-30T02:30:31.095656Z,2884,123.3,0,OK,OK,OK
2026-08-30T02:30:36.490334Z,2881,123.3,0,OK,OK,OK
2026-08-30T02:30:41.868308Z,2884,123.3,0,OK,OK,OK
2026-08-30T02:30:47.286639Z,2882,123.3,0,OK,OK,OK
2026-08-30T02:30:52.673121Z,2883,123.3,0,OK,OK,OK
2026-08-30T02:30:58.059661Z,2881,123.3,0,OK,OK,OK
2026-08-30T02:31:03.456878Z,2883,123.3,0,OK,OK,OK
2026-08-30T02:31:08.854690Z,2886,123.3,0,OK,OK,OK
2026-08-30T02:31:14.261352Z,2885,123.3,0,OK,OK,OK
2026-08-30T02:31:19.618352Z,2890,123.3,0,OK,OK,OK
2026-08-30T02:31:25.011426Z,2886,123.3,0,OK,OK,OK
2026-08-30T02:31:30.385410Z,2881,123.3,0,OK,OK,OK
2026-08-30T02:31:35.754566Z,2888,123.4,0,OK,OK,OK
2026-08-30T02:31:41.134382Z,2885,123.4,0,OK,OK,OK
2026-08-30T02:31:46.512089Z,2886,123.4,0,OK,OK,OK
2026-08-30T02:31:51.888227Z,2889,123.4,0,OK,OK,OK
2026-08-30T02:31:57.249429Z,2888,123.4,0,OK,OK,OK
2026-08-30T02:32:02.628739Z,2887,123.4,0,OK,OK,OK
2026-08-30T02:32:08.023743Z,2888,123.4,0,OK,OK,OK
2026-08-30T02:32:13.392093Z,2884,123.4,0,OK,OK,OK
2026-08-30T02:32:18.777376Z,2884,123.4,0,OK,OK,OK
2026-08-30T02:32:24.147970Z,2888,123.4,0,OK,OK,OK
2026-08-30T02:32:29.519398Z,2885,123.4,0,OK,OK,OK
2026-08-30T02:32:34.888895Z,2884,123.4,0,OK,OK,OK
2026-08-30T02:32:40.291521Z,2885,123.5,0,OK,OK,OK
2026-08-30T02:32:45.695721Z,2887,123.5,0,OK,OK,OK
2026-08-30T02:32:51.070764Z,2886,123.5,0,OK,OK,OK
2026-08-30T02:32:56.453650Z,2887,123.4,0,OK,OK,OK
2026-08-30T02:33:01.865962Z,2889,123.4,0,OK,OK,OK
2026-08-30T02:33:07.261454Z,2888,123.4,0,OK,OK,OK
2026-08-30T02:33:12.615789Z,2888,123.4,0,OK,OK,OK
2026-08-30T02:33:17.988396Z,2885,123.4,0,OK,OK,OK
2026-08-30T02:33:23.356403Z,2888,123.4,0,OK,OK,OK
2026-08-30T02:33:28.721937Z,2887,123.5,0,OK,OK,OK
2026-08-30T02:33:34.108393Z,2886,123.4,0,OK,OK,OK
2026-08-30T02:33:39.486883Z,2882,123.4,0,OK,OK,OK
2026-08-30T02:33:44.869861Z,2887,123.4,0,OK,OK,OK
2026-08-30T02:33:50.233475Z,2888,123.4,0,OK,OK,OK
2026-08-30T02:33:55.625050Z,2885,123.4,0,OK,OK,OK
2026-08-30T02:34:01.024615Z,2886,123.4,0,OK,OK,OK
2026-08-30T02:34:06.388017Z,2844,121.0,0,OK,OK,OK
2026-08-30T02:34:11.778503Z,2867,123.4,0,OK,OK,OK
2026-08-30T02:34:17.178040Z,2867,123.4,0,OK,OK,OK
2026-08-30T02:34:22.558125Z,2870,123.4,0,OK,OK,OK
2026-08-30T02:34:27.940344Z,2868,123.4,0,OK,OK,OK
2026-08-30T02:34:33.314391Z,2866,123.3,0,OK,OK,OK
2026-08-30T02:34:38.700868Z,2868,123.3,0,OK,OK,OK
2026-08-30T02:34:44.073491Z,2866,123.2,0,OK,OK,OK
2026-08-30T02:34:49.465464Z,2867,123.2,0,OK,OK,OK
2026-08-30T02:34:54.848646Z,2868,123.2,0,OK,OK,OK
2026-08-30T02:35:00.244168Z,2868,123.2,0,OK,OK,OK
2026-08-30T02:35:05.636132Z,2866,123.3,0,OK,OK,OK
2026-08-30T02:35:11.003400Z,2868,123.2,0,OK,OK,OK
2026-08-30T02:35:16.411745Z,2866,123.2,0,OK,OK,OK
2026-08-30T02:35:21.777214Z,2862,123.2,0,OK,OK,OK
2026-08-30T02:35:27.146812Z,2866,123.2,0,OK,OK,OK
2026-08-30T02:35:32.532064Z,2874,123.2,0,OK,OK,OK
2026-08-30T02:35:37.903886Z,2868,123.2,0,OK,OK,OK
2026-08-30T02:35:43.282387Z,2868,123.2,0,OK,OK,OK
2026-08-30T02:35:48.681328Z,2874,123.2,0,OK,OK,OK
2026-08-30T02:35:54.059174Z,2867,123.2,0,OK,OK,OK
2026-08-30T02:35:59.434337Z,2866,123.2,0,OK,OK,OK
2026-08-30T02:36:04.817719Z,2870,123.1,0,OK,OK,OK
2026-08-30T02:36:10.205022Z,2865,123.1,0,OK,OK,OK
2026-08-30T02:36:15.594318Z,2867,123.1,0,OK,OK,OK
2026-08-30T02:36:20.961077Z,2864,123.1,0,OK,OK,OK
2026-08-30T02:36:26.380114Z,2860,123.1,0,OK,OK,OK
2026-08-30T02:36:31.781744Z,2865,123.1,0,OK,OK,OK
2026-08-30T02:36:37.187737Z,2865,123.1,0,OK,OK,OK
2026-08-30T02:36:42.545088Z,2863,123.1,0,OK,OK,OK
2026-08-30T02:36:47.912165Z,2869,123.1,0,OK,OK,OK
2026-08-30T02:36:53.298849Z,2866,123.1,0,OK,OK,OK
2026-08-30T02:36:58.667348Z,2868,123.1,0,OK,OK,OK
2026-08-30T02:37:04.055744Z,2865,123.1,0,OK,OK,OK
2026-08-30T02:37:09.429446Z,2864,123.1,0,OK,OK,OK
2026-08-30T02:37:14.816671Z,2866,123.1,0,OK,OK,OK
2026-08-30T02:37:20.198593Z,2865,123.1,0,OK,OK,OK
2026-08-30T02:37:25.586201Z,2866,123.1,0,OK,OK,OK
2026-08-30T02:37:30.957663Z,2868,123.1,0,OK,OK,OK
2026-08-30T02:37:36.338172Z,2867,123.1,0,OK,OK,OK
2026-08-30T02:37:41.730060Z,2867,123.1,0,OK,OK,OK
2026-08-30T02:37:47.115880Z,2862,123.1,0,OK,OK,OK
2026-08-30T02:37:52.513138Z,2863,123.0,0,OK,OK,OK
2026-08-30T02:37:57.872969Z,2863,123.1,0,OK,OK,OK
2026-08-30T02:38:03.253199Z,2863,123.1,0,OK,OK,OK
2026-08-30T02:38:08.639583Z,2863,123.1,0,OK,OK,OK
2026-08-30T02:38:14.034522Z,2866,123.1,0,OK,OK,OK
2026-08-30T02:38:19.428085Z,2864,123.1,0,OK,OK,OK
2026-08-30T02:38:24.793627Z,2863,123.0,0,OK,OK,OK
2026-08-30T02:38:30.159944Z,2862,123.1,0,OK,OK,OK
2026-08-30T02:38:35.530411Z,2862,123.1,0,OK,OK,OK
2026-08-30T02:38:40.909120Z,2865,123.0,0,OK,OK,OK
2026-08-30T02:38:46.287554Z,2864,123.0,0,OK,OK,OK
2026-08-30T02:38:51.665057Z,2862,123.0,0,OK,OK,OK
2026-08-30T02:38:57.058364Z,2857,123.0,0,OK,OK,OK
2026-08-30T02:39:02.435760Z,2861,123.1,0,OK,OK,OK
2026-08-30T02:39:07.815983Z,2863,123.0,0,OK,OK,OK
2026-08-30T02:39:13.208190Z,2868,123.1,0,OK,OK,OK
2026-08-30T02:39:18.592553Z,2859,123.1,0,OK,OK,OK
2026-08-30T02:39:23.990364Z,2863,123.1,0,OK,OK,OK
2026-08-30T02:39:29.402843Z,2862,123.1,0,OK,OK,OK
2026-08-30T02:39:34.781930Z,2861,123.1,0,OK,OK,OK
2026-08-30T02:39:40.168705Z,2861,123.1,0,OK,OK,OK
2026-08-30T02:39:45.546398Z,2860,123.1,0,OK,OK,OK
2026-08-30T02:39:50.909496Z,2860,123.1,0,OK,OK,OK
2026-08-30T02:39:56.280163Z,2863,123.1,0,OK,OK,OK
2026-08-30T02:40:01.662203Z,2859,123.1,0,OK,OK,OK
2026-08-30T02:40:07.041546Z,2943,123.1,0,OK,OK,OK
2026-08-30T02:40:12.422985Z,2954,123.1,0,OK,OK,OK
2026-08-30T02:40:17.803633Z,2971,123.1,0,OK,OK,OK
2026-08-30T02:40:23.168617Z,2971,123.1,0,OK,OK,OK
2026-08-30T02:40:28.551894Z,2971,123.1,0,OK,OK,OK
2026-08-30T02:40:33.932751Z,2969,123.1,0,OK,OK,OK
2026-08-30T02:40:39.306898Z,2970,123.1,0,OK,OK,OK
2026-08-30T02:40:44.695645Z,2970,123.1,0,OK,OK,OK
2026-08-30T02:40:50.079275Z,2970,123.1,0,OK,OK,OK
2026-08-30T02:40:55.475596Z,2968,123.1,0,OK,OK,OK
2026-08-30T02:41:00.872385Z,2964,123.1,0,OK,OK,OK
2026-08-30T02:41:06.232746Z,2962,123.2,0,OK,OK,OK
2026-08-30T02:41:11.620535Z,2963,123.2,0,OK,OK,OK
2026-08-30T02:41:16.989297Z,2969,123.1,0,OK,OK,OK
2026-08-30T02:41:22.357560Z,2954,123.1,0,OK,OK,OK
2026-08-30T02:41:27.755886Z,2965,123.4,0,OK,OK,OK
2026-08-30T02:41:33.132532Z,2963,123.4,0,OK,OK,OK
2026-08-30T02:41:38.512910Z,2965,123.4,0,OK,OK,OK
2026-08-30T02:41:43.884262Z,2963,123.4,0,OK,OK,OK
2026-08-30T02:41:49.302111Z,2965,123.4,0,OK,OK,OK
2026-08-30T02:41:54.689513Z,2969,123.4,0,OK,OK,OK
2026-08-30T02:42:00.058423Z,2965,123.4,0,OK,OK,OK
2026-08-30T02:42:05.451842Z,2963,123.4,0,OK,OK,OK
2026-08-30T02:42:10.843769Z,2961,123.4,0,OK,OK,OK
2026-08-30T02:42:16.265718Z,2958,123.4,0,OK,OK,OK
2026-08-30T02:42:21.632717Z,2959,123.5,0,OK,OK,OK
2026-08-30T02:42:27.007601Z,2954,123.5,0,OK,OK,OK
2026-08-30T02:42:32.409894Z,2957,123.5,0,OK,OK,OK
2026-08-30T02:42:37.796513Z,2958,123.5,0,OK,OK,OK
2026-08-30T02:42:43.182833Z,2958,123.5,0,OK,OK,OK
2026-08-30T02:42:48.553531Z,2958,123.5,0,OK,OK,OK
2026-08-30T02:42:53.939780Z,2958,123.4,0,OK,OK,OK
2026-08-30T02:42:59.310978Z,2964,123.3,0,OK,OK,OK
2026-08-30T02:43:04.681055Z,2966,123.3,0,OK,OK,OK
2026-08-30T02:43:10.053122Z,2970,123.3,0,OK,OK,OK
2026-08-30T02:43:15.419386Z,2972,123.3,0,OK,OK,OK
2026-08-30T02:43:20.793690Z,2969,123.3,0,OK,OK,OK
2026-08-30T02:43:26.178507Z,2968,123.3,0,OK,OK,OK
2026-08-30T02:43:31.549106Z,2972,123.3,0,OK,OK,OK
2026-08-30T02:43:36.927927Z,2967,123.3,0,OK,OK,OK
2026-08-30T02:43:42.306066Z,2969,123.3,0,OK,OK,OK
2026-08-30T02:43:47.696700Z,2970,123.3,0,OK,OK,OK
2026-08-30T02:43:53.068441Z,2977,123.4,0,OK,OK,OK
2026-08-30T02:43:58.454105Z,2973,123.4,0,OK,OK,OK
2026-08-30T02:44:03.854317Z,2973,123.4,0,OK,OK,OK
2026-08-30T02:44:09.254486Z,2973,123.4,0,OK,OK,OK
2026-08-30T02:44:14.615052Z,2976,123.4,0,OK,OK,OK
2026-08-30T02:44:20.007007Z,2972,123.4,0,OK,OK,OK
2026-08-30T02:44:25.397939Z,2974,123.4,0,OK,OK,OK
2026-08-30T02:44:30.754168Z,2978,123.4,0,OK,OK,OK
2026-08-30T02:44:36.138906Z,2974,123.3,0,OK,OK,OK
2026-08-30T02:44:41.530104Z,2972,123.3,0,OK,OK,OK
2026-08-30T02:44:46.923664Z,2977,123.3,0,OK,OK,OK
2026-08-30T02:44:52.295606Z,2971,123.4,0,OK,OK,OK
2026-08-30T02:44:57.662607Z,2972,123.4,0,OK,OK,OK
2026-08-30T02:45:03.038592Z,2971,123.4,0,OK,OK,OK
2026-08-30T02:45:08.409912Z,2973,123.3,0,OK,OK,OK
2026-08-30T02:45:13.895357Z,2974,123.4,0,OK,OK,OK
2026-08-30T02:45:19.282499Z,2977,123.4,0,OK,OK,OK
2026-08-30T02:45:24.666855Z,2970,123.4,0,OK,OK,OK
2026-08-30T02:45:30.037023Z,2968,123.4,0,OK,OK,OK
2026-08-30T02:45:35.432225Z,2976,123.4,0,OK,OK,OK
2026-08-30T02:45:40.812843Z,2970,123.4,0,OK,OK,OK
2026-08-30T02:45:46.195344Z,2976,123.5,0,OK,OK,OK
2026-08-30T02:45:51.570644Z,2974,123.6,0,OK,OK,OK
2026-08-30T02:45:56.942672Z,2977,123.6,0,OK,OK,OK
2026-08-30T02:46:02.332615Z,2975,123.6,0,OK,OK,OK
2026-08-30T02:46:07.691201Z,2978,123.6,0,OK,OK,OK
2026-08-30T02:46:13.095659Z,2975,123.6,0,OK,OK,OK
2026-08-30T02:46:18.466426Z,2990,123.6,0,OK,OK,OK
2026-08-30T02:46:23.853060Z,2980,123.6,0,OK,OK,OK
2026-08-30T02:46:29.235069Z,2980,123.6,0,OK,OK,OK
2026-08-30T02:46:34.633309Z,2983,123.6,0,OK,OK,OK
2026-08-30T02:46:40.017227Z,2985,123.6,0,OK,OK,OK
2026-08-30T02:46:45.388649Z,2982,123.6,0,OK,OK,OK
2026-08-30T02:46:50.753630Z,2981,123.6,0,OK,OK,OK
2026-08-30T02:46:56.124094Z,2983,123.6,0,OK,OK,OK
2026-08-30T02:47:01.509185Z,2983,123.6,0,OK,OK,OK
2026-08-30T02:47:06.875608Z,2982,123.6,0,OK,OK,OK
2026-08-30T02:47:12.268295Z,2983,123.6,0,OK,OK,OK
2026-08-30T02:47:17.658792Z,2985,123.6,0,OK,OK,OK
2026-08-30T02:47:23.029493Z,2977,123.6,0,OK,OK,OK
2026-08-30T02:47:28.406454Z,2979,123.6,0,OK,OK,OK
2026-08-30T02:47:33.799134Z,2976,123.6,0,OK,OK,OK
2026-08-30T02:47:39.182996Z,2981,123.6,0,OK,OK,OK
2026-08-30T02:47:44.554488Z,2977,123.6,0,OK,OK,OK
2026-08-30T02:47:49.941000Z,2976,123.5,0,OK,OK,OK
2026-08-30T02:47:55.327444Z,2978,123.6,0,OK,OK,OK
2026-08-30T02:48:00.691563Z,2979,123.6,0,OK,OK,OK
2026-08-30T02:48:06.068570Z,2979,123.6,0,OK,OK,OK
2026-08-30T02:48:11.459087Z,2980,123.6,0,OK,OK,OK
2026-08-30T02:48:16.847629Z,2982,123.6,0,OK,OK,OK
2026-08-30T02:48:22.207920Z,2975,123.6,0,OK,OK,OK
2026-08-30T02:48:27.577364Z,2982,123.6,0,OK,OK,OK
2026-08-30T02:48:32.966632Z,2982,123.6,0,OK,OK,OK
2026-08-30T02:48:38.338130Z,2977,123.5,0,OK,OK,OK
2026-08-30T02:48:43.730776Z,2976,123.6,0,OK,OK,OK
2026-08-30T02:48:49.141375Z,2974,123.4,0,OK,OK,OK
2026-08-30T02:48:54.521293Z,2971,123.3,0,OK,OK,OK
2026-08-30T02:48:59.875844Z,2972,123.3,0,OK,OK,OK
2026-08-30T02:49:05.257524Z,2971,123.3,0,OK,OK,OK
2026-08-30T02:49:10.649622Z,2976,123.3,0,OK,OK,OK
2026-08-30T02:49:16.011639Z,2973,123.3,0,OK,OK,OK
2026-08-30T02:49:21.409353Z,2970,123.3,0,OK,OK,OK
2026-08-30T02:49:26.805426Z,2967,123.3,0,OK,OK,OK
2026-08-30T02:49:32.195513Z,2971,123.3,0,OK,OK,OK
2026-08-30T02:49:37.581495Z,1509,123.8,0,OK,OK,OK
2026-08-30T02:49:42.955895Z,1509,123.8,0,OK,OK,OK
2026-08-30T02:49:48.342050Z,1512,123.8,0,OK,OK,OK
2026-08-30T02:49:53.702666Z,1504,123.7,0,OK,OK,OK
2026-08-30T02:49:59.085341Z,1507,123.9,0,OK,OK,OK
2026-08-30T02:50:04.466141Z,1505,123.7,0,OK,OK,OK
2026-08-30T02:50:09.863772Z,1511,123.8,0,OK,OK,OK
2026-08-30T02:50:15.227492Z,1512,123.7,0,OK,OK,OK
2026-08-30T02:50:20.611100Z,1511,123.7,0,OK,OK,OK
2026-08-30T02:50:26.023331Z,1509,123.7,0,OK,OK,OK
2026-08-30T02:50:31.382826Z,1507,123.6,0,OK,OK,OK
2026-08-30T02:50:36.769292Z,1507,123.5,0,OK,OK,OK
2026-08-30T02:50:42.171742Z,1508,123.4,0,OK,OK,OK
2026-08-30T02:50:47.556090Z,1504,123.4,0,OK,OK,OK
2026-08-30T02:50:52.928880Z,1507,123.5,0,OK,OK,OK
2026-08-30T02:50:58.313301Z,1507,123.5,0,OK,OK,OK
2026-08-30T02:51:03.686111Z,1506,123.5,0,OK,OK,OK
2026-08-30T02:51:09.088470Z,1508,123.5,0,OK,OK,OK
2026-08-30T02:51:14.473556Z,1507,123.5,0,OK,OK,OK
2026-08-30T02:51:19.845544Z,1511,123.5,0,OK,OK,OK
2026-08-30T02:51:25.248024Z,1511,123.5,0,OK,OK,OK
2026-08-30T02:51:30.618567Z,1506,123.5,0,OK,OK,OK
2026-08-30T02:51:35.987259Z,1505,123.5,0,OK,OK,OK
2026-08-30T02:51:41.374951Z,1506,123.5,0,OK,OK,OK
2026-08-30T02:51:46.750296Z,1506,123.5,0,OK,OK,OK
2026-08-30T02:51:52.130277Z,1506,123.6,0,OK,OK,OK
2026-08-30T02:51:57.535360Z,1509,123.5,0,OK,OK,OK
2026-08-30T02:52:02.921832Z,1506,123.5,0,OK,OK,OK
2026-08-30T02:52:08.301486Z,1506,123.4,0,OK,OK,OK
2026-08-30T02:52:13.735987Z,1508,123.4,0,OK,OK,OK
2026-08-30T02:52:19.125123Z,1507,123.6,0,OK,OK,OK
2026-08-30T02:52:24.515905Z,1508,123.7,0,OK,OK,OK
2026-08-30T02:52:29.902399Z,1506,123.6,0,OK,OK,OK
2026-08-30T02:52:35.288850Z,1507,123.7,0,OK,OK,OK
2026-08-30T02:52:40.667911Z,1507,123.7,0,OK,OK,OK
2026-08-30T02:52:46.030728Z,1506,123.6,0,OK,OK,OK
2026-08-30T02:52:51.412233Z,1505,123.6,0,OK,OK,OK
2026-08-30T02:52:56.795367Z,1506,123.6,0,OK,OK,OK
2026-08-30T02:53:02.173282Z,1503,123.6,0,OK,OK,OK
2026-08-30T02:53:07.559666Z,1507,123.6,0,OK,OK,OK
2026-08-30T02:53:12.959485Z,1507,123.6,0,OK,OK,OK
2026-08-30T02:53:18.341472Z,1509,123.6,0,OK,OK,OK
2026-08-30T02:53:23.703375Z,1506,123.6,0,OK,OK,OK
2026-08-30T02:53:29.105796Z,1505,123.6,0,OK,OK,OK
2026-08-30T02:53:34.508316Z,1506,123.6,0,OK,OK,OK
2026-08-30T02:53:39.885488Z,1506,123.7,0,OK,OK,OK
2026-08-30T02:53:45.297273Z,1504,123.6,0,OK,OK,OK
2026-08-30T02:53:50.689918Z,1504,123.7,0,OK,OK,OK
2026-08-30T02:53:56.079116Z,1504,123.6,0,OK,OK,OK
2026-08-30T02:54:01.450955Z,1504,123.6,0,OK,OK,OK
2026-08-30T02:54:06.833445Z,1502,123.6,0,OK,OK,OK
2026-08-30T02:54:12.228987Z,1504,123.6,0,OK,OK,OK
2026-08-30T02:54:17.618924Z,1504,123.6,0,OK,OK,OK
2026-08-30T02:54:23.007923Z,1505,123.6,0,OK,OK,OK
2026-08-30T02:54:28.381731Z,1500,123.4,0,OK,OK,OK
2026-08-30T02:54:33.771903Z,1495,123.6,0,OK,OK,OK
2026-08-30T02:54:39.137195Z,1493,123.6,0,OK,OK,OK
2026-08-30T02:54:44.507002Z,1495,123.6,0,OK,OK,OK
2026-08-30T02:54:49.909491Z,1499,123.6,0,OK,OK,OK
2026-08-30T02:54:55.275296Z,1495,123.5,0,OK,OK,OK
2026-08-30T02:55:00.652313Z,1494,123.5,0,OK,OK,OK
2026-08-30T02:55:06.030717Z,1492,123.6,0,OK,OK,OK
2026-08-30T02:55:11.430640Z,1495,123.6,0,OK,OK,OK
2026-08-30T02:55:16.795411Z,1493,123.6,0,OK,OK,OK
2026-08-30T02:55:22.175375Z,1492,123.6,0,OK,OK,OK
2026-08-30T02:55:27.591662Z,1496,123.6,0,OK,OK,OK
2026-08-30T02:55:32.989067Z,1500,123.6,0,OK,OK,OK
2026-08-30T02:55:38.365770Z,1497,123.6,0,OK,OK,OK
2026-08-30T02:55:43.749746Z,1496,123.6,0,OK,OK,OK
2026-08-30T02:55:49.155010Z,1498,123.6,0,OK,OK,OK
2026-08-30T02:55:54.530782Z,1497,123.6,0,OK,OK,OK
2026-08-30T02:55:59.901393Z,1496,123.7,0,OK,OK,OK
2026-08-30T02:56:05.287977Z,1498,123.7,0,OK,OK,OK
2026-08-30T02:56:10.706297Z,1497,123.7,0,OK,OK,OK
2026-08-30T02:56:16.077847Z,1506,123.7,0,OK,OK,OK
2026-08-30T02:56:21.454069Z,1497,123.6,0,OK,OK,OK
2026-08-30T02:56:26.861266Z,1496,123.7,0,OK,OK,OK
2026-08-30T02:56:32.239535Z,1500,123.7,0,OK,OK,OK
2026-08-30T02:56:37.611817Z,1495,123.7,0,OK,OK,OK
2026-08-30T02:56:42.986109Z,1497,123.7,0,OK,OK,OK
2026-08-30T02:56:48.388360Z,1497,123.7,0,OK,OK,OK
2026-08-30T02:56:53.766750Z,1496,123.7,0,OK,OK,OK
2026-08-30T02:56:59.148622Z,1497,123.7,0,OK,OK,OK
2026-08-30T02:57:04.539842Z,1496,123.7,0,OK,OK,OK
2026-08-30T02:57:09.932597Z,1492,123.7,0,OK,OK,OK
2026-08-30T02:57:15.321594Z,1497,123.8,0,OK,OK,OK
2026-08-30T02:57:20.699292Z,1494,123.7,0,OK,OK,OK
2026-08-30T02:57:26.075379Z,1495,123.7,0,OK,OK,OK
2026-08-30T02:57:31.443470Z,1495,123.7,0,OK,OK,OK
2026-08-30T02:57:36.831729Z,1496,123.7,0,OK,OK,OK
2026-08-30T02:57:42.204822Z,1500,123.7,0,OK,OK,OK
2026-08-30T02:57:47.567036Z,1498,123.7,0,OK,OK,OK
2026-08-30T02:57:52.954958Z,1497,123.7,0,OK,OK,OK
2026-08-30T02:57:58.324671Z,1497,123.6,0,OK,OK,OK
2026-08-30T02:58:03.710011Z,1496,123.6,0,OK,OK,OK
2026-08-30T02:58:09.089655Z,1496,123.6,0,OK,OK,OK
2026-08-30T02:58:14.507284Z,1502,123.7,0,OK,OK,OK
2026-08-30T02:58:19.880473Z,1498,123.7,0,OK,OK,OK
2026-08-30T02:58:25.257683Z,1499,123.7,0,OK,OK,OK
2026-08-30T02:58:30.650069Z,1498,123.8,0,OK,OK,OK
2026-08-30T02:58:36.036023Z,1498,123.7,0,OK,OK,OK
2026-08-30T02:58:41.416570Z,1495,123.7,0,OK,OK,OK
2026-08-30T02:58:46.778714Z,1497,123.7,0,OK,OK,OK
2026-08-30T02:58:52.157648Z,1497,123.8,0,OK,OK,OK
2026-08-30T02:58:57.537569Z,1498,123.7,0,OK,OK,OK
2026-08-30T02:59:02.898801Z,1496,123.7,0,OK,OK,OK
2026-08-30T02:59:08.275469Z,1498,123.8,0,OK,OK,OK
2026-08-30T02:59:13.672548Z,1495,123.7,0,OK,OK,OK
2026-08-30T02:59:19.068006Z,1494,123.7,0,OK,OK,OK
2026-08-30T02:59:24.468966Z,1493,123.6,0,OK,OK,OK
2026-08-30T02:59:29.859004Z,1491,123.7,0,OK,OK,OK
2026-08-30T02:59:35.240674Z,1498,123.7,0,OK,OK,OK
2026-08-30T02:59:40.600950Z,1492,123.7,0,OK,OK,OK
2026-08-30T02:59:46.008666Z,1494,123.6,0,OK,OK,OK
2026-08-30T02:59:51.388227Z,1495,123.8,0,OK,OK,OK
2026-08-30T02:59:56.781652Z,1498,123.8,0,OK,OK,OK
2026-08-30T03:00:02.146085Z,1494,123.7,0,OK,OK,OK
2026-08-30T03:00:07.535079Z,1496,123.7,0,OK,OK,OK
2026-08-30T03:00:12.976850Z,1497,123.8,0,OK,OK,OK
2026-08-30T03:00:18.343786Z,1497,123.8,0,OK,OK,OK
2026-08-30T03:00:23.737521Z,1499,123.8,0,OK,OK,OK
2026-08-30T03:00:29.116802Z,1496,123.7,0,OK,OK,OK
2026-08-30T03:00:34.483619Z,1416,123.7,0,OK,OK,OK
2026-08-30T03:00:39.849036Z,1414,123.7,0,OK,OK,OK
2026-08-30T03:00:45.236568Z,1414,123.7,0,OK,OK,OK
2026-08-30T03:00:50.622530Z,1414,123.7,0,OK,OK,OK
2026-08-30T03:00:56.000582Z,1415,123.7,0,OK,OK,OK
2026-08-30T03:01:01.385770Z,1412,123.7,0,OK,OK,OK
2026-08-30T03:01:06.770599Z,1413,123.6,0,OK,OK,OK
2026-08-30T03:01:12.150707Z,1414,123.7,0,OK,OK,OK
2026-08-30T03:01:17.514622Z,1421,123.7,0,OK,OK,OK
2026-08-30T03:01:22.885129Z,1414,123.7,0,OK,OK,OK
2026-08-30T03:01:28.282173Z,1418,123.9,0,OK,OK,OK
2026-08-30T03:01:33.671581Z,1422,123.9,0,OK,OK,OK
2026-08-30T03:01:39.060866Z,1424,123.9,0,OK,OK,OK
2026-08-30T03:01:44.436649Z,1418,123.9,0,OK,OK,OK
2026-08-30T03:01:49.838946Z,1419,123.9,0,OK,OK,OK
2026-08-30T03:01:55.231023Z,1417,123.9,0,OK,OK,OK
2026-08-30T03:02:00.636764Z,1415,124.0,0,OK,OK,OK
2026-08-30T03:02:06.026933Z,1421,123.9,0,OK,OK,OK
2026-08-30T03:02:11.392838Z,1419,124.0,0,OK,OK,OK
2026-08-30T03:02:16.802815Z,1419,123.9,0,OK,OK,OK
2026-08-30T03:02:22.190527Z,1419,123.9,0,OK,OK,OK
2026-08-30T03:02:27.558921Z,1418,123.9,0,OK,OK,OK
2026-08-30T03:02:32.929323Z,1420,123.9,0,OK,OK,OK
2026-08-30T03:02:38.312366Z,1421,123.9,0,OK,OK,OK
2026-08-30T03:02:43.693475Z,1418,124.0,0,OK,OK,OK
2026-08-30T03:02:49.053417Z,1418,124.0,0,OK,OK,OK
2026-08-30T03:02:54.439791Z,1420,124.0,0,OK,OK,OK
2026-08-30T03:02:59.826397Z,1424,123.8,0,OK,OK,OK
2026-08-30T03:03:05.206428Z,1427,123.7,0,OK,OK,OK
2026-08-30T03:03:10.567293Z,1421,123.7,0,OK,OK,OK
2026-08-30T03:03:15.966857Z,1426,123.8,0,OK,OK,OK
2026-08-30T03:03:21.354400Z,1426,123.7,0,OK,OK,OK
2026-08-30T03:03:26.738391Z,1423,123.8,0,OK,OK,OK
2026-08-30T03:03:32.118441Z,1426,123.8,0,OK,OK,OK
2026-08-30T03:03:37.497502Z,1426,123.8,0,OK,OK,OK
2026-08-30T03:03:42.902262Z,1424,123.8,0,OK,OK,OK
2026-08-30T03:03:48.269182Z,1425,123.8,0,OK,OK,OK
2026-08-30T03:03:53.653963Z,1572,123.8,0,OK,OK,OK
2026-08-30T03:03:59.057939Z,1557,123.8,0,OK,OK,OK
2026-08-30T03:04:04.452412Z,1556,123.8,0,OK,OK,OK
2026-08-30T03:04:09.823722Z,1549,123.8,0,OK,OK,OK
2026-08-30T03:04:15.216919Z,1549,123.8,0,OK,OK,OK
2026-08-30T03:04:20.619167Z,1549,123.8,0,OK,OK,OK
2026-08-30T03:04:25.978892Z,1546,123.8,0,OK,OK,OK
2026-08-30T03:04:31.361011Z,1550,123.8,0,OK,OK,OK
2026-08-30T03:04:36.735479Z,1549,123.8,0,OK,OK,OK
2026-08-30T03:04:42.138002Z,1548,123.8,0,OK,OK,OK
2026-08-30T03:04:47.521792Z,1552,123.9,0,OK,OK,OK
2026-08-30T03:04:52.900236Z,1547,123.8,0,OK,OK,OK
2026-08-30T03:04:58.283984Z,1547,123.8,0,OK,OK,OK
2026-08-30T03:05:03.661453Z,1550,123.9,0,OK,OK,OK
2026-08-30T03:05:09.040086Z,1550,123.8,0,OK,OK,OK
2026-08-30T03:05:14.427848Z,1548,123.8,0,OK,OK,OK
2026-08-30T03:05:19.815612Z,1436,123.8,0,OK,OK,OK
2026-08-30T03:05:25.199880Z,1435,123.8,0,OK,OK,OK
2026-08-30T03:05:30.571351Z,1433,123.8,0,OK,OK,OK
2026-08-30T03:05:35.940324Z,1435,123.8,0,OK,OK,OK
2026-08-30T03:05:41.322991Z,1435,123.8,0,OK,OK,OK
2026-08-30T03:05:46.712499Z,1435,123.8,0,OK,OK,OK
2026-08-30T03:05:52.113063Z,1433,123.8,0,OK,OK,OK
2026-08-30T03:05:57.500506Z,1438,123.7,0,OK,OK,OK
2026-08-30T03:06:02.887025Z,1437,123.7,0,OK,OK,OK
2026-08-30T03:06:08.272224Z,1435,123.7,0,OK,OK,OK
2026-08-30T03:06:13.658808Z,1432,123.7,0,OK,OK,OK
2026-08-30T03:06:19.031802Z,1442,123.8,0,OK,OK,OK
2026-08-30T03:06:24.416790Z,1434,123.8,0,OK,OK,OK
2026-08-30T03:06:29.830913Z,1437,123.8,0,OK,OK,OK
2026-08-30T03:06:35.210972Z,1435,123.8,0,OK,OK,OK
2026-08-30T03:06:40.582576Z,1434,123.8,0,OK,OK,OK
2026-08-30T03:06:45.964447Z,1430,123.8,0,OK,OK,OK
2026-08-30T03:06:51.345809Z,1432,123.8,0,OK,OK,OK
2026-08-30T03:06:56.705721Z,1429,123.7,0,OK,OK,OK
2026-08-30T03:07:02.076398Z,1432,123.8,0,OK,OK,OK
2026-08-30T03:07:07.454719Z,1431,123.7,0,OK,OK,OK
2026-08-30T03:07:12.894258Z,1434,123.7,0,OK,OK,OK
2026-08-30T03:07:18.299798Z,1431,123.7,0,OK,OK,OK
2026-08-30T03:07:23.680947Z,1429,123.7,0,OK,OK,OK
2026-08-30T03:07:29.072795Z,1432,123.7,0,OK,OK,OK
2026-08-30T03:07:34.436869Z,1430,123.7,0,OK,OK,OK
2026-08-30T03:07:39.827343Z,1432,123.7,0,OK,OK,OK
2026-08-30T03:07:45.211454Z,1428,123.7,0,OK,OK,OK
2026-08-30T03:07:50.592157Z,1429,123.7,0,OK,OK,OK
2026-08-30T03:07:55.955617Z,1433,123.7,0,OK,OK,OK
2026-08-30T03:08:01.349426Z,1429,123.7,0,OK,OK,OK
2026-08-30T03:08:06.725442Z,1418,123.7,0,OK,OK,OK
2026-08-30T03:08:12.101119Z,1421,123.7,0,OK,OK,OK
2026-08-30T03:08:17.485384Z,1420,123.7,0,OK,OK,OK
2026-08-30T03:08:22.885478Z,1419,123.7,0,OK,OK,OK
2026-08-30T03:08:28.265903Z,1419,123.6,0,OK,OK,OK
2026-08-30T03:08:33.631089Z,1417,123.7,0,OK,OK,OK
2026-08-30T03:08:39.017676Z,1419,123.7,0,OK,OK,OK
2026-08-30T03:08:44.409295Z,1423,123.6,0,OK,OK,OK
2026-08-30T03:08:49.771406Z,1423,123.6,0,OK,OK,OK
2026-08-30T03:08:55.160563Z,1426,123.7,0,OK,OK,OK
2026-08-30T03:09:00.545196Z,1420,123.6,0,OK,OK,OK
2026-08-30T03:09:05.927604Z,1423,123.6,0,OK,OK,OK
2026-08-30T03:09:11.304714Z,1425,123.6,0,OK,OK,OK
2026-08-30T03:09:16.686800Z,1423,123.7,0,OK,OK,OK
2026-08-30T03:09:22.071479Z,1425,123.7,0,OK,OK,OK
2026-08-30T03:09:27.450577Z,1425,123.7,0,OK,OK,OK
2026-08-30T03:09:32.834730Z,1428,123.8,0,OK,OK,OK
2026-08-30T03:09:38.221305Z,1423,123.8,0,OK,OK,OK
2026-08-30T03:09:43.612377Z,1423,123.8,0,OK,OK,OK
2026-08-30T03:09:48.973950Z,1422,123.8,0,OK,OK,OK
2026-08-30T03:09:54.360792Z,1427,123.7,0,OK,OK,OK
2026-08-30T03:09:59.736986Z,1422,123.7,0,OK,OK,OK
2026-08-30T03:10:05.123042Z,1424,123.7,0,OK,OK,OK
2026-08-30T03:10:10.524563Z,1423,123.7,0,OK,OK,OK
2026-08-30T03:10:15.904770Z,1428,123.7,0,OK,OK,OK
2026-08-30T03:10:21.297736Z,1423,123.6,0,OK,OK,OK
2026-08-30T03:10:26.670811Z,1426,123.7,0,OK,OK,OK
2026-08-30T03:10:32.050245Z,1425,123.7,0,OK,OK,OK
2026-08-30T03:10:37.435346Z,1422,123.7,0,OK,OK,OK
2026-08-30T03:10:42.813256Z,1423,123.6,0,OK,OK,OK
2026-08-30T03:10:48.185987Z,1424,123.7,0,OK,OK,OK
2026-08-30T03:10:53.584100Z,1426,123.7,0,OK,OK,OK
2026-08-30T03:10:58.957651Z,1425,123.7,0,OK,OK,OK
2026-08-30T03:11:04.341044Z,1423,123.6,0,OK,OK,OK
2026-08-30T03:11:09.744564Z,1426,123.7,0,OK,OK,OK
2026-08-30T03:11:15.132312Z,1422,123.7,0,OK,OK,OK
2026-08-30T03:11:20.511466Z,1429,123.7,0,OK,OK,OK
2026-08-30T03:11:25.889210Z,1426,123.6,0,OK,OK,OK
2026-08-30T03:11:31.271043Z,1424,123.7,0,OK,OK,OK
2026-08-30T03:11:36.663375Z,1429,123.7,0,OK,OK,OK
2026-08-30T03:11:42.052922Z,1424,123.7,0,OK,OK,OK
2026-08-30T03:11:47.430554Z,1424,123.7,0,OK,OK,OK
2026-08-30T03:11:52.813125Z,1423,123.6,0,OK,OK,OK
2026-08-30T03:11:58.177487Z,1423,123.6,0,OK,OK,OK
2026-08-30T03:12:03.571396Z,1423,123.6,0,OK,OK,OK
2026-08-30T03:12:08.962912Z,1426,123.6,0,OK,OK,OK
2026-08-30T03:12:14.380272Z,1422,123.6,0,OK,OK,OK
2026-08-30T03:12:19.755472Z,1421,123.6,0,OK,OK,OK
2026-08-30T03:12:25.141959Z,1421,123.6,0,OK,OK,OK
2026-08-30T03:12:30.528583Z,1424,123.6,0,OK,OK,OK
2026-08-30T03:12:35.895838Z,1423,123.6,0,OK,OK,OK
2026-08-30T03:12:41.269533Z,1422,123.6,0,OK,OK,OK
2026-08-30T03:12:46.665842Z,1424,123.7,0,OK,OK,OK
2026-08-30T03:12:52.042832Z,1421,123.6,0,OK,OK,OK
2026-08-30T03:12:57.403933Z,1422,123.6,0,OK,OK,OK
2026-08-30T03:13:02.811675Z,1423,123.7,0,OK,OK,OK
2026-08-30T03:13:08.185836Z,1428,123.7,0,OK,OK,OK
2026-08-30T03:13:13.572319Z,1421,123.7,0,OK,OK,OK
2026-08-30T03:13:19.000957Z,1428,123.7,0,OK,OK,OK
2026-08-30T03:13:24.374583Z,1423,123.6,0,OK,OK,OK
2026-08-30T03:13:29.747927Z,1422,123.6,0,OK,OK,OK
2026-08-30T03:13:35.143339Z,1428,123.7,0,OK,OK,OK
2026-08-30T03:13:40.542568Z,1424,123.7,0,OK,OK,OK
2026-08-30T03:13:45.937590Z,1426,123.7,0,OK,OK,OK
2026-08-30T03:13:51.337210Z,1423,123.7,0,OK,OK,OK
2026-08-30T03:13:56.701774Z,1424,123.6,0,OK,OK,OK
2026-08-30T03:14:02.079756Z,1420,123.6,0,OK,OK,OK
2026-08-30T03:14:07.464708Z,1427,123.6,0,OK,OK,OK
2026-08-30T03:14:12.832743Z,1425,123.7,0,OK,OK,OK
2026-08-30T03:14:18.232596Z,1427,123.7,0,OK,OK,OK
2026-08-30T03:14:23.599297Z,1425,123.7,0,OK,OK,OK
2026-08-30T03:14:28.966567Z,1420,123.7,0,OK,OK,OK
2026-08-30T03:14:34.354307Z,1425,123.7,0,OK,OK,OK
2026-08-30T03:14:39.737382Z,1424,123.7,0,OK,OK,OK
2026-08-30T03:14:45.113330Z,1424,123.7,0,OK,OK,OK
2026-08-30T03:14:50.493206Z,1421,123.7,0,OK,OK,OK
2026-08-30T03:14:55.883846Z,1425,123.7,0,OK,OK,OK
2026-08-30T03:15:01.253271Z,1425,123.7,0,OK,OK,OK
2026-08-30T03:15:06.648868Z,1421,123.6,0,OK,OK,OK
2026-08-30T03:15:12.029271Z,1426,123.7,0,OK,OK,OK
2026-08-30T03:15:17.411869Z,1423,123.7,0,OK,OK,OK
2026-08-30T03:15:22.793858Z,1421,123.7,0,OK,OK,OK
2026-08-30T03:15:28.161786Z,1423,123.7,0,OK,OK,OK
2026-08-30T03:15:33.541957Z,1426,123.7,0,OK,OK,OK
2026-08-30T03:15:38.921338Z,1421,123.6,0,OK,OK,OK
2026-08-30T03:15:44.312040Z,1422,123.6,0,OK,OK,OK
2026-08-30T03:15:49.679801Z,1421,123.6,0,OK,OK,OK
2026-08-30T03:15:55.061756Z,1423,123.6,0,OK,OK,OK
2026-08-30T03:16:00.474711Z,1423,123.6,0,OK,OK,OK
2026-08-30T03:16:05.840392Z,1422,123.6,0,OK,OK,OK
2026-08-30T03:16:11.227088Z,1425,123.7,0,OK,OK,OK
2026-08-30T03:16:16.617034Z,1432,123.6,0,OK,OK,OK
2026-08-30T03:16:22.009487Z,1423,123.6,0,OK,OK,OK
2026-08-30T03:16:27.393895Z,1425,123.7,0,OK,OK,OK
2026-08-30T03:16:32.786111Z,1421,123.6,0,OK,OK,OK
2026-08-30T03:16:38.166516Z,1423,123.7,0,OK,OK,OK
2026-08-30T03:16:43.563588Z,1423,123.6,0,OK,OK,OK
2026-08-30T03:16:48.963083Z,1421,123.6,0,OK,OK,OK
2026-08-30T03:16:54.334302Z,1421,123.6,0,OK,OK,OK
2026-08-30T03:16:59.720271Z,1428,123.7,0,OK,OK,OK
2026-08-30T03:17:05.644675Z,1425,123.6,0,OK,OK,OK
2026-08-30T03:17:11.024990Z,1406,123.8,0,OK,OK,OK
2026-08-30T03:17:16.421417Z,1414,123.6,0,OK,OK,OK
2026-08-30T03:17:21.807240Z,1418,123.6,0,OK,OK,OK
2026-08-30T03:17:27.206979Z,1411,123.6,0,OK,OK,OK
2026-08-30T03:17:32.585310Z,1420,123.6,0,OK,OK,OK
2026-08-30T03:17:37.965281Z,1427,123.6,0,OK,OK,OK
2026-08-30T03:17:43.320694Z,1431,123.6,0,OK,OK,OK
2026-08-30T03:17:48.691319Z,1428,123.6,0,OK,OK,OK
2026-08-30T03:17:54.047140Z,1429,123.6,0,OK,OK,OK
2026-08-30T03:17:59.419360Z,1512,123.6,0,OK,OK,OK
2026-08-30T03:18:04.797617Z,1524,123.6,0,OK,OK,OK
2026-08-30T03:18:10.178521Z,1538,123.6,0,OK,OK,OK
2026-08-30T03:18:15.560835Z,1534,123.6,0,OK,OK,OK
2026-08-30T03:18:20.920101Z,1528,123.6,0,OK,OK,OK
2026-08-30T03:18:26.304868Z,1531,123.6,0,OK,OK,OK
2026-08-30T03:18:31.690752Z,1530,123.6,0,OK,OK,OK
2026-08-30T03:18:37.063527Z,1529,123.6,0,OK,OK,OK
2026-08-30T03:18:42.425422Z,1526,123.6,0,OK,OK,OK
2026-08-30T03:18:47.800044Z,1523,123.6,0,OK,OK,OK
2026-08-30T03:18:53.183229Z,1524,123.6,0,OK,OK,OK
2026-08-30T03:18:58.557893Z,1521,123.6,0,OK,OK,OK
2026-08-30T03:19:03.948142Z,1518,123.6,0,OK,OK,OK
2026-08-30T03:19:09.334521Z,1514,123.6,0,OK,OK,OK
2026-08-30T03:19:14.721168Z,1514,123.6,0,OK,OK,OK
2026-08-30T03:19:20.107768Z,1518,123.6,0,OK,OK,OK
2026-08-30T03:19:25.479127Z,1519,123.6,0,OK,OK,OK
2026-08-30T03:19:30.854690Z,1514,123.6,0,OK,OK,OK
2026-08-30T03:19:36.238199Z,1517,123.6,0,OK,OK,OK
2026-08-30T03:19:41.613925Z,1518,123.6,0,OK,OK,OK
2026-08-30T03:19:46.992373Z,1517,123.6,0,OK,OK,OK
2026-08-30T03:19:52.363698Z,1511,123.6,0,OK,OK,OK
2026-08-30T03:19:57.745193Z,1510,123.6,0,OK,OK,OK
2026-08-30T03:20:03.119853Z,1508,123.6,0,OK,OK,OK
2026-08-30T03:20:08.506338Z,1506,123.6,0,OK,OK,OK
2026-08-30T03:20:13.876820Z,1504,123.6,0,OK,OK,OK
2026-08-30T03:20:19.274311Z,1509,123.6,0,OK,OK,OK
2026-08-30T03:20:24.677849Z,1504,123.6,0,OK,OK,OK
2026-08-30T03:20:30.055838Z,1498,123.5,0,OK,OK,OK
2026-08-30T03:20:35.421291Z,1504,123.6,0,OK,OK,OK
2026-08-30T03:20:40.800776Z,1502,123.6,0,OK,OK,OK
2026-08-30T03:20:46.180133Z,1502,123.5,0,OK,OK,OK
2026-08-30T03:20:51.567008Z,1501,123.5,0,OK,OK,OK
2026-08-30T03:20:56.927254Z,1503,123.6,0,OK,OK,OK
2026-08-30T03:21:02.340085Z,1503,123.5,0,OK,OK,OK
2026-08-30T03:21:07.716870Z,1501,123.4,0,OK,OK,OK
2026-08-30T03:21:13.083639Z,1506,123.5,0,OK,OK,OK
2026-08-30T03:21:18.483617Z,1518,123.6,0,OK,OK,OK
2026-08-30T03:21:23.870266Z,1505,123.6,0,OK,OK,OK
2026-08-30T03:21:29.224583Z,1505,123.6,0,OK,OK,OK
2026-08-30T03:21:34.611211Z,1503,123.6,0,OK,OK,OK
2026-08-30T03:21:40.001254Z,1505,123.5,0,OK,OK,OK
2026-08-30T03:21:45.393538Z,1505,123.5,0,OK,OK,OK
2026-08-30T03:21:50.772302Z,1506,123.5,0,OK,OK,OK
2026-08-30T03:21:56.140912Z,1505,123.5,0,OK,OK,OK
2026-08-30T03:22:01.541143Z,1504,123.6,0,OK,OK,OK
2026-08-30T03:22:06.914399Z,1506,123.6,0,OK,OK,OK
2026-08-30T03:22:12.309680Z,1506,123.6,0,OK,OK,OK
2026-08-30T03:22:17.705346Z,1504,123.6,0,OK,OK,OK
2026-08-30T03:22:23.121848Z,1506,123.6,0,OK,OK,OK
2026-08-30T03:22:28.501618Z,1503,123.6,0,OK,OK,OK
2026-08-30T03:22:33.878924Z,1504,123.6,0,OK,OK,OK
2026-08-30T03:22:39.257929Z,1504,123.6,0,OK,OK,OK
2026-08-30T03:22:44.630797Z,1506,123.6,0,OK,OK,OK
2026-08-30T03:22:50.022214Z,1506,123.6,0,OK,OK,OK
2026-08-30T03:22:55.400028Z,1508,123.6,0,OK,OK,OK
2026-08-30T03:23:00.780124Z,1506,123.6,0,OK,OK,OK
2026-08-30T03:23:06.145506Z,1503,123.6,0,OK,OK,OK
2026-08-30T03:23:11.539566Z,1510,123.9,0,OK,OK,OK
2026-08-30T03:23:16.926665Z,1508,123.9,0,OK,OK,OK
2026-08-30T03:23:22.309198Z,1510,123.9,0,OK,OK,OK
2026-08-30T03:23:27.695045Z,1507,123.9,0,OK,OK,OK
2026-08-30T03:23:33.066173Z,1508,123.9,0,OK,OK,OK
2026-08-30T03:23:38.433583Z,1508,123.9,0,OK,OK,OK
2026-08-30T03:23:43.823526Z,1512,123.9,0,OK,OK,OK
2026-08-30T03:23:49.202254Z,1507,123.9,0,OK,OK,OK
2026-08-30T03:23:54.585428Z,1510,123.9,0,OK,OK,OK
2026-08-30T03:23:59.949488Z,1510,123.9,0,OK,OK,OK
2026-08-30T03:24:05.335834Z,1509,123.9,0,OK,OK,OK
2026-08-30T03:24:10.728366Z,1507,123.9,0,OK,OK,OK
2026-08-30T03:24:16.110195Z,1508,123.9,0,OK,OK,OK
2026-08-30T03:24:21.502357Z,1509,123.9,0,OK,OK,OK
2026-08-30T03:24:26.883350Z,1513,123.9,0,OK,OK,OK
2026-08-30T03:24:32.259787Z,1507,123.8,0,OK,OK,OK
2026-08-30T03:24:37.640340Z,1513,123.6,0,OK,OK,OK
2026-08-30T03:24:43.027257Z,1516,123.6,0,OK,OK,OK
2026-08-30T03:24:48.411946Z,1515,123.6,0,OK,OK,OK
2026-08-30T03:24:53.810629Z,1519,123.6,0,OK,OK,OK
2026-08-30T03:24:59.187978Z,1515,123.6,0,OK,OK,OK
2026-08-30T03:25:04.564009Z,1519,123.6,0,OK,OK,OK
2026-08-30T03:25:09.956471Z,1517,123.6,0,OK,OK,OK
2026-08-30T03:25:15.319949Z,1514,123.6,0,OK,OK,OK
2026-08-30T03:25:20.689853Z,1514,123.6,0,OK,OK,OK
2026-08-30T03:25:26.087175Z,1514,123.6,0,OK,OK,OK
2026-08-30T03:25:31.470857Z,1515,123.6,0,OK,OK,OK
2026-08-30T03:25:36.851626Z,1522,123.6,0,OK,OK,OK
2026-08-30T03:25:42.238612Z,1514,123.6,0,OK,OK,OK
2026-08-30T03:25:47.613015Z,1515,123.7,0,OK,OK,OK
2026-08-30T03:25:53.003199Z,1516,123.7,0,OK,OK,OK
2026-08-30T03:25:58.403204Z,1514,123.7,0,OK,OK,OK
2026-08-30T03:26:03.779148Z,1514,123.7,0,OK,OK,OK
2026-08-30T03:26:09.152165Z,1518,123.7,0,OK,OK,OK
2026-08-30T03:26:14.528956Z,1515,123.7,0,OK,OK,OK
2026-08-30T03:26:19.912992Z,1522,123.7,0,OK,OK,OK
2026-08-30T03:26:25.291254Z,1511,123.7,0,OK,OK,OK
2026-08-30T03:26:30.660192Z,1514,123.8,0,OK,OK,OK
2026-08-30T03:26:36.051846Z,1520,123.8,0,OK,OK,OK
2026-08-30T03:26:41.465978Z,1514,123.8,0,OK,OK,OK
2026-08-30T03:26:46.837600Z,1514,123.8,0,OK,OK,OK
2026-08-30T03:26:52.218971Z,1514,123.8,0,OK,OK,OK
2026-08-30T03:26:57.614924Z,1515,123.8,0,OK,OK,OK
2026-08-30T03:27:03.008297Z,1518,123.8,0,OK,OK,OK
2026-08-30T03:27:08.380627Z,1519,123.8,0,OK,OK,OK
2026-08-30T03:27:13.758539Z,1519,123.8,0,OK,OK,OK
2026-08-30T03:27:19.143282Z,1516,123.8,0,OK,OK,OK
2026-08-30T03:27:24.511577Z,1516,123.8,0,OK,OK,OK
2026-08-30T03:27:29.872972Z,1517,123.8,0,OK,OK,OK
2026-08-30T03:27:35.257781Z,1519,123.8,0,OK,OK,OK
2026-08-30T03:27:40.652411Z,1518,123.8,0,OK,OK,OK
2026-08-30T03:27:46.016446Z,1517,123.9,0,OK,OK,OK
2026-08-30T03:27:51.397580Z,1517,123.9,0,OK,OK,OK
2026-08-30T03:27:56.794690Z,1514,123.9,0,OK,OK,OK
2026-08-30T03:28:02.177326Z,1515,123.9,0,OK,OK,OK
2026-08-30T03:28:07.549786Z,1518,123.9,0,OK,OK,OK
2026-08-30T03:28:12.991996Z,1516,123.9,0,OK,OK,OK
2026-08-30T03:28:18.382396Z,1513,123.9,0,OK,OK,OK
2026-08-30T03:28:23.759694Z,1519,123.8,0,OK,OK,OK
2026-08-30T03:28:29.124928Z,1517,123.9,0,OK,OK,OK
2026-08-30T03:28:34.497948Z,1518,123.9,0,OK,OK,OK
2026-08-30T03:28:39.871253Z,1514,123.9,0,OK,OK,OK
2026-08-30T03:28:45.242828Z,1513,123.9,0,OK,OK,OK
2026-08-30T03:28:50.649628Z,1337,123.9,0,OK,OK,OK
2026-08-30T03:28:56.036093Z,1335,123.9,0,OK,OK,OK
2026-08-30T03:29:01.414734Z,1339,123.9,0,OK,OK,OK
2026-08-30T03:29:06.789476Z,1338,123.9,0,OK,OK,OK
2026-08-30T03:29:12.189287Z,1337,123.9,0,OK,OK,OK
2026-08-30T03:29:17.593085Z,1337,123.9,0,OK,OK,OK
2026-08-30T03:29:22.980407Z,1338,123.9,0,OK,OK,OK
2026-08-30T03:29:28.374489Z,1336,123.9,0,OK,OK,OK
2026-08-30T03:29:33.758971Z,1341,123.9,0,OK,OK,OK
2026-08-30T03:29:39.171074Z,1344,123.9,0,OK,OK,OK
2026-08-30T03:29:44.557973Z,1341,123.9,0,OK,OK,OK
2026-08-30T03:29:49.960386Z,1337,123.9,0,OK,OK,OK
2026-08-30T03:29:55.339041Z,1338,123.9,0,OK,OK,OK
2026-08-30T03:30:00.717473Z,1340,123.9,0,OK,OK,OK
2026-08-30T03:30:06.103995Z,1335,123.9,0,OK,OK,OK
2026-08-30T03:30:11.482808Z,1337,123.9,0,OK,OK,OK
2026-08-30T03:30:16.881332Z,1336,124.0,0,OK,OK,OK
2026-08-30T03:30:22.254275Z,1342,124.0,0,OK,OK,OK
2026-08-30T03:30:27.650066Z,1341,124.0,0,OK,OK,OK
2026-08-30T03:30:33.024305Z,1341,124.1,0,OK,OK,OK
2026-08-30T03:30:38.392777Z,1339,124.1,0,OK,OK,OK
2026-08-30T03:30:43.782287Z,1340,124.0,0,OK,OK,OK
2026-08-30T03:30:49.158499Z,1337,124.0,0,OK,OK,OK
2026-08-30T03:30:54.538045Z,1335,124.2,0,OK,OK,OK
2026-08-30T03:30:59.911975Z,1340,124.1,0,OK,OK,OK
2026-08-30T03:31:05.287480Z,1337,124.0,0,OK,OK,OK
2026-08-30T03:31:10.667268Z,1337,124.1,0,OK,OK,OK
2026-08-30T03:31:16.088511Z,1339,124.0,0,OK,OK,OK
2026-08-30T03:31:21.465841Z,1338,124.0,0,OK,OK,OK
2026-08-30T03:31:26.848158Z,1340,124.0,0,OK,OK,OK
2026-08-30T03:31:32.241667Z,1338,124.1,0,OK,OK,OK
2026-08-30T03:31:37.610486Z,1338,124.0,0,OK,OK,OK
2026-08-30T03:31:42.986759Z,1339,124.1,0,OK,OK,OK
2026-08-30T03:31:48.362235Z,1335,124.0,0,OK,OK,OK
2026-08-30T03:31:53.734341Z,1335,123.9,0,OK,OK,OK
2026-08-30T03:31:59.119118Z,1338,123.9,0,OK,OK,OK
2026-08-30T03:32:04.497912Z,1335,123.9,0,OK,OK,OK
2026-08-30T03:32:09.889133Z,1335,123.9,0,OK,OK,OK
2026-08-30T03:32:15.254258Z,1337,123.9,0,OK,OK,OK
2026-08-30T03:32:20.656921Z,1333,123.9,0,OK,OK,OK
2026-08-30T03:32:26.043540Z,1336,123.9,0,OK,OK,OK
2026-08-30T03:32:31.410060Z,1336,123.9,0,OK,OK,OK
2026-08-30T03:32:36.789623Z,1333,123.9,0,OK,OK,OK
2026-08-30T03:32:42.178319Z,1337,123.9,0,OK,OK,OK
2026-08-30T03:32:47.553214Z,1332,123.9,0,OK,OK,OK
2026-08-30T03:32:52.920967Z,1332,123.9,0,OK,OK,OK
2026-08-30T03:32:58.296047Z,1334,123.9,0,OK,OK,OK
2026-08-30T03:33:03.669885Z,1333,123.9,0,OK,OK,OK
2026-08-30T03:33:09.023867Z,1338,123.9,0,OK,OK,OK
2026-08-30T03:33:14.414414Z,1338,123.9,0,OK,OK,OK
2026-08-30T03:33:19.820424Z,1337,123.9,0,OK,OK,OK
2026-08-30T03:33:25.213755Z,1337,123.9,0,OK,OK,OK
2026-08-30T03:33:30.576960Z,1334,123.9,0,OK,OK,OK
2026-08-30T03:33:35.948593Z,1337,123.9,0,OK,OK,OK
2026-08-30T03:33:41.326915Z,1336,123.9,0,OK,OK,OK
2026-08-30T03:33:46.697394Z,1337,123.9,0,OK,OK,OK
2026-08-30T03:33:52.084021Z,1333,123.9,0,OK,OK,OK
2026-08-30T03:33:57.455233Z,1335,123.9,0,OK,OK,OK
2026-08-30T03:34:02.844366Z,1334,123.9,0,OK,OK,OK
2026-08-30T03:34:08.213864Z,1336,123.9,0,OK,OK,OK
2026-08-30T03:34:13.614862Z,1334,123.9,0,OK,OK,OK
2026-08-30T03:34:18.980329Z,1336,123.9,0,OK,OK,OK
2026-08-30T03:34:24.392645Z,1335,123.9,0,OK,OK,OK
2026-08-30T03:34:29.799893Z,1335,123.9,0,OK,OK,OK
2026-08-30T03:34:35.177234Z,1341,123.9,0,OK,OK,OK
2026-08-30T03:34:40.560892Z,1331,123.9,0,OK,OK,OK
2026-08-30T03:34:45.930633Z,1330,123.9,0,OK,OK,OK
2026-08-30T03:34:51.319854Z,1333,123.9,0,OK,OK,OK
2026-08-30T03:34:56.690317Z,1329,123.9,0,OK,OK,OK
2026-08-30T03:35:02.060951Z,1330,123.9,0,OK,OK,OK
2026-08-30T03:35:07.432763Z,1334,123.8,0,OK,OK,OK
2026-08-30T03:35:12.875747Z,1333,123.9,0,OK,OK,OK
2026-08-30T03:35:18.267878Z,1332,123.9,0,OK,OK,OK
2026-08-30T03:35:23.639185Z,1334,123.9,0,OK,OK,OK
2026-08-30T03:35:29.042050Z,1331,123.9,0,OK,OK,OK
2026-08-30T03:35:34.426813Z,1338,123.9,0,OK,OK,OK
2026-08-30T03:35:39.831587Z,1332,123.9,0,OK,OK,OK
2026-08-30T03:35:45.245836Z,1332,123.9,0,OK,OK,OK
2026-08-30T03:35:50.622883Z,1331,123.9,0,OK,OK,OK
2026-08-30T03:35:56.002553Z,1331,123.9,0,OK,OK,OK
2026-08-30T03:36:01.376848Z,1331,123.9,0,OK,OK,OK
2026-08-30T03:36:06.754766Z,1330,123.9,0,OK,OK,OK
2026-08-30T03:36:12.128711Z,1331,123.9,0,OK,OK,OK
2026-08-30T03:36:17.504387Z,1343,123.9,0,OK,OK,OK
2026-08-30T03:36:22.891015Z,1333,123.9,0,OK,OK,OK
2026-08-30T03:36:28.268345Z,1333,123.9,0,OK,OK,OK
2026-08-30T03:36:33.664219Z,1332,123.9,0,OK,OK,OK
2026-08-30T03:36:39.027352Z,1333,123.9,0,OK,OK,OK
2026-08-30T03:36:44.406658Z,1334,123.9,0,OK,OK,OK
2026-08-30T03:36:49.775732Z,1333,123.9,0,OK,OK,OK
2026-08-30T03:36:55.146180Z,1331,123.9,0,OK,OK,OK
2026-08-30T03:37:00.532814Z,1331,123.9,0,OK,OK,OK
2026-08-30T03:37:05.924362Z,1331,123.9,0,OK,OK,OK
2026-08-30T03:37:11.298781Z,1330,123.9,0,OK,OK,OK
2026-08-30T03:37:16.704750Z,1332,123.9,0,OK,OK,OK
2026-08-30T03:37:22.105336Z,1330,123.9,0,OK,OK,OK
2026-08-30T03:37:27.487184Z,1329,123.9,0,OK,OK,OK
2026-08-30T03:37:32.852704Z,1333,123.9,0,OK,OK,OK
2026-08-30T03:37:38.238713Z,1330,123.9,0,OK,OK,OK
2026-08-30T03:37:43.626086Z,1336,123.9,0,OK,OK,OK
2026-08-30T03:37:49.036592Z,1337,123.9,0,OK,OK,OK
2026-08-30T03:37:54.407602Z,1346,123.9,0,OK,OK,OK
2026-08-30T03:37:59.777416Z,1336,123.9,0,OK,OK,OK
2026-08-30T03:38:05.153674Z,1336,123.9,0,OK,OK,OK
2026-08-30T03:38:10.547763Z,1338,123.9,0,OK,OK,OK
2026-08-30T03:38:15.923912Z,1341,123.9,0,OK,OK,OK
2026-08-30T03:38:21.327865Z,1338,123.9,0,OK,OK,OK
2026-08-30T03:38:26.705173Z,1340,123.8,0,OK,OK,OK
2026-08-30T03:38:32.086202Z,1256,123.8,0,OK,OK,OK
2026-08-30T03:38:37.471003Z,1256,123.9,0,OK,OK,OK
2026-08-30T03:38:42.838653Z,1258,123.8,0,OK,OK,OK
2026-08-30T03:38:48.201089Z,1258,123.9,0,OK,OK,OK
2026-08-30T03:38:53.570059Z,1254,123.9,0,OK,OK,OK
2026-08-30T03:38:58.941751Z,1258,123.9,0,OK,OK,OK
2026-08-30T03:39:04.302721Z,1256,123.9,0,OK,OK,OK
2026-08-30T03:39:09.665082Z,1260,123.8,0,OK,OK,OK
2026-08-30T03:39:15.044041Z,1262,123.9,0,OK,OK,OK
2026-08-30T03:39:20.404793Z,1257,123.9,0,OK,OK,OK
2026-08-30T03:39:25.786364Z,1250,123.9,0,OK,OK,OK
2026-08-30T03:39:31.157428Z,1249,123.9,0,OK,OK,OK
2026-08-30T03:39:36.533481Z,1250,123.9,0,OK,OK,OK
2026-08-30T03:39:41.914085Z,1249,123.9,0,OK,OK,OK
2026-08-30T03:39:47.290153Z,1252,123.9,0,OK,OK,OK
2026-08-30T03:39:52.683871Z,1250,123.9,0,OK,OK,OK
2026-08-30T03:39:58.083931Z,1249,123.8,0,OK,OK,OK
2026-08-30T03:40:03.477811Z,1251,123.8,0,OK,OK,OK
2026-08-30T03:40:08.844562Z,1249,123.8,0,OK,OK,OK
2026-08-30T03:40:14.228240Z,1249,123.8,0,OK,OK,OK
2026-08-30T03:40:19.608376Z,1251,123.8,0,OK,OK,OK
2026-08-30T03:40:24.981905Z,1255,123.8,0,OK,OK,OK
2026-08-30T03:40:30.353178Z,1250,123.9,0,OK,OK,OK
2026-08-30T03:40:35.751540Z,1250,123.8,0,OK,OK,OK
2026-08-30T03:40:41.144372Z,1250,123.9,0,OK,OK,OK
2026-08-30T03:40:46.523927Z,1252,123.8,0,OK,OK,OK
2026-08-30T03:40:51.896882Z,1250,123.9,0,OK,OK,OK
2026-08-30T03:40:57.285971Z,1247,123.9,0,OK,OK,OK
2026-08-30T03:41:02.656958Z,1250,123.9,0,OK,OK,OK
2026-08-30T03:41:08.028777Z,1248,123.8,0,OK,OK,OK
2026-08-30T03:41:13.443337Z,1250,123.8,0,OK,OK,OK
2026-08-30T03:41:18.817548Z,1257,123.8,0,OK,OK,OK
2026-08-30T03:41:24.209843Z,1254,123.9,0,OK,OK,OK
2026-08-30T03:41:29.605383Z,1250,123.8,0,OK,OK,OK
2026-08-30T03:41:34.978727Z,1249,123.8,0,OK,OK,OK
2026-08-30T03:41:40.334047Z,1194,123.8,0,OK,OK,OK
2026-08-30T03:41:45.702092Z,1194,123.8,0,OK,OK,OK
2026-08-30T03:41:51.076321Z,1195,123.9,0,OK,OK,OK
2026-08-30T03:41:56.456715Z,1196,123.8,0,OK,OK,OK
2026-08-30T03:42:01.861448Z,1197,123.8,0,OK,OK,OK
2026-08-30T03:42:07.248141Z,1195,123.8,0,OK,OK,OK
2026-08-30T03:42:12.632374Z,1194,123.8,0,OK,OK,OK
2026-08-30T03:42:18.011255Z,1196,123.8,0,OK,OK,OK
2026-08-30T03:42:23.390551Z,1198,123.8,0,OK,OK,OK
2026-08-30T03:42:28.776494Z,1191,123.6,0,OK,OK,OK
2026-08-30T03:42:34.154311Z,1187,123.7,0,OK,OK,OK
2026-08-30T03:42:39.527924Z,1191,123.8,0,OK,OK,OK
2026-08-30T03:42:44.905140Z,1187,123.8,0,OK,OK,OK
2026-08-30T03:42:50.287282Z,1187,123.8,0,OK,OK,OK
2026-08-30T03:42:55.674323Z,1186,123.8,0,OK,OK,OK
2026-08-30T03:43:01.069896Z,1186,123.8,0,OK,OK,OK
2026-08-30T03:43:06.462007Z,1186,123.8,0,OK,OK,OK
2026-08-30T03:43:11.869405Z,1187,123.8,0,OK,OK,OK
2026-08-30T03:43:17.239044Z,1188,123.8,0,OK,OK,OK
2026-08-30T03:43:22.631886Z,1189,123.8,0,OK,OK,OK
2026-08-30T03:43:28.015582Z,1187,123.8,0,OK,OK,OK
2026-08-30T03:43:33.396943Z,1186,123.8,0,OK,OK,OK
2026-08-30T03:43:38.786674Z,1186,123.8,0,OK,OK,OK
2026-08-30T03:43:44.178128Z,1185,123.8,0,OK,OK,OK
2026-08-30T03:43:49.552470Z,1184,123.8,0,OK,OK,OK
2026-08-30T03:43:54.949735Z,1189,123.8,0,OK,OK,OK
2026-08-30T03:44:00.347716Z,1185,123.9,0,OK,OK,OK
2026-08-30T03:44:05.750096Z,1187,123.9,0,OK,OK,OK
2026-08-30T03:44:11.130575Z,1186,123.9,0,OK,OK,OK
2026-08-30T03:44:16.514809Z,1188,123.9,0,OK,OK,OK
2026-08-30T03:44:21.891925Z,1186,123.9,0,OK,OK,OK
2026-08-30T03:44:27.280571Z,1188,123.9,0,OK,OK,OK
2026-08-30T03:44:32.650516Z,1187,123.8,0,OK,OK,OK
2026-08-30T03:44:38.043577Z,1186,123.8,0,OK,OK,OK
2026-08-30T03:44:43.438330Z,1187,123.8,0,OK,OK,OK
2026-08-30T03:44:48.830969Z,1187,123.9,0,OK,OK,OK
2026-08-30T03:44:54.224982Z,1187,123.9,0,OK,OK,OK
2026-08-30T03:44:59.631746Z,1188,123.9,0,OK,OK,OK
2026-08-30T03:45:05.039866Z,1187,123.9,0,OK,OK,OK
2026-08-30T03:45:10.406741Z,1187,123.9,0,OK,OK,OK
2026-08-30T03:45:15.790316Z,1190,123.9,0,OK,OK,OK
2026-08-30T03:45:21.183557Z,1188,123.9,0,OK,OK,OK
2026-08-30T03:45:26.547840Z,1186,123.9,0,OK,OK,OK
2026-08-30T03:45:31.917470Z,1189,123.9,0,OK,OK,OK
2026-08-30T03:45:37.294174Z,1185,123.9,0,OK,OK,OK
2026-08-30T03:45:42.667807Z,1186,123.9,0,OK,OK,OK
2026-08-30T03:45:48.031107Z,1186,123.9,0,OK,OK,OK
2026-08-30T03:45:53.421663Z,1184,123.9,0,OK,OK,OK
2026-08-30T03:45:58.820274Z,1189,123.9,0,OK,OK,OK
2026-08-30T03:46:04.180345Z,1188,123.9,0,OK,OK,OK
2026-08-30T03:46:09.558781Z,1187,123.9,0,OK,OK,OK
2026-08-30T03:46:14.951749Z,1189,123.9,0,OK,OK,OK
2026-08-30T03:46:20.331754Z,1195,123.9,0,OK,OK,OK
2026-08-30T03:46:25.708033Z,1189,123.9,0,OK,OK,OK
2026-08-30T03:46:31.076499Z,1188,123.9,0,OK,OK,OK
2026-08-30T03:46:36.458961Z,1187,123.9,0,OK,OK,OK
2026-08-30T03:46:41.849351Z,1187,123.9,0,OK,OK,OK
2026-08-30T03:46:47.225830Z,1187,123.9,0,OK,OK,OK
2026-08-30T03:46:52.601890Z,1188,123.9,0,OK,OK,OK
2026-08-30T03:46:57.999333Z,1191,123.9,0,OK,OK,OK
2026-08-30T03:47:03.383560Z,1189,123.9,0,OK,OK,OK
2026-08-30T03:47:08.762135Z,1185,123.8,0,OK,OK,OK
2026-08-30T03:47:14.148709Z,1193,123.9,0,OK,OK,OK
2026-08-30T03:47:19.519223Z,1188,123.9,0,OK,OK,OK
2026-08-30T03:47:24.921698Z,1192,123.9,0,OK,OK,OK
2026-08-30T03:47:30.308329Z,1187,123.9,0,OK,OK,OK
2026-08-30T03:47:35.694804Z,1188,123.9,0,OK,OK,OK
2026-08-30T03:47:41.078901Z,1186,123.8,0,OK,OK,OK
2026-08-30T03:47:46.457485Z,1188,123.9,0,OK,OK,OK
2026-08-30T03:47:51.844555Z,1188,123.9,0,OK,OK,OK
2026-08-30T03:47:57.223139Z,1187,123.9,0,OK,OK,OK
2026-08-30T03:48:02.594091Z,1188,123.9,0,OK,OK,OK
2026-08-30T03:48:07.981733Z,1192,124.1,0,OK,OK,OK
2026-08-30T03:48:13.363534Z,1192,124.2,0,OK,OK,OK
2026-08-30T03:48:18.721603Z,1190,124.2,0,OK,OK,OK
2026-08-30T03:48:24.101268Z,1193,124.0,0,OK,OK,OK
2026-08-30T03:48:29.477447Z,1194,124.0,0,OK,OK,OK
2026-08-30T03:48:34.842094Z,1194,124.0,0,OK,OK,OK
2026-08-30T03:48:40.222569Z,1190,124.0,0,OK,OK,OK
2026-08-30T03:48:45.623373Z,1189,124.0,0,OK,OK,OK
2026-08-30T03:48:51.019551Z,1190,124.0,0,OK,OK,OK
2026-08-30T03:48:56.382009Z,1194,124.0,0,OK,OK,OK
2026-08-30T03:49:01.768451Z,1190,124.0,0,OK,OK,OK
2026-08-30T03:49:07.184887Z,1192,123.9,0,OK,OK,OK
2026-08-30T03:49:12.572684Z,1189,123.9,0,OK,OK,OK
2026-08-30T03:49:17.976008Z,1191,123.9,0,OK,OK,OK
2026-08-30T03:49:23.362313Z,1190,123.9,0,OK,OK,OK
2026-08-30T03:49:28.745883Z,1189,123.9,0,OK,OK,OK
2026-08-30T03:49:34.130061Z,1189,123.9,0,OK,OK,OK
2026-08-30T03:49:39.521747Z,1193,123.8,0,OK,OK,OK
2026-08-30T03:49:44.908297Z,1196,123.8,0,OK,OK,OK
2026-08-30T03:49:50.305315Z,1200,123.8,0,OK,OK,OK
2026-08-30T03:49:55.676487Z,1195,123.7,0,OK,OK,OK
2026-08-30T03:50:01.047217Z,1195,123.9,0,OK,OK,OK
2026-08-30T03:50:06.422383Z,1197,123.9,0,OK,OK,OK
2026-08-30T03:50:11.792841Z,1195,123.9,0,OK,OK,OK
2026-08-30T03:50:17.162110Z,1196,123.9,0,OK,OK,OK
2026-08-30T03:50:22.550086Z,1198,123.9,0,OK,OK,OK
2026-08-30T03:50:27.933224Z,1194,123.9,0,OK,OK,OK
2026-08-30T03:50:33.307791Z,1199,123.9,0,OK,OK,OK
2026-08-30T03:50:38.707903Z,1196,123.9,0,OK,OK,OK
2026-08-30T03:50:44.084690Z,1196,123.9,0,OK,OK,OK
2026-08-30T03:50:49.466812Z,1197,123.9,0,OK,OK,OK
2026-08-30T03:50:54.870363Z,1196,123.9,0,OK,OK,OK
2026-08-30T03:51:00.244102Z,1195,123.9,0,OK,OK,OK
2026-08-30T03:51:05.657221Z,1194,123.9,0,OK,OK,OK
2026-08-30T03:51:11.031029Z,1197,123.9,0,OK,OK,OK
2026-08-30T03:51:16.404644Z,1203,123.9,0,OK,OK,OK
2026-08-30T03:51:21.807229Z,1195,123.9,0,OK,OK,OK
2026-08-30T03:51:27.176911Z,1195,123.9,0,OK,OK,OK
2026-08-30T03:51:32.554736Z,1196,123.9,0,OK,OK,OK
2026-08-30T03:51:37.939231Z,1193,123.9,0,OK,OK,OK
2026-08-30T03:51:43.315058Z,1195,123.9,0,OK,OK,OK
2026-08-30T03:51:48.699172Z,1198,123.9,0,OK,OK,OK
2026-08-30T03:51:54.082287Z,1197,124.0,0,OK,OK,OK
2026-08-30T03:51:59.476621Z,1196,123.9,0,OK,OK,OK
2026-08-30T03:52:04.845655Z,1198,123.9,0,OK,OK,OK
2026-08-30T03:52:10.238875Z,1196,123.9,0,OK,OK,OK
2026-08-30T03:52:15.632813Z,1196,123.9,0,OK,OK,OK
2026-08-30T03:52:21.016628Z,1200,123.9,0,OK,OK,OK
2026-08-30T03:52:26.412096Z,1194,123.9,0,OK,OK,OK
2026-08-30T03:52:31.803793Z,1198,123.9,0,OK,OK,OK
2026-08-30T03:52:37.192979Z,1195,123.8,0,OK,OK,OK
2026-08-30T03:52:42.565824Z,1196,123.9,0,OK,OK,OK
2026-08-30T03:52:47.951329Z,1330,123.9,0,OK,OK,OK
2026-08-30T03:52:53.334405Z,1320,123.9,0,OK,OK,OK
2026-08-30T03:52:58.710109Z,1320,123.9,0,OK,OK,OK
2026-08-30T03:53:04.070478Z,1323,124.0,0,OK,OK,OK
2026-08-30T03:53:09.459020Z,1322,123.6,0,OK,OK,OK
2026-08-30T03:53:14.851876Z,1321,123.9,0,OK,OK,OK
2026-08-30T03:53:20.228485Z,1320,123.8,0,OK,OK,OK
2026-08-30T03:53:25.615861Z,1320,123.8,0,OK,OK,OK
2026-08-30T03:53:30.994449Z,1328,123.9,0,OK,OK,OK
2026-08-30T03:53:36.405678Z,1320,123.9,0,OK,OK,OK
2026-08-30T03:53:41.764949Z,1319,123.9,0,OK,OK,OK
2026-08-30T03:53:47.138310Z,1319,123.9,0,OK,OK,OK
2026-08-30T03:53:52.522038Z,1320,123.9,0,OK,OK,OK
2026-08-30T03:53:57.879165Z,1317,123.9,0,OK,OK,OK
2026-08-30T03:54:03.267336Z,1323,123.9,0,OK,OK,OK
2026-08-30T03:54:08.647732Z,1206,123.8,0,OK,OK,OK
2026-08-30T03:54:14.031876Z,1208,123.9,0,OK,OK,OK
2026-08-30T03:54:19.405808Z,1207,123.9,0,OK,OK,OK
2026-08-30T03:54:24.781397Z,1208,123.9,0,OK,OK,OK
2026-08-30T03:54:30.160622Z,1207,123.9,0,OK,OK,OK
2026-08-30T03:54:35.538417Z,1209,123.8,0,OK,OK,OK
2026-08-30T03:54:40.912326Z,1204,123.8,0,OK,OK,OK
2026-08-30T03:54:46.293707Z,1210,123.8,0,OK,OK,OK
2026-08-30T03:54:51.676041Z,1207,123.8,0,OK,OK,OK
2026-08-30T03:54:57.059229Z,1207,123.8,0,OK,OK,OK
2026-08-30T03:55:02.466933Z,1206,123.9,0,OK,OK,OK
2026-08-30T03:55:07.849474Z,1211,123.8,0,OK,OK,OK
2026-08-30T03:55:13.228118Z,1206,123.8,0,OK,OK,OK
2026-08-30T03:55:18.615119Z,1208,123.8,0,OK,OK,OK
2026-08-30T03:55:24.005645Z,1206,123.8,0,OK,OK,OK
2026-08-30T03:55:29.435632Z,1209,123.8,0,OK,OK,OK
2026-08-30T03:55:34.819218Z,1208,123.8,0,OK,OK,OK
2026-08-30T03:55:40.214969Z,1208,123.8,0,OK,OK,OK
2026-08-30T03:55:45.595246Z,1212,123.9,0,OK,OK,OK
2026-08-30T03:55:50.981713Z,1207,123.9,0,OK,OK,OK
2026-08-30T03:55:56.362855Z,1208,123.9,0,OK,OK,OK
2026-08-30T03:56:01.738729Z,1205,123.9,0,OK,OK,OK
2026-08-30T03:56:07.141246Z,1209,123.9,0,OK,OK,OK
2026-08-30T03:56:12.512473Z,1209,123.9,0,OK,OK,OK
2026-08-30T03:56:17.923468Z,1216,123.9,0,OK,OK,OK
2026-08-30T03:56:23.316863Z,1208,123.9,0,OK,OK,OK
2026-08-30T03:56:28.684257Z,1212,123.9,0,OK,OK,OK
2026-08-30T03:56:34.084175Z,1292,123.9,0,OK,OK,OK
2026-08-30T03:56:39.458749Z,1301,123.9,0,OK,OK,OK
2026-08-30T03:56:44.843851Z,1311,123.9,0,OK,OK,OK
2026-08-30T03:56:50.203608Z,1314,123.9,0,OK,OK,OK
2026-08-30T03:56:55.589020Z,1314,123.9,0,OK,OK,OK
2026-08-30T03:57:00.975642Z,1310,123.9,0,OK,OK,OK
2026-08-30T03:57:06.359507Z,1309,123.9,0,OK,OK,OK
2026-08-30T03:57:11.759044Z,1308,123.9,0,OK,OK,OK
2026-08-30T03:57:17.178804Z,1305,124.0,0,OK,OK,OK
2026-08-30T03:57:22.558980Z,1305,123.9,0,OK,OK,OK
2026-08-30T03:57:27.954485Z,1306,123.9,0,OK,OK,OK
2026-08-30T03:57:33.336818Z,1300,124.0,0,OK,OK,OK
2026-08-30T03:57:38.714160Z,1300,124.0,0,OK,OK,OK
2026-08-30T03:57:44.099849Z,1300,124.0,0,OK,OK,OK
2026-08-30T03:57:49.471914Z,1300,124.0,0,OK,OK,OK
2026-08-30T03:57:54.864086Z,1298,124.0,0,OK,OK,OK
2026-08-30T03:58:00.247612Z,1295,124.0,0,OK,OK,OK
2026-08-30T03:58:05.610281Z,1294,124.0,0,OK,OK,OK
2026-08-30T03:58:10.996044Z,1295,124.0,0,OK,OK,OK
2026-08-30T03:58:16.377580Z,1289,124.0,0,OK,OK,OK
2026-08-30T03:58:21.750303Z,1291,123.9,0,OK,OK,OK
2026-08-30T03:58:27.128880Z,1287,124.0,0,OK,OK,OK
2026-08-30T03:58:32.527396Z,1285,124.0,0,OK,OK,OK
2026-08-30T03:58:37.917200Z,1281,124.1,0,OK,OK,OK
2026-08-30T03:58:43.319638Z,1283,124.0,0,OK,OK,OK
2026-08-30T03:58:48.700698Z,1280,124.0,0,OK,OK,OK
2026-08-30T03:58:54.092906Z,1282,124.0,0,OK,OK,OK
2026-08-30T03:58:59.471295Z,1281,124.0,0,OK,OK,OK
2026-08-30T03:59:04.835149Z,1281,124.0,0,OK,OK,OK
2026-08-30T03:59:10.204397Z,1282,124.0,0,OK,OK,OK
2026-08-30T03:59:15.593888Z,1279,124.0,0,OK,OK,OK
2026-08-30T03:59:20.963530Z,1279,123.9,0,OK,OK,OK
2026-08-30T03:59:26.350942Z,1279,123.9,0,OK,OK,OK
2026-08-30T03:59:31.733532Z,1280,123.9,0,OK,OK,OK
2026-08-30T03:59:37.125088Z,1283,123.9,0,OK,OK,OK
2026-08-30T03:59:42.510725Z,1281,123.9,0,OK,OK,OK
2026-08-30T03:59:47.892817Z,1282,123.9,0,OK,OK,OK
2026-08-30T03:59:53.266878Z,1285,124.0,0,OK,OK,OK
2026-08-30T03:59:58.638228Z,1282,124.0,0,OK,OK,OK
