Timestamp (UTC),Net Grid Power (W),Phase A Voltage (V),Hoymiles Active Power (W),Bridge Status,Meter Status,Hoymiles Status
2026-07-30T04:00:01.498269Z,11852,241.1,0,OK,OK,OK
2026-07-30T04:00:06.968207Z,11852,241.2,0,OK,OK,OK
2026-07-30T04:00:12.473216Z,11848,241.2,0,OK,OK,OK
2026-07-30T04:00:17.947644Z,11850,241.2,0,OK,OK,OK
2026-07-30T04:00:23.456300Z,11850,241.2,0,OK,OK,OK
2026-07-30T04:00:28.912607Z,11851,241.2,0,OK,OK,OK
2026-07-30T04:00:34.432539Z,11849,241.1,0,OK,OK,OK
2026-07-30T04:00:39.935042Z,11846,241.2,0,OK,OK,OK
2026-07-30T04:00:45.376588Z,11845,241.1,0,OK,OK,OK
2026-07-30T04:00:50.884203Z,11847,241.1,0,OK,OK,OK
2026-07-30T04:00:56.324342Z,11848,241.1,0,OK,OK,OK
2026-07-30T04:01:01.822412Z,11831,241.2,0,OK,OK,OK
2026-07-30T04:01:07.384483Z,11840,241.2,0,OK,OK,OK
2026-07-30T04:01:12.868649Z,11847,241.2,0,OK,OK,OK
2026-07-30T04:01:18.349443Z,11838,241.2,0,OK,OK,OK
2026-07-30T04:01:23.821501Z,11845,241.0,0,OK,OK,OK
2026-07-30T04:01:29.322012Z,11857,241.0,0,OK,OK,OK
2026-07-30T04:01:34.921011Z,11836,241.2,0,OK,OK,OK
2026-07-30T04:01:40.421413Z,11840,241.0,0,OK,OK,OK
2026-07-30T04:01:45.933321Z,11830,241.1,0,OK,OK,OK
2026-07-30T04:01:51.402778Z,11834,241.2,0,OK,OK,OK
2026-07-30T04:01:56.885011Z,11826,241.2,0,OK,OK,OK
2026-07-30T04:02:02.372716Z,11835,241.0,0,OK,OK,OK
2026-07-30T04:02:07.854483Z,11832,241.1,0,OK,OK,OK
2026-07-30T04:02:13.349235Z,11841,241.1,0,OK,OK,OK
2026-07-30T04:02:18.866900Z,11826,241.0,0,OK,OK,OK
2026-07-30T04:02:24.396705Z,11827,241.0,0,OK,OK,OK
2026-07-30T04:02:29.893224Z,11841,241.0,0,OK,OK,OK
2026-07-30T04:02:35.352055Z,11829,241.0,0,OK,OK,OK
2026-07-30T04:02:40.840946Z,11825,241.0,0,OK,OK,OK
2026-07-30T04:02:46.367535Z,11828,241.0,0,OK,OK,OK
2026-07-30T04:02:51.813672Z,11825,241.0,0,OK,OK,OK
2026-07-30T04:02:57.309296Z,11817,241.0,0,OK,OK,OK
2026-07-30T04:03:02.767382Z,11823,241.0,0,OK,OK,OK
2026-07-30T04:03:08.250969Z,11821,241.0,0,OK,OK,OK
2026-07-30T04:03:13.699929Z,11830,241.2,0,OK,OK,OK
2026-07-30T04:03:19.194890Z,11814,240.9,0,OK,OK,OK
2026-07-30T04:03:24.677903Z,11772,239.5,0,OK,OK,OK
2026-07-30T04:03:30.178111Z,11793,240.1,0,OK,OK,OK
2026-07-30T04:03:35.644117Z,11809,240.3,0,OK,OK,OK
2026-07-30T04:03:41.236422Z,11804,240.3,0,OK,OK,OK
2026-07-30T04:03:46.725106Z,11798,240.2,0,OK,OK,OK
2026-07-30T04:03:52.207586Z,11795,240.2,0,OK,OK,OK
2026-07-30T04:03:57.711299Z,11795,240.3,0,OK,OK,OK
2026-07-30T04:04:03.197010Z,13136,239.8,0,OK,OK,OK
2026-07-30T04:04:08.651945Z,13167,239.7,0,OK,OK,OK
2026-07-30T04:04:14.183109Z,13168,239.8,0,OK,OK,OK
2026-07-30T04:04:19.699468Z,13169,239.7,0,OK,OK,OK
2026-07-30T04:04:25.178551Z,13175,239.7,0,OK,OK,OK
2026-07-30T04:04:30.688010Z,13183,239.8,0,OK,OK,OK
2026-07-30T04:04:36.148054Z,13193,239.7,0,OK,OK,OK
2026-07-30T04:04:41.642368Z,13208,239.8,0,OK,OK,OK
2026-07-30T04:04:47.087624Z,13223,239.7,0,OK,OK,OK
2026-07-30T04:04:52.548099Z,13226,239.7,0,OK,OK,OK
2026-07-30T04:04:58.039282Z,13238,239.7,0,OK,OK,OK
2026-07-30T04:05:03.586933Z,13238,239.7,0,OK,OK,OK
2026-07-30T04:05:09.079702Z,13226,239.6,0,OK,OK,OK
2026-07-30T04:05:14.597157Z,13226,239.7,0,OK,OK,OK
2026-07-30T04:05:20.110841Z,13229,239.7,0,OK,OK,OK
2026-07-30T04:05:25.558813Z,13235,239.7,0,OK,OK,OK
2026-07-30T04:05:31.086860Z,13241,239.7,0,OK,OK,OK
2026-07-30T04:05:36.588540Z,13243,239.8,0,OK,OK,OK
2026-07-30T04:05:42.067929Z,13245,239.8,0,OK,OK,OK
2026-07-30T04:05:47.576964Z,13240,239.8,0,OK,OK,OK
2026-07-30T04:05:53.050929Z,13238,239.8,0,OK,OK,OK
2026-07-30T04:05:58.543236Z,13249,239.8,0,OK,OK,OK
2026-07-30T04:06:04.040127Z,13238,239.8,0,OK,OK,OK
2026-07-30T04:06:09.555193Z,13249,239.8,0,OK,OK,OK
2026-07-30T04:06:15.067546Z,13236,239.7,0,OK,OK,OK
2026-07-30T04:06:20.560971Z,13151,239.8,0,OK,OK,OK
2026-07-30T04:06:26.068709Z,13152,239.8,0,OK,OK,OK
2026-07-30T04:06:31.590008Z,13151,239.8,0,OK,OK,OK
2026-07-30T04:06:37.102732Z,13144,239.7,0,OK,OK,OK
2026-07-30T04:06:42.579428Z,13142,239.7,0,OK,OK,OK
2026-07-30T04:06:48.056981Z,13137,239.6,0,OK,OK,OK
2026-07-30T04:06:53.510688Z,13148,239.7,0,OK,OK,OK
2026-07-30T04:06:59.061382Z,13136,239.7,0,OK,OK,OK
2026-07-30T04:07:04.554734Z,13156,239.7,0,OK,OK,OK
2026-07-30T04:07:10.068671Z,13163,239.7,0,OK,OK,OK
2026-07-30T04:07:15.549668Z,13171,239.8,0,OK,OK,OK
2026-07-30T04:07:21.039640Z,13163,239.8,0,OK,OK,OK
2026-07-30T04:07:26.538033Z,13163,239.7,0,OK,OK,OK
2026-07-30T04:07:32.061197Z,13167,239.7,0,OK,OK,OK
2026-07-30T04:07:37.571113Z,13159,239.7,0,OK,OK,OK
2026-07-30T04:07:43.081703Z,13157,239.8,0,OK,OK,OK
2026-07-30T04:07:48.609983Z,13165,239.8,0,OK,OK,OK
2026-07-30T04:07:54.133590Z,13152,239.6,0,OK,OK,OK
2026-07-30T04:07:59.611370Z,13155,239.7,0,OK,OK,OK
2026-07-30T04:08:05.074333Z,13153,239.8,0,OK,OK,OK
2026-07-30T04:08:10.558052Z,13135,239.4,0,OK,OK,OK
2026-07-30T04:08:16.058326Z,13151,239.5,0,OK,OK,OK
2026-07-30T04:08:21.589283Z,13167,240.1,0,OK,OK,OK
2026-07-30T04:08:27.060144Z,13169,240.1,0,OK,OK,OK
2026-07-30T04:08:32.541093Z,13173,239.9,0,OK,OK,OK
2026-07-30T04:08:38.097779Z,13172,240.1,0,OK,OK,OK
2026-07-30T04:08:43.662770Z,13170,239.9,0,OK,OK,OK
2026-07-30T04:08:49.170265Z,13174,240.0,0,OK,OK,OK
2026-07-30T04:08:54.664393Z,13176,240.1,0,OK,OK,OK
2026-07-30T04:09:00.201935Z,13171,240.1,0,OK,OK,OK
2026-07-30T04:09:05.740193Z,13150,240.1,0,OK,OK,OK
2026-07-30T04:09:11.243396Z,13142,240.1,0,OK,OK,OK
2026-07-30T04:09:16.708817Z,13142,240.0,0,OK,OK,OK
2026-07-30T04:09:22.191728Z,11734,240.7,0,OK,OK,OK
2026-07-30T04:09:27.678048Z,11726,240.6,0,OK,OK,OK
2026-07-30T04:09:33.229129Z,11730,240.7,0,OK,OK,OK
2026-07-30T04:09:38.716522Z,11721,240.7,0,OK,OK,OK
2026-07-30T04:09:44.174420Z,11720,240.6,0,OK,OK,OK
2026-07-30T04:09:49.712495Z,11721,240.8,0,OK,OK,OK
2026-07-30T04:09:55.211683Z,11741,241.1,0,OK,OK,OK
2026-07-30T04:10:00.640781Z,11738,241.1,0,OK,OK,OK
2026-07-30T04:10:06.159648Z,11727,241.3,0,OK,OK,OK
2026-07-30T04:10:11.617165Z,11752,241.3,0,OK,OK,OK
2026-07-30T04:10:17.185803Z,11802,241.4,0,OK,OK,OK
2026-07-30T04:10:22.662018Z,11743,241.4,0,OK,OK,OK
2026-07-30T04:10:28.148827Z,11768,241.4,0,OK,OK,OK
2026-07-30T04:10:33.630705Z,11738,241.4,0,OK,OK,OK
2026-07-30T04:10:39.162947Z,11750,241.4,0,OK,OK,OK
2026-07-30T04:10:44.658290Z,11751,241.4,0,OK,OK,OK
2026-07-30T04:10:50.120774Z,11798,241.4,0,OK,OK,OK
2026-07-30T04:10:55.602897Z,11751,241.4,0,OK,OK,OK
2026-07-30T04:11:01.076959Z,11748,241.4,0,OK,OK,OK
2026-07-30T04:11:06.570830Z,11794,241.4,0,OK,OK,OK
2026-07-30T04:11:12.088578Z,11780,241.4,0,OK,OK,OK
2026-07-30T04:11:17.599416Z,11778,241.4,0,OK,OK,OK
2026-07-30T04:11:23.103835Z,11805,241.4,0,OK,OK,OK
2026-07-30T04:11:28.619891Z,11796,241.5,0,OK,OK,OK
2026-07-30T04:11:34.123820Z,11754,241.4,0,OK,OK,OK
2026-07-30T04:11:39.616326Z,11802,241.5,0,OK,OK,OK
2026-07-30T04:11:45.152705Z,11802,241.4,0,OK,OK,OK
2026-07-30T04:11:50.594803Z,11803,241.6,0,OK,OK,OK
2026-07-30T04:11:56.095134Z,11803,241.4,0,OK,OK,OK
2026-07-30T04:12:01.558911Z,11793,241.4,0,OK,OK,OK
2026-07-30T04:12:07.046184Z,11732,241.2,0,OK,OK,OK
2026-07-30T04:12:12.529829Z,11735,241.3,0,OK,OK,OK
2026-07-30T04:12:17.996723Z,11800,241.5,0,OK,OK,OK
2026-07-30T04:12:23.488060Z,11799,241.5,0,OK,OK,OK
2026-07-30T04:12:28.962676Z,11807,241.4,0,OK,OK,OK
2026-07-30T04:12:34.500884Z,11796,241.6,0,OK,OK,OK
2026-07-30T04:12:39.990895Z,11805,241.6,0,OK,OK,OK
2026-07-30T04:12:45.498558Z,11803,241.6,0,OK,OK,OK
2026-07-30T04:12:50.982150Z,11802,241.6,0,OK,OK,OK
2026-07-30T04:12:56.489219Z,11813,241.7,0,OK,OK,OK
2026-07-30T04:13:01.969560Z,11819,241.7,0,OK,OK,OK
2026-07-30T04:13:07.483159Z,11798,241.6,0,OK,OK,OK
2026-07-30T04:13:12.947785Z,11805,241.6,0,OK,OK,OK
2026-07-30T04:13:18.484064Z,11800,241.4,0,OK,OK,OK
2026-07-30T04:13:23.926000Z,11801,241.5,0,OK,OK,OK
2026-07-30T04:13:29.411032Z,11808,241.5,0,OK,OK,OK
2026-07-30T04:13:34.842808Z,11785,241.4,0,OK,OK,OK
2026-07-30T04:13:40.364528Z,11794,241.6,0,OK,OK,OK
2026-07-30T04:13:45.854176Z,11812,241.7,0,OK,OK,OK
2026-07-30T04:13:51.334856Z,11811,241.7,0,OK,OK,OK
2026-07-30T04:13:56.855980Z,11809,241.7,0,OK,OK,OK
2026-07-30T04:14:02.370554Z,11818,241.7,0,OK,OK,OK
2026-07-30T04:14:07.855093Z,11801,241.7,0,OK,OK,OK
2026-07-30T04:14:13.366186Z,11820,241.7,0,OK,OK,OK
2026-07-30T04:14:18.858226Z,11798,241.5,0,OK,OK,OK
2026-07-30T04:14:24.328481Z,11800,241.5,0,OK,OK,OK
2026-07-30T04:14:29.794489Z,11814,241.6,0,OK,OK,OK
2026-07-30T04:14:35.280284Z,11810,241.8,0,OK,OK,OK
2026-07-30T04:14:40.796058Z,11808,241.7,0,OK,OK,OK
2026-07-30T04:14:46.273146Z,11820,241.7,0,OK,OK,OK
2026-07-30T04:14:51.856848Z,11818,241.8,0,OK,OK,OK
2026-07-30T04:14:57.375384Z,11812,241.8,0,OK,OK,OK
2026-07-30T04:15:02.844711Z,11799,241.7,0,OK,OK,OK
2026-07-30T04:15:08.339377Z,11808,241.7,0,OK,OK,OK
2026-07-30T04:15:13.846538Z,11814,241.7,0,OK,OK,OK
2026-07-30T04:15:19.329806Z,11812,241.7,0,OK,OK,OK
2026-07-30T04:15:24.827267Z,11807,241.8,0,OK,OK,OK
2026-07-30T04:15:30.280377Z,11815,241.8,0,OK,OK,OK
2026-07-30T04:15:35.764747Z,11820,241.9,0,OK,OK,OK
2026-07-30T04:15:41.269582Z,11814,242.0,0,OK,OK,OK
2026-07-30T04:15:46.739000Z,11824,242.1,0,OK,OK,OK
2026-07-30T04:15:52.200575Z,11820,241.9,0,OK,OK,OK
2026-07-30T04:15:57.670432Z,11820,241.9,0,OK,OK,OK
2026-07-30T04:16:03.202519Z,11820,242.0,0,OK,OK,OK
2026-07-30T04:16:08.696783Z,11817,241.9,0,OK,OK,OK
2026-07-30T04:16:14.163187Z,11811,241.9,0,OK,OK,OK
2026-07-30T04:16:19.643198Z,11817,241.9,0,OK,OK,OK
2026-07-30T04:16:25.139152Z,11816,241.8,0,OK,OK,OK
2026-07-30T04:16:30.652199Z,11825,241.9,0,OK,OK,OK
2026-07-30T04:16:36.141340Z,11823,242.0,0,OK,OK,OK
2026-07-30T04:16:41.675228Z,11823,242.0,0,OK,OK,OK
2026-07-30T04:16:47.157684Z,11820,242.0,0,OK,OK,OK
2026-07-30T04:16:52.600398Z,11844,242.0,0,OK,OK,OK
2026-07-30T04:16:58.092177Z,11861,242.0,0,OK,OK,OK
2026-07-30T04:17:03.580074Z,11826,242.0,0,OK,OK,OK
2026-07-30T04:17:09.140124Z,11827,242.1,0,OK,OK,OK
2026-07-30T04:17:14.609568Z,11833,242.1,0,OK,OK,OK
2026-07-30T04:17:20.117917Z,11825,242.1,0,OK,OK,OK
2026-07-30T04:17:25.588922Z,11829,242.0,0,OK,OK,OK
2026-07-30T04:17:31.070945Z,11838,242.0,0,OK,OK,OK
2026-07-30T04:17:36.568958Z,11844,242.0,0,OK,OK,OK
2026-07-30T04:17:42.078685Z,11833,242.0,0,OK,OK,OK
2026-07-30T04:17:47.586920Z,11839,242.1,0,OK,OK,OK
2026-07-30T04:17:53.065727Z,11841,242.1,0,OK,OK,OK
2026-07-30T04:17:58.584268Z,11841,242.3,0,OK,OK,OK
2026-07-30T04:18:04.105540Z,11824,242.0,0,OK,OK,OK
2026-07-30T04:18:09.600718Z,11830,242.1,0,OK,OK,OK
2026-07-30T04:18:15.198799Z,11834,242.1,0,OK,OK,OK
2026-07-30T04:18:20.683003Z,11842,242.2,0,OK,OK,OK
2026-07-30T04:18:26.166357Z,11832,242.1,0,OK,OK,OK
2026-07-30T04:18:31.668531Z,11845,242.2,0,OK,OK,OK
2026-07-30T04:18:37.147153Z,11845,242.1,0,OK,OK,OK
2026-07-30T04:18:42.651165Z,11849,242.2,0,OK,OK,OK
2026-07-30T04:18:48.152262Z,11834,242.0,0,OK,OK,OK
2026-07-30T04:18:53.635556Z,11834,242.0,0,OK,OK,OK
2026-07-30T04:18:59.092227Z,11824,241.8,0,OK,OK,OK
2026-07-30T04:19:04.555771Z,11825,241.8,0,OK,OK,OK
2026-07-30T04:19:09.990149Z,11813,241.8,0,OK,OK,OK
2026-07-30T04:19:15.471728Z,11838,241.9,0,OK,OK,OK
2026-07-30T04:19:20.923461Z,11820,241.9,0,OK,OK,OK
2026-07-30T04:19:26.425719Z,11827,241.9,0,OK,OK,OK
2026-07-30T04:19:31.983945Z,11842,242.0,0,OK,OK,OK
2026-07-30T04:19:37.482622Z,11831,241.9,0,OK,OK,OK
2026-07-30T04:19:42.950895Z,11825,241.9,0,OK,OK,OK
2026-07-30T04:19:48.471747Z,11825,242.0,0,OK,OK,OK
2026-07-30T04:19:53.982408Z,11831,241.9,0,OK,OK,OK
2026-07-30T04:19:59.471504Z,11824,242.0,0,OK,OK,OK
2026-07-30T04:20:04.943352Z,11843,242.0,0,OK,OK,OK
2026-07-30T04:20:10.406000Z,11801,241.4,0,OK,OK,OK
2026-07-30T04:20:15.900569Z,11804,241.7,0,OK,OK,OK
2026-07-30T04:20:21.383774Z,11814,241.7,0,OK,OK,OK
2026-07-30T04:20:26.885362Z,11809,241.7,0,OK,OK,OK
2026-07-30T04:20:32.389812Z,11825,241.7,0,OK,OK,OK
2026-07-30T04:20:37.862717Z,11813,241.5,0,OK,OK,OK
2026-07-30T04:20:43.329174Z,11802,241.4,0,OK,OK,OK
2026-07-30T04:20:48.809533Z,11804,241.4,0,OK,OK,OK
2026-07-30T04:20:54.299849Z,11738,241.2,0,OK,OK,OK
2026-07-30T04:20:59.801777Z,11738,241.2,0,OK,OK,OK
2026-07-30T04:21:05.299634Z,11811,241.5,0,OK,OK,OK
2026-07-30T04:21:10.774642Z,11818,241.5,0,OK,OK,OK
2026-07-30T04:21:16.266493Z,11808,241.4,0,OK,OK,OK
2026-07-30T04:21:21.816961Z,11794,241.4,0,OK,OK,OK
2026-07-30T04:21:27.289937Z,11804,241.5,0,OK,OK,OK
2026-07-30T04:21:32.800833Z,11802,241.4,0,OK,OK,OK
2026-07-30T04:21:38.264245Z,11779,241.3,0,OK,OK,OK
2026-07-30T04:21:43.800408Z,11800,241.3,0,OK,OK,OK
2026-07-30T04:21:49.274923Z,11739,241.3,0,OK,OK,OK
2026-07-30T04:21:54.768001Z,11805,241.3,0,OK,OK,OK
2026-07-30T04:22:00.223938Z,11813,241.3,0,OK,OK,OK
2026-07-30T04:22:05.718046Z,11754,241.4,0,OK,OK,OK
2026-07-30T04:22:11.199760Z,11770,241.2,0,OK,OK,OK
2026-07-30T04:22:16.654379Z,11760,241.1,0,OK,OK,OK
2026-07-30T04:22:22.152369Z,11761,241.2,0,OK,OK,OK
2026-07-30T04:22:27.619575Z,11768,241.3,0,OK,OK,OK
2026-07-30T04:22:33.141682Z,11816,241.3,0,OK,OK,OK
2026-07-30T04:22:38.615399Z,11764,241.1,0,OK,OK,OK
2026-07-30T04:22:44.109518Z,11855,241.1,0,OK,OK,OK
2026-07-30T04:22:49.619287Z,11866,241.1,0,OK,OK,OK
2026-07-30T04:22:55.093645Z,11862,241.0,0,OK,OK,OK
2026-07-30T04:23:00.552452Z,11876,241.0,0,OK,OK,OK
2026-07-30T04:23:06.028773Z,11885,241.0,0,OK,OK,OK
2026-07-30T04:23:11.508126Z,11882,241.0,0,OK,OK,OK
2026-07-30T04:23:16.979280Z,11878,241.2,0,OK,OK,OK
2026-07-30T04:23:22.457016Z,11858,241.0,0,OK,OK,OK
2026-07-30T04:23:27.979928Z,11865,241.0,0,OK,OK,OK
2026-07-30T04:23:33.509338Z,11864,241.0,0,OK,OK,OK
2026-07-30T04:23:39.022367Z,11848,241.0,0,OK,OK,OK
2026-07-30T04:23:44.518880Z,11851,241.0,0,OK,OK,OK
2026-07-30T04:23:50.016651Z,11846,241.0,0,OK,OK,OK
2026-07-30T04:23:55.497339Z,11844,241.0,0,OK,OK,OK
2026-07-30T04:24:00.971746Z,11842,240.7,0,OK,OK,OK
2026-07-30T04:24:06.464541Z,11955,240.5,0,OK,OK,OK
2026-07-30T04:24:11.909280Z,11931,240.5,0,OK,OK,OK
2026-07-30T04:24:17.388893Z,11935,240.6,0,OK,OK,OK
2026-07-30T04:24:22.856943Z,11929,240.6,0,OK,OK,OK
2026-07-30T04:24:28.341605Z,11908,239.8,0,OK,OK,OK
2026-07-30T04:24:33.830212Z,11916,239.9,0,OK,OK,OK
2026-07-30T04:24:39.327801Z,11910,239.8,0,OK,OK,OK
2026-07-30T04:24:44.801630Z,11901,239.9,0,OK,OK,OK
2026-07-30T04:24:50.271431Z,11905,239.7,0,OK,OK,OK
2026-07-30T04:24:55.768328Z,11908,239.8,0,OK,OK,OK
2026-07-30T04:25:01.270747Z,11904,239.9,0,OK,OK,OK
2026-07-30T04:25:06.796722Z,11906,239.9,0,OK,OK,OK
2026-07-30T04:25:12.277958Z,11901,239.9,0,OK,OK,OK
2026-07-30T04:25:17.752457Z,11900,239.9,0,OK,OK,OK
2026-07-30T04:25:23.255494Z,11894,239.7,0,OK,OK,OK
2026-07-30T04:25:28.795830Z,11791,239.8,0,OK,OK,OK
2026-07-30T04:25:34.299471Z,11798,239.8,0,OK,OK,OK
2026-07-30T04:25:39.788680Z,11797,239.8,0,OK,OK,OK
2026-07-30T04:25:45.303267Z,11795,239.9,0,OK,OK,OK
2026-07-30T04:25:50.803393Z,11796,239.8,0,OK,OK,OK
2026-07-30T04:25:56.267179Z,11799,239.8,0,OK,OK,OK
2026-07-30T04:26:01.761973Z,11798,239.8,0,OK,OK,OK
2026-07-30T04:26:07.209091Z,11793,239.8,0,OK,OK,OK
2026-07-30T04:26:12.778022Z,11795,240.0,0,OK,OK,OK
2026-07-30T04:26:18.206266Z,11797,240.0,0,OK,OK,OK
2026-07-30T04:26:23.701695Z,11796,240.0,0,OK,OK,OK
2026-07-30T04:26:29.154064Z,11803,240.0,0,OK,OK,OK
2026-07-30T04:26:34.650598Z,11797,240.0,0,OK,OK,OK
2026-07-30T04:26:40.118811Z,11804,240.0,0,OK,OK,OK
2026-07-30T04:26:45.612440Z,11795,240.0,0,OK,OK,OK
2026-07-30T04:26:51.096274Z,11800,240.2,0,OK,OK,OK
2026-07-30T04:26:56.578805Z,11802,240.4,0,OK,OK,OK
2026-07-30T04:27:02.103226Z,11828,240.4,0,OK,OK,OK
2026-07-30T04:27:07.604557Z,11797,240.4,0,OK,OK,OK
2026-07-30T04:27:13.128991Z,11808,240.4,0,OK,OK,OK
2026-07-30T04:27:18.611211Z,11818,240.4,0,OK,OK,OK
2026-07-30T04:27:24.098084Z,11812,240.4,0,OK,OK,OK
2026-07-30T04:27:29.628792Z,11830,240.3,0,OK,OK,OK
2026-07-30T04:27:35.148367Z,11807,240.3,0,OK,OK,OK
2026-07-30T04:27:40.593887Z,11800,240.2,0,OK,OK,OK
2026-07-30T04:27:46.070140Z,11804,240.2,0,OK,OK,OK
2026-07-30T04:27:51.568531Z,11815,240.3,0,OK,OK,OK
2026-07-30T04:27:57.038831Z,11805,240.4,0,OK,OK,OK
2026-07-30T04:28:02.510331Z,11810,240.2,0,OK,OK,OK
2026-07-30T04:28:08.020894Z,11800,240.2,0,OK,OK,OK
2026-07-30T04:28:13.477799Z,11810,240.2,0,OK,OK,OK
2026-07-30T04:28:18.952375Z,11796,240.2,0,OK,OK,OK
2026-07-30T04:28:24.442863Z,11789,240.2,0,OK,OK,OK
2026-07-30T04:28:30.002427Z,11797,240.2,0,OK,OK,OK
2026-07-30T04:28:35.470853Z,11798,240.2,0,OK,OK,OK
2026-07-30T04:28:40.937991Z,11812,240.1,0,OK,OK,OK
2026-07-30T04:28:46.432817Z,11808,240.2,0,OK,OK,OK
2026-07-30T04:28:51.945225Z,11797,240.2,0,OK,OK,OK
2026-07-30T04:28:57.483359Z,11803,240.2,0,OK,OK,OK
2026-07-30T04:29:02.952131Z,11797,240.2,0,OK,OK,OK
2026-07-30T04:29:08.470313Z,11828,240.2,0,OK,OK,OK
2026-07-30T04:29:13.967371Z,11815,240.2,0,OK,OK,OK
2026-07-30T04:29:19.453361Z,11848,240.0,0,OK,OK,OK
2026-07-30T04:29:24.983090Z,11863,240.0,0,OK,OK,OK
2026-07-30T04:29:30.472370Z,11886,240.0,0,OK,OK,OK
2026-07-30T04:29:35.977432Z,11909,240.2,0,OK,OK,OK
2026-07-30T04:29:41.452698Z,11905,240.1,0,OK,OK,OK
2026-07-30T04:29:46.906247Z,11895,240.1,0,OK,OK,OK
2026-07-30T04:29:52.399443Z,11820,239.9,0,OK,OK,OK
2026-07-30T04:29:57.849215Z,11825,240.2,0,OK,OK,OK
2026-07-30T04:30:03.323233Z,11833,240.2,0,OK,OK,OK
2026-07-30T04:30:08.798139Z,11835,240.3,0,OK,OK,OK
2026-07-30T04:30:14.287583Z,11830,240.4,0,OK,OK,OK
2026-07-30T04:30:19.778321Z,11829,240.5,0,OK,OK,OK
2026-07-30T04:30:25.282473Z,11832,240.5,0,OK,OK,OK
2026-07-30T04:30:30.758355Z,11834,240.6,0,OK,OK,OK
2026-07-30T04:30:36.320187Z,11831,240.6,0,OK,OK,OK
2026-07-30T04:30:41.802589Z,11841,240.5,0,OK,OK,OK
2026-07-30T04:30:47.312016Z,11828,240.5,0,OK,OK,OK
2026-07-30T04:30:52.811058Z,11828,240.6,0,OK,OK,OK
2026-07-30T04:30:58.310026Z,11829,240.5,0,OK,OK,OK
2026-07-30T04:31:03.820572Z,11832,240.6,0,OK,OK,OK
2026-07-30T04:31:09.338876Z,11843,240.6,0,OK,OK,OK
2026-07-30T04:31:14.858805Z,11835,240.7,0,OK,OK,OK
2026-07-30T04:31:20.347459Z,11829,240.6,0,OK,OK,OK
2026-07-30T04:31:25.791223Z,11830,240.6,0,OK,OK,OK
2026-07-30T04:31:31.306077Z,11836,240.7,0,OK,OK,OK
2026-07-30T04:31:36.843754Z,11835,240.6,0,OK,OK,OK
2026-07-30T04:31:42.299700Z,11844,240.7,0,OK,OK,OK
2026-07-30T04:31:47.768811Z,11842,240.7,0,OK,OK,OK
2026-07-30T04:31:53.216986Z,11849,240.7,0,OK,OK,OK
2026-07-30T04:31:58.756102Z,11840,240.7,0,OK,OK,OK
2026-07-30T04:32:04.213854Z,11857,240.8,0,OK,OK,OK
2026-07-30T04:32:09.698136Z,11846,240.8,0,OK,OK,OK
2026-07-30T04:32:15.145024Z,11851,240.8,0,OK,OK,OK
2026-07-30T04:32:20.647994Z,11841,240.8,0,OK,OK,OK
2026-07-30T04:32:26.095318Z,11842,240.8,0,OK,OK,OK
2026-07-30T04:32:31.600949Z,11851,240.8,0,OK,OK,OK
2026-07-30T04:32:37.092839Z,11854,240.9,0,OK,OK,OK
2026-07-30T04:32:42.594930Z,11836,240.8,0,OK,OK,OK
2026-07-30T04:32:48.103426Z,11843,240.9,0,OK,OK,OK
2026-07-30T04:32:53.603692Z,11839,240.8,0,OK,OK,OK
2026-07-30T04:32:59.067461Z,11836,240.8,0,OK,OK,OK
2026-07-30T04:33:04.555994Z,11845,240.9,0,OK,OK,OK
2026-07-30T04:33:10.046053Z,11838,240.9,0,OK,OK,OK
2026-07-30T04:33:15.512637Z,11842,240.9,0,OK,OK,OK
2026-07-30T04:33:20.966376Z,11840,241.0,0,OK,OK,OK
2026-07-30T04:33:26.547448Z,11849,240.9,0,OK,OK,OK
2026-07-30T04:33:32.011508Z,11834,240.9,0,OK,OK,OK
2026-07-30T04:33:37.476940Z,11841,241.0,0,OK,OK,OK
2026-07-30T04:33:42.943891Z,11848,241.0,0,OK,OK,OK
2026-07-30T04:33:48.376280Z,11841,241.0,0,OK,OK,OK
2026-07-30T04:33:53.886382Z,11852,241.0,0,OK,OK,OK
2026-07-30T04:33:59.341967Z,11841,241.0,0,OK,OK,OK
2026-07-30T04:34:04.818801Z,11846,241.0,0,OK,OK,OK
2026-07-30T04:34:10.341901Z,11846,241.1,0,OK,OK,OK
2026-07-30T04:34:15.874813Z,11859,241.2,0,OK,OK,OK
2026-07-30T04:34:21.356595Z,11845,241.2,0,OK,OK,OK
2026-07-30T04:34:26.821262Z,11849,241.2,0,OK,OK,OK
2026-07-30T04:34:32.341060Z,11838,241.2,0,OK,OK,OK
2026-07-30T04:34:37.783078Z,11847,241.2,0,OK,OK,OK
2026-07-30T04:34:43.293021Z,11836,241.2,0,OK,OK,OK
2026-07-30T04:34:48.781087Z,11838,241.2,0,OK,OK,OK
2026-07-30T04:34:54.295341Z,11828,240.9,0,OK,OK,OK
2026-07-30T04:34:59.767137Z,11843,241.1,0,OK,OK,OK
2026-07-30T04:35:05.297022Z,11826,241.0,0,OK,OK,OK
2026-07-30T04:35:10.764076Z,11834,241.1,0,OK,OK,OK
2026-07-30T04:35:16.246181Z,11834,241.0,0,OK,OK,OK
2026-07-30T04:35:21.717140Z,11824,241.0,0,OK,OK,OK
2026-07-30T04:35:27.236154Z,11827,241.0,0,OK,OK,OK
2026-07-30T04:35:32.783520Z,11834,241.1,0,OK,OK,OK
2026-07-30T04:35:38.304539Z,11832,241.0,0,OK,OK,OK
2026-07-30T04:35:43.773452Z,11826,240.8,0,OK,OK,OK
2026-07-30T04:35:49.267720Z,11818,240.8,0,OK,OK,OK
2026-07-30T04:35:54.720909Z,11823,240.9,0,OK,OK,OK
2026-07-30T04:36:00.182326Z,11818,240.8,0,OK,OK,OK
2026-07-30T04:36:05.622721Z,11820,240.8,0,OK,OK,OK
2026-07-30T04:36:11.091002Z,11829,240.8,0,OK,OK,OK
2026-07-30T04:36:16.597995Z,11822,241.0,0,OK,OK,OK
2026-07-30T04:36:22.108494Z,11831,241.0,0,OK,OK,OK
2026-07-30T04:36:27.603789Z,11821,240.9,0,OK,OK,OK
2026-07-30T04:36:33.127784Z,11829,240.9,0,OK,OK,OK
2026-07-30T04:36:38.625543Z,11820,241.0,0,OK,OK,OK
2026-07-30T04:36:44.063894Z,11827,240.9,0,OK,OK,OK
2026-07-30T04:36:49.565407Z,11827,241.0,0,OK,OK,OK
2026-07-30T04:36:54.994408Z,11876,241.3,0,OK,OK,OK
2026-07-30T04:37:00.484321Z,11883,241.3,0,OK,OK,OK
2026-07-30T04:37:05.960224Z,11834,241.2,0,OK,OK,OK
2026-07-30T04:37:11.451427Z,11852,241.2,0,OK,OK,OK
2026-07-30T04:37:17.003304Z,11855,241.1,0,OK,OK,OK
2026-07-30T04:37:22.488024Z,11850,241.0,0,OK,OK,OK
2026-07-30T04:37:27.959200Z,11851,241.0,0,OK,OK,OK
2026-07-30T04:37:33.473513Z,11853,241.1,0,OK,OK,OK
2026-07-30T04:37:38.971008Z,11852,241.1,0,OK,OK,OK
2026-07-30T04:37:44.473131Z,11849,241.1,0,OK,OK,OK
2026-07-30T04:37:49.939057Z,11852,241.1,0,OK,OK,OK
2026-07-30T04:37:55.417780Z,11853,241.0,0,OK,OK,OK
2026-07-30T04:38:00.892896Z,11855,241.1,0,OK,OK,OK
2026-07-30T04:38:06.399607Z,11856,241.1,0,OK,OK,OK
2026-07-30T04:38:11.841233Z,11855,241.1,0,OK,OK,OK
2026-07-30T04:38:17.308424Z,11860,241.1,0,OK,OK,OK
2026-07-30T04:38:22.772677Z,11864,241.1,0,OK,OK,OK
2026-07-30T04:38:28.295507Z,11847,240.8,0,OK,OK,OK
2026-07-30T04:38:33.770887Z,11842,240.8,0,OK,OK,OK
2026-07-30T04:38:39.236178Z,11854,241.1,0,OK,OK,OK
2026-07-30T04:38:44.740786Z,11852,241.1,0,OK,OK,OK
2026-07-30T04:38:50.225905Z,11854,241.1,0,OK,OK,OK
2026-07-30T04:38:55.699465Z,11861,241.0,0,OK,OK,OK
2026-07-30T04:39:01.201439Z,11857,241.1,0,OK,OK,OK
2026-07-30T04:39:06.816282Z,11852,240.9,0,OK,OK,OK
2026-07-30T04:39:12.297720Z,11823,241.1,0,OK,OK,OK
2026-07-30T04:39:17.822632Z,11829,241.1,0,OK,OK,OK
2026-07-30T04:39:23.289213Z,11824,241.1,0,OK,OK,OK
2026-07-30T04:39:28.798158Z,11836,241.2,0,OK,OK,OK
2026-07-30T04:39:34.321580Z,11835,241.2,0,OK,OK,OK
2026-07-30T04:39:39.811954Z,11836,241.1,0,OK,OK,OK
2026-07-30T04:39:45.322340Z,11830,241.2,0,OK,OK,OK
2026-07-30T04:39:50.818083Z,11830,241.2,0,OK,OK,OK
2026-07-30T04:39:56.332762Z,11830,241.2,0,OK,OK,OK
2026-07-30T04:40:01.837644Z,11829,241.1,0,OK,OK,OK
2026-07-30T04:40:07.344815Z,11831,241.1,0,OK,OK,OK
2026-07-30T04:40:12.854041Z,11831,241.1,0,OK,OK,OK
2026-07-30T04:40:18.347807Z,11833,241.1,0,OK,OK,OK
2026-07-30T04:40:23.859407Z,11833,241.1,0,OK,OK,OK
2026-07-30T04:40:29.363808Z,11832,241.1,0,OK,OK,OK
2026-07-30T04:40:34.840826Z,11833,241.1,0,OK,OK,OK
2026-07-30T04:40:40.345312Z,11829,241.1,0,OK,OK,OK
2026-07-30T04:40:45.813284Z,11832,241.1,0,OK,OK,OK
2026-07-30T04:40:51.277126Z,11823,241.1,0,OK,OK,OK
2026-07-30T04:40:56.723496Z,11840,241.1,0,OK,OK,OK
2026-07-30T04:41:02.221519Z,11850,241.2,0,OK,OK,OK
2026-07-30T04:41:07.718543Z,11838,241.2,0,OK,OK,OK
2026-07-30T04:41:13.248881Z,11837,241.2,0,OK,OK,OK
2026-07-30T04:41:18.685019Z,11847,241.2,0,OK,OK,OK
2026-07-30T04:41:24.193957Z,11838,241.1,0,OK,OK,OK
2026-07-30T04:41:29.721099Z,11833,241.2,0,OK,OK,OK
2026-07-30T04:41:35.198480Z,11837,241.1,0,OK,OK,OK
2026-07-30T04:41:40.690250Z,11718,237.7,0,OK,OK,OK
2026-07-30T04:41:46.198579Z,11828,240.2,0,OK,OK,OK
2026-07-30T04:41:51.686036Z,11857,240.3,0,OK,OK,OK
2026-07-30T04:41:57.212295Z,11863,240.2,0,OK,OK,OK
2026-07-30T04:42:02.669008Z,11866,240.3,0,OK,OK,OK
2026-07-30T04:42:08.177556Z,11874,240.3,0,OK,OK,OK
2026-07-30T04:42:13.620977Z,11823,240.0,0,OK,OK,OK
2026-07-30T04:42:19.070339Z,11822,240.1,0,OK,OK,OK
2026-07-30T04:42:24.538870Z,11824,240.0,0,OK,OK,OK
2026-07-30T04:42:30.032677Z,11818,240.1,0,OK,OK,OK
2026-07-30T04:42:35.499541Z,11818,240.1,0,OK,OK,OK
2026-07-30T04:42:40.968077Z,11816,240.2,0,OK,OK,OK
2026-07-30T04:42:46.499706Z,11816,240.0,0,OK,OK,OK
2026-07-30T04:42:52.007610Z,11812,240.1,0,OK,OK,OK
2026-07-30T04:42:57.514003Z,11815,240.2,0,OK,OK,OK
2026-07-30T04:43:02.989492Z,11801,240.2,0,OK,OK,OK
2026-07-30T04:43:08.553402Z,11812,240.1,0,OK,OK,OK
2026-07-30T04:43:14.063092Z,11820,240.1,0,OK,OK,OK
2026-07-30T04:43:19.586450Z,11811,240.1,0,OK,OK,OK
2026-07-30T04:43:25.045625Z,11810,240.0,0,OK,OK,OK
2026-07-30T04:43:30.568600Z,11804,240.1,0,OK,OK,OK
2026-07-30T04:43:36.042548Z,11801,240.0,0,OK,OK,OK
2026-07-30T04:43:41.597805Z,11803,239.9,0,OK,OK,OK
2026-07-30T04:43:47.106018Z,11802,239.9,0,OK,OK,OK
2026-07-30T04:43:52.626368Z,11796,239.9,0,OK,OK,OK
2026-07-30T04:43:58.131976Z,11714,240.0,0,OK,OK,OK
2026-07-30T04:44:03.654308Z,11716,240.0,0,OK,OK,OK
2026-07-30T04:44:09.128529Z,11712,239.9,0,OK,OK,OK
2026-07-30T04:44:14.633542Z,11709,240.0,0,OK,OK,OK
2026-07-30T04:44:20.114158Z,11718,240.2,0,OK,OK,OK
2026-07-30T04:44:25.624276Z,11717,240.0,0,OK,OK,OK
2026-07-30T04:44:31.151042Z,11717,240.1,0,OK,OK,OK
2026-07-30T04:44:36.616763Z,11707,240.1,0,OK,OK,OK
2026-07-30T04:44:42.084045Z,11718,240.2,0,OK,OK,OK
2026-07-30T04:44:47.605350Z,11711,240.1,0,OK,OK,OK
2026-07-30T04:44:53.121459Z,11711,240.1,0,OK,OK,OK
2026-07-30T04:44:58.581764Z,11709,240.1,0,OK,OK,OK
2026-07-30T04:45:04.044498Z,11706,239.9,0,OK,OK,OK
2026-07-30T04:45:09.519935Z,11708,240.0,0,OK,OK,OK
2026-07-30T04:45:15.054866Z,11713,239.9,0,OK,OK,OK
2026-07-30T04:45:20.492716Z,11710,240.0,0,OK,OK,OK
2026-07-30T04:45:25.992349Z,11698,240.0,0,OK,OK,OK
2026-07-30T04:45:31.510399Z,11703,240.0,0,OK,OK,OK
2026-07-30T04:45:36.970805Z,11704,240.2,0,OK,OK,OK
2026-07-30T04:45:42.456299Z,11698,240.2,0,OK,OK,OK
2026-07-30T04:45:47.978005Z,11706,240.2,0,OK,OK,OK
2026-07-30T04:45:53.445277Z,11711,240.2,0,OK,OK,OK
2026-07-30T04:45:58.950073Z,11712,240.3,0,OK,OK,OK
2026-07-30T04:46:04.468593Z,11707,240.2,0,OK,OK,OK
2026-07-30T04:46:09.961300Z,11707,240.2,0,OK,OK,OK
2026-07-30T04:46:15.463416Z,11714,240.3,0,OK,OK,OK
2026-07-30T04:46:20.964830Z,11716,240.2,0,OK,OK,OK
2026-07-30T04:46:26.448769Z,11702,240.1,0,OK,OK,OK
2026-07-30T04:46:31.918698Z,11705,240.3,0,OK,OK,OK
2026-07-30T04:46:37.390392Z,11703,240.3,0,OK,OK,OK
2026-07-30T04:46:42.881304Z,11709,240.3,0,OK,OK,OK
2026-07-30T04:46:48.383567Z,11702,240.2,0,OK,OK,OK
2026-07-30T04:46:53.880305Z,11708,240.2,0,OK,OK,OK
2026-07-30T04:46:59.375421Z,11702,240.2,0,OK,OK,OK
2026-07-30T04:47:04.830930Z,11718,240.8,0,OK,OK,OK
2026-07-30T04:47:10.307592Z,11726,240.8,0,OK,OK,OK
2026-07-30T04:47:15.781457Z,11714,240.7,0,OK,OK,OK
2026-07-30T04:47:21.277285Z,11720,240.7,0,OK,OK,OK
2026-07-30T04:47:26.766766Z,11731,240.8,0,OK,OK,OK
2026-07-30T04:47:32.272616Z,11588,240.8,0,OK,OK,OK
2026-07-30T04:47:37.717337Z,11599,240.9,0,OK,OK,OK
2026-07-30T04:47:43.198208Z,11596,240.8,0,OK,OK,OK
2026-07-30T04:47:48.715643Z,11598,240.9,0,OK,OK,OK
2026-07-30T04:47:54.171930Z,11596,240.8,0,OK,OK,OK
2026-07-30T04:47:59.603704Z,11588,240.8,0,OK,OK,OK
2026-07-30T04:48:05.072301Z,11600,240.7,0,OK,OK,OK
2026-07-30T04:48:10.583547Z,11593,240.7,0,OK,OK,OK
2026-07-30T04:48:16.116483Z,11594,240.7,0,OK,OK,OK
2026-07-30T04:48:21.593009Z,11594,240.8,0,OK,OK,OK
2026-07-30T04:48:27.062868Z,11589,240.7,0,OK,OK,OK
2026-07-30T04:48:32.675035Z,11612,241.2,0,OK,OK,OK
2026-07-30T04:48:38.149841Z,11606,241.2,0,OK,OK,OK
2026-07-30T04:48:43.653758Z,11610,241.3,0,OK,OK,OK
2026-07-30T04:48:49.186088Z,11604,241.3,0,OK,OK,OK
2026-07-30T04:48:54.685811Z,11657,241.4,0,OK,OK,OK
2026-07-30T04:49:00.110904Z,11604,241.3,0,OK,OK,OK
2026-07-30T04:49:05.647041Z,11612,241.3,0,OK,OK,OK
2026-07-30T04:49:11.109823Z,11654,241.4,0,OK,OK,OK
2026-07-30T04:49:16.595622Z,11663,241.2,0,OK,OK,OK
2026-07-30T04:49:22.068236Z,11597,241.3,0,OK,OK,OK
2026-07-30T04:49:27.533242Z,11597,241.2,0,OK,OK,OK
2026-07-30T04:49:33.075236Z,11608,241.2,0,OK,OK,OK
2026-07-30T04:49:38.636855Z,11630,241.3,0,OK,OK,OK
2026-07-30T04:49:44.140134Z,11655,241.3,0,OK,OK,OK
2026-07-30T04:49:49.662216Z,11612,241.3,0,OK,OK,OK
2026-07-30T04:49:55.148157Z,11607,241.3,0,OK,OK,OK
2026-07-30T04:50:00.612834Z,11608,241.3,0,OK,OK,OK
2026-07-30T04:50:06.094369Z,11607,241.3,0,OK,OK,OK
2026-07-30T04:50:11.567228Z,11622,241.4,0,OK,OK,OK
2026-07-30T04:50:17.073311Z,11600,241.4,0,OK,OK,OK
2026-07-30T04:50:22.564864Z,11605,241.3,0,OK,OK,OK
2026-07-30T04:50:28.061540Z,11607,241.4,0,OK,OK,OK
2026-07-30T04:50:33.560858Z,11656,241.4,0,OK,OK,OK
2026-07-30T04:50:39.071750Z,11645,241.3,0,OK,OK,OK
2026-07-30T04:50:44.578362Z,11609,241.3,0,OK,OK,OK
2026-07-30T04:50:50.096618Z,11608,241.3,0,OK,OK,OK
2026-07-30T04:50:55.571749Z,11660,241.4,0,OK,OK,OK
2026-07-30T04:51:01.037082Z,11674,241.4,0,OK,OK,OK
2026-07-30T04:51:06.554324Z,11659,241.4,0,OK,OK,OK
2026-07-30T04:51:12.030804Z,11659,241.4,0,OK,OK,OK
2026-07-30T04:51:17.520908Z,11782,241.4,0,OK,OK,OK
2026-07-30T04:51:23.023148Z,11754,241.4,0,OK,OK,OK
2026-07-30T04:51:28.498237Z,11772,241.4,0,OK,OK,OK
2026-07-30T04:51:34.003835Z,11852,241.4,0,OK,OK,OK
2026-07-30T04:51:39.493377Z,11876,241.4,0,OK,OK,OK
2026-07-30T04:51:44.931327Z,11872,241.4,0,OK,OK,OK
2026-07-30T04:51:50.405946Z,11892,241.4,0,OK,OK,OK
2026-07-30T04:51:55.927532Z,11911,241.4,0,OK,OK,OK
2026-07-30T04:52:01.403352Z,11912,241.4,0,OK,OK,OK
2026-07-30T04:52:06.981035Z,11936,241.4,0,OK,OK,OK
2026-07-30T04:52:12.479350Z,11895,241.4,0,OK,OK,OK
2026-07-30T04:52:17.945792Z,11924,241.4,0,OK,OK,OK
2026-07-30T04:52:23.435931Z,11916,241.4,0,OK,OK,OK
2026-07-30T04:52:28.929189Z,11898,241.4,0,OK,OK,OK
2026-07-30T04:52:34.415183Z,11915,241.4,0,OK,OK,OK
2026-07-30T04:52:39.901833Z,11913,241.4,0,OK,OK,OK
2026-07-30T04:52:45.361518Z,11905,241.4,0,OK,OK,OK
2026-07-30T04:52:50.849305Z,11897,241.4,0,OK,OK,OK
2026-07-30T04:52:56.317475Z,11903,241.4,0,OK,OK,OK
2026-07-30T04:53:01.824067Z,11855,241.4,0,OK,OK,OK
2026-07-30T04:53:07.372645Z,11826,241.5,0,OK,OK,OK
2026-07-30T04:53:12.872563Z,11818,241.5,0,OK,OK,OK
2026-07-30T04:53:18.382414Z,11810,241.4,0,OK,OK,OK
2026-07-30T04:53:23.870008Z,11751,241.3,0,OK,OK,OK
2026-07-30T04:53:29.340799Z,11732,241.4,0,OK,OK,OK
2026-07-30T04:53:34.865527Z,11786,241.4,0,OK,OK,OK
2026-07-30T04:53:40.367304Z,11777,241.4,0,OK,OK,OK
2026-07-30T04:53:45.821575Z,11788,241.4,0,OK,OK,OK
2026-07-30T04:53:51.302714Z,11790,241.5,0,OK,OK,OK
2026-07-30T04:53:56.832953Z,11791,241.5,0,OK,OK,OK
2026-07-30T04:54:02.313703Z,11802,241.5,0,OK,OK,OK
2026-07-30T04:54:07.823456Z,11792,241.5,0,OK,OK,OK
2026-07-30T04:54:13.297209Z,11793,241.5,0,OK,OK,OK
2026-07-30T04:54:18.780608Z,11738,241.5,0,OK,OK,OK
2026-07-30T04:54:24.314193Z,11742,241.5,0,OK,OK,OK
2026-07-30T04:54:29.833325Z,11754,241.5,0,OK,OK,OK
2026-07-30T04:54:35.338818Z,11750,241.5,0,OK,OK,OK
2026-07-30T04:54:40.819191Z,11739,241.5,0,OK,OK,OK
2026-07-30T04:54:46.296233Z,11741,241.6,0,OK,OK,OK
2026-07-30T04:54:51.803684Z,11743,241.5,0,OK,OK,OK
2026-07-30T04:54:57.316211Z,11760,241.5,0,OK,OK,OK
2026-07-30T04:55:02.841468Z,11766,241.6,0,OK,OK,OK
2026-07-30T04:55:08.323991Z,11764,241.5,0,OK,OK,OK
2026-07-30T04:55:13.818928Z,11767,241.5,0,OK,OK,OK
2026-07-30T04:55:19.291867Z,11774,241.5,0,OK,OK,OK
2026-07-30T04:55:24.792487Z,11760,241.5,0,OK,OK,OK
2026-07-30T04:55:30.225811Z,11744,241.5,0,OK,OK,OK
2026-07-30T04:55:35.706019Z,11750,241.5,0,OK,OK,OK
2026-07-30T04:55:41.183372Z,11747,241.5,0,OK,OK,OK
2026-07-30T04:55:46.704899Z,11748,241.5,0,OK,OK,OK
2026-07-30T04:55:52.180285Z,11755,241.6,0,OK,OK,OK
2026-07-30T04:55:57.630732Z,11732,241.4,0,OK,OK,OK
2026-07-30T04:56:03.166519Z,11736,241.4,0,OK,OK,OK
2026-07-30T04:56:08.626277Z,11688,241.3,0,OK,OK,OK
2026-07-30T04:56:14.101208Z,11736,241.4,0,OK,OK,OK
2026-07-30T04:56:19.598708Z,11682,241.3,0,OK,OK,OK
2026-07-30T04:56:25.095227Z,11686,241.3,0,OK,OK,OK
2026-07-30T04:56:30.594378Z,11734,241.3,0,OK,OK,OK
2026-07-30T04:56:36.106583Z,11685,241.3,0,OK,OK,OK
2026-07-30T04:56:41.604359Z,11679,240.9,0,OK,OK,OK
2026-07-30T04:56:47.064557Z,11678,240.9,0,OK,OK,OK
2026-07-30T04:56:52.557045Z,11679,241.0,0,OK,OK,OK
2026-07-30T04:56:58.051312Z,11680,241.0,0,OK,OK,OK
2026-07-30T04:57:03.533891Z,11676,241.0,0,OK,OK,OK
2026-07-30T04:57:09.021611Z,11683,241.0,0,OK,OK,OK
2026-07-30T04:57:14.509896Z,11686,241.0,0,OK,OK,OK
2026-07-30T04:57:19.992719Z,11683,241.1,0,OK,OK,OK
2026-07-30T04:57:25.478839Z,11687,241.0,0,OK,OK,OK
2026-07-30T04:57:31.020287Z,11693,241.0,0,OK,OK,OK
2026-07-30T04:57:36.570817Z,11680,241.0,0,OK,OK,OK
2026-07-30T04:57:42.046116Z,11693,241.1,0,OK,OK,OK
2026-07-30T04:57:47.535983Z,11684,241.3,0,OK,OK,OK
2026-07-30T04:57:52.995342Z,11670,241.2,0,OK,OK,OK
2026-07-30T04:57:58.506562Z,11689,241.3,0,OK,OK,OK
2026-07-30T04:58:04.007220Z,11726,241.3,0,OK,OK,OK
2026-07-30T04:58:09.514695Z,11677,241.3,0,OK,OK,OK
2026-07-30T04:58:14.987454Z,11683,241.3,0,OK,OK,OK
2026-07-30T04:58:20.490279Z,11671,241.3,0,OK,OK,OK
2026-07-30T04:58:25.985807Z,11678,241.1,0,OK,OK,OK
2026-07-30T04:58:31.443811Z,11678,241.4,0,OK,OK,OK
2026-07-30T04:58:36.883400Z,11674,241.4,0,OK,OK,OK
2026-07-30T04:58:42.357768Z,11679,241.3,0,OK,OK,OK
2026-07-30T04:58:47.840803Z,11680,241.4,0,OK,OK,OK
2026-07-30T04:58:53.342034Z,11700,241.4,0,OK,OK,OK
2026-07-30T04:58:58.796362Z,11732,241.4,0,OK,OK,OK
2026-07-30T04:59:04.231823Z,11678,241.4,0,OK,OK,OK
2026-07-30T04:59:09.755372Z,11730,241.3,0,OK,OK,OK
2026-07-30T04:59:15.226830Z,11670,241.3,0,OK,OK,OK
2026-07-30T04:59:20.751758Z,11678,241.3,0,OK,OK,OK
2026-07-30T04:59:26.222999Z,11675,241.3,0,OK,OK,OK
2026-07-30T04:59:31.691182Z,11685,241.1,0,OK,OK,OK
2026-07-30T04:59:37.173865Z,11673,241.2,0,OK,OK,OK
2026-07-30T04:59:42.653285Z,11671,241.3,0,OK,OK,OK
2026-07-30T04:59:48.161334Z,11676,241.1,0,OK,OK,OK
2026-07-30T04:59:53.645714Z,11674,241.2,0,OK,OK,OK
2026-07-30T04:59:59.140296Z,11670,241.1,0,OK,OK,OK
2026-07-30T05:00:04.614696Z,11683,241.2,0,OK,OK,OK
2026-07-30T05:00:10.068235Z,11672,241.3,0,OK,OK,OK
2026-07-30T05:00:15.516744Z,11675,241.2,0,OK,OK,OK
2026-07-30T05:00:21.018926Z,11754,241.1,0,OK,OK,OK
2026-07-30T05:00:26.494499Z,11763,241.0,0,OK,OK,OK
2026-07-30T05:00:31.987344Z,11770,241.2,0,OK,OK,OK
2026-07-30T05:00:37.474589Z,11780,241.2,0,OK,OK,OK
2026-07-30T05:00:42.954643Z,11790,241.2,0,OK,OK,OK
2026-07-30T05:00:48.489702Z,11790,241.2,0,OK,OK,OK
2026-07-30T05:00:53.990417Z,11794,241.2,0,OK,OK,OK
2026-07-30T05:00:59.507925Z,11791,241.2,0,OK,OK,OK
2026-07-30T05:01:05.033405Z,11788,241.1,0,OK,OK,OK
2026-07-30T05:01:10.494244Z,11794,241.1,0,OK,OK,OK
2026-07-30T05:01:15.963213Z,11783,241.0,0,OK,OK,OK
2026-07-30T05:01:21.520709Z,11786,240.9,0,OK,OK,OK
2026-07-30T05:01:27.033041Z,11781,241.0,0,OK,OK,OK
2026-07-30T05:01:32.558205Z,11776,241.0,0,OK,OK,OK
2026-07-30T05:01:38.060718Z,11794,241.0,0,OK,OK,OK
2026-07-30T05:01:43.565456Z,11775,240.9,0,OK,OK,OK
2026-07-30T05:01:49.063561Z,11774,240.9,0,OK,OK,OK
2026-07-30T05:01:54.552270Z,11779,241.1,0,OK,OK,OK
2026-07-30T05:02:00.024390Z,11771,241.1,0,OK,OK,OK
2026-07-30T05:02:05.530441Z,11771,241.1,0,OK,OK,OK
2026-07-30T05:02:11.076238Z,11778,241.1,0,OK,OK,OK
2026-07-30T05:02:16.578835Z,11766,241.2,0,OK,OK,OK
2026-07-30T05:02:22.082885Z,11759,241.2,0,OK,OK,OK
2026-07-30T05:02:27.576229Z,11771,241.2,0,OK,OK,OK
2026-07-30T05:02:33.116126Z,11765,241.2,0,OK,OK,OK
2026-07-30T05:02:38.589498Z,11821,241.2,0,OK,OK,OK
2026-07-30T05:02:44.077182Z,11774,241.4,0,OK,OK,OK
2026-07-30T05:02:49.554403Z,11817,241.2,0,OK,OK,OK
2026-07-30T05:02:54.989203Z,11791,241.4,0,OK,OK,OK
2026-07-30T05:03:00.455298Z,11772,241.3,0,OK,OK,OK
2026-07-30T05:03:05.987236Z,11826,241.4,0,OK,OK,OK
2026-07-30T05:03:11.483121Z,11827,241.5,0,OK,OK,OK
2026-07-30T05:03:16.995459Z,11832,241.3,0,OK,OK,OK
2026-07-30T05:03:22.490300Z,11825,241.2,0,OK,OK,OK
2026-07-30T05:03:27.962373Z,11778,241.3,0,OK,OK,OK
2026-07-30T05:03:33.573455Z,11843,241.4,0,OK,OK,OK
2026-07-30T05:03:39.099592Z,11829,241.4,0,OK,OK,OK
2026-07-30T05:03:44.583164Z,11840,241.4,0,OK,OK,OK
2026-07-30T05:03:50.103657Z,11833,241.5,0,OK,OK,OK
2026-07-30T05:03:55.609526Z,11829,241.5,0,OK,OK,OK
2026-07-30T05:04:01.062333Z,11824,241.6,0,OK,OK,OK
2026-07-30T05:04:06.560810Z,11827,241.5,0,OK,OK,OK
2026-07-30T05:04:12.139555Z,11826,241.5,0,OK,OK,OK
2026-07-30T05:04:17.640515Z,11840,241.5,0,OK,OK,OK
2026-07-30T05:04:23.145427Z,11824,241.5,0,OK,OK,OK
2026-07-30T05:04:28.628137Z,11831,241.5,0,OK,OK,OK
2026-07-30T05:04:34.132763Z,11831,241.5,0,OK,OK,OK
2026-07-30T05:04:39.595631Z,11818,241.5,0,OK,OK,OK
2026-07-30T05:04:45.102427Z,11829,241.5,0,OK,OK,OK
2026-07-30T05:04:50.592282Z,11825,241.4,0,OK,OK,OK
2026-07-30T05:04:56.058730Z,11825,241.5,0,OK,OK,OK
2026-07-30T05:05:01.530983Z,11822,241.5,0,OK,OK,OK
2026-07-30T05:05:07.051606Z,11829,241.7,0,OK,OK,OK
2026-07-30T05:05:12.489681Z,11826,241.7,0,OK,OK,OK
2026-07-30T05:05:17.976969Z,11829,241.7,0,OK,OK,OK
2026-07-30T05:05:23.448480Z,11831,241.5,0,OK,OK,OK
2026-07-30T05:05:28.936472Z,11827,241.5,0,OK,OK,OK
2026-07-30T05:05:34.442864Z,11835,241.7,0,OK,OK,OK
2026-07-30T05:05:39.936924Z,11836,241.7,0,OK,OK,OK
2026-07-30T05:05:45.440871Z,11829,241.7,0,OK,OK,OK
2026-07-30T05:05:50.965529Z,11827,241.6,0,OK,OK,OK
2026-07-30T05:05:56.472173Z,11832,241.7,0,OK,OK,OK
2026-07-30T05:06:01.965741Z,11835,241.7,0,OK,OK,OK
2026-07-30T05:06:07.455083Z,11837,241.6,0,OK,OK,OK
2026-07-30T05:06:12.959056Z,11844,241.6,0,OK,OK,OK
2026-07-30T05:06:18.492340Z,11833,241.6,0,OK,OK,OK
2026-07-30T05:06:24.015309Z,11842,241.6,0,OK,OK,OK
2026-07-30T05:06:29.449216Z,11840,241.6,0,OK,OK,OK
2026-07-30T05:06:34.951190Z,11845,241.6,0,OK,OK,OK
2026-07-30T05:06:40.395828Z,11843,241.6,0,OK,OK,OK
2026-07-30T05:06:45.831368Z,11835,241.6,0,OK,OK,OK
2026-07-30T05:06:51.329981Z,11840,241.6,0,OK,OK,OK
2026-07-30T05:06:56.794662Z,11831,241.6,0,OK,OK,OK
2026-07-30T05:07:02.258699Z,11840,241.6,0,OK,OK,OK
2026-07-30T05:07:07.807031Z,11844,241.6,0,OK,OK,OK
2026-07-30T05:07:13.289440Z,11861,241.6,0,OK,OK,OK
2026-07-30T05:07:18.776382Z,11846,241.6,0,OK,OK,OK
2026-07-30T05:07:24.281428Z,11843,241.6,0,OK,OK,OK
2026-07-30T05:07:29.806493Z,11856,241.6,0,OK,OK,OK
2026-07-30T05:07:35.301845Z,11841,241.6,0,OK,OK,OK
2026-07-30T05:07:40.750616Z,11847,241.6,0,OK,OK,OK
2026-07-30T05:07:46.247945Z,11828,241.6,0,OK,OK,OK
2026-07-30T05:07:51.758130Z,11831,241.6,0,OK,OK,OK
2026-07-30T05:07:57.330418Z,11842,241.5,0,OK,OK,OK
2026-07-30T05:08:02.794293Z,11837,241.5,0,OK,OK,OK
2026-07-30T05:08:08.298038Z,11830,241.6,0,OK,OK,OK
2026-07-30T05:08:13.796099Z,11846,241.6,0,OK,OK,OK
2026-07-30T05:08:19.305752Z,11852,241.6,0,OK,OK,OK
2026-07-30T05:08:24.785004Z,11851,241.6,0,OK,OK,OK
2026-07-30T05:08:30.276866Z,11854,241.6,0,OK,OK,OK
2026-07-30T05:08:35.733053Z,11853,241.6,0,OK,OK,OK
2026-07-30T05:08:41.196438Z,11846,241.6,0,OK,OK,OK
2026-07-30T05:08:46.673454Z,11856,241.6,0,OK,OK,OK
2026-07-30T05:08:52.193242Z,11844,241.6,0,OK,OK,OK
2026-07-30T05:08:57.690133Z,11858,241.6,0,OK,OK,OK
2026-07-30T05:09:03.142337Z,11862,241.6,0,OK,OK,OK
2026-07-30T05:09:08.668453Z,11857,241.6,0,OK,OK,OK
2026-07-30T05:09:14.155181Z,11814,241.4,0,OK,OK,OK
2026-07-30T05:09:19.623808Z,11796,241.4,0,OK,OK,OK
2026-07-30T05:09:25.086149Z,11838,241.4,0,OK,OK,OK
2026-07-30T05:09:30.572161Z,11837,241.4,0,OK,OK,OK
2026-07-30T05:09:36.104281Z,11835,241.5,0,OK,OK,OK
2026-07-30T05:09:41.638406Z,11835,241.5,0,OK,OK,OK
2026-07-30T05:09:47.125511Z,11843,241.4,0,OK,OK,OK
2026-07-30T05:09:52.631127Z,11847,241.6,0,OK,OK,OK
2026-07-30T05:09:58.147826Z,11845,241.6,0,OK,OK,OK
2026-07-30T05:10:03.641139Z,4169,245.3,0,OK,OK,OK
2026-07-30T05:10:09.125449Z,4160,245.2,0,OK,OK,OK
2026-07-30T05:10:14.602709Z,4170,245.2,0,OK,OK,OK
2026-07-30T05:10:20.052508Z,4164,245.3,0,OK,OK,OK
2026-07-30T05:10:25.487459Z,4161,245.2,0,OK,OK,OK
2026-07-30T05:10:30.994558Z,4155,245.2,0,OK,OK,OK
2026-07-30T05:10:36.437692Z,4163,245.4,0,OK,OK,OK
2026-07-30T05:10:41.911864Z,4155,245.4,0,OK,OK,OK
2026-07-30T05:10:47.419940Z,4162,245.4,0,OK,OK,OK
2026-07-30T05:10:52.912982Z,4167,245.4,0,OK,OK,OK
2026-07-30T05:10:58.385797Z,4159,245.2,0,OK,OK,OK
2026-07-30T05:11:03.868300Z,4157,245.1,0,OK,OK,OK
2026-07-30T05:11:09.329538Z,4158,245.2,0,OK,OK,OK
2026-07-30T05:11:14.799166Z,4173,245.0,0,OK,OK,OK
2026-07-30T05:11:20.305739Z,4163,245.1,0,OK,OK,OK
2026-07-30T05:11:25.772055Z,4162,245.2,0,OK,OK,OK
2026-07-30T05:11:31.319076Z,4166,245.2,0,OK,OK,OK
2026-07-30T05:11:36.773470Z,4170,245.2,0,OK,OK,OK
2026-07-30T05:11:42.222269Z,4162,245.1,0,OK,OK,OK
2026-07-30T05:11:47.672525Z,4164,245.2,0,OK,OK,OK
2026-07-30T05:11:53.169135Z,4153,245.2,0,OK,OK,OK
2026-07-30T05:11:58.668560Z,4157,245.1,0,OK,OK,OK
2026-07-30T05:12:04.161737Z,4156,245.1,0,OK,OK,OK
2026-07-30T05:12:09.669896Z,4157,245.0,0,OK,OK,OK
2026-07-30T05:12:15.148804Z,4172,245.2,0,OK,OK,OK
2026-07-30T05:12:20.630143Z,4161,245.2,0,OK,OK,OK
2026-07-30T05:12:26.098526Z,4162,245.2,0,OK,OK,OK
2026-07-30T05:12:31.635883Z,4171,245.2,0,OK,OK,OK
2026-07-30T05:12:37.137203Z,4159,245.2,0,OK,OK,OK
2026-07-30T05:12:42.644541Z,4156,245.2,0,OK,OK,OK
2026-07-30T05:12:48.118559Z,4162,245.1,0,OK,OK,OK
2026-07-30T05:12:53.603071Z,4158,245.2,0,OK,OK,OK
2026-07-30T05:12:59.108694Z,4154,245.2,0,OK,OK,OK
2026-07-30T05:13:04.573142Z,4156,245.2,0,OK,OK,OK
2026-07-30T05:13:10.023125Z,4160,245.2,0,OK,OK,OK
2026-07-30T05:13:15.487037Z,4168,245.4,0,OK,OK,OK
2026-07-30T05:13:20.949742Z,4160,245.2,0,OK,OK,OK
2026-07-30T05:13:26.417689Z,4163,245.4,0,OK,OK,OK
2026-07-30T05:13:31.931670Z,4162,245.6,0,OK,OK,OK
2026-07-30T05:13:37.427739Z,4160,245.5,0,OK,OK,OK
2026-07-30T05:13:42.919839Z,4156,245.4,0,OK,OK,OK
2026-07-30T05:13:48.395626Z,4158,245.4,0,OK,OK,OK
2026-07-30T05:13:53.903230Z,4162,245.5,0,OK,OK,OK
2026-07-30T05:13:59.398903Z,4168,245.6,0,OK,OK,OK
2026-07-30T05:14:04.868668Z,4160,245.5,0,OK,OK,OK
2026-07-30T05:14:10.351865Z,4175,245.3,0,OK,OK,OK
2026-07-30T05:14:15.818031Z,4169,245.3,0,OK,OK,OK
2026-07-30T05:14:21.278436Z,4167,245.3,0,OK,OK,OK
2026-07-30T05:14:26.806588Z,4162,245.2,0,OK,OK,OK
2026-07-30T05:14:32.256197Z,4168,245.4,0,OK,OK,OK
2026-07-30T05:14:37.758958Z,4165,245.5,0,OK,OK,OK
2026-07-30T05:14:43.200594Z,4160,245.5,0,OK,OK,OK
2026-07-30T05:14:48.680362Z,4176,245.6,0,OK,OK,OK
2026-07-30T05:14:54.164006Z,4177,245.6,0,OK,OK,OK
2026-07-30T05:14:59.676246Z,4176,245.6,0,OK,OK,OK
2026-07-30T05:15:05.144335Z,4178,245.6,0,OK,OK,OK
2026-07-30T05:15:10.642902Z,4181,245.6,0,OK,OK,OK
2026-07-30T05:15:16.149951Z,4184,245.6,0,OK,OK,OK
2026-07-30T05:15:21.662169Z,4186,245.7,0,OK,OK,OK
2026-07-30T05:15:27.130575Z,4198,245.6,0,OK,OK,OK
2026-07-30T05:15:32.620925Z,4183,245.6,0,OK,OK,OK
2026-07-30T05:15:38.085519Z,4178,245.6,0,OK,OK,OK
2026-07-30T05:15:43.590540Z,4191,245.5,0,OK,OK,OK
2026-07-30T05:15:49.073826Z,4185,245.6,0,OK,OK,OK
2026-07-30T05:15:54.506933Z,4184,245.6,0,OK,OK,OK
2026-07-30T05:16:00.023612Z,4186,245.6,0,OK,OK,OK
2026-07-30T05:16:05.449169Z,4191,245.5,0,OK,OK,OK
2026-07-30T05:16:10.945525Z,4183,245.4,0,OK,OK,OK
2026-07-30T05:16:16.444902Z,4180,245.5,0,OK,OK,OK
2026-07-30T05:16:21.953853Z,4182,245.5,0,OK,OK,OK
2026-07-30T05:16:27.425227Z,4189,245.5,0,OK,OK,OK
2026-07-30T05:16:32.911650Z,4190,245.7,0,OK,OK,OK
2026-07-30T05:16:38.398374Z,4183,245.5,0,OK,OK,OK
2026-07-30T05:16:43.911839Z,4187,245.6,0,OK,OK,OK
2026-07-30T05:16:49.401565Z,4186,245.6,0,OK,OK,OK
2026-07-30T05:16:54.913565Z,4330,245.6,0,OK,OK,OK
2026-07-30T05:17:00.354667Z,4314,245.6,0,OK,OK,OK
2026-07-30T05:17:05.856363Z,4314,245.4,0,OK,OK,OK
2026-07-30T05:17:11.314929Z,4304,245.4,0,OK,OK,OK
2026-07-30T05:17:16.783733Z,4306,245.5,0,OK,OK,OK
2026-07-30T05:17:22.301130Z,4314,245.5,0,OK,OK,OK
2026-07-30T05:17:27.729726Z,4312,245.5,0,OK,OK,OK
2026-07-30T05:17:33.198021Z,4310,245.5,0,OK,OK,OK
2026-07-30T05:17:38.646721Z,4316,245.5,0,OK,OK,OK
2026-07-30T05:17:44.133107Z,4306,245.6,0,OK,OK,OK
2026-07-30T05:17:49.609357Z,4317,245.5,0,OK,OK,OK
2026-07-30T05:17:55.123693Z,4308,245.5,0,OK,OK,OK
2026-07-30T05:18:00.642587Z,4314,245.6,0,OK,OK,OK
2026-07-30T05:18:06.165429Z,4319,245.5,0,OK,OK,OK
2026-07-30T05:18:11.621732Z,4309,245.4,0,OK,OK,OK
2026-07-30T05:18:17.163006Z,4317,245.5,0,OK,OK,OK
2026-07-30T05:18:22.647956Z,4200,245.4,0,OK,OK,OK
2026-07-30T05:18:28.141523Z,4206,245.4,0,OK,OK,OK
2026-07-30T05:18:33.640739Z,4205,245.4,0,OK,OK,OK
2026-07-30T05:18:39.152099Z,4210,245.4,0,OK,OK,OK
2026-07-30T05:18:44.656447Z,4203,245.4,0,OK,OK,OK
2026-07-30T05:18:50.166619Z,4210,245.5,0,OK,OK,OK
2026-07-30T05:18:55.668605Z,4213,245.5,0,OK,OK,OK
2026-07-30T05:19:01.156956Z,4217,245.5,0,OK,OK,OK
2026-07-30T05:19:06.633618Z,4210,245.5,0,OK,OK,OK
2026-07-30T05:19:12.052526Z,4214,245.5,0,OK,OK,OK
2026-07-30T05:19:17.501244Z,4207,245.5,0,OK,OK,OK
2026-07-30T05:19:22.984907Z,4213,245.5,0,OK,OK,OK
2026-07-30T05:19:28.466692Z,4214,245.6,0,OK,OK,OK
2026-07-30T05:19:33.973356Z,4209,245.5,0,OK,OK,OK
2026-07-30T05:19:39.499498Z,4219,245.5,0,OK,OK,OK
2026-07-30T05:19:44.976276Z,4212,245.5,0,OK,OK,OK
2026-07-30T05:19:50.467506Z,4225,245.5,0,OK,OK,OK
2026-07-30T05:19:55.926079Z,4218,245.5,0,OK,OK,OK
2026-07-30T05:20:01.462667Z,4218,245.5,0,OK,OK,OK
2026-07-30T05:20:06.948215Z,4224,245.6,0,OK,OK,OK
2026-07-30T05:20:12.447808Z,4217,245.5,0,OK,OK,OK
2026-07-30T05:20:17.950590Z,4216,245.6,0,OK,OK,OK
2026-07-30T05:20:23.488328Z,4221,245.5,0,OK,OK,OK
2026-07-30T05:20:29.005338Z,4219,245.6,0,OK,OK,OK
2026-07-30T05:20:34.457845Z,4220,245.6,0,OK,OK,OK
2026-07-30T05:20:39.979506Z,4212,245.6,0,OK,OK,OK
2026-07-30T05:20:45.416523Z,4218,245.6,0,OK,OK,OK
2026-07-30T05:20:50.926343Z,4211,245.5,0,OK,OK,OK
2026-07-30T05:20:56.386374Z,4215,245.5,0,OK,OK,OK
2026-07-30T05:21:01.876522Z,4203,245.0,0,OK,OK,OK
2026-07-30T05:21:07.353658Z,4184,244.6,0,OK,OK,OK
2026-07-30T05:21:12.831798Z,4181,244.6,0,OK,OK,OK
2026-07-30T05:21:18.344528Z,4180,244.7,0,OK,OK,OK
2026-07-30T05:21:23.856737Z,4180,244.7,0,OK,OK,OK
2026-07-30T05:21:29.359456Z,4177,244.7,0,OK,OK,OK
2026-07-30T05:21:34.849041Z,4186,244.5,0,OK,OK,OK
2026-07-30T05:21:40.309485Z,4171,244.5,0,OK,OK,OK
2026-07-30T05:21:45.797673Z,4172,244.4,0,OK,OK,OK
2026-07-30T05:21:51.256247Z,4094,244.4,0,OK,OK,OK
2026-07-30T05:21:56.728219Z,4099,244.4,0,OK,OK,OK
2026-07-30T05:22:02.205459Z,4094,244.4,0,OK,OK,OK
2026-07-30T05:22:07.672368Z,4101,244.5,0,OK,OK,OK
2026-07-30T05:22:13.122095Z,4092,244.5,0,OK,OK,OK
2026-07-30T05:22:18.633452Z,4098,244.4,0,OK,OK,OK
2026-07-30T05:22:24.122165Z,4106,244.4,0,OK,OK,OK
2026-07-30T05:22:29.602209Z,4113,244.6,0,OK,OK,OK
2026-07-30T05:22:35.118432Z,4106,244.6,0,OK,OK,OK
2026-07-30T05:22:40.605288Z,4092,244.4,0,OK,OK,OK
2026-07-30T05:22:46.082446Z,4097,244.4,0,OK,OK,OK
2026-07-30T05:22:51.572550Z,4093,244.6,0,OK,OK,OK
2026-07-30T05:22:57.086088Z,4105,244.6,0,OK,OK,OK
2026-07-30T05:23:02.542949Z,4097,244.6,0,OK,OK,OK
2026-07-30T05:23:08.021969Z,4099,244.6,0,OK,OK,OK
2026-07-30T05:23:13.491141Z,4101,244.6,0,OK,OK,OK
2026-07-30T05:23:18.980615Z,4101,244.7,0,OK,OK,OK
2026-07-30T05:23:24.489107Z,4099,244.6,0,OK,OK,OK
2026-07-30T05:23:29.936409Z,4099,244.7,0,OK,OK,OK
2026-07-30T05:23:35.424760Z,4098,244.7,0,OK,OK,OK
2026-07-30T05:23:40.916403Z,4100,244.7,0,OK,OK,OK
2026-07-30T05:23:46.416151Z,4100,244.7,0,OK,OK,OK
2026-07-30T05:23:51.940944Z,4094,244.7,0,OK,OK,OK
2026-07-30T05:23:57.445776Z,4097,244.7,0,OK,OK,OK
2026-07-30T05:24:02.907621Z,4101,244.7,0,OK,OK,OK
2026-07-30T05:24:08.447130Z,4099,244.7,0,OK,OK,OK
2026-07-30T05:24:13.906282Z,4109,244.7,0,OK,OK,OK
2026-07-30T05:24:19.424619Z,4096,244.5,0,OK,OK,OK
2026-07-30T05:24:24.885637Z,4096,244.4,0,OK,OK,OK
2026-07-30T05:24:30.396216Z,4099,244.6,0,OK,OK,OK
2026-07-30T05:24:35.849490Z,4102,244.5,0,OK,OK,OK
2026-07-30T05:24:41.400588Z,4102,244.6,0,OK,OK,OK
2026-07-30T05:24:46.889010Z,4112,244.6,0,OK,OK,OK
2026-07-30T05:24:52.380815Z,4096,244.6,0,OK,OK,OK
2026-07-30T05:24:57.849815Z,4104,244.6,0,OK,OK,OK
2026-07-30T05:25:03.297471Z,4107,244.6,0,OK,OK,OK
2026-07-30T05:25:08.799633Z,4100,244.6,0,OK,OK,OK
2026-07-30T05:25:14.240345Z,4187,244.5,0,OK,OK,OK
2026-07-30T05:25:19.745538Z,4245,244.5,0,OK,OK,OK
2026-07-30T05:25:25.207645Z,4273,245.1,0,OK,OK,OK
2026-07-30T05:25:30.724189Z,4269,245.2,0,OK,OK,OK
2026-07-30T05:25:36.200977Z,4248,245.3,0,OK,OK,OK
2026-07-30T05:25:41.688289Z,4247,245.3,0,OK,OK,OK
2026-07-30T05:25:47.209746Z,4238,245.3,0,OK,OK,OK
2026-07-30T05:25:52.688228Z,4254,245.3,0,OK,OK,OK
2026-07-30T05:25:58.134207Z,4243,245.3,0,OK,OK,OK
2026-07-30T05:26:03.631796Z,4260,245.3,0,OK,OK,OK
2026-07-30T05:26:09.118800Z,4244,245.3,0,OK,OK,OK
2026-07-30T05:26:14.576369Z,4241,245.1,0,OK,OK,OK
2026-07-30T05:26:20.083122Z,4224,245.3,0,OK,OK,OK
2026-07-30T05:26:25.546281Z,4224,245.4,0,OK,OK,OK
2026-07-30T05:26:31.054978Z,4215,245.2,0,OK,OK,OK
2026-07-30T05:26:36.488740Z,4219,245.2,0,OK,OK,OK
2026-07-30T05:26:41.979973Z,4218,245.2,0,OK,OK,OK
2026-07-30T05:26:47.470140Z,4225,245.3,0,OK,OK,OK
2026-07-30T05:26:52.981816Z,4233,245.6,0,OK,OK,OK
2026-07-30T05:26:58.475179Z,4255,245.6,0,OK,OK,OK
2026-07-30T05:27:03.984091Z,4239,245.7,0,OK,OK,OK
2026-07-30T05:27:09.473301Z,4042,245.8,0,OK,OK,OK
2026-07-30T05:27:14.967295Z,3398,246.1,0,OK,OK,OK
2026-07-30T05:27:20.460523Z,3404,246.1,0,OK,OK,OK
2026-07-30T05:27:25.934204Z,3402,246.1,0,OK,OK,OK
2026-07-30T05:27:31.427884Z,3406,246.1,0,OK,OK,OK
2026-07-30T05:27:36.891784Z,3396,246.0,0,OK,OK,OK
2026-07-30T05:27:42.342918Z,3390,246.0,0,OK,OK,OK
2026-07-30T05:27:47.775160Z,3398,246.0,0,OK,OK,OK
2026-07-30T05:27:53.257923Z,3393,245.9,0,OK,OK,OK
2026-07-30T05:27:58.705868Z,3405,245.9,0,OK,OK,OK
2026-07-30T05:28:04.225526Z,3388,245.9,0,OK,OK,OK
2026-07-30T05:28:09.712031Z,3391,245.9,0,OK,OK,OK
2026-07-30T05:28:15.192801Z,3401,245.9,0,OK,OK,OK
2026-07-30T05:28:20.675581Z,3393,245.9,0,OK,OK,OK
2026-07-30T05:28:26.173991Z,4721,245.3,0,OK,OK,OK
2026-07-30T05:28:31.704394Z,4757,245.5,0,OK,OK,OK
2026-07-30T05:28:37.162397Z,4768,245.5,0,OK,OK,OK
2026-07-30T05:28:42.628859Z,4762,245.5,0,OK,OK,OK
2026-07-30T05:28:48.161262Z,4798,245.5,0,OK,OK,OK
2026-07-30T05:28:53.648857Z,4786,245.5,0,OK,OK,OK
2026-07-30T05:28:59.107739Z,4799,245.5,0,OK,OK,OK
2026-07-30T05:29:04.610041Z,4821,245.5,0,OK,OK,OK
2026-07-30T05:29:10.109271Z,4845,245.5,0,OK,OK,OK
2026-07-30T05:29:15.614798Z,4836,245.6,0,OK,OK,OK
2026-07-30T05:29:21.036115Z,4839,245.6,0,OK,OK,OK
2026-07-30T05:29:26.516517Z,4841,245.5,0,OK,OK,OK
2026-07-30T05:29:32.000404Z,4834,245.5,0,OK,OK,OK
2026-07-30T05:29:37.476225Z,4817,245.6,0,OK,OK,OK
2026-07-30T05:29:42.964514Z,4818,245.5,0,OK,OK,OK
2026-07-30T05:29:48.488281Z,4812,245.5,0,OK,OK,OK
2026-07-30T05:29:53.954884Z,4815,245.5,0,OK,OK,OK
2026-07-30T05:29:59.432713Z,4808,245.4,0,OK,OK,OK
2026-07-30T05:30:04.918124Z,4832,245.5,0,OK,OK,OK
2026-07-30T05:30:10.418012Z,4812,245.5,0,OK,OK,OK
2026-07-30T05:30:15.872879Z,4810,245.5,0,OK,OK,OK
2026-07-30T05:30:21.365040Z,4829,245.6,0,OK,OK,OK
2026-07-30T05:30:26.868207Z,4824,245.6,0,OK,OK,OK
2026-07-30T05:30:32.334476Z,4816,245.6,0,OK,OK,OK
2026-07-30T05:30:37.804704Z,4811,245.6,0,OK,OK,OK
2026-07-30T05:30:43.253298Z,4806,245.6,0,OK,OK,OK
2026-07-30T05:30:48.738163Z,4817,245.6,0,OK,OK,OK
2026-07-30T05:30:54.203994Z,4692,245.7,0,OK,OK,OK
2026-07-30T05:30:59.705628Z,4701,245.6,0,OK,OK,OK
2026-07-30T05:31:05.181023Z,4711,245.7,0,OK,OK,OK
2026-07-30T05:31:10.675792Z,4698,245.7,0,OK,OK,OK
2026-07-30T05:31:16.147967Z,4696,245.7,0,OK,OK,OK
2026-07-30T05:31:21.612788Z,4686,245.7,0,OK,OK,OK
2026-07-30T05:31:27.081686Z,4693,245.7,0,OK,OK,OK
2026-07-30T05:31:32.588855Z,4690,245.7,0,OK,OK,OK
2026-07-30T05:31:38.073150Z,4682,245.5,0,OK,OK,OK
2026-07-30T05:31:43.555254Z,4680,245.4,0,OK,OK,OK
2026-07-30T05:31:49.041905Z,4673,245.4,0,OK,OK,OK
2026-07-30T05:31:54.531504Z,4669,245.4,0,OK,OK,OK
2026-07-30T05:32:00.017283Z,4672,245.3,0,OK,OK,OK
2026-07-30T05:32:05.499561Z,4674,245.5,0,OK,OK,OK
2026-07-30T05:32:10.976704Z,4674,245.5,0,OK,OK,OK
2026-07-30T05:32:16.430296Z,4684,245.4,0,OK,OK,OK
2026-07-30T05:32:21.915344Z,4678,245.6,0,OK,OK,OK
2026-07-30T05:32:27.420311Z,4682,245.7,0,OK,OK,OK
2026-07-30T05:32:32.912981Z,4676,245.6,0,OK,OK,OK
2026-07-30T05:32:38.411626Z,4669,245.6,0,OK,OK,OK
2026-07-30T05:32:43.877315Z,4691,245.6,0,OK,OK,OK
2026-07-30T05:32:49.350756Z,4674,245.7,0,OK,OK,OK
2026-07-30T05:32:54.835847Z,4662,245.6,0,OK,OK,OK
2026-07-30T05:33:00.352811Z,4667,245.6,0,OK,OK,OK
2026-07-30T05:33:05.803366Z,4662,245.6,0,OK,OK,OK
2026-07-30T05:33:11.282019Z,4670,245.6,0,OK,OK,OK
2026-07-30T05:33:16.748290Z,4666,245.6,0,OK,OK,OK
2026-07-30T05:33:22.247762Z,4669,245.6,0,OK,OK,OK
2026-07-30T05:33:27.712620Z,4668,245.6,0,OK,OK,OK
2026-07-30T05:33:33.210723Z,4657,245.6,0,OK,OK,OK
2026-07-30T05:33:38.700223Z,4660,245.6,0,OK,OK,OK
2026-07-30T05:33:44.176555Z,3237,246.4,0,OK,OK,OK
2026-07-30T05:33:49.644681Z,3235,246.2,0,OK,OK,OK
2026-07-30T05:33:55.107992Z,3238,246.2,0,OK,OK,OK
2026-07-30T05:34:00.567625Z,3237,246.3,0,OK,OK,OK
2026-07-30T05:34:06.067573Z,3241,246.4,0,OK,OK,OK
2026-07-30T05:34:11.540670Z,3238,246.4,0,OK,OK,OK
2026-07-30T05:34:16.995172Z,3237,246.4,0,OK,OK,OK
2026-07-30T05:34:22.455153Z,3241,246.4,0,OK,OK,OK
2026-07-30T05:34:27.936338Z,3239,246.3,0,OK,OK,OK
2026-07-30T05:34:33.445719Z,3222,246.2,0,OK,OK,OK
2026-07-30T05:34:38.933311Z,3235,246.3,0,OK,OK,OK
2026-07-30T05:34:44.441773Z,3236,246.3,0,OK,OK,OK
2026-07-30T05:34:49.951977Z,3246,246.2,0,OK,OK,OK
2026-07-30T05:34:55.413041Z,3233,246.2,0,OK,OK,OK
2026-07-30T05:35:00.882823Z,3235,246.2,0,OK,OK,OK
2026-07-30T05:35:06.373445Z,3232,246.3,0,OK,OK,OK
2026-07-30T05:35:11.815982Z,3232,246.3,0,OK,OK,OK
2026-07-30T05:35:17.317121Z,3235,246.4,0,OK,OK,OK
2026-07-30T05:35:22.789178Z,3233,246.4,0,OK,OK,OK
2026-07-30T05:35:28.341726Z,3247,246.4,0,OK,OK,OK
2026-07-30T05:35:33.876134Z,3243,246.4,0,OK,OK,OK
2026-07-30T05:35:39.351253Z,3243,246.4,0,OK,OK,OK
2026-07-30T05:35:44.822198Z,3229,246.5,0,OK,OK,OK
2026-07-30T05:35:50.282439Z,3244,246.3,0,OK,OK,OK
2026-07-30T05:35:55.750373Z,3262,246.3,0,OK,OK,OK
2026-07-30T05:36:01.213076Z,3238,246.3,0,OK,OK,OK
2026-07-30T05:36:06.694178Z,3234,246.2,0,OK,OK,OK
2026-07-30T05:36:12.179966Z,3231,246.2,0,OK,OK,OK
2026-07-30T05:36:17.689572Z,3230,246.2,0,OK,OK,OK
2026-07-30T05:36:23.158694Z,3225,246.2,0,OK,OK,OK
2026-07-30T05:36:28.664531Z,3229,246.2,0,OK,OK,OK
2026-07-30T05:36:34.174913Z,3230,246.2,0,OK,OK,OK
2026-07-30T05:36:39.637402Z,3217,246.2,0,OK,OK,OK
2026-07-30T05:36:45.115193Z,3227,246.2,0,OK,OK,OK
2026-07-30T05:36:50.586249Z,3233,246.2,0,OK,OK,OK
2026-07-30T05:36:56.065359Z,3226,246.2,0,OK,OK,OK
2026-07-30T05:37:01.582900Z,3221,246.2,0,OK,OK,OK
2026-07-30T05:37:07.098384Z,3219,246.2,0,OK,OK,OK
2026-07-30T05:37:12.551337Z,3220,246.2,0,OK,OK,OK
2026-07-30T05:37:18.084632Z,3230,246.3,0,OK,OK,OK
2026-07-30T05:37:23.540132Z,3226,246.3,0,OK,OK,OK
2026-07-30T05:37:29.011724Z,3230,246.3,0,OK,OK,OK
2026-07-30T05:37:34.508763Z,3221,246.2,0,OK,OK,OK
2026-07-30T05:37:39.986113Z,3220,246.2,0,OK,OK,OK
2026-07-30T05:37:45.479244Z,3220,246.2,0,OK,OK,OK
2026-07-30T05:37:50.966291Z,3218,246.2,0,OK,OK,OK
2026-07-30T05:37:56.470907Z,3224,246.2,0,OK,OK,OK
2026-07-30T05:38:01.953078Z,3218,246.2,0,OK,OK,OK
2026-07-30T05:38:07.427100Z,3218,246.2,0,OK,OK,OK
2026-07-30T05:38:12.895503Z,4704,245.5,0,OK,OK,OK
2026-07-30T05:38:18.393516Z,3317,246.3,0,OK,OK,OK
2026-07-30T05:38:23.873765Z,3332,246.3,0,OK,OK,OK
2026-07-30T05:38:29.384723Z,3321,246.3,0,OK,OK,OK
2026-07-30T05:38:34.857708Z,3329,246.3,0,OK,OK,OK
2026-07-30T05:38:40.364632Z,3332,246.0,0,OK,OK,OK
2026-07-30T05:38:45.805054Z,3322,246.1,0,OK,OK,OK
2026-07-30T05:38:51.311331Z,3323,246.0,0,OK,OK,OK
2026-07-30T05:38:56.784206Z,3326,246.2,0,OK,OK,OK
2026-07-30T05:39:02.278651Z,3339,246.2,0,OK,OK,OK
2026-07-30T05:39:07.755264Z,3323,246.3,0,OK,OK,OK
2026-07-30T05:39:13.234785Z,3332,246.4,0,OK,OK,OK
2026-07-30T05:39:18.737288Z,3334,246.3,0,OK,OK,OK
2026-07-30T05:39:24.231102Z,3321,246.3,0,OK,OK,OK
2026-07-30T05:39:29.737401Z,3332,246.3,0,OK,OK,OK
2026-07-30T05:39:35.237061Z,3375,246.4,0,OK,OK,OK
2026-07-30T05:39:40.704397Z,3454,246.3,0,OK,OK,OK
2026-07-30T05:39:46.227833Z,3489,246.3,0,OK,OK,OK
2026-07-30T05:39:51.694276Z,3511,246.2,0,OK,OK,OK
2026-07-30T05:39:57.187656Z,3534,246.2,0,OK,OK,OK
2026-07-30T05:40:02.651234Z,3557,246.3,0,OK,OK,OK
2026-07-30T05:40:08.103529Z,3576,246.3,0,OK,OK,OK
2026-07-30T05:40:13.569875Z,3576,246.3,0,OK,OK,OK
2026-07-30T05:40:19.032601Z,3575,246.2,0,OK,OK,OK
2026-07-30T05:40:24.507088Z,3575,246.2,0,OK,OK,OK
2026-07-30T05:40:30.013246Z,3578,246.2,0,OK,OK,OK
2026-07-30T05:40:35.495807Z,3623,246.2,0,OK,OK,OK
2026-07-30T05:40:41.002584Z,3605,246.2,0,OK,OK,OK
2026-07-30T05:40:46.495135Z,3545,246.2,0,OK,OK,OK
2026-07-30T05:40:51.998397Z,3481,246.3,0,OK,OK,OK
2026-07-30T05:40:57.527115Z,3455,246.2,0,OK,OK,OK
2026-07-30T05:41:03.024015Z,3452,246.3,0,OK,OK,OK
2026-07-30T05:41:08.510516Z,3450,246.4,0,OK,OK,OK
2026-07-30T05:41:13.991911Z,3446,246.4,0,OK,OK,OK
2026-07-30T05:41:19.466847Z,3457,246.4,0,OK,OK,OK
2026-07-30T05:41:24.930195Z,3462,246.4,0,OK,OK,OK
2026-07-30T05:41:30.404163Z,3440,246.3,0,OK,OK,OK
2026-07-30T05:41:35.939867Z,3435,246.2,0,OK,OK,OK
2026-07-30T05:41:41.378869Z,3428,246.3,0,OK,OK,OK
2026-07-30T05:41:46.914687Z,3430,246.3,0,OK,OK,OK
2026-07-30T05:41:52.357910Z,3430,246.4,0,OK,OK,OK
2026-07-30T05:41:57.845267Z,3438,246.4,0,OK,OK,OK
2026-07-30T05:42:03.325851Z,3428,246.4,0,OK,OK,OK
2026-07-30T05:42:08.846922Z,3438,246.3,0,OK,OK,OK
2026-07-30T05:42:14.377132Z,3435,246.4,0,OK,OK,OK
2026-07-30T05:42:19.896238Z,3432,246.5,0,OK,OK,OK
2026-07-30T05:42:25.392126Z,3448,246.4,0,OK,OK,OK
2026-07-30T05:42:30.898264Z,3441,246.4,0,OK,OK,OK
2026-07-30T05:42:36.380155Z,3438,246.3,0,OK,OK,OK
2026-07-30T05:42:41.882920Z,3441,246.5,0,OK,OK,OK
2026-07-30T05:42:47.341914Z,3451,246.5,0,OK,OK,OK
2026-07-30T05:42:52.827152Z,3437,246.5,0,OK,OK,OK
2026-07-30T05:42:58.290600Z,3441,246.5,0,OK,OK,OK
2026-07-30T05:43:03.795968Z,3445,246.5,0,OK,OK,OK
2026-07-30T05:43:09.266522Z,3435,246.3,0,OK,OK,OK
2026-07-30T05:43:14.746232Z,3443,246.3,0,OK,OK,OK
2026-07-30T05:43:20.267301Z,3453,246.4,0,OK,OK,OK
2026-07-30T05:43:25.735431Z,3441,246.4,0,OK,OK,OK
2026-07-30T05:43:31.242351Z,3445,246.5,0,OK,OK,OK
2026-07-30T05:43:36.709427Z,3335,246.6,0,OK,OK,OK
2026-07-30T05:43:42.194496Z,3342,246.6,0,OK,OK,OK
2026-07-30T05:43:47.675141Z,3338,246.6,0,OK,OK,OK
2026-07-30T05:43:53.161381Z,3339,246.5,0,OK,OK,OK
2026-07-30T05:43:58.658272Z,3337,246.5,0,OK,OK,OK
2026-07-30T05:44:04.143901Z,3336,246.4,0,OK,OK,OK
2026-07-30T05:44:09.644308Z,3343,246.4,0,OK,OK,OK
2026-07-30T05:44:15.127639Z,3344,246.5,0,OK,OK,OK
2026-07-30T05:44:20.588021Z,3341,246.5,0,OK,OK,OK
2026-07-30T05:44:26.091229Z,3340,246.4,0,OK,OK,OK
2026-07-30T05:44:31.555770Z,3324,245.2,0,OK,OK,OK
2026-07-30T05:44:37.052844Z,3334,245.7,0,OK,OK,OK
2026-07-30T05:44:42.551485Z,3323,245.7,0,OK,OK,OK
2026-07-30T05:44:48.017890Z,3334,245.6,0,OK,OK,OK
2026-07-30T05:44:53.533025Z,3317,245.6,0,OK,OK,OK
2026-07-30T05:44:58.992500Z,3316,245.7,0,OK,OK,OK
2026-07-30T05:45:04.476114Z,3324,245.5,0,OK,OK,OK
2026-07-30T05:45:09.954182Z,3309,245.7,0,OK,OK,OK
2026-07-30T05:45:15.453095Z,3323,245.7,0,OK,OK,OK
2026-07-30T05:45:20.918950Z,3320,245.7,0,OK,OK,OK
2026-07-30T05:45:26.417681Z,3303,245.7,0,OK,OK,OK
2026-07-30T05:45:31.904403Z,3305,245.6,0,OK,OK,OK
2026-07-30T05:45:37.383941Z,3298,245.6,0,OK,OK,OK
2026-07-30T05:45:42.844644Z,3293,245.7,0,OK,OK,OK
2026-07-30T05:45:48.372168Z,3294,245.6,0,OK,OK,OK
2026-07-30T05:45:53.850007Z,3299,245.7,0,OK,OK,OK
2026-07-30T05:45:59.352758Z,3298,245.6,0,OK,OK,OK
2026-07-30T05:46:04.879316Z,3294,245.7,0,OK,OK,OK
2026-07-30T05:46:10.353562Z,3316,245.7,0,OK,OK,OK
2026-07-30T05:46:15.852997Z,3304,245.7,0,OK,OK,OK
2026-07-30T05:46:21.340847Z,3305,245.6,0,OK,OK,OK
2026-07-30T05:46:26.800312Z,3309,245.7,0,OK,OK,OK
2026-07-30T05:46:32.250927Z,3294,245.7,0,OK,OK,OK
2026-07-30T05:46:37.746482Z,3303,245.7,0,OK,OK,OK
2026-07-30T05:46:43.211897Z,3308,245.5,0,OK,OK,OK
2026-07-30T05:46:48.713142Z,3312,245.6,0,OK,OK,OK
2026-07-30T05:46:54.186265Z,3312,245.7,0,OK,OK,OK
2026-07-30T05:46:59.690818Z,3305,245.6,0,OK,OK,OK
2026-07-30T05:47:05.148629Z,3306,245.6,0,OK,OK,OK
2026-07-30T05:47:10.631998Z,3298,245.5,0,OK,OK,OK
2026-07-30T05:47:16.114173Z,3327,245.7,0,OK,OK,OK
2026-07-30T05:47:21.557926Z,3306,245.7,0,OK,OK,OK
2026-07-30T05:47:27.083092Z,3306,245.7,0,OK,OK,OK
2026-07-30T05:47:32.580374Z,3306,245.7,0,OK,OK,OK
2026-07-30T05:47:38.074344Z,3304,245.7,0,OK,OK,OK
2026-07-30T05:47:43.526069Z,3311,245.7,0,OK,OK,OK
2026-07-30T05:47:48.970042Z,3310,245.7,0,OK,OK,OK
2026-07-30T05:47:54.451138Z,3306,245.6,0,OK,OK,OK
2026-07-30T05:47:59.964906Z,3306,245.6,0,OK,OK,OK
2026-07-30T05:48:05.463660Z,3299,245.5,0,OK,OK,OK
2026-07-30T05:48:10.961480Z,3297,245.4,0,OK,OK,OK
2026-07-30T05:48:16.443250Z,3303,245.5,0,OK,OK,OK
2026-07-30T05:48:21.910503Z,3289,245.5,0,OK,OK,OK
2026-07-30T05:48:27.376292Z,3297,245.4,0,OK,OK,OK
2026-07-30T05:48:32.875949Z,3302,245.5,0,OK,OK,OK
2026-07-30T05:48:38.341200Z,3296,245.3,0,OK,OK,OK
2026-07-30T05:48:43.822828Z,3293,245.4,0,OK,OK,OK
2026-07-30T05:48:49.322050Z,3305,245.3,0,OK,OK,OK
2026-07-30T05:48:54.778393Z,3292,245.3,0,OK,OK,OK
2026-07-30T05:49:00.249801Z,3303,245.4,0,OK,OK,OK
2026-07-30T05:49:05.754356Z,3300,245.5,0,OK,OK,OK
2026-07-30T05:49:11.249601Z,3292,245.5,0,OK,OK,OK
2026-07-30T05:49:16.715025Z,3297,245.5,0,OK,OK,OK
2026-07-30T05:49:22.223066Z,3295,245.3,0,OK,OK,OK
2026-07-30T05:49:27.740481Z,3304,245.3,0,OK,OK,OK
2026-07-30T05:49:33.210860Z,3298,245.4,0,OK,OK,OK
2026-07-30T05:49:38.695872Z,3305,245.3,0,OK,OK,OK
2026-07-30T05:49:44.165444Z,3292,245.3,0,OK,OK,OK
2026-07-30T05:49:49.646041Z,3307,245.3,0,OK,OK,OK
2026-07-30T05:49:55.135585Z,3303,245.3,0,OK,OK,OK
2026-07-30T05:50:00.578123Z,3302,245.3,0,OK,OK,OK
2026-07-30T05:50:06.053465Z,3292,245.3,0,OK,OK,OK
2026-07-30T05:50:11.502574Z,3292,245.3,0,OK,OK,OK
2026-07-30T05:50:16.982133Z,3294,245.3,0,OK,OK,OK
2026-07-30T05:50:22.484417Z,3287,245.2,0,OK,OK,OK
2026-07-30T05:50:27.988448Z,3296,245.2,0,OK,OK,OK
2026-07-30T05:50:33.493311Z,3292,245.3,0,OK,OK,OK
2026-07-30T05:50:39.002462Z,3290,245.3,0,OK,OK,OK
2026-07-30T05:50:44.489753Z,3308,245.2,0,OK,OK,OK
2026-07-30T05:50:49.998457Z,3294,245.3,0,OK,OK,OK
2026-07-30T05:50:55.485023Z,3321,245.3,0,OK,OK,OK
2026-07-30T05:51:01.002002Z,3301,245.3,0,OK,OK,OK
2026-07-30T05:51:06.491272Z,3291,245.3,0,OK,OK,OK
2026-07-30T05:51:11.988659Z,3295,245.4,0,OK,OK,OK
2026-07-30T05:51:17.434474Z,3289,245.3,0,OK,OK,OK
2026-07-30T05:51:22.924592Z,3300,245.3,0,OK,OK,OK
2026-07-30T05:51:28.397485Z,3300,245.3,0,OK,OK,OK
2026-07-30T05:51:33.886144Z,3294,245.3,0,OK,OK,OK
2026-07-30T05:51:39.361511Z,3290,245.4,0,OK,OK,OK
2026-07-30T05:51:44.865809Z,3294,245.5,0,OK,OK,OK
2026-07-30T05:51:50.343209Z,3309,245.3,0,OK,OK,OK
2026-07-30T05:51:55.811763Z,3295,245.5,0,OK,OK,OK
2026-07-30T05:52:01.288938Z,3293,245.5,0,OK,OK,OK
2026-07-30T05:52:06.771016Z,3290,245.6,0,OK,OK,OK
2026-07-30T05:52:12.237357Z,3296,245.7,0,OK,OK,OK
2026-07-30T05:52:17.749524Z,3299,245.7,0,OK,OK,OK
2026-07-30T05:52:23.241048Z,3297,245.7,0,OK,OK,OK
2026-07-30T05:52:28.735515Z,3321,245.6,0,OK,OK,OK
2026-07-30T05:52:34.183077Z,3290,245.5,0,OK,OK,OK
2026-07-30T05:52:39.680762Z,3299,245.5,0,OK,OK,OK
2026-07-30T05:52:45.162022Z,3296,245.5,0,OK,OK,OK
2026-07-30T05:52:50.657122Z,3293,245.6,0,OK,OK,OK
2026-07-30T05:52:56.122427Z,3296,245.5,0,OK,OK,OK
2026-07-30T05:53:01.595390Z,3290,245.4,0,OK,OK,OK
2026-07-30T05:53:07.042451Z,3296,245.4,0,OK,OK,OK
2026-07-30T05:53:12.551697Z,3292,245.5,0,OK,OK,OK
2026-07-30T05:53:17.975784Z,3294,245.5,0,OK,OK,OK
2026-07-30T05:53:23.471707Z,3293,245.3,0,OK,OK,OK
2026-07-30T05:53:28.969796Z,3311,245.3,0,OK,OK,OK
2026-07-30T05:53:34.396428Z,3306,245.5,0,OK,OK,OK
2026-07-30T05:53:39.857364Z,3298,245.5,0,OK,OK,OK
2026-07-30T05:53:45.337180Z,3295,245.5,0,OK,OK,OK
2026-07-30T05:53:50.845759Z,3294,245.5,0,OK,OK,OK
2026-07-30T05:53:56.305651Z,3294,245.5,0,OK,OK,OK
2026-07-30T05:54:01.786160Z,3288,245.5,0,OK,OK,OK
2026-07-30T05:54:07.293659Z,3295,245.5,0,OK,OK,OK
2026-07-30T05:54:12.790748Z,3297,245.5,0,OK,OK,OK
2026-07-30T05:54:18.267756Z,3294,245.7,0,OK,OK,OK
2026-07-30T05:54:23.747991Z,3295,245.6,0,OK,OK,OK
2026-07-30T05:54:29.239388Z,3320,245.5,0,OK,OK,OK
2026-07-30T05:54:34.749437Z,3323,245.5,0,OK,OK,OK
2026-07-30T05:54:40.276441Z,3320,245.5,0,OK,OK,OK
2026-07-30T05:54:45.765612Z,3319,245.5,0,OK,OK,OK
2026-07-30T05:54:51.247808Z,3315,245.5,0,OK,OK,OK
2026-07-30T05:54:56.716584Z,3303,245.6,0,OK,OK,OK
2026-07-30T05:55:02.225740Z,3327,245.5,0,OK,OK,OK
2026-07-30T05:55:07.736432Z,3312,245.7,0,OK,OK,OK
2026-07-30T05:55:13.219535Z,3304,245.7,0,OK,OK,OK
2026-07-30T05:55:18.686301Z,3306,245.5,0,OK,OK,OK
2026-07-30T05:55:24.221945Z,3302,245.5,0,OK,OK,OK
2026-07-30T05:55:29.692033Z,3306,245.5,0,OK,OK,OK
2026-07-30T05:55:35.158442Z,3295,245.5,0,OK,OK,OK
2026-07-30T05:55:40.624844Z,3294,245.4,0,OK,OK,OK
2026-07-30T05:55:46.126539Z,3296,245.7,0,OK,OK,OK
2026-07-30T05:55:51.620499Z,3297,245.7,0,OK,OK,OK
2026-07-30T05:55:57.113083Z,3296,245.7,0,OK,OK,OK
2026-07-30T05:56:02.570513Z,3295,245.6,0,OK,OK,OK
2026-07-30T05:56:08.051275Z,3305,245.7,0,OK,OK,OK
2026-07-30T05:56:13.539767Z,3324,245.7,0,OK,OK,OK
2026-07-30T05:56:19.011751Z,3321,245.6,0,OK,OK,OK
2026-07-30T05:56:24.495462Z,3322,245.5,0,OK,OK,OK
2026-07-30T05:56:29.968752Z,3355,245.4,0,OK,OK,OK
2026-07-30T05:56:35.472711Z,3413,245.4,0,OK,OK,OK
2026-07-30T05:56:40.895845Z,3459,245.4,0,OK,OK,OK
2026-07-30T05:56:46.365455Z,3498,245.3,0,OK,OK,OK
2026-07-30T05:56:51.843439Z,3476,244.5,0,OK,OK,OK
2026-07-30T05:56:57.343147Z,3528,245.0,0,OK,OK,OK
2026-07-30T05:57:02.871811Z,3558,245.0,0,OK,OK,OK
2026-07-30T05:57:08.362035Z,3567,245.0,0,OK,OK,OK
2026-07-30T05:57:13.835048Z,3570,245.0,0,OK,OK,OK
2026-07-30T05:57:19.327424Z,3597,245.0,0,OK,OK,OK
2026-07-30T05:57:24.806655Z,3588,245.0,0,OK,OK,OK
2026-07-30T05:57:30.309915Z,3601,245.0,0,OK,OK,OK
2026-07-30T05:57:35.803317Z,3588,245.0,0,OK,OK,OK
2026-07-30T05:57:41.281985Z,3554,245.1,0,OK,OK,OK
2026-07-30T05:57:46.771499Z,3492,245.0,0,OK,OK,OK
2026-07-30T05:57:52.249535Z,3491,245.1,0,OK,OK,OK
2026-07-30T05:57:57.727583Z,3477,245.0,0,OK,OK,OK
2026-07-30T05:58:03.168952Z,3463,244.9,0,OK,OK,OK
2026-07-30T05:58:08.640635Z,3459,245.1,0,OK,OK,OK
2026-07-30T05:58:14.137264Z,3411,245.0,0,OK,OK,OK
2026-07-30T05:58:19.652284Z,3400,245.0,0,OK,OK,OK
2026-07-30T05:58:25.120470Z,3401,245.0,0,OK,OK,OK
2026-07-30T05:58:30.609215Z,3398,245.0,0,OK,OK,OK
2026-07-30T05:58:36.107087Z,3395,245.0,0,OK,OK,OK
2026-07-30T05:58:41.535349Z,3389,245.0,0,OK,OK,OK
2026-07-30T05:58:47.047150Z,3391,245.0,0,OK,OK,OK
2026-07-30T05:58:52.499863Z,3391,245.0,0,OK,OK,OK
2026-07-30T05:58:57.973641Z,3401,245.0,0,OK,OK,OK
2026-07-30T05:59:03.428971Z,3400,245.0,0,OK,OK,OK
2026-07-30T05:59:08.879656Z,3391,245.0,0,OK,OK,OK
2026-07-30T05:59:14.346395Z,3393,245.0,0,OK,OK,OK
2026-07-30T05:59:19.822904Z,3392,245.1,0,OK,OK,OK
2026-07-30T05:59:25.310047Z,3406,245.1,0,OK,OK,OK
2026-07-30T05:59:30.828658Z,3392,245.1,0,OK,OK,OK
2026-07-30T05:59:36.320098Z,3394,245.1,0,OK,OK,OK
2026-07-30T05:59:41.757968Z,3392,245.1,0,OK,OK,OK
2026-07-30T05:59:47.246570Z,3390,245.3,0,OK,OK,OK
2026-07-30T05:59:52.758874Z,3437,245.2,0,OK,OK,OK
2026-07-30T05:59:58.220432Z,3401,245.3,0,OK,OK,OK
2026-07-30T06:00:03.744844Z,3399,245.1,0,OK,OK,OK
2026-07-30T06:00:09.217970Z,3399,245.3,0,OK,OK,OK
2026-07-30T06:00:14.692821Z,3411,245.1,0,OK,OK,OK
2026-07-30T06:00:20.137323Z,3408,245.0,0,OK,OK,OK
2026-07-30T06:00:25.567413Z,3398,244.9,0,OK,OK,OK
2026-07-30T06:00:31.062303Z,3315,245.0,0,OK,OK,OK
2026-07-30T06:00:36.531140Z,3231,245.1,0,OK,OK,OK
2026-07-30T06:00:41.999573Z,3233,245.1,0,OK,OK,OK
2026-07-30T06:00:47.452599Z,3235,245.1,0,OK,OK,OK
2026-07-30T06:00:52.941503Z,3234,245.1,0,OK,OK,OK
2026-07-30T06:00:58.431537Z,3236,245.1,0,OK,OK,OK
2026-07-30T06:01:03.921931Z,3238,245.2,0,OK,OK,OK
2026-07-30T06:01:09.409222Z,3237,245.2,0,OK,OK,OK
2026-07-30T06:01:14.873416Z,3234,245.1,0,OK,OK,OK
2026-07-30T06:01:20.332847Z,3249,245.2,0,OK,OK,OK
2026-07-30T06:01:25.753442Z,3231,244.2,0,OK,OK,OK
2026-07-30T06:01:31.239482Z,3223,244.3,0,OK,OK,OK
2026-07-30T06:01:36.715279Z,3215,244.4,0,OK,OK,OK
2026-07-30T06:01:42.223107Z,3219,244.3,0,OK,OK,OK
2026-07-30T06:01:47.683552Z,3212,244.4,0,OK,OK,OK
2026-07-30T06:01:53.149032Z,3210,244.4,0,OK,OK,OK
2026-07-30T06:01:58.597496Z,3211,244.3,0,OK,OK,OK
2026-07-30T06:02:04.123117Z,3215,244.4,0,OK,OK,OK
2026-07-30T06:02:09.592678Z,3217,244.4,0,OK,OK,OK
2026-07-30T06:02:15.067251Z,3236,244.4,0,OK,OK,OK
2026-07-30T06:02:20.536606Z,3222,244.3,0,OK,OK,OK
2026-07-30T06:02:26.045471Z,3209,244.5,0,OK,OK,OK
2026-07-30T06:02:31.509613Z,3223,244.6,0,OK,OK,OK
2026-07-30T06:02:36.900572Z,3207,244.5,0,OK,OK,OK
2026-07-30T06:02:42.399010Z,3207,244.3,0,OK,OK,OK
2026-07-30T06:02:47.845623Z,3202,244.5,0,OK,OK,OK
2026-07-30T06:02:53.300103Z,3208,244.5,0,OK,OK,OK
2026-07-30T06:02:58.758225Z,3220,244.5,0,OK,OK,OK
2026-07-30T06:03:04.248769Z,3201,244.6,0,OK,OK,OK
2026-07-30T06:03:09.733431Z,3210,244.5,0,OK,OK,OK
2026-07-30T06:03:15.215279Z,3213,244.7,0,OK,OK,OK
2026-07-30T06:03:20.723349Z,3205,244.7,0,OK,OK,OK
2026-07-30T06:03:26.231427Z,3205,244.7,0,OK,OK,OK
2026-07-30T06:03:31.694833Z,3218,244.7,0,OK,OK,OK
2026-07-30T06:03:37.152406Z,3209,244.7,0,OK,OK,OK
2026-07-30T06:03:42.657062Z,3207,244.7,0,OK,OK,OK
2026-07-30T06:03:48.157902Z,3208,244.7,0,OK,OK,OK
2026-07-30T06:03:53.668940Z,3206,244.7,0,OK,OK,OK
2026-07-30T06:03:59.121757Z,3208,244.7,0,OK,OK,OK
2026-07-30T06:04:04.630984Z,2774,244.9,0,OK,OK,OK
2026-07-30T06:04:10.134875Z,2772,244.8,0,OK,OK,OK
2026-07-30T06:04:15.641019Z,2784,244.8,0,OK,OK,OK
2026-07-30T06:04:21.125356Z,2801,244.8,0,OK,OK,OK
2026-07-30T06:04:26.604502Z,2806,244.8,0,OK,OK,OK
2026-07-30T06:04:32.088305Z,2765,244.7,0,OK,OK,OK
2026-07-30T06:04:37.575531Z,2775,244.8,0,OK,OK,OK
2026-07-30T06:04:43.071166Z,2772,244.9,0,OK,OK,OK
2026-07-30T06:04:48.559125Z,2785,244.8,0,OK,OK,OK
2026-07-30T06:04:54.054819Z,2772,244.8,0,OK,OK,OK
2026-07-30T06:04:59.498717Z,2772,244.9,0,OK,OK,OK
2026-07-30T06:05:05.006486Z,2789,244.9,0,OK,OK,OK
2026-07-30T06:05:10.486802Z,2770,244.8,0,OK,OK,OK
2026-07-30T06:05:15.983637Z,2778,244.9,0,OK,OK,OK
2026-07-30T06:05:21.432019Z,2766,244.8,0,OK,OK,OK
2026-07-30T06:05:26.930889Z,2774,244.9,0,OK,OK,OK
2026-07-30T06:05:32.410319Z,2774,244.9,0,OK,OK,OK
2026-07-30T06:05:37.859304Z,2764,244.9,0,OK,OK,OK
2026-07-30T06:05:43.313495Z,2776,245.4,0,OK,OK,OK
2026-07-30T06:05:48.784273Z,2778,245.4,0,OK,OK,OK
2026-07-30T06:05:54.262964Z,2767,245.4,0,OK,OK,OK
2026-07-30T06:05:59.789091Z,2771,245.3,0,OK,OK,OK
2026-07-30T06:06:05.278708Z,2796,245.4,0,OK,OK,OK
2026-07-30T06:06:10.772870Z,2773,245.3,0,OK,OK,OK
2026-07-30T06:06:16.213852Z,2774,245.3,0,OK,OK,OK
2026-07-30T06:06:21.688651Z,2771,245.3,0,OK,OK,OK
2026-07-30T06:06:27.192630Z,2770,245.3,0,OK,OK,OK
2026-07-30T06:06:32.606571Z,2776,245.3,0,OK,OK,OK
2026-07-30T06:06:38.052816Z,2777,245.3,0,OK,OK,OK
2026-07-30T06:06:43.489710Z,2773,245.3,0,OK,OK,OK
2026-07-30T06:06:48.932447Z,2785,245.4,0,OK,OK,OK
2026-07-30T06:06:54.469563Z,2784,245.3,0,OK,OK,OK
2026-07-30T06:06:59.981677Z,2774,245.2,0,OK,OK,OK
2026-07-30T06:07:05.454012Z,2780,245.3,0,OK,OK,OK
2026-07-30T06:07:10.915383Z,2795,245.8,0,OK,OK,OK
2026-07-30T06:07:16.346626Z,2773,245.7,0,OK,OK,OK
2026-07-30T06:07:21.795472Z,2782,245.7,0,OK,OK,OK
2026-07-30T06:07:27.246841Z,2786,245.7,0,OK,OK,OK
2026-07-30T06:07:32.640050Z,2780,245.8,0,OK,OK,OK
2026-07-30T06:07:38.108805Z,2778,245.6,0,OK,OK,OK
2026-07-30T06:07:43.607265Z,2772,245.6,0,OK,OK,OK
2026-07-30T06:07:49.115323Z,2778,245.7,0,OK,OK,OK
2026-07-30T06:07:54.626429Z,2766,245.7,0,OK,OK,OK
2026-07-30T06:08:00.142013Z,2772,245.7,0,OK,OK,OK
2026-07-30T06:08:05.636806Z,2770,245.5,0,OK,OK,OK
2026-07-30T06:08:11.140857Z,2770,245.6,0,OK,OK,OK
2026-07-30T06:08:16.631667Z,2767,245.5,0,OK,OK,OK
2026-07-30T06:08:22.162188Z,2767,245.7,0,OK,OK,OK
2026-07-30T06:08:27.670583Z,2766,245.5,0,OK,OK,OK
2026-07-30T06:08:33.179061Z,2769,245.6,0,OK,OK,OK
2026-07-30T06:08:38.650525Z,2777,245.5,0,OK,OK,OK
2026-07-30T06:08:44.140683Z,2779,245.6,0,OK,OK,OK
2026-07-30T06:08:49.651529Z,2770,245.6,0,OK,OK,OK
2026-07-30T06:08:55.148725Z,2790,245.6,0,OK,OK,OK
2026-07-30T06:09:00.641194Z,2779,245.7,0,OK,OK,OK
2026-07-30T06:09:06.098017Z,2769,245.8,0,OK,OK,OK
2026-07-30T06:09:11.571061Z,2770,245.7,0,OK,OK,OK
2026-07-30T06:09:16.997820Z,2908,245.7,0,OK,OK,OK
2026-07-30T06:09:22.454549Z,2896,245.7,0,OK,OK,OK
2026-07-30T06:09:27.966180Z,2895,245.6,0,OK,OK,OK
2026-07-30T06:09:33.509124Z,2893,245.6,0,OK,OK,OK
2026-07-30T06:09:38.997732Z,2891,245.7,0,OK,OK,OK
2026-07-30T06:09:44.506796Z,2891,245.8,0,OK,OK,OK
2026-07-30T06:09:49.997053Z,2901,245.7,0,OK,OK,OK
2026-07-30T06:09:55.472053Z,2886,245.7,0,OK,OK,OK
2026-07-30T06:10:00.997234Z,2892,245.7,0,OK,OK,OK
2026-07-30T06:10:06.472681Z,2895,245.7,0,OK,OK,OK
2026-07-30T06:10:11.944605Z,2888,245.7,0,OK,OK,OK
2026-07-30T06:10:17.477152Z,2885,245.6,0,OK,OK,OK
2026-07-30T06:10:22.979722Z,2886,245.7,0,OK,OK,OK
2026-07-30T06:10:28.449296Z,2890,245.8,0,OK,OK,OK
2026-07-30T06:10:33.929261Z,2881,245.7,0,OK,OK,OK
2026-07-30T06:10:39.443450Z,2779,245.7,0,OK,OK,OK
2026-07-30T06:10:44.940143Z,2777,245.6,0,OK,OK,OK
2026-07-30T06:10:50.431646Z,2794,245.8,0,OK,OK,OK
2026-07-30T06:10:55.919809Z,2796,245.8,0,OK,OK,OK
2026-07-30T06:11:01.401956Z,2783,245.8,0,OK,OK,OK
2026-07-30T06:11:06.878729Z,2774,245.8,0,OK,OK,OK
2026-07-30T06:11:12.323807Z,2775,245.7,0,OK,OK,OK
2026-07-30T06:11:17.821313Z,2772,245.8,0,OK,OK,OK
2026-07-30T06:11:23.276142Z,2780,245.9,0,OK,OK,OK
2026-07-30T06:11:28.773392Z,2780,245.9,0,OK,OK,OK
2026-07-30T06:11:34.275967Z,2780,245.9,0,OK,OK,OK
2026-07-30T06:11:39.802549Z,2778,245.8,0,OK,OK,OK
2026-07-30T06:11:45.276977Z,2816,245.6,0,OK,OK,OK
2026-07-30T06:11:50.774348Z,2782,245.6,0,OK,OK,OK
2026-07-30T06:11:56.271677Z,2777,245.8,0,OK,OK,OK
2026-07-30T06:12:01.750853Z,2784,245.8,0,OK,OK,OK
2026-07-30T06:12:07.212070Z,2782,245.8,0,OK,OK,OK
2026-07-30T06:12:12.712761Z,2894,245.8,0,OK,OK,OK
2026-07-30T06:12:18.202146Z,2855,245.8,0,OK,OK,OK
2026-07-30T06:12:23.712216Z,2935,245.8,0,OK,OK,OK
2026-07-30T06:12:29.210410Z,2974,245.8,0,OK,OK,OK
2026-07-30T06:12:34.722740Z,3006,245.7,0,OK,OK,OK
2026-07-30T06:12:40.255575Z,3028,245.7,0,OK,OK,OK
2026-07-30T06:12:45.733867Z,3038,245.7,0,OK,OK,OK
2026-07-30T06:12:51.195521Z,3040,245.7,0,OK,OK,OK
2026-07-30T06:12:56.631700Z,3058,245.5,0,OK,OK,OK
2026-07-30T06:13:02.121650Z,3061,245.5,0,OK,OK,OK
2026-07-30T06:13:07.614957Z,3058,245.6,0,OK,OK,OK
2026-07-30T06:13:13.083435Z,3056,245.6,0,OK,OK,OK
2026-07-30T06:13:18.566486Z,3063,245.5,0,OK,OK,OK
2026-07-30T06:13:24.078898Z,3042,245.6,0,OK,OK,OK
2026-07-30T06:13:29.580686Z,2960,245.6,0,OK,OK,OK
2026-07-30T06:13:35.057700Z,2948,245.5,0,OK,OK,OK
2026-07-30T06:13:40.560822Z,2934,245.5,0,OK,OK,OK
2026-07-30T06:13:46.020433Z,2933,245.5,0,OK,OK,OK
2026-07-30T06:13:51.534206Z,2934,245.5,0,OK,OK,OK
2026-07-30T06:13:57.029603Z,2894,245.5,0,OK,OK,OK
2026-07-30T06:14:02.514168Z,2872,245.5,0,OK,OK,OK
2026-07-30T06:14:08.030000Z,2869,245.5,0,OK,OK,OK
2026-07-30T06:14:13.513865Z,2871,245.5,0,OK,OK,OK
2026-07-30T06:14:18.989989Z,2862,245.5,0,OK,OK,OK
2026-07-30T06:14:24.468260Z,2860,245.5,0,OK,OK,OK
2026-07-30T06:14:29.897782Z,2863,245.6,0,OK,OK,OK
2026-07-30T06:14:35.412193Z,2864,245.5,0,OK,OK,OK
2026-07-30T06:14:40.857554Z,3091,245.5,0,OK,OK,OK
2026-07-30T06:14:46.364772Z,2983,245.5,0,OK,OK,OK
2026-07-30T06:14:51.848939Z,3001,245.5,0,OK,OK,OK
2026-07-30T06:14:57.324802Z,2975,245.6,0,OK,OK,OK
2026-07-30T06:15:02.808966Z,2979,245.6,0,OK,OK,OK
2026-07-30T06:15:08.265169Z,2987,245.6,0,OK,OK,OK
2026-07-30T06:15:13.735068Z,2991,245.7,0,OK,OK,OK
2026-07-30T06:15:19.224812Z,2993,245.7,0,OK,OK,OK
2026-07-30T06:15:24.687233Z,2994,245.6,0,OK,OK,OK
2026-07-30T06:15:30.162240Z,2995,245.7,0,OK,OK,OK
2026-07-30T06:15:35.669670Z,2984,245.7,0,OK,OK,OK
2026-07-30T06:15:41.099881Z,2985,245.7,0,OK,OK,OK
2026-07-30T06:15:46.600927Z,2982,245.6,0,OK,OK,OK
2026-07-30T06:15:52.043996Z,2984,245.7,0,OK,OK,OK
2026-07-30T06:15:57.539991Z,2986,245.7,0,OK,OK,OK
2026-07-30T06:16:03.052618Z,2983,245.7,0,OK,OK,OK
2026-07-30T06:16:08.533355Z,2979,245.7,0,OK,OK,OK
2026-07-30T06:16:14.031669Z,2986,245.6,0,OK,OK,OK
2026-07-30T06:16:19.490755Z,2994,245.5,0,OK,OK,OK
2026-07-30T06:16:24.978656Z,2980,245.6,0,OK,OK,OK
2026-07-30T06:16:30.435553Z,2985,245.6,0,OK,OK,OK
2026-07-30T06:16:35.922153Z,2977,245.6,0,OK,OK,OK
2026-07-30T06:16:41.399546Z,2984,245.5,0,OK,OK,OK
2026-07-30T06:16:46.910545Z,2976,245.5,0,OK,OK,OK
2026-07-30T06:16:52.329861Z,3070,245.5,0,OK,OK,OK
2026-07-30T06:16:57.800151Z,3078,245.4,0,OK,OK,OK
2026-07-30T06:17:03.256106Z,3091,245.6,0,OK,OK,OK
2026-07-30T06:17:08.727977Z,3095,245.6,0,OK,OK,OK
2026-07-30T06:17:14.217492Z,3095,245.6,0,OK,OK,OK
2026-07-30T06:17:19.737329Z,2988,245.6,0,OK,OK,OK
2026-07-30T06:17:25.218745Z,2989,245.6,0,OK,OK,OK
2026-07-30T06:17:30.706892Z,3011,245.6,0,OK,OK,OK
2026-07-30T06:17:36.203925Z,2982,245.5,0,OK,OK,OK
2026-07-30T06:17:41.684521Z,2978,245.6,0,OK,OK,OK
2026-07-30T06:17:47.148734Z,2977,245.6,0,OK,OK,OK
2026-07-30T06:17:52.637743Z,2987,245.6,0,OK,OK,OK
2026-07-30T06:17:58.103988Z,2964,245.2,0,OK,OK,OK
2026-07-30T06:18:03.587398Z,2972,245.2,0,OK,OK,OK
2026-07-30T06:18:09.087116Z,2965,245.2,0,OK,OK,OK
2026-07-30T06:18:14.539393Z,2965,245.2,0,OK,OK,OK
2026-07-30T06:18:19.974227Z,2974,245.2,0,OK,OK,OK
2026-07-30T06:18:25.445717Z,2978,245.3,0,OK,OK,OK
2026-07-30T06:18:30.955824Z,2982,245.2,0,OK,OK,OK
2026-07-30T06:18:36.486955Z,2963,245.8,0,OK,OK,OK
2026-07-30T06:18:41.998559Z,2966,245.8,0,OK,OK,OK
2026-07-30T06:18:47.496266Z,2978,246.0,0,OK,OK,OK
2026-07-30T06:18:52.969254Z,2968,245.9,0,OK,OK,OK
2026-07-30T06:18:58.464079Z,2987,246.0,0,OK,OK,OK
2026-07-30T06:19:03.954729Z,2968,245.9,0,OK,OK,OK
2026-07-30T06:19:09.445504Z,2968,245.9,0,OK,OK,OK
2026-07-30T06:19:14.969612Z,2993,246.0,0,OK,OK,OK
2026-07-30T06:19:20.507488Z,2960,245.9,0,OK,OK,OK
2026-07-30T06:19:25.968151Z,2985,245.7,0,OK,OK,OK
2026-07-30T06:19:31.446956Z,2987,245.9,0,OK,OK,OK
2026-07-30T06:19:36.951149Z,2998,245.9,0,OK,OK,OK
2026-07-30T06:19:42.421030Z,2968,245.9,0,OK,OK,OK
2026-07-30T06:19:47.875570Z,2995,245.9,0,OK,OK,OK
2026-07-30T06:19:53.328439Z,2993,245.9,0,OK,OK,OK
2026-07-30T06:19:58.784134Z,2989,245.9,0,OK,OK,OK
2026-07-30T06:20:04.259453Z,2981,246.2,0,OK,OK,OK
2026-07-30T06:20:09.733804Z,2994,246.2,0,OK,OK,OK
2026-07-30T06:20:15.268771Z,2993,246.2,0,OK,OK,OK
2026-07-30T06:20:20.767632Z,2979,246.1,0,OK,OK,OK
2026-07-30T06:20:26.279818Z,2989,246.1,0,OK,OK,OK
2026-07-30T06:20:31.736479Z,2986,246.1,0,OK,OK,OK
2026-07-30T06:20:37.241713Z,3003,246.1,0,OK,OK,OK
2026-07-30T06:20:42.729567Z,2988,246.1,0,OK,OK,OK
2026-07-30T06:20:48.245000Z,2978,246.2,0,OK,OK,OK
2026-07-30T06:20:53.705048Z,2965,246.2,0,OK,OK,OK
2026-07-30T06:20:59.209696Z,3003,246.2,0,OK,OK,OK
2026-07-30T06:21:04.657924Z,2973,246.1,0,OK,OK,OK
2026-07-30T06:21:10.129188Z,2966,246.1,0,OK,OK,OK
2026-07-30T06:21:15.609753Z,2973,246.1,0,OK,OK,OK
2026-07-30T06:21:21.053438Z,2987,246.1,0,OK,OK,OK
2026-07-30T06:21:26.528734Z,2989,246.1,0,OK,OK,OK
2026-07-30T06:21:31.996208Z,2978,246.1,0,OK,OK,OK
2026-07-30T06:21:37.494038Z,2946,246.1,0,OK,OK,OK
2026-07-30T06:21:42.996643Z,2945,246.1,0,OK,OK,OK
2026-07-30T06:21:48.473643Z,2990,246.1,0,OK,OK,OK
2026-07-30T06:21:53.960784Z,2951,246.3,0,OK,OK,OK
2026-07-30T06:21:59.475079Z,2949,246.1,0,OK,OK,OK
2026-07-30T06:22:04.970713Z,2980,246.1,0,OK,OK,OK
2026-07-30T06:22:10.434918Z,2992,246.1,0,OK,OK,OK
2026-07-30T06:22:15.926709Z,2954,246.1,0,OK,OK,OK
2026-07-30T06:22:21.423568Z,2988,246.1,0,OK,OK,OK
2026-07-30T06:22:26.927342Z,2973,246.1,0,OK,OK,OK
2026-07-30T06:22:32.371300Z,2966,246.2,0,OK,OK,OK
2026-07-30T06:22:37.840020Z,2946,246.3,0,OK,OK,OK
2026-07-30T06:22:43.272346Z,2961,246.2,0,OK,OK,OK
2026-07-30T06:22:48.742712Z,2959,246.3,0,OK,OK,OK
2026-07-30T06:22:54.224736Z,2983,246.2,0,OK,OK,OK
2026-07-30T06:22:59.747169Z,2949,246.1,0,OK,OK,OK
2026-07-30T06:23:05.283381Z,2952,246.1,0,OK,OK,OK
2026-07-30T06:23:10.813576Z,2953,246.1,0,OK,OK,OK
2026-07-30T06:23:16.274925Z,2957,246.3,0,OK,OK,OK
2026-07-30T06:23:21.779173Z,2957,246.1,0,OK,OK,OK
2026-07-30T06:23:27.283717Z,2946,246.0,0,OK,OK,OK
2026-07-30T06:23:32.768017Z,2944,246.1,0,OK,OK,OK
2026-07-30T06:23:38.226205Z,2941,246.1,0,OK,OK,OK
2026-07-30T06:23:43.717114Z,2954,246.1,0,OK,OK,OK
2026-07-30T06:23:49.244960Z,2944,246.1,0,OK,OK,OK
2026-07-30T06:23:54.752255Z,2947,246.1,0,OK,OK,OK
2026-07-30T06:24:00.257018Z,2949,246.1,0,OK,OK,OK
2026-07-30T06:24:05.761488Z,2952,246.1,0,OK,OK,OK
2026-07-30T06:24:11.265460Z,2946,246.1,0,OK,OK,OK
2026-07-30T06:24:16.751738Z,2952,246.1,0,OK,OK,OK
2026-07-30T06:24:22.224730Z,2946,246.1,0,OK,OK,OK
2026-07-30T06:24:27.692381Z,2948,245.9,0,OK,OK,OK
2026-07-30T06:24:33.233226Z,2960,246.1,0,OK,OK,OK
2026-07-30T06:24:38.717699Z,2952,246.1,0,OK,OK,OK
2026-07-30T06:24:44.203321Z,2946,246.1,0,OK,OK,OK
2026-07-30T06:24:49.684500Z,2963,246.1,0,OK,OK,OK
2026-07-30T06:24:55.162548Z,2960,246.1,0,OK,OK,OK
2026-07-30T06:25:00.643350Z,2952,246.3,0,OK,OK,OK
2026-07-30T06:25:06.152910Z,2948,246.3,0,OK,OK,OK
2026-07-30T06:25:11.659612Z,2961,246.3,0,OK,OK,OK
2026-07-30T06:25:17.152011Z,2966,246.2,0,OK,OK,OK
2026-07-30T06:25:22.634275Z,2959,246.2,0,OK,OK,OK
2026-07-30T06:25:28.172835Z,2961,246.3,0,OK,OK,OK
2026-07-30T06:25:33.651506Z,2972,246.1,0,OK,OK,OK
2026-07-30T06:25:39.110644Z,2963,246.2,0,OK,OK,OK
2026-07-30T06:25:44.623736Z,2971,246.1,0,OK,OK,OK
2026-07-30T06:25:50.101713Z,2966,246.1,0,OK,OK,OK
2026-07-30T06:25:55.602050Z,2988,246.1,0,OK,OK,OK
2026-07-30T06:26:01.074213Z,2986,246.3,0,OK,OK,OK
2026-07-30T06:26:06.568814Z,2968,246.1,0,OK,OK,OK
2026-07-30T06:26:12.014900Z,2958,246.1,0,OK,OK,OK
2026-07-30T06:26:17.543148Z,2960,246.0,0,OK,OK,OK
2026-07-30T06:26:23.021350Z,2973,246.3,0,OK,OK,OK
2026-07-30T06:26:28.499479Z,2984,246.3,0,OK,OK,OK
2026-07-30T06:26:33.982977Z,2985,246.3,0,OK,OK,OK
2026-07-30T06:26:39.456620Z,2958,246.1,0,OK,OK,OK
2026-07-30T06:26:44.935130Z,2959,246.1,0,OK,OK,OK
2026-07-30T06:26:50.388264Z,2959,246.1,0,OK,OK,OK
2026-07-30T06:26:55.888026Z,2963,246.1,0,OK,OK,OK
2026-07-30T06:27:01.379255Z,2960,246.1,0,OK,OK,OK
2026-07-30T06:27:06.899750Z,2966,246.0,0,OK,OK,OK
2026-07-30T06:27:12.428690Z,2967,245.8,0,OK,OK,OK
2026-07-30T06:27:17.902295Z,2968,245.9,0,OK,OK,OK
2026-07-30T06:27:23.375530Z,2966,246.0,0,OK,OK,OK
2026-07-30T06:27:28.898836Z,2973,246.0,0,OK,OK,OK
2026-07-30T06:27:34.375733Z,2968,246.0,0,OK,OK,OK
2026-07-30T06:27:39.849775Z,2952,246.0,0,OK,OK,OK
2026-07-30T06:27:45.363965Z,2954,245.8,0,OK,OK,OK
2026-07-30T06:27:50.824436Z,2965,245.9,0,OK,OK,OK
2026-07-30T06:27:56.297034Z,2959,245.8,0,OK,OK,OK
2026-07-30T06:28:01.784860Z,2957,246.0,0,OK,OK,OK
2026-07-30T06:28:07.244212Z,2952,246.0,0,OK,OK,OK
2026-07-30T06:28:12.740600Z,2958,246.0,0,OK,OK,OK
2026-07-30T06:28:18.203607Z,2961,246.0,0,OK,OK,OK
2026-07-30T06:28:23.662448Z,2961,245.9,0,OK,OK,OK
2026-07-30T06:28:29.169673Z,2981,246.2,0,OK,OK,OK
2026-07-30T06:28:34.642372Z,2963,246.4,0,OK,OK,OK
2026-07-30T06:28:40.106765Z,2972,246.5,0,OK,OK,OK
2026-07-30T06:28:45.626472Z,2978,246.5,0,OK,OK,OK
2026-07-30T06:28:51.121953Z,2979,246.5,0,OK,OK,OK
2026-07-30T06:28:56.625998Z,2983,246.5,0,OK,OK,OK
2026-07-30T06:29:02.107779Z,3005,246.5,0,OK,OK,OK
2026-07-30T06:29:07.564995Z,3117,246.5,0,OK,OK,OK
2026-07-30T06:29:13.086141Z,3157,246.6,0,OK,OK,OK
2026-07-30T06:29:18.559522Z,3185,246.6,0,OK,OK,OK
2026-07-30T06:29:24.061104Z,3194,246.4,0,OK,OK,OK
2026-07-30T06:29:29.555246Z,3204,246.5,0,OK,OK,OK
2026-07-30T06:29:35.019703Z,3224,246.5,0,OK,OK,OK
2026-07-30T06:29:40.462912Z,3233,246.4,0,OK,OK,OK
2026-07-30T06:29:45.986176Z,3239,246.5,0,OK,OK,OK
2026-07-30T06:29:51.490067Z,3268,246.4,0,OK,OK,OK
2026-07-30T06:29:57.026561Z,3246,246.5,0,OK,OK,OK
2026-07-30T06:30:02.522390Z,3247,246.5,0,OK,OK,OK
2026-07-30T06:30:08.035089Z,3234,246.8,0,OK,OK,OK
2026-07-30T06:30:13.509750Z,3184,246.6,0,OK,OK,OK
2026-07-30T06:30:18.961071Z,3099,246.6,0,OK,OK,OK
2026-07-30T06:30:24.430400Z,3082,246.6,0,OK,OK,OK
2026-07-30T06:30:29.910599Z,3086,246.6,0,OK,OK,OK
2026-07-30T06:30:35.382677Z,3078,246.6,0,OK,OK,OK
2026-07-30T06:30:40.908116Z,3076,246.6,0,OK,OK,OK
2026-07-30T06:30:46.405297Z,3076,246.8,0,OK,OK,OK
2026-07-30T06:30:51.901685Z,3082,246.8,0,OK,OK,OK
2026-07-30T06:30:57.405871Z,3087,246.8,0,OK,OK,OK
2026-07-30T06:31:02.831327Z,3065,246.9,0,OK,OK,OK
2026-07-30T06:31:08.301140Z,3080,246.9,0,OK,OK,OK
2026-07-30T06:31:13.783244Z,3079,246.7,0,OK,OK,OK
2026-07-30T06:31:19.250995Z,3088,246.9,0,OK,OK,OK
2026-07-30T06:31:24.729117Z,3070,246.7,0,OK,OK,OK
2026-07-30T06:31:30.203349Z,3081,246.8,0,OK,OK,OK
2026-07-30T06:31:35.711521Z,3107,246.8,0,OK,OK,OK
2026-07-30T06:31:41.218920Z,3086,246.8,0,OK,OK,OK
2026-07-30T06:31:46.686297Z,3083,246.7,0,OK,OK,OK
2026-07-30T06:31:52.167194Z,3090,246.7,0,OK,OK,OK
2026-07-30T06:31:57.669556Z,3107,246.8,0,OK,OK,OK
2026-07-30T06:32:03.052488Z,3086,246.8,0,OK,OK,OK
2026-07-30T06:32:08.530069Z,3090,246.9,0,OK,OK,OK
2026-07-30T06:32:13.997411Z,3096,246.9,0,OK,OK,OK
2026-07-30T06:32:19.491656Z,3114,246.9,0,OK,OK,OK
2026-07-30T06:32:24.996520Z,3092,246.9,0,OK,OK,OK
2026-07-30T06:32:30.434828Z,3111,246.9,0,OK,OK,OK
2026-07-30T06:32:35.928165Z,3088,246.8,0,OK,OK,OK
2026-07-30T06:32:41.401544Z,3093,246.9,0,OK,OK,OK
2026-07-30T06:32:46.884050Z,3085,246.9,0,OK,OK,OK
2026-07-30T06:32:52.389219Z,3087,246.9,0,OK,OK,OK
2026-07-30T06:32:57.860076Z,3076,246.9,0,OK,OK,OK
2026-07-30T06:33:03.297240Z,3078,246.9,0,OK,OK,OK
2026-07-30T06:33:08.811877Z,3094,246.9,0,OK,OK,OK
2026-07-30T06:33:14.257127Z,3092,247.0,0,OK,OK,OK
2026-07-30T06:33:19.731658Z,3095,247.0,0,OK,OK,OK
2026-07-30T06:33:25.203489Z,3086,247.0,0,OK,OK,OK
2026-07-30T06:33:30.702947Z,3082,247.0,0,OK,OK,OK
2026-07-30T06:33:36.207401Z,3094,247.1,0,OK,OK,OK
2026-07-30T06:33:41.741379Z,3084,247.1,0,OK,OK,OK
2026-07-30T06:33:47.256303Z,3088,247.1,0,OK,OK,OK
2026-07-30T06:33:52.748086Z,3092,247.1,0,OK,OK,OK
2026-07-30T06:33:58.251053Z,3081,247.1,0,OK,OK,OK
2026-07-30T06:34:03.735857Z,2956,247.0,0,OK,OK,OK
2026-07-30T06:34:09.245628Z,2976,247.2,0,OK,OK,OK
2026-07-30T06:34:14.740933Z,2989,247.2,0,OK,OK,OK
2026-07-30T06:34:20.245100Z,2982,247.2,0,OK,OK,OK
2026-07-30T06:34:25.756231Z,2980,247.2,0,OK,OK,OK
2026-07-30T06:34:31.301311Z,2968,247.2,0,OK,OK,OK
2026-07-30T06:34:36.776174Z,2991,247.2,0,OK,OK,OK
2026-07-30T06:34:42.285258Z,2972,247.2,0,OK,OK,OK
2026-07-30T06:34:47.777684Z,2968,247.2,0,OK,OK,OK
2026-07-30T06:34:53.245018Z,2976,247.2,0,OK,OK,OK
2026-07-30T06:34:58.692722Z,2962,247.2,0,OK,OK,OK
2026-07-30T06:35:04.201211Z,2972,247.2,0,OK,OK,OK
2026-07-30T06:35:09.653773Z,2968,247.2,0,OK,OK,OK
2026-07-30T06:35:15.120185Z,2972,247.2,0,OK,OK,OK
2026-07-30T06:35:20.600006Z,2979,247.2,0,OK,OK,OK
2026-07-30T06:35:26.089649Z,2985,247.2,0,OK,OK,OK
2026-07-30T06:35:31.590310Z,2973,247.2,0,OK,OK,OK
2026-07-30T06:35:37.039872Z,2995,247.2,0,OK,OK,OK
2026-07-30T06:35:42.542845Z,2979,247.2,0,OK,OK,OK
2026-07-30T06:35:48.029790Z,2989,247.2,0,OK,OK,OK
2026-07-30T06:35:53.528189Z,2972,247.2,0,OK,OK,OK
2026-07-30T06:35:58.976298Z,2966,247.2,0,OK,OK,OK
2026-07-30T06:36:04.472421Z,2966,247.2,0,OK,OK,OK
2026-07-30T06:36:09.949631Z,2973,247.2,0,OK,OK,OK
2026-07-30T06:36:15.428334Z,2969,247.2,0,OK,OK,OK
2026-07-30T06:36:20.921446Z,2971,247.2,0,OK,OK,OK
2026-07-30T06:36:26.402751Z,2978,247.2,0,OK,OK,OK
2026-07-30T06:36:31.914686Z,2969,247.2,0,OK,OK,OK
2026-07-30T06:36:37.413485Z,2962,247.2,0,OK,OK,OK
2026-07-30T06:36:42.886888Z,2967,247.2,0,OK,OK,OK
2026-07-30T06:36:48.358552Z,2968,247.2,0,OK,OK,OK
2026-07-30T06:36:53.863639Z,2963,247.2,0,OK,OK,OK
2026-07-30T06:36:59.337514Z,2965,247.2,0,OK,OK,OK
2026-07-30T06:37:04.833188Z,2951,247.2,0,OK,OK,OK
2026-07-30T06:37:10.314240Z,2979,247.2,0,OK,OK,OK
2026-07-30T06:37:15.815190Z,2973,247.2,0,OK,OK,OK
2026-07-30T06:37:21.310247Z,2966,247.2,0,OK,OK,OK
2026-07-30T06:37:26.809547Z,2992,247.2,0,OK,OK,OK
2026-07-30T06:37:32.252640Z,2966,247.2,0,OK,OK,OK
2026-07-30T06:37:37.721698Z,2953,247.2,0,OK,OK,OK
2026-07-30T06:37:43.184132Z,2967,247.3,0,OK,OK,OK
2026-07-30T06:37:48.665313Z,2972,247.2,0,OK,OK,OK
2026-07-30T06:37:54.174212Z,2964,247.2,0,OK,OK,OK
2026-07-30T06:37:59.647357Z,2962,247.2,0,OK,OK,OK
2026-07-30T06:38:05.101516Z,2971,247.2,0,OK,OK,OK
2026-07-30T06:38:10.586258Z,2964,247.2,0,OK,OK,OK
2026-07-30T06:38:16.075908Z,2967,247.2,0,OK,OK,OK
2026-07-30T06:38:21.564402Z,2971,247.2,0,OK,OK,OK
2026-07-30T06:38:27.033030Z,2882,247.3,0,OK,OK,OK
2026-07-30T06:38:32.504572Z,2891,247.3,0,OK,OK,OK
2026-07-30T06:38:37.987580Z,2874,247.3,0,OK,OK,OK
2026-07-30T06:38:43.500158Z,2907,247.3,0,OK,OK,OK
2026-07-30T06:38:48.995971Z,2892,247.3,0,OK,OK,OK
2026-07-30T06:38:54.455151Z,2899,247.3,0,OK,OK,OK
2026-07-30T06:38:59.949939Z,2892,247.4,0,OK,OK,OK
2026-07-30T06:39:05.402914Z,2879,247.3,0,OK,OK,OK
2026-07-30T06:39:10.864856Z,2880,247.3,0,OK,OK,OK
2026-07-30T06:39:16.359331Z,2867,247.3,0,OK,OK,OK
2026-07-30T06:39:21.880871Z,2891,247.3,0,OK,OK,OK
2026-07-30T06:39:27.388675Z,2866,246.7,0,OK,OK,OK
2026-07-30T06:39:32.876179Z,2887,246.9,0,OK,OK,OK
2026-07-30T06:39:38.410739Z,2889,246.9,0,OK,OK,OK
2026-07-30T06:39:43.918937Z,2868,246.9,0,OK,OK,OK
2026-07-30T06:39:49.394616Z,2871,246.9,0,OK,OK,OK
2026-07-30T06:39:54.901417Z,2869,246.9,0,OK,OK,OK
2026-07-30T06:40:00.388154Z,2875,247.0,0,OK,OK,OK
2026-07-30T06:40:05.892975Z,2862,247.0,0,OK,OK,OK
2026-07-30T06:40:11.371624Z,2854,247.0,0,OK,OK,OK
2026-07-30T06:40:16.859998Z,2876,247.0,0,OK,OK,OK
2026-07-30T06:40:22.371359Z,2860,247.2,0,OK,OK,OK
2026-07-30T06:40:27.865799Z,2872,247.2,0,OK,OK,OK
2026-07-30T06:40:33.367055Z,2870,247.2,0,OK,OK,OK
2026-07-30T06:40:38.855429Z,2875,247.1,0,OK,OK,OK
2026-07-30T06:40:44.309625Z,2866,247.2,0,OK,OK,OK
2026-07-30T06:40:49.741766Z,2866,247.2,0,OK,OK,OK
2026-07-30T06:40:55.225660Z,2884,247.2,0,OK,OK,OK
2026-07-30T06:41:00.706881Z,2880,247.2,0,OK,OK,OK
2026-07-30T06:41:06.158593Z,2869,247.2,0,OK,OK,OK
2026-07-30T06:41:11.640984Z,2871,247.2,0,OK,OK,OK
2026-07-30T06:41:17.151778Z,2863,247.2,0,OK,OK,OK
2026-07-30T06:41:22.643017Z,2856,247.1,0,OK,OK,OK
2026-07-30T06:41:28.139419Z,2871,247.0,0,OK,OK,OK
2026-07-30T06:41:33.603461Z,2854,246.2,0,OK,OK,OK
2026-07-30T06:41:39.140361Z,2856,246.4,0,OK,OK,OK
2026-07-30T06:41:44.654371Z,2861,246.5,0,OK,OK,OK
2026-07-30T06:41:50.152426Z,2851,246.4,0,OK,OK,OK
2026-07-30T06:41:55.620686Z,2847,246.4,0,OK,OK,OK
2026-07-30T06:42:01.129659Z,2832,246.2,0,OK,OK,OK
2026-07-30T06:42:06.590484Z,2848,246.3,0,OK,OK,OK
2026-07-30T06:42:12.098780Z,2860,246.3,0,OK,OK,OK
2026-07-30T06:42:17.569707Z,2843,246.3,0,OK,OK,OK
2026-07-30T06:42:23.026038Z,2854,246.3,0,OK,OK,OK
2026-07-30T06:42:28.489012Z,2866,246.2,0,OK,OK,OK
2026-07-30T06:42:33.937290Z,2845,246.3,0,OK,OK,OK
2026-07-30T06:42:39.443594Z,2852,246.3,0,OK,OK,OK
2026-07-30T06:42:44.920944Z,2850,246.4,0,OK,OK,OK
2026-07-30T06:42:50.412658Z,2851,246.3,0,OK,OK,OK
2026-07-30T06:42:55.924912Z,2844,246.2,0,OK,OK,OK
2026-07-30T06:43:01.426018Z,2856,246.3,0,OK,OK,OK
2026-07-30T06:43:06.893710Z,2829,246.1,0,OK,OK,OK
2026-07-30T06:43:12.366879Z,2847,246.0,0,OK,OK,OK
2026-07-30T06:43:17.827556Z,2854,246.2,0,OK,OK,OK
2026-07-30T06:43:23.314498Z,2849,246.4,0,OK,OK,OK
2026-07-30T06:43:28.814537Z,2835,246.2,0,OK,OK,OK
2026-07-30T06:43:34.322023Z,2844,246.1,0,OK,OK,OK
2026-07-30T06:43:39.824517Z,2867,246.1,0,OK,OK,OK
2026-07-30T06:43:45.268516Z,2860,246.0,0,OK,OK,OK
2026-07-30T06:43:50.749224Z,2844,246.2,0,OK,OK,OK
2026-07-30T06:43:56.186080Z,2853,246.2,0,OK,OK,OK
2026-07-30T06:44:01.695773Z,2849,246.2,0,OK,OK,OK
2026-07-30T06:44:07.166539Z,2841,246.2,0,OK,OK,OK
2026-07-30T06:44:12.634917Z,2841,246.4,0,OK,OK,OK
2026-07-30T06:44:18.146459Z,2844,246.2,0,OK,OK,OK
2026-07-30T06:44:23.637792Z,2847,246.4,0,OK,OK,OK
2026-07-30T06:44:29.115816Z,2851,246.4,0,OK,OK,OK
2026-07-30T06:44:34.579744Z,2840,246.3,0,OK,OK,OK
2026-07-30T06:44:40.059435Z,2845,246.2,0,OK,OK,OK
2026-07-30T06:44:45.564847Z,2845,246.2,0,OK,OK,OK
2026-07-30T06:44:51.034998Z,2852,246.3,0,OK,OK,OK
2026-07-30T06:44:56.507502Z,2858,246.1,0,OK,OK,OK
2026-07-30T06:45:01.975548Z,2847,246.2,0,OK,OK,OK
2026-07-30T06:45:07.407030Z,2846,246.2,0,OK,OK,OK
2026-07-30T06:45:12.892516Z,2855,246.1,0,OK,OK,OK
2026-07-30T06:45:18.355025Z,2849,246.2,0,OK,OK,OK
2026-07-30T06:45:23.823572Z,2632,246.3,0,OK,OK,OK
2026-07-30T06:45:29.343392Z,2627,246.4,0,OK,OK,OK
2026-07-30T06:45:34.815112Z,2640,246.3,0,OK,OK,OK
2026-07-30T06:45:40.294302Z,2632,246.4,0,OK,OK,OK
2026-07-30T06:45:45.775383Z,2633,246.2,0,OK,OK,OK
2026-07-30T06:45:51.235518Z,2626,246.4,0,OK,OK,OK
2026-07-30T06:45:56.740277Z,2638,246.4,0,OK,OK,OK
2026-07-30T06:46:02.265219Z,2628,246.4,0,OK,OK,OK
2026-07-30T06:46:07.756804Z,2632,246.6,0,OK,OK,OK
2026-07-30T06:46:13.239008Z,2630,246.4,0,OK,OK,OK
2026-07-30T06:46:18.711827Z,2639,246.5,0,OK,OK,OK
2026-07-30T06:46:24.219978Z,2634,246.4,0,OK,OK,OK
2026-07-30T06:46:29.672929Z,2626,246.4,0,OK,OK,OK
2026-07-30T06:46:35.138091Z,2635,246.4,0,OK,OK,OK
2026-07-30T06:46:40.620857Z,2640,246.3,0,OK,OK,OK
2026-07-30T06:46:46.127659Z,2638,246.3,0,OK,OK,OK
2026-07-30T06:46:51.606973Z,2629,246.4,0,OK,OK,OK
2026-07-30T06:46:57.118073Z,2633,246.4,0,OK,OK,OK
2026-07-30T06:47:02.601480Z,2632,246.5,0,OK,OK,OK
2026-07-30T06:47:08.061718Z,2637,246.4,0,OK,OK,OK
2026-07-30T06:47:13.528163Z,2635,246.5,0,OK,OK,OK
2026-07-30T06:47:18.980382Z,2635,246.6,0,OK,OK,OK
2026-07-30T06:47:24.461555Z,2629,246.3,0,OK,OK,OK
2026-07-30T06:47:29.930410Z,2639,246.4,0,OK,OK,OK
2026-07-30T06:47:35.396614Z,2636,246.5,0,OK,OK,OK
2026-07-30T06:47:40.875805Z,2642,246.5,0,OK,OK,OK
2026-07-30T06:47:46.369204Z,2637,246.5,0,OK,OK,OK
2026-07-30T06:47:51.859768Z,2628,246.6,0,OK,OK,OK
2026-07-30T06:47:57.361762Z,2623,246.5,0,OK,OK,OK
2026-07-30T06:48:02.860077Z,2632,246.6,0,OK,OK,OK
2026-07-30T06:48:08.371788Z,2632,246.5,0,OK,OK,OK
2026-07-30T06:48:13.867913Z,2621,246.5,0,OK,OK,OK
2026-07-30T06:48:19.344932Z,2613,246.5,0,OK,OK,OK
2026-07-30T06:48:24.859153Z,2624,246.5,0,OK,OK,OK
2026-07-30T06:48:30.371332Z,2630,246.6,0,OK,OK,OK
2026-07-30T06:48:35.844190Z,2623,246.5,0,OK,OK,OK
2026-07-30T06:48:41.397732Z,2626,246.5,0,OK,OK,OK
2026-07-30T06:48:46.880596Z,2619,246.5,0,OK,OK,OK
2026-07-30T06:48:52.374610Z,2628,246.6,0,OK,OK,OK
2026-07-30T06:48:57.838194Z,2636,246.5,0,OK,OK,OK
2026-07-30T06:49:03.311043Z,2620,246.5,0,OK,OK,OK
2026-07-30T06:49:08.818451Z,2637,246.6,0,OK,OK,OK
2026-07-30T06:49:14.248347Z,2623,246.6,0,OK,OK,OK
2026-07-30T06:49:19.734474Z,2636,246.5,0,OK,OK,OK
2026-07-30T06:49:25.195642Z,2627,246.6,0,OK,OK,OK
2026-07-30T06:49:30.725891Z,2644,246.5,0,OK,OK,OK
2026-07-30T06:49:36.192888Z,2635,246.7,0,OK,OK,OK
2026-07-30T06:49:41.726730Z,2616,246.6,0,OK,OK,OK
2026-07-30T06:49:47.205203Z,2642,246.7,0,OK,OK,OK
2026-07-30T06:49:52.700441Z,2634,246.6,0,OK,OK,OK
2026-07-30T06:49:58.193826Z,2635,246.6,0,OK,OK,OK
2026-07-30T06:50:03.681144Z,2630,246.6,0,OK,OK,OK
2026-07-30T06:50:09.171842Z,2624,246.6,0,OK,OK,OK
2026-07-30T06:50:14.660002Z,2641,246.7,0,OK,OK,OK
2026-07-30T06:50:20.148188Z,2638,246.6,0,OK,OK,OK
2026-07-30T06:50:25.635514Z,2642,246.6,0,OK,OK,OK
2026-07-30T06:50:31.138565Z,2637,246.6,0,OK,OK,OK
2026-07-30T06:50:36.648819Z,2643,246.6,0,OK,OK,OK
2026-07-30T06:50:42.128136Z,2643,246.7,0,OK,OK,OK
2026-07-30T06:50:47.571807Z,2638,246.7,0,OK,OK,OK
2026-07-30T06:50:53.069115Z,2634,246.7,0,OK,OK,OK
2026-07-30T06:50:58.505183Z,2636,246.7,0,OK,OK,OK
2026-07-30T06:51:03.998834Z,2634,246.6,0,OK,OK,OK
2026-07-30T06:51:09.454323Z,2638,246.7,0,OK,OK,OK
2026-07-30T06:51:14.956039Z,2632,246.7,0,OK,OK,OK
2026-07-30T06:51:20.420607Z,2641,246.7,0,OK,OK,OK
2026-07-30T06:51:25.958265Z,2647,246.6,0,OK,OK,OK
2026-07-30T06:51:31.458744Z,2638,246.5,0,OK,OK,OK
2026-07-30T06:51:36.898667Z,2642,246.5,0,OK,OK,OK
2026-07-30T06:51:42.390306Z,2644,246.6,0,OK,OK,OK
2026-07-30T06:51:47.833508Z,2654,246.5,0,OK,OK,OK
2026-07-30T06:51:53.299627Z,2749,246.5,0,OK,OK,OK
2026-07-30T06:51:58.731488Z,2733,246.5,0,OK,OK,OK
2026-07-30T06:52:04.200559Z,2796,246.5,0,OK,OK,OK
2026-07-30T06:52:09.707228Z,2830,246.3,0,OK,OK,OK
2026-07-30T06:52:15.163817Z,2848,246.4,0,OK,OK,OK
2026-07-30T06:52:20.669633Z,2873,246.3,0,OK,OK,OK
2026-07-30T06:52:26.148205Z,2888,246.3,0,OK,OK,OK
2026-07-30T06:52:31.656949Z,2910,246.3,0,OK,OK,OK
2026-07-30T06:52:37.128608Z,2917,246.3,0,OK,OK,OK
2026-07-30T06:52:42.625326Z,2924,246.5,0,OK,OK,OK
2026-07-30T06:52:48.101493Z,2946,246.4,0,OK,OK,OK
2026-07-30T06:52:53.587960Z,2903,246.6,0,OK,OK,OK
2026-07-30T06:52:59.025938Z,2915,246.4,0,OK,OK,OK
2026-07-30T06:53:04.514736Z,2880,246.5,0,OK,OK,OK
2026-07-30T06:53:09.983809Z,2801,246.6,0,OK,OK,OK
2026-07-30T06:53:15.467708Z,2766,246.6,0,OK,OK,OK
2026-07-30T06:53:20.947041Z,2757,246.6,0,OK,OK,OK
2026-07-30T06:53:26.427985Z,2759,246.5,0,OK,OK,OK
2026-07-30T06:53:31.914547Z,2743,246.6,0,OK,OK,OK
2026-07-30T06:53:37.379514Z,2767,246.5,0,OK,OK,OK
2026-07-30T06:53:42.848956Z,2734,246.5,0,OK,OK,OK
2026-07-30T06:53:48.333934Z,2745,246.6,0,OK,OK,OK
2026-07-30T06:53:53.821321Z,2740,246.6,0,OK,OK,OK
2026-07-30T06:53:59.244015Z,2764,246.6,0,OK,OK,OK
2026-07-30T06:54:04.753405Z,2753,246.5,0,OK,OK,OK
2026-07-30T06:54:10.191462Z,2756,246.5,0,OK,OK,OK
2026-07-30T06:54:15.674765Z,2745,246.4,0,OK,OK,OK
2026-07-30T06:54:21.157473Z,2760,246.5,0,OK,OK,OK
2026-07-30T06:54:26.641678Z,2770,246.5,0,OK,OK,OK
2026-07-30T06:54:32.176704Z,2755,246.4,0,OK,OK,OK
2026-07-30T06:54:37.687391Z,2759,246.4,0,OK,OK,OK
2026-07-30T06:54:43.180068Z,2750,246.4,0,OK,OK,OK
2026-07-30T06:54:48.691467Z,2760,246.5,0,OK,OK,OK
2026-07-30T06:54:54.184926Z,2752,246.5,0,OK,OK,OK
2026-07-30T06:54:59.684621Z,2844,246.4,0,OK,OK,OK
2026-07-30T06:55:05.177507Z,2849,246.4,0,OK,OK,OK
2026-07-30T06:55:10.680211Z,2868,246.6,0,OK,OK,OK
2026-07-30T06:55:16.168759Z,2862,246.4,0,OK,OK,OK
2026-07-30T06:55:21.641445Z,2865,246.4,0,OK,OK,OK
2026-07-30T06:55:27.140757Z,2865,246.6,0,OK,OK,OK
2026-07-30T06:55:32.617301Z,2851,246.5,0,OK,OK,OK
2026-07-30T06:55:38.102977Z,2851,246.4,0,OK,OK,OK
2026-07-30T06:55:43.578725Z,2858,246.6,0,OK,OK,OK
2026-07-30T06:55:49.057803Z,2858,246.6,0,OK,OK,OK
2026-07-30T06:55:54.497806Z,2847,246.6,0,OK,OK,OK
2026-07-30T06:55:59.949101Z,2749,246.6,0,OK,OK,OK
2026-07-30T06:56:05.435203Z,2745,246.5,0,OK,OK,OK
2026-07-30T06:56:10.934377Z,2744,246.6,0,OK,OK,OK
2026-07-30T06:56:16.436270Z,2760,246.6,0,OK,OK,OK
2026-07-30T06:56:21.907999Z,2743,246.6,0,OK,OK,OK
2026-07-30T06:56:27.389917Z,2740,246.6,0,OK,OK,OK
2026-07-30T06:56:32.892427Z,2753,246.6,0,OK,OK,OK
2026-07-30T06:56:38.386287Z,2745,246.7,0,OK,OK,OK
2026-07-30T06:56:43.924211Z,2751,246.7,0,OK,OK,OK
2026-07-30T06:56:49.385286Z,2744,246.6,0,OK,OK,OK
2026-07-30T06:56:54.895506Z,2720,246.7,0,OK,OK,OK
2026-07-30T06:57:00.390123Z,2720,246.7,0,OK,OK,OK
2026-07-30T06:57:05.872076Z,2739,246.8,0,OK,OK,OK
2026-07-30T06:57:11.361356Z,2730,246.4,0,OK,OK,OK
2026-07-30T06:57:16.842351Z,2747,246.8,0,OK,OK,OK
2026-07-30T06:57:22.294939Z,4019,246.1,0,OK,OK,OK
2026-07-30T06:57:27.775351Z,4096,246.2,0,OK,OK,OK
2026-07-30T06:57:33.298257Z,4073,246.1,0,OK,OK,OK
2026-07-30T06:57:38.740388Z,4087,246.1,0,OK,OK,OK
2026-07-30T06:57:44.251162Z,4096,246.1,0,OK,OK,OK
2026-07-30T06:57:49.736221Z,4089,246.1,0,OK,OK,OK
2026-07-30T06:57:55.245801Z,4104,246.1,0,OK,OK,OK
2026-07-30T06:58:00.704083Z,4111,246.1,0,OK,OK,OK
2026-07-30T06:58:06.205747Z,4155,246.1,0,OK,OK,OK
2026-07-30T06:58:11.669946Z,4146,246.2,0,OK,OK,OK
2026-07-30T06:58:17.172243Z,4157,246.1,0,OK,OK,OK
2026-07-30T06:58:22.632754Z,4154,246.1,0,OK,OK,OK
2026-07-30T06:58:28.119298Z,4147,246.1,0,OK,OK,OK
2026-07-30T06:58:33.617430Z,4137,246.1,0,OK,OK,OK
2026-07-30T06:58:39.069956Z,4151,246.1,0,OK,OK,OK
2026-07-30T06:58:44.565268Z,4141,246.2,0,OK,OK,OK
2026-07-30T06:58:49.994284Z,4150,246.2,0,OK,OK,OK
2026-07-30T06:58:55.502247Z,4160,246.2,0,OK,OK,OK
2026-07-30T06:59:01.022279Z,4152,246.2,0,OK,OK,OK
2026-07-30T06:59:06.511089Z,4156,246.2,0,OK,OK,OK
2026-07-30T06:59:11.969751Z,4146,246.2,0,OK,OK,OK
2026-07-30T06:59:17.494787Z,4139,246.2,0,OK,OK,OK
2026-07-30T06:59:22.939647Z,4144,246.3,0,OK,OK,OK
2026-07-30T06:59:28.429370Z,4163,246.3,0,OK,OK,OK
2026-07-30T06:59:33.924099Z,4143,246.3,0,OK,OK,OK
2026-07-30T06:59:39.436283Z,4148,246.3,0,OK,OK,OK
2026-07-30T06:59:44.915642Z,4148,246.3,0,OK,OK,OK
2026-07-30T06:59:50.382336Z,4157,246.2,0,OK,OK,OK
2026-07-30T06:59:55.880577Z,4144,246.2,0,OK,OK,OK
2026-07-30T07:00:01.365524Z,4151,246.2,0,OK,OK,OK
2026-07-30T07:00:06.807937Z,4150,246.3,0,OK,OK,OK
2026-07-30T07:00:12.259075Z,4142,246.2,0,OK,OK,OK
2026-07-30T07:00:17.738320Z,4159,246.1,0,OK,OK,OK
2026-07-30T07:00:23.207693Z,4139,246.1,0,OK,OK,OK
2026-07-30T07:00:28.698602Z,4141,246.1,0,OK,OK,OK
2026-07-30T07:00:34.203258Z,4139,246.2,0,OK,OK,OK
2026-07-30T07:00:39.712781Z,4149,246.2,0,OK,OK,OK
2026-07-30T07:00:45.183738Z,4145,246.1,0,OK,OK,OK
2026-07-30T07:00:50.669993Z,4155,246.3,0,OK,OK,OK
2026-07-30T07:00:56.181374Z,4148,246.2,0,OK,OK,OK
2026-07-30T07:01:01.645529Z,4155,246.1,0,OK,OK,OK
2026-07-30T07:01:07.151553Z,4148,246.1,0,OK,OK,OK
2026-07-30T07:01:12.652027Z,4140,246.1,0,OK,OK,OK
2026-07-30T07:01:18.127272Z,4280,246.1,0,OK,OK,OK
2026-07-30T07:01:23.618228Z,4276,246.1,0,OK,OK,OK
2026-07-30T07:01:29.101132Z,4256,246.0,0,OK,OK,OK
2026-07-30T07:01:34.561326Z,4274,246.1,0,OK,OK,OK
2026-07-30T07:01:40.025292Z,4303,246.0,0,OK,OK,OK
2026-07-30T07:01:45.457062Z,4265,246.0,0,OK,OK,OK
2026-07-30T07:01:50.940632Z,4249,246.1,0,OK,OK,OK
2026-07-30T07:01:56.421714Z,4269,246.1,0,OK,OK,OK
2026-07-30T07:02:01.897939Z,4257,246.1,0,OK,OK,OK
2026-07-30T07:02:07.390230Z,4261,246.1,0,OK,OK,OK
2026-07-30T07:02:12.859592Z,4252,246.2,0,OK,OK,OK
2026-07-30T07:02:18.342582Z,4255,246.1,0,OK,OK,OK
2026-07-30T07:02:23.851626Z,4252,246.1,0,OK,OK,OK
2026-07-30T07:02:29.318609Z,4250,246.1,0,OK,OK,OK
2026-07-30T07:02:34.822143Z,4262,246.2,0,OK,OK,OK
2026-07-30T07:02:40.314666Z,4255,246.1,0,OK,OK,OK
2026-07-30T07:02:45.836769Z,2726,246.9,0,OK,OK,OK
2026-07-30T07:02:51.294455Z,2734,246.9,0,OK,OK,OK
2026-07-30T07:02:56.726434Z,2741,246.9,0,OK,OK,OK
2026-07-30T07:03:02.214872Z,2716,246.9,0,OK,OK,OK
2026-07-30T07:03:07.689929Z,2736,246.7,0,OK,OK,OK
2026-07-30T07:03:13.141577Z,2727,246.8,0,OK,OK,OK
2026-07-30T07:03:18.622278Z,2732,246.8,0,OK,OK,OK
2026-07-30T07:03:24.111464Z,2745,246.7,0,OK,OK,OK
2026-07-30T07:03:29.618849Z,2746,246.8,0,OK,OK,OK
2026-07-30T07:03:35.116035Z,2744,246.8,0,OK,OK,OK
2026-07-30T07:03:40.595999Z,2732,246.8,0,OK,OK,OK
2026-07-30T07:03:46.067316Z,2738,246.9,0,OK,OK,OK
2026-07-30T07:03:51.551340Z,2733,246.8,0,OK,OK,OK
2026-07-30T07:03:57.053615Z,2734,246.9,0,OK,OK,OK
2026-07-30T07:04:02.532245Z,2738,246.9,0,OK,OK,OK
2026-07-30T07:04:07.982761Z,2724,246.9,0,OK,OK,OK
2026-07-30T07:04:13.537606Z,2745,246.9,0,OK,OK,OK
2026-07-30T07:04:19.036416Z,2750,246.9,0,OK,OK,OK
2026-07-30T07:04:24.490151Z,2722,245.6,0,OK,OK,OK
2026-07-30T07:04:29.939680Z,2722,245.8,0,OK,OK,OK
2026-07-30T07:04:35.422097Z,2816,245.9,0,OK,OK,OK
2026-07-30T07:04:40.871984Z,2845,246.0,0,OK,OK,OK
2026-07-30T07:04:46.392711Z,2842,246.0,0,OK,OK,OK
2026-07-30T07:04:51.861421Z,2834,245.9,0,OK,OK,OK
2026-07-30T07:04:57.352006Z,2819,246.0,0,OK,OK,OK
2026-07-30T07:05:02.849713Z,2806,246.0,0,OK,OK,OK
2026-07-30T07:05:08.342895Z,2813,246.0,0,OK,OK,OK
2026-07-30T07:05:13.846715Z,2796,246.0,0,OK,OK,OK
2026-07-30T07:05:19.312841Z,2800,246.0,0,OK,OK,OK
2026-07-30T07:05:24.782508Z,2806,246.0,0,OK,OK,OK
2026-07-30T07:05:30.300616Z,2806,246.0,0,OK,OK,OK
2026-07-30T07:05:35.800906Z,2792,246.1,0,OK,OK,OK
2026-07-30T07:05:41.296406Z,2818,246.1,0,OK,OK,OK
2026-07-30T07:05:46.790764Z,2784,246.1,0,OK,OK,OK
2026-07-30T07:05:52.296329Z,2792,246.1,0,OK,OK,OK
2026-07-30T07:05:57.787479Z,2786,246.1,0,OK,OK,OK
2026-07-30T07:06:03.273522Z,2778,246.0,0,OK,OK,OK
2026-07-30T07:06:08.734850Z,2792,246.0,0,OK,OK,OK
2026-07-30T07:06:14.167734Z,2800,246.0,0,OK,OK,OK
2026-07-30T07:06:19.663010Z,2782,246.0,0,OK,OK,OK
2026-07-30T07:06:25.099264Z,2785,246.1,0,OK,OK,OK
2026-07-30T07:06:30.614936Z,2799,246.0,0,OK,OK,OK
2026-07-30T07:06:36.096736Z,2772,246.0,0,OK,OK,OK
2026-07-30T07:06:41.561918Z,2791,246.1,0,OK,OK,OK
2026-07-30T07:06:47.013684Z,2796,246.1,0,OK,OK,OK
2026-07-30T07:06:52.480292Z,2775,246.1,0,OK,OK,OK
2026-07-30T07:06:57.974589Z,2785,246.1,0,OK,OK,OK
2026-07-30T07:07:03.444463Z,2788,246.1,0,OK,OK,OK
2026-07-30T07:07:08.918223Z,2789,246.1,0,OK,OK,OK
2026-07-30T07:07:14.366743Z,2786,246.1,0,OK,OK,OK
2026-07-30T07:07:19.886981Z,2784,246.1,0,OK,OK,OK
2026-07-30T07:07:25.340896Z,2784,246.7,0,OK,OK,OK
2026-07-30T07:07:30.822623Z,2801,246.7,0,OK,OK,OK
2026-07-30T07:07:36.300898Z,2806,246.7,0,OK,OK,OK
2026-07-30T07:07:41.790759Z,2776,246.6,0,OK,OK,OK
2026-07-30T07:07:47.238337Z,2797,246.7,0,OK,OK,OK
2026-07-30T07:07:52.742567Z,2781,246.6,0,OK,OK,OK
2026-07-30T07:07:58.234530Z,2792,246.6,0,OK,OK,OK
2026-07-30T07:08:03.760351Z,2781,246.4,0,OK,OK,OK
2026-07-30T07:08:09.243195Z,2774,246.3,0,OK,OK,OK
2026-07-30T07:08:14.698919Z,2770,246.3,0,OK,OK,OK
2026-07-30T07:08:20.182577Z,2805,246.3,0,OK,OK,OK
2026-07-30T07:08:25.673635Z,2782,246.3,0,OK,OK,OK
2026-07-30T07:08:31.174438Z,2779,246.4,0,OK,OK,OK
2026-07-30T07:08:36.628362Z,2788,246.5,0,OK,OK,OK
2026-07-30T07:08:42.131156Z,2788,246.5,0,OK,OK,OK
2026-07-30T07:08:47.559316Z,2797,246.5,0,OK,OK,OK
2026-07-30T07:08:53.056122Z,2809,246.9,0,OK,OK,OK
2026-07-30T07:08:58.491649Z,2792,246.9,0,OK,OK,OK
2026-07-30T07:09:04.008995Z,2804,246.9,0,OK,OK,OK
2026-07-30T07:09:09.472809Z,2810,246.9,0,OK,OK,OK
2026-07-30T07:09:14.978022Z,2803,246.9,0,OK,OK,OK
2026-07-30T07:09:20.473064Z,2795,246.9,0,OK,OK,OK
2026-07-30T07:09:26.008425Z,2812,246.9,0,OK,OK,OK
2026-07-30T07:09:31.497966Z,2795,246.9,0,OK,OK,OK
2026-07-30T07:09:36.992572Z,2794,246.9,0,OK,OK,OK
2026-07-30T07:09:42.475929Z,2805,246.9,0,OK,OK,OK
2026-07-30T07:09:47.998634Z,2813,246.9,0,OK,OK,OK
2026-07-30T07:09:53.517170Z,2799,246.9,0,OK,OK,OK
2026-07-30T07:09:58.991344Z,2797,246.9,0,OK,OK,OK
2026-07-30T07:10:04.497637Z,2800,246.9,0,OK,OK,OK
2026-07-30T07:10:09.970288Z,2783,246.9,0,OK,OK,OK
2026-07-30T07:10:15.476987Z,2800,246.9,0,OK,OK,OK
2026-07-30T07:10:20.978591Z,2797,246.9,0,OK,OK,OK
2026-07-30T07:10:26.484430Z,2818,246.9,0,OK,OK,OK
2026-07-30T07:10:31.945625Z,2815,246.9,0,OK,OK,OK
2026-07-30T07:10:37.438315Z,2814,246.9,0,OK,OK,OK
2026-07-30T07:10:42.924859Z,2814,247.0,0,OK,OK,OK
2026-07-30T07:10:48.424076Z,2806,246.9,0,OK,OK,OK
2026-07-30T07:10:53.867763Z,2818,247.0,0,OK,OK,OK
2026-07-30T07:10:59.354909Z,2861,247.0,0,OK,OK,OK
2026-07-30T07:11:04.824201Z,2946,246.9,0,OK,OK,OK
2026-07-30T07:11:10.277803Z,3003,246.9,0,OK,OK,OK
2026-07-30T07:11:15.724154Z,3029,246.9,0,OK,OK,OK
2026-07-30T07:11:21.277275Z,3031,246.9,0,OK,OK,OK
2026-07-30T07:11:26.752515Z,3055,246.9,0,OK,OK,OK
2026-07-30T07:11:32.251768Z,3065,246.9,0,OK,OK,OK
2026-07-30T07:11:37.718397Z,3078,246.9,0,OK,OK,OK
2026-07-30T07:11:43.190473Z,3080,246.9,0,OK,OK,OK
2026-07-30T07:11:48.649501Z,3086,246.9,0,OK,OK,OK
2026-07-30T07:11:54.150587Z,3092,246.9,0,OK,OK,OK
2026-07-30T07:11:59.639806Z,3094,246.9,0,OK,OK,OK
2026-07-30T07:12:05.123156Z,3107,246.9,0,OK,OK,OK
2026-07-30T07:12:10.620506Z,3000,246.9,0,OK,OK,OK
2026-07-30T07:12:16.080847Z,2975,247.0,0,OK,OK,OK
2026-07-30T07:12:21.560640Z,2973,247.0,0,OK,OK,OK
2026-07-30T07:12:27.008694Z,2958,246.9,0,OK,OK,OK
2026-07-30T07:12:32.459417Z,2954,246.9,0,OK,OK,OK
2026-07-30T07:12:37.942536Z,2920,246.9,0,OK,OK,OK
2026-07-30T07:12:43.418672Z,2903,246.9,0,OK,OK,OK
2026-07-30T07:12:48.893921Z,2903,247.0,0,OK,OK,OK
2026-07-30T07:12:54.397581Z,2894,247.0,0,OK,OK,OK
2026-07-30T07:12:59.857689Z,2907,246.9,0,OK,OK,OK
2026-07-30T07:13:05.395943Z,2888,247.0,0,OK,OK,OK
2026-07-30T07:13:10.920531Z,2895,247.0,0,OK,OK,OK
2026-07-30T07:13:16.402032Z,2896,247.0,0,OK,OK,OK
2026-07-30T07:13:21.935247Z,2891,246.9,0,OK,OK,OK
2026-07-30T07:13:27.434765Z,2900,246.9,0,OK,OK,OK
2026-07-30T07:13:32.914985Z,2885,247.0,0,OK,OK,OK
2026-07-30T07:13:38.403217Z,2894,247.0,0,OK,OK,OK
2026-07-30T07:13:43.923002Z,2892,246.9,0,OK,OK,OK
2026-07-30T07:13:49.447366Z,2897,246.9,0,OK,OK,OK
2026-07-30T07:13:54.902140Z,2890,246.9,0,OK,OK,OK
2026-07-30T07:14:00.391498Z,2894,246.9,0,OK,OK,OK
2026-07-30T07:14:05.887199Z,2889,246.9,0,OK,OK,OK
2026-07-30T07:14:11.328115Z,2896,246.9,0,OK,OK,OK
2026-07-30T07:14:16.815684Z,2890,246.9,0,OK,OK,OK
2026-07-30T07:14:22.248465Z,2893,246.9,0,OK,OK,OK
2026-07-30T07:14:27.747403Z,2890,246.9,0,OK,OK,OK
2026-07-30T07:14:33.267629Z,2918,246.9,0,OK,OK,OK
2026-07-30T07:14:38.757874Z,2894,246.9,0,OK,OK,OK
2026-07-30T07:14:44.226542Z,2890,246.9,0,OK,OK,OK
2026-07-30T07:14:49.747444Z,2896,246.9,0,OK,OK,OK
2026-07-30T07:14:55.222463Z,2895,246.9,0,OK,OK,OK
2026-07-30T07:15:00.746831Z,2886,246.9,0,OK,OK,OK
2026-07-30T07:15:06.220540Z,2888,246.9,0,OK,OK,OK
2026-07-30T07:15:11.726242Z,2889,246.9,0,OK,OK,OK
2026-07-30T07:15:17.199478Z,2891,246.9,0,OK,OK,OK
2026-07-30T07:15:22.675544Z,2906,246.9,0,OK,OK,OK
2026-07-30T07:15:28.169555Z,2896,246.9,0,OK,OK,OK
2026-07-30T07:15:33.650412Z,2901,246.9,0,OK,OK,OK
2026-07-30T07:15:39.098371Z,2811,247.0,0,OK,OK,OK
2026-07-30T07:15:44.530747Z,2810,246.9,0,OK,OK,OK
2026-07-30T07:15:50.033594Z,2812,246.9,0,OK,OK,OK
2026-07-30T07:15:55.507882Z,2810,247.0,0,OK,OK,OK
2026-07-30T07:16:01.012879Z,2714,247.0,0,OK,OK,OK
2026-07-30T07:16:06.474137Z,2710,247.0,0,OK,OK,OK
2026-07-30T07:16:11.924824Z,2716,247.0,0,OK,OK,OK
2026-07-30T07:16:17.434173Z,2731,246.9,0,OK,OK,OK
2026-07-30T07:16:22.947531Z,2711,247.0,0,OK,OK,OK
2026-07-30T07:16:28.431749Z,2722,247.0,0,OK,OK,OK
2026-07-30T07:16:33.925606Z,2715,246.9,0,OK,OK,OK
2026-07-30T07:16:39.421631Z,2720,246.9,0,OK,OK,OK
2026-07-30T07:16:44.939144Z,2710,247.0,0,OK,OK,OK
2026-07-30T07:16:50.381425Z,2728,247.0,0,OK,OK,OK
2026-07-30T07:16:55.868183Z,2719,246.9,0,OK,OK,OK
2026-07-30T07:17:01.346807Z,2712,246.9,0,OK,OK,OK
2026-07-30T07:17:06.819506Z,2727,247.0,0,OK,OK,OK
2026-07-30T07:17:12.298933Z,2717,247.0,0,OK,OK,OK
2026-07-30T07:17:17.743805Z,2717,246.9,0,OK,OK,OK
2026-07-30T07:17:23.230644Z,2717,246.9,0,OK,OK,OK
2026-07-30T07:17:28.692689Z,2720,246.9,0,OK,OK,OK
2026-07-30T07:17:34.188608Z,2715,246.9,0,OK,OK,OK
2026-07-30T07:17:39.677513Z,2708,246.9,0,OK,OK,OK
2026-07-30T07:17:45.157131Z,2716,246.9,0,OK,OK,OK
2026-07-30T07:17:50.659208Z,2710,246.9,0,OK,OK,OK
2026-07-30T07:17:56.158715Z,2701,246.9,0,OK,OK,OK
2026-07-30T07:18:01.640092Z,2693,246.9,0,OK,OK,OK
2026-07-30T07:18:07.214819Z,2701,246.9,0,OK,OK,OK
2026-07-30T07:18:12.703231Z,2708,247.0,0,OK,OK,OK
2026-07-30T07:18:18.198603Z,2697,246.9,0,OK,OK,OK
2026-07-30T07:18:23.667367Z,2703,246.9,0,OK,OK,OK
2026-07-30T07:18:29.129519Z,2704,246.9,0,OK,OK,OK
2026-07-30T07:18:34.607182Z,2704,246.9,0,OK,OK,OK
2026-07-30T07:18:40.129598Z,2703,246.9,0,OK,OK,OK
2026-07-30T07:18:45.618504Z,2697,246.9,0,OK,OK,OK
2026-07-30T07:18:51.055500Z,2706,246.9,0,OK,OK,OK
2026-07-30T07:18:56.521613Z,2717,247.0,0,OK,OK,OK
2026-07-30T07:19:01.960863Z,2728,247.0,0,OK,OK,OK
2026-07-30T07:19:07.458482Z,2735,247.0,0,OK,OK,OK
2026-07-30T07:19:12.935212Z,2711,247.0,0,OK,OK,OK
2026-07-30T07:19:18.420158Z,2707,247.0,0,OK,OK,OK
2026-07-30T07:19:23.925394Z,2701,247.0,0,OK,OK,OK
2026-07-30T07:19:29.436359Z,2704,247.0,0,OK,OK,OK
2026-07-30T07:19:34.897797Z,2711,247.0,0,OK,OK,OK
2026-07-30T07:19:40.363297Z,2706,247.0,0,OK,OK,OK
2026-07-30T07:19:45.839536Z,2704,247.0,0,OK,OK,OK
2026-07-30T07:19:51.330966Z,2733,247.1,0,OK,OK,OK
2026-07-30T07:19:56.822307Z,2703,247.0,0,OK,OK,OK
2026-07-30T07:20:02.261754Z,2706,247.0,0,OK,OK,OK
2026-07-30T07:20:07.741985Z,2708,247.0,0,OK,OK,OK
2026-07-30T07:20:13.208085Z,2723,247.1,0,OK,OK,OK
2026-07-30T07:20:18.679873Z,2703,247.1,0,OK,OK,OK
2026-07-30T07:20:24.156814Z,2702,247.1,0,OK,OK,OK
2026-07-30T07:20:29.638885Z,2701,247.1,0,OK,OK,OK
2026-07-30T07:20:35.154811Z,2702,247.1,0,OK,OK,OK
2026-07-30T07:20:40.660965Z,2706,247.1,0,OK,OK,OK
2026-07-30T07:20:46.198935Z,2699,247.1,0,OK,OK,OK
2026-07-30T07:20:51.667414Z,2697,247.1,0,OK,OK,OK
2026-07-30T07:20:57.171687Z,2699,247.1,0,OK,OK,OK
2026-07-30T07:21:02.673081Z,2693,247.1,0,OK,OK,OK
2026-07-30T07:21:08.187795Z,2704,247.2,0,OK,OK,OK
2026-07-30T07:21:13.687558Z,2696,247.2,0,OK,OK,OK
2026-07-30T07:21:19.142144Z,2704,247.2,0,OK,OK,OK
2026-07-30T07:21:24.608824Z,2703,247.1,0,OK,OK,OK
2026-07-30T07:21:30.084495Z,2703,247.2,0,OK,OK,OK
2026-07-30T07:21:35.559577Z,2709,247.2,0,OK,OK,OK
2026-07-30T07:21:41.037169Z,2703,247.2,0,OK,OK,OK
2026-07-30T07:21:46.470841Z,2704,247.2,0,OK,OK,OK
2026-07-30T07:21:51.955749Z,2700,247.1,0,OK,OK,OK
2026-07-30T07:21:57.386975Z,2710,247.3,0,OK,OK,OK
2026-07-30T07:22:02.879858Z,2705,247.2,0,OK,OK,OK
2026-07-30T07:22:08.352254Z,2699,247.2,0,OK,OK,OK
2026-07-30T07:22:13.835785Z,2706,247.1,0,OK,OK,OK
2026-07-30T07:22:19.305447Z,2695,247.1,0,OK,OK,OK
2026-07-30T07:22:24.822915Z,2702,247.1,0,OK,OK,OK
2026-07-30T07:22:30.341341Z,2716,247.1,0,OK,OK,OK
2026-07-30T07:22:35.826127Z,2698,247.2,0,OK,OK,OK
2026-07-30T07:22:41.305757Z,2716,247.2,0,OK,OK,OK
2026-07-30T07:22:46.774488Z,2722,247.2,0,OK,OK,OK
2026-07-30T07:22:52.315056Z,2711,247.2,0,OK,OK,OK
2026-07-30T07:22:57.794742Z,2724,247.2,0,OK,OK,OK
2026-07-30T07:23:03.288443Z,2703,247.2,0,OK,OK,OK
2026-07-30T07:23:08.790195Z,2707,247.2,0,OK,OK,OK
2026-07-30T07:23:14.324826Z,2706,247.2,0,OK,OK,OK
2026-07-30T07:23:19.750307Z,2721,247.2,0,OK,OK,OK
2026-07-30T07:23:25.284334Z,2728,247.2,0,OK,OK,OK
2026-07-30T07:23:30.769616Z,2699,247.3,0,OK,OK,OK
2026-07-30T07:23:36.264951Z,2710,247.2,0,OK,OK,OK
2026-07-30T07:23:41.694178Z,2704,247.2,0,OK,OK,OK
2026-07-30T07:23:47.200433Z,2704,247.2,0,OK,OK,OK
2026-07-30T07:23:52.657305Z,2710,247.2,0,OK,OK,OK
2026-07-30T07:23:58.163799Z,2697,247.2,0,OK,OK,OK
2026-07-30T07:24:03.592352Z,2700,247.2,0,OK,OK,OK
2026-07-30T07:24:09.080334Z,2707,247.3,0,OK,OK,OK
2026-07-30T07:24:14.549343Z,2703,247.3,0,OK,OK,OK
2026-07-30T07:24:20.013446Z,2700,247.3,0,OK,OK,OK
2026-07-30T07:24:25.503207Z,2701,247.2,0,OK,OK,OK
2026-07-30T07:24:31.033882Z,2707,247.2,0,OK,OK,OK
2026-07-30T07:24:36.579967Z,2700,247.2,0,OK,OK,OK
2026-07-30T07:24:42.116245Z,2699,247.2,0,OK,OK,OK
2026-07-30T07:24:47.624453Z,2707,247.2,0,OK,OK,OK
2026-07-30T07:24:53.135720Z,2723,247.3,0,OK,OK,OK
2026-07-30T07:24:58.573305Z,2709,247.2,0,OK,OK,OK
2026-07-30T07:25:04.080370Z,2704,247.2,0,OK,OK,OK
2026-07-30T07:25:09.594774Z,2704,247.2,0,OK,OK,OK
2026-07-30T07:25:15.081623Z,2705,247.1,0,OK,OK,OK
2026-07-30T07:25:20.538324Z,2699,246.9,0,OK,OK,OK
2026-07-30T07:25:26.020185Z,2712,246.7,0,OK,OK,OK
2026-07-30T07:25:31.544517Z,2689,246.8,0,OK,OK,OK
2026-07-30T07:25:37.083489Z,2706,246.8,0,OK,OK,OK
2026-07-30T07:25:42.602817Z,2700,246.8,0,OK,OK,OK
2026-07-30T07:25:48.103504Z,2708,246.8,0,OK,OK,OK
2026-07-30T07:25:53.592382Z,2693,246.7,0,OK,OK,OK
2026-07-30T07:25:59.080706Z,2695,246.9,0,OK,OK,OK
2026-07-30T07:26:04.556942Z,2696,246.9,0,OK,OK,OK
2026-07-30T07:26:10.002610Z,2700,246.9,0,OK,OK,OK
2026-07-30T07:26:15.484809Z,2694,246.9,0,OK,OK,OK
2026-07-30T07:26:20.943736Z,2704,246.9,0,OK,OK,OK
2026-07-30T07:26:26.459619Z,2696,246.9,0,OK,OK,OK
2026-07-30T07:26:31.947818Z,2692,246.9,0,OK,OK,OK
2026-07-30T07:26:37.439963Z,2691,246.9,0,OK,OK,OK
2026-07-30T07:26:42.927982Z,2695,246.9,0,OK,OK,OK
2026-07-30T07:26:48.433965Z,2698,246.9,0,OK,OK,OK
2026-07-30T07:26:53.940255Z,2703,247.0,0,OK,OK,OK
2026-07-30T07:26:59.421350Z,2701,246.9,0,OK,OK,OK
2026-07-30T07:27:04.895342Z,2687,247.1,0,OK,OK,OK
2026-07-30T07:27:10.383245Z,2701,246.9,0,OK,OK,OK
2026-07-30T07:27:15.900221Z,2706,247.0,0,OK,OK,OK
2026-07-30T07:27:21.393022Z,2697,246.9,0,OK,OK,OK
2026-07-30T07:27:26.900930Z,2705,247.1,0,OK,OK,OK
2026-07-30T07:27:32.425105Z,2699,247.1,0,OK,OK,OK
2026-07-30T07:27:37.898613Z,2714,247.0,0,OK,OK,OK
2026-07-30T07:27:43.366986Z,2702,247.0,0,OK,OK,OK
2026-07-30T07:27:48.869363Z,2716,246.9,0,OK,OK,OK
2026-07-30T07:27:54.310642Z,2704,247.0,0,OK,OK,OK
2026-07-30T07:27:59.795286Z,2697,247.1,0,OK,OK,OK
2026-07-30T07:28:05.226833Z,2717,247.0,0,OK,OK,OK
2026-07-30T07:28:10.736774Z,2694,247.1,0,OK,OK,OK
2026-07-30T07:28:16.174341Z,2706,247.1,0,OK,OK,OK
2026-07-30T07:28:21.649512Z,2708,247.1,0,OK,OK,OK
2026-07-30T07:28:27.142874Z,2698,246.9,0,OK,OK,OK
2026-07-30T07:28:32.708216Z,2696,247.1,0,OK,OK,OK
2026-07-30T07:28:38.183785Z,2702,246.9,0,OK,OK,OK
2026-07-30T07:28:43.651709Z,2695,247.1,0,OK,OK,OK
2026-07-30T07:28:49.151419Z,2693,247.1,0,OK,OK,OK
2026-07-30T07:28:54.636111Z,2696,247.1,0,OK,OK,OK
2026-07-30T07:29:00.116720Z,2695,247.1,0,OK,OK,OK
2026-07-30T07:29:05.548553Z,2700,247.1,0,OK,OK,OK
2026-07-30T07:29:11.016130Z,2696,247.1,0,OK,OK,OK
2026-07-30T07:29:16.465792Z,2702,247.2,0,OK,OK,OK
2026-07-30T07:29:21.898774Z,2692,247.2,0,OK,OK,OK
2026-07-30T07:29:27.349426Z,2700,247.1,0,OK,OK,OK
2026-07-30T07:29:32.854384Z,2694,247.1,0,OK,OK,OK
2026-07-30T07:29:38.344188Z,2700,247.1,0,OK,OK,OK
2026-07-30T07:29:43.823138Z,2712,247.1,0,OK,OK,OK
2026-07-30T07:29:49.299505Z,2701,247.1,0,OK,OK,OK
2026-07-30T07:29:54.786851Z,2691,246.9,0,OK,OK,OK
2026-07-30T07:30:00.281979Z,2714,247.1,0,OK,OK,OK
2026-07-30T07:30:05.779863Z,2699,247.1,0,OK,OK,OK
2026-07-30T07:30:11.330950Z,2690,247.1,0,OK,OK,OK
2026-07-30T07:30:16.858006Z,2695,247.2,0,OK,OK,OK
2026-07-30T07:30:22.334094Z,2700,247.2,0,OK,OK,OK
2026-07-30T07:30:27.816621Z,2711,247.2,0,OK,OK,OK
2026-07-30T07:30:33.300857Z,2701,247.2,0,OK,OK,OK
2026-07-30T07:30:38.759501Z,2702,247.3,0,OK,OK,OK
2026-07-30T07:30:44.183475Z,2702,247.3,0,OK,OK,OK
2026-07-30T07:30:49.630981Z,2694,247.1,0,OK,OK,OK
2026-07-30T07:30:55.109992Z,2699,247.1,0,OK,OK,OK
2026-07-30T07:31:00.595593Z,2710,247.2,0,OK,OK,OK
2026-07-30T07:31:06.083313Z,2698,247.0,0,OK,OK,OK
2026-07-30T07:31:11.545191Z,2690,247.1,0,OK,OK,OK
2026-07-30T07:31:17.065965Z,2712,247.1,0,OK,OK,OK
2026-07-30T07:31:22.598755Z,2708,247.2,0,OK,OK,OK
2026-07-30T07:31:28.055291Z,2713,247.2,0,OK,OK,OK
2026-07-30T07:31:33.581766Z,2706,247.2,0,OK,OK,OK
2026-07-30T07:31:39.066095Z,2711,247.1,0,OK,OK,OK
2026-07-30T07:31:44.556422Z,2738,247.1,0,OK,OK,OK
2026-07-30T07:31:50.042103Z,3155,246.8,0,OK,OK,OK
2026-07-30T07:31:55.526903Z,2974,247.1,0,OK,OK,OK
2026-07-30T07:32:01.005854Z,3006,247.1,0,OK,OK,OK
2026-07-30T07:32:06.491995Z,3029,247.1,0,OK,OK,OK
2026-07-30T07:32:11.954324Z,3054,247.0,0,OK,OK,OK
2026-07-30T07:32:17.427730Z,3068,246.9,0,OK,OK,OK
2026-07-30T07:32:22.862900Z,3077,247.0,0,OK,OK,OK
2026-07-30T07:32:28.312695Z,3073,246.9,0,OK,OK,OK
2026-07-30T07:32:33.779786Z,3083,246.9,0,OK,OK,OK
2026-07-30T07:32:39.290806Z,3094,246.9,0,OK,OK,OK
2026-07-30T07:32:44.760826Z,3078,246.9,0,OK,OK,OK
2026-07-30T07:32:50.211205Z,3096,246.9,0,OK,OK,OK
2026-07-30T07:32:55.718110Z,3016,246.9,0,OK,OK,OK
2026-07-30T07:33:01.228816Z,2942,246.9,0,OK,OK,OK
2026-07-30T07:33:06.694007Z,2926,247.1,0,OK,OK,OK
2026-07-30T07:33:12.179025Z,2914,247.1,0,OK,OK,OK
2026-07-30T07:33:17.637836Z,2906,247.0,0,OK,OK,OK
2026-07-30T07:33:23.073271Z,2895,247.0,0,OK,OK,OK
2026-07-30T07:33:28.546158Z,2900,247.1,0,OK,OK,OK
2026-07-30T07:33:34.004874Z,2900,247.0,0,OK,OK,OK
2026-07-30T07:33:39.484372Z,2890,247.1,0,OK,OK,OK
2026-07-30T07:33:44.972496Z,2893,247.0,0,OK,OK,OK
2026-07-30T07:33:50.438535Z,2886,247.0,0,OK,OK,OK
2026-07-30T07:33:55.939610Z,2886,247.1,0,OK,OK,OK
2026-07-30T07:34:01.470563Z,2892,247.1,0,OK,OK,OK
2026-07-30T07:34:06.943060Z,2887,247.1,0,OK,OK,OK
2026-07-30T07:34:12.414361Z,2892,247.1,0,OK,OK,OK
2026-07-30T07:34:17.935658Z,2892,247.1,0,OK,OK,OK
2026-07-30T07:34:23.448799Z,2893,247.1,0,OK,OK,OK
2026-07-30T07:34:28.930480Z,2889,247.1,0,OK,OK,OK
2026-07-30T07:34:34.446586Z,2892,247.1,0,OK,OK,OK
2026-07-30T07:34:39.958166Z,2888,247.1,0,OK,OK,OK
2026-07-30T07:34:45.392086Z,2888,247.0,0,OK,OK,OK
2026-07-30T07:34:50.891616Z,2887,247.1,0,OK,OK,OK
2026-07-30T07:34:56.335119Z,2887,247.1,0,OK,OK,OK
2026-07-30T07:35:01.857581Z,2885,247.0,0,OK,OK,OK
2026-07-30T07:35:07.299213Z,2891,247.0,0,OK,OK,OK
2026-07-30T07:35:12.808837Z,2881,247.0,0,OK,OK,OK
2026-07-30T07:35:18.297471Z,2892,247.1,0,OK,OK,OK
2026-07-30T07:35:23.817829Z,2882,247.1,0,OK,OK,OK
2026-07-30T07:35:29.324887Z,2886,247.0,0,OK,OK,OK
2026-07-30T07:35:34.832027Z,2887,247.1,0,OK,OK,OK
2026-07-30T07:35:40.322788Z,2889,247.1,0,OK,OK,OK
2026-07-30T07:35:45.773941Z,2796,247.1,0,OK,OK,OK
2026-07-30T07:35:51.250770Z,2796,247.1,0,OK,OK,OK
2026-07-30T07:35:56.761931Z,2798,247.0,0,OK,OK,OK
2026-07-30T07:36:02.224024Z,2797,247.1,0,OK,OK,OK
2026-07-30T07:36:07.680687Z,2801,246.9,0,OK,OK,OK
2026-07-30T07:36:13.197943Z,2796,247.0,0,OK,OK,OK
2026-07-30T07:36:18.703329Z,2803,247.0,0,OK,OK,OK
2026-07-30T07:36:24.197988Z,2799,247.0,0,OK,OK,OK
2026-07-30T07:36:29.630920Z,2798,246.9,0,OK,OK,OK
2026-07-30T07:36:35.116811Z,2785,247.0,0,OK,OK,OK
2026-07-30T07:36:40.579320Z,2798,246.9,0,OK,OK,OK
2026-07-30T07:36:46.063317Z,2795,246.9,0,OK,OK,OK
2026-07-30T07:36:51.511973Z,2791,246.9,0,OK,OK,OK
2026-07-30T07:36:57.036136Z,2810,247.0,0,OK,OK,OK
2026-07-30T07:37:02.536726Z,2790,247.0,0,OK,OK,OK
2026-07-30T07:37:08.014712Z,2806,247.0,0,OK,OK,OK
2026-07-30T07:37:13.517697Z,2798,247.0,0,OK,OK,OK
2026-07-30T07:37:19.014586Z,2801,246.8,0,OK,OK,OK
2026-07-30T07:37:24.518776Z,2792,246.8,0,OK,OK,OK
2026-07-30T07:37:29.948474Z,2800,246.9,0,OK,OK,OK
2026-07-30T07:37:35.427234Z,2792,246.9,0,OK,OK,OK
2026-07-30T07:37:40.898852Z,2776,246.9,0,OK,OK,OK
2026-07-30T07:37:46.399503Z,2782,246.9,0,OK,OK,OK
2026-07-30T07:37:51.879894Z,2777,246.9,0,OK,OK,OK
2026-07-30T07:37:57.371890Z,2788,246.9,0,OK,OK,OK
2026-07-30T07:38:02.861545Z,2782,247.0,0,OK,OK,OK
2026-07-30T07:38:08.340697Z,2787,246.8,0,OK,OK,OK
2026-07-30T07:38:13.835015Z,2786,246.8,0,OK,OK,OK
2026-07-30T07:38:19.319025Z,2780,247.0,0,OK,OK,OK
2026-07-30T07:38:24.792062Z,2778,246.8,0,OK,OK,OK
2026-07-30T07:38:30.242017Z,2800,246.8,0,OK,OK,OK
2026-07-30T07:38:35.752897Z,2779,246.9,0,OK,OK,OK
2026-07-30T07:38:41.209780Z,2791,246.9,0,OK,OK,OK
2026-07-30T07:38:46.690283Z,2780,246.8,0,OK,OK,OK
2026-07-30T07:38:52.178573Z,2788,246.9,0,OK,OK,OK
2026-07-30T07:38:57.669362Z,2786,246.9,0,OK,OK,OK
2026-07-30T07:39:03.101476Z,2785,247.0,0,OK,OK,OK
2026-07-30T07:39:08.589389Z,2783,246.9,0,OK,OK,OK
2026-07-30T07:39:14.067888Z,2797,246.9,0,OK,OK,OK
2026-07-30T07:39:19.542601Z,2788,246.9,0,OK,OK,OK
2026-07-30T07:39:25.002334Z,2779,246.9,0,OK,OK,OK
2026-07-30T07:39:30.505812Z,2779,246.9,0,OK,OK,OK
2026-07-30T07:39:35.990066Z,2784,246.9,0,OK,OK,OK
2026-07-30T07:39:41.485882Z,2771,247.0,0,OK,OK,OK
2026-07-30T07:39:46.982242Z,2777,246.9,0,OK,OK,OK
2026-07-30T07:39:52.486861Z,2801,247.0,0,OK,OK,OK
2026-07-30T07:39:57.989456Z,2780,247.0,0,OK,OK,OK
2026-07-30T07:40:03.496880Z,2778,247.0,0,OK,OK,OK
2026-07-30T07:40:08.977586Z,2772,247.0,0,OK,OK,OK
2026-07-30T07:40:14.436815Z,2781,247.0,0,OK,OK,OK
2026-07-30T07:40:19.915905Z,2785,247.0,0,OK,OK,OK
2026-07-30T07:40:25.351532Z,2781,246.9,0,OK,OK,OK
2026-07-30T07:40:30.855953Z,2785,246.9,0,OK,OK,OK
2026-07-30T07:40:36.348066Z,2771,247.0,0,OK,OK,OK
2026-07-30T07:40:41.843490Z,2778,247.0,0,OK,OK,OK
2026-07-30T07:40:47.327846Z,2778,247.0,0,OK,OK,OK
2026-07-30T07:40:52.815890Z,2782,247.0,0,OK,OK,OK
2026-07-30T07:40:58.295679Z,2791,247.0,0,OK,OK,OK
2026-07-30T07:41:03.762480Z,2773,247.0,0,OK,OK,OK
2026-07-30T07:41:09.271024Z,2781,247.0,0,OK,OK,OK
2026-07-30T07:41:14.777852Z,2783,247.0,0,OK,OK,OK
2026-07-30T07:41:20.296460Z,2803,247.0,0,OK,OK,OK
2026-07-30T07:41:25.792765Z,2779,247.0,0,OK,OK,OK
2026-07-30T07:41:31.292109Z,2774,246.9,0,OK,OK,OK
2026-07-30T07:41:36.767089Z,2782,247.1,0,OK,OK,OK
2026-07-30T07:41:42.216920Z,2772,247.0,0,OK,OK,OK
2026-07-30T07:41:47.715214Z,2779,247.0,0,OK,OK,OK
2026-07-30T07:41:53.179100Z,2783,247.0,0,OK,OK,OK
2026-07-30T07:41:58.657693Z,2785,247.0,0,OK,OK,OK
2026-07-30T07:42:04.110982Z,2783,247.0,0,OK,OK,OK
2026-07-30T07:42:09.577162Z,2783,247.0,0,OK,OK,OK
2026-07-30T07:42:15.056510Z,2779,247.0,0,OK,OK,OK
2026-07-30T07:42:20.550950Z,2775,247.0,0,OK,OK,OK
2026-07-30T07:42:26.051995Z,2772,247.0,0,OK,OK,OK
2026-07-30T07:42:31.519754Z,2787,247.0,0,OK,OK,OK
2026-07-30T07:42:37.014410Z,2780,247.0,0,OK,OK,OK
2026-07-30T07:42:42.514625Z,2782,247.0,0,OK,OK,OK
2026-07-30T07:42:48.027681Z,2816,247.2,0,OK,OK,OK
2026-07-30T07:42:53.500042Z,2776,247.1,0,OK,OK,OK
2026-07-30T07:42:59.007108Z,2776,247.0,0,OK,OK,OK
2026-07-30T07:43:04.500818Z,2782,246.8,0,OK,OK,OK
2026-07-30T07:43:10.035296Z,2782,247.0,0,OK,OK,OK
2026-07-30T07:43:15.459300Z,2779,247.1,0,OK,OK,OK
2026-07-30T07:43:20.941398Z,2775,247.1,0,OK,OK,OK
2026-07-30T07:43:26.439764Z,2791,247.0,0,OK,OK,OK
2026-07-30T07:43:31.914696Z,2784,247.1,0,OK,OK,OK
2026-07-30T07:43:37.415459Z,2779,247.1,0,OK,OK,OK
2026-07-30T07:43:42.897106Z,2777,247.2,0,OK,OK,OK
2026-07-30T07:43:48.381618Z,2790,247.2,0,OK,OK,OK
2026-07-30T07:43:53.869296Z,2783,247.2,0,OK,OK,OK
2026-07-30T07:43:59.368905Z,2772,247.1,0,OK,OK,OK
2026-07-30T07:44:04.850784Z,2775,246.8,0,OK,OK,OK
2026-07-30T07:44:10.329600Z,2784,247.1,0,OK,OK,OK
2026-07-30T07:44:15.798793Z,2774,247.1,0,OK,OK,OK
2026-07-30T07:44:21.385191Z,2778,247.0,0,OK,OK,OK
2026-07-30T07:44:26.866892Z,2781,247.0,0,OK,OK,OK
2026-07-30T07:44:32.367641Z,2772,247.0,0,OK,OK,OK
2026-07-30T07:44:37.857847Z,2776,247.0,0,OK,OK,OK
2026-07-30T07:44:43.355398Z,2776,247.0,0,OK,OK,OK
2026-07-30T07:44:48.850236Z,2782,247.0,0,OK,OK,OK
2026-07-30T07:44:54.334092Z,2778,247.0,0,OK,OK,OK
2026-07-30T07:44:59.785122Z,2776,247.0,0,OK,OK,OK
2026-07-30T07:45:05.272595Z,2779,247.0,0,OK,OK,OK
2026-07-30T07:45:10.759677Z,2775,247.0,0,OK,OK,OK
2026-07-30T07:45:16.247110Z,2780,247.0,0,OK,OK,OK
2026-07-30T07:45:21.712490Z,2773,247.0,0,OK,OK,OK
2026-07-30T07:45:27.230321Z,2782,247.0,0,OK,OK,OK
2026-07-30T07:45:32.708025Z,2770,247.1,0,OK,OK,OK
2026-07-30T07:45:38.178193Z,2788,247.1,0,OK,OK,OK
2026-07-30T07:45:43.677056Z,2782,247.1,0,OK,OK,OK
2026-07-30T07:45:49.118165Z,2790,247.1,0,OK,OK,OK
2026-07-30T07:45:54.645190Z,2778,247.2,0,OK,OK,OK
2026-07-30T07:46:00.147767Z,2770,247.2,0,OK,OK,OK
2026-07-30T07:46:05.598035Z,2778,247.1,0,OK,OK,OK
2026-07-30T07:46:11.111974Z,2775,247.0,0,OK,OK,OK
2026-07-30T07:46:16.578653Z,2782,247.1,0,OK,OK,OK
2026-07-30T07:46:22.095046Z,2781,247.0,0,OK,OK,OK
2026-07-30T07:46:27.662612Z,2770,247.1,0,OK,OK,OK
2026-07-30T07:46:33.139089Z,2778,247.1,0,OK,OK,OK
2026-07-30T07:46:38.598855Z,2783,247.1,0,OK,OK,OK
2026-07-30T07:46:44.102975Z,2770,247.0,0,OK,OK,OK
2026-07-30T07:46:49.598846Z,2801,247.1,0,OK,OK,OK
2026-07-30T07:46:55.091901Z,2770,247.2,0,OK,OK,OK
2026-07-30T07:47:00.623108Z,2778,247.2,0,OK,OK,OK
2026-07-30T07:47:06.111672Z,2773,247.2,0,OK,OK,OK
2026-07-30T07:47:11.615012Z,2774,247.2,0,OK,OK,OK
2026-07-30T07:47:17.057345Z,2782,247.0,0,OK,OK,OK
2026-07-30T07:47:22.583095Z,2768,247.0,0,OK,OK,OK
2026-07-30T07:47:28.068412Z,2785,247.0,0,OK,OK,OK
2026-07-30T07:47:33.582260Z,2775,247.0,0,OK,OK,OK
2026-07-30T07:47:39.052899Z,2767,247.0,0,OK,OK,OK
2026-07-30T07:47:44.559437Z,2772,247.0,0,OK,OK,OK
2026-07-30T07:47:50.029676Z,2771,247.1,0,OK,OK,OK
2026-07-30T07:47:55.482782Z,2780,247.0,0,OK,OK,OK
2026-07-30T07:48:00.955146Z,2781,247.0,0,OK,OK,OK
2026-07-30T07:48:06.448774Z,2777,247.0,0,OK,OK,OK
2026-07-30T07:48:11.955816Z,2773,247.0,0,OK,OK,OK
2026-07-30T07:48:17.480308Z,2777,247.5,0,OK,OK,OK
2026-07-30T07:48:23.016397Z,2784,247.5,0,OK,OK,OK
2026-07-30T07:48:28.469902Z,2799,247.3,0,OK,OK,OK
2026-07-30T07:48:33.987091Z,2778,247.4,0,OK,OK,OK
2026-07-30T07:48:39.433745Z,2789,247.5,0,OK,OK,OK
2026-07-30T07:48:44.937560Z,2776,247.5,0,OK,OK,OK
2026-07-30T07:48:50.395523Z,1379,248.3,0,OK,OK,OK
2026-07-30T07:48:55.901562Z,1366,248.3,0,OK,OK,OK
2026-07-30T07:49:01.346839Z,1370,248.3,0,OK,OK,OK
2026-07-30T07:49:06.843020Z,1367,248.4,0,OK,OK,OK
2026-07-30T07:49:12.327111Z,1362,248.4,0,OK,OK,OK
2026-07-30T07:49:17.796865Z,1366,248.3,0,OK,OK,OK
2026-07-30T07:49:23.298673Z,1366,248.3,0,OK,OK,OK
2026-07-30T07:49:28.791852Z,1364,248.3,0,OK,OK,OK
2026-07-30T07:49:34.280694Z,1366,248.2,0,OK,OK,OK
2026-07-30T07:49:39.775095Z,1362,248.1,0,OK,OK,OK
2026-07-30T07:49:45.269231Z,1377,248.2,0,OK,OK,OK
2026-07-30T07:49:50.773554Z,1366,248.2,0,OK,OK,OK
2026-07-30T07:49:56.272595Z,1365,248.3,0,OK,OK,OK
2026-07-30T07:50:01.743381Z,1375,248.3,0,OK,OK,OK
2026-07-30T07:50:07.212638Z,1366,248.3,0,OK,OK,OK
2026-07-30T07:50:12.701755Z,1370,248.2,0,OK,OK,OK
2026-07-30T07:50:18.174319Z,1365,248.3,0,OK,OK,OK
2026-07-30T07:50:23.626119Z,1365,248.3,0,OK,OK,OK
2026-07-30T07:50:29.104513Z,1374,248.3,0,OK,OK,OK
2026-07-30T07:50:34.565914Z,1364,248.3,0,OK,OK,OK
2026-07-30T07:50:40.027954Z,1371,248.3,0,OK,OK,OK
2026-07-30T07:50:45.536147Z,1373,248.3,0,OK,OK,OK
2026-07-30T07:50:51.008834Z,1373,248.3,0,OK,OK,OK
2026-07-30T07:50:56.496331Z,1383,248.3,0,OK,OK,OK
2026-07-30T07:51:01.983688Z,1368,248.3,0,OK,OK,OK
2026-07-30T07:51:07.436530Z,1365,248.3,0,OK,OK,OK
2026-07-30T07:51:12.916895Z,1376,248.3,0,OK,OK,OK
2026-07-30T07:51:18.405916Z,1370,248.2,0,OK,OK,OK
2026-07-30T07:51:23.850286Z,1360,248.3,0,OK,OK,OK
2026-07-30T07:51:29.317509Z,1363,248.3,0,OK,OK,OK
2026-07-30T07:51:34.798711Z,1364,248.3,0,OK,OK,OK
2026-07-30T07:51:40.252636Z,1376,248.3,0,OK,OK,OK
2026-07-30T07:51:45.717314Z,1365,248.4,0,OK,OK,OK
2026-07-30T07:51:51.181386Z,1364,248.3,0,OK,OK,OK
2026-07-30T07:51:56.644359Z,1357,248.3,0,OK,OK,OK
2026-07-30T07:52:02.133625Z,1374,248.3,0,OK,OK,OK
2026-07-30T07:52:07.634540Z,1369,248.3,0,OK,OK,OK
2026-07-30T07:52:13.127970Z,1367,248.3,0,OK,OK,OK
2026-07-30T07:52:18.646686Z,1364,248.3,0,OK,OK,OK
2026-07-30T07:52:24.172161Z,1375,248.3,0,OK,OK,OK
2026-07-30T07:52:29.636712Z,1381,248.3,0,OK,OK,OK
2026-07-30T07:52:35.126789Z,1379,248.3,0,OK,OK,OK
2026-07-30T07:52:40.644630Z,1298,248.4,0,OK,OK,OK
2026-07-30T07:52:46.090599Z,1434,248.3,0,OK,OK,OK
2026-07-30T07:52:51.553278Z,1464,248.3,0,OK,OK,OK
2026-07-30T07:52:57.000709Z,1564,248.3,0,OK,OK,OK
2026-07-30T07:53:02.467243Z,1593,248.2,0,OK,OK,OK
2026-07-30T07:53:07.950977Z,1628,248.3,0,OK,OK,OK
2026-07-30T07:53:13.468528Z,1637,248.2,0,OK,OK,OK
2026-07-30T07:53:18.993416Z,1662,248.1,0,OK,OK,OK
2026-07-30T07:53:24.444541Z,1675,248.1,0,OK,OK,OK
2026-07-30T07:53:29.934310Z,1690,248.2,0,OK,OK,OK
2026-07-30T07:53:35.427121Z,1696,248.1,0,OK,OK,OK
2026-07-30T07:53:40.893491Z,1682,248.2,0,OK,OK,OK
2026-07-30T07:53:46.370563Z,1711,248.1,0,OK,OK,OK
2026-07-30T07:53:51.840446Z,1694,248.2,0,OK,OK,OK
2026-07-30T07:53:57.324157Z,1691,248.1,0,OK,OK,OK
2026-07-30T07:54:02.816640Z,1613,248.1,0,OK,OK,OK
2026-07-30T07:54:08.254176Z,1501,248.1,0,OK,OK,OK
2026-07-30T07:54:13.780615Z,1485,248.2,0,OK,OK,OK
2026-07-30T07:54:19.234887Z,1470,248.2,0,OK,OK,OK
2026-07-30T07:54:24.703359Z,1465,248.2,0,OK,OK,OK
2026-07-30T07:54:30.198902Z,1444,248.3,0,OK,OK,OK
2026-07-30T07:54:35.679797Z,1406,248.3,0,OK,OK,OK
2026-07-30T07:54:41.201676Z,1410,248.3,0,OK,OK,OK
2026-07-30T07:54:46.685203Z,1405,248.3,0,OK,OK,OK
2026-07-30T07:54:52.158812Z,1405,248.3,0,OK,OK,OK
2026-07-30T07:54:57.681083Z,1402,248.3,0,OK,OK,OK
2026-07-30T07:55:03.140405Z,1397,248.3,0,OK,OK,OK
2026-07-30T07:55:08.679096Z,1408,248.3,0,OK,OK,OK
2026-07-30T07:55:14.137460Z,1397,248.3,0,OK,OK,OK
2026-07-30T07:55:19.606774Z,1420,248.3,0,OK,OK,OK
2026-07-30T07:55:25.109301Z,1396,248.3,0,OK,OK,OK
2026-07-30T07:55:30.597000Z,1401,248.3,0,OK,OK,OK
2026-07-30T07:55:36.069536Z,1423,248.3,0,OK,OK,OK
2026-07-30T07:55:41.555626Z,1409,248.3,0,OK,OK,OK
2026-07-30T07:55:47.062879Z,1424,248.3,0,OK,OK,OK
2026-07-30T07:55:52.599850Z,1470,248.3,0,OK,OK,OK
2026-07-30T07:55:58.136021Z,1417,248.3,0,OK,OK,OK
2026-07-30T07:56:03.621543Z,1416,248.4,0,OK,OK,OK
2026-07-30T07:56:09.126057Z,1412,248.3,0,OK,OK,OK
2026-07-30T07:56:14.619584Z,1418,248.4,0,OK,OK,OK
2026-07-30T07:56:20.102258Z,1431,248.3,0,OK,OK,OK
2026-07-30T07:56:25.587739Z,1411,248.3,0,OK,OK,OK
2026-07-30T07:56:31.063753Z,1419,248.3,0,OK,OK,OK
2026-07-30T07:56:36.550764Z,1412,248.3,0,OK,OK,OK
2026-07-30T07:56:42.041463Z,1410,248.3,0,OK,OK,OK
2026-07-30T07:56:47.535933Z,1418,248.3,0,OK,OK,OK
2026-07-30T07:56:53.030995Z,1323,248.6,0,OK,OK,OK
2026-07-30T07:56:58.517896Z,1316,248.6,0,OK,OK,OK
2026-07-30T07:57:03.999675Z,1315,248.6,0,OK,OK,OK
2026-07-30T07:57:09.483778Z,1313,248.6,0,OK,OK,OK
2026-07-30T07:57:14.994270Z,1304,248.6,0,OK,OK,OK
2026-07-30T07:57:20.431921Z,1306,248.7,0,OK,OK,OK
2026-07-30T07:57:25.915742Z,1310,248.6,0,OK,OK,OK
2026-07-30T07:57:31.396863Z,1314,248.7,0,OK,OK,OK
2026-07-30T07:57:36.880271Z,1324,248.5,0,OK,OK,OK
2026-07-30T07:57:42.344983Z,1313,248.5,0,OK,OK,OK
2026-07-30T07:57:47.834599Z,1354,248.7,0,OK,OK,OK
2026-07-30T07:57:53.318304Z,1309,248.7,0,OK,OK,OK
2026-07-30T07:57:58.814515Z,1321,248.7,0,OK,OK,OK
2026-07-30T07:58:04.294058Z,1314,248.7,0,OK,OK,OK
2026-07-30T07:58:09.773642Z,1311,248.7,0,OK,OK,OK
2026-07-30T07:58:15.276660Z,1318,248.6,0,OK,OK,OK
2026-07-30T07:58:20.755504Z,1308,248.6,0,OK,OK,OK
2026-07-30T07:58:26.221149Z,1304,248.5,0,OK,OK,OK
2026-07-30T07:58:31.667544Z,1309,248.6,0,OK,OK,OK
2026-07-30T07:58:37.175091Z,1300,248.7,0,OK,OK,OK
2026-07-30T07:58:42.663773Z,1309,248.7,0,OK,OK,OK
2026-07-30T07:58:48.154078Z,1302,248.7,0,OK,OK,OK
2026-07-30T07:58:53.642836Z,1286,248.7,0,OK,OK,OK
2026-07-30T07:58:59.166252Z,1286,248.7,0,OK,OK,OK
2026-07-30T07:59:04.663289Z,1281,248.6,0,OK,OK,OK
2026-07-30T07:59:10.145897Z,1291,248.6,0,OK,OK,OK
2026-07-30T07:59:15.623304Z,1285,248.7,0,OK,OK,OK
2026-07-30T07:59:21.117645Z,1283,248.7,0,OK,OK,OK
2026-07-30T07:59:26.630012Z,1286,248.5,0,OK,OK,OK
2026-07-30T07:59:32.158751Z,1278,248.5,0,OK,OK,OK
2026-07-30T07:59:37.613121Z,1287,248.7,0,OK,OK,OK
2026-07-30T07:59:43.103108Z,1284,248.7,0,OK,OK,OK
2026-07-30T07:59:48.545590Z,1309,248.7,0,OK,OK,OK
2026-07-30T07:59:54.029213Z,1290,248.6,0,OK,OK,OK
2026-07-30T07:59:59.510174Z,1280,248.6,0,OK,OK,OK
2026-07-30T08:00:04.991478Z,1302,248.7,0,OK,OK,OK
2026-07-30T08:00:10.442248Z,1288,248.6,0,OK,OK,OK
2026-07-30T08:00:15.948514Z,1288,248.6,0,OK,OK,OK
2026-07-30T08:00:21.427783Z,1286,248.5,0,OK,OK,OK
2026-07-30T08:00:26.859402Z,1283,248.6,0,OK,OK,OK
2026-07-30T08:00:32.363837Z,1283,248.4,0,OK,OK,OK
2026-07-30T08:00:37.845897Z,1298,248.4,0,OK,OK,OK
2026-07-30T08:00:43.322919Z,1282,248.4,0,OK,OK,OK
2026-07-30T08:00:48.808252Z,1298,248.4,0,OK,OK,OK
2026-07-30T08:00:54.285596Z,1295,248.4,0,OK,OK,OK
2026-07-30T08:00:59.766714Z,1297,248.4,0,OK,OK,OK
2026-07-30T08:01:05.200955Z,1304,248.5,0,OK,OK,OK
2026-07-30T08:01:10.719856Z,1286,248.4,0,OK,OK,OK
2026-07-30T08:01:16.212946Z,1278,248.6,0,OK,OK,OK
2026-07-30T08:01:21.716847Z,1288,248.5,0,OK,OK,OK
2026-07-30T08:01:27.209566Z,1297,248.5,0,OK,OK,OK
2026-07-30T08:01:32.677197Z,1288,248.4,0,OK,OK,OK
2026-07-30T08:01:38.170068Z,1295,248.4,0,OK,OK,OK
2026-07-30T08:01:43.658806Z,1334,248.4,0,OK,OK,OK
2026-07-30T08:01:49.134512Z,1316,248.4,0,OK,OK,OK
2026-07-30T08:01:54.622963Z,1318,248.4,0,OK,OK,OK
2026-07-30T08:02:00.089346Z,1296,248.4,0,OK,OK,OK
2026-07-30T08:02:05.584015Z,1306,248.4,0,OK,OK,OK
2026-07-30T08:02:11.031058Z,1301,248.4,0,OK,OK,OK
2026-07-30T08:02:16.555569Z,1304,248.4,0,OK,OK,OK
2026-07-30T08:02:22.017459Z,1296,248.4,0,OK,OK,OK
2026-07-30T08:02:27.472968Z,1300,248.3,0,OK,OK,OK
2026-07-30T08:02:32.991455Z,1305,248.4,0,OK,OK,OK
2026-07-30T08:02:38.450976Z,1312,248.3,0,OK,OK,OK
2026-07-30T08:02:43.907162Z,1303,248.4,0,OK,OK,OK
2026-07-30T08:02:49.398520Z,1306,248.4,0,OK,OK,OK
2026-07-30T08:02:54.889607Z,1298,248.4,0,OK,OK,OK
2026-07-30T08:03:00.339493Z,1305,248.4,0,OK,OK,OK
2026-07-30T08:03:05.831911Z,1307,248.4,0,OK,OK,OK
2026-07-30T08:03:11.254589Z,1296,248.3,0,OK,OK,OK
2026-07-30T08:03:16.720024Z,1310,248.4,0,OK,OK,OK
2026-07-30T08:03:22.214417Z,1304,248.4,0,OK,OK,OK
2026-07-30T08:03:27.719010Z,1306,248.3,0,OK,OK,OK
2026-07-30T08:03:33.231824Z,1308,248.4,0,OK,OK,OK
2026-07-30T08:03:38.710824Z,1313,248.4,0,OK,OK,OK
2026-07-30T08:03:44.189705Z,1305,248.4,0,OK,OK,OK
2026-07-30T08:03:49.693355Z,1325,248.4,0,OK,OK,OK
2026-07-30T08:03:55.182640Z,1312,248.2,0,OK,OK,OK
2026-07-30T08:04:00.690443Z,1297,248.3,0,OK,OK,OK
2026-07-30T08:04:06.154838Z,1302,248.4,0,OK,OK,OK
2026-07-30T08:04:11.615346Z,1309,248.4,0,OK,OK,OK
2026-07-30T08:04:17.107776Z,1304,248.3,0,OK,OK,OK
2026-07-30T08:04:22.598899Z,1288,248.3,0,OK,OK,OK
2026-07-30T08:04:28.067128Z,1282,248.2,0,OK,OK,OK
2026-07-30T08:04:33.565693Z,1286,248.3,0,OK,OK,OK
2026-07-30T08:04:39.092710Z,1292,248.2,0,OK,OK,OK
2026-07-30T08:04:44.591805Z,1280,248.2,0,OK,OK,OK
2026-07-30T08:04:50.056433Z,1296,248.2,0,OK,OK,OK
2026-07-30T08:04:55.526882Z,1294,248.3,0,OK,OK,OK
2026-07-30T08:05:01.028445Z,1284,248.2,0,OK,OK,OK
2026-07-30T08:05:06.517889Z,1286,248.3,0,OK,OK,OK
2026-07-30T08:05:12.011986Z,1288,248.2,0,OK,OK,OK
2026-07-30T08:05:17.505576Z,1288,248.2,0,OK,OK,OK
2026-07-30T08:05:23.043865Z,1279,248.3,0,OK,OK,OK
2026-07-30T08:05:28.495711Z,1290,248.2,0,OK,OK,OK
2026-07-30T08:05:33.966017Z,1281,248.2,0,OK,OK,OK
2026-07-30T08:05:39.453609Z,1296,248.2,0,OK,OK,OK
2026-07-30T08:05:44.958553Z,1292,248.2,0,OK,OK,OK
2026-07-30T08:05:50.454388Z,1302,248.2,0,OK,OK,OK
2026-07-30T08:05:55.961177Z,1309,248.2,0,OK,OK,OK
2026-07-30T08:06:01.472014Z,1306,248.2,0,OK,OK,OK
2026-07-30T08:06:06.939520Z,1279,248.2,0,OK,OK,OK
2026-07-30T08:06:12.388824Z,1291,248.2,0,OK,OK,OK
2026-07-30T08:06:17.874914Z,1278,248.2,0,OK,OK,OK
2026-07-30T08:06:23.349584Z,1283,248.2,0,OK,OK,OK
2026-07-30T08:06:28.838065Z,1311,248.2,0,OK,OK,OK
2026-07-30T08:06:34.346700Z,1284,248.2,0,OK,OK,OK
2026-07-30T08:06:39.849136Z,1283,248.2,0,OK,OK,OK
2026-07-30T08:06:45.345261Z,1282,248.2,0,OK,OK,OK
2026-07-30T08:06:50.832808Z,1282,248.2,0,OK,OK,OK
2026-07-30T08:06:56.306196Z,1290,248.3,0,OK,OK,OK
2026-07-30T08:07:01.770451Z,1285,248.3,0,OK,OK,OK
2026-07-30T08:07:07.239207Z,1286,248.3,0,OK,OK,OK
2026-07-30T08:07:12.671792Z,1288,248.2,0,OK,OK,OK
2026-07-30T08:07:18.138046Z,1289,248.2,0,OK,OK,OK
2026-07-30T08:07:23.618633Z,1294,248.2,0,OK,OK,OK
2026-07-30T08:07:29.109148Z,1322,248.2,0,OK,OK,OK
2026-07-30T08:07:34.573056Z,1297,248.2,0,OK,OK,OK
2026-07-30T08:07:40.054539Z,1284,248.2,0,OK,OK,OK
2026-07-30T08:07:45.534264Z,1291,248.2,0,OK,OK,OK
2026-07-30T08:07:51.001384Z,1295,248.2,0,OK,OK,OK
2026-07-30T08:07:56.495590Z,1307,248.0,0,OK,OK,OK
2026-07-30T08:08:02.006700Z,1293,248.2,0,OK,OK,OK
2026-07-30T08:08:07.445470Z,1288,248.2,0,OK,OK,OK
2026-07-30T08:08:12.914897Z,1291,248.1,0,OK,OK,OK
2026-07-30T08:08:18.410158Z,1294,248.1,0,OK,OK,OK
2026-07-30T08:08:23.878398Z,1305,248.2,0,OK,OK,OK
2026-07-30T08:08:29.366271Z,1301,248.1,0,OK,OK,OK
2026-07-30T08:08:34.831122Z,1288,248.1,0,OK,OK,OK
2026-07-30T08:08:40.330124Z,1299,248.0,0,OK,OK,OK
2026-07-30T08:08:45.788305Z,1294,248.1,0,OK,OK,OK
2026-07-30T08:08:51.293999Z,2512,247.5,0,OK,OK,OK
2026-07-30T08:08:56.784446Z,1393,248.1,0,OK,OK,OK
2026-07-30T08:09:02.251675Z,1391,248.1,0,OK,OK,OK
2026-07-30T08:09:07.718022Z,1408,248.1,0,OK,OK,OK
2026-07-30T08:09:13.190958Z,1416,248.1,0,OK,OK,OK
2026-07-30T08:09:18.652666Z,1413,248.1,0,OK,OK,OK
2026-07-30T08:09:24.128688Z,1405,248.0,0,OK,OK,OK
2026-07-30T08:09:29.582520Z,1404,248.0,0,OK,OK,OK
2026-07-30T08:09:35.048326Z,1410,248.1,0,OK,OK,OK
2026-07-30T08:09:40.546199Z,1410,248.1,0,OK,OK,OK
2026-07-30T08:09:46.010721Z,1405,248.1,0,OK,OK,OK
2026-07-30T08:09:51.502773Z,1397,248.1,0,OK,OK,OK
2026-07-30T08:09:56.992823Z,1393,247.9,0,OK,OK,OK
2026-07-30T08:10:02.459136Z,1390,248.1,0,OK,OK,OK
2026-07-30T08:10:07.940519Z,1390,248.0,0,OK,OK,OK
2026-07-30T08:10:13.409753Z,1402,248.1,0,OK,OK,OK
2026-07-30T08:10:18.859757Z,1385,248.1,0,OK,OK,OK
2026-07-30T08:10:24.354216Z,1367,247.9,0,OK,OK,OK
2026-07-30T08:10:29.829415Z,1376,248.0,0,OK,OK,OK
2026-07-30T08:10:35.309805Z,1380,247.9,0,OK,OK,OK
2026-07-30T08:10:40.754810Z,1370,248.0,0,OK,OK,OK
2026-07-30T08:10:46.211432Z,1369,248.0,0,OK,OK,OK
2026-07-30T08:10:51.703379Z,1373,248.0,0,OK,OK,OK
2026-07-30T08:10:57.201259Z,1366,248.0,0,OK,OK,OK
2026-07-30T08:11:02.742887Z,1366,247.9,0,OK,OK,OK
2026-07-30T08:11:08.230335Z,1377,247.7,0,OK,OK,OK
2026-07-30T08:11:13.684606Z,1360,247.9,0,OK,OK,OK
2026-07-30T08:11:19.162401Z,1376,247.9,0,OK,OK,OK
2026-07-30T08:11:24.662858Z,1367,248.0,0,OK,OK,OK
2026-07-30T08:11:30.165688Z,1368,248.0,0,OK,OK,OK
2026-07-30T08:11:35.648259Z,1363,248.1,0,OK,OK,OK
2026-07-30T08:11:41.137024Z,1358,248.0,0,OK,OK,OK
2026-07-30T08:11:46.624913Z,1365,248.1,0,OK,OK,OK
2026-07-30T08:11:52.102286Z,1373,247.9,0,OK,OK,OK
2026-07-30T08:11:57.572231Z,1366,247.9,0,OK,OK,OK
2026-07-30T08:12:03.034168Z,1362,247.9,0,OK,OK,OK
2026-07-30T08:12:08.573650Z,1361,248.0,0,OK,OK,OK
2026-07-30T08:12:14.008389Z,1368,247.9,0,OK,OK,OK
2026-07-30T08:12:19.443590Z,1372,247.9,0,OK,OK,OK
2026-07-30T08:12:24.944431Z,1370,247.9,0,OK,OK,OK
2026-07-30T08:12:30.450236Z,1380,248.0,0,OK,OK,OK
2026-07-30T08:12:35.946954Z,1369,247.9,0,OK,OK,OK
2026-07-30T08:12:41.428710Z,1378,248.1,0,OK,OK,OK
2026-07-30T08:12:46.952035Z,1364,248.0,0,OK,OK,OK
2026-07-30T08:12:52.446819Z,1368,248.0,0,OK,OK,OK
2026-07-30T08:12:57.936347Z,1363,248.0,0,OK,OK,OK
2026-07-30T08:13:03.404179Z,1336,247.1,0,OK,OK,OK
2026-07-30T08:13:08.915521Z,1354,247.1,0,OK,OK,OK
2026-07-30T08:13:14.372806Z,1356,247.1,0,OK,OK,OK
2026-07-30T08:13:19.821829Z,1360,247.2,0,OK,OK,OK
2026-07-30T08:13:25.310974Z,1364,247.1,0,OK,OK,OK
2026-07-30T08:13:30.826400Z,1348,247.2,0,OK,OK,OK
2026-07-30T08:13:36.286577Z,1355,247.1,0,OK,OK,OK
2026-07-30T08:13:41.800032Z,1360,247.2,0,OK,OK,OK
2026-07-30T08:13:47.248419Z,1362,247.2,0,OK,OK,OK
2026-07-30T08:13:52.695920Z,1356,247.2,0,OK,OK,OK
2026-07-30T08:13:58.163612Z,1349,247.2,0,OK,OK,OK
2026-07-30T08:14:03.673188Z,1360,247.2,0,OK,OK,OK
2026-07-30T08:14:09.157004Z,1359,247.2,0,OK,OK,OK
2026-07-30T08:14:14.650187Z,1362,247.2,0,OK,OK,OK
2026-07-30T08:14:20.141704Z,1377,247.2,0,OK,OK,OK
2026-07-30T08:14:25.649025Z,1350,247.2,0,OK,OK,OK
2026-07-30T08:14:31.209671Z,1354,247.2,0,OK,OK,OK
2026-07-30T08:14:36.697150Z,1367,247.3,0,OK,OK,OK
2026-07-30T08:14:42.193187Z,1365,247.2,0,OK,OK,OK
2026-07-30T08:14:47.700220Z,1366,247.2,0,OK,OK,OK
2026-07-30T08:14:53.213160Z,1381,247.2,0,OK,OK,OK
2026-07-30T08:14:58.695848Z,1375,247.2,0,OK,OK,OK
2026-07-30T08:15:04.198374Z,1406,247.2,0,OK,OK,OK
2026-07-30T08:15:09.672014Z,1488,247.2,0,OK,OK,OK
2026-07-30T08:15:15.131764Z,1546,247.1,0,OK,OK,OK
2026-07-30T08:15:20.662351Z,1564,247.1,0,OK,OK,OK
2026-07-30T08:15:26.133266Z,1592,246.9,0,OK,OK,OK
2026-07-30T08:15:31.643421Z,1607,247.1,0,OK,OK,OK
2026-07-30T08:15:37.112255Z,1627,247.1,0,OK,OK,OK
2026-07-30T08:15:42.619013Z,1634,247.0,0,OK,OK,OK
2026-07-30T08:15:48.105932Z,1666,247.1,0,OK,OK,OK
2026-07-30T08:15:53.572399Z,1655,247.1,0,OK,OK,OK
2026-07-30T08:15:59.041632Z,1649,247.0,0,OK,OK,OK
2026-07-30T08:16:04.509206Z,1655,247.6,0,OK,OK,OK
2026-07-30T08:16:10.030571Z,1647,247.6,0,OK,OK,OK
2026-07-30T08:16:15.489916Z,1596,247.6,0,OK,OK,OK
2026-07-30T08:16:20.964649Z,1545,247.6,0,OK,OK,OK
2026-07-30T08:16:26.408910Z,1508,247.5,0,OK,OK,OK
2026-07-30T08:16:31.905800Z,1507,247.6,0,OK,OK,OK
2026-07-30T08:16:37.395498Z,1479,247.8,0,OK,OK,OK
2026-07-30T08:16:42.907002Z,1482,247.8,0,OK,OK,OK
2026-07-30T08:16:48.393147Z,1490,247.8,0,OK,OK,OK
2026-07-30T08:16:53.883892Z,1474,247.8,0,OK,OK,OK
2026-07-30T08:16:59.326752Z,1479,247.8,0,OK,OK,OK
2026-07-30T08:17:04.764372Z,1460,247.8,0,OK,OK,OK
2026-07-30T08:17:10.262253Z,1475,247.9,0,OK,OK,OK
2026-07-30T08:17:15.727839Z,1466,247.9,0,OK,OK,OK
2026-07-30T08:17:21.212836Z,1463,247.9,0,OK,OK,OK
2026-07-30T08:17:26.711566Z,1468,247.8,0,OK,OK,OK
2026-07-30T08:17:32.246289Z,1479,248.2,0,OK,OK,OK
2026-07-30T08:17:37.709384Z,1471,248.2,0,OK,OK,OK
2026-07-30T08:17:43.202386Z,1468,248.2,0,OK,OK,OK
2026-07-30T08:17:48.711703Z,1497,248.0,0,OK,OK,OK
2026-07-30T08:17:54.223761Z,1475,248.0,0,OK,OK,OK
2026-07-30T08:17:59.700902Z,1469,248.1,0,OK,OK,OK
2026-07-30T08:18:05.180844Z,1496,248.2,0,OK,OK,OK
2026-07-30T08:18:10.680723Z,1476,248.0,0,OK,OK,OK
2026-07-30T08:18:16.184321Z,1476,248.0,0,OK,OK,OK
2026-07-30T08:18:21.636265Z,1479,247.9,0,OK,OK,OK
2026-07-30T08:18:27.166891Z,1471,248.2,0,OK,OK,OK
2026-07-30T08:18:32.663153Z,1473,248.0,0,OK,OK,OK
2026-07-30T08:18:38.178671Z,1482,248.1,0,OK,OK,OK
2026-07-30T08:18:43.660519Z,1477,248.1,0,OK,OK,OK
2026-07-30T08:18:49.178655Z,1478,248.1,0,OK,OK,OK
2026-07-30T08:18:54.646833Z,1467,248.1,0,OK,OK,OK
2026-07-30T08:19:00.110609Z,1473,248.0,0,OK,OK,OK
2026-07-30T08:19:05.586987Z,1383,248.1,0,OK,OK,OK
2026-07-30T08:19:11.614592Z,1377,248.1,0,OK,OK,OK
2026-07-30T08:19:17.074736Z,1379,248.1,0,OK,OK,OK
2026-07-30T08:19:22.586027Z,1374,248.0,0,OK,OK,OK
2026-07-30T08:19:28.056345Z,1378,248.1,0,OK,OK,OK
2026-07-30T08:19:33.539438Z,1376,248.0,0,OK,OK,OK
2026-07-30T08:19:39.015931Z,1372,248.0,0,OK,OK,OK
2026-07-30T08:19:44.479702Z,1376,248.1,0,OK,OK,OK
2026-07-30T08:19:49.953980Z,1388,248.1,0,OK,OK,OK
2026-07-30T08:19:55.423764Z,1370,248.1,0,OK,OK,OK
2026-07-30T08:20:00.918497Z,1382,248.1,0,OK,OK,OK
2026-07-30T08:20:06.384907Z,1381,248.1,0,OK,OK,OK
2026-07-30T08:20:11.849524Z,1371,248.1,0,OK,OK,OK
2026-07-30T08:20:17.323693Z,1371,248.1,0,OK,OK,OK
2026-07-30T08:20:22.792694Z,1382,248.1,0,OK,OK,OK
2026-07-30T08:20:28.247766Z,1377,248.1,0,OK,OK,OK
2026-07-30T08:20:33.716828Z,1379,248.1,0,OK,OK,OK
2026-07-30T08:20:39.229265Z,1386,248.1,0,OK,OK,OK
2026-07-30T08:20:44.735858Z,1375,248.1,0,OK,OK,OK
2026-07-30T08:20:50.246531Z,1391,248.1,0,OK,OK,OK
2026-07-30T08:20:55.728018Z,1393,247.8,0,OK,OK,OK
2026-07-30T08:21:01.215680Z,1369,248.1,0,OK,OK,OK
2026-07-30T08:21:06.699698Z,1364,248.1,0,OK,OK,OK
2026-07-30T08:21:12.179675Z,1364,248.1,0,OK,OK,OK
2026-07-30T08:21:17.651747Z,1370,248.0,0,OK,OK,OK
2026-07-30T08:21:23.143909Z,1370,248.1,0,OK,OK,OK
2026-07-30T08:21:28.636719Z,1393,248.1,0,OK,OK,OK
2026-07-30T08:21:34.067302Z,1359,248.1,0,OK,OK,OK
2026-07-30T08:21:39.548902Z,1373,248.1,0,OK,OK,OK
2026-07-30T08:21:44.999405Z,1369,248.1,0,OK,OK,OK
2026-07-30T08:21:50.534853Z,1362,248.2,0,OK,OK,OK
2026-07-30T08:21:56.053289Z,1364,248.2,0,OK,OK,OK
2026-07-30T08:22:01.544373Z,1366,248.2,0,OK,OK,OK
2026-07-30T08:22:07.033400Z,1367,248.2,0,OK,OK,OK
2026-07-30T08:22:12.527917Z,1369,248.2,0,OK,OK,OK
2026-07-30T08:22:18.003086Z,1364,248.3,0,OK,OK,OK
2026-07-30T08:22:23.489093Z,1362,248.2,0,OK,OK,OK
2026-07-30T08:22:28.970766Z,1365,248.2,0,OK,OK,OK
2026-07-30T08:22:34.476339Z,1383,248.1,0,OK,OK,OK
2026-07-30T08:22:39.951525Z,1368,248.1,0,OK,OK,OK
2026-07-30T08:22:45.426896Z,1364,248.1,0,OK,OK,OK
2026-07-30T08:22:50.956158Z,1360,248.1,0,OK,OK,OK
2026-07-30T08:22:56.420724Z,1367,248.0,0,OK,OK,OK
2026-07-30T08:23:01.910442Z,1389,248.1,0,OK,OK,OK
2026-07-30T08:23:07.343973Z,1360,248.0,0,OK,OK,OK
2026-07-30T08:23:12.825018Z,1385,248.1,0,OK,OK,OK
2026-07-30T08:23:18.322849Z,1389,248.0,0,OK,OK,OK
2026-07-30T08:23:23.777212Z,1401,247.9,0,OK,OK,OK
2026-07-30T08:23:29.222781Z,1406,248.0,0,OK,OK,OK
2026-07-30T08:23:34.687836Z,1413,247.9,0,OK,OK,OK
2026-07-30T08:23:40.195805Z,1410,247.9,0,OK,OK,OK
2026-07-30T08:23:45.674807Z,1423,247.9,0,OK,OK,OK
2026-07-30T08:23:51.134942Z,1394,247.9,0,OK,OK,OK
2026-07-30T08:23:56.583710Z,1395,248.0,0,OK,OK,OK
2026-07-30T08:24:02.053375Z,1384,248.0,0,OK,OK,OK
2026-07-30T08:24:07.485575Z,1401,248.0,0,OK,OK,OK
2026-07-30T08:24:12.990861Z,1365,248.0,0,OK,OK,OK
2026-07-30T08:24:18.451113Z,1380,248.1,0,OK,OK,OK
2026-07-30T08:24:23.924122Z,1394,248.0,0,OK,OK,OK
2026-07-30T08:24:29.401839Z,1400,248.0,0,OK,OK,OK
2026-07-30T08:24:34.881426Z,1388,248.0,0,OK,OK,OK
2026-07-30T08:24:40.403430Z,1409,248.0,0,OK,OK,OK
2026-07-30T08:24:45.877657Z,1360,248.0,0,OK,OK,OK
2026-07-30T08:24:51.365054Z,1391,248.0,0,OK,OK,OK
2026-07-30T08:24:56.829765Z,1399,248.0,0,OK,OK,OK
2026-07-30T08:25:02.351169Z,1373,247.9,0,OK,OK,OK
2026-07-30T08:25:07.849222Z,1403,248.0,0,OK,OK,OK
2026-07-30T08:25:13.305801Z,1378,248.1,0,OK,OK,OK
2026-07-30T08:25:18.753791Z,1401,248.1,0,OK,OK,OK
2026-07-30T08:25:24.220355Z,1385,248.0,0,OK,OK,OK
2026-07-30T08:25:29.749653Z,1393,248.0,0,OK,OK,OK
2026-07-30T08:25:35.216372Z,1404,248.0,0,OK,OK,OK
2026-07-30T08:25:40.728979Z,1373,247.8,0,OK,OK,OK
2026-07-30T08:25:46.225652Z,1366,247.7,0,OK,OK,OK
2026-07-30T08:25:51.720227Z,1377,247.8,0,OK,OK,OK
2026-07-30T08:25:57.209807Z,1368,247.9,0,OK,OK,OK
2026-07-30T08:26:02.712126Z,1374,247.9,0,OK,OK,OK
2026-07-30T08:26:08.181436Z,1392,247.9,0,OK,OK,OK
2026-07-30T08:26:13.657630Z,1367,248.0,0,OK,OK,OK
2026-07-30T08:26:19.130112Z,1373,248.0,0,OK,OK,OK
2026-07-30T08:26:24.621088Z,1370,248.1,0,OK,OK,OK
2026-07-30T08:26:30.116191Z,1369,248.0,0,OK,OK,OK
2026-07-30T08:26:35.635499Z,1382,248.0,0,OK,OK,OK
2026-07-30T08:26:41.102367Z,1371,248.0,0,OK,OK,OK
2026-07-30T08:26:46.532808Z,1364,248.0,0,OK,OK,OK
2026-07-30T08:26:52.007934Z,1360,248.0,0,OK,OK,OK
2026-07-30T08:26:57.482544Z,1359,248.0,0,OK,OK,OK
2026-07-30T08:27:02.963563Z,1358,247.8,0,OK,OK,OK
2026-07-30T08:27:08.453235Z,1355,247.9,0,OK,OK,OK
2026-07-30T08:27:13.928663Z,1368,247.9,0,OK,OK,OK
2026-07-30T08:27:19.445838Z,1363,247.9,0,OK,OK,OK
2026-07-30T08:27:24.896548Z,1362,247.9,0,OK,OK,OK
2026-07-30T08:27:30.376872Z,1368,247.9,0,OK,OK,OK
2026-07-30T08:27:35.870687Z,1373,247.9,0,OK,OK,OK
2026-07-30T08:27:41.364169Z,1365,247.9,0,OK,OK,OK
2026-07-30T08:27:46.842393Z,1367,248.0,0,OK,OK,OK
2026-07-30T08:27:52.326407Z,1371,248.0,0,OK,OK,OK
2026-07-30T08:27:57.858107Z,1368,247.8,0,OK,OK,OK
2026-07-30T08:28:03.369534Z,1370,247.8,0,OK,OK,OK
2026-07-30T08:28:08.834321Z,1368,247.7,0,OK,OK,OK
2026-07-30T08:28:14.319646Z,1368,247.8,0,OK,OK,OK
2026-07-30T08:28:19.761955Z,1386,247.9,0,OK,OK,OK
2026-07-30T08:28:25.228073Z,1357,248.0,0,OK,OK,OK
2026-07-30T08:28:30.679071Z,1362,247.9,0,OK,OK,OK
2026-07-30T08:28:36.165155Z,1365,248.0,0,OK,OK,OK
2026-07-30T08:28:41.644096Z,1366,248.0,0,OK,OK,OK
2026-07-30T08:28:47.108186Z,1364,248.0,0,OK,OK,OK
2026-07-30T08:28:52.611916Z,1358,248.0,0,OK,OK,OK
2026-07-30T08:28:58.101293Z,1371,248.0,0,OK,OK,OK
2026-07-30T08:29:03.615582Z,1358,248.0,0,OK,OK,OK
2026-07-30T08:29:09.110338Z,1373,248.0,0,OK,OK,OK
2026-07-30T08:29:14.627970Z,1359,248.0,0,OK,OK,OK
2026-07-30T08:29:20.084269Z,1374,248.0,0,OK,OK,OK
2026-07-30T08:29:25.577248Z,1365,248.0,0,OK,OK,OK
2026-07-30T08:29:31.009762Z,1366,248.0,0,OK,OK,OK
2026-07-30T08:29:36.525960Z,1367,248.0,0,OK,OK,OK
2026-07-30T08:29:44.984240Z,1361,248.0,0,OK,OK,OK
2026-07-30T08:29:50.474283Z,1367,248.0,0,OK,OK,OK
2026-07-30T08:29:55.964728Z,1374,248.1,0,OK,OK,OK
2026-07-30T08:30:01.456352Z,1369,248.0,0,OK,OK,OK
2026-07-30T08:30:06.947894Z,1383,248.1,0,OK,OK,OK
2026-07-30T08:30:12.397981Z,1388,248.2,0,OK,OK,OK
2026-07-30T08:30:17.854763Z,1387,248.1,0,OK,OK,OK
2026-07-30T08:30:23.326566Z,1366,248.2,0,OK,OK,OK
2026-07-30T08:30:28.814803Z,1309,248.3,0,OK,OK,OK
2026-07-30T08:30:34.260318Z,1296,248.3,0,OK,OK,OK
2026-07-30T08:30:39.766335Z,1299,248.2,0,OK,OK,OK
2026-07-30T08:30:45.278886Z,1297,248.1,0,OK,OK,OK
2026-07-30T08:30:50.782953Z,1290,248.1,0,OK,OK,OK
2026-07-30T08:30:56.235908Z,1298,248.3,0,OK,OK,OK
2026-07-30T08:31:01.697421Z,1293,248.3,0,OK,OK,OK
2026-07-30T08:31:07.172521Z,1287,248.3,0,OK,OK,OK
2026-07-30T08:31:12.618316Z,1301,248.3,0,OK,OK,OK
2026-07-30T08:31:18.056376Z,1297,248.2,0,OK,OK,OK
2026-07-30T08:31:23.502325Z,1296,248.2,0,OK,OK,OK
2026-07-30T08:31:28.975416Z,1292,248.4,0,OK,OK,OK
2026-07-30T08:31:34.465524Z,1294,248.2,0,OK,OK,OK
2026-07-30T08:31:39.888973Z,1292,248.2,0,OK,OK,OK
2026-07-30T08:31:45.372809Z,1281,248.3,0,OK,OK,OK
2026-07-30T08:31:50.882801Z,1290,248.2,0,OK,OK,OK
2026-07-30T08:31:56.390458Z,1288,248.4,0,OK,OK,OK
2026-07-30T08:32:01.874109Z,1307,248.2,0,OK,OK,OK
2026-07-30T08:32:07.374440Z,1296,248.4,0,OK,OK,OK
2026-07-30T08:32:12.842657Z,1298,248.4,0,OK,OK,OK
2026-07-30T08:32:18.362211Z,1318,248.4,0,OK,OK,OK
2026-07-30T08:32:23.805964Z,1295,248.4,0,OK,OK,OK
2026-07-30T08:32:29.299100Z,1296,248.4,0,OK,OK,OK
2026-07-30T08:32:34.744603Z,1294,248.4,0,OK,OK,OK
2026-07-30T08:32:40.211566Z,1288,248.2,0,OK,OK,OK
2026-07-30T08:32:45.703102Z,1293,248.2,0,OK,OK,OK
2026-07-30T08:32:51.213616Z,1290,248.1,0,OK,OK,OK
2026-07-30T08:32:56.714960Z,1290,248.2,0,OK,OK,OK
2026-07-30T08:33:02.183466Z,1288,248.2,0,OK,OK,OK
2026-07-30T08:33:07.662642Z,1290,248.2,0,OK,OK,OK
2026-07-30T08:33:13.155830Z,1311,248.2,0,OK,OK,OK
2026-07-30T08:33:18.672268Z,1292,248.2,0,OK,OK,OK
2026-07-30T08:33:24.126034Z,1285,248.1,0,OK,OK,OK
2026-07-30T08:33:29.627876Z,1286,248.1,0,OK,OK,OK
2026-07-30T08:33:35.105052Z,1320,248.0,0,OK,OK,OK
2026-07-30T08:33:40.596768Z,1279,248.0,0,OK,OK,OK
2026-07-30T08:33:46.112918Z,1287,248.0,0,OK,OK,OK
2026-07-30T08:33:51.603712Z,1274,248.0,0,OK,OK,OK
2026-07-30T08:33:57.102580Z,1301,248.0,0,OK,OK,OK
2026-07-30T08:34:02.604347Z,1288,248.0,0,OK,OK,OK
2026-07-30T08:34:08.065230Z,1287,248.0,0,OK,OK,OK
2026-07-30T08:34:13.512808Z,1286,248.0,0,OK,OK,OK
2026-07-30T08:34:18.979005Z,1291,248.0,0,OK,OK,OK
2026-07-30T08:34:24.439565Z,1290,247.9,0,OK,OK,OK
2026-07-30T08:34:30.066059Z,1289,248.0,0,OK,OK,OK
2026-07-30T08:34:35.574720Z,1288,248.0,0,OK,OK,OK
2026-07-30T08:34:41.035422Z,1289,248.0,0,OK,OK,OK
2026-07-30T08:34:46.523732Z,1295,248.0,0,OK,OK,OK
2026-07-30T08:34:52.014751Z,1292,248.0,0,OK,OK,OK
2026-07-30T08:34:57.520036Z,1292,248.0,0,OK,OK,OK
2026-07-30T08:35:02.965467Z,1294,248.0,0,OK,OK,OK
2026-07-30T08:35:08.432085Z,1276,248.0,0,OK,OK,OK
2026-07-30T08:35:13.908485Z,1284,248.0,0,OK,OK,OK
2026-07-30T08:35:19.388693Z,1282,248.0,0,OK,OK,OK
2026-07-30T08:35:24.852956Z,1298,248.0,0,OK,OK,OK
2026-07-30T08:35:30.309049Z,1277,248.0,0,OK,OK,OK
2026-07-30T08:35:35.775690Z,1282,248.0,0,OK,OK,OK
2026-07-30T08:35:41.227328Z,1293,247.8,0,OK,OK,OK
2026-07-30T08:35:46.751652Z,1297,247.8,0,OK,OK,OK
2026-07-30T08:35:52.246954Z,1287,248.0,0,OK,OK,OK
2026-07-30T08:35:57.751033Z,1290,247.9,0,OK,OK,OK
2026-07-30T08:36:03.223265Z,1280,247.9,0,OK,OK,OK
2026-07-30T08:36:08.683846Z,1293,247.8,0,OK,OK,OK
2026-07-30T08:36:14.174829Z,1287,248.0,0,OK,OK,OK
2026-07-30T08:36:19.656458Z,1312,247.8,0,OK,OK,OK
2026-07-30T08:36:25.116823Z,1298,247.8,0,OK,OK,OK
2026-07-30T08:36:30.586548Z,1291,247.9,0,OK,OK,OK
2026-07-30T08:36:36.050880Z,1292,247.9,0,OK,OK,OK
2026-07-30T08:36:41.480998Z,1285,248.0,0,OK,OK,OK
2026-07-30T08:36:46.931469Z,1292,248.0,0,OK,OK,OK
2026-07-30T08:36:52.414644Z,1291,247.9,0,OK,OK,OK
2026-07-30T08:36:57.881355Z,1286,247.9,0,OK,OK,OK
2026-07-30T08:37:03.366102Z,1280,247.9,0,OK,OK,OK
2026-07-30T08:37:08.812230Z,1292,247.9,0,OK,OK,OK
2026-07-30T08:37:14.314393Z,1295,248.0,0,OK,OK,OK
2026-07-30T08:37:19.820207Z,1296,248.0,0,OK,OK,OK
2026-07-30T08:37:25.314205Z,1298,248.0,0,OK,OK,OK
2026-07-30T08:37:30.841544Z,1305,248.0,0,OK,OK,OK
2026-07-30T08:37:36.330601Z,1296,248.0,0,OK,OK,OK
2026-07-30T08:37:41.809132Z,1302,248.0,0,OK,OK,OK
2026-07-30T08:37:47.272366Z,1274,248.0,0,OK,OK,OK
2026-07-30T08:37:52.699687Z,1290,248.0,0,OK,OK,OK
2026-07-30T08:37:58.182754Z,1294,248.0,0,OK,OK,OK
2026-07-30T08:38:03.663117Z,1276,248.0,0,OK,OK,OK
2026-07-30T08:38:09.144484Z,1280,248.0,0,OK,OK,OK
2026-07-30T08:38:14.632990Z,1300,248.0,0,OK,OK,OK
2026-07-30T08:38:20.142750Z,1288,248.0,0,OK,OK,OK
2026-07-30T08:38:25.679229Z,1295,248.0,0,OK,OK,OK
2026-07-30T08:38:31.175802Z,1293,247.8,0,OK,OK,OK
2026-07-30T08:38:36.673603Z,1290,248.0,0,OK,OK,OK
2026-07-30T08:38:42.177256Z,1285,248.0,0,OK,OK,OK
2026-07-30T08:38:47.659691Z,1285,248.0,0,OK,OK,OK
2026-07-30T08:38:53.131255Z,1276,248.0,0,OK,OK,OK
2026-07-30T08:38:58.620210Z,1289,248.0,0,OK,OK,OK
2026-07-30T08:39:04.105674Z,1284,248.0,0,OK,OK,OK
2026-07-30T08:39:09.579041Z,1284,247.9,0,OK,OK,OK
2026-07-30T08:39:15.032570Z,1294,247.9,0,OK,OK,OK
2026-07-30T08:39:20.494605Z,1279,247.9,0,OK,OK,OK
2026-07-30T08:39:25.944168Z,1274,247.7,0,OK,OK,OK
2026-07-30T08:39:31.446310Z,1308,247.9,0,OK,OK,OK
2026-07-30T08:39:36.926852Z,1298,248.0,0,OK,OK,OK
2026-07-30T08:39:42.405458Z,1283,248.0,0,OK,OK,OK
2026-07-30T08:39:47.892373Z,1309,247.9,0,OK,OK,OK
2026-07-30T08:39:53.372786Z,1343,247.9,0,OK,OK,OK
2026-07-30T08:39:58.878116Z,1396,247.9,0,OK,OK,OK
2026-07-30T08:40:04.345303Z,1406,247.9,0,OK,OK,OK
2026-07-30T08:40:09.803695Z,1442,247.9,0,OK,OK,OK
2026-07-30T08:40:15.234679Z,1486,247.9,0,OK,OK,OK
2026-07-30T08:40:20.721355Z,1518,247.9,0,OK,OK,OK
2026-07-30T08:40:26.213751Z,1520,247.9,0,OK,OK,OK
2026-07-30T08:40:31.683757Z,1550,247.9,0,OK,OK,OK
2026-07-30T08:40:37.161145Z,1554,247.9,0,OK,OK,OK
2026-07-30T08:40:42.660318Z,1566,247.9,0,OK,OK,OK
2026-07-30T08:40:48.140291Z,1580,247.9,0,OK,OK,OK
2026-07-30T08:40:53.608713Z,1569,247.9,0,OK,OK,OK
2026-07-30T08:40:59.062194Z,1562,247.9,0,OK,OK,OK
2026-07-30T08:41:04.567135Z,1594,247.8,0,OK,OK,OK
2026-07-30T08:41:10.052613Z,1548,247.9,0,OK,OK,OK
2026-07-30T08:41:15.518992Z,1500,247.9,0,OK,OK,OK
2026-07-30T08:41:21.025518Z,1465,248.0,0,OK,OK,OK
2026-07-30T08:41:26.470130Z,1474,247.9,0,OK,OK,OK
2026-07-30T08:41:31.956699Z,1466,247.9,0,OK,OK,OK
2026-07-30T08:41:37.417105Z,1465,247.9,0,OK,OK,OK
2026-07-30T08:41:42.917522Z,1407,247.9,0,OK,OK,OK
2026-07-30T08:41:48.369661Z,1412,248.0,0,OK,OK,OK
2026-07-30T08:41:53.868884Z,1398,248.0,0,OK,OK,OK
2026-07-30T08:41:59.365427Z,1403,248.0,0,OK,OK,OK
2026-07-30T08:42:04.869886Z,1400,248.0,0,OK,OK,OK
2026-07-30T08:42:10.371140Z,1389,248.0,0,OK,OK,OK
2026-07-30T08:42:15.854319Z,1402,248.1,0,OK,OK,OK
2026-07-30T08:42:21.322359Z,1388,248.0,0,OK,OK,OK
2026-07-30T08:42:26.802809Z,1408,248.0,0,OK,OK,OK
2026-07-30T08:42:32.308707Z,1395,248.0,0,OK,OK,OK
2026-07-30T08:42:37.769310Z,1404,248.1,0,OK,OK,OK
2026-07-30T08:42:43.264956Z,1402,248.0,0,OK,OK,OK
2026-07-30T08:42:48.701142Z,1401,248.0,0,OK,OK,OK
2026-07-30T08:42:54.197335Z,1396,248.0,0,OK,OK,OK
2026-07-30T08:42:59.666986Z,1392,248.0,0,OK,OK,OK
2026-07-30T08:43:05.099570Z,1315,248.0,0,OK,OK,OK
2026-07-30T08:43:10.586740Z,1307,248.0,0,OK,OK,OK
2026-07-30T08:43:16.101832Z,1279,247.9,0,OK,OK,OK
2026-07-30T08:43:21.620218Z,1309,248.0,0,OK,OK,OK
2026-07-30T08:43:27.061933Z,1310,248.0,0,OK,OK,OK
2026-07-30T08:43:32.543954Z,1293,248.1,0,OK,OK,OK
2026-07-30T08:43:38.078782Z,1309,248.1,0,OK,OK,OK
2026-07-30T08:43:43.580390Z,1302,248.0,0,OK,OK,OK
2026-07-30T08:43:49.097862Z,1315,248.0,0,OK,OK,OK
2026-07-30T08:43:54.607015Z,1439,247.9,0,OK,OK,OK
2026-07-30T08:44:00.075966Z,1437,247.9,0,OK,OK,OK
2026-07-30T08:44:05.559365Z,1431,247.9,0,OK,OK,OK
2026-07-30T08:44:11.051448Z,1424,248.0,0,OK,OK,OK
2026-07-30T08:44:16.532352Z,1433,248.0,0,OK,OK,OK
2026-07-30T08:44:21.977524Z,1433,247.9,0,OK,OK,OK
2026-07-30T08:44:27.434283Z,1420,247.8,0,OK,OK,OK
2026-07-30T08:44:32.958728Z,1431,248.0,0,OK,OK,OK
2026-07-30T08:44:38.425989Z,1422,248.1,0,OK,OK,OK
2026-07-30T08:44:43.936672Z,1432,248.1,0,OK,OK,OK
2026-07-30T08:44:49.421979Z,1431,248.1,0,OK,OK,OK
2026-07-30T08:44:54.902293Z,1422,248.1,0,OK,OK,OK
2026-07-30T08:45:00.395296Z,1411,248.0,0,OK,OK,OK
2026-07-30T08:45:05.922705Z,1414,248.1,0,OK,OK,OK
2026-07-30T08:45:11.402799Z,1421,248.1,0,OK,OK,OK
2026-07-30T08:45:16.877877Z,1299,248.2,0,OK,OK,OK
2026-07-30T08:45:22.351863Z,1298,248.2,0,OK,OK,OK
2026-07-30T08:45:27.822783Z,1305,248.2,0,OK,OK,OK
2026-07-30T08:45:33.331293Z,1288,248.2,0,OK,OK,OK
2026-07-30T08:45:38.809922Z,1306,248.2,0,OK,OK,OK
2026-07-30T08:45:44.342419Z,1312,247.9,0,OK,OK,OK
2026-07-30T08:45:49.827461Z,1303,248.0,0,OK,OK,OK
2026-07-30T08:45:55.282579Z,1308,248.1,0,OK,OK,OK
2026-07-30T08:46:00.813311Z,1305,248.0,0,OK,OK,OK
2026-07-30T08:46:06.288249Z,1292,248.2,0,OK,OK,OK
2026-07-30T08:46:11.747606Z,1305,248.2,0,OK,OK,OK
2026-07-30T08:46:17.246327Z,1289,248.2,0,OK,OK,OK
2026-07-30T08:46:22.711843Z,1301,248.2,0,OK,OK,OK
2026-07-30T08:46:28.164445Z,1302,248.2,0,OK,OK,OK
2026-07-30T08:46:33.618456Z,1286,248.2,0,OK,OK,OK
2026-07-30T08:46:39.123987Z,1303,248.1,0,OK,OK,OK
2026-07-30T08:46:44.636150Z,1304,248.2,0,OK,OK,OK
2026-07-30T08:46:50.133205Z,1284,248.1,0,OK,OK,OK
2026-07-30T08:46:55.620899Z,1301,248.1,0,OK,OK,OK
2026-07-30T08:47:01.143523Z,1302,248.1,0,OK,OK,OK
2026-07-30T08:47:06.635097Z,1299,248.1,0,OK,OK,OK
2026-07-30T08:47:12.122378Z,1391,248.1,0,OK,OK,OK
2026-07-30T08:47:17.608299Z,1399,248.0,0,OK,OK,OK
2026-07-30T08:47:23.100833Z,1408,248.1,0,OK,OK,OK
2026-07-30T08:47:28.586934Z,1422,248.2,0,OK,OK,OK
2026-07-30T08:47:34.065939Z,1401,248.1,0,OK,OK,OK
2026-07-30T08:47:39.528470Z,1400,248.2,0,OK,OK,OK
2026-07-30T08:47:45.017972Z,1398,248.2,0,OK,OK,OK
2026-07-30T08:47:50.476961Z,1414,248.1,0,OK,OK,OK
2026-07-30T08:47:55.974347Z,1406,248.1,0,OK,OK,OK
2026-07-30T08:48:01.514296Z,1400,248.1,0,OK,OK,OK
2026-07-30T08:48:07.003043Z,1383,248.1,0,OK,OK,OK
2026-07-30T08:48:12.470422Z,1385,248.1,0,OK,OK,OK
2026-07-30T08:48:17.955717Z,1383,248.1,0,OK,OK,OK
2026-07-30T08:48:23.457255Z,1411,248.1,0,OK,OK,OK
2026-07-30T08:48:28.918591Z,1394,248.1,0,OK,OK,OK
2026-07-30T08:48:34.409682Z,1374,248.2,0,OK,OK,OK
2026-07-30T08:48:39.878938Z,1391,248.2,0,OK,OK,OK
2026-07-30T08:48:45.350356Z,1377,248.2,0,OK,OK,OK
2026-07-30T08:48:50.802599Z,1386,248.2,0,OK,OK,OK
2026-07-30T08:48:56.289154Z,1387,248.2,0,OK,OK,OK
2026-07-30T08:49:01.744500Z,1381,248.2,0,OK,OK,OK
2026-07-30T08:49:07.239090Z,1375,248.2,0,OK,OK,OK
2026-07-30T08:49:12.693512Z,1383,248.1,0,OK,OK,OK
2026-07-30T08:49:18.179557Z,1377,248.1,0,OK,OK,OK
2026-07-30T08:49:23.695616Z,1378,248.1,0,OK,OK,OK
2026-07-30T08:49:29.210260Z,1377,248.1,0,OK,OK,OK
2026-07-30T08:49:34.691902Z,1371,248.1,0,OK,OK,OK
2026-07-30T08:49:40.205541Z,1390,248.1,0,OK,OK,OK
2026-07-30T08:49:45.695418Z,1374,248.1,0,OK,OK,OK
2026-07-30T08:49:51.153776Z,1378,248.1,0,OK,OK,OK
2026-07-30T08:49:56.693938Z,1379,248.2,0,OK,OK,OK
2026-07-30T08:50:02.189519Z,1366,248.2,0,OK,OK,OK
2026-07-30T08:50:07.671682Z,1377,248.1,0,OK,OK,OK
2026-07-30T08:50:13.127383Z,1393,248.2,0,OK,OK,OK
2026-07-30T08:50:18.606169Z,1383,248.2,0,OK,OK,OK
2026-07-30T08:50:24.058674Z,1379,248.1,0,OK,OK,OK
2026-07-30T08:50:29.506181Z,1366,248.1,0,OK,OK,OK
2026-07-30T08:50:34.957387Z,1377,248.1,0,OK,OK,OK
2026-07-30T08:50:40.460598Z,1375,248.0,0,OK,OK,OK
2026-07-30T08:50:45.935000Z,1380,248.1,0,OK,OK,OK
2026-07-30T08:50:51.436250Z,1376,247.8,0,OK,OK,OK
2026-07-30T08:50:56.940683Z,1368,248.0,0,OK,OK,OK
2026-07-30T08:51:02.401391Z,1383,248.1,0,OK,OK,OK
2026-07-30T08:51:07.884423Z,1382,248.0,0,OK,OK,OK
2026-07-30T08:51:13.351128Z,1388,248.0,0,OK,OK,OK
2026-07-30T08:51:18.853782Z,1382,248.1,0,OK,OK,OK
2026-07-30T08:51:24.353281Z,1374,247.8,0,OK,OK,OK
2026-07-30T08:51:29.830127Z,1380,248.0,0,OK,OK,OK
2026-07-30T08:51:35.350478Z,1384,247.9,0,OK,OK,OK
2026-07-30T08:51:40.822628Z,1383,248.0,0,OK,OK,OK
2026-07-30T08:51:46.276560Z,1385,247.9,0,OK,OK,OK
2026-07-30T08:51:51.758577Z,1372,248.0,0,OK,OK,OK
2026-07-30T08:51:57.253065Z,1378,248.0,0,OK,OK,OK
2026-07-30T08:52:02.746904Z,1376,248.0,0,OK,OK,OK
2026-07-30T08:52:08.200232Z,1384,248.2,0,OK,OK,OK
2026-07-30T08:52:13.703613Z,1375,248.0,0,OK,OK,OK
2026-07-30T08:52:19.167568Z,1370,248.0,0,OK,OK,OK
2026-07-30T08:52:24.676641Z,1384,247.9,0,OK,OK,OK
2026-07-30T08:52:30.159947Z,1393,248.0,0,OK,OK,OK
2026-07-30T08:52:35.653120Z,1360,247.9,0,OK,OK,OK
2026-07-30T08:52:41.125144Z,1375,248.0,0,OK,OK,OK
2026-07-30T08:52:46.608351Z,1374,248.0,0,OK,OK,OK
2026-07-30T08:52:52.061226Z,1363,247.9,0,OK,OK,OK
2026-07-30T08:52:57.552258Z,1384,248.0,0,OK,OK,OK
2026-07-30T08:53:03.050449Z,1365,248.0,0,OK,OK,OK
2026-07-30T08:53:08.531581Z,1371,248.0,0,OK,OK,OK
2026-07-30T08:53:14.004955Z,1370,248.2,0,OK,OK,OK
2026-07-30T08:53:19.493618Z,1379,248.0,0,OK,OK,OK
2026-07-30T08:53:25.007718Z,1378,247.9,0,OK,OK,OK
2026-07-30T08:53:30.496866Z,1382,247.9,0,OK,OK,OK
2026-07-30T08:53:35.951180Z,1357,248.0,0,OK,OK,OK
2026-07-30T08:53:41.451751Z,1380,247.9,0,OK,OK,OK
2026-07-30T08:53:46.966928Z,1365,248.1,0,OK,OK,OK
2026-07-30T08:53:52.453627Z,1377,248.1,0,OK,OK,OK
2026-07-30T08:53:57.963686Z,1373,248.1,0,OK,OK,OK
2026-07-30T08:54:03.456919Z,1379,248.0,0,OK,OK,OK
2026-07-30T08:54:08.936607Z,1366,248.0,0,OK,OK,OK
2026-07-30T08:54:14.429730Z,1379,247.9,0,OK,OK,OK
2026-07-30T08:54:19.901659Z,1364,247.9,0,OK,OK,OK
2026-07-30T08:54:25.386781Z,1372,247.9,0,OK,OK,OK
2026-07-30T08:54:30.937321Z,1372,247.9,0,OK,OK,OK
2026-07-30T08:54:36.437670Z,1378,248.0,0,OK,OK,OK
2026-07-30T08:54:41.935809Z,1375,248.1,0,OK,OK,OK
2026-07-30T08:54:47.452036Z,1376,248.1,0,OK,OK,OK
2026-07-30T08:54:52.966031Z,1391,248.0,0,OK,OK,OK
2026-07-30T08:54:58.420752Z,1380,248.1,0,OK,OK,OK
2026-07-30T08:55:03.853242Z,1362,248.0,0,OK,OK,OK
2026-07-30T08:55:09.339979Z,1380,248.1,0,OK,OK,OK
2026-07-30T08:55:14.817634Z,1364,247.9,0,OK,OK,OK
2026-07-30T08:55:20.293075Z,1361,248.0,0,OK,OK,OK
2026-07-30T08:55:25.794999Z,1372,247.9,0,OK,OK,OK
2026-07-30T08:55:31.284378Z,1363,247.9,0,OK,OK,OK
2026-07-30T08:55:36.749994Z,1390,247.9,0,OK,OK,OK
2026-07-30T08:55:42.257108Z,1394,247.9,0,OK,OK,OK
2026-07-30T08:55:47.738570Z,1397,248.0,0,OK,OK,OK
2026-07-30T08:55:53.229869Z,1387,248.0,0,OK,OK,OK
2026-07-30T08:55:58.672064Z,1395,247.9,0,OK,OK,OK
2026-07-30T08:56:04.114291Z,1381,247.9,0,OK,OK,OK
2026-07-30T08:56:09.589238Z,1397,247.9,0,OK,OK,OK
2026-07-30T08:56:15.056479Z,1379,247.9,0,OK,OK,OK
2026-07-30T08:56:20.567664Z,1378,247.9,0,OK,OK,OK
2026-07-30T08:56:26.049655Z,1386,247.9,0,OK,OK,OK
2026-07-30T08:56:31.576566Z,1376,247.9,0,OK,OK,OK
2026-07-30T08:56:37.030192Z,1376,247.9,0,OK,OK,OK
2026-07-30T08:56:42.518892Z,1380,247.9,0,OK,OK,OK
2026-07-30T08:56:48.010826Z,1374,247.8,0,OK,OK,OK
2026-07-30T08:56:53.481227Z,1374,247.7,0,OK,OK,OK
2026-07-30T08:56:58.969139Z,1376,247.8,0,OK,OK,OK
2026-07-30T08:57:04.465343Z,1379,247.9,0,OK,OK,OK
2026-07-30T08:57:09.954211Z,1373,247.9,0,OK,OK,OK
2026-07-30T08:57:15.441499Z,1371,247.9,0,OK,OK,OK
2026-07-30T08:57:20.930070Z,1381,247.8,0,OK,OK,OK
2026-07-30T08:57:26.404520Z,1388,247.9,0,OK,OK,OK
2026-07-30T08:57:31.921812Z,1381,247.8,0,OK,OK,OK
2026-07-30T08:57:37.389770Z,1373,247.9,0,OK,OK,OK
2026-07-30T08:57:42.864284Z,1372,247.9,0,OK,OK,OK
2026-07-30T08:57:48.297426Z,1390,248.0,0,OK,OK,OK
2026-07-30T08:57:53.802236Z,1381,247.9,0,OK,OK,OK
2026-07-30T08:57:59.294721Z,1373,247.9,0,OK,OK,OK
2026-07-30T08:58:04.794705Z,1370,247.9,0,OK,OK,OK
2026-07-30T08:58:10.297192Z,1376,247.9,0,OK,OK,OK
2026-07-30T08:58:15.836799Z,1383,247.9,0,OK,OK,OK
2026-07-30T08:58:21.305890Z,1363,247.9,0,OK,OK,OK
2026-07-30T08:58:26.782327Z,1378,247.9,0,OK,OK,OK
2026-07-30T08:58:32.300071Z,1377,248.0,0,OK,OK,OK
2026-07-30T08:58:37.752142Z,1369,248.0,0,OK,OK,OK
2026-07-30T08:58:43.232480Z,1378,248.0,0,OK,OK,OK
2026-07-30T08:58:48.686149Z,1379,248.0,0,OK,OK,OK
2026-07-30T08:58:54.186834Z,1376,248.0,0,OK,OK,OK
2026-07-30T08:58:59.644305Z,1378,248.1,0,OK,OK,OK
2026-07-30T08:59:05.182020Z,1385,248.1,0,OK,OK,OK
2026-07-30T08:59:10.624278Z,1383,248.0,0,OK,OK,OK
2026-07-30T08:59:16.096342Z,1373,248.0,0,OK,OK,OK
2026-07-30T08:59:21.589520Z,1378,248.0,0,OK,OK,OK
2026-07-30T08:59:27.097129Z,1375,247.9,0,OK,OK,OK
2026-07-30T08:59:32.601479Z,1388,248.0,0,OK,OK,OK
2026-07-30T08:59:38.090360Z,1389,248.0,0,OK,OK,OK
2026-07-30T08:59:43.533932Z,1378,248.0,0,OK,OK,OK
2026-07-30T08:59:49.072414Z,1398,248.0,0,OK,OK,OK
2026-07-30T08:59:54.580844Z,1384,248.1,0,OK,OK,OK
2026-07-30T09:00:00.084296Z,1376,248.0,0,OK,OK,OK
2026-07-30T09:00:05.558928Z,1419,248.0,0,OK,OK,OK
2026-07-30T09:00:11.046205Z,1492,247.8,0,OK,OK,OK
2026-07-30T09:00:16.523563Z,1531,248.0,0,OK,OK,OK
2026-07-30T09:00:21.949375Z,1595,247.9,0,OK,OK,OK
2026-07-30T09:00:27.412809Z,1603,247.7,0,OK,OK,OK
2026-07-30T09:00:32.843896Z,1614,247.8,0,OK,OK,OK
2026-07-30T09:00:38.333351Z,1624,247.7,0,OK,OK,OK
2026-07-30T09:00:43.828984Z,1627,247.7,0,OK,OK,OK
2026-07-30T09:00:49.316114Z,1648,247.8,0,OK,OK,OK
2026-07-30T09:00:54.813964Z,1661,247.8,0,OK,OK,OK
2026-07-30T09:01:00.289951Z,1664,247.9,0,OK,OK,OK
2026-07-30T09:01:05.799312Z,1662,247.8,0,OK,OK,OK
2026-07-30T09:01:11.235939Z,1658,247.8,0,OK,OK,OK
2026-07-30T09:01:16.739379Z,1599,248.0,0,OK,OK,OK
2026-07-30T09:01:22.183484Z,1578,248.0,0,OK,OK,OK
2026-07-30T09:01:27.651960Z,1568,248.0,0,OK,OK,OK
2026-07-30T09:01:33.099565Z,1537,247.9,0,OK,OK,OK
2026-07-30T09:01:38.570986Z,1543,248.0,0,OK,OK,OK
2026-07-30T09:01:44.032447Z,1528,248.0,0,OK,OK,OK
2026-07-30T09:01:49.511904Z,1495,248.0,0,OK,OK,OK
2026-07-30T09:01:54.949958Z,1486,248.0,0,OK,OK,OK
2026-07-30T09:02:00.440937Z,1482,248.0,0,OK,OK,OK
2026-07-30T09:02:05.938988Z,1475,248.0,0,OK,OK,OK
2026-07-30T09:02:11.436214Z,1475,248.0,0,OK,OK,OK
2026-07-30T09:02:16.912855Z,1483,247.8,0,OK,OK,OK
2026-07-30T09:02:22.378683Z,1492,248.0,0,OK,OK,OK
2026-07-30T09:02:27.855956Z,1483,247.9,0,OK,OK,OK
2026-07-30T09:02:33.329928Z,1483,248.0,0,OK,OK,OK
2026-07-30T09:02:38.832005Z,1473,248.0,0,OK,OK,OK
2026-07-30T09:02:44.289099Z,1478,248.0,0,OK,OK,OK
2026-07-30T09:02:49.777376Z,1481,248.0,0,OK,OK,OK
2026-07-30T09:02:55.284894Z,1478,248.0,0,OK,OK,OK
2026-07-30T09:03:00.760366Z,1481,248.0,0,OK,OK,OK
2026-07-30T09:03:06.259780Z,1472,247.8,0,OK,OK,OK
2026-07-30T09:03:11.790486Z,1384,248.1,0,OK,OK,OK
2026-07-30T09:03:17.317826Z,1387,248.1,0,OK,OK,OK
2026-07-30T09:03:22.792941Z,1395,248.1,0,OK,OK,OK
2026-07-30T09:03:28.277334Z,1386,248.0,0,OK,OK,OK
2026-07-30T09:03:33.773459Z,1387,248.1,0,OK,OK,OK
2026-07-30T09:03:39.278203Z,1392,248.1,0,OK,OK,OK
2026-07-30T09:03:44.736586Z,1387,248.1,0,OK,OK,OK
2026-07-30T09:03:50.201834Z,1379,248.1,0,OK,OK,OK
2026-07-30T09:03:55.710846Z,1395,248.1,0,OK,OK,OK
2026-07-30T09:04:01.204405Z,1388,248.1,0,OK,OK,OK
2026-07-30T09:04:06.698367Z,1383,248.1,0,OK,OK,OK
2026-07-30T09:04:12.197832Z,1376,248.1,0,OK,OK,OK
2026-07-30T09:04:17.630248Z,1381,248.1,0,OK,OK,OK
2026-07-30T09:04:23.150296Z,1389,248.2,0,OK,OK,OK
2026-07-30T09:04:28.593257Z,1392,248.1,0,OK,OK,OK
2026-07-30T09:04:34.099879Z,1387,248.1,0,OK,OK,OK
2026-07-30T09:04:39.590999Z,1392,248.1,0,OK,OK,OK
2026-07-30T09:04:45.067250Z,1383,248.1,0,OK,OK,OK
2026-07-30T09:04:50.554316Z,1386,248.0,0,OK,OK,OK
2026-07-30T09:04:56.021626Z,1386,247.9,0,OK,OK,OK
2026-07-30T09:05:01.512409Z,1373,248.1,0,OK,OK,OK
2026-07-30T09:05:06.986293Z,1381,248.1,0,OK,OK,OK
2026-07-30T09:05:12.496149Z,1375,248.1,0,OK,OK,OK
2026-07-30T09:05:18.036446Z,1377,248.1,0,OK,OK,OK
2026-07-30T09:05:23.504531Z,1379,248.1,0,OK,OK,OK
2026-07-30T09:05:28.994039Z,1384,248.0,0,OK,OK,OK
2026-07-30T09:05:34.500967Z,1369,248.0,0,OK,OK,OK
2026-07-30T09:05:39.994536Z,1371,248.0,0,OK,OK,OK
2026-07-30T09:05:45.447664Z,1370,248.1,0,OK,OK,OK
2026-07-30T09:05:50.952867Z,1378,248.1,0,OK,OK,OK
2026-07-30T09:05:56.459469Z,1380,248.1,0,OK,OK,OK
2026-07-30T09:06:01.907153Z,1383,248.1,0,OK,OK,OK
2026-07-30T09:06:07.391446Z,1380,248.1,0,OK,OK,OK
2026-07-30T09:06:12.850806Z,1388,248.1,0,OK,OK,OK
2026-07-30T09:06:18.353056Z,1383,248.1,0,OK,OK,OK
2026-07-30T09:06:23.799613Z,1380,248.1,0,OK,OK,OK
2026-07-30T09:06:29.282423Z,1383,248.1,0,OK,OK,OK
2026-07-30T09:06:34.784228Z,1380,248.0,0,OK,OK,OK
2026-07-30T09:06:40.261264Z,1371,248.1,0,OK,OK,OK
2026-07-30T09:06:45.726287Z,1374,248.0,0,OK,OK,OK
2026-07-30T09:06:51.238681Z,1381,248.1,0,OK,OK,OK
2026-07-30T09:06:56.745416Z,1379,248.1,0,OK,OK,OK
2026-07-30T09:07:02.234100Z,1378,248.1,0,OK,OK,OK
2026-07-30T09:07:07.745581Z,1376,248.1,0,OK,OK,OK
2026-07-30T09:07:13.205306Z,1371,248.1,0,OK,OK,OK
2026-07-30T09:07:18.697687Z,1364,248.0,0,OK,OK,OK
2026-07-30T09:07:24.150098Z,1379,247.8,0,OK,OK,OK
2026-07-30T09:07:29.654036Z,1379,247.9,0,OK,OK,OK
2026-07-30T09:07:35.130991Z,1370,247.8,0,OK,OK,OK
2026-07-30T09:07:40.603472Z,1376,247.8,0,OK,OK,OK
2026-07-30T09:07:46.047727Z,1375,247.8,0,OK,OK,OK
2026-07-30T09:07:51.480865Z,1370,247.8,0,OK,OK,OK
2026-07-30T09:07:56.977708Z,1305,247.9,0,OK,OK,OK
2026-07-30T09:08:02.477556Z,1284,247.8,0,OK,OK,OK
2026-07-30T09:08:07.948709Z,1288,247.9,0,OK,OK,OK
2026-07-30T09:08:13.410615Z,1296,247.9,0,OK,OK,OK
2026-07-30T09:08:18.934300Z,1290,247.9,0,OK,OK,OK
2026-07-30T09:08:24.358348Z,1286,247.7,0,OK,OK,OK
2026-07-30T09:08:29.842559Z,1285,247.9,0,OK,OK,OK
2026-07-30T09:08:35.308267Z,1297,247.9,0,OK,OK,OK
2026-07-30T09:08:40.817091Z,1274,247.9,0,OK,OK,OK
2026-07-30T09:08:46.276425Z,1277,247.9,0,OK,OK,OK
2026-07-30T09:08:51.756613Z,1291,247.9,0,OK,OK,OK
2026-07-30T09:08:57.224296Z,1289,247.9,0,OK,OK,OK
2026-07-30T09:09:02.697393Z,1276,247.9,0,OK,OK,OK
2026-07-30T09:09:08.152805Z,1295,247.8,0,OK,OK,OK
2026-07-30T09:09:13.620325Z,1296,247.9,0,OK,OK,OK
2026-07-30T09:09:19.115066Z,1281,247.8,0,OK,OK,OK
2026-07-30T09:09:24.550818Z,1284,247.8,0,OK,OK,OK
2026-07-30T09:09:30.057978Z,1296,247.9,0,OK,OK,OK
2026-07-30T09:09:35.531532Z,1272,247.8,0,OK,OK,OK
2026-07-30T09:09:40.993528Z,1290,247.9,0,OK,OK,OK
2026-07-30T09:09:46.491326Z,1274,247.8,0,OK,OK,OK
2026-07-30T09:09:52.009739Z,1292,248.0,0,OK,OK,OK
2026-07-30T09:09:57.494185Z,1275,247.9,0,OK,OK,OK
2026-07-30T09:10:02.980338Z,1294,247.9,0,OK,OK,OK
2026-07-30T09:10:08.478759Z,1289,248.0,0,OK,OK,OK
2026-07-30T09:10:13.971643Z,1297,247.9,0,OK,OK,OK
2026-07-30T09:10:19.487389Z,1288,247.9,0,OK,OK,OK
2026-07-30T09:10:24.936049Z,1277,247.8,0,OK,OK,OK
2026-07-30T09:10:30.403459Z,1288,247.7,0,OK,OK,OK
2026-07-30T09:10:35.867660Z,1291,247.8,0,OK,OK,OK
2026-07-30T09:10:41.354610Z,1305,247.9,0,OK,OK,OK
2026-07-30T09:10:46.855671Z,1305,247.8,0,OK,OK,OK
2026-07-30T09:10:52.369770Z,1304,247.7,0,OK,OK,OK
2026-07-30T09:10:57.866522Z,1285,247.7,0,OK,OK,OK
2026-07-30T09:11:03.363072Z,1292,247.7,0,OK,OK,OK
2026-07-30T09:11:08.870738Z,1291,247.7,0,OK,OK,OK
2026-07-30T09:11:14.394944Z,1290,247.5,0,OK,OK,OK
2026-07-30T09:11:19.894408Z,1295,247.5,0,OK,OK,OK
2026-07-30T09:11:25.381034Z,1314,247.6,0,OK,OK,OK
2026-07-30T09:11:30.871867Z,1287,247.5,0,OK,OK,OK
2026-07-30T09:11:36.376607Z,1286,247.6,0,OK,OK,OK
2026-07-30T09:11:41.828723Z,1293,247.7,0,OK,OK,OK
2026-07-30T09:11:47.296583Z,1296,247.7,0,OK,OK,OK
2026-07-30T09:11:52.805832Z,1293,247.7,0,OK,OK,OK
2026-07-30T09:11:58.334299Z,1293,247.9,0,OK,OK,OK
2026-07-30T09:12:03.826732Z,1274,247.9,0,OK,OK,OK
2026-07-30T09:12:09.302909Z,1298,247.9,0,OK,OK,OK
2026-07-30T09:12:14.795791Z,1296,247.9,0,OK,OK,OK
2026-07-30T09:12:20.322594Z,1300,247.9,0,OK,OK,OK
2026-07-30T09:12:25.825533Z,1299,247.9,0,OK,OK,OK
2026-07-30T09:12:31.266895Z,1304,248.0,0,OK,OK,OK
2026-07-30T09:12:36.775495Z,1270,247.8,0,OK,OK,OK
2026-07-30T09:12:42.230234Z,1292,247.8,0,OK,OK,OK
2026-07-30T09:12:47.706755Z,1385,247.9,0,OK,OK,OK
2026-07-30T09:12:53.210332Z,1358,247.9,0,OK,OK,OK
2026-07-30T09:12:58.705338Z,1356,247.8,0,OK,OK,OK
2026-07-30T09:13:04.238384Z,1346,248.0,0,OK,OK,OK
2026-07-30T09:13:09.724644Z,1357,248.0,0,OK,OK,OK
2026-07-30T09:13:15.171293Z,1335,247.9,0,OK,OK,OK
2026-07-30T09:13:20.655608Z,1344,248.0,0,OK,OK,OK
2026-07-30T09:13:26.151837Z,1344,248.0,0,OK,OK,OK
2026-07-30T09:13:31.621593Z,1354,247.8,0,OK,OK,OK
2026-07-30T09:13:37.140405Z,1348,247.9,0,OK,OK,OK
2026-07-30T09:13:42.643232Z,1342,247.9,0,OK,OK,OK
2026-07-30T09:13:48.099062Z,1338,248.0,0,OK,OK,OK
2026-07-30T09:13:53.625274Z,1301,247.8,0,OK,OK,OK
2026-07-30T09:13:59.127854Z,1323,248.0,0,OK,OK,OK
2026-07-30T09:14:04.617068Z,1328,247.8,0,OK,OK,OK
2026-07-30T09:14:10.056170Z,1308,247.9,0,OK,OK,OK
2026-07-30T09:14:15.506372Z,1300,247.9,0,OK,OK,OK
2026-07-30T09:14:21.010624Z,1327,248.0,0,OK,OK,OK
2026-07-30T09:14:26.502561Z,1321,247.9,0,OK,OK,OK
2026-07-30T09:14:31.975634Z,1314,248.0,0,OK,OK,OK
2026-07-30T09:14:37.477602Z,1307,247.9,0,OK,OK,OK
2026-07-30T09:14:42.985470Z,1319,247.9,0,OK,OK,OK
2026-07-30T09:14:48.477289Z,1302,247.9,0,OK,OK,OK
2026-07-30T09:14:53.972344Z,1318,248.0,0,OK,OK,OK
2026-07-30T09:14:59.449028Z,1320,247.9,0,OK,OK,OK
2026-07-30T09:15:04.930821Z,1326,247.8,0,OK,OK,OK
2026-07-30T09:15:10.406702Z,1317,247.8,0,OK,OK,OK
2026-07-30T09:15:15.915630Z,1303,247.8,0,OK,OK,OK
2026-07-30T09:15:21.391467Z,1332,247.9,0,OK,OK,OK
2026-07-30T09:15:26.842325Z,1334,247.8,0,OK,OK,OK
2026-07-30T09:15:32.290301Z,1317,247.9,0,OK,OK,OK
2026-07-30T09:15:37.722533Z,1284,247.9,0,OK,OK,OK
2026-07-30T09:15:43.208226Z,1295,247.9,0,OK,OK,OK
2026-07-30T09:15:48.675641Z,1302,247.8,0,OK,OK,OK
2026-07-30T09:15:54.180838Z,1299,247.8,0,OK,OK,OK
2026-07-30T09:15:59.648372Z,1296,247.8,0,OK,OK,OK
2026-07-30T09:16:05.137855Z,1298,247.8,0,OK,OK,OK
2026-07-30T09:16:10.609362Z,1327,247.9,0,OK,OK,OK
2026-07-30T09:16:16.120408Z,1284,247.9,0,OK,OK,OK
2026-07-30T09:16:21.599301Z,1282,247.9,0,OK,OK,OK
2026-07-30T09:16:27.108257Z,1299,247.8,0,OK,OK,OK
2026-07-30T09:16:32.579947Z,1285,247.9,0,OK,OK,OK
2026-07-30T09:16:38.092919Z,1288,247.9,0,OK,OK,OK
2026-07-30T09:16:43.603993Z,1290,247.9,0,OK,OK,OK
2026-07-30T09:16:49.129405Z,1285,247.9,0,OK,OK,OK
2026-07-30T09:16:54.598343Z,1280,247.8,0,OK,OK,OK
2026-07-30T09:17:00.036883Z,1289,247.9,0,OK,OK,OK
2026-07-30T09:17:05.529017Z,1269,247.9,0,OK,OK,OK
2026-07-30T09:17:11.000914Z,1294,247.9,0,OK,OK,OK
2026-07-30T09:17:16.498988Z,1301,247.9,0,OK,OK,OK
2026-07-30T09:17:21.950039Z,1288,247.9,0,OK,OK,OK
2026-07-30T09:17:27.457184Z,1296,247.9,0,OK,OK,OK
2026-07-30T09:17:32.944936Z,1289,248.0,0,OK,OK,OK
2026-07-30T09:17:38.409999Z,1290,247.9,0,OK,OK,OK
2026-07-30T09:17:43.901532Z,1288,247.9,0,OK,OK,OK
2026-07-30T09:17:49.401098Z,1291,248.0,0,OK,OK,OK
2026-07-30T09:17:54.892055Z,1296,248.0,0,OK,OK,OK
2026-07-30T09:18:00.418995Z,1292,247.9,0,OK,OK,OK
2026-07-30T09:18:05.913768Z,1292,247.9,0,OK,OK,OK
2026-07-30T09:18:11.355940Z,1292,247.9,0,OK,OK,OK
2026-07-30T09:18:16.859984Z,1293,248.0,0,OK,OK,OK
2026-07-30T09:18:22.315520Z,1289,247.9,0,OK,OK,OK
2026-07-30T09:18:27.801745Z,1292,247.9,0,OK,OK,OK
2026-07-30T09:18:33.307009Z,1293,247.9,0,OK,OK,OK
2026-07-30T09:18:38.797801Z,1289,247.9,0,OK,OK,OK
2026-07-30T09:18:44.289744Z,1289,247.9,0,OK,OK,OK
2026-07-30T09:18:49.776358Z,1280,248.0,0,OK,OK,OK
2026-07-30T09:18:55.248346Z,1295,247.9,0,OK,OK,OK
2026-07-30T09:19:00.765652Z,1298,247.9,0,OK,OK,OK
2026-07-30T09:19:06.245235Z,1298,248.0,0,OK,OK,OK
2026-07-30T09:19:11.723958Z,1295,247.9,0,OK,OK,OK
2026-07-30T09:19:17.184672Z,1277,247.9,0,OK,OK,OK
2026-07-30T09:19:22.666651Z,1286,248.0,0,OK,OK,OK
2026-07-30T09:19:28.171989Z,1279,248.0,0,OK,OK,OK
2026-07-30T09:19:33.629886Z,1284,248.0,0,OK,OK,OK
2026-07-30T09:19:39.126712Z,1278,248.1,0,OK,OK,OK
2026-07-30T09:19:44.595656Z,1270,248.0,0,OK,OK,OK
2026-07-30T09:19:50.087306Z,1285,247.9,0,OK,OK,OK
2026-07-30T09:19:55.545550Z,1281,247.9,0,OK,OK,OK
2026-07-30T09:20:01.065917Z,1277,247.9,0,OK,OK,OK
2026-07-30T09:20:06.561791Z,1280,247.9,0,OK,OK,OK
2026-07-30T09:20:12.085332Z,1276,247.9,0,OK,OK,OK
2026-07-30T09:20:17.538107Z,1278,247.9,0,OK,OK,OK
2026-07-30T09:20:22.987762Z,1281,247.9,0,OK,OK,OK
2026-07-30T09:20:28.491955Z,1298,247.9,0,OK,OK,OK
2026-07-30T09:20:33.981040Z,1278,247.9,0,OK,OK,OK
2026-07-30T09:20:39.447056Z,1274,247.9,0,OK,OK,OK
2026-07-30T09:20:44.898584Z,1280,248.0,0,OK,OK,OK
2026-07-30T09:20:50.398698Z,1285,248.1,0,OK,OK,OK
2026-07-30T09:20:55.881209Z,1300,247.9,0,OK,OK,OK
2026-07-30T09:21:01.365580Z,1286,248.3,0,OK,OK,OK
2026-07-30T09:21:06.845556Z,1291,248.3,0,OK,OK,OK
2026-07-30T09:21:12.308390Z,1276,248.4,0,OK,OK,OK
2026-07-30T09:21:17.761275Z,1283,248.5,0,OK,OK,OK
2026-07-30T09:21:23.229378Z,1279,248.5,0,OK,OK,OK
2026-07-30T09:21:28.692515Z,1279,248.3,0,OK,OK,OK
2026-07-30T09:21:34.163327Z,1284,248.3,0,OK,OK,OK
2026-07-30T09:21:39.632508Z,1277,248.3,0,OK,OK,OK
2026-07-30T09:21:45.119255Z,1317,248.3,0,OK,OK,OK
2026-07-30T09:21:50.604119Z,1303,248.2,0,OK,OK,OK
2026-07-30T09:21:56.085223Z,1282,248.2,0,OK,OK,OK
2026-07-30T09:22:01.525968Z,1290,248.2,0,OK,OK,OK
2026-07-30T09:22:06.989854Z,1294,248.2,0,OK,OK,OK
2026-07-30T09:22:12.493684Z,1282,248.2,0,OK,OK,OK
2026-07-30T09:22:17.971270Z,1288,248.3,0,OK,OK,OK
2026-07-30T09:22:23.480404Z,1291,248.2,0,OK,OK,OK
2026-07-30T09:22:28.961703Z,1408,248.3,0,OK,OK,OK
2026-07-30T09:22:34.429998Z,1406,248.3,0,OK,OK,OK
2026-07-30T09:22:39.920294Z,1438,248.3,0,OK,OK,OK
2026-07-30T09:22:45.395309Z,1470,248.2,0,OK,OK,OK
2026-07-30T09:22:50.881974Z,1495,248.2,0,OK,OK,OK
2026-07-30T09:22:56.333463Z,1515,248.2,0,OK,OK,OK
2026-07-30T09:23:01.835912Z,1534,248.2,0,OK,OK,OK
2026-07-30T09:23:07.305896Z,1537,247.9,0,OK,OK,OK
2026-07-30T09:23:12.769260Z,1559,248.1,0,OK,OK,OK
2026-07-30T09:23:18.220770Z,1562,248.1,0,OK,OK,OK
2026-07-30T09:23:23.738302Z,1564,248.1,0,OK,OK,OK
2026-07-30T09:23:29.260038Z,1559,248.2,0,OK,OK,OK
2026-07-30T09:23:34.719778Z,1564,248.1,0,OK,OK,OK
2026-07-30T09:23:40.254829Z,1541,248.1,0,OK,OK,OK
2026-07-30T09:23:45.742559Z,1443,248.1,0,OK,OK,OK
2026-07-30T09:23:51.246602Z,1402,248.0,0,OK,OK,OK
2026-07-30T09:23:56.724081Z,1400,248.0,0,OK,OK,OK
2026-07-30T09:24:02.213067Z,1390,248.1,0,OK,OK,OK
2026-07-30T09:24:07.711289Z,1394,248.2,0,OK,OK,OK
2026-07-30T09:24:13.227195Z,1385,248.2,0,OK,OK,OK
2026-07-30T09:24:18.688722Z,1386,248.2,0,OK,OK,OK
2026-07-30T09:24:24.174718Z,1380,248.1,0,OK,OK,OK
2026-07-30T09:24:29.620110Z,1481,248.0,0,OK,OK,OK
2026-07-30T09:24:35.106674Z,1487,248.0,0,OK,OK,OK
2026-07-30T09:24:40.613514Z,1482,248.0,0,OK,OK,OK
2026-07-30T09:24:46.133344Z,1490,247.9,0,OK,OK,OK
2026-07-30T09:24:51.624609Z,1500,247.9,0,OK,OK,OK
2026-07-30T09:24:57.120781Z,1502,247.9,0,OK,OK,OK
2026-07-30T09:25:02.608377Z,1492,247.9,0,OK,OK,OK
2026-07-30T09:25:08.103573Z,1486,248.0,0,OK,OK,OK
2026-07-30T09:25:13.612810Z,1489,248.1,0,OK,OK,OK
2026-07-30T09:25:19.104127Z,1493,248.1,0,OK,OK,OK
2026-07-30T09:25:24.601401Z,1486,247.9,0,OK,OK,OK
2026-07-30T09:25:30.071251Z,1490,247.9,0,OK,OK,OK
2026-07-30T09:25:35.602491Z,1480,247.8,0,OK,OK,OK
2026-07-30T09:25:41.102347Z,1493,247.9,0,OK,OK,OK
2026-07-30T09:25:46.577484Z,1492,247.9,0,OK,OK,OK
2026-07-30T09:25:52.040791Z,1499,247.9,0,OK,OK,OK
2026-07-30T09:25:57.490719Z,1487,247.9,0,OK,OK,OK
2026-07-30T09:26:02.962406Z,1499,247.9,0,OK,OK,OK
2026-07-30T09:26:08.476734Z,1491,248.1,0,OK,OK,OK
2026-07-30T09:26:13.905027Z,1491,248.1,0,OK,OK,OK
2026-07-30T09:26:19.375291Z,1491,248.1,0,OK,OK,OK
2026-07-30T09:26:24.885863Z,1482,247.9,0,OK,OK,OK
2026-07-30T09:26:30.352067Z,1481,247.8,0,OK,OK,OK
2026-07-30T09:26:35.857330Z,1387,247.9,0,OK,OK,OK
2026-07-30T09:26:41.323547Z,1389,247.9,0,OK,OK,OK
2026-07-30T09:26:46.819227Z,1387,247.8,0,OK,OK,OK
2026-07-30T09:26:52.307558Z,1387,247.9,0,OK,OK,OK
2026-07-30T09:26:57.796407Z,1386,247.9,0,OK,OK,OK
2026-07-30T09:27:03.276772Z,1396,247.8,0,OK,OK,OK
2026-07-30T09:27:08.771542Z,1391,247.8,0,OK,OK,OK
2026-07-30T09:27:14.260060Z,1391,247.9,0,OK,OK,OK
2026-07-30T09:27:19.744641Z,1397,247.9,0,OK,OK,OK
2026-07-30T09:27:25.262874Z,1401,248.1,0,OK,OK,OK
2026-07-30T09:27:30.754375Z,1402,248.1,0,OK,OK,OK
2026-07-30T09:27:36.257446Z,1389,248.1,0,OK,OK,OK
2026-07-30T09:27:41.731208Z,1397,248.1,0,OK,OK,OK
2026-07-30T09:27:47.212920Z,1386,248.1,0,OK,OK,OK
2026-07-30T09:27:52.716348Z,1385,248.1,0,OK,OK,OK
2026-07-30T09:27:58.216252Z,1399,247.9,0,OK,OK,OK
2026-07-30T09:28:03.700151Z,1391,248.0,0,OK,OK,OK
2026-07-30T09:28:09.192246Z,1395,247.9,0,OK,OK,OK
2026-07-30T09:28:14.639480Z,1394,247.9,0,OK,OK,OK
2026-07-30T09:28:20.106930Z,1338,245.2,0,OK,OK,OK
2026-07-30T09:28:25.610953Z,1374,247.0,0,OK,OK,OK
2026-07-30T09:28:31.104741Z,1358,247.0,0,OK,OK,OK
2026-07-30T09:28:36.609879Z,1360,247.0,0,OK,OK,OK
2026-07-30T09:28:42.096144Z,1363,246.9,0,OK,OK,OK
2026-07-30T09:28:47.569667Z,1350,247.0,0,OK,OK,OK
2026-07-30T09:28:53.104700Z,1352,247.0,0,OK,OK,OK
2026-07-30T09:28:58.545216Z,1361,246.9,0,OK,OK,OK
2026-07-30T09:29:04.034707Z,1368,247.0,0,OK,OK,OK
2026-07-30T09:29:09.524428Z,1360,247.0,0,OK,OK,OK
2026-07-30T09:29:14.992612Z,1359,247.0,0,OK,OK,OK
2026-07-30T09:29:20.477056Z,1359,247.0,0,OK,OK,OK
2026-07-30T09:29:26.012324Z,1363,247.0,0,OK,OK,OK
2026-07-30T09:29:31.523324Z,1365,247.0,0,OK,OK,OK
2026-07-30T09:29:36.984969Z,1365,247.0,0,OK,OK,OK
2026-07-30T09:29:42.458679Z,1360,247.0,0,OK,OK,OK
2026-07-30T09:29:47.932233Z,1380,247.0,0,OK,OK,OK
2026-07-30T09:29:53.418880Z,1359,247.0,0,OK,OK,OK
2026-07-30T09:29:58.939338Z,1359,247.0,0,OK,OK,OK
2026-07-30T09:30:04.430318Z,1365,246.9,0,OK,OK,OK
2026-07-30T09:30:09.921206Z,1362,246.9,0,OK,OK,OK
2026-07-30T09:30:15.430005Z,1367,246.9,0,OK,OK,OK
2026-07-30T09:30:20.923276Z,1376,247.0,0,OK,OK,OK
2026-07-30T09:30:26.404795Z,1371,246.9,0,OK,OK,OK
2026-07-30T09:30:31.858597Z,1374,247.0,0,OK,OK,OK
2026-07-30T09:30:37.344172Z,1355,247.0,0,OK,OK,OK
2026-07-30T09:30:42.831299Z,1360,246.9,0,OK,OK,OK
2026-07-30T09:30:48.326055Z,1362,246.9,0,OK,OK,OK
2026-07-30T09:30:53.798234Z,1360,247.0,0,OK,OK,OK
2026-07-30T09:30:59.293766Z,1356,247.0,0,OK,OK,OK
2026-07-30T09:31:04.765121Z,1358,247.5,0,OK,OK,OK
2026-07-30T09:31:10.196877Z,1388,247.5,0,OK,OK,OK
2026-07-30T09:31:15.678624Z,1360,247.5,0,OK,OK,OK
2026-07-30T09:31:21.173729Z,1370,247.5,0,OK,OK,OK
2026-07-30T09:31:26.638751Z,1367,247.5,0,OK,OK,OK
2026-07-30T09:31:32.121272Z,1379,247.5,0,OK,OK,OK
2026-07-30T09:31:37.611985Z,1372,247.5,0,OK,OK,OK
2026-07-30T09:31:43.053877Z,1375,247.3,0,OK,OK,OK
2026-07-30T09:31:48.558686Z,1385,247.5,0,OK,OK,OK
2026-07-30T09:31:54.002957Z,1366,247.4,0,OK,OK,OK
2026-07-30T09:31:59.469950Z,1369,247.3,0,OK,OK,OK
2026-07-30T09:32:04.903323Z,1374,247.3,0,OK,OK,OK
2026-07-30T09:32:10.396354Z,1373,247.3,0,OK,OK,OK
2026-07-30T09:32:15.903849Z,1377,247.5,0,OK,OK,OK
2026-07-30T09:32:21.397745Z,1373,247.5,0,OK,OK,OK
2026-07-30T09:32:26.864204Z,1378,247.5,0,OK,OK,OK
2026-07-30T09:32:32.297820Z,1392,247.6,0,OK,OK,OK
2026-07-30T09:32:37.808196Z,1374,247.6,0,OK,OK,OK
2026-07-30T09:32:43.246025Z,1380,247.6,0,OK,OK,OK
2026-07-30T09:32:48.766008Z,1380,247.6,0,OK,OK,OK
2026-07-30T09:32:54.225964Z,1370,247.6,0,OK,OK,OK
2026-07-30T09:32:59.710753Z,1382,247.6,0,OK,OK,OK
2026-07-30T09:33:05.197480Z,1404,247.5,0,OK,OK,OK
2026-07-30T09:33:10.656435Z,1378,247.6,0,OK,OK,OK
2026-07-30T09:33:16.125881Z,1370,247.7,0,OK,OK,OK
2026-07-30T09:33:21.584334Z,1397,247.6,0,OK,OK,OK
2026-07-30T09:33:27.061711Z,1379,247.5,0,OK,OK,OK
2026-07-30T09:33:32.556207Z,1386,247.6,0,OK,OK,OK
2026-07-30T09:33:38.064434Z,1373,247.6,0,OK,OK,OK
2026-07-30T09:33:43.506401Z,1374,247.6,0,OK,OK,OK
2026-07-30T09:33:49.009486Z,1389,247.6,0,OK,OK,OK
2026-07-30T09:33:54.451746Z,1397,247.5,0,OK,OK,OK
2026-07-30T09:33:59.959488Z,1424,247.7,0,OK,OK,OK
2026-07-30T09:34:05.417336Z,1438,247.7,0,OK,OK,OK
2026-07-30T09:34:10.892216Z,1436,247.7,0,OK,OK,OK
2026-07-30T09:34:16.423667Z,1436,247.5,0,OK,OK,OK
2026-07-30T09:34:21.906444Z,1443,247.5,0,OK,OK,OK
2026-07-30T09:34:27.394123Z,1438,247.7,0,OK,OK,OK
2026-07-30T09:34:32.916311Z,1424,247.7,0,OK,OK,OK
2026-07-30T09:34:38.430870Z,1420,247.6,0,OK,OK,OK
2026-07-30T09:34:43.928116Z,1562,247.7,0,OK,OK,OK
2026-07-30T09:34:49.415000Z,1544,247.7,0,OK,OK,OK
2026-07-30T09:34:54.944128Z,1553,247.7,0,OK,OK,OK
2026-07-30T09:35:00.438932Z,1550,247.7,0,OK,OK,OK
2026-07-30T09:35:05.879559Z,1544,247.7,0,OK,OK,OK
2026-07-30T09:35:11.360830Z,1546,247.7,0,OK,OK,OK
2026-07-30T09:35:16.813932Z,1550,247.7,0,OK,OK,OK
2026-07-30T09:35:22.326511Z,1551,247.6,0,OK,OK,OK
2026-07-30T09:35:27.745399Z,1543,247.6,0,OK,OK,OK
2026-07-30T09:35:33.250513Z,1537,247.6,0,OK,OK,OK
2026-07-30T09:35:38.711096Z,1543,247.7,0,OK,OK,OK
2026-07-30T09:35:44.190692Z,1540,247.6,0,OK,OK,OK
2026-07-30T09:35:49.696920Z,1547,247.6,0,OK,OK,OK
2026-07-30T09:35:55.173798Z,1559,247.6,0,OK,OK,OK
2026-07-30T09:36:00.666673Z,1548,247.6,0,OK,OK,OK
2026-07-30T09:36:06.162479Z,1427,247.8,0,OK,OK,OK
2026-07-30T09:36:11.635770Z,1426,247.9,0,OK,OK,OK
2026-07-30T09:36:17.124908Z,1438,247.8,0,OK,OK,OK
2026-07-30T09:36:22.587725Z,1430,247.8,0,OK,OK,OK
2026-07-30T09:36:28.062033Z,1434,247.7,0,OK,OK,OK
2026-07-30T09:36:33.567082Z,1429,247.7,0,OK,OK,OK
2026-07-30T09:36:39.016051Z,1436,247.6,0,OK,OK,OK
2026-07-30T09:36:44.509907Z,1428,247.7,0,OK,OK,OK
2026-07-30T09:36:49.947973Z,1430,247.7,0,OK,OK,OK
2026-07-30T09:36:55.454099Z,1430,247.7,0,OK,OK,OK
2026-07-30T09:37:00.928891Z,1425,247.7,0,OK,OK,OK
2026-07-30T09:37:06.452478Z,1427,247.7,0,OK,OK,OK
2026-07-30T09:37:11.925198Z,1426,247.8,0,OK,OK,OK
2026-07-30T09:37:17.406024Z,1425,247.8,0,OK,OK,OK
2026-07-30T09:37:22.888726Z,1427,247.7,0,OK,OK,OK
2026-07-30T09:37:28.380499Z,1444,247.8,0,OK,OK,OK
2026-07-30T09:37:33.891007Z,1432,247.8,0,OK,OK,OK
2026-07-30T09:37:39.441999Z,1426,247.7,0,OK,OK,OK
2026-07-30T09:37:44.938048Z,1444,247.7,0,OK,OK,OK
2026-07-30T09:37:50.396996Z,1448,247.6,0,OK,OK,OK
2026-07-30T09:37:55.865625Z,1434,247.6,0,OK,OK,OK
2026-07-30T09:38:01.405387Z,1434,247.6,0,OK,OK,OK
2026-07-30T09:38:06.893862Z,1434,247.6,0,OK,OK,OK
2026-07-30T09:38:12.368394Z,1445,247.8,0,OK,OK,OK
2026-07-30T09:38:17.840476Z,1447,247.8,0,OK,OK,OK
2026-07-30T09:38:23.292286Z,1450,247.8,0,OK,OK,OK
2026-07-30T09:38:28.787200Z,1445,247.8,0,OK,OK,OK
2026-07-30T09:38:34.239806Z,1449,248.1,0,OK,OK,OK
2026-07-30T09:38:39.711828Z,1449,248.0,0,OK,OK,OK
2026-07-30T09:38:45.173284Z,1462,248.0,0,OK,OK,OK
2026-07-30T09:38:50.668635Z,1438,248.0,0,OK,OK,OK
2026-07-30T09:38:56.152547Z,1430,248.0,0,OK,OK,OK
2026-07-30T09:39:01.606491Z,1424,248.1,0,OK,OK,OK
2026-07-30T09:39:07.084001Z,1427,248.0,0,OK,OK,OK
2026-07-30T09:39:12.553434Z,1439,247.8,0,OK,OK,OK
2026-07-30T09:39:18.089271Z,1430,248.0,0,OK,OK,OK
2026-07-30T09:39:23.571078Z,1438,248.0,0,OK,OK,OK
2026-07-30T09:39:29.033310Z,1432,247.8,0,OK,OK,OK
2026-07-30T09:39:34.470789Z,1426,247.9,0,OK,OK,OK
2026-07-30T09:39:39.956204Z,1426,247.9,0,OK,OK,OK
2026-07-30T09:39:45.381685Z,1437,247.9,0,OK,OK,OK
2026-07-30T09:39:50.906936Z,1439,247.9,0,OK,OK,OK
2026-07-30T09:39:56.394954Z,1447,247.8,0,OK,OK,OK
2026-07-30T09:40:01.901708Z,1415,247.8,0,OK,OK,OK
2026-07-30T09:40:07.373871Z,1415,247.8,0,OK,OK,OK
2026-07-30T09:40:12.864186Z,1414,247.9,0,OK,OK,OK
2026-07-30T09:40:18.343613Z,1428,248.0,0,OK,OK,OK
2026-07-30T09:40:23.850844Z,1412,248.0,0,OK,OK,OK
2026-07-30T09:40:29.332662Z,1413,247.8,0,OK,OK,OK
2026-07-30T09:40:34.834157Z,1423,247.9,0,OK,OK,OK
2026-07-30T09:40:40.323709Z,1417,248.0,0,OK,OK,OK
2026-07-30T09:40:45.816842Z,1419,247.8,0,OK,OK,OK
2026-07-30T09:40:51.297025Z,1429,247.9,0,OK,OK,OK
2026-07-30T09:40:56.749547Z,1422,247.8,0,OK,OK,OK
2026-07-30T09:41:02.271620Z,1429,247.8,0,OK,OK,OK
2026-07-30T09:41:07.709323Z,1431,248.0,0,OK,OK,OK
2026-07-30T09:41:13.184293Z,1434,248.0,0,OK,OK,OK
2026-07-30T09:41:18.631086Z,1429,248.0,0,OK,OK,OK
2026-07-30T09:41:24.151562Z,1415,247.9,0,OK,OK,OK
2026-07-30T09:41:29.595861Z,1425,247.8,0,OK,OK,OK
2026-07-30T09:41:35.135854Z,1432,247.9,0,OK,OK,OK
2026-07-30T09:41:40.592970Z,1421,247.8,0,OK,OK,OK
2026-07-30T09:41:46.074904Z,1424,247.8,0,OK,OK,OK
2026-07-30T09:41:51.571760Z,1421,247.9,0,OK,OK,OK
2026-07-30T09:41:57.078413Z,1421,247.8,0,OK,OK,OK
2026-07-30T09:42:02.585092Z,1423,247.8,0,OK,OK,OK
2026-07-30T09:42:08.091773Z,1423,247.8,0,OK,OK,OK
2026-07-30T09:42:13.608954Z,1429,247.8,0,OK,OK,OK
2026-07-30T09:42:19.117681Z,1417,248.0,0,OK,OK,OK
2026-07-30T09:42:24.621431Z,1420,247.8,0,OK,OK,OK
2026-07-30T09:42:30.102136Z,1428,247.8,0,OK,OK,OK
2026-07-30T09:42:35.632280Z,1422,247.9,0,OK,OK,OK
2026-07-30T09:42:41.120899Z,1420,247.8,0,OK,OK,OK
2026-07-30T09:42:46.662638Z,1416,247.8,0,OK,OK,OK
2026-07-30T09:42:52.136382Z,1419,247.8,0,OK,OK,OK
2026-07-30T09:42:57.610541Z,1421,247.7,0,OK,OK,OK
2026-07-30T09:43:03.068397Z,1416,247.7,0,OK,OK,OK
2026-07-30T09:43:08.591428Z,1416,247.7,0,OK,OK,OK
2026-07-30T09:43:14.051767Z,1419,247.8,0,OK,OK,OK
2026-07-30T09:43:19.500228Z,1412,247.7,0,OK,OK,OK
2026-07-30T09:43:24.931436Z,1422,247.7,0,OK,OK,OK
2026-07-30T09:43:30.438801Z,1421,247.7,0,OK,OK,OK
2026-07-30T09:43:35.928507Z,1424,247.7,0,OK,OK,OK
2026-07-30T09:43:41.429177Z,1418,247.8,0,OK,OK,OK
2026-07-30T09:43:46.940498Z,1424,247.7,0,OK,OK,OK
2026-07-30T09:43:52.419963Z,1436,247.7,0,OK,OK,OK
2026-07-30T09:43:57.874025Z,1421,247.7,0,OK,OK,OK
2026-07-30T09:44:03.329268Z,1424,247.7,0,OK,OK,OK
2026-07-30T09:44:08.784952Z,1421,247.7,0,OK,OK,OK
2026-07-30T09:44:14.248741Z,1429,247.7,0,OK,OK,OK
2026-07-30T09:44:19.749038Z,1420,247.7,0,OK,OK,OK
2026-07-30T09:44:25.190258Z,1429,247.7,0,OK,OK,OK
2026-07-30T09:44:30.701536Z,1417,247.6,0,OK,OK,OK
2026-07-30T09:44:36.154711Z,1427,247.6,0,OK,OK,OK
2026-07-30T09:44:41.647656Z,1418,247.6,0,OK,OK,OK
2026-07-30T09:44:47.087151Z,1423,247.7,0,OK,OK,OK
2026-07-30T09:44:52.581633Z,1450,247.7,0,OK,OK,OK
2026-07-30T09:44:58.092905Z,1420,247.7,0,OK,OK,OK
2026-07-30T09:45:03.580147Z,1413,247.6,0,OK,OK,OK
2026-07-30T09:45:09.120916Z,1415,247.6,0,OK,OK,OK
2026-07-30T09:45:14.605606Z,1412,247.6,0,OK,OK,OK
2026-07-30T09:45:20.112606Z,1438,247.6,0,OK,OK,OK
2026-07-30T09:45:25.614847Z,1414,247.5,0,OK,OK,OK
2026-07-30T09:45:31.129053Z,1421,247.6,0,OK,OK,OK
2026-07-30T09:45:36.604721Z,1352,247.6,0,OK,OK,OK
2026-07-30T09:45:42.095977Z,1335,247.5,0,OK,OK,OK
2026-07-30T09:45:47.596946Z,1342,247.5,0,OK,OK,OK
2026-07-30T09:45:53.035296Z,1327,247.6,0,OK,OK,OK
2026-07-30T09:45:58.468477Z,1332,247.6,0,OK,OK,OK
2026-07-30T09:46:03.974779Z,1336,247.5,0,OK,OK,OK
2026-07-30T09:46:09.417527Z,1336,247.5,0,OK,OK,OK
2026-07-30T09:46:14.886115Z,1332,247.5,0,OK,OK,OK
2026-07-30T09:46:20.334174Z,1333,247.6,0,OK,OK,OK
2026-07-30T09:46:25.819336Z,1335,247.6,0,OK,OK,OK
2026-07-30T09:46:31.283450Z,1350,247.7,0,OK,OK,OK
2026-07-30T09:46:36.749707Z,1349,247.7,0,OK,OK,OK
2026-07-30T09:46:42.243764Z,1338,247.7,0,OK,OK,OK
2026-07-30T09:46:47.728989Z,1340,247.7,0,OK,OK,OK
2026-07-30T09:46:53.209239Z,1331,247.7,0,OK,OK,OK
2026-07-30T09:46:58.648770Z,1345,247.6,0,OK,OK,OK
2026-07-30T09:47:04.143158Z,1340,247.7,0,OK,OK,OK
2026-07-30T09:47:09.611049Z,1335,247.6,0,OK,OK,OK
2026-07-30T09:47:15.103744Z,1344,247.7,0,OK,OK,OK
2026-07-30T09:47:20.570739Z,1332,247.5,0,OK,OK,OK
2026-07-30T09:47:26.077192Z,1338,247.5,0,OK,OK,OK
2026-07-30T09:47:31.559342Z,1346,247.7,0,OK,OK,OK
2026-07-30T09:47:37.057870Z,1335,247.7,0,OK,OK,OK
2026-07-30T09:47:42.557610Z,1346,247.7,0,OK,OK,OK
2026-07-30T09:47:48.038715Z,1361,247.7,0,OK,OK,OK
2026-07-30T09:47:53.514883Z,1355,247.5,0,OK,OK,OK
2026-07-30T09:47:58.998911Z,1345,247.6,0,OK,OK,OK
2026-07-30T09:48:04.482989Z,1346,247.7,0,OK,OK,OK
2026-07-30T09:48:09.932888Z,1339,247.7,0,OK,OK,OK
2026-07-30T09:48:15.408290Z,1348,247.7,0,OK,OK,OK
2026-07-30T09:48:20.869855Z,1457,247.7,0,OK,OK,OK
2026-07-30T09:48:26.376688Z,1434,247.7,0,OK,OK,OK
2026-07-30T09:48:31.828345Z,1489,247.7,0,OK,OK,OK
2026-07-30T09:48:37.365267Z,1518,247.6,0,OK,OK,OK
2026-07-30T09:48:42.807779Z,1547,247.6,0,OK,OK,OK
2026-07-30T09:48:48.300380Z,1559,247.6,0,OK,OK,OK
2026-07-30T09:48:53.741453Z,1581,247.8,0,OK,OK,OK
2026-07-30T09:48:59.247608Z,1593,247.6,0,OK,OK,OK
2026-07-30T09:49:04.736753Z,1609,247.6,0,OK,OK,OK
2026-07-30T09:49:10.204101Z,1627,247.6,0,OK,OK,OK
2026-07-30T09:49:15.669733Z,1617,247.6,0,OK,OK,OK
2026-07-30T09:49:21.175435Z,1618,247.6,0,OK,OK,OK
2026-07-30T09:49:26.678948Z,1606,247.4,0,OK,OK,OK
2026-07-30T09:49:32.150810Z,1606,247.4,0,OK,OK,OK
2026-07-30T09:49:37.639160Z,1553,247.4,0,OK,OK,OK
2026-07-30T09:49:43.096545Z,1486,247.5,0,OK,OK,OK
2026-07-30T09:49:48.604962Z,1471,247.5,0,OK,OK,OK
2026-07-30T09:49:54.045867Z,1446,247.4,0,OK,OK,OK
2026-07-30T09:49:59.550423Z,1442,247.4,0,OK,OK,OK
2026-07-30T09:50:05.025391Z,1458,247.4,0,OK,OK,OK
2026-07-30T09:50:10.530969Z,1442,247.5,0,OK,OK,OK
2026-07-30T09:50:16.004820Z,1433,247.4,0,OK,OK,OK
2026-07-30T09:50:21.514909Z,1433,247.4,0,OK,OK,OK
2026-07-30T09:50:27.034737Z,1433,247.2,0,OK,OK,OK
2026-07-30T09:50:32.521708Z,1433,247.4,0,OK,OK,OK
2026-07-30T09:50:38.023955Z,1435,247.3,0,OK,OK,OK
2026-07-30T09:50:43.516674Z,1435,247.3,0,OK,OK,OK
2026-07-30T09:50:49.008286Z,1439,247.6,0,OK,OK,OK
2026-07-30T09:50:54.460649Z,1434,247.6,0,OK,OK,OK
2026-07-30T09:50:59.945154Z,1439,247.5,0,OK,OK,OK
2026-07-30T09:51:05.453500Z,1435,247.5,0,OK,OK,OK
2026-07-30T09:51:10.939054Z,1434,247.5,0,OK,OK,OK
2026-07-30T09:51:16.424176Z,1442,247.5,0,OK,OK,OK
2026-07-30T09:51:21.928006Z,1437,247.5,0,OK,OK,OK
2026-07-30T09:51:27.395782Z,1442,247.4,0,OK,OK,OK
2026-07-30T09:51:32.889536Z,1443,247.3,0,OK,OK,OK
2026-07-30T09:51:38.333942Z,1432,247.3,0,OK,OK,OK
2026-07-30T09:51:43.828613Z,1440,247.3,0,OK,OK,OK
2026-07-30T09:51:49.314762Z,1435,247.3,0,OK,OK,OK
2026-07-30T09:51:54.794643Z,1438,247.4,0,OK,OK,OK
2026-07-30T09:52:00.280479Z,1438,247.5,0,OK,OK,OK
2026-07-30T09:52:05.786217Z,1462,247.3,0,OK,OK,OK
2026-07-30T09:52:11.279975Z,1449,247.2,0,OK,OK,OK
2026-07-30T09:52:16.766831Z,1449,247.3,0,OK,OK,OK
2026-07-30T09:52:22.262811Z,1448,247.5,0,OK,OK,OK
2026-07-30T09:52:27.760449Z,1351,247.3,0,OK,OK,OK
2026-07-30T09:52:33.211359Z,1355,247.3,0,OK,OK,OK
2026-07-30T09:52:38.728155Z,1355,247.5,0,OK,OK,OK
2026-07-30T09:52:44.271203Z,1351,247.5,0,OK,OK,OK
2026-07-30T09:52:49.730469Z,1366,247.5,0,OK,OK,OK
2026-07-30T09:52:55.227041Z,1365,247.5,0,OK,OK,OK
2026-07-30T09:53:00.678009Z,1359,247.6,0,OK,OK,OK
2026-07-30T09:53:06.142938Z,1356,247.6,0,OK,OK,OK
2026-07-30T09:53:11.640658Z,1352,247.5,0,OK,OK,OK
2026-07-30T09:53:17.149681Z,1354,247.5,0,OK,OK,OK
2026-07-30T09:53:22.652778Z,1362,247.5,0,OK,OK,OK
2026-07-30T09:53:28.161322Z,1343,247.5,0,OK,OK,OK
2026-07-30T09:53:33.624464Z,1354,247.5,0,OK,OK,OK
2026-07-30T09:53:39.113127Z,1352,247.5,0,OK,OK,OK
2026-07-30T09:53:44.618502Z,1351,247.5,0,OK,OK,OK
2026-07-30T09:53:50.097247Z,1361,247.5,0,OK,OK,OK
2026-07-30T09:53:55.574851Z,1354,247.5,0,OK,OK,OK
2026-07-30T09:54:01.061063Z,1348,247.6,0,OK,OK,OK
2026-07-30T09:54:06.540411Z,1349,247.5,0,OK,OK,OK
2026-07-30T09:54:12.009362Z,1366,247.6,0,OK,OK,OK
2026-07-30T09:54:17.488296Z,1345,247.5,0,OK,OK,OK
2026-07-30T09:54:22.930813Z,1348,247.5,0,OK,OK,OK
2026-07-30T09:54:28.443345Z,1338,247.5,0,OK,OK,OK
2026-07-30T09:54:33.887754Z,1337,247.5,0,OK,OK,OK
2026-07-30T09:54:39.368074Z,1342,247.5,0,OK,OK,OK
2026-07-30T09:54:44.854145Z,1352,247.3,0,OK,OK,OK
2026-07-30T09:54:50.362830Z,1359,247.4,0,OK,OK,OK
2026-07-30T09:54:55.829665Z,1346,247.5,0,OK,OK,OK
2026-07-30T09:55:01.303124Z,1348,247.5,0,OK,OK,OK
2026-07-30T09:55:06.735372Z,1347,247.5,0,OK,OK,OK
2026-07-30T09:55:12.241033Z,1353,247.5,0,OK,OK,OK
2026-07-30T09:55:17.717621Z,1349,247.5,0,OK,OK,OK
2026-07-30T09:55:23.180908Z,1348,247.5,0,OK,OK,OK
2026-07-30T09:55:28.674125Z,1357,247.5,0,OK,OK,OK
2026-07-30T09:55:34.111940Z,1347,247.7,0,OK,OK,OK
2026-07-30T09:55:39.581744Z,1335,247.7,0,OK,OK,OK
2026-07-30T09:55:45.061153Z,1342,247.7,0,OK,OK,OK
2026-07-30T09:55:50.552410Z,1339,247.7,0,OK,OK,OK
2026-07-30T09:55:56.050013Z,1354,247.6,0,OK,OK,OK
2026-07-30T09:56:01.581932Z,1338,247.7,0,OK,OK,OK
2026-07-30T09:56:07.082418Z,1336,247.7,0,OK,OK,OK
2026-07-30T09:56:12.560798Z,1338,247.7,0,OK,OK,OK
2026-07-30T09:56:18.048583Z,1337,247.6,0,OK,OK,OK
2026-07-30T09:56:23.559956Z,1353,247.6,0,OK,OK,OK
2026-07-30T09:56:29.061276Z,1341,247.6,0,OK,OK,OK
2026-07-30T09:56:34.555178Z,1340,247.6,0,OK,OK,OK
2026-07-30T09:56:39.999250Z,1343,247.6,0,OK,OK,OK
2026-07-30T09:56:45.480652Z,1338,247.6,0,OK,OK,OK
2026-07-30T09:56:50.988280Z,1343,247.5,0,OK,OK,OK
2026-07-30T09:56:56.478662Z,1356,247.6,0,OK,OK,OK
2026-07-30T09:57:01.985554Z,1345,247.7,0,OK,OK,OK
2026-07-30T09:57:07.463889Z,1343,247.7,0,OK,OK,OK
2026-07-30T09:57:12.959297Z,1355,247.7,0,OK,OK,OK
2026-07-30T09:57:18.385646Z,1343,247.7,0,OK,OK,OK
2026-07-30T09:57:23.880381Z,1340,247.6,0,OK,OK,OK
2026-07-30T09:57:29.335552Z,1343,247.7,0,OK,OK,OK
2026-07-30T09:57:34.861076Z,1341,247.7,0,OK,OK,OK
2026-07-30T09:57:40.331516Z,1342,247.7,0,OK,OK,OK
2026-07-30T09:57:45.804553Z,1341,247.7,0,OK,OK,OK
2026-07-30T09:57:51.314043Z,1351,247.6,0,OK,OK,OK
2026-07-30T09:57:56.798731Z,1341,247.7,0,OK,OK,OK
2026-07-30T09:58:02.278528Z,1333,247.6,0,OK,OK,OK
2026-07-30T09:58:07.770520Z,1339,247.4,0,OK,OK,OK
2026-07-30T09:58:13.270602Z,1350,247.6,0,OK,OK,OK
2026-07-30T09:58:18.777359Z,1343,247.7,0,OK,OK,OK
2026-07-30T09:58:24.279858Z,1334,247.6,0,OK,OK,OK
2026-07-30T09:58:29.786734Z,1347,247.7,0,OK,OK,OK
2026-07-30T09:58:35.289222Z,1351,247.6,0,OK,OK,OK
2026-07-30T09:58:40.744573Z,1344,247.7,0,OK,OK,OK
2026-07-30T09:58:46.273406Z,1337,247.5,0,OK,OK,OK
2026-07-30T09:58:51.738964Z,1335,247.7,0,OK,OK,OK
2026-07-30T09:58:57.209322Z,1334,247.5,0,OK,OK,OK
2026-07-30T09:59:02.660331Z,1336,247.7,0,OK,OK,OK
2026-07-30T09:59:08.128229Z,1335,247.5,0,OK,OK,OK
2026-07-30T09:59:13.628081Z,1338,247.6,0,OK,OK,OK
2026-07-30T09:59:19.114164Z,1338,247.5,0,OK,OK,OK
2026-07-30T09:59:24.599914Z,1331,247.4,0,OK,OK,OK
2026-07-30T09:59:30.113747Z,1339,247.5,0,OK,OK,OK
2026-07-30T09:59:35.623174Z,1335,247.4,0,OK,OK,OK
2026-07-30T09:59:41.111561Z,1336,247.4,0,OK,OK,OK
2026-07-30T09:59:46.607793Z,1338,247.4,0,OK,OK,OK
2026-07-30T09:59:52.116344Z,1330,247.5,0,OK,OK,OK
2026-07-30T09:59:57.602190Z,1331,247.5,0,OK,OK,OK
2026-07-30T10:00:03.103607Z,1357,247.6,0,OK,OK,OK
2026-07-30T10:00:08.613908Z,1335,247.5,0,OK,OK,OK
2026-07-30T10:00:14.095220Z,1337,247.5,0,OK,OK,OK
2026-07-30T10:00:19.596743Z,1340,247.5,0,OK,OK,OK
2026-07-30T10:00:25.023277Z,1344,247.5,0,OK,OK,OK
2026-07-30T10:00:30.502630Z,1347,247.3,0,OK,OK,OK
2026-07-30T10:00:35.939484Z,1344,247.4,0,OK,OK,OK
2026-07-30T10:00:41.377013Z,1332,247.3,0,OK,OK,OK
2026-07-30T10:00:46.866571Z,1334,247.3,0,OK,OK,OK
2026-07-30T10:00:52.342123Z,1340,247.3,0,OK,OK,OK
2026-07-30T10:00:57.831402Z,1357,247.3,0,OK,OK,OK
2026-07-30T10:01:03.305774Z,1359,247.3,0,OK,OK,OK
2026-07-30T10:01:08.810549Z,1352,247.4,0,OK,OK,OK
2026-07-30T10:01:14.310330Z,1358,247.3,0,OK,OK,OK
2026-07-30T10:01:19.790971Z,1348,247.3,0,OK,OK,OK
2026-07-30T10:01:25.273972Z,1370,247.3,0,OK,OK,OK
2026-07-30T10:01:30.803331Z,1340,247.3,0,OK,OK,OK
2026-07-30T10:01:36.291194Z,1361,247.3,0,OK,OK,OK
2026-07-30T10:01:41.776446Z,1348,247.3,0,OK,OK,OK
2026-07-30T10:01:47.253792Z,1351,247.3,0,OK,OK,OK
2026-07-30T10:01:52.745048Z,1347,247.3,0,OK,OK,OK
2026-07-30T10:01:58.188042Z,1351,247.3,0,OK,OK,OK
2026-07-30T10:02:03.666970Z,1345,247.3,0,OK,OK,OK
2026-07-30T10:02:09.121230Z,1346,247.3,0,OK,OK,OK
2026-07-30T10:02:14.655865Z,1349,247.4,0,OK,OK,OK
2026-07-30T10:02:20.148587Z,1359,247.3,0,OK,OK,OK
2026-07-30T10:02:25.646437Z,2985,246.4,0,OK,OK,OK
2026-07-30T10:02:31.154359Z,1445,247.3,0,OK,OK,OK
2026-07-30T10:02:36.670808Z,1446,247.2,0,OK,OK,OK
2026-07-30T10:02:42.126723Z,1443,247.2,0,OK,OK,OK
2026-07-30T10:02:47.596469Z,1445,247.3,0,OK,OK,OK
2026-07-30T10:02:53.080134Z,1482,247.2,0,OK,OK,OK
2026-07-30T10:02:58.573628Z,1456,247.2,0,OK,OK,OK
2026-07-30T10:03:04.039743Z,1447,247.4,0,OK,OK,OK
2026-07-30T10:03:09.515929Z,1460,247.5,0,OK,OK,OK
2026-07-30T10:03:14.988451Z,1452,247.5,0,OK,OK,OK
2026-07-30T10:03:20.460621Z,1448,247.5,0,OK,OK,OK
2026-07-30T10:03:25.923347Z,1452,247.4,0,OK,OK,OK
2026-07-30T10:03:31.418441Z,1444,247.5,0,OK,OK,OK
2026-07-30T10:03:36.883877Z,1451,247.5,0,OK,OK,OK
2026-07-30T10:03:42.366778Z,1443,247.5,0,OK,OK,OK
2026-07-30T10:03:47.821594Z,1468,247.4,0,OK,OK,OK
2026-07-30T10:03:53.285394Z,1448,247.5,0,OK,OK,OK
2026-07-30T10:03:58.750447Z,1435,247.4,0,OK,OK,OK
2026-07-30T10:04:04.216528Z,1444,247.5,0,OK,OK,OK
2026-07-30T10:04:09.689499Z,1440,247.4,0,OK,OK,OK
2026-07-30T10:04:15.185106Z,1439,247.4,0,OK,OK,OK
2026-07-30T10:04:20.632797Z,1440,247.5,0,OK,OK,OK
2026-07-30T10:04:26.120190Z,1429,247.4,0,OK,OK,OK
2026-07-30T10:04:31.638097Z,1436,247.5,0,OK,OK,OK
2026-07-30T10:04:37.111680Z,1430,247.5,0,OK,OK,OK
2026-07-30T10:04:42.761562Z,1433,247.3,0,OK,OK,OK
2026-07-30T10:04:48.389421Z,1433,247.3,0,OK,OK,OK
2026-07-30T10:04:53.880666Z,1440,247.3,0,OK,OK,OK
2026-07-30T10:04:59.347627Z,1426,247.2,0,OK,OK,OK
2026-07-30T10:05:04.807767Z,1446,247.2,0,OK,OK,OK
2026-07-30T10:05:10.292703Z,1428,247.2,0,OK,OK,OK
2026-07-30T10:05:15.790301Z,1432,247.3,0,OK,OK,OK
2026-07-30T10:05:21.296540Z,1425,247.2,0,OK,OK,OK
2026-07-30T10:05:26.794009Z,1438,247.3,0,OK,OK,OK
2026-07-30T10:05:32.268243Z,1431,247.2,0,OK,OK,OK
2026-07-30T10:05:37.734081Z,1429,247.2,0,OK,OK,OK
2026-07-30T10:05:43.216726Z,1440,247.2,0,OK,OK,OK
2026-07-30T10:05:48.666123Z,1438,247.2,0,OK,OK,OK
2026-07-30T10:05:54.183172Z,1434,247.2,0,OK,OK,OK
2026-07-30T10:05:59.661696Z,1426,247.3,0,OK,OK,OK
2026-07-30T10:06:05.168696Z,1440,247.2,0,OK,OK,OK
2026-07-30T10:06:10.610158Z,1426,247.2,0,OK,OK,OK
2026-07-30T10:06:16.087066Z,1430,247.3,0,OK,OK,OK
2026-07-30T10:06:21.630568Z,1429,247.2,0,OK,OK,OK
2026-07-30T10:06:27.143034Z,1432,247.1,0,OK,OK,OK
2026-07-30T10:06:32.621644Z,1425,247.2,0,OK,OK,OK
2026-07-30T10:06:38.106003Z,1423,247.2,0,OK,OK,OK
2026-07-30T10:06:43.606529Z,1428,247.2,0,OK,OK,OK
2026-07-30T10:06:49.087497Z,1438,247.2,0,OK,OK,OK
2026-07-30T10:06:54.583876Z,1426,247.2,0,OK,OK,OK
2026-07-30T10:07:00.077187Z,1433,247.2,0,OK,OK,OK
2026-07-30T10:07:05.566704Z,1432,247.2,0,OK,OK,OK
2026-07-30T10:07:11.013685Z,1436,247.0,0,OK,OK,OK
2026-07-30T10:07:16.493879Z,1456,247.2,0,OK,OK,OK
2026-07-30T10:07:21.943046Z,1447,247.2,0,OK,OK,OK
2026-07-30T10:07:27.423309Z,1433,247.1,0,OK,OK,OK
2026-07-30T10:07:32.907031Z,1443,247.2,0,OK,OK,OK
2026-07-30T10:07:38.389327Z,1425,247.2,0,OK,OK,OK
2026-07-30T10:07:43.891660Z,1436,247.1,0,OK,OK,OK
2026-07-30T10:07:49.396875Z,1426,247.1,0,OK,OK,OK
2026-07-30T10:07:54.876332Z,1417,247.1,0,OK,OK,OK
2026-07-30T10:08:00.336228Z,1416,247.2,0,OK,OK,OK
2026-07-30T10:08:05.812163Z,1424,247.2,0,OK,OK,OK
2026-07-30T10:08:11.254004Z,1418,247.2,0,OK,OK,OK
2026-07-30T10:08:16.743959Z,1427,247.2,0,OK,OK,OK
2026-07-30T10:08:22.217785Z,1430,247.1,0,OK,OK,OK
2026-07-30T10:08:27.687676Z,1411,247.2,0,OK,OK,OK
2026-07-30T10:08:33.131356Z,1417,247.1,0,OK,OK,OK
2026-07-30T10:08:38.631116Z,1418,247.1,0,OK,OK,OK
2026-07-30T10:08:44.127643Z,1417,247.1,0,OK,OK,OK
2026-07-30T10:08:49.618149Z,1415,247.1,0,OK,OK,OK
2026-07-30T10:08:55.079805Z,1416,247.0,0,OK,OK,OK
2026-07-30T10:09:00.573226Z,1419,247.0,0,OK,OK,OK
2026-07-30T10:09:06.067775Z,1421,247.0,0,OK,OK,OK
2026-07-30T10:09:11.525830Z,1422,246.8,0,OK,OK,OK
2026-07-30T10:09:17.004677Z,1422,247.0,0,OK,OK,OK
2026-07-30T10:09:22.471781Z,1417,247.1,0,OK,OK,OK
2026-07-30T10:09:27.957351Z,1418,246.9,0,OK,OK,OK
2026-07-30T10:09:33.459227Z,1430,247.1,0,OK,OK,OK
2026-07-30T10:09:38.917333Z,1409,247.1,0,OK,OK,OK
2026-07-30T10:09:44.376180Z,1410,247.1,0,OK,OK,OK
2026-07-30T10:09:49.898560Z,1416,247.1,0,OK,OK,OK
2026-07-30T10:09:55.348256Z,1413,247.0,0,OK,OK,OK
2026-07-30T10:10:00.817689Z,1400,247.0,0,OK,OK,OK
2026-07-30T10:10:06.264195Z,1402,247.1,0,OK,OK,OK
2026-07-30T10:10:11.748372Z,1420,247.1,0,OK,OK,OK
2026-07-30T10:10:17.240582Z,1404,247.0,0,OK,OK,OK
2026-07-30T10:10:22.722909Z,1411,246.7,0,OK,OK,OK
2026-07-30T10:10:28.208120Z,1417,246.6,0,OK,OK,OK
2026-07-30T10:10:33.663612Z,1409,246.6,0,OK,OK,OK
2026-07-30T10:10:39.150504Z,1405,246.6,0,OK,OK,OK
2026-07-30T10:10:44.623557Z,1416,246.5,0,OK,OK,OK
2026-07-30T10:10:50.090044Z,1413,246.4,0,OK,OK,OK
2026-07-30T10:10:55.543119Z,1425,246.4,0,OK,OK,OK
2026-07-30T10:11:01.082076Z,1407,246.5,0,OK,OK,OK
2026-07-30T10:11:06.536071Z,1404,246.4,0,OK,OK,OK
2026-07-30T10:11:12.030890Z,1411,246.6,0,OK,OK,OK
2026-07-30T10:11:17.484277Z,1409,246.5,0,OK,OK,OK
2026-07-30T10:11:22.988303Z,1406,246.6,0,OK,OK,OK
2026-07-30T10:11:28.463476Z,1413,246.5,0,OK,OK,OK
2026-07-30T10:11:33.930766Z,1407,246.6,0,OK,OK,OK
2026-07-30T10:11:39.441235Z,1400,246.6,0,OK,OK,OK
2026-07-30T10:11:44.925241Z,1411,246.5,0,OK,OK,OK
2026-07-30T10:11:50.437916Z,1415,246.6,0,OK,OK,OK
2026-07-30T10:11:55.935531Z,1408,246.6,0,OK,OK,OK
2026-07-30T10:12:01.410902Z,1413,246.7,0,OK,OK,OK
2026-07-30T10:12:06.888066Z,1417,246.8,0,OK,OK,OK
2026-07-30T10:12:12.355618Z,1410,246.7,0,OK,OK,OK
2026-07-30T10:12:17.839831Z,1416,246.8,0,OK,OK,OK
2026-07-30T10:12:23.342388Z,1420,246.8,0,OK,OK,OK
2026-07-30T10:12:28.785019Z,1417,246.9,0,OK,OK,OK
2026-07-30T10:12:34.294201Z,1400,246.8,0,OK,OK,OK
2026-07-30T10:12:39.749577Z,1407,246.8,0,OK,OK,OK
2026-07-30T10:12:45.230725Z,1413,246.8,0,OK,OK,OK
2026-07-30T10:12:50.719315Z,1407,246.9,0,OK,OK,OK
2026-07-30T10:12:56.235649Z,1403,246.9,0,OK,OK,OK
2026-07-30T10:13:01.718582Z,1404,246.9,0,OK,OK,OK
2026-07-30T10:13:07.201781Z,1402,246.5,0,OK,OK,OK
2026-07-30T10:13:12.680164Z,1409,246.5,0,OK,OK,OK
2026-07-30T10:13:18.197280Z,1399,246.5,0,OK,OK,OK
2026-07-30T10:13:23.708626Z,1401,246.8,0,OK,OK,OK
2026-07-30T10:13:29.229044Z,1396,246.8,0,OK,OK,OK
2026-07-30T10:13:34.667085Z,1404,246.8,0,OK,OK,OK
2026-07-30T10:13:40.186247Z,1426,246.9,0,OK,OK,OK
2026-07-30T10:13:45.656908Z,1404,246.5,0,OK,OK,OK
2026-07-30T10:13:51.115095Z,1400,246.5,0,OK,OK,OK
2026-07-30T10:13:56.578622Z,1417,246.5,0,OK,OK,OK
2026-07-30T10:14:02.033317Z,1453,246.5,0,OK,OK,OK
2026-07-30T10:14:07.517508Z,1526,246.4,0,OK,OK,OK
2026-07-30T10:14:12.978027Z,1578,246.5,0,OK,OK,OK
2026-07-30T10:14:18.486470Z,1591,246.4,0,OK,OK,OK
2026-07-30T10:14:23.994784Z,1615,246.4,0,OK,OK,OK
2026-07-30T10:14:29.496205Z,1633,246.5,0,OK,OK,OK
2026-07-30T10:14:34.959898Z,1651,246.7,0,OK,OK,OK
2026-07-30T10:14:40.443481Z,1661,246.8,0,OK,OK,OK
2026-07-30T10:14:45.914450Z,1665,246.6,0,OK,OK,OK
2026-07-30T10:14:51.368229Z,1675,246.8,0,OK,OK,OK
2026-07-30T10:14:56.834577Z,1678,246.9,0,OK,OK,OK
2026-07-30T10:15:02.298612Z,1674,246.7,0,OK,OK,OK
2026-07-30T10:15:07.764133Z,1667,246.7,0,OK,OK,OK
2026-07-30T10:15:13.232008Z,1597,246.7,0,OK,OK,OK
2026-07-30T10:15:18.743908Z,1531,246.9,0,OK,OK,OK
2026-07-30T10:15:24.260578Z,1514,246.8,0,OK,OK,OK
2026-07-30T10:15:29.761242Z,1499,246.9,0,OK,OK,OK
2026-07-30T10:15:35.248644Z,1527,246.9,0,OK,OK,OK
2026-07-30T10:15:40.734125Z,1495,246.9,0,OK,OK,OK
2026-07-30T10:15:46.207480Z,1498,246.8,0,OK,OK,OK
2026-07-30T10:15:51.711699Z,1495,246.9,0,OK,OK,OK
2026-07-30T10:15:57.231291Z,1489,246.9,4,OK,OK,OK
2026-07-30T10:16:02.703238Z,1485,246.9,4,OK,OK,OK
2026-07-30T10:16:08.207872Z,1488,246.9,4,OK,OK,OK
2026-07-30T10:16:13.706145Z,1501,246.9,4,OK,OK,OK
2026-07-30T10:16:19.162159Z,1492,246.9,4,OK,OK,OK
2026-07-30T10:16:24.664420Z,1493,246.7,4,OK,OK,OK
2026-07-30T10:16:30.164719Z,1507,246.8,4,OK,OK,OK
2026-07-30T10:16:35.623834Z,1485,246.9,4,OK,OK,OK
2026-07-30T10:16:41.110817Z,1487,246.8,4,OK,OK,OK
2026-07-30T10:16:46.587880Z,1484,246.8,4,OK,OK,OK
2026-07-30T10:16:52.108671Z,1488,246.8,4,OK,OK,OK
2026-07-30T10:16:57.584293Z,1486,246.7,4,OK,OK,OK
2026-07-30T10:17:03.105404Z,1378,246.9,4,OK,OK,OK
2026-07-30T10:17:08.612822Z,1404,247.0,4,OK,OK,OK
2026-07-30T10:17:14.124489Z,1396,246.9,4,OK,OK,OK
2026-07-30T10:17:19.622089Z,1406,246.9,4,OK,OK,OK
2026-07-30T10:17:25.121260Z,1424,246.9,4,OK,OK,OK
2026-07-30T10:17:30.588661Z,1420,246.9,4,OK,OK,OK
2026-07-30T10:17:36.066893Z,1407,246.9,4,OK,OK,OK
2026-07-30T10:17:41.553791Z,1414,246.9,4,OK,OK,OK
2026-07-30T10:17:47.055451Z,1411,247.0,4,OK,OK,OK
2026-07-30T10:17:52.520149Z,1406,246.9,4,OK,OK,OK
2026-07-30T10:17:58.000244Z,1423,246.9,4,OK,OK,OK
2026-07-30T10:18:03.524473Z,1409,246.9,4,OK,OK,OK
2026-07-30T10:18:09.069939Z,1408,246.9,4,OK,OK,OK
2026-07-30T10:18:14.565222Z,1402,246.9,4,OK,OK,OK
2026-07-30T10:18:20.046913Z,1421,246.9,4,OK,OK,OK
2026-07-30T10:18:25.522191Z,1402,246.9,4,OK,OK,OK
2026-07-30T10:18:30.995129Z,1404,246.9,4,OK,OK,OK
2026-07-30T10:18:36.472505Z,1397,246.9,4,OK,OK,OK
2026-07-30T10:18:41.937486Z,1398,246.9,4,OK,OK,OK
2026-07-30T10:18:47.431914Z,1397,246.9,4,OK,OK,OK
2026-07-30T10:18:52.932740Z,1388,247.0,4,OK,OK,OK
2026-07-30T10:18:58.412987Z,1386,247.1,4,OK,OK,OK
2026-07-30T10:19:03.895153Z,1388,247.1,4,OK,OK,OK
2026-07-30T10:19:09.392612Z,1380,247.0,4,OK,OK,OK
2026-07-30T10:19:14.901755Z,1387,247.2,4,OK,OK,OK
2026-07-30T10:19:20.389368Z,1384,247.1,4,OK,OK,OK
2026-07-30T10:19:25.868786Z,1400,247.0,4,OK,OK,OK
2026-07-30T10:19:31.381878Z,1390,247.1,4,OK,OK,OK
2026-07-30T10:19:36.853752Z,1386,247.1,4,OK,OK,OK
2026-07-30T10:19:42.304406Z,1396,247.2,4,OK,OK,OK
2026-07-30T10:19:47.813298Z,1399,247.1,4,OK,OK,OK
2026-07-30T10:19:53.270487Z,1395,247.1,4,OK,OK,OK
2026-07-30T10:19:58.749752Z,1394,247.1,4,OK,OK,OK
2026-07-30T10:20:04.195745Z,1395,247.0,4,OK,OK,OK
2026-07-30T10:20:09.721944Z,1387,247.1,4,OK,OK,OK
2026-07-30T10:20:15.206481Z,1409,247.0,4,OK,OK,OK
2026-07-30T10:20:20.670360Z,1391,247.0,4,OK,OK,OK
2026-07-30T10:20:26.150395Z,1397,247.0,4,OK,OK,OK
2026-07-30T10:20:31.636789Z,1384,246.9,4,OK,OK,OK
2026-07-30T10:20:37.095993Z,1392,246.9,4,OK,OK,OK
2026-07-30T10:20:42.602541Z,1383,246.9,4,OK,OK,OK
2026-07-30T10:20:48.083644Z,1390,246.9,4,OK,OK,OK
2026-07-30T10:20:53.582688Z,1387,246.8,4,OK,OK,OK
2026-07-30T10:20:59.054273Z,1380,246.8,4,OK,OK,OK
2026-07-30T10:21:04.542391Z,1381,246.9,4,OK,OK,OK
2026-07-30T10:21:10.048634Z,1387,246.9,4,OK,OK,OK
2026-07-30T10:21:15.586793Z,1387,247.0,4,OK,OK,OK
2026-07-30T10:21:21.049381Z,1382,247.1,4,OK,OK,OK
2026-07-30T10:21:26.568894Z,1386,247.0,4,OK,OK,OK
2026-07-30T10:21:32.066780Z,1383,247.0,4,OK,OK,OK
2026-07-30T10:21:37.512797Z,1384,247.0,4,OK,OK,OK
2026-07-30T10:21:42.976955Z,1389,247.1,4,OK,OK,OK
2026-07-30T10:21:48.476291Z,1395,247.0,4,OK,OK,OK
2026-07-30T10:21:53.978218Z,1393,247.0,4,OK,OK,OK
2026-07-30T10:21:59.450569Z,1389,247.1,4,OK,OK,OK
2026-07-30T10:22:04.927628Z,1385,247.1,4,OK,OK,OK
2026-07-30T10:22:10.370527Z,1386,247.4,4,OK,OK,OK
2026-07-30T10:22:15.853374Z,1380,247.3,4,OK,OK,OK
2026-07-30T10:22:21.335883Z,1390,247.3,4,OK,OK,OK
2026-07-30T10:22:26.857315Z,1383,247.3,4,OK,OK,OK
2026-07-30T10:22:32.331363Z,1308,247.3,4,OK,OK,OK
2026-07-30T10:22:37.819773Z,1320,247.0,4,OK,OK,OK
2026-07-30T10:22:43.295637Z,1301,247.1,4,OK,OK,OK
2026-07-30T10:22:48.801102Z,1301,247.2,4,OK,OK,OK
2026-07-30T10:22:54.283844Z,1302,247.0,4,OK,OK,OK
2026-07-30T10:22:59.758699Z,1313,247.2,4,OK,OK,OK
2026-07-30T10:23:05.263614Z,1304,247.4,4,OK,OK,OK
2026-07-30T10:23:10.760904Z,1310,247.4,4,OK,OK,OK
2026-07-30T10:23:16.295208Z,1320,247.4,4,OK,OK,OK
2026-07-30T10:23:21.719281Z,1304,247.4,4,OK,OK,OK
2026-07-30T10:23:27.210723Z,1307,247.2,4,OK,OK,OK
2026-07-30T10:23:32.709407Z,1307,247.7,4,OK,OK,OK
2026-07-30T10:23:38.182785Z,1300,247.6,4,OK,OK,OK
2026-07-30T10:23:43.631510Z,1297,247.5,4,OK,OK,OK
2026-07-30T10:23:49.107358Z,1314,247.4,4,OK,OK,OK
2026-07-30T10:23:54.612454Z,1303,247.5,4,OK,OK,OK
2026-07-30T10:24:00.077732Z,1309,247.4,4,OK,OK,OK
2026-07-30T10:24:05.593774Z,1306,247.5,4,OK,OK,OK
2026-07-30T10:24:11.088160Z,1298,247.4,4,OK,OK,OK
2026-07-30T10:24:16.581691Z,1300,247.3,4,OK,OK,OK
2026-07-30T10:24:22.027041Z,1304,247.4,4,OK,OK,OK
2026-07-30T10:24:27.533652Z,1308,247.1,4,OK,OK,OK
2026-07-30T10:24:33.021947Z,1312,247.2,4,OK,OK,OK
2026-07-30T10:24:38.535692Z,1305,247.2,4,OK,OK,OK
2026-07-30T10:24:44.005805Z,1329,247.3,4,OK,OK,OK
2026-07-30T10:24:49.505691Z,1300,247.1,4,OK,OK,OK
2026-07-30T10:24:55.004148Z,1324,247.2,4,OK,OK,OK
2026-07-30T10:25:00.510253Z,1298,247.2,4,OK,OK,OK
2026-07-30T10:25:06.000635Z,1302,247.8,4,OK,OK,OK
2026-07-30T10:25:11.510136Z,1296,247.5,4,OK,OK,OK
2026-07-30T10:25:16.950887Z,1444,247.4,4,OK,OK,OK
2026-07-30T10:25:22.425646Z,1430,247.4,4,OK,OK,OK
2026-07-30T10:25:27.888863Z,1432,247.2,4,OK,OK,OK
2026-07-30T10:25:33.384982Z,1420,247.2,4,OK,OK,OK
2026-07-30T10:25:38.839487Z,1444,247.1,4,OK,OK,OK
2026-07-30T10:25:44.316337Z,1438,247.2,4,OK,OK,OK
2026-07-30T10:25:49.770123Z,1432,247.1,4,OK,OK,OK
2026-07-30T10:25:55.220174Z,1464,247.2,4,OK,OK,OK
2026-07-30T10:26:00.715740Z,1422,247.2,4,OK,OK,OK
2026-07-30T10:26:06.245766Z,1431,247.1,4,OK,OK,OK
2026-07-30T10:26:11.743685Z,1426,247.1,4,OK,OK,OK
2026-07-30T10:26:17.245489Z,1448,247.1,4,OK,OK,OK
2026-07-30T10:26:22.740227Z,1452,247.0,4,OK,OK,OK
2026-07-30T10:26:28.263931Z,1469,247.0,4,OK,OK,OK
2026-07-30T10:26:33.777228Z,1462,247.0,4,OK,OK,OK
2026-07-30T10:26:39.267267Z,1355,246.8,4,OK,OK,OK
2026-07-30T10:26:44.774738Z,1351,246.9,4,OK,OK,OK
2026-07-30T10:26:50.250869Z,1358,247.1,4,OK,OK,OK
2026-07-30T10:26:55.759496Z,1337,247.1,4,OK,OK,OK
2026-07-30T10:27:01.239547Z,1344,247.1,4,OK,OK,OK
2026-07-30T10:27:06.751787Z,1334,247.1,4,OK,OK,OK
2026-07-30T10:27:12.226850Z,1347,247.1,4,OK,OK,OK
2026-07-30T10:27:17.748831Z,1339,247.0,4,OK,OK,OK
2026-07-30T10:27:23.216301Z,1337,247.1,4,OK,OK,OK
2026-07-30T10:27:28.692975Z,1362,247.1,4,OK,OK,OK
2026-07-30T10:27:34.197891Z,1341,247.1,4,OK,OK,OK
2026-07-30T10:27:39.672946Z,1331,247.1,4,OK,OK,OK
2026-07-30T10:27:45.143588Z,1380,247.1,4,OK,OK,OK
2026-07-30T10:27:50.677923Z,1324,247.1,4,OK,OK,OK
2026-07-30T10:27:56.188459Z,1335,247.1,4,OK,OK,OK
2026-07-30T10:28:01.698486Z,1333,247.1,4,OK,OK,OK
2026-07-30T10:28:07.144525Z,1344,247.2,4,OK,OK,OK
2026-07-30T10:28:12.632731Z,1338,247.2,4,OK,OK,OK
2026-07-30T10:28:18.134760Z,1342,247.2,4,OK,OK,OK
2026-07-30T10:28:23.614285Z,1338,247.2,4,OK,OK,OK
2026-07-30T10:28:29.106354Z,1324,247.1,4,OK,OK,OK
2026-07-30T10:28:34.579405Z,1335,247.1,4,OK,OK,OK
2026-07-30T10:28:40.092236Z,1320,247.1,4,OK,OK,OK
2026-07-30T10:28:45.519441Z,1350,247.1,4,OK,OK,OK
2026-07-30T10:28:50.969530Z,1318,247.1,4,OK,OK,OK
2026-07-30T10:28:56.467585Z,1332,247.0,4,OK,OK,OK
2026-07-30T10:29:02.001407Z,1338,246.9,4,OK,OK,OK
2026-07-30T10:29:07.493068Z,1330,247.1,4,OK,OK,OK
2026-07-30T10:29:12.972364Z,1336,246.9,4,OK,OK,OK
2026-07-30T10:29:18.444812Z,1328,246.8,4,OK,OK,OK
2026-07-30T10:29:23.903262Z,1348,247.0,4,OK,OK,OK
2026-07-30T10:29:29.408379Z,1312,247.1,4,OK,OK,OK
2026-07-30T10:29:34.902806Z,1338,247.1,4,OK,OK,OK
2026-07-30T10:29:40.374579Z,1312,247.1,4,OK,OK,OK
2026-07-30T10:29:45.808720Z,1325,247.1,4,OK,OK,OK
2026-07-30T10:29:51.312704Z,1300,247.1,4,OK,OK,OK
2026-07-30T10:29:56.773112Z,1297,247.0,4,OK,OK,OK
2026-07-30T10:30:02.273533Z,1297,247.0,4,OK,OK,OK
2026-07-30T10:30:07.768102Z,1296,247.0,4,OK,OK,OK
2026-07-30T10:30:13.234307Z,1307,247.1,4,OK,OK,OK
2026-07-30T10:30:18.731325Z,1308,247.1,4,OK,OK,OK
2026-07-30T10:30:24.182742Z,1317,247.0,4,OK,OK,OK
2026-07-30T10:30:29.720339Z,1320,247.1,4,OK,OK,OK
2026-07-30T10:30:35.246769Z,1300,247.0,4,OK,OK,OK
2026-07-30T10:30:40.727441Z,1301,247.0,4,OK,OK,OK
2026-07-30T10:30:46.218313Z,1299,246.9,4,OK,OK,OK
2026-07-30T10:30:51.683774Z,1295,246.9,4,OK,OK,OK
2026-07-30T10:30:57.169653Z,1308,246.7,4,OK,OK,OK
2026-07-30T10:31:02.654613Z,1295,246.7,4,OK,OK,OK
2026-07-30T10:31:08.107737Z,1304,246.7,17,OK,OK,OK
2026-07-30T10:31:13.600775Z,1294,246.7,17,OK,OK,OK
2026-07-30T10:31:19.051964Z,1292,246.7,17,OK,OK,OK
2026-07-30T10:31:24.486249Z,1295,246.7,17,OK,OK,OK
2026-07-30T10:31:29.958522Z,1307,246.7,17,OK,OK,OK
2026-07-30T10:31:35.433999Z,1301,246.7,17,OK,OK,OK
2026-07-30T10:31:40.902353Z,1297,246.7,17,OK,OK,OK
2026-07-30T10:31:46.323429Z,1301,246.9,17,OK,OK,OK
2026-07-30T10:31:51.770974Z,1293,247.0,17,OK,OK,OK
2026-07-30T10:31:57.221392Z,1296,246.8,17,OK,OK,OK
2026-07-30T10:32:02.685994Z,1297,246.8,17,OK,OK,OK
2026-07-30T10:32:08.137517Z,1298,246.8,17,OK,OK,OK
2026-07-30T10:32:13.618128Z,1296,246.7,17,OK,OK,OK
2026-07-30T10:32:19.125326Z,1289,246.8,17,OK,OK,OK
2026-07-30T10:32:24.626829Z,1294,246.8,17,OK,OK,OK
2026-07-30T10:32:30.118042Z,1323,246.7,17,OK,OK,OK
2026-07-30T10:32:35.612858Z,1313,246.7,17,OK,OK,OK
2026-07-30T10:32:41.077981Z,1304,246.7,17,OK,OK,OK
2026-07-30T10:32:46.586304Z,1292,246.7,17,OK,OK,OK
2026-07-30T10:32:52.082239Z,1303,246.7,17,OK,OK,OK
2026-07-30T10:32:57.527796Z,1312,246.7,17,OK,OK,OK
2026-07-30T10:33:03.028428Z,1306,246.8,17,OK,OK,OK
2026-07-30T10:33:08.517691Z,1316,246.7,17,OK,OK,OK
2026-07-30T10:33:13.990367Z,1315,246.5,17,OK,OK,OK
2026-07-30T10:33:19.442429Z,1318,246.6,17,OK,OK,OK
2026-07-30T10:33:24.926841Z,1313,246.5,17,OK,OK,OK
2026-07-30T10:33:30.370114Z,1328,246.5,17,OK,OK,OK
2026-07-30T10:33:35.846076Z,1312,246.6,17,OK,OK,OK
2026-07-30T10:33:41.302653Z,1324,246.5,17,OK,OK,OK
2026-07-30T10:33:46.821061Z,1337,246.5,17,OK,OK,OK
2026-07-30T10:33:52.309219Z,1332,246.6,17,OK,OK,OK
2026-07-30T10:33:57.815848Z,1332,246.6,17,OK,OK,OK
2026-07-30T10:34:03.267835Z,1340,246.8,17,OK,OK,OK
2026-07-30T10:34:08.781106Z,1332,246.8,17,OK,OK,OK
2026-07-30T10:34:14.226408Z,1348,246.8,17,OK,OK,OK
2026-07-30T10:34:19.768041Z,1344,246.7,17,OK,OK,OK
2026-07-30T10:34:25.248952Z,1345,246.6,17,OK,OK,OK
2026-07-30T10:34:30.714860Z,1348,246.6,17,OK,OK,OK
2026-07-30T10:34:36.193385Z,1330,246.6,17,OK,OK,OK
2026-07-30T10:34:41.638880Z,1334,246.7,17,OK,OK,OK
2026-07-30T10:34:47.127663Z,1341,246.7,17,OK,OK,OK
2026-07-30T10:34:52.602102Z,1336,246.8,17,OK,OK,OK
2026-07-30T10:34:58.088078Z,1338,246.8,17,OK,OK,OK
2026-07-30T10:35:03.566477Z,1333,246.8,17,OK,OK,OK
2026-07-30T10:35:09.054392Z,1341,246.8,17,OK,OK,OK
2026-07-30T10:35:14.553994Z,1342,246.6,17,OK,OK,OK
2026-07-30T10:35:20.066439Z,1344,246.7,17,OK,OK,OK
2026-07-30T10:35:25.541395Z,1342,246.7,17,OK,OK,OK
2026-07-30T10:35:31.024375Z,1319,246.7,17,OK,OK,OK
2026-07-30T10:35:36.515341Z,1334,246.7,17,OK,OK,OK
2026-07-30T10:35:42.032264Z,1320,246.7,17,OK,OK,OK
2026-07-30T10:35:47.517600Z,1325,246.7,17,OK,OK,OK
2026-07-30T10:35:53.013345Z,1342,246.7,17,OK,OK,OK
2026-07-30T10:35:58.467917Z,1340,246.7,17,OK,OK,OK
2026-07-30T10:36:03.907408Z,1336,246.7,17,OK,OK,OK
2026-07-30T10:36:09.418809Z,1340,246.7,17,OK,OK,OK
2026-07-30T10:36:14.883430Z,1333,246.7,17,OK,OK,OK
2026-07-30T10:36:20.413199Z,1340,246.7,17,OK,OK,OK
2026-07-30T10:36:25.943230Z,1338,246.7,17,OK,OK,OK
2026-07-30T10:36:31.410963Z,1336,246.7,17,OK,OK,OK
2026-07-30T10:36:36.907722Z,1338,246.7,17,OK,OK,OK
2026-07-30T10:36:42.391412Z,1344,246.7,17,OK,OK,OK
2026-07-30T10:36:47.891870Z,1350,246.7,17,OK,OK,OK
2026-07-30T10:36:53.357681Z,1342,246.7,17,OK,OK,OK
2026-07-30T10:36:58.805302Z,1336,246.7,17,OK,OK,OK
2026-07-30T10:37:04.329423Z,1345,246.6,17,OK,OK,OK
2026-07-30T10:37:09.805833Z,1336,246.6,17,OK,OK,OK
2026-07-30T10:37:15.303915Z,1346,246.6,17,OK,OK,OK
2026-07-30T10:37:20.821942Z,1352,246.5,17,OK,OK,OK
2026-07-30T10:37:26.346267Z,1355,246.5,17,OK,OK,OK
2026-07-30T10:37:31.834953Z,1348,246.5,17,OK,OK,OK
2026-07-30T10:37:37.328638Z,1346,246.6,17,OK,OK,OK
2026-07-30T10:37:42.849071Z,1352,246.5,17,OK,OK,OK
2026-07-30T10:37:48.287969Z,1470,246.5,17,OK,OK,OK
2026-07-30T10:37:53.772189Z,1446,246.5,17,OK,OK,OK
2026-07-30T10:37:59.204401Z,1494,246.5,17,OK,OK,OK
2026-07-30T10:38:04.730506Z,1522,246.5,17,OK,OK,OK
2026-07-30T10:38:10.183822Z,1545,246.5,17,OK,OK,OK
2026-07-30T10:38:15.673620Z,1580,246.5,17,OK,OK,OK
2026-07-30T10:38:21.212749Z,1581,246.3,17,OK,OK,OK
2026-07-30T10:38:26.713366Z,1596,246.3,17,OK,OK,OK
2026-07-30T10:38:32.206152Z,1635,246.4,17,OK,OK,OK
2026-07-30T10:38:37.735005Z,1620,246.4,17,OK,OK,OK
2026-07-30T10:38:43.247714Z,1625,246.5,17,OK,OK,OK
2026-07-30T10:38:48.763345Z,1626,246.5,17,OK,OK,OK
2026-07-30T10:38:54.236999Z,1624,246.5,17,OK,OK,OK
2026-07-30T10:38:59.737405Z,1584,246.5,17,OK,OK,OK
2026-07-30T10:39:05.196879Z,1499,246.6,17,OK,OK,OK
2026-07-30T10:39:10.708253Z,1559,246.5,17,OK,OK,OK
2026-07-30T10:39:16.222946Z,1551,246.5,17,OK,OK,OK
2026-07-30T10:39:21.704815Z,1553,246.5,17,OK,OK,OK
2026-07-30T10:39:27.172308Z,1555,246.5,17,OK,OK,OK
2026-07-30T10:39:32.677378Z,1560,246.5,17,OK,OK,OK
2026-07-30T10:39:38.181163Z,1558,246.5,17,OK,OK,OK
2026-07-30T10:39:43.676430Z,1564,246.5,17,OK,OK,OK
2026-07-30T10:39:49.170056Z,1551,246.6,17,OK,OK,OK
2026-07-30T10:39:54.600663Z,1542,246.6,17,OK,OK,OK
2026-07-30T10:40:00.036428Z,1538,246.6,17,OK,OK,OK
2026-07-30T10:40:05.506436Z,1546,246.5,17,OK,OK,OK
2026-07-30T10:40:10.984245Z,1542,246.6,17,OK,OK,OK
2026-07-30T10:40:16.455110Z,1547,246.7,17,OK,OK,OK
2026-07-30T10:40:21.969065Z,1544,246.7,17,OK,OK,OK
2026-07-30T10:40:27.462443Z,1540,246.5,17,OK,OK,OK
2026-07-30T10:40:32.951644Z,1545,246.5,17,OK,OK,OK
2026-07-30T10:40:38.447980Z,1540,246.7,17,OK,OK,OK
2026-07-30T10:40:43.927187Z,1541,246.7,17,OK,OK,OK
2026-07-30T10:40:49.444766Z,1534,246.5,17,OK,OK,OK
2026-07-30T10:40:54.884466Z,1446,246.5,17,OK,OK,OK
2026-07-30T10:41:00.340416Z,1446,246.6,17,OK,OK,OK
2026-07-30T10:41:05.838094Z,1443,246.6,17,OK,OK,OK
2026-07-30T10:41:11.327358Z,1429,246.6,17,OK,OK,OK
2026-07-30T10:41:16.800729Z,1427,246.7,17,OK,OK,OK
2026-07-30T10:41:22.295143Z,1418,246.5,17,OK,OK,OK
2026-07-30T10:41:27.840960Z,1446,246.6,17,OK,OK,OK
2026-07-30T10:41:33.312112Z,1420,246.5,17,OK,OK,OK
2026-07-30T10:41:38.801459Z,1436,246.6,17,OK,OK,OK
2026-07-30T10:41:44.295316Z,1439,246.5,17,OK,OK,OK
2026-07-30T10:41:49.797473Z,1438,246.7,17,OK,OK,OK
2026-07-30T10:41:55.298859Z,1436,246.5,17,OK,OK,OK
2026-07-30T10:42:00.806814Z,1439,246.6,17,OK,OK,OK
2026-07-30T10:42:06.311510Z,1450,246.7,17,OK,OK,OK
2026-07-30T10:42:11.839711Z,1431,246.7,17,OK,OK,OK
2026-07-30T10:42:17.348255Z,1447,246.7,17,OK,OK,OK
2026-07-30T10:42:22.847788Z,1440,246.7,17,OK,OK,OK
2026-07-30T10:42:28.325148Z,1472,246.8,17,OK,OK,OK
2026-07-30T10:42:33.811974Z,1438,246.7,17,OK,OK,OK
2026-07-30T10:42:39.348315Z,1438,246.8,17,OK,OK,OK
2026-07-30T10:42:44.848120Z,1420,246.8,17,OK,OK,OK
2026-07-30T10:42:50.324551Z,1427,246.6,17,OK,OK,OK
2026-07-30T10:42:55.810422Z,1424,246.6,17,OK,OK,OK
2026-07-30T10:43:01.282292Z,1424,246.6,17,OK,OK,OK
2026-07-30T10:43:06.770283Z,1406,246.6,17,OK,OK,OK
2026-07-30T10:43:12.231223Z,1428,246.6,17,OK,OK,OK
2026-07-30T10:43:17.684543Z,1429,246.6,17,OK,OK,OK
2026-07-30T10:43:23.187144Z,1417,246.6,17,OK,OK,OK
2026-07-30T10:43:28.698468Z,1420,246.6,17,OK,OK,OK
2026-07-30T10:43:34.199311Z,1428,246.5,17,OK,OK,OK
2026-07-30T10:43:39.705761Z,1421,246.6,17,OK,OK,OK
2026-07-30T10:43:45.209894Z,1433,246.6,17,OK,OK,OK
2026-07-30T10:43:50.698712Z,1426,246.6,17,OK,OK,OK
2026-07-30T10:43:56.168815Z,1431,246.6,17,OK,OK,OK
2026-07-30T10:44:01.617679Z,1430,246.6,17,OK,OK,OK
2026-07-30T10:44:07.069556Z,1411,246.5,17,OK,OK,OK
2026-07-30T10:44:12.580852Z,1416,246.5,17,OK,OK,OK
2026-07-30T10:44:18.092325Z,1425,246.6,17,OK,OK,OK
2026-07-30T10:44:23.572236Z,1415,246.6,17,OK,OK,OK
2026-07-30T10:44:29.065706Z,1410,246.6,17,OK,OK,OK
2026-07-30T10:44:34.555722Z,1428,246.8,17,OK,OK,OK
2026-07-30T10:44:40.035884Z,1428,246.5,17,OK,OK,OK
2026-07-30T10:44:45.491022Z,1422,246.6,17,OK,OK,OK
2026-07-30T10:44:50.949567Z,1447,246.7,17,OK,OK,OK
2026-07-30T10:44:56.423519Z,1423,246.7,17,OK,OK,OK
2026-07-30T10:45:01.921011Z,1429,246.8,17,OK,OK,OK
2026-07-30T10:45:07.430884Z,1426,246.8,17,OK,OK,OK
2026-07-30T10:45:12.935946Z,1431,246.7,17,OK,OK,OK
2026-07-30T10:45:18.458957Z,1430,246.6,17,OK,OK,OK
2026-07-30T10:45:23.962597Z,1433,246.5,17,OK,OK,OK
2026-07-30T10:45:29.464581Z,1423,246.5,17,OK,OK,OK
2026-07-30T10:45:34.911071Z,1441,246.5,17,OK,OK,OK
2026-07-30T10:45:40.416040Z,1431,246.5,17,OK,OK,OK
2026-07-30T10:45:45.890578Z,1432,246.5,17,OK,OK,OK
2026-07-30T10:45:51.385352Z,1419,246.5,17,OK,OK,OK
2026-07-30T10:45:56.871460Z,1429,246.4,17,OK,OK,OK
2026-07-30T10:46:02.379272Z,1420,246.4,17,OK,OK,OK
2026-07-30T10:46:07.889767Z,1422,246.3,17,OK,OK,OK
2026-07-30T10:46:13.377866Z,1418,246.2,17,OK,OK,OK
2026-07-30T10:46:18.854141Z,1424,246.2,190,OK,OK,OK
2026-07-30T10:46:24.321523Z,1440,246.3,190,OK,OK,OK
2026-07-30T10:46:29.774593Z,1415,246.3,190,OK,OK,OK
2026-07-30T10:46:35.275153Z,1425,246.4,190,OK,OK,OK
2026-07-30T10:46:40.749235Z,1426,246.5,190,OK,OK,OK
2026-07-30T10:46:46.253268Z,1422,246.5,190,OK,OK,OK
2026-07-30T10:46:51.764553Z,1423,246.4,190,OK,OK,OK
2026-07-30T10:46:57.211350Z,1426,246.3,190,OK,OK,OK
2026-07-30T10:47:02.694921Z,1419,246.3,190,OK,OK,OK
2026-07-30T10:47:08.139531Z,1424,246.4,190,OK,OK,OK
2026-07-30T10:47:13.593637Z,1423,246.4,190,OK,OK,OK
2026-07-30T10:47:19.056630Z,1426,246.4,190,OK,OK,OK
2026-07-30T10:47:24.545608Z,1418,246.4,190,OK,OK,OK
2026-07-30T10:47:30.044178Z,1430,246.4,190,OK,OK,OK
2026-07-30T10:47:35.542863Z,1430,246.4,190,OK,OK,OK
2026-07-30T10:47:41.017887Z,1425,246.5,190,OK,OK,OK
2026-07-30T10:47:46.536984Z,1431,246.5,190,OK,OK,OK
2026-07-30T10:47:52.029424Z,1417,246.5,190,OK,OK,OK
2026-07-30T10:47:57.517726Z,1433,246.8,190,OK,OK,OK
2026-07-30T10:48:03.033411Z,1430,246.8,190,OK,OK,OK
2026-07-30T10:48:08.518244Z,1426,246.8,190,OK,OK,OK
2026-07-30T10:48:14.031433Z,1428,246.7,190,OK,OK,OK
2026-07-30T10:48:19.513627Z,1428,246.6,190,OK,OK,OK
2026-07-30T10:48:25.023010Z,1430,246.6,190,OK,OK,OK
2026-07-30T10:48:30.453130Z,1427,246.5,190,OK,OK,OK
2026-07-30T10:48:35.962719Z,1413,246.5,190,OK,OK,OK
2026-07-30T10:48:41.416963Z,1425,246.5,190,OK,OK,OK
2026-07-30T10:48:46.918016Z,1418,246.6,190,OK,OK,OK
2026-07-30T10:48:52.368194Z,1423,246.6,190,OK,OK,OK
2026-07-30T10:48:57.830296Z,1422,246.6,190,OK,OK,OK
2026-07-30T10:49:03.290955Z,1427,246.5,190,OK,OK,OK
2026-07-30T10:49:08.805406Z,1429,246.6,190,OK,OK,OK
2026-07-30T10:49:14.260284Z,1422,246.7,190,OK,OK,OK
2026-07-30T10:49:19.768390Z,1429,246.5,190,OK,OK,OK
2026-07-30T10:49:25.244253Z,1426,246.4,190,OK,OK,OK
2026-07-30T10:49:30.782048Z,1421,246.5,190,OK,OK,OK
2026-07-30T10:49:36.271681Z,1419,246.6,190,OK,OK,OK
2026-07-30T10:49:41.708198Z,1423,246.7,190,OK,OK,OK
2026-07-30T10:49:47.170518Z,1435,246.8,190,OK,OK,OK
2026-07-30T10:49:52.619652Z,1418,246.6,190,OK,OK,OK
2026-07-30T10:49:58.125097Z,1411,246.8,190,OK,OK,OK
2026-07-30T10:50:03.626486Z,1406,246.6,190,OK,OK,OK
2026-07-30T10:50:09.140712Z,1405,246.5,190,OK,OK,OK
2026-07-30T10:50:14.651306Z,1405,246.6,190,OK,OK,OK
2026-07-30T10:50:20.112998Z,1406,246.4,190,OK,OK,OK
2026-07-30T10:50:25.648314Z,1406,246.5,190,OK,OK,OK
2026-07-30T10:50:31.160586Z,1406,246.5,190,OK,OK,OK
2026-07-30T10:50:36.623819Z,1408,247.7,190,OK,OK,OK
2026-07-30T10:50:42.129716Z,1408,247.5,190,OK,OK,OK
2026-07-30T10:50:47.606393Z,1408,247.6,190,OK,OK,OK
2026-07-30T10:50:53.073228Z,1412,247.6,190,OK,OK,OK
2026-07-30T10:50:58.545300Z,1413,247.5,190,OK,OK,OK
2026-07-30T10:51:03.996164Z,1405,247.6,190,OK,OK,OK
2026-07-30T10:51:09.487995Z,1410,247.6,190,OK,OK,OK
2026-07-30T10:51:14.948704Z,1408,247.6,190,OK,OK,OK
2026-07-30T10:51:20.423399Z,1401,247.5,190,OK,OK,OK
2026-07-30T10:51:25.896985Z,1406,247.5,190,OK,OK,OK
2026-07-30T10:51:31.436617Z,1410,247.6,190,OK,OK,OK
2026-07-30T10:51:36.937606Z,1402,247.6,190,OK,OK,OK
2026-07-30T10:51:42.432950Z,1399,247.6,190,OK,OK,OK
2026-07-30T10:51:47.975214Z,1434,247.6,190,OK,OK,OK
2026-07-30T10:51:53.466491Z,1402,247.6,190,OK,OK,OK
2026-07-30T10:51:58.916525Z,1400,247.6,190,OK,OK,OK
2026-07-30T10:52:04.420974Z,1406,247.5,190,OK,OK,OK
2026-07-30T10:52:09.923818Z,1401,247.6,190,OK,OK,OK
2026-07-30T10:52:15.434600Z,1399,247.5,190,OK,OK,OK
2026-07-30T10:52:20.913961Z,1406,247.5,190,OK,OK,OK
2026-07-30T10:52:26.404718Z,1408,247.4,190,OK,OK,OK
2026-07-30T10:52:31.863686Z,1407,247.6,190,OK,OK,OK
2026-07-30T10:52:37.364457Z,1404,247.7,190,OK,OK,OK
2026-07-30T10:52:42.835744Z,1405,247.8,190,OK,OK,OK
2026-07-30T10:52:48.273336Z,1406,247.8,190,OK,OK,OK
2026-07-30T10:52:53.741571Z,1404,247.8,190,OK,OK,OK
2026-07-30T10:52:59.189792Z,1398,247.6,190,OK,OK,OK
2026-07-30T10:53:04.672994Z,1397,247.6,190,OK,OK,OK
2026-07-30T10:53:10.163037Z,1407,247.5,190,OK,OK,OK
2026-07-30T10:53:15.623405Z,1405,247.5,190,OK,OK,OK
2026-07-30T10:53:21.106353Z,1406,247.5,190,OK,OK,OK
2026-07-30T10:53:26.585809Z,1407,247.5,190,OK,OK,OK
2026-07-30T10:53:32.090600Z,1393,247.5,190,OK,OK,OK
2026-07-30T10:53:37.587003Z,1402,247.5,190,OK,OK,OK
2026-07-30T10:53:43.058857Z,1404,247.5,190,OK,OK,OK
2026-07-30T10:53:48.500442Z,1406,247.6,190,OK,OK,OK
2026-07-30T10:53:53.979953Z,1399,247.5,190,OK,OK,OK
2026-07-30T10:53:59.414030Z,1395,247.6,190,OK,OK,OK
2026-07-30T10:54:04.920947Z,1410,247.6,190,OK,OK,OK
2026-07-30T10:54:10.395023Z,1406,247.8,190,OK,OK,OK
2026-07-30T10:54:15.860754Z,1403,247.6,190,OK,OK,OK
2026-07-30T10:54:21.366214Z,1402,247.6,190,OK,OK,OK
2026-07-30T10:54:26.838244Z,1401,247.6,190,OK,OK,OK
2026-07-30T10:54:32.356224Z,1404,247.6,190,OK,OK,OK
2026-07-30T10:54:37.851232Z,1396,247.6,190,OK,OK,OK
2026-07-30T10:54:43.318840Z,1415,247.5,190,OK,OK,OK
2026-07-30T10:54:48.825982Z,1405,247.5,190,OK,OK,OK
2026-07-30T10:54:54.283807Z,1394,247.6,190,OK,OK,OK
2026-07-30T10:54:59.751416Z,1409,247.5,190,OK,OK,OK
2026-07-30T10:55:05.257807Z,1402,247.5,190,OK,OK,OK
2026-07-30T10:55:10.706918Z,1384,247.5,190,OK,OK,OK
2026-07-30T10:55:16.196880Z,1398,247.4,190,OK,OK,OK
2026-07-30T10:55:21.662591Z,1402,247.4,190,OK,OK,OK
2026-07-30T10:55:27.184290Z,1388,247.4,190,OK,OK,OK
2026-07-30T10:55:32.659547Z,1396,247.5,190,OK,OK,OK
2026-07-30T10:55:38.171530Z,1393,247.5,190,OK,OK,OK
2026-07-30T10:55:43.671492Z,1401,247.4,190,OK,OK,OK
2026-07-30T10:55:49.138849Z,1390,247.4,190,OK,OK,OK
2026-07-30T10:55:54.621644Z,1410,247.3,190,OK,OK,OK
2026-07-30T10:56:00.104857Z,1399,247.5,190,OK,OK,OK
2026-07-30T10:56:05.607599Z,1393,247.5,190,OK,OK,OK
2026-07-30T10:56:11.095965Z,1413,247.4,190,OK,OK,OK
2026-07-30T10:56:16.637649Z,1400,247.4,190,OK,OK,OK
2026-07-30T10:56:22.136677Z,1415,247.4,190,OK,OK,OK
2026-07-30T10:56:27.610867Z,1397,247.5,190,OK,OK,OK
2026-07-30T10:56:33.106393Z,1412,247.4,190,OK,OK,OK
2026-07-30T10:56:38.631101Z,1412,247.4,190,OK,OK,OK
2026-07-30T10:56:44.086412Z,1415,247.2,190,OK,OK,OK
2026-07-30T10:56:49.536502Z,1402,247.3,190,OK,OK,OK
2026-07-30T10:56:55.039299Z,1416,247.2,190,OK,OK,OK
2026-07-30T10:57:00.527144Z,1405,247.3,190,OK,OK,OK
2026-07-30T10:57:05.950893Z,1417,247.3,190,OK,OK,OK
2026-07-30T10:57:11.478149Z,1420,247.5,190,OK,OK,OK
2026-07-30T10:57:16.964159Z,1550,247.4,190,OK,OK,OK
2026-07-30T10:57:22.455970Z,1593,247.4,190,OK,OK,OK
2026-07-30T10:57:27.924773Z,1644,247.4,190,OK,OK,OK
2026-07-30T10:57:33.428870Z,1631,247.4,190,OK,OK,OK
2026-07-30T10:57:38.934201Z,1706,247.4,190,OK,OK,OK
2026-07-30T10:57:44.409860Z,1728,247.3,190,OK,OK,OK
2026-07-30T10:57:49.887256Z,1756,247.3,190,OK,OK,OK
2026-07-30T10:57:55.356008Z,1662,247.4,190,OK,OK,OK
2026-07-30T10:58:00.833285Z,1644,247.2,190,OK,OK,OK
2026-07-30T10:58:06.302978Z,1687,247.2,190,OK,OK,OK
2026-07-30T10:58:11.779141Z,1697,247.2,190,OK,OK,OK
2026-07-30T10:58:17.219543Z,1707,247.4,190,OK,OK,OK
2026-07-30T10:58:22.744380Z,1708,247.3,190,OK,OK,OK
2026-07-30T10:58:28.185251Z,1709,247.3,190,OK,OK,OK
2026-07-30T10:58:33.693485Z,1698,247.2,190,OK,OK,OK
2026-07-30T10:58:39.212146Z,1671,247.3,190,OK,OK,OK
2026-07-30T10:58:44.679115Z,1580,247.4,190,OK,OK,OK
2026-07-30T10:58:50.136684Z,1552,247.5,190,OK,OK,OK
2026-07-30T10:58:55.624853Z,1525,247.5,190,OK,OK,OK
2026-07-30T10:59:01.095581Z,1528,247.4,190,OK,OK,OK
2026-07-30T10:59:06.563894Z,1518,247.5,190,OK,OK,OK
2026-07-30T10:59:12.043311Z,1506,247.4,190,OK,OK,OK
2026-07-30T10:59:17.518888Z,1519,247.4,190,OK,OK,OK
2026-07-30T10:59:23.018344Z,1504,247.4,190,OK,OK,OK
2026-07-30T10:59:28.481029Z,1512,247.3,190,OK,OK,OK
2026-07-30T10:59:33.959959Z,1515,247.5,190,OK,OK,OK
2026-07-30T10:59:39.419882Z,1504,247.5,190,OK,OK,OK
2026-07-30T10:59:44.921630Z,1517,247.5,190,OK,OK,OK
2026-07-30T10:59:50.400891Z,1514,247.4,190,OK,OK,OK
2026-07-30T10:59:55.936056Z,1514,247.6,190,OK,OK,OK
2026-07-30T11:00:01.438850Z,1436,247.6,190,OK,OK,OK
2026-07-30T11:00:06.909692Z,1435,247.5,190,OK,OK,OK
2026-07-30T11:00:12.364274Z,1449,247.5,190,OK,OK,OK
2026-07-30T11:00:17.849766Z,1423,247.5,190,OK,OK,OK
2026-07-30T11:00:23.300026Z,1429,247.3,190,OK,OK,OK
2026-07-30T11:00:28.777696Z,1448,247.4,190,OK,OK,OK
2026-07-30T11:00:34.279547Z,1436,247.3,190,OK,OK,OK
2026-07-30T11:00:39.797496Z,1438,247.4,190,OK,OK,OK
2026-07-30T11:00:45.293451Z,1417,247.4,190,OK,OK,OK
2026-07-30T11:00:50.739261Z,1424,247.4,190,OK,OK,OK
2026-07-30T11:00:56.222202Z,1434,247.5,190,OK,OK,OK
2026-07-30T11:01:01.684708Z,1414,247.4,190,OK,OK,OK
2026-07-30T11:01:07.188494Z,1420,247.5,190,OK,OK,OK
2026-07-30T11:01:12.664780Z,1420,247.6,190,OK,OK,OK
2026-07-30T11:01:18.162120Z,1421,247.5,190,OK,OK,OK
2026-07-30T11:01:23.650420Z,1422,247.6,190,OK,OK,OK
2026-07-30T11:01:29.167795Z,1424,247.7,190,OK,OK,OK
2026-07-30T11:01:34.665330Z,1333,247.7,206,OK,OK,OK
2026-07-30T11:01:40.152820Z,1323,247.7,206,OK,OK,OK
2026-07-30T11:01:45.605912Z,1330,247.7,206,OK,OK,OK
2026-07-30T11:01:51.077273Z,1336,247.7,206,OK,OK,OK
2026-07-30T11:01:56.552421Z,1322,247.7,206,OK,OK,OK
2026-07-30T11:02:02.024828Z,1322,247.6,206,OK,OK,OK
2026-07-30T11:02:07.489841Z,1339,247.7,206,OK,OK,OK
2026-07-30T11:02:12.935853Z,1339,247.6,206,OK,OK,OK
2026-07-30T11:02:18.387203Z,1333,247.4,206,OK,OK,OK
2026-07-30T11:02:23.866321Z,1342,247.3,206,OK,OK,OK
2026-07-30T11:02:29.340742Z,1347,247.5,206,OK,OK,OK
2026-07-30T11:02:34.844425Z,1323,247.3,206,OK,OK,OK
2026-07-30T11:02:40.337608Z,1338,247.3,206,OK,OK,OK
2026-07-30T11:02:45.819161Z,1329,247.5,206,OK,OK,OK
2026-07-30T11:02:51.290815Z,1329,247.5,206,OK,OK,OK
2026-07-30T11:02:56.746068Z,1330,247.5,206,OK,OK,OK
2026-07-30T11:03:02.205890Z,1342,247.5,206,OK,OK,OK
2026-07-30T11:03:07.689792Z,1329,247.6,206,OK,OK,OK
2026-07-30T11:03:13.142569Z,1340,247.7,206,OK,OK,OK
2026-07-30T11:03:18.624635Z,1341,247.7,206,OK,OK,OK
2026-07-30T11:03:24.107330Z,1319,247.3,206,OK,OK,OK
2026-07-30T11:03:29.592730Z,1327,247.5,206,OK,OK,OK
2026-07-30T11:03:35.074497Z,1331,247.4,206,OK,OK,OK
2026-07-30T11:03:40.576606Z,1319,247.5,206,OK,OK,OK
2026-07-30T11:03:46.007309Z,1327,247.5,206,OK,OK,OK
2026-07-30T11:03:51.508555Z,1333,247.5,206,OK,OK,OK
2026-07-30T11:03:57.000239Z,1319,247.7,206,OK,OK,OK
2026-07-30T11:04:02.502699Z,1330,247.5,206,OK,OK,OK
2026-07-30T11:04:07.993120Z,1322,247.7,206,OK,OK,OK
2026-07-30T11:04:13.479828Z,1328,247.7,206,OK,OK,OK
2026-07-30T11:04:19.014825Z,1323,247.7,206,OK,OK,OK
2026-07-30T11:04:24.502183Z,1326,247.7,206,OK,OK,OK
2026-07-30T11:04:29.997659Z,1328,247.6,206,OK,OK,OK
2026-07-30T11:04:35.479100Z,1351,247.5,206,OK,OK,OK
2026-07-30T11:04:40.965406Z,1335,247.5,206,OK,OK,OK
2026-07-30T11:04:46.437036Z,1290,247.7,206,OK,OK,OK
2026-07-30T11:04:51.957127Z,1317,247.5,206,OK,OK,OK
2026-07-30T11:04:57.400657Z,1317,247.6,206,OK,OK,OK
2026-07-30T11:05:02.872501Z,1309,247.6,206,OK,OK,OK
2026-07-30T11:05:08.348640Z,1316,247.6,206,OK,OK,OK
2026-07-30T11:05:13.798689Z,1311,247.6,206,OK,OK,OK
2026-07-30T11:05:19.270740Z,1307,247.6,206,OK,OK,OK
2026-07-30T11:05:24.777793Z,1317,247.4,206,OK,OK,OK
2026-07-30T11:05:30.277127Z,1314,247.6,206,OK,OK,OK
2026-07-30T11:05:35.788749Z,1313,247.4,206,OK,OK,OK
2026-07-30T11:05:41.258488Z,1309,247.4,206,OK,OK,OK
2026-07-30T11:05:46.722219Z,1318,247.4,206,OK,OK,OK
2026-07-30T11:05:52.224754Z,1312,247.4,206,OK,OK,OK
2026-07-30T11:05:57.681759Z,1341,247.5,206,OK,OK,OK
2026-07-30T11:06:03.209287Z,1555,247.4,206,OK,OK,OK
2026-07-30T11:06:08.689308Z,3052,246.7,206,OK,OK,OK
2026-07-30T11:06:14.175881Z,3050,246.7,206,OK,OK,OK
2026-07-30T11:06:19.649907Z,3058,246.7,206,OK,OK,OK
2026-07-30T11:06:25.143485Z,3076,246.7,206,OK,OK,OK
2026-07-30T11:06:30.615067Z,3068,246.7,206,OK,OK,OK
2026-07-30T11:06:36.088950Z,3038,246.8,206,OK,OK,OK
2026-07-30T11:06:41.563571Z,1338,247.5,206,OK,OK,OK
2026-07-30T11:06:47.101059Z,1344,247.4,206,OK,OK,OK
2026-07-30T11:06:52.543523Z,1313,247.3,206,OK,OK,OK
2026-07-30T11:06:58.053823Z,1322,247.4,206,OK,OK,OK
2026-07-30T11:07:03.523068Z,1311,247.4,206,OK,OK,OK
2026-07-30T11:07:09.007428Z,1320,247.3,206,OK,OK,OK
2026-07-30T11:07:14.496619Z,1305,247.4,206,OK,OK,OK
2026-07-30T11:07:19.983566Z,1337,247.4,206,OK,OK,OK
2026-07-30T11:07:25.478377Z,1486,247.2,206,OK,OK,OK
2026-07-30T11:07:30.903599Z,1437,247.4,206,OK,OK,OK
2026-07-30T11:07:36.390241Z,1449,247.4,206,OK,OK,OK
2026-07-30T11:07:41.835430Z,1436,247.5,206,OK,OK,OK
2026-07-30T11:07:47.355893Z,1470,247.4,206,OK,OK,OK
2026-07-30T11:07:52.841299Z,1465,247.5,206,OK,OK,OK
2026-07-30T11:07:58.318428Z,1440,247.5,206,OK,OK,OK
2026-07-30T11:08:03.816864Z,1470,247.6,206,OK,OK,OK
2026-07-30T11:08:09.299959Z,1450,247.5,206,OK,OK,OK
2026-07-30T11:08:14.776201Z,1447,247.5,206,OK,OK,OK
2026-07-30T11:08:20.287302Z,1454,247.5,206,OK,OK,OK
2026-07-30T11:08:25.790805Z,1463,247.4,206,OK,OK,OK
2026-07-30T11:08:31.282950Z,1450,247.2,206,OK,OK,OK
2026-07-30T11:08:36.812340Z,1470,247.2,206,OK,OK,OK
2026-07-30T11:08:42.327018Z,1455,247.2,206,OK,OK,OK
2026-07-30T11:08:47.810484Z,1472,247.2,206,OK,OK,OK
2026-07-30T11:08:53.248001Z,1449,247.3,206,OK,OK,OK
2026-07-30T11:08:58.766685Z,1447,247.3,206,OK,OK,OK
2026-07-30T11:09:04.213914Z,1443,247.4,206,OK,OK,OK
2026-07-30T11:09:09.708155Z,1447,247.4,206,OK,OK,OK
2026-07-30T11:09:15.161654Z,1330,247.4,206,OK,OK,OK
2026-07-30T11:09:20.630258Z,1329,247.5,206,OK,OK,OK
2026-07-30T11:09:26.136633Z,1333,247.3,206,OK,OK,OK
2026-07-30T11:09:31.649448Z,1336,247.5,206,OK,OK,OK
2026-07-30T11:09:37.111883Z,1319,247.5,206,OK,OK,OK
2026-07-30T11:09:42.629638Z,1338,247.4,206,OK,OK,OK
2026-07-30T11:09:48.089949Z,1341,247.3,206,OK,OK,OK
2026-07-30T11:09:53.590045Z,1328,247.5,206,OK,OK,OK
2026-07-30T11:09:59.050529Z,1331,247.7,206,OK,OK,OK
2026-07-30T11:10:04.539309Z,1332,247.7,206,OK,OK,OK
2026-07-30T11:10:10.047247Z,1337,247.7,206,OK,OK,OK
2026-07-30T11:10:15.522662Z,1338,247.7,206,OK,OK,OK
2026-07-30T11:10:21.006161Z,1319,247.6,206,OK,OK,OK
2026-07-30T11:10:26.446466Z,1325,247.7,206,OK,OK,OK
2026-07-30T11:10:31.930504Z,1327,247.6,206,OK,OK,OK
2026-07-30T11:10:37.411427Z,1328,247.7,206,OK,OK,OK
2026-07-30T11:10:42.932175Z,1303,247.9,206,OK,OK,OK
2026-07-30T11:10:48.422640Z,1320,247.9,206,OK,OK,OK
2026-07-30T11:10:53.903445Z,1316,247.8,206,OK,OK,OK
2026-07-30T11:10:59.400398Z,1323,247.7,206,OK,OK,OK
2026-07-30T11:11:04.912079Z,1303,247.7,206,OK,OK,OK
2026-07-30T11:11:10.398334Z,1322,247.7,206,OK,OK,OK
2026-07-30T11:11:15.889908Z,1328,247.7,206,OK,OK,OK
2026-07-30T11:11:21.403499Z,1328,247.7,206,OK,OK,OK
2026-07-30T11:11:26.878191Z,1320,247.5,206,OK,OK,OK
2026-07-30T11:11:32.380783Z,1318,247.7,206,OK,OK,OK
2026-07-30T11:11:37.846238Z,1323,247.7,206,OK,OK,OK
2026-07-30T11:11:43.323526Z,1321,247.7,206,OK,OK,OK
2026-07-30T11:11:48.769856Z,1331,247.7,206,OK,OK,OK
2026-07-30T11:11:54.254304Z,1321,247.7,206,OK,OK,OK
2026-07-30T11:11:59.692814Z,1309,247.7,206,OK,OK,OK
2026-07-30T11:12:05.173780Z,1323,247.7,206,OK,OK,OK
2026-07-30T11:12:10.684034Z,1311,247.7,206,OK,OK,OK
2026-07-30T11:12:16.174387Z,1317,247.9,206,OK,OK,OK
2026-07-30T11:12:21.669574Z,1324,247.7,206,OK,OK,OK
2026-07-30T11:12:30.160150Z,1364,247.7,206,OK,OK,OK
2026-07-30T11:12:35.664061Z,1377,247.7,206,OK,OK,OK
2026-07-30T11:12:41.103722Z,1375,247.7,206,OK,OK,OK
2026-07-30T11:12:46.620907Z,1357,247.5,206,OK,OK,OK
2026-07-30T11:12:52.108955Z,1390,247.5,206,OK,OK,OK
2026-07-30T11:12:57.598883Z,1397,247.6,206,OK,OK,OK
2026-07-30T11:13:03.097042Z,1414,247.7,206,OK,OK,OK
2026-07-30T11:13:08.568700Z,1406,247.7,206,OK,OK,OK
2026-07-30T11:13:14.045426Z,1408,247.7,206,OK,OK,OK
2026-07-30T11:13:19.568435Z,1405,247.7,206,OK,OK,OK
2026-07-30T11:13:25.031545Z,1395,247.7,206,OK,OK,OK
2026-07-30T11:13:30.491742Z,1404,247.7,206,OK,OK,OK
2026-07-30T11:13:35.940707Z,1408,247.6,206,OK,OK,OK
2026-07-30T11:13:41.433523Z,1412,247.6,206,OK,OK,OK
2026-07-30T11:13:46.896400Z,1400,247.6,206,OK,OK,OK
2026-07-30T11:13:52.403388Z,1409,247.6,206,OK,OK,OK
2026-07-30T11:13:57.892920Z,1400,247.5,206,OK,OK,OK
2026-07-30T11:14:03.342258Z,1399,247.5,206,OK,OK,OK
2026-07-30T11:14:08.870833Z,1404,247.4,206,OK,OK,OK
2026-07-30T11:14:14.331612Z,1404,247.4,206,OK,OK,OK
2026-07-30T11:14:19.839491Z,1404,247.5,206,OK,OK,OK
2026-07-30T11:14:25.326426Z,1397,247.3,206,OK,OK,OK
2026-07-30T11:14:30.796836Z,1354,247.4,206,OK,OK,OK
2026-07-30T11:14:36.272572Z,1333,247.5,206,OK,OK,OK
2026-07-30T11:14:41.756132Z,1336,247.4,206,OK,OK,OK
2026-07-30T11:14:47.208080Z,1319,247.4,206,OK,OK,OK
2026-07-30T11:14:52.682837Z,1312,247.4,206,OK,OK,OK
2026-07-30T11:14:58.154149Z,1309,247.5,206,OK,OK,OK
2026-07-30T11:15:03.683424Z,1310,247.5,206,OK,OK,OK
2026-07-30T11:15:09.164070Z,1290,247.4,206,OK,OK,OK
2026-07-30T11:15:14.618469Z,1316,247.5,206,OK,OK,OK
2026-07-30T11:15:20.123099Z,1430,247.4,206,OK,OK,OK
2026-07-30T11:15:25.616770Z,1419,247.4,206,OK,OK,OK
2026-07-30T11:15:31.088136Z,1421,247.6,206,OK,OK,OK
2026-07-30T11:15:36.591584Z,1426,247.6,206,OK,OK,OK
2026-07-30T11:15:42.103075Z,1437,247.5,206,OK,OK,OK
2026-07-30T11:15:47.594924Z,1426,247.6,206,OK,OK,OK
2026-07-30T11:15:53.100076Z,1434,247.6,206,OK,OK,OK
2026-07-30T11:15:58.616411Z,1436,247.8,206,OK,OK,OK
2026-07-30T11:16:04.144079Z,1422,247.7,206,OK,OK,OK
2026-07-30T11:16:09.604157Z,1433,247.7,206,OK,OK,OK
2026-07-30T11:16:15.117989Z,1432,247.5,206,OK,OK,OK
2026-07-30T11:16:20.653781Z,1439,247.7,206,OK,OK,OK
2026-07-30T11:16:26.182597Z,1416,247.6,206,OK,OK,OK
2026-07-30T11:16:31.618412Z,1535,247.5,206,OK,OK,OK
2026-07-30T11:16:37.145538Z,1532,247.6,206,OK,OK,OK
2026-07-30T11:16:42.620387Z,1567,247.6,206,OK,OK,OK
2026-07-30T11:16:48.109747Z,1607,247.6,401,OK,OK,OK
2026-07-30T11:16:53.588790Z,1618,247.5,401,OK,OK,OK
2026-07-30T11:16:59.065621Z,1639,247.6,401,OK,OK,OK
2026-07-30T11:17:04.534357Z,1659,246.2,401,OK,OK,OK
2026-07-30T11:17:09.998459Z,1676,246.6,401,OK,OK,OK
2026-07-30T11:17:15.507522Z,1698,246.5,401,OK,OK,OK
2026-07-30T11:17:20.997426Z,1687,246.5,401,OK,OK,OK
2026-07-30T11:17:26.478633Z,1708,246.5,401,OK,OK,OK
2026-07-30T11:17:31.947610Z,1721,246.5,401,OK,OK,OK
2026-07-30T11:17:37.448224Z,1704,246.5,401,OK,OK,OK
2026-07-30T11:17:42.929946Z,1672,246.6,401,OK,OK,OK
2026-07-30T11:17:48.441815Z,1689,246.5,401,OK,OK,OK
2026-07-30T11:17:53.872190Z,1667,246.5,401,OK,OK,OK
2026-07-30T11:17:59.360883Z,1673,246.5,401,OK,OK,OK
2026-07-30T11:18:04.823699Z,1662,246.6,401,OK,OK,OK
2026-07-30T11:18:10.302631Z,1667,246.6,401,OK,OK,OK
2026-07-30T11:18:15.791196Z,1614,246.6,401,OK,OK,OK
2026-07-30T11:18:21.322684Z,1542,246.7,401,OK,OK,OK
2026-07-30T11:18:26.796664Z,1563,246.5,401,OK,OK,OK
2026-07-30T11:18:32.845405Z,1546,246.5,401,OK,OK,OK
2026-07-30T11:18:38.345062Z,1538,246.6,401,OK,OK,OK
2026-07-30T11:18:43.874697Z,1539,246.5,401,OK,OK,OK
2026-07-30T11:18:49.387247Z,1547,246.5,401,OK,OK,OK
2026-07-30T11:18:54.891089Z,1545,246.5,401,OK,OK,OK
2026-07-30T11:19:00.385295Z,1529,247.2,401,OK,OK,OK
2026-07-30T11:19:05.847414Z,1541,247.2,401,OK,OK,OK
2026-07-30T11:19:11.295981Z,1531,247.8,401,OK,OK,OK
2026-07-30T11:19:16.744574Z,1552,247.6,401,OK,OK,OK
2026-07-30T11:19:22.251264Z,1548,247.6,401,OK,OK,OK
2026-07-30T11:19:27.723265Z,1548,247.7,401,OK,OK,OK
2026-07-30T11:19:33.215436Z,1559,247.8,401,OK,OK,OK
2026-07-30T11:19:38.676156Z,1541,247.8,401,OK,OK,OK
2026-07-30T11:19:44.153357Z,1545,247.6,401,OK,OK,OK
2026-07-30T11:19:49.650655Z,1551,247.8,401,OK,OK,OK
2026-07-30T11:19:55.145323Z,1551,247.8,401,OK,OK,OK
2026-07-30T11:20:00.664223Z,1547,247.4,401,OK,OK,OK
2026-07-30T11:20:06.167977Z,1538,247.5,401,OK,OK,OK
2026-07-30T11:20:11.647690Z,1548,247.4,401,OK,OK,OK
2026-07-30T11:20:17.116358Z,1548,247.7,401,OK,OK,OK
2026-07-30T11:20:22.613108Z,1554,247.6,401,OK,OK,OK
2026-07-30T11:20:28.115830Z,1692,247.6,401,OK,OK,OK
2026-07-30T11:20:33.615294Z,1664,248.0,401,OK,OK,OK
2026-07-30T11:20:39.090670Z,1685,247.7,401,OK,OK,OK
2026-07-30T11:20:44.551437Z,1651,247.7,401,OK,OK,OK
2026-07-30T11:20:50.051909Z,1672,247.7,401,OK,OK,OK
2026-07-30T11:20:55.502149Z,1687,247.7,401,OK,OK,OK
2026-07-30T11:21:00.965313Z,1655,247.7,401,OK,OK,OK
2026-07-30T11:21:06.450944Z,1546,247.7,401,OK,OK,OK
2026-07-30T11:21:11.915747Z,1543,248.0,401,OK,OK,OK
2026-07-30T11:21:17.390594Z,1539,247.9,401,OK,OK,OK
2026-07-30T11:21:22.851255Z,1535,247.9,401,OK,OK,OK
2026-07-30T11:21:28.333118Z,1551,247.7,401,OK,OK,OK
2026-07-30T11:21:33.851604Z,1522,247.7,401,OK,OK,OK
2026-07-30T11:21:39.337753Z,1528,247.7,401,OK,OK,OK
2026-07-30T11:21:44.822665Z,1524,247.5,401,OK,OK,OK
2026-07-30T11:21:50.293869Z,1530,247.5,401,OK,OK,OK
2026-07-30T11:21:55.810891Z,1546,247.5,401,OK,OK,OK
2026-07-30T11:22:01.291773Z,1526,247.5,401,OK,OK,OK
2026-07-30T11:22:06.783710Z,1525,247.8,401,OK,OK,OK
2026-07-30T11:22:12.325114Z,1531,247.8,401,OK,OK,OK
2026-07-30T11:22:17.812287Z,1532,247.8,401,OK,OK,OK
2026-07-30T11:22:23.283923Z,1536,247.8,401,OK,OK,OK
2026-07-30T11:22:28.751039Z,1543,247.4,401,OK,OK,OK
2026-07-30T11:22:34.212795Z,1537,247.4,401,OK,OK,OK
2026-07-30T11:22:39.663042Z,1443,247.5,401,OK,OK,OK
2026-07-30T11:22:45.128134Z,1450,247.5,401,OK,OK,OK
2026-07-30T11:22:50.608499Z,1439,247.4,401,OK,OK,OK
2026-07-30T11:22:56.088933Z,1563,247.4,401,OK,OK,OK
2026-07-30T11:23:01.582932Z,1440,247.6,401,OK,OK,OK
2026-07-30T11:23:07.064455Z,1435,247.9,401,OK,OK,OK
2026-07-30T11:23:12.569645Z,1433,247.8,401,OK,OK,OK
2026-07-30T11:23:18.042388Z,1431,248.0,401,OK,OK,OK
2026-07-30T11:23:23.577034Z,1437,247.8,401,OK,OK,OK
2026-07-30T11:23:29.079483Z,1423,248.0,401,OK,OK,OK
2026-07-30T11:23:34.574671Z,1564,247.8,401,OK,OK,OK
2026-07-30T11:23:40.032967Z,1552,247.7,401,OK,OK,OK
2026-07-30T11:23:45.521674Z,1536,247.8,401,OK,OK,OK
2026-07-30T11:23:51.014371Z,1552,247.8,401,OK,OK,OK
2026-07-30T11:23:56.475809Z,1547,247.8,401,OK,OK,OK
2026-07-30T11:24:01.931402Z,1540,247.8,401,OK,OK,OK
2026-07-30T11:24:07.439096Z,1542,247.8,401,OK,OK,OK
2026-07-30T11:24:12.915908Z,1560,247.8,401,OK,OK,OK
2026-07-30T11:24:18.403511Z,1427,248.0,401,OK,OK,OK
2026-07-30T11:24:23.887805Z,1440,248.0,401,OK,OK,OK
2026-07-30T11:24:29.382064Z,1411,248.0,401,OK,OK,OK
2026-07-30T11:24:34.874500Z,1420,248.0,401,OK,OK,OK
2026-07-30T11:24:40.333631Z,1415,248.1,401,OK,OK,OK
2026-07-30T11:24:45.825314Z,1422,248.0,401,OK,OK,OK
2026-07-30T11:24:51.342585Z,1417,247.9,401,OK,OK,OK
2026-07-30T11:24:56.824851Z,1432,247.8,401,OK,OK,OK
2026-07-30T11:25:02.308403Z,1410,247.8,401,OK,OK,OK
2026-07-30T11:25:07.788657Z,1410,247.8,401,OK,OK,OK
2026-07-30T11:25:13.291606Z,1416,247.9,401,OK,OK,OK
2026-07-30T11:25:18.740573Z,1408,248.0,401,OK,OK,OK
2026-07-30T11:25:24.211395Z,1414,247.8,401,OK,OK,OK
2026-07-30T11:25:29.721768Z,1417,247.8,401,OK,OK,OK
2026-07-30T11:25:35.218576Z,1422,248.0,401,OK,OK,OK
2026-07-30T11:25:40.694158Z,1418,247.9,401,OK,OK,OK
2026-07-30T11:25:46.199039Z,1419,247.5,401,OK,OK,OK
2026-07-30T11:25:51.692171Z,1410,247.5,401,OK,OK,OK
2026-07-30T11:25:57.170619Z,1408,247.7,401,OK,OK,OK
2026-07-30T11:26:02.668774Z,1409,247.7,401,OK,OK,OK
2026-07-30T11:26:08.161862Z,1411,247.6,401,OK,OK,OK
2026-07-30T11:26:13.660791Z,1413,247.7,401,OK,OK,OK
2026-07-30T11:26:19.152519Z,1413,247.6,401,OK,OK,OK
2026-07-30T11:26:24.605265Z,1410,247.6,401,OK,OK,OK
2026-07-30T11:26:30.118946Z,1425,247.6,401,OK,OK,OK
2026-07-30T11:26:35.655510Z,1407,247.6,401,OK,OK,OK
2026-07-30T11:26:41.126563Z,1409,247.4,401,OK,OK,OK
2026-07-30T11:26:46.667967Z,1407,247.3,401,OK,OK,OK
2026-07-30T11:26:52.130859Z,1405,247.4,401,OK,OK,OK
2026-07-30T11:26:57.611868Z,1416,247.4,401,OK,OK,OK
2026-07-30T11:27:03.091291Z,1406,247.5,401,OK,OK,OK
2026-07-30T11:27:08.599683Z,1402,247.6,401,OK,OK,OK
2026-07-30T11:27:14.110299Z,1401,247.7,401,OK,OK,OK
2026-07-30T11:27:19.628480Z,1406,247.5,401,OK,OK,OK
2026-07-30T11:27:25.100327Z,1416,247.5,401,OK,OK,OK
2026-07-30T11:27:30.585448Z,1407,247.5,401,OK,OK,OK
2026-07-30T11:27:36.047628Z,1422,247.7,401,OK,OK,OK
2026-07-30T11:27:41.513916Z,1432,247.7,401,OK,OK,OK
2026-07-30T11:27:46.999977Z,1395,247.6,401,OK,OK,OK
2026-07-30T11:27:52.463090Z,1397,247.4,401,OK,OK,OK
2026-07-30T11:27:57.945692Z,1391,247.5,401,OK,OK,OK
2026-07-30T11:28:03.411744Z,1386,247.5,401,OK,OK,OK
2026-07-30T11:28:08.865183Z,1396,247.4,401,OK,OK,OK
2026-07-30T11:28:14.356326Z,1403,247.4,401,OK,OK,OK
2026-07-30T11:28:19.824281Z,1443,247.5,401,OK,OK,OK
2026-07-30T11:28:25.321640Z,1395,247.5,401,OK,OK,OK
2026-07-30T11:28:30.848361Z,1390,247.7,401,OK,OK,OK
2026-07-30T11:28:36.334022Z,1390,247.5,401,OK,OK,OK
2026-07-30T11:28:41.800911Z,1400,247.6,401,OK,OK,OK
2026-07-30T11:28:47.337145Z,1414,247.4,401,OK,OK,OK
2026-07-30T11:28:52.828189Z,1592,247.1,401,OK,OK,OK
2026-07-30T11:28:58.312512Z,3131,246.8,401,OK,OK,OK
2026-07-30T11:29:03.766519Z,3157,246.9,401,OK,OK,OK
2026-07-30T11:29:09.250640Z,3145,246.8,401,OK,OK,OK
2026-07-30T11:29:14.709457Z,3145,246.6,401,OK,OK,OK
2026-07-30T11:29:20.200257Z,3130,246.4,401,OK,OK,OK
2026-07-30T11:29:25.677545Z,3125,246.6,401,OK,OK,OK
2026-07-30T11:29:31.232247Z,3132,246.8,401,OK,OK,OK
2026-07-30T11:29:36.765253Z,3132,246.8,401,OK,OK,OK
2026-07-30T11:29:42.287212Z,3114,246.6,401,OK,OK,OK
2026-07-30T11:29:47.767480Z,3144,246.7,401,OK,OK,OK
2026-07-30T11:29:53.259180Z,3112,246.6,401,OK,OK,OK
2026-07-30T11:29:58.737691Z,3117,246.5,401,OK,OK,OK
2026-07-30T11:30:04.209519Z,3110,246.6,401,OK,OK,OK
2026-07-30T11:30:09.689328Z,3103,246.6,401,OK,OK,OK
2026-07-30T11:30:15.224052Z,1420,247.4,401,OK,OK,OK
2026-07-30T11:30:20.716459Z,1392,247.3,401,OK,OK,OK
2026-07-30T11:30:26.185890Z,1417,247.2,401,OK,OK,OK
2026-07-30T11:30:31.691276Z,1401,247.3,401,OK,OK,OK
2026-07-30T11:30:37.187461Z,1399,247.4,401,OK,OK,OK
2026-07-30T11:30:42.697627Z,1532,247.2,401,OK,OK,OK
2026-07-30T11:30:48.216788Z,1560,247.2,401,OK,OK,OK
2026-07-30T11:30:53.711858Z,1540,247.3,401,OK,OK,OK
2026-07-30T11:30:59.182032Z,1524,247.1,401,OK,OK,OK
2026-07-30T11:31:04.645476Z,1523,247.0,401,OK,OK,OK
2026-07-30T11:31:10.105340Z,1536,247.2,401,OK,OK,OK
2026-07-30T11:31:15.588753Z,1520,247.2,401,OK,OK,OK
2026-07-30T11:31:21.059746Z,1411,247.4,401,OK,OK,OK
2026-07-30T11:31:26.551414Z,1409,247.3,401,OK,OK,OK
2026-07-30T11:31:32.024128Z,1402,247.2,401,OK,OK,OK
2026-07-30T11:31:37.484379Z,1401,247.4,401,OK,OK,OK
2026-07-30T11:31:42.983210Z,1403,247.4,401,OK,OK,OK
2026-07-30T11:31:48.449372Z,1422,247.4,401,OK,OK,OK
2026-07-30T11:31:53.938850Z,1414,247.3,401,OK,OK,OK
2026-07-30T11:31:59.408566Z,1400,247.1,508,OK,OK,OK
2026-07-30T11:32:04.885275Z,1397,247.1,508,OK,OK,OK
2026-07-30T11:32:10.330541Z,1539,247.2,508,OK,OK,OK
2026-07-30T11:32:15.795260Z,1524,247.1,508,OK,OK,OK
2026-07-30T11:32:21.230134Z,1520,247.3,508,OK,OK,OK
2026-07-30T11:32:26.718172Z,1518,247.1,508,OK,OK,OK
2026-07-30T11:32:32.177624Z,1520,247.1,508,OK,OK,OK
2026-07-30T11:32:37.648061Z,1523,247.1,508,OK,OK,OK
2026-07-30T11:32:43.150073Z,1519,247.0,508,OK,OK,OK
2026-07-30T11:32:48.612651Z,1543,247.2,508,OK,OK,OK
2026-07-30T11:32:54.102587Z,1534,247.1,508,OK,OK,OK
2026-07-30T11:32:59.594160Z,1522,247.2,508,OK,OK,OK
2026-07-30T11:33:05.054529Z,1534,247.1,508,OK,OK,OK
2026-07-30T11:33:10.505112Z,1530,247.1,508,OK,OK,OK
2026-07-30T11:33:15.993643Z,1527,247.1,508,OK,OK,OK
2026-07-30T11:33:21.484006Z,1521,247.0,508,OK,OK,OK
2026-07-30T11:33:26.944247Z,1527,247.2,508,OK,OK,OK
2026-07-30T11:33:32.424458Z,1522,247.1,508,OK,OK,OK
2026-07-30T11:33:37.927445Z,1512,247.2,508,OK,OK,OK
2026-07-30T11:33:43.398603Z,1517,247.1,508,OK,OK,OK
2026-07-30T11:33:48.888637Z,1413,247.1,508,OK,OK,OK
2026-07-30T11:33:54.362647Z,1415,247.2,508,OK,OK,OK
2026-07-30T11:33:59.881368Z,1410,247.2,508,OK,OK,OK
2026-07-30T11:34:05.367042Z,1399,247.1,508,OK,OK,OK
2026-07-30T11:34:10.841146Z,1399,247.2,508,OK,OK,OK
2026-07-30T11:34:16.345234Z,1407,247.2,508,OK,OK,OK
2026-07-30T11:34:21.790850Z,1400,247.3,508,OK,OK,OK
2026-07-30T11:34:27.297387Z,1408,247.3,508,OK,OK,OK
2026-07-30T11:34:32.755197Z,1404,247.5,508,OK,OK,OK
2026-07-30T11:34:38.260847Z,1400,247.4,508,OK,OK,OK
2026-07-30T11:34:43.752798Z,1401,247.4,508,OK,OK,OK
2026-07-30T11:34:49.203398Z,1400,247.3,508,OK,OK,OK
2026-07-30T11:34:54.637952Z,1411,247.4,508,OK,OK,OK
2026-07-30T11:35:00.142757Z,1431,247.4,508,OK,OK,OK
2026-07-30T11:35:05.598668Z,1412,247.4,508,OK,OK,OK
2026-07-30T11:35:11.089040Z,1408,247.5,508,OK,OK,OK
2026-07-30T11:35:16.577204Z,1411,247.5,508,OK,OK,OK
2026-07-30T11:35:22.016967Z,1403,247.3,508,OK,OK,OK
2026-07-30T11:35:27.507551Z,1405,247.2,508,OK,OK,OK
2026-07-30T11:35:32.978522Z,1411,247.3,508,OK,OK,OK
2026-07-30T11:35:38.471900Z,1404,247.5,508,OK,OK,OK
2026-07-30T11:35:43.944264Z,1407,247.3,508,OK,OK,OK
2026-07-30T11:35:49.420476Z,1401,247.3,508,OK,OK,OK
2026-07-30T11:35:54.889681Z,1409,247.2,508,OK,OK,OK
2026-07-30T11:36:00.397118Z,1403,247.2,508,OK,OK,OK
2026-07-30T11:36:05.846821Z,1396,247.2,508,OK,OK,OK
2026-07-30T11:36:11.322163Z,1400,247.2,508,OK,OK,OK
2026-07-30T11:36:16.812615Z,1396,247.2,508,OK,OK,OK
2026-07-30T11:36:22.308396Z,1406,247.2,508,OK,OK,OK
2026-07-30T11:36:27.783589Z,1401,247.2,508,OK,OK,OK
2026-07-30T11:36:33.234943Z,1395,247.2,508,OK,OK,OK
2026-07-30T11:36:38.752217Z,1385,247.2,508,OK,OK,OK
2026-07-30T11:36:44.230877Z,1391,247.2,508,OK,OK,OK
2026-07-30T11:36:49.683046Z,1389,247.1,508,OK,OK,OK
2026-07-30T11:36:55.188207Z,1398,247.2,508,OK,OK,OK
2026-07-30T11:37:00.718672Z,1394,247.4,508,OK,OK,OK
2026-07-30T11:37:06.199684Z,1395,247.2,508,OK,OK,OK
2026-07-30T11:37:11.711711Z,1396,247.2,508,OK,OK,OK
2026-07-30T11:37:17.195757Z,1397,247.2,508,OK,OK,OK
2026-07-30T11:37:22.701367Z,1396,247.2,508,OK,OK,OK
2026-07-30T11:37:28.177361Z,1400,247.4,508,OK,OK,OK
2026-07-30T11:37:33.704557Z,1394,247.2,508,OK,OK,OK
2026-07-30T11:37:39.217955Z,1392,247.3,508,OK,OK,OK
2026-07-30T11:37:44.706216Z,1388,247.3,508,OK,OK,OK
2026-07-30T11:37:50.159116Z,1414,247.4,508,OK,OK,OK
2026-07-30T11:37:55.668491Z,1390,247.3,508,OK,OK,OK
2026-07-30T11:38:01.155458Z,1394,247.3,508,OK,OK,OK
2026-07-30T11:38:06.664735Z,1397,247.3,508,OK,OK,OK
2026-07-30T11:38:12.158392Z,1396,247.2,508,OK,OK,OK
2026-07-30T11:38:17.631075Z,1399,247.2,508,OK,OK,OK
2026-07-30T11:38:23.138034Z,1385,247.2,508,OK,OK,OK
2026-07-30T11:38:28.576397Z,1394,247.2,508,OK,OK,OK
2026-07-30T11:38:34.134840Z,1383,247.2,508,OK,OK,OK
2026-07-30T11:38:39.579564Z,1383,247.1,508,OK,OK,OK
2026-07-30T11:38:45.070227Z,1394,247.1,508,OK,OK,OK
2026-07-30T11:38:50.553473Z,1384,247.1,508,OK,OK,OK
2026-07-30T11:38:56.011199Z,1400,247.1,508,OK,OK,OK
2026-07-30T11:39:01.469150Z,1382,247.2,508,OK,OK,OK
2026-07-30T11:39:06.950327Z,1389,247.2,508,OK,OK,OK
2026-07-30T11:39:12.395804Z,1380,247.2,508,OK,OK,OK
2026-07-30T11:39:17.887714Z,1390,247.2,508,OK,OK,OK
2026-07-30T11:39:23.340939Z,1383,247.1,508,OK,OK,OK
2026-07-30T11:39:28.774837Z,1387,247.2,508,OK,OK,OK
2026-07-30T11:39:34.268530Z,1386,247.2,508,OK,OK,OK
2026-07-30T11:39:39.718716Z,1392,247.1,508,OK,OK,OK
2026-07-30T11:39:45.244536Z,1389,247.2,508,OK,OK,OK
2026-07-30T11:39:50.679572Z,1394,247.2,508,OK,OK,OK
2026-07-30T11:39:56.175334Z,1552,247.1,508,OK,OK,OK
2026-07-30T11:40:01.637549Z,1528,247.2,508,OK,OK,OK
2026-07-30T11:40:07.115233Z,1518,247.3,508,OK,OK,OK
2026-07-30T11:40:12.597783Z,1502,247.1,508,OK,OK,OK
2026-07-30T11:40:18.107617Z,1508,247.1,508,OK,OK,OK
2026-07-30T11:40:23.614174Z,1513,246.9,508,OK,OK,OK
2026-07-30T11:40:29.080919Z,1520,246.9,508,OK,OK,OK
2026-07-30T11:40:34.568321Z,1507,246.9,508,OK,OK,OK
2026-07-30T11:40:40.053423Z,1402,247.1,508,OK,OK,OK
2026-07-30T11:40:45.536347Z,1398,246.7,508,OK,OK,OK
2026-07-30T11:40:51.002932Z,1402,246.9,508,OK,OK,OK
2026-07-30T11:40:56.497294Z,1408,247.1,508,OK,OK,OK
2026-07-30T11:41:01.927274Z,1420,247.0,508,OK,OK,OK
2026-07-30T11:41:07.431816Z,1388,247.2,508,OK,OK,OK
2026-07-30T11:41:12.891293Z,1398,247.2,508,OK,OK,OK
2026-07-30T11:41:18.430769Z,1404,247.2,508,OK,OK,OK
2026-07-30T11:41:23.888318Z,1432,247.2,508,OK,OK,OK
2026-07-30T11:41:29.374569Z,1424,247.2,508,OK,OK,OK
2026-07-30T11:41:34.868438Z,1437,247.1,508,OK,OK,OK
2026-07-30T11:41:40.337049Z,1444,247.2,508,OK,OK,OK
2026-07-30T11:41:45.875643Z,1437,247.0,508,OK,OK,OK
2026-07-30T11:41:51.383924Z,1442,247.0,508,OK,OK,OK
2026-07-30T11:41:56.861633Z,1438,246.9,508,OK,OK,OK
2026-07-30T11:42:02.346742Z,1438,246.9,508,OK,OK,OK
2026-07-30T11:42:07.839837Z,1446,247.0,508,OK,OK,OK
2026-07-30T11:42:13.311743Z,1448,246.9,508,OK,OK,OK
2026-07-30T11:42:18.774003Z,1441,247.0,508,OK,OK,OK
2026-07-30T11:42:24.227524Z,1437,246.8,508,OK,OK,OK
2026-07-30T11:42:29.704892Z,1450,247.0,508,OK,OK,OK
2026-07-30T11:42:35.156836Z,1443,247.0,508,OK,OK,OK
2026-07-30T11:42:40.644808Z,1439,247.0,508,OK,OK,OK
2026-07-30T11:42:46.122684Z,1436,247.0,508,OK,OK,OK
2026-07-30T11:42:51.612214Z,1435,247.0,508,OK,OK,OK
2026-07-30T11:42:57.100600Z,1440,247.0,508,OK,OK,OK
2026-07-30T11:43:02.624445Z,1438,246.9,508,OK,OK,OK
2026-07-30T11:43:08.107927Z,1444,246.8,508,OK,OK,OK
2026-07-30T11:43:13.605592Z,1437,246.8,508,OK,OK,OK
2026-07-30T11:43:19.066204Z,1434,246.8,508,OK,OK,OK
2026-07-30T11:43:24.517476Z,1441,246.9,508,OK,OK,OK
2026-07-30T11:43:30.008389Z,1425,247.0,508,OK,OK,OK
2026-07-30T11:43:35.446165Z,1435,247.0,508,OK,OK,OK
2026-07-30T11:43:40.981620Z,1429,247.0,508,OK,OK,OK
2026-07-30T11:43:46.464291Z,1456,247.2,508,OK,OK,OK
2026-07-30T11:43:51.928131Z,1433,247.2,508,OK,OK,OK
2026-07-30T11:43:57.374302Z,1437,247.1,508,OK,OK,OK
2026-07-30T11:44:02.880490Z,1428,247.0,508,OK,OK,OK
2026-07-30T11:44:08.370315Z,1430,247.0,508,OK,OK,OK
2026-07-30T11:44:13.825691Z,1437,247.0,508,OK,OK,OK
2026-07-30T11:44:19.326087Z,1431,246.7,508,OK,OK,OK
2026-07-30T11:44:24.857641Z,1421,246.6,508,OK,OK,OK
2026-07-30T11:44:30.347755Z,1436,246.7,508,OK,OK,OK
2026-07-30T11:44:35.800136Z,1426,246.7,508,OK,OK,OK
2026-07-30T11:44:41.288799Z,1426,246.9,508,OK,OK,OK
2026-07-30T11:44:46.791281Z,1364,246.9,508,OK,OK,OK
2026-07-30T11:44:52.271493Z,1364,246.9,508,OK,OK,OK
2026-07-30T11:44:57.729086Z,1358,246.8,508,OK,OK,OK
2026-07-30T11:45:03.217428Z,1345,246.8,508,OK,OK,OK
2026-07-30T11:45:08.660378Z,1342,246.8,508,OK,OK,OK
2026-07-30T11:45:14.165302Z,1346,246.9,508,OK,OK,OK
2026-07-30T11:45:19.608211Z,1346,247.0,508,OK,OK,OK
2026-07-30T11:45:25.099195Z,1360,246.7,508,OK,OK,OK
2026-07-30T11:45:30.589049Z,1304,246.8,508,OK,OK,OK
2026-07-30T11:45:36.078058Z,1300,246.7,508,OK,OK,OK
2026-07-30T11:45:41.549054Z,1300,246.6,508,OK,OK,OK
2026-07-30T11:45:46.989783Z,1305,246.6,508,OK,OK,OK
2026-07-30T11:45:52.466745Z,1307,246.6,508,OK,OK,OK
2026-07-30T11:45:57.990648Z,1299,246.8,508,OK,OK,OK
2026-07-30T11:46:03.466944Z,1302,246.6,508,OK,OK,OK
2026-07-30T11:46:08.955709Z,1308,246.6,508,OK,OK,OK
2026-07-30T11:46:14.401311Z,1298,246.8,508,OK,OK,OK
2026-07-30T11:46:19.835672Z,1312,246.9,508,OK,OK,OK
2026-07-30T11:46:25.286435Z,1319,246.7,508,OK,OK,OK
2026-07-30T11:46:30.734735Z,1297,246.6,508,OK,OK,OK
2026-07-30T11:46:36.204024Z,1296,246.6,508,OK,OK,OK
2026-07-30T11:46:41.701968Z,1300,246.5,508,OK,OK,OK
2026-07-30T11:46:47.195692Z,1300,246.5,508,OK,OK,OK
2026-07-30T11:46:52.675586Z,1295,246.5,508,OK,OK,OK
2026-07-30T11:46:58.150249Z,1306,246.5,508,OK,OK,OK
2026-07-30T11:47:03.655958Z,1298,246.5,508,OK,OK,OK
2026-07-30T11:47:09.127577Z,1320,246.4,320,OK,OK,OK
2026-07-30T11:47:14.580696Z,1302,246.5,320,OK,OK,OK
2026-07-30T11:47:20.053848Z,1328,246.5,320,OK,OK,OK
2026-07-30T11:47:25.549706Z,1295,246.5,320,OK,OK,OK
2026-07-30T11:47:31.008513Z,1299,246.5,320,OK,OK,OK
2026-07-30T11:47:36.495978Z,1292,246.5,320,OK,OK,OK
2026-07-30T11:47:41.988250Z,1288,246.5,320,OK,OK,OK
2026-07-30T11:47:47.485926Z,1292,246.6,320,OK,OK,OK
2026-07-30T11:47:52.968721Z,1288,246.5,320,OK,OK,OK
2026-07-30T11:47:58.439128Z,1292,246.4,320,OK,OK,OK
2026-07-30T11:48:03.920115Z,1285,246.5,320,OK,OK,OK
2026-07-30T11:48:09.422938Z,1288,246.4,320,OK,OK,OK
2026-07-30T11:48:14.883335Z,1284,246.4,320,OK,OK,OK
2026-07-30T11:48:20.368111Z,1280,246.4,320,OK,OK,OK
2026-07-30T11:48:25.815313Z,1285,246.4,320,OK,OK,OK
2026-07-30T11:48:31.265566Z,1289,246.4,320,OK,OK,OK
2026-07-30T11:48:36.760575Z,1288,246.5,320,OK,OK,OK
2026-07-30T11:48:42.214143Z,1280,246.4,320,OK,OK,OK
2026-07-30T11:48:47.679987Z,1284,246.4,320,OK,OK,OK
2026-07-30T11:48:53.149553Z,1284,246.4,320,OK,OK,OK
2026-07-30T11:48:58.627126Z,1279,246.5,320,OK,OK,OK
2026-07-30T11:49:04.132624Z,1283,246.5,320,OK,OK,OK
2026-07-30T11:49:09.650019Z,1280,246.5,320,OK,OK,OK
2026-07-30T11:49:15.159495Z,1290,246.5,320,OK,OK,OK
2026-07-30T11:49:20.664488Z,1284,246.7,320,OK,OK,OK
2026-07-30T11:49:26.150295Z,1283,246.5,320,OK,OK,OK
2026-07-30T11:49:31.665362Z,1284,246.5,320,OK,OK,OK
2026-07-30T11:49:37.143081Z,1290,246.5,320,OK,OK,OK
2026-07-30T11:49:42.641230Z,1289,246.4,320,OK,OK,OK
2026-07-30T11:49:48.127826Z,1275,246.4,320,OK,OK,OK
2026-07-30T11:49:53.581249Z,1289,246.4,320,OK,OK,OK
2026-07-30T11:49:59.084802Z,1278,246.4,320,OK,OK,OK
2026-07-30T11:50:04.559382Z,1285,246.5,320,OK,OK,OK
2026-07-30T11:50:10.055196Z,1283,246.4,320,OK,OK,OK
2026-07-30T11:50:15.509292Z,1277,246.4,320,OK,OK,OK
2026-07-30T11:50:21.031276Z,1284,246.5,320,OK,OK,OK
2026-07-30T11:50:26.506712Z,1279,246.5,320,OK,OK,OK
2026-07-30T11:50:31.996845Z,1276,246.5,320,OK,OK,OK
2026-07-30T11:50:37.470154Z,1276,246.5,320,OK,OK,OK
2026-07-30T11:50:42.993883Z,1283,246.5,320,OK,OK,OK
2026-07-30T11:50:48.484271Z,1290,246.3,320,OK,OK,OK
2026-07-30T11:50:53.951151Z,1277,246.5,320,OK,OK,OK
2026-07-30T11:50:59.441723Z,1276,246.5,320,OK,OK,OK
2026-07-30T11:51:04.930508Z,1272,246.2,320,OK,OK,OK
2026-07-30T11:51:10.440020Z,1282,246.5,320,OK,OK,OK
2026-07-30T11:51:15.952454Z,1278,246.3,320,OK,OK,OK
2026-07-30T11:51:21.427772Z,1276,246.5,320,OK,OK,OK
2026-07-30T11:51:26.932515Z,1295,246.4,320,OK,OK,OK
2026-07-30T11:51:32.443950Z,1275,246.4,320,OK,OK,OK
2026-07-30T11:51:37.900478Z,1279,246.4,320,OK,OK,OK
2026-07-30T11:51:43.415593Z,1271,246.4,320,OK,OK,OK
2026-07-30T11:51:48.909279Z,1267,246.4,320,OK,OK,OK
2026-07-30T11:51:54.403054Z,1268,246.4,320,OK,OK,OK
2026-07-30T11:51:59.833477Z,1283,246.4,320,OK,OK,OK
2026-07-30T11:52:05.322735Z,1271,246.4,320,OK,OK,OK
2026-07-30T11:52:10.766607Z,1276,246.6,320,OK,OK,OK
2026-07-30T11:52:16.249674Z,1282,246.4,320,OK,OK,OK
2026-07-30T11:52:21.745978Z,1270,246.5,320,OK,OK,OK
2026-07-30T11:52:27.281855Z,1274,246.4,320,OK,OK,OK
2026-07-30T11:52:32.775319Z,1273,246.6,320,OK,OK,OK
2026-07-30T11:52:38.241564Z,1276,246.6,320,OK,OK,OK
2026-07-30T11:52:43.720072Z,1273,246.6,320,OK,OK,OK
2026-07-30T11:52:49.212229Z,1282,246.4,320,OK,OK,OK
2026-07-30T11:52:54.693394Z,1279,246.4,320,OK,OK,OK
2026-07-30T11:53:00.175105Z,1290,246.4,320,OK,OK,OK
2026-07-30T11:53:05.685687Z,1278,246.4,320,OK,OK,OK
2026-07-30T11:53:11.163338Z,1268,246.2,320,OK,OK,OK
2026-07-30T11:53:16.688149Z,1276,246.5,320,OK,OK,OK
2026-07-30T11:53:22.147588Z,1282,246.4,320,OK,OK,OK
2026-07-30T11:53:27.672248Z,1274,246.3,320,OK,OK,OK
2026-07-30T11:53:33.142810Z,1277,246.4,320,OK,OK,OK
2026-07-30T11:53:38.605868Z,1273,246.4,320,OK,OK,OK
2026-07-30T11:53:44.059805Z,1268,246.6,320,OK,OK,OK
2026-07-30T11:53:49.548009Z,1272,246.6,320,OK,OK,OK
2026-07-30T11:53:55.072121Z,1279,246.6,320,OK,OK,OK
2026-07-30T11:54:00.524135Z,1276,246.4,320,OK,OK,OK
2026-07-30T11:54:05.987535Z,1269,246.6,320,OK,OK,OK
2026-07-30T11:54:11.479693Z,1277,246.5,320,OK,OK,OK
2026-07-30T11:54:16.975087Z,1276,246.6,320,OK,OK,OK
2026-07-30T11:54:22.420194Z,1275,246.6,320,OK,OK,OK
2026-07-30T11:54:27.946968Z,1274,246.3,320,OK,OK,OK
2026-07-30T11:54:33.431400Z,1279,246.3,320,OK,OK,OK
2026-07-30T11:54:38.900898Z,1280,246.6,320,OK,OK,OK
2026-07-30T11:54:44.346635Z,1279,246.3,320,OK,OK,OK
2026-07-30T11:54:49.832142Z,1272,246.4,320,OK,OK,OK
2026-07-30T11:54:55.315480Z,1288,246.4,320,OK,OK,OK
2026-07-30T11:55:00.793173Z,1270,246.5,320,OK,OK,OK
2026-07-30T11:55:06.260834Z,1276,246.4,320,OK,OK,OK
2026-07-30T11:55:11.754780Z,1280,246.4,320,OK,OK,OK
2026-07-30T11:55:17.237329Z,1273,246.6,320,OK,OK,OK
2026-07-30T11:55:22.708240Z,1267,246.5,320,OK,OK,OK
2026-07-30T11:55:28.214737Z,1268,246.4,320,OK,OK,OK
2026-07-30T11:55:33.686999Z,1272,246.5,320,OK,OK,OK
2026-07-30T11:55:39.212603Z,1271,246.4,320,OK,OK,OK
2026-07-30T11:55:44.717254Z,1272,246.5,320,OK,OK,OK
2026-07-30T11:55:50.227635Z,1288,246.4,320,OK,OK,OK
2026-07-30T11:55:55.697753Z,1273,246.6,320,OK,OK,OK
2026-07-30T11:56:01.179757Z,1285,246.7,320,OK,OK,OK
2026-07-30T11:56:06.645617Z,1268,246.6,320,OK,OK,OK
2026-07-30T11:56:12.095561Z,1292,246.6,320,OK,OK,OK
2026-07-30T11:56:17.571089Z,1280,246.6,320,OK,OK,OK
2026-07-30T11:56:23.053786Z,1269,246.8,320,OK,OK,OK
2026-07-30T11:56:28.547377Z,1290,246.8,320,OK,OK,OK
2026-07-30T11:56:34.031244Z,1275,246.6,320,OK,OK,OK
2026-07-30T11:56:39.488577Z,1267,246.8,320,OK,OK,OK
2026-07-30T11:56:44.951735Z,1272,246.6,320,OK,OK,OK
2026-07-30T11:56:50.404146Z,1278,246.5,320,OK,OK,OK
2026-07-30T11:56:55.885894Z,1270,246.5,320,OK,OK,OK
2026-07-30T11:57:01.374534Z,1269,246.6,320,OK,OK,OK
2026-07-30T11:57:06.904746Z,1276,246.5,320,OK,OK,OK
2026-07-30T11:57:12.366282Z,1270,246.3,320,OK,OK,OK
2026-07-30T11:57:17.885311Z,1281,246.2,320,OK,OK,OK
2026-07-30T11:57:23.362546Z,1269,246.4,320,OK,OK,OK
2026-07-30T11:57:28.865767Z,1277,246.4,320,OK,OK,OK
2026-07-30T11:57:34.342229Z,1270,246.4,320,OK,OK,OK
2026-07-30T11:57:39.849051Z,1272,246.4,320,OK,OK,OK
2026-07-30T11:57:45.325872Z,1265,246.5,320,OK,OK,OK
2026-07-30T11:57:50.826307Z,1272,246.4,320,OK,OK,OK
2026-07-30T11:57:56.323535Z,1285,246.5,320,OK,OK,OK
2026-07-30T11:58:01.767179Z,1265,246.4,320,OK,OK,OK
2026-07-30T11:58:07.287392Z,1283,246.4,320,OK,OK,OK
2026-07-30T11:58:12.784755Z,1270,246.5,320,OK,OK,OK
2026-07-30T11:58:18.257522Z,1273,246.5,320,OK,OK,OK
2026-07-30T11:58:23.715171Z,1262,246.4,320,OK,OK,OK
2026-07-30T11:58:29.177875Z,1265,246.2,320,OK,OK,OK
2026-07-30T11:58:34.701548Z,1262,246.0,320,OK,OK,OK
2026-07-30T11:58:40.191361Z,1268,246.2,320,OK,OK,OK
2026-07-30T11:58:45.697114Z,1268,246.3,320,OK,OK,OK
2026-07-30T11:58:51.171443Z,1271,246.2,320,OK,OK,OK
2026-07-30T11:58:56.692818Z,1276,246.3,320,OK,OK,OK
2026-07-30T11:59:02.180839Z,1265,246.4,320,OK,OK,OK
2026-07-30T11:59:07.693200Z,1268,246.5,320,OK,OK,OK
2026-07-30T11:59:13.162407Z,1274,246.4,320,OK,OK,OK
2026-07-30T11:59:18.597119Z,1266,246.5,320,OK,OK,OK
2026-07-30T11:59:24.070353Z,1275,246.3,320,OK,OK,OK
2026-07-30T11:59:29.560980Z,1269,246.5,320,OK,OK,OK
2026-07-30T11:59:35.035765Z,1273,246.4,320,OK,OK,OK
2026-07-30T11:59:40.517542Z,1272,246.5,320,OK,OK,OK
2026-07-30T11:59:45.982587Z,1276,246.4,320,OK,OK,OK
2026-07-30T11:59:51.458210Z,1307,246.5,320,OK,OK,OK
2026-07-30T11:59:56.945840Z,1264,246.3,320,OK,OK,OK
2026-07-30T12:00:02.391884Z,1277,246.5,320,OK,OK,OK
2026-07-30T12:00:07.860653Z,1271,246.3,320,OK,OK,OK
2026-07-30T12:00:13.367045Z,1267,246.2,320,OK,OK,OK
2026-07-30T12:00:18.823150Z,1268,246.4,320,OK,OK,OK
2026-07-30T12:00:24.293496Z,1271,246.3,320,OK,OK,OK
2026-07-30T12:00:29.768338Z,1282,246.4,320,OK,OK,OK
2026-07-30T12:00:35.278659Z,1273,246.3,320,OK,OK,OK
2026-07-30T12:00:40.759188Z,1269,246.4,320,OK,OK,OK
2026-07-30T12:00:46.259624Z,1266,246.5,320,OK,OK,OK
2026-07-30T12:00:51.732326Z,2446,245.7,320,OK,OK,OK
2026-07-30T12:00:57.214245Z,1364,246.1,320,OK,OK,OK
2026-07-30T12:01:02.664499Z,1375,246.1,320,OK,OK,OK
2026-07-30T12:01:08.157362Z,1370,246.1,320,OK,OK,OK
2026-07-30T12:01:13.631756Z,1380,246.1,320,OK,OK,OK
2026-07-30T12:01:19.134307Z,1384,246.1,320,OK,OK,OK
2026-07-30T12:01:24.649230Z,1379,246.0,320,OK,OK,OK
2026-07-30T12:01:30.123164Z,1396,246.1,320,OK,OK,OK
2026-07-30T12:01:35.629483Z,1379,246.1,320,OK,OK,OK
2026-07-30T12:01:41.146553Z,1383,246.3,320,OK,OK,OK
2026-07-30T12:01:46.629034Z,1367,246.0,320,OK,OK,OK
2026-07-30T12:01:52.135470Z,1375,246.0,320,OK,OK,OK
2026-07-30T12:01:57.636746Z,1379,246.2,320,OK,OK,OK
2026-07-30T12:02:03.078839Z,1367,246.2,320,OK,OK,OK
2026-07-30T12:02:08.531893Z,1374,246.2,320,OK,OK,OK
2026-07-30T12:02:13.995504Z,1359,246.1,320,OK,OK,OK
2026-07-30T12:02:19.503097Z,1366,246.0,320,OK,OK,OK
2026-07-30T12:02:24.927925Z,1357,245.9,973,OK,OK,OK
2026-07-30T12:02:30.415563Z,1365,245.9,973,OK,OK,OK
2026-07-30T12:02:35.902398Z,1379,245.9,973,OK,OK,OK
2026-07-30T12:02:41.398823Z,1356,245.9,973,OK,OK,OK
2026-07-30T12:02:46.935832Z,1357,245.9,973,OK,OK,OK
2026-07-30T12:02:52.401703Z,1351,246.0,973,OK,OK,OK
2026-07-30T12:02:57.881970Z,1380,246.0,973,OK,OK,OK
2026-07-30T12:03:03.390766Z,1375,246.1,973,OK,OK,OK
2026-07-30T12:03:08.849945Z,1353,246.1,973,OK,OK,OK
2026-07-30T12:03:14.330665Z,1359,246.1,973,OK,OK,OK
2026-07-30T12:03:19.837366Z,1350,246.0,973,OK,OK,OK
2026-07-30T12:03:25.287138Z,1352,246.0,973,OK,OK,OK
2026-07-30T12:03:30.777626Z,1372,246.0,973,OK,OK,OK
2026-07-30T12:03:36.260230Z,1346,246.1,973,OK,OK,OK
2026-07-30T12:03:41.714138Z,1350,246.2,973,OK,OK,OK
2026-07-30T12:03:47.180160Z,1352,246.2,973,OK,OK,OK
2026-07-30T12:03:52.667055Z,1353,246.3,973,OK,OK,OK
2026-07-30T12:03:58.123875Z,1353,246.3,973,OK,OK,OK
2026-07-30T12:04:03.615169Z,1358,246.2,973,OK,OK,OK
2026-07-30T12:04:09.079129Z,1350,246.3,973,OK,OK,OK
2026-07-30T12:04:14.559577Z,1350,246.4,973,OK,OK,OK
2026-07-30T12:04:20.044621Z,1354,246.5,973,OK,OK,OK
2026-07-30T12:04:25.512310Z,1352,246.3,973,OK,OK,OK
2026-07-30T12:04:31.023464Z,1348,246.3,973,OK,OK,OK
2026-07-30T12:04:36.499128Z,1354,246.2,973,OK,OK,OK
2026-07-30T12:04:41.967479Z,1350,246.2,973,OK,OK,OK
2026-07-30T12:04:47.426124Z,1362,246.3,973,OK,OK,OK
2026-07-30T12:04:52.896093Z,1351,246.4,973,OK,OK,OK
2026-07-30T12:04:58.363601Z,1346,246.3,973,OK,OK,OK
2026-07-30T12:05:03.829836Z,1363,246.2,973,OK,OK,OK
2026-07-30T12:05:09.338047Z,1355,246.1,973,OK,OK,OK
2026-07-30T12:05:14.841466Z,1355,246.1,973,OK,OK,OK
2026-07-30T12:05:20.312170Z,1350,246.1,973,OK,OK,OK
2026-07-30T12:05:25.801872Z,1356,246.1,973,OK,OK,OK
2026-07-30T12:05:31.324080Z,1375,246.1,973,OK,OK,OK
2026-07-30T12:05:36.775024Z,1351,246.1,973,OK,OK,OK
2026-07-30T12:05:42.331220Z,1363,246.1,973,OK,OK,OK
2026-07-30T12:05:47.769648Z,1369,246.3,973,OK,OK,OK
2026-07-30T12:05:53.275548Z,1348,246.3,973,OK,OK,OK
2026-07-30T12:05:58.766897Z,1360,246.3,973,OK,OK,OK
2026-07-30T12:06:04.255593Z,1350,246.1,973,OK,OK,OK
2026-07-30T12:06:09.754909Z,1353,246.1,973,OK,OK,OK
2026-07-30T12:06:15.256989Z,1350,246.1,973,OK,OK,OK
2026-07-30T12:06:20.737344Z,1359,246.1,973,OK,OK,OK
2026-07-30T12:06:26.236068Z,1364,246.2,973,OK,OK,OK
2026-07-30T12:06:31.736422Z,1353,246.4,973,OK,OK,OK
2026-07-30T12:06:37.248017Z,1351,246.2,973,OK,OK,OK
2026-07-30T12:06:42.752898Z,1347,246.3,973,OK,OK,OK
2026-07-30T12:06:48.203821Z,1371,246.4,973,OK,OK,OK
2026-07-30T12:06:53.699288Z,1352,246.3,973,OK,OK,OK
2026-07-30T12:06:59.156587Z,1362,246.3,973,OK,OK,OK
2026-07-30T12:07:04.645902Z,1356,246.4,973,OK,OK,OK
2026-07-30T12:07:10.066996Z,1370,246.2,973,OK,OK,OK
2026-07-30T12:07:15.566697Z,1351,246.1,973,OK,OK,OK
2026-07-30T12:07:21.050752Z,1354,246.1,973,OK,OK,OK
2026-07-30T12:07:26.518116Z,1366,245.9,973,OK,OK,OK
2026-07-30T12:07:31.997122Z,1358,246.0,973,OK,OK,OK
2026-07-30T12:07:37.514993Z,1360,246.0,973,OK,OK,OK
2026-07-30T12:07:42.991571Z,1355,246.0,973,OK,OK,OK
2026-07-30T12:07:48.490428Z,1373,246.1,973,OK,OK,OK
2026-07-30T12:07:53.968445Z,1359,246.0,973,OK,OK,OK
2026-07-30T12:07:59.476514Z,1354,246.5,973,OK,OK,OK
2026-07-30T12:08:04.937267Z,1355,246.5,973,OK,OK,OK
2026-07-30T12:08:10.393841Z,1357,246.5,973,OK,OK,OK
2026-07-30T12:08:15.926637Z,1372,246.5,973,OK,OK,OK
2026-07-30T12:08:21.388042Z,1363,246.5,973,OK,OK,OK
2026-07-30T12:08:26.863556Z,1356,246.4,973,OK,OK,OK
2026-07-30T12:08:32.348081Z,1353,246.5,973,OK,OK,OK
2026-07-30T12:08:37.841629Z,1366,246.5,973,OK,OK,OK
2026-07-30T12:08:43.331332Z,1358,246.6,973,OK,OK,OK
2026-07-30T12:08:48.837239Z,1368,246.4,973,OK,OK,OK
2026-07-30T12:08:54.307713Z,1356,246.4,973,OK,OK,OK
2026-07-30T12:08:59.779315Z,1370,246.5,973,OK,OK,OK
2026-07-30T12:09:05.288997Z,1356,246.5,973,OK,OK,OK
2026-07-30T12:09:10.779693Z,1360,246.5,973,OK,OK,OK
2026-07-30T12:09:16.270075Z,1352,246.5,973,OK,OK,OK
2026-07-30T12:09:21.776113Z,1352,246.2,973,OK,OK,OK
2026-07-30T12:09:27.234019Z,1349,246.2,973,OK,OK,OK
2026-07-30T12:09:32.741823Z,1361,246.5,973,OK,OK,OK
2026-07-30T12:09:38.250182Z,1350,246.5,973,OK,OK,OK
2026-07-30T12:09:43.721693Z,1355,246.6,973,OK,OK,OK
2026-07-30T12:09:49.214878Z,1362,246.6,973,OK,OK,OK
2026-07-30T12:09:54.711013Z,1353,246.8,973,OK,OK,OK
2026-07-30T12:10:00.201657Z,1355,246.9,973,OK,OK,OK
2026-07-30T12:10:05.671035Z,1351,246.7,973,OK,OK,OK
2026-07-30T12:10:11.145365Z,1357,246.7,973,OK,OK,OK
2026-07-30T12:10:16.616329Z,1350,246.4,973,OK,OK,OK
2026-07-30T12:10:22.123390Z,1358,246.5,973,OK,OK,OK
2026-07-30T12:10:27.657140Z,1382,246.5,973,OK,OK,OK
2026-07-30T12:10:33.184903Z,1380,246.5,973,OK,OK,OK
2026-07-30T12:10:38.664219Z,1377,246.5,973,OK,OK,OK
2026-07-30T12:10:44.170567Z,1356,246.5,973,OK,OK,OK
2026-07-30T12:10:49.685296Z,1352,246.5,973,OK,OK,OK
2026-07-30T12:10:55.210350Z,1377,246.5,973,OK,OK,OK
2026-07-30T12:11:00.710161Z,1358,246.5,973,OK,OK,OK
2026-07-30T12:11:06.194746Z,1352,246.5,973,OK,OK,OK
2026-07-30T12:11:11.650918Z,1380,246.5,973,OK,OK,OK
2026-07-30T12:11:17.173034Z,1363,246.5,973,OK,OK,OK
2026-07-30T12:11:22.658245Z,1365,246.6,973,OK,OK,OK
2026-07-30T12:11:28.149329Z,1364,246.6,973,OK,OK,OK
2026-07-30T12:11:33.591280Z,1359,246.6,973,OK,OK,OK
2026-07-30T12:11:39.034631Z,1360,246.7,973,OK,OK,OK
2026-07-30T12:11:44.508667Z,1374,246.9,973,OK,OK,OK
2026-07-30T12:11:49.957354Z,1390,246.9,973,OK,OK,OK
2026-07-30T12:11:55.423227Z,1364,246.7,973,OK,OK,OK
2026-07-30T12:12:00.904392Z,1372,246.9,973,OK,OK,OK
2026-07-30T12:12:06.406163Z,1360,246.9,973,OK,OK,OK
2026-07-30T12:12:11.883703Z,1368,247.0,973,OK,OK,OK
2026-07-30T12:12:17.376547Z,1362,247.0,973,OK,OK,OK
2026-07-30T12:12:22.858699Z,1359,246.8,973,OK,OK,OK
2026-07-30T12:12:28.365552Z,1378,246.9,973,OK,OK,OK
2026-07-30T12:12:33.869395Z,1366,247.0,973,OK,OK,OK
2026-07-30T12:12:39.345468Z,1369,247.1,973,OK,OK,OK
2026-07-30T12:12:44.842032Z,1367,247.0,973,OK,OK,OK
2026-07-30T12:12:50.260183Z,1365,247.0,973,OK,OK,OK
2026-07-30T12:12:55.728687Z,1362,247.0,973,OK,OK,OK
2026-07-30T12:13:01.203458Z,1362,247.0,973,OK,OK,OK
2026-07-30T12:13:06.727612Z,1366,247.0,973,OK,OK,OK
2026-07-30T12:13:12.202812Z,1369,247.1,973,OK,OK,OK
2026-07-30T12:13:17.715579Z,1378,247.0,973,OK,OK,OK
2026-07-30T12:13:23.216897Z,1371,247.1,973,OK,OK,OK
2026-07-30T12:13:28.697140Z,1361,246.9,973,OK,OK,OK
2026-07-30T12:13:34.219625Z,1366,247.1,973,OK,OK,OK
2026-07-30T12:13:39.695796Z,1375,247.1,973,OK,OK,OK
2026-07-30T12:13:45.186195Z,1369,247.1,973,OK,OK,OK
2026-07-30T12:13:50.659690Z,1372,247.2,973,OK,OK,OK
2026-07-30T12:13:56.118713Z,1369,247.2,973,OK,OK,OK
2026-07-30T12:14:01.600095Z,1369,247.2,973,OK,OK,OK
2026-07-30T12:14:07.087121Z,1379,247.2,973,OK,OK,OK
2026-07-30T12:14:12.540925Z,1370,247.2,973,OK,OK,OK
2026-07-30T12:14:18.062725Z,1380,247.2,973,OK,OK,OK
2026-07-30T12:14:23.504772Z,1377,247.2,973,OK,OK,OK
2026-07-30T12:14:29.024239Z,1381,247.1,973,OK,OK,OK
2026-07-30T12:14:34.533128Z,1381,247.2,973,OK,OK,OK
2026-07-30T12:14:39.982313Z,1386,247.2,973,OK,OK,OK
2026-07-30T12:14:45.446244Z,1412,247.2,973,OK,OK,OK
2026-07-30T12:14:50.923283Z,1384,247.0,973,OK,OK,OK
2026-07-30T12:14:56.395881Z,1389,246.9,973,OK,OK,OK
2026-07-30T12:15:01.885156Z,1393,246.9,973,OK,OK,OK
2026-07-30T12:15:07.388372Z,1405,246.9,973,OK,OK,OK
2026-07-30T12:15:12.861226Z,1391,246.9,973,OK,OK,OK
2026-07-30T12:15:18.353365Z,1396,246.9,973,OK,OK,OK
2026-07-30T12:15:23.808002Z,1391,246.9,973,OK,OK,OK
2026-07-30T12:15:29.298134Z,1384,246.9,973,OK,OK,OK
2026-07-30T12:15:34.772900Z,1390,246.9,973,OK,OK,OK
2026-07-30T12:15:40.251713Z,1391,246.9,973,OK,OK,OK
2026-07-30T12:15:45.772299Z,1390,246.9,973,OK,OK,OK
2026-07-30T12:15:51.270325Z,1405,246.8,973,OK,OK,OK
2026-07-30T12:15:56.746122Z,1385,246.8,973,OK,OK,OK
2026-07-30T12:16:02.244954Z,1392,246.8,973,OK,OK,OK
2026-07-30T12:16:07.755315Z,1391,246.8,973,OK,OK,OK
2026-07-30T12:16:13.228464Z,1388,246.9,973,OK,OK,OK
2026-07-30T12:16:18.730372Z,1399,246.9,973,OK,OK,OK
2026-07-30T12:16:24.212912Z,1397,246.9,973,OK,OK,OK
2026-07-30T12:16:29.698091Z,1394,246.9,973,OK,OK,OK
2026-07-30T12:16:35.176604Z,1393,246.9,973,OK,OK,OK
2026-07-30T12:16:40.661796Z,1389,247.1,973,OK,OK,OK
2026-07-30T12:16:46.120518Z,1396,247.1,973,OK,OK,OK
2026-07-30T12:16:51.602824Z,1398,247.0,973,OK,OK,OK
2026-07-30T12:16:57.045336Z,1396,247.0,973,OK,OK,OK
2026-07-30T12:17:02.559388Z,1392,246.9,973,OK,OK,OK
2026-07-30T12:17:08.062589Z,1396,246.9,973,OK,OK,OK
2026-07-30T12:17:13.538584Z,1396,247.1,973,OK,OK,OK
2026-07-30T12:17:19.030577Z,1392,246.9,973,OK,OK,OK
2026-07-30T12:17:24.512695Z,1391,246.9,973,OK,OK,OK
2026-07-30T12:17:29.992302Z,1399,246.9,973,OK,OK,OK
2026-07-30T12:17:35.473819Z,1394,246.9,2033,OK,OK,OK
2026-07-30T12:17:40.942913Z,1402,246.8,2033,OK,OK,OK
2026-07-30T12:17:46.424772Z,1388,246.8,2033,OK,OK,OK
2026-07-30T12:17:51.926705Z,1390,246.6,2033,OK,OK,OK
2026-07-30T12:17:57.394343Z,1399,246.7,2033,OK,OK,OK
2026-07-30T12:18:02.860310Z,1389,246.8,2033,OK,OK,OK
2026-07-30T12:18:08.321546Z,1395,246.7,2033,OK,OK,OK
2026-07-30T12:18:13.802289Z,1394,246.9,2033,OK,OK,OK
2026-07-30T12:18:19.288381Z,1394,246.8,2033,OK,OK,OK
2026-07-30T12:18:24.792911Z,1393,246.8,2033,OK,OK,OK
2026-07-30T12:18:30.310892Z,1396,246.7,2033,OK,OK,OK
2026-07-30T12:18:35.820758Z,1392,246.8,2033,OK,OK,OK
2026-07-30T12:18:41.288860Z,1390,246.8,2033,OK,OK,OK
2026-07-30T12:18:46.787660Z,1397,246.8,2033,OK,OK,OK
2026-07-30T12:18:52.275875Z,1386,246.7,2033,OK,OK,OK
2026-07-30T12:18:57.727260Z,1400,246.8,2033,OK,OK,OK
2026-07-30T12:19:03.244141Z,1393,246.6,2033,OK,OK,OK
2026-07-30T12:19:08.740209Z,1397,246.6,2033,OK,OK,OK
2026-07-30T12:19:14.230294Z,1399,246.6,2033,OK,OK,OK
2026-07-30T12:19:19.697311Z,1390,246.5,2033,OK,OK,OK
2026-07-30T12:19:25.168477Z,1404,246.7,2033,OK,OK,OK
2026-07-30T12:19:30.673299Z,1398,246.7,2033,OK,OK,OK
2026-07-30T12:19:36.150207Z,1399,246.8,2033,OK,OK,OK
2026-07-30T12:19:41.621981Z,1399,246.7,2033,OK,OK,OK
2026-07-30T12:19:47.111194Z,1394,246.6,2033,OK,OK,OK
2026-07-30T12:19:52.578072Z,1407,246.8,2033,OK,OK,OK
2026-07-30T12:19:58.058109Z,1402,246.8,2033,OK,OK,OK
2026-07-30T12:20:03.524928Z,1398,246.8,2033,OK,OK,OK
2026-07-30T12:20:09.087132Z,1396,246.7,2033,OK,OK,OK
2026-07-30T12:20:14.584692Z,1394,246.6,2033,OK,OK,OK
2026-07-30T12:20:20.078383Z,1421,246.5,2033,OK,OK,OK
2026-07-30T12:20:25.552897Z,1414,246.4,2033,OK,OK,OK
2026-07-30T12:20:31.037212Z,1393,246.3,2033,OK,OK,OK
2026-07-30T12:20:36.534263Z,1400,246.3,2033,OK,OK,OK
2026-07-30T12:20:42.014578Z,1389,246.5,2033,OK,OK,OK
2026-07-30T12:20:47.497223Z,1394,246.3,2033,OK,OK,OK
2026-07-30T12:20:53.000641Z,1403,246.5,2033,OK,OK,OK
2026-07-30T12:20:58.462207Z,1393,246.5,2033,OK,OK,OK
2026-07-30T12:21:03.947492Z,1436,246.5,2033,OK,OK,OK
2026-07-30T12:21:09.451005Z,1416,246.5,2033,OK,OK,OK
2026-07-30T12:21:14.906576Z,1576,246.5,2033,OK,OK,OK
2026-07-30T12:21:20.390281Z,1548,246.4,2033,OK,OK,OK
2026-07-30T12:21:25.837746Z,1473,246.4,2033,OK,OK,OK
2026-07-30T12:21:31.331026Z,1460,246.1,2033,OK,OK,OK
2026-07-30T12:21:36.818059Z,1456,246.1,2033,OK,OK,OK
2026-07-30T12:21:42.317440Z,1464,246.3,2033,OK,OK,OK
2026-07-30T12:21:47.783670Z,1474,246.4,2033,OK,OK,OK
2026-07-30T12:21:53.273484Z,1460,246.4,2033,OK,OK,OK
2026-07-30T12:21:58.757776Z,1472,246.3,2033,OK,OK,OK
2026-07-30T12:22:04.243048Z,1459,246.2,2033,OK,OK,OK
2026-07-30T12:22:09.732769Z,1463,246.1,2033,OK,OK,OK
2026-07-30T12:22:15.256905Z,1468,246.3,2033,OK,OK,OK
2026-07-30T12:22:20.708536Z,1460,246.3,2033,OK,OK,OK
2026-07-30T12:22:26.177429Z,1471,246.3,2033,OK,OK,OK
2026-07-30T12:22:31.680350Z,1472,246.4,2033,OK,OK,OK
2026-07-30T12:22:37.139729Z,1456,246.3,2033,OK,OK,OK
2026-07-30T12:22:42.647147Z,1353,246.5,2033,OK,OK,OK
2026-07-30T12:22:48.120125Z,1361,246.3,2033,OK,OK,OK
2026-07-30T12:22:53.631574Z,1341,246.4,2033,OK,OK,OK
2026-07-30T12:22:59.084562Z,1346,246.3,2033,OK,OK,OK
2026-07-30T12:23:04.564973Z,1340,246.2,2033,OK,OK,OK
2026-07-30T12:23:10.074752Z,1357,246.3,2033,OK,OK,OK
2026-07-30T12:23:15.562187Z,1353,246.4,2033,OK,OK,OK
2026-07-30T12:23:21.032549Z,1340,246.5,2033,OK,OK,OK
2026-07-30T12:23:26.543369Z,1345,246.4,2033,OK,OK,OK
2026-07-30T12:23:32.047916Z,1345,246.3,2033,OK,OK,OK
2026-07-30T12:23:37.528098Z,1339,246.5,2033,OK,OK,OK
2026-07-30T12:23:42.989994Z,1343,246.4,2033,OK,OK,OK
2026-07-30T12:23:48.473847Z,1350,246.2,2033,OK,OK,OK
2026-07-30T12:23:53.938881Z,1344,246.2,2033,OK,OK,OK
2026-07-30T12:23:59.356499Z,1341,246.2,2033,OK,OK,OK
2026-07-30T12:24:04.852257Z,1345,246.2,2033,OK,OK,OK
2026-07-30T12:24:10.306310Z,1338,246.3,2033,OK,OK,OK
2026-07-30T12:24:15.815336Z,1354,246.3,2033,OK,OK,OK
2026-07-30T12:24:21.288873Z,1350,246.1,2033,OK,OK,OK
2026-07-30T12:24:26.784079Z,1348,246.0,2033,OK,OK,OK
2026-07-30T12:24:32.326530Z,1342,246.2,2033,OK,OK,OK
2026-07-30T12:24:37.812254Z,1345,246.3,2033,OK,OK,OK
2026-07-30T12:24:43.296632Z,1341,246.2,2033,OK,OK,OK
2026-07-30T12:24:48.803299Z,1354,246.0,2033,OK,OK,OK
2026-07-30T12:24:54.274505Z,1370,246.2,2033,OK,OK,OK
2026-07-30T12:24:59.765279Z,1366,246.2,2033,OK,OK,OK
2026-07-30T12:25:05.247677Z,1341,246.2,2033,OK,OK,OK
2026-07-30T12:25:10.741565Z,1347,246.2,2033,OK,OK,OK
2026-07-30T12:25:16.242227Z,1340,246.2,2033,OK,OK,OK
2026-07-30T12:25:21.677194Z,1480,246.1,2033,OK,OK,OK
2026-07-30T12:25:27.178708Z,1476,246.1,2033,OK,OK,OK
2026-07-30T12:25:32.617933Z,1457,246.2,2033,OK,OK,OK
2026-07-30T12:25:38.080599Z,1473,246.2,2033,OK,OK,OK
2026-07-30T12:25:43.558158Z,1463,246.2,2033,OK,OK,OK
2026-07-30T12:25:49.049804Z,1448,246.2,2033,OK,OK,OK
2026-07-30T12:25:54.555594Z,1457,246.3,2033,OK,OK,OK
2026-07-30T12:25:59.997149Z,1339,246.4,2033,OK,OK,OK
2026-07-30T12:26:05.519643Z,1331,246.3,2033,OK,OK,OK
2026-07-30T12:26:10.986444Z,1338,246.3,2033,OK,OK,OK
2026-07-30T12:26:16.497237Z,1333,246.3,2033,OK,OK,OK
2026-07-30T12:26:21.980559Z,1334,246.5,2033,OK,OK,OK
2026-07-30T12:26:27.478449Z,1331,246.7,2033,OK,OK,OK
2026-07-30T12:26:32.957301Z,1352,246.8,2033,OK,OK,OK
2026-07-30T12:26:38.449716Z,1347,246.7,2033,OK,OK,OK
2026-07-30T12:26:43.972294Z,1343,246.7,2033,OK,OK,OK
2026-07-30T12:26:49.466136Z,1336,247.0,2033,OK,OK,OK
2026-07-30T12:26:54.970710Z,1335,246.7,2033,OK,OK,OK
2026-07-30T12:27:00.463748Z,1334,246.8,2033,OK,OK,OK
2026-07-30T12:27:05.943273Z,1336,246.6,2033,OK,OK,OK
2026-07-30T12:27:11.423792Z,1336,246.5,2033,OK,OK,OK
2026-07-30T12:27:16.937526Z,1344,246.6,2033,OK,OK,OK
2026-07-30T12:27:22.427799Z,1339,246.6,2033,OK,OK,OK
2026-07-30T12:27:27.904625Z,1341,246.6,2033,OK,OK,OK
2026-07-30T12:27:33.373985Z,1350,246.5,2033,OK,OK,OK
2026-07-30T12:27:38.853636Z,1332,246.5,2033,OK,OK,OK
2026-07-30T12:27:44.378019Z,1335,246.6,2033,OK,OK,OK
2026-07-30T12:27:49.879178Z,1336,246.6,2033,OK,OK,OK
2026-07-30T12:27:55.386606Z,1331,246.5,2033,OK,OK,OK
2026-07-30T12:28:00.876775Z,1334,246.6,2033,OK,OK,OK
2026-07-30T12:28:06.327014Z,1340,246.4,2033,OK,OK,OK
2026-07-30T12:28:11.813269Z,1339,246.5,2033,OK,OK,OK
2026-07-30T12:28:17.297246Z,1335,246.5,2033,OK,OK,OK
2026-07-30T12:28:22.726566Z,1335,246.7,2033,OK,OK,OK
2026-07-30T12:28:28.178582Z,1346,246.7,2033,OK,OK,OK
2026-07-30T12:28:33.697983Z,1333,246.5,2033,OK,OK,OK
2026-07-30T12:28:39.151313Z,1336,246.5,2033,OK,OK,OK
2026-07-30T12:28:44.641815Z,1329,246.5,2033,OK,OK,OK
2026-07-30T12:28:50.104234Z,1379,246.4,2033,OK,OK,OK
2026-07-30T12:28:55.627643Z,1323,246.6,2033,OK,OK,OK
2026-07-30T12:29:01.124352Z,1308,246.6,2033,OK,OK,OK
2026-07-30T12:29:06.612263Z,1315,246.5,2033,OK,OK,OK
2026-07-30T12:29:12.069901Z,1316,246.5,2033,OK,OK,OK
2026-07-30T12:29:17.601707Z,1315,246.6,2033,OK,OK,OK
2026-07-30T12:29:23.073605Z,1312,246.5,2033,OK,OK,OK
2026-07-30T12:29:28.531088Z,1326,246.4,2033,OK,OK,OK
2026-07-30T12:29:33.999073Z,1303,246.4,2033,OK,OK,OK
2026-07-30T12:29:39.491997Z,1305,246.6,2033,OK,OK,OK
2026-07-30T12:29:44.989370Z,1301,246.6,2033,OK,OK,OK
2026-07-30T12:29:50.459616Z,1322,246.6,2033,OK,OK,OK
2026-07-30T12:29:55.968818Z,1328,246.3,2033,OK,OK,OK
2026-07-30T12:30:01.438001Z,1328,246.3,2033,OK,OK,OK
2026-07-30T12:30:06.945765Z,1337,246.2,2033,OK,OK,OK
2026-07-30T12:30:12.400456Z,1324,246.0,2033,OK,OK,OK
2026-07-30T12:30:17.883524Z,1332,246.4,2033,OK,OK,OK
2026-07-30T12:30:23.366312Z,1334,246.3,2033,OK,OK,OK
2026-07-30T12:30:28.855264Z,1330,246.3,2033,OK,OK,OK
2026-07-30T12:30:34.372354Z,1326,246.0,2033,OK,OK,OK
2026-07-30T12:30:39.883476Z,1299,246.0,2033,OK,OK,OK
2026-07-30T12:30:45.343817Z,1332,246.0,2033,OK,OK,OK
2026-07-30T12:30:50.829048Z,1326,246.0,2033,OK,OK,OK
2026-07-30T12:30:56.320730Z,1335,246.0,2033,OK,OK,OK
2026-07-30T12:31:01.818485Z,1317,246.0,2033,OK,OK,OK
2026-07-30T12:31:07.302248Z,1321,246.3,2033,OK,OK,OK
2026-07-30T12:31:12.781772Z,1301,246.4,2033,OK,OK,OK
2026-07-30T12:31:18.270208Z,1304,246.3,2033,OK,OK,OK
2026-07-30T12:31:23.762315Z,1309,246.2,2033,OK,OK,OK
2026-07-30T12:31:29.254059Z,1307,246.3,2033,OK,OK,OK
2026-07-30T12:31:34.770394Z,1325,246.2,2033,OK,OK,OK
2026-07-30T12:31:40.263054Z,1335,246.2,2033,OK,OK,OK
2026-07-30T12:31:45.696384Z,1318,246.2,2033,OK,OK,OK
2026-07-30T12:31:51.198806Z,1301,246.0,2033,OK,OK,OK
2026-07-30T12:31:56.658285Z,1325,246.1,2033,OK,OK,OK
2026-07-30T12:32:02.144343Z,1323,246.1,2033,OK,OK,OK
2026-07-30T12:32:07.635369Z,1304,246.1,2033,OK,OK,OK
2026-07-30T12:32:13.130822Z,1349,246.3,2033,OK,OK,OK
2026-07-30T12:32:18.616098Z,1362,246.1,2033,OK,OK,OK
2026-07-30T12:32:24.113707Z,1357,246.2,2033,OK,OK,OK
2026-07-30T12:32:29.597826Z,1372,246.1,2033,OK,OK,OK
2026-07-30T12:32:35.099885Z,1376,246.3,2033,OK,OK,OK
2026-07-30T12:32:40.598780Z,1352,246.3,2033,OK,OK,OK
2026-07-30T12:32:46.099552Z,1362,246.3,1572,OK,OK,OK
2026-07-30T12:32:51.574326Z,1350,246.3,1572,OK,OK,OK
2026-07-30T12:32:57.061797Z,1359,246.4,1572,OK,OK,OK
2026-07-30T12:33:02.558072Z,1332,246.3,1572,OK,OK,OK
2026-07-30T12:33:08.031852Z,1480,246.3,1572,OK,OK,OK
2026-07-30T12:33:13.527393Z,1483,246.3,1572,OK,OK,OK
2026-07-30T12:33:18.970403Z,1485,246.2,1572,OK,OK,OK
2026-07-30T12:33:24.450705Z,1464,246.2,1572,OK,OK,OK
2026-07-30T12:33:29.920291Z,1464,246.2,1572,OK,OK,OK
2026-07-30T12:33:35.416633Z,1453,246.1,1572,OK,OK,OK
2026-07-30T12:33:40.889944Z,1462,246.2,1572,OK,OK,OK
2026-07-30T12:33:46.351241Z,1455,246.2,1572,OK,OK,OK
2026-07-30T12:33:51.856805Z,1474,246.3,1572,OK,OK,OK
2026-07-30T12:33:57.372372Z,1454,246.3,1572,OK,OK,OK
2026-07-30T12:34:02.862031Z,1453,246.5,1572,OK,OK,OK
2026-07-30T12:34:08.349908Z,1461,246.4,1572,OK,OK,OK
2026-07-30T12:34:13.868413Z,1467,246.7,1572,OK,OK,OK
2026-07-30T12:34:19.365509Z,1456,246.7,1572,OK,OK,OK
2026-07-30T12:34:24.844455Z,1454,246.4,1572,OK,OK,OK
2026-07-30T12:34:30.285997Z,1349,246.5,1572,OK,OK,OK
2026-07-30T12:34:35.778371Z,1468,246.4,1572,OK,OK,OK
2026-07-30T12:34:41.273236Z,1458,246.3,1572,OK,OK,OK
2026-07-30T12:34:46.751710Z,1467,246.4,1572,OK,OK,OK
2026-07-30T12:34:52.241086Z,1469,246.3,1572,OK,OK,OK
2026-07-30T12:34:57.714770Z,1456,246.2,1572,OK,OK,OK
2026-07-30T12:35:03.161621Z,1441,246.2,1572,OK,OK,OK
2026-07-30T12:35:08.643147Z,1442,246.3,1572,OK,OK,OK
2026-07-30T12:35:14.127524Z,1442,246.3,1572,OK,OK,OK
2026-07-30T12:35:19.633866Z,1443,246.4,1572,OK,OK,OK
2026-07-30T12:35:25.118745Z,1453,246.3,1572,OK,OK,OK
2026-07-30T12:35:30.631307Z,1438,246.4,1572,OK,OK,OK
2026-07-30T12:35:36.146368Z,1431,246.4,1572,OK,OK,OK
2026-07-30T12:35:41.654131Z,1439,246.2,1572,OK,OK,OK
2026-07-30T12:35:47.137137Z,1431,246.3,1572,OK,OK,OK
2026-07-30T12:35:52.612108Z,1424,246.4,1572,OK,OK,OK
2026-07-30T12:35:58.125045Z,1423,246.2,1572,OK,OK,OK
2026-07-30T12:36:03.592765Z,1428,246.2,1572,OK,OK,OK
2026-07-30T12:36:09.044779Z,1308,246.1,1572,OK,OK,OK
2026-07-30T12:36:14.519523Z,1311,246.1,1572,OK,OK,OK
2026-07-30T12:36:20.021989Z,1321,246.1,1572,OK,OK,OK
2026-07-30T12:36:25.523556Z,1316,246.1,1572,OK,OK,OK
2026-07-30T12:36:31.016789Z,1307,246.3,1572,OK,OK,OK
2026-07-30T12:36:36.496328Z,1315,246.3,1572,OK,OK,OK
2026-07-30T12:36:41.990008Z,1308,246.5,1572,OK,OK,OK
2026-07-30T12:36:47.420621Z,1309,246.4,1572,OK,OK,OK
2026-07-30T12:36:52.893980Z,1313,246.3,1572,OK,OK,OK
2026-07-30T12:36:58.369172Z,1311,246.3,1572,OK,OK,OK
2026-07-30T12:37:03.876702Z,1312,246.3,1572,OK,OK,OK
2026-07-30T12:37:09.345980Z,1306,245.8,1572,OK,OK,OK
2026-07-30T12:37:14.785242Z,1303,245.9,1572,OK,OK,OK
2026-07-30T12:37:20.265562Z,1325,246.0,1572,OK,OK,OK
2026-07-30T12:37:25.748723Z,1324,246.1,1572,OK,OK,OK
2026-07-30T12:37:31.253102Z,1429,245.9,1572,OK,OK,OK
2026-07-30T12:37:36.749598Z,1420,246.0,1572,OK,OK,OK
2026-07-30T12:37:42.298202Z,1422,245.9,1572,OK,OK,OK
2026-07-30T12:37:47.770788Z,1457,246.0,1572,OK,OK,OK
2026-07-30T12:37:53.276893Z,1440,245.9,1572,OK,OK,OK
2026-07-30T12:37:58.774091Z,1449,245.9,1572,OK,OK,OK
2026-07-30T12:38:04.275632Z,1445,245.8,1572,OK,OK,OK
2026-07-30T12:38:09.704156Z,1437,245.6,1572,OK,OK,OK
2026-07-30T12:38:15.184112Z,1433,245.7,1572,OK,OK,OK
2026-07-30T12:38:20.696113Z,1438,245.7,1572,OK,OK,OK
2026-07-30T12:38:26.153119Z,1440,245.7,1572,OK,OK,OK
2026-07-30T12:38:31.649519Z,1435,245.9,1572,OK,OK,OK
2026-07-30T12:38:37.122896Z,1431,245.9,1572,OK,OK,OK
2026-07-30T12:38:42.611972Z,1437,245.9,1572,OK,OK,OK
2026-07-30T12:38:48.091011Z,1434,245.6,1572,OK,OK,OK
2026-07-30T12:38:53.587432Z,1424,245.7,1572,OK,OK,OK
2026-07-30T12:38:59.093790Z,1430,245.9,1572,OK,OK,OK
2026-07-30T12:39:04.595530Z,1429,246.2,1572,OK,OK,OK
2026-07-30T12:39:10.085221Z,1426,245.8,1572,OK,OK,OK
2026-07-30T12:39:15.583384Z,2224,245.2,1572,OK,OK,OK
2026-07-30T12:39:21.039034Z,2241,245.4,1572,OK,OK,OK
2026-07-30T12:39:26.508847Z,2378,245.3,1572,OK,OK,OK
2026-07-30T12:39:32.004672Z,2680,245.1,1572,OK,OK,OK
2026-07-30T12:39:37.513061Z,2896,245.1,1572,OK,OK,OK
2026-07-30T12:39:42.979103Z,2915,245.1,1572,OK,OK,OK
2026-07-30T12:39:48.445185Z,2905,245.1,1572,OK,OK,OK
2026-07-30T12:39:53.922262Z,2871,245.1,1572,OK,OK,OK
2026-07-30T12:39:59.365829Z,2860,245.2,1572,OK,OK,OK
2026-07-30T12:40:04.864355Z,2867,245.2,1572,OK,OK,OK
2026-07-30T12:40:10.339628Z,2841,245.3,1572,OK,OK,OK
2026-07-30T12:40:15.863941Z,2841,245.3,1572,OK,OK,OK
2026-07-30T12:40:21.327073Z,2848,245.3,1572,OK,OK,OK
2026-07-30T12:40:26.803266Z,2820,245.3,1572,OK,OK,OK
2026-07-30T12:40:32.266434Z,2826,245.3,1572,OK,OK,OK
2026-07-30T12:40:37.779774Z,2830,245.5,1572,OK,OK,OK
2026-07-30T12:40:43.250045Z,2828,245.5,1572,OK,OK,OK
2026-07-30T12:40:48.735164Z,2836,245.7,1572,OK,OK,OK
2026-07-30T12:40:54.183781Z,2819,245.6,1572,OK,OK,OK
2026-07-30T12:40:59.688826Z,2823,245.3,1572,OK,OK,OK
2026-07-30T12:41:05.193185Z,2819,245.6,1572,OK,OK,OK
2026-07-30T12:41:10.663617Z,2821,245.4,1572,OK,OK,OK
2026-07-30T12:41:16.147640Z,2829,245.4,1572,OK,OK,OK
2026-07-30T12:41:21.636361Z,2818,245.4,1572,OK,OK,OK
2026-07-30T12:41:27.178665Z,2814,245.3,1572,OK,OK,OK
2026-07-30T12:41:32.636267Z,2825,245.3,1572,OK,OK,OK
2026-07-30T12:41:38.140377Z,2815,245.4,1572,OK,OK,OK
2026-07-30T12:41:43.633267Z,2827,245.3,1572,OK,OK,OK
2026-07-30T12:41:49.084426Z,2814,245.3,1572,OK,OK,OK
2026-07-30T12:41:54.593294Z,2813,245.3,1572,OK,OK,OK
2026-07-30T12:42:00.088700Z,2819,245.3,1572,OK,OK,OK
2026-07-30T12:42:05.578445Z,2820,245.3,1572,OK,OK,OK
2026-07-30T12:42:11.099469Z,2817,245.3,1572,OK,OK,OK
2026-07-30T12:42:16.577279Z,2816,245.3,1572,OK,OK,OK
2026-07-30T12:42:22.078060Z,2824,245.3,1572,OK,OK,OK
2026-07-30T12:42:27.564987Z,2824,245.3,1572,OK,OK,OK
2026-07-30T12:42:33.030545Z,2811,245.3,1572,OK,OK,OK
2026-07-30T12:42:38.507434Z,2810,245.1,1572,OK,OK,OK
2026-07-30T12:42:43.967726Z,2820,245.1,1572,OK,OK,OK
2026-07-30T12:42:49.466503Z,2810,245.1,1572,OK,OK,OK
2026-07-30T12:42:54.916887Z,2816,245.1,1572,OK,OK,OK
2026-07-30T12:43:00.401872Z,2816,245.1,1572,OK,OK,OK
2026-07-30T12:43:05.878972Z,2819,245.2,1572,OK,OK,OK
2026-07-30T12:43:11.345150Z,2825,245.3,1572,OK,OK,OK
2026-07-30T12:43:16.826768Z,2820,245.2,1572,OK,OK,OK
2026-07-30T12:43:22.330714Z,2813,245.1,1572,OK,OK,OK
2026-07-30T12:43:27.792499Z,2827,245.1,1572,OK,OK,OK
2026-07-30T12:43:33.295608Z,2823,245.1,1572,OK,OK,OK
2026-07-30T12:43:38.786518Z,2827,245.1,1572,OK,OK,OK
2026-07-30T12:43:44.239698Z,2821,245.1,1572,OK,OK,OK
2026-07-30T12:43:49.744482Z,2818,245.3,1572,OK,OK,OK
2026-07-30T12:43:55.232401Z,2815,245.1,1572,OK,OK,OK
2026-07-30T12:44:00.716896Z,2802,245.0,1572,OK,OK,OK
2026-07-30T12:44:06.230931Z,2812,245.0,1572,OK,OK,OK
2026-07-30T12:44:11.712868Z,2808,245.1,1572,OK,OK,OK
2026-07-30T12:44:17.192851Z,2806,245.1,1572,OK,OK,OK
2026-07-30T12:44:22.664081Z,2818,245.1,1572,OK,OK,OK
2026-07-30T12:44:28.142174Z,2808,245.1,1572,OK,OK,OK
2026-07-30T12:44:33.625023Z,2808,245.1,1572,OK,OK,OK
2026-07-30T12:44:39.102943Z,2812,245.1,1572,OK,OK,OK
2026-07-30T12:44:44.612478Z,2793,245.1,1572,OK,OK,OK
2026-07-30T12:44:50.099153Z,2840,245.1,1572,OK,OK,OK
2026-07-30T12:44:55.579127Z,2798,245.1,1572,OK,OK,OK
2026-07-30T12:45:01.055027Z,2802,244.8,1572,OK,OK,OK
2026-07-30T12:45:06.491294Z,2791,245.0,1572,OK,OK,OK
2026-07-30T12:45:11.962440Z,2807,245.1,1572,OK,OK,OK
2026-07-30T12:45:17.418381Z,2808,245.1,1572,OK,OK,OK
2026-07-30T12:45:22.896419Z,2809,245.2,1572,OK,OK,OK
2026-07-30T12:45:28.333959Z,2823,245.2,1572,OK,OK,OK
2026-07-30T12:45:33.816433Z,2817,245.1,1572,OK,OK,OK
2026-07-30T12:45:39.294666Z,2810,244.9,1572,OK,OK,OK
2026-07-30T12:45:44.773727Z,2821,245.1,1572,OK,OK,OK
2026-07-30T12:45:50.248894Z,2804,245.1,1572,OK,OK,OK
2026-07-30T12:45:55.712763Z,2821,245.1,1572,OK,OK,OK
2026-07-30T12:46:01.223050Z,2812,245.1,1572,OK,OK,OK
2026-07-30T12:46:06.718306Z,2804,245.0,1572,OK,OK,OK
2026-07-30T12:46:12.221172Z,2790,245.0,1572,OK,OK,OK
2026-07-30T12:46:17.641944Z,2824,245.1,1572,OK,OK,OK
2026-07-30T12:46:23.122738Z,2802,245.1,1572,OK,OK,OK
2026-07-30T12:46:28.625589Z,2807,245.1,1572,OK,OK,OK
2026-07-30T12:46:34.142589Z,2806,245.0,1572,OK,OK,OK
2026-07-30T12:46:39.609743Z,2801,244.9,1572,OK,OK,OK
2026-07-30T12:46:45.123377Z,2804,245.0,1572,OK,OK,OK
2026-07-30T12:46:50.621427Z,2805,245.0,1572,OK,OK,OK
2026-07-30T12:46:56.105931Z,2814,245.0,1572,OK,OK,OK
2026-07-30T12:47:01.571889Z,2810,245.0,1572,OK,OK,OK
2026-07-30T12:47:07.080699Z,2810,244.8,1572,OK,OK,OK
2026-07-30T12:47:12.574418Z,2808,244.9,1572,OK,OK,OK
2026-07-30T12:47:18.066618Z,2805,244.8,1572,OK,OK,OK
2026-07-30T12:47:23.556091Z,2924,244.7,1572,OK,OK,OK
2026-07-30T12:47:29.036486Z,2915,244.8,1572,OK,OK,OK
2026-07-30T12:47:34.509635Z,2954,244.7,1572,OK,OK,OK
2026-07-30T12:47:39.997587Z,3000,244.7,1572,OK,OK,OK
2026-07-30T12:47:45.506665Z,3021,244.7,1572,OK,OK,OK
2026-07-30T12:47:50.999582Z,3027,244.7,1572,OK,OK,OK
2026-07-30T12:47:56.476237Z,3060,244.8,1572,OK,OK,OK
2026-07-30T12:48:01.944949Z,3058,244.6,1449,OK,OK,OK
2026-07-30T12:48:07.426534Z,3084,244.8,1449,OK,OK,OK
2026-07-30T12:48:12.891014Z,3097,244.7,1449,OK,OK,OK
2026-07-30T12:48:18.364763Z,3086,244.6,1449,OK,OK,OK
2026-07-30T12:48:23.881026Z,3115,244.6,1449,OK,OK,OK
2026-07-30T12:48:29.394294Z,3103,244.7,1449,OK,OK,OK
2026-07-30T12:48:34.917885Z,3075,244.7,1449,OK,OK,OK
2026-07-30T12:48:40.408462Z,3042,244.7,1449,OK,OK,OK
2026-07-30T12:48:45.886759Z,3039,244.7,1449,OK,OK,OK
2026-07-30T12:48:51.350360Z,3020,244.7,1449,OK,OK,OK
2026-07-30T12:48:56.828342Z,3029,244.7,1449,OK,OK,OK
2026-07-30T12:49:02.322315Z,3033,244.7,1449,OK,OK,OK
2026-07-30T12:49:07.795832Z,2956,244.8,1449,OK,OK,OK
2026-07-30T12:49:13.296705Z,2957,244.8,1449,OK,OK,OK
2026-07-30T12:49:18.783455Z,2921,245.0,1449,OK,OK,OK
2026-07-30T12:49:24.254053Z,2922,244.8,1449,OK,OK,OK
2026-07-30T12:49:29.734403Z,2910,244.9,1449,OK,OK,OK
2026-07-30T12:49:35.203845Z,2919,244.8,1449,OK,OK,OK
2026-07-30T12:49:40.703184Z,2911,244.8,1449,OK,OK,OK
2026-07-30T12:49:46.171994Z,2920,244.8,1449,OK,OK,OK
2026-07-30T12:49:51.677466Z,2922,245.1,1449,OK,OK,OK
2026-07-30T12:49:57.203437Z,2932,245.0,1449,OK,OK,OK
2026-07-30T12:50:02.646105Z,2935,244.8,1449,OK,OK,OK
2026-07-30T12:50:08.114299Z,2932,244.9,1449,OK,OK,OK
2026-07-30T12:50:13.580801Z,2938,244.8,1449,OK,OK,OK
2026-07-30T12:50:19.066738Z,2938,244.7,1449,OK,OK,OK
2026-07-30T12:50:24.533116Z,2928,244.7,1449,OK,OK,OK
2026-07-30T12:50:29.994147Z,2927,244.6,1449,OK,OK,OK
2026-07-30T12:50:35.506642Z,2925,244.8,1449,OK,OK,OK
2026-07-30T12:50:40.961598Z,2934,244.8,1449,OK,OK,OK
2026-07-30T12:50:46.454844Z,2929,244.8,1449,OK,OK,OK
2026-07-30T12:50:51.950296Z,2925,244.8,1449,OK,OK,OK
2026-07-30T12:50:57.449710Z,2925,244.7,1449,OK,OK,OK
2026-07-30T12:51:02.890152Z,2920,244.7,1449,OK,OK,OK
2026-07-30T12:51:08.385103Z,2906,244.7,1449,OK,OK,OK
2026-07-30T12:51:13.881722Z,2915,244.8,1449,OK,OK,OK
2026-07-30T12:51:19.332217Z,2925,244.8,1449,OK,OK,OK
2026-07-30T12:51:24.842074Z,2907,244.8,1449,OK,OK,OK
2026-07-30T12:51:30.328652Z,2813,244.8,1449,OK,OK,OK
2026-07-30T12:51:35.833286Z,2820,245.0,1449,OK,OK,OK
2026-07-30T12:51:41.286183Z,2816,244.8,1449,OK,OK,OK
2026-07-30T12:51:46.753831Z,2809,244.9,1449,OK,OK,OK
2026-07-30T12:51:52.278228Z,2822,244.8,1449,OK,OK,OK
2026-07-30T12:51:57.780755Z,2821,244.7,1449,OK,OK,OK
2026-07-30T12:52:03.271163Z,2823,244.8,1449,OK,OK,OK
2026-07-30T12:52:08.765493Z,2816,244.8,1449,OK,OK,OK
2026-07-30T12:52:14.250937Z,2819,244.9,1449,OK,OK,OK
2026-07-30T12:52:19.715508Z,2818,244.9,1449,OK,OK,OK
2026-07-30T12:52:25.210652Z,2810,244.9,1449,OK,OK,OK
2026-07-30T12:52:30.726156Z,2814,244.9,1449,OK,OK,OK
2026-07-30T12:52:36.233105Z,2811,244.8,1449,OK,OK,OK
2026-07-30T12:52:41.688689Z,2803,244.8,1449,OK,OK,OK
2026-07-30T12:52:47.181699Z,2814,244.8,1449,OK,OK,OK
2026-07-30T12:52:52.668137Z,2809,244.9,1449,OK,OK,OK
2026-07-30T12:52:58.165515Z,2818,245.0,1449,OK,OK,OK
2026-07-30T12:53:03.653721Z,2811,244.9,1449,OK,OK,OK
2026-07-30T12:53:09.139239Z,2817,244.9,1449,OK,OK,OK
2026-07-30T12:53:14.646838Z,2855,244.8,1449,OK,OK,OK
2026-07-30T12:53:20.139381Z,2804,244.8,1449,OK,OK,OK
2026-07-30T12:53:25.599679Z,4108,243.7,1449,OK,OK,OK
2026-07-30T12:53:31.090050Z,4149,243.8,1449,OK,OK,OK
2026-07-30T12:53:36.580329Z,4141,243.9,1449,OK,OK,OK
2026-07-30T12:53:42.043714Z,4173,244.9,1449,OK,OK,OK
2026-07-30T12:53:47.529333Z,4177,244.9,1449,OK,OK,OK
2026-07-30T12:53:53.016573Z,4181,244.9,1449,OK,OK,OK
2026-07-30T12:53:58.489850Z,4231,244.9,1449,OK,OK,OK
2026-07-30T12:54:03.940217Z,4266,245.0,1449,OK,OK,OK
2026-07-30T12:54:09.431918Z,4255,245.0,1449,OK,OK,OK
2026-07-30T12:54:14.937754Z,4259,244.9,1449,OK,OK,OK
2026-07-30T12:54:20.435106Z,4252,244.9,1449,OK,OK,OK
2026-07-30T12:54:25.918554Z,4248,244.8,1449,OK,OK,OK
2026-07-30T12:54:31.422725Z,4248,245.1,1449,OK,OK,OK
2026-07-30T12:54:36.868213Z,4252,245.2,1449,OK,OK,OK
2026-07-30T12:54:42.397366Z,4254,245.1,1449,OK,OK,OK
2026-07-30T12:54:47.956776Z,4268,245.2,1449,OK,OK,OK
2026-07-30T12:54:53.462035Z,4256,245.2,1449,OK,OK,OK
2026-07-30T12:54:58.948169Z,4259,245.1,1449,OK,OK,OK
2026-07-30T12:55:04.386522Z,4255,245.1,1449,OK,OK,OK
2026-07-30T12:55:09.871049Z,4249,245.1,1449,OK,OK,OK
2026-07-30T12:55:15.377565Z,4262,244.8,1449,OK,OK,OK
2026-07-30T12:55:20.850876Z,4249,244.6,1449,OK,OK,OK
2026-07-30T12:55:26.339965Z,4261,245.1,1449,OK,OK,OK
2026-07-30T12:55:31.833424Z,4244,245.1,1449,OK,OK,OK
2026-07-30T12:55:37.311213Z,4259,245.1,1449,OK,OK,OK
2026-07-30T12:55:42.742892Z,4264,245.1,1449,OK,OK,OK
2026-07-30T12:55:48.196355Z,4258,245.1,1449,OK,OK,OK
2026-07-30T12:55:53.694236Z,4255,244.8,1449,OK,OK,OK
2026-07-30T12:55:59.214243Z,4263,245.1,1449,OK,OK,OK
2026-07-30T12:56:04.699144Z,4264,245.2,1449,OK,OK,OK
2026-07-30T12:56:10.216565Z,4260,245.3,1449,OK,OK,OK
2026-07-30T12:56:15.693217Z,4250,245.2,1449,OK,OK,OK
2026-07-30T12:56:21.191323Z,4264,245.1,1449,OK,OK,OK
2026-07-30T12:56:26.664603Z,4273,245.1,1449,OK,OK,OK
2026-07-30T12:56:32.150711Z,4267,245.1,1449,OK,OK,OK
2026-07-30T12:56:37.658315Z,4267,245.1,1449,OK,OK,OK
2026-07-30T12:56:43.136627Z,4265,245.1,1449,OK,OK,OK
2026-07-30T12:56:48.587639Z,4283,245.1,1449,OK,OK,OK
2026-07-30T12:56:54.087444Z,4280,245.1,1449,OK,OK,OK
2026-07-30T12:56:59.575594Z,4274,245.1,1449,OK,OK,OK
2026-07-30T12:57:05.064114Z,4286,245.1,1449,OK,OK,OK
2026-07-30T12:57:10.576303Z,4291,245.1,1449,OK,OK,OK
2026-07-30T12:57:16.070545Z,4397,245.0,1449,OK,OK,OK
2026-07-30T12:57:21.577899Z,4397,245.1,1449,OK,OK,OK
2026-07-30T12:57:27.002528Z,4406,245.2,1449,OK,OK,OK
2026-07-30T12:57:32.525540Z,4399,245.2,1449,OK,OK,OK
2026-07-30T12:57:38.029502Z,4397,245.2,1449,OK,OK,OK
2026-07-30T12:57:43.522305Z,4391,245.2,1449,OK,OK,OK
2026-07-30T12:57:48.961535Z,4397,245.1,1449,OK,OK,OK
2026-07-30T12:57:54.466275Z,4396,245.2,1449,OK,OK,OK
2026-07-30T12:57:59.981961Z,4393,244.9,1449,OK,OK,OK
2026-07-30T12:58:05.440204Z,4378,245.1,1449,OK,OK,OK
2026-07-30T12:58:10.888792Z,4386,245.1,1449,OK,OK,OK
2026-07-30T12:58:16.385316Z,4380,245.0,1449,OK,OK,OK
2026-07-30T12:58:21.887552Z,2968,245.7,1449,OK,OK,OK
2026-07-30T12:58:27.382974Z,2986,245.7,1449,OK,OK,OK
2026-07-30T12:58:32.883763Z,2970,245.7,1449,OK,OK,OK
2026-07-30T12:58:38.387718Z,2971,245.5,1449,OK,OK,OK
2026-07-30T12:58:43.888024Z,2969,245.6,1449,OK,OK,OK
2026-07-30T12:58:49.358317Z,2967,245.9,1449,OK,OK,OK
2026-07-30T12:58:54.854694Z,2961,245.9,1449,OK,OK,OK
2026-07-30T12:59:00.314426Z,2966,246.0,1449,OK,OK,OK
2026-07-30T12:59:05.835098Z,2970,246.2,1449,OK,OK,OK
2026-07-30T12:59:11.306731Z,2960,245.9,1449,OK,OK,OK
2026-07-30T12:59:16.851188Z,2854,245.7,1449,OK,OK,OK
2026-07-30T12:59:22.304094Z,2765,245.8,1449,OK,OK,OK
2026-07-30T12:59:27.792143Z,2767,246.0,1449,OK,OK,OK
2026-07-30T12:59:33.315614Z,2804,246.1,1449,OK,OK,OK
2026-07-30T12:59:38.803621Z,2800,246.0,1449,OK,OK,OK
2026-07-30T12:59:44.300449Z,4510,245.3,1449,OK,OK,OK
2026-07-30T12:59:49.762307Z,4505,245.1,1449,OK,OK,OK
2026-07-30T12:59:55.215561Z,4501,245.1,1449,OK,OK,OK
2026-07-30T13:00:00.732459Z,4486,245.1,1449,OK,OK,OK
2026-07-30T13:00:06.176299Z,4479,244.8,1449,OK,OK,OK
2026-07-30T13:00:11.660207Z,2765,245.6,1449,OK,OK,OK
2026-07-30T13:00:17.141280Z,2757,245.5,1449,OK,OK,OK
2026-07-30T13:00:22.651989Z,2774,245.6,1449,OK,OK,OK
2026-07-30T13:00:28.124389Z,2765,245.6,1449,OK,OK,OK
2026-07-30T13:00:33.590808Z,2904,245.6,1449,OK,OK,OK
2026-07-30T13:00:39.077561Z,2882,245.4,1449,OK,OK,OK
2026-07-30T13:00:44.551855Z,2866,245.5,1449,OK,OK,OK
2026-07-30T13:00:50.039667Z,2888,245.4,1449,OK,OK,OK
2026-07-30T13:00:55.517718Z,2896,245.5,1449,OK,OK,OK
2026-07-30T13:01:01.007806Z,2878,245.5,1449,OK,OK,OK
2026-07-30T13:01:06.510981Z,2888,245.5,1449,OK,OK,OK
2026-07-30T13:01:12.008313Z,2872,245.6,1449,OK,OK,OK
2026-07-30T13:01:17.520983Z,2888,245.5,1449,OK,OK,OK
2026-07-30T13:01:23.008487Z,2865,245.6,1449,OK,OK,OK
2026-07-30T13:01:28.514157Z,2898,245.5,1449,OK,OK,OK
2026-07-30T13:01:34.033017Z,2863,245.6,1449,OK,OK,OK
2026-07-30T13:01:39.514560Z,2885,245.6,1449,OK,OK,OK
2026-07-30T13:01:45.006204Z,2880,245.5,1449,OK,OK,OK
2026-07-30T13:01:50.445973Z,2883,245.4,1449,OK,OK,OK
2026-07-30T13:01:55.920298Z,2876,245.5,1449,OK,OK,OK
2026-07-30T13:02:01.399591Z,2878,245.4,1449,OK,OK,OK
2026-07-30T13:02:06.907290Z,2858,245.4,1449,OK,OK,OK
2026-07-30T13:02:12.366924Z,2898,245.5,1449,OK,OK,OK
2026-07-30T13:02:17.830525Z,2870,245.5,1449,OK,OK,OK
2026-07-30T13:02:23.353343Z,2874,245.5,1449,OK,OK,OK
2026-07-30T13:02:28.829707Z,2878,245.7,1449,OK,OK,OK
2026-07-30T13:02:34.309398Z,2877,245.9,1449,OK,OK,OK
2026-07-30T13:02:39.775743Z,2873,245.5,1449,OK,OK,OK
2026-07-30T13:02:45.272925Z,2894,245.5,1449,OK,OK,OK
2026-07-30T13:02:50.739058Z,2885,245.5,1449,OK,OK,OK
2026-07-30T13:02:56.245041Z,2874,245.3,1449,OK,OK,OK
2026-07-30T13:03:01.747897Z,2906,245.3,1449,OK,OK,OK
2026-07-30T13:03:07.257294Z,2874,245.3,1449,OK,OK,OK
2026-07-30T13:03:12.757394Z,2873,245.2,1440,OK,OK,OK
2026-07-30T13:03:18.249238Z,2772,245.4,1440,OK,OK,OK
2026-07-30T13:03:23.726024Z,2754,245.4,1440,OK,OK,OK
2026-07-30T13:03:29.197285Z,2756,245.4,1440,OK,OK,OK
2026-07-30T13:03:34.677676Z,2761,245.3,1440,OK,OK,OK
2026-07-30T13:03:40.145531Z,2753,245.4,1440,OK,OK,OK
2026-07-30T13:03:45.649494Z,2758,245.5,1440,OK,OK,OK
2026-07-30T13:03:51.109277Z,2762,245.3,1440,OK,OK,OK
2026-07-30T13:03:56.608390Z,2750,245.1,1440,OK,OK,OK
2026-07-30T13:04:02.058618Z,2762,245.2,1440,OK,OK,OK
2026-07-30T13:04:07.549273Z,2755,245.2,1440,OK,OK,OK
2026-07-30T13:04:12.996938Z,2782,245.3,1440,OK,OK,OK
2026-07-30T13:04:18.478448Z,2758,245.4,1440,OK,OK,OK
2026-07-30T13:04:23.961475Z,2767,245.5,1440,OK,OK,OK
2026-07-30T13:04:29.523520Z,2760,245.6,1440,OK,OK,OK
2026-07-30T13:04:34.981602Z,2770,245.6,1440,OK,OK,OK
2026-07-30T13:04:40.492005Z,2760,245.8,1440,OK,OK,OK
2026-07-30T13:04:45.960960Z,2784,245.8,1440,OK,OK,OK
2026-07-30T13:04:51.441062Z,2773,245.6,1440,OK,OK,OK
2026-07-30T13:04:56.925604Z,2778,245.6,1440,OK,OK,OK
2026-07-30T13:05:02.436279Z,2760,245.7,1440,OK,OK,OK
2026-07-30T13:05:07.914311Z,2767,245.7,1440,OK,OK,OK
2026-07-30T13:05:13.359440Z,2768,245.4,1440,OK,OK,OK
2026-07-30T13:05:18.822233Z,2753,245.4,1440,OK,OK,OK
2026-07-30T13:05:24.279620Z,2787,245.4,1440,OK,OK,OK
2026-07-30T13:05:29.808626Z,2779,245.4,1440,OK,OK,OK
2026-07-30T13:05:35.253415Z,2774,245.4,1440,OK,OK,OK
2026-07-30T13:05:40.761114Z,2772,245.3,1440,OK,OK,OK
2026-07-30T13:05:46.201648Z,2777,245.5,1440,OK,OK,OK
2026-07-30T13:05:51.704141Z,2775,245.5,1440,OK,OK,OK
2026-07-30T13:05:57.181897Z,2796,245.3,1440,OK,OK,OK
2026-07-30T13:06:02.672761Z,2767,245.2,1440,OK,OK,OK
2026-07-30T13:06:08.165143Z,2786,245.2,1440,OK,OK,OK
2026-07-30T13:06:13.669344Z,2884,246.4,1440,OK,OK,OK
2026-07-30T13:06:19.146455Z,2941,246.3,1440,OK,OK,OK
2026-07-30T13:06:24.645120Z,2974,246.9,1440,OK,OK,OK
2026-07-30T13:06:30.141925Z,3002,247.0,1440,OK,OK,OK
2026-07-30T13:06:35.631699Z,3019,246.9,1440,OK,OK,OK
2026-07-30T13:06:41.141719Z,3048,246.7,1440,OK,OK,OK
2026-07-30T13:06:46.636750Z,3051,246.8,1440,OK,OK,OK
2026-07-30T13:06:52.087192Z,3050,246.9,1440,OK,OK,OK
2026-07-30T13:06:57.542634Z,3075,246.8,1440,OK,OK,OK
2026-07-30T13:07:03.085736Z,3071,246.7,1440,OK,OK,OK
2026-07-30T13:07:08.529985Z,3064,246.8,1440,OK,OK,OK
2026-07-30T13:07:14.014379Z,3073,246.7,1440,OK,OK,OK
2026-07-30T13:07:19.477853Z,3016,246.7,1440,OK,OK,OK
2026-07-30T13:07:24.981338Z,2934,246.8,1440,OK,OK,OK
2026-07-30T13:07:30.474403Z,2920,246.2,1440,OK,OK,OK
2026-07-30T13:07:35.983740Z,2878,246.5,1440,OK,OK,OK
2026-07-30T13:07:41.465758Z,2883,246.5,1440,OK,OK,OK
2026-07-30T13:07:46.944451Z,2879,246.5,1440,OK,OK,OK
2026-07-30T13:07:52.451093Z,2907,246.5,1440,OK,OK,OK
2026-07-30T13:07:57.915172Z,3016,246.5,1440,OK,OK,OK
2026-07-30T13:08:03.405657Z,3021,246.6,1440,OK,OK,OK
2026-07-30T13:08:08.896812Z,3011,246.7,1440,OK,OK,OK
2026-07-30T13:08:14.389505Z,3008,246.9,1440,OK,OK,OK
2026-07-30T13:08:19.903894Z,3011,246.8,1440,OK,OK,OK
2026-07-30T13:08:25.440283Z,3015,246.8,1440,OK,OK,OK
2026-07-30T13:08:30.980625Z,2984,246.7,1440,OK,OK,OK
2026-07-30T13:08:36.473830Z,2903,246.9,1440,OK,OK,OK
2026-07-30T13:08:41.930722Z,2906,246.9,1440,OK,OK,OK
2026-07-30T13:08:47.450467Z,2884,246.9,1440,OK,OK,OK
2026-07-30T13:08:52.884274Z,2900,247.1,1440,OK,OK,OK
2026-07-30T13:08:58.375751Z,2908,247.1,1440,OK,OK,OK
2026-07-30T13:09:03.832772Z,2907,247.1,1440,OK,OK,OK
2026-07-30T13:09:09.320537Z,2912,247.1,1440,OK,OK,OK
2026-07-30T13:09:14.795442Z,2907,247.1,1440,OK,OK,OK
2026-07-30T13:09:20.275898Z,2898,247.1,1440,OK,OK,OK
2026-07-30T13:09:25.788030Z,2912,247.1,1440,OK,OK,OK
2026-07-30T13:09:31.302612Z,2917,247.1,1440,OK,OK,OK
2026-07-30T13:09:36.760589Z,2890,247.1,1440,OK,OK,OK
2026-07-30T13:09:42.270393Z,2890,247.3,1440,OK,OK,OK
2026-07-30T13:09:47.763542Z,2902,247.1,1440,OK,OK,OK
2026-07-30T13:09:53.250880Z,2894,247.0,1440,OK,OK,OK
2026-07-30T13:09:58.724311Z,2898,247.2,1440,OK,OK,OK
2026-07-30T13:10:04.210576Z,2908,247.2,1440,OK,OK,OK
2026-07-30T13:10:09.727961Z,2807,247.3,1440,OK,OK,OK
2026-07-30T13:10:15.171261Z,2812,247.3,1440,OK,OK,OK
2026-07-30T13:10:20.635708Z,2794,247.2,1440,OK,OK,OK
2026-07-30T13:10:26.073750Z,2796,247.1,1440,OK,OK,OK
2026-07-30T13:10:31.606758Z,2798,247.3,1440,OK,OK,OK
2026-07-30T13:10:37.048989Z,2786,247.3,1440,OK,OK,OK
2026-07-30T13:10:42.530074Z,2800,247.3,1440,OK,OK,OK
2026-07-30T13:10:48.024418Z,2802,247.3,1440,OK,OK,OK
2026-07-30T13:10:53.537242Z,2802,247.3,1440,OK,OK,OK
2026-07-30T13:10:59.013509Z,2796,247.1,1440,OK,OK,OK
2026-07-30T13:11:04.529144Z,2832,247.3,1440,OK,OK,OK
2026-07-30T13:11:10.034418Z,2796,247.3,1440,OK,OK,OK
2026-07-30T13:11:15.508432Z,2791,247.1,1440,OK,OK,OK
2026-07-30T13:11:20.999840Z,2793,247.1,1440,OK,OK,OK
2026-07-30T13:11:26.507079Z,2793,247.1,1440,OK,OK,OK
2026-07-30T13:11:31.996964Z,2797,247.1,1440,OK,OK,OK
2026-07-30T13:11:37.434601Z,2964,246.9,1440,OK,OK,OK
2026-07-30T13:11:42.921261Z,2920,246.9,1440,OK,OK,OK
2026-07-30T13:11:48.381505Z,2923,247.0,1440,OK,OK,OK
2026-07-30T13:11:53.862918Z,2887,246.9,1440,OK,OK,OK
2026-07-30T13:11:59.299053Z,2881,247.0,1440,OK,OK,OK
2026-07-30T13:12:04.837308Z,2922,246.9,1440,OK,OK,OK
2026-07-30T13:12:10.343887Z,3092,246.8,1440,OK,OK,OK
2026-07-30T13:12:15.819422Z,4596,246.3,1440,OK,OK,OK
2026-07-30T13:12:21.328028Z,2911,246.9,1440,OK,OK,OK
2026-07-30T13:12:26.810104Z,2919,247.0,1440,OK,OK,OK
2026-07-30T13:12:32.330692Z,2784,247.1,1440,OK,OK,OK
2026-07-30T13:12:37.788462Z,2786,247.1,1440,OK,OK,OK
2026-07-30T13:12:43.293662Z,4478,246.3,1440,OK,OK,OK
2026-07-30T13:12:48.788495Z,4513,246.5,1440,OK,OK,OK
2026-07-30T13:12:54.291639Z,4482,246.3,1440,OK,OK,OK
2026-07-30T13:12:59.714699Z,4494,246.2,1440,OK,OK,OK
2026-07-30T13:13:05.211334Z,4485,246.2,1440,OK,OK,OK
2026-07-30T13:13:10.647426Z,2798,247.0,1440,OK,OK,OK
2026-07-30T13:13:16.140942Z,2780,247.1,1440,OK,OK,OK
2026-07-30T13:13:21.580544Z,2778,247.0,1440,OK,OK,OK
2026-07-30T13:13:27.065059Z,2782,247.0,1440,OK,OK,OK
2026-07-30T13:13:32.501451Z,2769,247.0,1440,OK,OK,OK
2026-07-30T13:13:38.006179Z,2773,247.0,1440,OK,OK,OK
2026-07-30T13:13:43.497887Z,2759,247.1,1440,OK,OK,OK
2026-07-30T13:13:48.965152Z,2769,247.2,1440,OK,OK,OK
2026-07-30T13:13:54.454451Z,2759,247.0,1440,OK,OK,OK
2026-07-30T13:13:59.929080Z,2776,247.1,1440,OK,OK,OK
2026-07-30T13:14:05.409483Z,2763,247.0,1440,OK,OK,OK
2026-07-30T13:14:10.844086Z,2763,246.8,1440,OK,OK,OK
2026-07-30T13:14:16.306664Z,2759,247.1,1440,OK,OK,OK
2026-07-30T13:14:21.740972Z,2757,246.9,1440,OK,OK,OK
2026-07-30T13:14:27.228736Z,2754,246.7,1440,OK,OK,OK
2026-07-30T13:14:32.723149Z,2760,247.1,1440,OK,OK,OK
2026-07-30T13:14:38.221092Z,2762,247.1,1440,OK,OK,OK
2026-07-30T13:14:43.722396Z,2755,247.0,1440,OK,OK,OK
2026-07-30T13:14:49.236355Z,2750,247.0,1440,OK,OK,OK
2026-07-30T13:14:54.719185Z,2766,247.1,1440,OK,OK,OK
2026-07-30T13:15:00.224330Z,2754,247.0,1440,OK,OK,OK
2026-07-30T13:15:05.697621Z,2757,247.1,1440,OK,OK,OK
2026-07-30T13:15:11.207612Z,2754,247.2,1440,OK,OK,OK
2026-07-30T13:15:16.698984Z,2754,247.1,1440,OK,OK,OK
2026-07-30T13:15:22.200115Z,2746,247.1,1440,OK,OK,OK
2026-07-30T13:15:27.700523Z,2752,247.1,1440,OK,OK,OK
2026-07-30T13:15:33.213206Z,2754,246.9,1440,OK,OK,OK
2026-07-30T13:15:38.689406Z,2740,247.0,1440,OK,OK,OK
2026-07-30T13:15:44.167529Z,2751,246.9,1440,OK,OK,OK
2026-07-30T13:15:49.687164Z,2740,246.7,1440,OK,OK,OK
2026-07-30T13:15:55.132271Z,2751,246.7,1440,OK,OK,OK
2026-07-30T13:16:00.623555Z,4339,245.9,1440,OK,OK,OK
2026-07-30T13:16:06.096480Z,4528,246.0,1440,OK,OK,OK
2026-07-30T13:16:11.606214Z,4543,246.0,1440,OK,OK,OK
2026-07-30T13:16:17.064308Z,4540,246.1,1440,OK,OK,OK
2026-07-30T13:16:22.529316Z,4557,246.0,1440,OK,OK,OK
2026-07-30T13:16:28.058121Z,4543,246.0,1440,OK,OK,OK
2026-07-30T13:16:33.559027Z,2855,246.7,1440,OK,OK,OK
2026-07-30T13:16:39.020830Z,2862,246.8,1440,OK,OK,OK
2026-07-30T13:16:44.508513Z,2874,246.6,1440,OK,OK,OK
2026-07-30T13:16:49.990496Z,2850,246.6,1440,OK,OK,OK
2026-07-30T13:16:55.505551Z,2856,246.6,1440,OK,OK,OK
2026-07-30T13:17:00.963023Z,2842,246.5,1440,OK,OK,OK
2026-07-30T13:17:06.438351Z,2836,246.9,1440,OK,OK,OK
2026-07-30T13:17:11.935728Z,2844,246.9,1440,OK,OK,OK
2026-07-30T13:17:17.422257Z,2837,246.8,1440,OK,OK,OK
2026-07-30T13:17:22.881288Z,2844,246.9,1440,OK,OK,OK
2026-07-30T13:17:28.369549Z,2854,246.9,1440,OK,OK,OK
2026-07-30T13:17:33.880885Z,2835,246.7,1440,OK,OK,OK
2026-07-30T13:17:39.396800Z,2831,246.5,1440,OK,OK,OK
2026-07-30T13:17:44.891115Z,2834,246.7,1440,OK,OK,OK
2026-07-30T13:17:50.350730Z,2824,246.8,1440,OK,OK,OK
2026-07-30T13:17:55.843027Z,2808,246.9,1440,OK,OK,OK
2026-07-30T13:18:01.316547Z,2826,246.7,1440,OK,OK,OK
2026-07-30T13:18:06.767339Z,2827,246.8,1440,OK,OK,OK
2026-07-30T13:18:12.290098Z,2803,246.8,1440,OK,OK,OK
2026-07-30T13:18:17.820243Z,2810,246.6,1440,OK,OK,OK
2026-07-30T13:18:23.315645Z,2812,246.6,968,OK,OK,OK
2026-07-30T13:18:28.819220Z,2811,246.8,968,OK,OK,OK
2026-07-30T13:18:34.290798Z,4224,246.1,968,OK,OK,OK
2026-07-30T13:18:39.781144Z,4235,246.1,968,OK,OK,OK
2026-07-30T13:18:45.274630Z,4228,246.0,968,OK,OK,OK
2026-07-30T13:18:50.737967Z,4227,246.0,968,OK,OK,OK
2026-07-30T13:18:56.186210Z,4231,246.0,968,OK,OK,OK
2026-07-30T13:19:01.647747Z,4230,246.1,968,OK,OK,OK
2026-07-30T13:19:07.173863Z,4231,246.2,968,OK,OK,OK
2026-07-30T13:19:12.614037Z,4229,246.2,968,OK,OK,OK
2026-07-30T13:19:18.122033Z,4235,246.2,968,OK,OK,OK
2026-07-30T13:19:23.610666Z,4215,246.1,968,OK,OK,OK
2026-07-30T13:19:29.113335Z,4229,246.1,968,OK,OK,OK
2026-07-30T13:19:34.607718Z,4221,246.0,968,OK,OK,OK
2026-07-30T13:19:40.106932Z,4220,245.5,968,OK,OK,OK
2026-07-30T13:19:45.603557Z,4218,245.0,968,OK,OK,OK
2026-07-30T13:19:51.124981Z,4205,245.2,968,OK,OK,OK
2026-07-30T13:19:56.657609Z,4210,245.3,968,OK,OK,OK
2026-07-30T13:20:02.183450Z,4210,245.2,968,OK,OK,OK
2026-07-30T13:20:07.660665Z,4207,245.1,968,OK,OK,OK
2026-07-30T13:20:13.181790Z,4213,245.2,968,OK,OK,OK
2026-07-30T13:20:18.659688Z,4219,245.3,968,OK,OK,OK
2026-07-30T13:20:24.128414Z,3059,245.7,968,OK,OK,OK
2026-07-30T13:20:29.642476Z,2800,245.9,968,OK,OK,OK
2026-07-30T13:20:35.085223Z,2819,245.9,968,OK,OK,OK
2026-07-30T13:20:40.591510Z,2801,245.9,968,OK,OK,OK
2026-07-30T13:20:46.066070Z,4212,245.2,968,OK,OK,OK
2026-07-30T13:20:51.549623Z,2804,246.0,968,OK,OK,OK
2026-07-30T13:20:57.041805Z,2809,245.9,968,OK,OK,OK
2026-07-30T13:21:02.554618Z,2799,245.7,968,OK,OK,OK
2026-07-30T13:21:08.024783Z,4225,245.1,968,OK,OK,OK
2026-07-30T13:21:13.493937Z,4206,245.1,968,OK,OK,OK
2026-07-30T13:21:18.982374Z,4194,245.2,968,OK,OK,OK
2026-07-30T13:21:24.459936Z,4202,245.2,968,OK,OK,OK
2026-07-30T13:21:29.923875Z,3016,245.7,968,OK,OK,OK
2026-07-30T13:21:35.380603Z,2812,245.7,968,OK,OK,OK
2026-07-30T13:21:40.882608Z,2812,245.8,968,OK,OK,OK
2026-07-30T13:21:46.307281Z,2809,245.9,968,OK,OK,OK
2026-07-30T13:21:51.811919Z,2806,245.9,968,OK,OK,OK
2026-07-30T13:21:57.287762Z,2799,245.8,968,OK,OK,OK
2026-07-30T13:22:02.806187Z,2965,246.0,968,OK,OK,OK
2026-07-30T13:22:08.279809Z,2821,245.9,968,OK,OK,OK
2026-07-30T13:22:13.771996Z,2804,245.9,968,OK,OK,OK
2026-07-30T13:22:19.280222Z,2803,246.0,968,OK,OK,OK
2026-07-30T13:22:24.766459Z,2801,245.9,968,OK,OK,OK
2026-07-30T13:22:30.300476Z,2812,245.8,968,OK,OK,OK
2026-07-30T13:22:35.761311Z,2811,245.8,968,OK,OK,OK
2026-07-30T13:22:41.235301Z,2808,245.9,968,OK,OK,OK
2026-07-30T13:22:46.693881Z,2819,245.9,968,OK,OK,OK
2026-07-30T13:22:52.197633Z,2938,246.0,968,OK,OK,OK
2026-07-30T13:22:57.643576Z,2835,245.9,968,OK,OK,OK
2026-07-30T13:23:03.105559Z,2837,246.3,968,OK,OK,OK
2026-07-30T13:23:08.543282Z,2836,246.2,968,OK,OK,OK
2026-07-30T13:23:14.058612Z,2827,246.2,968,OK,OK,OK
2026-07-30T13:23:19.519921Z,2835,246.3,968,OK,OK,OK
2026-07-30T13:23:24.991075Z,2834,246.0,968,OK,OK,OK
2026-07-30T13:23:30.517427Z,2959,246.0,968,OK,OK,OK
2026-07-30T13:23:36.012163Z,2977,246.0,968,OK,OK,OK
2026-07-30T13:23:41.485575Z,3079,246.0,968,OK,OK,OK
2026-07-30T13:23:46.969868Z,2967,246.0,968,OK,OK,OK
2026-07-30T13:23:52.453830Z,2953,246.2,968,OK,OK,OK
2026-07-30T13:23:57.952298Z,2953,246.2,968,OK,OK,OK
2026-07-30T13:24:03.453124Z,2945,246.3,968,OK,OK,OK
2026-07-30T13:24:08.959948Z,2965,246.2,968,OK,OK,OK
2026-07-30T13:24:14.466419Z,2952,246.3,968,OK,OK,OK
2026-07-30T13:24:19.934915Z,2960,246.3,968,OK,OK,OK
2026-07-30T13:24:25.429227Z,2956,246.3,968,OK,OK,OK
2026-07-30T13:24:31.078498Z,2954,246.8,968,OK,OK,OK
2026-07-30T13:24:36.579101Z,2962,246.7,968,OK,OK,OK
2026-07-30T13:24:42.075941Z,2959,246.6,968,OK,OK,OK
2026-07-30T13:24:47.563980Z,2991,246.7,968,OK,OK,OK
2026-07-30T13:24:53.066371Z,2971,246.7,968,OK,OK,OK
2026-07-30T13:24:58.593681Z,2970,246.6,968,OK,OK,OK
2026-07-30T13:25:04.101869Z,2966,246.6,968,OK,OK,OK
2026-07-30T13:25:09.566247Z,2957,246.7,968,OK,OK,OK
2026-07-30T13:25:15.035392Z,2988,246.7,968,OK,OK,OK
2026-07-30T13:25:20.525069Z,2968,246.7,968,OK,OK,OK
2026-07-30T13:25:25.993821Z,4391,246.0,968,OK,OK,OK
2026-07-30T13:25:31.502427Z,3192,246.5,968,OK,OK,OK
2026-07-30T13:25:36.943193Z,2985,246.7,968,OK,OK,OK
2026-07-30T13:25:42.381574Z,2978,246.8,968,OK,OK,OK
2026-07-30T13:25:47.860951Z,2996,246.9,968,OK,OK,OK
2026-07-30T13:25:53.352619Z,2958,246.9,968,OK,OK,OK
2026-07-30T13:25:58.845445Z,2977,246.8,968,OK,OK,OK
2026-07-30T13:26:04.361038Z,2950,246.8,968,OK,OK,OK
2026-07-30T13:26:09.823240Z,2966,246.9,968,OK,OK,OK
2026-07-30T13:26:15.325342Z,2861,246.7,968,OK,OK,OK
2026-07-30T13:26:20.827384Z,2853,246.7,968,OK,OK,OK
2026-07-30T13:26:26.313479Z,2923,246.8,968,OK,OK,OK
2026-07-30T13:26:31.834446Z,2867,246.9,968,OK,OK,OK
2026-07-30T13:26:37.364889Z,2858,247.0,968,OK,OK,OK
2026-07-30T13:26:42.844565Z,2860,246.9,968,OK,OK,OK
2026-07-30T13:26:48.308923Z,2848,246.8,968,OK,OK,OK
2026-07-30T13:26:53.788292Z,2849,246.8,968,OK,OK,OK
2026-07-30T13:26:59.241238Z,2845,246.7,968,OK,OK,OK
2026-07-30T13:27:04.752012Z,2854,246.8,968,OK,OK,OK
2026-07-30T13:27:10.244472Z,3005,246.7,968,OK,OK,OK
2026-07-30T13:27:15.734171Z,2985,246.8,968,OK,OK,OK
2026-07-30T13:27:24.253121Z,2891,246.8,968,OK,OK,OK
2026-07-30T13:27:29.756319Z,2862,246.8,968,OK,OK,OK
2026-07-30T13:27:38.206147Z,2888,246.9,968,OK,OK,OK
2026-07-30T13:27:43.713527Z,2854,247.1,968,OK,OK,OK
2026-07-30T13:27:51.549705Z,2852,246.9,968,OK,OK,OK
2026-07-30T13:27:57.017594Z,2850,246.9,968,OK,OK,OK
2026-07-30T13:28:02.493811Z,2851,247.0,968,OK,OK,OK
2026-07-30T13:28:07.990509Z,2849,247.0,968,OK,OK,OK
2026-07-30T13:28:13.487797Z,2862,247.1,968,OK,OK,OK
2026-07-30T13:28:18.963885Z,2908,247.1,968,OK,OK,OK
2026-07-30T13:28:24.457768Z,2853,246.8,968,OK,OK,OK
2026-07-30T13:28:29.980438Z,2854,247.0,968,OK,OK,OK
2026-07-30T13:28:35.510812Z,2845,246.9,968,OK,OK,OK
2026-07-30T13:28:41.016489Z,2852,246.9,968,OK,OK,OK
2026-07-30T13:28:46.471374Z,2851,246.9,968,OK,OK,OK
2026-07-30T13:28:51.936720Z,2853,246.9,968,OK,OK,OK
2026-07-30T13:28:57.413784Z,2893,247.0,968,OK,OK,OK
2026-07-30T13:29:02.871135Z,2962,246.9,968,OK,OK,OK
2026-07-30T13:29:08.381195Z,2875,246.8,968,OK,OK,OK
2026-07-30T13:29:13.848918Z,2871,246.7,968,OK,OK,OK
2026-07-30T13:29:19.304748Z,2866,246.7,968,OK,OK,OK
2026-07-30T13:29:24.783858Z,2836,246.6,968,OK,OK,OK
2026-07-30T13:29:30.262717Z,2857,247.0,968,OK,OK,OK
2026-07-30T13:29:35.746622Z,2861,247.0,968,OK,OK,OK
2026-07-30T13:29:41.232848Z,2838,246.9,968,OK,OK,OK
2026-07-30T13:29:46.698167Z,2861,246.8,968,OK,OK,OK
2026-07-30T13:29:52.210939Z,2846,247.0,968,OK,OK,OK
2026-07-30T13:29:57.674492Z,2871,247.1,968,OK,OK,OK
2026-07-30T13:30:03.141277Z,4214,246.5,968,OK,OK,OK
2026-07-30T13:30:08.644101Z,3122,246.9,968,OK,OK,OK
2026-07-30T13:30:14.174242Z,2865,247.0,968,OK,OK,OK
2026-07-30T13:30:19.654282Z,2846,247.0,968,OK,OK,OK
2026-07-30T13:30:25.119769Z,2850,247.2,968,OK,OK,OK
2026-07-30T13:30:30.630153Z,3107,247.0,968,OK,OK,OK
2026-07-30T13:30:36.148013Z,2849,247.2,968,OK,OK,OK
2026-07-30T13:30:41.597089Z,2831,247.2,968,OK,OK,OK
2026-07-30T13:30:47.097936Z,2851,247.2,968,OK,OK,OK
2026-07-30T13:30:52.545803Z,2876,247.2,968,OK,OK,OK
2026-07-30T13:30:58.084291Z,2842,247.1,968,OK,OK,OK
2026-07-30T13:31:03.539978Z,2833,247.2,968,OK,OK,OK
2026-07-30T13:31:09.023779Z,2834,247.1,968,OK,OK,OK
2026-07-30T13:31:14.519670Z,2880,247.0,968,OK,OK,OK
2026-07-30T13:31:19.988355Z,2844,247.2,968,OK,OK,OK
2026-07-30T13:31:25.481285Z,2845,247.1,968,OK,OK,OK
2026-07-30T13:31:30.985294Z,2839,247.3,968,OK,OK,OK
2026-07-30T13:31:36.487060Z,2846,247.2,968,OK,OK,OK
2026-07-30T13:31:41.987976Z,2844,247.3,968,OK,OK,OK
2026-07-30T13:31:47.472482Z,2836,247.3,968,OK,OK,OK
2026-07-30T13:31:52.975605Z,2842,247.3,968,OK,OK,OK
2026-07-30T13:31:58.467813Z,2962,247.3,968,OK,OK,OK
2026-07-30T13:32:03.924803Z,2847,247.3,968,OK,OK,OK
2026-07-30T13:32:09.373540Z,2841,247.3,968,OK,OK,OK
2026-07-30T13:32:14.850870Z,2830,247.3,968,OK,OK,OK
2026-07-30T13:32:20.357246Z,2844,247.3,968,OK,OK,OK
2026-07-30T13:32:25.820581Z,2837,247.3,968,OK,OK,OK
2026-07-30T13:32:31.324040Z,2840,247.3,968,OK,OK,OK
2026-07-30T13:32:36.865690Z,2835,247.2,968,OK,OK,OK
2026-07-30T13:32:42.317219Z,2836,247.3,968,OK,OK,OK
2026-07-30T13:32:47.803538Z,3020,247.2,968,OK,OK,OK
2026-07-30T13:32:53.310170Z,2841,247.3,968,OK,OK,OK
2026-07-30T13:32:58.766474Z,2844,247.3,968,OK,OK,OK
2026-07-30T13:33:04.254218Z,2853,247.3,968,OK,OK,OK
2026-07-30T13:33:09.760607Z,2837,247.4,968,OK,OK,OK
2026-07-30T13:33:15.228503Z,2839,247.4,968,OK,OK,OK
2026-07-30T13:33:20.731926Z,2839,247.3,968,OK,OK,OK
2026-07-30T13:33:26.172989Z,2836,247.4,968,OK,OK,OK
2026-07-30T13:33:31.666194Z,2832,247.5,968,OK,OK,OK
2026-07-30T13:33:37.194449Z,2971,247.3,1412,OK,OK,OK
2026-07-30T13:33:42.667255Z,2868,247.3,1412,OK,OK,OK
2026-07-30T13:33:48.122225Z,2884,247.3,1412,OK,OK,OK
2026-07-30T13:33:53.585391Z,2860,247.3,1412,OK,OK,OK
2026-07-30T13:33:59.087447Z,2869,247.2,1412,OK,OK,OK
2026-07-30T13:34:04.575331Z,2868,247.3,1412,OK,OK,OK
2026-07-30T13:34:10.114661Z,2880,247.5,1412,OK,OK,OK
2026-07-30T13:34:15.583781Z,2878,247.7,1412,OK,OK,OK
2026-07-30T13:34:21.066029Z,2871,247.5,1412,OK,OK,OK
2026-07-30T13:34:26.537312Z,2982,247.3,1412,OK,OK,OK
2026-07-30T13:34:32.012557Z,2873,247.4,1412,OK,OK,OK
2026-07-30T13:34:37.490860Z,2878,247.4,1412,OK,OK,OK
2026-07-30T13:34:42.969952Z,2867,247.4,1412,OK,OK,OK
2026-07-30T13:34:48.404828Z,3255,247.1,1412,OK,OK,OK
2026-07-30T13:34:53.894036Z,3258,247.2,1412,OK,OK,OK
2026-07-30T13:34:59.384252Z,2875,247.5,1412,OK,OK,OK
2026-07-30T13:35:04.852492Z,2889,247.3,1412,OK,OK,OK
2026-07-30T13:35:10.320002Z,2890,247.5,1412,OK,OK,OK
2026-07-30T13:35:15.767807Z,2925,247.4,1412,OK,OK,OK
2026-07-30T13:35:21.260943Z,3531,247.1,1412,OK,OK,OK
2026-07-30T13:35:26.731379Z,3301,247.2,1412,OK,OK,OK
2026-07-30T13:35:32.218512Z,3300,247.4,1412,OK,OK,OK
2026-07-30T13:35:37.691588Z,2880,247.4,1412,OK,OK,OK
2026-07-30T13:35:43.176034Z,2876,247.4,1412,OK,OK,OK
2026-07-30T13:35:48.681533Z,2904,247.4,1412,OK,OK,OK
2026-07-30T13:35:54.189429Z,2872,247.4,1412,OK,OK,OK
2026-07-30T13:35:59.643145Z,2878,247.5,1412,OK,OK,OK
2026-07-30T13:36:05.118153Z,2798,247.4,1412,OK,OK,OK
2026-07-30T13:36:10.573207Z,2921,247.3,1412,OK,OK,OK
2026-07-30T13:36:16.079697Z,2801,247.5,1412,OK,OK,OK
2026-07-30T13:36:21.568582Z,2793,247.4,1412,OK,OK,OK
2026-07-30T13:36:27.060154Z,2800,247.5,1412,OK,OK,OK
2026-07-30T13:36:32.553242Z,2817,247.6,1412,OK,OK,OK
2026-07-30T13:36:38.055615Z,2807,247.7,1412,OK,OK,OK
2026-07-30T13:36:43.552358Z,2809,247.7,1412,OK,OK,OK
2026-07-30T13:36:49.036399Z,2793,247.4,1412,OK,OK,OK
2026-07-30T13:36:54.546672Z,2879,247.5,1412,OK,OK,OK
2026-07-30T13:37:00.028978Z,2833,247.7,1412,OK,OK,OK
2026-07-30T13:37:05.505925Z,2795,247.5,1412,OK,OK,OK
2026-07-30T13:37:10.970162Z,2802,247.5,1412,OK,OK,OK
2026-07-30T13:37:16.438428Z,2798,247.4,1412,OK,OK,OK
2026-07-30T13:37:21.901984Z,2792,247.4,1412,OK,OK,OK
2026-07-30T13:37:27.388995Z,2790,247.4,1412,OK,OK,OK
2026-07-30T13:37:32.851159Z,2798,247.4,1412,OK,OK,OK
2026-07-30T13:37:38.355470Z,2782,247.4,1412,OK,OK,OK
2026-07-30T13:37:43.846671Z,2790,247.3,1412,OK,OK,OK
2026-07-30T13:37:49.313134Z,2798,247.6,1412,OK,OK,OK
2026-07-30T13:37:54.781735Z,2794,247.5,1412,OK,OK,OK
2026-07-30T13:38:00.245725Z,2801,247.3,1412,OK,OK,OK
2026-07-30T13:38:05.734586Z,2802,247.4,1412,OK,OK,OK
2026-07-30T13:38:11.237601Z,2789,247.5,1412,OK,OK,OK
2026-07-30T13:38:16.707175Z,2803,247.4,1412,OK,OK,OK
2026-07-30T13:38:22.159487Z,2801,247.3,1412,OK,OK,OK
2026-07-30T13:38:30.965171Z,2792,247.5,1412,OK,OK,OK
2026-07-30T13:38:36.468557Z,2796,247.4,1412,OK,OK,OK
2026-07-30T13:38:41.929067Z,2798,247.4,1412,OK,OK,OK
2026-07-30T13:38:47.411489Z,2793,247.6,1412,OK,OK,OK
2026-07-30T13:38:52.924357Z,2794,247.4,1412,OK,OK,OK
2026-07-30T13:38:58.410200Z,4247,246.8,1412,OK,OK,OK
2026-07-30T13:39:03.889820Z,2920,247.3,1412,OK,OK,OK
2026-07-30T13:39:09.370739Z,2816,247.4,1412,OK,OK,OK
2026-07-30T13:39:14.851948Z,2815,247.4,1412,OK,OK,OK
2026-07-30T13:39:20.270848Z,2809,247.4,1412,OK,OK,OK
2026-07-30T13:39:25.740440Z,2806,247.2,1412,OK,OK,OK
2026-07-30T13:39:31.252379Z,2789,247.2,1412,OK,OK,OK
2026-07-30T13:39:36.755897Z,2800,247.3,1412,OK,OK,OK
2026-07-30T13:39:42.255110Z,2795,247.3,1412,OK,OK,OK
2026-07-30T13:39:47.766780Z,2812,247.3,1412,OK,OK,OK
2026-07-30T13:39:53.256209Z,2946,247.3,1412,OK,OK,OK
2026-07-30T13:39:58.745737Z,2791,247.3,1412,OK,OK,OK
2026-07-30T13:40:04.196423Z,2798,247.3,1412,OK,OK,OK
2026-07-30T13:40:09.689359Z,2793,247.3,1412,OK,OK,OK
2026-07-30T13:40:15.140794Z,2796,247.3,1412,OK,OK,OK
2026-07-30T13:40:20.599161Z,2790,247.3,1412,OK,OK,OK
2026-07-30T13:40:26.092395Z,2778,247.3,1412,OK,OK,OK
2026-07-30T13:40:31.565203Z,2773,247.2,1412,OK,OK,OK
2026-07-30T13:40:37.070515Z,2773,247.1,1412,OK,OK,OK
2026-07-30T13:40:42.505488Z,2780,247.2,1412,OK,OK,OK
2026-07-30T13:40:47.958333Z,2865,247.1,1412,OK,OK,OK
2026-07-30T13:40:53.441368Z,2780,247.3,1412,OK,OK,OK
2026-07-30T13:40:58.946254Z,2775,247.2,1412,OK,OK,OK
2026-07-30T13:41:04.411281Z,2774,247.2,1412,OK,OK,OK
2026-07-30T13:41:09.893839Z,2771,247.2,1412,OK,OK,OK
2026-07-30T13:41:15.369018Z,2768,247.2,1412,OK,OK,OK
2026-07-30T13:41:20.871430Z,2780,247.1,1412,OK,OK,OK
2026-07-30T13:41:26.374616Z,2783,247.0,1412,OK,OK,OK
2026-07-30T13:41:31.877700Z,2772,246.5,1412,OK,OK,OK
2026-07-30T13:41:37.347834Z,2775,246.9,1412,OK,OK,OK
2026-07-30T13:41:42.835092Z,2784,246.8,1412,OK,OK,OK
2026-07-30T13:41:48.347851Z,2789,246.9,1412,OK,OK,OK
2026-07-30T13:41:53.797670Z,2776,246.8,1412,OK,OK,OK
2026-07-30T13:41:59.285055Z,2769,246.8,1412,OK,OK,OK
2026-07-30T13:42:04.722084Z,2778,246.8,1412,OK,OK,OK
2026-07-30T13:42:10.190558Z,2770,246.7,1412,OK,OK,OK
2026-07-30T13:42:15.657884Z,2786,246.8,1412,OK,OK,OK
2026-07-30T13:42:21.164017Z,2790,246.8,1412,OK,OK,OK
2026-07-30T13:42:26.635589Z,2834,246.6,1412,OK,OK,OK
2026-07-30T13:42:32.141984Z,2834,246.6,1412,OK,OK,OK
2026-07-30T13:42:37.630806Z,2782,246.8,1412,OK,OK,OK
2026-07-30T13:42:43.123978Z,2786,246.8,1412,OK,OK,OK
2026-07-30T13:42:48.650278Z,2777,246.6,1412,OK,OK,OK
2026-07-30T13:42:54.129183Z,2786,246.5,1412,OK,OK,OK
2026-07-30T13:42:59.610690Z,2793,246.6,1412,OK,OK,OK
2026-07-30T13:43:05.111233Z,2800,246.6,1412,OK,OK,OK
2026-07-30T13:43:10.626677Z,2933,246.6,1412,OK,OK,OK
2026-07-30T13:43:16.155355Z,2953,246.7,1412,OK,OK,OK
2026-07-30T13:43:21.633148Z,2887,246.7,1412,OK,OK,OK
2026-07-30T13:43:27.070450Z,2893,246.7,1412,OK,OK,OK
2026-07-30T13:43:32.573066Z,2894,246.7,1412,OK,OK,OK
2026-07-30T13:43:38.046837Z,2899,246.7,1412,OK,OK,OK
2026-07-30T13:43:43.497978Z,2897,246.7,1412,OK,OK,OK
2026-07-30T13:43:48.964374Z,2922,246.7,1412,OK,OK,OK
2026-07-30T13:43:54.429470Z,2878,246.4,1412,OK,OK,OK
2026-07-30T13:43:59.946698Z,2876,246.5,1412,OK,OK,OK
2026-07-30T13:44:05.438032Z,2876,246.5,1412,OK,OK,OK
2026-07-30T13:44:10.923931Z,2892,246.5,1412,OK,OK,OK
2026-07-30T13:44:16.431304Z,2884,246.3,1412,OK,OK,OK
2026-07-30T13:44:21.923553Z,2886,246.3,1412,OK,OK,OK
2026-07-30T13:44:27.414399Z,2887,246.3,1412,OK,OK,OK
2026-07-30T13:44:32.902512Z,2895,246.5,1412,OK,OK,OK
2026-07-30T13:44:38.423061Z,2782,246.7,1412,OK,OK,OK
2026-07-30T13:44:43.884818Z,2786,246.7,1412,OK,OK,OK
2026-07-30T13:44:49.392729Z,2875,246.6,1412,OK,OK,OK
2026-07-30T13:44:54.900386Z,2804,246.5,1412,OK,OK,OK
2026-07-30T13:45:00.399082Z,2788,246.5,1412,OK,OK,OK
2026-07-30T13:45:05.869948Z,2777,246.7,1412,OK,OK,OK
2026-07-30T13:45:11.330748Z,2780,246.6,1412,OK,OK,OK
2026-07-30T13:45:16.797898Z,2785,246.5,1412,OK,OK,OK
2026-07-30T13:45:22.245388Z,2789,246.7,1412,OK,OK,OK
2026-07-30T13:45:27.728325Z,2779,246.5,1412,OK,OK,OK
2026-07-30T13:45:33.207654Z,2782,246.5,1412,OK,OK,OK
2026-07-30T13:45:38.710788Z,2782,246.5,1412,OK,OK,OK
2026-07-30T13:45:44.156933Z,2818,246.4,1412,OK,OK,OK
2026-07-30T13:45:49.643915Z,2779,246.5,1412,OK,OK,OK
2026-07-30T13:45:55.147287Z,2780,246.3,1412,OK,OK,OK
2026-07-30T13:46:00.646732Z,2792,246.4,1412,OK,OK,OK
2026-07-30T13:46:06.128831Z,2787,246.5,1412,OK,OK,OK
2026-07-30T13:46:11.616741Z,2790,246.5,1412,OK,OK,OK
2026-07-30T13:46:17.089974Z,2917,246.6,1412,OK,OK,OK
2026-07-30T13:46:22.531237Z,2921,246.7,1412,OK,OK,OK
2026-07-30T13:46:28.052849Z,2909,246.6,1412,OK,OK,OK
2026-07-30T13:46:33.495898Z,2898,246.6,1412,OK,OK,OK
2026-07-30T13:46:38.977550Z,2901,246.6,1412,OK,OK,OK
2026-07-30T13:46:44.444703Z,2904,246.6,1412,OK,OK,OK
2026-07-30T13:46:49.959725Z,2904,246.8,1412,OK,OK,OK
2026-07-30T13:46:55.456313Z,2902,246.7,1412,OK,OK,OK
2026-07-30T13:47:00.939797Z,2796,246.8,1412,OK,OK,OK
2026-07-30T13:47:06.430819Z,2787,246.8,1412,OK,OK,OK
2026-07-30T13:47:11.905214Z,4332,246.2,1412,OK,OK,OK
2026-07-30T13:47:17.441125Z,3123,246.7,1412,OK,OK,OK
2026-07-30T13:47:22.940085Z,2909,247.1,1412,OK,OK,OK
2026-07-30T13:47:28.436008Z,2912,247.1,1412,OK,OK,OK
2026-07-30T13:47:33.934463Z,2900,247.2,1412,OK,OK,OK
2026-07-30T13:47:39.456625Z,2908,247.2,1412,OK,OK,OK
2026-07-30T13:47:44.948132Z,2914,247.1,1412,OK,OK,OK
2026-07-30T13:47:50.394808Z,2784,247.1,1412,OK,OK,OK
2026-07-30T13:47:55.869075Z,2920,247.0,1412,OK,OK,OK
2026-07-30T13:48:01.339581Z,2797,247.3,1412,OK,OK,OK
2026-07-30T13:48:06.788166Z,2792,247.0,1412,OK,OK,OK
2026-07-30T13:48:12.275631Z,2794,247.0,1412,OK,OK,OK
2026-07-30T13:48:17.767628Z,2809,247.0,1412,OK,OK,OK
2026-07-30T13:48:23.270250Z,2794,247.0,1412,OK,OK,OK
2026-07-30T13:48:28.753271Z,2785,247.0,1412,OK,OK,OK
2026-07-30T13:48:34.258457Z,2790,247.1,1412,OK,OK,OK
2026-07-30T13:48:39.798198Z,2788,247.1,1412,OK,OK,OK
2026-07-30T13:48:45.316503Z,2810,247.0,1412,OK,OK,OK
2026-07-30T13:48:50.774217Z,2799,246.9,2517,OK,OK,OK
2026-07-30T13:48:56.290630Z,2791,246.9,2517,OK,OK,OK
2026-07-30T13:49:01.797750Z,2783,247.1,2517,OK,OK,OK
2026-07-30T13:49:07.266283Z,2914,247.0,2517,OK,OK,OK
2026-07-30T13:49:12.748645Z,2919,247.1,2517,OK,OK,OK
2026-07-30T13:49:18.253725Z,2923,247.1,2517,OK,OK,OK
2026-07-30T13:49:23.730853Z,2912,247.4,2517,OK,OK,OK
2026-07-30T13:49:29.149576Z,2998,247.3,2517,OK,OK,OK
2026-07-30T13:49:34.656323Z,2980,247.2,2517,OK,OK,OK
2026-07-30T13:49:40.095461Z,2895,247.1,2517,OK,OK,OK
2026-07-30T13:49:45.599073Z,2898,247.2,2517,OK,OK,OK
2026-07-30T13:49:51.059811Z,2899,247.1,2517,OK,OK,OK
2026-07-30T13:49:56.583388Z,2900,247.2,2517,OK,OK,OK
2026-07-30T13:50:02.068386Z,2908,247.1,2517,OK,OK,OK
2026-07-30T13:50:07.594898Z,2900,247.0,2517,OK,OK,OK
2026-07-30T13:50:13.106059Z,2916,247.0,2517,OK,OK,OK
2026-07-30T13:50:18.625883Z,2894,247.1,2517,OK,OK,OK
2026-07-30T13:50:24.145364Z,2893,246.9,2517,OK,OK,OK
2026-07-30T13:50:29.666356Z,2886,246.9,2517,OK,OK,OK
2026-07-30T13:50:35.147149Z,2892,246.9,2517,OK,OK,OK
2026-07-30T13:50:40.661635Z,2884,246.9,2517,OK,OK,OK
2026-07-30T13:50:46.169929Z,2880,247.1,2517,OK,OK,OK
2026-07-30T13:50:51.638372Z,2901,247.0,2517,OK,OK,OK
2026-07-30T13:50:57.125454Z,2901,246.9,2517,OK,OK,OK
2026-07-30T13:51:02.628978Z,3048,247.0,2517,OK,OK,OK
2026-07-30T13:51:08.119690Z,2916,246.9,2517,OK,OK,OK
2026-07-30T13:51:13.900306Z,2908,247.0,2517,OK,OK,OK
2026-07-30T13:51:19.367710Z,2900,246.9,2517,OK,OK,OK
2026-07-30T13:51:24.832684Z,2899,246.9,2517,OK,OK,OK
2026-07-30T13:51:30.299619Z,2891,246.9,2517,OK,OK,OK
2026-07-30T13:51:35.782800Z,2894,247.0,2517,OK,OK,OK
2026-07-30T13:51:41.303233Z,2946,247.1,2517,OK,OK,OK
2026-07-30T13:51:46.765033Z,2896,247.1,2517,OK,OK,OK
2026-07-30T13:51:52.234080Z,2896,247.1,2517,OK,OK,OK
2026-07-30T13:51:57.696864Z,2803,247.1,2517,OK,OK,OK
2026-07-30T13:52:03.220315Z,2785,247.1,2517,OK,OK,OK
2026-07-30T13:52:08.702581Z,2801,247.2,2517,OK,OK,OK
2026-07-30T13:52:14.202863Z,2782,247.2,2517,OK,OK,OK
2026-07-30T13:52:19.678717Z,2780,247.2,2517,OK,OK,OK
2026-07-30T13:52:25.188890Z,2776,247.1,2517,OK,OK,OK
2026-07-30T13:52:30.672353Z,2813,247.2,2517,OK,OK,OK
2026-07-30T13:52:36.138321Z,2772,247.3,2517,OK,OK,OK
2026-07-30T13:52:41.601661Z,2774,247.1,2517,OK,OK,OK
2026-07-30T13:52:47.122385Z,2864,247.2,2517,OK,OK,OK
2026-07-30T13:52:52.581479Z,2880,247.0,2517,OK,OK,OK
2026-07-30T13:52:58.088859Z,2875,246.8,2517,OK,OK,OK
2026-07-30T13:53:03.548741Z,2881,246.9,2517,OK,OK,OK
2026-07-30T13:53:09.080124Z,2898,246.9,2517,OK,OK,OK
2026-07-30T13:53:14.567037Z,3017,246.9,2517,OK,OK,OK
2026-07-30T13:53:20.060906Z,2900,247.0,2517,OK,OK,OK
2026-07-30T13:53:25.595268Z,2884,247.0,2517,OK,OK,OK
2026-07-30T13:53:31.120333Z,2899,247.2,2517,OK,OK,OK
2026-07-30T13:53:36.619228Z,2899,247.2,2517,OK,OK,OK
2026-07-30T13:53:42.108707Z,2888,247.0,2517,OK,OK,OK
2026-07-30T13:53:47.580751Z,2895,247.0,2517,OK,OK,OK
2026-07-30T13:53:53.045733Z,2879,247.0,2517,OK,OK,OK
2026-07-30T13:53:58.517059Z,2969,246.9,2517,OK,OK,OK
2026-07-30T13:54:03.976515Z,2882,247.0,2517,OK,OK,OK
2026-07-30T13:54:09.484095Z,2876,246.9,2517,OK,OK,OK
2026-07-30T13:54:14.963044Z,2874,246.9,2517,OK,OK,OK
2026-07-30T13:54:20.458333Z,2872,246.8,2517,OK,OK,OK
2026-07-30T13:54:25.930765Z,2865,246.6,2517,OK,OK,OK
2026-07-30T13:54:31.436261Z,2871,246.8,2517,OK,OK,OK
2026-07-30T13:54:36.927164Z,2864,246.7,2517,OK,OK,OK
2026-07-30T13:54:42.413675Z,2858,246.9,2517,OK,OK,OK
2026-07-30T13:54:47.919374Z,2862,246.8,2517,OK,OK,OK
2026-07-30T13:54:53.422871Z,2873,247.0,2517,OK,OK,OK
2026-07-30T13:54:58.894296Z,2842,247.0,2517,OK,OK,OK
2026-07-30T13:55:04.399576Z,2846,246.8,2517,OK,OK,OK
2026-07-30T13:55:09.913788Z,2840,246.9,2517,OK,OK,OK
2026-07-30T13:55:15.391816Z,2845,246.7,2517,OK,OK,OK
2026-07-30T13:55:20.889582Z,2857,246.7,2517,OK,OK,OK
2026-07-30T13:55:26.339384Z,2874,246.9,2517,OK,OK,OK
2026-07-30T13:55:31.920211Z,2845,246.8,2517,OK,OK,OK
2026-07-30T13:55:37.407100Z,2913,246.9,2517,OK,OK,OK
2026-07-30T13:55:42.878772Z,2852,247.0,2517,OK,OK,OK
2026-07-30T13:55:48.365718Z,2876,246.8,2517,OK,OK,OK
2026-07-30T13:55:53.869712Z,2876,246.6,2517,OK,OK,OK
2026-07-30T13:55:59.339951Z,2862,246.7,2517,OK,OK,OK
2026-07-30T13:56:04.836900Z,2854,246.7,2517,OK,OK,OK
2026-07-30T13:56:10.305169Z,2857,246.8,2517,OK,OK,OK
2026-07-30T13:56:15.761521Z,2966,246.6,2517,OK,OK,OK
2026-07-30T13:56:21.205767Z,2985,246.6,2517,OK,OK,OK
2026-07-30T13:56:26.689734Z,3036,246.6,2517,OK,OK,OK
2026-07-30T13:56:32.204332Z,2979,246.7,2517,OK,OK,OK
2026-07-30T13:56:37.724257Z,2994,246.7,2517,OK,OK,OK
2026-07-30T13:56:43.214226Z,2981,246.7,2517,OK,OK,OK
2026-07-30T13:56:48.753665Z,2975,246.7,2517,OK,OK,OK
2026-07-30T13:56:54.241362Z,2956,245.9,2517,OK,OK,OK
2026-07-30T13:56:59.724363Z,2957,245.8,2517,OK,OK,OK
2026-07-30T13:57:05.220549Z,2840,245.9,2517,OK,OK,OK
2026-07-30T13:57:10.746857Z,2843,245.7,2517,OK,OK,OK
2026-07-30T13:57:16.225061Z,2855,245.8,2517,OK,OK,OK
2026-07-30T13:57:21.702217Z,2854,245.7,2517,OK,OK,OK
2026-07-30T13:57:27.171165Z,2840,245.5,2517,OK,OK,OK
2026-07-30T13:57:32.664113Z,2864,245.7,2517,OK,OK,OK
2026-07-30T13:57:38.135917Z,2854,245.8,2517,OK,OK,OK
2026-07-30T13:57:43.611373Z,2854,245.7,2517,OK,OK,OK
2026-07-30T13:57:49.104963Z,2869,245.6,2517,OK,OK,OK
2026-07-30T13:57:54.587958Z,2850,245.7,2517,OK,OK,OK
2026-07-30T13:58:00.058506Z,2931,245.7,2517,OK,OK,OK
2026-07-30T13:58:05.496584Z,2890,245.8,2517,OK,OK,OK
2026-07-30T13:58:11.054563Z,3234,245.7,2517,OK,OK,OK
2026-07-30T13:58:16.510143Z,3032,245.8,2517,OK,OK,OK
2026-07-30T13:58:21.975851Z,3063,245.8,2517,OK,OK,OK
2026-07-30T13:58:27.505613Z,3087,245.7,2517,OK,OK,OK
2026-07-30T13:58:32.991905Z,3103,245.7,2517,OK,OK,OK
2026-07-30T13:58:38.511522Z,3111,245.9,2517,OK,OK,OK
2026-07-30T13:58:44.040289Z,3279,245.7,2517,OK,OK,OK
2026-07-30T13:58:49.526605Z,3157,245.7,2517,OK,OK,OK
2026-07-30T13:58:55.040768Z,3148,245.7,2517,OK,OK,OK
2026-07-30T13:59:00.555195Z,3161,245.6,2517,OK,OK,OK
2026-07-30T13:59:06.017038Z,3166,245.7,2517,OK,OK,OK
2026-07-30T13:59:11.512827Z,3166,245.6,2517,OK,OK,OK
2026-07-30T13:59:17.014523Z,3137,245.5,2517,OK,OK,OK
2026-07-30T13:59:22.511669Z,3135,245.5,2517,OK,OK,OK
2026-07-30T13:59:28.005408Z,3148,245.5,2517,OK,OK,OK
2026-07-30T13:59:33.522460Z,3127,245.6,2517,OK,OK,OK
2026-07-30T13:59:38.951160Z,3124,245.7,2517,OK,OK,OK
2026-07-30T13:59:44.433454Z,3083,245.9,2517,OK,OK,OK
2026-07-30T13:59:49.880077Z,3010,245.9,2517,OK,OK,OK
2026-07-30T13:59:55.387693Z,3002,246.0,2517,OK,OK,OK
2026-07-30T14:00:00.828231Z,2982,246.0,2517,OK,OK,OK
2026-07-30T14:00:06.324718Z,2965,245.9,2517,OK,OK,OK
2026-07-30T14:00:11.792547Z,2968,245.8,2517,OK,OK,OK
2026-07-30T14:00:17.277830Z,3006,245.9,2517,OK,OK,OK
2026-07-30T14:00:22.742059Z,3012,245.8,2517,OK,OK,OK
2026-07-30T14:00:28.236587Z,3001,245.8,2517,OK,OK,OK
2026-07-30T14:00:33.708095Z,3003,245.9,2517,OK,OK,OK
2026-07-30T14:00:39.177952Z,2999,245.9,2517,OK,OK,OK
2026-07-30T14:00:44.611343Z,3002,245.9,2517,OK,OK,OK
2026-07-30T14:00:50.056950Z,3005,245.9,2517,OK,OK,OK
2026-07-30T14:00:55.525359Z,3005,245.9,2517,OK,OK,OK
2026-07-30T14:01:00.957996Z,2996,246.0,2517,OK,OK,OK
2026-07-30T14:01:06.463758Z,3001,246.0,2517,OK,OK,OK
2026-07-30T14:01:11.954268Z,4413,245.5,2517,OK,OK,OK
2026-07-30T14:01:17.438455Z,3014,246.0,2517,OK,OK,OK
2026-07-30T14:01:22.915520Z,3000,246.0,2517,OK,OK,OK
2026-07-30T14:01:28.398177Z,2957,245.9,2517,OK,OK,OK
2026-07-30T14:01:33.887605Z,2965,246.0,2517,OK,OK,OK
2026-07-30T14:01:39.387068Z,2966,246.0,2517,OK,OK,OK
2026-07-30T14:01:44.902531Z,2961,245.9,2517,OK,OK,OK
2026-07-30T14:01:50.386901Z,2971,246.2,2517,OK,OK,OK
2026-07-30T14:01:55.902487Z,2967,245.9,2517,OK,OK,OK
2026-07-30T14:02:01.358213Z,3009,246.2,2517,OK,OK,OK
2026-07-30T14:02:06.880179Z,2975,246.1,2517,OK,OK,OK
2026-07-30T14:02:12.354851Z,2983,246.1,2517,OK,OK,OK
2026-07-30T14:02:17.805987Z,2975,246.0,2517,OK,OK,OK
2026-07-30T14:02:23.223258Z,2980,246.0,2517,OK,OK,OK
2026-07-30T14:02:28.732249Z,2984,246.1,2517,OK,OK,OK
2026-07-30T14:02:34.188049Z,2994,246.3,2517,OK,OK,OK
2026-07-30T14:02:39.674841Z,2972,246.0,2517,OK,OK,OK
2026-07-30T14:02:45.153873Z,2967,246.0,2517,OK,OK,OK
2026-07-30T14:02:50.686877Z,2965,245.9,2517,OK,OK,OK
2026-07-30T14:02:56.133873Z,2990,245.9,2517,OK,OK,OK
2026-07-30T14:03:01.600340Z,2964,245.8,2517,OK,OK,OK
2026-07-30T14:03:07.085597Z,2962,245.9,2517,OK,OK,OK
2026-07-30T14:03:12.617865Z,2958,245.9,2517,OK,OK,OK
2026-07-30T14:03:18.093521Z,2961,246.0,2517,OK,OK,OK
2026-07-30T14:03:23.560315Z,2956,246.0,2517,OK,OK,OK
2026-07-30T14:03:29.054645Z,2954,245.9,2517,OK,OK,OK
2026-07-30T14:03:34.558026Z,2958,246.0,2517,OK,OK,OK
2026-07-30T14:03:40.036950Z,3107,246.0,2517,OK,OK,OK
2026-07-30T14:03:45.490341Z,2965,246.0,2517,OK,OK,OK
2026-07-30T14:03:50.994958Z,2954,246.1,2517,OK,OK,OK
2026-07-30T14:03:56.468146Z,2961,245.9,2517,OK,OK,OK
2026-07-30T14:04:01.906305Z,2946,245.9,4932,OK,OK,OK
2026-07-30T14:04:07.354154Z,2952,245.9,4932,OK,OK,OK
2026-07-30T14:04:12.857234Z,2961,246.0,4932,OK,OK,OK
2026-07-30T14:04:18.303592Z,2962,246.2,4932,OK,OK,OK
2026-07-30T14:04:23.775011Z,2971,246.2,4932,OK,OK,OK
2026-07-30T14:04:29.252328Z,2961,246.2,4932,OK,OK,OK
2026-07-30T14:04:34.751123Z,3058,245.9,4932,OK,OK,OK
2026-07-30T14:04:40.187899Z,2954,246.2,4932,OK,OK,OK
2026-07-30T14:04:45.675969Z,2970,246.1,4932,OK,OK,OK
2026-07-30T14:04:51.146666Z,2962,246.1,4932,OK,OK,OK
2026-07-30T14:04:56.584122Z,2985,245.9,4932,OK,OK,OK
2026-07-30T14:05:02.076213Z,2978,246.1,4932,OK,OK,OK
2026-07-30T14:05:07.532622Z,2953,246.2,4932,OK,OK,OK
2026-07-30T14:05:13.001762Z,2967,246.2,4932,OK,OK,OK
2026-07-30T14:05:18.465478Z,2963,246.0,4932,OK,OK,OK
2026-07-30T14:05:23.949236Z,2957,246.0,4932,OK,OK,OK
2026-07-30T14:05:29.414840Z,2965,246.1,4932,OK,OK,OK
2026-07-30T14:05:34.898451Z,2962,245.9,4932,OK,OK,OK
2026-07-30T14:05:40.362421Z,2956,246.1,4932,OK,OK,OK
2026-07-30T14:05:45.816967Z,2960,246.1,4932,OK,OK,OK
2026-07-30T14:05:51.330376Z,2968,246.2,4932,OK,OK,OK
2026-07-30T14:05:56.816732Z,2959,245.9,4932,OK,OK,OK
2026-07-30T14:06:02.262100Z,2947,245.9,4932,OK,OK,OK
2026-07-30T14:06:07.732418Z,2970,246.0,4932,OK,OK,OK
2026-07-30T14:06:13.212839Z,2952,246.1,4932,OK,OK,OK
2026-07-30T14:06:18.675353Z,2962,245.9,4932,OK,OK,OK
2026-07-30T14:06:24.130587Z,3038,245.8,4932,OK,OK,OK
2026-07-30T14:06:29.635869Z,2945,246.1,4932,OK,OK,OK
2026-07-30T14:06:35.140765Z,2958,245.9,4932,OK,OK,OK
2026-07-30T14:06:40.604322Z,2959,246.2,4932,OK,OK,OK
2026-07-30T14:06:46.144415Z,4347,245.5,4932,OK,OK,OK
2026-07-30T14:06:51.633292Z,4360,245.5,4932,OK,OK,OK
2026-07-30T14:06:57.118774Z,4353,245.5,4932,OK,OK,OK
2026-07-30T14:07:02.613368Z,4394,245.5,4932,OK,OK,OK
2026-07-30T14:07:08.080127Z,4407,245.4,4932,OK,OK,OK
2026-07-30T14:07:13.584342Z,4543,245.4,4932,OK,OK,OK
2026-07-30T14:07:19.118863Z,4416,245.4,4932,OK,OK,OK
2026-07-30T14:07:24.592657Z,4418,245.4,4932,OK,OK,OK
2026-07-30T14:07:30.061915Z,4435,245.4,4932,OK,OK,OK
2026-07-30T14:07:35.554467Z,4430,245.4,4932,OK,OK,OK
2026-07-30T14:07:40.989735Z,4433,245.2,4932,OK,OK,OK
2026-07-30T14:07:46.453865Z,4430,245.2,4932,OK,OK,OK
2026-07-30T14:07:52.234337Z,4521,245.1,4932,OK,OK,OK
2026-07-30T14:07:57.731336Z,4439,245.1,4932,OK,OK,OK
2026-07-30T14:08:03.184924Z,4412,245.2,4932,OK,OK,OK
2026-07-30T14:08:08.676095Z,4301,245.4,4932,OK,OK,OK
2026-07-30T14:08:14.138436Z,4296,245.3,4932,OK,OK,OK
2026-07-30T14:08:19.642785Z,4295,245.2,4932,OK,OK,OK
2026-07-30T14:08:25.101229Z,4291,245.2,4932,OK,OK,OK
2026-07-30T14:08:30.634923Z,4292,244.9,4932,OK,OK,OK
2026-07-30T14:08:36.110118Z,4285,244.9,4932,OK,OK,OK
2026-07-30T14:08:41.619376Z,4331,244.7,4932,OK,OK,OK
2026-07-30T14:08:47.078713Z,4296,244.9,4932,OK,OK,OK
2026-07-30T14:08:52.612848Z,4290,244.7,4932,OK,OK,OK
2026-07-30T14:08:58.108484Z,4292,244.8,4932,OK,OK,OK
2026-07-30T14:09:03.642655Z,4290,244.8,4932,OK,OK,OK
2026-07-30T14:09:09.103514Z,4290,244.8,4932,OK,OK,OK
2026-07-30T14:09:14.588346Z,4296,244.7,4932,OK,OK,OK
2026-07-30T14:09:20.119995Z,4296,244.8,4932,OK,OK,OK
2026-07-30T14:09:25.618331Z,4327,244.7,4932,OK,OK,OK
2026-07-30T14:09:31.164229Z,4299,244.7,4932,OK,OK,OK
2026-07-30T14:09:36.612742Z,4289,244.7,4932,OK,OK,OK
2026-07-30T14:09:42.098748Z,4299,244.7,4932,OK,OK,OK
2026-07-30T14:09:47.572130Z,4292,244.7,4932,OK,OK,OK
2026-07-30T14:09:53.093093Z,4307,244.7,4932,OK,OK,OK
2026-07-30T14:09:58.573438Z,4289,244.8,4932,OK,OK,OK
2026-07-30T14:10:04.050398Z,4280,244.7,4932,OK,OK,OK
2026-07-30T14:10:09.483948Z,4402,244.6,4932,OK,OK,OK
2026-07-30T14:10:15.027567Z,4285,244.7,4932,OK,OK,OK
2026-07-30T14:10:20.481125Z,4340,244.8,4932,OK,OK,OK
2026-07-30T14:10:25.954127Z,4272,244.6,4932,OK,OK,OK
2026-07-30T14:10:31.485508Z,4274,244.6,4932,OK,OK,OK
2026-07-30T14:10:36.943789Z,4270,244.6,4932,OK,OK,OK
2026-07-30T14:10:42.408026Z,4276,244.6,4932,OK,OK,OK
2026-07-30T14:10:47.917909Z,4287,244.6,4932,OK,OK,OK
2026-07-30T14:10:53.417621Z,4291,244.6,4932,OK,OK,OK
2026-07-30T14:10:58.882358Z,4268,244.9,4932,OK,OK,OK
2026-07-30T14:11:04.387379Z,4276,244.8,4932,OK,OK,OK
2026-07-30T14:11:09.877634Z,4284,244.8,4932,OK,OK,OK
2026-07-30T14:11:15.354886Z,4276,244.8,4932,OK,OK,OK
2026-07-30T14:11:20.834680Z,4276,244.8,4932,OK,OK,OK
2026-07-30T14:11:26.316547Z,4292,244.7,4932,OK,OK,OK
2026-07-30T14:11:31.836437Z,4278,244.8,4932,OK,OK,OK
2026-07-30T14:11:37.319218Z,4283,244.8,4932,OK,OK,OK
2026-07-30T14:11:42.849441Z,4277,244.7,4932,OK,OK,OK
2026-07-30T14:11:48.284191Z,4286,244.7,4932,OK,OK,OK
2026-07-30T14:11:53.758440Z,4273,244.7,4932,OK,OK,OK
2026-07-30T14:11:59.240737Z,4278,244.8,4932,OK,OK,OK
2026-07-30T14:12:04.734035Z,2823,245.4,4932,OK,OK,OK
2026-07-30T14:12:10.188983Z,2845,245.4,4932,OK,OK,OK
2026-07-30T14:12:15.697474Z,2837,245.4,4932,OK,OK,OK
2026-07-30T14:12:21.196923Z,2823,245.3,4932,OK,OK,OK
2026-07-30T14:12:26.670789Z,2823,245.2,4932,OK,OK,OK
2026-07-30T14:12:32.157408Z,2821,245.3,4932,OK,OK,OK
2026-07-30T14:12:37.631306Z,3945,244.8,4932,OK,OK,OK
2026-07-30T14:12:43.080315Z,2840,245.3,4932,OK,OK,OK
2026-07-30T14:12:48.524907Z,2814,245.3,4932,OK,OK,OK
2026-07-30T14:12:54.046090Z,2820,245.2,4932,OK,OK,OK
2026-07-30T14:12:59.528424Z,2817,245.2,4932,OK,OK,OK
2026-07-30T14:13:05.019919Z,2901,245.1,4932,OK,OK,OK
2026-07-30T14:13:10.477261Z,2832,245.1,4932,OK,OK,OK
2026-07-30T14:13:15.963867Z,2814,245.2,4932,OK,OK,OK
2026-07-30T14:13:21.478354Z,2756,245.3,4932,OK,OK,OK
2026-07-30T14:13:26.973493Z,2738,245.2,4932,OK,OK,OK
2026-07-30T14:13:32.488900Z,2743,245.3,4932,OK,OK,OK
2026-07-30T14:13:37.971399Z,2736,245.4,4932,OK,OK,OK
2026-07-30T14:13:43.461897Z,2748,245.3,4932,OK,OK,OK
2026-07-30T14:13:48.902196Z,2769,245.3,4932,OK,OK,OK
2026-07-30T14:13:54.347731Z,2834,245.3,4932,OK,OK,OK
2026-07-30T14:13:59.814024Z,2742,245.4,4932,OK,OK,OK
2026-07-30T14:14:05.296712Z,2746,245.4,4932,OK,OK,OK
2026-07-30T14:14:10.790773Z,2773,245.4,4932,OK,OK,OK
2026-07-30T14:14:16.245623Z,2771,245.3,4932,OK,OK,OK
2026-07-30T14:14:21.724859Z,2784,245.3,4932,OK,OK,OK
2026-07-30T14:14:27.206626Z,2775,245.3,4932,OK,OK,OK
2026-07-30T14:14:32.712075Z,2786,245.3,4932,OK,OK,OK
2026-07-30T14:14:38.215299Z,2774,245.3,4932,OK,OK,OK
2026-07-30T14:14:43.706052Z,2969,245.2,4932,OK,OK,OK
2026-07-30T14:14:49.205318Z,2834,245.4,4932,OK,OK,OK
2026-07-30T14:14:54.671719Z,2786,245.4,4932,OK,OK,OK
2026-07-30T14:15:00.155363Z,2783,245.5,4932,OK,OK,OK
2026-07-30T14:15:05.599645Z,2770,245.5,4932,OK,OK,OK
2026-07-30T14:15:11.081290Z,2780,245.4,4932,OK,OK,OK
2026-07-30T14:15:16.563116Z,2775,245.4,4932,OK,OK,OK
2026-07-30T14:15:22.085893Z,2780,245.4,4932,OK,OK,OK
2026-07-30T14:15:27.576481Z,2787,245.4,4932,OK,OK,OK
2026-07-30T14:15:33.044046Z,2903,245.4,4932,OK,OK,OK
2026-07-30T14:15:38.523892Z,2796,245.4,4932,OK,OK,OK
2026-07-30T14:15:43.991002Z,2787,245.4,4932,OK,OK,OK
2026-07-30T14:15:49.511834Z,2776,245.3,4932,OK,OK,OK
2026-07-30T14:15:54.998894Z,2781,245.2,4932,OK,OK,OK
2026-07-30T14:16:00.470541Z,2774,245.2,4932,OK,OK,OK
2026-07-30T14:16:06.027895Z,2802,245.2,4932,OK,OK,OK
2026-07-30T14:16:11.458567Z,2777,245.2,4932,OK,OK,OK
2026-07-30T14:16:16.984100Z,2770,245.3,4932,OK,OK,OK
2026-07-30T14:16:22.454557Z,2820,245.2,4932,OK,OK,OK
2026-07-30T14:16:27.969760Z,2779,245.2,4932,OK,OK,OK
2026-07-30T14:16:33.476968Z,2784,245.6,4932,OK,OK,OK
2026-07-30T14:16:38.960938Z,2840,245.6,4932,OK,OK,OK
2026-07-30T14:16:44.444138Z,2896,245.1,4932,OK,OK,OK
2026-07-30T14:16:49.904399Z,2910,245.2,4932,OK,OK,OK
2026-07-30T14:16:55.415658Z,2898,245.2,4932,OK,OK,OK
2026-07-30T14:17:00.884589Z,2890,245.2,4932,OK,OK,OK
2026-07-30T14:17:06.397137Z,2892,245.2,4932,OK,OK,OK
2026-07-30T14:17:11.834922Z,2928,245.2,4932,OK,OK,OK
2026-07-30T14:17:17.362828Z,2892,245.2,4932,OK,OK,OK
2026-07-30T14:17:22.870535Z,2904,245.1,4932,OK,OK,OK
2026-07-30T14:17:28.355741Z,2908,245.1,4932,OK,OK,OK
2026-07-30T14:17:33.804547Z,2895,245.1,4932,OK,OK,OK
2026-07-30T14:17:39.286081Z,2894,245.2,4932,OK,OK,OK
2026-07-30T14:17:44.748193Z,2898,245.1,4932,OK,OK,OK
2026-07-30T14:17:50.232830Z,2897,245.2,4932,OK,OK,OK
2026-07-30T14:17:55.683869Z,2892,245.1,4932,OK,OK,OK
2026-07-30T14:18:01.141140Z,2955,245.0,4932,OK,OK,OK
2026-07-30T14:18:06.632150Z,2791,245.0,4932,OK,OK,OK
2026-07-30T14:18:12.090976Z,2786,245.0,4932,OK,OK,OK
2026-07-30T14:18:17.565621Z,2783,245.0,4932,OK,OK,OK
2026-07-30T14:18:23.051635Z,2785,244.9,4932,OK,OK,OK
2026-07-30T14:18:28.560229Z,2783,245.0,4932,OK,OK,OK
2026-07-30T14:18:34.001579Z,2782,245.0,4932,OK,OK,OK
2026-07-30T14:18:39.467102Z,2778,245.0,4932,OK,OK,OK
2026-07-30T14:18:44.989908Z,2780,244.9,4932,OK,OK,OK
2026-07-30T14:18:50.474577Z,2931,245.0,4932,OK,OK,OK
2026-07-30T14:18:55.900368Z,2790,245.0,4932,OK,OK,OK
2026-07-30T14:19:01.363480Z,2781,245.0,4932,OK,OK,OK
2026-07-30T14:19:06.872811Z,2783,245.1,4932,OK,OK,OK
2026-07-30T14:19:12.382520Z,2788,245.1,4932,OK,OK,OK
2026-07-30T14:19:17.871940Z,2793,245.2,3850,OK,OK,OK
2026-07-30T14:19:23.381009Z,2796,245.1,3850,OK,OK,OK
2026-07-30T14:19:28.875127Z,2796,245.2,3850,OK,OK,OK
2026-07-30T14:19:34.341114Z,2774,245.0,3850,OK,OK,OK
2026-07-30T14:19:39.843774Z,2921,245.0,3850,OK,OK,OK
2026-07-30T14:19:45.330690Z,2789,245.1,3850,OK,OK,OK
2026-07-30T14:19:50.854328Z,2787,245.2,3850,OK,OK,OK
2026-07-30T14:19:56.285879Z,2802,245.0,3850,OK,OK,OK
2026-07-30T14:20:01.816017Z,2790,245.0,3850,OK,OK,OK
2026-07-30T14:20:07.247079Z,2782,245.2,3850,OK,OK,OK
2026-07-30T14:20:12.734484Z,2799,245.3,3850,OK,OK,OK
2026-07-30T14:20:18.227083Z,2785,245.2,3850,OK,OK,OK
2026-07-30T14:20:23.709427Z,2780,245.0,3850,OK,OK,OK
2026-07-30T14:20:29.177266Z,2926,245.0,3850,OK,OK,OK
2026-07-30T14:20:34.679847Z,2795,245.2,3850,OK,OK,OK
2026-07-30T14:20:40.196612Z,2779,245.0,3850,OK,OK,OK
2026-07-30T14:20:45.689850Z,2781,245.2,3850,OK,OK,OK
2026-07-30T14:20:51.156779Z,2785,245.4,3850,OK,OK,OK
2026-07-30T14:20:56.643887Z,2797,245.4,3850,OK,OK,OK
2026-07-30T14:21:02.188667Z,2791,245.4,3850,OK,OK,OK
2026-07-30T14:21:07.698841Z,2792,245.4,3850,OK,OK,OK
2026-07-30T14:21:13.197228Z,2984,245.3,3850,OK,OK,OK
2026-07-30T14:21:18.673896Z,2798,245.4,3850,OK,OK,OK
2026-07-30T14:21:24.179124Z,2786,245.2,3850,OK,OK,OK
2026-07-30T14:21:29.653740Z,2776,245.3,3850,OK,OK,OK
2026-07-30T14:21:35.139210Z,2922,245.2,3850,OK,OK,OK
2026-07-30T14:21:40.581925Z,2908,245.2,3850,OK,OK,OK
2026-07-30T14:21:46.036792Z,2971,245.2,3850,OK,OK,OK
2026-07-30T14:21:51.551138Z,2905,245.2,3850,OK,OK,OK
2026-07-30T14:21:57.000976Z,2902,245.2,3850,OK,OK,OK
2026-07-30T14:22:02.480855Z,2913,245.2,3850,OK,OK,OK
2026-07-30T14:22:07.990584Z,2954,245.2,3850,OK,OK,OK
2026-07-30T14:22:13.488278Z,2935,245.2,3850,OK,OK,OK
2026-07-30T14:22:18.951410Z,4620,244.6,3850,OK,OK,OK
2026-07-30T14:22:24.440960Z,4622,244.5,3850,OK,OK,OK
2026-07-30T14:22:29.876960Z,4619,244.7,3850,OK,OK,OK
2026-07-30T14:22:35.330365Z,4652,244.6,3850,OK,OK,OK
2026-07-30T14:22:40.813508Z,4609,244.5,3850,OK,OK,OK
2026-07-30T14:22:46.245654Z,2916,245.2,3850,OK,OK,OK
2026-07-30T14:22:51.753343Z,2967,245.3,3850,OK,OK,OK
2026-07-30T14:22:57.209204Z,2986,245.2,3850,OK,OK,OK
2026-07-30T14:23:02.695291Z,2980,245.3,3850,OK,OK,OK
2026-07-30T14:23:08.188555Z,2956,245.2,3850,OK,OK,OK
2026-07-30T14:23:13.673760Z,2970,245.2,3850,OK,OK,OK
2026-07-30T14:23:19.174680Z,2961,245.1,3850,OK,OK,OK
2026-07-30T14:23:24.708567Z,2967,245.5,3850,OK,OK,OK
2026-07-30T14:23:30.212754Z,2854,245.6,3850,OK,OK,OK
2026-07-30T14:23:35.689921Z,2846,245.4,3850,OK,OK,OK
2026-07-30T14:23:41.205528Z,2855,245.1,3850,OK,OK,OK
2026-07-30T14:23:46.717728Z,2852,245.2,3850,OK,OK,OK
2026-07-30T14:23:52.245780Z,2973,245.1,3850,OK,OK,OK
2026-07-30T14:23:57.706636Z,4372,244.7,3850,OK,OK,OK
2026-07-30T14:24:03.176396Z,3178,245.1,3850,OK,OK,OK
2026-07-30T14:24:08.660076Z,2938,245.3,3850,OK,OK,OK
2026-07-30T14:24:14.086522Z,2952,245.3,3850,OK,OK,OK
2026-07-30T14:24:19.584913Z,2946,245.1,3850,OK,OK,OK
2026-07-30T14:24:25.091972Z,2948,245.2,3850,OK,OK,OK
2026-07-30T14:24:30.604612Z,2946,245.3,3850,OK,OK,OK
2026-07-30T14:24:36.138359Z,2946,245.6,3850,OK,OK,OK
2026-07-30T14:24:41.622026Z,2945,245.5,3850,OK,OK,OK
2026-07-30T14:24:47.104774Z,2942,245.4,3850,OK,OK,OK
2026-07-30T14:24:52.572440Z,2936,245.3,3850,OK,OK,OK
2026-07-30T14:24:58.076613Z,2942,245.2,3850,OK,OK,OK
2026-07-30T14:25:03.573583Z,2986,245.2,3850,OK,OK,OK
2026-07-30T14:25:09.063854Z,2956,245.2,3850,OK,OK,OK
2026-07-30T14:25:14.519398Z,3051,245.2,3850,OK,OK,OK
2026-07-30T14:25:20.011762Z,3107,245.1,3850,OK,OK,OK
2026-07-30T14:25:25.482069Z,3029,245.3,3850,OK,OK,OK
2026-07-30T14:25:30.986000Z,3048,245.2,3850,OK,OK,OK
2026-07-30T14:25:36.461460Z,3072,245.3,3850,OK,OK,OK
2026-07-30T14:25:41.965682Z,3110,245.2,3850,OK,OK,OK
2026-07-30T14:25:47.466636Z,3185,245.1,3850,OK,OK,OK
2026-07-30T14:25:52.978161Z,3135,245.2,3850,OK,OK,OK
2026-07-30T14:25:58.452221Z,3129,245.2,3850,OK,OK,OK
2026-07-30T14:26:03.898199Z,3134,245.1,3850,OK,OK,OK
2026-07-30T14:26:09.356249Z,3123,245.2,3850,OK,OK,OK
2026-07-30T14:26:14.860934Z,3133,245.2,3850,OK,OK,OK
2026-07-30T14:26:20.348604Z,3059,245.4,3850,OK,OK,OK
2026-07-30T14:26:25.789545Z,2976,245.3,3850,OK,OK,OK
2026-07-30T14:26:31.286836Z,2959,245.2,3850,OK,OK,OK
2026-07-30T14:26:36.748609Z,2954,245.3,3850,OK,OK,OK
2026-07-30T14:26:42.223024Z,3084,245.2,3850,OK,OK,OK
2026-07-30T14:26:47.755783Z,2987,245.1,3850,OK,OK,OK
2026-07-30T14:26:53.269332Z,2956,245.0,3850,OK,OK,OK
2026-07-30T14:26:58.762226Z,2925,245.1,3850,OK,OK,OK
2026-07-30T14:27:04.253029Z,2928,245.0,3850,OK,OK,OK
2026-07-30T14:27:09.763224Z,2929,245.1,3850,OK,OK,OK
2026-07-30T14:27:15.220413Z,2953,245.1,3850,OK,OK,OK
2026-07-30T14:27:20.715544Z,2966,245.1,3850,OK,OK,OK
2026-07-30T14:27:26.168244Z,3141,244.9,3850,OK,OK,OK
2026-07-30T14:27:31.690430Z,2963,245.1,3850,OK,OK,OK
2026-07-30T14:27:37.196475Z,2938,245.2,3850,OK,OK,OK
2026-07-30T14:27:42.720962Z,2963,245.0,3850,OK,OK,OK
2026-07-30T14:27:48.255503Z,2950,245.0,3850,OK,OK,OK
2026-07-30T14:27:53.725994Z,2940,245.0,3850,OK,OK,OK
2026-07-30T14:27:59.189602Z,2943,245.0,3850,OK,OK,OK
2026-07-30T14:28:04.690070Z,2914,245.0,3850,OK,OK,OK
2026-07-30T14:28:10.161984Z,3070,245.0,3850,OK,OK,OK
2026-07-30T14:28:15.689766Z,2953,245.0,3850,OK,OK,OK
2026-07-30T14:28:21.162724Z,2924,245.0,3850,OK,OK,OK
2026-07-30T14:28:26.665707Z,2927,245.1,3850,OK,OK,OK
2026-07-30T14:28:32.190809Z,2939,245.2,3850,OK,OK,OK
2026-07-30T14:28:37.701689Z,2942,245.2,3850,OK,OK,OK
2026-07-30T14:28:43.187172Z,2958,245.1,3850,OK,OK,OK
2026-07-30T14:28:48.693246Z,2922,245.2,3850,OK,OK,OK
2026-07-30T14:28:54.137043Z,3044,245.1,3850,OK,OK,OK
2026-07-30T14:28:59.660955Z,2922,245.1,3850,OK,OK,OK
2026-07-30T14:29:05.171845Z,2922,244.7,3850,OK,OK,OK
2026-07-30T14:29:10.716145Z,3121,244.6,3850,OK,OK,OK
2026-07-30T14:29:16.199444Z,3058,244.7,3850,OK,OK,OK
2026-07-30T14:29:21.711893Z,3049,244.7,3850,OK,OK,OK
2026-07-30T14:29:27.230520Z,3119,244.7,3850,OK,OK,OK
2026-07-30T14:29:32.685638Z,3070,244.5,3850,OK,OK,OK
2026-07-30T14:29:38.154197Z,3044,244.6,3850,OK,OK,OK
2026-07-30T14:29:43.617688Z,3112,244.7,3850,OK,OK,OK
2026-07-30T14:29:49.104964Z,3054,244.7,3850,OK,OK,OK
2026-07-30T14:29:54.620705Z,3050,244.9,3850,OK,OK,OK
2026-07-30T14:30:00.169452Z,3144,244.9,3850,OK,OK,OK
2026-07-30T14:30:05.671060Z,3165,244.8,3850,OK,OK,OK
2026-07-30T14:30:11.127628Z,3153,244.7,3850,OK,OK,OK
2026-07-30T14:30:16.563729Z,3153,244.7,3850,OK,OK,OK
2026-07-30T14:30:22.033304Z,3165,244.8,3850,OK,OK,OK
2026-07-30T14:30:27.529518Z,3198,244.9,3850,OK,OK,OK
2026-07-30T14:30:33.067205Z,3163,245.0,3850,OK,OK,OK
2026-07-30T14:30:38.551221Z,3145,244.7,3850,OK,OK,OK
2026-07-30T14:30:44.077672Z,3041,244.8,3850,OK,OK,OK
2026-07-30T14:30:49.568442Z,3034,244.5,3850,OK,OK,OK
2026-07-30T14:30:55.056381Z,3031,244.4,3850,OK,OK,OK
2026-07-30T14:31:00.574247Z,3034,244.5,3850,OK,OK,OK
2026-07-30T14:31:06.019129Z,3029,244.6,3850,OK,OK,OK
2026-07-30T14:31:11.479281Z,3085,244.7,3850,OK,OK,OK
2026-07-30T14:31:16.927710Z,3062,244.7,3850,OK,OK,OK
2026-07-30T14:31:22.410823Z,3032,244.7,3850,OK,OK,OK
2026-07-30T14:31:27.897021Z,3030,244.7,3850,OK,OK,OK
2026-07-30T14:31:33.414074Z,3029,244.7,3850,OK,OK,OK
2026-07-30T14:31:38.936606Z,3035,244.7,3850,OK,OK,OK
2026-07-30T14:31:44.423156Z,3022,244.6,3850,OK,OK,OK
2026-07-30T14:31:49.886432Z,3018,244.6,3850,OK,OK,OK
2026-07-30T14:31:55.402936Z,3018,244.6,3850,OK,OK,OK
2026-07-30T14:32:00.837998Z,3167,244.6,3850,OK,OK,OK
2026-07-30T14:32:06.335601Z,3015,244.7,3850,OK,OK,OK
2026-07-30T14:32:11.828677Z,3021,244.6,3850,OK,OK,OK
2026-07-30T14:32:17.313612Z,3014,244.6,3850,OK,OK,OK
2026-07-30T14:32:22.764367Z,3022,244.7,3850,OK,OK,OK
2026-07-30T14:32:28.212028Z,3033,244.8,3850,OK,OK,OK
2026-07-30T14:32:33.715910Z,3020,244.9,3850,OK,OK,OK
2026-07-30T14:32:39.207995Z,3016,244.9,3850,OK,OK,OK
2026-07-30T14:32:44.694613Z,3016,244.9,3850,OK,OK,OK
2026-07-30T14:32:50.156281Z,3014,244.8,3850,OK,OK,OK
2026-07-30T14:32:55.633553Z,3281,244.8,3850,OK,OK,OK
2026-07-30T14:33:01.141972Z,3021,244.8,3850,OK,OK,OK
2026-07-30T14:33:06.622261Z,3010,244.8,3850,OK,OK,OK
2026-07-30T14:33:12.111915Z,2926,244.9,3850,OK,OK,OK
2026-07-30T14:33:17.596595Z,2909,244.6,3850,OK,OK,OK
2026-07-30T14:33:23.065812Z,2897,244.8,3850,OK,OK,OK
2026-07-30T14:33:28.552365Z,2922,244.7,3850,OK,OK,OK
2026-07-30T14:33:34.058498Z,2928,244.7,3850,OK,OK,OK
2026-07-30T14:33:39.510012Z,2921,244.7,3850,OK,OK,OK
2026-07-30T14:33:45.005669Z,3029,244.6,3850,OK,OK,OK
2026-07-30T14:33:50.460122Z,2934,244.7,3850,OK,OK,OK
2026-07-30T14:33:55.926588Z,2929,244.7,3850,OK,OK,OK
2026-07-30T14:34:01.432718Z,2920,244.7,3850,OK,OK,OK
2026-07-30T14:34:06.933192Z,2942,244.7,3850,OK,OK,OK
2026-07-30T14:34:12.431212Z,2912,244.7,3850,OK,OK,OK
2026-07-30T14:34:17.937374Z,2915,244.5,3850,OK,OK,OK
2026-07-30T14:34:23.403262Z,2938,244.6,3850,OK,OK,OK
2026-07-30T14:34:28.882056Z,2923,244.8,3674,OK,OK,OK
2026-07-30T14:34:34.350473Z,2921,245.0,3674,OK,OK,OK
2026-07-30T14:34:39.815579Z,2932,245.1,3674,OK,OK,OK
2026-07-30T14:34:45.303448Z,2935,245.2,3674,OK,OK,OK
2026-07-30T14:34:50.775307Z,2947,245.1,3674,OK,OK,OK
2026-07-30T14:34:56.285802Z,2919,244.6,3674,OK,OK,OK
2026-07-30T14:35:01.764833Z,2915,244.7,3674,OK,OK,OK
2026-07-30T14:35:07.255584Z,2897,244.7,3674,OK,OK,OK
2026-07-30T14:35:12.691419Z,2914,244.7,3674,OK,OK,OK
2026-07-30T14:35:18.201815Z,2880,244.6,3674,OK,OK,OK
2026-07-30T14:35:23.660189Z,3071,244.6,3674,OK,OK,OK
2026-07-30T14:35:29.136001Z,2950,244.6,3674,OK,OK,OK
2026-07-30T14:35:34.627210Z,2910,244.6,3674,OK,OK,OK
2026-07-30T14:35:40.089954Z,2909,244.6,3674,OK,OK,OK
2026-07-30T14:35:45.545926Z,2892,244.7,3674,OK,OK,OK
2026-07-30T14:35:51.027016Z,2904,244.8,3674,OK,OK,OK
2026-07-30T14:35:56.532659Z,2908,244.7,3674,OK,OK,OK
2026-07-30T14:36:01.982873Z,2919,244.6,3674,OK,OK,OK
2026-07-30T14:36:07.434510Z,2897,244.6,3674,OK,OK,OK
2026-07-30T14:36:12.900736Z,2942,244.5,3674,OK,OK,OK
2026-07-30T14:36:18.385069Z,2913,244.5,3674,OK,OK,OK
2026-07-30T14:36:23.832998Z,2886,244.5,3674,OK,OK,OK
2026-07-30T14:36:29.293884Z,2909,244.5,3674,OK,OK,OK
2026-07-30T14:36:34.800660Z,2898,244.5,3674,OK,OK,OK
2026-07-30T14:36:40.279987Z,2874,244.5,3674,OK,OK,OK
2026-07-30T14:36:45.741113Z,2906,244.4,3674,OK,OK,OK
2026-07-30T14:36:51.196183Z,2875,244.4,3674,OK,OK,OK
2026-07-30T14:36:56.702797Z,2875,244.5,3674,OK,OK,OK
2026-07-30T14:37:02.196118Z,2882,244.4,3674,OK,OK,OK
2026-07-30T14:37:07.697230Z,3091,244.3,3674,OK,OK,OK
2026-07-30T14:37:13.194902Z,3094,244.2,3674,OK,OK,OK
2026-07-30T14:37:18.673966Z,2875,244.4,3674,OK,OK,OK
2026-07-30T14:37:24.120499Z,2870,244.2,3674,OK,OK,OK
2026-07-30T14:37:29.589711Z,2881,244.3,3674,OK,OK,OK
2026-07-30T14:37:35.084504Z,2879,244.3,3674,OK,OK,OK
2026-07-30T14:37:40.603406Z,2947,244.5,3674,OK,OK,OK
2026-07-30T14:37:46.128083Z,2876,244.5,3674,OK,OK,OK
2026-07-30T14:37:51.665097Z,2883,244.5,3674,OK,OK,OK
2026-07-30T14:37:57.139969Z,2878,244.5,3674,OK,OK,OK
2026-07-30T14:38:02.652985Z,2877,244.5,3674,OK,OK,OK
2026-07-30T14:38:08.149204Z,2870,244.3,3674,OK,OK,OK
2026-07-30T14:38:13.638639Z,2877,244.5,3674,OK,OK,OK
2026-07-30T14:38:19.128597Z,2875,244.5,3674,OK,OK,OK
2026-07-30T14:38:24.618966Z,2866,244.3,3674,OK,OK,OK
2026-07-30T14:38:30.066750Z,2884,244.3,3674,OK,OK,OK
2026-07-30T14:38:35.589423Z,2901,244.9,3674,OK,OK,OK
2026-07-30T14:38:41.066840Z,2878,245.0,3674,OK,OK,OK
2026-07-30T14:38:46.571116Z,2886,244.9,3674,OK,OK,OK
2026-07-30T14:38:52.043013Z,2888,245.1,3674,OK,OK,OK
2026-07-30T14:38:57.511486Z,2886,245.0,3674,OK,OK,OK
2026-07-30T14:39:03.020116Z,2883,245.0,3674,OK,OK,OK
2026-07-30T14:39:08.441118Z,2883,245.0,3674,OK,OK,OK
2026-07-30T14:39:13.950254Z,3026,244.9,3674,OK,OK,OK
2026-07-30T14:39:19.421378Z,2892,245.5,3674,OK,OK,OK
2026-07-30T14:39:24.910448Z,2886,245.5,3674,OK,OK,OK
2026-07-30T14:39:30.395983Z,2897,245.5,3674,OK,OK,OK
2026-07-30T14:39:35.908413Z,2885,245.6,3674,OK,OK,OK
2026-07-30T14:39:41.408657Z,2891,245.6,3674,OK,OK,OK
2026-07-30T14:39:46.867335Z,2887,245.4,3674,OK,OK,OK
2026-07-30T14:39:52.319826Z,2882,245.4,3674,OK,OK,OK
2026-07-30T14:39:57.794480Z,2888,245.4,3674,OK,OK,OK
2026-07-30T14:40:03.299686Z,2977,245.8,3674,OK,OK,OK
2026-07-30T14:40:08.763896Z,2895,245.8,3674,OK,OK,OK
2026-07-30T14:40:14.212191Z,2905,245.3,3674,OK,OK,OK
2026-07-30T14:40:19.697374Z,2904,245.4,3674,OK,OK,OK
2026-07-30T14:40:25.206915Z,2889,245.8,3674,OK,OK,OK
2026-07-30T14:40:30.643059Z,2896,245.8,3674,OK,OK,OK
2026-07-30T14:40:36.122719Z,2902,245.8,3674,OK,OK,OK
2026-07-30T14:40:41.602872Z,2903,245.9,3674,OK,OK,OK
2026-07-30T14:40:47.057217Z,2906,245.7,3674,OK,OK,OK
2026-07-30T14:40:52.502338Z,2900,245.9,3674,OK,OK,OK
2026-07-30T14:40:58.017936Z,3020,245.7,3674,OK,OK,OK
2026-07-30T14:41:03.522751Z,2909,245.7,3674,OK,OK,OK
2026-07-30T14:41:08.985429Z,2895,245.8,3674,OK,OK,OK
2026-07-30T14:41:14.475834Z,2904,245.7,3674,OK,OK,OK
2026-07-30T14:41:19.935997Z,2905,245.8,3674,OK,OK,OK
2026-07-30T14:41:25.415120Z,2902,245.6,3674,OK,OK,OK
2026-07-30T14:41:30.851202Z,2896,245.9,3674,OK,OK,OK
2026-07-30T14:41:36.358020Z,2910,246.0,3674,OK,OK,OK
2026-07-30T14:41:41.830748Z,2907,245.9,3674,OK,OK,OK
2026-07-30T14:41:47.326779Z,2952,246.0,3674,OK,OK,OK
2026-07-30T14:41:52.780195Z,2948,245.9,3674,OK,OK,OK
2026-07-30T14:41:58.259922Z,2909,246.0,3674,OK,OK,OK
2026-07-30T14:42:03.739137Z,2901,246.1,3674,OK,OK,OK
2026-07-30T14:42:09.217770Z,2909,246.0,3674,OK,OK,OK
2026-07-30T14:42:14.705350Z,2908,246.1,3674,OK,OK,OK
2026-07-30T14:42:20.176106Z,2901,246.3,3674,OK,OK,OK
2026-07-30T14:42:25.678791Z,2912,246.1,3674,OK,OK,OK
2026-07-30T14:42:31.166593Z,2904,246.0,3674,OK,OK,OK
2026-07-30T14:42:36.693408Z,2953,246.1,3674,OK,OK,OK
2026-07-30T14:42:42.175847Z,2905,246.0,3674,OK,OK,OK
2026-07-30T14:42:47.654934Z,2932,246.0,3674,OK,OK,OK
2026-07-30T14:42:53.099765Z,2897,246.0,3674,OK,OK,OK
2026-07-30T14:42:58.584903Z,2896,245.9,3674,OK,OK,OK
2026-07-30T14:43:04.048315Z,2916,245.9,3674,OK,OK,OK
2026-07-30T14:43:09.528937Z,2904,246.1,3674,OK,OK,OK
2026-07-30T14:43:15.031963Z,2903,246.2,3674,OK,OK,OK
2026-07-30T14:43:20.496365Z,3232,246.0,3674,OK,OK,OK
2026-07-30T14:43:25.990846Z,3211,246.0,3674,OK,OK,OK
2026-07-30T14:43:31.446239Z,3360,246.1,3674,OK,OK,OK
2026-07-30T14:43:36.939721Z,3213,245.9,3674,OK,OK,OK
2026-07-30T14:43:42.464307Z,3214,246.0,3674,OK,OK,OK
2026-07-30T14:43:47.965928Z,3213,245.9,3674,OK,OK,OK
2026-07-30T14:43:53.443814Z,3216,246.1,3674,OK,OK,OK
2026-07-30T14:43:58.941860Z,3203,246.2,3674,OK,OK,OK
2026-07-30T14:44:04.424472Z,3198,246.0,3674,OK,OK,OK
2026-07-30T14:44:09.900065Z,3222,245.9,3674,OK,OK,OK
2026-07-30T14:44:15.348270Z,3208,246.0,3674,OK,OK,OK
2026-07-30T14:44:20.815809Z,3343,245.8,3674,OK,OK,OK
2026-07-30T14:44:26.295301Z,3243,246.0,3674,OK,OK,OK
2026-07-30T14:44:31.831211Z,3195,246.0,3674,OK,OK,OK
2026-07-30T14:44:37.340268Z,3204,246.0,3674,OK,OK,OK
2026-07-30T14:44:42.846489Z,3214,245.9,3674,OK,OK,OK
2026-07-30T14:44:48.320952Z,3200,245.9,3674,OK,OK,OK
2026-07-30T14:44:53.812335Z,3188,245.8,3674,OK,OK,OK
2026-07-30T14:44:59.296041Z,3192,245.7,3674,OK,OK,OK
2026-07-30T14:45:04.735826Z,3198,245.7,3674,OK,OK,OK
2026-07-30T14:45:10.216544Z,3186,245.8,3674,OK,OK,OK
2026-07-30T14:45:15.691992Z,3222,245.9,3674,OK,OK,OK
2026-07-30T14:45:21.168084Z,3197,246.0,3674,OK,OK,OK
2026-07-30T14:45:26.615075Z,3196,245.8,3674,OK,OK,OK
2026-07-30T14:45:32.121325Z,3192,246.0,3674,OK,OK,OK
2026-07-30T14:45:37.564750Z,3197,246.0,3674,OK,OK,OK
2026-07-30T14:45:43.061729Z,3192,246.2,3674,OK,OK,OK
2026-07-30T14:45:48.531276Z,3199,246.3,3674,OK,OK,OK
2026-07-30T14:45:54.026856Z,3192,246.3,3674,OK,OK,OK
2026-07-30T14:45:59.533927Z,3198,246.3,3674,OK,OK,OK
2026-07-30T14:46:05.032078Z,3231,246.2,3674,OK,OK,OK
2026-07-30T14:46:10.517375Z,3196,246.3,3674,OK,OK,OK
2026-07-30T14:46:16.027485Z,3189,246.2,3674,OK,OK,OK
2026-07-30T14:46:21.503558Z,3197,246.3,3674,OK,OK,OK
2026-07-30T14:46:26.993641Z,3200,246.3,3674,OK,OK,OK
2026-07-30T14:46:32.454326Z,3198,246.5,3674,OK,OK,OK
2026-07-30T14:46:37.908310Z,3207,246.4,3674,OK,OK,OK
2026-07-30T14:46:43.369758Z,3200,246.5,3674,OK,OK,OK
2026-07-30T14:46:48.833685Z,3198,246.5,3674,OK,OK,OK
2026-07-30T14:46:54.284413Z,3350,246.5,3674,OK,OK,OK
2026-07-30T14:46:59.781609Z,3200,246.7,3674,OK,OK,OK
2026-07-30T14:47:05.266883Z,3201,246.6,3674,OK,OK,OK
2026-07-30T14:47:10.768457Z,3221,246.7,3674,OK,OK,OK
2026-07-30T14:47:16.229152Z,3190,246.7,3674,OK,OK,OK
2026-07-30T14:47:21.712930Z,3205,246.8,3674,OK,OK,OK
2026-07-30T14:47:27.179741Z,3210,246.8,3674,OK,OK,OK
2026-07-30T14:47:32.626815Z,3209,246.8,3674,OK,OK,OK
2026-07-30T14:47:38.081998Z,3210,246.8,3674,OK,OK,OK
2026-07-30T14:47:43.579486Z,3205,246.8,3674,OK,OK,OK
2026-07-30T14:47:49.065350Z,3360,246.6,3674,OK,OK,OK
2026-07-30T14:47:54.562078Z,3204,246.6,3674,OK,OK,OK
2026-07-30T14:48:00.021135Z,3210,246.6,3674,OK,OK,OK
2026-07-30T14:48:05.509740Z,3198,246.7,3674,OK,OK,OK
2026-07-30T14:48:11.016629Z,3202,246.5,3674,OK,OK,OK
2026-07-30T14:48:16.509629Z,3203,246.5,3674,OK,OK,OK
2026-07-30T14:48:22.005987Z,3195,246.5,3674,OK,OK,OK
2026-07-30T14:48:27.517781Z,3195,246.4,3674,OK,OK,OK
2026-07-30T14:48:33.004692Z,3194,246.5,3674,OK,OK,OK
2026-07-30T14:48:38.513002Z,3196,246.5,3674,OK,OK,OK
2026-07-30T14:48:44.017698Z,3197,246.5,3674,OK,OK,OK
2026-07-30T14:48:49.500542Z,3178,246.6,3674,OK,OK,OK
2026-07-30T14:48:54.963791Z,3192,246.6,3674,OK,OK,OK
2026-07-30T14:49:00.494537Z,3187,246.3,3674,OK,OK,OK
2026-07-30T14:49:05.951235Z,3175,246.3,3674,OK,OK,OK
2026-07-30T14:49:11.456210Z,3185,246.4,3674,OK,OK,OK
2026-07-30T14:49:16.946445Z,3189,246.3,3674,OK,OK,OK
2026-07-30T14:49:22.401772Z,3178,246.3,3674,OK,OK,OK
2026-07-30T14:49:27.893347Z,3196,246.4,3674,OK,OK,OK
2026-07-30T14:49:33.361256Z,3181,246.4,3674,OK,OK,OK
2026-07-30T14:49:38.871292Z,3199,246.5,2844,OK,OK,OK
2026-07-30T14:49:44.341206Z,4499,245.9,2844,OK,OK,OK
2026-07-30T14:49:49.846272Z,3346,246.2,2844,OK,OK,OK
2026-07-30T14:49:55.304570Z,3122,246.4,2844,OK,OK,OK
2026-07-30T14:50:00.754486Z,3098,246.4,2844,OK,OK,OK
2026-07-30T14:50:06.199199Z,3113,246.4,2844,OK,OK,OK
2026-07-30T14:50:11.671334Z,3112,246.3,2844,OK,OK,OK
2026-07-30T14:50:17.162931Z,3108,246.4,2844,OK,OK,OK
2026-07-30T14:50:22.604142Z,3113,246.3,2844,OK,OK,OK
2026-07-30T14:50:28.091632Z,3197,246.1,2844,OK,OK,OK
2026-07-30T14:50:33.537567Z,3116,246.4,2844,OK,OK,OK
2026-07-30T14:50:38.997325Z,3121,246.4,2844,OK,OK,OK
2026-07-30T14:50:44.468741Z,3115,246.4,2844,OK,OK,OK
2026-07-30T14:50:49.959891Z,3107,246.3,2844,OK,OK,OK
2026-07-30T14:50:55.418273Z,3123,246.2,2844,OK,OK,OK
2026-07-30T14:51:00.926675Z,3144,246.2,2844,OK,OK,OK
2026-07-30T14:51:06.441527Z,3258,246.3,2844,OK,OK,OK
2026-07-30T14:51:11.898173Z,3262,246.3,2844,OK,OK,OK
2026-07-30T14:51:17.378323Z,3339,246.3,2844,OK,OK,OK
2026-07-30T14:51:22.849622Z,3288,246.3,2844,OK,OK,OK
2026-07-30T14:51:28.344018Z,3267,246.2,2844,OK,OK,OK
2026-07-30T14:51:33.819361Z,3237,246.2,2844,OK,OK,OK
2026-07-30T14:51:39.290660Z,3248,246.2,2844,OK,OK,OK
2026-07-30T14:51:44.773415Z,3246,246.2,2844,OK,OK,OK
2026-07-30T14:51:50.239585Z,3239,246.2,2844,OK,OK,OK
2026-07-30T14:51:55.700441Z,3241,246.3,2844,OK,OK,OK
2026-07-30T14:52:01.215930Z,3253,246.3,2844,OK,OK,OK
2026-07-30T14:52:06.699150Z,3112,246.3,2844,OK,OK,OK
2026-07-30T14:52:12.188737Z,3266,246.3,2844,OK,OK,OK
2026-07-30T14:52:17.650859Z,3128,246.5,2844,OK,OK,OK
2026-07-30T14:52:23.178620Z,3118,246.5,2844,OK,OK,OK
2026-07-30T14:52:28.629549Z,3124,246.4,2844,OK,OK,OK
2026-07-30T14:52:34.132965Z,3124,246.5,2844,OK,OK,OK
2026-07-30T14:52:39.578807Z,3117,246.5,2844,OK,OK,OK
2026-07-30T14:52:45.060986Z,3120,246.5,2844,OK,OK,OK
2026-07-30T14:52:50.556741Z,3121,246.5,2844,OK,OK,OK
2026-07-30T14:52:55.992876Z,3116,246.4,2844,OK,OK,OK
2026-07-30T14:53:01.475258Z,3166,246.4,2844,OK,OK,OK
2026-07-30T14:53:06.957794Z,3125,246.5,2844,OK,OK,OK
2026-07-30T14:53:12.494786Z,3110,246.5,2844,OK,OK,OK
2026-07-30T14:53:17.957180Z,3121,246.5,2844,OK,OK,OK
2026-07-30T14:53:23.456009Z,3123,246.5,2844,OK,OK,OK
2026-07-30T14:53:28.924423Z,3133,246.7,2844,OK,OK,OK
2026-07-30T14:53:34.403790Z,3120,246.6,2844,OK,OK,OK
2026-07-30T14:53:39.851538Z,3139,246.6,2844,OK,OK,OK
2026-07-30T14:53:45.360021Z,3121,246.7,2844,OK,OK,OK
2026-07-30T14:53:50.879763Z,3305,246.7,2844,OK,OK,OK
2026-07-30T14:53:56.345599Z,3241,246.8,2844,OK,OK,OK
2026-07-30T14:54:01.838982Z,3229,246.9,2844,OK,OK,OK
2026-07-30T14:54:07.295920Z,3307,246.7,2844,OK,OK,OK
2026-07-30T14:54:12.790021Z,3360,246.8,2844,OK,OK,OK
2026-07-30T14:54:18.241541Z,3358,246.7,2844,OK,OK,OK
2026-07-30T14:54:23.734603Z,3405,246.7,2844,OK,OK,OK
2026-07-30T14:54:29.254463Z,3432,246.7,2844,OK,OK,OK
2026-07-30T14:54:34.735763Z,3408,246.7,2844,OK,OK,OK
2026-07-30T14:54:40.214956Z,3429,246.7,2844,OK,OK,OK
2026-07-30T14:54:45.736556Z,3458,246.8,2844,OK,OK,OK
2026-07-30T14:54:51.216243Z,3440,246.7,2844,OK,OK,OK
2026-07-30T14:54:56.694600Z,3422,246.7,2844,OK,OK,OK
2026-07-30T14:55:02.149746Z,3428,246.8,2844,OK,OK,OK
2026-07-30T14:55:07.642038Z,3390,246.7,2844,OK,OK,OK
2026-07-30T14:55:13.112046Z,3453,246.7,2844,OK,OK,OK
2026-07-30T14:55:18.620852Z,3286,246.9,2844,OK,OK,OK
2026-07-30T14:55:24.105744Z,3269,246.7,2844,OK,OK,OK
2026-07-30T14:55:29.550252Z,3278,246.9,2844,OK,OK,OK
2026-07-30T14:55:35.027287Z,3286,246.6,2844,OK,OK,OK
2026-07-30T14:55:40.490894Z,3245,246.8,2844,OK,OK,OK
2026-07-30T14:55:45.975120Z,3254,246.7,2844,OK,OK,OK
2026-07-30T14:55:51.453894Z,3256,246.9,2844,OK,OK,OK
2026-07-30T14:55:56.938474Z,3248,246.9,2844,OK,OK,OK
2026-07-30T14:56:02.403137Z,3248,246.9,2844,OK,OK,OK
2026-07-30T14:56:07.897024Z,3234,246.8,2844,OK,OK,OK
2026-07-30T14:56:13.351034Z,3248,246.6,2844,OK,OK,OK
2026-07-30T14:56:18.845312Z,3252,246.6,2844,OK,OK,OK
2026-07-30T14:56:24.347019Z,3235,246.7,2844,OK,OK,OK
2026-07-30T14:56:29.859565Z,3258,246.6,2844,OK,OK,OK
2026-07-30T14:56:35.400649Z,3235,246.8,2844,OK,OK,OK
2026-07-30T14:56:40.876194Z,7954,241.6,2844,OK,OK,OK
2026-07-30T14:56:46.363871Z,4645,246.0,2844,OK,OK,OK
2026-07-30T14:56:51.807899Z,4671,246.1,2844,OK,OK,OK
2026-07-30T14:56:57.327234Z,4656,245.9,2844,OK,OK,OK
2026-07-30T14:57:02.771116Z,4670,246.1,2844,OK,OK,OK
2026-07-30T14:57:08.295124Z,4676,246.0,2844,OK,OK,OK
2026-07-30T14:57:13.782182Z,4741,246.0,2844,OK,OK,OK
2026-07-30T14:57:19.255115Z,4705,246.1,2844,OK,OK,OK
2026-07-30T14:57:24.717457Z,4722,245.9,2844,OK,OK,OK
2026-07-30T14:57:30.234342Z,4741,245.9,2844,OK,OK,OK
2026-07-30T14:57:35.738556Z,4719,245.9,2844,OK,OK,OK
2026-07-30T14:57:41.208749Z,4713,246.1,2844,OK,OK,OK
2026-07-30T14:57:46.728096Z,4704,246.0,2844,OK,OK,OK
2026-07-30T14:57:52.213070Z,4731,246.1,2844,OK,OK,OK
2026-07-30T14:57:57.715535Z,4874,246.0,2844,OK,OK,OK
2026-07-30T14:58:03.154766Z,4740,246.0,2844,OK,OK,OK
2026-07-30T14:58:08.659618Z,4702,246.1,2844,OK,OK,OK
2026-07-30T14:58:14.140002Z,4848,246.2,2844,OK,OK,OK
2026-07-30T14:58:19.654338Z,4741,246.1,2844,OK,OK,OK
2026-07-30T14:58:25.106499Z,4724,246.2,2844,OK,OK,OK
2026-07-30T14:58:30.636019Z,4716,246.3,2844,OK,OK,OK
2026-07-30T14:58:36.079656Z,4722,246.2,2844,OK,OK,OK
2026-07-30T14:58:41.553049Z,4706,246.2,2844,OK,OK,OK
2026-07-30T14:58:47.028366Z,4880,246.3,2844,OK,OK,OK
2026-07-30T14:58:52.493311Z,4732,246.5,2844,OK,OK,OK
2026-07-30T14:58:58.004820Z,4730,246.5,2844,OK,OK,OK
2026-07-30T14:59:03.486605Z,4639,246.6,2844,OK,OK,OK
2026-07-30T14:59:08.958220Z,4632,246.7,2844,OK,OK,OK
2026-07-30T14:59:14.437845Z,4613,246.8,2844,OK,OK,OK
2026-07-30T14:59:19.922051Z,4630,246.9,2844,OK,OK,OK
2026-07-30T14:59:25.405084Z,4630,246.9,2844,OK,OK,OK
2026-07-30T14:59:30.912216Z,4628,246.9,2844,OK,OK,OK
2026-07-30T14:59:36.427391Z,4618,246.8,2844,OK,OK,OK
2026-07-30T14:59:41.919796Z,4642,246.9,2844,OK,OK,OK
2026-07-30T14:59:47.436582Z,4648,247.1,2844,OK,OK,OK
2026-07-30T14:59:52.911250Z,4637,247.2,2844,OK,OK,OK
2026-07-30T14:59:58.377319Z,4632,247.2,2844,OK,OK,OK
2026-07-30T15:00:03.870611Z,4636,247.3,2844,OK,OK,OK
2026-07-30T15:00:09.309932Z,4634,247.5,2844,OK,OK,OK
2026-07-30T15:00:14.814454Z,4643,247.5,2844,OK,OK,OK
2026-07-30T15:00:20.306861Z,4650,247.4,2844,OK,OK,OK
2026-07-30T15:00:25.792780Z,4761,247.3,2844,OK,OK,OK
2026-07-30T15:00:31.275069Z,4794,247.3,2844,OK,OK,OK
2026-07-30T15:00:36.793622Z,4770,247.3,2844,OK,OK,OK
2026-07-30T15:00:42.279307Z,4768,247.4,2844,OK,OK,OK
2026-07-30T15:00:47.735343Z,4767,247.2,2844,OK,OK,OK
2026-07-30T15:00:53.239764Z,4766,247.3,2844,OK,OK,OK
2026-07-30T15:00:58.738564Z,4740,247.4,2844,OK,OK,OK
2026-07-30T15:01:04.191385Z,4735,247.1,2844,OK,OK,OK
2026-07-30T15:01:09.721966Z,4736,246.8,2844,OK,OK,OK
2026-07-30T15:01:15.224685Z,4804,246.7,2844,OK,OK,OK
2026-07-30T15:01:20.731142Z,4737,246.7,2844,OK,OK,OK
2026-07-30T15:01:26.208488Z,4745,246.7,2844,OK,OK,OK
2026-07-30T15:01:31.709187Z,4737,246.7,2844,OK,OK,OK
2026-07-30T15:01:37.208070Z,4745,246.6,2844,OK,OK,OK
2026-07-30T15:01:42.649951Z,4743,246.6,2844,OK,OK,OK
2026-07-30T15:01:48.137502Z,4746,246.7,2844,OK,OK,OK
2026-07-30T15:01:53.631137Z,4713,246.7,2844,OK,OK,OK
2026-07-30T15:01:59.128712Z,4617,246.7,2844,OK,OK,OK
2026-07-30T15:02:04.624107Z,4614,246.5,2844,OK,OK,OK
2026-07-30T15:02:10.108603Z,4616,246.6,2844,OK,OK,OK
2026-07-30T15:02:15.605252Z,4604,246.6,2844,OK,OK,OK
2026-07-30T15:02:21.076775Z,4621,246.6,2844,OK,OK,OK
2026-07-30T15:02:26.524751Z,4622,246.7,2844,OK,OK,OK
2026-07-30T15:02:32.006949Z,4630,246.9,2844,OK,OK,OK
2026-07-30T15:02:37.509946Z,4619,246.9,2844,OK,OK,OK
2026-07-30T15:02:42.975075Z,4632,246.9,2844,OK,OK,OK
2026-07-30T15:02:48.505968Z,4621,246.9,2844,OK,OK,OK
2026-07-30T15:02:53.950114Z,4628,246.7,2844,OK,OK,OK
2026-07-30T15:02:59.416064Z,6031,246.1,2844,OK,OK,OK
2026-07-30T15:03:04.883585Z,3151,247.3,2844,OK,OK,OK
2026-07-30T15:03:10.334748Z,3162,247.2,2844,OK,OK,OK
2026-07-30T15:03:15.800071Z,3164,247.2,2844,OK,OK,OK
2026-07-30T15:03:21.310766Z,3158,247.0,2844,OK,OK,OK
2026-07-30T15:03:26.794551Z,3154,247.1,2844,OK,OK,OK
2026-07-30T15:03:32.306721Z,3297,247.0,2844,OK,OK,OK
2026-07-30T15:03:37.787035Z,3158,247.1,2844,OK,OK,OK
2026-07-30T15:03:43.246798Z,3164,247.0,2844,OK,OK,OK
2026-07-30T15:03:48.726860Z,3161,247.0,2844,OK,OK,OK
2026-07-30T15:03:54.177897Z,3161,246.9,2844,OK,OK,OK
2026-07-30T15:03:59.685697Z,3148,246.8,2844,OK,OK,OK
2026-07-30T15:04:05.155970Z,3152,246.7,2844,OK,OK,OK
2026-07-30T15:04:10.638535Z,3162,246.7,2844,OK,OK,OK
2026-07-30T15:04:16.119750Z,3142,246.6,2844,OK,OK,OK
2026-07-30T15:04:21.637509Z,3152,246.6,2844,OK,OK,OK
2026-07-30T15:04:27.137158Z,3200,246.6,2844,OK,OK,OK
2026-07-30T15:04:32.625540Z,3158,246.5,2844,OK,OK,OK
2026-07-30T15:04:38.148716Z,3164,246.6,2844,OK,OK,OK
2026-07-30T15:04:43.635941Z,3294,246.4,2844,OK,OK,OK
2026-07-30T15:04:49.059384Z,3293,246.5,2844,OK,OK,OK
2026-07-30T15:04:54.567353Z,3287,246.4,4642,OK,OK,OK
2026-07-30T15:05:00.037425Z,3256,246.4,4642,OK,OK,OK
2026-07-30T15:05:05.482625Z,3260,246.5,4642,OK,OK,OK
2026-07-30T15:05:10.941503Z,3277,246.5,4642,OK,OK,OK
2026-07-30T15:05:16.406933Z,3262,246.4,4642,OK,OK,OK
2026-07-30T15:05:21.889875Z,3162,246.4,4642,OK,OK,OK
2026-07-30T15:05:27.388473Z,3154,246.4,4642,OK,OK,OK
2026-07-30T15:05:32.869075Z,3150,246.4,4642,OK,OK,OK
2026-07-30T15:05:38.390260Z,3160,246.4,4642,OK,OK,OK
2026-07-30T15:05:43.894884Z,3239,246.4,4642,OK,OK,OK
2026-07-30T15:05:49.349231Z,3176,246.4,4642,OK,OK,OK
2026-07-30T15:05:54.838175Z,3190,246.4,4642,OK,OK,OK
2026-07-30T15:06:00.318918Z,3296,246.4,4642,OK,OK,OK
2026-07-30T15:06:05.777770Z,3561,246.2,4642,OK,OK,OK
2026-07-30T15:06:11.228989Z,3289,246.3,4642,OK,OK,OK
2026-07-30T15:06:16.696481Z,3308,246.3,4642,OK,OK,OK
2026-07-30T15:06:22.190610Z,3294,246.4,4642,OK,OK,OK
2026-07-30T15:06:27.647802Z,3298,246.3,4642,OK,OK,OK
2026-07-30T15:06:33.116129Z,3303,246.3,4642,OK,OK,OK
2026-07-30T15:06:38.576276Z,3300,246.3,4642,OK,OK,OK
2026-07-30T15:06:44.047052Z,3281,246.4,4642,OK,OK,OK
2026-07-30T15:06:49.520108Z,3301,246.4,4642,OK,OK,OK
2026-07-30T15:06:55.017700Z,3288,246.4,4642,OK,OK,OK
2026-07-30T15:07:00.511362Z,3448,246.4,4642,OK,OK,OK
2026-07-30T15:07:05.969147Z,3415,246.4,4642,OK,OK,OK
2026-07-30T15:07:11.455341Z,3397,246.4,4642,OK,OK,OK
2026-07-30T15:07:16.951486Z,3477,246.4,4642,OK,OK,OK
2026-07-30T15:07:22.422186Z,3514,246.3,4642,OK,OK,OK
2026-07-30T15:07:27.887337Z,3528,246.3,4642,OK,OK,OK
2026-07-30T15:07:33.392512Z,3560,246.4,4642,OK,OK,OK
2026-07-30T15:07:38.871209Z,3564,246.4,4642,OK,OK,OK
2026-07-30T15:07:44.331130Z,3566,246.4,4642,OK,OK,OK
2026-07-30T15:07:49.824142Z,3593,246.3,4642,OK,OK,OK
2026-07-30T15:07:55.279623Z,3698,246.3,4642,OK,OK,OK
2026-07-30T15:08:00.799261Z,3596,246.4,4642,OK,OK,OK
2026-07-30T15:08:06.258696Z,3602,246.2,4642,OK,OK,OK
2026-07-30T15:08:11.732302Z,3689,246.2,4642,OK,OK,OK
2026-07-30T15:08:17.247098Z,4225,245.8,4642,OK,OK,OK
2026-07-30T15:08:22.748772Z,5148,245.6,4642,OK,OK,OK
2026-07-30T15:08:28.241033Z,5122,245.7,4642,OK,OK,OK
2026-07-30T15:08:33.688585Z,5107,245.6,4642,OK,OK,OK
2026-07-30T15:08:39.137810Z,5127,245.6,4642,OK,OK,OK
2026-07-30T15:08:44.601453Z,5197,245.6,4642,OK,OK,OK
2026-07-30T15:08:50.051072Z,5138,245.6,4642,OK,OK,OK
2026-07-30T15:08:55.533808Z,5101,245.6,4642,OK,OK,OK
2026-07-30T15:09:01.048822Z,5067,245.8,4642,OK,OK,OK
2026-07-30T15:09:06.583688Z,5075,245.8,4642,OK,OK,OK
2026-07-30T15:09:12.078877Z,5064,245.6,4642,OK,OK,OK
2026-07-30T15:09:17.576264Z,5045,245.7,4642,OK,OK,OK
2026-07-30T15:09:23.094288Z,5045,245.6,4642,OK,OK,OK
2026-07-30T15:09:28.570868Z,5044,245.6,4642,OK,OK,OK
2026-07-30T15:09:34.069307Z,5087,245.6,4642,OK,OK,OK
2026-07-30T15:09:39.572505Z,5034,245.6,4642,OK,OK,OK
2026-07-30T15:09:45.049874Z,5030,245.6,4642,OK,OK,OK
2026-07-30T15:09:50.554416Z,5041,245.6,4642,OK,OK,OK
2026-07-30T15:09:56.081765Z,5039,245.5,4642,OK,OK,OK
2026-07-30T15:10:01.585561Z,5052,245.6,4642,OK,OK,OK
2026-07-30T15:10:07.061107Z,5048,245.6,4642,OK,OK,OK
2026-07-30T15:10:12.561157Z,5054,245.7,4642,OK,OK,OK
2026-07-30T15:10:18.037788Z,5085,245.7,4642,OK,OK,OK
2026-07-30T15:10:23.516798Z,3440,246.4,4642,OK,OK,OK
2026-07-30T15:10:28.982879Z,3425,246.3,4642,OK,OK,OK
2026-07-30T15:10:34.421182Z,3438,246.4,4642,OK,OK,OK
2026-07-30T15:10:39.903244Z,3441,246.4,4642,OK,OK,OK
2026-07-30T15:10:45.400859Z,3423,246.5,4642,OK,OK,OK
2026-07-30T15:10:50.903430Z,3429,246.5,4642,OK,OK,OK
2026-07-30T15:10:56.382024Z,3444,246.5,4642,OK,OK,OK
2026-07-30T15:11:01.851631Z,5096,245.8,4642,OK,OK,OK
2026-07-30T15:11:07.373124Z,5107,245.7,4642,OK,OK,OK
2026-07-30T15:11:12.866540Z,5166,245.8,4642,OK,OK,OK
2026-07-30T15:11:18.374119Z,3488,246.5,4642,OK,OK,OK
2026-07-30T15:11:23.879907Z,3496,246.5,4642,OK,OK,OK
2026-07-30T15:11:29.361618Z,3498,246.5,4642,OK,OK,OK
2026-07-30T15:11:34.852840Z,3486,246.7,4642,OK,OK,OK
2026-07-30T15:11:40.357323Z,3507,246.7,4642,OK,OK,OK
2026-07-30T15:11:45.876328Z,5129,246.2,4642,OK,OK,OK
2026-07-30T15:11:51.354918Z,5137,246.3,4642,OK,OK,OK
2026-07-30T15:11:56.856778Z,5193,246.2,4642,OK,OK,OK
2026-07-30T15:12:02.351230Z,5161,246.3,4642,OK,OK,OK
2026-07-30T15:12:07.829696Z,3512,247.0,4642,OK,OK,OK
2026-07-30T15:12:13.280634Z,3520,246.9,4642,OK,OK,OK
2026-07-30T15:12:18.728367Z,3511,247.0,4642,OK,OK,OK
2026-07-30T15:12:24.210634Z,3509,247.1,4642,OK,OK,OK
2026-07-30T15:12:29.692656Z,3534,247.2,4642,OK,OK,OK
2026-07-30T15:12:35.164609Z,3499,247.3,4642,OK,OK,OK
2026-07-30T15:12:40.649427Z,5147,246.7,4642,OK,OK,OK
2026-07-30T15:12:46.125012Z,5153,246.7,4642,OK,OK,OK
2026-07-30T15:12:51.649550Z,5155,246.7,4642,OK,OK,OK
2026-07-30T15:12:57.179640Z,3501,247.6,4642,OK,OK,OK
2026-07-30T15:13:02.686076Z,3521,247.8,4642,OK,OK,OK
2026-07-30T15:13:08.207929Z,3504,247.7,4642,OK,OK,OK
2026-07-30T15:13:13.678044Z,3519,247.8,4642,OK,OK,OK
2026-07-30T15:13:19.174881Z,3496,247.9,4642,OK,OK,OK
2026-07-30T15:13:24.644068Z,5170,247.2,4642,OK,OK,OK
2026-07-30T15:13:30.112429Z,5167,247.3,4642,OK,OK,OK
2026-07-30T15:13:35.609375Z,5163,247.2,4642,OK,OK,OK
2026-07-30T15:13:41.144270Z,3504,247.9,4642,OK,OK,OK
2026-07-30T15:13:46.639559Z,4944,247.3,4642,OK,OK,OK
2026-07-30T15:13:52.111005Z,3906,247.7,4642,OK,OK,OK
2026-07-30T15:13:57.607702Z,3640,247.7,4642,OK,OK,OK
2026-07-30T15:14:03.110481Z,3659,247.6,4642,OK,OK,OK
2026-07-30T15:14:08.617174Z,5286,246.9,4642,OK,OK,OK
2026-07-30T15:14:14.045983Z,5546,246.8,4642,OK,OK,OK
2026-07-30T15:14:19.542338Z,5506,246.6,4642,OK,OK,OK
2026-07-30T15:14:25.042549Z,5282,246.8,4642,OK,OK,OK
2026-07-30T15:14:30.583512Z,3512,247.5,4642,OK,OK,OK
2026-07-30T15:14:36.057971Z,3506,247.6,4642,OK,OK,OK
2026-07-30T15:14:41.549696Z,3522,247.6,4642,OK,OK,OK
2026-07-30T15:14:47.028435Z,3518,247.5,4642,OK,OK,OK
2026-07-30T15:14:52.514057Z,3513,247.4,4642,OK,OK,OK
2026-07-30T15:14:58.011763Z,5151,246.7,4642,OK,OK,OK
2026-07-30T15:15:03.498877Z,5171,246.9,4642,OK,OK,OK
2026-07-30T15:15:08.965060Z,5149,246.7,4642,OK,OK,OK
2026-07-30T15:15:14.414765Z,3495,247.4,4642,OK,OK,OK
2026-07-30T15:15:19.908306Z,3489,247.4,4642,OK,OK,OK
2026-07-30T15:15:25.346151Z,3498,247.4,4642,OK,OK,OK
2026-07-30T15:15:30.851866Z,3493,247.2,4642,OK,OK,OK
2026-07-30T15:15:36.278962Z,3507,247.2,4642,OK,OK,OK
2026-07-30T15:15:41.799700Z,3474,247.0,4642,OK,OK,OK
2026-07-30T15:15:47.276012Z,5160,246.5,4642,OK,OK,OK
2026-07-30T15:15:52.762646Z,5185,246.4,4642,OK,OK,OK
2026-07-30T15:15:58.244642Z,5173,246.5,4642,OK,OK,OK
2026-07-30T15:16:03.763691Z,3513,247.2,4642,OK,OK,OK
2026-07-30T15:16:09.240285Z,3387,247.2,4642,OK,OK,OK
2026-07-30T15:16:14.714534Z,3409,247.1,4642,OK,OK,OK
2026-07-30T15:16:20.184427Z,3410,247.0,4642,OK,OK,OK
2026-07-30T15:16:25.689006Z,3391,247.0,4642,OK,OK,OK
2026-07-30T15:16:31.203830Z,3387,247.1,4642,OK,OK,OK
2026-07-30T15:16:36.651196Z,5039,246.4,4642,OK,OK,OK
2026-07-30T15:16:42.149443Z,5050,246.4,4642,OK,OK,OK
2026-07-30T15:16:47.646437Z,5047,246.4,4642,OK,OK,OK
2026-07-30T15:16:53.121072Z,3362,247.2,4642,OK,OK,OK
2026-07-30T15:16:58.577378Z,3497,247.1,4642,OK,OK,OK
2026-07-30T15:17:04.080372Z,3497,247.0,4642,OK,OK,OK
2026-07-30T15:17:09.541422Z,3512,247.1,4642,OK,OK,OK
2026-07-30T15:17:15.043500Z,3461,247.1,4642,OK,OK,OK
2026-07-30T15:17:20.553018Z,3474,247.1,4642,OK,OK,OK
2026-07-30T15:17:26.038631Z,3467,247.0,4642,OK,OK,OK
2026-07-30T15:17:31.512074Z,3474,247.1,4642,OK,OK,OK
2026-07-30T15:17:37.006777Z,3460,247.1,4642,OK,OK,OK
2026-07-30T15:17:42.507745Z,3350,247.0,4642,OK,OK,OK
2026-07-30T15:17:48.021392Z,3379,246.8,4642,OK,OK,OK
2026-07-30T15:17:53.480021Z,3338,246.9,4642,OK,OK,OK
2026-07-30T15:17:58.944189Z,3337,247.0,4642,OK,OK,OK
2026-07-30T15:18:04.429438Z,3315,246.9,4642,OK,OK,OK
2026-07-30T15:18:09.944930Z,3327,246.8,4642,OK,OK,OK
2026-07-30T15:18:15.431688Z,3349,246.9,4642,OK,OK,OK
2026-07-30T15:18:20.887980Z,3318,247.0,4642,OK,OK,OK
2026-07-30T15:18:26.339917Z,3332,246.9,4642,OK,OK,OK
2026-07-30T15:18:31.790471Z,3347,246.8,4642,OK,OK,OK
2026-07-30T15:18:37.272592Z,3322,246.9,4642,OK,OK,OK
2026-07-30T15:18:42.773405Z,3383,247.0,4642,OK,OK,OK
2026-07-30T15:18:48.290385Z,3330,247.1,4642,OK,OK,OK
2026-07-30T15:18:53.791275Z,3320,247.1,4642,OK,OK,OK
2026-07-30T15:18:59.293592Z,3310,247.1,4642,OK,OK,OK
2026-07-30T15:19:04.767561Z,3321,247.1,4642,OK,OK,OK
2026-07-30T15:19:10.223061Z,3323,247.2,4642,OK,OK,OK
2026-07-30T15:19:15.696630Z,3321,247.2,4642,OK,OK,OK
2026-07-30T15:19:21.193270Z,3318,247.1,4642,OK,OK,OK
2026-07-30T15:19:26.662007Z,3404,247.0,4642,OK,OK,OK
2026-07-30T15:19:32.134115Z,3409,247.0,4642,OK,OK,OK
2026-07-30T15:19:37.638280Z,3338,247.1,4642,OK,OK,OK
2026-07-30T15:19:43.073526Z,3290,247.0,4642,OK,OK,OK
2026-07-30T15:19:48.576129Z,3323,247.1,4642,OK,OK,OK
2026-07-30T15:19:54.023396Z,3312,247.1,4642,OK,OK,OK
2026-07-30T15:19:59.530681Z,3322,247.1,4642,OK,OK,OK
2026-07-30T15:20:05.004200Z,3319,247.1,5899,OK,OK,OK
2026-07-30T15:20:10.489779Z,3324,247.3,5899,OK,OK,OK
2026-07-30T15:20:15.954949Z,3329,247.3,5899,OK,OK,OK
2026-07-30T15:20:21.426829Z,3459,247.2,5899,OK,OK,OK
2026-07-30T15:20:26.886084Z,3359,247.3,5899,OK,OK,OK
2026-07-30T15:20:32.376935Z,3325,247.3,5899,OK,OK,OK
2026-07-30T15:20:37.903344Z,3302,247.3,5899,OK,OK,OK
2026-07-30T15:20:43.417744Z,3319,247.2,5899,OK,OK,OK
2026-07-30T15:20:48.932160Z,3302,247.2,5899,OK,OK,OK
2026-07-30T15:20:54.426441Z,3306,247.1,5899,OK,OK,OK
2026-07-30T15:20:59.910316Z,3306,247.1,5899,OK,OK,OK
2026-07-30T15:21:05.410807Z,3301,247.1,5899,OK,OK,OK
2026-07-30T15:21:10.872991Z,3312,247.1,5899,OK,OK,OK
2026-07-30T15:21:16.321523Z,3338,247.1,5899,OK,OK,OK
2026-07-30T15:21:21.800927Z,3332,247.1,5899,OK,OK,OK
2026-07-30T15:21:27.252656Z,3330,247.1,5899,OK,OK,OK
2026-07-30T15:21:32.741986Z,3335,247.0,5899,OK,OK,OK
2026-07-30T15:21:38.214722Z,3331,247.1,5899,OK,OK,OK
2026-07-30T15:21:43.683161Z,3337,247.1,5899,OK,OK,OK
2026-07-30T15:21:49.182413Z,3337,247.2,5899,OK,OK,OK
2026-07-30T15:21:54.650770Z,3355,246.9,5899,OK,OK,OK
2026-07-30T15:22:00.117046Z,3346,247.1,5899,OK,OK,OK
2026-07-30T15:22:05.590354Z,3356,247.2,5899,OK,OK,OK
2026-07-30T15:22:11.098728Z,3339,247.2,5899,OK,OK,OK
2026-07-30T15:22:16.527603Z,3354,247.2,5899,OK,OK,OK
2026-07-30T15:22:22.036905Z,3334,247.2,5899,OK,OK,OK
2026-07-30T15:22:27.524128Z,3364,247.2,5899,OK,OK,OK
2026-07-30T15:22:33.058948Z,3329,247.3,5899,OK,OK,OK
2026-07-30T15:22:38.520710Z,3367,247.2,5899,OK,OK,OK
2026-07-30T15:22:44.039487Z,3364,247.3,5899,OK,OK,OK
2026-07-30T15:22:49.499756Z,3338,247.4,5899,OK,OK,OK
2026-07-30T15:22:55.022029Z,3376,247.6,5899,OK,OK,OK
2026-07-30T15:23:00.511137Z,3370,247.7,5899,OK,OK,OK
2026-07-30T15:23:05.990926Z,3368,248.5,5899,OK,OK,OK
2026-07-30T15:23:11.484971Z,3374,249.3,5899,OK,OK,OK
2026-07-30T15:23:17.039325Z,3385,249.9,5899,OK,OK,OK
2026-07-30T15:23:22.518907Z,3381,250.2,5899,OK,OK,OK
2026-07-30T15:23:28.005148Z,3392,250.6,5899,OK,OK,OK
2026-07-30T15:23:33.508005Z,3402,250.6,5899,OK,OK,OK
2026-07-30T15:23:38.983992Z,3403,250.6,5899,OK,OK,OK
2026-07-30T15:23:44.488600Z,3374,250.5,5899,OK,OK,OK
2026-07-30T15:23:49.972625Z,3382,249.5,5899,OK,OK,OK
2026-07-30T15:23:55.490643Z,3388,250.6,5899,OK,OK,OK
2026-07-30T15:24:00.959873Z,3382,250.6,5899,OK,OK,OK
2026-07-30T15:24:06.466660Z,3391,249.9,5899,OK,OK,OK
2026-07-30T15:24:11.940742Z,3480,248.7,5899,OK,OK,OK
2026-07-30T15:24:17.417685Z,3470,248.3,5899,OK,OK,OK
2026-07-30T15:24:22.927892Z,3445,248.1,5899,OK,OK,OK
2026-07-30T15:24:28.415852Z,3447,248.1,5899,OK,OK,OK
2026-07-30T15:24:33.898486Z,3461,248.1,5899,OK,OK,OK
2026-07-30T15:24:39.368736Z,3455,248.1,5899,OK,OK,OK
2026-07-30T15:24:44.848119Z,3446,248.1,5899,OK,OK,OK
2026-07-30T15:24:50.323633Z,3459,248.2,5899,OK,OK,OK
2026-07-30T15:24:55.818310Z,3462,248.1,5899,OK,OK,OK
2026-07-30T15:25:01.281071Z,3451,248.1,5899,OK,OK,OK
2026-07-30T15:25:06.781734Z,3458,248.3,5899,OK,OK,OK
2026-07-30T15:25:12.280122Z,3454,248.3,5899,OK,OK,OK
2026-07-30T15:25:17.778995Z,3461,249.0,5899,OK,OK,OK
2026-07-30T15:25:23.225003Z,3466,248.7,5899,OK,OK,OK
2026-07-30T15:25:28.691653Z,3349,248.6,5899,OK,OK,OK
2026-07-30T15:25:34.201234Z,3332,248.1,5899,OK,OK,OK
2026-07-30T15:25:39.676344Z,3354,248.1,5899,OK,OK,OK
2026-07-30T15:25:45.153549Z,3336,247.9,5899,OK,OK,OK
2026-07-30T15:25:50.662263Z,3333,247.9,5899,OK,OK,OK
2026-07-30T15:25:56.142535Z,3363,247.6,5899,OK,OK,OK
2026-07-30T15:26:01.600605Z,4763,246.9,5899,OK,OK,OK
2026-07-30T15:26:07.147269Z,4815,246.9,5899,OK,OK,OK
2026-07-30T15:26:12.627638Z,4842,246.9,5899,OK,OK,OK
2026-07-30T15:26:18.210540Z,4832,246.7,5899,OK,OK,OK
2026-07-30T15:26:23.706816Z,4822,246.8,5899,OK,OK,OK
2026-07-30T15:26:29.168881Z,4820,246.7,5899,OK,OK,OK
2026-07-30T15:26:34.679726Z,4829,246.7,5899,OK,OK,OK
2026-07-30T15:26:40.188185Z,4847,246.5,5899,OK,OK,OK
2026-07-30T15:26:45.663628Z,4910,246.4,5899,OK,OK,OK
2026-07-30T15:26:51.172516Z,4869,246.3,5899,OK,OK,OK
2026-07-30T15:26:56.651468Z,4832,246.4,5899,OK,OK,OK
2026-07-30T15:27:02.115161Z,4766,246.4,5899,OK,OK,OK
2026-07-30T15:27:07.616081Z,4714,246.3,5899,OK,OK,OK
2026-07-30T15:27:13.115064Z,4750,246.3,5899,OK,OK,OK
2026-07-30T15:27:18.564418Z,4787,246.0,5899,OK,OK,OK
2026-07-30T15:27:24.007158Z,4737,246.1,5899,OK,OK,OK
2026-07-30T15:27:29.489346Z,4742,246.1,5899,OK,OK,OK
2026-07-30T15:27:34.970778Z,4735,246.1,5899,OK,OK,OK
2026-07-30T15:27:40.463760Z,4733,246.2,5899,OK,OK,OK
2026-07-30T15:27:45.964159Z,4735,246.2,5899,OK,OK,OK
2026-07-30T15:27:51.449402Z,4747,246.3,5899,OK,OK,OK
2026-07-30T15:27:56.955331Z,4763,246.1,5899,OK,OK,OK
2026-07-30T15:28:02.434509Z,4748,246.3,5899,OK,OK,OK
2026-07-30T15:28:07.923712Z,4744,246.3,5899,OK,OK,OK
2026-07-30T15:28:13.407131Z,4760,246.8,5899,OK,OK,OK
2026-07-30T15:28:18.907808Z,4738,246.9,5899,OK,OK,OK
2026-07-30T15:28:24.358914Z,4749,246.8,5899,OK,OK,OK
2026-07-30T15:28:29.861897Z,4737,246.7,5899,OK,OK,OK
2026-07-30T15:28:35.341013Z,4732,246.6,5899,OK,OK,OK
2026-07-30T15:28:40.845081Z,4712,246.7,5899,OK,OK,OK
2026-07-30T15:28:46.344147Z,4736,246.6,5899,OK,OK,OK
2026-07-30T15:28:51.825981Z,4770,246.6,5899,OK,OK,OK
2026-07-30T15:28:57.295893Z,4718,246.4,5899,OK,OK,OK
2026-07-30T15:29:02.779944Z,4702,246.5,5899,OK,OK,OK
2026-07-30T15:29:08.261873Z,4728,246.4,5899,OK,OK,OK
2026-07-30T15:29:13.732089Z,4723,246.6,5899,OK,OK,OK
2026-07-30T15:29:19.224993Z,4699,246.5,5899,OK,OK,OK
2026-07-30T15:29:24.703212Z,4728,246.5,5899,OK,OK,OK
2026-07-30T15:29:30.190117Z,4718,246.5,5899,OK,OK,OK
2026-07-30T15:29:35.685971Z,4608,246.5,5899,OK,OK,OK
2026-07-30T15:29:41.196989Z,4748,246.4,5899,OK,OK,OK
2026-07-30T15:29:46.689595Z,4744,246.4,5899,OK,OK,OK
2026-07-30T15:29:52.204975Z,4739,246.3,5899,OK,OK,OK
2026-07-30T15:29:57.713218Z,4737,246.3,5899,OK,OK,OK
2026-07-30T15:30:03.216526Z,4713,246.4,5899,OK,OK,OK
2026-07-30T15:30:08.683895Z,4706,246.3,5899,OK,OK,OK
2026-07-30T15:30:14.188858Z,4720,246.3,5899,OK,OK,OK
2026-07-30T15:30:19.693162Z,4681,246.3,5899,OK,OK,OK
2026-07-30T15:30:25.138502Z,4704,246.3,5899,OK,OK,OK
2026-07-30T15:30:30.663694Z,4736,246.4,5899,OK,OK,OK
2026-07-30T15:30:36.127799Z,4713,246.4,5899,OK,OK,OK
2026-07-30T15:30:41.624887Z,4726,246.5,5899,OK,OK,OK
2026-07-30T15:30:47.086640Z,4715,246.5,5899,OK,OK,OK
2026-07-30T15:30:52.633402Z,4733,246.6,5899,OK,OK,OK
2026-07-30T15:30:58.137426Z,4718,246.6,5899,OK,OK,OK
2026-07-30T15:31:03.644846Z,4710,246.6,5899,OK,OK,OK
2026-07-30T15:31:09.135208Z,4749,246.6,5899,OK,OK,OK
2026-07-30T15:31:14.621285Z,4722,246.7,5899,OK,OK,OK
2026-07-30T15:31:20.096558Z,4714,246.9,5899,OK,OK,OK
2026-07-30T15:31:25.556615Z,4714,246.9,5899,OK,OK,OK
2026-07-30T15:31:31.051592Z,4737,246.9,5899,OK,OK,OK
2026-07-30T15:31:36.591744Z,4718,247.0,5899,OK,OK,OK
2026-07-30T15:31:42.079638Z,4720,247.0,5899,OK,OK,OK
2026-07-30T15:31:47.554070Z,4732,247.2,5899,OK,OK,OK
2026-07-30T15:31:53.067079Z,4760,247.2,5899,OK,OK,OK
2026-07-30T15:31:58.542316Z,4724,247.2,5899,OK,OK,OK
2026-07-30T15:32:04.033363Z,4727,247.1,5899,OK,OK,OK
2026-07-30T15:32:09.459804Z,4730,247.0,5899,OK,OK,OK
2026-07-30T15:32:14.959738Z,4598,247.1,5899,OK,OK,OK
2026-07-30T15:32:20.454359Z,4648,246.9,5899,OK,OK,OK
2026-07-30T15:32:25.926116Z,4582,246.8,5899,OK,OK,OK
2026-07-30T15:32:31.434854Z,4600,246.9,5899,OK,OK,OK
2026-07-30T15:32:36.918567Z,4580,246.7,5899,OK,OK,OK
2026-07-30T15:32:42.414937Z,4570,246.6,5899,OK,OK,OK
2026-07-30T15:32:47.886095Z,4578,246.5,5899,OK,OK,OK
2026-07-30T15:32:53.366040Z,4592,246.6,5899,OK,OK,OK
2026-07-30T15:32:58.830241Z,4592,246.6,5899,OK,OK,OK
2026-07-30T15:33:04.319562Z,3097,247.2,5899,OK,OK,OK
2026-07-30T15:33:09.766530Z,3095,247.2,5899,OK,OK,OK
2026-07-30T15:33:15.230996Z,3085,246.9,5899,OK,OK,OK
2026-07-30T15:33:20.678535Z,3093,246.7,5899,OK,OK,OK
2026-07-30T15:33:26.142162Z,3062,246.9,5899,OK,OK,OK
2026-07-30T15:33:31.642113Z,3079,246.8,5899,OK,OK,OK
2026-07-30T15:33:37.144756Z,3084,246.8,5899,OK,OK,OK
2026-07-30T15:33:42.635082Z,3079,246.4,5899,OK,OK,OK
2026-07-30T15:33:48.089735Z,3134,246.5,5899,OK,OK,OK
2026-07-30T15:33:53.592488Z,3130,246.5,5899,OK,OK,OK
2026-07-30T15:33:59.021106Z,3109,246.5,5899,OK,OK,OK
2026-07-30T15:34:04.529757Z,3084,246.5,5899,OK,OK,OK
2026-07-30T15:34:10.008051Z,3103,246.5,5899,OK,OK,OK
2026-07-30T15:34:15.486037Z,3085,246.5,5899,OK,OK,OK
2026-07-30T15:34:21.012284Z,3079,246.5,5899,OK,OK,OK
2026-07-30T15:34:26.509568Z,3083,246.5,5899,OK,OK,OK
2026-07-30T15:34:32.019796Z,3084,246.3,5899,OK,OK,OK
2026-07-30T15:34:37.535709Z,3087,246.3,5899,OK,OK,OK
2026-07-30T15:34:43.035383Z,3077,246.3,5899,OK,OK,OK
2026-07-30T15:34:48.528736Z,3092,246.4,5899,OK,OK,OK
2026-07-30T15:34:54.050904Z,3112,246.4,5899,OK,OK,OK
2026-07-30T15:34:59.578279Z,3135,246.4,5899,OK,OK,OK
2026-07-30T15:35:05.110303Z,3112,246.5,5899,OK,OK,OK
2026-07-30T15:35:10.606340Z,3100,246.4,5899,OK,OK,OK
2026-07-30T15:35:16.104414Z,3103,246.5,2394,OK,OK,OK
2026-07-30T15:35:21.630558Z,3092,246.5,2394,OK,OK,OK
2026-07-30T15:35:27.108251Z,3071,246.5,2394,OK,OK,OK
2026-07-30T15:35:32.630470Z,3077,246.3,2394,OK,OK,OK
2026-07-30T15:35:38.124570Z,3067,246.4,2394,OK,OK,OK
2026-07-30T15:35:43.630739Z,3078,246.4,2394,OK,OK,OK
2026-07-30T15:35:49.113811Z,3084,246.4,2394,OK,OK,OK
2026-07-30T15:35:54.660288Z,3074,246.3,2394,OK,OK,OK
2026-07-30T15:36:00.123874Z,3063,246.1,2394,OK,OK,OK
2026-07-30T15:36:05.611836Z,3063,246.4,2394,OK,OK,OK
2026-07-30T15:36:11.056498Z,3068,246.2,2394,OK,OK,OK
2026-07-30T15:36:16.595616Z,3098,246.1,2394,OK,OK,OK
2026-07-30T15:36:22.093872Z,3058,246.1,2394,OK,OK,OK
2026-07-30T15:36:27.566334Z,3071,246.3,2394,OK,OK,OK
2026-07-30T15:36:33.070294Z,3074,246.4,2394,OK,OK,OK
2026-07-30T15:36:38.602460Z,3068,246.4,2394,OK,OK,OK
2026-07-30T15:36:44.090213Z,3066,246.4,2394,OK,OK,OK
2026-07-30T15:36:49.552025Z,3134,246.4,2394,OK,OK,OK
2026-07-30T15:36:54.996890Z,3085,246.3,2394,OK,OK,OK
2026-07-30T15:37:00.443257Z,3102,246.4,2394,OK,OK,OK
2026-07-30T15:37:05.910456Z,3097,246.4,2394,OK,OK,OK
2026-07-30T15:37:11.342092Z,3097,246.3,2394,OK,OK,OK
2026-07-30T15:37:16.879677Z,3095,246.5,2394,OK,OK,OK
2026-07-30T15:37:22.355206Z,3137,246.4,2394,OK,OK,OK
2026-07-30T15:37:27.874687Z,3177,246.5,2394,OK,OK,OK
2026-07-30T15:37:33.350577Z,3196,246.4,2394,OK,OK,OK
2026-07-30T15:37:38.853327Z,3262,246.4,2394,OK,OK,OK
2026-07-30T15:37:44.362351Z,3291,246.2,2394,OK,OK,OK
2026-07-30T15:37:49.842138Z,3318,246.3,2394,OK,OK,OK
2026-07-30T15:37:55.317574Z,3349,246.4,2394,OK,OK,OK
2026-07-30T15:38:00.796782Z,3360,246.3,2394,OK,OK,OK
2026-07-30T15:38:06.290708Z,3380,246.4,2394,OK,OK,OK
2026-07-30T15:38:11.757104Z,3381,246.4,2394,OK,OK,OK
2026-07-30T15:38:17.279688Z,3380,246.3,2394,OK,OK,OK
2026-07-30T15:38:22.765264Z,3409,246.2,2394,OK,OK,OK
2026-07-30T15:38:28.306303Z,3403,246.3,2394,OK,OK,OK
2026-07-30T15:38:33.804285Z,3398,246.4,2394,OK,OK,OK
2026-07-30T15:38:39.285497Z,3328,246.5,2394,OK,OK,OK
2026-07-30T15:38:44.788940Z,3291,246.5,2394,OK,OK,OK
2026-07-30T15:38:50.245813Z,3291,246.5,2394,OK,OK,OK
2026-07-30T15:38:55.665242Z,3247,246.4,2394,OK,OK,OK
2026-07-30T15:39:01.149833Z,3287,246.3,2394,OK,OK,OK
2026-07-30T15:39:06.645192Z,3279,246.3,2394,OK,OK,OK
2026-07-30T15:39:12.170574Z,3202,246.4,2394,OK,OK,OK
2026-07-30T15:39:17.658194Z,3211,246.4,2394,OK,OK,OK
2026-07-30T15:39:23.176555Z,3211,246.3,2394,OK,OK,OK
2026-07-30T15:39:28.684708Z,3197,246.4,2394,OK,OK,OK
2026-07-30T15:39:34.138373Z,3193,246.4,2394,OK,OK,OK
2026-07-30T15:39:39.643625Z,3196,246.4,2394,OK,OK,OK
2026-07-30T15:39:45.115619Z,3190,246.3,2394,OK,OK,OK
2026-07-30T15:39:50.625105Z,3196,246.4,2394,OK,OK,OK
2026-07-30T15:39:56.102843Z,3193,246.3,2394,OK,OK,OK
2026-07-30T15:40:01.606684Z,3183,246.3,2394,OK,OK,OK
2026-07-30T15:40:07.093558Z,3185,246.3,2394,OK,OK,OK
2026-07-30T15:40:12.560510Z,3196,246.5,2394,OK,OK,OK
2026-07-30T15:40:18.025914Z,3187,246.4,2394,OK,OK,OK
2026-07-30T15:40:23.533772Z,3188,246.3,2394,OK,OK,OK
2026-07-30T15:40:28.975393Z,3185,246.3,2394,OK,OK,OK
2026-07-30T15:40:34.442552Z,3184,246.2,2394,OK,OK,OK
2026-07-30T15:40:39.907997Z,3177,246.4,2394,OK,OK,OK
2026-07-30T15:40:45.404073Z,3194,246.3,2394,OK,OK,OK
2026-07-30T15:40:50.909067Z,3211,246.4,2394,OK,OK,OK
2026-07-30T15:40:56.384970Z,3219,246.4,2394,OK,OK,OK
2026-07-30T15:41:01.911546Z,3209,246.4,2394,OK,OK,OK
2026-07-30T15:41:07.427218Z,3202,246.4,2394,OK,OK,OK
2026-07-30T15:41:12.967489Z,3246,246.4,2394,OK,OK,OK
2026-07-30T15:41:18.465745Z,3224,246.6,2394,OK,OK,OK
2026-07-30T15:41:23.941890Z,3215,246.6,2394,OK,OK,OK
2026-07-30T15:41:29.462834Z,3199,246.6,2394,OK,OK,OK
2026-07-30T15:41:34.955865Z,3088,246.8,2394,OK,OK,OK
2026-07-30T15:41:40.436039Z,3088,246.7,2394,OK,OK,OK
2026-07-30T15:41:45.958184Z,3078,246.7,2394,OK,OK,OK
2026-07-30T15:41:51.460219Z,3065,246.7,2394,OK,OK,OK
2026-07-30T15:41:56.975598Z,3070,246.6,2394,OK,OK,OK
2026-07-30T15:42:02.445686Z,3087,246.5,2394,OK,OK,OK
2026-07-30T15:42:07.915392Z,3085,246.5,2394,OK,OK,OK
2026-07-30T15:42:13.362153Z,3106,246.6,2394,OK,OK,OK
2026-07-30T15:42:18.901582Z,3088,246.6,2394,OK,OK,OK
2026-07-30T15:42:24.342949Z,3085,246.6,2394,OK,OK,OK
2026-07-30T15:42:29.850170Z,3080,246.5,2394,OK,OK,OK
2026-07-30T15:42:35.321780Z,3076,246.8,2394,OK,OK,OK
2026-07-30T15:42:40.795133Z,3078,246.9,2394,OK,OK,OK
2026-07-30T15:42:46.256997Z,3070,246.9,2394,OK,OK,OK
2026-07-30T15:42:51.760851Z,3071,246.9,2394,OK,OK,OK
2026-07-30T15:42:57.237269Z,3074,246.9,2394,OK,OK,OK
2026-07-30T15:43:02.743320Z,3088,246.9,2394,OK,OK,OK
2026-07-30T15:43:08.255248Z,3073,246.8,2394,OK,OK,OK
2026-07-30T15:43:13.733337Z,3098,246.9,2394,OK,OK,OK
2026-07-30T15:43:19.200325Z,3108,246.9,2394,OK,OK,OK
2026-07-30T15:43:24.677548Z,3085,247.1,2394,OK,OK,OK
2026-07-30T15:43:30.183536Z,3062,247.1,2394,OK,OK,OK
2026-07-30T15:43:35.669508Z,3040,246.9,2394,OK,OK,OK
2026-07-30T15:43:41.132672Z,3071,246.9,2394,OK,OK,OK
2026-07-30T15:43:46.590325Z,3056,246.9,2394,OK,OK,OK
2026-07-30T15:43:52.084671Z,3056,247.1,2394,OK,OK,OK
2026-07-30T15:43:57.570831Z,3078,247.0,2394,OK,OK,OK
2026-07-30T15:44:03.064551Z,3065,246.9,2394,OK,OK,OK
2026-07-30T15:44:08.550272Z,4272,246.4,2394,OK,OK,OK
2026-07-30T15:44:14.053268Z,3161,247.1,2394,OK,OK,OK
2026-07-30T15:44:19.559113Z,3172,247.1,2394,OK,OK,OK
2026-07-30T15:44:25.068926Z,3187,247.0,2394,OK,OK,OK
2026-07-30T15:44:30.604720Z,3193,247.0,2394,OK,OK,OK
2026-07-30T15:44:36.094420Z,3218,247.0,2394,OK,OK,OK
2026-07-30T15:44:41.596746Z,3209,247.2,2394,OK,OK,OK
2026-07-30T15:44:47.055659Z,3194,247.1,2394,OK,OK,OK
2026-07-30T15:44:52.574223Z,3196,247.1,2394,OK,OK,OK
2026-07-30T15:44:58.049059Z,3204,247.2,2394,OK,OK,OK
2026-07-30T15:45:03.527857Z,3193,247.2,2394,OK,OK,OK
2026-07-30T15:45:08.997152Z,3188,247.2,2394,OK,OK,OK
2026-07-30T15:45:14.477757Z,3244,247.1,2394,OK,OK,OK
2026-07-30T15:45:19.968733Z,3245,247.2,2394,OK,OK,OK
2026-07-30T15:45:25.500688Z,3156,247.2,2394,OK,OK,OK
2026-07-30T15:45:30.974507Z,3175,247.2,2394,OK,OK,OK
2026-07-30T15:45:36.496610Z,3189,247.2,2394,OK,OK,OK
2026-07-30T15:45:41.921710Z,3181,247.2,2394,OK,OK,OK
2026-07-30T15:45:47.424687Z,3169,247.2,2394,OK,OK,OK
2026-07-30T15:45:52.919371Z,3171,247.2,2394,OK,OK,OK
2026-07-30T15:45:58.405549Z,3193,247.2,2394,OK,OK,OK
2026-07-30T15:46:03.883082Z,3175,247.2,2394,OK,OK,OK
2026-07-30T15:46:09.424549Z,3168,247.3,2394,OK,OK,OK
2026-07-30T15:46:14.911958Z,3166,247.3,2394,OK,OK,OK
2026-07-30T15:46:20.378349Z,3163,247.2,2394,OK,OK,OK
2026-07-30T15:46:25.920561Z,3157,247.2,2394,OK,OK,OK
2026-07-30T15:46:31.422882Z,3156,247.2,2394,OK,OK,OK
2026-07-30T15:46:36.908573Z,3165,247.2,2394,OK,OK,OK
2026-07-30T15:46:42.383931Z,3162,247.2,2394,OK,OK,OK
2026-07-30T15:46:47.881866Z,3164,247.2,2394,OK,OK,OK
2026-07-30T15:46:53.374688Z,3170,247.4,2394,OK,OK,OK
2026-07-30T15:46:58.878621Z,3169,247.3,2394,OK,OK,OK
2026-07-30T15:47:04.403712Z,3168,247.2,2394,OK,OK,OK
2026-07-30T15:47:09.890107Z,3163,247.2,2394,OK,OK,OK
2026-07-30T15:47:15.381622Z,3178,247.2,2394,OK,OK,OK
2026-07-30T15:47:20.871847Z,3136,247.2,2394,OK,OK,OK
2026-07-30T15:47:26.340487Z,3182,247.1,2394,OK,OK,OK
2026-07-30T15:47:31.837144Z,3161,247.2,2394,OK,OK,OK
2026-07-30T15:47:37.271675Z,3149,247.2,2394,OK,OK,OK
2026-07-30T15:47:42.762379Z,3175,247.1,2394,OK,OK,OK
2026-07-30T15:47:48.236660Z,3212,247.1,2394,OK,OK,OK
2026-07-30T15:47:53.718101Z,3155,247.1,2394,OK,OK,OK
2026-07-30T15:47:59.208556Z,3160,247.1,2394,OK,OK,OK
2026-07-30T15:48:04.667194Z,3159,247.1,2394,OK,OK,OK
2026-07-30T15:48:10.176820Z,3156,247.0,2394,OK,OK,OK
2026-07-30T15:48:15.633925Z,3164,247.1,2394,OK,OK,OK
2026-07-30T15:48:21.107183Z,3160,247.0,2394,OK,OK,OK
2026-07-30T15:48:26.618101Z,3167,246.9,2394,OK,OK,OK
2026-07-30T15:48:32.112698Z,3164,247.0,2394,OK,OK,OK
2026-07-30T15:48:37.564220Z,3159,247.0,2394,OK,OK,OK
2026-07-30T15:48:43.052675Z,3130,247.0,2394,OK,OK,OK
2026-07-30T15:48:48.493915Z,3167,247.2,2394,OK,OK,OK
2026-07-30T15:48:53.975897Z,3165,247.2,2394,OK,OK,OK
2026-07-30T15:48:59.473601Z,3160,247.2,2394,OK,OK,OK
2026-07-30T15:49:04.979264Z,3142,247.1,2394,OK,OK,OK
2026-07-30T15:49:10.465220Z,3208,247.1,2394,OK,OK,OK
2026-07-30T15:49:15.974930Z,3177,247.2,2394,OK,OK,OK
2026-07-30T15:49:21.451741Z,3172,247.2,2394,OK,OK,OK
2026-07-30T15:49:26.946760Z,3180,247.2,2394,OK,OK,OK
2026-07-30T15:49:32.431857Z,3172,247.2,2394,OK,OK,OK
2026-07-30T15:49:37.933886Z,3155,247.2,2394,OK,OK,OK
2026-07-30T15:49:43.378151Z,3160,247.2,2394,OK,OK,OK
2026-07-30T15:49:48.857918Z,3184,247.3,2394,OK,OK,OK
2026-07-30T15:49:54.329533Z,3178,247.3,2394,OK,OK,OK
2026-07-30T15:49:59.790383Z,3144,247.3,2394,OK,OK,OK
2026-07-30T15:50:05.268068Z,3200,247.4,2394,OK,OK,OK
2026-07-30T15:50:10.740386Z,3188,247.5,2394,OK,OK,OK
2026-07-30T15:50:16.251589Z,3163,247.2,2394,OK,OK,OK
2026-07-30T15:50:21.753245Z,3183,247.2,2394,OK,OK,OK
2026-07-30T15:50:27.228735Z,3182,247.4,2394,OK,OK,OK
2026-07-30T15:50:32.765654Z,3183,247.3,5094,OK,OK,OK
2026-07-30T15:50:38.288658Z,3169,247.3,5094,OK,OK,OK
2026-07-30T15:50:43.746294Z,3187,247.3,5094,OK,OK,OK
2026-07-30T15:50:49.271593Z,3201,247.3,5094,OK,OK,OK
2026-07-30T15:50:54.779462Z,3189,247.3,5094,OK,OK,OK
2026-07-30T15:51:00.283706Z,3212,247.3,5094,OK,OK,OK
2026-07-30T15:51:05.792814Z,3194,247.3,5094,OK,OK,OK
2026-07-30T15:51:11.313026Z,3204,247.2,5094,OK,OK,OK
2026-07-30T15:51:16.822304Z,3186,247.2,5094,OK,OK,OK
2026-07-30T15:51:22.335807Z,3179,247.3,5094,OK,OK,OK
2026-07-30T15:51:27.825556Z,3176,247.5,5094,OK,OK,OK
2026-07-30T15:51:33.334351Z,3181,247.5,5094,OK,OK,OK
2026-07-30T15:51:38.822307Z,3186,247.6,5094,OK,OK,OK
2026-07-30T15:51:44.356472Z,3205,247.6,5094,OK,OK,OK
2026-07-30T15:51:49.843036Z,3180,247.6,5094,OK,OK,OK
2026-07-30T15:51:55.322592Z,3171,247.7,5094,OK,OK,OK
2026-07-30T15:52:00.786972Z,3181,247.6,5094,OK,OK,OK
2026-07-30T15:52:06.233043Z,3183,247.5,5094,OK,OK,OK
2026-07-30T15:52:11.719722Z,3192,247.6,5094,OK,OK,OK
2026-07-30T15:52:17.151507Z,3195,247.6,5094,OK,OK,OK
2026-07-30T15:52:22.674532Z,3186,247.6,5094,OK,OK,OK
2026-07-30T15:52:28.132355Z,3198,247.9,5094,OK,OK,OK
2026-07-30T15:52:33.631008Z,3190,247.7,5094,OK,OK,OK
2026-07-30T15:52:39.112859Z,3192,247.7,5094,OK,OK,OK
2026-07-30T15:52:44.633019Z,3184,247.4,5094,OK,OK,OK
2026-07-30T15:52:50.135725Z,3178,247.4,5094,OK,OK,OK
2026-07-30T15:52:55.610171Z,3194,247.4,5094,OK,OK,OK
2026-07-30T15:53:01.108776Z,3191,247.5,5094,OK,OK,OK
2026-07-30T15:53:06.595215Z,3163,247.5,5094,OK,OK,OK
2026-07-30T15:53:12.084899Z,3176,247.6,5094,OK,OK,OK
2026-07-30T15:53:17.607104Z,3192,247.5,5094,OK,OK,OK
2026-07-30T15:53:23.094383Z,3240,247.5,5094,OK,OK,OK
2026-07-30T15:53:28.590017Z,3219,247.5,5094,OK,OK,OK
2026-07-30T15:53:34.073776Z,3202,247.3,5094,OK,OK,OK
2026-07-30T15:53:39.549559Z,3173,247.3,5094,OK,OK,OK
2026-07-30T15:53:45.027487Z,3173,247.2,5094,OK,OK,OK
2026-07-30T15:53:50.475554Z,3187,247.2,5094,OK,OK,OK
2026-07-30T15:53:55.944299Z,3181,247.2,5094,OK,OK,OK
2026-07-30T15:54:01.425273Z,3179,247.2,5094,OK,OK,OK
2026-07-30T15:54:06.907482Z,3160,247.2,5094,OK,OK,OK
2026-07-30T15:54:12.403121Z,3171,247.2,5094,OK,OK,OK
2026-07-30T15:54:17.901314Z,3186,247.3,5094,OK,OK,OK
2026-07-30T15:54:23.369367Z,3175,247.2,5094,OK,OK,OK
2026-07-30T15:54:28.826010Z,3172,247.2,5094,OK,OK,OK
2026-07-30T15:54:34.359044Z,3187,247.2,5094,OK,OK,OK
2026-07-30T15:54:39.845248Z,3180,247.1,5094,OK,OK,OK
2026-07-30T15:54:45.349543Z,3175,247.1,5094,OK,OK,OK
2026-07-30T15:54:50.781716Z,3193,247.1,5094,OK,OK,OK
2026-07-30T15:54:56.279648Z,3190,247.1,5094,OK,OK,OK
2026-07-30T15:55:01.748550Z,3178,247.1,5094,OK,OK,OK
2026-07-30T15:55:07.231246Z,3187,246.9,5094,OK,OK,OK
2026-07-30T15:55:12.746686Z,3186,247.1,5094,OK,OK,OK
2026-07-30T15:55:18.210399Z,3174,247.2,5094,OK,OK,OK
2026-07-30T15:55:23.658937Z,3193,247.0,5094,OK,OK,OK
2026-07-30T15:55:29.164710Z,3184,247.2,5094,OK,OK,OK
2026-07-30T15:55:34.638614Z,3175,247.0,5094,OK,OK,OK
2026-07-30T15:55:40.105205Z,3203,247.0,5094,OK,OK,OK
2026-07-30T15:55:45.553986Z,3174,247.0,5094,OK,OK,OK
2026-07-30T15:55:51.030667Z,3178,247.0,5094,OK,OK,OK
2026-07-30T15:55:56.500932Z,3202,247.0,5094,OK,OK,OK
2026-07-30T15:56:01.990256Z,3173,247.0,5094,OK,OK,OK
2026-07-30T15:56:07.506584Z,3165,247.0,5094,OK,OK,OK
2026-07-30T15:56:12.998249Z,3204,247.0,5094,OK,OK,OK
2026-07-30T15:56:18.479329Z,3175,247.0,5094,OK,OK,OK
2026-07-30T15:56:23.956166Z,3176,246.9,5094,OK,OK,OK
2026-07-30T15:56:29.449643Z,3180,246.9,5094,OK,OK,OK
2026-07-30T15:56:34.909698Z,3159,246.7,5094,OK,OK,OK
2026-07-30T15:56:40.417501Z,3174,246.8,5094,OK,OK,OK
2026-07-30T15:56:45.898024Z,3187,246.8,5094,OK,OK,OK
2026-07-30T15:56:51.377166Z,3320,246.9,5094,OK,OK,OK
2026-07-30T15:56:56.878605Z,3286,246.6,5094,OK,OK,OK
2026-07-30T15:57:02.385703Z,3286,246.8,5094,OK,OK,OK
2026-07-30T15:57:07.835505Z,3285,246.8,5094,OK,OK,OK
2026-07-30T15:57:13.290112Z,3296,246.9,5094,OK,OK,OK
2026-07-30T15:57:18.822635Z,3283,246.9,5094,OK,OK,OK
2026-07-30T15:57:24.318245Z,3301,246.9,5094,OK,OK,OK
2026-07-30T15:57:29.781193Z,3318,246.9,5094,OK,OK,OK
2026-07-30T15:57:35.247797Z,3296,246.9,5094,OK,OK,OK
2026-07-30T15:57:40.729286Z,3282,246.9,5094,OK,OK,OK
2026-07-30T15:57:46.189585Z,3282,246.9,5094,OK,OK,OK
2026-07-30T15:57:51.670158Z,3322,246.9,5094,OK,OK,OK
2026-07-30T15:57:57.138353Z,3296,246.9,5094,OK,OK,OK
2026-07-30T15:58:02.632362Z,3301,246.8,5094,OK,OK,OK
2026-07-30T15:58:08.075376Z,3280,246.7,5094,OK,OK,OK
2026-07-30T15:58:13.558403Z,3172,247.0,5094,OK,OK,OK
2026-07-30T15:58:19.011591Z,3167,247.0,5094,OK,OK,OK
2026-07-30T15:58:24.498272Z,3188,246.9,5094,OK,OK,OK
2026-07-30T15:58:29.984414Z,3177,246.9,5094,OK,OK,OK
2026-07-30T15:58:35.512643Z,3190,247.0,5094,OK,OK,OK
2026-07-30T15:58:41.034902Z,3187,247.0,5094,OK,OK,OK
2026-07-30T15:58:46.534006Z,3215,247.0,5094,OK,OK,OK
2026-07-30T15:58:51.995588Z,3196,247.0,5094,OK,OK,OK
2026-07-30T15:58:57.434936Z,3224,247.0,5094,OK,OK,OK
2026-07-30T15:59:02.941463Z,3193,247.0,5094,OK,OK,OK
2026-07-30T15:59:08.408308Z,3210,247.0,5094,OK,OK,OK
2026-07-30T15:59:13.862064Z,3200,247.0,5094,OK,OK,OK
2026-07-30T15:59:19.364417Z,3189,247.0,5094,OK,OK,OK
2026-07-30T15:59:24.867457Z,4575,246.4,5094,OK,OK,OK
2026-07-30T15:59:30.325531Z,4671,246.4,5094,OK,OK,OK
2026-07-30T15:59:35.797849Z,4636,246.4,5094,OK,OK,OK
2026-07-30T15:59:41.301401Z,4634,246.4,5094,OK,OK,OK
2026-07-30T15:59:46.799153Z,4650,246.4,5094,OK,OK,OK
2026-07-30T15:59:52.292733Z,4674,246.4,5094,OK,OK,OK
2026-07-30T15:59:57.785535Z,4695,246.4,5094,OK,OK,OK
2026-07-30T16:00:03.279002Z,4705,246.4,5094,OK,OK,OK
2026-07-30T16:00:08.770071Z,4696,246.5,5094,OK,OK,OK
2026-07-30T16:00:14.257125Z,4698,246.5,5094,OK,OK,OK
2026-07-30T16:00:19.693240Z,4676,246.4,5094,OK,OK,OK
2026-07-30T16:00:25.161897Z,4680,246.3,5094,OK,OK,OK
2026-07-30T16:00:30.656914Z,4683,246.2,5094,OK,OK,OK
2026-07-30T16:00:36.166740Z,4677,246.5,5094,OK,OK,OK
2026-07-30T16:00:41.665848Z,4680,246.5,5094,OK,OK,OK
2026-07-30T16:00:47.119720Z,4690,246.4,5094,OK,OK,OK
2026-07-30T16:00:52.582138Z,4677,246.4,5094,OK,OK,OK
2026-07-30T16:00:58.052756Z,4694,246.4,5094,OK,OK,OK
2026-07-30T16:01:03.592127Z,4684,246.5,5094,OK,OK,OK
2026-07-30T16:01:09.067968Z,4668,246.4,5094,OK,OK,OK
2026-07-30T16:01:14.538854Z,4674,246.4,5094,OK,OK,OK
2026-07-30T16:01:19.998275Z,4687,246.4,5094,OK,OK,OK
2026-07-30T16:01:25.503507Z,4684,246.4,5094,OK,OK,OK
2026-07-30T16:01:30.996395Z,4693,246.4,5094,OK,OK,OK
2026-07-30T16:01:36.501734Z,4678,246.4,5094,OK,OK,OK
2026-07-30T16:01:41.957006Z,4663,246.4,5094,OK,OK,OK
2026-07-30T16:01:47.465294Z,4689,246.4,5094,OK,OK,OK
2026-07-30T16:01:52.931243Z,4693,246.3,5094,OK,OK,OK
2026-07-30T16:01:58.462494Z,4687,246.0,5094,OK,OK,OK
2026-07-30T16:02:03.902576Z,4690,246.3,5094,OK,OK,OK
2026-07-30T16:02:09.362911Z,4666,246.0,5094,OK,OK,OK
2026-07-30T16:02:14.867536Z,4666,246.0,5094,OK,OK,OK
2026-07-30T16:02:20.334824Z,4666,246.0,5094,OK,OK,OK
2026-07-30T16:02:25.829040Z,4680,245.8,5094,OK,OK,OK
2026-07-30T16:02:31.319075Z,4671,245.8,5094,OK,OK,OK
2026-07-30T16:02:36.850564Z,4668,245.8,5094,OK,OK,OK
2026-07-30T16:02:42.364730Z,4665,245.9,5094,OK,OK,OK
2026-07-30T16:02:47.859121Z,4654,245.8,5094,OK,OK,OK
2026-07-30T16:02:53.355501Z,4653,245.7,5094,OK,OK,OK
2026-07-30T16:02:58.845749Z,4653,245.9,5094,OK,OK,OK
2026-07-30T16:03:04.303166Z,4660,245.7,5094,OK,OK,OK
2026-07-30T16:03:09.769885Z,4668,245.7,5094,OK,OK,OK
2026-07-30T16:03:15.288585Z,4664,245.7,5094,OK,OK,OK
2026-07-30T16:03:20.769179Z,4672,245.8,5094,OK,OK,OK
2026-07-30T16:03:26.228731Z,4669,245.7,5094,OK,OK,OK
2026-07-30T16:03:31.694942Z,4662,245.6,5094,OK,OK,OK
2026-07-30T16:03:37.161078Z,4659,245.7,5094,OK,OK,OK
2026-07-30T16:03:42.627138Z,4665,245.6,5094,OK,OK,OK
2026-07-30T16:03:48.137244Z,4669,245.7,5094,OK,OK,OK
2026-07-30T16:03:53.630263Z,4656,245.6,5094,OK,OK,OK
2026-07-30T16:03:59.168122Z,4661,245.6,5094,OK,OK,OK
2026-07-30T16:04:04.690930Z,4683,245.4,5094,OK,OK,OK
2026-07-30T16:04:10.151142Z,4676,245.5,5094,OK,OK,OK
2026-07-30T16:04:15.644231Z,4678,245.6,5094,OK,OK,OK
2026-07-30T16:04:21.133950Z,4653,245.4,5094,OK,OK,OK
2026-07-30T16:04:26.623633Z,4573,245.5,5094,OK,OK,OK
2026-07-30T16:04:32.139653Z,4570,245.4,5094,OK,OK,OK
2026-07-30T16:04:37.633900Z,4579,245.5,5094,OK,OK,OK
2026-07-30T16:04:43.142833Z,4569,245.5,5094,OK,OK,OK
2026-07-30T16:04:48.694524Z,4578,245.4,5094,OK,OK,OK
2026-07-30T16:04:54.193165Z,4582,245.5,5094,OK,OK,OK
2026-07-30T16:04:59.666141Z,4590,245.5,5094,OK,OK,OK
2026-07-30T16:05:05.177656Z,4600,245.5,5094,OK,OK,OK
2026-07-30T16:05:10.700874Z,4716,245.5,5094,OK,OK,OK
2026-07-30T16:05:16.221603Z,4585,245.5,5094,OK,OK,OK
2026-07-30T16:05:21.703017Z,4578,245.6,5094,OK,OK,OK
2026-07-30T16:05:27.213108Z,4715,245.1,5094,OK,OK,OK
2026-07-30T16:05:32.684052Z,4712,245.4,5094,OK,OK,OK
2026-07-30T16:05:38.164864Z,4887,245.3,5094,OK,OK,OK
2026-07-30T16:05:43.645621Z,4919,245.2,4308,OK,OK,OK
2026-07-30T16:05:49.111890Z,4959,245.2,4308,OK,OK,OK
2026-07-30T16:05:54.568878Z,4961,245.3,4308,OK,OK,OK
2026-07-30T16:06:00.054836Z,4993,245.1,4308,OK,OK,OK
2026-07-30T16:06:05.517415Z,3494,245.7,4308,OK,OK,OK
2026-07-30T16:06:10.968339Z,3513,245.8,4308,OK,OK,OK
2026-07-30T16:06:16.462042Z,3515,245.7,4308,OK,OK,OK
2026-07-30T16:06:21.969752Z,3414,245.7,4308,OK,OK,OK
2026-07-30T16:06:27.450068Z,3423,245.8,4308,OK,OK,OK
2026-07-30T16:06:32.984179Z,3410,245.7,4308,OK,OK,OK
2026-07-30T16:06:38.485333Z,3520,245.7,4308,OK,OK,OK
2026-07-30T16:06:43.998326Z,3445,245.8,4308,OK,OK,OK
2026-07-30T16:06:49.473689Z,3462,245.7,4308,OK,OK,OK
2026-07-30T16:06:54.962731Z,3438,245.6,4308,OK,OK,OK
2026-07-30T16:07:00.456510Z,3436,245.7,4308,OK,OK,OK
2026-07-30T16:07:05.941503Z,3452,245.7,4308,OK,OK,OK
2026-07-30T16:07:11.423067Z,3266,245.9,4308,OK,OK,OK
2026-07-30T16:07:16.892405Z,3239,245.8,4308,OK,OK,OK
2026-07-30T16:07:22.365183Z,3232,245.9,4308,OK,OK,OK
2026-07-30T16:07:27.829793Z,3230,245.9,4308,OK,OK,OK
2026-07-30T16:07:33.299241Z,3228,246.0,4308,OK,OK,OK
2026-07-30T16:07:38.763960Z,3224,246.1,4308,OK,OK,OK
2026-07-30T16:07:44.250902Z,3244,246.1,4308,OK,OK,OK
2026-07-30T16:07:49.731897Z,3232,246.1,4308,OK,OK,OK
2026-07-30T16:07:55.248541Z,3226,245.9,4308,OK,OK,OK
2026-07-30T16:08:00.727025Z,3219,245.8,4308,OK,OK,OK
2026-07-30T16:08:06.224341Z,3205,245.9,4308,OK,OK,OK
2026-07-30T16:08:11.730594Z,3204,246.1,4308,OK,OK,OK
2026-07-30T16:08:17.210551Z,3208,246.1,4308,OK,OK,OK
2026-07-30T16:08:22.706522Z,3212,246.0,4308,OK,OK,OK
2026-07-30T16:08:28.223399Z,3198,246.0,4308,OK,OK,OK
2026-07-30T16:08:33.720664Z,3214,246.0,4308,OK,OK,OK
2026-07-30T16:08:39.202099Z,3189,245.8,4308,OK,OK,OK
2026-07-30T16:08:44.688106Z,3201,246.0,4308,OK,OK,OK
2026-07-30T16:08:50.127001Z,3201,246.0,4308,OK,OK,OK
2026-07-30T16:08:55.654603Z,3194,245.9,4308,OK,OK,OK
2026-07-30T16:09:01.105939Z,3194,245.8,4308,OK,OK,OK
2026-07-30T16:09:06.612727Z,3207,245.7,4308,OK,OK,OK
2026-07-30T16:09:12.072063Z,3192,245.8,4308,OK,OK,OK
2026-07-30T16:09:17.556916Z,3189,245.7,4308,OK,OK,OK
2026-07-30T16:09:23.076497Z,3185,245.7,4308,OK,OK,OK
2026-07-30T16:09:28.576973Z,3370,245.7,4308,OK,OK,OK
2026-07-30T16:09:34.071878Z,3293,245.8,4308,OK,OK,OK
2026-07-30T16:09:39.572737Z,3301,245.7,4308,OK,OK,OK
2026-07-30T16:09:45.075451Z,3311,245.8,4308,OK,OK,OK
2026-07-30T16:09:50.555757Z,3328,246.0,4308,OK,OK,OK
2026-07-30T16:09:56.023321Z,3343,245.9,4308,OK,OK,OK
2026-07-30T16:10:01.489426Z,3329,245.9,4308,OK,OK,OK
2026-07-30T16:10:06.998619Z,3324,245.9,4308,OK,OK,OK
2026-07-30T16:10:12.490303Z,3309,246.2,4308,OK,OK,OK
2026-07-30T16:10:17.953479Z,3276,246.0,4308,OK,OK,OK
2026-07-30T16:10:23.387601Z,3258,246.0,4308,OK,OK,OK
2026-07-30T16:10:28.872006Z,3267,246.1,4308,OK,OK,OK
2026-07-30T16:10:34.368080Z,3288,246.0,4308,OK,OK,OK
2026-07-30T16:10:39.848553Z,3265,246.0,4308,OK,OK,OK
2026-07-30T16:10:45.317416Z,3288,246.0,4308,OK,OK,OK
2026-07-30T16:10:50.798284Z,3293,246.1,4308,OK,OK,OK
2026-07-30T16:10:56.298947Z,3283,246.2,4308,OK,OK,OK
2026-07-30T16:11:01.747430Z,3294,246.2,4308,OK,OK,OK
2026-07-30T16:11:07.273082Z,3276,246.2,4308,OK,OK,OK
2026-07-30T16:11:12.735796Z,3276,246.2,4308,OK,OK,OK
2026-07-30T16:11:18.221943Z,3294,246.1,4308,OK,OK,OK
2026-07-30T16:11:23.706678Z,3299,246.1,4308,OK,OK,OK
2026-07-30T16:11:29.190391Z,3282,246.4,4308,OK,OK,OK
2026-07-30T16:11:34.631341Z,3297,246.3,4308,OK,OK,OK
2026-07-30T16:11:40.084733Z,3288,246.3,4308,OK,OK,OK
2026-07-30T16:11:45.587435Z,3285,246.3,4308,OK,OK,OK
2026-07-30T16:11:51.053048Z,3297,246.2,4308,OK,OK,OK
2026-07-30T16:11:56.506022Z,3286,246.2,4308,OK,OK,OK
2026-07-30T16:12:01.984104Z,3280,246.2,4308,OK,OK,OK
2026-07-30T16:12:07.477498Z,3279,246.3,4308,OK,OK,OK
2026-07-30T16:12:12.934865Z,3311,246.2,4308,OK,OK,OK
2026-07-30T16:12:18.438689Z,3280,246.2,4308,OK,OK,OK
2026-07-30T16:12:23.899594Z,3290,246.2,4308,OK,OK,OK
2026-07-30T16:12:29.381195Z,3285,246.1,4308,OK,OK,OK
2026-07-30T16:12:34.904881Z,3151,246.2,4308,OK,OK,OK
2026-07-30T16:12:40.414410Z,3144,246.1,4308,OK,OK,OK
2026-07-30T16:12:45.888311Z,3159,246.2,4308,OK,OK,OK
2026-07-30T16:12:51.358450Z,3149,246.2,4308,OK,OK,OK
2026-07-30T16:12:56.823460Z,3147,246.1,4308,OK,OK,OK
2026-07-30T16:13:02.328683Z,3154,245.9,4308,OK,OK,OK
2026-07-30T16:13:07.836348Z,3156,246.1,4308,OK,OK,OK
2026-07-30T16:13:13.356902Z,3157,246.1,4308,OK,OK,OK
2026-07-30T16:13:18.848212Z,3160,246.1,4308,OK,OK,OK
2026-07-30T16:13:24.297466Z,3170,245.9,4308,OK,OK,OK
2026-07-30T16:13:29.835092Z,3167,246.1,4308,OK,OK,OK
2026-07-30T16:13:35.327110Z,3166,246.1,4308,OK,OK,OK
2026-07-30T16:13:40.819966Z,3155,246.0,4308,OK,OK,OK
2026-07-30T16:13:46.308539Z,3148,246.1,4308,OK,OK,OK
2026-07-30T16:13:51.797914Z,3163,246.0,4308,OK,OK,OK
2026-07-30T16:13:57.274765Z,3159,246.1,4308,OK,OK,OK
2026-07-30T16:14:02.751841Z,3170,246.1,4308,OK,OK,OK
2026-07-30T16:14:08.238700Z,3170,246.0,4308,OK,OK,OK
2026-07-30T16:14:13.739900Z,3163,246.0,4308,OK,OK,OK
2026-07-30T16:14:19.272256Z,3164,246.0,4308,OK,OK,OK
2026-07-30T16:14:24.728993Z,3160,246.1,4308,OK,OK,OK
2026-07-30T16:14:30.181674Z,3151,246.1,4308,OK,OK,OK
2026-07-30T16:14:35.693814Z,3171,246.2,4308,OK,OK,OK
2026-07-30T16:14:41.143414Z,3293,246.0,4308,OK,OK,OK
2026-07-30T16:14:46.596930Z,3122,246.1,4308,OK,OK,OK
2026-07-30T16:14:52.103044Z,3159,246.1,4308,OK,OK,OK
2026-07-30T16:14:57.619590Z,3159,246.1,4308,OK,OK,OK
2026-07-30T16:15:03.117131Z,3156,246.2,4308,OK,OK,OK
2026-07-30T16:15:08.612916Z,3175,246.1,4308,OK,OK,OK
2026-07-30T16:15:14.110196Z,3174,246.1,4308,OK,OK,OK
2026-07-30T16:15:19.583251Z,3154,246.2,4308,OK,OK,OK
2026-07-30T16:15:25.093083Z,3150,246.0,4308,OK,OK,OK
2026-07-30T16:15:30.627042Z,3151,246.2,4308,OK,OK,OK
2026-07-30T16:15:36.092607Z,3133,246.1,4308,OK,OK,OK
2026-07-30T16:15:41.628424Z,3196,246.0,4308,OK,OK,OK
2026-07-30T16:15:47.110300Z,3152,246.2,4308,OK,OK,OK
2026-07-30T16:15:52.599331Z,3160,246.1,4308,OK,OK,OK
2026-07-30T16:15:58.072084Z,3165,246.1,4308,OK,OK,OK
2026-07-30T16:16:03.552138Z,3157,246.0,4308,OK,OK,OK
2026-07-30T16:16:09.071202Z,3160,246.0,4308,OK,OK,OK
2026-07-30T16:16:14.516084Z,3156,246.1,4308,OK,OK,OK
2026-07-30T16:16:20.021009Z,3153,246.1,4308,OK,OK,OK
2026-07-30T16:16:25.496789Z,3299,245.9,4308,OK,OK,OK
2026-07-30T16:16:30.995301Z,3151,245.9,4308,OK,OK,OK
2026-07-30T16:16:36.508920Z,3164,246.1,4308,OK,OK,OK
2026-07-30T16:16:42.028751Z,3143,246.2,4308,OK,OK,OK
2026-07-30T16:16:47.510854Z,3156,246.2,4308,OK,OK,OK
2026-07-30T16:16:52.987076Z,3280,246.0,4308,OK,OK,OK
2026-07-30T16:16:58.471217Z,3286,245.9,4308,OK,OK,OK
2026-07-30T16:17:03.936752Z,3257,246.0,4308,OK,OK,OK
2026-07-30T16:17:09.429399Z,3262,246.1,4308,OK,OK,OK
2026-07-30T16:17:14.958569Z,3260,246.1,4308,OK,OK,OK
2026-07-30T16:17:20.443572Z,3270,246.1,4308,OK,OK,OK
2026-07-30T16:17:25.966797Z,3334,246.0,4308,OK,OK,OK
2026-07-30T16:17:31.462445Z,3285,246.0,4308,OK,OK,OK
2026-07-30T16:17:36.986358Z,3271,246.1,4308,OK,OK,OK
2026-07-30T16:17:42.491158Z,3297,246.1,4308,OK,OK,OK
2026-07-30T16:17:47.995794Z,3298,246.3,4308,OK,OK,OK
2026-07-30T16:17:53.466167Z,3270,246.4,4308,OK,OK,OK
2026-07-30T16:17:58.912686Z,3290,246.2,4308,OK,OK,OK
2026-07-30T16:18:04.425228Z,3298,246.3,4308,OK,OK,OK
2026-07-30T16:18:09.895959Z,3291,246.3,4308,OK,OK,OK
2026-07-30T16:18:15.402496Z,3326,246.4,4308,OK,OK,OK
2026-07-30T16:18:20.901811Z,3261,246.4,4308,OK,OK,OK
2026-07-30T16:18:26.349520Z,3266,246.4,4308,OK,OK,OK
2026-07-30T16:18:31.842293Z,3262,246.5,4308,OK,OK,OK
2026-07-30T16:18:37.328062Z,3141,246.4,4308,OK,OK,OK
2026-07-30T16:18:42.833488Z,3144,246.4,4308,OK,OK,OK
2026-07-30T16:18:48.306029Z,3141,246.4,4308,OK,OK,OK
2026-07-30T16:18:53.826636Z,3136,246.4,4308,OK,OK,OK
2026-07-30T16:18:59.355187Z,3139,246.4,4308,OK,OK,OK
2026-07-30T16:19:04.857668Z,3151,246.3,4308,OK,OK,OK
2026-07-30T16:19:10.334872Z,3132,246.3,4308,OK,OK,OK
2026-07-30T16:19:15.849152Z,3146,246.4,4308,OK,OK,OK
2026-07-30T16:19:21.324499Z,3155,246.3,4308,OK,OK,OK
2026-07-30T16:19:26.774618Z,3145,246.4,4308,OK,OK,OK
2026-07-30T16:19:32.229846Z,3158,246.4,4308,OK,OK,OK
2026-07-30T16:19:37.746201Z,3159,246.4,4308,OK,OK,OK
2026-07-30T16:19:43.222995Z,3137,246.5,4308,OK,OK,OK
2026-07-30T16:19:48.725544Z,3157,246.4,4308,OK,OK,OK
2026-07-30T16:19:54.202349Z,3147,246.2,4308,OK,OK,OK
2026-07-30T16:19:59.670048Z,3140,246.2,4308,OK,OK,OK
2026-07-30T16:20:05.133516Z,3149,246.2,4308,OK,OK,OK
2026-07-30T16:20:10.632255Z,3136,246.2,4308,OK,OK,OK
2026-07-30T16:20:16.165905Z,3126,246.2,4308,OK,OK,OK
2026-07-30T16:20:21.671263Z,3073,246.2,4308,OK,OK,OK
2026-07-30T16:20:27.129443Z,3075,246.2,4308,OK,OK,OK
2026-07-30T16:20:32.647434Z,3091,246.2,4308,OK,OK,OK
2026-07-30T16:20:38.142138Z,3074,246.3,4308,OK,OK,OK
2026-07-30T16:20:43.659641Z,3074,246.5,4308,OK,OK,OK
2026-07-30T16:20:49.131781Z,3130,246.3,4308,OK,OK,OK
2026-07-30T16:20:54.639055Z,3090,246.4,4294,OK,OK,OK
2026-07-30T16:21:00.143392Z,3075,246.3,4294,OK,OK,OK
2026-07-30T16:21:05.666727Z,3126,246.3,4294,OK,OK,OK
2026-07-30T16:21:11.172371Z,3165,246.3,4294,OK,OK,OK
2026-07-30T16:21:16.681989Z,3176,246.3,4294,OK,OK,OK
2026-07-30T16:21:22.192941Z,3164,246.3,4294,OK,OK,OK
2026-07-30T16:21:27.714999Z,3173,246.3,4294,OK,OK,OK
2026-07-30T16:21:33.185124Z,3176,246.3,4294,OK,OK,OK
2026-07-30T16:21:38.652409Z,3176,246.2,4294,OK,OK,OK
2026-07-30T16:21:44.156552Z,3181,246.3,4294,OK,OK,OK
2026-07-30T16:21:49.640187Z,3171,246.3,4294,OK,OK,OK
2026-07-30T16:21:55.123252Z,3188,246.1,4294,OK,OK,OK
2026-07-30T16:22:00.564384Z,3171,246.1,4294,OK,OK,OK
2026-07-30T16:22:06.069525Z,3160,246.2,4294,OK,OK,OK
2026-07-30T16:22:11.512180Z,3159,246.2,4294,OK,OK,OK
2026-07-30T16:22:17.030176Z,3174,246.3,4294,OK,OK,OK
2026-07-30T16:22:22.541659Z,3163,246.4,4294,OK,OK,OK
2026-07-30T16:22:28.023271Z,3170,246.3,4294,OK,OK,OK
2026-07-30T16:22:33.487492Z,3166,246.2,4294,OK,OK,OK
2026-07-30T16:22:39.041479Z,3150,246.2,4294,OK,OK,OK
2026-07-30T16:22:44.550714Z,3159,246.2,4294,OK,OK,OK
2026-07-30T16:22:50.039981Z,3155,246.3,4294,OK,OK,OK
2026-07-30T16:22:55.500316Z,3147,246.3,4294,OK,OK,OK
2026-07-30T16:23:01.004832Z,3214,246.4,4294,OK,OK,OK
2026-07-30T16:23:06.478154Z,3148,246.6,4294,OK,OK,OK
2026-07-30T16:23:11.953041Z,3144,246.5,4294,OK,OK,OK
2026-07-30T16:23:17.425320Z,3155,246.6,4294,OK,OK,OK
2026-07-30T16:23:22.942008Z,3162,246.2,4294,OK,OK,OK
2026-07-30T16:23:28.393633Z,3192,246.4,4294,OK,OK,OK
2026-07-30T16:23:33.857046Z,3140,246.4,4294,OK,OK,OK
2026-07-30T16:23:39.329290Z,3170,246.2,4294,OK,OK,OK
2026-07-30T16:23:44.773673Z,3296,246.4,4294,OK,OK,OK
2026-07-30T16:23:50.279930Z,3276,246.4,4294,OK,OK,OK
2026-07-30T16:23:55.739672Z,3270,246.4,4294,OK,OK,OK
2026-07-30T16:24:01.206596Z,3274,246.3,4294,OK,OK,OK
2026-07-30T16:24:06.658488Z,3269,246.2,4294,OK,OK,OK
2026-07-30T16:24:12.149329Z,3305,246.3,4294,OK,OK,OK
2026-07-30T16:24:17.620493Z,3293,246.3,4294,OK,OK,OK
2026-07-30T16:24:23.086992Z,3169,246.3,4294,OK,OK,OK
2026-07-30T16:24:28.554506Z,3152,246.2,4294,OK,OK,OK
2026-07-30T16:24:34.058478Z,3163,246.3,4294,OK,OK,OK
2026-07-30T16:24:39.533864Z,3158,246.2,4294,OK,OK,OK
2026-07-30T16:24:44.967178Z,3145,246.4,4294,OK,OK,OK
2026-07-30T16:24:50.432856Z,3164,246.4,4294,OK,OK,OK
2026-07-30T16:24:55.898619Z,3140,246.4,4294,OK,OK,OK
2026-07-30T16:25:01.385464Z,3167,246.5,4294,OK,OK,OK
2026-07-30T16:25:06.910996Z,3178,246.4,4294,OK,OK,OK
2026-07-30T16:25:12.392713Z,3181,246.3,4294,OK,OK,OK
2026-07-30T16:25:17.881479Z,3153,246.5,4294,OK,OK,OK
2026-07-30T16:25:23.404127Z,3156,246.5,4294,OK,OK,OK
2026-07-30T16:25:28.882995Z,3158,246.5,4294,OK,OK,OK
2026-07-30T16:25:34.401156Z,3163,246.6,4294,OK,OK,OK
2026-07-30T16:25:39.885090Z,3160,246.5,4294,OK,OK,OK
2026-07-30T16:25:45.387197Z,3153,246.6,4294,OK,OK,OK
2026-07-30T16:25:50.891276Z,3156,246.6,4294,OK,OK,OK
2026-07-30T16:25:56.335286Z,3168,246.6,4294,OK,OK,OK
2026-07-30T16:26:01.782880Z,3149,246.5,4294,OK,OK,OK
2026-07-30T16:26:07.232424Z,3168,246.6,4294,OK,OK,OK
2026-07-30T16:26:12.751854Z,3168,246.7,4294,OK,OK,OK
2026-07-30T16:26:18.228744Z,3163,246.7,4294,OK,OK,OK
2026-07-30T16:26:23.770534Z,3177,246.8,4294,OK,OK,OK
2026-07-30T16:26:29.240481Z,3168,246.9,4294,OK,OK,OK
2026-07-30T16:26:34.746047Z,3168,246.6,4294,OK,OK,OK
2026-07-30T16:26:40.220724Z,3172,246.8,4294,OK,OK,OK
2026-07-30T16:26:45.725244Z,3157,246.9,4294,OK,OK,OK
2026-07-30T16:26:51.199239Z,3176,246.9,4294,OK,OK,OK
2026-07-30T16:26:56.691195Z,3174,247.2,4294,OK,OK,OK
2026-07-30T16:27:02.202595Z,3174,247.2,4294,OK,OK,OK
2026-07-30T16:27:07.725127Z,3172,247.2,4294,OK,OK,OK
2026-07-30T16:27:13.236932Z,3156,247.2,4294,OK,OK,OK
2026-07-30T16:27:18.729236Z,3168,247.3,4294,OK,OK,OK
2026-07-30T16:27:24.212973Z,3164,247.2,4294,OK,OK,OK
2026-07-30T16:27:29.724017Z,3185,247.2,4294,OK,OK,OK
2026-07-30T16:27:35.229897Z,3169,247.3,4294,OK,OK,OK
2026-07-30T16:27:40.729926Z,3159,247.3,4294,OK,OK,OK
2026-07-30T16:27:46.241417Z,3167,247.3,4294,OK,OK,OK
2026-07-30T16:27:51.731371Z,3167,247.2,4294,OK,OK,OK
2026-07-30T16:27:57.223907Z,3160,247.2,4294,OK,OK,OK
2026-07-30T16:28:02.729092Z,3178,247.5,4294,OK,OK,OK
2026-07-30T16:28:08.224822Z,3174,247.8,4294,OK,OK,OK
2026-07-30T16:28:13.762649Z,3182,248.2,4294,OK,OK,OK
2026-07-30T16:28:19.310069Z,3172,248.2,4294,OK,OK,OK
2026-07-30T16:28:24.786189Z,3213,248.2,4294,OK,OK,OK
2026-07-30T16:28:30.321603Z,3197,248.3,4294,OK,OK,OK
2026-07-30T16:28:35.781009Z,3202,248.3,4294,OK,OK,OK
2026-07-30T16:28:41.287497Z,3189,248.6,4294,OK,OK,OK
2026-07-30T16:28:46.730715Z,3208,248.8,4294,OK,OK,OK
2026-07-30T16:28:52.217402Z,3312,249.0,4294,OK,OK,OK
2026-07-30T16:28:57.645927Z,3312,249.0,4294,OK,OK,OK
2026-07-30T16:29:03.154541Z,3368,248.8,4294,OK,OK,OK
2026-07-30T16:29:08.626251Z,3419,248.8,4294,OK,OK,OK
2026-07-30T16:29:14.120094Z,3448,249.1,4294,OK,OK,OK
2026-07-30T16:29:19.601833Z,3466,248.9,4294,OK,OK,OK
2026-07-30T16:29:25.094673Z,3492,249.0,4294,OK,OK,OK
2026-07-30T16:29:30.600496Z,3526,249.1,4294,OK,OK,OK
2026-07-30T16:29:36.111964Z,3542,249.2,4294,OK,OK,OK
2026-07-30T16:29:41.631917Z,4953,248.5,4294,OK,OK,OK
2026-07-30T16:29:47.154798Z,5013,248.3,4294,OK,OK,OK
2026-07-30T16:29:52.646573Z,5041,248.1,4294,OK,OK,OK
2026-07-30T16:29:58.136797Z,5015,248.2,4294,OK,OK,OK
2026-07-30T16:30:03.625423Z,4962,247.8,4294,OK,OK,OK
2026-07-30T16:30:09.114027Z,4930,247.8,4294,OK,OK,OK
2026-07-30T16:30:14.606373Z,4951,247.9,4294,OK,OK,OK
2026-07-30T16:30:20.040396Z,4955,247.9,4294,OK,OK,OK
2026-07-30T16:30:25.514861Z,4958,248.0,4294,OK,OK,OK
2026-07-30T16:30:30.985746Z,4918,247.6,4294,OK,OK,OK
2026-07-30T16:30:36.479638Z,4885,247.8,4294,OK,OK,OK
2026-07-30T16:30:41.970059Z,4858,247.6,4294,OK,OK,OK
2026-07-30T16:30:47.450565Z,4893,247.3,4294,OK,OK,OK
2026-07-30T16:30:52.932444Z,4879,247.2,4294,OK,OK,OK
2026-07-30T16:30:58.385850Z,4830,247.1,4294,OK,OK,OK
2026-07-30T16:31:03.884450Z,4836,247.1,4294,OK,OK,OK
2026-07-30T16:31:09.362652Z,4852,246.9,4294,OK,OK,OK
2026-07-30T16:31:14.896503Z,4847,246.9,4294,OK,OK,OK
2026-07-30T16:31:20.356941Z,4826,246.9,4294,OK,OK,OK
2026-07-30T16:31:25.859319Z,4856,246.8,4294,OK,OK,OK
2026-07-30T16:31:31.390964Z,4847,246.9,4294,OK,OK,OK
2026-07-30T16:31:36.903874Z,4830,246.9,4294,OK,OK,OK
2026-07-30T16:31:42.366820Z,4824,246.9,4294,OK,OK,OK
2026-07-30T16:31:47.886316Z,4837,246.8,4294,OK,OK,OK
2026-07-30T16:31:53.361143Z,4822,246.7,4294,OK,OK,OK
2026-07-30T16:31:58.813571Z,4850,246.7,4294,OK,OK,OK
2026-07-30T16:32:04.279218Z,4830,246.6,4294,OK,OK,OK
2026-07-30T16:32:09.815158Z,4818,246.6,4294,OK,OK,OK
2026-07-30T16:32:15.258894Z,4807,246.6,4294,OK,OK,OK
2026-07-30T16:32:20.712193Z,4816,246.5,4294,OK,OK,OK
2026-07-30T16:32:26.213803Z,4816,246.3,4294,OK,OK,OK
2026-07-30T16:32:31.717484Z,4798,246.2,4294,OK,OK,OK
2026-07-30T16:32:37.190243Z,4793,246.2,4294,OK,OK,OK
2026-07-30T16:32:42.652398Z,4862,246.2,4294,OK,OK,OK
2026-07-30T16:32:48.146519Z,4804,246.1,4294,OK,OK,OK
2026-07-30T16:32:53.587323Z,4816,245.9,4294,OK,OK,OK
2026-07-30T16:32:59.184335Z,4803,245.8,4294,OK,OK,OK
2026-07-30T16:33:04.631815Z,3410,246.5,4294,OK,OK,OK
2026-07-30T16:33:10.116952Z,3404,246.6,4294,OK,OK,OK
2026-07-30T16:33:15.627618Z,3401,246.3,4294,OK,OK,OK
2026-07-30T16:33:21.119554Z,3430,245.7,4294,OK,OK,OK
2026-07-30T16:33:26.609280Z,3406,245.5,4294,OK,OK,OK
2026-07-30T16:33:32.078037Z,3393,245.5,4294,OK,OK,OK
2026-07-30T16:33:37.522878Z,3408,245.5,4294,OK,OK,OK
2026-07-30T16:33:43.033516Z,3393,245.5,4294,OK,OK,OK
2026-07-30T16:33:48.488893Z,3396,245.3,4294,OK,OK,OK
2026-07-30T16:33:54.000590Z,3394,245.3,4294,OK,OK,OK
2026-07-30T16:33:59.453914Z,3396,245.4,4294,OK,OK,OK
2026-07-30T16:34:04.934965Z,3393,245.3,4294,OK,OK,OK
2026-07-30T16:34:10.418728Z,3382,245.3,4294,OK,OK,OK
2026-07-30T16:34:15.860704Z,3390,245.1,4294,OK,OK,OK
2026-07-30T16:34:21.377640Z,3388,245.2,4294,OK,OK,OK
2026-07-30T16:34:26.832712Z,3387,245.1,4294,OK,OK,OK
2026-07-30T16:34:32.346911Z,3385,245.0,4294,OK,OK,OK
2026-07-30T16:34:37.829498Z,3405,244.9,4294,OK,OK,OK
2026-07-30T16:34:43.322157Z,3376,245.1,4294,OK,OK,OK
2026-07-30T16:34:48.825655Z,3370,245.1,4294,OK,OK,OK
2026-07-30T16:34:54.327676Z,3361,244.9,4294,OK,OK,OK
2026-07-30T16:34:59.817561Z,3374,245.1,4294,OK,OK,OK
2026-07-30T16:35:05.310238Z,3414,245.2,4294,OK,OK,OK
2026-07-30T16:35:10.779086Z,3375,245.2,4294,OK,OK,OK
2026-07-30T16:35:16.253396Z,3378,245.1,4294,OK,OK,OK
2026-07-30T16:35:21.687371Z,3382,245.1,4294,OK,OK,OK
2026-07-30T16:35:27.172287Z,3406,245.0,4294,OK,OK,OK
2026-07-30T16:35:32.666370Z,3401,245.1,4294,OK,OK,OK
2026-07-30T16:35:38.191887Z,3380,245.1,4294,OK,OK,OK
2026-07-30T16:35:43.648524Z,3378,245.1,4294,OK,OK,OK
2026-07-30T16:35:49.112278Z,3397,245.1,4294,OK,OK,OK
2026-07-30T16:35:54.599731Z,3380,245.1,4294,OK,OK,OK
2026-07-30T16:36:00.061529Z,3369,245.1,4294,OK,OK,OK
2026-07-30T16:36:05.532360Z,3373,245.1,4294,OK,OK,OK
2026-07-30T16:36:11.016327Z,3365,245.0,4218,OK,OK,OK
2026-07-30T16:36:16.516730Z,3369,245.1,4218,OK,OK,OK
2026-07-30T16:36:21.988125Z,3383,245.7,4218,OK,OK,OK
2026-07-30T16:36:27.458096Z,3378,245.5,4218,OK,OK,OK
2026-07-30T16:36:32.926311Z,3378,245.4,4218,OK,OK,OK
2026-07-30T16:36:38.414590Z,3373,245.7,4218,OK,OK,OK
2026-07-30T16:36:43.854623Z,3370,245.6,4218,OK,OK,OK
2026-07-30T16:36:49.324516Z,3375,245.6,4218,OK,OK,OK
2026-07-30T16:36:54.820280Z,3400,245.7,4218,OK,OK,OK
2026-07-30T16:37:00.299547Z,3372,245.7,4218,OK,OK,OK
2026-07-30T16:37:05.809194Z,1913,246.4,4218,OK,OK,OK
2026-07-30T16:37:11.249716Z,1913,246.4,4218,OK,OK,OK
2026-07-30T16:37:16.719190Z,1897,246.4,4218,OK,OK,OK
2026-07-30T16:37:22.221233Z,1910,246.4,4218,OK,OK,OK
2026-07-30T16:37:27.709972Z,1917,246.2,4218,OK,OK,OK
2026-07-30T16:37:33.196051Z,1899,246.4,4218,OK,OK,OK
2026-07-30T16:37:38.679448Z,2066,246.4,4218,OK,OK,OK
2026-07-30T16:37:44.144933Z,2026,246.3,4218,OK,OK,OK
2026-07-30T16:37:49.682288Z,2029,246.7,4218,OK,OK,OK
2026-07-30T16:37:55.146543Z,2013,246.7,4218,OK,OK,OK
2026-07-30T16:38:00.649825Z,2023,246.6,4218,OK,OK,OK
2026-07-30T16:38:06.108406Z,2032,246.7,4218,OK,OK,OK
2026-07-30T16:38:11.625229Z,2034,246.7,4218,OK,OK,OK
2026-07-30T16:38:17.083217Z,1924,246.8,4218,OK,OK,OK
2026-07-30T16:38:22.562526Z,1908,246.9,4218,OK,OK,OK
2026-07-30T16:38:28.063738Z,1906,246.9,4218,OK,OK,OK
2026-07-30T16:38:33.534522Z,1900,246.8,4218,OK,OK,OK
2026-07-30T16:38:38.997805Z,1877,246.9,4218,OK,OK,OK
2026-07-30T16:38:44.446994Z,1875,246.9,4218,OK,OK,OK
2026-07-30T16:38:49.969615Z,1891,246.9,4218,OK,OK,OK
2026-07-30T16:38:55.444032Z,1897,246.8,4218,OK,OK,OK
2026-07-30T16:39:00.982898Z,1763,246.9,4218,OK,OK,OK
2026-07-30T16:39:06.455801Z,1771,246.9,4218,OK,OK,OK
2026-07-30T16:39:11.963609Z,1771,246.8,4218,OK,OK,OK
2026-07-30T16:39:17.421796Z,1791,247.1,4218,OK,OK,OK
2026-07-30T16:39:22.890654Z,1791,247.2,4218,OK,OK,OK
2026-07-30T16:39:28.352071Z,1782,247.2,4218,OK,OK,OK
2026-07-30T16:39:33.822420Z,1766,247.2,4218,OK,OK,OK
2026-07-30T16:39:39.306318Z,1764,247.3,4218,OK,OK,OK
2026-07-30T16:39:44.820907Z,1809,247.2,4218,OK,OK,OK
2026-07-30T16:39:50.301406Z,1780,247.4,4218,OK,OK,OK
2026-07-30T16:39:55.834846Z,1790,247.5,4218,OK,OK,OK
2026-07-30T16:40:01.348588Z,1782,247.2,4218,OK,OK,OK
2026-07-30T16:40:06.819081Z,1789,247.5,4218,OK,OK,OK
2026-07-30T16:40:12.333651Z,1793,247.5,4218,OK,OK,OK
2026-07-30T16:40:17.830115Z,1796,247.5,4218,OK,OK,OK
2026-07-30T16:40:23.324251Z,1789,247.5,4218,OK,OK,OK
2026-07-30T16:40:28.778767Z,1788,247.5,4218,OK,OK,OK
2026-07-30T16:40:34.255923Z,1765,247.5,4218,OK,OK,OK
2026-07-30T16:40:39.734588Z,1785,247.5,4218,OK,OK,OK
2026-07-30T16:40:45.214580Z,1777,247.5,4218,OK,OK,OK
2026-07-30T16:40:50.698773Z,1758,247.6,4218,OK,OK,OK
2026-07-30T16:40:56.182918Z,1756,247.7,4218,OK,OK,OK
2026-07-30T16:41:01.646828Z,1764,247.5,4218,OK,OK,OK
2026-07-30T16:41:07.113853Z,1727,247.9,4218,OK,OK,OK
2026-07-30T16:41:12.565911Z,1727,247.8,4218,OK,OK,OK
2026-07-30T16:41:18.044359Z,1742,247.9,4218,OK,OK,OK
2026-07-30T16:41:23.527742Z,1732,247.7,4218,OK,OK,OK
2026-07-30T16:41:29.021173Z,1751,247.8,4218,OK,OK,OK
2026-07-30T16:41:34.495565Z,1728,247.9,4218,OK,OK,OK
2026-07-30T16:41:39.954635Z,1739,247.9,4218,OK,OK,OK
2026-07-30T16:41:45.435527Z,1758,247.8,4218,OK,OK,OK
2026-07-30T16:41:50.874825Z,1734,247.9,4218,OK,OK,OK
2026-07-30T16:41:56.381331Z,1740,247.9,4218,OK,OK,OK
2026-07-30T16:42:01.855676Z,1748,247.9,4218,OK,OK,OK
2026-07-30T16:42:07.341128Z,1744,247.9,4218,OK,OK,OK
2026-07-30T16:42:12.852898Z,1762,247.9,4218,OK,OK,OK
2026-07-30T16:42:18.351066Z,1738,247.9,4218,OK,OK,OK
2026-07-30T16:42:23.853558Z,1668,248.0,4218,OK,OK,OK
2026-07-30T16:42:29.316086Z,1661,248.1,4218,OK,OK,OK
2026-07-30T16:42:34.781951Z,1675,248.1,4218,OK,OK,OK
2026-07-30T16:42:40.290109Z,1650,248.3,4218,OK,OK,OK
2026-07-30T16:42:45.760388Z,1648,248.3,4218,OK,OK,OK
2026-07-30T16:42:51.277538Z,1654,248.2,4218,OK,OK,OK
2026-07-30T16:42:56.776997Z,1659,248.2,4218,OK,OK,OK
2026-07-30T16:43:02.294422Z,1650,248.2,4218,OK,OK,OK
2026-07-30T16:43:07.797270Z,1644,248.2,4218,OK,OK,OK
2026-07-30T16:43:13.265361Z,1644,248.1,4218,OK,OK,OK
2026-07-30T16:43:18.771587Z,1645,248.2,4218,OK,OK,OK
2026-07-30T16:43:24.229235Z,1644,248.1,4218,OK,OK,OK
2026-07-30T16:43:29.722998Z,1663,248.0,4218,OK,OK,OK
2026-07-30T16:43:35.209208Z,1646,248.0,4218,OK,OK,OK
2026-07-30T16:43:40.680149Z,1640,247.9,4218,OK,OK,OK
2026-07-30T16:43:46.197936Z,1650,248.2,4218,OK,OK,OK
2026-07-30T16:43:51.693896Z,1639,247.9,4218,OK,OK,OK
2026-07-30T16:43:57.185689Z,1633,247.6,4218,OK,OK,OK
2026-07-30T16:44:02.656192Z,1642,247.5,4218,OK,OK,OK
2026-07-30T16:44:08.133382Z,1682,247.5,4218,OK,OK,OK
2026-07-30T16:44:13.639487Z,1679,247.5,4218,OK,OK,OK
2026-07-30T16:44:19.113250Z,1712,247.5,4218,OK,OK,OK
2026-07-30T16:44:24.580569Z,1684,247.3,4218,OK,OK,OK
2026-07-30T16:44:30.017737Z,1705,247.5,4218,OK,OK,OK
2026-07-30T16:44:35.464937Z,1699,247.5,4218,OK,OK,OK
2026-07-30T16:44:40.970984Z,1691,247.5,4218,OK,OK,OK
2026-07-30T16:44:46.430097Z,1656,247.3,4218,OK,OK,OK
2026-07-30T16:44:51.932232Z,1671,247.1,4218,OK,OK,OK
2026-07-30T16:44:57.414903Z,1706,247.1,4218,OK,OK,OK
2026-07-30T16:45:02.877428Z,1672,246.9,4218,OK,OK,OK
2026-07-30T16:45:08.419491Z,1662,246.9,4218,OK,OK,OK
2026-07-30T16:45:13.943321Z,1673,247.0,4218,OK,OK,OK
2026-07-30T16:45:19.419615Z,1666,246.9,4218,OK,OK,OK
2026-07-30T16:45:24.914804Z,1685,247.0,4218,OK,OK,OK
2026-07-30T16:45:30.390689Z,1687,246.7,4218,OK,OK,OK
2026-07-30T16:45:35.881051Z,1704,246.7,4218,OK,OK,OK
2026-07-30T16:45:41.389430Z,1681,246.7,4218,OK,OK,OK
2026-07-30T16:45:46.849793Z,1673,246.7,4218,OK,OK,OK
2026-07-30T16:45:52.298777Z,1700,246.7,4218,OK,OK,OK
2026-07-30T16:45:57.763527Z,1694,246.7,4218,OK,OK,OK
2026-07-30T16:46:03.245735Z,1717,246.7,4218,OK,OK,OK
2026-07-30T16:46:08.696088Z,1661,246.5,4218,OK,OK,OK
2026-07-30T16:46:14.161302Z,1685,246.6,4218,OK,OK,OK
2026-07-30T16:46:19.666678Z,1670,246.5,4218,OK,OK,OK
2026-07-30T16:46:25.128288Z,1827,246.5,4218,OK,OK,OK
2026-07-30T16:46:30.579778Z,1884,246.5,4218,OK,OK,OK
2026-07-30T16:46:36.074933Z,1851,246.5,4218,OK,OK,OK
2026-07-30T16:46:41.611658Z,1804,246.3,4218,OK,OK,OK
2026-07-30T16:46:47.124576Z,1805,246.5,4218,OK,OK,OK
2026-07-30T16:46:52.608552Z,1805,246.5,4218,OK,OK,OK
2026-07-30T16:46:58.097040Z,1804,246.5,4218,OK,OK,OK
2026-07-30T16:47:03.569477Z,1806,246.5,4218,OK,OK,OK
2026-07-30T16:47:09.017319Z,1728,246.4,4218,OK,OK,OK
2026-07-30T16:47:14.497515Z,1694,246.3,4218,OK,OK,OK
2026-07-30T16:47:19.931859Z,1677,246.3,4218,OK,OK,OK
2026-07-30T16:47:25.435672Z,1674,246.3,4218,OK,OK,OK
2026-07-30T16:47:30.865087Z,1703,246.3,4218,OK,OK,OK
2026-07-30T16:47:36.386342Z,1698,246.3,4218,OK,OK,OK
2026-07-30T16:47:41.860364Z,1679,246.3,4218,OK,OK,OK
2026-07-30T16:47:47.340251Z,1695,246.3,4218,OK,OK,OK
2026-07-30T16:47:52.834350Z,1704,246.3,4218,OK,OK,OK
2026-07-30T16:47:58.307665Z,1702,246.2,4218,OK,OK,OK
2026-07-30T16:48:03.812583Z,1698,246.0,4218,OK,OK,OK
2026-07-30T16:48:09.287148Z,1690,245.9,4218,OK,OK,OK
2026-07-30T16:48:14.751998Z,1704,245.9,4218,OK,OK,OK
2026-07-30T16:48:20.257472Z,1697,245.9,4218,OK,OK,OK
2026-07-30T16:48:25.776394Z,1699,245.9,4218,OK,OK,OK
2026-07-30T16:48:31.271866Z,1678,245.9,4218,OK,OK,OK
2026-07-30T16:48:36.768980Z,1688,246.1,4218,OK,OK,OK
2026-07-30T16:48:42.228234Z,1692,246.1,4218,OK,OK,OK
2026-07-30T16:48:47.711001Z,1709,246.1,4218,OK,OK,OK
2026-07-30T16:48:53.145824Z,1720,246.2,4218,OK,OK,OK
2026-07-30T16:48:58.656625Z,1700,246.1,4218,OK,OK,OK
2026-07-30T16:49:04.126327Z,1696,246.0,4218,OK,OK,OK
2026-07-30T16:49:09.594621Z,1705,246.1,4218,OK,OK,OK
2026-07-30T16:49:15.087664Z,1708,246.1,4218,OK,OK,OK
2026-07-30T16:49:20.593422Z,1707,246.1,4218,OK,OK,OK
2026-07-30T16:49:26.097537Z,1700,245.8,4218,OK,OK,OK
2026-07-30T16:49:31.568602Z,1684,245.8,4218,OK,OK,OK
2026-07-30T16:49:37.033521Z,1689,245.8,4218,OK,OK,OK
2026-07-30T16:49:42.500756Z,1694,245.9,4218,OK,OK,OK
2026-07-30T16:49:47.960235Z,1698,246.0,4218,OK,OK,OK
2026-07-30T16:49:53.409310Z,1688,245.9,4218,OK,OK,OK
2026-07-30T16:49:58.887301Z,1714,245.8,4218,OK,OK,OK
2026-07-30T16:50:04.334216Z,1664,246.0,4218,OK,OK,OK
2026-07-30T16:50:09.779296Z,1666,246.0,4218,OK,OK,OK
2026-07-30T16:50:15.309890Z,1674,246.0,4218,OK,OK,OK
2026-07-30T16:50:20.825444Z,1669,246.0,4218,OK,OK,OK
2026-07-30T16:50:26.330040Z,1671,246.0,4218,OK,OK,OK
2026-07-30T16:50:31.819355Z,1658,246.0,4218,OK,OK,OK
2026-07-30T16:50:37.311481Z,1662,246.1,4218,OK,OK,OK
2026-07-30T16:50:42.788854Z,1669,246.0,4218,OK,OK,OK
2026-07-30T16:50:48.275744Z,1668,246.0,4218,OK,OK,OK
2026-07-30T16:50:53.773471Z,1672,245.9,4218,OK,OK,OK
2026-07-30T16:50:59.251918Z,1668,246.0,4218,OK,OK,OK
2026-07-30T16:51:04.751089Z,1674,246.0,4218,OK,OK,OK
2026-07-30T16:51:10.201660Z,1660,246.2,4218,OK,OK,OK
2026-07-30T16:51:15.670802Z,1668,246.2,4218,OK,OK,OK
2026-07-30T16:51:21.148034Z,1672,246.2,2570,OK,OK,OK
2026-07-30T16:51:26.614610Z,1671,246.2,2570,OK,OK,OK
2026-07-30T16:51:32.084387Z,1666,246.2,2570,OK,OK,OK
2026-07-30T16:51:37.587715Z,1683,246.2,2570,OK,OK,OK
2026-07-30T16:51:43.093905Z,1659,246.2,2570,OK,OK,OK
2026-07-30T16:51:48.597195Z,1669,246.2,2570,OK,OK,OK
2026-07-30T16:51:54.087333Z,1678,246.2,2570,OK,OK,OK
2026-07-30T16:51:59.593848Z,1669,246.1,2570,OK,OK,OK
2026-07-30T16:52:05.089429Z,1696,246.0,2570,OK,OK,OK
2026-07-30T16:52:10.589367Z,1678,246.0,2570,OK,OK,OK
2026-07-30T16:52:16.089531Z,1673,246.0,2570,OK,OK,OK
2026-07-30T16:52:21.599742Z,1667,246.1,2570,OK,OK,OK
2026-07-30T16:52:27.078552Z,1682,246.0,2570,OK,OK,OK
2026-07-30T16:52:32.570026Z,1683,246.0,2570,OK,OK,OK
2026-07-30T16:52:38.027803Z,1812,246.1,2570,OK,OK,OK
2026-07-30T16:52:43.536478Z,1798,246.1,2570,OK,OK,OK
2026-07-30T16:52:48.974838Z,1807,246.1,2570,OK,OK,OK
2026-07-30T16:52:54.480669Z,1798,246.1,2570,OK,OK,OK
2026-07-30T16:52:59.938376Z,1814,246.1,2570,OK,OK,OK
2026-07-30T16:53:05.410371Z,1798,246.1,2570,OK,OK,OK
2026-07-30T16:53:10.903547Z,1790,246.1,2570,OK,OK,OK
2026-07-30T16:53:16.369323Z,1814,246.0,2570,OK,OK,OK
2026-07-30T16:53:21.862750Z,1797,245.9,2570,OK,OK,OK
2026-07-30T16:53:27.379211Z,1816,246.0,2570,OK,OK,OK
2026-07-30T16:53:32.834404Z,1822,245.9,2570,OK,OK,OK
2026-07-30T16:53:38.341084Z,1810,245.8,2570,OK,OK,OK
2026-07-30T16:53:43.836632Z,1810,245.8,2570,OK,OK,OK
2026-07-30T16:53:49.338197Z,1816,245.9,2570,OK,OK,OK
2026-07-30T16:53:54.833030Z,1815,245.9,2570,OK,OK,OK
2026-07-30T16:54:00.312542Z,1704,246.0,2570,OK,OK,OK
2026-07-30T16:54:05.810592Z,1688,246.0,2570,OK,OK,OK
2026-07-30T16:54:11.297140Z,1698,246.1,2570,OK,OK,OK
2026-07-30T16:54:16.789799Z,1695,246.2,2570,OK,OK,OK
2026-07-30T16:54:22.236934Z,1698,246.0,2570,OK,OK,OK
2026-07-30T16:54:27.720066Z,1699,246.0,2570,OK,OK,OK
2026-07-30T16:54:33.200897Z,1756,246.0,2570,OK,OK,OK
2026-07-30T16:54:38.668348Z,1715,246.0,2570,OK,OK,OK
2026-07-30T16:54:44.161304Z,1695,246.0,2570,OK,OK,OK
2026-07-30T16:54:49.636141Z,1699,246.0,2570,OK,OK,OK
2026-07-30T16:54:55.138603Z,1692,246.0,2570,OK,OK,OK
2026-07-30T16:55:00.614174Z,1698,246.0,2570,OK,OK,OK
2026-07-30T16:55:06.121982Z,1719,246.0,2570,OK,OK,OK
2026-07-30T16:55:11.596247Z,1703,246.1,2570,OK,OK,OK
2026-07-30T16:55:17.069453Z,1694,246.2,2570,OK,OK,OK
2026-07-30T16:55:22.541791Z,3099,245.4,2570,OK,OK,OK
2026-07-30T16:55:28.042821Z,3138,245.4,2570,OK,OK,OK
2026-07-30T16:55:33.473488Z,3143,245.4,2570,OK,OK,OK
2026-07-30T16:55:38.907286Z,3150,245.5,2570,OK,OK,OK
2026-07-30T16:55:44.405947Z,3156,245.4,2570,OK,OK,OK
2026-07-30T16:55:49.913282Z,3200,245.2,2570,OK,OK,OK
2026-07-30T16:55:55.409646Z,3184,245.3,2570,OK,OK,OK
2026-07-30T16:56:00.904353Z,3185,245.3,2570,OK,OK,OK
2026-07-30T16:56:06.392622Z,3188,245.3,2570,OK,OK,OK
2026-07-30T16:56:11.915057Z,3188,245.4,2570,OK,OK,OK
2026-07-30T16:56:17.422585Z,4163,244.9,2570,OK,OK,OK
2026-07-30T16:56:22.925587Z,4222,245.0,2570,OK,OK,OK
2026-07-30T16:56:28.409604Z,4198,245.0,2570,OK,OK,OK
2026-07-30T16:56:33.892709Z,4143,245.1,2570,OK,OK,OK
2026-07-30T16:56:39.356038Z,4176,245.2,2570,OK,OK,OK
2026-07-30T16:56:44.851453Z,3328,245.6,2570,OK,OK,OK
2026-07-30T16:56:50.339559Z,3294,245.6,2570,OK,OK,OK
2026-07-30T16:56:55.784484Z,3301,245.6,2570,OK,OK,OK
2026-07-30T16:57:01.273317Z,3291,245.7,2570,OK,OK,OK
2026-07-30T16:57:06.702774Z,3299,245.7,2570,OK,OK,OK
2026-07-30T16:57:12.205541Z,3260,245.6,2570,OK,OK,OK
2026-07-30T16:57:17.699607Z,3309,245.6,2570,OK,OK,OK
2026-07-30T16:57:23.149861Z,3293,245.6,2570,OK,OK,OK
2026-07-30T16:57:28.655208Z,3302,245.6,2570,OK,OK,OK
2026-07-30T16:57:34.166775Z,3316,245.7,2570,OK,OK,OK
2026-07-30T16:57:39.642525Z,3270,245.8,2570,OK,OK,OK
2026-07-30T16:57:45.094340Z,3270,245.8,2570,OK,OK,OK
2026-07-30T16:57:50.559503Z,3278,245.9,2570,OK,OK,OK
2026-07-30T16:57:56.037724Z,3283,245.8,2570,OK,OK,OK
2026-07-30T16:58:01.497467Z,3277,245.6,2570,OK,OK,OK
2026-07-30T16:58:06.943826Z,3282,245.9,2570,OK,OK,OK
2026-07-30T16:58:12.448128Z,3306,245.9,2570,OK,OK,OK
2026-07-30T16:58:17.906951Z,3270,245.9,2570,OK,OK,OK
2026-07-30T16:58:23.360582Z,3272,245.9,2570,OK,OK,OK
2026-07-30T16:58:28.855991Z,3287,245.8,2570,OK,OK,OK
2026-07-30T16:58:34.359542Z,3281,246.0,2570,OK,OK,OK
2026-07-30T16:58:39.809167Z,3270,245.9,2570,OK,OK,OK
2026-07-30T16:58:45.325438Z,3270,245.9,2570,OK,OK,OK
2026-07-30T16:58:50.803150Z,3293,245.9,2570,OK,OK,OK
2026-07-30T16:58:56.272120Z,3287,245.9,2570,OK,OK,OK
2026-07-30T16:59:01.762932Z,3287,245.9,2570,OK,OK,OK
2026-07-30T16:59:07.237465Z,3309,245.9,2570,OK,OK,OK
2026-07-30T16:59:12.727457Z,3379,245.9,2570,OK,OK,OK
2026-07-30T16:59:18.165121Z,3397,245.7,2570,OK,OK,OK
2026-07-30T16:59:23.673871Z,3440,245.6,2570,OK,OK,OK
2026-07-30T16:59:29.145030Z,3404,245.8,2570,OK,OK,OK
2026-07-30T16:59:34.664406Z,3453,245.9,2570,OK,OK,OK
2026-07-30T16:59:40.157140Z,3434,245.9,2570,OK,OK,OK
2026-07-30T16:59:45.651736Z,3422,246.1,2570,OK,OK,OK
2026-07-30T16:59:51.136927Z,3391,246.0,2570,OK,OK,OK
2026-07-30T16:59:56.656659Z,3399,245.9,2570,OK,OK,OK
2026-07-30T17:00:02.165509Z,3394,245.9,2570,OK,OK,OK
2026-07-30T17:00:07.658593Z,3384,245.9,2570,OK,OK,OK
2026-07-30T17:00:13.177467Z,3387,246.1,2570,OK,OK,OK
2026-07-30T17:00:18.648052Z,3389,246.1,2570,OK,OK,OK
2026-07-30T17:00:24.169361Z,3384,246.1,2570,OK,OK,OK
2026-07-30T17:00:29.648151Z,3389,246.1,2570,OK,OK,OK
2026-07-30T17:00:35.108698Z,3385,246.1,2570,OK,OK,OK
2026-07-30T17:00:40.573855Z,3384,246.2,2570,OK,OK,OK
2026-07-30T17:00:46.079868Z,3376,246.3,2570,OK,OK,OK
2026-07-30T17:00:51.585973Z,3388,246.3,2570,OK,OK,OK
2026-07-30T17:00:57.096747Z,3358,246.2,2570,OK,OK,OK
2026-07-30T17:01:02.576884Z,3377,246.2,2570,OK,OK,OK
2026-07-30T17:01:08.065452Z,3369,246.3,2570,OK,OK,OK
2026-07-30T17:01:13.520687Z,3363,246.3,2570,OK,OK,OK
2026-07-30T17:01:18.992108Z,3362,246.3,2570,OK,OK,OK
2026-07-30T17:01:24.478332Z,3368,246.3,2570,OK,OK,OK
2026-07-30T17:01:30.018883Z,3358,246.3,2570,OK,OK,OK
2026-07-30T17:01:35.538121Z,3428,246.5,2570,OK,OK,OK
2026-07-30T17:01:41.018111Z,3355,246.5,2570,OK,OK,OK
2026-07-30T17:01:46.519153Z,3389,246.5,2570,OK,OK,OK
2026-07-30T17:01:52.023312Z,3364,246.5,2570,OK,OK,OK
2026-07-30T17:01:57.519737Z,3386,246.5,2570,OK,OK,OK
2026-07-30T17:02:03.000739Z,3362,246.5,2570,OK,OK,OK
2026-07-30T17:02:08.501085Z,3348,246.5,2570,OK,OK,OK
2026-07-30T17:02:13.988073Z,3385,246.4,2570,OK,OK,OK
2026-07-30T17:02:19.443133Z,3356,246.5,2570,OK,OK,OK
2026-07-30T17:02:24.932227Z,3374,246.4,2570,OK,OK,OK
2026-07-30T17:02:30.449386Z,3420,246.5,2570,OK,OK,OK
2026-07-30T17:02:35.926863Z,3414,246.5,2570,OK,OK,OK
2026-07-30T17:02:41.386898Z,1864,247.1,2570,OK,OK,OK
2026-07-30T17:02:46.821252Z,1878,247.0,2570,OK,OK,OK
2026-07-30T17:02:52.315399Z,1874,247.0,2570,OK,OK,OK
2026-07-30T17:02:57.773808Z,1870,247.2,2570,OK,OK,OK
2026-07-30T17:03:03.310342Z,1972,247.1,2570,OK,OK,OK
2026-07-30T17:03:08.813343Z,1972,247.1,2570,OK,OK,OK
2026-07-30T17:03:14.333112Z,2028,247.1,2570,OK,OK,OK
2026-07-30T17:03:19.834481Z,2092,247.0,2570,OK,OK,OK
2026-07-30T17:03:25.336331Z,2104,246.8,2570,OK,OK,OK
2026-07-30T17:03:30.848967Z,2132,246.7,2570,OK,OK,OK
2026-07-30T17:03:36.324423Z,2150,246.7,2570,OK,OK,OK
2026-07-30T17:03:41.805344Z,2210,246.7,2570,OK,OK,OK
2026-07-30T17:03:47.309226Z,2164,246.7,2570,OK,OK,OK
2026-07-30T17:03:52.874757Z,2174,246.4,2570,OK,OK,OK
2026-07-30T17:03:58.361513Z,2167,246.5,2570,OK,OK,OK
2026-07-30T17:04:03.857460Z,2174,246.3,2570,OK,OK,OK
2026-07-30T17:04:09.371188Z,2182,246.3,2570,OK,OK,OK
2026-07-30T17:04:14.839031Z,2178,246.3,2570,OK,OK,OK
2026-07-30T17:04:20.347412Z,2149,246.3,2570,OK,OK,OK
2026-07-30T17:04:25.834980Z,2150,246.3,2570,OK,OK,OK
2026-07-30T17:04:31.320112Z,2155,246.3,2570,OK,OK,OK
2026-07-30T17:04:36.803068Z,2131,246.3,2570,OK,OK,OK
2026-07-30T17:04:42.234347Z,2150,246.2,2570,OK,OK,OK
2026-07-30T17:04:47.723460Z,2082,246.3,2570,OK,OK,OK
2026-07-30T17:04:53.197485Z,2051,246.1,2570,OK,OK,OK
2026-07-30T17:04:58.702380Z,2037,246.1,2570,OK,OK,OK
2026-07-30T17:05:04.211251Z,2033,246.1,2570,OK,OK,OK
2026-07-30T17:05:09.735677Z,2028,246.1,2570,OK,OK,OK
2026-07-30T17:05:15.230491Z,2015,246.1,2570,OK,OK,OK
2026-07-30T17:05:20.727498Z,1995,246.1,2570,OK,OK,OK
2026-07-30T17:05:26.211590Z,2018,246.1,2570,OK,OK,OK
2026-07-30T17:05:31.729274Z,1991,246.2,2570,OK,OK,OK
2026-07-30T17:05:37.237235Z,1990,246.2,2570,OK,OK,OK
2026-07-30T17:05:42.727270Z,1981,246.3,2570,OK,OK,OK
2026-07-30T17:05:48.232235Z,1992,246.6,2570,OK,OK,OK
2026-07-30T17:05:53.723490Z,1995,246.6,2570,OK,OK,OK
2026-07-30T17:05:59.230030Z,1985,246.6,2570,OK,OK,OK
2026-07-30T17:06:04.690811Z,1983,246.8,2570,OK,OK,OK
2026-07-30T17:06:10.158501Z,1981,246.6,2570,OK,OK,OK
2026-07-30T17:06:15.647924Z,1986,246.8,2570,OK,OK,OK
2026-07-30T17:06:21.177589Z,1980,246.8,2570,OK,OK,OK
2026-07-30T17:06:26.605125Z,1991,246.8,2570,OK,OK,OK
2026-07-30T17:06:32.107081Z,1975,246.7,5870,OK,OK,OK
2026-07-30T17:06:37.582935Z,2022,247.0,5870,OK,OK,OK
2026-07-30T17:06:43.021117Z,1975,247.1,5870,OK,OK,OK
2026-07-30T17:06:48.476287Z,1982,247.1,5870,OK,OK,OK
2026-07-30T17:06:53.958103Z,1976,247.1,5870,OK,OK,OK
2026-07-30T17:06:59.470752Z,1996,247.1,5870,OK,OK,OK
2026-07-30T17:07:04.949926Z,1988,247.3,5870,OK,OK,OK
2026-07-30T17:07:10.432930Z,1991,247.3,5870,OK,OK,OK
2026-07-30T17:07:15.898923Z,1988,247.5,5870,OK,OK,OK
2026-07-30T17:07:21.360757Z,2025,247.5,5870,OK,OK,OK
2026-07-30T17:07:26.795651Z,2019,247.6,5870,OK,OK,OK
2026-07-30T17:07:32.348307Z,2010,247.7,5870,OK,OK,OK
2026-07-30T17:07:37.851561Z,2014,247.7,5870,OK,OK,OK
2026-07-30T17:07:43.308537Z,2011,248.0,5870,OK,OK,OK
2026-07-30T17:07:48.756225Z,2028,248.0,5870,OK,OK,OK
2026-07-30T17:07:54.260850Z,2007,248.2,5870,OK,OK,OK
2026-07-30T17:07:59.706295Z,2027,248.2,5870,OK,OK,OK
2026-07-30T17:08:05.181097Z,2022,248.6,5870,OK,OK,OK
2026-07-30T17:08:10.649354Z,2015,248.7,5870,OK,OK,OK
2026-07-30T17:08:16.102444Z,2049,249.2,5870,OK,OK,OK
2026-07-30T17:08:21.592776Z,2024,249.4,5870,OK,OK,OK
2026-07-30T17:08:27.058177Z,2031,249.3,5870,OK,OK,OK
2026-07-30T17:08:32.548219Z,2040,249.3,5870,OK,OK,OK
2026-07-30T17:08:37.998734Z,2040,249.5,5870,OK,OK,OK
2026-07-30T17:08:43.478683Z,2027,249.7,5870,OK,OK,OK
2026-07-30T17:08:48.917020Z,2037,249.9,5870,OK,OK,OK
2026-07-30T17:08:54.422533Z,2016,249.7,5870,OK,OK,OK
2026-07-30T17:08:59.910196Z,2015,249.5,5870,OK,OK,OK
2026-07-30T17:09:05.377495Z,2023,248.7,5870,OK,OK,OK
2026-07-30T17:09:10.886130Z,2025,248.6,5870,OK,OK,OK
2026-07-30T17:09:16.375148Z,2028,248.6,5870,OK,OK,OK
2026-07-30T17:09:21.900070Z,2022,248.4,5870,OK,OK,OK
2026-07-30T17:09:27.382061Z,2011,248.4,5870,OK,OK,OK
2026-07-30T17:09:32.909368Z,2027,248.6,5870,OK,OK,OK
2026-07-30T17:09:38.368745Z,2017,248.7,5870,OK,OK,OK
2026-07-30T17:09:43.846846Z,2008,248.4,5870,OK,OK,OK
2026-07-30T17:09:49.293471Z,2042,248.7,5870,OK,OK,OK
2026-07-30T17:09:54.767953Z,2008,248.7,5870,OK,OK,OK
2026-07-30T17:10:00.214182Z,2012,248.7,5870,OK,OK,OK
2026-07-30T17:10:05.706369Z,2018,248.8,5870,OK,OK,OK
2026-07-30T17:10:11.195263Z,2013,248.9,5870,OK,OK,OK
2026-07-30T17:10:16.704556Z,2025,249.5,5870,OK,OK,OK
2026-07-30T17:10:22.162552Z,2027,249.8,5870,OK,OK,OK
2026-07-30T17:10:27.638841Z,2043,249.4,5870,OK,OK,OK
2026-07-30T17:10:33.130265Z,2017,248.9,5870,OK,OK,OK
2026-07-30T17:10:38.619717Z,2022,248.9,5870,OK,OK,OK
2026-07-30T17:10:44.104252Z,2026,248.9,5870,OK,OK,OK
2026-07-30T17:10:49.556183Z,2028,248.9,5870,OK,OK,OK
2026-07-30T17:10:55.060091Z,2020,249.0,5870,OK,OK,OK
2026-07-30T17:11:00.504272Z,2036,249.2,5870,OK,OK,OK
2026-07-30T17:11:05.957826Z,2004,249.8,5870,OK,OK,OK
2026-07-30T17:11:11.403420Z,2016,249.6,5870,OK,OK,OK
2026-07-30T17:11:16.886560Z,2047,249.5,5870,OK,OK,OK
2026-07-30T17:11:22.371507Z,2018,249.9,5870,OK,OK,OK
2026-07-30T17:11:27.861404Z,2038,249.5,5870,OK,OK,OK
2026-07-30T17:11:33.413178Z,2044,249.4,5870,OK,OK,OK
2026-07-30T17:11:38.880279Z,2021,249.5,5870,OK,OK,OK
2026-07-30T17:11:44.348902Z,2020,249.5,5870,OK,OK,OK
2026-07-30T17:11:49.852130Z,2007,249.1,5870,OK,OK,OK
2026-07-30T17:11:55.329482Z,2044,249.2,5870,OK,OK,OK
2026-07-30T17:12:00.831066Z,2038,248.7,5870,OK,OK,OK
2026-07-30T17:12:06.329977Z,1963,248.5,5870,OK,OK,OK
2026-07-30T17:12:11.816630Z,1901,248.5,5870,OK,OK,OK
2026-07-30T17:12:17.325874Z,1868,248.3,5870,OK,OK,OK
2026-07-30T17:12:22.818746Z,1891,248.2,5870,OK,OK,OK
2026-07-30T17:12:28.311319Z,1899,248.2,5870,OK,OK,OK
2026-07-30T17:12:33.750156Z,1887,248.0,5870,OK,OK,OK
2026-07-30T17:12:39.232571Z,1910,248.0,5870,OK,OK,OK
2026-07-30T17:12:44.696949Z,1891,247.9,5870,OK,OK,OK
2026-07-30T17:12:50.190754Z,1879,247.9,5870,OK,OK,OK
2026-07-30T17:12:55.662604Z,1882,247.8,5870,OK,OK,OK
2026-07-30T17:13:01.143648Z,1891,247.6,5870,OK,OK,OK
2026-07-30T17:13:06.610538Z,1880,247.5,5870,OK,OK,OK
2026-07-30T17:13:12.118975Z,1877,247.5,5870,OK,OK,OK
2026-07-30T17:13:17.594282Z,1899,247.5,5870,OK,OK,OK
2026-07-30T17:13:23.059419Z,1881,247.5,5870,OK,OK,OK
2026-07-30T17:13:28.539665Z,1914,247.3,5870,OK,OK,OK
2026-07-30T17:13:33.989507Z,1878,247.0,5870,OK,OK,OK
2026-07-30T17:13:39.507594Z,1879,247.3,5870,OK,OK,OK
2026-07-30T17:13:44.953320Z,1881,247.3,5870,OK,OK,OK
2026-07-30T17:13:50.425925Z,1868,247.1,5870,OK,OK,OK
2026-07-30T17:13:55.873064Z,1860,247.1,5870,OK,OK,OK
2026-07-30T17:14:01.342725Z,1876,247.0,5870,OK,OK,OK
2026-07-30T17:14:06.814806Z,1887,247.0,5870,OK,OK,OK
2026-07-30T17:14:12.320130Z,1853,247.1,5870,OK,OK,OK
2026-07-30T17:14:17.826992Z,1866,246.9,5870,OK,OK,OK
2026-07-30T17:14:23.301589Z,1872,247.0,5870,OK,OK,OK
2026-07-30T17:14:28.775552Z,1850,247.1,5870,OK,OK,OK
2026-07-30T17:14:34.221198Z,1862,247.0,5870,OK,OK,OK
2026-07-30T17:14:39.680803Z,1861,247.0,5870,OK,OK,OK
2026-07-30T17:14:45.145886Z,1860,246.9,5870,OK,OK,OK
2026-07-30T17:14:50.635552Z,1865,246.9,5870,OK,OK,OK
2026-07-30T17:14:56.111544Z,1861,246.9,5870,OK,OK,OK
2026-07-30T17:15:01.579174Z,1868,246.9,5870,OK,OK,OK
2026-07-30T17:15:07.061754Z,1859,246.9,5870,OK,OK,OK
2026-07-30T17:15:12.508169Z,1894,246.8,5870,OK,OK,OK
2026-07-30T17:15:18.015383Z,1859,246.8,5870,OK,OK,OK
2026-07-30T17:15:23.489926Z,1860,246.9,5870,OK,OK,OK
2026-07-30T17:15:28.994121Z,1869,247.1,5870,OK,OK,OK
2026-07-30T17:15:34.477460Z,1864,247.1,5870,OK,OK,OK
2026-07-30T17:15:39.988379Z,1868,247.1,5870,OK,OK,OK
2026-07-30T17:15:45.466732Z,1868,247.0,5870,OK,OK,OK
2026-07-30T17:15:50.960694Z,1850,247.0,5870,OK,OK,OK
2026-07-30T17:15:56.445724Z,1865,247.0,5870,OK,OK,OK
2026-07-30T17:16:01.949296Z,1848,247.0,5870,OK,OK,OK
2026-07-30T17:16:07.394366Z,1889,247.2,5870,OK,OK,OK
2026-07-30T17:16:12.870352Z,1856,247.1,5870,OK,OK,OK
2026-07-30T17:16:18.353222Z,1861,247.2,5870,OK,OK,OK
2026-07-30T17:16:23.848121Z,1882,247.1,5870,OK,OK,OK
2026-07-30T17:16:29.349214Z,1868,247.2,5870,OK,OK,OK
2026-07-30T17:16:34.825398Z,1850,247.1,5870,OK,OK,OK
2026-07-30T17:16:40.333937Z,1853,247.1,5870,OK,OK,OK
2026-07-30T17:16:45.787751Z,1861,247.1,5870,OK,OK,OK
2026-07-30T17:16:51.222149Z,1855,247.0,5870,OK,OK,OK
2026-07-30T17:16:56.669034Z,1856,247.1,5870,OK,OK,OK
2026-07-30T17:17:02.156189Z,1859,247.0,5870,OK,OK,OK
2026-07-30T17:17:07.634859Z,1849,247.1,5870,OK,OK,OK
2026-07-30T17:17:13.101541Z,1860,247.0,5870,OK,OK,OK
2026-07-30T17:17:18.582162Z,1858,247.0,5870,OK,OK,OK
2026-07-30T17:17:24.066678Z,1848,246.9,5870,OK,OK,OK
2026-07-30T17:17:29.547438Z,1862,247.1,5870,OK,OK,OK
2026-07-30T17:17:35.019004Z,1884,247.0,5870,OK,OK,OK
2026-07-30T17:17:40.494973Z,1864,247.0,5870,OK,OK,OK
2026-07-30T17:17:45.990854Z,1838,246.9,5870,OK,OK,OK
2026-07-30T17:17:51.486249Z,1848,247.1,5870,OK,OK,OK
2026-07-30T17:17:56.989375Z,1858,247.0,5870,OK,OK,OK
2026-07-30T17:18:02.458556Z,1883,247.0,5870,OK,OK,OK
2026-07-30T17:18:07.976711Z,1862,247.0,5870,OK,OK,OK
2026-07-30T17:18:13.404960Z,1857,247.0,5870,OK,OK,OK
2026-07-30T17:18:18.860387Z,1895,246.9,5870,OK,OK,OK
2026-07-30T17:18:24.340631Z,1841,247.0,5870,OK,OK,OK
2026-07-30T17:18:29.786859Z,1847,247.0,5870,OK,OK,OK
2026-07-30T17:18:35.283577Z,1845,247.0,5870,OK,OK,OK
2026-07-30T17:18:40.783026Z,1831,246.9,5870,OK,OK,OK
2026-07-30T17:18:46.235727Z,1846,247.1,5870,OK,OK,OK
2026-07-30T17:18:51.726967Z,1762,247.2,5870,OK,OK,OK
2026-07-30T17:18:57.223452Z,1758,247.2,5870,OK,OK,OK
2026-07-30T17:19:02.724073Z,1766,247.2,5870,OK,OK,OK
2026-07-30T17:19:08.221085Z,1762,247.2,5870,OK,OK,OK
2026-07-30T17:19:13.714793Z,1772,247.1,5870,OK,OK,OK
2026-07-30T17:19:19.217483Z,1762,247.2,5870,OK,OK,OK
2026-07-30T17:19:24.704741Z,1770,247.2,5870,OK,OK,OK
2026-07-30T17:19:30.157284Z,1807,247.1,5870,OK,OK,OK
2026-07-30T17:19:35.657802Z,1782,247.0,5870,OK,OK,OK
2026-07-30T17:19:41.126186Z,1779,247.0,5870,OK,OK,OK
2026-07-30T17:19:46.629754Z,1783,247.0,5870,OK,OK,OK
2026-07-30T17:19:52.086880Z,1776,247.0,5870,OK,OK,OK
2026-07-30T17:19:57.589466Z,1826,247.0,5870,OK,OK,OK
2026-07-30T17:20:03.033765Z,1766,246.9,5870,OK,OK,OK
2026-07-30T17:20:08.520464Z,1767,247.0,5870,OK,OK,OK
2026-07-30T17:20:13.967080Z,1767,246.9,5870,OK,OK,OK
2026-07-30T17:20:19.456829Z,1760,246.9,5870,OK,OK,OK
2026-07-30T17:20:24.972636Z,3223,246.3,5870,OK,OK,OK
2026-07-30T17:20:30.412269Z,3234,246.3,5870,OK,OK,OK
2026-07-30T17:20:35.907717Z,3244,246.3,5870,OK,OK,OK
2026-07-30T17:20:41.397471Z,3244,246.5,5870,OK,OK,OK
2026-07-30T17:20:46.908406Z,3245,246.3,5870,OK,OK,OK
2026-07-30T17:20:52.426489Z,3272,246.3,5870,OK,OK,OK
2026-07-30T17:20:57.910853Z,3287,246.4,5870,OK,OK,OK
2026-07-30T17:21:03.353774Z,3300,246.2,5870,OK,OK,OK
2026-07-30T17:21:08.857016Z,3279,246.2,5870,OK,OK,OK
2026-07-30T17:21:14.318227Z,3299,246.2,5870,OK,OK,OK
2026-07-30T17:21:19.805845Z,3299,246.2,5870,OK,OK,OK
2026-07-30T17:21:25.258575Z,3284,246.2,5870,OK,OK,OK
2026-07-30T17:21:30.748106Z,3338,246.2,5870,OK,OK,OK
2026-07-30T17:21:36.214723Z,3266,246.3,5870,OK,OK,OK
2026-07-30T17:21:41.665032Z,3254,246.3,5870,OK,OK,OK
2026-07-30T17:21:47.168437Z,3268,246.5,6969,OK,OK,OK
2026-07-30T17:21:52.711208Z,3270,246.5,6969,OK,OK,OK
2026-07-30T17:21:58.208995Z,3280,246.5,6969,OK,OK,OK
2026-07-30T17:22:03.721201Z,3278,246.5,6969,OK,OK,OK
2026-07-30T17:22:09.207125Z,3275,246.5,6969,OK,OK,OK
2026-07-30T17:22:14.700085Z,3254,246.5,6969,OK,OK,OK
2026-07-30T17:22:20.181249Z,3292,246.5,6969,OK,OK,OK
2026-07-30T17:22:25.687855Z,3289,246.3,6969,OK,OK,OK
2026-07-30T17:22:31.204359Z,3294,246.5,6969,OK,OK,OK
2026-07-30T17:22:36.717882Z,3263,246.5,6969,OK,OK,OK
2026-07-30T17:22:42.233414Z,3271,246.5,6969,OK,OK,OK
2026-07-30T17:22:47.710711Z,3269,246.5,6969,OK,OK,OK
2026-07-30T17:22:53.199110Z,3264,246.5,6969,OK,OK,OK
2026-07-30T17:22:58.684386Z,3316,246.5,6969,OK,OK,OK
2026-07-30T17:23:04.183317Z,3276,246.5,6969,OK,OK,OK
2026-07-30T17:23:09.666873Z,3288,246.5,6969,OK,OK,OK
2026-07-30T17:23:15.135638Z,3278,246.6,6969,OK,OK,OK
2026-07-30T17:23:20.620037Z,3282,246.3,6969,OK,OK,OK
2026-07-30T17:23:26.124591Z,3270,246.3,6969,OK,OK,OK
2026-07-30T17:23:31.565140Z,3302,246.4,6969,OK,OK,OK
2026-07-30T17:23:37.037441Z,3267,246.5,6969,OK,OK,OK
2026-07-30T17:23:42.496649Z,3276,246.3,6969,OK,OK,OK
2026-07-30T17:23:48.008328Z,3280,246.5,6969,OK,OK,OK
2026-07-30T17:23:53.509575Z,3300,246.5,6969,OK,OK,OK
2026-07-30T17:23:59.018087Z,3253,246.5,6969,OK,OK,OK
2026-07-30T17:24:04.474964Z,3261,246.5,6969,OK,OK,OK
2026-07-30T17:24:09.977631Z,3278,246.5,6969,OK,OK,OK
2026-07-30T17:24:15.483197Z,3286,246.5,6969,OK,OK,OK
2026-07-30T17:24:20.961766Z,3271,246.5,6969,OK,OK,OK
2026-07-30T17:24:26.449867Z,3278,246.4,6969,OK,OK,OK
2026-07-30T17:24:31.945983Z,3301,246.5,6969,OK,OK,OK
2026-07-30T17:24:37.399661Z,3277,246.5,6969,OK,OK,OK
2026-07-30T17:24:42.987512Z,3290,246.5,6969,OK,OK,OK
2026-07-30T17:24:48.445540Z,3272,246.5,6969,OK,OK,OK
2026-07-30T17:24:53.945943Z,3280,246.2,6969,OK,OK,OK
2026-07-30T17:24:59.410312Z,3280,246.2,6969,OK,OK,OK
2026-07-30T17:25:04.918210Z,3291,246.3,6969,OK,OK,OK
2026-07-30T17:25:10.371448Z,3276,246.4,6969,OK,OK,OK
2026-07-30T17:25:15.807382Z,3274,246.4,6969,OK,OK,OK
2026-07-30T17:25:21.295172Z,3278,246.3,6969,OK,OK,OK
2026-07-30T17:25:26.787274Z,3278,246.3,6969,OK,OK,OK
2026-07-30T17:25:32.344160Z,3272,246.3,6969,OK,OK,OK
2026-07-30T17:25:37.799569Z,3279,246.2,6969,OK,OK,OK
2026-07-30T17:25:43.305751Z,3277,246.4,6969,OK,OK,OK
2026-07-30T17:25:48.792400Z,3289,246.3,6969,OK,OK,OK
2026-07-30T17:25:54.290953Z,3302,246.3,6969,OK,OK,OK
2026-07-30T17:25:59.755280Z,3287,246.3,6969,OK,OK,OK
2026-07-30T17:26:05.226682Z,3288,246.3,6969,OK,OK,OK
2026-07-30T17:26:10.676519Z,3284,246.2,6969,OK,OK,OK
2026-07-30T17:26:16.160465Z,3272,246.3,6969,OK,OK,OK
2026-07-30T17:26:21.657538Z,3282,246.2,6969,OK,OK,OK
2026-07-30T17:26:27.136550Z,3284,246.3,6969,OK,OK,OK
2026-07-30T17:26:32.621820Z,3283,246.4,6969,OK,OK,OK
2026-07-30T17:26:38.041386Z,3282,246.4,6969,OK,OK,OK
2026-07-30T17:26:43.520008Z,3273,246.4,6969,OK,OK,OK
2026-07-30T17:26:48.971389Z,3322,246.4,6969,OK,OK,OK
2026-07-30T17:26:54.466992Z,3285,246.4,6969,OK,OK,OK
2026-07-30T17:26:59.922454Z,3348,246.5,6969,OK,OK,OK
2026-07-30T17:27:05.443405Z,3275,246.5,6969,OK,OK,OK
2026-07-30T17:27:10.926766Z,3274,246.6,6969,OK,OK,OK
2026-07-30T17:27:16.419666Z,3260,246.4,6969,OK,OK,OK
2026-07-30T17:27:21.864800Z,3300,246.4,6969,OK,OK,OK
2026-07-30T17:27:27.352566Z,3278,246.2,6969,OK,OK,OK
2026-07-30T17:27:32.829313Z,3254,246.2,6969,OK,OK,OK
2026-07-30T17:27:38.296932Z,3280,246.4,6969,OK,OK,OK
2026-07-30T17:27:43.791740Z,3274,246.4,6969,OK,OK,OK
2026-07-30T17:27:49.284181Z,3275,246.2,6969,OK,OK,OK
2026-07-30T17:27:54.803793Z,3267,246.2,6969,OK,OK,OK
2026-07-30T17:28:00.256038Z,3297,246.2,6969,OK,OK,OK
2026-07-30T17:28:05.793966Z,1779,246.7,6969,OK,OK,OK
2026-07-30T17:28:11.274775Z,1762,246.8,6969,OK,OK,OK
2026-07-30T17:28:16.747256Z,1744,246.8,6969,OK,OK,OK
2026-07-30T17:28:22.216382Z,1776,246.7,6969,OK,OK,OK
2026-07-30T17:28:27.701383Z,1770,246.6,6969,OK,OK,OK
2026-07-30T17:28:33.200325Z,1765,246.7,6969,OK,OK,OK
2026-07-30T17:28:38.666517Z,1759,246.8,6969,OK,OK,OK
2026-07-30T17:28:44.124717Z,1762,246.7,6969,OK,OK,OK
2026-07-30T17:28:49.649598Z,1760,246.7,6969,OK,OK,OK
2026-07-30T17:28:55.125791Z,1758,246.7,6969,OK,OK,OK
2026-07-30T17:29:00.604593Z,1762,246.8,6969,OK,OK,OK
2026-07-30T17:29:06.108855Z,1758,246.9,6969,OK,OK,OK
2026-07-30T17:29:11.587475Z,1769,246.8,6969,OK,OK,OK
2026-07-30T17:29:17.086301Z,1762,246.8,6969,OK,OK,OK
2026-07-30T17:29:22.590174Z,1767,246.8,6969,OK,OK,OK
2026-07-30T17:29:28.079193Z,1758,246.8,6969,OK,OK,OK
2026-07-30T17:29:33.537656Z,1774,246.7,6969,OK,OK,OK
2026-07-30T17:29:38.999033Z,1774,246.8,6969,OK,OK,OK
2026-07-30T17:29:44.433658Z,1753,246.9,6969,OK,OK,OK
2026-07-30T17:29:49.925502Z,1775,246.9,6969,OK,OK,OK
2026-07-30T17:29:55.399426Z,1779,246.8,6969,OK,OK,OK
2026-07-30T17:30:00.852647Z,1755,246.9,6969,OK,OK,OK
2026-07-30T17:30:06.298500Z,1771,246.8,6969,OK,OK,OK
2026-07-30T17:30:11.782484Z,1780,246.8,6969,OK,OK,OK
2026-07-30T17:30:17.248241Z,1804,246.9,6969,OK,OK,OK
2026-07-30T17:30:22.738346Z,1889,247.0,6969,OK,OK,OK
2026-07-30T17:30:28.228148Z,1839,247.0,6969,OK,OK,OK
2026-07-30T17:30:33.731691Z,1945,246.9,6969,OK,OK,OK
2026-07-30T17:30:39.219228Z,1955,247.0,6969,OK,OK,OK
2026-07-30T17:30:44.697481Z,2023,247.0,6969,OK,OK,OK
2026-07-30T17:30:50.201496Z,2040,247.0,6969,OK,OK,OK
2026-07-30T17:30:55.665814Z,2058,246.9,6969,OK,OK,OK
2026-07-30T17:31:01.123147Z,2070,246.8,6969,OK,OK,OK
2026-07-30T17:31:06.630860Z,2107,246.9,6969,OK,OK,OK
2026-07-30T17:31:12.101255Z,2108,246.9,6969,OK,OK,OK
2026-07-30T17:31:17.585866Z,2104,246.9,6969,OK,OK,OK
2026-07-30T17:31:23.095663Z,2093,246.9,6969,OK,OK,OK
2026-07-30T17:31:28.582821Z,2117,247.0,6969,OK,OK,OK
2026-07-30T17:31:34.103104Z,2081,246.9,6969,OK,OK,OK
2026-07-30T17:31:39.573178Z,2045,246.9,6969,OK,OK,OK
2026-07-30T17:31:45.059115Z,2040,247.0,6969,OK,OK,OK
2026-07-30T17:31:50.509900Z,2030,247.0,6969,OK,OK,OK
2026-07-30T17:31:56.002113Z,2058,247.2,6969,OK,OK,OK
2026-07-30T17:32:01.473589Z,2045,247.2,6969,OK,OK,OK
2026-07-30T17:32:06.958725Z,2005,247.2,6969,OK,OK,OK
2026-07-30T17:32:12.453357Z,1945,247.3,6969,OK,OK,OK
2026-07-30T17:32:17.959394Z,1927,247.1,6969,OK,OK,OK
2026-07-30T17:32:23.446692Z,1945,247.3,6969,OK,OK,OK
2026-07-30T17:32:28.975975Z,1955,247.2,6969,OK,OK,OK
2026-07-30T17:32:34.446074Z,1889,247.3,6969,OK,OK,OK
2026-07-30T17:32:39.896594Z,1920,247.3,6969,OK,OK,OK
2026-07-30T17:32:45.362722Z,1903,247.3,6969,OK,OK,OK
2026-07-30T17:32:50.846128Z,1906,247.3,6969,OK,OK,OK
2026-07-30T17:32:56.352596Z,1914,247.7,6969,OK,OK,OK
2026-07-30T17:33:01.853842Z,1901,247.5,6969,OK,OK,OK
2026-07-30T17:33:07.393349Z,1901,247.4,6969,OK,OK,OK
2026-07-30T17:33:12.871562Z,1909,247.3,6969,OK,OK,OK
2026-07-30T17:33:18.363712Z,1908,247.3,6969,OK,OK,OK
2026-07-30T17:33:23.794981Z,1911,247.4,6969,OK,OK,OK
2026-07-30T17:33:29.281701Z,1917,247.4,6969,OK,OK,OK
2026-07-30T17:33:34.751494Z,1903,247.4,6969,OK,OK,OK
2026-07-30T17:33:40.234282Z,1951,247.3,6969,OK,OK,OK
2026-07-30T17:33:45.728828Z,1904,247.3,6969,OK,OK,OK
2026-07-30T17:33:51.233167Z,1904,247.4,6969,OK,OK,OK
2026-07-30T17:33:56.755619Z,1893,247.4,6969,OK,OK,OK
2026-07-30T17:34:02.283367Z,1955,247.2,6969,OK,OK,OK
2026-07-30T17:34:07.756747Z,1904,247.4,6969,OK,OK,OK
2026-07-30T17:34:13.248243Z,1910,247.3,6969,OK,OK,OK
2026-07-30T17:34:18.741260Z,1896,247.2,6969,OK,OK,OK
2026-07-30T17:34:24.178969Z,1901,247.2,6969,OK,OK,OK
2026-07-30T17:34:29.704063Z,1900,247.2,6969,OK,OK,OK
2026-07-30T17:34:35.166667Z,1893,247.2,6969,OK,OK,OK
2026-07-30T17:34:40.663089Z,1904,247.2,6969,OK,OK,OK
2026-07-30T17:34:46.154516Z,1902,247.1,6969,OK,OK,OK
2026-07-30T17:34:51.631453Z,1902,247.1,6969,OK,OK,OK
2026-07-30T17:34:57.080152Z,1908,247.1,6969,OK,OK,OK
2026-07-30T17:35:02.547148Z,1907,247.1,6969,OK,OK,OK
2026-07-30T17:35:08.059061Z,1889,247.1,6969,OK,OK,OK
2026-07-30T17:35:13.583941Z,2000,246.9,6969,OK,OK,OK
2026-07-30T17:35:19.072707Z,1997,247.0,6969,OK,OK,OK
2026-07-30T17:35:24.539004Z,2000,246.7,6969,OK,OK,OK
2026-07-30T17:35:29.971619Z,2009,246.9,6969,OK,OK,OK
2026-07-30T17:35:35.478662Z,2002,247.1,6969,OK,OK,OK
2026-07-30T17:35:40.969969Z,2009,246.9,6969,OK,OK,OK
2026-07-30T17:35:46.418304Z,2012,246.9,6969,OK,OK,OK
2026-07-30T17:35:51.911729Z,2004,246.9,6969,OK,OK,OK
2026-07-30T17:35:57.383508Z,2006,246.9,6969,OK,OK,OK
2026-07-30T17:36:02.868740Z,2014,247.0,6969,OK,OK,OK
2026-07-30T17:36:08.316287Z,2010,246.9,6969,OK,OK,OK
2026-07-30T17:36:13.836178Z,1999,246.9,6969,OK,OK,OK
2026-07-30T17:36:19.294717Z,2009,246.9,6969,OK,OK,OK
2026-07-30T17:36:24.794471Z,1989,246.9,6969,OK,OK,OK
2026-07-30T17:36:30.311121Z,1995,246.9,6969,OK,OK,OK
2026-07-30T17:36:35.793842Z,2002,246.9,6969,OK,OK,OK
2026-07-30T17:36:41.271397Z,1981,246.5,6969,OK,OK,OK
2026-07-30T17:36:46.748041Z,1985,246.2,6969,OK,OK,OK
2026-07-30T17:36:52.237770Z,1986,246.2,6969,OK,OK,OK
2026-07-30T17:36:57.726210Z,1990,246.2,5821,OK,OK,OK
2026-07-30T17:37:03.170236Z,1980,246.2,5821,OK,OK,OK
2026-07-30T17:37:08.635925Z,1996,246.2,5821,OK,OK,OK
2026-07-30T17:37:14.183661Z,1984,246.2,5821,OK,OK,OK
2026-07-30T17:37:19.630706Z,1973,246.2,5821,OK,OK,OK
2026-07-30T17:37:25.091539Z,1983,246.2,5821,OK,OK,OK
2026-07-30T17:37:30.563983Z,1989,246.2,5821,OK,OK,OK
2026-07-30T17:37:36.013967Z,1988,246.2,5821,OK,OK,OK
2026-07-30T17:37:41.520131Z,1977,246.2,5821,OK,OK,OK
2026-07-30T17:37:47.006633Z,1972,246.1,5821,OK,OK,OK
2026-07-30T17:37:52.465030Z,1984,246.1,5821,OK,OK,OK
2026-07-30T17:37:57.915694Z,1979,246.1,5821,OK,OK,OK
2026-07-30T17:38:03.382170Z,1972,246.0,5821,OK,OK,OK
2026-07-30T17:38:08.904907Z,1980,245.8,5821,OK,OK,OK
2026-07-30T17:38:14.386988Z,1992,246.0,5821,OK,OK,OK
2026-07-30T17:38:19.825016Z,1980,246.1,5821,OK,OK,OK
2026-07-30T17:38:25.330971Z,1985,246.0,5821,OK,OK,OK
2026-07-30T17:38:30.806077Z,1978,246.0,5821,OK,OK,OK
2026-07-30T17:38:36.271964Z,1999,246.0,5821,OK,OK,OK
2026-07-30T17:38:41.743049Z,1995,246.0,5821,OK,OK,OK
2026-07-30T17:38:47.274611Z,1981,246.0,5821,OK,OK,OK
2026-07-30T17:38:52.756054Z,2003,246.0,5821,OK,OK,OK
2026-07-30T17:38:58.234764Z,2014,246.0,5821,OK,OK,OK
2026-07-30T17:39:03.738713Z,1978,245.9,5821,OK,OK,OK
2026-07-30T17:39:09.214581Z,1982,245.8,5821,OK,OK,OK
2026-07-30T17:39:14.706879Z,1988,245.7,5821,OK,OK,OK
2026-07-30T17:39:20.214164Z,1987,245.8,5821,OK,OK,OK
2026-07-30T17:39:25.688477Z,1968,245.8,5821,OK,OK,OK
2026-07-30T17:39:31.179173Z,1981,245.6,5821,OK,OK,OK
2026-07-30T17:39:36.686855Z,1972,245.7,5821,OK,OK,OK
2026-07-30T17:39:42.167598Z,1985,245.6,5821,OK,OK,OK
2026-07-30T17:39:47.662389Z,1995,245.7,5821,OK,OK,OK
2026-07-30T17:39:53.165428Z,1974,245.6,5821,OK,OK,OK
2026-07-30T17:39:58.635253Z,1974,245.5,5821,OK,OK,OK
2026-07-30T17:40:04.121487Z,1976,245.5,5821,OK,OK,OK
2026-07-30T17:40:09.581160Z,1978,245.6,5821,OK,OK,OK
2026-07-30T17:40:15.064523Z,1999,245.5,5821,OK,OK,OK
2026-07-30T17:40:20.580031Z,1987,245.7,5821,OK,OK,OK
2026-07-30T17:40:26.062433Z,1986,245.7,5821,OK,OK,OK
2026-07-30T17:40:31.571218Z,1979,245.7,5821,OK,OK,OK
2026-07-30T17:40:37.060932Z,1976,245.6,5821,OK,OK,OK
2026-07-30T17:40:42.544745Z,1964,245.7,5821,OK,OK,OK
2026-07-30T17:40:48.005922Z,1983,245.7,5821,OK,OK,OK
2026-07-30T17:40:53.499402Z,1980,245.7,5821,OK,OK,OK
2026-07-30T17:40:59.013755Z,1968,245.5,5821,OK,OK,OK
2026-07-30T17:41:04.467413Z,1965,245.5,5821,OK,OK,OK
2026-07-30T17:41:09.963424Z,1963,245.4,5821,OK,OK,OK
2026-07-30T17:41:15.433175Z,1978,245.5,5821,OK,OK,OK
2026-07-30T17:41:20.939154Z,1973,246.0,5821,OK,OK,OK
2026-07-30T17:41:26.412099Z,1976,246.1,5821,OK,OK,OK
2026-07-30T17:41:31.927776Z,1974,246.1,5821,OK,OK,OK
2026-07-30T17:41:37.398887Z,1997,246.1,5821,OK,OK,OK
2026-07-30T17:41:42.878422Z,1987,246.1,5821,OK,OK,OK
2026-07-30T17:41:48.342724Z,1980,246.1,5821,OK,OK,OK
2026-07-30T17:41:53.847383Z,1993,246.0,5821,OK,OK,OK
2026-07-30T17:41:59.353568Z,2002,246.0,5821,OK,OK,OK
2026-07-30T17:42:04.881776Z,1989,246.0,5821,OK,OK,OK
2026-07-30T17:42:10.366143Z,1992,246.0,5821,OK,OK,OK
2026-07-30T17:42:15.853691Z,1995,246.0,5821,OK,OK,OK
2026-07-30T17:42:21.363605Z,1993,246.1,5821,OK,OK,OK
2026-07-30T17:42:26.829193Z,2002,246.1,5821,OK,OK,OK
2026-07-30T17:42:32.310818Z,1998,246.1,5821,OK,OK,OK
2026-07-30T17:42:37.797783Z,1986,246.3,5821,OK,OK,OK
2026-07-30T17:42:43.289826Z,1994,246.1,5821,OK,OK,OK
2026-07-30T17:42:48.742246Z,1997,246.3,5821,OK,OK,OK
2026-07-30T17:42:54.228897Z,2000,246.6,5821,OK,OK,OK
2026-07-30T17:42:59.721559Z,2007,246.6,5821,OK,OK,OK
2026-07-30T17:43:05.213950Z,2004,246.8,5821,OK,OK,OK
2026-07-30T17:43:10.698854Z,1999,246.9,5821,OK,OK,OK
2026-07-30T17:43:16.168967Z,2012,246.9,5821,OK,OK,OK
2026-07-30T17:43:21.620052Z,2002,247.0,5821,OK,OK,OK
2026-07-30T17:43:27.140972Z,2000,246.9,5821,OK,OK,OK
2026-07-30T17:43:32.614754Z,1999,247.0,5821,OK,OK,OK
2026-07-30T17:43:38.082507Z,1998,247.2,5821,OK,OK,OK
2026-07-30T17:43:43.585445Z,2004,247.2,5821,OK,OK,OK
2026-07-30T17:43:49.101344Z,2053,247.2,5821,OK,OK,OK
2026-07-30T17:43:54.577758Z,2008,247.2,5821,OK,OK,OK
2026-07-30T17:44:00.068670Z,2000,247.2,5821,OK,OK,OK
2026-07-30T17:44:05.579997Z,2009,247.2,5821,OK,OK,OK
2026-07-30T17:44:11.038125Z,2023,247.4,5821,OK,OK,OK
2026-07-30T17:44:16.511145Z,2006,247.4,5821,OK,OK,OK
2026-07-30T17:44:21.986928Z,2008,247.4,5821,OK,OK,OK
2026-07-30T17:44:27.488353Z,2011,247.4,5821,OK,OK,OK
2026-07-30T17:44:32.967400Z,2140,247.3,5821,OK,OK,OK
2026-07-30T17:44:38.476262Z,2124,247.3,5821,OK,OK,OK
2026-07-30T17:44:43.968093Z,2174,247.1,5821,OK,OK,OK
2026-07-30T17:44:49.487586Z,2125,247.2,5821,OK,OK,OK
2026-07-30T17:44:55.023413Z,2119,247.3,5821,OK,OK,OK
2026-07-30T17:45:00.532243Z,2153,247.3,5821,OK,OK,OK
2026-07-30T17:45:06.025145Z,2132,247.3,5821,OK,OK,OK
2026-07-30T17:45:11.507763Z,2116,247.3,5821,OK,OK,OK
2026-07-30T17:45:17.011309Z,2123,247.3,5821,OK,OK,OK
2026-07-30T17:45:22.556507Z,3519,246.7,5821,OK,OK,OK
2026-07-30T17:45:28.032777Z,3635,246.8,5821,OK,OK,OK
2026-07-30T17:45:33.540824Z,3621,246.7,5821,OK,OK,OK
2026-07-30T17:45:38.977277Z,3626,246.7,5821,OK,OK,OK
2026-07-30T17:45:44.471451Z,3605,246.7,5821,OK,OK,OK
2026-07-30T17:45:49.925925Z,3629,246.6,5821,OK,OK,OK
2026-07-30T17:45:55.401681Z,3688,246.7,5821,OK,OK,OK
2026-07-30T17:46:00.887319Z,3563,246.6,5821,OK,OK,OK
2026-07-30T17:46:06.381630Z,3561,246.6,5821,OK,OK,OK
2026-07-30T17:46:11.899601Z,3550,246.8,5821,OK,OK,OK
2026-07-30T17:46:17.380065Z,3539,246.6,5821,OK,OK,OK
2026-07-30T17:46:22.881969Z,3539,246.6,5821,OK,OK,OK
2026-07-30T17:46:28.336326Z,3546,246.7,5821,OK,OK,OK
2026-07-30T17:46:33.857077Z,3538,246.8,5821,OK,OK,OK
2026-07-30T17:46:39.315290Z,3545,246.9,5821,OK,OK,OK
2026-07-30T17:46:44.819093Z,3533,246.9,5821,OK,OK,OK
2026-07-30T17:46:50.302372Z,3536,246.8,5821,OK,OK,OK
2026-07-30T17:46:55.789541Z,3533,246.9,5821,OK,OK,OK
2026-07-30T17:47:01.275090Z,3539,246.8,5821,OK,OK,OK
2026-07-30T17:47:06.796069Z,3539,246.8,5821,OK,OK,OK
2026-07-30T17:47:12.311612Z,3547,246.8,5821,OK,OK,OK
2026-07-30T17:47:17.830571Z,3574,246.8,5821,OK,OK,OK
2026-07-30T17:47:23.317243Z,3551,246.8,5821,OK,OK,OK
2026-07-30T17:47:28.860433Z,3589,246.7,5821,OK,OK,OK
2026-07-30T17:47:34.321467Z,3556,246.7,5821,OK,OK,OK
2026-07-30T17:47:39.797155Z,3574,246.6,5821,OK,OK,OK
2026-07-30T17:47:45.262496Z,3548,246.5,5821,OK,OK,OK
2026-07-30T17:47:50.764079Z,3563,246.5,5821,OK,OK,OK
2026-07-30T17:47:56.241415Z,3543,246.6,5821,OK,OK,OK
2026-07-30T17:48:01.727323Z,3581,246.6,5821,OK,OK,OK
2026-07-30T17:48:07.190826Z,3532,246.6,5821,OK,OK,OK
2026-07-30T17:48:12.657270Z,3539,246.5,5821,OK,OK,OK
2026-07-30T17:48:18.159683Z,3552,246.6,5821,OK,OK,OK
2026-07-30T17:48:23.653137Z,3553,246.5,5821,OK,OK,OK
2026-07-30T17:48:29.147628Z,3524,246.5,5821,OK,OK,OK
2026-07-30T17:48:34.645774Z,3522,246.6,5821,OK,OK,OK
2026-07-30T17:48:40.087111Z,3523,246.6,5821,OK,OK,OK
2026-07-30T17:48:45.621193Z,3543,246.4,5821,OK,OK,OK
2026-07-30T17:48:51.110777Z,3530,246.4,5821,OK,OK,OK
2026-07-30T17:48:56.564655Z,3518,246.4,5821,OK,OK,OK
2026-07-30T17:49:02.066065Z,3524,246.4,5821,OK,OK,OK
2026-07-30T17:49:07.571534Z,3542,246.4,5821,OK,OK,OK
2026-07-30T17:49:13.050785Z,3561,246.4,5821,OK,OK,OK
2026-07-30T17:49:18.506347Z,3533,246.4,5821,OK,OK,OK
2026-07-30T17:49:23.975545Z,3546,246.4,5821,OK,OK,OK
2026-07-30T17:49:29.459864Z,3536,246.5,5821,OK,OK,OK
2026-07-30T17:49:34.904094Z,3512,246.5,5821,OK,OK,OK
2026-07-30T17:49:40.419649Z,3599,246.5,5821,OK,OK,OK
2026-07-30T17:49:45.916083Z,3549,246.5,5821,OK,OK,OK
2026-07-30T17:49:51.382811Z,3536,246.5,5821,OK,OK,OK
2026-07-30T17:49:56.902097Z,3536,246.3,5821,OK,OK,OK
2026-07-30T17:50:02.398698Z,3560,246.8,5821,OK,OK,OK
2026-07-30T17:50:07.877418Z,3541,246.8,5821,OK,OK,OK
2026-07-30T17:50:13.354717Z,3548,246.9,5821,OK,OK,OK
2026-07-30T17:50:18.825212Z,3505,246.9,5821,OK,OK,OK
2026-07-30T17:50:24.307201Z,3505,246.8,5821,OK,OK,OK
2026-07-30T17:50:29.775989Z,3510,246.9,5821,OK,OK,OK
2026-07-30T17:50:35.277952Z,3508,246.9,5821,OK,OK,OK
2026-07-30T17:50:40.768031Z,3494,246.9,5821,OK,OK,OK
2026-07-30T17:50:46.263182Z,3493,246.9,5821,OK,OK,OK
2026-07-30T17:50:51.775893Z,3519,246.9,5821,OK,OK,OK
2026-07-30T17:50:57.229630Z,3515,246.9,5821,OK,OK,OK
2026-07-30T17:51:02.719269Z,3472,246.9,5821,OK,OK,OK
2026-07-30T17:51:08.210385Z,3480,246.9,5821,OK,OK,OK
2026-07-30T17:51:13.665701Z,3483,246.8,5821,OK,OK,OK
2026-07-30T17:51:19.146421Z,3482,246.8,5821,OK,OK,OK
2026-07-30T17:51:24.645825Z,3483,246.8,5821,OK,OK,OK
2026-07-30T17:51:30.137023Z,3489,247.0,5821,OK,OK,OK
2026-07-30T17:51:35.608906Z,3477,246.9,5821,OK,OK,OK
2026-07-30T17:51:41.056660Z,3479,246.8,5821,OK,OK,OK
2026-07-30T17:51:46.562153Z,3493,246.8,5821,OK,OK,OK
2026-07-30T17:51:52.035681Z,3487,246.4,5821,OK,OK,OK
2026-07-30T17:51:57.487723Z,3495,246.6,5821,OK,OK,OK
2026-07-30T17:52:02.981930Z,3478,246.5,5821,OK,OK,OK
2026-07-30T17:52:08.434640Z,3473,246.6,6608,OK,OK,OK
2026-07-30T17:52:13.920226Z,3485,246.4,6608,OK,OK,OK
2026-07-30T17:52:19.398483Z,3481,246.4,6608,OK,OK,OK
2026-07-30T17:52:24.906652Z,3481,246.4,6608,OK,OK,OK
2026-07-30T17:52:30.474292Z,3513,246.4,6608,OK,OK,OK
2026-07-30T17:52:35.957172Z,3523,246.4,6608,OK,OK,OK
2026-07-30T17:52:41.462777Z,1964,247.2,6608,OK,OK,OK
2026-07-30T17:52:46.924632Z,1954,247.1,6608,OK,OK,OK
2026-07-30T17:52:52.411971Z,1958,247.1,6608,OK,OK,OK
2026-07-30T17:52:57.897749Z,1947,247.1,6608,OK,OK,OK
2026-07-30T17:53:03.352630Z,1963,247.0,6608,OK,OK,OK
2026-07-30T17:53:08.856216Z,1966,247.0,6608,OK,OK,OK
2026-07-30T17:53:14.330573Z,1984,246.9,6608,OK,OK,OK
2026-07-30T17:53:19.837012Z,1974,247.2,6608,OK,OK,OK
2026-07-30T17:53:25.375730Z,1952,247.2,6608,OK,OK,OK
2026-07-30T17:53:30.860713Z,1956,247.2,6608,OK,OK,OK
2026-07-30T17:53:36.336964Z,1955,247.2,6608,OK,OK,OK
2026-07-30T17:53:41.841903Z,1960,247.2,6608,OK,OK,OK
2026-07-30T17:53:47.337505Z,1959,247.2,6608,OK,OK,OK
2026-07-30T17:53:52.800995Z,1958,247.2,6608,OK,OK,OK
2026-07-30T17:53:58.279842Z,1959,247.2,6608,OK,OK,OK
2026-07-30T17:54:03.780350Z,1970,247.2,6608,OK,OK,OK
2026-07-30T17:54:09.247954Z,1956,247.2,6608,OK,OK,OK
2026-07-30T17:54:14.772896Z,1961,247.1,6608,OK,OK,OK
2026-07-30T17:54:20.228037Z,1959,247.2,6608,OK,OK,OK
2026-07-30T17:54:25.704782Z,1960,247.0,6608,OK,OK,OK
2026-07-30T17:54:31.219380Z,1959,247.1,6608,OK,OK,OK
2026-07-30T17:54:36.683519Z,1957,247.1,6608,OK,OK,OK
2026-07-30T17:54:42.164032Z,1944,247.1,6608,OK,OK,OK
2026-07-30T17:54:47.670186Z,1960,247.0,6608,OK,OK,OK
2026-07-30T17:54:53.178922Z,1971,247.1,6608,OK,OK,OK
2026-07-30T17:54:58.676629Z,1962,247.1,6608,OK,OK,OK
2026-07-30T17:55:04.136172Z,1977,247.1,6608,OK,OK,OK
2026-07-30T17:55:09.627750Z,1979,247.1,6608,OK,OK,OK
2026-07-30T17:55:15.095768Z,1983,246.2,6608,OK,OK,OK
2026-07-30T17:55:20.588872Z,1955,246.0,6608,OK,OK,OK
2026-07-30T17:55:26.092563Z,1973,246.0,6608,OK,OK,OK
2026-07-30T17:55:31.577995Z,1807,246.1,6608,OK,OK,OK
2026-07-30T17:55:37.084771Z,1809,246.1,6608,OK,OK,OK
2026-07-30T17:55:42.576958Z,1844,246.1,6608,OK,OK,OK
2026-07-30T17:55:48.069212Z,1822,246.0,6608,OK,OK,OK
2026-07-30T17:55:53.571368Z,1802,246.1,6608,OK,OK,OK
2026-07-30T17:55:59.078029Z,1810,246.1,6608,OK,OK,OK
2026-07-30T17:56:04.604530Z,1795,246.1,6608,OK,OK,OK
2026-07-30T17:56:10.145898Z,1805,246.1,6608,OK,OK,OK
2026-07-30T17:56:15.649480Z,1814,246.0,6608,OK,OK,OK
2026-07-30T17:56:21.139851Z,1812,246.0,6608,OK,OK,OK
2026-07-30T17:56:26.641347Z,1821,246.0,6608,OK,OK,OK
2026-07-30T17:56:32.088442Z,1821,246.0,6608,OK,OK,OK
2026-07-30T17:56:37.611654Z,1771,246.1,6608,OK,OK,OK
2026-07-30T17:56:43.082172Z,1760,246.0,6608,OK,OK,OK
2026-07-30T17:56:48.545962Z,1786,246.1,6608,OK,OK,OK
2026-07-30T17:56:54.025290Z,1756,246.0,6608,OK,OK,OK
2026-07-30T17:56:59.503077Z,1768,246.0,6608,OK,OK,OK
2026-07-30T17:57:04.981560Z,1757,246.1,6608,OK,OK,OK
2026-07-30T17:57:10.459499Z,1750,246.1,6608,OK,OK,OK
2026-07-30T17:57:15.944923Z,1768,246.1,6608,OK,OK,OK
2026-07-30T17:57:21.414013Z,1720,246.1,6608,OK,OK,OK
2026-07-30T17:57:26.930911Z,1719,246.0,6608,OK,OK,OK
2026-07-30T17:57:32.480574Z,1721,246.0,6608,OK,OK,OK
2026-07-30T17:57:37.977229Z,1719,246.0,6608,OK,OK,OK
2026-07-30T17:57:43.471098Z,1727,246.0,6608,OK,OK,OK
2026-07-30T17:57:48.961298Z,1739,246.0,6608,OK,OK,OK
2026-07-30T17:57:54.450543Z,1728,246.0,6608,OK,OK,OK
2026-07-30T17:57:59.914121Z,1745,245.9,6608,OK,OK,OK
2026-07-30T17:58:05.378101Z,1738,246.0,6608,OK,OK,OK
2026-07-30T17:58:10.873913Z,1722,246.0,6608,OK,OK,OK
2026-07-30T17:58:16.367959Z,1747,246.0,6608,OK,OK,OK
2026-07-30T17:58:21.843365Z,1726,246.0,6608,OK,OK,OK
2026-07-30T17:58:27.323943Z,1749,246.0,6608,OK,OK,OK
2026-07-30T17:58:32.771059Z,1740,245.9,6608,OK,OK,OK
2026-07-30T17:58:38.271626Z,1745,245.8,6608,OK,OK,OK
2026-07-30T17:58:43.749107Z,1732,245.9,6608,OK,OK,OK
2026-07-30T17:58:49.251829Z,1738,245.8,6608,OK,OK,OK
2026-07-30T17:58:54.720067Z,1729,245.8,6608,OK,OK,OK
2026-07-30T17:59:00.236857Z,1743,245.9,6608,OK,OK,OK
2026-07-30T17:59:05.751442Z,1752,245.8,6608,OK,OK,OK
2026-07-30T17:59:11.226563Z,1739,245.8,6608,OK,OK,OK
2026-07-30T17:59:16.688554Z,1731,245.7,6608,OK,OK,OK
2026-07-30T17:59:22.145373Z,1744,245.7,6608,OK,OK,OK
2026-07-30T17:59:27.610782Z,1742,245.7,6608,OK,OK,OK
2026-07-30T17:59:33.081915Z,1745,245.7,6608,OK,OK,OK
2026-07-30T17:59:38.579959Z,1736,245.7,6608,OK,OK,OK
2026-07-30T17:59:44.023811Z,1734,245.7,6608,OK,OK,OK
2026-07-30T17:59:49.502958Z,1742,245.7,6608,OK,OK,OK
2026-07-30T17:59:55.020183Z,1744,245.6,6608,OK,OK,OK
2026-07-30T18:00:00.503378Z,1730,245.6,6608,OK,OK,OK
2026-07-30T18:00:05.964816Z,1730,245.7,6608,OK,OK,OK
2026-07-30T18:00:11.458682Z,1723,245.6,6608,OK,OK,OK
2026-07-30T18:00:16.901183Z,1864,245.5,6608,OK,OK,OK
2026-07-30T18:00:22.364323Z,1741,245.6,6608,OK,OK,OK
2026-07-30T18:00:27.870836Z,1792,245.6,6608,OK,OK,OK
2026-07-30T18:00:33.362139Z,1741,245.7,6608,OK,OK,OK
2026-07-30T18:00:38.870458Z,1738,245.7,6608,OK,OK,OK
2026-07-30T18:00:44.334255Z,1749,245.7,6608,OK,OK,OK
2026-07-30T18:00:49.839806Z,1758,245.7,6608,OK,OK,OK
2026-07-30T18:00:55.291054Z,1757,245.6,6608,OK,OK,OK
2026-07-30T18:01:00.776207Z,1738,245.6,6608,OK,OK,OK
2026-07-30T18:01:06.286426Z,1756,245.5,6608,OK,OK,OK
2026-07-30T18:01:11.761652Z,1741,245.4,6608,OK,OK,OK
2026-07-30T18:01:17.299039Z,1745,245.1,6608,OK,OK,OK
2026-07-30T18:01:22.790861Z,1739,245.1,6608,OK,OK,OK
2026-07-30T18:01:28.255050Z,1739,245.2,6608,OK,OK,OK
2026-07-30T18:01:33.747156Z,1745,245.3,6608,OK,OK,OK
2026-07-30T18:01:39.182770Z,1733,245.2,6608,OK,OK,OK
2026-07-30T18:01:44.682520Z,1729,245.2,6608,OK,OK,OK
2026-07-30T18:01:50.159771Z,1739,245.5,6608,OK,OK,OK
2026-07-30T18:01:55.615606Z,1736,245.3,6608,OK,OK,OK
2026-07-30T18:02:01.096598Z,1766,245.3,6608,OK,OK,OK
2026-07-30T18:02:06.527008Z,1777,245.5,6608,OK,OK,OK
2026-07-30T18:02:12.028309Z,1793,245.6,6608,OK,OK,OK
2026-07-30T18:02:17.538201Z,1808,245.5,6608,OK,OK,OK
2026-07-30T18:02:23.060200Z,1801,245.5,6608,OK,OK,OK
2026-07-30T18:02:28.523085Z,1802,245.6,6608,OK,OK,OK
2026-07-30T18:02:33.998584Z,1790,245.5,6608,OK,OK,OK
2026-07-30T18:02:39.504603Z,1792,245.6,6608,OK,OK,OK
2026-07-30T18:02:44.990883Z,1803,245.6,6608,OK,OK,OK
2026-07-30T18:02:50.474757Z,1798,245.7,6608,OK,OK,OK
2026-07-30T18:02:55.946143Z,1796,245.9,6608,OK,OK,OK
2026-07-30T18:03:01.411971Z,1807,246.2,6608,OK,OK,OK
2026-07-30T18:03:06.886705Z,1811,246.1,6608,OK,OK,OK
2026-07-30T18:03:12.381371Z,1809,246.3,6608,OK,OK,OK
2026-07-30T18:03:17.840390Z,1803,246.0,6608,OK,OK,OK
2026-07-30T18:03:23.333699Z,1809,246.1,6608,OK,OK,OK
2026-07-30T18:03:28.805989Z,1808,246.1,6608,OK,OK,OK
2026-07-30T18:03:34.287231Z,1838,246.2,6608,OK,OK,OK
2026-07-30T18:03:39.778959Z,1878,246.2,6608,OK,OK,OK
2026-07-30T18:03:45.267831Z,1978,246.3,6608,OK,OK,OK
2026-07-30T18:03:50.739422Z,2014,246.2,6608,OK,OK,OK
2026-07-30T18:03:56.243995Z,2083,246.1,6608,OK,OK,OK
2026-07-30T18:04:01.701666Z,2051,246.0,6608,OK,OK,OK
2026-07-30T18:04:07.203670Z,2068,246.1,6608,OK,OK,OK
2026-07-30T18:04:12.687072Z,2085,246.2,6608,OK,OK,OK
2026-07-30T18:04:18.163996Z,2074,246.1,6608,OK,OK,OK
2026-07-30T18:04:23.659911Z,2086,246.1,6608,OK,OK,OK
2026-07-30T18:04:29.130574Z,2077,246.3,6608,OK,OK,OK
2026-07-30T18:04:34.582130Z,2066,246.3,6608,OK,OK,OK
2026-07-30T18:04:40.042683Z,2059,246.2,6608,OK,OK,OK
2026-07-30T18:04:45.521499Z,2087,246.3,6608,OK,OK,OK
2026-07-30T18:04:51.038473Z,1987,246.4,6608,OK,OK,OK
2026-07-30T18:04:56.559858Z,1917,246.4,6608,OK,OK,OK
2026-07-30T18:05:02.083284Z,1925,246.5,6608,OK,OK,OK
2026-07-30T18:05:07.534032Z,1948,246.6,6608,OK,OK,OK
2026-07-30T18:05:13.072948Z,1902,246.6,6608,OK,OK,OK
2026-07-30T18:05:18.572800Z,1895,246.7,6608,OK,OK,OK
2026-07-30T18:05:24.057182Z,1903,246.6,6608,OK,OK,OK
2026-07-30T18:05:29.568103Z,1891,246.8,6608,OK,OK,OK
2026-07-30T18:05:35.009212Z,1882,246.8,6608,OK,OK,OK
2026-07-30T18:05:40.491312Z,1879,246.8,6608,OK,OK,OK
2026-07-30T18:05:45.955453Z,1893,246.8,6608,OK,OK,OK
2026-07-30T18:05:51.443516Z,1875,246.9,6608,OK,OK,OK
2026-07-30T18:05:56.937748Z,1892,246.9,6608,OK,OK,OK
2026-07-30T18:06:02.397911Z,1894,246.9,6608,OK,OK,OK
2026-07-30T18:06:07.869361Z,1872,246.9,6608,OK,OK,OK
2026-07-30T18:06:13.352159Z,1904,246.9,6608,OK,OK,OK
2026-07-30T18:06:18.844601Z,3603,246.2,6608,OK,OK,OK
2026-07-30T18:06:24.314881Z,3650,246.3,6608,OK,OK,OK
2026-07-30T18:06:29.802513Z,3593,246.4,6608,OK,OK,OK
2026-07-30T18:06:35.308388Z,3615,246.4,6608,OK,OK,OK
2026-07-30T18:06:40.818842Z,3596,246.4,6608,OK,OK,OK
2026-07-30T18:06:46.289516Z,3601,246.4,6608,OK,OK,OK
2026-07-30T18:06:51.772493Z,3614,246.4,6608,OK,OK,OK
2026-07-30T18:06:57.256329Z,3590,246.4,6608,OK,OK,OK
2026-07-30T18:07:02.740466Z,3587,246.6,6608,OK,OK,OK
2026-07-30T18:07:08.264190Z,3585,246.6,6608,OK,OK,OK
2026-07-30T18:07:13.759923Z,3573,246.5,6608,OK,OK,OK
2026-07-30T18:07:19.275049Z,1855,247.1,6608,OK,OK,OK
2026-07-30T18:07:24.738447Z,1863,246.9,7528,OK,OK,OK
2026-07-30T18:07:30.220969Z,1872,246.9,7528,OK,OK,OK
2026-07-30T18:07:35.662644Z,1864,246.9,7528,OK,OK,OK
2026-07-30T18:07:41.185098Z,1877,246.9,7528,OK,OK,OK
2026-07-30T18:07:46.659429Z,1873,246.9,7528,OK,OK,OK
2026-07-30T18:07:52.186081Z,1860,246.8,7528,OK,OK,OK
2026-07-30T18:07:57.672665Z,1905,246.5,7528,OK,OK,OK
2026-07-30T18:08:03.155031Z,2715,246.1,7528,OK,OK,OK
2026-07-30T18:08:08.617960Z,3596,245.8,7528,OK,OK,OK
2026-07-30T18:08:14.101858Z,3565,245.8,7528,OK,OK,OK
2026-07-30T18:08:19.573712Z,3561,245.7,7528,OK,OK,OK
2026-07-30T18:08:25.091663Z,3569,245.7,7528,OK,OK,OK
2026-07-30T18:08:30.581965Z,3584,245.7,7528,OK,OK,OK
2026-07-30T18:08:36.047336Z,3568,245.7,7528,OK,OK,OK
2026-07-30T18:08:41.535625Z,1884,246.5,7528,OK,OK,OK
2026-07-30T18:08:47.038273Z,1867,246.5,7528,OK,OK,OK
2026-07-30T18:08:52.522253Z,1885,246.5,7528,OK,OK,OK
2026-07-30T18:08:57.968782Z,1864,246.5,7528,OK,OK,OK
2026-07-30T18:09:03.478741Z,1863,246.5,7528,OK,OK,OK
2026-07-30T18:09:08.941128Z,1870,246.9,7528,OK,OK,OK
2026-07-30T18:09:14.439136Z,1849,246.9,7528,OK,OK,OK
2026-07-30T18:09:19.894749Z,1859,246.9,7528,OK,OK,OK
2026-07-30T18:09:25.394555Z,1868,246.8,7528,OK,OK,OK
2026-07-30T18:09:30.869623Z,1872,246.9,7528,OK,OK,OK
2026-07-30T18:09:36.363821Z,1879,246.8,7528,OK,OK,OK
2026-07-30T18:09:41.877438Z,1879,246.9,7528,OK,OK,OK
2026-07-30T18:09:47.408173Z,1862,246.9,7528,OK,OK,OK
2026-07-30T18:09:52.893144Z,1863,246.9,7528,OK,OK,OK
2026-07-30T18:09:58.390229Z,1866,246.9,7528,OK,OK,OK
2026-07-30T18:10:03.903804Z,3271,246.4,7528,OK,OK,OK
2026-07-30T18:10:09.381398Z,3296,246.3,7528,OK,OK,OK
2026-07-30T18:10:14.898312Z,3318,246.3,7528,OK,OK,OK
2026-07-30T18:10:20.353128Z,3326,246.1,7528,OK,OK,OK
2026-07-30T18:10:25.893336Z,3313,246.3,7528,OK,OK,OK
2026-07-30T18:10:31.408856Z,3324,246.1,7528,OK,OK,OK
2026-07-30T18:10:36.935132Z,3344,246.0,7528,OK,OK,OK
2026-07-30T18:10:42.429313Z,3379,245.9,7528,OK,OK,OK
2026-07-30T18:10:47.961136Z,3389,245.9,7528,OK,OK,OK
2026-07-30T18:10:53.422707Z,3356,245.9,7528,OK,OK,OK
2026-07-30T18:10:58.919630Z,3350,245.9,7528,OK,OK,OK
2026-07-30T18:11:04.376667Z,3370,245.9,7528,OK,OK,OK
2026-07-30T18:11:09.882418Z,3350,245.9,7528,OK,OK,OK
2026-07-30T18:11:15.303263Z,3354,245.9,7528,OK,OK,OK
2026-07-30T18:11:20.809885Z,3344,246.0,7528,OK,OK,OK
2026-07-30T18:11:26.283382Z,3358,245.9,7528,OK,OK,OK
2026-07-30T18:11:31.788367Z,3359,246.0,7528,OK,OK,OK
2026-07-30T18:11:37.312604Z,3353,246.1,7528,OK,OK,OK
2026-07-30T18:11:42.794449Z,3352,246.1,7528,OK,OK,OK
2026-07-30T18:11:48.277212Z,3367,246.2,7528,OK,OK,OK
2026-07-30T18:11:53.754753Z,3348,246.3,7528,OK,OK,OK
2026-07-30T18:11:59.266712Z,3377,246.3,7528,OK,OK,OK
2026-07-30T18:12:04.757863Z,3352,246.2,7528,OK,OK,OK
2026-07-30T18:12:10.253749Z,3403,246.2,7528,OK,OK,OK
2026-07-30T18:12:15.738430Z,3357,246.2,7528,OK,OK,OK
2026-07-30T18:12:21.216947Z,3360,246.2,7528,OK,OK,OK
2026-07-30T18:12:26.691181Z,3369,246.4,7528,OK,OK,OK
2026-07-30T18:12:32.180648Z,3362,246.5,7528,OK,OK,OK
2026-07-30T18:12:37.659282Z,3367,246.5,7528,OK,OK,OK
2026-07-30T18:12:43.190498Z,3355,246.5,7528,OK,OK,OK
2026-07-30T18:12:48.630122Z,3372,246.5,7528,OK,OK,OK
2026-07-30T18:12:54.095007Z,3378,246.5,7528,OK,OK,OK
2026-07-30T18:12:59.530084Z,3370,246.5,7528,OK,OK,OK
2026-07-30T18:13:05.018062Z,3362,246.3,7528,OK,OK,OK
2026-07-30T18:13:10.509774Z,3378,246.4,7528,OK,OK,OK
2026-07-30T18:13:15.990533Z,3470,246.4,7528,OK,OK,OK
2026-07-30T18:13:21.498942Z,3475,246.4,7528,OK,OK,OK
2026-07-30T18:13:27.032043Z,3481,246.4,7528,OK,OK,OK
2026-07-30T18:13:32.542568Z,3497,246.5,7528,OK,OK,OK
2026-07-30T18:13:38.026861Z,3463,246.6,7528,OK,OK,OK
2026-07-30T18:13:43.506561Z,3475,246.7,7528,OK,OK,OK
2026-07-30T18:13:49.005182Z,3487,246.7,7528,OK,OK,OK
2026-07-30T18:13:54.464626Z,3485,246.5,7528,OK,OK,OK
2026-07-30T18:13:59.929911Z,3463,246.5,7528,OK,OK,OK
2026-07-30T18:14:05.423317Z,3458,246.6,7528,OK,OK,OK
2026-07-30T18:14:10.886462Z,3461,246.7,7528,OK,OK,OK
2026-07-30T18:14:16.398533Z,3472,246.9,7528,OK,OK,OK
2026-07-30T18:14:21.845258Z,3469,247.2,7528,OK,OK,OK
2026-07-30T18:14:27.369130Z,3473,247.4,7528,OK,OK,OK
2026-07-30T18:14:32.809936Z,3471,247.6,7528,OK,OK,OK
2026-07-30T18:14:38.262132Z,3464,247.4,7528,OK,OK,OK
2026-07-30T18:14:43.739332Z,3497,247.0,7528,OK,OK,OK
2026-07-30T18:14:49.236378Z,3474,246.8,7528,OK,OK,OK
2026-07-30T18:14:54.709034Z,3462,246.9,7528,OK,OK,OK
2026-07-30T18:15:00.185209Z,3465,247.0,7528,OK,OK,OK
2026-07-30T18:15:05.708372Z,3457,247.0,7528,OK,OK,OK
2026-07-30T18:15:11.243052Z,3463,247.2,7528,OK,OK,OK
2026-07-30T18:15:16.721411Z,3450,247.0,7528,OK,OK,OK
2026-07-30T18:15:22.227646Z,3497,247.0,7528,OK,OK,OK
2026-07-30T18:15:27.733539Z,3475,247.1,7528,OK,OK,OK
2026-07-30T18:15:33.238455Z,3471,247.0,7528,OK,OK,OK
2026-07-30T18:15:38.727401Z,3462,247.2,7528,OK,OK,OK
2026-07-30T18:15:44.235543Z,3473,247.1,7528,OK,OK,OK
2026-07-30T18:15:49.713423Z,3459,247.1,7528,OK,OK,OK
2026-07-30T18:15:55.148314Z,3462,247.2,7528,OK,OK,OK
2026-07-30T18:16:00.643096Z,3459,247.3,7528,OK,OK,OK
2026-07-30T18:16:06.105206Z,3625,247.2,7528,OK,OK,OK
2026-07-30T18:16:11.573105Z,3587,247.4,7528,OK,OK,OK
2026-07-30T18:16:17.005454Z,3612,247.8,7528,OK,OK,OK
2026-07-30T18:16:22.524615Z,3646,248.4,7528,OK,OK,OK
2026-07-30T18:16:28.001940Z,3586,248.5,7528,OK,OK,OK
2026-07-30T18:16:33.491188Z,3602,248.2,7528,OK,OK,OK
2026-07-30T18:16:38.986731Z,3588,248.1,7528,OK,OK,OK
2026-07-30T18:16:44.450310Z,3602,248.2,7528,OK,OK,OK
2026-07-30T18:16:49.901563Z,3620,248.3,7528,OK,OK,OK
2026-07-30T18:16:55.392072Z,3615,248.5,7528,OK,OK,OK
2026-07-30T18:17:00.874513Z,3616,248.3,7528,OK,OK,OK
2026-07-30T18:17:06.367599Z,3621,247.8,7528,OK,OK,OK
2026-07-30T18:17:11.832763Z,3615,247.9,7528,OK,OK,OK
2026-07-30T18:17:17.304789Z,3623,247.6,7528,OK,OK,OK
2026-07-30T18:17:22.797639Z,3607,247.6,7528,OK,OK,OK
2026-07-30T18:17:28.244094Z,3618,247.4,7528,OK,OK,OK
2026-07-30T18:17:33.798644Z,3604,247.2,7528,OK,OK,OK
2026-07-30T18:17:39.222989Z,3488,247.2,7528,OK,OK,OK
2026-07-30T18:17:44.693377Z,1988,248.0,7528,OK,OK,OK
2026-07-30T18:17:50.188998Z,2012,248.0,7528,OK,OK,OK
2026-07-30T18:17:55.662441Z,2021,247.8,7528,OK,OK,OK
2026-07-30T18:18:01.162401Z,2011,248.0,7528,OK,OK,OK
2026-07-30T18:18:06.662534Z,2020,248.6,7528,OK,OK,OK
2026-07-30T18:18:12.172003Z,2037,249.0,7528,OK,OK,OK
2026-07-30T18:18:17.633229Z,2049,249.7,7528,OK,OK,OK
2026-07-30T18:18:23.138599Z,2016,250.1,7528,OK,OK,OK
2026-07-30T18:18:28.629256Z,2007,250.1,7528,OK,OK,OK
2026-07-30T18:18:34.111382Z,1998,250.1,7528,OK,OK,OK
2026-07-30T18:18:39.565163Z,2009,250.0,7528,OK,OK,OK
2026-07-30T18:18:45.050206Z,2004,250.0,7528,OK,OK,OK
2026-07-30T18:18:50.541486Z,2011,250.0,7528,OK,OK,OK
2026-07-30T18:18:56.020836Z,2060,249.9,7528,OK,OK,OK
2026-07-30T18:19:01.457305Z,2009,249.9,7528,OK,OK,OK
2026-07-30T18:19:06.959610Z,2011,250.2,7528,OK,OK,OK
2026-07-30T18:19:12.407038Z,2017,250.2,7528,OK,OK,OK
2026-07-30T18:19:17.904357Z,2014,250.2,7528,OK,OK,OK
2026-07-30T18:19:23.371305Z,2009,250.2,7528,OK,OK,OK
2026-07-30T18:19:28.883927Z,2154,250.2,7528,OK,OK,OK
2026-07-30T18:19:34.354982Z,2158,250.1,7528,OK,OK,OK
2026-07-30T18:19:39.805834Z,2127,250.1,7528,OK,OK,OK
2026-07-30T18:19:45.313613Z,2124,249.7,7528,OK,OK,OK
2026-07-30T18:19:50.785756Z,2142,250.1,7528,OK,OK,OK
2026-07-30T18:19:56.283734Z,2199,250.0,7528,OK,OK,OK
2026-07-30T18:20:01.749989Z,2129,250.0,7528,OK,OK,OK
2026-07-30T18:20:07.254655Z,2137,249.8,7528,OK,OK,OK
2026-07-30T18:20:12.719647Z,2150,249.5,7528,OK,OK,OK
2026-07-30T18:20:18.178328Z,2122,249.6,7528,OK,OK,OK
2026-07-30T18:20:23.645448Z,2111,249.6,7528,OK,OK,OK
2026-07-30T18:20:29.127020Z,2109,249.6,7528,OK,OK,OK
2026-07-30T18:20:34.598924Z,2107,249.6,7528,OK,OK,OK
2026-07-30T18:20:40.103794Z,2125,249.6,7528,OK,OK,OK
2026-07-30T18:20:45.557910Z,2111,249.6,7528,OK,OK,OK
2026-07-30T18:20:51.065047Z,2127,249.6,7528,OK,OK,OK
2026-07-30T18:20:56.555934Z,2129,249.6,7528,OK,OK,OK
2026-07-30T18:21:02.077630Z,2110,249.6,7528,OK,OK,OK
2026-07-30T18:21:07.556375Z,2128,249.6,7528,OK,OK,OK
2026-07-30T18:21:13.047909Z,2115,249.4,7528,OK,OK,OK
2026-07-30T18:21:18.571943Z,2114,249.4,7528,OK,OK,OK
2026-07-30T18:21:24.050633Z,2127,249.4,7528,OK,OK,OK
2026-07-30T18:21:29.568031Z,2117,249.5,7528,OK,OK,OK
2026-07-30T18:21:35.043064Z,2113,249.4,7528,OK,OK,OK
2026-07-30T18:21:40.522468Z,2105,249.4,7528,OK,OK,OK
2026-07-30T18:21:46.025055Z,2125,249.3,7528,OK,OK,OK
2026-07-30T18:21:51.528150Z,2110,249.3,7528,OK,OK,OK
2026-07-30T18:21:57.041632Z,2122,249.7,7528,OK,OK,OK
2026-07-30T18:22:02.527839Z,2119,249.7,7528,OK,OK,OK
2026-07-30T18:22:08.012891Z,2117,249.7,7528,OK,OK,OK
2026-07-30T18:22:13.522512Z,2121,249.8,7528,OK,OK,OK
2026-07-30T18:22:18.949513Z,2002,249.8,7528,OK,OK,OK
2026-07-30T18:22:24.440662Z,1994,249.1,7528,OK,OK,OK
2026-07-30T18:22:29.913264Z,2037,249.0,7528,OK,OK,OK
2026-07-30T18:22:35.410891Z,2005,249.6,15148,OK,OK,OK
2026-07-30T18:22:40.894327Z,2007,249.7,15148,OK,OK,OK
2026-07-30T18:22:46.391598Z,2017,249.8,15148,OK,OK,OK
2026-07-30T18:22:51.907157Z,2017,249.8,15148,OK,OK,OK
2026-07-30T18:22:57.368172Z,2146,249.7,15148,OK,OK,OK
2026-07-30T18:23:02.849840Z,2152,249.8,15148,OK,OK,OK
2026-07-30T18:23:08.308671Z,2133,249.9,15148,OK,OK,OK
2026-07-30T18:23:13.843872Z,2132,249.9,15148,OK,OK,OK
2026-07-30T18:23:19.318782Z,2126,249.8,15148,OK,OK,OK
2026-07-30T18:23:24.826888Z,2134,249.8,15148,OK,OK,OK
2026-07-30T18:23:30.316097Z,2149,249.8,15148,OK,OK,OK
2026-07-30T18:23:35.815901Z,2143,249.8,15148,OK,OK,OK
2026-07-30T18:23:41.253754Z,2140,249.5,15148,OK,OK,OK
2026-07-30T18:23:46.740715Z,2162,249.3,15148,OK,OK,OK
2026-07-30T18:23:52.179571Z,2134,249.0,15148,OK,OK,OK
2026-07-30T18:23:57.681609Z,2131,249.4,15148,OK,OK,OK
2026-07-30T18:24:03.158978Z,2125,249.2,15148,OK,OK,OK
2026-07-30T18:24:08.661506Z,2119,249.0,15148,OK,OK,OK
2026-07-30T18:24:14.155361Z,2119,248.4,15148,OK,OK,OK
2026-07-30T18:24:19.652426Z,2006,248.5,15148,OK,OK,OK
2026-07-30T18:24:25.153377Z,2010,248.7,15148,OK,OK,OK
2026-07-30T18:24:30.749641Z,2003,249.0,15148,OK,OK,OK
2026-07-30T18:24:36.244981Z,2016,249.2,15148,OK,OK,OK
2026-07-30T18:24:41.737326Z,2017,249.2,15148,OK,OK,OK
2026-07-30T18:24:47.226374Z,2010,249.0,15148,OK,OK,OK
2026-07-30T18:24:52.702313Z,2024,248.9,15148,OK,OK,OK
2026-07-30T18:24:58.182774Z,2146,248.8,15148,OK,OK,OK
2026-07-30T18:25:03.631817Z,2019,248.9,15148,OK,OK,OK
2026-07-30T18:25:09.128328Z,2033,249.2,15148,OK,OK,OK
2026-07-30T18:25:14.595001Z,2016,249.3,15148,OK,OK,OK
2026-07-30T18:25:20.078722Z,2013,249.2,15148,OK,OK,OK
2026-07-30T18:25:25.523516Z,2140,248.8,15148,OK,OK,OK
2026-07-30T18:25:31.076202Z,2025,249.2,15148,OK,OK,OK
2026-07-30T18:25:36.574674Z,2015,248.2,15148,OK,OK,OK
2026-07-30T18:25:42.049791Z,2010,247.7,15148,OK,OK,OK
2026-07-30T18:25:47.532828Z,2026,247.6,15148,OK,OK,OK
2026-07-30T18:25:53.034780Z,2019,247.5,15148,OK,OK,OK
2026-07-30T18:25:58.479220Z,1992,247.3,15148,OK,OK,OK
2026-07-30T18:26:03.958609Z,1991,247.4,15148,OK,OK,OK
2026-07-30T18:26:09.444106Z,1995,247.5,15148,OK,OK,OK
2026-07-30T18:26:14.893659Z,1987,247.9,15148,OK,OK,OK
2026-07-30T18:26:20.360232Z,2008,248.5,15148,OK,OK,OK
2026-07-30T18:26:25.830552Z,2042,248.1,15148,OK,OK,OK
2026-07-30T18:26:31.326336Z,2027,247.9,15148,OK,OK,OK
2026-07-30T18:26:36.820150Z,2011,248.4,15148,OK,OK,OK
2026-07-30T18:26:42.328354Z,2026,249.2,15148,OK,OK,OK
2026-07-30T18:26:47.798674Z,3733,248.8,15148,OK,OK,OK
2026-07-30T18:26:53.304850Z,3711,248.7,15148,OK,OK,OK
2026-07-30T18:26:58.766197Z,3741,248.6,15148,OK,OK,OK
2026-07-30T18:27:04.278100Z,3734,248.8,15148,OK,OK,OK
2026-07-30T18:27:09.812915Z,3740,248.6,15148,OK,OK,OK
2026-07-30T18:27:15.312319Z,3735,248.7,15148,OK,OK,OK
2026-07-30T18:27:20.799685Z,3725,248.7,15148,OK,OK,OK
2026-07-30T18:27:26.293561Z,3714,248.7,15148,OK,OK,OK
2026-07-30T18:27:31.792395Z,3710,248.1,15148,OK,OK,OK
2026-07-30T18:27:37.296241Z,3683,246.4,15148,OK,OK,OK
2026-07-30T18:27:42.791170Z,3683,245.7,15148,OK,OK,OK
2026-07-30T18:27:48.254946Z,3714,245.5,15148,OK,OK,OK
2026-07-30T18:27:53.720554Z,3676,245.5,15148,OK,OK,OK
2026-07-30T18:27:59.194693Z,3672,245.4,15148,OK,OK,OK
2026-07-30T18:28:04.699792Z,3670,245.3,15148,OK,OK,OK
2026-07-30T18:28:10.161614Z,1996,246.0,15148,OK,OK,OK
2026-07-30T18:28:15.653211Z,2007,245.9,15148,OK,OK,OK
2026-07-30T18:28:21.094516Z,1985,245.9,15148,OK,OK,OK
2026-07-30T18:28:26.593167Z,1989,245.9,15148,OK,OK,OK
2026-07-30T18:28:32.091239Z,1980,245.9,15148,OK,OK,OK
2026-07-30T18:28:37.557910Z,2005,245.9,15148,OK,OK,OK
2026-07-30T18:28:43.064763Z,1994,245.9,15148,OK,OK,OK
2026-07-30T18:28:48.551981Z,2002,246.0,15148,OK,OK,OK
2026-07-30T18:28:54.061009Z,1978,246.0,15148,OK,OK,OK
2026-07-30T18:28:59.534095Z,1982,246.1,15148,OK,OK,OK
2026-07-30T18:29:05.028164Z,1991,246.1,15148,OK,OK,OK
2026-07-30T18:29:10.531327Z,1994,246.2,15148,OK,OK,OK
2026-07-30T18:29:16.033491Z,1986,246.1,15148,OK,OK,OK
2026-07-30T18:29:21.534934Z,1994,246.0,15148,OK,OK,OK
2026-07-30T18:29:27.007229Z,1990,246.1,15148,OK,OK,OK
2026-07-30T18:29:32.494495Z,1998,246.1,15148,OK,OK,OK
2026-07-30T18:29:37.987363Z,1986,246.2,15148,OK,OK,OK
2026-07-30T18:29:43.455807Z,1993,246.2,15148,OK,OK,OK
2026-07-30T18:29:48.919176Z,2010,246.2,15148,OK,OK,OK
2026-07-30T18:29:54.356240Z,1987,246.2,15148,OK,OK,OK
2026-07-30T18:29:59.821894Z,1990,246.2,15148,OK,OK,OK
2026-07-30T18:30:05.309480Z,1992,246.2,15148,OK,OK,OK
2026-07-30T18:30:10.806822Z,2005,246.3,15148,OK,OK,OK
2026-07-30T18:30:16.267768Z,2003,246.3,15148,OK,OK,OK
2026-07-30T18:30:21.759445Z,2000,246.3,15148,OK,OK,OK
2026-07-30T18:30:27.255614Z,2002,246.3,15148,OK,OK,OK
2026-07-30T18:30:32.760203Z,1994,246.4,15148,OK,OK,OK
2026-07-30T18:30:38.269893Z,1991,246.4,15148,OK,OK,OK
2026-07-30T18:30:43.758360Z,1996,246.3,15148,OK,OK,OK
2026-07-30T18:30:49.239479Z,1999,246.4,15148,OK,OK,OK
2026-07-30T18:30:54.691697Z,2001,246.4,15148,OK,OK,OK
2026-07-30T18:31:00.198950Z,1990,246.3,15148,OK,OK,OK
2026-07-30T18:31:05.658397Z,2001,246.3,15148,OK,OK,OK
2026-07-30T18:31:11.138109Z,1986,246.3,15148,OK,OK,OK
2026-07-30T18:31:16.573707Z,1990,246.2,15148,OK,OK,OK
2026-07-30T18:31:22.068316Z,1988,246.3,15148,OK,OK,OK
2026-07-30T18:31:27.569742Z,1997,246.2,15148,OK,OK,OK
2026-07-30T18:31:33.056372Z,1977,246.4,15148,OK,OK,OK
2026-07-30T18:31:38.554654Z,1977,246.5,15148,OK,OK,OK
2026-07-30T18:31:44.068999Z,1993,246.5,15148,OK,OK,OK
2026-07-30T18:31:49.567207Z,1994,246.5,15148,OK,OK,OK
2026-07-30T18:31:55.045422Z,1970,246.5,15148,OK,OK,OK
2026-07-30T18:32:00.565207Z,1980,246.5,15148,OK,OK,OK
2026-07-30T18:32:06.064971Z,1983,246.5,15148,OK,OK,OK
2026-07-30T18:32:11.560343Z,1981,246.5,15148,OK,OK,OK
2026-07-30T18:32:17.078072Z,1984,246.3,15148,OK,OK,OK
2026-07-30T18:32:22.564852Z,1980,246.6,15148,OK,OK,OK
2026-07-30T18:32:28.069913Z,1984,246.5,15148,OK,OK,OK
2026-07-30T18:32:33.515637Z,1967,246.5,15148,OK,OK,OK
2026-07-30T18:32:39.035628Z,2002,246.6,15148,OK,OK,OK
2026-07-30T18:32:44.555846Z,3372,246.1,15148,OK,OK,OK
2026-07-30T18:32:50.014524Z,3424,246.0,15148,OK,OK,OK
2026-07-30T18:32:55.491828Z,3409,246.1,15148,OK,OK,OK
2026-07-30T18:33:00.942654Z,3402,246.2,15148,OK,OK,OK
2026-07-30T18:33:06.435523Z,3386,246.3,15148,OK,OK,OK
2026-07-30T18:33:11.860154Z,3415,246.3,15148,OK,OK,OK
2026-07-30T18:33:17.361080Z,3426,246.3,15148,OK,OK,OK
2026-07-30T18:33:22.852304Z,3443,246.2,15148,OK,OK,OK
2026-07-30T18:33:28.333059Z,3428,246.2,15148,OK,OK,OK
2026-07-30T18:33:33.843671Z,3424,246.2,15148,OK,OK,OK
2026-07-30T18:33:39.354892Z,3416,246.5,15148,OK,OK,OK
2026-07-30T18:33:44.851174Z,3481,246.3,15148,OK,OK,OK
2026-07-30T18:33:50.359631Z,3428,246.2,15148,OK,OK,OK
2026-07-30T18:33:55.844795Z,3432,246.2,15148,OK,OK,OK
2026-07-30T18:34:01.365828Z,3424,246.6,15148,OK,OK,OK
2026-07-30T18:34:06.854054Z,3450,246.9,15148,OK,OK,OK
2026-07-30T18:34:12.319293Z,3431,247.2,15148,OK,OK,OK
2026-07-30T18:34:17.802264Z,3451,247.6,15148,OK,OK,OK
2026-07-30T18:34:23.301896Z,3452,247.4,15148,OK,OK,OK
2026-07-30T18:34:28.846797Z,3443,247.6,15148,OK,OK,OK
2026-07-30T18:34:34.359620Z,3462,247.4,15148,OK,OK,OK
2026-07-30T18:34:39.843956Z,3439,247.1,15148,OK,OK,OK
2026-07-30T18:34:45.343299Z,3438,246.8,15148,OK,OK,OK
2026-07-30T18:34:50.780109Z,3436,246.8,15148,OK,OK,OK
2026-07-30T18:34:56.246724Z,3456,247.2,15148,OK,OK,OK
2026-07-30T18:35:01.750503Z,3452,248.3,15148,OK,OK,OK
2026-07-30T18:35:07.239914Z,3442,247.8,15148,OK,OK,OK
2026-07-30T18:35:12.726499Z,3460,247.7,15148,OK,OK,OK
2026-07-30T18:35:18.225564Z,3442,247.8,15148,OK,OK,OK
2026-07-30T18:35:23.757954Z,3438,247.7,15148,OK,OK,OK
2026-07-30T18:35:29.231737Z,3435,247.6,15148,OK,OK,OK
2026-07-30T18:35:34.712924Z,3443,247.7,15148,OK,OK,OK
2026-07-30T18:35:40.199565Z,3437,247.8,15148,OK,OK,OK
2026-07-30T18:35:45.691346Z,3438,247.4,15148,OK,OK,OK
2026-07-30T18:35:51.176544Z,3471,247.3,15148,OK,OK,OK
2026-07-30T18:35:56.675345Z,3455,247.8,15148,OK,OK,OK
2026-07-30T18:36:02.176061Z,3449,247.6,15148,OK,OK,OK
2026-07-30T18:36:07.661820Z,3438,247.4,15148,OK,OK,OK
2026-07-30T18:36:13.159481Z,3436,247.8,15148,OK,OK,OK
2026-07-30T18:36:18.650960Z,3454,247.9,15148,OK,OK,OK
2026-07-30T18:36:24.116759Z,3441,247.6,15148,OK,OK,OK
2026-07-30T18:36:29.579024Z,3442,247.2,15148,OK,OK,OK
2026-07-30T18:36:35.030892Z,3444,247.0,15148,OK,OK,OK
2026-07-30T18:36:40.482855Z,3432,247.0,15148,OK,OK,OK
2026-07-30T18:36:45.950293Z,3444,247.7,15148,OK,OK,OK
2026-07-30T18:36:51.412513Z,3440,247.8,15148,OK,OK,OK
2026-07-30T18:36:56.900902Z,3452,247.7,15148,OK,OK,OK
2026-07-30T18:37:02.401841Z,3450,247.4,15148,OK,OK,OK
2026-07-30T18:37:07.876856Z,3427,246.9,15148,OK,OK,OK
2026-07-30T18:37:13.371809Z,3494,247.5,15148,OK,OK,OK
2026-07-30T18:37:18.858471Z,3456,248.1,15148,OK,OK,OK
2026-07-30T18:37:24.361903Z,3440,247.3,15148,OK,OK,OK
2026-07-30T18:37:29.873949Z,3441,246.9,15148,OK,OK,OK
2026-07-30T18:37:35.339771Z,3437,246.8,15148,OK,OK,OK
2026-07-30T18:37:40.838718Z,3441,247.0,15148,OK,OK,OK
2026-07-30T18:37:46.325113Z,3426,247.5,10707,OK,OK,OK
2026-07-30T18:37:51.791656Z,3459,248.1,10707,OK,OK,OK
2026-07-30T18:37:57.277010Z,3447,248.0,10707,OK,OK,OK
2026-07-30T18:38:02.745770Z,3448,248.0,10707,OK,OK,OK
2026-07-30T18:38:08.225213Z,3464,248.3,10707,OK,OK,OK
2026-07-30T18:38:13.712813Z,3454,248.1,10707,OK,OK,OK
2026-07-30T18:38:19.251068Z,3451,248.4,10707,OK,OK,OK
2026-07-30T18:38:24.748532Z,3470,248.6,10707,OK,OK,OK
2026-07-30T18:38:30.210918Z,3471,248.6,10707,OK,OK,OK
2026-07-30T18:38:35.686218Z,3477,248.6,10707,OK,OK,OK
2026-07-30T18:38:41.157821Z,3470,248.7,10707,OK,OK,OK
2026-07-30T18:38:46.661394Z,3480,248.7,10707,OK,OK,OK
2026-07-30T18:38:52.158842Z,3488,248.7,10707,OK,OK,OK
2026-07-30T18:38:57.634087Z,3475,248.5,10707,OK,OK,OK
2026-07-30T18:39:03.101820Z,3476,248.5,10707,OK,OK,OK
2026-07-30T18:39:08.600594Z,3478,248.6,10707,OK,OK,OK
2026-07-30T18:39:14.047139Z,3605,248.6,10707,OK,OK,OK
2026-07-30T18:39:19.516910Z,3601,248.7,10707,OK,OK,OK
2026-07-30T18:39:25.004001Z,3608,248.7,10707,OK,OK,OK
2026-07-30T18:39:30.505928Z,3635,248.7,10707,OK,OK,OK
2026-07-30T18:39:35.943384Z,3624,248.6,10707,OK,OK,OK
2026-07-30T18:39:41.402280Z,3639,248.7,10707,OK,OK,OK
2026-07-30T18:39:46.880120Z,3651,248.7,10707,OK,OK,OK
2026-07-30T18:39:52.365342Z,3635,248.7,10707,OK,OK,OK
2026-07-30T18:39:57.834029Z,3635,248.7,10707,OK,OK,OK
2026-07-30T18:40:03.354922Z,3656,248.8,10707,OK,OK,OK
2026-07-30T18:40:08.822694Z,3696,248.8,10707,OK,OK,OK
2026-07-30T18:40:14.310792Z,3716,248.8,10707,OK,OK,OK
2026-07-30T18:40:19.824022Z,3688,248.7,10707,OK,OK,OK
2026-07-30T18:40:25.323604Z,3685,248.6,10707,OK,OK,OK
2026-07-30T18:40:30.820085Z,3694,248.7,10707,OK,OK,OK
2026-07-30T18:40:36.275843Z,3675,248.6,10707,OK,OK,OK
2026-07-30T18:40:41.746890Z,3548,248.7,10707,OK,OK,OK
2026-07-30T18:40:47.195592Z,3558,248.4,10707,OK,OK,OK
2026-07-30T18:40:52.665478Z,3549,246.7,10707,OK,OK,OK
2026-07-30T18:40:58.150066Z,3531,248.8,10707,OK,OK,OK
2026-07-30T18:41:03.669087Z,3527,248.8,10707,OK,OK,OK
2026-07-30T18:41:09.164832Z,3569,248.8,10707,OK,OK,OK
2026-07-30T18:41:14.606312Z,3547,248.9,10707,OK,OK,OK
2026-07-30T18:41:20.112776Z,3591,248.9,10707,OK,OK,OK
2026-07-30T18:41:25.602634Z,2026,249.4,10707,OK,OK,OK
2026-07-30T18:41:31.100767Z,2027,249.4,10707,OK,OK,OK
2026-07-30T18:41:36.611215Z,2027,249.4,10707,OK,OK,OK
2026-07-30T18:41:42.118945Z,2011,249.4,10707,OK,OK,OK
2026-07-30T18:41:47.615923Z,2065,249.0,10707,OK,OK,OK
2026-07-30T18:41:53.167159Z,2015,249.4,10707,OK,OK,OK
2026-07-30T18:41:58.693601Z,2006,248.0,10707,OK,OK,OK
2026-07-30T18:42:04.169397Z,1980,247.0,10707,OK,OK,OK
2026-07-30T18:42:09.674366Z,2019,248.7,10707,OK,OK,OK
2026-07-30T18:42:15.173875Z,2000,247.0,10707,OK,OK,OK
2026-07-30T18:42:20.599471Z,2038,247.7,10707,OK,OK,OK
2026-07-30T18:42:26.106187Z,2041,247.4,10707,OK,OK,OK
2026-07-30T18:42:31.579403Z,2060,248.6,10707,OK,OK,OK
2026-07-30T18:42:37.054204Z,2002,246.0,10707,OK,OK,OK
2026-07-30T18:42:42.575715Z,2021,245.8,10707,OK,OK,OK
2026-07-30T18:42:48.084622Z,2001,245.5,10707,OK,OK,OK
2026-07-30T18:42:53.587176Z,1978,245.4,10707,OK,OK,OK
2026-07-30T18:42:59.059075Z,1997,245.6,10707,OK,OK,OK
2026-07-30T18:43:04.575289Z,2021,245.5,10707,OK,OK,OK
2026-07-30T18:43:10.120703Z,1987,245.7,10707,OK,OK,OK
2026-07-30T18:43:15.622137Z,1997,245.7,10707,OK,OK,OK
2026-07-30T18:43:21.090379Z,1995,246.3,10707,OK,OK,OK
2026-07-30T18:43:26.593878Z,2126,247.6,10707,OK,OK,OK
2026-07-30T18:43:32.128728Z,2134,247.1,10707,OK,OK,OK
2026-07-30T18:43:37.594235Z,2141,247.9,10707,OK,OK,OK
2026-07-30T18:43:43.116356Z,2116,247.3,10707,OK,OK,OK
2026-07-30T18:43:48.609911Z,2119,248.2,10707,OK,OK,OK
2026-07-30T18:43:54.084718Z,2136,249.3,10707,OK,OK,OK
2026-07-30T18:43:59.561598Z,2150,249.1,10707,OK,OK,OK
2026-07-30T18:44:05.000139Z,2125,248.9,10707,OK,OK,OK
2026-07-30T18:44:10.499082Z,2142,248.5,10707,OK,OK,OK
2026-07-30T18:44:15.963784Z,2146,248.8,10707,OK,OK,OK
2026-07-30T18:44:21.416194Z,2140,249.1,10707,OK,OK,OK
2026-07-30T18:44:26.868828Z,2150,249.1,10707,OK,OK,OK
2026-07-30T18:44:32.405164Z,2140,249.1,10707,OK,OK,OK
2026-07-30T18:44:37.884621Z,2146,249.1,10707,OK,OK,OK
2026-07-30T18:44:43.402362Z,2134,249.2,10707,OK,OK,OK
2026-07-30T18:44:48.898074Z,2134,249.3,10707,OK,OK,OK
2026-07-30T18:44:54.385553Z,2013,249.1,10707,OK,OK,OK
2026-07-30T18:44:59.876175Z,2015,249.0,10707,OK,OK,OK
2026-07-30T18:45:05.378543Z,2007,249.3,10707,OK,OK,OK
2026-07-30T18:45:10.889604Z,1986,246.8,10707,OK,OK,OK
2026-07-30T18:45:16.393439Z,2010,246.3,10707,OK,OK,OK
2026-07-30T18:45:21.885378Z,1981,246.5,10707,OK,OK,OK
2026-07-30T18:45:27.387805Z,2129,247.9,10707,OK,OK,OK
2026-07-30T18:45:32.886043Z,2149,249.1,10707,OK,OK,OK
2026-07-30T18:45:38.340097Z,2133,248.3,10707,OK,OK,OK
2026-07-30T18:45:43.835993Z,2145,248.4,10707,OK,OK,OK
2026-07-30T18:45:49.275992Z,2130,248.7,10707,OK,OK,OK
2026-07-30T18:45:54.785565Z,2188,248.5,10707,OK,OK,OK
2026-07-30T18:46:00.239989Z,2106,247.9,10707,OK,OK,OK
2026-07-30T18:46:05.717813Z,2113,248.8,10707,OK,OK,OK
2026-07-30T18:46:11.190423Z,2114,249.0,10707,OK,OK,OK
2026-07-30T18:46:16.679623Z,2123,249.0,10707,OK,OK,OK
2026-07-30T18:46:22.170905Z,2125,249.0,10707,OK,OK,OK
2026-07-30T18:46:27.657837Z,2123,249.0,10707,OK,OK,OK
2026-07-30T18:46:33.175326Z,2117,248.9,10707,OK,OK,OK
2026-07-30T18:46:38.669896Z,2115,249.6,10707,OK,OK,OK
2026-07-30T18:46:44.169133Z,2134,249.4,10707,OK,OK,OK
2026-07-30T18:46:49.684539Z,2136,249.5,10707,OK,OK,OK
2026-07-30T18:46:55.164040Z,2114,249.5,10707,OK,OK,OK
2026-07-30T18:47:00.668868Z,2114,249.6,10707,OK,OK,OK
2026-07-30T18:47:06.142151Z,2114,249.6,10707,OK,OK,OK
2026-07-30T18:47:11.592708Z,2155,249.6,10707,OK,OK,OK
2026-07-30T18:47:17.071762Z,2145,249.6,10707,OK,OK,OK
2026-07-30T18:47:22.489802Z,2131,249.6,10707,OK,OK,OK
2026-07-30T18:47:27.987873Z,2115,249.6,10707,OK,OK,OK
2026-07-30T18:47:33.455148Z,2184,249.6,10707,OK,OK,OK
2026-07-30T18:47:38.921570Z,2132,249.8,10707,OK,OK,OK
2026-07-30T18:47:44.384312Z,2124,249.8,10707,OK,OK,OK
2026-07-30T18:47:49.896799Z,2120,249.8,10707,OK,OK,OK
2026-07-30T18:47:55.370570Z,2120,249.7,10707,OK,OK,OK
2026-07-30T18:48:00.837398Z,2136,249.7,10707,OK,OK,OK
2026-07-30T18:48:06.372811Z,2128,250.1,10707,OK,OK,OK
2026-07-30T18:48:11.849139Z,2148,250.0,10707,OK,OK,OK
2026-07-30T18:48:17.326450Z,2131,249.7,10707,OK,OK,OK
2026-07-30T18:48:22.824305Z,2116,249.9,10707,OK,OK,OK
2026-07-30T18:48:28.295399Z,2205,250.0,10707,OK,OK,OK
2026-07-30T18:48:33.728592Z,2130,250.1,10707,OK,OK,OK
2026-07-30T18:48:39.232144Z,2215,250.0,10707,OK,OK,OK
2026-07-30T18:48:44.662223Z,2218,250.0,10707,OK,OK,OK
2026-07-30T18:48:50.166980Z,2218,250.0,10707,OK,OK,OK
2026-07-30T18:48:55.626734Z,2252,250.1,10707,OK,OK,OK
2026-07-30T18:49:01.119095Z,2151,250.0,10707,OK,OK,OK
2026-07-30T18:49:06.615165Z,2140,250.1,10707,OK,OK,OK
2026-07-30T18:49:12.159921Z,2144,250.1,10707,OK,OK,OK
2026-07-30T18:49:17.641070Z,2174,250.1,10707,OK,OK,OK
2026-07-30T18:49:23.159475Z,2180,250.1,10707,OK,OK,OK
2026-07-30T18:49:28.635757Z,2163,250.1,10707,OK,OK,OK
2026-07-30T18:49:34.116057Z,2167,250.1,10707,OK,OK,OK
2026-07-30T18:49:39.632487Z,2166,250.2,10707,OK,OK,OK
2026-07-30T18:49:45.135243Z,2168,250.3,10707,OK,OK,OK
2026-07-30T18:49:50.640004Z,2164,250.3,10707,OK,OK,OK
2026-07-30T18:49:56.119759Z,2151,249.7,10707,OK,OK,OK
2026-07-30T18:50:01.646435Z,2155,250.2,10707,OK,OK,OK
2026-07-30T18:50:07.122336Z,2172,250.1,10707,OK,OK,OK
2026-07-30T18:50:12.634194Z,2164,250.2,10707,OK,OK,OK
2026-07-30T18:50:18.151344Z,2183,249.5,10707,OK,OK,OK
2026-07-30T18:50:23.626932Z,2155,248.1,10707,OK,OK,OK
2026-07-30T18:50:29.115809Z,2144,248.6,10707,OK,OK,OK
2026-07-30T18:50:34.598166Z,2158,250.1,10707,OK,OK,OK
2026-07-30T18:50:40.060947Z,2156,250.0,10707,OK,OK,OK
2026-07-30T18:50:45.565315Z,2147,249.8,10707,OK,OK,OK
2026-07-30T18:50:51.008650Z,2130,250.1,10707,OK,OK,OK
2026-07-30T18:50:56.503693Z,2148,250.0,10707,OK,OK,OK
2026-07-30T18:51:01.988895Z,2150,249.2,10707,OK,OK,OK
2026-07-30T18:51:07.482918Z,2159,250.1,10707,OK,OK,OK
2026-07-30T18:51:12.986386Z,2168,249.8,10707,OK,OK,OK
2026-07-30T18:51:18.485857Z,2160,250.2,10707,OK,OK,OK
2026-07-30T18:51:23.938209Z,2137,250.1,10707,OK,OK,OK
2026-07-30T18:51:29.471472Z,2156,249.8,10707,OK,OK,OK
2026-07-30T18:51:34.930259Z,2156,249.4,10707,OK,OK,OK
2026-07-30T18:51:40.418513Z,2138,249.8,10707,OK,OK,OK
2026-07-30T18:51:45.878395Z,2122,249.4,10707,OK,OK,OK
2026-07-30T18:51:51.313454Z,2118,248.7,10707,OK,OK,OK
2026-07-30T18:51:56.778409Z,2145,248.4,10707,OK,OK,OK
2026-07-30T18:52:02.251619Z,2119,248.3,10707,OK,OK,OK
2026-07-30T18:52:07.738511Z,2119,248.6,10707,OK,OK,OK
2026-07-30T18:52:13.193174Z,2106,247.8,10707,OK,OK,OK
2026-07-30T18:52:18.675296Z,2117,247.8,10707,OK,OK,OK
2026-07-30T18:52:24.122827Z,2118,248.2,10707,OK,OK,OK
2026-07-30T18:52:29.609424Z,2127,248.4,10707,OK,OK,OK
2026-07-30T18:52:35.093816Z,2140,249.1,10707,OK,OK,OK
2026-07-30T18:52:40.599491Z,2139,249.9,10707,OK,OK,OK
2026-07-30T18:52:46.085896Z,2122,248.5,10707,OK,OK,OK
2026-07-30T18:52:51.592891Z,2125,247.9,10707,OK,OK,OK
2026-07-30T18:52:57.104032Z,2154,247.8,10707,OK,OK,OK
2026-07-30T18:53:02.624355Z,2128,247.6,11215,OK,OK,OK
2026-07-30T18:53:08.138638Z,2154,247.5,11215,OK,OK,OK
2026-07-30T18:53:13.606624Z,2157,247.6,11215,OK,OK,OK
2026-07-30T18:53:19.045642Z,2125,247.7,11215,OK,OK,OK
2026-07-30T18:53:24.503328Z,2127,248.1,11215,OK,OK,OK
2026-07-30T18:53:30.014817Z,2163,250.1,11215,OK,OK,OK
2026-07-30T18:53:35.500717Z,2141,250.1,11215,OK,OK,OK
2026-07-30T18:53:40.989085Z,2128,248.1,11215,OK,OK,OK
2026-07-30T18:53:46.443786Z,2129,248.2,11215,OK,OK,OK
2026-07-30T18:53:51.959458Z,2109,247.7,11215,OK,OK,OK
2026-07-30T18:53:57.456707Z,2128,247.7,11215,OK,OK,OK
2026-07-30T18:54:02.949458Z,2122,248.1,11215,OK,OK,OK
2026-07-30T18:54:08.414833Z,2126,249.1,11215,OK,OK,OK
2026-07-30T18:54:13.900899Z,2121,249.1,11215,OK,OK,OK
2026-07-30T18:54:19.376896Z,2132,250.3,11215,OK,OK,OK
2026-07-30T18:54:24.895068Z,3616,249.6,11215,OK,OK,OK
2026-07-30T18:54:30.361231Z,3648,249.7,11215,OK,OK,OK
2026-07-30T18:54:35.822903Z,3657,249.4,11215,OK,OK,OK
2026-07-30T18:54:41.322448Z,3658,249.4,11215,OK,OK,OK
2026-07-30T18:54:46.836582Z,3654,249.1,11215,OK,OK,OK
2026-07-30T18:54:52.333170Z,3675,248.3,11215,OK,OK,OK
2026-07-30T18:54:57.869041Z,3702,248.3,11215,OK,OK,OK
2026-07-30T18:55:03.393891Z,3692,248.7,11215,OK,OK,OK
2026-07-30T18:55:08.872628Z,3690,247.9,11215,OK,OK,OK
2026-07-30T18:55:14.342121Z,3685,247.4,11215,OK,OK,OK
2026-07-30T18:55:19.837946Z,3688,248.6,11215,OK,OK,OK
2026-07-30T18:55:25.321009Z,3683,248.6,11215,OK,OK,OK
2026-07-30T18:55:30.798377Z,3672,248.1,11215,OK,OK,OK
2026-07-30T18:55:36.305983Z,3680,247.9,11215,OK,OK,OK
2026-07-30T18:55:41.790552Z,3686,248.2,11215,OK,OK,OK
2026-07-30T18:55:47.277812Z,3680,248.4,11215,OK,OK,OK
2026-07-30T18:55:52.764173Z,3679,247.8,11215,OK,OK,OK
2026-07-30T18:55:58.234069Z,3660,247.4,11215,OK,OK,OK
2026-07-30T18:56:03.739134Z,3661,247.2,11215,OK,OK,OK
2026-07-30T18:56:09.203266Z,3584,247.2,11215,OK,OK,OK
2026-07-30T18:56:14.660864Z,3571,247.3,11215,OK,OK,OK
2026-07-30T18:56:20.176366Z,3571,247.2,11215,OK,OK,OK
2026-07-30T18:56:25.642541Z,3568,247.1,11215,OK,OK,OK
2026-07-30T18:56:31.109812Z,3568,247.2,11215,OK,OK,OK
2026-07-30T18:56:36.593019Z,3570,247.7,11215,OK,OK,OK
2026-07-30T18:56:42.099685Z,3591,247.3,11215,OK,OK,OK
2026-07-30T18:56:47.611460Z,3606,247.4,11215,OK,OK,OK
2026-07-30T18:56:53.084028Z,3579,247.7,11215,OK,OK,OK
2026-07-30T18:56:58.590293Z,3572,247.4,11215,OK,OK,OK
2026-07-30T18:57:04.074049Z,3571,247.3,11215,OK,OK,OK
2026-07-30T18:57:09.584353Z,3576,247.3,11215,OK,OK,OK
2026-07-30T18:57:15.100047Z,3581,247.5,11215,OK,OK,OK
2026-07-30T18:57:20.611144Z,3579,247.4,11215,OK,OK,OK
2026-07-30T18:57:26.079468Z,3569,247.1,11215,OK,OK,OK
2026-07-30T18:57:31.587720Z,3567,247.1,11215,OK,OK,OK
2026-07-30T18:57:37.069670Z,3557,247.1,11215,OK,OK,OK
2026-07-30T18:57:42.554623Z,3561,247.1,11215,OK,OK,OK
2026-07-30T18:57:48.001354Z,3564,247.1,11215,OK,OK,OK
2026-07-30T18:57:53.457816Z,3526,247.1,11215,OK,OK,OK
2026-07-30T18:57:58.919438Z,3549,247.1,11215,OK,OK,OK
2026-07-30T18:58:04.424053Z,3516,247.0,11215,OK,OK,OK
2026-07-30T18:58:09.940917Z,3521,246.8,11215,OK,OK,OK
2026-07-30T18:58:15.449584Z,3523,246.8,11215,OK,OK,OK
2026-07-30T18:58:20.955474Z,3525,246.7,11215,OK,OK,OK
2026-07-30T18:58:26.494440Z,3520,246.7,11215,OK,OK,OK
2026-07-30T18:58:31.966752Z,3512,246.7,11215,OK,OK,OK
2026-07-30T18:58:37.453576Z,3517,246.7,11215,OK,OK,OK
2026-07-30T18:58:42.939942Z,3520,246.7,11215,OK,OK,OK
2026-07-30T18:58:48.429521Z,3547,246.7,11215,OK,OK,OK
2026-07-30T18:58:53.898102Z,3512,246.6,11215,OK,OK,OK
2026-07-30T18:58:59.373842Z,3525,246.3,11215,OK,OK,OK
2026-07-30T18:59:04.887080Z,3510,246.3,11215,OK,OK,OK
2026-07-30T18:59:10.331351Z,3523,246.3,11215,OK,OK,OK
2026-07-30T18:59:15.798765Z,3487,246.1,11215,OK,OK,OK
2026-07-30T18:59:21.275468Z,3498,246.3,11215,OK,OK,OK
2026-07-30T18:59:26.774149Z,3507,246.3,11215,OK,OK,OK
2026-07-30T18:59:32.260840Z,3488,246.3,11215,OK,OK,OK
2026-07-30T18:59:37.721003Z,3504,246.3,11215,OK,OK,OK
2026-07-30T18:59:43.217086Z,3509,246.3,11215,OK,OK,OK
2026-07-30T18:59:48.742591Z,3525,246.3,11215,OK,OK,OK
2026-07-30T18:59:54.221476Z,3500,246.3,11215,OK,OK,OK
2026-07-30T18:59:59.736346Z,3521,246.3,11215,OK,OK,OK
2026-07-30T19:00:05.195322Z,3507,246.3,11215,OK,OK,OK
2026-07-30T19:00:10.617621Z,3510,246.3,11215,OK,OK,OK
2026-07-30T19:00:16.117226Z,3519,246.3,11215,OK,OK,OK
2026-07-30T19:00:21.609557Z,3513,246.3,11215,OK,OK,OK
2026-07-30T19:00:27.076111Z,3518,246.3,11215,OK,OK,OK
2026-07-30T19:00:32.510318Z,3513,246.4,11215,OK,OK,OK
2026-07-30T19:00:38.010141Z,3505,246.3,11215,OK,OK,OK
2026-07-30T19:00:43.507980Z,3523,246.4,11215,OK,OK,OK
2026-07-30T19:00:48.974052Z,3535,246.4,11215,OK,OK,OK
2026-07-30T19:00:54.461317Z,3551,246.4,11215,OK,OK,OK
2026-07-30T19:00:59.963746Z,3507,246.6,11215,OK,OK,OK
2026-07-30T19:01:05.443040Z,3533,246.4,11215,OK,OK,OK
2026-07-30T19:01:10.941271Z,3502,246.4,11215,OK,OK,OK
2026-07-30T19:01:16.465790Z,3516,246.3,11215,OK,OK,OK
2026-07-30T19:01:22.003746Z,3521,246.5,11215,OK,OK,OK
2026-07-30T19:01:27.546950Z,3522,246.4,11215,OK,OK,OK
2026-07-30T19:01:33.030812Z,3512,246.5,11215,OK,OK,OK
2026-07-30T19:01:38.523594Z,3532,247.1,11215,OK,OK,OK
2026-07-30T19:01:44.008852Z,3530,246.7,11215,OK,OK,OK
2026-07-30T19:01:49.525959Z,3524,246.5,11215,OK,OK,OK
2026-07-30T19:01:55.023660Z,3534,246.3,11215,OK,OK,OK
2026-07-30T19:02:00.523382Z,3519,246.1,11215,OK,OK,OK
2026-07-30T19:02:06.041805Z,3515,246.1,11215,OK,OK,OK
2026-07-30T19:02:11.528310Z,3510,246.1,11215,OK,OK,OK
2026-07-30T19:02:17.018203Z,3513,246.0,11215,OK,OK,OK
2026-07-30T19:02:22.504338Z,3548,246.0,11215,OK,OK,OK
2026-07-30T19:02:27.996798Z,3521,246.0,11215,OK,OK,OK
2026-07-30T19:02:33.460803Z,3517,246.0,11215,OK,OK,OK
2026-07-30T19:02:38.922543Z,3508,245.8,11215,OK,OK,OK
2026-07-30T19:02:44.420468Z,3514,245.7,11215,OK,OK,OK
2026-07-30T19:02:49.901541Z,3523,245.7,11215,OK,OK,OK
2026-07-30T19:02:55.408955Z,3515,245.6,11215,OK,OK,OK
2026-07-30T19:03:00.908857Z,3509,245.7,11215,OK,OK,OK
2026-07-30T19:03:06.380142Z,3499,245.7,11215,OK,OK,OK
2026-07-30T19:03:11.882593Z,3516,245.7,11215,OK,OK,OK
2026-07-30T19:03:17.377940Z,3550,245.7,11215,OK,OK,OK
2026-07-30T19:03:22.880514Z,1971,246.2,11215,OK,OK,OK
2026-07-30T19:03:28.382129Z,2004,246.1,11215,OK,OK,OK
2026-07-30T19:03:33.856565Z,1950,246.2,11215,OK,OK,OK
2026-07-30T19:03:39.358757Z,1962,246.1,11215,OK,OK,OK
2026-07-30T19:03:44.839444Z,1970,246.1,11215,OK,OK,OK
2026-07-30T19:03:50.337299Z,1972,245.9,11215,OK,OK,OK
2026-07-30T19:03:55.820713Z,2009,246.0,11215,OK,OK,OK
2026-07-30T19:04:01.318060Z,2024,245.8,11215,OK,OK,OK
2026-07-30T19:04:06.815153Z,1946,245.5,11215,OK,OK,OK
2026-07-30T19:04:12.246558Z,1965,245.3,11215,OK,OK,OK
2026-07-30T19:04:17.727203Z,1978,245.3,11215,OK,OK,OK
2026-07-30T19:04:23.193969Z,1978,245.2,11215,OK,OK,OK
2026-07-30T19:04:28.727729Z,1957,245.2,11215,OK,OK,OK
2026-07-30T19:04:34.189300Z,1939,245.2,11215,OK,OK,OK
2026-07-30T19:04:39.659176Z,1954,245.1,11215,OK,OK,OK
2026-07-30T19:04:45.110022Z,1954,245.1,11215,OK,OK,OK
2026-07-30T19:04:50.599717Z,1960,245.2,11215,OK,OK,OK
2026-07-30T19:04:56.159881Z,1963,245.1,11215,OK,OK,OK
2026-07-30T19:05:01.667777Z,1964,245.1,11215,OK,OK,OK
2026-07-30T19:05:07.165868Z,1942,245.1,11215,OK,OK,OK
2026-07-30T19:05:12.648370Z,1953,245.3,11215,OK,OK,OK
2026-07-30T19:05:18.150181Z,1960,245.4,11215,OK,OK,OK
2026-07-30T19:05:23.644456Z,1961,245.4,11215,OK,OK,OK
2026-07-30T19:05:29.162057Z,1956,245.6,11215,OK,OK,OK
2026-07-30T19:05:34.676207Z,1970,245.7,11215,OK,OK,OK
2026-07-30T19:05:40.157394Z,1963,245.6,11215,OK,OK,OK
2026-07-30T19:05:45.658474Z,1958,245.6,11215,OK,OK,OK
2026-07-30T19:05:51.132917Z,1966,245.5,11215,OK,OK,OK
2026-07-30T19:05:56.572737Z,1944,245.6,11215,OK,OK,OK
2026-07-30T19:06:02.062887Z,1931,245.6,11215,OK,OK,OK
2026-07-30T19:06:07.513412Z,1964,245.6,11215,OK,OK,OK
2026-07-30T19:06:13.005216Z,1961,245.6,11215,OK,OK,OK
2026-07-30T19:06:18.490944Z,1962,245.6,11215,OK,OK,OK
2026-07-30T19:06:24.004939Z,1970,245.4,11215,OK,OK,OK
2026-07-30T19:06:29.494480Z,1979,245.5,11215,OK,OK,OK
2026-07-30T19:06:35.033347Z,1962,245.6,11215,OK,OK,OK
2026-07-30T19:06:40.530090Z,1980,245.6,11215,OK,OK,OK
2026-07-30T19:06:46.021699Z,2011,245.8,11215,OK,OK,OK
2026-07-30T19:06:51.525833Z,1954,245.7,11215,OK,OK,OK
2026-07-30T19:06:57.013329Z,1959,245.6,11215,OK,OK,OK
2026-07-30T19:07:02.518025Z,1950,245.7,11215,OK,OK,OK
2026-07-30T19:07:08.014432Z,1965,245.7,11215,OK,OK,OK
2026-07-30T19:07:13.530097Z,1959,245.7,11215,OK,OK,OK
2026-07-30T19:07:18.989083Z,1956,245.7,11215,OK,OK,OK
2026-07-30T19:07:24.459232Z,1967,245.7,11215,OK,OK,OK
2026-07-30T19:07:29.974965Z,1958,245.7,11215,OK,OK,OK
2026-07-30T19:07:35.488544Z,1950,245.9,11215,OK,OK,OK
2026-07-30T19:07:40.955765Z,1943,245.7,11215,OK,OK,OK
2026-07-30T19:07:46.432763Z,1932,245.7,11215,OK,OK,OK
2026-07-30T19:07:51.868225Z,1937,245.7,11215,OK,OK,OK
2026-07-30T19:07:57.334715Z,1945,245.7,11215,OK,OK,OK
2026-07-30T19:08:02.816017Z,1931,245.7,11215,OK,OK,OK
2026-07-30T19:08:08.280957Z,1931,245.7,11215,OK,OK,OK
2026-07-30T19:08:13.792455Z,1940,245.7,3940,OK,OK,OK
2026-07-30T19:08:19.301930Z,1933,245.7,3940,OK,OK,OK
2026-07-30T19:08:24.807804Z,1929,245.7,3940,OK,OK,OK
2026-07-30T19:08:30.288654Z,1936,246.0,3940,OK,OK,OK
2026-07-30T19:08:35.777592Z,1922,245.8,3940,OK,OK,OK
2026-07-30T19:08:41.253075Z,1940,245.8,3940,OK,OK,OK
2026-07-30T19:08:46.722366Z,1933,246.0,3940,OK,OK,OK
2026-07-30T19:08:52.217719Z,1851,245.9,3940,OK,OK,OK
2026-07-30T19:08:57.728635Z,1856,246.0,3940,OK,OK,OK
2026-07-30T19:09:03.153279Z,1860,246.0,3940,OK,OK,OK
2026-07-30T19:09:08.608479Z,1843,246.0,3940,OK,OK,OK
2026-07-30T19:09:14.052375Z,1834,246.0,3940,OK,OK,OK
2026-07-30T19:09:19.536930Z,1866,246.0,3940,OK,OK,OK
2026-07-30T19:09:25.000156Z,1847,246.0,3940,OK,OK,OK
2026-07-30T19:09:30.533961Z,1847,246.2,3940,OK,OK,OK
2026-07-30T19:09:35.981770Z,1843,246.2,3940,OK,OK,OK
2026-07-30T19:09:41.434931Z,1840,246.2,3940,OK,OK,OK
2026-07-30T19:09:46.942085Z,1845,246.2,3940,OK,OK,OK
2026-07-30T19:09:52.466970Z,1852,246.2,3940,OK,OK,OK
2026-07-30T19:09:57.996187Z,1845,246.2,3940,OK,OK,OK
2026-07-30T19:10:03.482165Z,1853,246.2,3940,OK,OK,OK
2026-07-30T19:10:08.957685Z,1840,246.2,3940,OK,OK,OK
2026-07-30T19:10:14.424571Z,1853,246.1,3940,OK,OK,OK
2026-07-30T19:10:19.897330Z,1847,246.2,3940,OK,OK,OK
2026-07-30T19:10:25.353164Z,1853,246.1,3940,OK,OK,OK
2026-07-30T19:10:30.834621Z,1977,246.2,3940,OK,OK,OK
2026-07-30T19:10:36.269923Z,1969,246.2,3940,OK,OK,OK
2026-07-30T19:10:41.759839Z,1967,246.1,3940,OK,OK,OK
2026-07-30T19:10:47.217750Z,1962,246.1,3940,OK,OK,OK
2026-07-30T19:10:52.688463Z,1978,246.1,3940,OK,OK,OK
2026-07-30T19:10:58.197335Z,1964,246.1,3940,OK,OK,OK
2026-07-30T19:11:03.686371Z,1963,246.0,3940,OK,OK,OK
2026-07-30T19:11:09.175899Z,1975,246.0,3940,OK,OK,OK
2026-07-30T19:11:14.696338Z,1966,246.0,3940,OK,OK,OK
2026-07-30T19:11:20.183302Z,1980,246.1,3940,OK,OK,OK
2026-07-30T19:11:25.676353Z,1963,246.0,3940,OK,OK,OK
2026-07-30T19:11:31.138859Z,1957,246.1,3940,OK,OK,OK
2026-07-30T19:11:36.610108Z,1955,246.0,3940,OK,OK,OK
2026-07-30T19:11:42.079691Z,1972,246.1,3940,OK,OK,OK
2026-07-30T19:11:47.545729Z,1965,246.1,3940,OK,OK,OK
2026-07-30T19:11:53.003390Z,1846,246.2,3940,OK,OK,OK
2026-07-30T19:11:58.486436Z,1866,246.3,3940,OK,OK,OK
2026-07-30T19:12:03.989801Z,1860,246.3,3940,OK,OK,OK
2026-07-30T19:12:09.482257Z,1870,246.4,3940,OK,OK,OK
2026-07-30T19:12:14.992435Z,1859,246.4,3940,OK,OK,OK
2026-07-30T19:12:20.447097Z,1865,246.4,3940,OK,OK,OK
2026-07-30T19:12:25.955837Z,1874,246.4,3940,OK,OK,OK
2026-07-30T19:12:31.465257Z,1865,246.5,3940,OK,OK,OK
2026-07-30T19:12:36.978230Z,1867,246.5,3940,OK,OK,OK
2026-07-30T19:12:42.407419Z,1880,246.5,3940,OK,OK,OK
2026-07-30T19:12:47.914907Z,1873,246.5,3940,OK,OK,OK
2026-07-30T19:12:53.413279Z,1870,246.5,3940,OK,OK,OK
2026-07-30T19:12:58.913223Z,1873,246.5,3940,OK,OK,OK
2026-07-30T19:13:04.369756Z,1855,246.5,3940,OK,OK,OK
2026-07-30T19:13:09.874511Z,1868,246.5,3940,OK,OK,OK
2026-07-30T19:13:15.387041Z,1870,246.5,3940,OK,OK,OK
2026-07-30T19:13:20.885933Z,1881,246.5,3940,OK,OK,OK
2026-07-30T19:13:26.406688Z,1893,246.5,3940,OK,OK,OK
2026-07-30T19:13:31.888387Z,1885,246.5,3940,OK,OK,OK
2026-07-30T19:13:37.347806Z,1882,246.5,3940,OK,OK,OK
2026-07-30T19:13:42.805245Z,1863,246.5,3940,OK,OK,OK
2026-07-30T19:13:48.296454Z,1880,246.7,3940,OK,OK,OK
2026-07-30T19:13:53.738939Z,1874,246.7,3940,OK,OK,OK
2026-07-30T19:13:59.250385Z,1865,246.1,3940,OK,OK,OK
2026-07-30T19:14:04.751032Z,1859,245.9,3940,OK,OK,OK
2026-07-30T19:14:10.246418Z,1861,245.9,3940,OK,OK,OK
2026-07-30T19:14:15.769916Z,1863,245.8,3940,OK,OK,OK
2026-07-30T19:14:21.282313Z,1862,245.8,3940,OK,OK,OK
2026-07-30T19:14:26.745074Z,1851,245.8,3940,OK,OK,OK
2026-07-30T19:14:32.248922Z,1858,245.9,3940,OK,OK,OK
2026-07-30T19:14:37.750089Z,1859,246.2,3940,OK,OK,OK
2026-07-30T19:14:43.245490Z,1844,246.0,3940,OK,OK,OK
2026-07-30T19:14:48.762134Z,1872,246.1,3940,OK,OK,OK
2026-07-30T19:14:54.306580Z,1830,246.2,3940,OK,OK,OK
2026-07-30T19:14:59.804339Z,1857,246.1,3940,OK,OK,OK
2026-07-30T19:15:05.321050Z,1848,246.2,3940,OK,OK,OK
2026-07-30T19:15:10.816694Z,1847,246.1,3940,OK,OK,OK
2026-07-30T19:15:16.295254Z,1841,246.1,3940,OK,OK,OK
2026-07-30T19:15:21.813376Z,1856,246.2,3940,OK,OK,OK
2026-07-30T19:15:27.295166Z,1846,246.2,3940,OK,OK,OK
2026-07-30T19:15:32.791816Z,1851,245.9,3940,OK,OK,OK
2026-07-30T19:15:38.253595Z,1854,245.9,3940,OK,OK,OK
2026-07-30T19:15:43.771948Z,3269,245.3,3940,OK,OK,OK
2026-07-30T19:15:49.232761Z,3291,245.4,3940,OK,OK,OK
2026-07-30T19:15:54.701790Z,3429,245.4,3940,OK,OK,OK
2026-07-30T19:16:00.134840Z,3416,245.5,3940,OK,OK,OK
2026-07-30T19:16:05.600728Z,3414,245.5,3940,OK,OK,OK
2026-07-30T19:16:11.097516Z,3428,245.5,3940,OK,OK,OK
2026-07-30T19:16:16.581350Z,3449,245.5,3940,OK,OK,OK
2026-07-30T19:16:22.067204Z,3427,245.5,3940,OK,OK,OK
2026-07-30T19:16:27.517362Z,3444,245.3,3940,OK,OK,OK
2026-07-30T19:16:33.027513Z,3330,245.5,3940,OK,OK,OK
2026-07-30T19:16:38.494701Z,3336,245.5,3940,OK,OK,OK
2026-07-30T19:16:43.976704Z,3329,245.5,3940,OK,OK,OK
2026-07-30T19:16:49.412789Z,3353,245.6,3940,OK,OK,OK
2026-07-30T19:16:54.876536Z,3346,245.6,3940,OK,OK,OK
2026-07-30T19:17:00.326905Z,3337,245.4,3940,OK,OK,OK
2026-07-30T19:17:05.839738Z,3340,245.5,3940,OK,OK,OK
2026-07-30T19:17:11.306716Z,3358,245.6,3940,OK,OK,OK
2026-07-30T19:17:16.808954Z,3345,245.6,3940,OK,OK,OK
2026-07-30T19:17:22.290931Z,3333,245.6,3940,OK,OK,OK
2026-07-30T19:17:27.808710Z,3348,245.6,3940,OK,OK,OK
2026-07-30T19:17:33.311592Z,3370,245.6,3940,OK,OK,OK
2026-07-30T19:17:38.818968Z,3376,245.7,3940,OK,OK,OK
2026-07-30T19:17:44.333024Z,3352,245.8,3940,OK,OK,OK
2026-07-30T19:17:49.811419Z,3365,245.8,3940,OK,OK,OK
2026-07-30T19:17:55.303067Z,3375,245.8,3940,OK,OK,OK
2026-07-30T19:18:00.796775Z,3336,245.9,3940,OK,OK,OK
2026-07-30T19:18:06.269674Z,3368,246.0,3940,OK,OK,OK
2026-07-30T19:18:11.770762Z,3329,246.3,3940,OK,OK,OK
2026-07-30T19:18:17.253964Z,3358,246.8,3940,OK,OK,OK
2026-07-30T19:18:22.757260Z,3360,246.8,3940,OK,OK,OK
2026-07-30T19:18:28.202513Z,3358,246.7,3940,OK,OK,OK
2026-07-30T19:18:33.681826Z,3344,246.8,3940,OK,OK,OK
2026-07-30T19:18:39.171248Z,3424,247.0,3940,OK,OK,OK
2026-07-30T19:18:44.631173Z,3347,247.4,3940,OK,OK,OK
2026-07-30T19:18:50.131530Z,3378,247.4,3940,OK,OK,OK
2026-07-30T19:18:55.659249Z,3364,247.4,3940,OK,OK,OK
2026-07-30T19:19:01.159671Z,3386,247.4,3940,OK,OK,OK
2026-07-30T19:19:06.636259Z,3369,247.3,3940,OK,OK,OK
2026-07-30T19:19:12.124063Z,3358,247.2,3940,OK,OK,OK
2026-07-30T19:19:17.590895Z,3358,247.2,3940,OK,OK,OK
2026-07-30T19:19:23.106056Z,3336,247.2,3940,OK,OK,OK
2026-07-30T19:19:28.550368Z,3350,247.2,3940,OK,OK,OK
2026-07-30T19:19:34.022799Z,3335,247.1,3940,OK,OK,OK
2026-07-30T19:19:39.500475Z,3350,247.2,3940,OK,OK,OK
2026-07-30T19:19:45.008083Z,3358,246.8,3940,OK,OK,OK
2026-07-30T19:19:50.487058Z,3351,246.9,3940,OK,OK,OK
2026-07-30T19:19:55.946163Z,3353,246.9,3940,OK,OK,OK
2026-07-30T19:20:01.434330Z,3364,246.9,3940,OK,OK,OK
2026-07-30T19:20:06.893895Z,3326,246.8,3940,OK,OK,OK
2026-07-30T19:20:12.359294Z,3347,247.0,3940,OK,OK,OK
2026-07-30T19:20:17.841503Z,3340,247.0,3940,OK,OK,OK
2026-07-30T19:20:23.351630Z,3332,247.0,3940,OK,OK,OK
2026-07-30T19:20:28.854500Z,3348,247.1,3940,OK,OK,OK
2026-07-30T19:20:34.378829Z,3335,247.1,3940,OK,OK,OK
2026-07-30T19:20:39.851167Z,3348,247.2,3940,OK,OK,OK
2026-07-30T19:20:45.346384Z,3347,247.3,3940,OK,OK,OK
2026-07-30T19:20:50.843943Z,3337,247.4,3940,OK,OK,OK
2026-07-30T19:20:56.357521Z,3378,247.6,3940,OK,OK,OK
2026-07-30T19:21:01.840896Z,3363,247.7,3940,OK,OK,OK
2026-07-30T19:21:07.337377Z,3352,247.6,3940,OK,OK,OK
2026-07-30T19:21:12.846826Z,3370,247.6,3940,OK,OK,OK
2026-07-30T19:21:18.343850Z,3375,247.6,3940,OK,OK,OK
2026-07-30T19:21:23.835766Z,3361,247.3,3940,OK,OK,OK
2026-07-30T19:21:29.307399Z,3368,247.4,3940,OK,OK,OK
2026-07-30T19:21:34.824652Z,3370,247.4,3940,OK,OK,OK
2026-07-30T19:21:40.326041Z,3363,247.4,3940,OK,OK,OK
2026-07-30T19:21:45.814632Z,3366,247.3,3940,OK,OK,OK
2026-07-30T19:21:51.251541Z,3366,247.4,3940,OK,OK,OK
2026-07-30T19:21:56.716912Z,3356,247.5,3940,OK,OK,OK
2026-07-30T19:22:02.163194Z,3357,247.4,3940,OK,OK,OK
2026-07-30T19:22:07.676155Z,3365,247.4,3940,OK,OK,OK
2026-07-30T19:22:13.145036Z,3349,247.4,3940,OK,OK,OK
2026-07-30T19:22:18.666188Z,3356,247.5,3940,OK,OK,OK
2026-07-30T19:22:24.127419Z,3348,247.4,3940,OK,OK,OK
2026-07-30T19:22:29.630554Z,3358,247.5,3940,OK,OK,OK
2026-07-30T19:22:35.147576Z,3368,247.5,3940,OK,OK,OK
2026-07-30T19:22:40.657988Z,3357,247.5,3940,OK,OK,OK
2026-07-30T19:22:46.179572Z,3352,247.2,3940,OK,OK,OK
2026-07-30T19:22:51.673051Z,3354,247.3,3940,OK,OK,OK
2026-07-30T19:22:57.171686Z,3375,247.3,3940,OK,OK,OK
2026-07-30T19:23:02.660194Z,3392,247.2,3940,OK,OK,OK
2026-07-30T19:23:08.130415Z,3355,247.2,3940,OK,OK,OK
2026-07-30T19:23:13.636743Z,3346,247.4,3940,OK,OK,OK
2026-07-30T19:23:19.149453Z,3360,247.5,3940,OK,OK,OK
2026-07-30T19:23:24.644876Z,3367,247.2,11349,OK,OK,OK
2026-07-30T19:23:30.175474Z,3369,247.4,11349,OK,OK,OK
2026-07-30T19:23:35.632406Z,3370,247.4,11349,OK,OK,OK
2026-07-30T19:23:41.120010Z,3373,247.5,11349,OK,OK,OK
2026-07-30T19:23:46.624876Z,3382,247.6,11349,OK,OK,OK
2026-07-30T19:23:52.137877Z,3380,247.8,11349,OK,OK,OK
2026-07-30T19:23:57.628744Z,3382,247.7,11349,OK,OK,OK
2026-07-30T19:24:03.132373Z,3366,247.4,11349,OK,OK,OK
2026-07-30T19:24:08.627100Z,3376,247.4,11349,OK,OK,OK
2026-07-30T19:24:14.113124Z,3376,247.3,11349,OK,OK,OK
2026-07-30T19:24:19.557181Z,3367,247.1,11349,OK,OK,OK
2026-07-30T19:24:25.050982Z,3348,246.9,11349,OK,OK,OK
2026-07-30T19:24:30.552042Z,3370,246.7,11349,OK,OK,OK
2026-07-30T19:24:36.057456Z,3339,247.0,11349,OK,OK,OK
2026-07-30T19:24:41.548372Z,3336,247.1,11349,OK,OK,OK
2026-07-30T19:24:47.000451Z,3338,247.1,11349,OK,OK,OK
2026-07-30T19:24:52.467408Z,3324,246.9,11349,OK,OK,OK
2026-07-30T19:24:57.966600Z,3352,246.9,11349,OK,OK,OK
2026-07-30T19:25:03.485759Z,1808,247.3,11349,OK,OK,OK
2026-07-30T19:25:08.981108Z,1901,247.2,11349,OK,OK,OK
2026-07-30T19:25:14.441622Z,1898,247.2,11349,OK,OK,OK
2026-07-30T19:25:19.944850Z,1939,247.2,11349,OK,OK,OK
2026-07-30T19:25:25.393006Z,1932,247.1,11349,OK,OK,OK
2026-07-30T19:25:30.876029Z,1954,247.2,11349,OK,OK,OK
2026-07-30T19:25:36.337561Z,1925,247.1,11349,OK,OK,OK
2026-07-30T19:25:41.833690Z,1947,247.0,11349,OK,OK,OK
2026-07-30T19:25:47.363215Z,1925,247.0,11349,OK,OK,OK
2026-07-30T19:25:52.823867Z,1958,247.0,11349,OK,OK,OK
2026-07-30T19:25:58.357693Z,1945,247.0,11349,OK,OK,OK
2026-07-30T19:26:03.816697Z,1905,247.0,11349,OK,OK,OK
2026-07-30T19:26:09.311761Z,2098,246.9,11349,OK,OK,OK
2026-07-30T19:26:14.760209Z,1936,247.0,11349,OK,OK,OK
2026-07-30T19:26:20.226357Z,1914,247.0,11349,OK,OK,OK
2026-07-30T19:26:25.740008Z,1935,246.9,11349,OK,OK,OK
2026-07-30T19:26:31.265276Z,1916,247.0,11349,OK,OK,OK
2026-07-30T19:26:36.759379Z,2041,246.9,11349,OK,OK,OK
2026-07-30T19:26:42.286046Z,2036,247.0,11349,OK,OK,OK
2026-07-30T19:26:47.781075Z,2053,247.0,11349,OK,OK,OK
2026-07-30T19:26:53.291533Z,2020,246.8,11349,OK,OK,OK
2026-07-30T19:27:01.748899Z,2037,246.9,11349,OK,OK,OK
2026-07-30T19:27:07.272319Z,2023,246.8,11349,OK,OK,OK
2026-07-30T19:27:12.731962Z,1948,246.9,11349,OK,OK,OK
2026-07-30T19:27:18.253168Z,1937,246.8,11349,OK,OK,OK
2026-07-30T19:27:23.728842Z,1926,246.8,11349,OK,OK,OK
2026-07-30T19:27:29.201025Z,1934,246.9,11349,OK,OK,OK
2026-07-30T19:27:34.694503Z,1904,247.0,11349,OK,OK,OK
2026-07-30T19:27:40.123811Z,1904,246.9,11349,OK,OK,OK
2026-07-30T19:27:45.626564Z,1917,246.9,11349,OK,OK,OK
2026-07-30T19:27:51.088174Z,1910,247.0,11349,OK,OK,OK
2026-07-30T19:27:56.584172Z,1901,247.0,11349,OK,OK,OK
2026-07-30T19:28:02.121679Z,1904,246.9,11349,OK,OK,OK
2026-07-30T19:28:07.606525Z,1902,247.0,11349,OK,OK,OK
2026-07-30T19:28:13.080488Z,1904,247.0,11349,OK,OK,OK
2026-07-30T19:28:18.576991Z,1895,247.1,11349,OK,OK,OK
2026-07-30T19:28:24.013272Z,1909,247.0,11349,OK,OK,OK
2026-07-30T19:28:29.532251Z,1908,247.0,11349,OK,OK,OK
2026-07-30T19:28:35.007280Z,1897,247.0,11349,OK,OK,OK
2026-07-30T19:28:40.496252Z,1902,247.1,11349,OK,OK,OK
2026-07-30T19:28:46.000587Z,1889,247.1,11349,OK,OK,OK
2026-07-30T19:28:51.491253Z,1905,247.1,11349,OK,OK,OK
2026-07-30T19:28:56.972377Z,1902,247.1,11349,OK,OK,OK
2026-07-30T19:29:02.431452Z,1906,247.1,11349,OK,OK,OK
2026-07-30T19:29:07.930687Z,1890,247.1,11349,OK,OK,OK
2026-07-30T19:29:13.383365Z,1896,247.1,11349,OK,OK,OK
2026-07-30T19:29:18.902707Z,1908,247.1,11349,OK,OK,OK
2026-07-30T19:29:24.384908Z,1914,247.2,11349,OK,OK,OK
2026-07-30T19:29:29.901955Z,1899,247.5,11349,OK,OK,OK
2026-07-30T19:29:35.389018Z,1919,247.4,11349,OK,OK,OK
2026-07-30T19:29:40.894002Z,1878,247.4,11349,OK,OK,OK
2026-07-30T19:29:46.373307Z,1917,247.6,11349,OK,OK,OK
2026-07-30T19:29:51.846967Z,1935,247.8,11349,OK,OK,OK
2026-07-30T19:29:57.310042Z,1922,247.9,11349,OK,OK,OK
2026-07-30T19:30:02.823580Z,1900,248.1,11349,OK,OK,OK
2026-07-30T19:30:08.297788Z,1925,247.8,11349,OK,OK,OK
2026-07-30T19:30:13.780742Z,1910,247.5,11349,OK,OK,OK
2026-07-30T19:30:19.286857Z,1906,247.5,11349,OK,OK,OK
2026-07-30T19:30:24.776206Z,1913,247.3,11349,OK,OK,OK
2026-07-30T19:30:30.267245Z,1902,247.3,11349,OK,OK,OK
2026-07-30T19:30:35.712910Z,1904,247.5,11349,OK,OK,OK
2026-07-30T19:30:41.235304Z,1917,247.9,11349,OK,OK,OK
2026-07-30T19:30:46.692532Z,1907,248.0,11349,OK,OK,OK
2026-07-30T19:30:52.170963Z,1908,247.9,11349,OK,OK,OK
2026-07-30T19:30:57.641906Z,1912,247.9,11349,OK,OK,OK
2026-07-30T19:31:03.148421Z,1907,247.8,11349,OK,OK,OK
2026-07-30T19:31:08.620051Z,1888,247.5,11349,OK,OK,OK
2026-07-30T19:31:14.130231Z,1906,247.7,11349,OK,OK,OK
2026-07-30T19:31:19.638383Z,1904,247.9,11349,OK,OK,OK
2026-07-30T19:31:25.145536Z,1908,248.0,11349,OK,OK,OK
2026-07-30T19:31:30.631548Z,1911,248.0,11349,OK,OK,OK
2026-07-30T19:31:36.125348Z,1894,248.3,11349,OK,OK,OK
2026-07-30T19:31:41.601743Z,1911,248.2,11349,OK,OK,OK
2026-07-30T19:31:47.092202Z,1916,248.4,11349,OK,OK,OK
2026-07-30T19:31:52.572666Z,1926,250.3,11349,OK,OK,OK
2026-07-30T19:31:58.010698Z,1923,249.9,11349,OK,OK,OK
2026-07-30T19:32:03.497906Z,1926,249.8,11349,OK,OK,OK
2026-07-30T19:32:08.942462Z,1925,250.0,11349,OK,OK,OK
2026-07-30T19:32:14.441326Z,1924,249.8,11349,OK,OK,OK
2026-07-30T19:32:19.954179Z,1919,249.6,11349,OK,OK,OK
2026-07-30T19:32:25.464145Z,1914,249.7,11349,OK,OK,OK
2026-07-30T19:32:30.930780Z,1918,249.6,11349,OK,OK,OK
2026-07-30T19:32:36.439917Z,1919,248.9,11349,OK,OK,OK
2026-07-30T19:32:41.907884Z,1901,248.6,11349,OK,OK,OK
2026-07-30T19:32:47.402596Z,1900,248.4,11349,OK,OK,OK
2026-07-30T19:32:52.864900Z,1891,248.0,11349,OK,OK,OK
2026-07-30T19:32:58.333181Z,1923,248.4,11349,OK,OK,OK
2026-07-30T19:33:03.825125Z,1920,248.4,11349,OK,OK,OK
2026-07-30T19:33:09.280889Z,1945,248.4,11349,OK,OK,OK
2026-07-30T19:33:14.772337Z,2111,248.4,11349,OK,OK,OK
2026-07-30T19:33:20.229590Z,2879,248.6,11349,OK,OK,OK
2026-07-30T19:33:25.755490Z,2884,249.2,11349,OK,OK,OK
2026-07-30T19:33:31.209453Z,2042,249.5,11349,OK,OK,OK
2026-07-30T19:33:36.713718Z,2040,249.4,11349,OK,OK,OK
2026-07-30T19:33:42.156586Z,2025,249.1,11349,OK,OK,OK
2026-07-30T19:33:47.663989Z,2036,249.1,11349,OK,OK,OK
2026-07-30T19:33:53.109517Z,2074,249.5,11349,OK,OK,OK
2026-07-30T19:33:58.645920Z,2034,249.9,11349,OK,OK,OK
2026-07-30T19:34:04.105400Z,2049,249.9,11349,OK,OK,OK
2026-07-30T19:34:09.625585Z,2029,249.9,11349,OK,OK,OK
2026-07-30T19:34:15.083292Z,2040,249.9,11349,OK,OK,OK
2026-07-30T19:34:20.562434Z,2028,250.0,11349,OK,OK,OK
2026-07-30T19:34:26.061473Z,2037,250.0,11349,OK,OK,OK
2026-07-30T19:34:31.553558Z,2040,249.9,11349,OK,OK,OK
2026-07-30T19:34:37.043860Z,2039,250.0,11349,OK,OK,OK
2026-07-30T19:34:42.528734Z,2036,249.9,11349,OK,OK,OK
2026-07-30T19:34:48.014611Z,2055,250.0,11349,OK,OK,OK
2026-07-30T19:34:53.451294Z,2040,249.9,11349,OK,OK,OK
2026-07-30T19:34:58.948554Z,2035,249.9,11349,OK,OK,OK
2026-07-30T19:35:04.407365Z,2034,249.5,11349,OK,OK,OK
2026-07-30T19:35:09.935136Z,2043,249.3,11349,OK,OK,OK
2026-07-30T19:35:15.402544Z,2029,249.5,11349,OK,OK,OK
2026-07-30T19:35:20.899731Z,2035,249.0,11349,OK,OK,OK
2026-07-30T19:35:26.386302Z,2012,247.9,11349,OK,OK,OK
2026-07-30T19:35:31.849060Z,2024,247.6,11349,OK,OK,OK
2026-07-30T19:35:37.322236Z,2003,247.5,11349,OK,OK,OK
2026-07-30T19:35:42.797958Z,2005,247.5,11349,OK,OK,OK
2026-07-30T19:35:48.291149Z,2025,247.9,11349,OK,OK,OK
2026-07-30T19:35:53.789155Z,2026,247.7,11349,OK,OK,OK
2026-07-30T19:35:59.295085Z,2029,247.9,11349,OK,OK,OK
2026-07-30T19:36:04.789885Z,2045,248.7,11349,OK,OK,OK
2026-07-30T19:36:10.286131Z,2034,249.6,11349,OK,OK,OK
2026-07-30T19:36:15.764064Z,2036,249.4,11349,OK,OK,OK
2026-07-30T19:36:21.269280Z,2015,247.9,11349,OK,OK,OK
2026-07-30T19:36:26.704359Z,2008,247.7,11349,OK,OK,OK
2026-07-30T19:36:32.169377Z,2014,247.5,11349,OK,OK,OK
2026-07-30T19:36:37.651197Z,2014,247.2,11349,OK,OK,OK
2026-07-30T19:36:43.117225Z,2002,247.1,11349,OK,OK,OK
2026-07-30T19:36:48.609781Z,1996,246.9,11349,OK,OK,OK
2026-07-30T19:36:54.069086Z,2006,246.9,11349,OK,OK,OK
2026-07-30T19:36:59.574308Z,2007,246.9,11349,OK,OK,OK
2026-07-30T19:37:05.049051Z,2008,246.9,11349,OK,OK,OK
2026-07-30T19:37:10.532791Z,1999,246.5,11349,OK,OK,OK
2026-07-30T19:37:15.971798Z,2005,246.5,11349,OK,OK,OK
2026-07-30T19:37:21.484922Z,1998,246.4,11349,OK,OK,OK
2026-07-30T19:37:26.959149Z,1999,246.2,11349,OK,OK,OK
2026-07-30T19:37:32.465377Z,2012,246.2,11349,OK,OK,OK
2026-07-30T19:37:37.952994Z,1999,246.4,11349,OK,OK,OK
2026-07-30T19:37:43.460904Z,1998,246.6,11349,OK,OK,OK
2026-07-30T19:37:48.962768Z,2025,246.6,11349,OK,OK,OK
2026-07-30T19:37:54.474158Z,1996,246.6,11349,OK,OK,OK
2026-07-30T19:37:59.952559Z,2000,246.7,11349,OK,OK,OK
2026-07-30T19:38:05.467191Z,2002,247.2,11349,OK,OK,OK
2026-07-30T19:38:10.930388Z,2001,247.0,11349,OK,OK,OK
2026-07-30T19:38:16.431538Z,2007,247.0,11349,OK,OK,OK
2026-07-30T19:38:21.934919Z,3444,246.8,11349,OK,OK,OK
2026-07-30T19:38:27.416169Z,3500,246.4,11349,OK,OK,OK
2026-07-30T19:38:32.950587Z,3507,246.5,11349,OK,OK,OK
2026-07-30T19:38:38.424240Z,3518,246.5,7708,OK,OK,OK
2026-07-30T19:38:43.987445Z,3501,246.3,7708,OK,OK,OK
2026-07-30T19:38:49.520113Z,3533,247.1,7708,OK,OK,OK
2026-07-30T19:38:54.996136Z,3573,248.5,7708,OK,OK,OK
2026-07-30T19:39:00.500841Z,3576,248.5,7708,OK,OK,OK
2026-07-30T19:39:05.994222Z,3586,249.1,7708,OK,OK,OK
2026-07-30T19:39:11.441824Z,3588,249.2,7708,OK,OK,OK
2026-07-30T19:39:16.918521Z,3585,249.2,7708,OK,OK,OK
2026-07-30T19:39:22.355916Z,3590,249.2,7708,OK,OK,OK
2026-07-30T19:39:27.856500Z,3568,249.2,7708,OK,OK,OK
2026-07-30T19:39:33.369327Z,3575,248.7,7708,OK,OK,OK
2026-07-30T19:39:38.819037Z,3582,249.1,7708,OK,OK,OK
2026-07-30T19:39:44.323870Z,3595,248.9,7708,OK,OK,OK
2026-07-30T19:39:49.848023Z,3560,247.5,7708,OK,OK,OK
2026-07-30T19:39:55.328760Z,3547,247.1,7708,OK,OK,OK
2026-07-30T19:40:00.821918Z,3554,246.9,7708,OK,OK,OK
2026-07-30T19:40:06.332791Z,3558,246.9,7708,OK,OK,OK
2026-07-30T19:40:11.830160Z,3560,247.4,7708,OK,OK,OK
2026-07-30T19:40:17.411775Z,3578,248.7,7708,OK,OK,OK
2026-07-30T19:40:22.916732Z,3567,249.1,7708,OK,OK,OK
2026-07-30T19:40:28.426186Z,3581,249.2,7708,OK,OK,OK
2026-07-30T19:40:33.913972Z,3579,249.3,7708,OK,OK,OK
2026-07-30T19:40:39.407764Z,3564,249.1,7708,OK,OK,OK
2026-07-30T19:40:44.889321Z,3585,249.1,7708,OK,OK,OK
2026-07-30T19:40:50.393745Z,3574,248.9,7708,OK,OK,OK
2026-07-30T19:40:55.877728Z,3596,248.9,7708,OK,OK,OK
2026-07-30T19:41:01.457672Z,3581,247.7,7708,OK,OK,OK
2026-07-30T19:41:06.961947Z,3578,247.4,7708,OK,OK,OK
2026-07-30T19:41:12.472416Z,3580,247.8,7708,OK,OK,OK
2026-07-30T19:41:18.004851Z,3590,247.4,7708,OK,OK,OK
2026-07-30T19:41:23.493159Z,3591,247.5,7708,OK,OK,OK
2026-07-30T19:41:29.019325Z,3589,247.7,7708,OK,OK,OK
2026-07-30T19:41:34.498290Z,3598,248.7,7708,OK,OK,OK
2026-07-30T19:41:39.997069Z,3590,247.9,7708,OK,OK,OK
2026-07-30T19:41:45.469424Z,3585,248.0,7708,OK,OK,OK
2026-07-30T19:41:50.915310Z,3599,248.1,7708,OK,OK,OK
2026-07-30T19:41:56.405233Z,3592,247.9,7708,OK,OK,OK
2026-07-30T19:42:01.852301Z,3594,248.0,7708,OK,OK,OK
2026-07-30T19:42:07.306929Z,3597,248.2,7708,OK,OK,OK
2026-07-30T19:42:12.752757Z,3626,248.7,7708,OK,OK,OK
2026-07-30T19:42:18.224046Z,3606,248.2,7708,OK,OK,OK
2026-07-30T19:42:23.744794Z,3614,248.8,7708,OK,OK,OK
2026-07-30T19:42:29.262390Z,3613,248.9,7708,OK,OK,OK
2026-07-30T19:42:34.784604Z,3602,249.1,7708,OK,OK,OK
2026-07-30T19:42:40.263914Z,3613,249.1,7708,OK,OK,OK
2026-07-30T19:42:45.729671Z,3627,248.9,7708,OK,OK,OK
2026-07-30T19:42:51.191378Z,3617,248.8,7708,OK,OK,OK
2026-07-30T19:42:56.694115Z,3595,248.8,7708,OK,OK,OK
2026-07-30T19:43:02.158615Z,3613,248.7,7708,OK,OK,OK
2026-07-30T19:43:07.659611Z,3593,248.6,7708,OK,OK,OK
2026-07-30T19:43:13.136706Z,3611,248.6,7708,OK,OK,OK
2026-07-30T19:43:18.597930Z,3615,248.8,7708,OK,OK,OK
2026-07-30T19:43:24.069062Z,3607,248.6,7708,OK,OK,OK
2026-07-30T19:43:29.592999Z,3601,248.8,7708,OK,OK,OK
2026-07-30T19:43:35.082160Z,3581,248.8,7708,OK,OK,OK
2026-07-30T19:43:40.571271Z,3599,248.7,7708,OK,OK,OK
2026-07-30T19:43:46.064563Z,3602,248.7,7708,OK,OK,OK
2026-07-30T19:43:51.583995Z,3586,248.8,7708,OK,OK,OK
2026-07-30T19:43:57.074895Z,3600,248.7,7708,OK,OK,OK
2026-07-30T19:44:02.555096Z,3603,248.7,7708,OK,OK,OK
2026-07-30T19:44:08.023107Z,3724,248.7,7708,OK,OK,OK
2026-07-30T19:44:13.532422Z,3729,248.8,7708,OK,OK,OK
2026-07-30T19:44:19.026892Z,3727,248.6,7708,OK,OK,OK
2026-07-30T19:44:24.487435Z,3721,248.7,7708,OK,OK,OK
2026-07-30T19:44:29.967529Z,3735,248.7,7708,OK,OK,OK
2026-07-30T19:44:35.485375Z,3738,248.7,7708,OK,OK,OK
2026-07-30T19:44:40.947971Z,3731,248.7,7708,OK,OK,OK
2026-07-30T19:44:46.398473Z,3747,248.5,7708,OK,OK,OK
2026-07-30T19:44:51.924299Z,3717,248.5,7708,OK,OK,OK
2026-07-30T19:44:57.409852Z,3747,248.6,7708,OK,OK,OK
2026-07-30T19:45:02.876607Z,3739,248.5,7708,OK,OK,OK
2026-07-30T19:45:08.334273Z,3748,248.6,7708,OK,OK,OK
2026-07-30T19:45:13.810561Z,3716,248.5,7708,OK,OK,OK
2026-07-30T19:45:19.276120Z,3748,248.4,7708,OK,OK,OK
2026-07-30T19:45:24.766426Z,3596,248.3,7708,OK,OK,OK
2026-07-30T19:45:30.267319Z,3616,248.5,7708,OK,OK,OK
2026-07-30T19:45:35.737385Z,3618,248.7,7708,OK,OK,OK
2026-07-30T19:45:41.205405Z,3614,248.7,7708,OK,OK,OK
2026-07-30T19:45:46.706816Z,3631,248.7,7708,OK,OK,OK
2026-07-30T19:45:52.160848Z,3626,248.7,7708,OK,OK,OK
2026-07-30T19:45:57.620095Z,3640,248.5,7708,OK,OK,OK
2026-07-30T19:46:03.103780Z,3616,248.6,7708,OK,OK,OK
2026-07-30T19:46:08.559843Z,3624,248.4,7708,OK,OK,OK
2026-07-30T19:46:14.048145Z,3608,248.4,7708,OK,OK,OK
2026-07-30T19:46:19.499288Z,3618,248.4,7708,OK,OK,OK
2026-07-30T19:46:24.978417Z,3619,248.4,7708,OK,OK,OK
2026-07-30T19:46:30.485620Z,3604,248.5,7708,OK,OK,OK
2026-07-30T19:46:35.975658Z,3606,248.3,7708,OK,OK,OK
2026-07-30T19:46:41.468718Z,3611,248.3,7708,OK,OK,OK
2026-07-30T19:46:46.930035Z,3627,248.3,7708,OK,OK,OK
2026-07-30T19:46:52.394237Z,3625,248.3,7708,OK,OK,OK
2026-07-30T19:46:57.887231Z,3636,248.3,7708,OK,OK,OK
2026-07-30T19:47:03.351334Z,2089,249.1,7708,OK,OK,OK
2026-07-30T19:47:08.850614Z,2094,249.1,7708,OK,OK,OK
2026-07-30T19:47:14.335976Z,2095,249.3,7708,OK,OK,OK
2026-07-30T19:47:19.779567Z,1995,249.3,7708,OK,OK,OK
2026-07-30T19:47:25.237509Z,1996,249.4,7708,OK,OK,OK
2026-07-30T19:47:30.705230Z,2000,249.2,7708,OK,OK,OK
2026-07-30T19:47:36.200943Z,1992,249.2,7708,OK,OK,OK
2026-07-30T19:47:41.684527Z,1992,249.4,7708,OK,OK,OK
2026-07-30T19:47:47.204726Z,1990,249.4,7708,OK,OK,OK
2026-07-30T19:47:52.706737Z,1990,249.2,7708,OK,OK,OK
2026-07-30T19:47:58.180611Z,1996,249.2,7708,OK,OK,OK
2026-07-30T19:48:03.635448Z,2000,249.2,7708,OK,OK,OK
2026-07-30T19:48:09.138961Z,1993,249.0,7708,OK,OK,OK
2026-07-30T19:48:14.612582Z,1987,249.2,7708,OK,OK,OK
2026-07-30T19:48:20.136114Z,1984,249.2,7708,OK,OK,OK
2026-07-30T19:48:25.659484Z,1983,249.2,7708,OK,OK,OK
2026-07-30T19:48:31.170655Z,1982,249.2,7708,OK,OK,OK
2026-07-30T19:48:36.659434Z,1980,249.2,7708,OK,OK,OK
2026-07-30T19:48:42.119259Z,1982,249.2,7708,OK,OK,OK
2026-07-30T19:48:47.605896Z,1983,249.2,7708,OK,OK,OK
2026-07-30T19:48:53.078046Z,1977,249.2,7708,OK,OK,OK
2026-07-30T19:48:58.552383Z,1983,249.1,7708,OK,OK,OK
2026-07-30T19:49:03.983001Z,1972,249.1,7708,OK,OK,OK
2026-07-30T19:49:09.477657Z,1980,249.2,7708,OK,OK,OK
2026-07-30T19:49:14.946509Z,2046,249.3,7708,OK,OK,OK
2026-07-30T19:49:20.442066Z,1986,249.6,7708,OK,OK,OK
2026-07-30T19:49:25.897759Z,1972,249.0,7708,OK,OK,OK
2026-07-30T19:49:31.402797Z,1985,249.6,7708,OK,OK,OK
2026-07-30T19:49:36.900389Z,1990,249.4,7708,OK,OK,OK
2026-07-30T19:49:42.416058Z,1979,249.4,7708,OK,OK,OK
2026-07-30T19:49:47.905051Z,1981,249.5,7708,OK,OK,OK
2026-07-30T19:49:53.406947Z,1965,249.6,7708,OK,OK,OK
2026-07-30T19:49:58.911943Z,1968,249.6,7708,OK,OK,OK
2026-07-30T19:50:04.386862Z,1956,249.6,7708,OK,OK,OK
2026-07-30T19:50:09.918286Z,1971,249.6,7708,OK,OK,OK
2026-07-30T19:50:15.414693Z,2365,249.5,7708,OK,OK,OK
2026-07-30T19:50:20.893495Z,2365,249.5,7708,OK,OK,OK
2026-07-30T19:50:26.366789Z,1972,249.5,7708,OK,OK,OK
2026-07-30T19:50:31.872550Z,1968,249.2,7708,OK,OK,OK
2026-07-30T19:50:37.307955Z,1957,247.8,7708,OK,OK,OK
2026-07-30T19:50:42.819205Z,1942,247.0,7708,OK,OK,OK
2026-07-30T19:50:48.255838Z,2397,247.8,7708,OK,OK,OK
2026-07-30T19:50:53.764722Z,1965,248.3,7708,OK,OK,OK
2026-07-30T19:50:59.252933Z,1949,247.5,7708,OK,OK,OK
2026-07-30T19:51:04.723100Z,2370,245.6,7708,OK,OK,OK
2026-07-30T19:51:10.198808Z,2362,245.8,7708,OK,OK,OK
2026-07-30T19:51:15.651945Z,1955,246.5,7708,OK,OK,OK
2026-07-30T19:51:21.116605Z,1960,246.5,7708,OK,OK,OK
2026-07-30T19:51:26.608290Z,1968,246.8,7708,OK,OK,OK
2026-07-30T19:51:32.096910Z,1941,246.5,7708,OK,OK,OK
2026-07-30T19:51:37.554236Z,1987,247.9,7708,OK,OK,OK
2026-07-30T19:51:43.018883Z,1958,249.5,7708,OK,OK,OK
2026-07-30T19:51:48.465056Z,1961,249.5,7708,OK,OK,OK
2026-07-30T19:51:53.934148Z,1962,249.5,7708,OK,OK,OK
2026-07-30T19:51:59.441718Z,1960,249.5,7708,OK,OK,OK
2026-07-30T19:52:04.916444Z,1965,249.5,7708,OK,OK,OK
2026-07-30T19:52:13.434202Z,1968,249.5,7708,OK,OK,OK
2026-07-30T19:52:18.926207Z,1982,249.3,7708,OK,OK,OK
2026-07-30T19:52:24.422011Z,1972,249.4,7708,OK,OK,OK
2026-07-30T19:52:29.893135Z,1981,249.5,7708,OK,OK,OK
2026-07-30T19:52:35.410866Z,1968,249.3,7708,OK,OK,OK
2026-07-30T19:52:40.871661Z,1993,249.3,7708,OK,OK,OK
2026-07-30T19:52:46.927961Z,1990,249.3,7708,OK,OK,OK
2026-07-30T19:52:52.424622Z,1992,249.3,7708,OK,OK,OK
2026-07-30T19:52:57.868542Z,1982,249.3,7708,OK,OK,OK
2026-07-30T19:53:03.342000Z,1971,249.5,7708,OK,OK,OK
2026-07-30T19:53:08.801314Z,1986,249.5,7708,OK,OK,OK
2026-07-30T19:53:14.331302Z,1968,249.4,7708,OK,OK,OK
2026-07-30T19:53:19.789934Z,2009,249.3,7708,OK,OK,OK
2026-07-30T19:53:25.241571Z,1981,249.3,7708,OK,OK,OK
2026-07-30T19:53:30.743744Z,1978,249.3,7708,OK,OK,OK
2026-07-30T19:53:36.209309Z,1981,249.4,7708,OK,OK,OK
2026-07-30T19:53:41.640908Z,1976,249.5,7708,OK,OK,OK
2026-07-30T19:53:47.105639Z,1986,249.3,7708,OK,OK,OK
2026-07-30T19:53:52.588352Z,1984,249.3,14871,OK,OK,OK
2026-07-30T19:53:58.093112Z,1986,249.5,14871,OK,OK,OK
2026-07-30T19:54:03.544382Z,1986,249.5,14871,OK,OK,OK
2026-07-30T19:54:09.546068Z,1983,249.4,14871,OK,OK,OK
2026-07-30T19:54:15.055679Z,1989,249.5,14871,OK,OK,OK
2026-07-30T19:54:20.525091Z,1977,249.5,14871,OK,OK,OK
2026-07-30T19:54:26.041217Z,1992,249.3,14871,OK,OK,OK
2026-07-30T19:54:31.506579Z,2009,249.4,14871,OK,OK,OK
2026-07-30T19:54:37.009002Z,2002,249.4,14871,OK,OK,OK
2026-07-30T19:54:42.465406Z,2009,249.5,14871,OK,OK,OK
2026-07-30T19:54:47.960501Z,2016,249.5,14871,OK,OK,OK
2026-07-30T19:54:53.402339Z,2001,249.5,14871,OK,OK,OK
2026-07-30T19:54:58.899564Z,2025,249.5,14871,OK,OK,OK
2026-07-30T19:55:04.398742Z,1997,249.5,14871,OK,OK,OK
2026-07-30T19:55:09.852540Z,2009,249.5,14871,OK,OK,OK
2026-07-30T19:55:15.355251Z,2000,249.5,14871,OK,OK,OK
2026-07-30T19:55:20.842449Z,1990,249.5,14871,OK,OK,OK
2026-07-30T19:55:26.333087Z,1986,249.5,14871,OK,OK,OK
2026-07-30T19:55:31.824494Z,1988,249.6,14871,OK,OK,OK
2026-07-30T19:55:37.327186Z,1996,249.7,14871,OK,OK,OK
2026-07-30T19:55:42.768982Z,2008,249.5,14871,OK,OK,OK
2026-07-30T19:55:48.283036Z,1996,249.6,14871,OK,OK,OK
2026-07-30T19:55:53.754971Z,2062,249.5,14871,OK,OK,OK
2026-07-30T19:55:59.260967Z,2037,249.5,14871,OK,OK,OK
2026-07-30T19:56:04.953315Z,2033,249.5,14871,OK,OK,OK
2026-07-30T19:56:10.464659Z,2052,249.5,14871,OK,OK,OK
2026-07-30T19:56:16.073818Z,2033,249.5,14871,OK,OK,OK
2026-07-30T19:56:21.569272Z,2030,249.5,14871,OK,OK,OK
2026-07-30T19:56:27.073330Z,2031,249.3,14871,OK,OK,OK
2026-07-30T19:56:32.630657Z,2085,249.6,14871,OK,OK,OK
2026-07-30T19:56:38.119645Z,2036,249.6,14871,OK,OK,OK
2026-07-30T19:56:44.184404Z,2029,249.7,14871,OK,OK,OK
2026-07-30T19:56:49.710178Z,2065,249.6,14871,OK,OK,OK
2026-07-30T19:56:55.252902Z,2077,249.7,14871,OK,OK,OK
2026-07-30T19:57:00.754212Z,2045,249.7,14871,OK,OK,OK
2026-07-30T19:57:06.263905Z,2030,249.7,14871,OK,OK,OK
2026-07-30T19:57:11.719790Z,2022,249.7,14871,OK,OK,OK
2026-07-30T19:57:17.226945Z,2028,249.8,14871,OK,OK,OK
2026-07-30T19:57:22.687842Z,2022,249.6,14871,OK,OK,OK
2026-07-30T19:57:28.158495Z,2027,249.1,14871,OK,OK,OK
2026-07-30T19:57:33.660665Z,2010,248.2,14871,OK,OK,OK
2026-07-30T19:57:39.115367Z,2016,247.0,14871,OK,OK,OK
2026-07-30T19:57:44.606336Z,1957,246.7,14871,OK,OK,OK
2026-07-30T19:57:50.048517Z,1980,246.7,14871,OK,OK,OK
2026-07-30T19:57:55.532840Z,1935,246.8,14871,OK,OK,OK
2026-07-30T19:58:00.980164Z,1934,246.8,14871,OK,OK,OK
2026-07-30T19:58:06.477030Z,1944,246.8,14871,OK,OK,OK
2026-07-30T19:58:11.945518Z,1933,246.6,14871,OK,OK,OK
2026-07-30T19:58:17.437705Z,1941,246.8,14871,OK,OK,OK
2026-07-30T19:58:22.941909Z,1946,249.3,14871,OK,OK,OK
2026-07-30T19:58:28.391291Z,1953,249.3,14871,OK,OK,OK
2026-07-30T19:58:33.917808Z,1947,249.4,14871,OK,OK,OK
2026-07-30T19:58:39.404261Z,1929,248.0,14871,OK,OK,OK
2026-07-30T19:58:44.856539Z,1929,247.6,14871,OK,OK,OK
2026-07-30T19:58:50.310923Z,1938,247.4,14871,OK,OK,OK
2026-07-30T19:58:55.827086Z,1965,247.6,14871,OK,OK,OK
2026-07-30T19:59:01.302688Z,1954,249.6,14871,OK,OK,OK
2026-07-30T19:59:06.784236Z,1951,249.2,14871,OK,OK,OK
2026-07-30T19:59:12.202259Z,1941,248.3,14871,OK,OK,OK
2026-07-30T19:59:17.712307Z,1950,249.9,14871,OK,OK,OK
2026-07-30T19:59:23.182051Z,1961,249.8,14871,OK,OK,OK
2026-07-30T19:59:28.667331Z,1961,249.6,14871,OK,OK,OK
2026-07-30T19:59:34.133036Z,1979,249.6,14871,OK,OK,OK
2026-07-30T19:59:39.668137Z,1956,248.9,14871,OK,OK,OK
2026-07-30T19:59:45.165060Z,1948,249.0,14871,OK,OK,OK
2026-07-30T19:59:50.681370Z,1965,248.9,14871,OK,OK,OK
2026-07-30T19:59:56.266770Z,1963,249.2,14871,OK,OK,OK
2026-07-30T20:00:01.803773Z,1955,248.8,14871,OK,OK,OK
2026-07-30T20:00:07.263810Z,1940,248.4,14871,OK,OK,OK
2026-07-30T20:00:12.730269Z,1985,248.6,14871,OK,OK,OK
2026-07-30T20:00:18.219583Z,2004,248.9,14871,OK,OK,OK
2026-07-30T20:00:23.722365Z,3442,248.2,14871,OK,OK,OK
2026-07-30T20:00:29.234670Z,3496,247.9,14871,OK,OK,OK
2026-07-30T20:00:34.720917Z,3485,247.3,14871,OK,OK,OK
2026-07-30T20:00:40.241792Z,3485,247.5,14871,OK,OK,OK
2026-07-30T20:00:45.706040Z,3497,248.4,14871,OK,OK,OK
2026-07-30T20:00:51.189966Z,3501,247.3,14871,OK,OK,OK
2026-07-30T20:00:56.686407Z,3522,247.9,14871,OK,OK,OK
2026-07-30T20:01:02.218051Z,3599,247.2,14871,OK,OK,OK
2026-07-30T20:01:07.717851Z,3549,246.9,14871,OK,OK,OK
2026-07-30T20:01:13.191727Z,3516,247.2,14871,OK,OK,OK
2026-07-30T20:01:18.659142Z,3530,246.9,14871,OK,OK,OK
2026-07-30T20:01:24.109977Z,3498,246.6,14871,OK,OK,OK
2026-07-30T20:01:29.560763Z,3516,246.5,14871,OK,OK,OK
2026-07-30T20:01:35.045298Z,3497,246.9,14871,OK,OK,OK
2026-07-30T20:01:40.513964Z,3496,247.3,14871,OK,OK,OK
2026-07-30T20:01:45.975101Z,3509,247.7,14871,OK,OK,OK
2026-07-30T20:01:51.462714Z,3503,247.5,14871,OK,OK,OK
2026-07-30T20:01:56.909991Z,3509,247.5,14871,OK,OK,OK
2026-07-30T20:02:02.405383Z,3555,247.9,14871,OK,OK,OK
2026-07-30T20:02:07.913315Z,3524,247.9,14871,OK,OK,OK
2026-07-30T20:02:13.411847Z,3495,246.9,14871,OK,OK,OK
2026-07-30T20:02:18.924020Z,3503,246.9,14871,OK,OK,OK
2026-07-30T20:02:24.422780Z,3489,247.1,14871,OK,OK,OK
2026-07-30T20:02:29.969492Z,3516,247.1,14871,OK,OK,OK
2026-07-30T20:02:35.443043Z,3528,247.4,14871,OK,OK,OK
2026-07-30T20:02:40.876946Z,3490,247.4,14871,OK,OK,OK
2026-07-30T20:02:46.370607Z,3495,247.6,14871,OK,OK,OK
2026-07-30T20:02:51.809724Z,3492,247.3,14871,OK,OK,OK
2026-07-30T20:02:57.295793Z,3508,247.2,14871,OK,OK,OK
2026-07-30T20:03:02.789577Z,3512,247.2,14871,OK,OK,OK
2026-07-30T20:03:08.281635Z,3502,247.0,14871,OK,OK,OK
2026-07-30T20:03:13.764701Z,3490,246.9,14871,OK,OK,OK
2026-07-30T20:03:19.265048Z,3493,246.7,14871,OK,OK,OK
2026-07-30T20:03:24.772003Z,3492,246.8,14871,OK,OK,OK
2026-07-30T20:03:30.265361Z,3481,246.8,14871,OK,OK,OK
2026-07-30T20:03:35.745642Z,3774,246.2,14871,OK,OK,OK
2026-07-30T20:03:41.214334Z,3589,246.2,14871,OK,OK,OK
2026-07-30T20:03:46.722034Z,3608,246.4,14871,OK,OK,OK
2026-07-30T20:03:52.230408Z,3618,246.9,14871,OK,OK,OK
2026-07-30T20:03:57.716313Z,3610,246.7,14871,OK,OK,OK
2026-07-30T20:04:03.176101Z,3601,246.8,14871,OK,OK,OK
2026-07-30T20:04:08.677082Z,3600,246.7,14871,OK,OK,OK
2026-07-30T20:04:14.137670Z,3598,246.2,14871,OK,OK,OK
2026-07-30T20:04:19.632477Z,3603,246.2,14871,OK,OK,OK
2026-07-30T20:04:25.132910Z,3601,246.2,14871,OK,OK,OK
2026-07-30T20:04:30.657082Z,3621,246.2,14871,OK,OK,OK
2026-07-30T20:04:36.161945Z,3610,246.2,14871,OK,OK,OK
2026-07-30T20:04:41.657094Z,3580,246.2,14871,OK,OK,OK
2026-07-30T20:04:47.114119Z,3583,246.2,14871,OK,OK,OK
2026-07-30T20:04:52.596327Z,3585,246.2,14871,OK,OK,OK
2026-07-30T20:04:58.085990Z,3595,246.0,14871,OK,OK,OK
2026-07-30T20:05:03.586543Z,3567,244.7,14871,OK,OK,OK
2026-07-30T20:05:09.102548Z,3581,244.9,14871,OK,OK,OK
2026-07-30T20:05:14.584164Z,3564,244.8,14871,OK,OK,OK
2026-07-30T20:05:20.089627Z,3622,244.9,14871,OK,OK,OK
2026-07-30T20:05:25.564972Z,3574,244.8,14871,OK,OK,OK
2026-07-30T20:05:31.125888Z,3564,244.8,14871,OK,OK,OK
2026-07-30T20:05:36.606272Z,3554,244.7,14871,OK,OK,OK
2026-07-30T20:05:42.085506Z,3588,244.8,14871,OK,OK,OK
2026-07-30T20:05:47.585632Z,3571,244.8,14871,OK,OK,OK
2026-07-30T20:05:53.091090Z,3534,244.7,14871,OK,OK,OK
2026-07-30T20:05:58.580640Z,3544,244.7,14871,OK,OK,OK
2026-07-30T20:06:04.050092Z,3532,244.8,14871,OK,OK,OK
2026-07-30T20:06:09.499404Z,3530,244.3,14871,OK,OK,OK
2026-07-30T20:06:15.006848Z,3517,244.5,14871,OK,OK,OK
2026-07-30T20:06:20.465222Z,3523,244.3,14871,OK,OK,OK
2026-07-30T20:06:25.915170Z,3530,244.3,14871,OK,OK,OK
2026-07-30T20:06:31.421924Z,3554,244.2,14871,OK,OK,OK
2026-07-30T20:06:36.901559Z,3542,244.3,14871,OK,OK,OK
2026-07-30T20:06:42.399572Z,3551,244.3,14871,OK,OK,OK
2026-07-30T20:06:47.904214Z,3598,244.2,14871,OK,OK,OK
2026-07-30T20:06:53.363850Z,3507,244.3,14871,OK,OK,OK
2026-07-30T20:06:58.825060Z,3522,244.2,14871,OK,OK,OK
2026-07-30T20:07:04.305773Z,3521,244.2,14871,OK,OK,OK
2026-07-30T20:07:09.807359Z,3553,244.1,14871,OK,OK,OK
2026-07-30T20:07:15.308080Z,3535,244.0,14871,OK,OK,OK
2026-07-30T20:07:20.741251Z,3530,244.0,14871,OK,OK,OK
2026-07-30T20:07:26.238124Z,3512,242.8,14871,OK,OK,OK
2026-07-30T20:07:31.716035Z,3584,243.8,14871,OK,OK,OK
2026-07-30T20:07:37.238277Z,3540,243.6,14871,OK,OK,OK
2026-07-30T20:07:42.729039Z,3549,243.6,14871,OK,OK,OK
2026-07-30T20:07:48.222029Z,3527,243.8,14871,OK,OK,OK
2026-07-30T20:07:53.693769Z,3567,243.7,14871,OK,OK,OK
2026-07-30T20:07:59.154014Z,3531,243.8,14871,OK,OK,OK
2026-07-30T20:08:04.623593Z,3523,243.8,14871,OK,OK,OK
2026-07-30T20:08:10.114696Z,3532,243.8,14871,OK,OK,OK
2026-07-30T20:08:15.587358Z,3532,243.7,14871,OK,OK,OK
2026-07-30T20:08:21.061694Z,3506,243.6,14871,OK,OK,OK
2026-07-30T20:08:26.522048Z,3491,243.3,14871,OK,OK,OK
2026-07-30T20:08:32.012851Z,3560,243.7,14871,OK,OK,OK
2026-07-30T20:08:37.472051Z,3544,243.7,14871,OK,OK,OK
2026-07-30T20:08:42.935223Z,3524,243.5,14871,OK,OK,OK
2026-07-30T20:08:48.455127Z,3514,243.6,14871,OK,OK,OK
2026-07-30T20:08:53.932441Z,3496,243.2,14871,OK,OK,OK
2026-07-30T20:08:59.406905Z,3510,243.2,14871,OK,OK,OK
2026-07-30T20:09:04.889070Z,3512,243.7,4903,OK,OK,OK
2026-07-30T20:09:10.378127Z,3515,243.7,4903,OK,OK,OK
2026-07-30T20:09:15.874526Z,3513,243.7,4903,OK,OK,OK
2026-07-30T20:09:21.329471Z,3502,243.8,4903,OK,OK,OK
2026-07-30T20:09:26.818124Z,3509,243.7,4903,OK,OK,OK
2026-07-30T20:09:32.348709Z,3503,243.8,4903,OK,OK,OK
2026-07-30T20:09:37.776602Z,3505,243.6,4903,OK,OK,OK
2026-07-30T20:09:43.311812Z,3514,243.9,4903,OK,OK,OK
2026-07-30T20:09:48.824093Z,3511,243.9,4903,OK,OK,OK
2026-07-30T20:09:54.304747Z,3503,244.0,4903,OK,OK,OK
2026-07-30T20:09:59.786534Z,3503,244.0,4903,OK,OK,OK
2026-07-30T20:10:05.247154Z,1964,244.3,4903,OK,OK,OK
2026-07-30T20:10:10.725564Z,1974,244.3,4903,OK,OK,OK
2026-07-30T20:10:16.196206Z,1986,244.1,4903,OK,OK,OK
2026-07-30T20:10:21.669372Z,1972,244.7,4903,OK,OK,OK
2026-07-30T20:10:27.168668Z,1974,244.8,4903,OK,OK,OK
2026-07-30T20:10:32.658344Z,1960,244.7,4903,OK,OK,OK
2026-07-30T20:10:38.111054Z,1960,244.7,4903,OK,OK,OK
2026-07-30T20:10:43.632218Z,1965,244.7,4903,OK,OK,OK
2026-07-30T20:10:49.140584Z,2002,244.9,4903,OK,OK,OK
2026-07-30T20:10:54.640671Z,1989,244.9,4903,OK,OK,OK
2026-07-30T20:11:00.088069Z,1974,245.0,4903,OK,OK,OK
2026-07-30T20:11:05.624915Z,1982,244.9,4903,OK,OK,OK
2026-07-30T20:11:11.124132Z,1982,244.7,4903,OK,OK,OK
2026-07-30T20:11:16.595858Z,1993,244.7,4903,OK,OK,OK
2026-07-30T20:11:22.070312Z,1956,244.6,4903,OK,OK,OK
2026-07-30T20:11:27.552429Z,2002,244.7,4903,OK,OK,OK
2026-07-30T20:11:33.064339Z,1992,244.7,4903,OK,OK,OK
2026-07-30T20:11:38.555913Z,1976,244.7,4903,OK,OK,OK
2026-07-30T20:11:43.990063Z,1981,244.7,4903,OK,OK,OK
2026-07-30T20:11:49.499514Z,1971,245.2,4903,OK,OK,OK
2026-07-30T20:11:54.982822Z,1980,245.2,4903,OK,OK,OK
2026-07-30T20:12:00.471936Z,2004,245.2,4903,OK,OK,OK
2026-07-30T20:12:05.946923Z,2003,245.1,4903,OK,OK,OK
2026-07-30T20:12:11.444240Z,2032,244.9,4903,OK,OK,OK
2026-07-30T20:12:16.953893Z,2009,244.9,4903,OK,OK,OK
2026-07-30T20:12:22.437002Z,1995,244.9,4903,OK,OK,OK
2026-07-30T20:12:27.933312Z,1966,244.9,4903,OK,OK,OK
2026-07-30T20:12:33.462628Z,1998,244.9,4903,OK,OK,OK
2026-07-30T20:12:38.940478Z,1989,244.9,4903,OK,OK,OK
2026-07-30T20:12:44.425209Z,1996,245.1,4903,OK,OK,OK
2026-07-30T20:12:49.918178Z,1986,245.0,4903,OK,OK,OK
2026-07-30T20:12:55.396354Z,2008,245.2,4903,OK,OK,OK
2026-07-30T20:13:00.876973Z,2032,245.1,4903,OK,OK,OK
2026-07-30T20:13:06.380049Z,1997,245.1,4903,OK,OK,OK
2026-07-30T20:13:11.870003Z,2011,245.0,4903,OK,OK,OK
2026-07-30T20:13:17.381408Z,2011,244.7,4903,OK,OK,OK
2026-07-30T20:13:22.828402Z,1995,244.7,4903,OK,OK,OK
2026-07-30T20:13:28.322408Z,1988,244.7,4903,OK,OK,OK
2026-07-30T20:13:33.823558Z,1974,244.7,4903,OK,OK,OK
2026-07-30T20:13:39.305584Z,1970,244.8,4903,OK,OK,OK
2026-07-30T20:13:44.772823Z,1972,244.7,4903,OK,OK,OK
2026-07-30T20:13:50.296468Z,1992,244.7,4903,OK,OK,OK
2026-07-30T20:13:55.788073Z,1975,244.9,4903,OK,OK,OK
2026-07-30T20:14:01.286607Z,1979,245.1,4903,OK,OK,OK
2026-07-30T20:14:06.792429Z,1963,245.1,4903,OK,OK,OK
2026-07-30T20:14:12.300426Z,1976,244.9,4903,OK,OK,OK
2026-07-30T20:14:17.749670Z,1982,244.7,4903,OK,OK,OK
2026-07-30T20:14:23.269690Z,1977,244.7,4903,OK,OK,OK
2026-07-30T20:14:28.769031Z,1979,244.7,4903,OK,OK,OK
2026-07-30T20:14:34.323582Z,1978,244.7,4903,OK,OK,OK
2026-07-30T20:14:39.783687Z,1967,244.7,4903,OK,OK,OK
2026-07-30T20:14:45.291333Z,1978,244.7,4903,OK,OK,OK
2026-07-30T20:14:50.787046Z,1970,244.7,4903,OK,OK,OK
2026-07-30T20:14:56.299784Z,1965,244.9,4903,OK,OK,OK
2026-07-30T20:15:01.824312Z,1953,244.9,4903,OK,OK,OK
2026-07-30T20:15:07.284179Z,1958,244.9,4903,OK,OK,OK
2026-07-30T20:15:12.760090Z,1938,244.9,4903,OK,OK,OK
2026-07-30T20:15:18.229476Z,1977,244.4,4903,OK,OK,OK
2026-07-30T20:15:23.700775Z,1974,244.5,4903,OK,OK,OK
2026-07-30T20:15:29.199124Z,1978,244.4,4903,OK,OK,OK
2026-07-30T20:15:34.668355Z,1970,244.5,4903,OK,OK,OK
2026-07-30T20:15:40.176818Z,1980,244.4,4903,OK,OK,OK
2026-07-30T20:15:45.676394Z,1994,244.4,4903,OK,OK,OK
2026-07-30T20:15:51.161333Z,1986,244.4,4903,OK,OK,OK
2026-07-30T20:15:56.648941Z,1981,244.7,4903,OK,OK,OK
2026-07-30T20:16:02.087855Z,1977,244.7,4903,OK,OK,OK
2026-07-30T20:16:07.543987Z,1973,244.7,4903,OK,OK,OK
2026-07-30T20:16:13.029028Z,1984,244.7,4903,OK,OK,OK
2026-07-30T20:16:18.462896Z,1970,244.3,4903,OK,OK,OK
2026-07-30T20:16:23.910974Z,1968,244.3,4903,OK,OK,OK
2026-07-30T20:16:29.413568Z,1961,244.3,4903,OK,OK,OK
2026-07-30T20:16:34.895657Z,1953,244.4,4903,OK,OK,OK
2026-07-30T20:16:40.401648Z,1957,244.4,4903,OK,OK,OK
2026-07-30T20:16:45.845144Z,1969,244.4,4903,OK,OK,OK
2026-07-30T20:16:51.306913Z,1969,244.3,4903,OK,OK,OK
2026-07-30T20:16:56.788050Z,2001,244.7,4903,OK,OK,OK
2026-07-30T20:17:02.271925Z,1981,244.7,4903,OK,OK,OK
2026-07-30T20:17:07.751548Z,1995,244.7,4903,OK,OK,OK
2026-07-30T20:17:13.233027Z,1983,244.7,4903,OK,OK,OK
2026-07-30T20:17:18.712321Z,1981,244.3,4903,OK,OK,OK
2026-07-30T20:17:24.195135Z,1986,244.3,4903,OK,OK,OK
2026-07-30T20:17:29.697521Z,1955,244.3,4903,OK,OK,OK
2026-07-30T20:17:35.199710Z,1966,244.3,4903,OK,OK,OK
2026-07-30T20:17:40.679427Z,2044,244.3,4903,OK,OK,OK
2026-07-30T20:17:46.172649Z,1974,244.3,4903,OK,OK,OK
2026-07-30T20:17:51.684694Z,1976,244.7,4903,OK,OK,OK
2026-07-30T20:17:57.157937Z,1977,244.6,4903,OK,OK,OK
2026-07-30T20:18:02.654617Z,1959,244.7,4903,OK,OK,OK
2026-07-30T20:18:08.139411Z,1957,244.7,4903,OK,OK,OK
2026-07-30T20:18:13.574739Z,1963,244.6,4903,OK,OK,OK
2026-07-30T20:18:19.044078Z,1938,244.3,4903,OK,OK,OK
2026-07-30T20:18:24.488693Z,1945,244.3,4903,OK,OK,OK
2026-07-30T20:18:29.970673Z,1946,244.2,4903,OK,OK,OK
2026-07-30T20:18:35.455761Z,1943,244.3,4903,OK,OK,OK
2026-07-30T20:18:40.913669Z,1949,244.3,4903,OK,OK,OK
2026-07-30T20:18:46.424627Z,1942,244.3,4903,OK,OK,OK
2026-07-30T20:18:51.900772Z,1965,244.3,4903,OK,OK,OK
2026-07-30T20:18:57.381399Z,1959,244.3,4903,OK,OK,OK
2026-07-30T20:19:02.890409Z,1961,244.3,4903,OK,OK,OK
2026-07-30T20:19:08.388182Z,1960,244.3,4903,OK,OK,OK
2026-07-30T20:19:13.846175Z,1960,244.2,4903,OK,OK,OK
2026-07-30T20:19:19.336889Z,1956,243.8,4903,OK,OK,OK
2026-07-30T20:19:24.780415Z,1949,243.5,4903,OK,OK,OK
2026-07-30T20:19:30.329261Z,1956,243.7,4903,OK,OK,OK
2026-07-30T20:19:35.827401Z,1967,243.7,4903,OK,OK,OK
2026-07-30T20:19:41.318619Z,1941,243.8,4903,OK,OK,OK
2026-07-30T20:19:46.735298Z,1946,243.8,4903,OK,OK,OK
2026-07-30T20:19:52.218914Z,1961,244.1,4903,OK,OK,OK
2026-07-30T20:19:57.701010Z,1942,244.0,4903,OK,OK,OK
2026-07-30T20:20:03.205780Z,1976,244.0,4903,OK,OK,OK
2026-07-30T20:20:08.678324Z,1964,244.0,4903,OK,OK,OK
2026-07-30T20:20:14.179708Z,1956,244.0,4903,OK,OK,OK
2026-07-30T20:20:19.685017Z,1957,243.7,4903,OK,OK,OK
2026-07-30T20:20:25.179247Z,1960,244.0,4903,OK,OK,OK
2026-07-30T20:20:30.647675Z,1969,244.1,4903,OK,OK,OK
2026-07-30T20:20:36.125154Z,1979,244.3,4903,OK,OK,OK
2026-07-30T20:20:41.609116Z,3375,243.7,4903,OK,OK,OK
2026-07-30T20:20:47.094632Z,3421,243.7,4903,OK,OK,OK
2026-07-30T20:20:52.591628Z,3458,243.7,4903,OK,OK,OK
2026-07-30T20:20:58.092615Z,3456,243.7,4903,OK,OK,OK
2026-07-30T20:21:03.590184Z,3469,243.7,4903,OK,OK,OK
2026-07-30T20:21:09.057145Z,3458,243.7,4903,OK,OK,OK
2026-07-30T20:21:14.515681Z,3546,243.7,4903,OK,OK,OK
2026-07-30T20:21:20.023024Z,3491,243.8,4903,OK,OK,OK
2026-07-30T20:21:25.502577Z,3501,243.7,4903,OK,OK,OK
2026-07-30T20:21:31.002017Z,3493,243.8,4903,OK,OK,OK
2026-07-30T20:21:36.487999Z,3500,243.8,4903,OK,OK,OK
2026-07-30T20:21:42.011583Z,3489,243.8,4903,OK,OK,OK
2026-07-30T20:21:47.453969Z,3511,243.8,4903,OK,OK,OK
2026-07-30T20:21:52.975744Z,3503,243.8,4903,OK,OK,OK
2026-07-30T20:21:58.485199Z,3505,243.8,4903,OK,OK,OK
2026-07-30T20:22:03.950055Z,3499,243.8,4903,OK,OK,OK
2026-07-30T20:22:09.415523Z,3517,244.0,4903,OK,OK,OK
2026-07-30T20:22:14.941761Z,3488,244.1,4903,OK,OK,OK
2026-07-30T20:22:20.453141Z,3499,243.7,4903,OK,OK,OK
2026-07-30T20:22:25.909708Z,3522,243.9,4903,OK,OK,OK
2026-07-30T20:22:31.379837Z,3501,243.9,4903,OK,OK,OK
2026-07-30T20:22:36.845287Z,3483,243.7,4903,OK,OK,OK
2026-07-30T20:22:42.311429Z,3463,243.8,4903,OK,OK,OK
2026-07-30T20:22:47.790088Z,3482,243.8,4903,OK,OK,OK
2026-07-30T20:22:53.272082Z,3479,243.7,4903,OK,OK,OK
2026-07-30T20:22:58.759624Z,3488,243.8,4903,OK,OK,OK
2026-07-30T20:23:04.267574Z,3475,243.2,4903,OK,OK,OK
2026-07-30T20:23:09.718422Z,3475,243.8,4903,OK,OK,OK
2026-07-30T20:23:15.211132Z,3478,243.8,4903,OK,OK,OK
2026-07-30T20:23:20.706734Z,3478,243.7,4903,OK,OK,OK
2026-07-30T20:23:26.218285Z,3462,243.7,4903,OK,OK,OK
2026-07-30T20:23:31.694418Z,3523,243.7,4903,OK,OK,OK
2026-07-30T20:23:37.177081Z,3499,243.7,4903,OK,OK,OK
2026-07-30T20:23:42.685081Z,3531,243.7,4903,OK,OK,OK
2026-07-30T20:23:48.160700Z,3513,243.7,4903,OK,OK,OK
2026-07-30T20:23:53.637927Z,3488,243.7,4903,OK,OK,OK
2026-07-30T20:23:59.143442Z,3461,243.8,4903,OK,OK,OK
2026-07-30T20:24:04.629082Z,3470,243.7,4903,OK,OK,OK
2026-07-30T20:24:10.128576Z,3471,243.9,4903,OK,OK,OK
2026-07-30T20:24:15.566181Z,3469,243.9,2131,OK,OK,OK
2026-07-30T20:24:21.064337Z,3498,243.8,2131,OK,OK,OK
2026-07-30T20:24:26.560240Z,3463,244.0,2131,OK,OK,OK
2026-07-30T20:24:32.016807Z,3479,244.1,2131,OK,OK,OK
2026-07-30T20:24:37.512893Z,3483,244.2,2131,OK,OK,OK
2026-07-30T20:24:42.994261Z,3472,244.1,2131,OK,OK,OK
2026-07-30T20:24:48.484486Z,3396,244.0,2131,OK,OK,OK
2026-07-30T20:24:53.987445Z,3390,244.1,2131,OK,OK,OK
2026-07-30T20:24:59.469848Z,3414,243.9,2131,OK,OK,OK
2026-07-30T20:25:04.907497Z,3407,244.1,2131,OK,OK,OK
2026-07-30T20:25:10.411466Z,3404,244.1,2131,OK,OK,OK
2026-07-30T20:25:15.886114Z,3426,244.1,2131,OK,OK,OK
2026-07-30T20:25:21.353103Z,3406,244.2,2131,OK,OK,OK
2026-07-30T20:25:26.862866Z,3416,244.2,2131,OK,OK,OK
2026-07-30T20:25:32.319553Z,3417,244.2,2131,OK,OK,OK
2026-07-30T20:25:37.857630Z,3401,244.2,2131,OK,OK,OK
2026-07-30T20:25:43.344143Z,3411,244.3,2131,OK,OK,OK
2026-07-30T20:25:48.814425Z,3421,244.2,2131,OK,OK,OK
2026-07-30T20:25:54.302193Z,3400,244.3,2131,OK,OK,OK
2026-07-30T20:25:59.795423Z,3411,244.3,2131,OK,OK,OK
2026-07-30T20:26:05.256717Z,3398,244.3,2131,OK,OK,OK
2026-07-30T20:26:10.727104Z,3403,244.4,2131,OK,OK,OK
2026-07-30T20:26:16.189825Z,3402,244.3,2131,OK,OK,OK
2026-07-30T20:26:21.675067Z,3392,244.4,2131,OK,OK,OK
2026-07-30T20:26:27.166417Z,3390,244.3,2131,OK,OK,OK
2026-07-30T20:26:32.665674Z,3395,244.3,2131,OK,OK,OK
2026-07-30T20:26:38.103005Z,3384,244.3,2131,OK,OK,OK
2026-07-30T20:26:43.602643Z,3427,244.3,2131,OK,OK,OK
2026-07-30T20:26:49.116035Z,3452,244.5,2131,OK,OK,OK
2026-07-30T20:26:54.616798Z,3399,244.5,2131,OK,OK,OK
2026-07-30T20:27:00.125600Z,3410,244.5,2131,OK,OK,OK
2026-07-30T20:27:05.634911Z,3384,244.5,2131,OK,OK,OK
2026-07-30T20:27:11.133826Z,3426,244.3,2131,OK,OK,OK
2026-07-30T20:27:16.644024Z,3402,244.3,2131,OK,OK,OK
2026-07-30T20:27:22.156475Z,3414,244.3,2131,OK,OK,OK
2026-07-30T20:27:27.618228Z,3421,244.3,2131,OK,OK,OK
2026-07-30T20:27:33.155241Z,3420,244.3,2131,OK,OK,OK
2026-07-30T20:27:38.660456Z,3414,244.3,2131,OK,OK,OK
2026-07-30T20:27:44.153619Z,3436,244.2,2131,OK,OK,OK
2026-07-30T20:27:49.593608Z,3429,244.3,2131,OK,OK,OK
2026-07-30T20:27:55.080636Z,3430,244.3,2131,OK,OK,OK
2026-07-30T20:28:00.563973Z,3435,244.4,2131,OK,OK,OK
2026-07-30T20:28:06.040133Z,3420,244.4,2131,OK,OK,OK
2026-07-30T20:28:11.518674Z,3417,244.3,2131,OK,OK,OK
2026-07-30T20:28:17.007920Z,3425,244.3,2131,OK,OK,OK
2026-07-30T20:28:22.502263Z,3435,244.3,2131,OK,OK,OK
2026-07-30T20:28:28.011741Z,3420,244.3,2131,OK,OK,OK
2026-07-30T20:28:33.507084Z,3444,244.3,2131,OK,OK,OK
2026-07-30T20:28:38.982225Z,3431,244.3,2131,OK,OK,OK
2026-07-30T20:28:44.476764Z,3437,244.3,2131,OK,OK,OK
2026-07-30T20:28:49.951475Z,3432,244.3,2131,OK,OK,OK
2026-07-30T20:28:55.483040Z,3440,244.4,2131,OK,OK,OK
2026-07-30T20:29:00.981386Z,3434,244.4,2131,OK,OK,OK
2026-07-30T20:29:06.483268Z,3436,244.3,2131,OK,OK,OK
2026-07-30T20:29:11.984963Z,3439,244.3,2131,OK,OK,OK
2026-07-30T20:29:17.435017Z,3466,244.6,2131,OK,OK,OK
2026-07-30T20:29:22.887640Z,3480,244.6,2131,OK,OK,OK
2026-07-30T20:29:28.361108Z,3441,244.6,2131,OK,OK,OK
2026-07-30T20:29:33.786371Z,3441,244.6,2131,OK,OK,OK
2026-07-30T20:29:39.271276Z,3452,244.6,2131,OK,OK,OK
2026-07-30T20:29:44.750488Z,3441,244.7,2131,OK,OK,OK
2026-07-30T20:29:50.241743Z,3439,244.8,2131,OK,OK,OK
2026-07-30T20:29:55.728456Z,3460,244.7,2131,OK,OK,OK
2026-07-30T20:30:01.227150Z,3446,244.7,2131,OK,OK,OK
2026-07-30T20:30:06.728359Z,3454,244.7,2131,OK,OK,OK
2026-07-30T20:30:12.195125Z,3452,244.7,2131,OK,OK,OK
2026-07-30T20:30:17.714689Z,3455,244.7,2131,OK,OK,OK
2026-07-30T20:30:23.227404Z,3456,244.8,2131,OK,OK,OK
2026-07-30T20:30:28.710562Z,3461,244.9,2131,OK,OK,OK
2026-07-30T20:30:34.213426Z,3454,244.9,2131,OK,OK,OK
2026-07-30T20:30:39.700098Z,3461,244.8,2131,OK,OK,OK
2026-07-30T20:30:45.210132Z,3441,244.7,2131,OK,OK,OK
2026-07-30T20:30:50.705806Z,3432,244.8,2131,OK,OK,OK
2026-07-30T20:30:56.180740Z,3527,244.7,2131,OK,OK,OK
2026-07-30T20:31:01.676635Z,1924,245.5,2131,OK,OK,OK
2026-07-30T20:31:07.184408Z,1924,245.4,2131,OK,OK,OK
2026-07-30T20:31:12.662538Z,1957,245.4,2131,OK,OK,OK
2026-07-30T20:31:18.107630Z,1944,245.4,2131,OK,OK,OK
2026-07-30T20:31:23.575080Z,1915,245.3,2131,OK,OK,OK
2026-07-30T20:31:29.041162Z,1933,245.5,2131,OK,OK,OK
2026-07-30T20:31:34.517678Z,1929,245.6,2131,OK,OK,OK
2026-07-30T20:31:39.986711Z,1915,245.6,2131,OK,OK,OK
2026-07-30T20:31:45.496291Z,1917,245.7,2131,OK,OK,OK
2026-07-30T20:31:50.998194Z,1910,245.7,2131,OK,OK,OK
2026-07-30T20:31:56.479617Z,1924,245.7,2131,OK,OK,OK
2026-07-30T20:32:01.969934Z,1913,245.7,2131,OK,OK,OK
2026-07-30T20:32:07.466088Z,1950,245.7,2131,OK,OK,OK
2026-07-30T20:32:12.963044Z,1932,245.7,2131,OK,OK,OK
2026-07-30T20:32:18.431682Z,1940,245.5,2131,OK,OK,OK
2026-07-30T20:32:23.893721Z,1941,245.4,2131,OK,OK,OK
2026-07-30T20:32:29.329364Z,1926,245.7,2131,OK,OK,OK
2026-07-30T20:32:34.760588Z,1911,245.7,2131,OK,OK,OK
2026-07-30T20:32:40.238283Z,1906,245.7,2131,OK,OK,OK
2026-07-30T20:32:45.733332Z,1898,245.7,2131,OK,OK,OK
2026-07-30T20:32:51.230787Z,1907,245.9,2131,OK,OK,OK
2026-07-30T20:32:56.706215Z,1903,245.8,2131,OK,OK,OK
2026-07-30T20:33:02.213565Z,1933,245.8,2131,OK,OK,OK
2026-07-30T20:33:07.705505Z,1922,245.8,2131,OK,OK,OK
2026-07-30T20:33:13.189916Z,1925,245.8,2131,OK,OK,OK
2026-07-30T20:33:18.660874Z,1916,245.8,2131,OK,OK,OK
2026-07-30T20:33:24.142595Z,1914,245.9,2131,OK,OK,OK
2026-07-30T20:33:29.638446Z,1918,246.0,2131,OK,OK,OK
2026-07-30T20:33:35.144509Z,1910,245.9,2131,OK,OK,OK
2026-07-30T20:33:40.615181Z,1906,245.9,2131,OK,OK,OK
2026-07-30T20:33:46.063701Z,1902,246.0,2131,OK,OK,OK
2026-07-30T20:33:51.510714Z,1926,246.0,2131,OK,OK,OK
2026-07-30T20:33:57.016955Z,1923,246.0,2131,OK,OK,OK
2026-07-30T20:34:02.523699Z,1930,245.9,2131,OK,OK,OK
2026-07-30T20:34:08.050690Z,1899,246.0,2131,OK,OK,OK
2026-07-30T20:34:13.522234Z,1909,246.0,2131,OK,OK,OK
2026-07-30T20:34:19.004364Z,1910,246.1,2131,OK,OK,OK
2026-07-30T20:34:24.511573Z,1906,245.9,2131,OK,OK,OK
2026-07-30T20:34:30.264103Z,1908,246.0,2131,OK,OK,OK
2026-07-30T20:34:35.704960Z,1923,245.9,2131,OK,OK,OK
2026-07-30T20:34:41.204705Z,1893,246.1,2131,OK,OK,OK
2026-07-30T20:34:46.701001Z,1895,246.1,2131,OK,OK,OK
2026-07-30T20:34:52.185622Z,1905,246.1,2131,OK,OK,OK
2026-07-30T20:34:57.633637Z,1907,246.0,2131,OK,OK,OK
2026-07-30T20:35:03.138686Z,1908,246.0,2131,OK,OK,OK
2026-07-30T20:35:08.666868Z,1902,245.9,2131,OK,OK,OK
2026-07-30T20:35:14.160167Z,1904,245.9,2131,OK,OK,OK
2026-07-30T20:35:19.656188Z,1930,245.9,2131,OK,OK,OK
2026-07-30T20:35:25.177468Z,1914,245.8,2131,OK,OK,OK
2026-07-30T20:35:30.695471Z,1920,245.8,2131,OK,OK,OK
2026-07-30T20:35:36.189928Z,1896,245.8,2131,OK,OK,OK
2026-07-30T20:35:41.653316Z,1911,245.8,2131,OK,OK,OK
2026-07-30T20:35:47.155723Z,1918,245.8,2131,OK,OK,OK
2026-07-30T20:35:52.647538Z,2012,246.3,2131,OK,OK,OK
2026-07-30T20:35:58.133625Z,1920,246.2,2131,OK,OK,OK
2026-07-30T20:36:03.646699Z,1919,246.2,2131,OK,OK,OK
2026-07-30T20:36:09.139885Z,1917,246.0,2131,OK,OK,OK
2026-07-30T20:36:14.663037Z,1912,246.0,2131,OK,OK,OK
2026-07-30T20:36:20.178225Z,1914,245.8,2131,OK,OK,OK
2026-07-30T20:36:25.690629Z,1911,245.8,2131,OK,OK,OK
2026-07-30T20:36:31.167366Z,1927,245.8,2131,OK,OK,OK
2026-07-30T20:36:36.675622Z,1912,245.8,2131,OK,OK,OK
2026-07-30T20:36:42.151667Z,1912,245.8,2131,OK,OK,OK
2026-07-30T20:36:47.633236Z,1930,245.6,2131,OK,OK,OK
2026-07-30T20:36:53.111212Z,1908,245.7,2131,OK,OK,OK
2026-07-30T20:36:58.599737Z,1919,245.9,2131,OK,OK,OK
2026-07-30T20:37:04.058535Z,1939,245.9,2131,OK,OK,OK
2026-07-30T20:37:09.573035Z,1916,245.8,2131,OK,OK,OK
2026-07-30T20:37:15.039917Z,1928,245.9,2131,OK,OK,OK
2026-07-30T20:37:20.530044Z,1936,245.7,2131,OK,OK,OK
2026-07-30T20:37:26.000101Z,1925,245.7,2131,OK,OK,OK
2026-07-30T20:37:31.496541Z,1929,245.7,2131,OK,OK,OK
2026-07-30T20:37:37.009628Z,1919,245.7,2131,OK,OK,OK
2026-07-30T20:37:42.470571Z,1928,245.7,2131,OK,OK,OK
2026-07-30T20:37:47.932249Z,1911,245.7,2131,OK,OK,OK
2026-07-30T20:37:53.463516Z,1919,245.6,2131,OK,OK,OK
2026-07-30T20:37:58.944527Z,1909,245.6,2131,OK,OK,OK
2026-07-30T20:38:04.408630Z,1917,245.7,2131,OK,OK,OK
2026-07-30T20:38:09.900493Z,1915,245.6,2131,OK,OK,OK
2026-07-30T20:38:15.343865Z,1912,245.6,2131,OK,OK,OK
2026-07-30T20:38:20.842123Z,1907,245.7,2131,OK,OK,OK
2026-07-30T20:38:26.355283Z,1920,245.6,2131,OK,OK,OK
2026-07-30T20:38:31.836200Z,1911,245.7,2131,OK,OK,OK
2026-07-30T20:38:37.319173Z,2037,245.7,2131,OK,OK,OK
2026-07-30T20:38:42.822803Z,2024,245.7,2131,OK,OK,OK
2026-07-30T20:38:48.316038Z,2036,245.7,2131,OK,OK,OK
2026-07-30T20:38:53.804692Z,2034,245.7,2131,OK,OK,OK
2026-07-30T20:38:59.335946Z,2042,245.7,2131,OK,OK,OK
2026-07-30T20:39:04.794514Z,2045,245.6,2131,OK,OK,OK
2026-07-30T20:39:10.284772Z,2037,245.6,2131,OK,OK,OK
2026-07-30T20:39:15.782517Z,2043,245.6,2131,OK,OK,OK
2026-07-30T20:39:21.276964Z,2074,245.8,2131,OK,OK,OK
2026-07-30T20:39:26.738235Z,2043,245.6,4728,OK,OK,OK
2026-07-30T20:39:32.239441Z,2037,245.6,4728,OK,OK,OK
2026-07-30T20:39:37.672459Z,2029,245.4,4728,OK,OK,OK
2026-07-30T20:39:43.121446Z,2032,245.5,4728,OK,OK,OK
2026-07-30T20:39:48.608589Z,2042,245.6,4728,OK,OK,OK
2026-07-30T20:39:54.083994Z,2042,245.7,4728,OK,OK,OK
2026-07-30T20:39:59.571248Z,2044,245.6,4728,OK,OK,OK
2026-07-30T20:40:05.044766Z,1951,245.7,4728,OK,OK,OK
2026-07-30T20:40:10.513397Z,1924,245.8,4728,OK,OK,OK
2026-07-30T20:40:16.004745Z,1904,245.9,4728,OK,OK,OK
2026-07-30T20:40:21.465520Z,1910,245.9,4728,OK,OK,OK
2026-07-30T20:40:26.921719Z,1903,245.9,4728,OK,OK,OK
2026-07-30T20:40:32.427642Z,1916,245.9,4728,OK,OK,OK
2026-07-30T20:40:37.932505Z,1918,245.9,4728,OK,OK,OK
2026-07-30T20:40:43.379053Z,2915,245.4,4728,OK,OK,OK
2026-07-30T20:40:48.823528Z,2011,245.8,4728,OK,OK,OK
2026-07-30T20:40:54.310491Z,2005,245.8,4728,OK,OK,OK
2026-07-30T20:40:59.792310Z,2026,245.8,4728,OK,OK,OK
2026-07-30T20:41:05.288578Z,2026,245.8,4728,OK,OK,OK
2026-07-30T20:41:10.768463Z,2019,245.5,4728,OK,OK,OK
2026-07-30T20:41:16.225763Z,2026,245.6,4728,OK,OK,OK
2026-07-30T20:41:21.701600Z,2020,245.5,4728,OK,OK,OK
2026-07-30T20:41:27.183370Z,2011,245.6,4728,OK,OK,OK
2026-07-30T20:41:32.684006Z,2012,245.6,4728,OK,OK,OK
2026-07-30T20:41:38.157038Z,2011,245.5,4728,OK,OK,OK
2026-07-30T20:41:43.636612Z,2003,245.5,4728,OK,OK,OK
2026-07-30T20:41:49.129362Z,2030,245.5,4728,OK,OK,OK
2026-07-30T20:41:54.585242Z,1997,245.5,4728,OK,OK,OK
2026-07-30T20:42:00.015794Z,2014,245.5,4728,OK,OK,OK
2026-07-30T20:42:05.502875Z,2004,245.5,4728,OK,OK,OK
2026-07-30T20:42:10.997473Z,2004,245.5,4728,OK,OK,OK
2026-07-30T20:42:16.501706Z,2000,245.5,4728,OK,OK,OK
2026-07-30T20:42:21.993654Z,3432,244.8,4728,OK,OK,OK
2026-07-30T20:42:27.497798Z,3489,244.7,4728,OK,OK,OK
2026-07-30T20:42:33.020970Z,3504,244.9,4728,OK,OK,OK
2026-07-30T20:42:38.527016Z,3499,244.9,4728,OK,OK,OK
2026-07-30T20:42:44.027086Z,3487,244.8,4728,OK,OK,OK
2026-07-30T20:42:49.525165Z,3556,244.9,4728,OK,OK,OK
2026-07-30T20:42:55.005581Z,3509,245.0,4728,OK,OK,OK
2026-07-30T20:43:00.504513Z,3515,244.9,4728,OK,OK,OK
2026-07-30T20:43:05.971162Z,3528,245.0,4728,OK,OK,OK
2026-07-30T20:43:11.485370Z,3527,245.0,4728,OK,OK,OK
2026-07-30T20:43:16.947690Z,3529,245.1,4728,OK,OK,OK
2026-07-30T20:43:22.479541Z,3525,245.1,4728,OK,OK,OK
2026-07-30T20:43:27.940895Z,3508,244.9,4728,OK,OK,OK
2026-07-30T20:43:33.419878Z,3534,245.0,4728,OK,OK,OK
2026-07-30T20:43:38.927714Z,3499,244.9,4728,OK,OK,OK
2026-07-30T20:43:44.945271Z,3507,244.9,4728,OK,OK,OK
2026-07-30T20:43:51.562029Z,3523,245.0,4728,OK,OK,OK
2026-07-30T20:43:57.053790Z,3513,245.0,4728,OK,OK,OK
2026-07-30T20:44:02.576722Z,3529,245.0,4728,OK,OK,OK
2026-07-30T20:44:08.077596Z,3542,245.0,4728,OK,OK,OK
2026-07-30T20:44:13.545544Z,3533,245.0,4728,OK,OK,OK
2026-07-30T20:44:19.017980Z,3533,245.0,4728,OK,OK,OK
2026-07-30T20:44:24.526832Z,3532,244.9,4728,OK,OK,OK
2026-07-30T20:44:30.064942Z,3531,244.9,4728,OK,OK,OK
2026-07-30T20:44:35.529744Z,3528,244.9,4728,OK,OK,OK
2026-07-30T20:44:41.032111Z,3511,245.0,4728,OK,OK,OK
2026-07-30T20:44:46.513547Z,3525,244.9,4728,OK,OK,OK
2026-07-30T20:44:52.544759Z,3554,245.0,4728,OK,OK,OK
2026-07-30T20:44:58.058948Z,3504,244.8,4728,OK,OK,OK
2026-07-30T20:45:03.545655Z,3512,243.5,4728,OK,OK,OK
2026-07-30T20:45:09.030736Z,3518,243.9,4728,OK,OK,OK
2026-07-30T20:45:14.536444Z,3507,243.8,4728,OK,OK,OK
2026-07-30T20:45:20.036549Z,3532,243.8,4728,OK,OK,OK
2026-07-30T20:45:25.510233Z,3507,243.8,4728,OK,OK,OK
2026-07-30T20:45:31.071532Z,3500,244.0,4728,OK,OK,OK
2026-07-30T20:45:36.567305Z,3517,243.8,4728,OK,OK,OK
2026-07-30T20:45:42.046651Z,3514,243.8,4728,OK,OK,OK
2026-07-30T20:45:47.549110Z,3565,243.9,4728,OK,OK,OK
2026-07-30T20:45:53.001580Z,3554,243.9,4728,OK,OK,OK
2026-07-30T20:45:58.465402Z,3621,243.9,4728,OK,OK,OK
2026-07-30T20:46:03.983351Z,3589,244.1,4728,OK,OK,OK
2026-07-30T20:46:09.487418Z,3571,244.4,4728,OK,OK,OK
2026-07-30T20:46:14.980880Z,3567,244.9,4728,OK,OK,OK
2026-07-30T20:46:20.473095Z,3575,245.3,4728,OK,OK,OK
2026-07-30T20:46:25.980059Z,3551,245.5,4728,OK,OK,OK
2026-07-30T20:46:31.453468Z,3568,245.5,4728,OK,OK,OK
2026-07-30T20:46:36.948656Z,3570,244.3,4728,OK,OK,OK
2026-07-30T20:46:42.439275Z,3562,243.7,4728,OK,OK,OK
2026-07-30T20:46:47.938305Z,3548,243.7,4728,OK,OK,OK
2026-07-30T20:46:53.382142Z,3512,243.8,4728,OK,OK,OK
2026-07-30T20:46:58.848495Z,3537,243.7,4728,OK,OK,OK
2026-07-30T20:47:04.333923Z,3517,243.7,4728,OK,OK,OK
2026-07-30T20:47:09.848481Z,3521,243.9,4728,OK,OK,OK
2026-07-30T20:47:15.328470Z,3512,243.7,4728,OK,OK,OK
2026-07-30T20:47:20.793574Z,3524,243.7,4728,OK,OK,OK
2026-07-30T20:47:26.305480Z,3514,243.9,4728,OK,OK,OK
2026-07-30T20:47:31.809683Z,3511,243.7,4728,OK,OK,OK
2026-07-30T20:47:37.287080Z,3514,243.7,4728,OK,OK,OK
2026-07-30T20:47:42.760187Z,3568,243.8,4728,OK,OK,OK
2026-07-30T20:47:48.257481Z,3514,244.0,4728,OK,OK,OK
2026-07-30T20:47:53.735837Z,3512,244.0,4728,OK,OK,OK
2026-07-30T20:47:59.224638Z,3493,244.2,4728,OK,OK,OK
2026-07-30T20:48:04.689617Z,3526,244.5,4728,OK,OK,OK
2026-07-30T20:48:10.167774Z,3505,244.7,4728,OK,OK,OK
2026-07-30T20:48:15.647093Z,3549,245.1,4728,OK,OK,OK
2026-07-30T20:48:21.134122Z,3555,246.9,4728,OK,OK,OK
2026-07-30T20:48:26.605676Z,3550,246.5,4728,OK,OK,OK
2026-07-30T20:48:32.135886Z,3528,247.0,4728,OK,OK,OK
2026-07-30T20:48:37.618980Z,3561,247.1,4728,OK,OK,OK
2026-07-30T20:48:43.111703Z,3543,247.1,4728,OK,OK,OK
2026-07-30T20:48:48.602860Z,3506,247.1,4728,OK,OK,OK
2026-07-30T20:48:54.070470Z,3532,247.1,4728,OK,OK,OK
2026-07-30T20:48:59.514853Z,3538,247.1,4728,OK,OK,OK
2026-07-30T20:49:04.993439Z,3560,247.0,4728,OK,OK,OK
2026-07-30T20:49:10.485426Z,3554,247.0,4728,OK,OK,OK
2026-07-30T20:49:15.946904Z,3556,247.1,4728,OK,OK,OK
2026-07-30T20:49:21.454817Z,3545,247.1,4728,OK,OK,OK
2026-07-30T20:49:26.898519Z,3518,247.1,4728,OK,OK,OK
2026-07-30T20:49:32.386915Z,3533,247.1,4728,OK,OK,OK
2026-07-30T20:49:37.863894Z,3505,247.2,4728,OK,OK,OK
2026-07-30T20:49:43.347304Z,3522,247.1,4728,OK,OK,OK
2026-07-30T20:49:48.842654Z,3531,247.2,4728,OK,OK,OK
2026-07-30T20:49:54.313413Z,3510,247.1,4728,OK,OK,OK
2026-07-30T20:49:59.783492Z,3537,247.1,4728,OK,OK,OK
2026-07-30T20:50:05.245589Z,3567,247.2,4728,OK,OK,OK
2026-07-30T20:50:10.748108Z,3558,247.2,4728,OK,OK,OK
2026-07-30T20:50:16.233901Z,3583,247.3,4728,OK,OK,OK
2026-07-30T20:50:21.704186Z,3557,247.1,4728,OK,OK,OK
2026-07-30T20:50:27.140006Z,3548,247.3,4728,OK,OK,OK
2026-07-30T20:50:32.629270Z,3544,247.3,4728,OK,OK,OK
2026-07-30T20:50:38.120148Z,3553,247.3,4728,OK,OK,OK
2026-07-30T20:50:43.587335Z,3586,247.8,4728,OK,OK,OK
2026-07-30T20:50:49.122007Z,3579,247.8,4728,OK,OK,OK
2026-07-30T20:50:54.631615Z,3583,247.8,4728,OK,OK,OK
2026-07-30T20:51:00.119548Z,3569,247.8,4728,OK,OK,OK
2026-07-30T20:51:05.594082Z,3589,247.7,4728,OK,OK,OK
2026-07-30T20:51:11.078721Z,3606,247.7,4728,OK,OK,OK
2026-07-30T20:51:16.554980Z,3586,247.8,4728,OK,OK,OK
2026-07-30T20:51:22.042393Z,3580,247.9,4728,OK,OK,OK
2026-07-30T20:51:27.545076Z,3578,248.0,4728,OK,OK,OK
2026-07-30T20:51:33.050216Z,3570,247.9,4728,OK,OK,OK
2026-07-30T20:51:38.559329Z,3576,248.1,4728,OK,OK,OK
2026-07-30T20:51:44.019881Z,3593,248.0,4728,OK,OK,OK
2026-07-30T20:51:49.466320Z,3567,248.1,4728,OK,OK,OK
2026-07-30T20:51:54.920591Z,3564,248.1,4728,OK,OK,OK
2026-07-30T20:52:00.386124Z,2170,248.7,4728,OK,OK,OK
2026-07-30T20:52:05.864390Z,2000,248.3,4728,OK,OK,OK
2026-07-30T20:52:11.369908Z,2012,247.8,4728,OK,OK,OK
2026-07-30T20:52:16.868586Z,1997,247.3,4728,OK,OK,OK
2026-07-30T20:52:22.341354Z,1992,247.4,4728,OK,OK,OK
2026-07-30T20:52:27.851064Z,1983,247.1,4728,OK,OK,OK
2026-07-30T20:52:33.394771Z,1991,247.3,4728,OK,OK,OK
2026-07-30T20:52:38.915306Z,2004,247.3,4728,OK,OK,OK
2026-07-30T20:52:44.418061Z,1973,246.8,4728,OK,OK,OK
2026-07-30T20:52:49.900049Z,2000,246.7,4728,OK,OK,OK
2026-07-30T20:52:55.401402Z,1970,246.5,4728,OK,OK,OK
2026-07-30T20:53:00.888245Z,1995,246.9,4728,OK,OK,OK
2026-07-30T20:53:06.359992Z,1981,246.9,4728,OK,OK,OK
2026-07-30T20:53:11.895928Z,1983,247.2,4728,OK,OK,OK
2026-07-30T20:53:17.372608Z,1992,247.2,4728,OK,OK,OK
2026-07-30T20:53:22.872631Z,1997,248.1,4728,OK,OK,OK
2026-07-30T20:53:28.375998Z,2024,247.5,4728,OK,OK,OK
2026-07-30T20:53:33.854095Z,1987,246.9,4728,OK,OK,OK
2026-07-30T20:53:39.345890Z,1993,246.9,4728,OK,OK,OK
2026-07-30T20:53:44.814543Z,3728,246.9,4728,OK,OK,OK
2026-07-30T20:53:50.321606Z,3733,247.0,4728,OK,OK,OK
2026-07-30T20:53:55.778701Z,3841,247.0,4728,OK,OK,OK
2026-07-30T20:54:01.302042Z,3689,246.9,4728,OK,OK,OK
2026-07-30T20:54:06.786722Z,3714,247.0,4728,OK,OK,OK
2026-07-30T20:54:12.277210Z,3804,247.0,4728,OK,OK,OK
2026-07-30T20:54:17.765943Z,3720,246.0,4728,OK,OK,OK
2026-07-30T20:54:23.247588Z,3726,246.5,4728,OK,OK,OK
2026-07-30T20:54:28.770616Z,3731,246.6,4728,OK,OK,OK
2026-07-30T20:54:34.278035Z,3723,247.2,4728,OK,OK,OK
2026-07-30T20:54:39.788619Z,3726,247.9,7110,OK,OK,OK
2026-07-30T20:54:45.290516Z,3722,248.3,7110,OK,OK,OK
2026-07-30T20:54:50.842613Z,3885,248.5,7110,OK,OK,OK
2026-07-30T20:54:56.335843Z,3860,248.5,7110,OK,OK,OK
2026-07-30T20:55:01.790425Z,2120,248.2,7110,OK,OK,OK
2026-07-30T20:55:07.285188Z,2163,247.0,7110,OK,OK,OK
2026-07-30T20:55:12.797553Z,2103,246.4,7110,OK,OK,OK
2026-07-30T20:55:18.250365Z,2112,246.4,7110,OK,OK,OK
2026-07-30T20:55:23.735466Z,2115,246.4,7110,OK,OK,OK
2026-07-30T20:55:29.201164Z,2118,246.7,7110,OK,OK,OK
2026-07-30T20:55:34.685562Z,2109,247.1,7110,OK,OK,OK
2026-07-30T20:55:40.133036Z,2120,247.7,7110,OK,OK,OK
2026-07-30T20:55:45.641367Z,2128,247.4,7110,OK,OK,OK
2026-07-30T20:55:51.112723Z,2020,247.1,7110,OK,OK,OK
2026-07-30T20:55:56.599861Z,2025,247.1,7110,OK,OK,OK
2026-07-30T20:56:02.101757Z,2008,246.9,7110,OK,OK,OK
2026-07-30T20:56:07.587926Z,1996,246.8,7110,OK,OK,OK
2026-07-30T20:56:13.089063Z,2020,246.5,7110,OK,OK,OK
2026-07-30T20:56:18.573753Z,1993,246.4,7110,OK,OK,OK
2026-07-30T20:56:24.096795Z,1982,246.4,7110,OK,OK,OK
2026-07-30T20:56:29.608333Z,2010,246.4,7110,OK,OK,OK
2026-07-30T20:56:35.113431Z,2009,246.4,7110,OK,OK,OK
2026-07-30T20:56:40.602432Z,1982,246.4,7110,OK,OK,OK
2026-07-30T20:56:46.047355Z,1993,246.2,7110,OK,OK,OK
2026-07-30T20:56:51.536835Z,2109,246.1,7110,OK,OK,OK
2026-07-30T20:56:57.020430Z,1988,246.3,7110,OK,OK,OK
2026-07-30T20:57:02.461149Z,1989,246.1,7110,OK,OK,OK
2026-07-30T20:57:07.911854Z,1983,246.0,7110,OK,OK,OK
2026-07-30T20:57:13.410339Z,1981,246.1,7110,OK,OK,OK
2026-07-30T20:57:18.881343Z,1998,246.0,7110,OK,OK,OK
2026-07-30T20:57:24.372935Z,1984,246.0,7110,OK,OK,OK
2026-07-30T20:57:29.841069Z,2061,246.0,7110,OK,OK,OK
2026-07-30T20:57:35.342169Z,1982,246.0,7110,OK,OK,OK
2026-07-30T20:57:40.809205Z,1990,246.1,7110,OK,OK,OK
2026-07-30T20:57:46.295706Z,1985,246.2,7110,OK,OK,OK
2026-07-30T20:57:51.817236Z,1981,246.2,7110,OK,OK,OK
2026-07-30T20:57:57.301293Z,2016,246.1,7110,OK,OK,OK
2026-07-30T20:58:02.805658Z,1980,246.1,7110,OK,OK,OK
2026-07-30T20:58:08.304289Z,1959,246.0,7110,OK,OK,OK
2026-07-30T20:58:13.762125Z,1984,246.1,7110,OK,OK,OK
2026-07-30T20:58:19.262321Z,1990,246.3,7110,OK,OK,OK
2026-07-30T20:58:24.711397Z,1995,246.3,7110,OK,OK,OK
2026-07-30T20:58:30.198386Z,2008,246.5,7110,OK,OK,OK
2026-07-30T20:58:35.675643Z,1993,247.3,7110,OK,OK,OK
2026-07-30T20:58:41.163164Z,2013,248.1,7110,OK,OK,OK
2026-07-30T20:58:46.669228Z,1994,248.9,7110,OK,OK,OK
2026-07-30T20:58:52.157894Z,2002,248.5,7110,OK,OK,OK
2026-07-30T20:58:57.649097Z,1998,248.5,7110,OK,OK,OK
2026-07-30T20:59:03.141325Z,1993,248.4,7110,OK,OK,OK
2026-07-30T20:59:08.640180Z,1998,249.2,7110,OK,OK,OK
2026-07-30T20:59:14.109505Z,2007,249.3,7110,OK,OK,OK
2026-07-30T20:59:19.600476Z,2001,248.4,7110,OK,OK,OK
2026-07-30T20:59:25.099632Z,1996,247.8,7110,OK,OK,OK
2026-07-30T20:59:30.601759Z,1995,248.5,7110,OK,OK,OK
2026-07-30T20:59:36.102162Z,1993,247.9,7110,OK,OK,OK
2026-07-30T20:59:41.586880Z,1989,247.0,7110,OK,OK,OK
2026-07-30T20:59:47.063311Z,1997,247.5,7110,OK,OK,OK
2026-07-30T20:59:52.549818Z,1999,246.9,7110,OK,OK,OK
2026-07-30T20:59:58.012197Z,1997,246.9,7110,OK,OK,OK
2026-07-30T21:00:03.469330Z,1985,246.8,7110,OK,OK,OK
2026-07-30T21:00:08.936644Z,1993,246.6,7110,OK,OK,OK
2026-07-30T21:00:14.444029Z,1988,246.7,7110,OK,OK,OK
2026-07-30T21:00:19.931764Z,1988,246.8,7110,OK,OK,OK
2026-07-30T21:00:25.443472Z,2030,246.7,7110,OK,OK,OK
2026-07-30T21:00:30.899622Z,1994,246.6,7110,OK,OK,OK
2026-07-30T21:00:36.339309Z,1987,246.5,7110,OK,OK,OK
2026-07-30T21:00:41.804010Z,1989,246.5,7110,OK,OK,OK
2026-07-30T21:00:47.282382Z,1990,246.3,7110,OK,OK,OK
2026-07-30T21:00:52.798053Z,1983,246.3,7110,OK,OK,OK
2026-07-30T21:00:58.287371Z,1991,246.4,7110,OK,OK,OK
2026-07-30T21:01:03.793066Z,1986,246.3,7110,OK,OK,OK
2026-07-30T21:01:09.229237Z,1982,246.2,7110,OK,OK,OK
2026-07-30T21:01:14.723932Z,1993,246.3,7110,OK,OK,OK
2026-07-30T21:01:20.195572Z,1990,246.2,7110,OK,OK,OK
2026-07-30T21:01:25.679822Z,2011,246.4,7110,OK,OK,OK
2026-07-30T21:01:31.168881Z,1997,246.4,7110,OK,OK,OK
2026-07-30T21:01:36.660670Z,1987,246.6,7110,OK,OK,OK
2026-07-30T21:01:42.162017Z,1992,246.6,7110,OK,OK,OK
2026-07-30T21:01:47.675813Z,2006,246.6,7110,OK,OK,OK
2026-07-30T21:01:53.162115Z,1981,246.6,7110,OK,OK,OK
2026-07-30T21:01:58.620199Z,1993,246.6,7110,OK,OK,OK
2026-07-30T21:02:04.128384Z,1991,246.5,7110,OK,OK,OK
2026-07-30T21:02:09.614919Z,1988,246.4,7110,OK,OK,OK
2026-07-30T21:02:15.105957Z,1993,246.3,7110,OK,OK,OK
2026-07-30T21:02:20.548987Z,1985,246.2,7110,OK,OK,OK
2026-07-30T21:02:26.058554Z,1909,246.1,7110,OK,OK,OK
2026-07-30T21:02:31.494674Z,1905,246.3,7110,OK,OK,OK
2026-07-30T21:02:36.999568Z,1906,246.3,7110,OK,OK,OK
2026-07-30T21:02:42.491559Z,1927,246.2,7110,OK,OK,OK
2026-07-30T21:02:47.993777Z,1949,246.2,7110,OK,OK,OK
2026-07-30T21:02:53.488265Z,1919,246.3,7110,OK,OK,OK
2026-07-30T21:02:58.993211Z,1924,246.2,7110,OK,OK,OK
2026-07-30T21:03:04.438455Z,1938,246.2,7110,OK,OK,OK
2026-07-30T21:03:09.905276Z,2066,246.0,7110,OK,OK,OK
2026-07-30T21:03:15.443064Z,2049,245.9,7110,OK,OK,OK
2026-07-30T21:03:20.921624Z,2049,246.0,7110,OK,OK,OK
2026-07-30T21:03:26.403024Z,2048,246.0,7110,OK,OK,OK
2026-07-30T21:03:31.872141Z,2050,245.9,7110,OK,OK,OK
2026-07-30T21:03:37.355004Z,2074,245.9,7110,OK,OK,OK
2026-07-30T21:03:42.826806Z,2048,245.9,7110,OK,OK,OK
2026-07-30T21:03:48.335270Z,2046,245.9,7110,OK,OK,OK
2026-07-30T21:03:53.789207Z,2053,245.9,7110,OK,OK,OK
2026-07-30T21:03:59.296466Z,2045,245.9,7110,OK,OK,OK
2026-07-30T21:04:04.744043Z,2041,245.9,7110,OK,OK,OK
2026-07-30T21:04:10.231389Z,1968,246.0,7110,OK,OK,OK
2026-07-30T21:04:15.705657Z,1934,246.1,7110,OK,OK,OK
2026-07-30T21:04:21.175410Z,3331,245.4,7110,OK,OK,OK
2026-07-30T21:04:26.698753Z,3419,245.3,7110,OK,OK,OK
2026-07-30T21:04:32.188128Z,3441,245.4,7110,OK,OK,OK
2026-07-30T21:04:37.679298Z,3458,245.2,7110,OK,OK,OK
2026-07-30T21:04:43.187504Z,3485,245.2,7110,OK,OK,OK
2026-07-30T21:04:48.668443Z,3503,245.2,7110,OK,OK,OK
2026-07-30T21:04:54.132350Z,3514,245.0,7110,OK,OK,OK
2026-07-30T21:04:59.651763Z,3543,245.2,7110,OK,OK,OK
2026-07-30T21:05:05.133239Z,3531,245.2,7110,OK,OK,OK
2026-07-30T21:05:10.599349Z,3510,245.1,7110,OK,OK,OK
2026-07-30T21:05:16.043074Z,3524,245.2,7110,OK,OK,OK
2026-07-30T21:05:21.530431Z,3506,245.3,7110,OK,OK,OK
2026-07-30T21:05:26.977069Z,3540,245.2,7110,OK,OK,OK
2026-07-30T21:05:32.442045Z,3523,245.2,7110,OK,OK,OK
2026-07-30T21:05:37.957383Z,3518,245.2,7110,OK,OK,OK
2026-07-30T21:05:43.448452Z,3510,245.2,7110,OK,OK,OK
2026-07-30T21:05:48.924186Z,3526,245.2,7110,OK,OK,OK
2026-07-30T21:05:54.394357Z,3543,245.2,7110,OK,OK,OK
2026-07-30T21:05:59.893751Z,3514,245.0,7110,OK,OK,OK
2026-07-30T21:06:05.384065Z,3496,245.0,7110,OK,OK,OK
2026-07-30T21:06:10.877287Z,3514,245.1,7110,OK,OK,OK
2026-07-30T21:06:16.316925Z,3505,244.9,7110,OK,OK,OK
2026-07-30T21:06:21.809149Z,3511,244.9,7110,OK,OK,OK
2026-07-30T21:06:27.254676Z,3516,244.8,7110,OK,OK,OK
2026-07-30T21:06:32.770446Z,3512,244.9,7110,OK,OK,OK
2026-07-30T21:06:38.212443Z,3508,245.0,7110,OK,OK,OK
2026-07-30T21:06:43.697374Z,3496,244.9,7110,OK,OK,OK
2026-07-30T21:06:49.160780Z,3516,245.1,7110,OK,OK,OK
2026-07-30T21:06:54.668821Z,3495,245.2,7110,OK,OK,OK
2026-07-30T21:07:00.139976Z,3510,245.0,7110,OK,OK,OK
2026-07-30T21:07:05.648054Z,3474,245.0,7110,OK,OK,OK
2026-07-30T21:07:11.158746Z,3479,245.1,7110,OK,OK,OK
2026-07-30T21:07:16.656395Z,3464,245.0,7110,OK,OK,OK
2026-07-30T21:07:22.131231Z,3472,245.0,7110,OK,OK,OK
2026-07-30T21:07:27.672933Z,3484,245.0,7110,OK,OK,OK
2026-07-30T21:07:33.168899Z,3486,244.9,7110,OK,OK,OK
2026-07-30T21:07:38.699122Z,3470,244.8,7110,OK,OK,OK
2026-07-30T21:07:44.173691Z,3464,244.8,7110,OK,OK,OK
2026-07-30T21:07:49.677116Z,3470,244.8,7110,OK,OK,OK
2026-07-30T21:07:55.161794Z,3472,244.6,7110,OK,OK,OK
2026-07-30T21:08:00.625420Z,3455,244.9,7110,OK,OK,OK
2026-07-30T21:08:06.127343Z,3461,244.7,7110,OK,OK,OK
2026-07-30T21:08:11.617711Z,3472,244.6,7110,OK,OK,OK
2026-07-30T21:08:17.087518Z,3453,244.6,7110,OK,OK,OK
2026-07-30T21:08:22.519458Z,3465,244.5,7110,OK,OK,OK
2026-07-30T21:08:27.987306Z,3509,244.6,7110,OK,OK,OK
2026-07-30T21:08:33.487141Z,3461,244.8,7110,OK,OK,OK
2026-07-30T21:08:38.949627Z,3470,244.8,7110,OK,OK,OK
2026-07-30T21:08:44.457733Z,3495,244.7,7110,OK,OK,OK
2026-07-30T21:08:50.493102Z,3467,244.6,7110,OK,OK,OK
2026-07-30T21:08:55.983330Z,3464,244.7,7110,OK,OK,OK
2026-07-30T21:09:01.483748Z,3439,244.8,7110,OK,OK,OK
2026-07-30T21:09:06.955361Z,3426,244.9,7110,OK,OK,OK
2026-07-30T21:09:12.494328Z,3421,244.9,7110,OK,OK,OK
2026-07-30T21:09:17.948684Z,3438,244.9,7110,OK,OK,OK
2026-07-30T21:09:23.442553Z,3438,245.0,7110,OK,OK,OK
2026-07-30T21:09:28.928123Z,3438,245.0,7110,OK,OK,OK
2026-07-30T21:09:34.422881Z,3428,244.9,7110,OK,OK,OK
2026-07-30T21:09:39.897883Z,3445,245.0,7110,OK,OK,OK
2026-07-30T21:09:45.378483Z,3432,245.0,7110,OK,OK,OK
2026-07-30T21:09:50.809834Z,3436,245.0,3655,OK,OK,OK
2026-07-30T21:09:56.282605Z,3422,244.9,3655,OK,OK,OK
2026-07-30T21:10:01.742884Z,3420,244.9,3655,OK,OK,OK
2026-07-30T21:10:07.236468Z,3414,244.9,3655,OK,OK,OK
2026-07-30T21:10:12.722187Z,3415,244.8,3655,OK,OK,OK
2026-07-30T21:10:18.226176Z,3409,244.8,3655,OK,OK,OK
2026-07-30T21:10:23.672020Z,3399,244.8,3655,OK,OK,OK
2026-07-30T21:10:29.140380Z,3402,244.8,3655,OK,OK,OK
2026-07-30T21:10:34.621837Z,3408,244.7,3655,OK,OK,OK
2026-07-30T21:10:40.123490Z,3408,244.6,3655,OK,OK,OK
2026-07-30T21:10:45.644263Z,3411,244.7,3655,OK,OK,OK
2026-07-30T21:10:51.129324Z,3403,244.6,3655,OK,OK,OK
2026-07-30T21:10:56.596562Z,3546,244.5,3655,OK,OK,OK
2026-07-30T21:11:02.047998Z,3550,244.5,3655,OK,OK,OK
2026-07-30T21:11:07.525086Z,3551,244.5,3655,OK,OK,OK
2026-07-30T21:11:12.980740Z,3557,244.5,3655,OK,OK,OK
2026-07-30T21:11:18.451556Z,3545,244.5,3655,OK,OK,OK
2026-07-30T21:11:23.945339Z,3558,244.5,3655,OK,OK,OK
2026-07-30T21:11:29.467081Z,3521,244.5,3655,OK,OK,OK
2026-07-30T21:11:34.945326Z,3533,244.6,3655,OK,OK,OK
2026-07-30T21:11:40.426639Z,3534,244.6,3655,OK,OK,OK
2026-07-30T21:11:45.888560Z,3534,244.6,3655,OK,OK,OK
2026-07-30T21:11:51.360459Z,3556,244.6,3655,OK,OK,OK
2026-07-30T21:11:56.794620Z,3603,244.5,3655,OK,OK,OK
2026-07-30T21:12:02.280924Z,3532,244.6,3655,OK,OK,OK
2026-07-30T21:12:07.789820Z,3539,244.6,3655,OK,OK,OK
2026-07-30T21:12:13.309839Z,3461,244.5,3655,OK,OK,OK
2026-07-30T21:12:18.824241Z,3433,244.5,3655,OK,OK,OK
2026-07-30T21:12:24.265651Z,3460,244.5,3655,OK,OK,OK
2026-07-30T21:12:29.767229Z,3455,244.2,3655,OK,OK,OK
2026-07-30T21:12:35.260509Z,3430,244.4,3655,OK,OK,OK
2026-07-30T21:12:40.765168Z,3404,244.4,3655,OK,OK,OK
2026-07-30T21:12:46.242225Z,3427,244.4,3655,OK,OK,OK
2026-07-30T21:12:51.766470Z,3428,244.4,3655,OK,OK,OK
2026-07-30T21:12:57.221274Z,3422,244.4,3655,OK,OK,OK
2026-07-30T21:13:02.687936Z,3404,244.5,3655,OK,OK,OK
2026-07-30T21:13:08.137777Z,3426,244.4,3655,OK,OK,OK
2026-07-30T21:13:13.625649Z,3427,244.4,3655,OK,OK,OK
2026-07-30T21:13:19.119840Z,3429,244.4,3655,OK,OK,OK
2026-07-30T21:13:24.585359Z,3443,244.3,3655,OK,OK,OK
2026-07-30T21:13:30.067299Z,3435,244.3,3655,OK,OK,OK
2026-07-30T21:13:35.539265Z,3426,244.4,3655,OK,OK,OK
2026-07-30T21:13:41.021348Z,3435,244.4,3655,OK,OK,OK
2026-07-30T21:13:46.470260Z,3447,244.3,3655,OK,OK,OK
2026-07-30T21:13:51.985559Z,3437,244.3,3655,OK,OK,OK
2026-07-30T21:13:57.448042Z,3420,244.3,3655,OK,OK,OK
2026-07-30T21:14:02.953502Z,1902,244.9,3655,OK,OK,OK
2026-07-30T21:14:08.412249Z,1899,244.9,3655,OK,OK,OK
2026-07-30T21:14:13.906232Z,1902,244.9,3655,OK,OK,OK
2026-07-30T21:14:19.392627Z,1968,245.0,3655,OK,OK,OK
2026-07-30T21:14:24.896266Z,1899,245.0,3655,OK,OK,OK
2026-07-30T21:14:30.404929Z,1901,245.0,3655,OK,OK,OK
2026-07-30T21:14:35.890661Z,1964,244.9,3655,OK,OK,OK
2026-07-30T21:14:41.407560Z,1895,245.0,3655,OK,OK,OK
2026-07-30T21:14:46.896205Z,1952,244.9,3655,OK,OK,OK
2026-07-30T21:14:52.417432Z,1888,245.0,3655,OK,OK,OK
2026-07-30T21:14:57.951697Z,1910,244.9,3655,OK,OK,OK
2026-07-30T21:15:03.437048Z,1886,244.9,3655,OK,OK,OK
2026-07-30T21:15:08.939585Z,1940,244.9,3655,OK,OK,OK
2026-07-30T21:15:14.452826Z,1894,244.9,3655,OK,OK,OK
2026-07-30T21:15:19.940822Z,1920,244.9,3655,OK,OK,OK
2026-07-30T21:15:25.403350Z,1905,244.8,3655,OK,OK,OK
2026-07-30T21:15:30.882119Z,1896,244.7,3655,OK,OK,OK
2026-07-30T21:15:36.425558Z,1886,244.7,3655,OK,OK,OK
2026-07-30T21:15:41.851393Z,1891,244.7,3655,OK,OK,OK
2026-07-30T21:15:47.340958Z,1888,244.8,3655,OK,OK,OK
2026-07-30T21:15:52.815690Z,1887,244.7,3655,OK,OK,OK
2026-07-30T21:15:58.321105Z,1886,244.8,3655,OK,OK,OK
2026-07-30T21:16:03.764799Z,1886,244.0,3655,OK,OK,OK
2026-07-30T21:16:09.317372Z,1880,243.9,3655,OK,OK,OK
2026-07-30T21:16:14.776313Z,1880,244.0,3655,OK,OK,OK
2026-07-30T21:16:20.296114Z,1892,243.9,3655,OK,OK,OK
2026-07-30T21:16:25.759467Z,1889,243.8,3655,OK,OK,OK
2026-07-30T21:16:31.276273Z,1883,244.0,3655,OK,OK,OK
2026-07-30T21:16:36.767290Z,1884,244.1,3655,OK,OK,OK
2026-07-30T21:16:42.235793Z,1883,244.0,3655,OK,OK,OK
2026-07-30T21:16:47.741995Z,1863,244.0,3655,OK,OK,OK
2026-07-30T21:16:53.255620Z,1897,244.1,3655,OK,OK,OK
2026-07-30T21:16:58.798000Z,1884,243.9,3655,OK,OK,OK
2026-07-30T21:17:04.275232Z,1893,243.6,3655,OK,OK,OK
2026-07-30T21:17:09.743879Z,1893,243.7,3655,OK,OK,OK
2026-07-30T21:17:15.225945Z,1900,243.4,3655,OK,OK,OK
2026-07-30T21:17:20.740329Z,1891,243.5,3655,OK,OK,OK
2026-07-30T21:17:26.180686Z,1894,243.5,3655,OK,OK,OK
2026-07-30T21:17:31.682950Z,1899,243.4,3655,OK,OK,OK
2026-07-30T21:17:37.140036Z,1894,243.5,3655,OK,OK,OK
2026-07-30T21:17:42.644117Z,1892,243.7,3655,OK,OK,OK
2026-07-30T21:17:48.086978Z,1896,243.7,3655,OK,OK,OK
2026-07-30T21:17:53.606771Z,1890,243.7,3655,OK,OK,OK
2026-07-30T21:17:59.089835Z,1891,243.7,3655,OK,OK,OK
2026-07-30T21:18:04.554090Z,1895,243.6,3655,OK,OK,OK
2026-07-30T21:18:10.001760Z,1886,243.7,3655,OK,OK,OK
2026-07-30T21:18:15.509390Z,1894,243.7,3655,OK,OK,OK
2026-07-30T21:18:21.014081Z,1894,243.7,3655,OK,OK,OK
2026-07-30T21:18:26.485327Z,1896,243.7,3655,OK,OK,OK
2026-07-30T21:18:31.991401Z,1883,243.6,3655,OK,OK,OK
2026-07-30T21:18:37.499932Z,1893,243.6,3655,OK,OK,OK
2026-07-30T21:18:42.986266Z,1975,243.6,3655,OK,OK,OK
2026-07-30T21:18:48.456591Z,1994,243.5,3655,OK,OK,OK
2026-07-30T21:18:53.937835Z,2000,243.4,3655,OK,OK,OK
2026-07-30T21:18:59.424845Z,2014,243.5,3655,OK,OK,OK
2026-07-30T21:19:04.924042Z,2004,243.5,3655,OK,OK,OK
2026-07-30T21:19:10.425256Z,2041,243.6,3655,OK,OK,OK
2026-07-30T21:19:15.961944Z,2039,243.6,3655,OK,OK,OK
2026-07-30T21:19:21.428062Z,2032,243.6,3655,OK,OK,OK
2026-07-30T21:19:26.966369Z,2028,243.6,3655,OK,OK,OK
2026-07-30T21:19:32.448995Z,2041,243.5,3655,OK,OK,OK
2026-07-30T21:19:37.938779Z,2019,243.7,3655,OK,OK,OK
2026-07-30T21:19:43.383724Z,2034,243.7,3655,OK,OK,OK
2026-07-30T21:19:48.866319Z,2022,243.7,3655,OK,OK,OK
2026-07-30T21:19:54.307292Z,2019,243.7,3655,OK,OK,OK
2026-07-30T21:19:59.815517Z,2010,243.7,3655,OK,OK,OK
2026-07-30T21:20:05.255399Z,2003,243.8,3655,OK,OK,OK
2026-07-30T21:20:10.737545Z,2006,243.8,3655,OK,OK,OK
2026-07-30T21:20:16.247717Z,2006,243.8,3655,OK,OK,OK
2026-07-30T21:20:21.748460Z,2003,243.8,3655,OK,OK,OK
2026-07-30T21:20:27.188298Z,2001,243.8,3655,OK,OK,OK
2026-07-30T21:20:32.706067Z,2000,243.7,3655,OK,OK,OK
2026-07-30T21:20:38.208260Z,2000,243.7,3655,OK,OK,OK
2026-07-30T21:20:43.709554Z,2004,243.7,3655,OK,OK,OK
2026-07-30T21:20:49.219046Z,1985,243.7,3655,OK,OK,OK
2026-07-30T21:20:54.728635Z,1997,243.7,3655,OK,OK,OK
2026-07-30T21:21:00.231490Z,1995,243.7,3655,OK,OK,OK
2026-07-30T21:21:05.671093Z,1997,243.7,3655,OK,OK,OK
2026-07-30T21:21:11.152371Z,2006,243.7,3655,OK,OK,OK
2026-07-30T21:21:16.619700Z,2157,243.6,3655,OK,OK,OK
2026-07-30T21:21:22.125848Z,2003,243.8,3655,OK,OK,OK
2026-07-30T21:21:27.578986Z,1966,243.9,3655,OK,OK,OK
2026-07-30T21:21:33.592577Z,1972,243.8,3655,OK,OK,OK
2026-07-30T21:21:39.079607Z,1959,244.5,3655,OK,OK,OK
2026-07-30T21:21:44.559406Z,1963,244.5,3655,OK,OK,OK
2026-07-30T21:21:50.036227Z,1972,244.5,3655,OK,OK,OK
2026-07-30T21:21:55.563968Z,2011,244.6,3655,OK,OK,OK
2026-07-30T21:22:01.066163Z,1974,244.7,3655,OK,OK,OK
2026-07-30T21:22:06.553076Z,1966,244.6,3655,OK,OK,OK
2026-07-30T21:22:12.046621Z,1972,244.6,3655,OK,OK,OK
2026-07-30T21:22:17.558748Z,1972,244.6,3655,OK,OK,OK
2026-07-30T21:22:23.032662Z,1969,244.6,3655,OK,OK,OK
2026-07-30T21:22:28.521703Z,1985,244.6,3655,OK,OK,OK
2026-07-30T21:22:34.079900Z,1962,244.6,3655,OK,OK,OK
2026-07-30T21:22:39.580940Z,1966,244.5,3655,OK,OK,OK
2026-07-30T21:22:45.066536Z,1989,244.5,3655,OK,OK,OK
2026-07-30T21:22:50.511262Z,2018,244.7,3655,OK,OK,OK
2026-07-30T21:22:56.008660Z,1969,244.5,3655,OK,OK,OK
2026-07-30T21:23:01.497357Z,2036,244.6,3655,OK,OK,OK
2026-07-30T21:23:07.548496Z,1988,244.7,3655,OK,OK,OK
2026-07-30T21:23:12.999499Z,2007,245.0,3655,OK,OK,OK
2026-07-30T21:23:18.512742Z,1984,245.0,3655,OK,OK,OK
2026-07-30T21:23:24.002876Z,1988,245.0,3655,OK,OK,OK
2026-07-30T21:23:29.498427Z,2014,245.2,3655,OK,OK,OK
2026-07-30T21:23:34.998844Z,1993,245.3,3655,OK,OK,OK
2026-07-30T21:23:40.507364Z,1990,245.2,3655,OK,OK,OK
2026-07-30T21:23:45.998862Z,1985,245.2,3655,OK,OK,OK
2026-07-30T21:23:51.479714Z,1982,245.2,3655,OK,OK,OK
2026-07-30T21:23:56.999739Z,2016,245.2,3655,OK,OK,OK
2026-07-30T21:24:02.484911Z,1990,245.3,3655,OK,OK,OK
2026-07-30T21:24:07.962496Z,1987,245.2,3655,OK,OK,OK
2026-07-30T21:24:13.446527Z,1986,245.3,3655,OK,OK,OK
2026-07-30T21:24:18.945908Z,1988,245.5,3655,OK,OK,OK
2026-07-30T21:24:24.449486Z,1990,245.3,3655,OK,OK,OK
2026-07-30T21:24:29.948885Z,1993,245.5,3655,OK,OK,OK
2026-07-30T21:24:35.414533Z,1991,245.4,3655,OK,OK,OK
2026-07-30T21:24:40.868226Z,1975,245.3,3655,OK,OK,OK
2026-07-30T21:24:46.336141Z,1984,245.2,3655,OK,OK,OK
2026-07-30T21:24:51.828138Z,1984,245.3,3655,OK,OK,OK
2026-07-30T21:24:57.310355Z,1981,245.3,3655,OK,OK,OK
2026-07-30T21:25:02.832574Z,1982,245.5,3655,OK,OK,OK
2026-07-30T21:25:08.308854Z,1984,245.5,2784,OK,OK,OK
2026-07-30T21:25:13.809182Z,1992,245.5,2784,OK,OK,OK
2026-07-30T21:25:19.342347Z,1981,245.4,2784,OK,OK,OK
2026-07-30T21:25:24.860548Z,1978,245.4,2784,OK,OK,OK
2026-07-30T21:25:30.332623Z,1976,245.4,2784,OK,OK,OK
2026-07-30T21:25:35.824900Z,1983,245.5,2784,OK,OK,OK
2026-07-30T21:25:41.314835Z,1984,245.5,2784,OK,OK,OK
2026-07-30T21:25:46.798082Z,1976,245.5,2784,OK,OK,OK
2026-07-30T21:25:53.438462Z,1973,245.4,2784,OK,OK,OK
2026-07-30T21:25:58.909680Z,1975,245.3,2784,OK,OK,OK
2026-07-30T21:26:04.437642Z,1964,245.2,2784,OK,OK,OK
2026-07-30T21:26:09.960640Z,1958,245.3,2784,OK,OK,OK
2026-07-30T21:26:15.437842Z,1963,245.4,2784,OK,OK,OK
2026-07-30T21:26:20.939824Z,1964,245.4,2784,OK,OK,OK
2026-07-30T21:26:26.415002Z,1965,245.3,2784,OK,OK,OK
2026-07-30T21:26:31.956562Z,1965,245.4,2784,OK,OK,OK
2026-07-30T21:26:37.444123Z,1965,245.5,2784,OK,OK,OK
2026-07-30T21:26:42.906313Z,1972,245.4,2784,OK,OK,OK
2026-07-30T21:26:48.416337Z,1956,245.3,2784,OK,OK,OK
2026-07-30T21:26:53.923401Z,1967,245.3,2784,OK,OK,OK
2026-07-30T21:26:59.371421Z,1966,245.0,2784,OK,OK,OK
2026-07-30T21:27:04.820511Z,1958,245.0,2784,OK,OK,OK
2026-07-30T21:27:10.271470Z,1964,245.3,2784,OK,OK,OK
2026-07-30T21:27:15.780323Z,1967,245.3,2784,OK,OK,OK
2026-07-30T21:27:21.273288Z,1970,245.3,2784,OK,OK,OK
2026-07-30T21:27:26.772203Z,1975,245.1,2784,OK,OK,OK
2026-07-30T21:27:32.232675Z,1970,245.0,2784,OK,OK,OK
2026-07-30T21:27:37.683866Z,1963,245.1,2784,OK,OK,OK
2026-07-30T21:27:43.171135Z,3383,244.5,2784,OK,OK,OK
2026-07-30T21:27:48.649320Z,3420,244.6,2784,OK,OK,OK
2026-07-30T21:27:54.080376Z,3429,244.6,2784,OK,OK,OK
2026-07-30T21:27:59.553936Z,3433,244.7,2784,OK,OK,OK
2026-07-30T21:28:05.012146Z,3436,244.7,2784,OK,OK,OK
2026-07-30T21:28:10.519149Z,3439,244.7,2784,OK,OK,OK
2026-07-30T21:28:16.008419Z,3467,244.7,2784,OK,OK,OK
2026-07-30T21:28:21.489251Z,3481,244.8,2784,OK,OK,OK
2026-07-30T21:28:26.971741Z,3471,244.7,2784,OK,OK,OK
2026-07-30T21:28:32.482558Z,3464,244.7,2784,OK,OK,OK
2026-07-30T21:28:37.978339Z,3466,244.6,2784,OK,OK,OK
2026-07-30T21:28:43.476924Z,3466,244.6,2784,OK,OK,OK
2026-07-30T21:28:48.993317Z,3468,244.6,2784,OK,OK,OK
2026-07-30T21:28:54.518667Z,3460,244.7,2784,OK,OK,OK
2026-07-30T21:28:59.980604Z,3462,244.7,2784,OK,OK,OK
2026-07-30T21:29:05.465129Z,3463,244.6,2784,OK,OK,OK
2026-07-30T21:29:10.962042Z,3468,244.6,2784,OK,OK,OK
2026-07-30T21:29:16.448272Z,3470,244.5,2784,OK,OK,OK
2026-07-30T21:29:21.947739Z,3464,244.5,2784,OK,OK,OK
2026-07-30T21:29:27.436497Z,3468,244.7,2784,OK,OK,OK
2026-07-30T21:29:32.975526Z,3463,244.5,2784,OK,OK,OK
2026-07-30T21:29:38.484955Z,3477,244.4,2784,OK,OK,OK
2026-07-30T21:29:43.930923Z,3472,244.4,2784,OK,OK,OK
2026-07-30T21:29:49.380388Z,3468,244.5,2784,OK,OK,OK
2026-07-30T21:29:54.846114Z,3467,244.6,2784,OK,OK,OK
2026-07-30T21:30:00.328620Z,3460,244.4,2784,OK,OK,OK
2026-07-30T21:30:05.799566Z,3472,244.5,2784,OK,OK,OK
2026-07-30T21:30:11.343830Z,3472,244.6,2784,OK,OK,OK
2026-07-30T21:30:16.844293Z,3465,244.6,2784,OK,OK,OK
2026-07-30T21:30:22.305341Z,3460,244.6,2784,OK,OK,OK
2026-07-30T21:30:27.801045Z,3466,244.6,2784,OK,OK,OK
2026-07-30T21:30:33.309653Z,3461,244.7,2784,OK,OK,OK
2026-07-30T21:30:38.805618Z,3458,244.7,2784,OK,OK,OK
2026-07-30T21:30:44.252042Z,3465,244.6,2784,OK,OK,OK
2026-07-30T21:30:49.720159Z,3476,244.7,2784,OK,OK,OK
2026-07-30T21:30:55.238287Z,3466,244.7,2784,OK,OK,OK
2026-07-30T21:31:00.681399Z,3468,244.9,2784,OK,OK,OK
2026-07-30T21:31:06.185214Z,3498,244.9,2784,OK,OK,OK
2026-07-30T21:31:11.628295Z,3460,244.8,2784,OK,OK,OK
2026-07-30T21:31:17.153033Z,3468,244.8,2784,OK,OK,OK
2026-07-30T21:31:22.592649Z,3469,244.7,2784,OK,OK,OK
2026-07-30T21:31:28.076077Z,3477,244.6,2784,OK,OK,OK
2026-07-30T21:31:33.545947Z,3454,244.6,2784,OK,OK,OK
2026-07-30T21:31:39.062135Z,3453,244.6,2784,OK,OK,OK
2026-07-30T21:31:44.574893Z,3450,244.6,2784,OK,OK,OK
2026-07-30T21:31:50.061291Z,3461,244.8,2784,OK,OK,OK
2026-07-30T21:31:55.539210Z,3456,244.7,2784,OK,OK,OK
2026-07-30T21:32:01.003000Z,3447,244.7,2784,OK,OK,OK
2026-07-30T21:32:06.506813Z,3451,244.5,2784,OK,OK,OK
2026-07-30T21:32:11.996702Z,3443,244.7,2784,OK,OK,OK
2026-07-30T21:32:17.501299Z,3442,244.7,2784,OK,OK,OK
2026-07-30T21:32:22.936607Z,3438,244.8,2784,OK,OK,OK
2026-07-30T21:32:28.365986Z,3446,244.8,2784,OK,OK,OK
2026-07-30T21:32:33.862442Z,3444,244.7,2784,OK,OK,OK
2026-07-30T21:32:39.371725Z,3447,244.9,2784,OK,OK,OK
2026-07-30T21:32:44.832134Z,3455,244.9,2784,OK,OK,OK
2026-07-30T21:32:50.322716Z,3452,244.9,2784,OK,OK,OK
2026-07-30T21:32:55.818447Z,3452,244.9,2784,OK,OK,OK
2026-07-30T21:33:01.318982Z,3462,245.0,2784,OK,OK,OK
2026-07-30T21:33:06.787736Z,3460,245.1,2784,OK,OK,OK
2026-07-30T21:33:12.281790Z,3407,245.0,2784,OK,OK,OK
2026-07-30T21:33:17.788750Z,3393,244.9,2784,OK,OK,OK
2026-07-30T21:33:23.302880Z,3410,244.9,2784,OK,OK,OK
2026-07-30T21:33:28.789923Z,3396,244.7,2784,OK,OK,OK
2026-07-30T21:33:34.245178Z,3398,244.6,2784,OK,OK,OK
2026-07-30T21:33:39.751483Z,3388,244.7,2784,OK,OK,OK
2026-07-30T21:33:45.195135Z,3394,244.6,2784,OK,OK,OK
2026-07-30T21:33:50.660779Z,3388,244.5,2784,OK,OK,OK
2026-07-30T21:33:56.110704Z,3387,244.5,2784,OK,OK,OK
2026-07-30T21:34:01.595664Z,3377,244.5,2784,OK,OK,OK
2026-07-30T21:34:07.091020Z,3399,244.6,2784,OK,OK,OK
2026-07-30T21:34:12.584664Z,3410,244.8,2784,OK,OK,OK
2026-07-30T21:34:18.086474Z,3395,244.6,2784,OK,OK,OK
2026-07-30T21:34:23.567689Z,3422,244.6,2784,OK,OK,OK
2026-07-30T21:34:29.048723Z,3397,244.9,2784,OK,OK,OK
2026-07-30T21:34:34.502020Z,3408,245.0,2784,OK,OK,OK
2026-07-30T21:34:40.003587Z,3412,245.1,2784,OK,OK,OK
2026-07-30T21:34:45.482245Z,3413,245.1,2784,OK,OK,OK
2026-07-30T21:34:50.964251Z,3408,245.0,2784,OK,OK,OK
2026-07-30T21:34:56.447227Z,3397,245.0,2784,OK,OK,OK
2026-07-30T21:35:01.946254Z,3399,244.9,2784,OK,OK,OK
2026-07-30T21:35:07.410360Z,3413,244.9,2784,OK,OK,OK
2026-07-30T21:35:12.914221Z,3407,245.0,2784,OK,OK,OK
2026-07-30T21:35:18.410448Z,3411,245.0,2784,OK,OK,OK
2026-07-30T21:35:23.890550Z,3401,245.0,2784,OK,OK,OK
2026-07-30T21:35:29.393588Z,3408,245.0,2784,OK,OK,OK
2026-07-30T21:35:34.855281Z,3408,245.0,2784,OK,OK,OK
2026-07-30T21:35:40.327131Z,3397,244.9,2784,OK,OK,OK
2026-07-30T21:35:45.763505Z,3402,245.0,2784,OK,OK,OK
2026-07-30T21:35:51.223214Z,3402,244.9,2784,OK,OK,OK
2026-07-30T21:35:56.654804Z,3406,244.8,2784,OK,OK,OK
2026-07-30T21:36:02.174162Z,1880,245.6,2784,OK,OK,OK
2026-07-30T21:36:07.659673Z,1885,245.6,2784,OK,OK,OK
2026-07-30T21:36:13.169220Z,1869,244.6,2784,OK,OK,OK
2026-07-30T21:36:18.667872Z,1864,244.6,2784,OK,OK,OK
2026-07-30T21:36:24.140310Z,1876,244.6,2784,OK,OK,OK
2026-07-30T21:36:29.579601Z,1873,244.6,2784,OK,OK,OK
2026-07-30T21:36:35.087482Z,1878,244.7,2784,OK,OK,OK
2026-07-30T21:36:40.554429Z,1868,244.6,2784,OK,OK,OK
2026-07-30T21:36:45.978472Z,1863,244.7,2784,OK,OK,OK
2026-07-30T21:36:51.444091Z,1872,244.7,2784,OK,OK,OK
2026-07-30T21:36:56.915070Z,1866,244.7,2784,OK,OK,OK
2026-07-30T21:37:02.451083Z,1864,244.7,2784,OK,OK,OK
2026-07-30T21:37:07.938289Z,1873,244.6,2784,OK,OK,OK
2026-07-30T21:37:13.439071Z,1873,244.6,2784,OK,OK,OK
2026-07-30T21:37:18.929506Z,1865,244.7,2784,OK,OK,OK
2026-07-30T21:37:24.447111Z,1864,244.6,2784,OK,OK,OK
2026-07-30T21:37:29.941085Z,1925,244.7,2784,OK,OK,OK
2026-07-30T21:37:35.436304Z,1863,244.6,2784,OK,OK,OK
2026-07-30T21:37:40.895123Z,1860,244.6,2784,OK,OK,OK
2026-07-30T21:37:46.374967Z,1860,244.8,2784,OK,OK,OK
2026-07-30T21:37:51.864602Z,1860,244.7,2784,OK,OK,OK
2026-07-30T21:37:57.378916Z,1872,244.6,2784,OK,OK,OK
2026-07-30T21:38:02.897086Z,1858,244.6,2784,OK,OK,OK
2026-07-30T21:38:08.365482Z,1859,244.6,2784,OK,OK,OK
2026-07-30T21:38:13.908831Z,1871,244.7,2784,OK,OK,OK
2026-07-30T21:38:19.352582Z,1856,244.6,2784,OK,OK,OK
2026-07-30T21:38:24.812423Z,1862,244.6,2784,OK,OK,OK
2026-07-30T21:38:30.265930Z,1873,244.6,2784,OK,OK,OK
2026-07-30T21:38:35.738295Z,1863,244.4,2784,OK,OK,OK
2026-07-30T21:38:41.253277Z,1858,244.6,2784,OK,OK,OK
2026-07-30T21:38:46.777861Z,1858,244.6,2784,OK,OK,OK
2026-07-30T21:38:52.282732Z,1850,244.5,2784,OK,OK,OK
2026-07-30T21:38:57.786567Z,1859,244.5,2784,OK,OK,OK
2026-07-30T21:39:03.241870Z,1853,244.5,2784,OK,OK,OK
2026-07-30T21:39:08.743370Z,1850,244.4,2784,OK,OK,OK
2026-07-30T21:39:14.245495Z,1879,244.6,2784,OK,OK,OK
2026-07-30T21:39:19.721141Z,1856,244.4,2784,OK,OK,OK
2026-07-30T21:39:25.227717Z,1852,244.7,2784,OK,OK,OK
2026-07-30T21:39:30.708510Z,1866,244.6,2784,OK,OK,OK
2026-07-30T21:39:36.184491Z,1848,244.7,2784,OK,OK,OK
2026-07-30T21:39:41.661059Z,1884,244.6,2784,OK,OK,OK
2026-07-30T21:39:47.151691Z,1854,244.7,2784,OK,OK,OK
2026-07-30T21:39:52.608047Z,1857,244.6,2784,OK,OK,OK
2026-07-30T21:39:58.081016Z,1859,244.6,2784,OK,OK,OK
2026-07-30T21:40:03.542397Z,1854,244.4,2784,OK,OK,OK
2026-07-30T21:40:09.016253Z,1850,244.6,2784,OK,OK,OK
2026-07-30T21:40:14.527032Z,1859,244.4,2784,OK,OK,OK
2026-07-30T21:40:20.029155Z,1852,244.4,2376,OK,OK,OK
2026-07-30T21:40:25.519411Z,1856,244.4,2376,OK,OK,OK
2026-07-30T21:40:30.996877Z,1773,244.5,2376,OK,OK,OK
2026-07-30T21:40:36.493260Z,1767,244.5,2376,OK,OK,OK
2026-07-30T21:40:41.987234Z,1774,244.6,2376,OK,OK,OK
2026-07-30T21:40:47.488210Z,1778,244.5,2376,OK,OK,OK
2026-07-30T21:40:52.990681Z,1770,244.6,2376,OK,OK,OK
2026-07-30T21:40:58.471918Z,1770,244.5,2376,OK,OK,OK
2026-07-30T21:41:03.952470Z,1791,244.5,2376,OK,OK,OK
2026-07-30T21:41:09.452618Z,1774,244.5,2376,OK,OK,OK
2026-07-30T21:41:14.923789Z,1775,244.5,2376,OK,OK,OK
2026-07-30T21:41:20.412811Z,1769,244.5,2376,OK,OK,OK
2026-07-30T21:41:25.873659Z,1772,244.5,2376,OK,OK,OK
2026-07-30T21:41:31.337862Z,1766,244.4,2376,OK,OK,OK
2026-07-30T21:41:36.789278Z,1783,244.3,2376,OK,OK,OK
2026-07-30T21:41:42.270446Z,1770,244.4,2376,OK,OK,OK
2026-07-30T21:41:47.738865Z,1772,244.4,2376,OK,OK,OK
2026-07-30T21:41:53.217399Z,1769,244.4,2376,OK,OK,OK
2026-07-30T21:41:58.698354Z,1772,244.2,2376,OK,OK,OK
2026-07-30T21:42:04.173782Z,1766,244.2,2376,OK,OK,OK
2026-07-30T21:42:09.634794Z,1774,244.4,2376,OK,OK,OK
2026-07-30T21:42:15.121007Z,1784,244.2,2376,OK,OK,OK
2026-07-30T21:42:20.584324Z,1777,244.2,2376,OK,OK,OK
2026-07-30T21:42:26.033068Z,1786,244.2,2376,OK,OK,OK
2026-07-30T21:42:31.501884Z,1762,244.1,2376,OK,OK,OK
2026-07-30T21:42:36.965031Z,1768,244.1,2376,OK,OK,OK
2026-07-30T21:42:42.508567Z,1773,244.2,2376,OK,OK,OK
2026-07-30T21:42:47.979502Z,1773,244.3,2376,OK,OK,OK
2026-07-30T21:42:53.480370Z,1767,244.2,2376,OK,OK,OK
2026-07-30T21:42:59.002720Z,1774,244.2,2376,OK,OK,OK
2026-07-30T21:43:04.508170Z,1771,244.2,2376,OK,OK,OK
2026-07-30T21:43:09.970661Z,1765,244.1,2376,OK,OK,OK
2026-07-30T21:43:15.458753Z,1777,244.0,2376,OK,OK,OK
2026-07-30T21:43:20.918289Z,1768,244.0,2376,OK,OK,OK
2026-07-30T21:43:26.412509Z,1773,244.1,2376,OK,OK,OK
2026-07-30T21:43:31.886126Z,1773,244.0,2376,OK,OK,OK
2026-07-30T21:43:37.362489Z,1775,244.2,2376,OK,OK,OK
2026-07-30T21:43:42.832193Z,1771,244.2,2376,OK,OK,OK
2026-07-30T21:43:48.288611Z,1770,244.2,2376,OK,OK,OK
2026-07-30T21:43:53.772740Z,1782,244.1,2376,OK,OK,OK
2026-07-30T21:43:59.269704Z,1768,244.2,2376,OK,OK,OK
2026-07-30T21:44:04.759519Z,1775,244.2,2376,OK,OK,OK
2026-07-30T21:44:10.268368Z,1770,244.1,2376,OK,OK,OK
2026-07-30T21:44:15.758210Z,1767,244.1,2376,OK,OK,OK
2026-07-30T21:44:21.236729Z,1770,244.1,2376,OK,OK,OK
2026-07-30T21:44:26.705434Z,1774,243.9,2376,OK,OK,OK
2026-07-30T21:44:32.205381Z,1776,244.0,2376,OK,OK,OK
2026-07-30T21:44:37.695568Z,1773,243.9,2376,OK,OK,OK
2026-07-30T21:44:43.187297Z,1772,244.2,2376,OK,OK,OK
2026-07-30T21:44:48.665062Z,1769,244.2,2376,OK,OK,OK
2026-07-30T21:44:54.153674Z,1777,244.2,2376,OK,OK,OK
2026-07-30T21:44:59.659315Z,1785,244.2,2376,OK,OK,OK
2026-07-30T21:45:05.166590Z,1779,244.1,2376,OK,OK,OK
2026-07-30T21:45:10.607135Z,1767,244.1,2376,OK,OK,OK
2026-07-30T21:45:16.069557Z,1770,244.1,2376,OK,OK,OK
2026-07-30T21:45:21.527717Z,1775,244.0,2376,OK,OK,OK
2026-07-30T21:45:27.028666Z,1782,244.1,2376,OK,OK,OK
2026-07-30T21:45:32.488646Z,1765,244.5,2376,OK,OK,OK
2026-07-30T21:45:37.970951Z,1780,244.5,2376,OK,OK,OK
2026-07-30T21:45:43.436664Z,1779,244.5,2376,OK,OK,OK
2026-07-30T21:45:48.956300Z,1771,244.4,2376,OK,OK,OK
2026-07-30T21:45:54.418112Z,1773,244.4,2376,OK,OK,OK
2026-07-30T21:45:59.860923Z,1771,243.9,2376,OK,OK,OK
2026-07-30T21:46:05.334148Z,1762,243.7,2376,OK,OK,OK
2026-07-30T21:46:10.829340Z,1763,243.6,2376,OK,OK,OK
2026-07-30T21:46:16.306143Z,1776,243.6,2376,OK,OK,OK
2026-07-30T21:46:21.806624Z,1769,243.4,2376,OK,OK,OK
2026-07-30T21:46:27.329431Z,1764,243.7,2376,OK,OK,OK
2026-07-30T21:46:32.880088Z,1804,243.7,2376,OK,OK,OK
2026-07-30T21:46:38.336317Z,1768,243.6,2376,OK,OK,OK
2026-07-30T21:46:43.842044Z,1771,243.7,2376,OK,OK,OK
2026-07-30T21:46:49.331700Z,1768,243.6,2376,OK,OK,OK
2026-07-30T21:46:54.799970Z,1765,243.6,2376,OK,OK,OK
2026-07-30T21:47:00.283443Z,1756,243.7,2376,OK,OK,OK
2026-07-30T21:47:05.764553Z,1771,243.8,2376,OK,OK,OK
2026-07-30T21:47:11.242140Z,1771,243.7,2376,OK,OK,OK
2026-07-30T21:47:16.777714Z,1776,243.7,2376,OK,OK,OK
2026-07-30T21:47:22.244506Z,1772,243.7,2376,OK,OK,OK
2026-07-30T21:47:27.738023Z,1769,243.7,2376,OK,OK,OK
2026-07-30T21:47:33.174201Z,1767,243.8,2376,OK,OK,OK
2026-07-30T21:47:38.672751Z,1772,243.7,2376,OK,OK,OK
2026-07-30T21:47:44.137750Z,1766,243.7,2376,OK,OK,OK
2026-07-30T21:47:49.624376Z,1772,243.6,2376,OK,OK,OK
2026-07-30T21:47:55.100492Z,1768,243.6,2376,OK,OK,OK
2026-07-30T21:48:00.572345Z,1769,243.7,2376,OK,OK,OK
2026-07-30T21:48:06.072167Z,1776,243.7,2376,OK,OK,OK
2026-07-30T21:48:11.576425Z,1794,243.8,2376,OK,OK,OK
2026-07-30T21:48:17.033404Z,1769,243.9,2376,OK,OK,OK
2026-07-30T21:48:22.501157Z,1776,243.9,2376,OK,OK,OK
2026-07-30T21:48:28.018279Z,1771,243.9,2376,OK,OK,OK
2026-07-30T21:48:33.519904Z,1772,243.8,2376,OK,OK,OK
2026-07-30T21:48:39.035430Z,1776,243.9,2376,OK,OK,OK
2026-07-30T21:48:44.521331Z,1770,243.9,2376,OK,OK,OK
2026-07-30T21:48:50.029049Z,1768,243.8,2376,OK,OK,OK
2026-07-30T21:48:55.484131Z,1769,243.9,2376,OK,OK,OK
2026-07-30T21:49:00.986249Z,1769,243.8,2376,OK,OK,OK
2026-07-30T21:49:06.419424Z,1770,243.6,2376,OK,OK,OK
2026-07-30T21:49:11.939521Z,1772,243.8,2376,OK,OK,OK
2026-07-30T21:49:17.398511Z,1768,243.8,2376,OK,OK,OK
2026-07-30T21:49:22.907543Z,1772,243.8,2376,OK,OK,OK
2026-07-30T21:49:28.394898Z,1782,243.7,2376,OK,OK,OK
2026-07-30T21:49:33.881816Z,1775,243.7,2376,OK,OK,OK
2026-07-30T21:49:39.349060Z,1769,243.7,2376,OK,OK,OK
2026-07-30T21:49:44.832370Z,1774,243.7,2376,OK,OK,OK
2026-07-30T21:49:50.351095Z,1771,243.6,2376,OK,OK,OK
2026-07-30T21:49:55.801758Z,1767,243.4,2376,OK,OK,OK
2026-07-30T21:50:01.276653Z,1774,243.4,2376,OK,OK,OK
2026-07-30T21:50:06.770064Z,1778,243.7,2376,OK,OK,OK
2026-07-30T21:50:12.238583Z,1791,243.7,2376,OK,OK,OK
2026-07-30T21:50:17.710938Z,1783,243.7,2376,OK,OK,OK
2026-07-30T21:50:23.226692Z,1776,243.7,2376,OK,OK,OK
2026-07-30T21:50:28.686548Z,1779,243.9,2376,OK,OK,OK
2026-07-30T21:50:34.151285Z,1778,243.7,2376,OK,OK,OK
2026-07-30T21:50:39.632156Z,1777,243.7,2376,OK,OK,OK
2026-07-30T21:50:45.101999Z,1785,243.7,2376,OK,OK,OK
2026-07-30T21:50:50.566881Z,1780,243.7,2376,OK,OK,OK
2026-07-30T21:50:56.019885Z,1775,243.7,2376,OK,OK,OK
2026-07-30T21:51:01.481069Z,1779,243.7,2376,OK,OK,OK
2026-07-30T21:51:06.931171Z,1782,244.0,2376,OK,OK,OK
2026-07-30T21:51:12.425520Z,1780,243.9,2376,OK,OK,OK
2026-07-30T21:51:17.907849Z,1782,243.9,2376,OK,OK,OK
2026-07-30T21:51:23.398130Z,3205,243.3,2376,OK,OK,OK
2026-07-30T21:51:28.891842Z,3239,243.3,2376,OK,OK,OK
2026-07-30T21:51:34.358168Z,3256,243.7,2376,OK,OK,OK
2026-07-30T21:51:39.882966Z,3268,243.7,2376,OK,OK,OK
2026-07-30T21:51:45.355021Z,3267,243.8,2376,OK,OK,OK
2026-07-30T21:51:50.823530Z,3281,244.0,2376,OK,OK,OK
2026-07-30T21:51:56.403614Z,3312,244.0,2376,OK,OK,OK
2026-07-30T21:52:01.908431Z,3322,244.5,2376,OK,OK,OK
2026-07-30T21:52:07.392935Z,3318,244.3,2376,OK,OK,OK
2026-07-30T21:52:12.861381Z,3313,244.4,2376,OK,OK,OK
2026-07-30T21:52:18.343970Z,3316,244.2,2376,OK,OK,OK
2026-07-30T21:52:23.850025Z,3315,244.1,2376,OK,OK,OK
2026-07-30T21:52:29.308949Z,3321,243.9,2376,OK,OK,OK
2026-07-30T21:52:34.820115Z,3306,243.9,2376,OK,OK,OK
2026-07-30T21:52:40.240671Z,3308,243.9,2376,OK,OK,OK
2026-07-30T21:52:45.734380Z,3309,243.9,2376,OK,OK,OK
2026-07-30T21:52:51.235972Z,3310,243.9,2376,OK,OK,OK
2026-07-30T21:52:56.742875Z,3319,243.9,2376,OK,OK,OK
2026-07-30T21:53:02.232120Z,3317,243.9,2376,OK,OK,OK
2026-07-30T21:53:07.735554Z,3318,243.9,2376,OK,OK,OK
2026-07-30T21:53:13.254448Z,3330,243.9,2376,OK,OK,OK
2026-07-30T21:53:18.750885Z,3324,243.9,2376,OK,OK,OK
2026-07-30T21:53:24.237988Z,3322,243.8,2376,OK,OK,OK
2026-07-30T21:53:29.765814Z,3338,244.1,2376,OK,OK,OK
2026-07-30T21:53:35.283401Z,3323,244.0,2376,OK,OK,OK
2026-07-30T21:53:40.776741Z,3342,244.0,2376,OK,OK,OK
2026-07-30T21:53:46.271535Z,3391,243.8,2376,OK,OK,OK
2026-07-30T21:53:51.774216Z,3334,243.8,2376,OK,OK,OK
2026-07-30T21:53:57.236996Z,3355,243.9,2376,OK,OK,OK
2026-07-30T21:54:02.708431Z,3354,243.6,2376,OK,OK,OK
2026-07-30T21:54:08.193645Z,3348,243.8,2376,OK,OK,OK
2026-07-30T21:54:13.662279Z,3352,243.7,2376,OK,OK,OK
2026-07-30T21:54:19.161913Z,3354,243.8,2376,OK,OK,OK
2026-07-30T21:54:24.597789Z,3344,243.8,2376,OK,OK,OK
2026-07-30T21:54:30.110342Z,3344,243.6,2376,OK,OK,OK
2026-07-30T21:54:35.573733Z,3478,243.7,2376,OK,OK,OK
2026-07-30T21:54:41.045204Z,3468,243.7,2376,OK,OK,OK
2026-07-30T21:54:46.530693Z,3463,243.8,2376,OK,OK,OK
2026-07-30T21:54:52.042142Z,3456,243.8,2376,OK,OK,OK
2026-07-30T21:54:57.526449Z,3463,244.0,2376,OK,OK,OK
2026-07-30T21:55:03.005777Z,3455,243.9,2376,OK,OK,OK
2026-07-30T21:55:08.508811Z,3473,243.8,2376,OK,OK,OK
2026-07-30T21:55:14.023819Z,3454,243.7,2376,OK,OK,OK
2026-07-30T21:55:19.514944Z,3462,243.7,2376,OK,OK,OK
2026-07-30T21:55:25.013416Z,3459,243.7,2376,OK,OK,OK
2026-07-30T21:55:30.493316Z,3469,244.0,2581,OK,OK,OK
2026-07-30T21:55:36.008586Z,3463,244.0,2581,OK,OK,OK
2026-07-30T21:55:41.431473Z,3451,244.4,2581,OK,OK,OK
2026-07-30T21:55:46.939791Z,3464,244.3,2581,OK,OK,OK
2026-07-30T21:55:52.406430Z,3476,244.2,2581,OK,OK,OK
2026-07-30T21:55:57.852132Z,3452,244.0,2581,OK,OK,OK
2026-07-30T21:56:03.334347Z,3451,244.0,2581,OK,OK,OK
2026-07-30T21:56:08.787219Z,3463,243.8,2581,OK,OK,OK
2026-07-30T21:56:14.326880Z,3460,244.0,2581,OK,OK,OK
2026-07-30T21:56:19.830529Z,3469,244.4,2581,OK,OK,OK
2026-07-30T21:56:25.334701Z,3458,244.4,2581,OK,OK,OK
2026-07-30T21:56:30.842828Z,3455,244.4,2581,OK,OK,OK
2026-07-30T21:56:36.335904Z,5227,243.5,2581,OK,OK,OK
2026-07-30T21:56:41.821364Z,3563,244.5,2581,OK,OK,OK
2026-07-30T21:56:47.316496Z,3568,244.6,2581,OK,OK,OK
2026-07-30T21:56:52.830574Z,3587,244.9,2581,OK,OK,OK
2026-07-30T21:56:58.290649Z,3480,245.4,2581,OK,OK,OK
2026-07-30T21:57:03.740733Z,3502,245.9,2581,OK,OK,OK
2026-07-30T21:57:09.207098Z,3485,246.1,2581,OK,OK,OK
2026-07-30T21:57:14.669294Z,3482,245.9,2581,OK,OK,OK
2026-07-30T21:57:20.102955Z,3535,245.6,2581,OK,OK,OK
2026-07-30T21:57:25.540879Z,3516,245.5,2581,OK,OK,OK
2026-07-30T21:57:31.035612Z,3493,245.5,2581,OK,OK,OK
2026-07-30T21:57:36.518114Z,3448,245.3,2581,OK,OK,OK
2026-07-30T21:57:42.007739Z,3458,245.4,2581,OK,OK,OK
2026-07-30T21:57:47.507897Z,3476,245.1,2581,OK,OK,OK
2026-07-30T21:57:52.982484Z,3448,245.0,2581,OK,OK,OK
2026-07-30T21:57:58.473256Z,3430,245.0,2581,OK,OK,OK
2026-07-30T21:58:03.954530Z,3430,244.7,2581,OK,OK,OK
2026-07-30T21:58:09.463500Z,3422,244.7,2581,OK,OK,OK
2026-07-30T21:58:15.001173Z,3418,244.7,2581,OK,OK,OK
2026-07-30T21:58:20.529903Z,3432,244.4,2581,OK,OK,OK
2026-07-30T21:58:25.984695Z,3430,244.2,2581,OK,OK,OK
2026-07-30T21:58:31.453851Z,3425,244.0,2581,OK,OK,OK
2026-07-30T21:58:36.945968Z,3434,244.3,2581,OK,OK,OK
2026-07-30T21:58:42.367361Z,3457,244.1,2581,OK,OK,OK
2026-07-30T21:58:47.850754Z,3448,244.1,2581,OK,OK,OK
2026-07-30T21:58:53.331897Z,3444,243.8,2581,OK,OK,OK
2026-07-30T21:58:58.806415Z,3447,243.8,2581,OK,OK,OK
2026-07-30T21:59:04.305111Z,3432,244.0,2581,OK,OK,OK
2026-07-30T21:59:09.780346Z,3430,244.0,2581,OK,OK,OK
2026-07-30T21:59:15.302727Z,3443,243.8,2581,OK,OK,OK
2026-07-30T21:59:20.790848Z,1917,244.4,2581,OK,OK,OK
2026-07-30T21:59:26.283814Z,1916,244.5,2581,OK,OK,OK
2026-07-30T21:59:31.785148Z,1913,244.4,2581,OK,OK,OK
2026-07-30T21:59:37.271566Z,1913,244.4,2581,OK,OK,OK
2026-07-30T21:59:42.746773Z,1915,244.3,2581,OK,OK,OK
2026-07-30T21:59:48.218589Z,1907,244.3,2581,OK,OK,OK
2026-07-30T21:59:53.696058Z,1901,244.3,2581,OK,OK,OK
2026-07-30T21:59:59.207912Z,1897,244.3,2581,OK,OK,OK
2026-07-30T22:00:04.632852Z,1899,244.4,2581,OK,OK,OK
2026-07-30T22:00:10.114491Z,1908,244.3,2581,OK,OK,OK
2026-07-30T22:00:15.590593Z,1900,244.3,2581,OK,OK,OK
2026-07-30T22:00:21.062520Z,1902,244.3,2581,OK,OK,OK
2026-07-30T22:00:26.576734Z,1892,244.3,2581,OK,OK,OK
2026-07-30T22:00:32.043039Z,1886,244.2,2581,OK,OK,OK
2026-07-30T22:00:37.552490Z,1871,244.3,2581,OK,OK,OK
2026-07-30T22:00:43.023595Z,1878,244.3,2581,OK,OK,OK
2026-07-30T22:00:48.517524Z,1897,244.4,2581,OK,OK,OK
2026-07-30T22:00:54.015883Z,1894,244.4,2581,OK,OK,OK
2026-07-30T22:00:59.527671Z,1877,244.3,2581,OK,OK,OK
2026-07-30T22:01:04.973192Z,1888,244.2,2581,OK,OK,OK
2026-07-30T22:01:10.498303Z,1887,244.2,2581,OK,OK,OK
2026-07-30T22:01:15.983078Z,1929,244.3,2581,OK,OK,OK
2026-07-30T22:01:21.486964Z,1926,244.3,2581,OK,OK,OK
2026-07-30T22:01:26.913073Z,1904,244.2,2581,OK,OK,OK
2026-07-30T22:01:32.436496Z,1908,244.3,2581,OK,OK,OK
2026-07-30T22:01:37.908567Z,1898,244.3,2581,OK,OK,OK
2026-07-30T22:01:43.395400Z,1891,244.3,2581,OK,OK,OK
2026-07-30T22:01:48.858726Z,1889,244.3,2581,OK,OK,OK
2026-07-30T22:01:54.365819Z,1889,244.3,2581,OK,OK,OK
2026-07-30T22:01:59.876322Z,1923,244.3,2581,OK,OK,OK
2026-07-30T22:02:05.355950Z,1918,244.2,2581,OK,OK,OK
2026-07-30T22:02:10.861332Z,1914,244.2,2581,OK,OK,OK
2026-07-30T22:02:16.301033Z,1916,244.2,2581,OK,OK,OK
2026-07-30T22:02:21.778149Z,1920,244.5,2581,OK,OK,OK
2026-07-30T22:02:27.286712Z,1908,244.6,2581,OK,OK,OK
2026-07-30T22:02:32.788861Z,1918,244.6,2581,OK,OK,OK
2026-07-30T22:02:38.276842Z,1899,244.9,2581,OK,OK,OK
2026-07-30T22:02:43.757335Z,1922,245.2,2581,OK,OK,OK
2026-07-30T22:02:49.193167Z,1937,245.5,2581,OK,OK,OK
2026-07-30T22:02:54.698136Z,1914,245.6,2581,OK,OK,OK
2026-07-30T22:03:00.187848Z,1928,245.5,2581,OK,OK,OK
2026-07-30T22:03:05.660034Z,1924,245.5,2581,OK,OK,OK
2026-07-30T22:03:11.123324Z,1923,245.7,2581,OK,OK,OK
2026-07-30T22:03:16.628272Z,1926,245.2,2581,OK,OK,OK
2026-07-30T22:03:22.139566Z,1928,244.9,2581,OK,OK,OK
2026-07-30T22:03:27.601838Z,1921,244.9,2581,OK,OK,OK
2026-07-30T22:03:33.139549Z,1925,245.3,2581,OK,OK,OK
2026-07-30T22:03:38.626970Z,1925,245.3,2581,OK,OK,OK
2026-07-30T22:03:44.107113Z,1916,245.5,2581,OK,OK,OK
2026-07-30T22:03:49.615261Z,1924,245.6,2581,OK,OK,OK
2026-07-30T22:03:55.098379Z,1925,245.7,2581,OK,OK,OK
2026-07-30T22:04:00.543396Z,1927,245.7,2581,OK,OK,OK
2026-07-30T22:04:06.031245Z,1921,245.6,2581,OK,OK,OK
2026-07-30T22:04:11.494656Z,1922,245.3,2581,OK,OK,OK
2026-07-30T22:04:16.971839Z,1920,245.3,2581,OK,OK,OK
2026-07-30T22:04:22.437361Z,1921,245.3,2581,OK,OK,OK
2026-07-30T22:04:27.943049Z,1927,245.2,2581,OK,OK,OK
2026-07-30T22:04:33.465839Z,1931,244.9,2581,OK,OK,OK
2026-07-30T22:04:38.970791Z,1916,244.8,2581,OK,OK,OK
2026-07-30T22:04:44.446699Z,1922,244.9,2581,OK,OK,OK
2026-07-30T22:04:49.935410Z,1926,245.0,2581,OK,OK,OK
2026-07-30T22:04:55.439667Z,1929,245.1,2581,OK,OK,OK
2026-07-30T22:05:00.905587Z,1926,245.1,2581,OK,OK,OK
2026-07-30T22:05:06.403176Z,1917,245.2,2581,OK,OK,OK
2026-07-30T22:05:11.859024Z,1932,245.5,2581,OK,OK,OK
2026-07-30T22:05:17.345467Z,1971,245.5,2581,OK,OK,OK
2026-07-30T22:05:22.803411Z,1937,245.9,2581,OK,OK,OK
2026-07-30T22:05:28.328899Z,1951,246.2,2581,OK,OK,OK
2026-07-30T22:05:33.771932Z,1937,246.2,2581,OK,OK,OK
2026-07-30T22:05:39.277663Z,1931,246.2,2581,OK,OK,OK
2026-07-30T22:05:44.736701Z,1930,246.3,2581,OK,OK,OK
2026-07-30T22:05:50.207183Z,1930,246.3,2581,OK,OK,OK
2026-07-30T22:05:55.700648Z,1930,246.3,2581,OK,OK,OK
2026-07-30T22:06:01.193876Z,1942,246.3,2581,OK,OK,OK
2026-07-30T22:06:06.691653Z,1929,246.3,2581,OK,OK,OK
2026-07-30T22:06:12.147061Z,1928,246.3,2581,OK,OK,OK
2026-07-30T22:06:17.652727Z,1920,246.3,2581,OK,OK,OK
2026-07-30T22:06:23.139807Z,1932,246.3,2581,OK,OK,OK
2026-07-30T22:06:28.610455Z,1925,246.2,2581,OK,OK,OK
2026-07-30T22:06:34.148501Z,1925,246.3,2581,OK,OK,OK
2026-07-30T22:06:39.654282Z,1901,246.3,2581,OK,OK,OK
2026-07-30T22:06:45.118521Z,1922,246.3,2581,OK,OK,OK
2026-07-30T22:06:50.608451Z,1920,246.1,2581,OK,OK,OK
2026-07-30T22:06:56.076281Z,1927,246.3,2581,OK,OK,OK
2026-07-30T22:07:01.565297Z,1930,246.2,2581,OK,OK,OK
2026-07-30T22:07:07.016809Z,1925,246.2,2581,OK,OK,OK
2026-07-30T22:07:12.502617Z,1934,246.3,2581,OK,OK,OK
2026-07-30T22:07:17.981236Z,1928,246.2,2581,OK,OK,OK
2026-07-30T22:07:23.488858Z,1932,246.0,2581,OK,OK,OK
2026-07-30T22:07:28.966467Z,1932,246.0,2581,OK,OK,OK
2026-07-30T22:07:34.468815Z,1926,245.9,2581,OK,OK,OK
2026-07-30T22:07:39.969200Z,1983,246.0,2581,OK,OK,OK
2026-07-30T22:07:45.479651Z,1922,245.9,2581,OK,OK,OK
2026-07-30T22:07:51.543750Z,1913,245.9,2581,OK,OK,OK
2026-07-30T22:07:57.050099Z,1923,246.0,2581,OK,OK,OK
2026-07-30T22:08:02.550992Z,1931,246.0,2581,OK,OK,OK
2026-07-30T22:08:08.048796Z,1922,246.1,2581,OK,OK,OK
2026-07-30T22:08:13.524873Z,1931,246.0,2581,OK,OK,OK
2026-07-30T22:08:19.030606Z,1939,246.0,2581,OK,OK,OK
2026-07-30T22:08:24.530419Z,1929,245.9,2581,OK,OK,OK
2026-07-30T22:08:30.006970Z,1930,245.8,2581,OK,OK,OK
2026-07-30T22:08:35.503539Z,1928,245.9,2581,OK,OK,OK
2026-07-30T22:08:41.041568Z,1931,245.9,2581,OK,OK,OK
2026-07-30T22:08:46.548038Z,1937,245.9,2581,OK,OK,OK
2026-07-30T22:08:52.023065Z,1929,245.9,2581,OK,OK,OK
2026-07-30T22:08:57.504837Z,1937,245.9,2581,OK,OK,OK
2026-07-30T22:09:02.977259Z,1928,245.9,2581,OK,OK,OK
2026-07-30T22:09:08.409475Z,1938,245.9,2581,OK,OK,OK
2026-07-30T22:09:13.881276Z,1923,245.8,2581,OK,OK,OK
2026-07-30T22:09:19.342816Z,1918,245.8,2581,OK,OK,OK
2026-07-30T22:09:24.834535Z,1922,245.8,2581,OK,OK,OK
2026-07-30T22:09:30.354843Z,1925,245.9,2581,OK,OK,OK
2026-07-30T22:09:35.820746Z,1923,245.8,2581,OK,OK,OK
2026-07-30T22:09:41.351366Z,1921,245.7,2581,OK,OK,OK
2026-07-30T22:09:46.888664Z,1924,245.8,2581,OK,OK,OK
2026-07-30T22:09:52.380258Z,1918,245.7,2581,OK,OK,OK
2026-07-30T22:09:57.845026Z,1913,245.8,2581,OK,OK,OK
2026-07-30T22:10:03.325440Z,1917,245.8,2581,OK,OK,OK
2026-07-30T22:10:08.834558Z,1916,245.7,2581,OK,OK,OK
2026-07-30T22:10:14.295686Z,1896,245.7,2581,OK,OK,OK
2026-07-30T22:10:19.778738Z,1913,245.8,2581,OK,OK,OK
2026-07-30T22:10:25.295738Z,1908,245.7,2581,OK,OK,OK
2026-07-30T22:10:30.789472Z,1910,245.8,2581,OK,OK,OK
2026-07-30T22:10:36.220312Z,1929,245.7,2581,OK,OK,OK
2026-07-30T22:10:41.703496Z,1932,245.7,6827,OK,OK,OK
2026-07-30T22:10:47.193060Z,1919,245.7,6827,OK,OK,OK
2026-07-30T22:10:52.664192Z,1950,245.7,6827,OK,OK,OK
2026-07-30T22:10:58.154896Z,1925,245.9,6827,OK,OK,OK
2026-07-30T22:11:03.614178Z,1914,245.9,6827,OK,OK,OK
2026-07-30T22:11:09.117315Z,1910,245.9,6827,OK,OK,OK
2026-07-30T22:11:14.599415Z,1935,245.9,6827,OK,OK,OK
2026-07-30T22:11:20.106204Z,1927,245.9,6827,OK,OK,OK
2026-07-30T22:11:25.595631Z,1919,245.9,6827,OK,OK,OK
2026-07-30T22:11:31.086627Z,1938,245.9,6827,OK,OK,OK
2026-07-30T22:11:36.566385Z,1916,245.9,6827,OK,OK,OK
2026-07-30T22:11:42.006787Z,1923,245.9,6827,OK,OK,OK
2026-07-30T22:11:47.458442Z,1904,245.9,6827,OK,OK,OK
2026-07-30T22:11:52.907246Z,1915,245.9,6827,OK,OK,OK
2026-07-30T22:11:58.361838Z,1898,245.9,6827,OK,OK,OK
2026-07-30T22:12:03.814644Z,1921,245.9,6827,OK,OK,OK
2026-07-30T22:12:09.328072Z,1940,245.8,6827,OK,OK,OK
2026-07-30T22:12:14.800371Z,1892,245.9,6827,OK,OK,OK
2026-07-30T22:12:20.307917Z,1938,245.9,6827,OK,OK,OK
2026-07-30T22:12:25.809863Z,1908,245.9,6827,OK,OK,OK
2026-07-30T22:12:31.264329Z,1917,245.9,6827,OK,OK,OK
2026-07-30T22:12:36.729855Z,1960,245.7,6827,OK,OK,OK
2026-07-30T22:12:42.240225Z,1898,245.7,6827,OK,OK,OK
2026-07-30T22:12:47.752423Z,1899,245.5,6827,OK,OK,OK
2026-07-30T22:12:53.247602Z,1914,245.6,6827,OK,OK,OK
2026-07-30T22:12:58.733851Z,1911,245.7,6827,OK,OK,OK
2026-07-30T22:13:04.215539Z,1914,245.7,6827,OK,OK,OK
2026-07-30T22:13:09.731334Z,1904,245.7,6827,OK,OK,OK
2026-07-30T22:13:15.155822Z,1906,245.9,6827,OK,OK,OK
2026-07-30T22:13:20.657292Z,1909,245.7,6827,OK,OK,OK
2026-07-30T22:13:26.102601Z,1908,245.8,6827,OK,OK,OK
2026-07-30T22:13:31.576825Z,1906,245.5,6827,OK,OK,OK
2026-07-30T22:13:37.057323Z,1904,245.7,6827,OK,OK,OK
2026-07-30T22:13:42.522739Z,1912,245.5,6827,OK,OK,OK
2026-07-30T22:13:48.009914Z,1906,245.6,6827,OK,OK,OK
2026-07-30T22:13:53.489552Z,1913,245.7,6827,OK,OK,OK
2026-07-30T22:13:58.948999Z,1935,245.6,6827,OK,OK,OK
2026-07-30T22:14:04.440564Z,3374,244.9,6827,OK,OK,OK
2026-07-30T22:14:09.896494Z,3392,244.9,6827,OK,OK,OK
2026-07-30T22:14:15.332295Z,3396,245.0,6827,OK,OK,OK
2026-07-30T22:14:20.783826Z,3416,244.9,6827,OK,OK,OK
2026-07-30T22:14:26.277710Z,3420,244.9,6827,OK,OK,OK
2026-07-30T22:14:31.820673Z,3469,244.9,6827,OK,OK,OK
2026-07-30T22:14:37.337703Z,3436,244.9,6827,OK,OK,OK
2026-07-30T22:14:42.835475Z,3451,244.9,6827,OK,OK,OK
2026-07-30T22:14:48.334376Z,3432,244.9,6827,OK,OK,OK
2026-07-30T22:14:53.834228Z,3427,244.9,6827,OK,OK,OK
2026-07-30T22:14:59.320190Z,3465,245.1,6827,OK,OK,OK
2026-07-30T22:15:04.796303Z,3462,245.0,6827,OK,OK,OK
2026-07-30T22:15:10.277133Z,3471,245.2,6827,OK,OK,OK
2026-07-30T22:15:15.768043Z,3428,245.1,6827,OK,OK,OK
2026-07-30T22:15:21.217386Z,3421,245.2,6827,OK,OK,OK
2026-07-30T22:15:26.694443Z,3429,245.0,6827,OK,OK,OK
2026-07-30T22:15:32.161688Z,3424,245.0,6827,OK,OK,OK
2026-07-30T22:15:37.603790Z,3433,245.1,6827,OK,OK,OK
2026-07-30T22:15:43.076606Z,3420,245.0,6827,OK,OK,OK
2026-07-30T22:15:48.541825Z,3513,244.9,6827,OK,OK,OK
2026-07-30T22:15:54.077677Z,3508,244.9,6827,OK,OK,OK
2026-07-30T22:15:59.555796Z,3517,244.9,6827,OK,OK,OK
2026-07-30T22:16:05.064074Z,3519,245.0,6827,OK,OK,OK
2026-07-30T22:16:10.575493Z,3515,244.9,6827,OK,OK,OK
2026-07-30T22:16:16.066193Z,3523,245.0,6827,OK,OK,OK
2026-07-30T22:16:21.555292Z,3511,244.9,6827,OK,OK,OK
2026-07-30T22:16:27.042919Z,3507,245.0,6827,OK,OK,OK
2026-07-30T22:16:32.555528Z,3521,244.8,6827,OK,OK,OK
2026-07-30T22:16:38.030048Z,3517,245.0,6827,OK,OK,OK
2026-07-30T22:16:43.564206Z,3517,245.0,6827,OK,OK,OK
2026-07-30T22:16:49.025041Z,3517,245.1,6827,OK,OK,OK
2026-07-30T22:16:54.536159Z,3517,245.1,6827,OK,OK,OK
2026-07-30T22:17:00.043637Z,3522,245.0,6827,OK,OK,OK
2026-07-30T22:17:05.528849Z,3517,245.1,6827,OK,OK,OK
2026-07-30T22:17:10.988071Z,3549,245.4,6827,OK,OK,OK
2026-07-30T22:17:16.464186Z,3518,245.4,6827,OK,OK,OK
2026-07-30T22:17:21.946812Z,3522,245.5,6827,OK,OK,OK
2026-07-30T22:17:27.449350Z,3519,245.4,6827,OK,OK,OK
2026-07-30T22:17:32.925880Z,3516,245.5,6827,OK,OK,OK
2026-07-30T22:17:38.399416Z,3510,245.5,6827,OK,OK,OK
2026-07-30T22:17:43.876108Z,3506,245.3,6827,OK,OK,OK
2026-07-30T22:17:49.379474Z,3513,245.3,6827,OK,OK,OK
2026-07-30T22:17:54.900502Z,3516,245.2,6827,OK,OK,OK
2026-07-30T22:18:00.414108Z,3517,245.4,6827,OK,OK,OK
2026-07-30T22:18:05.888025Z,3524,245.4,6827,OK,OK,OK
2026-07-30T22:18:11.349777Z,3509,245.3,6827,OK,OK,OK
2026-07-30T22:18:16.856817Z,3525,245.5,6827,OK,OK,OK
2026-07-30T22:18:22.348309Z,3531,245.5,6827,OK,OK,OK
2026-07-30T22:18:27.817838Z,3531,245.4,6827,OK,OK,OK
2026-07-30T22:18:33.296115Z,3529,245.5,6827,OK,OK,OK
2026-07-30T22:18:38.760975Z,3525,245.5,6827,OK,OK,OK
2026-07-30T22:18:44.259388Z,3531,245.6,6827,OK,OK,OK
2026-07-30T22:18:49.729583Z,3515,245.4,6827,OK,OK,OK
2026-07-30T22:18:55.177563Z,3524,245.5,6827,OK,OK,OK
2026-07-30T22:19:00.629046Z,3508,245.5,6827,OK,OK,OK
2026-07-30T22:19:06.081195Z,3512,245.4,6827,OK,OK,OK
2026-07-30T22:19:11.598560Z,3563,245.4,6827,OK,OK,OK
2026-07-30T22:19:17.109362Z,3521,245.4,6827,OK,OK,OK
2026-07-30T22:19:22.595444Z,3509,245.5,6827,OK,OK,OK
2026-07-30T22:19:28.073713Z,3514,245.6,6827,OK,OK,OK
2026-07-30T22:19:33.570149Z,3511,245.6,6827,OK,OK,OK
2026-07-30T22:19:39.109157Z,3512,245.6,6827,OK,OK,OK
2026-07-30T22:19:44.594133Z,3516,245.6,6827,OK,OK,OK
2026-07-30T22:19:50.083182Z,3526,245.6,6827,OK,OK,OK
2026-07-30T22:19:55.577679Z,3519,245.5,6827,OK,OK,OK
2026-07-30T22:20:01.044245Z,3524,245.6,6827,OK,OK,OK
2026-07-30T22:20:06.513165Z,3445,245.6,6827,OK,OK,OK
2026-07-30T22:20:12.001849Z,3430,245.7,6827,OK,OK,OK
2026-07-30T22:20:17.440963Z,3444,245.8,6827,OK,OK,OK
2026-07-30T22:20:22.929209Z,3438,245.7,6827,OK,OK,OK
2026-07-30T22:20:28.376835Z,3442,245.8,6827,OK,OK,OK
2026-07-30T22:20:33.892992Z,3443,245.8,6827,OK,OK,OK
2026-07-30T22:20:39.370990Z,3437,245.8,6827,OK,OK,OK
2026-07-30T22:20:44.864741Z,3436,245.7,6827,OK,OK,OK
2026-07-30T22:20:50.346054Z,3439,245.8,6827,OK,OK,OK
2026-07-30T22:20:55.803852Z,3437,245.8,6827,OK,OK,OK
2026-07-30T22:21:01.252495Z,3467,245.8,6827,OK,OK,OK
2026-07-30T22:21:06.739993Z,3439,245.6,6827,OK,OK,OK
2026-07-30T22:21:12.254237Z,3440,245.6,6827,OK,OK,OK
2026-07-30T22:21:17.722497Z,3440,245.7,6827,OK,OK,OK
2026-07-30T22:21:23.220546Z,3440,245.7,6827,OK,OK,OK
2026-07-30T22:21:28.661528Z,3440,245.7,6827,OK,OK,OK
2026-07-30T22:21:34.147399Z,3455,245.8,6827,OK,OK,OK
2026-07-30T22:21:39.658620Z,3426,245.8,6827,OK,OK,OK
2026-07-30T22:21:45.141840Z,3440,245.8,6827,OK,OK,OK
2026-07-30T22:21:50.609460Z,3428,245.8,6827,OK,OK,OK
2026-07-30T22:21:56.059094Z,3476,245.7,6827,OK,OK,OK
2026-07-30T22:22:01.578099Z,3420,244.5,6827,OK,OK,OK
2026-07-30T22:22:07.064074Z,3425,244.9,6827,OK,OK,OK
2026-07-30T22:22:12.535816Z,3435,244.8,6827,OK,OK,OK
2026-07-30T22:22:18.055522Z,3584,244.7,6827,OK,OK,OK
2026-07-30T22:22:23.501602Z,2013,245.3,6827,OK,OK,OK
2026-07-30T22:22:28.994033Z,2029,245.4,6827,OK,OK,OK
2026-07-30T22:22:34.481683Z,2017,245.3,6827,OK,OK,OK
2026-07-30T22:22:39.933655Z,2009,245.5,6827,OK,OK,OK
2026-07-30T22:22:45.399785Z,2009,245.6,6827,OK,OK,OK
2026-07-30T22:22:50.861934Z,2007,245.7,6827,OK,OK,OK
2026-07-30T22:22:56.419143Z,2011,245.7,6827,OK,OK,OK
2026-07-30T22:23:01.907580Z,2013,245.7,6827,OK,OK,OK
2026-07-30T22:23:07.373759Z,2008,245.7,6827,OK,OK,OK
2026-07-30T22:23:12.871405Z,2020,245.7,6827,OK,OK,OK
2026-07-30T22:23:18.340952Z,2008,245.7,6827,OK,OK,OK
2026-07-30T22:23:23.831153Z,2004,245.7,6827,OK,OK,OK
2026-07-30T22:23:29.323296Z,2015,245.7,6827,OK,OK,OK
2026-07-30T22:23:34.796174Z,2004,245.7,6827,OK,OK,OK
2026-07-30T22:23:40.271469Z,2010,245.7,6827,OK,OK,OK
2026-07-30T22:23:45.702605Z,1894,245.8,6827,OK,OK,OK
2026-07-30T22:23:51.167454Z,1890,245.8,6827,OK,OK,OK
2026-07-30T22:23:56.673678Z,1896,245.8,6827,OK,OK,OK
2026-07-30T22:24:02.132779Z,1903,245.9,6827,OK,OK,OK
2026-07-30T22:24:07.654884Z,1901,246.0,6827,OK,OK,OK
2026-07-30T22:24:13.144663Z,1872,246.0,6827,OK,OK,OK
2026-07-30T22:24:18.669412Z,1865,245.9,6827,OK,OK,OK
2026-07-30T22:24:24.157848Z,1871,245.9,6827,OK,OK,OK
2026-07-30T22:24:29.670473Z,1855,245.9,6827,OK,OK,OK
2026-07-30T22:24:35.159245Z,1862,245.9,6827,OK,OK,OK
2026-07-30T22:24:40.656598Z,1854,245.6,6827,OK,OK,OK
2026-07-30T22:24:46.126392Z,1856,245.3,6827,OK,OK,OK
2026-07-30T22:24:51.613414Z,1859,245.2,6827,OK,OK,OK
2026-07-30T22:24:57.085848Z,1848,244.9,6827,OK,OK,OK
2026-07-30T22:25:02.607548Z,1862,244.7,6827,OK,OK,OK
2026-07-30T22:25:08.048807Z,1862,244.8,6827,OK,OK,OK
2026-07-30T22:25:13.508054Z,1861,244.6,6827,OK,OK,OK
2026-07-30T22:25:18.980697Z,1854,244.8,6827,OK,OK,OK
2026-07-30T22:25:24.447450Z,1846,244.7,6827,OK,OK,OK
2026-07-30T22:25:29.938453Z,1857,244.6,6827,OK,OK,OK
2026-07-30T22:25:35.413480Z,1852,244.6,6827,OK,OK,OK
2026-07-30T22:25:40.915685Z,1852,244.7,6827,OK,OK,OK
2026-07-30T22:25:46.412012Z,1850,244.7,6827,OK,OK,OK
2026-07-30T22:25:51.911211Z,1844,244.8,6827,OK,OK,OK
2026-07-30T22:25:57.407078Z,1852,244.8,2014,OK,OK,OK
2026-07-30T22:26:02.925085Z,1842,244.7,2014,OK,OK,OK
2026-07-30T22:26:08.387719Z,1853,244.9,2014,OK,OK,OK
2026-07-30T22:26:13.894127Z,1856,244.8,2014,OK,OK,OK
2026-07-30T22:26:19.393518Z,1852,244.8,2014,OK,OK,OK
2026-07-30T22:26:24.876345Z,1856,244.9,2014,OK,OK,OK
2026-07-30T22:26:30.403935Z,1847,244.5,2014,OK,OK,OK
2026-07-30T22:26:35.878074Z,1824,244.3,2014,OK,OK,OK
2026-07-30T22:26:41.370116Z,1838,244.5,2014,OK,OK,OK
2026-07-30T22:26:46.791545Z,1848,245.0,2014,OK,OK,OK
2026-07-30T22:26:52.245645Z,1852,245.1,2014,OK,OK,OK
2026-07-30T22:26:57.708902Z,1841,245.2,2014,OK,OK,OK
2026-07-30T22:27:03.230257Z,1833,245.1,2014,OK,OK,OK
2026-07-30T22:27:08.720982Z,1837,245.4,2014,OK,OK,OK
2026-07-30T22:27:14.246346Z,1856,245.8,2014,OK,OK,OK
2026-07-30T22:27:19.728933Z,1849,245.8,2014,OK,OK,OK
2026-07-30T22:27:25.247277Z,1844,245.9,2014,OK,OK,OK
2026-07-30T22:27:30.738435Z,1852,246.2,2014,OK,OK,OK
2026-07-30T22:27:36.270549Z,1852,246.4,2014,OK,OK,OK
2026-07-30T22:27:41.745401Z,1878,246.8,2014,OK,OK,OK
2026-07-30T22:27:47.251028Z,1873,247.0,2014,OK,OK,OK
2026-07-30T22:27:52.761551Z,1846,246.8,2014,OK,OK,OK
2026-07-30T22:27:58.279579Z,1858,246.8,2014,OK,OK,OK
2026-07-30T22:28:03.734474Z,1862,247.0,2014,OK,OK,OK
2026-07-30T22:28:09.211144Z,1862,247.0,2014,OK,OK,OK
2026-07-30T22:28:14.677810Z,1855,247.3,2014,OK,OK,OK
2026-07-30T22:28:20.120539Z,1871,247.3,2014,OK,OK,OK
2026-07-30T22:28:25.676351Z,1852,247.2,2014,OK,OK,OK
2026-07-30T22:28:31.113603Z,1853,247.2,2014,OK,OK,OK
2026-07-30T22:28:36.623841Z,1860,247.0,2014,OK,OK,OK
2026-07-30T22:28:42.078360Z,1880,246.6,2014,OK,OK,OK
2026-07-30T22:28:47.550927Z,1857,246.5,2014,OK,OK,OK
2026-07-30T22:28:53.029058Z,1852,246.2,2014,OK,OK,OK
2026-07-30T22:28:58.520302Z,1846,245.9,2014,OK,OK,OK
2026-07-30T22:29:03.987981Z,1856,246.0,2014,OK,OK,OK
2026-07-30T22:29:09.467854Z,1854,246.2,2014,OK,OK,OK
2026-07-30T22:29:14.963887Z,1878,246.1,2014,OK,OK,OK
2026-07-30T22:29:20.451187Z,1869,246.1,2014,OK,OK,OK
2026-07-30T22:29:25.933899Z,1867,246.1,2014,OK,OK,OK
2026-07-30T22:29:31.358668Z,1899,246.0,2014,OK,OK,OK
2026-07-30T22:29:36.861798Z,1859,246.1,2014,OK,OK,OK
2026-07-30T22:29:42.303837Z,1852,246.1,2014,OK,OK,OK
2026-07-30T22:29:47.788062Z,1848,246.3,2014,OK,OK,OK
2026-07-30T22:29:53.252145Z,1830,245.9,2014,OK,OK,OK
2026-07-30T22:29:58.774765Z,1869,246.1,2014,OK,OK,OK
2026-07-30T22:30:04.247611Z,1846,246.3,2014,OK,OK,OK
2026-07-30T22:30:09.723919Z,1853,246.7,2014,OK,OK,OK
2026-07-30T22:30:15.218005Z,1860,247.1,2014,OK,OK,OK
2026-07-30T22:30:20.719391Z,1852,247.1,2014,OK,OK,OK
2026-07-30T22:30:26.192895Z,1861,247.0,2014,OK,OK,OK
2026-07-30T22:30:31.681073Z,1866,247.0,2014,OK,OK,OK
2026-07-30T22:30:37.181611Z,1874,247.3,2014,OK,OK,OK
2026-07-30T22:30:42.663466Z,1872,247.3,2014,OK,OK,OK
2026-07-30T22:30:48.167851Z,1860,247.3,2014,OK,OK,OK
2026-07-30T22:30:53.614460Z,1892,247.3,2014,OK,OK,OK
2026-07-30T22:30:59.142566Z,1846,247.3,2014,OK,OK,OK
2026-07-30T22:31:04.585607Z,1918,247.2,2014,OK,OK,OK
2026-07-30T22:31:10.091178Z,1861,247.3,2014,OK,OK,OK
2026-07-30T22:31:15.549874Z,1856,247.3,2014,OK,OK,OK
2026-07-30T22:31:21.046150Z,1892,247.1,2014,OK,OK,OK
2026-07-30T22:31:26.499097Z,1867,247.1,2014,OK,OK,OK
2026-07-30T22:31:32.021834Z,1868,247.1,2014,OK,OK,OK
2026-07-30T22:31:37.496067Z,1855,247.3,2014,OK,OK,OK
2026-07-30T22:31:42.994222Z,1864,247.1,2014,OK,OK,OK
2026-07-30T22:31:48.457693Z,1860,247.1,2014,OK,OK,OK
2026-07-30T22:31:53.968741Z,1867,247.1,2014,OK,OK,OK
2026-07-30T22:31:59.470006Z,1850,247.1,2014,OK,OK,OK
2026-07-30T22:32:04.962959Z,1895,247.1,2014,OK,OK,OK
2026-07-30T22:32:10.458223Z,1897,247.1,2014,OK,OK,OK
2026-07-30T22:32:15.956246Z,1860,247.1,2014,OK,OK,OK
2026-07-30T22:32:21.445696Z,1860,247.1,2014,OK,OK,OK
2026-07-30T22:32:26.919270Z,1870,247.2,2014,OK,OK,OK
2026-07-30T22:32:32.391502Z,1852,247.1,2014,OK,OK,OK
2026-07-30T22:32:37.900498Z,1862,247.1,2014,OK,OK,OK
2026-07-30T22:32:43.399401Z,1862,247.1,2014,OK,OK,OK
2026-07-30T22:32:48.842036Z,1862,247.1,2014,OK,OK,OK
2026-07-30T22:32:54.315113Z,1860,247.2,2014,OK,OK,OK
2026-07-30T22:32:59.794357Z,1855,247.2,2014,OK,OK,OK
2026-07-30T22:33:05.289718Z,1860,247.2,2014,OK,OK,OK
2026-07-30T22:33:10.742962Z,1860,247.1,2014,OK,OK,OK
2026-07-30T22:33:16.248135Z,1856,247.1,2014,OK,OK,OK
2026-07-30T22:33:21.749605Z,1861,247.2,2014,OK,OK,OK
2026-07-30T22:33:27.229349Z,1871,247.2,2014,OK,OK,OK
2026-07-30T22:33:32.706172Z,1854,247.0,2014,OK,OK,OK
2026-07-30T22:33:38.186068Z,1860,247.1,2014,OK,OK,OK
2026-07-30T22:33:43.705601Z,1858,247.0,2014,OK,OK,OK
2026-07-30T22:33:49.217608Z,1855,247.0,2014,OK,OK,OK
2026-07-30T22:33:54.719530Z,1873,247.0,2014,OK,OK,OK
2026-07-30T22:34:00.234606Z,1855,247.1,2014,OK,OK,OK
2026-07-30T22:34:05.721316Z,1866,247.2,2014,OK,OK,OK
2026-07-30T22:34:11.196647Z,1860,247.2,2014,OK,OK,OK
2026-07-30T22:34:16.659622Z,1860,247.0,2014,OK,OK,OK
2026-07-30T22:34:22.163861Z,1859,247.0,2014,OK,OK,OK
2026-07-30T22:34:27.638789Z,1864,247.1,2014,OK,OK,OK
2026-07-30T22:34:33.090855Z,1870,247.1,2014,OK,OK,OK
2026-07-30T22:34:38.578491Z,1856,247.0,2014,OK,OK,OK
2026-07-30T22:34:44.053074Z,1865,247.0,2014,OK,OK,OK
2026-07-30T22:34:49.594510Z,1888,247.2,2014,OK,OK,OK
2026-07-30T22:34:55.018454Z,1859,247.2,2014,OK,OK,OK
2026-07-30T22:35:00.504146Z,1858,247.2,2014,OK,OK,OK
2026-07-30T22:35:06.014873Z,1862,247.2,2014,OK,OK,OK
2026-07-30T22:35:11.506259Z,1856,247.3,2014,OK,OK,OK
2026-07-30T22:35:16.995443Z,1863,247.4,2014,OK,OK,OK
2026-07-30T22:35:22.506286Z,1860,247.2,2014,OK,OK,OK
2026-07-30T22:35:28.023672Z,1864,247.2,2014,OK,OK,OK
2026-07-30T22:35:33.511867Z,1869,247.2,2014,OK,OK,OK
2026-07-30T22:35:38.974890Z,1854,247.2,2014,OK,OK,OK
2026-07-30T22:35:44.473746Z,1862,247.2,2014,OK,OK,OK
2026-07-30T22:35:49.960745Z,1865,247.2,2014,OK,OK,OK
2026-07-30T22:35:55.428993Z,1866,247.2,2014,OK,OK,OK
2026-07-30T22:36:00.926177Z,3247,246.4,2014,OK,OK,OK
2026-07-30T22:36:06.442505Z,3361,246.4,2014,OK,OK,OK
2026-07-30T22:36:11.902789Z,3410,246.4,2014,OK,OK,OK
2026-07-30T22:36:17.342598Z,3486,246.2,2014,OK,OK,OK
2026-07-30T22:36:22.856257Z,3482,245.5,2014,OK,OK,OK
2026-07-30T22:36:28.297878Z,3496,245.1,2014,OK,OK,OK
2026-07-30T22:36:33.784671Z,3523,245.0,2014,OK,OK,OK
2026-07-30T22:36:39.262935Z,3540,245.0,2014,OK,OK,OK
2026-07-30T22:36:44.748837Z,3538,245.2,2014,OK,OK,OK
2026-07-30T22:36:50.273684Z,3536,245.0,2014,OK,OK,OK
2026-07-30T22:36:55.749657Z,3527,245.0,2014,OK,OK,OK
2026-07-30T22:37:01.246003Z,3524,244.8,2014,OK,OK,OK
2026-07-30T22:37:06.756964Z,3539,244.9,2014,OK,OK,OK
2026-07-30T22:37:12.274048Z,3525,244.9,2014,OK,OK,OK
2026-07-30T22:37:17.746465Z,3513,244.9,2014,OK,OK,OK
2026-07-30T22:37:23.254715Z,3528,244.7,2014,OK,OK,OK
2026-07-30T22:37:28.760163Z,3540,244.8,2014,OK,OK,OK
2026-07-30T22:37:34.215889Z,3521,244.9,2014,OK,OK,OK
2026-07-30T22:37:39.663493Z,3566,244.9,2014,OK,OK,OK
2026-07-30T22:37:45.187946Z,3510,244.9,2014,OK,OK,OK
2026-07-30T22:37:50.629646Z,3502,244.8,2014,OK,OK,OK
2026-07-30T22:37:56.149168Z,3502,244.9,2014,OK,OK,OK
2026-07-30T22:38:01.590186Z,3504,244.9,2014,OK,OK,OK
2026-07-30T22:38:07.041323Z,3518,244.9,2014,OK,OK,OK
2026-07-30T22:38:12.521618Z,3511,244.7,2014,OK,OK,OK
2026-07-30T22:38:18.008098Z,3491,244.7,2014,OK,OK,OK
2026-07-30T22:38:23.514115Z,3496,244.6,2014,OK,OK,OK
2026-07-30T22:38:29.022015Z,3493,244.6,2014,OK,OK,OK
2026-07-30T22:38:34.502179Z,3486,244.4,2014,OK,OK,OK
2026-07-30T22:38:39.932498Z,3485,244.3,2014,OK,OK,OK
2026-07-30T22:38:45.425987Z,3482,244.4,2014,OK,OK,OK
2026-07-30T22:38:50.942619Z,3502,244.4,2014,OK,OK,OK
2026-07-30T22:38:56.435888Z,3489,244.4,2014,OK,OK,OK
2026-07-30T22:39:01.926406Z,3498,244.5,2014,OK,OK,OK
2026-07-30T22:39:07.440423Z,3485,244.5,2014,OK,OK,OK
2026-07-30T22:39:12.940730Z,3488,244.4,2014,OK,OK,OK
2026-07-30T22:39:18.436434Z,3502,244.5,2014,OK,OK,OK
2026-07-30T22:39:23.881004Z,3494,244.4,2014,OK,OK,OK
2026-07-30T22:39:29.336485Z,3518,244.5,2014,OK,OK,OK
2026-07-30T22:39:34.803589Z,3490,244.5,2014,OK,OK,OK
2026-07-30T22:39:40.297518Z,3507,244.6,2014,OK,OK,OK
2026-07-30T22:39:45.837692Z,3504,244.4,2014,OK,OK,OK
2026-07-30T22:39:51.350182Z,3512,244.4,2014,OK,OK,OK
2026-07-30T22:39:56.821126Z,3497,244.4,2014,OK,OK,OK
2026-07-30T22:40:02.329912Z,3502,244.4,2014,OK,OK,OK
2026-07-30T22:40:07.806444Z,3473,244.4,2014,OK,OK,OK
2026-07-30T22:40:13.274458Z,3510,244.4,2014,OK,OK,OK
2026-07-30T22:40:18.807771Z,3511,244.3,2014,OK,OK,OK
2026-07-30T22:40:24.283702Z,3497,244.3,2014,OK,OK,OK
2026-07-30T22:40:29.797226Z,3497,244.5,2014,OK,OK,OK
2026-07-30T22:40:35.272566Z,3502,244.4,2014,OK,OK,OK
2026-07-30T22:40:40.702396Z,3494,244.2,2014,OK,OK,OK
2026-07-30T22:40:46.170641Z,3514,244.2,2014,OK,OK,OK
2026-07-30T22:40:51.661637Z,3516,244.2,2014,OK,OK,OK
2026-07-30T22:40:57.114292Z,3517,244.0,2014,OK,OK,OK
2026-07-30T22:41:02.608510Z,3523,244.2,2014,OK,OK,OK
2026-07-30T22:41:08.097759Z,3524,244.2,1447,OK,OK,OK
2026-07-30T22:41:13.576538Z,3540,244.2,1447,OK,OK,OK
2026-07-30T22:41:19.045730Z,3528,244.2,1447,OK,OK,OK
2026-07-30T22:41:24.535248Z,3524,244.2,1447,OK,OK,OK
2026-07-30T22:41:29.992678Z,3534,244.2,1447,OK,OK,OK
2026-07-30T22:41:35.465831Z,3542,244.1,1447,OK,OK,OK
2026-07-30T22:41:40.910005Z,3477,244.2,1447,OK,OK,OK
2026-07-30T22:41:46.390100Z,3477,244.2,1447,OK,OK,OK
2026-07-30T22:41:51.863410Z,3460,244.2,1447,OK,OK,OK
2026-07-30T22:41:57.291186Z,3470,244.2,1447,OK,OK,OK
2026-07-30T22:42:02.781091Z,3457,244.1,1447,OK,OK,OK
2026-07-30T22:42:08.269477Z,3472,244.2,1447,OK,OK,OK
2026-07-30T22:42:13.773186Z,3475,244.2,1447,OK,OK,OK
2026-07-30T22:42:19.257655Z,3475,244.2,1447,OK,OK,OK
2026-07-30T22:42:24.778395Z,3465,244.2,1447,OK,OK,OK
2026-07-30T22:42:30.279970Z,3470,244.2,1447,OK,OK,OK
2026-07-30T22:42:35.775028Z,3465,244.2,1447,OK,OK,OK
2026-07-30T22:42:41.247939Z,3463,244.3,1447,OK,OK,OK
2026-07-30T22:42:46.714137Z,3462,244.1,1447,OK,OK,OK
2026-07-30T22:42:52.184252Z,3461,244.1,1447,OK,OK,OK
2026-07-30T22:42:57.657807Z,3469,244.1,1447,OK,OK,OK
2026-07-30T22:43:03.171245Z,3463,244.1,1447,OK,OK,OK
2026-07-30T22:43:08.654999Z,3458,244.1,1447,OK,OK,OK
2026-07-30T22:43:14.124415Z,3450,244.1,1447,OK,OK,OK
2026-07-30T22:43:19.555086Z,3451,244.1,1447,OK,OK,OK
2026-07-30T22:43:25.053118Z,3454,244.1,1447,OK,OK,OK
2026-07-30T22:43:30.574918Z,3467,244.1,1447,OK,OK,OK
2026-07-30T22:43:36.066149Z,3457,244.1,1447,OK,OK,OK
2026-07-30T22:43:41.554855Z,3448,243.9,1447,OK,OK,OK
2026-07-30T22:43:47.044908Z,3446,244.0,1447,OK,OK,OK
2026-07-30T22:43:52.514530Z,3468,244.1,1447,OK,OK,OK
2026-07-30T22:43:57.998705Z,3468,244.1,1447,OK,OK,OK
2026-07-30T22:44:03.460472Z,3472,244.0,1447,OK,OK,OK
2026-07-30T22:44:08.962240Z,3473,244.2,1447,OK,OK,OK
2026-07-30T22:44:14.453462Z,3469,244.2,1447,OK,OK,OK
2026-07-30T22:44:19.909570Z,3476,244.2,1447,OK,OK,OK
2026-07-30T22:44:25.414554Z,1936,244.7,1447,OK,OK,OK
2026-07-30T22:44:30.945151Z,1938,244.8,1447,OK,OK,OK
2026-07-30T22:44:36.438345Z,1931,244.7,1447,OK,OK,OK
2026-07-30T22:44:41.908083Z,1933,244.6,1447,OK,OK,OK
2026-07-30T22:44:47.381445Z,1923,244.6,1447,OK,OK,OK
2026-07-30T22:44:52.847201Z,1945,244.7,1447,OK,OK,OK
2026-07-30T22:44:58.326601Z,1938,244.6,1447,OK,OK,OK
2026-07-30T22:45:03.795857Z,1938,244.7,1447,OK,OK,OK
2026-07-30T22:45:09.320767Z,1940,244.7,1447,OK,OK,OK
2026-07-30T22:45:14.812228Z,1922,244.6,1447,OK,OK,OK
2026-07-30T22:45:20.289794Z,1939,244.6,1447,OK,OK,OK
2026-07-30T22:45:25.805110Z,1949,244.6,1447,OK,OK,OK
2026-07-30T22:45:31.354230Z,1934,244.5,1447,OK,OK,OK
2026-07-30T22:45:36.838103Z,1938,244.6,1447,OK,OK,OK
2026-07-30T22:45:42.312783Z,1943,244.6,1447,OK,OK,OK
2026-07-30T22:45:47.767850Z,1945,244.6,1447,OK,OK,OK
2026-07-30T22:45:53.215564Z,1943,244.6,1447,OK,OK,OK
2026-07-30T22:45:58.679152Z,1954,244.6,1447,OK,OK,OK
2026-07-30T22:46:04.178093Z,1956,244.6,1447,OK,OK,OK
2026-07-30T22:46:09.644369Z,1949,244.7,1447,OK,OK,OK
2026-07-30T22:46:15.078894Z,1952,244.7,1447,OK,OK,OK
2026-07-30T22:46:20.574956Z,1946,244.7,1447,OK,OK,OK
2026-07-30T22:46:26.076104Z,1945,244.5,1447,OK,OK,OK
2026-07-30T22:46:31.572734Z,1950,244.5,1447,OK,OK,OK
2026-07-30T22:46:37.061226Z,1948,244.5,1447,OK,OK,OK
2026-07-30T22:46:42.539872Z,1949,244.7,1447,OK,OK,OK
2026-07-30T22:46:48.031291Z,1947,244.5,1447,OK,OK,OK
2026-07-30T22:46:53.529455Z,1931,244.5,1447,OK,OK,OK
2026-07-30T22:46:59.010567Z,1939,244.7,1447,OK,OK,OK
2026-07-30T22:47:04.470467Z,1957,244.6,1447,OK,OK,OK
2026-07-30T22:47:09.945871Z,1943,244.8,1447,OK,OK,OK
2026-07-30T22:47:15.443987Z,1942,244.8,1447,OK,OK,OK
2026-07-30T22:47:20.955285Z,1949,244.8,1447,OK,OK,OK
2026-07-30T22:47:26.443452Z,1963,244.7,1447,OK,OK,OK
2026-07-30T22:47:31.924187Z,1962,244.8,1447,OK,OK,OK
2026-07-30T22:47:37.459440Z,1961,244.8,1447,OK,OK,OK
2026-07-30T22:47:42.921881Z,1964,244.8,1447,OK,OK,OK
2026-07-30T22:47:48.378543Z,1966,244.8,1447,OK,OK,OK
2026-07-30T22:47:53.890309Z,1969,244.9,1447,OK,OK,OK
2026-07-30T22:47:59.352480Z,1972,244.9,1447,OK,OK,OK
2026-07-30T22:48:04.844477Z,1968,244.9,1447,OK,OK,OK
2026-07-30T22:48:10.318296Z,1964,244.9,1447,OK,OK,OK
2026-07-30T22:48:15.823028Z,1970,245.1,1447,OK,OK,OK
2026-07-30T22:48:21.335961Z,1968,245.0,1447,OK,OK,OK
2026-07-30T22:48:26.881283Z,1972,244.9,1447,OK,OK,OK
2026-07-30T22:48:32.403452Z,1970,244.8,1447,OK,OK,OK
2026-07-30T22:48:37.872009Z,1968,244.8,1447,OK,OK,OK
2026-07-30T22:48:43.360082Z,1969,245.2,1447,OK,OK,OK
2026-07-30T22:48:48.862763Z,1972,245.4,1447,OK,OK,OK
2026-07-30T22:48:54.351757Z,1978,245.4,1447,OK,OK,OK
2026-07-30T22:48:59.857812Z,1969,245.4,1447,OK,OK,OK
2026-07-30T22:49:05.352315Z,1973,245.6,1447,OK,OK,OK
2026-07-30T22:49:10.811971Z,1969,245.4,1447,OK,OK,OK
2026-07-30T22:49:16.321553Z,1965,245.5,1447,OK,OK,OK
2026-07-30T22:49:21.791113Z,1975,245.5,1447,OK,OK,OK
2026-07-30T22:49:27.289749Z,1980,245.7,1447,OK,OK,OK
2026-07-30T22:49:32.771803Z,1969,245.8,1447,OK,OK,OK
2026-07-30T22:49:38.277994Z,1967,245.6,1447,OK,OK,OK
2026-07-30T22:49:43.767351Z,1968,245.8,1447,OK,OK,OK
2026-07-30T22:49:49.288369Z,1968,245.6,1447,OK,OK,OK
2026-07-30T22:49:54.733504Z,1974,245.8,1447,OK,OK,OK
2026-07-30T22:50:00.211975Z,1969,245.8,1447,OK,OK,OK
2026-07-30T22:50:05.647539Z,1970,245.8,1447,OK,OK,OK
2026-07-30T22:50:11.130476Z,1960,245.8,1447,OK,OK,OK
2026-07-30T22:50:16.628006Z,1959,245.8,1447,OK,OK,OK
2026-07-30T22:50:22.097290Z,1962,245.6,1447,OK,OK,OK
2026-07-30T22:50:27.618197Z,1966,245.6,1447,OK,OK,OK
2026-07-30T22:50:33.093207Z,1962,245.8,1447,OK,OK,OK
2026-07-30T22:50:38.576917Z,1958,245.6,1447,OK,OK,OK
2026-07-30T22:50:44.073613Z,1959,245.6,1447,OK,OK,OK
2026-07-30T22:50:49.505038Z,1959,245.6,1447,OK,OK,OK
2026-07-30T22:50:54.990466Z,1956,245.6,1447,OK,OK,OK
2026-07-30T22:51:00.517390Z,1964,245.6,1447,OK,OK,OK
2026-07-30T22:51:06.005242Z,1965,245.8,1447,OK,OK,OK
2026-07-30T22:51:11.495790Z,1965,245.8,1447,OK,OK,OK
2026-07-30T22:51:17.006099Z,1968,245.8,1447,OK,OK,OK
2026-07-30T22:51:22.489933Z,1973,245.8,1447,OK,OK,OK
2026-07-30T22:51:27.993737Z,1971,245.8,1447,OK,OK,OK
2026-07-30T22:51:33.532387Z,1968,245.8,1447,OK,OK,OK
2026-07-30T22:51:39.025035Z,1966,245.8,1447,OK,OK,OK
2026-07-30T22:51:44.488451Z,2007,245.8,1447,OK,OK,OK
2026-07-30T22:51:49.973727Z,1961,245.7,1447,OK,OK,OK
2026-07-30T22:51:55.475278Z,1955,245.7,1447,OK,OK,OK
2026-07-30T22:52:00.915850Z,1958,245.7,1447,OK,OK,OK
2026-07-30T22:52:06.383556Z,1962,245.7,1447,OK,OK,OK
2026-07-30T22:52:11.868940Z,1959,245.7,1447,OK,OK,OK
2026-07-30T22:52:17.378861Z,2005,245.7,1447,OK,OK,OK
2026-07-30T22:52:22.885177Z,1960,245.7,1447,OK,OK,OK
2026-07-30T22:52:28.385855Z,1973,245.8,1447,OK,OK,OK
2026-07-30T22:52:33.859595Z,1977,245.7,1447,OK,OK,OK
2026-07-30T22:52:39.365742Z,1959,245.7,1447,OK,OK,OK
2026-07-30T22:52:44.836778Z,1956,245.8,1447,OK,OK,OK
2026-07-30T22:52:50.361976Z,1964,245.9,1447,OK,OK,OK
2026-07-30T22:52:55.847494Z,1956,245.7,1447,OK,OK,OK
2026-07-30T22:53:01.353218Z,1960,245.7,1447,OK,OK,OK
2026-07-30T22:53:06.815669Z,1969,245.7,1447,OK,OK,OK
2026-07-30T22:53:12.332932Z,1974,245.7,1447,OK,OK,OK
2026-07-30T22:53:17.809185Z,1976,245.7,1447,OK,OK,OK
2026-07-30T22:53:23.328487Z,1981,245.7,1447,OK,OK,OK
2026-07-30T22:53:28.825392Z,1977,245.7,1447,OK,OK,OK
2026-07-30T22:53:34.359801Z,1979,245.7,1447,OK,OK,OK
2026-07-30T22:53:39.848165Z,1972,245.7,1447,OK,OK,OK
2026-07-30T22:53:45.336078Z,1964,245.7,1447,OK,OK,OK
2026-07-30T22:53:50.810750Z,1973,245.7,1447,OK,OK,OK
2026-07-30T22:53:56.296720Z,1971,245.7,1447,OK,OK,OK
2026-07-30T22:54:01.763427Z,1972,245.7,1447,OK,OK,OK
2026-07-30T22:54:07.253173Z,1968,245.7,1447,OK,OK,OK
2026-07-30T22:54:12.735440Z,1969,245.7,1447,OK,OK,OK
2026-07-30T22:54:18.209392Z,1983,245.7,1447,OK,OK,OK
2026-07-30T22:54:23.694394Z,1979,245.7,1447,OK,OK,OK
2026-07-30T22:54:29.179404Z,1962,245.7,1447,OK,OK,OK
2026-07-30T22:54:34.671826Z,1975,245.8,1447,OK,OK,OK
2026-07-30T22:54:40.107187Z,1974,245.7,1447,OK,OK,OK
2026-07-30T22:54:45.558405Z,1974,245.6,1447,OK,OK,OK
2026-07-30T22:54:51.022678Z,1965,245.7,1447,OK,OK,OK
2026-07-30T22:54:56.505007Z,1980,245.7,1447,OK,OK,OK
2026-07-30T22:55:02.053916Z,1971,245.7,1447,OK,OK,OK
2026-07-30T22:55:07.522184Z,1975,245.7,1447,OK,OK,OK
2026-07-30T22:55:13.010006Z,1974,245.7,1447,OK,OK,OK
2026-07-30T22:55:18.487071Z,1970,245.7,1447,OK,OK,OK
2026-07-30T22:55:23.976686Z,1972,245.7,1447,OK,OK,OK
2026-07-30T22:55:29.578319Z,1976,245.7,1447,OK,OK,OK
2026-07-30T22:55:35.056704Z,1978,245.7,1447,OK,OK,OK
2026-07-30T22:55:40.504649Z,1974,245.7,1447,OK,OK,OK
2026-07-30T22:55:45.998625Z,1984,245.7,1447,OK,OK,OK
2026-07-30T22:55:51.493605Z,1978,245.7,1447,OK,OK,OK
2026-07-30T22:55:57.000940Z,1981,245.7,1447,OK,OK,OK
2026-07-30T22:56:02.504586Z,1998,245.8,1447,OK,OK,OK
2026-07-30T22:56:07.992017Z,1995,245.8,1447,OK,OK,OK
2026-07-30T22:56:13.475108Z,1991,245.8,1447,OK,OK,OK
2026-07-30T22:56:18.982602Z,1966,245.8,654,OK,OK,OK
2026-07-30T22:56:24.471073Z,1965,245.8,654,OK,OK,OK
2026-07-30T22:56:29.942961Z,1966,245.8,654,OK,OK,OK
2026-07-30T22:56:35.421444Z,1968,245.9,654,OK,OK,OK
2026-07-30T22:56:40.927649Z,1959,245.8,654,OK,OK,OK
2026-07-30T22:56:46.401718Z,2025,245.8,654,OK,OK,OK
2026-07-30T22:56:51.927378Z,1972,245.8,654,OK,OK,OK
2026-07-30T22:56:57.431139Z,2025,245.8,654,OK,OK,OK
2026-07-30T22:57:02.938753Z,1974,245.9,654,OK,OK,OK
2026-07-30T22:57:08.438435Z,1968,246.0,654,OK,OK,OK
2026-07-30T22:57:13.977007Z,1971,245.9,654,OK,OK,OK
2026-07-30T22:57:19.508941Z,1966,245.8,654,OK,OK,OK
2026-07-30T22:57:24.995191Z,1971,245.8,654,OK,OK,OK
2026-07-30T22:57:30.490478Z,1977,246.0,654,OK,OK,OK
2026-07-30T22:57:35.975173Z,1966,245.9,654,OK,OK,OK
2026-07-30T22:57:41.473281Z,1881,246.0,654,OK,OK,OK
2026-07-30T22:57:46.916580Z,1881,246.0,654,OK,OK,OK
2026-07-30T22:57:52.386170Z,1884,246.0,654,OK,OK,OK
2026-07-30T22:57:57.909017Z,1882,246.0,654,OK,OK,OK
2026-07-30T22:58:03.445152Z,1877,246.0,654,OK,OK,OK
2026-07-30T22:58:08.953330Z,1878,246.0,654,OK,OK,OK
2026-07-30T22:58:14.459766Z,1876,246.0,654,OK,OK,OK
2026-07-30T22:58:19.950294Z,1882,245.9,654,OK,OK,OK
2026-07-30T22:58:25.436452Z,1887,245.8,654,OK,OK,OK
2026-07-30T22:58:30.938137Z,1879,246.0,654,OK,OK,OK
2026-07-30T22:58:36.427170Z,1882,245.9,654,OK,OK,OK
2026-07-30T22:58:41.946400Z,1880,245.9,654,OK,OK,OK
2026-07-30T22:58:47.425517Z,1883,245.9,654,OK,OK,OK
2026-07-30T22:58:52.866598Z,1880,245.7,654,OK,OK,OK
2026-07-30T22:58:58.342154Z,1883,245.9,654,OK,OK,OK
2026-07-30T22:59:03.793199Z,1878,245.8,654,OK,OK,OK
2026-07-30T22:59:09.259230Z,1882,245.8,654,OK,OK,OK
2026-07-30T22:59:14.759780Z,1894,246.0,654,OK,OK,OK
2026-07-30T22:59:20.210363Z,1888,245.8,654,OK,OK,OK
2026-07-30T22:59:25.723827Z,1888,245.8,654,OK,OK,OK
2026-07-30T22:59:31.217469Z,1892,245.8,654,OK,OK,OK
2026-07-30T22:59:36.711076Z,1889,245.8,654,OK,OK,OK
2026-07-30T22:59:42.213155Z,3296,245.0,654,OK,OK,OK
2026-07-30T22:59:47.752134Z,3369,245.0,654,OK,OK,OK
2026-07-30T22:59:53.234370Z,3387,245.2,654,OK,OK,OK
2026-07-30T22:59:58.737352Z,3390,244.6,654,OK,OK,OK
2026-07-30T23:00:04.231038Z,3387,244.3,654,OK,OK,OK
2026-07-30T23:00:09.742027Z,3415,244.3,654,OK,OK,OK
2026-07-30T23:00:15.218054Z,3420,244.2,654,OK,OK,OK
2026-07-30T23:00:20.698855Z,3426,244.2,654,OK,OK,OK
2026-07-30T23:00:26.208336Z,3418,244.2,654,OK,OK,OK
2026-07-30T23:00:31.702944Z,3414,244.2,654,OK,OK,OK
2026-07-30T23:00:37.178156Z,3418,244.3,654,OK,OK,OK
2026-07-30T23:00:42.649173Z,3423,244.3,654,OK,OK,OK
2026-07-30T23:00:48.130175Z,3423,244.3,654,OK,OK,OK
2026-07-30T23:00:53.603426Z,3416,244.3,654,OK,OK,OK
2026-07-30T23:00:59.098439Z,3410,244.3,654,OK,OK,OK
2026-07-30T23:01:04.591287Z,3411,244.2,654,OK,OK,OK
2026-07-30T23:01:10.110751Z,3406,244.3,654,OK,OK,OK
2026-07-30T23:01:15.568299Z,3409,244.3,654,OK,OK,OK
2026-07-30T23:01:21.051854Z,3405,244.2,654,OK,OK,OK
2026-07-30T23:01:26.539707Z,3399,244.2,654,OK,OK,OK
2026-07-30T23:01:32.051177Z,3409,244.3,654,OK,OK,OK
2026-07-30T23:01:37.553144Z,3446,244.2,654,OK,OK,OK
2026-07-30T23:01:43.034157Z,3391,244.2,654,OK,OK,OK
2026-07-30T23:01:48.496244Z,3392,244.2,654,OK,OK,OK
2026-07-30T23:01:53.970196Z,3400,244.3,654,OK,OK,OK
2026-07-30T23:01:59.445655Z,3393,244.3,654,OK,OK,OK
2026-07-30T23:02:04.906822Z,3390,244.4,654,OK,OK,OK
2026-07-30T23:02:10.394641Z,3395,244.5,654,OK,OK,OK
2026-07-30T23:02:15.840111Z,3388,244.5,654,OK,OK,OK
2026-07-30T23:02:21.379869Z,3393,244.6,654,OK,OK,OK
2026-07-30T23:02:26.852137Z,3389,244.4,654,OK,OK,OK
2026-07-30T23:02:32.338044Z,3387,244.5,654,OK,OK,OK
2026-07-30T23:02:37.812591Z,3381,244.3,654,OK,OK,OK
2026-07-30T23:02:43.282378Z,3390,244.3,654,OK,OK,OK
2026-07-30T23:02:48.751375Z,3381,244.3,654,OK,OK,OK
2026-07-30T23:02:54.218879Z,3380,244.3,654,OK,OK,OK
2026-07-30T23:02:59.702050Z,3382,244.1,654,OK,OK,OK
2026-07-30T23:03:05.184234Z,3372,244.1,654,OK,OK,OK
2026-07-30T23:03:10.670515Z,3372,244.2,654,OK,OK,OK
2026-07-30T23:03:16.102517Z,3380,244.1,654,OK,OK,OK
2026-07-30T23:03:21.591594Z,3372,244.2,654,OK,OK,OK
2026-07-30T23:03:27.060103Z,3406,244.1,654,OK,OK,OK
2026-07-30T23:03:32.546341Z,3381,244.1,654,OK,OK,OK
2026-07-30T23:03:38.006414Z,3379,244.1,654,OK,OK,OK
2026-07-30T23:03:43.474454Z,3401,244.0,654,OK,OK,OK
2026-07-30T23:03:48.966254Z,3372,244.1,654,OK,OK,OK
2026-07-30T23:03:54.453624Z,3371,244.1,654,OK,OK,OK
2026-07-30T23:03:59.960347Z,3360,244.1,654,OK,OK,OK
2026-07-30T23:04:05.460840Z,3375,244.1,654,OK,OK,OK
2026-07-30T23:04:10.936896Z,3368,244.2,654,OK,OK,OK
2026-07-30T23:04:16.411918Z,3375,244.1,654,OK,OK,OK
2026-07-30T23:04:21.879489Z,3372,244.3,654,OK,OK,OK
2026-07-30T23:04:27.387104Z,3371,244.2,654,OK,OK,OK
2026-07-30T23:04:32.883663Z,3366,244.3,654,OK,OK,OK
2026-07-30T23:04:38.327489Z,3358,244.1,654,OK,OK,OK
2026-07-30T23:04:43.817342Z,3388,244.3,654,OK,OK,OK
2026-07-30T23:04:49.291105Z,3370,244.3,654,OK,OK,OK
2026-07-30T23:04:54.803212Z,3367,244.3,654,OK,OK,OK
2026-07-30T23:05:00.296375Z,3366,244.1,654,OK,OK,OK
2026-07-30T23:05:05.798766Z,3371,244.2,654,OK,OK,OK
2026-07-30T23:05:11.306318Z,3372,244.3,654,OK,OK,OK
2026-07-30T23:05:16.766347Z,3372,244.2,654,OK,OK,OK
2026-07-30T23:05:22.247847Z,3372,244.2,654,OK,OK,OK
2026-07-30T23:05:27.746835Z,3381,244.2,654,OK,OK,OK
2026-07-30T23:05:33.224690Z,3378,244.3,654,OK,OK,OK
2026-07-30T23:05:38.732331Z,3393,244.9,654,OK,OK,OK
2026-07-30T23:05:44.227603Z,3382,245.1,654,OK,OK,OK
2026-07-30T23:05:49.726981Z,3394,245.1,654,OK,OK,OK
2026-07-30T23:05:55.230964Z,3384,245.1,654,OK,OK,OK
2026-07-30T23:06:00.689435Z,3385,245.0,654,OK,OK,OK
2026-07-30T23:06:06.179164Z,3393,245.1,654,OK,OK,OK
2026-07-30T23:06:11.620873Z,3408,245.1,654,OK,OK,OK
2026-07-30T23:06:17.102102Z,3380,245.1,654,OK,OK,OK
2026-07-30T23:06:22.589832Z,3389,245.1,654,OK,OK,OK
2026-07-30T23:06:28.079304Z,3394,245.1,654,OK,OK,OK
2026-07-30T23:06:33.581296Z,3380,245.1,654,OK,OK,OK
2026-07-30T23:06:39.049992Z,3384,245.1,654,OK,OK,OK
2026-07-30T23:06:44.500504Z,3384,245.1,654,OK,OK,OK
2026-07-30T23:06:50.001815Z,3379,245.1,654,OK,OK,OK
2026-07-30T23:06:55.493213Z,3380,245.1,654,OK,OK,OK
2026-07-30T23:07:01.001533Z,3388,245.1,654,OK,OK,OK
2026-07-30T23:07:06.493879Z,3376,245.1,654,OK,OK,OK
2026-07-30T23:07:12.017384Z,3365,245.4,654,OK,OK,OK
2026-07-30T23:07:17.454097Z,3381,245.4,654,OK,OK,OK
2026-07-30T23:07:22.942317Z,3385,245.4,654,OK,OK,OK
2026-07-30T23:07:28.433576Z,3385,245.4,654,OK,OK,OK
2026-07-30T23:07:33.869394Z,3416,245.3,654,OK,OK,OK
2026-07-30T23:07:39.336551Z,3404,245.3,654,OK,OK,OK
2026-07-30T23:07:44.816382Z,1849,245.9,654,OK,OK,OK
2026-07-30T23:07:50.311812Z,1850,246.1,654,OK,OK,OK
2026-07-30T23:07:55.771385Z,1846,246.0,654,OK,OK,OK
2026-07-30T23:08:01.260283Z,1851,245.9,654,OK,OK,OK
2026-07-30T23:08:06.758273Z,1849,246.0,654,OK,OK,OK
2026-07-30T23:08:12.254299Z,1838,246.0,654,OK,OK,OK
2026-07-30T23:08:17.757172Z,1877,246.1,654,OK,OK,OK
2026-07-30T23:08:23.249185Z,1838,246.2,654,OK,OK,OK
2026-07-30T23:08:28.748665Z,1850,246.2,654,OK,OK,OK
2026-07-30T23:08:34.246007Z,1832,246.2,654,OK,OK,OK
2026-07-30T23:08:39.753021Z,1845,246.2,654,OK,OK,OK
2026-07-30T23:08:45.229235Z,1846,246.0,654,OK,OK,OK
2026-07-30T23:08:50.721144Z,1849,246.1,654,OK,OK,OK
2026-07-30T23:08:56.181059Z,1843,246.2,654,OK,OK,OK
2026-07-30T23:09:01.671480Z,1846,246.2,654,OK,OK,OK
2026-07-30T23:09:07.161690Z,1846,246.2,654,OK,OK,OK
2026-07-30T23:09:12.669379Z,1843,246.2,654,OK,OK,OK
2026-07-30T23:09:18.156389Z,1844,246.2,654,OK,OK,OK
2026-07-30T23:09:23.675964Z,1834,246.1,654,OK,OK,OK
2026-07-30T23:09:29.200719Z,1844,246.2,654,OK,OK,OK
2026-07-30T23:09:34.695186Z,1843,246.2,654,OK,OK,OK
2026-07-30T23:09:40.176377Z,1849,246.2,654,OK,OK,OK
2026-07-30T23:09:45.667432Z,1840,246.1,654,OK,OK,OK
2026-07-30T23:09:51.144045Z,1840,246.2,654,OK,OK,OK
2026-07-30T23:09:56.633908Z,1841,246.2,654,OK,OK,OK
2026-07-30T23:10:02.109476Z,1840,246.2,654,OK,OK,OK
2026-07-30T23:10:07.577452Z,1830,246.2,654,OK,OK,OK
2026-07-30T23:10:13.085987Z,1845,246.2,654,OK,OK,OK
2026-07-30T23:10:18.595750Z,1847,246.2,654,OK,OK,OK
2026-07-30T23:10:24.039567Z,1844,246.2,654,OK,OK,OK
2026-07-30T23:10:29.502311Z,1842,246.2,654,OK,OK,OK
2026-07-30T23:10:35.012272Z,1831,246.2,654,OK,OK,OK
2026-07-30T23:10:40.469529Z,1828,246.3,654,OK,OK,OK
2026-07-30T23:10:45.923182Z,1827,246.2,654,OK,OK,OK
2026-07-30T23:10:51.356233Z,1825,246.2,654,OK,OK,OK
2026-07-30T23:10:56.839093Z,1832,246.2,654,OK,OK,OK
2026-07-30T23:11:02.341120Z,1840,246.2,654,OK,OK,OK
2026-07-30T23:11:07.803004Z,1826,246.2,654,OK,OK,OK
2026-07-30T23:11:13.293422Z,1830,246.2,654,OK,OK,OK
2026-07-30T23:11:18.780931Z,1831,246.4,654,OK,OK,OK
2026-07-30T23:11:24.283224Z,1830,246.2,654,OK,OK,OK
2026-07-30T23:11:29.790595Z,1873,246.3,654,OK,OK,OK
2026-07-30T23:11:35.287701Z,1834,246.5,878,OK,OK,OK
2026-07-30T23:11:40.713514Z,1836,246.3,878,OK,OK,OK
2026-07-30T23:11:46.230427Z,1825,246.3,878,OK,OK,OK
2026-07-30T23:11:51.690127Z,1826,246.2,878,OK,OK,OK
2026-07-30T23:11:57.194212Z,1851,246.3,878,OK,OK,OK
2026-07-30T23:12:02.622423Z,1834,246.3,878,OK,OK,OK
2026-07-30T23:12:08.106786Z,1826,246.3,878,OK,OK,OK
2026-07-30T23:12:13.578359Z,1832,246.4,878,OK,OK,OK
2026-07-30T23:12:19.080041Z,1833,246.4,878,OK,OK,OK
2026-07-30T23:12:24.539658Z,1830,246.2,878,OK,OK,OK
2026-07-30T23:12:30.051719Z,1840,246.2,878,OK,OK,OK
2026-07-30T23:12:35.544050Z,1845,246.2,878,OK,OK,OK
2026-07-30T23:12:41.024354Z,1823,246.3,878,OK,OK,OK
2026-07-30T23:12:46.535484Z,1828,246.3,878,OK,OK,OK
2026-07-30T23:12:52.015679Z,1832,246.2,878,OK,OK,OK
2026-07-30T23:12:57.519731Z,1829,246.3,878,OK,OK,OK
2026-07-30T23:13:02.976182Z,1830,246.3,878,OK,OK,OK
2026-07-30T23:13:08.452522Z,1824,246.3,878,OK,OK,OK
2026-07-30T23:13:13.896472Z,1832,246.4,878,OK,OK,OK
2026-07-30T23:13:19.408543Z,1827,246.2,878,OK,OK,OK
2026-07-30T23:13:24.840062Z,1853,246.2,878,OK,OK,OK
2026-07-30T23:13:30.305302Z,1836,246.2,878,OK,OK,OK
2026-07-30T23:13:35.772541Z,1831,246.3,878,OK,OK,OK
2026-07-30T23:13:41.239783Z,1828,246.2,878,OK,OK,OK
2026-07-30T23:13:46.737646Z,1912,246.1,878,OK,OK,OK
2026-07-30T23:13:52.224747Z,1916,246.1,878,OK,OK,OK
2026-07-30T23:13:57.708511Z,1944,246.4,878,OK,OK,OK
2026-07-30T23:14:03.226382Z,1933,246.3,878,OK,OK,OK
2026-07-30T23:14:08.720714Z,1953,246.2,878,OK,OK,OK
2026-07-30T23:14:14.235804Z,1956,246.3,878,OK,OK,OK
2026-07-30T23:14:19.726681Z,1973,246.3,878,OK,OK,OK
2026-07-30T23:14:25.221247Z,1985,246.1,878,OK,OK,OK
2026-07-30T23:14:30.745464Z,1932,246.2,878,OK,OK,OK
2026-07-30T23:14:36.264288Z,1944,246.1,878,OK,OK,OK
2026-07-30T23:14:41.741208Z,1961,245.8,878,OK,OK,OK
2026-07-30T23:14:47.211395Z,1940,246.1,878,OK,OK,OK
2026-07-30T23:14:52.682087Z,1927,246.2,878,OK,OK,OK
2026-07-30T23:14:58.119686Z,1942,246.2,878,OK,OK,OK
2026-07-30T23:15:03.616013Z,1949,246.2,878,OK,OK,OK
2026-07-30T23:15:09.053401Z,1927,246.3,878,OK,OK,OK
2026-07-30T23:15:14.543093Z,1967,246.3,878,OK,OK,OK
2026-07-30T23:15:20.003176Z,1959,246.3,878,OK,OK,OK
2026-07-30T23:15:25.507864Z,1916,246.2,878,OK,OK,OK
2026-07-30T23:15:31.008627Z,1925,246.1,878,OK,OK,OK
2026-07-30T23:15:36.480575Z,1932,246.1,878,OK,OK,OK
2026-07-30T23:15:41.979756Z,1945,246.1,878,OK,OK,OK
2026-07-30T23:15:47.482065Z,2066,246.0,878,OK,OK,OK
2026-07-30T23:15:52.979749Z,2081,246.1,878,OK,OK,OK
2026-07-30T23:15:58.463216Z,2062,246.1,878,OK,OK,OK
2026-07-30T23:16:03.920873Z,2067,246.0,878,OK,OK,OK
2026-07-30T23:16:09.390121Z,2061,246.0,878,OK,OK,OK
2026-07-30T23:16:14.898585Z,2068,246.0,878,OK,OK,OK
2026-07-30T23:16:20.375905Z,2050,246.1,878,OK,OK,OK
2026-07-30T23:16:25.837035Z,2069,246.0,878,OK,OK,OK
2026-07-30T23:16:31.303067Z,2036,246.0,878,OK,OK,OK
2026-07-30T23:16:36.808806Z,2083,246.0,878,OK,OK,OK
2026-07-30T23:16:42.251500Z,2033,245.9,878,OK,OK,OK
2026-07-30T23:16:47.723310Z,2056,245.8,878,OK,OK,OK
2026-07-30T23:16:53.205235Z,2016,245.9,878,OK,OK,OK
2026-07-30T23:16:58.709986Z,2041,245.9,878,OK,OK,OK
2026-07-30T23:17:04.185742Z,2028,245.9,878,OK,OK,OK
2026-07-30T23:17:09.689010Z,1939,246.1,878,OK,OK,OK
2026-07-30T23:17:15.193406Z,1931,246.0,878,OK,OK,OK
2026-07-30T23:17:20.700168Z,1938,245.9,878,OK,OK,OK
2026-07-30T23:17:26.196535Z,1924,246.1,878,OK,OK,OK
2026-07-30T23:17:31.699220Z,1964,245.9,878,OK,OK,OK
2026-07-30T23:17:37.167714Z,1915,246.1,878,OK,OK,OK
2026-07-30T23:17:42.618143Z,1926,246.0,878,OK,OK,OK
2026-07-30T23:17:48.104624Z,1923,246.1,878,OK,OK,OK
2026-07-30T23:17:53.537788Z,1964,246.0,878,OK,OK,OK
2026-07-30T23:17:59.030107Z,1914,246.0,878,OK,OK,OK
2026-07-30T23:18:04.502361Z,1913,246.0,878,OK,OK,OK
2026-07-30T23:18:10.010292Z,1917,246.0,878,OK,OK,OK
2026-07-30T23:18:15.505836Z,1911,246.0,878,OK,OK,OK
2026-07-30T23:18:21.007509Z,1922,246.0,878,OK,OK,OK
2026-07-30T23:18:26.500771Z,1911,246.1,878,OK,OK,OK
2026-07-30T23:18:32.006092Z,1908,246.0,878,OK,OK,OK
2026-07-30T23:18:37.504177Z,1914,246.1,878,OK,OK,OK
2026-07-30T23:18:42.986045Z,1911,246.0,878,OK,OK,OK
2026-07-30T23:18:48.459985Z,1910,246.1,878,OK,OK,OK
2026-07-30T23:18:53.940690Z,1918,246.1,878,OK,OK,OK
2026-07-30T23:18:59.441346Z,1907,246.1,878,OK,OK,OK
2026-07-30T23:19:04.931400Z,1918,246.0,878,OK,OK,OK
2026-07-30T23:19:10.412117Z,1909,246.1,878,OK,OK,OK
2026-07-30T23:19:15.851702Z,1919,246.3,878,OK,OK,OK
2026-07-30T23:19:21.353551Z,1918,246.1,878,OK,OK,OK
2026-07-30T23:19:26.799177Z,1913,246.1,878,OK,OK,OK
2026-07-30T23:19:32.309577Z,1919,246.2,878,OK,OK,OK
2026-07-30T23:19:37.827907Z,1911,246.2,878,OK,OK,OK
2026-07-30T23:19:43.337816Z,1917,246.3,878,OK,OK,OK
2026-07-30T23:19:48.840038Z,1914,246.2,878,OK,OK,OK
2026-07-30T23:19:54.364050Z,1914,246.3,878,OK,OK,OK
2026-07-30T23:19:59.841339Z,1908,246.1,878,OK,OK,OK
2026-07-30T23:20:05.326752Z,1911,246.4,878,OK,OK,OK
2026-07-30T23:20:10.796861Z,1922,246.4,878,OK,OK,OK
2026-07-30T23:20:16.268929Z,1908,246.4,878,OK,OK,OK
2026-07-30T23:20:21.747849Z,1909,246.4,878,OK,OK,OK
2026-07-30T23:20:27.229532Z,1910,246.3,878,OK,OK,OK
2026-07-30T23:20:32.735966Z,1907,246.2,878,OK,OK,OK
2026-07-30T23:20:38.196621Z,1919,246.1,878,OK,OK,OK
2026-07-30T23:20:43.694178Z,1907,246.0,878,OK,OK,OK
2026-07-30T23:20:49.125898Z,1911,246.1,878,OK,OK,OK
2026-07-30T23:20:54.611634Z,1908,246.0,878,OK,OK,OK
2026-07-30T23:21:00.121138Z,1904,246.0,878,OK,OK,OK
2026-07-30T23:21:05.631926Z,1909,246.3,878,OK,OK,OK
2026-07-30T23:21:11.123364Z,1905,246.3,878,OK,OK,OK
2026-07-30T23:21:16.629802Z,1912,246.1,878,OK,OK,OK
2026-07-30T23:21:22.138398Z,1908,246.3,878,OK,OK,OK
2026-07-30T23:21:27.629795Z,1902,246.3,878,OK,OK,OK
2026-07-30T23:21:33.121249Z,1908,246.4,878,OK,OK,OK
2026-07-30T23:21:38.595149Z,1905,246.4,878,OK,OK,OK
2026-07-30T23:21:44.110013Z,1896,246.4,878,OK,OK,OK
2026-07-30T23:21:49.580121Z,1902,246.4,878,OK,OK,OK
2026-07-30T23:21:55.098132Z,1903,246.4,878,OK,OK,OK
2026-07-30T23:22:00.607557Z,1906,246.4,878,OK,OK,OK
2026-07-30T23:22:06.122123Z,1904,246.4,878,OK,OK,OK
2026-07-30T23:22:11.611972Z,1917,246.4,878,OK,OK,OK
2026-07-30T23:22:17.105374Z,1903,246.4,878,OK,OK,OK
2026-07-30T23:22:22.564738Z,3310,245.7,878,OK,OK,OK
2026-07-30T23:22:28.057855Z,3398,245.7,878,OK,OK,OK
2026-07-30T23:22:33.508712Z,3429,245.7,878,OK,OK,OK
2026-07-30T23:22:39.010230Z,3417,245.6,878,OK,OK,OK
2026-07-30T23:22:44.489306Z,3424,245.7,878,OK,OK,OK
2026-07-30T23:22:49.998663Z,3435,245.6,878,OK,OK,OK
2026-07-30T23:22:55.500857Z,3453,245.4,878,OK,OK,OK
2026-07-30T23:23:00.999351Z,3461,245.4,878,OK,OK,OK
2026-07-30T23:23:06.494409Z,3456,244.8,878,OK,OK,OK
2026-07-30T23:23:11.984768Z,3457,245.4,878,OK,OK,OK
2026-07-30T23:23:17.460457Z,3453,245.2,878,OK,OK,OK
2026-07-30T23:23:22.969963Z,3453,245.1,878,OK,OK,OK
2026-07-30T23:23:28.408535Z,3452,245.1,878,OK,OK,OK
2026-07-30T23:23:33.897306Z,3448,245.3,878,OK,OK,OK
2026-07-30T23:23:39.345896Z,3499,244.9,878,OK,OK,OK
2026-07-30T23:23:44.775063Z,3450,244.9,878,OK,OK,OK
2026-07-30T23:23:50.252342Z,3452,244.9,878,OK,OK,OK
2026-07-30T23:23:55.723988Z,3443,244.9,878,OK,OK,OK
2026-07-30T23:24:01.219651Z,3454,245.2,878,OK,OK,OK
2026-07-30T23:24:06.672101Z,3454,245.2,878,OK,OK,OK
2026-07-30T23:24:12.159353Z,3449,245.1,878,OK,OK,OK
2026-07-30T23:24:17.639775Z,3453,245.2,878,OK,OK,OK
2026-07-30T23:24:23.157973Z,3460,245.1,878,OK,OK,OK
2026-07-30T23:24:28.675621Z,3456,245.0,878,OK,OK,OK
2026-07-30T23:24:34.140348Z,3457,245.0,878,OK,OK,OK
2026-07-30T23:24:39.640737Z,3449,244.9,878,OK,OK,OK
2026-07-30T23:24:45.122152Z,3453,245.0,878,OK,OK,OK
2026-07-30T23:24:50.613223Z,3447,245.1,878,OK,OK,OK
2026-07-30T23:24:56.088333Z,3453,245.1,878,OK,OK,OK
2026-07-30T23:25:01.598961Z,3454,245.1,878,OK,OK,OK
2026-07-30T23:25:07.047017Z,3456,245.0,878,OK,OK,OK
2026-07-30T23:25:12.507104Z,3444,245.0,878,OK,OK,OK
2026-07-30T23:25:17.942939Z,3456,245.2,878,OK,OK,OK
2026-07-30T23:25:23.449987Z,3452,245.1,878,OK,OK,OK
2026-07-30T23:25:28.940357Z,3455,245.2,878,OK,OK,OK
2026-07-30T23:25:34.416106Z,3438,245.1,878,OK,OK,OK
2026-07-30T23:25:39.923686Z,3454,245.1,878,OK,OK,OK
2026-07-30T23:25:45.461203Z,3453,245.1,878,OK,OK,OK
2026-07-30T23:25:50.952938Z,3466,245.2,878,OK,OK,OK
2026-07-30T23:25:56.457548Z,3466,245.2,878,OK,OK,OK
2026-07-30T23:26:01.955313Z,3475,245.2,878,OK,OK,OK
2026-07-30T23:26:07.472811Z,3462,245.2,878,OK,OK,OK
2026-07-30T23:26:12.942195Z,3455,245.2,878,OK,OK,OK
2026-07-30T23:26:18.397091Z,3465,245.2,878,OK,OK,OK
2026-07-30T23:26:23.897599Z,3465,245.2,878,OK,OK,OK
2026-07-30T23:26:29.398008Z,3464,245.2,878,OK,OK,OK
2026-07-30T23:26:34.912584Z,3460,245.2,878,OK,OK,OK
2026-07-30T23:26:40.398500Z,3460,245.2,878,OK,OK,OK
2026-07-30T23:26:45.915623Z,3452,245.2,918,OK,OK,OK
2026-07-30T23:26:51.424043Z,3454,245.2,918,OK,OK,OK
2026-07-30T23:26:56.881844Z,3452,245.2,918,OK,OK,OK
2026-07-30T23:27:02.342996Z,3452,245.3,918,OK,OK,OK
2026-07-30T23:27:07.836226Z,3450,245.2,918,OK,OK,OK
2026-07-30T23:27:13.261363Z,3453,245.3,918,OK,OK,OK
2026-07-30T23:27:18.730304Z,3465,245.2,918,OK,OK,OK
2026-07-30T23:27:24.223992Z,3450,245.2,918,OK,OK,OK
2026-07-30T23:27:29.731911Z,3466,245.2,918,OK,OK,OK
2026-07-30T23:27:35.231322Z,3451,245.2,918,OK,OK,OK
2026-07-30T23:27:40.744196Z,3441,245.3,918,OK,OK,OK
2026-07-30T23:27:46.247022Z,3456,245.2,918,OK,OK,OK
2026-07-30T23:27:51.710116Z,3451,245.2,918,OK,OK,OK
2026-07-30T23:27:57.241881Z,3464,245.2,918,OK,OK,OK
2026-07-30T23:28:02.716121Z,3460,245.3,918,OK,OK,OK
2026-07-30T23:28:08.231004Z,3452,245.2,918,OK,OK,OK
2026-07-30T23:28:13.692754Z,3460,245.3,918,OK,OK,OK
2026-07-30T23:28:19.213029Z,3493,245.2,918,OK,OK,OK
2026-07-30T23:28:24.691697Z,3457,245.3,918,OK,OK,OK
2026-07-30T23:28:30.208781Z,3450,245.3,918,OK,OK,OK
2026-07-30T23:28:35.677521Z,3456,245.3,918,OK,OK,OK
2026-07-30T23:28:41.177216Z,3454,245.3,918,OK,OK,OK
2026-07-30T23:28:46.700362Z,3456,245.3,918,OK,OK,OK
2026-07-30T23:28:52.177658Z,3449,245.3,918,OK,OK,OK
2026-07-30T23:28:57.646056Z,3451,245.3,918,OK,OK,OK
2026-07-30T23:29:03.156126Z,3455,245.3,918,OK,OK,OK
2026-07-30T23:29:08.611245Z,3451,245.3,918,OK,OK,OK
2026-07-30T23:29:14.119690Z,3451,245.3,918,OK,OK,OK
2026-07-30T23:29:19.578442Z,3455,245.4,918,OK,OK,OK
2026-07-30T23:29:25.094203Z,3456,245.3,918,OK,OK,OK
2026-07-30T23:29:30.610924Z,3454,245.4,918,OK,OK,OK
2026-07-30T23:29:36.091319Z,3560,245.3,918,OK,OK,OK
2026-07-30T23:29:41.590078Z,3602,245.4,918,OK,OK,OK
2026-07-30T23:29:47.121901Z,3619,245.5,918,OK,OK,OK
2026-07-30T23:29:52.639579Z,3593,245.3,918,OK,OK,OK
2026-07-30T23:29:58.102820Z,3586,245.3,918,OK,OK,OK
2026-07-30T23:30:03.602328Z,3588,245.3,918,OK,OK,OK
2026-07-30T23:30:09.073154Z,3587,245.4,918,OK,OK,OK
2026-07-30T23:30:14.568187Z,3587,245.4,918,OK,OK,OK
2026-07-30T23:30:20.038751Z,3592,245.3,918,OK,OK,OK
2026-07-30T23:30:25.527989Z,3585,245.3,918,OK,OK,OK
2026-07-30T23:30:31.058629Z,3600,245.4,918,OK,OK,OK
2026-07-30T23:30:36.558514Z,3589,245.4,918,OK,OK,OK
2026-07-30T23:30:42.041839Z,3603,245.4,918,OK,OK,OK
2026-07-30T23:30:47.516944Z,3594,245.4,918,OK,OK,OK
2026-07-30T23:30:52.966467Z,3596,245.4,918,OK,OK,OK
2026-07-30T23:30:58.470902Z,3596,245.6,918,OK,OK,OK
2026-07-30T23:31:03.929846Z,2070,246.2,918,OK,OK,OK
2026-07-30T23:31:09.457514Z,2077,246.3,918,OK,OK,OK
2026-07-30T23:31:14.926852Z,2086,246.3,918,OK,OK,OK
2026-07-30T23:31:20.437119Z,2073,246.3,918,OK,OK,OK
2026-07-30T23:31:25.921659Z,2081,246.5,918,OK,OK,OK
2026-07-30T23:31:31.419131Z,2081,246.5,918,OK,OK,OK
2026-07-30T23:31:36.911781Z,2082,246.6,918,OK,OK,OK
2026-07-30T23:31:42.369370Z,2078,246.6,918,OK,OK,OK
2026-07-30T23:31:47.877753Z,2068,246.7,918,OK,OK,OK
2026-07-30T23:31:53.350940Z,2069,246.7,918,OK,OK,OK
2026-07-30T23:31:58.839748Z,2080,246.7,918,OK,OK,OK
2026-07-30T23:32:04.324758Z,2084,246.7,918,OK,OK,OK
2026-07-30T23:32:09.784471Z,2080,246.7,918,OK,OK,OK
2026-07-30T23:32:15.262506Z,2083,246.7,918,OK,OK,OK
2026-07-30T23:32:20.785007Z,2082,246.8,918,OK,OK,OK
2026-07-30T23:32:26.274647Z,2086,246.7,918,OK,OK,OK
2026-07-30T23:32:31.711682Z,2089,246.7,918,OK,OK,OK
2026-07-30T23:32:37.176593Z,2086,246.8,918,OK,OK,OK
2026-07-30T23:32:42.645859Z,2085,246.8,918,OK,OK,OK
2026-07-30T23:32:48.146784Z,2086,246.7,918,OK,OK,OK
2026-07-30T23:32:53.663814Z,2079,245.7,918,OK,OK,OK
2026-07-30T23:32:59.164237Z,2081,245.7,918,OK,OK,OK
2026-07-30T23:33:04.655208Z,2081,245.7,918,OK,OK,OK
2026-07-30T23:33:10.135889Z,2079,245.7,918,OK,OK,OK
2026-07-30T23:33:15.607418Z,2080,245.7,918,OK,OK,OK
2026-07-30T23:33:21.092409Z,2084,245.7,918,OK,OK,OK
2026-07-30T23:33:26.550661Z,2080,245.7,918,OK,OK,OK
2026-07-30T23:33:32.041553Z,2082,245.7,918,OK,OK,OK
2026-07-30T23:33:37.495044Z,2081,245.7,918,OK,OK,OK
2026-07-30T23:33:42.999639Z,2078,245.7,918,OK,OK,OK
2026-07-30T23:33:48.505908Z,2092,245.7,918,OK,OK,OK
2026-07-30T23:33:53.999279Z,2091,245.7,918,OK,OK,OK
2026-07-30T23:33:59.471787Z,2095,245.5,918,OK,OK,OK
2026-07-30T23:34:04.966208Z,2084,245.7,918,OK,OK,OK
2026-07-30T23:34:10.449235Z,2081,245.7,918,OK,OK,OK
2026-07-30T23:34:15.958890Z,2087,245.7,918,OK,OK,OK
2026-07-30T23:34:21.432636Z,2080,245.6,918,OK,OK,OK
2026-07-30T23:34:26.954295Z,2092,245.5,918,OK,OK,OK
2026-07-30T23:34:32.468331Z,2080,245.6,918,OK,OK,OK
2026-07-30T23:34:37.979176Z,2091,245.7,918,OK,OK,OK
2026-07-30T23:34:43.459649Z,2081,245.6,918,OK,OK,OK
2026-07-30T23:34:48.916982Z,2080,245.7,918,OK,OK,OK
2026-07-30T23:34:54.412882Z,2079,245.6,918,OK,OK,OK
2026-07-30T23:34:59.879386Z,2082,245.7,918,OK,OK,OK
2026-07-30T23:35:05.354082Z,2077,245.7,918,OK,OK,OK
2026-07-30T23:35:10.787944Z,2088,245.7,918,OK,OK,OK
2026-07-30T23:35:16.289504Z,2080,245.7,918,OK,OK,OK
2026-07-30T23:35:21.768937Z,2084,245.7,918,OK,OK,OK
2026-07-30T23:35:27.244780Z,2001,245.9,918,OK,OK,OK
2026-07-30T23:35:32.758164Z,1994,244.9,918,OK,OK,OK
2026-07-30T23:35:38.238340Z,1967,244.8,918,OK,OK,OK
2026-07-30T23:35:43.735709Z,1992,243.5,918,OK,OK,OK
2026-07-30T23:35:49.223372Z,1990,243.8,918,OK,OK,OK
2026-07-30T23:35:54.739436Z,1987,243.9,918,OK,OK,OK
2026-07-30T23:36:00.225601Z,1994,243.9,918,OK,OK,OK
2026-07-30T23:36:05.751314Z,1990,243.9,918,OK,OK,OK
2026-07-30T23:36:11.235417Z,1999,243.9,918,OK,OK,OK
2026-07-30T23:36:16.731745Z,1997,243.9,918,OK,OK,OK
2026-07-30T23:36:22.168519Z,1996,243.9,918,OK,OK,OK
2026-07-30T23:36:27.677248Z,1988,244.0,918,OK,OK,OK
2026-07-30T23:36:33.132171Z,2002,244.1,918,OK,OK,OK
2026-07-30T23:36:38.598536Z,1996,244.1,918,OK,OK,OK
2026-07-30T23:36:44.069500Z,1998,244.1,918,OK,OK,OK
2026-07-30T23:36:49.588867Z,1989,244.0,918,OK,OK,OK
2026-07-30T23:36:55.082117Z,1992,244.0,918,OK,OK,OK
2026-07-30T23:37:00.571546Z,2001,244.0,918,OK,OK,OK
2026-07-30T23:37:06.032202Z,1989,244.0,918,OK,OK,OK
2026-07-30T23:37:11.542003Z,1984,244.0,918,OK,OK,OK
2026-07-30T23:37:17.029791Z,1986,244.0,918,OK,OK,OK
2026-07-30T23:37:22.473371Z,1983,243.4,918,OK,OK,OK
2026-07-30T23:37:27.963239Z,1969,243.5,918,OK,OK,OK
2026-07-30T23:37:33.403715Z,2023,243.5,918,OK,OK,OK
2026-07-30T23:37:38.924451Z,1990,243.5,918,OK,OK,OK
2026-07-30T23:37:44.352971Z,1985,243.4,918,OK,OK,OK
2026-07-30T23:37:49.841640Z,1985,243.5,918,OK,OK,OK
2026-07-30T23:37:55.351249Z,2045,243.4,918,OK,OK,OK
2026-07-30T23:38:00.860359Z,2185,243.3,918,OK,OK,OK
2026-07-30T23:38:06.301054Z,2163,243.3,918,OK,OK,OK
2026-07-30T23:38:11.820855Z,2151,243.4,918,OK,OK,OK
2026-07-30T23:38:17.332965Z,2158,243.3,918,OK,OK,OK
2026-07-30T23:38:22.794066Z,2157,243.4,918,OK,OK,OK
2026-07-30T23:38:28.285175Z,2145,243.4,918,OK,OK,OK
2026-07-30T23:38:33.742511Z,2162,243.4,918,OK,OK,OK
2026-07-30T23:38:39.227710Z,2165,243.4,918,OK,OK,OK
2026-07-30T23:38:44.728995Z,2050,243.5,918,OK,OK,OK
2026-07-30T23:38:50.228124Z,2174,243.3,918,OK,OK,OK
2026-07-30T23:38:55.691969Z,2098,243.5,918,OK,OK,OK
2026-07-30T23:39:01.188648Z,2072,243.5,918,OK,OK,OK
2026-07-30T23:39:06.633659Z,2070,243.5,918,OK,OK,OK
2026-07-30T23:39:12.152319Z,2084,243.3,918,OK,OK,OK
2026-07-30T23:39:17.629415Z,2088,243.3,918,OK,OK,OK
2026-07-30T23:39:23.107503Z,2082,243.3,918,OK,OK,OK
2026-07-30T23:39:28.600344Z,2064,243.5,918,OK,OK,OK
2026-07-30T23:39:34.106687Z,2080,243.5,918,OK,OK,OK
2026-07-30T23:39:39.575617Z,2077,243.5,918,OK,OK,OK
2026-07-30T23:39:45.027352Z,2093,243.5,918,OK,OK,OK
2026-07-30T23:39:50.507996Z,2071,243.5,918,OK,OK,OK
2026-07-30T23:39:55.991731Z,2076,243.5,918,OK,OK,OK
2026-07-30T23:40:01.471444Z,1965,243.5,918,OK,OK,OK
2026-07-30T23:40:06.966103Z,1972,243.5,918,OK,OK,OK
2026-07-30T23:40:12.462444Z,1957,243.4,918,OK,OK,OK
2026-07-30T23:40:18.001383Z,1975,243.6,918,OK,OK,OK
2026-07-30T23:40:23.477163Z,1978,243.4,918,OK,OK,OK
2026-07-30T23:40:28.954952Z,1964,243.5,918,OK,OK,OK
2026-07-30T23:40:34.449643Z,1968,243.5,918,OK,OK,OK
2026-07-30T23:40:39.902863Z,1971,243.4,918,OK,OK,OK
2026-07-30T23:40:45.378028Z,1960,243.5,918,OK,OK,OK
2026-07-30T23:40:50.857910Z,1973,243.4,918,OK,OK,OK
2026-07-30T23:40:56.310149Z,2004,243.4,918,OK,OK,OK
2026-07-30T23:41:01.839423Z,2000,244.0,918,OK,OK,OK
2026-07-30T23:41:07.318303Z,1996,244.0,918,OK,OK,OK
2026-07-30T23:41:12.797230Z,1990,244.0,918,OK,OK,OK
2026-07-30T23:41:18.257267Z,2001,244.0,918,OK,OK,OK
2026-07-30T23:41:23.733883Z,2002,244.0,918,OK,OK,OK
2026-07-30T23:41:29.209841Z,1984,244.0,918,OK,OK,OK
2026-07-30T23:41:34.705412Z,1999,244.1,918,OK,OK,OK
2026-07-30T23:41:40.168505Z,1991,244.0,918,OK,OK,OK
2026-07-30T23:41:45.640664Z,2020,244.0,918,OK,OK,OK
2026-07-30T23:41:51.082550Z,2014,244.0,918,OK,OK,OK
2026-07-30T23:41:56.551422Z,2020,244.0,1463,OK,OK,OK
2026-07-30T23:42:01.997188Z,2018,244.0,1463,OK,OK,OK
2026-07-30T23:42:07.466768Z,2016,243.9,1463,OK,OK,OK
2026-07-30T23:42:12.994035Z,2009,243.9,1463,OK,OK,OK
2026-07-30T23:42:18.488853Z,2022,244.0,1463,OK,OK,OK
2026-07-30T23:42:23.965776Z,2023,243.9,1463,OK,OK,OK
2026-07-30T23:42:29.456759Z,2013,244.3,1463,OK,OK,OK
2026-07-30T23:42:34.946852Z,2023,244.3,1463,OK,OK,OK
2026-07-30T23:42:40.429515Z,2021,244.3,1463,OK,OK,OK
2026-07-30T23:42:45.874803Z,2017,244.3,1463,OK,OK,OK
2026-07-30T23:42:51.345980Z,2016,244.3,1463,OK,OK,OK
2026-07-30T23:42:56.828565Z,2004,244.3,1463,OK,OK,OK
2026-07-30T23:43:02.286887Z,1988,244.3,1463,OK,OK,OK
2026-07-30T23:43:07.784000Z,1992,244.3,1463,OK,OK,OK
2026-07-30T23:43:20.439320Z,1936,244.3,1463,OK,OK,OK
2026-07-30T23:43:25.950426Z,1958,244.4,1463,OK,OK,OK
2026-07-30T23:43:31.455606Z,1954,244.4,1463,OK,OK,OK
2026-07-30T23:43:36.996169Z,1957,244.4,1463,OK,OK,OK
2026-07-30T23:43:42.466798Z,1948,244.4,1463,OK,OK,OK
2026-07-30T23:43:47.973851Z,1952,244.4,1463,OK,OK,OK
2026-07-30T23:43:53.408713Z,1956,244.4,1463,OK,OK,OK
2026-07-30T23:43:58.849488Z,1950,244.4,1463,OK,OK,OK
2026-07-30T23:44:04.332339Z,1950,244.2,1463,OK,OK,OK
2026-07-30T23:44:09.813545Z,1957,244.2,1463,OK,OK,OK
2026-07-30T23:44:15.282980Z,1955,244.3,1463,OK,OK,OK
2026-07-30T23:44:20.796712Z,1959,244.3,1463,OK,OK,OK
2026-07-30T23:44:26.303180Z,1979,244.3,1463,OK,OK,OK
2026-07-30T23:44:31.809240Z,1976,244.6,1463,OK,OK,OK
2026-07-30T23:44:37.276907Z,1975,244.6,1463,OK,OK,OK
2026-07-30T23:44:42.786915Z,2099,244.5,1463,OK,OK,OK
2026-07-30T23:44:48.306476Z,2068,244.5,1463,OK,OK,OK
2026-07-30T23:44:53.797345Z,1967,244.5,1463,OK,OK,OK
2026-07-30T23:44:59.292686Z,1975,244.5,1463,OK,OK,OK
2026-07-30T23:45:04.781571Z,1982,244.5,1463,OK,OK,OK
2026-07-30T23:45:10.284829Z,1960,244.5,1463,OK,OK,OK
2026-07-30T23:45:15.766349Z,1963,244.5,1463,OK,OK,OK
2026-07-30T23:45:21.256153Z,1843,244.5,1463,OK,OK,OK
2026-07-30T23:45:26.709586Z,1845,244.6,1463,OK,OK,OK
2026-07-30T23:45:32.187461Z,1835,244.6,1463,OK,OK,OK
2026-07-30T23:45:37.666459Z,1837,244.4,1463,OK,OK,OK
2026-07-30T23:45:43.175749Z,1820,244.3,1463,OK,OK,OK
2026-07-30T23:45:48.652593Z,1837,244.4,1463,OK,OK,OK
2026-07-30T23:45:54.159795Z,1850,244.2,1463,OK,OK,OK
2026-07-30T23:45:59.682284Z,1846,244.2,1463,OK,OK,OK
2026-07-30T23:46:05.193556Z,1847,244.3,1463,OK,OK,OK
2026-07-30T23:46:10.694351Z,1845,244.2,1463,OK,OK,OK
2026-07-30T23:46:16.185983Z,1848,244.3,1463,OK,OK,OK
2026-07-30T23:46:21.672012Z,1825,244.3,1463,OK,OK,OK
2026-07-30T23:46:27.162185Z,1843,244.2,1463,OK,OK,OK
2026-07-30T23:46:32.734809Z,1833,244.4,1463,OK,OK,OK
2026-07-30T23:46:38.204411Z,1833,244.3,1463,OK,OK,OK
2026-07-30T23:46:43.686762Z,1837,244.4,1463,OK,OK,OK
2026-07-30T23:46:49.201200Z,1824,244.4,1463,OK,OK,OK
2026-07-30T23:46:54.691963Z,1822,244.4,1463,OK,OK,OK
2026-07-30T23:47:00.201053Z,12564,237.7,1463,OK,OK,OK
2026-07-30T23:47:05.663537Z,3275,243.8,1463,OK,OK,OK
2026-07-30T23:47:11.129720Z,3308,243.8,1463,OK,OK,OK
2026-07-30T23:47:16.623404Z,3312,243.8,1463,OK,OK,OK
2026-07-30T23:47:22.110997Z,3320,243.8,1463,OK,OK,OK
2026-07-30T23:47:27.599864Z,3330,243.8,1463,OK,OK,OK
2026-07-30T23:47:33.108050Z,3364,243.8,1463,OK,OK,OK
2026-07-30T23:47:38.559679Z,3364,243.6,1463,OK,OK,OK
2026-07-30T23:47:44.063306Z,3370,243.6,1463,OK,OK,OK
2026-07-30T23:47:49.557275Z,3368,243.5,1463,OK,OK,OK
2026-07-30T23:47:54.999148Z,3362,243.5,1463,OK,OK,OK
2026-07-30T23:48:00.465924Z,3368,243.5,1463,OK,OK,OK
2026-07-30T23:48:05.957537Z,3365,243.6,1463,OK,OK,OK
2026-07-30T23:48:11.471234Z,3354,243.6,1463,OK,OK,OK
2026-07-30T23:48:16.962185Z,3348,243.6,1463,OK,OK,OK
2026-07-30T23:48:22.448040Z,3345,243.6,1463,OK,OK,OK
2026-07-30T23:48:27.928913Z,3342,243.6,1463,OK,OK,OK
2026-07-30T23:48:33.422900Z,3352,243.6,1463,OK,OK,OK
2026-07-30T23:48:38.898674Z,3342,243.4,1463,OK,OK,OK
2026-07-30T23:48:44.399973Z,3353,243.0,1463,OK,OK,OK
2026-07-30T23:48:49.893720Z,3358,243.4,1463,OK,OK,OK
2026-07-30T23:48:55.391431Z,3357,243.4,1463,OK,OK,OK
2026-07-30T23:49:00.909589Z,3353,243.5,1463,OK,OK,OK
2026-07-30T23:49:06.382955Z,3359,243.5,1463,OK,OK,OK
2026-07-30T23:49:11.857859Z,3357,243.5,1463,OK,OK,OK
2026-07-30T23:49:17.280326Z,3357,243.5,1463,OK,OK,OK
2026-07-30T23:49:22.761718Z,3374,243.5,1463,OK,OK,OK
2026-07-30T23:49:28.230042Z,3369,243.5,1463,OK,OK,OK
2026-07-30T23:49:33.722514Z,3350,243.5,1463,OK,OK,OK
2026-07-30T23:49:39.209367Z,3352,243.6,1463,OK,OK,OK
2026-07-30T23:49:44.698241Z,3335,243.6,1463,OK,OK,OK
2026-07-30T23:49:50.192437Z,3348,243.5,1463,OK,OK,OK
2026-07-30T23:49:55.691044Z,3340,243.5,1463,OK,OK,OK
2026-07-30T23:50:01.177421Z,3325,243.4,1463,OK,OK,OK
2026-07-30T23:50:06.675646Z,3345,243.5,1463,OK,OK,OK
2026-07-30T23:50:12.164441Z,3362,243.5,1463,OK,OK,OK
2026-07-30T23:50:17.637687Z,3341,243.5,1463,OK,OK,OK
2026-07-30T23:50:23.086462Z,3353,243.5,1463,OK,OK,OK
2026-07-30T23:50:28.581679Z,3348,243.3,1463,OK,OK,OK
2026-07-30T23:50:34.064292Z,3353,243.4,1463,OK,OK,OK
2026-07-30T23:50:39.481559Z,3361,243.0,1463,OK,OK,OK
2026-07-30T23:50:44.952736Z,3362,243.5,1463,OK,OK,OK
2026-07-30T23:50:50.445926Z,3355,243.5,1463,OK,OK,OK
2026-07-30T23:50:55.922470Z,3356,243.4,1463,OK,OK,OK
2026-07-30T23:51:01.395052Z,3345,243.4,1463,OK,OK,OK
2026-07-30T23:51:06.893593Z,3349,243.5,1463,OK,OK,OK
2026-07-30T23:51:12.399465Z,3347,243.4,1463,OK,OK,OK
2026-07-30T23:51:17.908688Z,3348,243.4,1463,OK,OK,OK
2026-07-30T23:51:23.417739Z,3352,243.4,1463,OK,OK,OK
2026-07-30T23:51:28.911656Z,3334,243.6,1463,OK,OK,OK
2026-07-30T23:51:34.418372Z,3347,243.4,1463,OK,OK,OK
2026-07-30T23:51:39.920104Z,3339,243.3,1463,OK,OK,OK
2026-07-30T23:51:45.422217Z,3448,243.3,1463,OK,OK,OK
2026-07-30T23:51:50.931336Z,3435,243.3,1463,OK,OK,OK
2026-07-30T23:51:56.430620Z,3446,243.2,1463,OK,OK,OK
2026-07-30T23:52:01.901072Z,3452,243.2,1463,OK,OK,OK
2026-07-30T23:52:07.359766Z,3456,243.2,1463,OK,OK,OK
2026-07-30T23:52:12.803688Z,3438,243.3,1463,OK,OK,OK
2026-07-30T23:52:18.311053Z,3466,243.3,1463,OK,OK,OK
2026-07-30T23:52:23.786461Z,3620,243.0,1463,OK,OK,OK
2026-07-30T23:52:29.306265Z,5142,242.4,1463,OK,OK,OK
2026-07-30T23:52:34.783482Z,5137,242.4,1463,OK,OK,OK
2026-07-30T23:52:40.281790Z,5120,242.4,1463,OK,OK,OK
2026-07-30T23:52:45.752084Z,5110,242.4,1463,OK,OK,OK
2026-07-30T23:52:51.243899Z,5123,242.1,1463,OK,OK,OK
2026-07-30T23:52:56.730683Z,5117,242.5,1463,OK,OK,OK
2026-07-30T23:53:02.197525Z,5114,242.5,1463,OK,OK,OK
2026-07-30T23:53:07.705530Z,5115,242.5,1463,OK,OK,OK
2026-07-30T23:53:13.193247Z,5094,242.4,1463,OK,OK,OK
2026-07-30T23:53:18.707805Z,5095,242.4,1463,OK,OK,OK
2026-07-30T23:53:24.192471Z,3412,243.1,1463,OK,OK,OK
2026-07-30T23:53:29.679423Z,3421,243.1,1463,OK,OK,OK
2026-07-30T23:53:35.187435Z,3422,243.1,1463,OK,OK,OK
2026-07-30T23:53:40.693083Z,3411,243.1,1463,OK,OK,OK
2026-07-30T23:53:46.168109Z,3418,243.1,1463,OK,OK,OK
2026-07-30T23:53:51.673174Z,3406,243.1,1463,OK,OK,OK
2026-07-30T23:53:57.109558Z,3406,243.2,1463,OK,OK,OK
2026-07-30T23:54:02.578258Z,3406,243.2,1463,OK,OK,OK
2026-07-30T23:54:08.089886Z,3415,243.2,1463,OK,OK,OK
2026-07-30T23:54:13.554926Z,3408,243.1,1463,OK,OK,OK
2026-07-30T23:54:19.024031Z,3406,243.2,1463,OK,OK,OK
2026-07-30T23:54:24.504725Z,3411,243.2,1463,OK,OK,OK
2026-07-30T23:54:30.025521Z,3459,243.1,1463,OK,OK,OK
2026-07-30T23:54:35.525728Z,3557,243.3,1463,OK,OK,OK
2026-07-30T23:54:40.970349Z,3457,243.2,1463,OK,OK,OK
2026-07-30T23:54:46.485974Z,3458,243.2,1463,OK,OK,OK
2026-07-30T23:54:51.965973Z,3457,243.2,1463,OK,OK,OK
2026-07-30T23:54:57.444942Z,3468,243.2,1463,OK,OK,OK
2026-07-30T23:55:02.893723Z,1917,244.0,1463,OK,OK,OK
2026-07-30T23:55:08.355254Z,1935,243.7,1463,OK,OK,OK
2026-07-30T23:55:13.863327Z,1932,244.1,1463,OK,OK,OK
2026-07-30T23:55:19.340532Z,1919,244.0,1463,OK,OK,OK
2026-07-30T23:55:24.828346Z,1914,244.1,1463,OK,OK,OK
2026-07-30T23:55:30.368190Z,1928,244.1,1463,OK,OK,OK
2026-07-30T23:55:35.851876Z,1932,244.1,1463,OK,OK,OK
2026-07-30T23:55:41.332911Z,1923,244.0,1463,OK,OK,OK
2026-07-30T23:55:46.822427Z,1928,244.0,1463,OK,OK,OK
2026-07-30T23:55:52.297179Z,1914,244.0,1463,OK,OK,OK
2026-07-30T23:55:57.799563Z,1917,244.1,1463,OK,OK,OK
2026-07-30T23:56:03.281985Z,1928,244.0,1463,OK,OK,OK
2026-07-30T23:56:08.800667Z,1921,244.0,1463,OK,OK,OK
2026-07-30T23:56:14.288674Z,1926,244.0,1463,OK,OK,OK
2026-07-30T23:56:19.791812Z,1892,244.0,1463,OK,OK,OK
2026-07-30T23:56:25.239327Z,1907,244.0,1463,OK,OK,OK
2026-07-30T23:56:30.775144Z,1920,243.8,1463,OK,OK,OK
2026-07-30T23:56:36.234145Z,1899,243.9,1463,OK,OK,OK
2026-07-30T23:56:41.713931Z,1902,244.0,1463,OK,OK,OK
2026-07-30T23:56:47.183445Z,1911,244.1,1463,OK,OK,OK
2026-07-30T23:56:52.690273Z,1908,244.1,1463,OK,OK,OK
2026-07-30T23:56:58.190148Z,1920,244.1,1463,OK,OK,OK
2026-07-30T23:57:03.680572Z,1913,244.0,1463,OK,OK,OK
2026-07-30T23:57:09.160653Z,1913,243.7,385,OK,OK,OK
2026-07-30T23:57:14.626982Z,1925,243.7,385,OK,OK,OK
2026-07-30T23:57:20.104582Z,1919,244.0,385,OK,OK,OK
2026-07-30T23:57:25.587276Z,1919,244.1,385,OK,OK,OK
2026-07-30T23:57:31.089782Z,1901,244.0,385,OK,OK,OK
2026-07-30T23:57:36.590900Z,1947,243.9,385,OK,OK,OK
2026-07-30T23:57:42.077392Z,1899,244.0,385,OK,OK,OK
2026-07-30T23:57:47.532553Z,1966,244.1,385,OK,OK,OK
2026-07-30T23:57:53.038288Z,1915,244.1,385,OK,OK,OK
2026-07-30T23:57:58.529491Z,1908,244.1,385,OK,OK,OK
2026-07-30T23:58:03.966849Z,1901,244.1,385,OK,OK,OK
2026-07-30T23:58:09.474313Z,1901,244.1,385,OK,OK,OK
2026-07-30T23:58:14.942705Z,1892,244.1,385,OK,OK,OK
2026-07-30T23:58:20.478936Z,1896,244.1,385,OK,OK,OK
2026-07-30T23:58:25.938573Z,1906,243.9,385,OK,OK,OK
2026-07-30T23:58:31.441131Z,1896,243.9,385,OK,OK,OK
2026-07-30T23:58:36.941427Z,1919,243.9,385,OK,OK,OK
2026-07-30T23:58:42.454639Z,1896,244.1,385,OK,OK,OK
2026-07-30T23:58:47.936449Z,1897,244.1,385,OK,OK,OK
2026-07-30T23:58:53.436457Z,1890,244.1,385,OK,OK,OK
2026-07-30T23:58:58.929555Z,1898,244.1,385,OK,OK,OK
2026-07-30T23:59:04.422458Z,1888,244.1,385,OK,OK,OK
2026-07-30T23:59:09.842957Z,1893,244.1,385,OK,OK,OK
2026-07-30T23:59:15.311112Z,1891,243.9,385,OK,OK,OK
2026-07-30T23:59:20.804295Z,1886,243.9,385,OK,OK,OK
2026-07-30T23:59:26.261526Z,2032,244.1,385,OK,OK,OK
2026-07-30T23:59:31.785762Z,2017,244.2,385,OK,OK,OK
2026-07-30T23:59:37.222483Z,2019,244.2,385,OK,OK,OK
2026-07-30T23:59:42.708673Z,2058,244.2,385,OK,OK,OK
2026-07-30T23:59:48.201485Z,2026,244.2,385,OK,OK,OK
2026-07-30T23:59:53.708091Z,2004,244.1,385,OK,OK,OK
2026-07-30T23:59:59.212073Z,2032,244.1,385,OK,OK,OK
2026-07-31T00:00:04.669181Z,1997,244.1,385,OK,OK,OK
2026-07-31T00:00:10.127681Z,2028,244.2,385,OK,OK,OK
2026-07-31T00:00:15.653862Z,2026,244.2,385,OK,OK,OK
2026-07-31T00:00:21.112472Z,2013,244.2,385,OK,OK,OK
2026-07-31T00:00:26.581711Z,2004,244.4,385,OK,OK,OK
2026-07-31T00:00:32.058688Z,2020,244.3,385,OK,OK,OK
2026-07-31T00:00:37.529664Z,2017,244.3,385,OK,OK,OK
2026-07-31T00:00:43.032876Z,2022,244.3,385,OK,OK,OK
2026-07-31T00:00:48.473508Z,2021,244.4,385,OK,OK,OK
2026-07-31T00:00:53.955826Z,2009,244.5,385,OK,OK,OK
2026-07-31T00:00:59.422357Z,2033,244.4,385,OK,OK,OK
2026-07-31T00:01:04.904785Z,2031,244.4,385,OK,OK,OK
2026-07-31T00:01:10.396454Z,3692,243.5,385,OK,OK,OK
2026-07-31T00:01:15.888798Z,3675,243.1,385,OK,OK,OK
2026-07-31T00:01:21.370067Z,3588,243.5,385,OK,OK,OK
2026-07-31T00:01:26.852480Z,3560,243.6,385,OK,OK,OK
2026-07-31T00:01:32.336056Z,3553,243.6,385,OK,OK,OK
2026-07-31T00:01:37.814681Z,3562,243.6,385,OK,OK,OK
2026-07-31T00:01:43.304165Z,3544,243.6,385,OK,OK,OK
2026-07-31T00:01:48.797825Z,3559,243.6,385,OK,OK,OK
2026-07-31T00:01:54.247363Z,3555,243.6,385,OK,OK,OK
2026-07-31T00:01:59.712168Z,3557,243.6,385,OK,OK,OK
2026-07-31T00:02:05.229555Z,3546,243.6,385,OK,OK,OK
2026-07-31T00:02:10.698423Z,3540,243.7,385,OK,OK,OK
2026-07-31T00:02:16.181140Z,3560,243.8,385,OK,OK,OK
2026-07-31T00:02:21.681849Z,3560,243.8,385,OK,OK,OK
2026-07-31T00:02:27.165839Z,3548,243.7,385,OK,OK,OK
2026-07-31T00:02:32.642789Z,3540,243.6,385,OK,OK,OK
2026-07-31T00:02:38.174472Z,1912,244.4,385,OK,OK,OK
2026-07-31T00:02:43.619073Z,1913,244.4,385,OK,OK,OK
2026-07-31T00:02:49.102852Z,3540,243.7,385,OK,OK,OK
2026-07-31T00:02:54.595825Z,3530,243.6,385,OK,OK,OK
2026-07-31T00:03:00.062648Z,3538,243.6,385,OK,OK,OK
2026-07-31T00:03:05.600463Z,1926,244.1,385,OK,OK,OK
2026-07-31T00:03:11.042935Z,1904,244.3,385,OK,OK,OK
2026-07-31T00:03:16.514192Z,1899,244.3,385,OK,OK,OK
2026-07-31T00:03:21.988077Z,1896,244.2,385,OK,OK,OK
2026-07-31T00:03:27.488529Z,1909,244.2,385,OK,OK,OK
2026-07-31T00:03:32.954464Z,1889,244.1,385,OK,OK,OK
2026-07-31T00:03:38.435827Z,1904,244.3,385,OK,OK,OK
2026-07-31T00:03:43.920081Z,1898,244.2,385,OK,OK,OK
2026-07-31T00:03:49.420558Z,1910,244.2,385,OK,OK,OK
2026-07-31T00:03:54.869935Z,1973,244.2,385,OK,OK,OK
2026-07-31T00:04:00.394613Z,1908,244.3,385,OK,OK,OK
2026-07-31T00:04:05.874202Z,1894,244.3,385,OK,OK,OK
2026-07-31T00:04:11.373801Z,1970,244.2,385,OK,OK,OK
2026-07-31T00:04:16.843406Z,1965,244.2,385,OK,OK,OK
2026-07-31T00:04:22.326946Z,1968,244.3,385,OK,OK,OK
2026-07-31T00:04:27.792977Z,1961,244.3,385,OK,OK,OK
2026-07-31T00:04:33.279737Z,2009,244.3,385,OK,OK,OK
2026-07-31T00:04:38.740411Z,1890,244.2,385,OK,OK,OK
2026-07-31T00:04:44.224665Z,1878,244.2,385,OK,OK,OK
2026-07-31T00:04:49.748814Z,1892,244.3,385,OK,OK,OK
2026-07-31T00:04:55.218593Z,1883,244.0,385,OK,OK,OK
2026-07-31T00:05:00.722577Z,1869,244.3,385,OK,OK,OK
2026-07-31T00:05:06.230334Z,1875,244.4,385,OK,OK,OK
2026-07-31T00:05:11.699334Z,1876,244.4,385,OK,OK,OK
2026-07-31T00:05:17.163487Z,1877,244.4,385,OK,OK,OK
2026-07-31T00:05:22.632363Z,1893,244.4,385,OK,OK,OK
2026-07-31T00:05:28.080893Z,1874,244.3,385,OK,OK,OK
2026-07-31T00:05:33.546536Z,1858,244.4,385,OK,OK,OK
2026-07-31T00:05:39.024784Z,1875,244.3,385,OK,OK,OK
2026-07-31T00:05:44.518646Z,1876,244.3,385,OK,OK,OK
2026-07-31T00:05:49.999394Z,1880,244.3,385,OK,OK,OK
2026-07-31T00:05:55.505828Z,1867,244.3,385,OK,OK,OK
2026-07-31T00:06:01.031157Z,1867,244.3,385,OK,OK,OK
2026-07-31T00:06:06.477428Z,1881,244.3,385,OK,OK,OK
2026-07-31T00:06:11.962735Z,1882,244.3,385,OK,OK,OK
2026-07-31T00:06:17.423467Z,1885,244.2,385,OK,OK,OK
2026-07-31T00:06:22.924157Z,1882,244.2,385,OK,OK,OK
2026-07-31T00:06:28.435880Z,1876,244.3,385,OK,OK,OK
2026-07-31T00:06:33.956391Z,1872,244.3,385,OK,OK,OK
2026-07-31T00:06:39.437789Z,1865,244.3,385,OK,OK,OK
2026-07-31T00:06:44.930828Z,1879,244.1,385,OK,OK,OK
2026-07-31T00:06:50.364720Z,1895,244.3,385,OK,OK,OK
2026-07-31T00:06:55.884810Z,1895,244.3,385,OK,OK,OK
2026-07-31T00:07:01.361126Z,1883,244.3,385,OK,OK,OK
2026-07-31T00:07:06.863574Z,2005,244.3,385,OK,OK,OK
2026-07-31T00:07:12.326172Z,1885,244.3,385,OK,OK,OK
2026-07-31T00:07:17.808795Z,1876,244.3,385,OK,OK,OK
2026-07-31T00:07:23.329135Z,1874,244.2,385,OK,OK,OK
2026-07-31T00:07:28.874738Z,1892,244.4,385,OK,OK,OK
2026-07-31T00:07:34.371338Z,1874,244.4,385,OK,OK,OK
2026-07-31T00:07:39.904307Z,1894,244.4,385,OK,OK,OK
2026-07-31T00:07:45.394885Z,1875,244.4,385,OK,OK,OK
2026-07-31T00:07:50.900841Z,1881,244.4,385,OK,OK,OK
2026-07-31T00:07:56.374014Z,1897,244.4,385,OK,OK,OK
2026-07-31T00:08:01.842736Z,1904,244.4,385,OK,OK,OK
2026-07-31T00:08:07.349881Z,1902,244.5,385,OK,OK,OK
2026-07-31T00:08:12.772490Z,1878,244.4,385,OK,OK,OK
2026-07-31T00:08:18.309958Z,1876,244.4,385,OK,OK,OK
2026-07-31T00:08:23.784820Z,1886,244.4,385,OK,OK,OK
2026-07-31T00:08:29.321836Z,1876,244.4,385,OK,OK,OK
2026-07-31T00:08:34.797848Z,1889,244.0,385,OK,OK,OK
2026-07-31T00:08:40.307347Z,1870,244.4,385,OK,OK,OK
2026-07-31T00:08:45.756474Z,1881,244.4,385,OK,OK,OK
2026-07-31T00:08:51.254866Z,1877,244.4,385,OK,OK,OK
2026-07-31T00:08:56.710366Z,1874,244.4,385,OK,OK,OK
2026-07-31T00:09:02.218493Z,1880,244.4,385,OK,OK,OK
2026-07-31T00:09:07.706237Z,1884,244.3,385,OK,OK,OK
2026-07-31T00:09:13.171881Z,1875,244.4,385,OK,OK,OK
2026-07-31T00:09:18.639321Z,1884,243.8,385,OK,OK,OK
2026-07-31T00:09:24.175934Z,3318,242.7,385,OK,OK,OK
2026-07-31T00:09:29.653479Z,3331,242.8,385,OK,OK,OK
2026-07-31T00:09:35.128373Z,3360,242.8,385,OK,OK,OK
2026-07-31T00:09:40.634252Z,3352,242.9,385,OK,OK,OK
2026-07-31T00:09:46.097216Z,3352,242.8,385,OK,OK,OK
2026-07-31T00:09:51.599451Z,3365,242.8,385,OK,OK,OK
2026-07-31T00:09:57.077105Z,3386,242.9,385,OK,OK,OK
2026-07-31T00:10:02.559451Z,3399,242.7,385,OK,OK,OK
2026-07-31T00:10:08.025080Z,3414,242.7,385,OK,OK,OK
2026-07-31T00:10:13.492029Z,3386,242.8,385,OK,OK,OK
2026-07-31T00:10:18.957118Z,3386,242.6,385,OK,OK,OK
2026-07-31T00:10:24.483016Z,3393,242.8,385,OK,OK,OK
2026-07-31T00:10:30.002120Z,3385,242.8,385,OK,OK,OK
2026-07-31T00:10:35.503345Z,3407,242.8,385,OK,OK,OK
2026-07-31T00:10:40.981199Z,3378,242.8,385,OK,OK,OK
2026-07-31T00:10:46.502676Z,3382,242.8,385,OK,OK,OK
2026-07-31T00:10:52.026109Z,3393,242.7,385,OK,OK,OK
2026-07-31T00:10:57.513908Z,3401,242.8,385,OK,OK,OK
2026-07-31T00:11:03.014871Z,3376,242.9,385,OK,OK,OK
2026-07-31T00:11:08.516626Z,3390,242.9,385,OK,OK,OK
2026-07-31T00:11:14.007490Z,3387,242.9,385,OK,OK,OK
2026-07-31T00:11:19.496443Z,3382,242.9,385,OK,OK,OK
2026-07-31T00:11:24.993414Z,3384,242.8,385,OK,OK,OK
2026-07-31T00:11:30.478846Z,3393,242.8,385,OK,OK,OK
2026-07-31T00:11:35.956734Z,3381,242.8,385,OK,OK,OK
2026-07-31T00:11:41.413826Z,3374,242.8,385,OK,OK,OK
2026-07-31T00:11:46.911958Z,3376,242.9,385,OK,OK,OK
2026-07-31T00:11:52.380432Z,3398,242.8,385,OK,OK,OK
2026-07-31T00:11:57.860090Z,3378,242.6,385,OK,OK,OK
2026-07-31T00:12:03.319682Z,3369,242.9,385,OK,OK,OK
2026-07-31T00:12:08.826859Z,3385,243.0,385,OK,OK,OK
2026-07-31T00:12:14.289726Z,3381,242.9,385,OK,OK,OK
2026-07-31T00:12:19.757231Z,3369,242.9,385,OK,OK,OK
2026-07-31T00:12:25.226360Z,3378,242.8,173,OK,OK,OK
2026-07-31T00:12:30.763824Z,3382,242.8,173,OK,OK,OK
2026-07-31T00:12:36.257254Z,3370,242.9,173,OK,OK,OK
2026-07-31T00:12:41.741209Z,3377,242.8,173,OK,OK,OK
2026-07-31T00:12:47.184718Z,3372,242.8,173,OK,OK,OK
2026-07-31T00:12:52.668152Z,3378,242.8,173,OK,OK,OK
2026-07-31T00:12:58.142223Z,3368,242.8,173,OK,OK,OK
2026-07-31T00:13:03.614394Z,3369,242.8,173,OK,OK,OK
2026-07-31T00:13:09.096415Z,3366,242.9,173,OK,OK,OK
2026-07-31T00:13:14.563829Z,3372,242.8,173,OK,OK,OK
2026-07-31T00:13:20.030887Z,3363,242.8,173,OK,OK,OK
2026-07-31T00:13:25.494159Z,3363,242.8,173,OK,OK,OK
2026-07-31T00:13:31.016703Z,3388,242.8,173,OK,OK,OK
2026-07-31T00:13:36.505636Z,3380,242.8,173,OK,OK,OK
2026-07-31T00:13:42.007534Z,3386,242.6,173,OK,OK,OK
2026-07-31T00:13:47.514475Z,3398,242.8,173,OK,OK,OK
2026-07-31T00:13:52.968425Z,3300,242.8,173,OK,OK,OK
2026-07-31T00:13:58.438942Z,3277,242.9,173,OK,OK,OK
2026-07-31T00:14:03.961753Z,3285,243.0,173,OK,OK,OK
2026-07-31T00:14:09.424256Z,3280,242.9,173,OK,OK,OK
2026-07-31T00:14:14.906559Z,3295,243.0,173,OK,OK,OK
2026-07-31T00:14:20.394031Z,3279,243.0,173,OK,OK,OK
2026-07-31T00:14:25.856053Z,3295,243.0,173,OK,OK,OK
2026-07-31T00:14:31.328559Z,3279,243.0,173,OK,OK,OK
2026-07-31T00:14:36.835832Z,3280,243.0,173,OK,OK,OK
2026-07-31T00:14:42.353071Z,3312,243.6,173,OK,OK,OK
2026-07-31T00:14:47.777543Z,3310,243.6,173,OK,OK,OK
2026-07-31T00:14:53.236781Z,3295,243.7,173,OK,OK,OK
2026-07-31T00:14:58.710953Z,3299,243.6,173,OK,OK,OK
2026-07-31T00:15:04.202742Z,3292,243.6,173,OK,OK,OK
2026-07-31T00:15:09.687275Z,3287,243.6,173,OK,OK,OK
2026-07-31T00:15:15.227151Z,3300,243.6,173,OK,OK,OK
2026-07-31T00:15:20.763837Z,3291,243.6,173,OK,OK,OK
2026-07-31T00:15:26.280978Z,3301,243.2,173,OK,OK,OK
2026-07-31T00:15:31.813266Z,3295,243.6,173,OK,OK,OK
2026-07-31T00:15:37.303462Z,3292,243.6,173,OK,OK,OK
2026-07-31T00:15:42.790799Z,3287,243.6,173,OK,OK,OK
2026-07-31T00:15:48.293068Z,3299,243.6,173,OK,OK,OK
2026-07-31T00:15:53.754047Z,3319,243.6,173,OK,OK,OK
2026-07-31T00:15:59.270224Z,3304,243.6,173,OK,OK,OK
2026-07-31T00:16:04.675186Z,3278,243.6,173,OK,OK,OK
2026-07-31T00:16:10.122773Z,3302,243.9,173,OK,OK,OK
2026-07-31T00:16:15.593030Z,3287,243.9,173,OK,OK,OK
2026-07-31T00:16:21.073791Z,3289,243.9,173,OK,OK,OK
2026-07-31T00:16:26.582097Z,3301,243.9,173,OK,OK,OK
2026-07-31T00:16:32.098116Z,3295,243.9,173,OK,OK,OK
2026-07-31T00:16:37.583918Z,3288,243.9,173,OK,OK,OK
2026-07-31T00:16:43.040947Z,3292,244.0,173,OK,OK,OK
2026-07-31T00:16:48.502242Z,3305,243.9,173,OK,OK,OK
2026-07-31T00:16:53.986224Z,3287,244.0,173,OK,OK,OK
2026-07-31T00:16:59.470585Z,3302,244.0,173,OK,OK,OK
2026-07-31T00:17:05.005228Z,3285,243.6,173,OK,OK,OK
2026-07-31T00:17:10.490675Z,3281,243.9,173,OK,OK,OK
2026-07-31T00:17:15.979882Z,3278,243.9,173,OK,OK,OK
2026-07-31T00:17:21.518607Z,3295,243.9,173,OK,OK,OK
2026-07-31T00:17:26.971393Z,3281,243.9,173,OK,OK,OK
2026-07-31T00:17:32.439217Z,3304,243.9,173,OK,OK,OK
2026-07-31T00:17:37.921919Z,3301,243.8,173,OK,OK,OK
2026-07-31T00:17:43.399901Z,1782,244.6,173,OK,OK,OK
2026-07-31T00:17:48.882020Z,1793,244.7,173,OK,OK,OK
2026-07-31T00:17:54.392727Z,1790,244.7,173,OK,OK,OK
2026-07-31T00:17:59.878912Z,1783,244.8,173,OK,OK,OK
2026-07-31T00:18:05.394009Z,1786,244.7,173,OK,OK,OK
2026-07-31T00:18:10.891044Z,1782,244.5,173,OK,OK,OK
2026-07-31T00:18:16.375249Z,1803,244.6,173,OK,OK,OK
2026-07-31T00:18:21.880551Z,1783,244.5,173,OK,OK,OK
2026-07-31T00:18:27.406990Z,1786,244.5,173,OK,OK,OK
2026-07-31T00:18:32.874032Z,1784,244.5,173,OK,OK,OK
2026-07-31T00:18:38.367315Z,1781,244.6,173,OK,OK,OK
2026-07-31T00:18:43.821538Z,1776,244.0,173,OK,OK,OK
2026-07-31T00:18:49.298108Z,1780,244.5,173,OK,OK,OK
2026-07-31T00:18:54.795278Z,1786,244.5,173,OK,OK,OK
2026-07-31T00:19:00.300637Z,1786,244.3,173,OK,OK,OK
2026-07-31T00:19:05.823768Z,1782,244.5,173,OK,OK,OK
2026-07-31T00:19:11.293826Z,1787,244.5,173,OK,OK,OK
2026-07-31T00:19:16.785042Z,1779,244.5,173,OK,OK,OK
2026-07-31T00:19:22.237164Z,1779,244.6,173,OK,OK,OK
2026-07-31T00:19:27.738512Z,1811,244.5,173,OK,OK,OK
2026-07-31T00:19:33.203808Z,1821,244.6,173,OK,OK,OK
2026-07-31T00:19:38.725098Z,1789,244.5,173,OK,OK,OK
2026-07-31T00:19:44.215126Z,1786,244.5,173,OK,OK,OK
2026-07-31T00:19:49.733649Z,1791,244.5,173,OK,OK,OK
2026-07-31T00:19:55.195351Z,1787,244.5,173,OK,OK,OK
2026-07-31T00:20:00.703490Z,1797,244.5,173,OK,OK,OK
2026-07-31T00:20:06.185508Z,1788,244.5,173,OK,OK,OK
2026-07-31T00:20:11.682196Z,1784,244.5,173,OK,OK,OK
2026-07-31T00:20:17.156108Z,1787,244.5,173,OK,OK,OK
2026-07-31T00:20:22.642418Z,1770,244.6,173,OK,OK,OK
2026-07-31T00:20:28.147346Z,1781,244.5,173,OK,OK,OK
2026-07-31T00:20:33.638750Z,1771,244.1,173,OK,OK,OK
2026-07-31T00:20:39.117081Z,1775,244.6,173,OK,OK,OK
2026-07-31T00:20:44.638831Z,1776,244.6,173,OK,OK,OK
2026-07-31T00:20:50.138107Z,1795,244.6,173,OK,OK,OK
2026-07-31T00:20:55.630114Z,1778,244.6,173,OK,OK,OK
2026-07-31T00:21:01.112380Z,1773,244.6,173,OK,OK,OK
2026-07-31T00:21:06.546361Z,1774,244.6,173,OK,OK,OK
2026-07-31T00:21:12.025614Z,1768,244.5,173,OK,OK,OK
2026-07-31T00:21:17.477537Z,1777,244.6,173,OK,OK,OK
2026-07-31T00:21:22.962654Z,1773,244.6,173,OK,OK,OK
2026-07-31T00:21:28.427343Z,1776,244.6,173,OK,OK,OK
2026-07-31T00:21:33.942837Z,1769,244.6,173,OK,OK,OK
2026-07-31T00:21:39.405662Z,1766,244.6,173,OK,OK,OK
2026-07-31T00:21:44.894073Z,1767,244.8,173,OK,OK,OK
2026-07-31T00:21:50.383266Z,1780,244.8,173,OK,OK,OK
2026-07-31T00:21:55.851527Z,1782,244.8,173,OK,OK,OK
2026-07-31T00:22:01.343721Z,1769,244.7,173,OK,OK,OK
2026-07-31T00:22:06.800211Z,1776,244.7,173,OK,OK,OK
2026-07-31T00:22:12.259865Z,1769,244.3,173,OK,OK,OK
2026-07-31T00:22:17.732366Z,1772,244.7,173,OK,OK,OK
2026-07-31T00:22:23.234098Z,1769,244.6,173,OK,OK,OK
2026-07-31T00:22:28.696365Z,1788,244.6,173,OK,OK,OK
2026-07-31T00:22:34.197293Z,1829,244.6,173,OK,OK,OK
2026-07-31T00:22:39.676168Z,1781,244.6,173,OK,OK,OK
2026-07-31T00:22:45.169786Z,1807,244.7,173,OK,OK,OK
2026-07-31T00:22:50.680041Z,1823,244.8,173,OK,OK,OK
2026-07-31T00:22:56.180968Z,1812,244.8,173,OK,OK,OK
2026-07-31T00:23:01.658450Z,1807,244.8,173,OK,OK,OK
2026-07-31T00:23:07.103662Z,1808,244.8,173,OK,OK,OK
2026-07-31T00:23:12.585728Z,1808,244.8,173,OK,OK,OK
2026-07-31T00:23:18.053345Z,1818,244.8,173,OK,OK,OK
2026-07-31T00:23:23.500865Z,1819,244.8,173,OK,OK,OK
2026-07-31T00:23:28.951379Z,1879,244.7,173,OK,OK,OK
2026-07-31T00:23:34.459600Z,1814,244.7,173,OK,OK,OK
2026-07-31T00:23:39.931725Z,1813,244.7,173,OK,OK,OK
2026-07-31T00:23:45.435406Z,1803,244.7,173,OK,OK,OK
2026-07-31T00:23:50.912179Z,1817,244.4,173,OK,OK,OK
2026-07-31T00:23:56.379222Z,1843,244.8,173,OK,OK,OK
2026-07-31T00:24:01.859634Z,1836,244.8,173,OK,OK,OK
2026-07-31T00:24:07.334430Z,1837,244.7,173,OK,OK,OK
2026-07-31T00:24:12.845023Z,1821,244.8,173,OK,OK,OK
2026-07-31T00:24:18.343170Z,1823,244.7,173,OK,OK,OK
2026-07-31T00:24:23.831541Z,1817,244.5,173,OK,OK,OK
2026-07-31T00:24:29.323717Z,1835,244.6,173,OK,OK,OK
2026-07-31T00:24:34.828402Z,1982,244.5,173,OK,OK,OK
2026-07-31T00:24:40.306381Z,1824,244.6,173,OK,OK,OK
2026-07-31T00:24:45.753219Z,1830,244.7,173,OK,OK,OK
2026-07-31T00:24:51.232273Z,1840,244.7,173,OK,OK,OK
2026-07-31T00:24:56.743183Z,1955,244.7,173,OK,OK,OK
2026-07-31T00:25:02.227014Z,1826,244.9,173,OK,OK,OK
2026-07-31T00:25:07.677372Z,1932,244.7,173,OK,OK,OK
2026-07-31T00:25:13.146711Z,1950,244.7,173,OK,OK,OK
2026-07-31T00:25:18.654344Z,1948,244.7,173,OK,OK,OK
2026-07-31T00:25:24.192696Z,1942,244.7,173,OK,OK,OK
2026-07-31T00:25:29.677508Z,1954,244.8,173,OK,OK,OK
2026-07-31T00:25:35.166888Z,1940,244.7,173,OK,OK,OK
2026-07-31T00:25:40.649748Z,1960,244.4,173,OK,OK,OK
2026-07-31T00:25:46.121432Z,1946,244.8,173,OK,OK,OK
2026-07-31T00:25:51.625420Z,1946,244.7,173,OK,OK,OK
2026-07-31T00:25:57.127014Z,1937,244.7,173,OK,OK,OK
2026-07-31T00:26:02.619121Z,1958,244.8,173,OK,OK,OK
2026-07-31T00:26:08.082148Z,1951,244.7,173,OK,OK,OK
2026-07-31T00:26:13.577519Z,1948,244.7,173,OK,OK,OK
2026-07-31T00:26:19.094536Z,1944,244.7,173,OK,OK,OK
2026-07-31T00:26:24.524128Z,1928,244.6,173,OK,OK,OK
2026-07-31T00:26:30.005451Z,1928,244.7,173,OK,OK,OK
2026-07-31T00:26:35.456352Z,1938,244.7,173,OK,OK,OK
2026-07-31T00:26:40.941370Z,1828,244.8,173,OK,OK,OK
2026-07-31T00:26:46.426267Z,1819,244.8,173,OK,OK,OK
2026-07-31T00:26:51.924081Z,1811,244.7,173,OK,OK,OK
2026-07-31T00:26:57.420917Z,1814,244.6,173,OK,OK,OK
2026-07-31T00:27:02.872998Z,1809,244.7,173,OK,OK,OK
2026-07-31T00:27:08.354051Z,1820,244.6,173,OK,OK,OK
2026-07-31T00:27:13.858624Z,1820,244.6,173,OK,OK,OK
2026-07-31T00:27:19.366925Z,1822,244.3,173,OK,OK,OK
2026-07-31T00:27:24.871958Z,1823,244.6,173,OK,OK,OK
2026-07-31T00:27:30.378613Z,1844,244.4,173,OK,OK,OK
2026-07-31T00:27:35.838264Z,1816,244.6,87,OK,OK,OK
2026-07-31T00:27:41.348493Z,1814,244.6,87,OK,OK,OK
2026-07-31T00:27:46.777632Z,1819,244.6,87,OK,OK,OK
2026-07-31T00:27:52.258620Z,1807,244.7,87,OK,OK,OK
2026-07-31T00:27:57.707119Z,1820,244.7,87,OK,OK,OK
2026-07-31T00:28:03.179567Z,1809,244.7,87,OK,OK,OK
2026-07-31T00:28:08.655162Z,1813,244.6,87,OK,OK,OK
2026-07-31T00:28:14.149378Z,1810,244.7,87,OK,OK,OK
2026-07-31T00:28:19.634068Z,1809,244.6,87,OK,OK,OK
2026-07-31T00:28:25.162767Z,1818,244.6,87,OK,OK,OK
2026-07-31T00:28:30.646353Z,1919,244.6,87,OK,OK,OK
2026-07-31T00:28:36.118085Z,1904,244.6,87,OK,OK,OK
2026-07-31T00:28:41.632815Z,1928,244.5,87,OK,OK,OK
2026-07-31T00:28:47.122122Z,1886,244.5,87,OK,OK,OK
2026-07-31T00:28:52.617127Z,1882,244.6,87,OK,OK,OK
2026-07-31T00:28:58.102875Z,1881,244.1,87,OK,OK,OK
2026-07-31T00:29:03.616047Z,1880,244.7,87,OK,OK,OK
2026-07-31T00:29:09.109475Z,1884,244.7,87,OK,OK,OK
2026-07-31T00:29:14.630803Z,2015,244.5,87,OK,OK,OK
2026-07-31T00:29:20.097446Z,2010,244.5,87,OK,OK,OK
2026-07-31T00:29:25.569558Z,2011,244.4,87,OK,OK,OK
2026-07-31T00:29:31.015113Z,2005,244.5,87,OK,OK,OK
2026-07-31T00:29:36.486497Z,2012,244.5,87,OK,OK,OK
2026-07-31T00:29:41.948975Z,1997,244.5,87,OK,OK,OK
2026-07-31T00:29:47.419524Z,2036,244.5,87,OK,OK,OK
2026-07-31T00:29:52.907535Z,2007,244.3,87,OK,OK,OK
2026-07-31T00:29:58.383032Z,2008,244.5,87,OK,OK,OK
2026-07-31T00:30:03.901582Z,2104,244.5,87,OK,OK,OK
2026-07-31T00:30:09.383657Z,2103,244.4,87,OK,OK,OK
2026-07-31T00:30:14.841113Z,2118,244.4,87,OK,OK,OK
2026-07-31T00:30:20.322047Z,1992,244.5,87,OK,OK,OK
2026-07-31T00:30:25.858874Z,2013,244.3,87,OK,OK,OK
2026-07-31T00:30:31.343958Z,2004,244.5,87,OK,OK,OK
2026-07-31T00:30:36.834423Z,1997,244.0,87,OK,OK,OK
2026-07-31T00:30:42.318203Z,2012,244.3,87,OK,OK,OK
2026-07-31T00:30:47.799939Z,1994,244.3,87,OK,OK,OK
2026-07-31T00:30:53.232412Z,1993,244.4,87,OK,OK,OK
2026-07-31T00:30:58.720613Z,1988,244.4,87,OK,OK,OK
2026-07-31T00:31:04.165373Z,1980,244.4,87,OK,OK,OK
2026-07-31T00:31:09.645074Z,1982,244.4,87,OK,OK,OK
2026-07-31T00:31:15.130909Z,1983,244.2,87,OK,OK,OK
2026-07-31T00:31:20.624371Z,1975,244.2,87,OK,OK,OK
2026-07-31T00:31:26.119824Z,1977,244.2,87,OK,OK,OK
2026-07-31T00:31:31.609487Z,1975,244.2,87,OK,OK,OK
2026-07-31T00:31:37.112665Z,1968,244.1,87,OK,OK,OK
2026-07-31T00:31:42.616259Z,1980,244.0,87,OK,OK,OK
2026-07-31T00:31:48.143253Z,1987,244.1,87,OK,OK,OK
2026-07-31T00:31:53.633584Z,1952,244.1,87,OK,OK,OK
2026-07-31T00:31:59.129696Z,2088,244.0,87,OK,OK,OK
2026-07-31T00:32:04.639147Z,2076,244.2,87,OK,OK,OK
2026-07-31T00:32:10.116076Z,2040,243.8,87,OK,OK,OK
2026-07-31T00:32:15.650284Z,2044,244.2,87,OK,OK,OK
2026-07-31T00:32:21.167412Z,2048,244.1,87,OK,OK,OK
2026-07-31T00:32:26.668549Z,2047,244.2,87,OK,OK,OK
2026-07-31T00:32:32.136533Z,1956,244.2,87,OK,OK,OK
2026-07-31T00:32:37.571697Z,1942,244.3,87,OK,OK,OK
2026-07-31T00:32:43.078492Z,1928,244.2,87,OK,OK,OK
2026-07-31T00:32:48.561336Z,1948,244.2,87,OK,OK,OK
2026-07-31T00:32:54.033602Z,1935,244.3,87,OK,OK,OK
2026-07-31T00:32:59.483488Z,1929,244.3,87,OK,OK,OK
2026-07-31T00:33:04.978191Z,1942,244.3,87,OK,OK,OK
2026-07-31T00:33:10.433969Z,1926,244.3,87,OK,OK,OK
2026-07-31T00:33:15.935787Z,1932,244.3,87,OK,OK,OK
2026-07-31T00:33:21.441335Z,1932,244.3,87,OK,OK,OK
2026-07-31T00:33:26.919893Z,1929,244.1,87,OK,OK,OK
2026-07-31T00:33:32.423297Z,1930,244.2,87,OK,OK,OK
2026-07-31T00:33:37.949745Z,1933,244.4,87,OK,OK,OK
2026-07-31T00:33:43.435571Z,1931,244.3,87,OK,OK,OK
2026-07-31T00:33:48.948194Z,1933,244.4,87,OK,OK,OK
2026-07-31T00:33:54.461927Z,1926,244.0,87,OK,OK,OK
2026-07-31T00:33:59.944993Z,1967,244.3,87,OK,OK,OK
2026-07-31T00:34:05.470090Z,1945,244.3,87,OK,OK,OK
2026-07-31T00:34:10.988972Z,1928,244.4,87,OK,OK,OK
2026-07-31T00:34:16.459152Z,1949,244.3,87,OK,OK,OK
2026-07-31T00:34:21.926967Z,1946,244.4,87,OK,OK,OK
2026-07-31T00:34:27.440652Z,1940,244.3,87,OK,OK,OK
2026-07-31T00:34:32.960757Z,1961,244.3,87,OK,OK,OK
2026-07-31T00:34:38.420724Z,1940,244.3,87,OK,OK,OK
2026-07-31T00:34:43.914242Z,1966,244.3,87,OK,OK,OK
2026-07-31T00:34:49.368876Z,1935,244.3,87,OK,OK,OK
2026-07-31T00:34:54.840155Z,2055,244.3,87,OK,OK,OK
2026-07-31T00:35:00.312403Z,2918,243.9,87,OK,OK,OK
2026-07-31T00:35:05.782726Z,3363,243.8,87,OK,OK,OK
2026-07-31T00:35:11.247837Z,3424,243.7,87,OK,OK,OK
2026-07-31T00:35:16.753880Z,3414,243.8,87,OK,OK,OK
2026-07-31T00:35:22.244751Z,3413,243.6,87,OK,OK,OK
2026-07-31T00:35:27.736724Z,3407,243.8,87,OK,OK,OK
2026-07-31T00:35:33.213787Z,3559,243.3,87,OK,OK,OK
2026-07-31T00:35:39.265211Z,3598,243.7,87,OK,OK,OK
2026-07-31T00:35:44.787962Z,3575,243.7,87,OK,OK,OK
2026-07-31T00:35:50.262827Z,3564,243.7,87,OK,OK,OK
2026-07-31T00:35:55.784914Z,3582,243.7,87,OK,OK,OK
2026-07-31T00:36:01.280445Z,3594,243.7,87,OK,OK,OK
2026-07-31T00:36:06.770855Z,3565,243.6,87,OK,OK,OK
2026-07-31T00:36:12.276553Z,3562,243.7,87,OK,OK,OK
2026-07-31T00:36:17.756678Z,3610,243.7,87,OK,OK,OK
2026-07-31T00:36:23.293907Z,3586,243.7,87,OK,OK,OK
2026-07-31T00:36:28.780833Z,3588,243.7,87,OK,OK,OK
2026-07-31T00:36:34.287694Z,3587,243.7,87,OK,OK,OK
2026-07-31T00:36:39.787662Z,3577,243.7,87,OK,OK,OK
2026-07-31T00:36:45.234654Z,3579,243.7,87,OK,OK,OK
2026-07-31T00:36:50.718416Z,3599,243.7,87,OK,OK,OK
2026-07-31T00:36:56.209841Z,3605,243.7,87,OK,OK,OK
2026-07-31T00:37:01.683338Z,3585,243.6,87,OK,OK,OK
2026-07-31T00:37:07.196691Z,3582,243.3,87,OK,OK,OK
2026-07-31T00:37:12.667547Z,3607,243.7,87,OK,OK,OK
2026-07-31T00:37:18.158428Z,3613,243.6,87,OK,OK,OK
2026-07-31T00:37:23.649628Z,3590,243.6,87,OK,OK,OK
2026-07-31T00:37:29.173239Z,3615,243.6,87,OK,OK,OK
2026-07-31T00:37:34.647012Z,3616,243.6,87,OK,OK,OK
2026-07-31T00:37:40.168665Z,3588,243.6,87,OK,OK,OK
2026-07-31T00:37:45.642675Z,3584,243.7,87,OK,OK,OK
2026-07-31T00:37:51.136183Z,3568,243.4,87,OK,OK,OK
2026-07-31T00:37:56.636545Z,3577,243.5,87,OK,OK,OK
2026-07-31T00:38:02.105897Z,3603,243.5,87,OK,OK,OK
2026-07-31T00:38:07.577644Z,3583,243.7,87,OK,OK,OK
2026-07-31T00:38:13.078979Z,3590,243.5,87,OK,OK,OK
2026-07-31T00:38:18.649436Z,3595,243.5,87,OK,OK,OK
2026-07-31T00:38:24.158059Z,3582,243.7,87,OK,OK,OK
2026-07-31T00:38:29.596900Z,3595,243.7,87,OK,OK,OK
2026-07-31T00:38:35.117124Z,3578,243.5,87,OK,OK,OK
2026-07-31T00:38:40.560455Z,3578,243.6,87,OK,OK,OK
2026-07-31T00:38:46.060352Z,3588,243.6,87,OK,OK,OK
2026-07-31T00:38:51.555557Z,3566,243.3,87,OK,OK,OK
2026-07-31T00:38:56.992949Z,3577,243.7,87,OK,OK,OK
2026-07-31T00:39:02.457661Z,3583,243.8,87,OK,OK,OK
2026-07-31T00:39:07.939984Z,3578,243.8,87,OK,OK,OK
2026-07-31T00:39:13.419660Z,3585,243.8,87,OK,OK,OK
2026-07-31T00:39:18.900287Z,3583,243.8,87,OK,OK,OK
2026-07-31T00:39:24.357136Z,3482,243.9,87,OK,OK,OK
2026-07-31T00:39:29.865694Z,3497,243.9,87,OK,OK,OK
2026-07-31T00:39:35.368610Z,3488,243.9,87,OK,OK,OK
2026-07-31T00:39:40.885987Z,3513,243.7,87,OK,OK,OK
2026-07-31T00:39:46.383587Z,3465,243.7,87,OK,OK,OK
2026-07-31T00:39:51.831181Z,3471,243.8,87,OK,OK,OK
2026-07-31T00:39:57.311547Z,3535,244.0,87,OK,OK,OK
2026-07-31T00:40:02.781213Z,3472,243.8,87,OK,OK,OK
2026-07-31T00:40:08.240181Z,3486,243.8,87,OK,OK,OK
2026-07-31T00:40:13.767746Z,3474,243.9,87,OK,OK,OK
2026-07-31T00:40:19.222662Z,3468,243.9,87,OK,OK,OK
2026-07-31T00:40:24.736832Z,3464,243.4,87,OK,OK,OK
2026-07-31T00:40:30.221087Z,3487,243.9,87,OK,OK,OK
2026-07-31T00:40:35.742661Z,3477,243.9,87,OK,OK,OK
2026-07-31T00:40:41.233399Z,3471,243.8,87,OK,OK,OK
2026-07-31T00:40:46.753772Z,3467,243.7,87,OK,OK,OK
2026-07-31T00:40:52.231915Z,3467,243.7,87,OK,OK,OK
2026-07-31T00:40:57.732696Z,3469,243.6,87,OK,OK,OK
2026-07-31T00:41:03.205906Z,3460,243.6,87,OK,OK,OK
2026-07-31T00:41:08.728166Z,3484,243.6,87,OK,OK,OK
2026-07-31T00:41:14.247406Z,3461,243.7,87,OK,OK,OK
2026-07-31T00:41:19.763363Z,3470,243.7,87,OK,OK,OK
2026-07-31T00:41:25.292091Z,3467,243.6,87,OK,OK,OK
2026-07-31T00:41:30.824294Z,3462,243.6,87,OK,OK,OK
2026-07-31T00:41:36.336495Z,3470,243.7,87,OK,OK,OK
2026-07-31T00:41:41.829303Z,3460,243.7,87,OK,OK,OK
2026-07-31T00:41:47.342946Z,3460,243.8,87,OK,OK,OK
2026-07-31T00:41:52.818675Z,3470,243.9,87,OK,OK,OK
2026-07-31T00:41:58.290551Z,3488,243.9,87,OK,OK,OK
2026-07-31T00:42:03.753225Z,3566,243.4,87,OK,OK,OK
2026-07-31T00:42:09.274617Z,3573,243.8,87,OK,OK,OK
2026-07-31T00:42:14.752021Z,3579,243.8,87,OK,OK,OK
2026-07-31T00:42:20.232929Z,2083,244.2,87,OK,OK,OK
2026-07-31T00:42:25.667163Z,2085,244.2,87,OK,OK,OK
2026-07-31T00:42:31.151510Z,2091,244.3,87,OK,OK,OK
2026-07-31T00:42:36.599201Z,1963,244.4,87,OK,OK,OK
2026-07-31T00:42:42.106460Z,1972,244.4,87,OK,OK,OK
2026-07-31T00:42:47.563197Z,1976,244.4,13,OK,OK,OK
2026-07-31T00:42:53.061894Z,1961,244.4,13,OK,OK,OK
2026-07-31T00:42:58.567351Z,1973,244.4,13,OK,OK,OK
2026-07-31T00:43:04.015348Z,1952,244.0,13,OK,OK,OK
2026-07-31T00:43:09.512796Z,1954,244.2,13,OK,OK,OK
2026-07-31T00:43:15.028370Z,1959,244.2,13,OK,OK,OK
2026-07-31T00:43:20.472259Z,1961,244.4,13,OK,OK,OK
2026-07-31T00:43:25.995637Z,1976,244.2,13,OK,OK,OK
2026-07-31T00:43:31.499441Z,1954,244.4,13,OK,OK,OK
2026-07-31T00:43:36.973470Z,1978,244.0,13,OK,OK,OK
2026-07-31T00:43:42.460730Z,1953,244.3,13,OK,OK,OK
2026-07-31T00:43:47.902051Z,1970,244.4,13,OK,OK,OK
2026-07-31T00:43:53.423558Z,1964,244.5,13,OK,OK,OK
2026-07-31T00:43:58.863101Z,1962,244.5,13,OK,OK,OK
2026-07-31T00:44:04.358826Z,3631,243.7,13,OK,OK,OK
2026-07-31T00:44:09.827078Z,3665,243.7,13,OK,OK,OK
2026-07-31T00:44:15.311603Z,3644,243.8,13,OK,OK,OK
2026-07-31T00:44:20.763909Z,1984,244.4,13,OK,OK,OK
2026-07-31T00:44:26.210198Z,1986,244.4,13,OK,OK,OK
2026-07-31T00:44:31.664772Z,1979,244.4,13,OK,OK,OK
2026-07-31T00:44:37.154310Z,1982,244.4,13,OK,OK,OK
2026-07-31T00:44:42.609229Z,1983,244.4,13,OK,OK,OK
2026-07-31T00:44:48.043669Z,1997,244.4,13,OK,OK,OK
2026-07-31T00:44:53.550599Z,1977,244.5,13,OK,OK,OK
2026-07-31T00:44:58.991954Z,1977,244.5,13,OK,OK,OK
2026-07-31T00:45:04.478138Z,1983,244.3,13,OK,OK,OK
2026-07-31T00:45:09.971918Z,1956,244.4,13,OK,OK,OK
2026-07-31T00:45:15.500922Z,2078,243.9,13,OK,OK,OK
2026-07-31T00:45:21.001484Z,2084,244.3,13,OK,OK,OK
2026-07-31T00:45:26.506956Z,2080,244.3,13,OK,OK,OK
2026-07-31T00:45:31.984198Z,2077,244.5,13,OK,OK,OK
2026-07-31T00:45:37.432559Z,2122,244.4,13,OK,OK,OK
2026-07-31T00:45:42.889449Z,2078,244.5,13,OK,OK,OK
2026-07-31T00:45:48.371783Z,2078,244.5,13,OK,OK,OK
2026-07-31T00:45:53.846865Z,2146,244.5,13,OK,OK,OK
2026-07-31T00:45:59.369384Z,2064,243.9,13,OK,OK,OK
2026-07-31T00:46:04.827673Z,2066,243.5,13,OK,OK,OK
2026-07-31T00:46:10.285205Z,1949,243.6,13,OK,OK,OK
2026-07-31T00:46:15.785944Z,1954,243.6,13,OK,OK,OK
2026-07-31T00:46:21.226443Z,1957,243.5,13,OK,OK,OK
2026-07-31T00:46:26.747866Z,1950,243.5,13,OK,OK,OK
2026-07-31T00:46:32.238714Z,1963,243.6,13,OK,OK,OK
2026-07-31T00:46:37.762945Z,1942,243.6,13,OK,OK,OK
2026-07-31T00:46:43.235027Z,1954,243.6,13,OK,OK,OK
2026-07-31T00:46:48.685322Z,1965,243.5,13,OK,OK,OK
2026-07-31T00:46:54.195556Z,1949,243.3,13,OK,OK,OK
2026-07-31T00:46:59.717564Z,1950,243.5,13,OK,OK,OK
2026-07-31T00:47:05.176428Z,1948,243.6,13,OK,OK,OK
2026-07-31T00:47:10.715124Z,1959,243.5,13,OK,OK,OK
2026-07-31T00:47:16.175256Z,1954,243.5,13,OK,OK,OK
2026-07-31T00:47:21.682391Z,1970,243.5,13,OK,OK,OK
2026-07-31T00:47:27.163671Z,1959,243.5,13,OK,OK,OK
2026-07-31T00:47:32.678301Z,1968,243.3,13,OK,OK,OK
2026-07-31T00:47:38.159157Z,1955,243.5,13,OK,OK,OK
2026-07-31T00:47:43.656433Z,1958,243.5,13,OK,OK,OK
2026-07-31T00:47:49.117755Z,1974,243.5,13,OK,OK,OK
2026-07-31T00:47:54.601215Z,1958,243.5,13,OK,OK,OK
2026-07-31T00:48:00.088745Z,1966,243.5,13,OK,OK,OK
2026-07-31T00:48:05.514361Z,1950,243.5,13,OK,OK,OK
2026-07-31T00:48:11.035838Z,1941,243.4,13,OK,OK,OK
2026-07-31T00:48:16.479519Z,1942,243.5,13,OK,OK,OK
2026-07-31T00:48:22.000671Z,1978,243.4,13,OK,OK,OK
2026-07-31T00:48:27.459666Z,1963,243.4,13,OK,OK,OK
2026-07-31T00:48:32.990768Z,1950,243.1,13,OK,OK,OK
2026-07-31T00:48:38.493522Z,1974,243.4,13,OK,OK,OK
2026-07-31T00:48:43.966930Z,1944,243.4,13,OK,OK,OK
2026-07-31T00:48:49.472811Z,1953,243.4,13,OK,OK,OK
2026-07-31T00:48:54.961671Z,1929,243.4,13,OK,OK,OK
2026-07-31T00:49:01.020931Z,1942,243.4,13,OK,OK,OK
2026-07-31T00:49:06.490759Z,1943,243.4,13,OK,OK,OK
2026-07-31T00:49:11.983027Z,1944,243.4,13,OK,OK,OK
2026-07-31T00:49:17.482367Z,1943,243.5,13,OK,OK,OK
2026-07-31T00:49:22.962280Z,1952,243.5,13,OK,OK,OK
2026-07-31T00:49:28.473554Z,1961,243.4,13,OK,OK,OK
2026-07-31T00:49:33.988686Z,1946,243.3,13,OK,OK,OK
2026-07-31T00:49:39.471399Z,1939,243.3,13,OK,OK,OK
2026-07-31T00:49:44.960976Z,1971,243.4,13,OK,OK,OK
2026-07-31T00:49:50.430467Z,2053,243.2,13,OK,OK,OK
2026-07-31T00:49:55.867151Z,2080,243.2,13,OK,OK,OK
2026-07-31T00:50:01.398709Z,2062,243.2,13,OK,OK,OK
2026-07-31T00:50:06.842010Z,2041,242.9,13,OK,OK,OK
2026-07-31T00:50:12.314328Z,2056,243.4,13,OK,OK,OK
2026-07-31T00:50:17.774458Z,2055,243.4,13,OK,OK,OK
2026-07-31T00:50:23.256780Z,2044,243.4,13,OK,OK,OK
2026-07-31T00:50:28.710491Z,2070,243.3,13,OK,OK,OK
2026-07-31T00:50:34.195583Z,2051,243.3,13,OK,OK,OK
2026-07-31T00:50:39.670580Z,1938,243.3,13,OK,OK,OK
2026-07-31T00:50:45.136999Z,1953,243.4,13,OK,OK,OK
2026-07-31T00:50:50.647386Z,1950,243.4,13,OK,OK,OK
2026-07-31T00:50:56.152940Z,1954,243.4,13,OK,OK,OK
2026-07-31T00:51:01.634686Z,1948,243.4,13,OK,OK,OK
2026-07-31T00:51:07.076511Z,1946,243.4,13,OK,OK,OK
2026-07-31T00:51:12.609200Z,1943,243.4,13,OK,OK,OK
2026-07-31T00:51:18.161466Z,1948,243.4,13,OK,OK,OK
2026-07-31T00:51:23.664671Z,1951,243.9,13,OK,OK,OK
2026-07-31T00:51:29.108819Z,1965,243.9,13,OK,OK,OK
2026-07-31T00:51:34.600638Z,1969,243.9,13,OK,OK,OK
2026-07-31T00:51:40.102503Z,1947,244.0,13,OK,OK,OK
2026-07-31T00:51:45.585337Z,1943,243.6,13,OK,OK,OK
2026-07-31T00:51:51.033736Z,1946,243.9,13,OK,OK,OK
2026-07-31T00:51:56.541905Z,1946,243.9,13,OK,OK,OK
2026-07-31T00:52:02.018736Z,1948,243.9,13,OK,OK,OK
2026-07-31T00:52:07.502431Z,1939,243.9,13,OK,OK,OK
2026-07-31T00:52:13.002095Z,1956,243.9,13,OK,OK,OK
2026-07-31T00:52:18.499494Z,1949,244.0,13,OK,OK,OK
2026-07-31T00:52:23.995123Z,1944,243.9,13,OK,OK,OK
2026-07-31T00:52:29.508163Z,1970,243.9,13,OK,OK,OK
2026-07-31T00:52:34.975262Z,1959,243.9,13,OK,OK,OK
2026-07-31T00:52:40.425417Z,1941,243.9,13,OK,OK,OK
2026-07-31T00:52:45.931157Z,2014,244.0,13,OK,OK,OK
2026-07-31T00:52:51.368348Z,1946,244.2,13,OK,OK,OK
2026-07-31T00:52:56.869245Z,1939,244.2,13,OK,OK,OK
2026-07-31T00:53:02.348299Z,1869,244.3,13,OK,OK,OK
2026-07-31T00:53:07.845448Z,1854,244.3,13,OK,OK,OK
2026-07-31T00:53:13.304157Z,1863,244.3,13,OK,OK,OK
2026-07-31T00:53:18.796039Z,1870,243.9,13,OK,OK,OK
2026-07-31T00:53:24.273275Z,1867,244.3,13,OK,OK,OK
2026-07-31T00:53:29.823660Z,1875,244.2,13,OK,OK,OK
2026-07-31T00:53:35.274390Z,1859,244.2,13,OK,OK,OK
2026-07-31T00:53:40.725429Z,1852,244.2,13,OK,OK,OK
2026-07-31T00:53:46.258935Z,1850,244.3,13,OK,OK,OK
2026-07-31T00:53:51.760841Z,1854,244.2,13,OK,OK,OK
2026-07-31T00:53:57.257778Z,1854,244.1,13,OK,OK,OK
2026-07-31T00:54:02.737845Z,1874,244.0,13,OK,OK,OK
2026-07-31T00:54:08.215102Z,1877,244.1,13,OK,OK,OK
2026-07-31T00:54:13.632376Z,1896,244.1,13,OK,OK,OK
2026-07-31T00:54:19.132690Z,1878,244.1,13,OK,OK,OK
2026-07-31T00:54:24.596683Z,1894,244.0,13,OK,OK,OK
2026-07-31T00:54:30.157145Z,1892,244.1,13,OK,OK,OK
2026-07-31T00:54:35.638874Z,1881,244.2,13,OK,OK,OK
2026-07-31T00:54:41.108862Z,1890,244.1,13,OK,OK,OK
2026-07-31T00:54:46.608721Z,1880,244.3,13,OK,OK,OK
2026-07-31T00:54:52.113848Z,2036,243.8,13,OK,OK,OK
2026-07-31T00:54:57.611465Z,2004,244.2,13,OK,OK,OK
2026-07-31T00:55:03.094901Z,1988,244.2,13,OK,OK,OK
2026-07-31T00:55:08.593973Z,2037,244.2,13,OK,OK,OK
2026-07-31T00:55:14.071985Z,2014,244.1,13,OK,OK,OK
2026-07-31T00:55:19.566897Z,2008,244.1,13,OK,OK,OK
2026-07-31T00:55:25.030340Z,2004,244.1,13,OK,OK,OK
2026-07-31T00:55:30.511829Z,1995,244.1,13,OK,OK,OK
2026-07-31T00:55:35.943543Z,1998,244.2,13,OK,OK,OK
2026-07-31T00:55:41.426806Z,1992,244.0,13,OK,OK,OK
2026-07-31T00:55:46.909194Z,1991,243.9,13,OK,OK,OK
2026-07-31T00:55:52.387658Z,2026,243.9,13,OK,OK,OK
2026-07-31T00:55:57.827697Z,1979,244.0,13,OK,OK,OK
2026-07-31T00:56:06.370602Z,2005,243.9,13,OK,OK,OK
2026-07-31T00:56:11.827356Z,1996,243.9,13,OK,OK,OK
2026-07-31T00:56:17.334157Z,2018,243.9,13,OK,OK,OK
2026-07-31T00:56:22.833340Z,2007,243.5,13,OK,OK,OK
2026-07-31T00:56:28.341667Z,1900,244.0,13,OK,OK,OK
2026-07-31T00:56:33.867766Z,1891,243.9,13,OK,OK,OK
2026-07-31T00:56:39.364133Z,1892,243.9,13,OK,OK,OK
2026-07-31T00:56:44.853428Z,1910,243.9,13,OK,OK,OK
2026-07-31T00:56:50.346400Z,1868,243.9,13,OK,OK,OK
2026-07-31T00:56:55.828288Z,2325,243.7,13,OK,OK,OK
2026-07-31T00:57:01.312517Z,2317,243.8,13,OK,OK,OK
2026-07-31T00:57:06.834430Z,2315,243.8,13,OK,OK,OK
2026-07-31T00:57:12.337859Z,2354,243.8,13,OK,OK,OK
2026-07-31T00:57:17.847137Z,2344,244.0,13,OK,OK,OK
2026-07-31T00:57:23.331729Z,2370,243.9,13,OK,OK,OK
2026-07-31T00:57:28.817473Z,2359,243.9,13,OK,OK,OK
2026-07-31T00:57:34.436327Z,2358,243.8,13,OK,OK,OK
2026-07-31T00:57:39.964626Z,2358,244.0,13,OK,OK,OK
2026-07-31T00:57:45.420684Z,2362,244.0,13,OK,OK,OK
2026-07-31T00:57:50.923364Z,2322,243.6,13,OK,OK,OK
2026-07-31T00:57:56.423394Z,2323,244.0,13,OK,OK,OK
2026-07-31T00:58:01.907563Z,2336,244.0,0,OK,OK,OK
2026-07-31T00:58:07.438349Z,2346,244.0,0,OK,OK,OK
2026-07-31T00:58:12.931259Z,2346,244.0,0,OK,OK,OK
2026-07-31T00:58:18.376159Z,2328,244.0,0,OK,OK,OK
2026-07-31T00:58:23.850302Z,2321,244.0,0,OK,OK,OK
2026-07-31T00:58:29.313040Z,2327,244.0,0,OK,OK,OK
2026-07-31T00:58:34.854714Z,2326,244.0,0,OK,OK,OK
2026-07-31T00:58:40.339571Z,2426,243.9,0,OK,OK,OK
2026-07-31T00:58:45.863443Z,2312,244.0,0,OK,OK,OK
2026-07-31T00:58:51.318233Z,2307,244.0,0,OK,OK,OK
2026-07-31T00:58:56.815698Z,2336,244.0,0,OK,OK,OK
2026-07-31T00:59:02.320059Z,2334,244.0,0,OK,OK,OK
2026-07-31T00:59:07.811681Z,2325,244.0,0,OK,OK,OK
2026-07-31T00:59:13.290797Z,2310,243.9,0,OK,OK,OK
2026-07-31T00:59:18.726805Z,2337,243.9,0,OK,OK,OK
2026-07-31T00:59:24.225372Z,2314,243.5,0,OK,OK,OK
2026-07-31T00:59:29.675530Z,2320,243.9,0,OK,OK,OK
2026-07-31T00:59:35.168473Z,2310,244.0,0,OK,OK,OK
2026-07-31T00:59:40.640235Z,2307,243.9,0,OK,OK,OK
2026-07-31T00:59:46.105490Z,2312,243.9,0,OK,OK,OK
2026-07-31T00:59:51.546129Z,2314,244.0,0,OK,OK,OK
2026-07-31T00:59:57.023121Z,2328,244.0,0,OK,OK,OK
2026-07-31T01:00:02.492977Z,2304,243.9,0,OK,OK,OK
2026-07-31T01:00:08.008441Z,2310,243.8,0,OK,OK,OK
2026-07-31T01:00:13.500979Z,2307,243.9,0,OK,OK,OK
2026-07-31T01:00:18.968992Z,2319,243.9,0,OK,OK,OK
2026-07-31T01:00:24.468033Z,2305,243.9,0,OK,OK,OK
2026-07-31T01:00:29.910096Z,2339,243.9,0,OK,OK,OK
2026-07-31T01:00:35.387928Z,2320,243.9,0,OK,OK,OK
2026-07-31T01:00:40.847982Z,2337,244.0,0,OK,OK,OK
2026-07-31T01:00:46.352751Z,2312,244.0,0,OK,OK,OK
2026-07-31T01:00:51.799408Z,2329,244.0,0,OK,OK,OK
2026-07-31T01:00:57.286074Z,2341,243.6,0,OK,OK,OK
2026-07-31T01:01:02.796541Z,3744,243.3,0,OK,OK,OK
2026-07-31T01:01:08.318694Z,3758,243.3,0,OK,OK,OK
2026-07-31T01:01:13.745557Z,3784,243.2,0,OK,OK,OK
2026-07-31T01:01:19.262313Z,3771,243.2,0,OK,OK,OK
2026-07-31T01:01:24.737197Z,3799,243.2,0,OK,OK,OK
2026-07-31T01:01:30.215723Z,3795,243.2,0,OK,OK,OK
2026-07-31T01:01:35.715823Z,3826,243.2,0,OK,OK,OK
2026-07-31T01:01:41.242218Z,3849,243.2,0,OK,OK,OK
2026-07-31T01:01:46.731086Z,3849,243.2,0,OK,OK,OK
2026-07-31T01:01:52.177952Z,3829,243.2,0,OK,OK,OK
2026-07-31T01:01:57.630429Z,3828,243.2,0,OK,OK,OK
2026-07-31T01:02:03.080804Z,3808,243.3,0,OK,OK,OK
2026-07-31T01:02:08.554439Z,3818,243.2,0,OK,OK,OK
2026-07-31T01:02:14.018070Z,3818,243.2,0,OK,OK,OK
2026-07-31T01:02:19.482596Z,3813,243.2,0,OK,OK,OK
2026-07-31T01:02:24.982537Z,3806,243.2,0,OK,OK,OK
2026-07-31T01:02:30.456305Z,3825,243.2,0,OK,OK,OK
2026-07-31T01:02:35.928101Z,3810,243.2,0,OK,OK,OK
2026-07-31T01:02:41.405452Z,3804,243.1,0,OK,OK,OK
2026-07-31T01:02:46.871062Z,3818,243.2,0,OK,OK,OK
2026-07-31T01:02:52.365793Z,3817,243.2,0,OK,OK,OK
2026-07-31T01:02:57.869314Z,3836,243.4,0,OK,OK,OK
2026-07-31T01:03:03.358838Z,3813,243.4,0,OK,OK,OK
2026-07-31T01:03:08.866384Z,3828,243.5,0,OK,OK,OK
2026-07-31T01:03:14.313149Z,3817,243.4,0,OK,OK,OK
2026-07-31T01:03:19.801202Z,3801,243.3,0,OK,OK,OK
2026-07-31T01:03:25.328433Z,3806,243.4,0,OK,OK,OK
2026-07-31T01:03:30.846687Z,3790,243.4,0,OK,OK,OK
2026-07-31T01:03:36.336471Z,3812,243.4,0,OK,OK,OK
2026-07-31T01:03:41.835282Z,3810,243.5,0,OK,OK,OK
2026-07-31T01:03:47.337243Z,3803,243.4,0,OK,OK,OK
2026-07-31T01:03:52.844785Z,3804,243.5,0,OK,OK,OK
2026-07-31T01:03:58.365282Z,3808,243.2,0,OK,OK,OK
2026-07-31T01:04:03.862151Z,3800,243.6,0,OK,OK,OK
2026-07-31T01:04:09.347878Z,3816,243.6,0,OK,OK,OK
2026-07-31T01:04:14.833907Z,3808,243.5,0,OK,OK,OK
2026-07-31T01:04:20.350089Z,3806,243.4,0,OK,OK,OK
2026-07-31T01:04:25.867615Z,3824,243.5,0,OK,OK,OK
2026-07-31T01:04:31.355363Z,3802,243.6,0,OK,OK,OK
2026-07-31T01:04:36.839129Z,3818,243.6,0,OK,OK,OK
2026-07-31T01:04:42.301792Z,3807,243.5,0,OK,OK,OK
2026-07-31T01:04:47.820901Z,3800,243.6,0,OK,OK,OK
2026-07-31T01:04:53.250458Z,3811,243.6,0,OK,OK,OK
2026-07-31T01:04:58.774476Z,3824,243.5,0,OK,OK,OK
2026-07-31T01:05:04.246650Z,3817,243.6,0,OK,OK,OK
2026-07-31T01:05:09.725609Z,3816,243.5,0,OK,OK,OK
2026-07-31T01:05:15.223302Z,3786,243.5,0,OK,OK,OK
2026-07-31T01:05:20.677631Z,3811,243.4,0,OK,OK,OK
2026-07-31T01:05:26.177981Z,3836,243.0,0,OK,OK,OK
2026-07-31T01:05:31.693508Z,3795,243.4,0,OK,OK,OK
2026-07-31T01:05:37.178163Z,3802,243.4,0,OK,OK,OK
2026-07-31T01:05:42.656808Z,3808,243.4,0,OK,OK,OK
2026-07-31T01:05:48.094133Z,3810,243.5,0,OK,OK,OK
2026-07-31T01:05:53.598394Z,3837,243.5,0,OK,OK,OK
2026-07-31T01:05:59.110014Z,3818,243.5,0,OK,OK,OK
2026-07-31T01:06:04.574559Z,3814,243.5,0,OK,OK,OK
2026-07-31T01:06:10.059517Z,3811,243.6,0,OK,OK,OK
2026-07-31T01:06:15.518494Z,3834,243.6,0,OK,OK,OK
2026-07-31T01:06:21.002516Z,3801,243.6,0,OK,OK,OK
2026-07-31T01:06:26.499598Z,3805,243.4,0,OK,OK,OK
2026-07-31T01:06:31.977477Z,3821,243.4,0,OK,OK,OK
2026-07-31T01:06:37.483372Z,3814,243.5,0,OK,OK,OK
2026-07-31T01:06:42.971904Z,3819,243.6,0,OK,OK,OK
2026-07-31T01:06:48.445836Z,3814,243.5,0,OK,OK,OK
2026-07-31T01:06:53.878367Z,3830,243.5,0,OK,OK,OK
2026-07-31T01:06:59.390156Z,3836,243.2,0,OK,OK,OK
2026-07-31T01:07:04.842919Z,3812,243.5,0,OK,OK,OK
2026-07-31T01:07:10.327305Z,3814,243.6,0,OK,OK,OK
2026-07-31T01:07:15.795059Z,3809,243.6,0,OK,OK,OK
2026-07-31T01:07:21.297592Z,3812,243.6,0,OK,OK,OK
2026-07-31T01:07:26.738798Z,3804,243.6,0,OK,OK,OK
2026-07-31T01:07:32.252404Z,3828,243.5,0,OK,OK,OK
2026-07-31T01:07:37.725636Z,3802,243.5,0,OK,OK,OK
2026-07-31T01:07:43.234101Z,3811,243.5,0,OK,OK,OK
2026-07-31T01:07:48.747763Z,3822,243.5,0,OK,OK,OK
2026-07-31T01:07:54.230929Z,3815,243.5,0,OK,OK,OK
2026-07-31T01:07:59.717252Z,3806,243.6,0,OK,OK,OK
2026-07-31T01:08:05.215365Z,3809,243.6,0,OK,OK,OK
2026-07-31T01:08:10.693284Z,3772,243.6,0,OK,OK,OK
2026-07-31T01:08:16.160368Z,3786,243.6,0,OK,OK,OK
2026-07-31T01:08:21.671189Z,2284,244.4,0,OK,OK,OK
2026-07-31T01:08:27.208565Z,2285,244.4,0,OK,OK,OK
2026-07-31T01:08:32.718501Z,2272,244.4,0,OK,OK,OK
2026-07-31T01:08:38.187979Z,2282,244.4,0,OK,OK,OK
2026-07-31T01:08:43.708553Z,2439,244.2,0,OK,OK,OK
2026-07-31T01:08:49.169500Z,2300,244.4,0,OK,OK,OK
2026-07-31T01:08:54.673732Z,2296,244.4,0,OK,OK,OK
2026-07-31T01:09:00.111718Z,2310,244.4,0,OK,OK,OK
2026-07-31T01:09:05.621227Z,2276,244.4,0,OK,OK,OK
2026-07-31T01:09:11.093121Z,2411,244.4,0,OK,OK,OK
2026-07-31T01:09:16.605155Z,2410,244.5,0,OK,OK,OK
2026-07-31T01:09:22.103868Z,2399,244.4,0,OK,OK,OK
2026-07-31T01:09:27.609219Z,2408,244.3,0,OK,OK,OK
2026-07-31T01:09:33.103327Z,2489,244.3,0,OK,OK,OK
2026-07-31T01:09:38.606969Z,2478,244.3,0,OK,OK,OK
2026-07-31T01:09:44.083312Z,2514,244.3,0,OK,OK,OK
2026-07-31T01:09:49.559869Z,2521,244.4,0,OK,OK,OK
2026-07-31T01:09:55.043350Z,2515,243.9,0,OK,OK,OK
2026-07-31T01:10:00.520191Z,2520,244.3,0,OK,OK,OK
2026-07-31T01:10:06.029576Z,2510,244.4,0,OK,OK,OK
2026-07-31T01:10:11.461297Z,2415,244.3,0,OK,OK,OK
2026-07-31T01:10:16.946142Z,2399,244.5,0,OK,OK,OK
2026-07-31T01:10:22.392599Z,2395,244.5,0,OK,OK,OK
2026-07-31T01:10:27.882672Z,2528,244.4,0,OK,OK,OK
2026-07-31T01:10:33.358295Z,2508,244.3,0,OK,OK,OK
2026-07-31T01:10:38.852707Z,2505,244.5,0,OK,OK,OK
2026-07-31T01:10:44.369977Z,2505,244.5,0,OK,OK,OK
2026-07-31T01:10:49.879109Z,2497,244.4,0,OK,OK,OK
2026-07-31T01:10:55.339323Z,2493,244.3,0,OK,OK,OK
2026-07-31T01:11:00.814042Z,2389,244.4,0,OK,OK,OK
2026-07-31T01:11:06.326878Z,2393,244.2,0,OK,OK,OK
2026-07-31T01:11:11.807110Z,2392,244.4,0,OK,OK,OK
2026-07-31T01:11:17.283125Z,2388,244.4,0,OK,OK,OK
2026-07-31T01:11:22.768665Z,2381,244.0,0,OK,OK,OK
2026-07-31T01:11:28.271483Z,2391,244.3,0,OK,OK,OK
2026-07-31T01:11:33.727910Z,2382,244.4,0,OK,OK,OK
2026-07-31T01:11:39.239034Z,2367,244.6,0,OK,OK,OK
2026-07-31T01:11:44.676860Z,2375,244.6,0,OK,OK,OK
2026-07-31T01:11:50.185758Z,2388,244.6,0,OK,OK,OK
2026-07-31T01:11:55.640117Z,2383,244.6,0,OK,OK,OK
2026-07-31T01:12:01.146746Z,2407,244.6,0,OK,OK,OK
2026-07-31T01:12:06.634379Z,2406,244.6,0,OK,OK,OK
2026-07-31T01:12:12.133305Z,2374,244.6,0,OK,OK,OK
2026-07-31T01:12:17.669499Z,2404,244.6,0,OK,OK,OK
2026-07-31T01:12:23.172932Z,2404,244.6,0,OK,OK,OK
2026-07-31T01:12:28.680494Z,2416,244.6,0,OK,OK,OK
2026-07-31T01:12:34.174905Z,2453,244.5,0,OK,OK,OK
2026-07-31T01:12:39.642034Z,2408,244.6,0,OK,OK,OK
2026-07-31T01:12:45.129725Z,2425,244.0,0,OK,OK,OK
2026-07-31T01:12:50.678275Z,2415,244.4,0,OK,OK,OK
2026-07-31T01:12:56.154018Z,2418,244.5,0,OK,OK,OK
2026-07-31T01:13:01.630659Z,2408,244.4,0,OK,OK,OK
2026-07-31T01:13:07.134510Z,2416,244.4,0,OK,OK,OK
2026-07-31T01:13:12.626374Z,2409,244.5,0,OK,OK,OK
2026-07-31T01:13:18.064310Z,2415,244.4,0,OK,OK,OK
2026-07-31T01:13:23.556028Z,2412,244.3,0,OK,OK,OK
2026-07-31T01:13:29.028868Z,2419,244.4,0,OK,OK,OK
2026-07-31T01:13:34.500863Z,2388,244.5,0,OK,OK,OK
2026-07-31T01:13:39.986345Z,2385,244.3,0,OK,OK,OK
2026-07-31T01:13:45.477553Z,2407,244.3,0,OK,OK,OK
2026-07-31T01:13:50.965667Z,2394,244.4,0,OK,OK,OK
2026-07-31T01:13:56.426183Z,2392,244.5,0,OK,OK,OK
2026-07-31T01:14:01.931317Z,2394,244.5,0,OK,OK,OK
2026-07-31T01:14:07.419361Z,2397,244.6,0,OK,OK,OK
2026-07-31T01:14:12.909081Z,2599,243.9,0,OK,OK,OK
2026-07-31T01:14:18.412031Z,4050,243.8,0,OK,OK,OK
2026-07-31T01:14:23.851460Z,4056,243.7,0,OK,OK,OK
2026-07-31T01:14:29.325739Z,4063,243.7,0,OK,OK,OK
2026-07-31T01:14:34.817489Z,4051,243.9,0,OK,OK,OK
2026-07-31T01:14:40.281882Z,4057,244.0,0,OK,OK,OK
2026-07-31T01:14:45.758206Z,4060,243.9,0,OK,OK,OK
2026-07-31T01:14:51.233722Z,4050,243.7,0,OK,OK,OK
2026-07-31T01:14:56.715890Z,4049,243.7,0,OK,OK,OK
2026-07-31T01:15:02.177489Z,4051,243.7,0,OK,OK,OK
2026-07-31T01:15:07.667013Z,4043,243.7,0,OK,OK,OK
2026-07-31T01:15:13.156360Z,4048,243.9,0,OK,OK,OK
2026-07-31T01:15:18.680202Z,4045,243.8,0,OK,OK,OK
2026-07-31T01:15:24.145771Z,4044,243.9,0,OK,OK,OK
2026-07-31T01:15:29.646837Z,4045,243.9,0,OK,OK,OK
2026-07-31T01:15:35.150076Z,4044,243.9,0,OK,OK,OK
2026-07-31T01:15:40.629199Z,2396,244.2,0,OK,OK,OK
2026-07-31T01:15:46.089010Z,2404,244.5,0,OK,OK,OK
2026-07-31T01:15:51.550543Z,2425,244.5,0,OK,OK,OK
2026-07-31T01:15:57.058586Z,2397,244.6,0,OK,OK,OK
2026-07-31T01:16:02.498296Z,2450,244.6,0,OK,OK,OK
2026-07-31T01:16:08.035821Z,2408,244.6,0,OK,OK,OK
2026-07-31T01:16:13.482542Z,2415,244.7,0,OK,OK,OK
2026-07-31T01:16:18.982998Z,2413,244.6,0,OK,OK,OK
2026-07-31T01:16:24.449749Z,2400,244.6,0,OK,OK,OK
2026-07-31T01:16:29.939238Z,2405,244.6,0,OK,OK,OK
2026-07-31T01:16:35.469346Z,2397,244.6,0,OK,OK,OK
2026-07-31T01:16:40.958278Z,2415,244.6,0,OK,OK,OK
2026-07-31T01:16:46.404035Z,2395,244.6,0,OK,OK,OK
2026-07-31T01:16:51.877073Z,2404,244.6,0,OK,OK,OK
2026-07-31T01:16:57.380365Z,2393,244.6,0,OK,OK,OK
2026-07-31T01:17:02.819688Z,2399,244.6,0,OK,OK,OK
2026-07-31T01:17:08.288537Z,2388,244.2,0,OK,OK,OK
2026-07-31T01:17:13.734865Z,2394,244.6,0,OK,OK,OK
2026-07-31T01:17:19.220371Z,2388,244.5,0,OK,OK,OK
2026-07-31T01:17:24.684645Z,2388,244.5,0,OK,OK,OK
2026-07-31T01:17:30.236292Z,2402,244.5,0,OK,OK,OK
2026-07-31T01:17:35.732488Z,2390,244.6,0,OK,OK,OK
2026-07-31T01:17:41.212693Z,2395,244.6,0,OK,OK,OK
2026-07-31T01:17:46.688564Z,2406,244.6,0,OK,OK,OK
2026-07-31T01:17:52.158853Z,2401,244.6,0,OK,OK,OK
2026-07-31T01:17:57.667759Z,2403,244.7,0,OK,OK,OK
2026-07-31T01:18:03.124501Z,2396,244.7,0,OK,OK,OK
2026-07-31T01:18:08.633434Z,2383,244.7,0,OK,OK,OK
2026-07-31T01:18:14.073676Z,2394,244.7,0,OK,OK,OK
2026-07-31T01:18:19.625580Z,2384,244.7,0,OK,OK,OK
2026-07-31T01:18:25.067639Z,2392,244.7,0,OK,OK,OK
2026-07-31T01:18:30.575943Z,2366,244.7,0,OK,OK,OK
2026-07-31T01:18:36.032836Z,2372,244.3,0,OK,OK,OK
2026-07-31T01:18:41.536533Z,2521,244.5,0,OK,OK,OK
2026-07-31T01:18:47.013208Z,2396,244.6,0,OK,OK,OK
2026-07-31T01:18:52.532171Z,2576,244.4,0,OK,OK,OK
2026-07-31T01:18:57.992654Z,4061,243.8,0,OK,OK,OK
2026-07-31T01:19:03.465431Z,4174,243.8,0,OK,OK,OK
2026-07-31T01:19:08.978596Z,4168,243.7,0,OK,OK,OK
2026-07-31T01:19:14.468294Z,4160,243.8,0,OK,OK,OK
2026-07-31T01:19:19.938896Z,4162,243.8,0,OK,OK,OK
2026-07-31T01:19:25.402656Z,2535,244.5,0,OK,OK,OK
2026-07-31T01:19:30.911197Z,2509,244.6,0,OK,OK,OK
2026-07-31T01:19:36.396200Z,2522,244.5,0,OK,OK,OK
2026-07-31T01:19:41.887788Z,2526,244.6,0,OK,OK,OK
2026-07-31T01:19:47.316070Z,2541,244.5,0,OK,OK,OK
2026-07-31T01:19:52.855822Z,2517,244.6,0,OK,OK,OK
2026-07-31T01:19:58.329076Z,2518,244.5,0,OK,OK,OK
2026-07-31T01:20:03.820119Z,2527,244.3,0,OK,OK,OK
2026-07-31T01:20:09.316358Z,2532,244.7,0,OK,OK,OK
2026-07-31T01:20:14.792882Z,2522,244.7,0,OK,OK,OK
2026-07-31T01:20:20.287532Z,2522,244.7,0,OK,OK,OK
2026-07-31T01:20:25.746381Z,2526,244.5,0,OK,OK,OK
2026-07-31T01:20:31.257303Z,2521,244.6,0,OK,OK,OK
2026-07-31T01:20:36.761688Z,2506,244.6,0,OK,OK,OK
2026-07-31T01:20:42.220490Z,2522,244.7,0,OK,OK,OK
2026-07-31T01:20:47.684126Z,2643,244.5,0,OK,OK,OK
2026-07-31T01:20:53.167803Z,2625,244.5,0,OK,OK,OK
2026-07-31T01:20:58.599480Z,2626,244.6,0,OK,OK,OK
2026-07-31T01:21:04.087194Z,2642,244.5,0,OK,OK,OK
2026-07-31T01:21:09.564466Z,2631,244.5,0,OK,OK,OK
2026-07-31T01:21:15.049583Z,2638,244.5,0,OK,OK,OK
2026-07-31T01:21:20.519429Z,2621,244.4,0,OK,OK,OK
2026-07-31T01:21:26.000178Z,2626,244.4,0,OK,OK,OK
2026-07-31T01:21:31.534545Z,2630,244.1,0,OK,OK,OK
2026-07-31T01:21:37.068227Z,2623,244.5,0,OK,OK,OK
2026-07-31T01:21:42.540085Z,2626,244.5,0,OK,OK,OK
2026-07-31T01:21:48.026250Z,2627,244.5,0,OK,OK,OK
2026-07-31T01:21:53.523792Z,2619,244.6,0,OK,OK,OK
2026-07-31T01:21:59.027017Z,2630,244.5,0,OK,OK,OK
2026-07-31T01:22:04.500756Z,2628,244.5,0,OK,OK,OK
2026-07-31T01:22:09.981332Z,2631,244.5,0,OK,OK,OK
2026-07-31T01:22:15.503045Z,2623,244.5,0,OK,OK,OK
2026-07-31T01:22:21.033004Z,2621,244.5,0,OK,OK,OK
2026-07-31T01:22:26.541576Z,2641,244.5,0,OK,OK,OK
2026-07-31T01:22:32.057031Z,2650,244.5,0,OK,OK,OK
2026-07-31T01:22:37.533104Z,2630,244.5,0,OK,OK,OK
2026-07-31T01:22:42.994935Z,2643,244.5,0,OK,OK,OK
2026-07-31T01:22:48.524438Z,2645,244.5,0,OK,OK,OK
2026-07-31T01:22:53.981718Z,2617,244.5,0,OK,OK,OK
2026-07-31T01:22:59.492276Z,2628,244.3,0,OK,OK,OK
2026-07-31T01:23:04.947283Z,2641,244.6,0,OK,OK,OK
2026-07-31T01:23:10.423443Z,2500,244.7,0,OK,OK,OK
2026-07-31T01:23:15.902327Z,2488,244.6,0,OK,OK,OK
2026-07-31T01:23:21.381357Z,2490,244.6,0,OK,OK,OK
2026-07-31T01:23:26.830871Z,2488,244.6,0,OK,OK,OK
2026-07-31T01:23:32.357705Z,2492,244.7,0,OK,OK,OK
2026-07-31T01:23:37.839454Z,2384,244.6,0,OK,OK,OK
2026-07-31T01:23:43.345507Z,2374,244.7,0,OK,OK,OK
2026-07-31T01:23:48.806865Z,2404,244.7,0,OK,OK,OK
2026-07-31T01:23:54.283567Z,2385,244.7,0,OK,OK,OK
2026-07-31T01:23:59.792571Z,2372,244.8,0,OK,OK,OK
2026-07-31T01:24:05.279869Z,2381,244.8,0,OK,OK,OK
2026-07-31T01:24:10.755733Z,2391,244.7,0,OK,OK,OK
2026-07-31T01:24:16.326045Z,2396,244.8,0,OK,OK,OK
2026-07-31T01:24:21.833518Z,2412,244.8,0,OK,OK,OK
2026-07-31T01:24:27.341967Z,2405,244.7,0,OK,OK,OK
2026-07-31T01:24:32.820513Z,2398,244.8,0,OK,OK,OK
2026-07-31T01:24:38.258730Z,2382,243.7,0,OK,OK,OK
2026-07-31T01:24:43.743620Z,2377,243.4,0,OK,OK,OK
2026-07-31T01:24:49.188734Z,2370,243.4,0,OK,OK,OK
2026-07-31T01:24:54.689132Z,2370,243.5,0,OK,OK,OK
2026-07-31T01:25:00.146443Z,2361,243.5,0,OK,OK,OK
2026-07-31T01:25:05.656703Z,2370,243.5,0,OK,OK,OK
2026-07-31T01:25:11.159399Z,2366,243.5,0,OK,OK,OK
2026-07-31T01:25:16.644638Z,2363,243.5,0,OK,OK,OK
2026-07-31T01:25:22.144923Z,2375,243.5,0,OK,OK,OK
2026-07-31T01:25:27.622433Z,2362,243.5,0,OK,OK,OK
2026-07-31T01:25:33.108932Z,2366,243.6,0,OK,OK,OK
2026-07-31T01:25:38.626156Z,2369,243.6,0,OK,OK,OK
2026-07-31T01:25:44.153881Z,2376,243.5,0,OK,OK,OK
2026-07-31T01:25:49.625405Z,2377,243.5,0,OK,OK,OK
2026-07-31T01:25:55.102551Z,2363,243.3,0,OK,OK,OK
2026-07-31T01:26:00.631161Z,2373,243.6,0,OK,OK,OK
2026-07-31T01:26:06.097506Z,2371,243.5,0,OK,OK,OK
2026-07-31T01:26:11.567555Z,2370,243.5,0,OK,OK,OK
2026-07-31T01:26:17.026159Z,2362,243.5,0,OK,OK,OK
2026-07-31T01:26:22.524961Z,2384,243.5,0,OK,OK,OK
2026-07-31T01:26:28.030447Z,2352,243.5,0,OK,OK,OK
2026-07-31T01:26:33.491193Z,2349,243.4,0,OK,OK,OK
2026-07-31T01:26:38.968829Z,2349,243.5,0,OK,OK,OK
2026-07-31T01:26:44.421492Z,2374,243.5,0,OK,OK,OK
2026-07-31T01:26:49.906851Z,2374,243.5,0,OK,OK,OK
2026-07-31T01:26:55.432165Z,2351,243.6,0,OK,OK,OK
2026-07-31T01:27:00.923498Z,2353,243.5,0,OK,OK,OK
2026-07-31T01:27:06.384581Z,2359,243.5,0,OK,OK,OK
2026-07-31T01:27:11.849983Z,2354,243.5,0,OK,OK,OK
2026-07-31T01:27:17.330267Z,2350,243.2,0,OK,OK,OK
2026-07-31T01:27:22.802715Z,2358,243.5,0,OK,OK,OK
2026-07-31T01:27:28.283068Z,2360,243.3,0,OK,OK,OK
2026-07-31T01:27:33.779207Z,2350,243.3,0,OK,OK,OK
2026-07-31T01:27:39.300364Z,2350,243.3,0,OK,OK,OK
2026-07-31T01:27:44.755730Z,3769,242.8,0,OK,OK,OK
2026-07-31T01:27:50.265991Z,3813,242.7,0,OK,OK,OK
2026-07-31T01:27:55.769042Z,3808,242.7,0,OK,OK,OK
2026-07-31T01:28:01.261806Z,3806,242.8,0,OK,OK,OK
2026-07-31T01:28:06.760716Z,3817,242.7,0,OK,OK,OK
2026-07-31T01:28:12.270263Z,3829,242.7,0,OK,OK,OK
2026-07-31T01:28:17.731668Z,3861,242.7,0,OK,OK,OK
2026-07-31T01:28:23.198235Z,3870,242.7,0,OK,OK,OK
2026-07-31T01:28:28.708845Z,3850,242.7,0,OK,OK,OK
2026-07-31T01:28:34.226588Z,3882,242.7,0,OK,OK,OK
2026-07-31T01:28:39.692501Z,3877,242.7,0,OK,OK,OK
2026-07-31T01:28:45.210915Z,3878,242.3,0,OK,OK,OK
2026-07-31T01:28:50.698578Z,3880,242.7,0,OK,OK,OK
2026-07-31T01:28:56.171849Z,3889,242.7,0,OK,OK,OK
2026-07-31T01:29:01.652345Z,3870,242.9,0,OK,OK,OK
2026-07-31T01:29:07.165916Z,3868,242.9,0,OK,OK,OK
2026-07-31T01:29:12.687879Z,3858,242.9,0,OK,OK,OK
2026-07-31T01:29:18.189133Z,3858,242.9,0,OK,OK,OK
2026-07-31T01:29:23.698840Z,3859,242.9,0,OK,OK,OK
2026-07-31T01:29:29.140580Z,3859,242.9,0,OK,OK,OK
2026-07-31T01:29:34.608288Z,3859,242.9,0,OK,OK,OK
2026-07-31T01:29:40.103938Z,3850,242.7,0,OK,OK,OK
2026-07-31T01:29:45.569415Z,3867,242.9,0,OK,OK,OK
2026-07-31T01:29:51.072503Z,3856,242.9,0,OK,OK,OK
2026-07-31T01:29:56.577723Z,3866,242.8,0,OK,OK,OK
2026-07-31T01:30:02.050321Z,3866,243.4,0,OK,OK,OK
2026-07-31T01:30:07.541918Z,3854,243.0,0,OK,OK,OK
2026-07-31T01:30:12.981867Z,3862,243.4,0,OK,OK,OK
2026-07-31T01:30:18.417712Z,3774,243.4,0,OK,OK,OK
2026-07-31T01:30:23.922942Z,3766,243.4,0,OK,OK,OK
2026-07-31T01:30:29.444570Z,3917,243.4,0,OK,OK,OK
2026-07-31T01:30:34.940823Z,3908,243.4,0,OK,OK,OK
2026-07-31T01:30:40.391655Z,3896,243.4,0,OK,OK,OK
2026-07-31T01:30:45.841990Z,3958,243.4,0,OK,OK,OK
2026-07-31T01:30:51.322742Z,3892,243.4,0,OK,OK,OK
2026-07-31T01:30:56.802379Z,3895,243.4,0,OK,OK,OK
2026-07-31T01:31:02.272347Z,3895,243.4,0,OK,OK,OK
2026-07-31T01:31:07.781402Z,3876,243.4,0,OK,OK,OK
2026-07-31T01:31:13.236132Z,3890,243.4,0,OK,OK,OK
2026-07-31T01:31:18.705070Z,3895,243.4,0,OK,OK,OK
2026-07-31T01:31:24.180142Z,3866,243.4,0,OK,OK,OK
2026-07-31T01:31:29.652430Z,3888,243.6,0,OK,OK,OK
2026-07-31T01:31:35.138925Z,3907,243.6,0,OK,OK,OK
2026-07-31T01:31:40.628687Z,3901,243.6,0,OK,OK,OK
2026-07-31T01:31:46.116757Z,3885,243.7,0,OK,OK,OK
2026-07-31T01:31:51.562264Z,3893,243.7,0,OK,OK,OK
2026-07-31T01:31:57.029271Z,3927,243.6,0,OK,OK,OK
2026-07-31T01:32:02.499563Z,3907,243.6,0,OK,OK,OK
2026-07-31T01:32:07.963792Z,3779,243.6,0,OK,OK,OK
2026-07-31T01:32:13.464567Z,3794,243.7,0,OK,OK,OK
2026-07-31T01:32:18.947230Z,3815,243.7,0,OK,OK,OK
2026-07-31T01:32:24.426206Z,3803,243.7,0,OK,OK,OK
2026-07-31T01:32:29.963494Z,3924,243.7,0,OK,OK,OK
2026-07-31T01:32:35.437121Z,3805,243.7,0,OK,OK,OK
2026-07-31T01:32:40.919938Z,3832,243.7,0,OK,OK,OK
2026-07-31T01:32:46.403396Z,3809,243.8,0,OK,OK,OK
2026-07-31T01:32:51.900538Z,3804,243.8,0,OK,OK,OK
2026-07-31T01:32:57.365769Z,3803,243.5,0,OK,OK,OK
2026-07-31T01:33:02.855621Z,3774,243.8,0,OK,OK,OK
2026-07-31T01:33:08.306260Z,3788,243.8,0,OK,OK,OK
2026-07-31T01:33:13.777467Z,3796,243.8,0,OK,OK,OK
2026-07-31T01:33:19.276357Z,3914,243.7,0,OK,OK,OK
2026-07-31T01:33:24.791073Z,3908,243.7,0,OK,OK,OK
2026-07-31T01:33:30.301038Z,3900,243.7,0,OK,OK,OK
2026-07-31T01:33:35.802013Z,3915,243.8,0,OK,OK,OK
2026-07-31T01:33:41.295552Z,3891,243.8,0,OK,OK,OK
2026-07-31T01:33:46.778701Z,3883,243.7,0,OK,OK,OK
2026-07-31T01:33:52.293486Z,3885,243.7,0,OK,OK,OK
2026-07-31T01:33:57.786709Z,3900,243.8,0,OK,OK,OK
2026-07-31T01:34:03.289581Z,3947,243.8,0,OK,OK,OK
2026-07-31T01:34:08.797949Z,3912,243.8,0,OK,OK,OK
2026-07-31T01:34:14.286183Z,3929,243.8,0,OK,OK,OK
2026-07-31T01:34:19.769133Z,3905,243.9,0,OK,OK,OK
2026-07-31T01:34:25.235304Z,3936,243.5,0,OK,OK,OK
2026-07-31T01:34:30.762208Z,3886,243.9,0,OK,OK,OK
2026-07-31T01:34:36.279632Z,3882,244.0,0,OK,OK,OK
2026-07-31T01:34:41.749975Z,3884,244.0,0,OK,OK,OK
2026-07-31T01:34:47.271798Z,3887,244.0,0,OK,OK,OK
2026-07-31T01:34:52.770142Z,3771,244.1,0,OK,OK,OK
2026-07-31T01:34:58.284024Z,3775,244.0,0,OK,OK,OK
2026-07-31T01:35:03.733313Z,2295,244.8,0,OK,OK,OK
2026-07-31T01:35:09.197399Z,2298,244.8,0,OK,OK,OK
2026-07-31T01:35:14.672210Z,2287,244.7,0,OK,OK,OK
2026-07-31T01:35:20.170338Z,2298,244.7,0,OK,OK,OK
2026-07-31T01:35:25.674220Z,2274,244.7,0,OK,OK,OK
2026-07-31T01:35:31.162569Z,2315,244.8,0,OK,OK,OK
2026-07-31T01:35:36.656765Z,2330,244.8,0,OK,OK,OK
2026-07-31T01:35:42.131780Z,2297,244.8,0,OK,OK,OK
2026-07-31T01:35:47.625673Z,2302,244.4,0,OK,OK,OK
2026-07-31T01:35:53.109025Z,2296,244.9,0,OK,OK,OK
2026-07-31T01:35:58.592657Z,2290,245.0,0,OK,OK,OK
2026-07-31T01:36:04.075308Z,2276,244.9,0,OK,OK,OK
2026-07-31T01:36:09.577947Z,2422,244.8,0,OK,OK,OK
2026-07-31T01:36:15.038735Z,2398,244.8,0,OK,OK,OK
2026-07-31T01:36:20.530133Z,2409,244.8,0,OK,OK,OK
2026-07-31T01:36:25.989875Z,2400,244.8,0,OK,OK,OK
2026-07-31T01:36:31.471240Z,2404,244.9,0,OK,OK,OK
2026-07-31T01:36:36.964829Z,2403,244.9,0,OK,OK,OK
2026-07-31T01:36:42.402721Z,2396,244.9,0,OK,OK,OK
2026-07-31T01:36:47.904247Z,2401,244.9,0,OK,OK,OK
2026-07-31T01:36:53.392869Z,2276,245.0,0,OK,OK,OK
2026-07-31T01:36:58.900514Z,2318,245.0,0,OK,OK,OK
2026-07-31T01:37:04.416430Z,2320,245.0,0,OK,OK,OK
2026-07-31T01:37:09.875687Z,2444,244.6,0,OK,OK,OK
2026-07-31T01:37:15.368385Z,2516,244.8,0,OK,OK,OK
2026-07-31T01:37:20.826876Z,2466,244.8,0,OK,OK,OK
2026-07-31T01:37:26.309876Z,2457,244.9,0,OK,OK,OK
2026-07-31T01:37:31.787551Z,2467,244.9,0,OK,OK,OK
2026-07-31T01:37:37.286121Z,2439,244.9,0,OK,OK,OK
2026-07-31T01:37:42.721332Z,2461,244.9,0,OK,OK,OK
2026-07-31T01:37:48.218281Z,2443,244.9,0,OK,OK,OK
2026-07-31T01:37:53.716315Z,2430,244.9,0,OK,OK,OK
2026-07-31T01:37:59.194331Z,2487,244.8,0,OK,OK,OK
2026-07-31T01:38:04.678866Z,2445,244.9,0,OK,OK,OK
2026-07-31T01:38:10.182971Z,2449,244.9,0,OK,OK,OK
2026-07-31T01:38:15.719480Z,2336,245.0,0,OK,OK,OK
2026-07-31T01:38:21.208118Z,2322,245.0,0,OK,OK,OK
2026-07-31T01:38:26.750613Z,2324,244.6,0,OK,OK,OK
2026-07-31T01:38:32.257983Z,2361,245.0,0,OK,OK,OK
2026-07-31T01:38:37.778534Z,2373,245.0,0,OK,OK,OK
2026-07-31T01:38:43.305957Z,2374,245.1,0,OK,OK,OK
2026-07-31T01:38:48.818928Z,2366,245.1,0,OK,OK,OK
2026-07-31T01:38:54.336237Z,2372,245.0,0,OK,OK,OK
2026-07-31T01:38:59.821400Z,2372,245.0,0,OK,OK,OK
2026-07-31T01:39:05.363752Z,2518,245.0,0,OK,OK,OK
2026-07-31T01:39:10.871534Z,2495,244.9,0,OK,OK,OK
2026-07-31T01:39:16.339394Z,2486,244.8,0,OK,OK,OK
2026-07-31T01:39:21.839313Z,2508,244.8,0,OK,OK,OK
2026-07-31T01:39:27.368738Z,2511,244.8,0,OK,OK,OK
2026-07-31T01:39:32.831165Z,2506,244.8,0,OK,OK,OK
2026-07-31T01:39:38.325260Z,2505,244.8,0,OK,OK,OK
2026-07-31T01:39:43.811689Z,2504,244.8,0,OK,OK,OK
2026-07-31T01:39:49.329879Z,2398,244.7,0,OK,OK,OK
2026-07-31T01:39:54.843127Z,2363,245.0,0,OK,OK,OK
2026-07-31T01:40:00.318974Z,2364,245.0,0,OK,OK,OK
2026-07-31T01:40:05.805913Z,2355,245.0,0,OK,OK,OK
2026-07-31T01:40:11.247227Z,2363,245.0,0,OK,OK,OK
2026-07-31T01:40:16.746430Z,2364,245.0,0,OK,OK,OK
2026-07-31T01:40:22.214644Z,2362,244.8,0,OK,OK,OK
2026-07-31T01:40:27.680289Z,2358,245.0,0,OK,OK,OK
2026-07-31T01:40:33.163470Z,2355,245.0,0,OK,OK,OK
2026-07-31T01:40:38.645736Z,2353,244.7,0,OK,OK,OK
2026-07-31T01:40:44.126348Z,2361,244.8,0,OK,OK,OK
2026-07-31T01:40:49.611365Z,2362,244.8,0,OK,OK,OK
2026-07-31T01:40:55.095694Z,2355,244.8,0,OK,OK,OK
2026-07-31T01:41:00.581550Z,2359,244.8,0,OK,OK,OK
2026-07-31T01:41:06.099319Z,2373,244.8,0,OK,OK,OK
2026-07-31T01:41:11.537880Z,2365,244.8,0,OK,OK,OK
2026-07-31T01:41:16.981868Z,2360,244.9,0,OK,OK,OK
2026-07-31T01:41:22.461465Z,2362,244.8,0,OK,OK,OK
2026-07-31T01:41:27.953237Z,2365,244.8,0,OK,OK,OK
2026-07-31T01:41:33.428430Z,2355,244.7,0,OK,OK,OK
2026-07-31T01:41:38.896876Z,2362,244.8,0,OK,OK,OK
2026-07-31T01:41:44.321186Z,2357,244.9,0,OK,OK,OK
2026-07-31T01:41:49.807898Z,2381,244.9,0,OK,OK,OK
2026-07-31T01:41:55.306855Z,2370,244.8,0,OK,OK,OK
2026-07-31T01:42:00.778027Z,2361,244.8,0,OK,OK,OK
2026-07-31T01:42:06.271370Z,2361,244.8,0,OK,OK,OK
2026-07-31T01:42:11.729931Z,2364,244.9,0,OK,OK,OK
2026-07-31T01:42:17.199479Z,2360,244.9,0,OK,OK,OK
2026-07-31T01:42:22.683946Z,2360,244.9,0,OK,OK,OK
2026-07-31T01:42:28.127661Z,2384,244.8,0,OK,OK,OK
2026-07-31T01:42:33.623272Z,2365,244.9,0,OK,OK,OK
2026-07-31T01:42:39.123205Z,2357,244.9,0,OK,OK,OK
2026-07-31T01:42:44.616276Z,2345,244.8,0,OK,OK,OK
2026-07-31T01:42:50.126688Z,2366,244.7,0,OK,OK,OK
2026-07-31T01:42:55.625282Z,2349,244.7,0,OK,OK,OK
2026-07-31T01:43:01.128149Z,2351,244.7,0,OK,OK,OK
2026-07-31T01:43:06.624741Z,2350,244.7,0,OK,OK,OK
2026-07-31T01:43:12.134448Z,2360,244.6,0,OK,OK,OK
2026-07-31T01:43:17.634049Z,2357,244.7,0,OK,OK,OK
2026-07-31T01:43:23.125388Z,2350,244.7,0,OK,OK,OK
2026-07-31T01:43:28.595737Z,2355,244.8,0,OK,OK,OK
2026-07-31T01:43:34.044781Z,2356,244.8,0,OK,OK,OK
2026-07-31T01:43:39.528468Z,2361,244.9,0,OK,OK,OK
2026-07-31T01:43:44.998732Z,2351,244.4,0,OK,OK,OK
2026-07-31T01:43:50.440854Z,2361,244.9,0,OK,OK,OK
2026-07-31T01:43:55.946703Z,2354,245.0,0,OK,OK,OK
2026-07-31T01:44:01.418678Z,2312,244.9,0,OK,OK,OK
2026-07-31T01:44:06.914395Z,2312,244.8,0,OK,OK,OK
2026-07-31T01:44:12.398587Z,2323,244.7,0,OK,OK,OK
2026-07-31T01:44:17.880748Z,2323,244.8,0,OK,OK,OK
2026-07-31T01:44:23.369887Z,2335,244.9,0,OK,OK,OK
2026-07-31T01:44:28.883925Z,2315,244.9,0,OK,OK,OK
2026-07-31T01:44:34.384563Z,2322,244.8,0,OK,OK,OK
2026-07-31T01:44:39.827139Z,2316,244.9,0,OK,OK,OK
2026-07-31T01:44:45.288774Z,2306,244.9,0,OK,OK,OK
2026-07-31T01:44:50.778284Z,2317,245.2,0,OK,OK,OK
2026-07-31T01:44:56.255740Z,2328,245.4,0,OK,OK,OK
2026-07-31T01:45:01.751273Z,2329,245.0,0,OK,OK,OK
2026-07-31T01:45:07.205444Z,2327,245.1,0,OK,OK,OK
2026-07-31T01:45:12.639122Z,2326,245.1,0,OK,OK,OK
2026-07-31T01:45:18.117631Z,2320,245.3,0,OK,OK,OK
2026-07-31T01:45:23.572025Z,2325,245.3,0,OK,OK,OK
2026-07-31T01:45:29.052926Z,2322,245.4,0,OK,OK,OK
2026-07-31T01:45:34.532811Z,2320,245.4,0,OK,OK,OK
2026-07-31T01:45:40.071715Z,2325,245.4,0,OK,OK,OK
2026-07-31T01:45:45.587954Z,2320,245.4,0,OK,OK,OK
2026-07-31T01:45:51.106607Z,2326,245.1,0,OK,OK,OK
2026-07-31T01:45:56.579603Z,2319,245.3,0,OK,OK,OK
2026-07-31T01:46:02.076158Z,3832,244.5,0,OK,OK,OK
2026-07-31T01:46:07.540155Z,2421,245.2,0,OK,OK,OK
2026-07-31T01:46:13.022725Z,2431,245.2,0,OK,OK,OK
2026-07-31T01:46:18.490098Z,2468,245.3,0,OK,OK,OK
2026-07-31T01:46:23.944484Z,2443,245.2,0,OK,OK,OK
2026-07-31T01:46:29.424885Z,2473,245.2,0,OK,OK,OK
2026-07-31T01:46:34.903147Z,2457,245.3,0,OK,OK,OK
2026-07-31T01:46:40.428314Z,2452,245.3,0,OK,OK,OK
2026-07-31T01:46:45.900956Z,2456,245.3,0,OK,OK,OK
2026-07-31T01:46:51.417615Z,2456,245.2,0,OK,OK,OK
2026-07-31T01:46:56.881970Z,2450,245.3,0,OK,OK,OK
2026-07-31T01:47:02.366816Z,2441,245.3,0,OK,OK,OK
2026-07-31T01:47:07.903722Z,2443,245.3,0,OK,OK,OK
2026-07-31T01:47:13.393073Z,2456,245.3,0,OK,OK,OK
2026-07-31T01:47:18.902577Z,2478,245.3,0,OK,OK,OK
2026-07-31T01:47:24.421920Z,2425,245.3,0,OK,OK,OK
2026-07-31T01:47:29.905486Z,2440,245.1,0,OK,OK,OK
2026-07-31T01:47:35.422253Z,2433,245.3,0,OK,OK,OK
2026-07-31T01:47:40.891427Z,2428,244.8,0,OK,OK,OK
2026-07-31T01:47:46.363494Z,2433,245.2,0,OK,OK,OK
2026-07-31T01:47:51.829808Z,2444,245.1,0,OK,OK,OK
2026-07-31T01:47:57.265891Z,2425,245.2,0,OK,OK,OK
2026-07-31T01:48:02.795411Z,2428,245.2,0,OK,OK,OK
2026-07-31T01:48:08.274991Z,2422,245.2,0,OK,OK,OK
2026-07-31T01:48:13.765524Z,2434,245.1,0,OK,OK,OK
2026-07-31T01:48:19.244081Z,2417,245.3,0,OK,OK,OK
2026-07-31T01:48:24.706986Z,2420,245.2,0,OK,OK,OK
2026-07-31T01:48:30.199489Z,2419,245.3,0,OK,OK,OK
2026-07-31T01:48:35.693825Z,2417,245.3,0,OK,OK,OK
2026-07-31T01:48:41.190136Z,2416,245.2,0,OK,OK,OK
2026-07-31T01:48:46.724412Z,2417,245.2,0,OK,OK,OK
2026-07-31T01:48:52.223907Z,2426,245.2,0,OK,OK,OK
2026-07-31T01:48:57.741086Z,2417,244.7,0,OK,OK,OK
2026-07-31T01:49:03.249991Z,2420,245.1,0,OK,OK,OK
2026-07-31T01:49:08.747094Z,2428,245.1,0,OK,OK,OK
2026-07-31T01:49:14.258669Z,2428,245.1,0,OK,OK,OK
2026-07-31T01:49:19.761598Z,2436,245.1,0,OK,OK,OK
2026-07-31T01:49:25.277143Z,2473,244.9,0,OK,OK,OK
2026-07-31T01:49:30.767598Z,2429,245.0,0,OK,OK,OK
2026-07-31T01:49:36.242240Z,2448,245.1,0,OK,OK,OK
2026-07-31T01:49:41.718570Z,2430,244.9,0,OK,OK,OK
2026-07-31T01:49:47.199004Z,2420,244.9,0,OK,OK,OK
2026-07-31T01:49:52.674291Z,2432,244.9,0,OK,OK,OK
2026-07-31T01:49:58.129177Z,2425,244.9,0,OK,OK,OK
2026-07-31T01:50:03.579305Z,2419,244.9,0,OK,OK,OK
2026-07-31T01:50:09.082302Z,2418,244.9,0,OK,OK,OK
2026-07-31T01:50:14.574257Z,2432,245.0,0,OK,OK,OK
2026-07-31T01:50:20.097285Z,2434,244.6,0,OK,OK,OK
2026-07-31T01:50:25.603946Z,2440,244.8,0,OK,OK,OK
2026-07-31T01:50:31.109292Z,2438,245.0,0,OK,OK,OK
2026-07-31T01:50:36.615300Z,2428,245.0,0,OK,OK,OK
2026-07-31T01:50:42.113870Z,2429,245.1,0,OK,OK,OK
2026-07-31T01:50:47.619891Z,2430,245.0,0,OK,OK,OK
2026-07-31T01:50:53.080331Z,2424,245.0,0,OK,OK,OK
2026-07-31T01:50:58.546912Z,2416,245.0,0,OK,OK,OK
2026-07-31T01:51:04.031008Z,2410,244.8,0,OK,OK,OK
2026-07-31T01:51:09.498534Z,2410,245.0,0,OK,OK,OK
2026-07-31T01:51:15.001778Z,2416,244.8,0,OK,OK,OK
2026-07-31T01:51:20.481723Z,2410,244.8,0,OK,OK,OK
2026-07-31T01:51:25.969064Z,2424,245.0,0,OK,OK,OK
2026-07-31T01:51:31.473927Z,2416,244.9,0,OK,OK,OK
2026-07-31T01:51:36.934904Z,2406,245.0,0,OK,OK,OK
2026-07-31T01:51:42.428233Z,2416,244.6,0,OK,OK,OK
2026-07-31T01:51:47.866638Z,2421,244.8,0,OK,OK,OK
2026-07-31T01:51:53.359719Z,2424,244.8,0,OK,OK,OK
2026-07-31T01:51:58.846951Z,2422,244.8,0,OK,OK,OK
2026-07-31T01:52:04.332446Z,2420,244.8,0,OK,OK,OK
2026-07-31T01:52:09.837379Z,2414,244.8,0,OK,OK,OK
2026-07-31T01:52:15.278437Z,2423,244.8,0,OK,OK,OK
2026-07-31T01:52:20.753428Z,2420,244.8,0,OK,OK,OK
2026-07-31T01:52:26.267596Z,2426,244.8,0,OK,OK,OK
2026-07-31T01:52:31.739665Z,2424,244.8,0,OK,OK,OK
2026-07-31T01:52:37.207008Z,2420,244.8,0,OK,OK,OK
2026-07-31T01:52:42.656475Z,2405,244.7,0,OK,OK,OK
2026-07-31T01:52:48.090172Z,2409,244.8,0,OK,OK,OK
2026-07-31T01:52:53.578606Z,2407,244.7,0,OK,OK,OK
2026-07-31T01:52:59.054774Z,2426,244.4,0,OK,OK,OK
2026-07-31T01:53:04.524308Z,2434,244.7,0,OK,OK,OK
2026-07-31T01:53:09.973280Z,2417,244.8,0,OK,OK,OK
2026-07-31T01:53:15.436837Z,2415,244.8,0,OK,OK,OK
2026-07-31T01:53:20.929360Z,2410,244.8,0,OK,OK,OK
2026-07-31T01:53:26.422215Z,2409,244.8,0,OK,OK,OK
2026-07-31T01:53:31.915111Z,2429,244.8,0,OK,OK,OK
2026-07-31T01:53:37.364716Z,2414,244.9,0,OK,OK,OK
2026-07-31T01:53:42.902709Z,3805,244.4,0,OK,OK,OK
2026-07-31T01:53:48.345443Z,3854,244.3,0,OK,OK,OK
2026-07-31T01:53:53.827549Z,3874,244.3,0,OK,OK,OK
2026-07-31T01:53:59.324788Z,3887,244.3,0,OK,OK,OK
2026-07-31T01:54:04.834525Z,3894,244.3,0,OK,OK,OK
2026-07-31T01:54:10.341718Z,3890,244.2,0,OK,OK,OK
2026-07-31T01:54:15.771083Z,3919,244.2,0,OK,OK,OK
2026-07-31T01:54:21.253434Z,3934,244.2,0,OK,OK,OK
2026-07-31T01:54:26.764286Z,3936,244.2,0,OK,OK,OK
2026-07-31T01:54:32.260874Z,3953,244.2,0,OK,OK,OK
2026-07-31T01:54:37.733778Z,3932,244.1,0,OK,OK,OK
2026-07-31T01:54:43.209920Z,3932,244.2,0,OK,OK,OK
2026-07-31T01:54:48.720899Z,3947,244.2,0,OK,OK,OK
2026-07-31T01:54:54.177738Z,3925,244.2,0,OK,OK,OK
2026-07-31T01:54:59.631267Z,3924,244.2,0,OK,OK,OK
2026-07-31T01:55:05.094794Z,3940,244.2,0,OK,OK,OK
2026-07-31T01:55:10.561396Z,3927,244.2,0,OK,OK,OK
2026-07-31T01:55:16.067130Z,3932,244.2,0,OK,OK,OK
2026-07-31T01:55:21.573552Z,4065,244.3,0,OK,OK,OK
2026-07-31T01:55:27.057877Z,4050,244.3,0,OK,OK,OK
2026-07-31T01:55:32.548208Z,4062,244.3,0,OK,OK,OK
2026-07-31T01:55:38.063672Z,4045,243.7,0,OK,OK,OK
2026-07-31T01:55:43.576785Z,4054,244.1,0,OK,OK,OK
2026-07-31T01:55:49.118532Z,4043,244.1,0,OK,OK,OK
2026-07-31T01:55:54.609500Z,4055,244.0,0,OK,OK,OK
2026-07-31T01:56:00.116573Z,4043,244.0,0,OK,OK,OK
2026-07-31T01:56:05.582656Z,4042,244.0,0,OK,OK,OK
2026-07-31T01:56:11.079666Z,4040,244.0,0,OK,OK,OK
2026-07-31T01:56:16.537226Z,4052,244.1,0,OK,OK,OK
2026-07-31T01:56:22.036113Z,4052,244.1,0,OK,OK,OK
2026-07-31T01:56:27.515343Z,4036,244.1,0,OK,OK,OK
2026-07-31T01:56:33.023840Z,4034,244.1,0,OK,OK,OK
2026-07-31T01:56:38.539726Z,4022,244.1,0,OK,OK,OK
2026-07-31T01:56:44.056411Z,3918,244.2,0,OK,OK,OK
2026-07-31T01:56:49.548333Z,3913,244.1,0,OK,OK,OK
2026-07-31T01:56:55.000466Z,3913,244.2,0,OK,OK,OK
2026-07-31T01:57:00.468129Z,3912,243.8,0,OK,OK,OK
2026-07-31T01:57:05.941148Z,3919,244.2,0,OK,OK,OK
2026-07-31T01:57:11.448256Z,3918,244.2,0,OK,OK,OK
2026-07-31T01:57:16.936236Z,3911,244.2,0,OK,OK,OK
2026-07-31T01:57:22.407505Z,3908,244.2,0,OK,OK,OK
2026-07-31T01:57:27.922029Z,3910,244.1,0,OK,OK,OK
2026-07-31T01:57:33.426719Z,3914,244.1,0,OK,OK,OK
2026-07-31T01:57:38.879428Z,3918,244.3,0,OK,OK,OK
2026-07-31T01:57:44.354351Z,3909,244.2,0,OK,OK,OK
2026-07-31T01:57:49.873128Z,3922,244.1,0,OK,OK,OK
2026-07-31T01:57:55.388603Z,3909,244.2,0,OK,OK,OK
2026-07-31T01:58:00.906131Z,3906,244.2,0,OK,OK,OK
2026-07-31T01:58:06.403838Z,3920,244.3,0,OK,OK,OK
2026-07-31T01:58:11.904956Z,3911,244.3,0,OK,OK,OK
2026-07-31T01:58:17.421454Z,3908,244.3,0,OK,OK,OK
2026-07-31T01:58:22.896237Z,3916,244.3,0,OK,OK,OK
2026-07-31T01:58:28.422154Z,3931,244.0,0,OK,OK,OK
2026-07-31T01:58:33.929595Z,3914,244.3,0,OK,OK,OK
2026-07-31T01:58:39.419791Z,3931,244.3,0,OK,OK,OK
2026-07-31T01:58:44.931247Z,3918,244.4,0,OK,OK,OK
2026-07-31T01:58:50.463410Z,3925,244.3,0,OK,OK,OK
2026-07-31T01:58:55.977290Z,3925,244.3,0,OK,OK,OK
2026-07-31T01:59:01.416932Z,3906,244.3,0,OK,OK,OK
2026-07-31T01:59:06.923177Z,3907,244.3,0,OK,OK,OK
2026-07-31T01:59:12.408841Z,3923,244.4,0,OK,OK,OK
2026-07-31T01:59:17.895723Z,3919,244.5,0,OK,OK,OK
2026-07-31T01:59:23.337797Z,3943,244.6,0,OK,OK,OK
2026-07-31T01:59:28.826739Z,3911,244.5,0,OK,OK,OK
2026-07-31T01:59:34.308978Z,3905,244.5,0,OK,OK,OK
2026-07-31T01:59:39.760333Z,3915,244.5,0,OK,OK,OK
2026-07-31T01:59:45.289942Z,3901,244.5,0,OK,OK,OK
2026-07-31T01:59:50.753042Z,3906,244.2,0,OK,OK,OK
2026-07-31T01:59:56.221257Z,3916,244.6,0,OK,OK,OK
2026-07-31T02:00:01.725066Z,3914,244.6,0,OK,OK,OK
2026-07-31T02:00:07.228856Z,3908,244.6,0,OK,OK,OK
2026-07-31T02:00:12.725729Z,3912,244.6,0,OK,OK,OK
2026-07-31T02:00:18.200529Z,3946,244.5,0,OK,OK,OK
2026-07-31T02:00:23.713294Z,3907,244.5,0,OK,OK,OK
2026-07-31T02:00:29.216336Z,3913,244.5,0,OK,OK,OK
2026-07-31T02:00:34.706460Z,3925,244.5,0,OK,OK,OK
2026-07-31T02:00:40.175215Z,3907,244.5,0,OK,OK,OK
2026-07-31T02:00:45.644546Z,3907,244.5,0,OK,OK,OK
2026-07-31T02:00:51.128547Z,3914,244.5,0,OK,OK,OK
2026-07-31T02:00:56.617358Z,3909,244.1,0,OK,OK,OK
2026-07-31T02:01:02.107858Z,2422,244.8,0,OK,OK,OK
2026-07-31T02:01:07.628986Z,2426,244.8,0,OK,OK,OK
2026-07-31T02:01:13.111703Z,2415,244.5,0,OK,OK,OK
2026-07-31T02:01:18.567858Z,2422,244.9,0,OK,OK,OK
2026-07-31T02:01:24.036951Z,2431,244.8,0,OK,OK,OK
2026-07-31T02:01:29.499119Z,2442,244.8,0,OK,OK,OK
2026-07-31T02:01:35.021403Z,2416,244.8,0,OK,OK,OK
2026-07-31T02:01:40.446802Z,2421,244.9,0,OK,OK,OK
2026-07-31T02:01:45.954095Z,2417,244.9,0,OK,OK,OK
2026-07-31T02:01:51.444037Z,2414,244.8,0,OK,OK,OK
2026-07-31T02:01:56.925201Z,2419,244.8,0,OK,OK,OK
2026-07-31T02:02:02.407797Z,2407,244.9,0,OK,OK,OK
2026-07-31T02:02:07.899423Z,2413,244.8,0,OK,OK,OK
2026-07-31T02:02:13.419250Z,2403,244.9,0,OK,OK,OK
2026-07-31T02:02:18.871009Z,2395,244.9,0,OK,OK,OK
2026-07-31T02:02:24.379682Z,2405,244.9,0,OK,OK,OK
2026-07-31T02:02:29.834064Z,2417,244.9,0,OK,OK,OK
2026-07-31T02:02:35.343819Z,2400,244.5,0,OK,OK,OK
2026-07-31T02:02:40.783807Z,2418,244.8,0,OK,OK,OK
2026-07-31T02:02:46.335259Z,2419,244.8,0,OK,OK,OK
2026-07-31T02:02:51.821045Z,2424,244.9,0,OK,OK,OK
2026-07-31T02:02:57.330616Z,2250,245.0,0,OK,OK,OK
2026-07-31T02:03:02.801977Z,2268,244.9,0,OK,OK,OK
2026-07-31T02:03:08.317876Z,2272,244.9,0,OK,OK,OK
2026-07-31T02:03:13.802614Z,2273,244.9,0,OK,OK,OK
2026-07-31T02:03:19.327021Z,2436,244.9,0,OK,OK,OK
2026-07-31T02:03:24.765033Z,2272,244.9,0,OK,OK,OK
2026-07-31T02:03:30.277994Z,2278,245.0,0,OK,OK,OK
2026-07-31T02:03:35.841204Z,2284,244.9,0,OK,OK,OK
2026-07-31T02:03:41.334167Z,2261,245.0,0,OK,OK,OK
2026-07-31T02:03:46.819321Z,2263,244.9,0,OK,OK,OK
2026-07-31T02:03:52.307486Z,2257,244.9,0,OK,OK,OK
2026-07-31T02:03:57.793907Z,2268,245.0,0,OK,OK,OK
2026-07-31T02:04:03.266537Z,2267,244.1,0,OK,OK,OK
2026-07-31T02:04:08.790124Z,2251,244.0,0,OK,OK,OK
2026-07-31T02:04:14.250842Z,2271,244.0,0,OK,OK,OK
2026-07-31T02:04:19.757270Z,2274,243.9,0,OK,OK,OK
2026-07-31T02:04:25.210710Z,2260,243.9,0,OK,OK,OK
2026-07-31T02:04:30.699385Z,2256,243.9,0,OK,OK,OK
2026-07-31T02:04:36.161503Z,2259,244.0,0,OK,OK,OK
2026-07-31T02:04:41.610751Z,2256,244.0,0,OK,OK,OK
2026-07-31T02:04:47.048234Z,2254,244.0,0,OK,OK,OK
2026-07-31T02:04:52.541297Z,2246,243.9,0,OK,OK,OK
2026-07-31T02:04:58.026254Z,2231,243.9,0,OK,OK,OK
2026-07-31T02:05:03.526109Z,2233,243.9,0,OK,OK,OK
2026-07-31T02:05:09.023034Z,2242,244.0,0,OK,OK,OK
2026-07-31T02:05:14.567587Z,2255,244.0,0,OK,OK,OK
2026-07-31T02:05:20.035707Z,2239,243.4,0,OK,OK,OK
2026-07-31T02:05:25.554260Z,2242,243.1,0,OK,OK,OK
2026-07-31T02:05:31.057797Z,2229,243.1,0,OK,OK,OK
2026-07-31T02:05:36.557382Z,2249,243.1,0,OK,OK,OK
2026-07-31T02:05:42.050937Z,2194,243.1,0,OK,OK,OK
2026-07-31T02:05:47.556608Z,2239,243.1,0,OK,OK,OK
2026-07-31T02:05:53.066537Z,2240,243.1,0,OK,OK,OK
2026-07-31T02:05:58.520789Z,2234,243.1,0,OK,OK,OK
2026-07-31T02:06:04.029595Z,2234,243.1,0,OK,OK,OK
2026-07-31T02:06:09.502709Z,2243,243.2,0,OK,OK,OK
2026-07-31T02:06:14.988262Z,2224,243.2,0,OK,OK,OK
2026-07-31T02:06:20.466420Z,2222,243.3,0,OK,OK,OK
2026-07-31T02:06:25.967782Z,2227,243.3,0,OK,OK,OK
2026-07-31T02:06:31.460355Z,2220,242.9,0,OK,OK,OK
2026-07-31T02:06:36.961080Z,2224,243.3,0,OK,OK,OK
2026-07-31T02:06:42.452455Z,2230,243.3,0,OK,OK,OK
2026-07-31T02:06:47.936805Z,2230,243.2,0,OK,OK,OK
2026-07-31T02:06:53.381243Z,2250,243.1,0,OK,OK,OK
2026-07-31T02:06:58.865457Z,2327,243.1,0,OK,OK,OK
2026-07-31T02:07:04.334017Z,2356,243.2,0,OK,OK,OK
2026-07-31T02:07:09.856743Z,2436,243.1,0,OK,OK,OK
2026-07-31T02:07:15.352913Z,2472,243.1,0,OK,OK,OK
2026-07-31T02:07:20.872353Z,2510,243.1,0,OK,OK,OK
2026-07-31T02:07:26.335784Z,2566,243.1,0,OK,OK,OK
2026-07-31T02:07:31.826425Z,2528,243.1,0,OK,OK,OK
2026-07-31T02:07:37.318348Z,2539,243.1,0,OK,OK,OK
2026-07-31T02:07:42.780405Z,2553,243.1,0,OK,OK,OK
2026-07-31T02:07:48.286735Z,2560,243.0,0,OK,OK,OK
2026-07-31T02:07:53.759106Z,2555,242.8,0,OK,OK,OK
2026-07-31T02:07:59.229751Z,2564,243.0,0,OK,OK,OK
2026-07-31T02:08:04.718785Z,2553,243.0,0,OK,OK,OK
2026-07-31T02:08:10.236026Z,2510,243.1,0,OK,OK,OK
2026-07-31T02:08:15.705750Z,2431,243.1,0,OK,OK,OK
2026-07-31T02:08:21.204563Z,2373,243.1,0,OK,OK,OK
2026-07-31T02:08:26.656774Z,2407,243.0,0,OK,OK,OK
2026-07-31T02:08:32.176956Z,2437,243.0,0,OK,OK,OK
2026-07-31T02:08:37.632649Z,2394,243.0,0,OK,OK,OK
2026-07-31T02:08:43.142497Z,2382,243.0,0,OK,OK,OK
2026-07-31T02:08:48.597662Z,2421,243.1,0,OK,OK,OK
2026-07-31T02:08:54.082404Z,2319,243.1,0,OK,OK,OK
2026-07-31T02:08:59.578775Z,2313,243.2,0,OK,OK,OK
2026-07-31T02:09:05.028151Z,2307,243.2,0,OK,OK,OK
2026-07-31T02:09:10.547865Z,2310,243.1,0,OK,OK,OK
2026-07-31T02:09:16.028279Z,2308,243.1,0,OK,OK,OK
2026-07-31T02:09:21.476806Z,2318,242.6,0,OK,OK,OK
2026-07-31T02:09:26.940152Z,2309,243.0,0,OK,OK,OK
2026-07-31T02:09:32.432710Z,2309,242.9,0,OK,OK,OK
2026-07-31T02:09:37.943319Z,2310,242.9,0,OK,OK,OK
2026-07-31T02:09:43.453905Z,2296,242.9,0,OK,OK,OK
2026-07-31T02:09:48.940594Z,2312,242.9,0,OK,OK,OK
2026-07-31T02:09:54.455967Z,2299,242.8,0,OK,OK,OK
2026-07-31T02:09:59.935989Z,2305,242.9,0,OK,OK,OK
2026-07-31T02:10:05.447546Z,2300,243.0,0,OK,OK,OK
2026-07-31T02:10:10.920463Z,2300,242.9,0,OK,OK,OK
2026-07-31T02:10:16.433898Z,2311,242.9,0,OK,OK,OK
2026-07-31T02:10:21.906627Z,2284,243.5,0,OK,OK,OK
2026-07-31T02:10:27.373901Z,2307,243.4,0,OK,OK,OK
2026-07-31T02:10:32.880560Z,2316,243.3,0,OK,OK,OK
2026-07-31T02:10:38.408721Z,2311,242.9,0,OK,OK,OK
2026-07-31T02:10:43.930979Z,2313,243.2,0,OK,OK,OK
2026-07-31T02:10:49.381160Z,2317,243.4,0,OK,OK,OK
2026-07-31T02:10:54.868165Z,2298,243.2,0,OK,OK,OK
2026-07-31T02:11:00.329326Z,2314,243.2,0,OK,OK,OK
2026-07-31T02:11:05.811912Z,2312,243.3,0,OK,OK,OK
2026-07-31T02:11:11.285198Z,2309,243.2,0,OK,OK,OK
2026-07-31T02:11:16.788798Z,2314,243.3,0,OK,OK,OK
2026-07-31T02:11:22.333177Z,2315,243.2,0,OK,OK,OK
2026-07-31T02:11:27.830803Z,2306,243.2,0,OK,OK,OK
2026-07-31T02:11:33.357864Z,2307,243.2,0,OK,OK,OK
2026-07-31T02:11:38.872476Z,2290,243.3,0,OK,OK,OK
2026-07-31T02:11:44.382719Z,2298,243.3,0,OK,OK,OK
2026-07-31T02:11:49.859056Z,2300,243.5,0,OK,OK,OK
2026-07-31T02:11:55.311737Z,2298,243.6,0,OK,OK,OK
2026-07-31T02:12:00.797813Z,2281,243.7,0,OK,OK,OK
2026-07-31T02:12:06.259861Z,2314,243.2,0,OK,OK,OK
2026-07-31T02:12:11.754152Z,2386,243.5,0,OK,OK,OK
2026-07-31T02:12:17.249358Z,2308,243.4,0,OK,OK,OK
2026-07-31T02:12:22.707004Z,2305,243.5,0,OK,OK,OK
2026-07-31T02:12:28.200396Z,2303,243.5,0,OK,OK,OK
2026-07-31T02:12:33.667899Z,2294,243.5,0,OK,OK,OK
2026-07-31T02:12:39.183799Z,2300,243.4,0,OK,OK,OK
2026-07-31T02:12:44.619100Z,2344,243.4,0,OK,OK,OK
2026-07-31T02:12:50.097587Z,2305,243.5,0,OK,OK,OK
2026-07-31T02:12:55.567905Z,2333,243.4,0,OK,OK,OK
2026-07-31T02:13:01.033453Z,2296,243.4,0,OK,OK,OK
2026-07-31T02:13:06.573461Z,2288,243.4,0,OK,OK,OK
2026-07-31T02:13:12.049987Z,2295,243.5,0,OK,OK,OK
2026-07-31T02:13:17.536364Z,2314,243.5,0,OK,OK,OK
2026-07-31T02:13:23.021536Z,2284,243.4,0,OK,OK,OK
2026-07-31T02:13:28.506969Z,2292,243.4,0,OK,OK,OK
2026-07-31T02:13:34.007896Z,2292,243.0,0,OK,OK,OK
2026-07-31T02:13:39.484765Z,2282,243.5,0,OK,OK,OK
2026-07-31T02:13:44.991517Z,2300,243.5,0,OK,OK,OK
2026-07-31T02:13:50.436898Z,2301,243.5,0,OK,OK,OK
2026-07-31T02:13:55.888221Z,2302,243.5,0,OK,OK,OK
2026-07-31T02:14:01.385969Z,2298,243.5,0,OK,OK,OK
2026-07-31T02:14:06.880833Z,2288,243.5,0,OK,OK,OK
2026-07-31T02:14:12.332320Z,2291,243.6,0,OK,OK,OK
2026-07-31T02:14:17.844372Z,2292,243.5,0,OK,OK,OK
2026-07-31T02:14:23.338724Z,2292,243.5,0,OK,OK,OK
2026-07-31T02:14:28.815236Z,2298,243.4,0,OK,OK,OK
2026-07-31T02:14:34.265649Z,2288,243.5,0,OK,OK,OK
2026-07-31T02:14:39.783315Z,2285,243.4,0,OK,OK,OK
2026-07-31T02:14:45.243409Z,2298,243.4,0,OK,OK,OK
2026-07-31T02:14:50.703851Z,2294,243.5,0,OK,OK,OK
2026-07-31T02:14:56.142718Z,2290,243.0,0,OK,OK,OK
2026-07-31T02:15:01.594254Z,2287,243.4,0,OK,OK,OK
2026-07-31T02:15:07.047095Z,2293,243.4,0,OK,OK,OK
2026-07-31T02:15:12.515621Z,2294,243.4,0,OK,OK,OK
2026-07-31T02:15:18.012886Z,2291,243.4,0,OK,OK,OK
2026-07-31T02:15:23.516138Z,2288,243.4,0,OK,OK,OK
2026-07-31T02:15:29.011903Z,2292,243.4,0,OK,OK,OK
2026-07-31T02:15:34.464241Z,2303,243.4,0,OK,OK,OK
2026-07-31T02:15:39.965075Z,2284,243.4,0,OK,OK,OK
2026-07-31T02:15:45.402215Z,2295,243.4,0,OK,OK,OK
2026-07-31T02:15:50.907007Z,2302,243.4,0,OK,OK,OK
2026-07-31T02:15:56.375330Z,2288,243.5,0,OK,OK,OK
2026-07-31T02:16:01.883814Z,2306,243.4,0,OK,OK,OK
2026-07-31T02:16:07.379912Z,2300,243.4,0,OK,OK,OK
2026-07-31T02:16:12.833423Z,2293,243.3,0,OK,OK,OK
2026-07-31T02:16:18.301705Z,2293,243.3,0,OK,OK,OK
2026-07-31T02:16:23.785202Z,2290,243.3,0,OK,OK,OK
2026-07-31T02:16:29.242713Z,2303,243.0,0,OK,OK,OK
2026-07-31T02:16:34.732089Z,2309,243.4,0,OK,OK,OK
2026-07-31T02:16:40.201156Z,2302,243.4,0,OK,OK,OK
2026-07-31T02:16:45.683980Z,2356,243.3,0,OK,OK,OK
2026-07-31T02:16:51.155910Z,2296,243.2,0,OK,OK,OK
2026-07-31T02:16:56.607055Z,2287,243.0,0,OK,OK,OK
2026-07-31T02:17:02.098730Z,2304,243.3,0,OK,OK,OK
2026-07-31T02:17:07.586821Z,2301,243.4,0,OK,OK,OK
2026-07-31T02:17:13.080014Z,2304,243.4,0,OK,OK,OK
2026-07-31T02:17:18.584628Z,2292,243.4,0,OK,OK,OK
2026-07-31T02:17:24.090462Z,2291,243.4,0,OK,OK,OK
2026-07-31T02:17:29.623349Z,2306,243.4,0,OK,OK,OK
2026-07-31T02:17:35.115755Z,2303,243.4,0,OK,OK,OK
2026-07-31T02:17:40.614425Z,2301,243.3,0,OK,OK,OK
2026-07-31T02:17:46.087937Z,2396,243.3,0,OK,OK,OK
2026-07-31T02:17:51.610637Z,2383,243.2,0,OK,OK,OK
2026-07-31T02:17:57.091750Z,2387,243.4,0,OK,OK,OK
2026-07-31T02:18:02.596212Z,2370,243.2,0,OK,OK,OK
2026-07-31T02:18:08.089946Z,2364,243.2,0,OK,OK,OK
2026-07-31T02:18:13.590911Z,2390,243.0,0,OK,OK,OK
2026-07-31T02:18:19.064288Z,2368,243.0,0,OK,OK,OK
2026-07-31T02:18:24.549575Z,2374,243.0,0,OK,OK,OK
2026-07-31T02:18:30.027195Z,2360,243.1,0,OK,OK,OK
2026-07-31T02:18:35.517601Z,2362,243.2,0,OK,OK,OK
2026-07-31T02:18:40.989984Z,2360,243.3,0,OK,OK,OK
2026-07-31T02:18:46.476090Z,2379,243.4,0,OK,OK,OK
2026-07-31T02:18:51.925077Z,2360,243.4,0,OK,OK,OK
2026-07-31T02:18:57.392750Z,2308,243.4,0,OK,OK,OK
2026-07-31T02:19:02.915001Z,2303,243.4,0,OK,OK,OK
2026-07-31T02:19:08.460374Z,2306,243.0,0,OK,OK,OK
2026-07-31T02:19:13.949399Z,2322,243.2,0,OK,OK,OK
2026-07-31T02:19:19.473465Z,2311,243.2,0,OK,OK,OK
2026-07-31T02:19:24.972968Z,2302,243.2,0,OK,OK,OK
2026-07-31T02:19:30.494253Z,2306,243.3,0,OK,OK,OK
2026-07-31T02:19:35.992759Z,2304,243.2,0,OK,OK,OK
2026-07-31T02:19:41.493847Z,2298,243.2,0,OK,OK,OK
2026-07-31T02:19:46.981131Z,2305,243.2,0,OK,OK,OK
2026-07-31T02:19:52.438953Z,2306,243.4,0,OK,OK,OK
2026-07-31T02:19:57.916962Z,2324,243.3,0,OK,OK,OK
2026-07-31T02:20:03.436143Z,2305,243.4,0,OK,OK,OK
2026-07-31T02:20:08.912158Z,2344,243.4,0,OK,OK,OK
2026-07-31T02:20:14.365658Z,2317,243.3,0,OK,OK,OK
2026-07-31T02:20:19.859861Z,2301,243.3,0,OK,OK,OK
2026-07-31T02:20:25.297628Z,2303,243.3,0,OK,OK,OK
2026-07-31T02:20:30.802236Z,2303,243.0,0,OK,OK,OK
2026-07-31T02:20:36.261740Z,2305,243.4,0,OK,OK,OK
2026-07-31T02:20:41.730618Z,2304,243.3,0,OK,OK,OK
2026-07-31T02:20:47.178230Z,2303,243.3,0,OK,OK,OK
2026-07-31T02:20:52.680181Z,2310,243.3,0,OK,OK,OK
2026-07-31T02:20:58.139669Z,2316,243.4,0,OK,OK,OK
2026-07-31T02:21:03.584932Z,2305,243.4,0,OK,OK,OK
2026-07-31T02:21:09.082321Z,2313,243.4,0,OK,OK,OK
2026-07-31T02:21:14.541699Z,2321,243.3,0,OK,OK,OK
2026-07-31T02:21:20.066115Z,2316,243.3,0,OK,OK,OK
2026-07-31T02:21:25.506517Z,2314,243.1,0,OK,OK,OK
2026-07-31T02:21:31.007842Z,2303,243.3,0,OK,OK,OK
2026-07-31T02:21:36.471151Z,2328,243.1,0,OK,OK,OK
2026-07-31T02:21:41.967408Z,2334,243.1,0,OK,OK,OK
2026-07-31T02:21:47.483391Z,2329,243.2,0,OK,OK,OK
2026-07-31T02:21:52.949899Z,2305,243.1,0,OK,OK,OK
2026-07-31T02:21:58.469264Z,2298,243.2,0,OK,OK,OK
2026-07-31T02:22:03.970258Z,2299,243.2,0,OK,OK,OK
2026-07-31T02:22:09.468050Z,2302,243.3,0,OK,OK,OK
2026-07-31T02:22:14.969528Z,2320,243.3,0,OK,OK,OK
2026-07-31T02:22:20.480937Z,2315,243.3,0,OK,OK,OK
2026-07-31T02:22:25.994336Z,2302,243.4,0,OK,OK,OK
2026-07-31T02:22:31.486735Z,2334,243.4,0,OK,OK,OK
2026-07-31T02:22:36.956750Z,2341,243.3,0,OK,OK,OK
2026-07-31T02:22:42.434216Z,3675,242.7,0,OK,OK,OK
2026-07-31T02:22:47.902428Z,3752,242.6,0,OK,OK,OK
2026-07-31T02:22:53.409680Z,3750,242.6,0,OK,OK,OK
2026-07-31T02:22:58.830883Z,3770,242.6,0,OK,OK,OK
2026-07-31T02:23:04.340315Z,3813,242.6,0,OK,OK,OK
2026-07-31T02:23:09.811391Z,3754,242.3,0,OK,OK,OK
2026-07-31T02:23:15.319797Z,3806,242.6,0,OK,OK,OK
2026-07-31T02:23:20.778318Z,3821,242.6,0,OK,OK,OK
2026-07-31T02:23:26.261536Z,3823,242.6,0,OK,OK,OK
2026-07-31T02:23:31.775828Z,3807,242.8,0,OK,OK,OK
2026-07-31T02:23:37.278577Z,3815,242.8,0,OK,OK,OK
2026-07-31T02:23:42.770781Z,3807,242.8,0,OK,OK,OK
2026-07-31T02:23:48.274039Z,3819,242.9,0,OK,OK,OK
2026-07-31T02:23:53.793697Z,3802,242.9,0,OK,OK,OK
2026-07-31T02:23:59.269524Z,3836,242.9,0,OK,OK,OK
2026-07-31T02:24:04.749634Z,3811,242.9,0,OK,OK,OK
2026-07-31T02:24:10.254503Z,3825,242.9,0,OK,OK,OK
2026-07-31T02:24:15.727471Z,3809,242.9,0,OK,OK,OK
2026-07-31T02:24:21.213417Z,3829,242.9,0,OK,OK,OK
2026-07-31T02:24:26.703585Z,3805,242.4,0,OK,OK,OK
2026-07-31T02:24:32.187034Z,3837,242.8,0,OK,OK,OK
2026-07-31T02:24:37.693392Z,3817,242.8,0,OK,OK,OK
2026-07-31T02:24:43.183628Z,3812,242.7,0,OK,OK,OK
2026-07-31T02:24:48.692372Z,3818,242.6,0,OK,OK,OK
2026-07-31T02:24:54.227904Z,3807,242.6,0,OK,OK,OK
2026-07-31T02:24:59.680838Z,3807,242.8,0,OK,OK,OK
2026-07-31T02:25:08.182086Z,3807,242.8,0,OK,OK,OK
2026-07-31T02:25:16.643566Z,3802,242.7,0,OK,OK,OK
2026-07-31T02:25:22.151975Z,3888,242.7,0,OK,OK,OK
2026-07-31T02:25:27.677417Z,3900,242.7,0,OK,OK,OK
2026-07-31T02:25:33.186465Z,3896,242.7,0,OK,OK,OK
2026-07-31T02:25:38.700930Z,3905,242.7,0,OK,OK,OK
2026-07-31T02:25:44.185590Z,3900,242.7,0,OK,OK,OK
2026-07-31T02:25:49.728339Z,3908,242.7,0,OK,OK,OK
2026-07-31T02:25:58.222652Z,3905,242.9,0,OK,OK,OK
2026-07-31T02:26:03.724598Z,3903,242.9,0,OK,OK,OK
2026-07-31T02:26:09.203097Z,3901,242.7,0,OK,OK,OK
2026-07-31T02:26:14.692912Z,3914,242.7,0,OK,OK,OK
2026-07-31T02:26:20.166473Z,3903,242.7,0,OK,OK,OK
2026-07-31T02:26:25.625632Z,3908,242.5,0,OK,OK,OK
2026-07-31T02:26:31.168347Z,3903,242.7,0,OK,OK,OK
2026-07-31T02:26:36.612238Z,3914,242.7,0,OK,OK,OK
2026-07-31T02:26:42.094761Z,3905,242.7,0,OK,OK,OK
2026-07-31T02:26:47.561334Z,3924,242.7,0,OK,OK,OK
2026-07-31T02:26:53.069627Z,3908,242.8,0,OK,OK,OK
2026-07-31T02:26:58.525643Z,3892,242.8,0,OK,OK,OK
2026-07-31T02:27:04.035772Z,3898,242.8,0,OK,OK,OK
2026-07-31T02:27:09.544389Z,3885,242.8,0,OK,OK,OK
2026-07-31T02:27:15.022660Z,3890,242.8,0,OK,OK,OK
2026-07-31T02:27:20.505946Z,3898,242.7,0,OK,OK,OK
2026-07-31T02:27:26.009411Z,3894,242.4,0,OK,OK,OK
2026-07-31T02:27:31.510596Z,3888,242.7,0,OK,OK,OK
2026-07-31T02:27:36.952783Z,3877,242.7,0,OK,OK,OK
2026-07-31T02:27:42.457190Z,3878,242.6,0,OK,OK,OK
2026-07-31T02:27:47.900656Z,3900,242.6,0,OK,OK,OK
2026-07-31T02:27:53.383062Z,3879,242.6,0,OK,OK,OK
2026-07-31T02:27:58.893624Z,3900,242.7,0,OK,OK,OK
2026-07-31T02:28:04.376470Z,3876,242.6,0,OK,OK,OK
2026-07-31T02:28:09.856322Z,3876,242.6,0,OK,OK,OK
2026-07-31T02:28:15.361828Z,3892,242.6,0,OK,OK,OK
2026-07-31T02:28:20.821525Z,3886,242.6,0,OK,OK,OK
2026-07-31T02:28:26.301750Z,3896,242.6,0,OK,OK,OK
2026-07-31T02:28:31.789289Z,3897,242.7,0,OK,OK,OK
2026-07-31T02:28:37.294636Z,3907,242.7,0,OK,OK,OK
2026-07-31T02:28:42.798355Z,3876,242.7,0,OK,OK,OK
2026-07-31T02:28:48.277774Z,3903,242.8,0,OK,OK,OK
2026-07-31T02:28:53.758411Z,3878,242.5,0,OK,OK,OK
2026-07-31T02:28:59.245566Z,3888,242.9,0,OK,OK,OK
2026-07-31T02:29:04.743017Z,3902,242.9,0,OK,OK,OK
2026-07-31T02:29:10.183541Z,3899,242.9,0,OK,OK,OK
2026-07-31T02:29:15.681269Z,3900,242.9,0,OK,OK,OK
2026-07-31T02:29:21.141608Z,3912,242.9,0,OK,OK,OK
2026-07-31T02:29:26.660326Z,3908,242.9,0,OK,OK,OK
2026-07-31T02:29:32.121936Z,3902,242.9,0,OK,OK,OK
2026-07-31T02:29:37.589562Z,3889,242.8,0,OK,OK,OK
2026-07-31T02:29:43.101161Z,2404,243.5,0,OK,OK,OK
2026-07-31T02:29:48.592069Z,2426,243.5,0,OK,OK,OK
2026-07-31T02:29:54.088716Z,2408,243.5,0,OK,OK,OK
2026-07-31T02:29:59.591559Z,2403,243.5,0,OK,OK,OK
2026-07-31T02:30:05.092877Z,2412,243.6,0,OK,OK,OK
2026-07-31T02:30:10.562234Z,2410,243.6,0,OK,OK,OK
2026-07-31T02:30:15.999013Z,2404,243.6,0,OK,OK,OK
2026-07-31T02:30:21.487036Z,2408,243.6,0,OK,OK,OK
2026-07-31T02:30:26.984849Z,2404,243.7,0,OK,OK,OK
2026-07-31T02:30:32.427472Z,2425,243.7,0,OK,OK,OK
2026-07-31T02:30:37.894781Z,2420,243.7,0,OK,OK,OK
2026-07-31T02:30:43.342833Z,2411,243.7,0,OK,OK,OK
2026-07-31T02:30:48.843517Z,2402,243.7,0,OK,OK,OK
2026-07-31T02:30:54.324992Z,2398,243.6,0,OK,OK,OK
2026-07-31T02:30:59.822548Z,2412,243.6,0,OK,OK,OK
2026-07-31T02:31:05.313378Z,2416,243.5,0,OK,OK,OK
2026-07-31T02:31:10.807314Z,2429,243.5,0,OK,OK,OK
2026-07-31T02:31:16.285409Z,2407,243.5,0,OK,OK,OK
2026-07-31T02:31:21.791214Z,2410,243.5,0,OK,OK,OK
2026-07-31T02:31:27.273634Z,2427,243.5,0,OK,OK,OK
2026-07-31T02:31:32.765488Z,2454,243.4,0,OK,OK,OK
2026-07-31T02:31:38.254793Z,2432,243.5,0,OK,OK,OK
2026-07-31T02:31:43.713020Z,2406,243.4,0,OK,OK,OK
2026-07-31T02:31:49.215213Z,2423,243.0,0,OK,OK,OK
2026-07-31T02:31:54.696233Z,2417,243.4,0,OK,OK,OK
2026-07-31T02:32:00.179830Z,2414,243.4,0,OK,OK,OK
2026-07-31T02:32:05.625232Z,2406,243.4,0,OK,OK,OK
2026-07-31T02:32:11.145762Z,2413,243.4,0,OK,OK,OK
2026-07-31T02:32:16.637718Z,2419,243.4,0,OK,OK,OK
2026-07-31T02:32:22.160425Z,2403,243.5,0,OK,OK,OK
2026-07-31T02:32:27.666930Z,2399,243.5,0,OK,OK,OK
2026-07-31T02:32:33.136786Z,2397,243.4,0,OK,OK,OK
2026-07-31T02:32:38.601633Z,2395,243.4,0,OK,OK,OK
2026-07-31T02:32:44.053236Z,2398,243.4,0,OK,OK,OK
2026-07-31T02:32:49.530964Z,2413,243.4,0,OK,OK,OK
2026-07-31T02:32:55.045306Z,2396,243.5,0,OK,OK,OK
2026-07-31T02:33:00.539707Z,2411,243.4,0,OK,OK,OK
2026-07-31T02:33:06.023200Z,2403,243.3,0,OK,OK,OK
2026-07-31T02:33:11.492339Z,2411,243.3,0,OK,OK,OK
2026-07-31T02:33:16.926857Z,2404,243.0,0,OK,OK,OK
2026-07-31T02:33:22.416290Z,2406,243.4,0,OK,OK,OK
2026-07-31T02:33:27.859217Z,2404,243.3,0,OK,OK,OK
2026-07-31T02:33:33.297924Z,2406,243.4,0,OK,OK,OK
2026-07-31T02:33:38.759522Z,2405,243.4,0,OK,OK,OK
2026-07-31T02:33:44.225392Z,2398,243.4,0,OK,OK,OK
2026-07-31T02:33:49.710511Z,2415,243.3,0,OK,OK,OK
2026-07-31T02:33:55.210503Z,2412,243.4,0,OK,OK,OK
2026-07-31T02:34:00.740326Z,2415,243.4,0,OK,OK,OK
2026-07-31T02:34:06.247021Z,2404,243.4,0,OK,OK,OK
2026-07-31T02:34:11.717770Z,2402,243.3,0,OK,OK,OK
2026-07-31T02:34:17.210800Z,2403,243.3,0,OK,OK,OK
2026-07-31T02:34:22.709716Z,2439,243.3,0,OK,OK,OK
2026-07-31T02:34:28.163433Z,2406,243.3,0,OK,OK,OK
2026-07-31T02:34:33.649387Z,2419,243.3,0,OK,OK,OK
2026-07-31T02:34:39.111867Z,2398,242.9,0,OK,OK,OK
2026-07-31T02:34:44.617231Z,2398,243.4,0,OK,OK,OK
2026-07-31T02:34:50.109089Z,2381,243.3,0,OK,OK,OK
2026-07-31T02:34:55.569870Z,2402,243.4,0,OK,OK,OK
2026-07-31T02:35:01.046514Z,2398,243.3,0,OK,OK,OK
2026-07-31T02:35:06.508076Z,2410,243.3,0,OK,OK,OK
2026-07-31T02:35:11.997314Z,2400,243.3,0,OK,OK,OK
2026-07-31T02:35:17.485940Z,2390,243.3,0,OK,OK,OK
2026-07-31T02:35:22.954474Z,2403,243.3,0,OK,OK,OK
2026-07-31T02:35:28.476935Z,2414,243.3,0,OK,OK,OK
2026-07-31T02:35:33.972205Z,2403,243.3,0,OK,OK,OK
2026-07-31T02:35:39.500165Z,2410,243.3,0,OK,OK,OK
2026-07-31T02:35:45.001692Z,2396,243.1,0,OK,OK,OK
2026-07-31T02:35:50.544363Z,2404,243.1,0,OK,OK,OK
2026-07-31T02:35:56.011184Z,2409,243.1,0,OK,OK,OK
2026-07-31T02:36:01.518845Z,2406,243.1,0,OK,OK,OK
2026-07-31T02:36:07.007395Z,2391,242.8,0,OK,OK,OK
2026-07-31T02:36:12.470714Z,2406,243.2,0,OK,OK,OK
2026-07-31T02:36:17.960868Z,2397,243.2,0,OK,OK,OK
2026-07-31T02:36:23.481347Z,2412,243.2,0,OK,OK,OK
2026-07-31T02:36:28.963043Z,2418,243.2,0,OK,OK,OK
2026-07-31T02:36:34.432713Z,2417,243.3,0,OK,OK,OK
2026-07-31T02:36:39.879613Z,2397,243.2,0,OK,OK,OK
2026-07-31T02:36:45.361899Z,2401,243.2,0,OK,OK,OK
2026-07-31T02:36:50.851633Z,2400,243.2,0,OK,OK,OK
2026-07-31T02:36:56.326979Z,2409,243.2,0,OK,OK,OK
2026-07-31T02:37:01.807851Z,2408,243.2,0,OK,OK,OK
2026-07-31T02:37:07.312724Z,2408,243.2,0,OK,OK,OK
2026-07-31T02:37:12.810875Z,2435,243.2,0,OK,OK,OK
2026-07-31T02:37:18.285306Z,2410,243.2,0,OK,OK,OK
2026-07-31T02:37:23.743896Z,2412,243.2,0,OK,OK,OK
2026-07-31T02:37:29.246448Z,2431,242.7,0,OK,OK,OK
2026-07-31T02:37:34.716138Z,2420,243.1,0,OK,OK,OK
2026-07-31T02:37:40.214525Z,2401,243.1,0,OK,OK,OK
2026-07-31T02:37:45.728239Z,2399,243.1,0,OK,OK,OK
2026-07-31T02:37:51.177005Z,2402,243.1,0,OK,OK,OK
2026-07-31T02:37:56.680048Z,2399,243.1,0,OK,OK,OK
2026-07-31T02:38:02.174462Z,2398,243.1,0,OK,OK,OK
2026-07-31T02:38:07.655341Z,2401,243.2,0,OK,OK,OK
2026-07-31T02:38:13.133709Z,2402,243.2,0,OK,OK,OK
2026-07-31T02:38:18.646182Z,2400,243.2,0,OK,OK,OK
2026-07-31T02:38:24.124279Z,2406,243.2,0,OK,OK,OK
2026-07-31T02:38:29.656746Z,2424,243.2,0,OK,OK,OK
2026-07-31T02:38:35.142779Z,2400,243.2,0,OK,OK,OK
2026-07-31T02:38:40.598871Z,2412,243.2,0,OK,OK,OK
2026-07-31T02:38:46.062375Z,2407,243.2,0,OK,OK,OK
2026-07-31T02:38:51.571790Z,2407,243.2,0,OK,OK,OK
2026-07-31T02:38:57.041151Z,2402,243.2,0,OK,OK,OK
2026-07-31T02:39:02.499105Z,2407,242.9,0,OK,OK,OK
2026-07-31T02:39:07.959961Z,2398,243.2,0,OK,OK,OK
2026-07-31T02:39:13.438654Z,2404,243.2,0,OK,OK,OK
2026-07-31T02:39:18.912767Z,2408,243.3,0,OK,OK,OK
2026-07-31T02:39:24.358570Z,2407,243.3,0,OK,OK,OK
2026-07-31T02:39:29.895830Z,2424,243.5,0,OK,OK,OK
2026-07-31T02:39:35.356231Z,2401,243.5,0,OK,OK,OK
2026-07-31T02:39:40.820332Z,2415,243.3,0,OK,OK,OK
2026-07-31T02:39:46.278320Z,2406,243.3,0,OK,OK,OK
2026-07-31T02:39:51.757957Z,2456,243.3,0,OK,OK,OK
2026-07-31T02:39:57.262366Z,2478,243.3,0,OK,OK,OK
2026-07-31T02:40:02.774476Z,2471,243.3,0,OK,OK,OK
2026-07-31T02:40:08.261812Z,2472,243.2,0,OK,OK,OK
2026-07-31T02:40:13.772888Z,2478,243.3,0,OK,OK,OK
2026-07-31T02:40:19.259065Z,2474,243.4,0,OK,OK,OK
2026-07-31T02:40:24.731682Z,2464,243.4,0,OK,OK,OK
2026-07-31T02:40:30.194149Z,2477,243.1,0,OK,OK,OK
2026-07-31T02:40:35.659170Z,2441,243.4,0,OK,OK,OK
2026-07-31T02:40:41.166272Z,2448,243.4,0,OK,OK,OK
2026-07-31T02:40:46.624940Z,2464,243.6,0,OK,OK,OK
2026-07-31T02:40:52.122226Z,2440,243.6,0,OK,OK,OK
2026-07-31T02:40:57.574412Z,2445,243.6,0,OK,OK,OK
2026-07-31T02:41:03.037468Z,2438,243.6,0,OK,OK,OK
2026-07-31T02:41:08.515299Z,2435,243.6,0,OK,OK,OK
2026-07-31T02:41:13.998876Z,2388,243.7,0,OK,OK,OK
2026-07-31T02:41:19.491741Z,2394,243.7,0,OK,OK,OK
2026-07-31T02:41:24.991612Z,2374,243.7,0,OK,OK,OK
2026-07-31T02:41:30.502732Z,2416,243.7,0,OK,OK,OK
2026-07-31T02:41:35.978617Z,2387,243.7,0,OK,OK,OK
2026-07-31T02:41:41.517834Z,2391,243.7,0,OK,OK,OK
2026-07-31T02:41:47.028806Z,2344,243.7,0,OK,OK,OK
2026-07-31T02:41:52.538704Z,2357,243.4,0,OK,OK,OK
2026-07-31T02:41:58.063210Z,2344,243.8,0,OK,OK,OK
2026-07-31T02:42:03.575526Z,2198,243.9,0,OK,OK,OK
2026-07-31T02:42:09.059888Z,2213,243.9,0,OK,OK,OK
2026-07-31T02:42:14.528580Z,2218,243.9,0,OK,OK,OK
2026-07-31T02:42:19.986035Z,2207,243.9,0,OK,OK,OK
2026-07-31T02:42:25.430650Z,2230,244.1,0,OK,OK,OK
2026-07-31T02:42:30.915044Z,2252,244.2,0,OK,OK,OK
2026-07-31T02:42:36.411703Z,2233,244.2,0,OK,OK,OK
2026-07-31T02:42:41.890259Z,2227,244.2,0,OK,OK,OK
2026-07-31T02:42:47.375685Z,2253,244.2,0,OK,OK,OK
2026-07-31T02:42:52.843891Z,2216,244.2,0,OK,OK,OK
2026-07-31T02:42:58.357831Z,2225,244.2,0,OK,OK,OK
2026-07-31T02:43:03.806285Z,2215,244.2,0,OK,OK,OK
2026-07-31T02:43:09.328689Z,2236,244.2,0,OK,OK,OK
2026-07-31T02:43:14.837041Z,2225,244.3,0,OK,OK,OK
2026-07-31T02:43:20.392572Z,2218,243.9,0,OK,OK,OK
2026-07-31T02:43:25.866552Z,2240,244.3,0,OK,OK,OK
2026-07-31T02:43:31.388804Z,2226,244.2,0,OK,OK,OK
2026-07-31T02:43:36.858694Z,2227,244.2,0,OK,OK,OK
2026-07-31T02:43:42.342518Z,2222,244.2,0,OK,OK,OK
2026-07-31T02:43:47.830705Z,2248,244.2,0,OK,OK,OK
2026-07-31T02:43:53.276895Z,2220,244.3,0,OK,OK,OK
2026-07-31T02:43:58.764579Z,2214,244.3,0,OK,OK,OK
2026-07-31T02:44:04.259675Z,2215,244.3,0,OK,OK,OK
2026-07-31T02:44:09.712123Z,2212,244.4,0,OK,OK,OK
2026-07-31T02:44:15.223159Z,2211,244.5,0,OK,OK,OK
2026-07-31T02:44:20.700334Z,2217,244.5,0,OK,OK,OK
2026-07-31T02:44:26.166535Z,2228,244.3,0,OK,OK,OK
2026-07-31T02:44:31.668630Z,2207,244.3,0,OK,OK,OK
2026-07-31T02:44:37.160607Z,2208,244.3,0,OK,OK,OK
2026-07-31T02:44:42.663551Z,2232,244.1,0,OK,OK,OK
2026-07-31T02:44:48.175282Z,2225,244.3,0,OK,OK,OK
2026-07-31T02:44:53.626716Z,2238,244.3,0,OK,OK,OK
2026-07-31T02:44:59.151090Z,2174,244.3,0,OK,OK,OK
2026-07-31T02:45:04.632325Z,2187,244.4,0,OK,OK,OK
2026-07-31T02:45:10.091283Z,2185,244.4,0,OK,OK,OK
2026-07-31T02:45:15.569804Z,2322,244.5,0,OK,OK,OK
2026-07-31T02:45:21.052067Z,2316,244.5,0,OK,OK,OK
2026-07-31T02:45:26.525209Z,2306,244.5,0,OK,OK,OK
2026-07-31T02:45:31.996015Z,2323,244.5,0,OK,OK,OK
2026-07-31T02:45:37.495584Z,2304,244.5,0,OK,OK,OK
2026-07-31T02:45:42.947940Z,2311,244.4,0,OK,OK,OK
2026-07-31T02:45:48.414441Z,2314,244.5,0,OK,OK,OK
2026-07-31T02:45:53.916461Z,2304,244.5,0,OK,OK,OK
2026-07-31T02:45:59.433699Z,2303,244.5,0,OK,OK,OK
2026-07-31T02:46:04.965403Z,2295,244.1,0,OK,OK,OK
2026-07-31T02:46:10.425678Z,2301,244.5,0,OK,OK,OK
2026-07-31T02:46:15.940029Z,2309,244.4,0,OK,OK,OK
2026-07-31T02:46:21.470976Z,2302,244.4,0,OK,OK,OK
2026-07-31T02:46:26.932157Z,2298,244.4,0,OK,OK,OK
2026-07-31T02:46:32.408039Z,2318,244.4,0,OK,OK,OK
2026-07-31T02:46:37.901619Z,2299,244.4,0,OK,OK,OK
2026-07-31T02:46:43.389197Z,2176,244.5,0,OK,OK,OK
2026-07-31T02:46:48.859756Z,2106,244.6,0,OK,OK,OK
2026-07-31T02:46:54.313976Z,2109,244.6,0,OK,OK,OK
2026-07-31T02:46:59.781023Z,2099,244.7,0,OK,OK,OK
2026-07-31T02:47:05.226761Z,2103,244.7,0,OK,OK,OK
2026-07-31T02:47:10.706360Z,2112,244.7,0,OK,OK,OK
2026-07-31T02:47:16.183150Z,2108,244.7,0,OK,OK,OK
2026-07-31T02:47:21.661988Z,2116,244.7,0,OK,OK,OK
2026-07-31T02:47:27.159619Z,2110,244.3,0,OK,OK,OK
2026-07-31T02:47:32.632675Z,2122,244.7,0,OK,OK,OK
2026-07-31T02:47:38.100803Z,2106,244.6,0,OK,OK,OK
2026-07-31T02:47:43.572261Z,2128,244.6,0,OK,OK,OK
2026-07-31T02:47:49.043188Z,2120,244.6,0,OK,OK,OK
2026-07-31T02:47:54.516273Z,2105,244.6,0,OK,OK,OK
2026-07-31T02:48:00.013038Z,2107,244.6,0,OK,OK,OK
2026-07-31T02:48:05.482091Z,2104,244.7,0,OK,OK,OK
2026-07-31T02:48:10.990804Z,2109,244.7,0,OK,OK,OK
2026-07-31T02:48:16.460302Z,2114,244.7,0,OK,OK,OK
2026-07-31T02:48:21.983713Z,2105,243.3,0,OK,OK,OK
2026-07-31T02:48:27.488332Z,2098,243.8,0,OK,OK,OK
2026-07-31T02:48:32.967999Z,2108,243.9,0,OK,OK,OK
2026-07-31T02:48:38.441102Z,2104,243.9,0,OK,OK,OK
2026-07-31T02:48:43.949971Z,2098,243.9,0,OK,OK,OK
2026-07-31T02:48:49.456408Z,2100,243.8,0,OK,OK,OK
2026-07-31T02:48:54.973832Z,2118,243.9,0,OK,OK,OK
2026-07-31T02:49:00.468181Z,2103,243.9,0,OK,OK,OK
2026-07-31T02:49:05.968473Z,2096,243.9,0,OK,OK,OK
2026-07-31T02:49:11.434515Z,2092,243.9,0,OK,OK,OK
2026-07-31T02:49:16.880233Z,2099,243.8,0,OK,OK,OK
2026-07-31T02:49:22.383279Z,2099,243.8,0,OK,OK,OK
2026-07-31T02:49:27.874763Z,2106,243.9,0,OK,OK,OK
2026-07-31T02:49:33.362728Z,2090,243.9,0,OK,OK,OK
2026-07-31T02:49:38.852770Z,2103,243.9,0,OK,OK,OK
2026-07-31T02:49:44.371873Z,2085,243.8,0,OK,OK,OK
2026-07-31T02:49:49.817928Z,2094,243.9,0,OK,OK,OK
2026-07-31T02:49:55.299241Z,2128,243.9,0,OK,OK,OK
2026-07-31T02:50:00.784161Z,2131,243.8,0,OK,OK,OK
2026-07-31T02:50:06.279196Z,2126,243.9,0,OK,OK,OK
2026-07-31T02:50:11.763919Z,2094,243.9,0,OK,OK,OK
2026-07-31T02:50:17.272342Z,2089,243.5,0,OK,OK,OK
2026-07-31T02:50:22.763026Z,2095,243.8,0,OK,OK,OK
2026-07-31T02:50:28.257757Z,2096,243.8,0,OK,OK,OK
2026-07-31T02:50:33.693522Z,2100,243.9,0,OK,OK,OK
2026-07-31T02:50:39.189656Z,2126,243.9,0,OK,OK,OK
2026-07-31T02:50:44.660273Z,2111,243.9,0,OK,OK,OK
2026-07-31T02:50:50.118470Z,2108,244.0,0,OK,OK,OK
2026-07-31T02:50:55.661549Z,2106,243.9,0,OK,OK,OK
2026-07-31T02:51:01.135601Z,2118,243.9,0,OK,OK,OK
2026-07-31T02:51:06.645060Z,2201,243.8,0,OK,OK,OK
2026-07-31T02:51:12.099781Z,2186,244.0,0,OK,OK,OK
2026-07-31T02:51:17.601779Z,2174,243.9,0,OK,OK,OK
2026-07-31T02:51:23.070819Z,2156,243.8,0,OK,OK,OK
2026-07-31T02:51:28.588460Z,2183,244.0,0,OK,OK,OK
2026-07-31T02:51:34.027788Z,2153,243.9,0,OK,OK,OK
2026-07-31T02:51:39.532366Z,2155,243.6,0,OK,OK,OK
2026-07-31T02:51:44.977646Z,2160,243.9,0,OK,OK,OK
2026-07-31T02:51:50.479659Z,2167,243.9,0,OK,OK,OK
2026-07-31T02:51:55.962211Z,2165,244.0,0,OK,OK,OK
2026-07-31T02:52:01.454923Z,2154,244.0,0,OK,OK,OK
2026-07-31T02:52:06.929598Z,2166,244.0,0,OK,OK,OK
2026-07-31T02:52:12.387372Z,2175,244.0,0,OK,OK,OK
2026-07-31T02:52:17.891961Z,2162,244.0,0,OK,OK,OK
2026-07-31T02:52:23.375919Z,2158,244.0,0,OK,OK,OK
2026-07-31T02:52:28.881381Z,2193,244.1,0,OK,OK,OK
2026-07-31T02:52:34.331212Z,2283,244.0,0,OK,OK,OK
2026-07-31T02:52:39.839490Z,2156,244.2,0,OK,OK,OK
2026-07-31T02:52:45.296663Z,2167,244.1,0,OK,OK,OK
2026-07-31T02:52:50.746837Z,2174,244.1,0,OK,OK,OK
2026-07-31T02:52:56.181117Z,2159,244.2,0,OK,OK,OK
2026-07-31T02:53:01.689469Z,2165,244.1,0,OK,OK,OK
2026-07-31T02:53:07.187466Z,2165,244.1,0,OK,OK,OK
2026-07-31T02:53:12.668806Z,2167,243.9,0,OK,OK,OK
2026-07-31T02:53:18.143415Z,2168,244.4,0,OK,OK,OK
2026-07-31T02:53:23.620484Z,2171,244.5,0,OK,OK,OK
2026-07-31T02:53:29.122272Z,2165,244.7,0,OK,OK,OK
2026-07-31T02:53:34.600067Z,2158,244.7,0,OK,OK,OK
2026-07-31T02:53:40.124661Z,3303,244.2,0,OK,OK,OK
2026-07-31T02:53:45.638201Z,3613,244.0,0,OK,OK,OK
2026-07-31T02:53:51.130295Z,3623,244.0,0,OK,OK,OK
2026-07-31T02:53:56.566837Z,3612,244.0,0,OK,OK,OK
2026-07-31T02:54:02.070806Z,3632,244.0,0,OK,OK,OK
2026-07-31T02:54:07.575467Z,3642,244.1,0,OK,OK,OK
2026-07-31T02:54:13.025668Z,3642,244.0,0,OK,OK,OK
2026-07-31T02:54:18.477242Z,3665,244.0,0,OK,OK,OK
2026-07-31T02:54:23.983273Z,3670,243.5,0,OK,OK,OK
2026-07-31T02:54:29.471741Z,3692,244.0,0,OK,OK,OK
2026-07-31T02:54:34.938020Z,3664,244.0,0,OK,OK,OK
2026-07-31T02:54:40.422887Z,3651,243.9,0,OK,OK,OK
2026-07-31T02:54:45.908797Z,3675,243.9,0,OK,OK,OK
2026-07-31T02:54:51.407048Z,3673,244.2,0,OK,OK,OK
2026-07-31T02:54:56.865637Z,3678,244.2,0,OK,OK,OK
2026-07-31T02:55:02.348937Z,3670,244.2,0,OK,OK,OK
2026-07-31T02:55:07.798052Z,3682,244.2,0,OK,OK,OK
2026-07-31T02:55:13.282441Z,3680,244.2,0,OK,OK,OK
2026-07-31T02:55:18.795447Z,3669,244.2,0,OK,OK,OK
2026-07-31T02:55:24.277283Z,3668,244.2,0,OK,OK,OK
2026-07-31T02:55:29.778647Z,3703,244.2,0,OK,OK,OK
2026-07-31T02:55:35.255949Z,3705,244.2,0,OK,OK,OK
2026-07-31T02:55:40.771235Z,3689,244.4,0,OK,OK,OK
2026-07-31T02:55:46.300907Z,3675,244.0,0,OK,OK,OK
2026-07-31T02:55:51.809935Z,3671,244.3,0,OK,OK,OK
2026-07-31T02:55:57.307570Z,3679,244.4,0,OK,OK,OK
2026-07-31T02:56:02.769429Z,3658,244.4,0,OK,OK,OK
2026-07-31T02:56:08.284648Z,3656,244.3,0,OK,OK,OK
2026-07-31T02:56:13.711974Z,3647,244.4,0,OK,OK,OK
2026-07-31T02:56:19.166375Z,3656,244.3,0,OK,OK,OK
2026-07-31T02:56:24.647960Z,3674,244.3,0,OK,OK,OK
2026-07-31T02:56:30.174445Z,3669,244.3,0,OK,OK,OK
2026-07-31T02:56:35.663970Z,3670,244.3,0,OK,OK,OK
2026-07-31T02:56:41.171884Z,3654,244.4,0,OK,OK,OK
2026-07-31T02:56:46.653533Z,3645,244.2,0,OK,OK,OK
2026-07-31T02:56:52.144820Z,3652,244.2,0,OK,OK,OK
2026-07-31T02:56:57.602252Z,3663,244.4,0,OK,OK,OK
2026-07-31T02:57:03.081740Z,3646,244.4,0,OK,OK,OK
2026-07-31T02:57:08.577584Z,3654,244.4,0,OK,OK,OK
2026-07-31T02:57:14.087782Z,3641,244.0,0,OK,OK,OK
2026-07-31T02:57:19.582854Z,3654,244.3,0,OK,OK,OK
2026-07-31T02:57:25.086239Z,3642,244.3,0,OK,OK,OK
2026-07-31T02:57:30.585599Z,3671,244.3,0,OK,OK,OK
2026-07-31T02:57:36.066559Z,3649,244.4,0,OK,OK,OK
2026-07-31T02:57:41.556501Z,3674,244.4,0,OK,OK,OK
2026-07-31T02:57:47.001076Z,3675,244.3,0,OK,OK,OK
2026-07-31T02:57:52.502997Z,3720,244.3,0,OK,OK,OK
2026-07-31T02:57:57.967762Z,3711,244.3,0,OK,OK,OK
2026-07-31T02:58:03.462073Z,3715,244.3,0,OK,OK,OK
2026-07-31T02:58:08.943781Z,3708,244.4,0,OK,OK,OK
2026-07-31T02:58:14.422954Z,3371,244.6,0,OK,OK,OK
2026-07-31T02:58:19.901773Z,3372,244.6,0,OK,OK,OK
2026-07-31T02:58:25.381762Z,3407,244.4,0,OK,OK,OK
2026-07-31T02:58:30.862037Z,3384,244.6,0,OK,OK,OK
2026-07-31T02:58:36.342621Z,3377,244.1,0,OK,OK,OK
2026-07-31T02:58:41.794495Z,3416,244.6,0,OK,OK,OK
2026-07-31T02:58:47.304258Z,3438,244.6,0,OK,OK,OK
2026-07-31T02:58:52.861616Z,3421,244.6,0,OK,OK,OK
2026-07-31T02:58:58.361122Z,3427,244.6,0,OK,OK,OK
2026-07-31T02:59:03.847563Z,3400,244.4,0,OK,OK,OK
2026-07-31T02:59:09.301594Z,3446,244.6,0,OK,OK,OK
2026-07-31T02:59:14.996236Z,3392,244.6,0,OK,OK,OK
2026-07-31T02:59:20.485059Z,3409,244.6,0,OK,OK,OK
2026-07-31T02:59:25.955188Z,3398,244.6,0,OK,OK,OK
2026-07-31T02:59:31.448287Z,3421,244.6,0,OK,OK,OK
2026-07-31T02:59:36.980213Z,3405,244.6,0,OK,OK,OK
2026-07-31T02:59:42.473628Z,3408,244.5,0,OK,OK,OK
2026-07-31T02:59:47.911905Z,3358,244.5,0,OK,OK,OK
2026-07-31T02:59:53.376915Z,3381,244.5,0,OK,OK,OK
2026-07-31T02:59:58.856834Z,3395,244.6,0,OK,OK,OK
2026-07-31T03:00:04.322206Z,3346,244.1,0,OK,OK,OK
2026-07-31T03:00:09.818505Z,3372,244.6,0,OK,OK,OK
2026-07-31T03:00:15.320984Z,3371,244.6,0,OK,OK,OK
2026-07-31T03:00:20.784021Z,1963,245.2,0,OK,OK,OK
2026-07-31T03:00:26.292247Z,1928,245.2,0,OK,OK,OK
2026-07-31T03:00:31.769093Z,1935,245.2,0,OK,OK,OK
2026-07-31T03:00:37.326594Z,1948,245.2,0,OK,OK,OK
2026-07-31T03:00:42.810079Z,1938,245.3,0,OK,OK,OK
2026-07-31T03:00:48.316360Z,1944,245.2,0,OK,OK,OK
2026-07-31T03:00:53.799705Z,1900,245.2,0,OK,OK,OK
2026-07-31T03:00:59.325966Z,1898,245.3,0,OK,OK,OK
2026-07-31T03:01:04.823965Z,1930,245.2,0,OK,OK,OK
2026-07-31T03:01:10.298080Z,1912,245.2,0,OK,OK,OK
2026-07-31T03:01:15.787213Z,1925,245.2,0,OK,OK,OK
2026-07-31T03:01:21.268311Z,1919,245.1,0,OK,OK,OK
2026-07-31T03:01:26.787086Z,1910,244.8,0,OK,OK,OK
2026-07-31T03:01:32.245998Z,1897,245.2,0,OK,OK,OK
2026-07-31T03:01:37.728528Z,1892,245.2,0,OK,OK,OK
2026-07-31T03:01:43.224034Z,1918,245.3,0,OK,OK,OK
2026-07-31T03:01:48.725460Z,1872,245.3,0,OK,OK,OK
2026-07-31T03:01:54.218309Z,1887,245.3,0,OK,OK,OK
2026-07-31T03:01:59.654365Z,1886,245.3,0,OK,OK,OK
2026-07-31T03:02:05.125006Z,1858,245.5,0,OK,OK,OK
2026-07-31T03:02:10.609990Z,1863,245.4,0,OK,OK,OK
2026-07-31T03:02:16.122437Z,1910,245.3,0,OK,OK,OK
2026-07-31T03:02:21.584685Z,1877,245.3,0,OK,OK,OK
2026-07-31T03:02:27.074489Z,1840,245.1,0,OK,OK,OK
2026-07-31T03:02:32.592133Z,1853,245.3,0,OK,OK,OK
2026-07-31T03:02:38.039968Z,1846,245.3,0,OK,OK,OK
2026-07-31T03:02:43.521118Z,1843,245.3,0,OK,OK,OK
2026-07-31T03:02:49.009299Z,1862,245.3,0,OK,OK,OK
2026-07-31T03:02:54.513641Z,1858,244.8,0,OK,OK,OK
2026-07-31T03:02:59.983241Z,1990,245.1,0,OK,OK,OK
2026-07-31T03:03:05.443949Z,1968,245.2,0,OK,OK,OK
2026-07-31T03:03:10.924638Z,1983,245.2,0,OK,OK,OK
2026-07-31T03:03:16.427664Z,1990,245.3,0,OK,OK,OK
2026-07-31T03:03:21.923344Z,1973,245.3,0,OK,OK,OK
2026-07-31T03:03:27.383042Z,1973,245.3,0,OK,OK,OK
2026-07-31T03:03:32.860656Z,1981,245.3,0,OK,OK,OK
2026-07-31T03:03:38.342706Z,1972,245.3,0,OK,OK,OK
2026-07-31T03:03:43.802352Z,2027,245.3,0,OK,OK,OK
2026-07-31T03:03:49.282990Z,1968,245.3,0,OK,OK,OK
2026-07-31T03:03:54.802904Z,1919,245.4,0,OK,OK,OK
2026-07-31T03:04:00.320640Z,1933,245.4,0,OK,OK,OK
2026-07-31T03:04:05.831041Z,1942,245.4,0,OK,OK,OK
2026-07-31T03:04:11.315109Z,1928,245.3,0,OK,OK,OK
2026-07-31T03:04:16.778960Z,1932,245.4,0,OK,OK,OK
2026-07-31T03:04:22.230442Z,1918,245.4,0,OK,OK,OK
2026-07-31T03:04:27.727858Z,1921,245.4,0,OK,OK,OK
2026-07-31T03:04:33.221982Z,1917,245.4,0,OK,OK,OK
2026-07-31T03:04:38.687046Z,1916,245.3,0,OK,OK,OK
2026-07-31T03:04:44.119168Z,1916,245.4,0,OK,OK,OK
2026-07-31T03:04:49.604151Z,1927,245.3,0,OK,OK,OK
2026-07-31T03:04:55.081503Z,1899,245.3,0,OK,OK,OK
2026-07-31T03:05:00.536155Z,1891,245.3,0,OK,OK,OK
2026-07-31T03:05:06.024659Z,1890,245.1,0,OK,OK,OK
2026-07-31T03:05:11.529603Z,1913,245.2,0,OK,OK,OK
2026-07-31T03:05:16.996661Z,1871,245.3,0,OK,OK,OK
2026-07-31T03:05:22.429634Z,3188,244.7,0,OK,OK,OK
2026-07-31T03:05:27.925462Z,3295,244.7,0,OK,OK,OK
2026-07-31T03:05:33.425347Z,3309,244.7,0,OK,OK,OK
2026-07-31T03:05:38.926264Z,3316,244.6,0,OK,OK,OK
2026-07-31T03:05:44.379684Z,3306,244.6,0,OK,OK,OK
2026-07-31T03:05:49.880339Z,3313,244.7,0,OK,OK,OK
2026-07-31T03:05:55.354058Z,3320,244.3,0,OK,OK,OK
2026-07-31T03:06:00.864318Z,3351,244.5,0,OK,OK,OK
2026-07-31T03:06:06.316395Z,3351,244.5,0,OK,OK,OK
2026-07-31T03:06:11.827148Z,3347,244.5,0,OK,OK,OK
2026-07-31T03:06:17.281749Z,3344,244.5,0,OK,OK,OK
2026-07-31T03:06:22.803461Z,3348,244.5,0,OK,OK,OK
2026-07-31T03:06:28.263393Z,3343,244.5,0,OK,OK,OK
2026-07-31T03:06:33.773304Z,3350,244.5,0,OK,OK,OK
2026-07-31T03:06:39.271284Z,3327,244.6,0,OK,OK,OK
2026-07-31T03:06:44.745666Z,3380,244.5,0,OK,OK,OK
2026-07-31T03:06:50.247773Z,3329,244.7,0,OK,OK,OK
2026-07-31T03:06:55.754219Z,3353,244.6,0,OK,OK,OK
2026-07-31T03:07:01.250451Z,3336,244.6,0,OK,OK,OK
2026-07-31T03:07:06.718968Z,3339,244.7,0,OK,OK,OK
2026-07-31T03:07:12.168162Z,3330,244.5,0,OK,OK,OK
2026-07-31T03:07:17.675491Z,3352,244.3,0,OK,OK,OK
2026-07-31T03:07:23.157770Z,3338,244.6,0,OK,OK,OK
2026-07-31T03:07:28.671137Z,3361,244.6,0,OK,OK,OK
2026-07-31T03:07:34.150272Z,3333,244.5,0,OK,OK,OK
2026-07-31T03:07:39.607677Z,3330,244.5,0,OK,OK,OK
2026-07-31T03:07:45.103388Z,3334,244.5,0,OK,OK,OK
2026-07-31T03:07:50.543340Z,3330,244.5,0,OK,OK,OK
2026-07-31T03:07:56.052188Z,3341,244.7,0,OK,OK,OK
2026-07-31T03:08:01.553619Z,3329,244.6,0,OK,OK,OK
2026-07-31T03:08:06.998828Z,3325,244.7,0,OK,OK,OK
2026-07-31T03:08:12.506502Z,3327,244.4,0,OK,OK,OK
2026-07-31T03:08:17.987458Z,3330,244.4,0,OK,OK,OK
2026-07-31T03:08:23.484142Z,3326,244.4,0,OK,OK,OK
2026-07-31T03:08:28.976206Z,3337,244.4,0,OK,OK,OK
2026-07-31T03:08:34.464042Z,3324,244.4,0,OK,OK,OK
2026-07-31T03:08:39.969424Z,3325,244.2,0,OK,OK,OK
2026-07-31T03:08:45.430478Z,3326,243.8,0,OK,OK,OK
2026-07-31T03:08:50.931407Z,3344,244.2,0,OK,OK,OK
2026-07-31T03:08:56.393088Z,3331,244.4,0,OK,OK,OK
2026-07-31T03:09:01.866469Z,3330,244.3,0,OK,OK,OK
2026-07-31T03:09:07.384143Z,3392,244.3,0,OK,OK,OK
2026-07-31T03:09:12.848270Z,3326,244.3,0,OK,OK,OK
2026-07-31T03:09:18.320296Z,3323,244.3,0,OK,OK,OK
2026-07-31T03:09:23.772426Z,3331,244.3,0,OK,OK,OK
2026-07-31T03:09:29.283835Z,3324,244.3,0,OK,OK,OK
2026-07-31T03:09:34.800153Z,3322,244.3,0,OK,OK,OK
2026-07-31T03:09:40.266852Z,3326,244.4,0,OK,OK,OK
2026-07-31T03:09:45.754821Z,3327,244.3,0,OK,OK,OK
2026-07-31T03:09:51.247007Z,3334,244.3,0,OK,OK,OK
2026-07-31T03:09:56.749538Z,3321,244.2,0,OK,OK,OK
2026-07-31T03:10:02.249886Z,3316,244.2,0,OK,OK,OK
2026-07-31T03:10:07.795564Z,3329,244.2,0,OK,OK,OK
2026-07-31T03:10:13.276588Z,3310,243.8,0,OK,OK,OK
2026-07-31T03:10:18.795275Z,3330,244.1,0,OK,OK,OK
2026-07-31T03:10:24.313494Z,3314,244.1,0,OK,OK,OK
2026-07-31T03:10:29.821209Z,3322,244.1,0,OK,OK,OK
2026-07-31T03:10:35.311726Z,3309,244.1,0,OK,OK,OK
2026-07-31T03:10:40.822112Z,3333,244.2,0,OK,OK,OK
2026-07-31T03:10:46.325665Z,3313,244.2,0,OK,OK,OK
2026-07-31T03:10:51.831743Z,3346,244.3,0,OK,OK,OK
2026-07-31T03:10:57.344349Z,3312,244.2,0,OK,OK,OK
2026-07-31T03:11:02.838029Z,3314,244.2,0,OK,OK,OK
2026-07-31T03:11:08.302796Z,3309,244.2,0,OK,OK,OK
2026-07-31T03:11:13.784194Z,3311,244.2,0,OK,OK,OK
2026-07-31T03:11:19.249048Z,3306,244.2,0,OK,OK,OK
2026-07-31T03:11:24.752701Z,3305,244.1,0,OK,OK,OK
2026-07-31T03:11:30.254130Z,3334,244.1,0,OK,OK,OK
2026-07-31T03:11:35.752259Z,3323,244.1,0,OK,OK,OK
2026-07-31T03:11:41.212972Z,3347,243.8,0,OK,OK,OK
2026-07-31T03:11:46.716106Z,3300,244.0,0,OK,OK,OK
2026-07-31T03:11:52.140318Z,3310,244.1,0,OK,OK,OK
2026-07-31T03:11:57.651479Z,3316,244.3,0,OK,OK,OK
2026-07-31T03:12:03.121223Z,3302,244.2,0,OK,OK,OK
2026-07-31T03:12:08.613721Z,3309,244.0,0,OK,OK,OK
2026-07-31T03:12:14.132962Z,3313,244.1,0,OK,OK,OK
2026-07-31T03:12:19.678535Z,3301,244.1,0,OK,OK,OK
2026-07-31T03:12:25.145420Z,3303,244.0,0,OK,OK,OK
2026-07-31T03:12:30.666155Z,3317,244.1,0,OK,OK,OK
2026-07-31T03:12:36.159094Z,3303,244.0,0,OK,OK,OK
2026-07-31T03:12:41.679794Z,3287,244.2,0,OK,OK,OK
2026-07-31T03:12:47.160622Z,3293,244.2,0,OK,OK,OK
2026-07-31T03:12:52.623091Z,3291,244.2,0,OK,OK,OK
2026-07-31T03:12:58.122958Z,3298,244.1,0,OK,OK,OK
2026-07-31T03:13:03.587549Z,3307,244.1,0,OK,OK,OK
2026-07-31T03:13:09.090167Z,3284,243.9,0,OK,OK,OK
2026-07-31T03:13:14.566401Z,3301,244.1,0,OK,OK,OK
2026-07-31T03:13:20.089057Z,3322,244.2,0,OK,OK,OK
2026-07-31T03:13:25.530014Z,3306,244.1,0,OK,OK,OK
2026-07-31T03:13:31.035513Z,3279,244.1,0,OK,OK,OK
2026-07-31T03:13:36.492121Z,3297,244.1,0,OK,OK,OK
2026-07-31T03:13:41.943186Z,3299,244.3,0,OK,OK,OK
2026-07-31T03:13:47.409224Z,3298,244.3,0,OK,OK,OK
2026-07-31T03:13:52.890721Z,3300,244.3,0,OK,OK,OK
2026-07-31T03:13:58.391057Z,3307,244.4,0,OK,OK,OK
2026-07-31T03:14:03.940700Z,3306,244.3,0,OK,OK,OK
2026-07-31T03:14:09.433879Z,3296,244.4,0,OK,OK,OK
2026-07-31T03:14:14.904818Z,3293,244.4,0,OK,OK,OK
2026-07-31T03:14:20.410973Z,3296,244.4,0,OK,OK,OK
2026-07-31T03:14:25.901147Z,3302,244.3,0,OK,OK,OK
2026-07-31T03:14:31.382733Z,3295,244.4,0,OK,OK,OK
2026-07-31T03:14:36.866256Z,3302,244.3,0,OK,OK,OK
2026-07-31T03:14:42.348296Z,3291,244.0,0,OK,OK,OK
2026-07-31T03:14:47.860264Z,3295,244.2,0,OK,OK,OK
2026-07-31T03:14:53.360374Z,3297,244.2,0,OK,OK,OK
2026-07-31T03:14:58.881723Z,3302,244.2,0,OK,OK,OK
2026-07-31T03:15:04.421614Z,3293,244.2,0,OK,OK,OK
2026-07-31T03:15:09.957690Z,3283,244.2,0,OK,OK,OK
2026-07-31T03:15:15.454036Z,3290,244.2,0,OK,OK,OK
2026-07-31T03:15:20.964435Z,3294,244.4,0,OK,OK,OK
2026-07-31T03:15:26.510976Z,3287,244.4,0,OK,OK,OK
2026-07-31T03:15:32.022241Z,3292,244.4,0,OK,OK,OK
2026-07-31T03:15:37.499453Z,3290,244.4,0,OK,OK,OK
2026-07-31T03:15:43.002703Z,3295,244.5,0,OK,OK,OK
2026-07-31T03:15:48.507730Z,3293,244.5,0,OK,OK,OK
2026-07-31T03:15:53.992523Z,3302,244.4,0,OK,OK,OK
2026-07-31T03:15:59.474835Z,3290,244.5,0,OK,OK,OK
2026-07-31T03:16:04.985024Z,3294,244.4,0,OK,OK,OK
2026-07-31T03:16:10.451685Z,3302,244.4,0,OK,OK,OK
2026-07-31T03:16:15.907273Z,3288,244.1,0,OK,OK,OK
2026-07-31T03:16:21.440946Z,3292,244.5,0,OK,OK,OK
2026-07-31T03:16:26.935333Z,3427,244.5,0,OK,OK,OK
2026-07-31T03:16:32.475376Z,3410,244.4,0,OK,OK,OK
2026-07-31T03:16:37.919660Z,3418,244.4,0,OK,OK,OK
2026-07-31T03:16:43.421851Z,3411,244.3,0,OK,OK,OK
2026-07-31T03:16:48.912252Z,3406,244.5,0,OK,OK,OK
2026-07-31T03:16:54.396328Z,3407,244.3,0,OK,OK,OK
2026-07-31T03:16:59.897370Z,3407,244.5,0,OK,OK,OK
2026-07-31T03:17:05.391441Z,3411,244.5,0,OK,OK,OK
2026-07-31T03:17:10.877558Z,3412,244.5,0,OK,OK,OK
2026-07-31T03:17:16.357635Z,3404,244.4,0,OK,OK,OK
2026-07-31T03:17:21.857818Z,3415,244.4,0,OK,OK,OK
2026-07-31T03:17:27.321013Z,3407,244.3,0,OK,OK,OK
2026-07-31T03:17:32.842074Z,3410,244.3,0,OK,OK,OK
2026-07-31T03:17:38.316564Z,3404,244.5,0,OK,OK,OK
2026-07-31T03:17:43.786795Z,3302,244.6,0,OK,OK,OK
2026-07-31T03:17:49.251140Z,3302,244.6,0,OK,OK,OK
2026-07-31T03:17:54.715423Z,3306,244.5,0,OK,OK,OK
2026-07-31T03:18:00.171584Z,3305,244.6,0,OK,OK,OK
2026-07-31T03:18:05.661630Z,3301,244.6,0,OK,OK,OK
2026-07-31T03:18:11.143743Z,3315,244.7,0,OK,OK,OK
2026-07-31T03:18:16.603401Z,3310,244.6,0,OK,OK,OK
2026-07-31T03:18:22.087309Z,3306,244.6,0,OK,OK,OK
2026-07-31T03:18:27.573986Z,3309,244.6,0,OK,OK,OK
2026-07-31T03:18:33.077473Z,3305,244.6,0,OK,OK,OK
2026-07-31T03:18:38.525533Z,3299,244.6,0,OK,OK,OK
2026-07-31T03:18:44.028373Z,3296,244.5,0,OK,OK,OK
2026-07-31T03:18:49.473487Z,3303,244.6,0,OK,OK,OK
2026-07-31T03:18:54.921253Z,3292,244.6,0,OK,OK,OK
2026-07-31T03:19:00.404235Z,3299,244.6,0,OK,OK,OK
2026-07-31T03:19:05.908437Z,3305,244.6,0,OK,OK,OK
2026-07-31T03:19:11.352375Z,3288,244.4,0,OK,OK,OK
2026-07-31T03:19:16.857852Z,3298,244.5,0,OK,OK,OK
2026-07-31T03:19:22.365153Z,3296,244.1,0,OK,OK,OK
2026-07-31T03:19:27.847490Z,3295,244.5,0,OK,OK,OK
2026-07-31T03:19:33.349998Z,3288,244.6,0,OK,OK,OK
2026-07-31T03:19:38.833612Z,3285,244.4,0,OK,OK,OK
2026-07-31T03:19:44.332560Z,3282,244.5,0,OK,OK,OK
2026-07-31T03:19:49.834386Z,3289,244.5,0,OK,OK,OK
2026-07-31T03:19:55.312161Z,3287,244.7,0,OK,OK,OK
2026-07-31T03:20:00.816404Z,3287,244.5,0,OK,OK,OK
2026-07-31T03:20:06.328407Z,3290,244.7,0,OK,OK,OK
2026-07-31T03:20:11.809408Z,3293,244.6,0,OK,OK,OK
2026-07-31T03:20:17.282467Z,3289,244.7,0,OK,OK,OK
2026-07-31T03:20:22.752506Z,3292,244.7,0,OK,OK,OK
2026-07-31T03:20:28.223874Z,3291,244.7,0,OK,OK,OK
2026-07-31T03:20:33.683904Z,3276,244.7,0,OK,OK,OK
2026-07-31T03:20:39.164812Z,3276,244.7,0,OK,OK,OK
2026-07-31T03:20:44.629566Z,3266,244.3,0,OK,OK,OK
2026-07-31T03:20:50.096911Z,3265,244.6,0,OK,OK,OK
2026-07-31T03:20:55.559951Z,3271,244.7,0,OK,OK,OK
2026-07-31T03:21:01.084113Z,3265,244.7,0,OK,OK,OK
2026-07-31T03:21:06.575833Z,3266,244.7,0,OK,OK,OK
2026-07-31T03:21:12.079722Z,3264,244.7,0,OK,OK,OK
2026-07-31T03:21:17.538246Z,3281,244.7,0,OK,OK,OK
2026-07-31T03:21:22.988920Z,3272,244.7,0,OK,OK,OK
2026-07-31T03:21:28.495926Z,3262,244.7,0,OK,OK,OK
2026-07-31T03:21:33.996503Z,3267,244.7,0,OK,OK,OK
2026-07-31T03:21:39.515955Z,3269,244.7,0,OK,OK,OK
2026-07-31T03:21:45.012091Z,3275,244.7,0,OK,OK,OK
2026-07-31T03:21:50.523499Z,3266,244.5,0,OK,OK,OK
2026-07-31T03:21:56.020277Z,3258,244.4,0,OK,OK,OK
2026-07-31T03:22:01.447548Z,3252,244.5,0,OK,OK,OK
2026-07-31T03:22:06.937253Z,3245,244.6,0,OK,OK,OK
2026-07-31T03:22:12.424481Z,3253,244.6,0,OK,OK,OK
2026-07-31T03:22:17.891969Z,3249,244.5,0,OK,OK,OK
2026-07-31T03:22:23.399336Z,3239,244.6,0,OK,OK,OK
2026-07-31T03:22:28.893496Z,3252,244.7,0,OK,OK,OK
2026-07-31T03:22:34.389648Z,3247,244.7,0,OK,OK,OK
2026-07-31T03:22:39.839232Z,3247,244.7,0,OK,OK,OK
2026-07-31T03:22:45.337334Z,3250,244.7,0,OK,OK,OK
2026-07-31T03:22:50.824971Z,3250,244.7,0,OK,OK,OK
2026-07-31T03:22:56.352377Z,3242,244.7,0,OK,OK,OK
2026-07-31T03:23:01.836055Z,3243,244.7,0,OK,OK,OK
2026-07-31T03:23:07.351645Z,3252,244.7,0,OK,OK,OK
2026-07-31T03:23:12.851424Z,3250,244.7,0,OK,OK,OK
2026-07-31T03:23:18.347420Z,3259,244.7,0,OK,OK,OK
2026-07-31T03:23:23.821229Z,3261,244.7,0,OK,OK,OK
2026-07-31T03:23:29.306591Z,3264,244.3,0,OK,OK,OK
2026-07-31T03:23:34.768155Z,3236,244.8,0,OK,OK,OK
2026-07-31T03:23:40.235163Z,3254,244.7,0,OK,OK,OK
2026-07-31T03:23:45.700405Z,3259,244.7,0,OK,OK,OK
2026-07-31T03:23:51.190244Z,3255,244.7,0,OK,OK,OK
2026-07-31T03:23:56.691015Z,3252,244.7,0,OK,OK,OK
2026-07-31T03:24:02.138882Z,3260,244.7,0,OK,OK,OK
2026-07-31T03:24:07.631461Z,3260,244.7,0,OK,OK,OK
2026-07-31T03:24:13.136598Z,3254,244.5,0,OK,OK,OK
2026-07-31T03:24:18.633033Z,3265,244.8,0,OK,OK,OK
2026-07-31T03:24:24.122288Z,3266,244.6,0,OK,OK,OK
2026-07-31T03:24:29.660147Z,3258,244.6,0,OK,OK,OK
2026-07-31T03:24:35.125149Z,3271,244.6,0,OK,OK,OK
2026-07-31T03:24:40.649493Z,3267,244.6,0,OK,OK,OK
2026-07-31T03:24:46.119725Z,3259,244.6,0,OK,OK,OK
2026-07-31T03:24:51.626032Z,3265,244.6,0,OK,OK,OK
2026-07-31T03:24:57.108039Z,3265,244.6,0,OK,OK,OK
2026-07-31T03:25:02.530941Z,3258,244.6,0,OK,OK,OK
2026-07-31T03:25:08.003180Z,3256,244.4,0,OK,OK,OK
2026-07-31T03:25:13.495962Z,3251,244.6,0,OK,OK,OK
2026-07-31T03:25:18.993939Z,3245,244.5,0,OK,OK,OK
2026-07-31T03:25:24.481449Z,3248,244.5,0,OK,OK,OK
2026-07-31T03:25:29.998902Z,3246,244.6,0,OK,OK,OK
2026-07-31T03:25:35.499669Z,3252,244.6,0,OK,OK,OK
2026-07-31T03:25:41.015540Z,3251,244.5,0,OK,OK,OK
2026-07-31T03:25:46.483423Z,3246,244.6,0,OK,OK,OK
2026-07-31T03:25:51.985845Z,3243,244.6,0,OK,OK,OK
2026-07-31T03:25:57.491514Z,3248,244.5,0,OK,OK,OK
2026-07-31T03:26:03.002886Z,3259,244.6,0,OK,OK,OK
2026-07-31T03:26:08.508335Z,3245,244.6,0,OK,OK,OK
2026-07-31T03:26:14.022547Z,3165,244.6,0,OK,OK,OK
2026-07-31T03:26:19.490590Z,3159,244.3,0,OK,OK,OK
2026-07-31T03:26:24.981399Z,3158,244.6,0,OK,OK,OK
2026-07-31T03:26:30.487854Z,3162,244.5,0,OK,OK,OK
2026-07-31T03:26:35.967748Z,3155,244.6,0,OK,OK,OK
2026-07-31T03:26:41.436688Z,3156,244.5,0,OK,OK,OK
2026-07-31T03:26:46.926616Z,3144,244.5,0,OK,OK,OK
2026-07-31T03:26:52.454238Z,3143,244.5,0,OK,OK,OK
2026-07-31T03:26:57.956063Z,3148,244.5,0,OK,OK,OK
2026-07-31T03:27:03.379782Z,3145,244.5,0,OK,OK,OK
2026-07-31T03:27:08.885983Z,3144,244.5,0,OK,OK,OK
2026-07-31T03:27:14.357718Z,3147,244.5,0,OK,OK,OK
2026-07-31T03:27:19.838376Z,3142,244.5,0,OK,OK,OK
2026-07-31T03:27:25.321013Z,3144,244.6,0,OK,OK,OK
2026-07-31T03:27:30.806647Z,3162,244.6,0,OK,OK,OK
2026-07-31T03:27:36.254291Z,3152,244.6,0,OK,OK,OK
2026-07-31T03:27:41.743695Z,3140,244.2,0,OK,OK,OK
2026-07-31T03:27:47.237529Z,3141,244.6,0,OK,OK,OK
2026-07-31T03:27:52.721676Z,3150,244.6,0,OK,OK,OK
2026-07-31T03:27:58.210789Z,3153,244.6,0,OK,OK,OK
2026-07-31T03:28:03.683002Z,3153,244.5,0,OK,OK,OK
2026-07-31T03:28:09.202715Z,3153,244.6,0,OK,OK,OK
2026-07-31T03:28:14.686909Z,3146,244.5,0,OK,OK,OK
2026-07-31T03:28:20.200534Z,3144,244.6,0,OK,OK,OK
2026-07-31T03:28:25.640548Z,3142,244.6,0,OK,OK,OK
2026-07-31T03:28:31.146561Z,3148,244.5,0,OK,OK,OK
2026-07-31T03:28:36.603680Z,3148,244.5,0,OK,OK,OK
2026-07-31T03:28:42.069191Z,3183,244.6,0,OK,OK,OK
2026-07-31T03:28:47.521048Z,3168,244.7,0,OK,OK,OK
2026-07-31T03:28:53.022584Z,3166,244.9,0,OK,OK,OK
2026-07-31T03:28:58.551625Z,3165,244.8,0,OK,OK,OK
2026-07-31T03:29:04.013289Z,3164,244.8,0,OK,OK,OK
2026-07-31T03:29:09.497965Z,3166,244.8,0,OK,OK,OK
2026-07-31T03:29:15.005933Z,3172,244.8,0,OK,OK,OK
2026-07-31T03:29:20.478026Z,3173,244.6,0,OK,OK,OK
2026-07-31T03:29:25.969018Z,3168,244.7,0,OK,OK,OK
2026-07-31T03:29:31.513858Z,3166,244.8,0,OK,OK,OK
2026-07-31T03:29:36.993807Z,3167,244.8,0,OK,OK,OK
2026-07-31T03:29:42.480020Z,3184,244.8,0,OK,OK,OK
2026-07-31T03:29:47.919881Z,3194,244.8,0,OK,OK,OK
2026-07-31T03:29:53.429718Z,3206,244.7,0,OK,OK,OK
2026-07-31T03:29:58.871829Z,3212,244.7,0,OK,OK,OK
2026-07-31T03:30:04.365174Z,3221,244.8,0,OK,OK,OK
2026-07-31T03:30:09.849548Z,3221,244.7,0,OK,OK,OK
2026-07-31T03:30:15.361895Z,3217,244.7,0,OK,OK,OK
2026-07-31T03:30:20.827737Z,3215,244.8,0,OK,OK,OK
2026-07-31T03:30:26.307689Z,3221,244.8,0,OK,OK,OK
2026-07-31T03:30:31.811869Z,3210,244.7,0,OK,OK,OK
2026-07-31T03:30:37.301163Z,3202,244.9,0,OK,OK,OK
2026-07-31T03:30:42.773787Z,3208,244.7,0,OK,OK,OK
2026-07-31T03:30:48.251329Z,3206,244.7,0,OK,OK,OK
2026-07-31T03:30:53.759522Z,3202,244.9,0,OK,OK,OK
2026-07-31T03:30:59.223480Z,3201,244.8,0,OK,OK,OK
2026-07-31T03:31:04.670120Z,3203,244.7,0,OK,OK,OK
2026-07-31T03:31:10.136629Z,3199,244.9,0,OK,OK,OK
2026-07-31T03:31:15.649282Z,3205,244.7,0,OK,OK,OK
2026-07-31T03:31:21.131476Z,3204,244.7,0,OK,OK,OK
2026-07-31T03:31:26.626272Z,3195,244.7,0,OK,OK,OK
2026-07-31T03:31:32.117498Z,3194,244.8,0,OK,OK,OK
2026-07-31T03:31:37.604651Z,3199,244.8,0,OK,OK,OK
2026-07-31T03:31:43.075704Z,3192,244.7,0,OK,OK,OK
2026-07-31T03:31:48.543001Z,3193,244.8,0,OK,OK,OK
2026-07-31T03:31:54.033592Z,3196,244.7,0,OK,OK,OK
2026-07-31T03:31:59.527122Z,3194,244.7,0,OK,OK,OK
2026-07-31T03:32:04.994581Z,3196,244.7,0,OK,OK,OK
2026-07-31T03:32:10.454626Z,3198,244.7,0,OK,OK,OK
2026-07-31T03:32:15.946069Z,3189,244.7,0,OK,OK,OK
2026-07-31T03:32:21.388452Z,3185,244.8,0,OK,OK,OK
2026-07-31T03:32:26.885331Z,3189,244.7,0,OK,OK,OK
2026-07-31T03:32:32.339975Z,3192,244.8,0,OK,OK,OK
2026-07-31T03:32:37.832616Z,3187,244.7,0,OK,OK,OK
2026-07-31T03:32:43.267288Z,3188,244.8,0,OK,OK,OK
2026-07-31T03:32:48.741756Z,3186,244.9,0,OK,OK,OK
2026-07-31T03:32:54.261937Z,3180,244.9,0,OK,OK,OK
2026-07-31T03:32:59.733715Z,3181,244.9,0,OK,OK,OK
2026-07-31T03:33:05.228006Z,3187,244.7,0,OK,OK,OK
2026-07-31T03:33:10.731394Z,3179,244.8,0,OK,OK,OK
2026-07-31T03:33:16.217920Z,3188,244.7,0,OK,OK,OK
2026-07-31T03:33:21.728458Z,2604,245.1,0,OK,OK,OK
2026-07-31T03:33:27.163486Z,1750,245.5,0,OK,OK,OK
2026-07-31T03:33:32.628884Z,1745,245.3,0,OK,OK,OK
2026-07-31T03:33:38.129248Z,1745,245.5,0,OK,OK,OK
2026-07-31T03:33:43.618694Z,1750,245.5,0,OK,OK,OK
2026-07-31T03:33:49.094761Z,1746,245.6,0,OK,OK,OK
2026-07-31T03:33:54.583986Z,1742,245.6,0,OK,OK,OK
2026-07-31T03:34:00.064510Z,1745,245.7,0,OK,OK,OK
2026-07-31T03:34:05.515582Z,1751,245.6,0,OK,OK,OK
2026-07-31T03:34:10.968183Z,1746,245.7,0,OK,OK,OK
2026-07-31T03:34:16.504917Z,1758,245.6,0,OK,OK,OK
2026-07-31T03:34:22.000718Z,1742,245.6,0,OK,OK,OK
2026-07-31T03:34:27.503155Z,1750,245.6,0,OK,OK,OK
2026-07-31T03:34:32.983724Z,1747,245.6,0,OK,OK,OK
2026-07-31T03:34:38.453022Z,1744,245.6,0,OK,OK,OK
2026-07-31T03:34:43.946827Z,1766,245.6,0,OK,OK,OK
2026-07-31T03:34:49.388209Z,1754,245.6,0,OK,OK,OK
2026-07-31T03:34:54.864219Z,1740,245.5,0,OK,OK,OK
2026-07-31T03:35:00.363227Z,1736,245.2,0,OK,OK,OK
2026-07-31T03:35:05.846921Z,1744,245.5,0,OK,OK,OK
2026-07-31T03:35:11.339383Z,1712,245.6,0,OK,OK,OK
2026-07-31T03:35:16.804157Z,1718,245.5,0,OK,OK,OK
2026-07-31T03:35:22.280850Z,1717,245.5,0,OK,OK,OK
2026-07-31T03:35:27.730710Z,1717,245.6,0,OK,OK,OK
2026-07-31T03:35:33.240196Z,1722,245.5,0,OK,OK,OK
2026-07-31T03:35:38.709652Z,1724,245.6,0,OK,OK,OK
2026-07-31T03:35:44.218673Z,1726,245.6,0,OK,OK,OK
2026-07-31T03:35:49.673029Z,1727,245.7,0,OK,OK,OK
2026-07-31T03:35:55.166178Z,1736,245.7,0,OK,OK,OK
2026-07-31T03:36:00.686146Z,1731,245.6,0,OK,OK,OK
2026-07-31T03:36:06.193624Z,1736,245.6,0,OK,OK,OK
2026-07-31T03:36:11.636297Z,1732,245.6,0,OK,OK,OK
2026-07-31T03:36:17.079742Z,1734,245.6,0,OK,OK,OK
2026-07-31T03:36:22.520932Z,1721,244.3,0,OK,OK,OK
2026-07-31T03:36:27.974055Z,1728,244.7,0,OK,OK,OK
2026-07-31T03:36:33.461291Z,1717,244.3,0,OK,OK,OK
2026-07-31T03:36:38.938084Z,1723,244.6,0,OK,OK,OK
2026-07-31T03:36:44.442013Z,1721,244.8,0,OK,OK,OK
2026-07-31T03:36:49.915908Z,1744,244.8,0,OK,OK,OK
2026-07-31T03:36:55.383654Z,1724,244.6,0,OK,OK,OK
2026-07-31T03:37:00.885896Z,1717,244.8,0,OK,OK,OK
2026-07-31T03:37:06.401309Z,1718,244.8,0,OK,OK,OK
2026-07-31T03:37:11.881754Z,1723,244.8,0,OK,OK,OK
2026-07-31T03:37:17.379930Z,1723,244.7,0,OK,OK,OK
2026-07-31T03:37:22.855821Z,1710,244.8,0,OK,OK,OK
2026-07-31T03:37:28.302438Z,1718,244.8,0,OK,OK,OK
2026-07-31T03:37:33.774800Z,1728,244.8,0,OK,OK,OK
2026-07-31T03:37:39.259241Z,1730,244.8,0,OK,OK,OK
2026-07-31T03:37:44.749590Z,1717,244.8,0,OK,OK,OK
2026-07-31T03:37:50.170923Z,1717,244.9,0,OK,OK,OK
2026-07-31T03:37:55.674796Z,1717,244.9,0,OK,OK,OK
2026-07-31T03:38:01.166411Z,1718,244.9,0,OK,OK,OK
2026-07-31T03:38:06.649486Z,1725,244.9,0,OK,OK,OK
2026-07-31T03:38:12.112850Z,1722,244.8,0,OK,OK,OK
2026-07-31T03:38:17.614049Z,1724,244.9,0,OK,OK,OK
2026-07-31T03:38:23.135366Z,1722,244.8,0,OK,OK,OK
2026-07-31T03:38:28.612440Z,1721,244.9,0,OK,OK,OK
2026-07-31T03:38:34.104455Z,1718,244.8,0,OK,OK,OK
2026-07-31T03:38:39.611157Z,1710,244.9,0,OK,OK,OK
2026-07-31T03:38:45.102154Z,1720,244.9,0,OK,OK,OK
2026-07-31T03:38:50.620925Z,1722,244.9,0,OK,OK,OK
2026-07-31T03:38:56.115989Z,1717,244.9,0,OK,OK,OK
2026-07-31T03:39:01.568067Z,1723,244.9,0,OK,OK,OK
2026-07-31T03:39:07.045933Z,1727,244.9,0,OK,OK,OK
2026-07-31T03:39:12.511092Z,1728,244.9,0,OK,OK,OK
2026-07-31T03:39:18.007427Z,1737,244.9,0,OK,OK,OK
2026-07-31T03:39:23.475788Z,1731,244.9,0,OK,OK,OK
2026-07-31T03:39:28.981396Z,1726,244.9,0,OK,OK,OK
2026-07-31T03:39:34.442291Z,1734,244.6,0,OK,OK,OK
2026-07-31T03:39:39.962758Z,1729,244.9,0,OK,OK,OK
2026-07-31T03:39:45.437604Z,1727,245.1,0,OK,OK,OK
2026-07-31T03:39:50.948040Z,1724,244.9,0,OK,OK,OK
2026-07-31T03:39:56.404597Z,1728,245.0,0,OK,OK,OK
2026-07-31T03:40:01.868503Z,1728,244.9,0,OK,OK,OK
2026-07-31T03:40:07.350313Z,1726,244.9,0,OK,OK,OK
2026-07-31T03:40:12.827013Z,1730,245.0,0,OK,OK,OK
2026-07-31T03:40:18.324035Z,1740,245.0,0,OK,OK,OK
2026-07-31T03:40:23.782416Z,1728,245.0,0,OK,OK,OK
2026-07-31T03:40:29.269262Z,1728,245.0,0,OK,OK,OK
2026-07-31T03:40:34.740532Z,1721,245.0,0,OK,OK,OK
2026-07-31T03:40:40.241054Z,1728,245.7,0,OK,OK,OK
2026-07-31T03:40:45.679377Z,3136,245.1,0,OK,OK,OK
2026-07-31T03:40:51.157537Z,3128,245.0,0,OK,OK,OK
2026-07-31T03:40:56.628818Z,3133,245.0,0,OK,OK,OK
2026-07-31T03:41:02.109914Z,3146,244.6,0,OK,OK,OK
2026-07-31T03:41:07.608643Z,3132,245.0,0,OK,OK,OK
2026-07-31T03:41:13.076460Z,3154,245.0,0,OK,OK,OK
2026-07-31T03:41:18.539330Z,3177,245.0,0,OK,OK,OK
2026-07-31T03:41:24.025701Z,3195,244.9,0,OK,OK,OK
2026-07-31T03:41:29.522416Z,3206,245.0,0,OK,OK,OK
2026-07-31T03:41:35.025833Z,3205,245.0,0,OK,OK,OK
2026-07-31T03:41:40.526758Z,3213,244.9,0,OK,OK,OK
2026-07-31T03:41:45.985840Z,3204,245.0,0,OK,OK,OK
2026-07-31T03:41:51.491212Z,3220,244.9,0,OK,OK,OK
2026-07-31T03:41:56.932338Z,3190,245.0,0,OK,OK,OK
2026-07-31T03:42:02.412079Z,3184,245.0,0,OK,OK,OK
2026-07-31T03:42:07.863438Z,3184,245.2,0,OK,OK,OK
2026-07-31T03:42:13.298371Z,3185,245.2,0,OK,OK,OK
2026-07-31T03:42:18.795775Z,3188,245.2,0,OK,OK,OK
2026-07-31T03:42:24.281485Z,3278,245.2,0,OK,OK,OK
2026-07-31T03:42:29.781546Z,3291,245.1,0,OK,OK,OK
2026-07-31T03:42:35.274335Z,3288,244.8,0,OK,OK,OK
2026-07-31T03:42:40.727711Z,3289,245.3,0,OK,OK,OK
2026-07-31T03:42:46.245845Z,3293,245.3,0,OK,OK,OK
2026-07-31T03:42:51.704022Z,3297,245.1,0,OK,OK,OK
2026-07-31T03:42:57.174641Z,3298,245.1,0,OK,OK,OK
2026-07-31T03:43:02.679316Z,3286,245.1,0,OK,OK,OK
2026-07-31T03:43:08.158910Z,3296,245.2,0,OK,OK,OK
2026-07-31T03:43:13.623073Z,3290,245.2,0,OK,OK,OK
2026-07-31T03:43:19.069010Z,3286,245.2,0,OK,OK,OK
2026-07-31T03:43:24.535989Z,3286,245.0,0,OK,OK,OK
2026-07-31T03:43:30.017106Z,3290,245.2,0,OK,OK,OK
2026-07-31T03:43:35.488236Z,3283,245.2,0,OK,OK,OK
2026-07-31T03:43:40.937120Z,3278,245.2,0,OK,OK,OK
2026-07-31T03:43:46.469252Z,3276,245.0,0,OK,OK,OK
2026-07-31T03:43:51.925624Z,3268,245.0,0,OK,OK,OK
2026-07-31T03:43:57.439223Z,3272,245.2,0,OK,OK,OK
2026-07-31T03:44:02.910702Z,3268,245.2,0,OK,OK,OK
2026-07-31T03:44:08.384586Z,3274,244.7,0,OK,OK,OK
2026-07-31T03:44:13.853999Z,3291,245.0,0,OK,OK,OK
2026-07-31T03:44:19.338180Z,3274,245.1,0,OK,OK,OK
2026-07-31T03:44:24.831281Z,3261,245.1,0,OK,OK,OK
2026-07-31T03:44:30.343403Z,3276,245.3,0,OK,OK,OK
2026-07-31T03:44:35.824875Z,3263,245.3,0,OK,OK,OK
2026-07-31T03:44:41.269366Z,3259,245.3,0,OK,OK,OK
2026-07-31T03:44:46.771491Z,3262,245.2,0,OK,OK,OK
2026-07-31T03:44:52.265728Z,3258,245.3,0,OK,OK,OK
2026-07-31T03:44:57.756988Z,3260,245.3,0,OK,OK,OK
2026-07-31T03:45:03.274130Z,3280,245.3,0,OK,OK,OK
2026-07-31T03:45:08.752063Z,3292,245.0,0,OK,OK,OK
2026-07-31T03:45:14.233724Z,3300,245.0,0,OK,OK,OK
2026-07-31T03:45:19.728702Z,3296,245.0,0,OK,OK,OK
2026-07-31T03:45:25.212790Z,3301,245.0,0,OK,OK,OK
2026-07-31T03:45:30.697163Z,3305,245.0,0,OK,OK,OK
2026-07-31T03:45:36.194286Z,3413,245.0,0,OK,OK,OK
2026-07-31T03:45:41.680519Z,3386,244.7,0,OK,OK,OK
2026-07-31T03:45:47.135936Z,3449,245.1,0,OK,OK,OK
2026-07-31T03:45:52.588539Z,3496,245.0,0,OK,OK,OK
2026-07-31T03:45:58.078417Z,3526,245.0,0,OK,OK,OK
2026-07-31T03:46:03.550227Z,3559,245.0,0,OK,OK,OK
2026-07-31T03:46:09.073563Z,3568,245.0,0,OK,OK,OK
2026-07-31T03:46:14.562397Z,3581,245.0,0,OK,OK,OK
2026-07-31T03:46:20.069846Z,3608,244.9,0,OK,OK,OK
2026-07-31T03:46:25.559410Z,3626,244.9,0,OK,OK,OK
2026-07-31T03:46:31.065565Z,3614,244.9,0,OK,OK,OK
2026-07-31T03:46:36.577526Z,3617,245.0,0,OK,OK,OK
2026-07-31T03:46:42.092538Z,3618,244.8,0,OK,OK,OK
2026-07-31T03:46:47.609492Z,3606,244.9,0,OK,OK,OK
2026-07-31T03:46:53.065330Z,3524,245.0,0,OK,OK,OK
2026-07-31T03:46:58.528692Z,3510,245.0,0,OK,OK,OK
2026-07-31T03:47:04.009366Z,3506,245.0,0,OK,OK,OK
2026-07-31T03:47:09.465655Z,3493,244.9,0,OK,OK,OK
2026-07-31T03:47:14.950139Z,3490,244.6,0,OK,OK,OK
2026-07-31T03:47:20.428930Z,3448,245.0,0,OK,OK,OK
2026-07-31T03:47:25.895104Z,3433,244.9,0,OK,OK,OK
2026-07-31T03:47:31.399861Z,3438,244.9,0,OK,OK,OK
2026-07-31T03:47:36.891228Z,3435,244.9,0,OK,OK,OK
2026-07-31T03:47:42.380780Z,3436,244.9,0,OK,OK,OK
2026-07-31T03:47:47.875019Z,3430,244.9,0,OK,OK,OK
2026-07-31T03:47:53.349044Z,3420,245.0,0,OK,OK,OK
2026-07-31T03:47:58.805484Z,3438,245.0,0,OK,OK,OK
2026-07-31T03:48:04.304596Z,3432,244.9,0,OK,OK,OK
2026-07-31T03:48:09.811708Z,3430,244.9,0,OK,OK,OK
2026-07-31T03:48:15.268920Z,3438,244.8,0,OK,OK,OK
2026-07-31T03:48:20.754676Z,3436,244.9,0,OK,OK,OK
2026-07-31T03:48:26.229104Z,3429,244.8,0,OK,OK,OK
2026-07-31T03:48:31.700536Z,3437,244.9,0,OK,OK,OK
2026-07-31T03:48:37.205110Z,3426,244.8,0,OK,OK,OK
2026-07-31T03:48:42.691133Z,3418,244.5,0,OK,OK,OK
2026-07-31T03:48:48.198669Z,3430,245.0,0,OK,OK,OK
2026-07-31T03:48:53.681247Z,3426,245.0,0,OK,OK,OK
2026-07-31T03:48:59.137971Z,3429,245.0,0,OK,OK,OK
2026-07-31T03:49:04.628413Z,3442,245.0,0,OK,OK,OK
2026-07-31T03:49:10.108496Z,3430,245.1,0,OK,OK,OK
2026-07-31T03:49:15.628571Z,3440,245.0,0,OK,OK,OK
2026-07-31T03:49:21.081500Z,3447,245.0,0,OK,OK,OK
2026-07-31T03:49:26.549689Z,3433,244.7,0,OK,OK,OK
2026-07-31T03:49:32.034048Z,3433,244.9,0,OK,OK,OK
2026-07-31T03:49:37.464723Z,3440,245.0,0,OK,OK,OK
2026-07-31T03:49:42.897374Z,3428,244.9,0,OK,OK,OK
2026-07-31T03:49:48.394958Z,3434,244.9,0,OK,OK,OK
2026-07-31T03:49:53.885724Z,3431,244.9,0,OK,OK,OK
2026-07-31T03:49:59.365141Z,3430,244.9,0,OK,OK,OK
2026-07-31T03:50:04.825678Z,3431,245.1,0,OK,OK,OK
2026-07-31T03:50:10.325304Z,3430,245.0,0,OK,OK,OK
2026-07-31T03:50:15.813863Z,3433,245.0,0,OK,OK,OK
2026-07-31T03:50:21.294970Z,3429,244.5,0,OK,OK,OK
2026-07-31T03:50:26.797433Z,3426,244.9,0,OK,OK,OK
2026-07-31T03:50:32.324671Z,3424,244.9,0,OK,OK,OK
2026-07-31T03:50:37.824083Z,3424,245.0,0,OK,OK,OK
2026-07-31T03:50:43.317659Z,3417,245.0,0,OK,OK,OK
2026-07-31T03:50:48.847556Z,3423,245.0,0,OK,OK,OK
2026-07-31T03:50:54.327565Z,3429,245.0,0,OK,OK,OK
2026-07-31T03:50:59.814937Z,3425,245.0,0,OK,OK,OK
2026-07-31T03:51:05.320492Z,3429,244.9,0,OK,OK,OK
2026-07-31T03:51:10.832121Z,3461,244.8,0,OK,OK,OK
2026-07-31T03:51:16.312736Z,3436,245.0,0,OK,OK,OK
2026-07-31T03:51:21.768845Z,3436,244.9,0,OK,OK,OK
2026-07-31T03:51:27.254085Z,3439,244.9,0,OK,OK,OK
2026-07-31T03:51:32.716200Z,3435,244.9,0,OK,OK,OK
2026-07-31T03:51:38.214253Z,3446,244.9,0,OK,OK,OK
2026-07-31T03:51:43.696520Z,3445,244.8,0,OK,OK,OK
2026-07-31T03:51:49.162295Z,3440,245.0,0,OK,OK,OK
2026-07-31T03:51:54.665230Z,3432,244.6,0,OK,OK,OK
2026-07-31T03:52:00.170540Z,4236,244.2,0,OK,OK,OK
2026-07-31T03:52:05.641730Z,4363,244.3,0,OK,OK,OK
2026-07-31T03:52:11.108577Z,4374,244.2,0,OK,OK,OK
2026-07-31T03:52:16.597896Z,4398,244.1,0,OK,OK,OK
2026-07-31T03:52:22.065748Z,4431,244.1,0,OK,OK,OK
2026-07-31T03:52:27.593992Z,4528,244.1,0,OK,OK,OK
2026-07-31T03:52:33.068602Z,4668,244.0,0,OK,OK,OK
2026-07-31T03:52:38.507025Z,4731,244.1,0,OK,OK,OK
2026-07-31T03:52:44.000597Z,3606,244.5,0,OK,OK,OK
2026-07-31T03:52:49.473392Z,3548,244.5,0,OK,OK,OK
2026-07-31T03:52:54.970429Z,3542,244.5,0,OK,OK,OK
2026-07-31T03:53:00.426717Z,3519,244.6,0,OK,OK,OK
2026-07-31T03:53:05.912680Z,3518,244.7,0,OK,OK,OK
2026-07-31T03:53:11.436493Z,3505,244.7,0,OK,OK,OK
2026-07-31T03:53:16.926174Z,3502,244.8,0,OK,OK,OK
2026-07-31T03:53:22.420344Z,3511,244.8,0,OK,OK,OK
2026-07-31T03:53:27.917108Z,3498,244.4,0,OK,OK,OK
2026-07-31T03:53:33.408744Z,3497,244.8,0,OK,OK,OK
2026-07-31T03:53:38.924078Z,3490,244.8,0,OK,OK,OK
2026-07-31T03:53:44.402294Z,3492,244.8,0,OK,OK,OK
2026-07-31T03:53:49.869180Z,3495,244.8,0,OK,OK,OK
2026-07-31T03:53:55.348936Z,3487,244.8,0,OK,OK,OK
2026-07-31T03:54:00.826453Z,3496,244.8,0,OK,OK,OK
2026-07-31T03:54:06.297048Z,3501,244.8,0,OK,OK,OK
2026-07-31T03:54:11.807255Z,3495,244.9,0,OK,OK,OK
2026-07-31T03:54:17.306894Z,3496,244.9,0,OK,OK,OK
2026-07-31T03:54:22.779518Z,3492,244.9,0,OK,OK,OK
2026-07-31T03:54:28.286957Z,3490,244.7,0,OK,OK,OK
2026-07-31T03:54:33.771224Z,3488,244.7,0,OK,OK,OK
2026-07-31T03:54:39.262534Z,3490,244.9,0,OK,OK,OK
2026-07-31T03:54:44.718890Z,3491,244.8,0,OK,OK,OK
2026-07-31T03:54:50.240853Z,3499,244.7,0,OK,OK,OK
2026-07-31T03:54:55.733838Z,3501,244.9,0,OK,OK,OK
2026-07-31T03:55:01.197905Z,3482,244.6,0,OK,OK,OK
2026-07-31T03:55:06.665969Z,3554,244.9,0,OK,OK,OK
2026-07-31T03:55:12.129288Z,3487,244.9,0,OK,OK,OK
2026-07-31T03:55:17.617821Z,3497,244.9,0,OK,OK,OK
2026-07-31T03:55:23.106065Z,3492,245.0,0,OK,OK,OK
2026-07-31T03:55:28.594174Z,3490,244.9,0,OK,OK,OK
2026-07-31T03:55:34.057702Z,3486,244.8,0,OK,OK,OK
2026-07-31T03:55:39.541699Z,3487,244.9,0,OK,OK,OK
2026-07-31T03:55:45.015035Z,3487,244.9,0,OK,OK,OK
2026-07-31T03:55:50.482470Z,3487,244.9,0,OK,OK,OK
2026-07-31T03:55:55.954084Z,3503,244.9,0,OK,OK,OK
2026-07-31T03:56:01.459432Z,3515,244.9,0,OK,OK,OK
2026-07-31T03:56:06.946969Z,3485,245.0,0,OK,OK,OK
2026-07-31T03:56:12.448745Z,3492,244.8,0,OK,OK,OK
2026-07-31T03:56:17.943394Z,3486,244.8,0,OK,OK,OK
2026-07-31T03:56:23.440404Z,3484,244.8,0,OK,OK,OK
2026-07-31T03:56:28.905639Z,3480,244.6,0,OK,OK,OK
2026-07-31T03:56:34.415743Z,3487,245.0,0,OK,OK,OK
2026-07-31T03:56:39.907947Z,3487,245.0,0,OK,OK,OK
2026-07-31T03:56:45.398359Z,3481,245.0,0,OK,OK,OK
2026-07-31T03:56:50.869112Z,3485,245.0,0,OK,OK,OK
2026-07-31T03:56:56.337328Z,3491,245.0,0,OK,OK,OK
2026-07-31T03:57:01.779030Z,3489,245.0,0,OK,OK,OK
2026-07-31T03:57:07.249589Z,3494,244.9,0,OK,OK,OK
2026-07-31T03:57:12.726574Z,3496,245.0,0,OK,OK,OK
2026-07-31T03:57:18.186683Z,3489,245.0,0,OK,OK,OK
2026-07-31T03:57:23.722191Z,3491,244.9,0,OK,OK,OK
2026-07-31T03:57:29.186390Z,3501,245.0,0,OK,OK,OK
2026-07-31T03:57:34.688962Z,3500,245.0,0,OK,OK,OK
2026-07-31T03:57:40.153282Z,3484,245.0,0,OK,OK,OK
2026-07-31T03:57:45.621692Z,3488,245.0,0,OK,OK,OK
2026-07-31T03:57:51.115871Z,3488,244.8,0,OK,OK,OK
2026-07-31T03:57:56.576055Z,3485,244.8,0,OK,OK,OK
2026-07-31T03:58:02.079549Z,3483,244.4,0,OK,OK,OK
2026-07-31T03:58:07.577209Z,3489,244.8,0,OK,OK,OK
2026-07-31T03:58:13.076682Z,3491,244.8,0,OK,OK,OK
2026-07-31T03:58:18.584475Z,3490,244.8,0,OK,OK,OK
2026-07-31T03:58:24.095606Z,3509,244.7,0,OK,OK,OK
2026-07-31T03:58:29.602576Z,3518,244.7,0,OK,OK,OK
2026-07-31T03:58:35.114860Z,3508,244.7,0,OK,OK,OK
2026-07-31T03:58:40.582526Z,3502,244.8,0,OK,OK,OK
2026-07-31T03:58:46.043669Z,3389,245.0,0,OK,OK,OK
2026-07-31T03:58:51.534564Z,3368,245.0,0,OK,OK,OK
2026-07-31T03:58:57.013208Z,3382,244.9,0,OK,OK,OK
2026-07-31T03:59:02.461948Z,3367,244.9,0,OK,OK,OK
2026-07-31T03:59:08.017074Z,3387,244.9,0,OK,OK,OK
2026-07-31T03:59:13.529067Z,3386,244.9,0,OK,OK,OK
2026-07-31T03:59:18.987409Z,3371,244.9,0,OK,OK,OK
2026-07-31T03:59:24.481481Z,3397,244.9,0,OK,OK,OK
2026-07-31T03:59:29.999425Z,3372,244.9,0,OK,OK,OK
2026-07-31T03:59:35.461884Z,3380,244.9,0,OK,OK,OK
2026-07-31T03:59:40.928157Z,3376,244.9,0,OK,OK,OK
2026-07-31T03:59:46.396200Z,3389,244.9,0,OK,OK,OK
2026-07-31T03:59:51.912639Z,3377,244.9,0,OK,OK,OK
2026-07-31T03:59:57.392549Z,3367,244.9,0,OK,OK,OK
