Timestamp (UTC),Net Grid Power (W),Phase A Voltage (V),Hoymiles Active Power (W),Bridge Status,Meter Status,Hoymiles Status
2026-08-14T04:00:03.102093Z,3485,245.8,0,OK,OK,OK
2026-08-14T04:00:08.639368Z,3492,245.8,0,OK,OK,OK
2026-08-14T04:00:14.179219Z,3451,245.8,0,OK,OK,OK
2026-08-14T04:00:19.670980Z,3456,245.8,0,OK,OK,OK
2026-08-14T04:00:25.166221Z,3443,245.8,0,OK,OK,OK
2026-08-14T04:00:30.682470Z,3438,245.8,0,OK,OK,OK
2026-08-14T04:00:36.208092Z,3450,245.8,0,OK,OK,OK
2026-08-14T04:00:41.726491Z,3445,245.8,0,OK,OK,OK
2026-08-14T04:00:47.248594Z,3442,245.8,0,OK,OK,OK
2026-08-14T04:00:52.742428Z,3438,245.9,0,OK,OK,OK
2026-08-14T04:00:58.264285Z,3440,245.7,0,OK,OK,OK
2026-08-14T04:01:03.794555Z,3434,245.6,0,OK,OK,OK
2026-08-14T04:01:09.335919Z,4826,245.0,0,OK,OK,OK
2026-08-14T04:01:14.846390Z,4871,245.0,0,OK,OK,OK
2026-08-14T04:01:20.378558Z,4897,244.9,0,OK,OK,OK
2026-08-14T04:01:25.880431Z,4905,244.9,0,OK,OK,OK
2026-08-14T04:01:31.389302Z,4918,245.0,0,OK,OK,OK
2026-08-14T04:01:36.927936Z,4910,245.0,0,OK,OK,OK
2026-08-14T04:01:42.416232Z,4946,245.0,0,OK,OK,OK
2026-08-14T04:01:47.896404Z,4953,245.0,0,OK,OK,OK
2026-08-14T04:01:53.383212Z,4963,245.0,0,OK,OK,OK
2026-08-14T04:01:58.905198Z,4957,245.1,0,OK,OK,OK
2026-08-14T04:02:04.361155Z,4954,245.0,0,OK,OK,OK
2026-08-14T04:02:09.862753Z,4954,245.0,0,OK,OK,OK
2026-08-14T04:02:15.307132Z,4937,245.1,0,OK,OK,OK
2026-08-14T04:02:20.847642Z,4937,245.0,0,OK,OK,OK
2026-08-14T04:02:26.336928Z,4935,244.9,0,OK,OK,OK
2026-08-14T04:02:31.859587Z,4927,245.0,0,OK,OK,OK
2026-08-14T04:02:37.348575Z,4938,244.9,0,OK,OK,OK
2026-08-14T04:02:42.851637Z,4936,244.9,0,OK,OK,OK
2026-08-14T04:02:48.328920Z,4934,244.9,0,OK,OK,OK
2026-08-14T04:02:53.835551Z,4928,244.9,0,OK,OK,OK
2026-08-14T04:02:59.352113Z,4929,244.9,0,OK,OK,OK
2026-08-14T04:03:04.857652Z,4922,244.9,0,OK,OK,OK
2026-08-14T04:03:10.482014Z,4929,245.0,0,OK,OK,OK
2026-08-14T04:03:15.997294Z,4914,244.4,0,OK,OK,OK
2026-08-14T04:03:21.462846Z,4907,244.1,0,OK,OK,OK
2026-08-14T04:03:26.958438Z,4898,244.0,0,OK,OK,OK
2026-08-14T04:03:32.442243Z,4903,244.1,0,OK,OK,OK
2026-08-14T04:03:37.961211Z,4902,244.1,0,OK,OK,OK
2026-08-14T04:03:43.487477Z,4910,244.1,0,OK,OK,OK
2026-08-14T04:03:48.991730Z,4892,244.2,0,OK,OK,OK
2026-08-14T04:03:54.468413Z,4899,244.1,0,OK,OK,OK
2026-08-14T04:04:00.007407Z,4903,244.1,0,OK,OK,OK
2026-08-14T04:04:05.512003Z,4902,244.2,0,OK,OK,OK
2026-08-14T04:04:11.017171Z,4907,244.1,0,OK,OK,OK
2026-08-14T04:04:16.556183Z,4900,244.1,0,OK,OK,OK
2026-08-14T04:04:22.076190Z,4894,244.0,0,OK,OK,OK
2026-08-14T04:04:27.536911Z,4910,244.1,0,OK,OK,OK
2026-08-14T04:04:33.094752Z,4895,244.1,0,OK,OK,OK
2026-08-14T04:04:38.614361Z,4902,244.0,0,OK,OK,OK
2026-08-14T04:04:44.083460Z,4900,244.0,0,OK,OK,OK
2026-08-14T04:04:49.545021Z,4892,244.1,0,OK,OK,OK
2026-08-14T04:04:55.061568Z,4900,244.2,0,OK,OK,OK
2026-08-14T04:05:00.557470Z,4893,244.1,0,OK,OK,OK
2026-08-14T04:05:06.061320Z,4898,244.2,0,OK,OK,OK
2026-08-14T04:05:12.101194Z,4904,244.3,0,OK,OK,OK
2026-08-14T04:05:20.604277Z,4903,244.4,0,OK,OK,OK
2026-08-14T04:05:26.104744Z,4893,244.4,0,OK,OK,OK
2026-08-14T04:05:31.618002Z,4890,244.4,0,OK,OK,OK
2026-08-14T04:05:37.079751Z,4903,244.4,0,OK,OK,OK
2026-08-14T04:05:42.598945Z,4908,244.4,0,OK,OK,OK
2026-08-14T04:05:48.107193Z,4905,244.4,0,OK,OK,OK
2026-08-14T04:05:53.647808Z,4901,244.3,0,OK,OK,OK
2026-08-14T04:05:59.119188Z,4909,244.3,0,OK,OK,OK
2026-08-14T04:06:04.641484Z,4901,244.1,0,OK,OK,OK
2026-08-14T04:06:10.147767Z,4902,244.1,0,OK,OK,OK
2026-08-14T04:06:15.684497Z,4903,244.1,0,OK,OK,OK
2026-08-14T04:06:21.190768Z,4892,244.2,0,OK,OK,OK
2026-08-14T04:06:26.693014Z,4945,244.1,0,OK,OK,OK
2026-08-14T04:06:32.225382Z,4907,244.0,0,OK,OK,OK
2026-08-14T04:06:37.759007Z,4910,244.1,0,OK,OK,OK
2026-08-14T04:06:43.215912Z,4911,244.1,0,OK,OK,OK
2026-08-14T04:06:48.824829Z,4911,244.2,0,OK,OK,OK
2026-08-14T04:06:54.293609Z,4912,244.1,0,OK,OK,OK
2026-08-14T04:06:59.807917Z,4915,244.2,0,OK,OK,OK
2026-08-14T04:07:05.241046Z,4918,243.8,0,OK,OK,OK
2026-08-14T04:07:10.771946Z,4914,244.0,0,OK,OK,OK
2026-08-14T04:07:16.254246Z,4921,244.2,0,OK,OK,OK
2026-08-14T04:07:21.793723Z,4905,244.2,0,OK,OK,OK
2026-08-14T04:07:27.281500Z,4897,244.1,0,OK,OK,OK
2026-08-14T04:07:32.807271Z,4889,244.0,0,OK,OK,OK
2026-08-14T04:07:38.293354Z,4889,244.1,0,OK,OK,OK
2026-08-14T04:07:43.776107Z,4892,244.0,0,OK,OK,OK
2026-08-14T04:07:49.276599Z,4891,244.1,0,OK,OK,OK
2026-08-14T04:07:54.811248Z,4882,244.1,0,OK,OK,OK
2026-08-14T04:08:00.362041Z,4880,244.1,0,OK,OK,OK
2026-08-14T04:08:05.886729Z,4884,244.2,0,OK,OK,OK
2026-08-14T04:08:11.399333Z,4885,244.0,0,OK,OK,OK
2026-08-14T04:08:16.945988Z,4885,244.0,0,OK,OK,OK
2026-08-14T04:08:22.487027Z,4884,244.1,0,OK,OK,OK
2026-08-14T04:08:27.972900Z,4882,244.0,0,OK,OK,OK
2026-08-14T04:08:33.455189Z,4888,244.1,0,OK,OK,OK
2026-08-14T04:08:38.961294Z,4896,244.1,0,OK,OK,OK
2026-08-14T04:08:44.501608Z,4890,244.1,0,OK,OK,OK
2026-08-14T04:08:50.019910Z,4880,244.0,0,OK,OK,OK
2026-08-14T04:08:55.474599Z,4938,244.5,0,OK,OK,OK
2026-08-14T04:09:00.993745Z,4889,244.6,0,OK,OK,OK
2026-08-14T04:09:06.489790Z,4878,244.6,0,OK,OK,OK
2026-08-14T04:09:12.012598Z,4888,244.5,0,OK,OK,OK
2026-08-14T04:09:17.555601Z,4886,244.5,0,OK,OK,OK
2026-08-14T04:09:23.104188Z,4884,244.5,0,OK,OK,OK
2026-08-14T04:09:28.579251Z,4877,244.7,0,OK,OK,OK
2026-08-14T04:09:34.074308Z,4874,244.5,0,OK,OK,OK
2026-08-14T04:09:39.601022Z,4874,244.6,0,OK,OK,OK
2026-08-14T04:09:45.127430Z,4882,244.7,0,OK,OK,OK
2026-08-14T04:09:50.654091Z,4873,244.6,0,OK,OK,OK
2026-08-14T04:09:56.162635Z,4873,244.7,0,OK,OK,OK
2026-08-14T04:10:01.666675Z,4878,244.8,0,OK,OK,OK
2026-08-14T04:10:07.176446Z,4868,244.7,0,OK,OK,OK
2026-08-14T04:10:12.685499Z,4864,244.7,0,OK,OK,OK
2026-08-14T04:10:18.209418Z,4873,244.7,0,OK,OK,OK
2026-08-14T04:10:23.717596Z,4869,244.7,0,OK,OK,OK
2026-08-14T04:10:29.234955Z,4881,245.0,0,OK,OK,OK
2026-08-14T04:10:34.752012Z,4872,245.1,0,OK,OK,OK
2026-08-14T04:10:40.267846Z,4882,244.8,0,OK,OK,OK
2026-08-14T04:10:45.812726Z,4870,245.0,0,OK,OK,OK
2026-08-14T04:10:51.302841Z,4869,245.0,0,OK,OK,OK
2026-08-14T04:10:56.786277Z,4853,245.0,0,OK,OK,OK
2026-08-14T04:11:02.319534Z,4873,245.0,0,OK,OK,OK
2026-08-14T04:11:07.835346Z,3411,245.6,0,OK,OK,OK
2026-08-14T04:11:13.343212Z,3415,245.8,0,OK,OK,OK
2026-08-14T04:11:18.845815Z,3404,245.8,0,OK,OK,OK
2026-08-14T04:11:24.382396Z,3408,245.8,0,OK,OK,OK
2026-08-14T04:11:29.920304Z,3398,245.7,0,OK,OK,OK
2026-08-14T04:11:35.443803Z,3408,245.8,0,OK,OK,OK
2026-08-14T04:11:40.949766Z,3393,245.8,0,OK,OK,OK
2026-08-14T04:11:46.427416Z,3411,245.9,0,OK,OK,OK
2026-08-14T04:11:51.974343Z,3394,245.8,0,OK,OK,OK
2026-08-14T04:11:57.483236Z,3400,245.8,0,OK,OK,OK
2026-08-14T04:12:02.982315Z,3396,245.9,0,OK,OK,OK
2026-08-14T04:12:08.477098Z,3400,245.8,0,OK,OK,OK
2026-08-14T04:12:13.954112Z,3387,245.8,0,OK,OK,OK
2026-08-14T04:12:19.415396Z,3395,245.9,0,OK,OK,OK
2026-08-14T04:12:24.915508Z,3390,245.9,0,OK,OK,OK
2026-08-14T04:12:30.412493Z,3391,245.8,0,OK,OK,OK
2026-08-14T04:12:35.908767Z,3388,245.7,0,OK,OK,OK
2026-08-14T04:12:41.409071Z,3393,245.9,0,OK,OK,OK
2026-08-14T04:12:46.944183Z,3392,245.8,0,OK,OK,OK
2026-08-14T04:12:52.436893Z,3391,245.9,0,OK,OK,OK
2026-08-14T04:12:57.937627Z,3393,245.9,0,OK,OK,OK
2026-08-14T04:13:03.528234Z,3394,245.9,0,OK,OK,OK
2026-08-14T04:13:09.018598Z,3556,245.7,0,OK,OK,OK
2026-08-14T04:13:14.509424Z,3550,245.8,0,OK,OK,OK
2026-08-14T04:13:20.019868Z,3516,245.4,0,OK,OK,OK
2026-08-14T04:13:25.509731Z,3511,245.5,0,OK,OK,OK
2026-08-14T04:13:31.021202Z,3514,245.5,0,OK,OK,OK
2026-08-14T04:13:36.530288Z,3510,245.5,0,OK,OK,OK
2026-08-14T04:13:42.076263Z,3510,245.4,0,OK,OK,OK
2026-08-14T04:13:47.588412Z,3515,245.4,0,OK,OK,OK
2026-08-14T04:13:53.063386Z,3508,245.4,0,OK,OK,OK
2026-08-14T04:13:58.545793Z,3507,245.4,0,OK,OK,OK
2026-08-14T04:14:04.068061Z,3510,245.4,0,OK,OK,OK
2026-08-14T04:14:09.594290Z,3511,245.4,0,OK,OK,OK
2026-08-14T04:14:15.083406Z,3507,245.4,0,OK,OK,OK
2026-08-14T04:14:20.601150Z,3508,245.4,0,OK,OK,OK
2026-08-14T04:14:26.084110Z,3516,245.3,0,OK,OK,OK
2026-08-14T04:14:31.593504Z,3514,245.4,0,OK,OK,OK
2026-08-14T04:14:37.076282Z,3513,245.4,0,OK,OK,OK
2026-08-14T04:14:42.586630Z,3401,245.5,0,OK,OK,OK
2026-08-14T04:14:48.077267Z,3404,245.5,0,OK,OK,OK
2026-08-14T04:14:53.572903Z,3409,245.5,0,OK,OK,OK
2026-08-14T04:14:59.047542Z,3398,245.6,0,OK,OK,OK
2026-08-14T04:15:04.561422Z,3398,245.5,0,OK,OK,OK
2026-08-14T04:15:10.016874Z,3402,245.4,0,OK,OK,OK
2026-08-14T04:15:15.564436Z,3394,245.5,0,OK,OK,OK
2026-08-14T04:15:21.045939Z,3392,245.5,0,OK,OK,OK
2026-08-14T04:15:26.544787Z,3416,245.6,0,OK,OK,OK
2026-08-14T04:15:32.056426Z,3398,245.5,0,OK,OK,OK
2026-08-14T04:15:37.598432Z,3401,245.6,0,OK,OK,OK
2026-08-14T04:15:43.056886Z,3407,245.6,0,OK,OK,OK
2026-08-14T04:15:48.597034Z,3393,245.6,0,OK,OK,OK
2026-08-14T04:15:54.079048Z,3396,245.6,0,OK,OK,OK
2026-08-14T04:15:59.603961Z,3396,245.6,0,OK,OK,OK
2026-08-14T04:16:05.129423Z,3397,245.6,0,OK,OK,OK
2026-08-14T04:16:10.623731Z,3406,245.5,0,OK,OK,OK
2026-08-14T04:16:16.138627Z,3396,245.5,0,OK,OK,OK
2026-08-14T04:16:21.659696Z,3391,245.5,0,OK,OK,OK
2026-08-14T04:16:27.169717Z,3391,245.4,0,OK,OK,OK
2026-08-14T04:16:32.664963Z,3390,245.4,0,OK,OK,OK
2026-08-14T04:16:38.202776Z,3386,245.4,0,OK,OK,OK
2026-08-14T04:16:43.679218Z,3390,245.4,0,OK,OK,OK
2026-08-14T04:16:49.175297Z,3398,245.4,0,OK,OK,OK
2026-08-14T04:16:54.693588Z,3392,245.5,0,OK,OK,OK
2026-08-14T04:17:00.193548Z,3415,245.5,0,OK,OK,OK
2026-08-14T04:17:05.708370Z,3395,245.5,0,OK,OK,OK
2026-08-14T04:17:11.170944Z,3394,245.5,0,OK,OK,OK
2026-08-14T04:17:16.690840Z,3396,245.4,0,OK,OK,OK
2026-08-14T04:17:22.165237Z,3392,245.4,0,OK,OK,OK
2026-08-14T04:17:27.646451Z,3403,245.4,0,OK,OK,OK
2026-08-14T04:17:33.129002Z,3380,245.4,0,OK,OK,OK
2026-08-14T04:17:38.594854Z,3385,245.4,0,OK,OK,OK
2026-08-14T04:17:44.085052Z,3384,245.4,0,OK,OK,OK
2026-08-14T04:17:49.576730Z,3383,245.5,0,OK,OK,OK
2026-08-14T04:17:55.084003Z,3379,245.5,0,OK,OK,OK
2026-08-14T04:18:00.556315Z,3374,245.4,0,OK,OK,OK
2026-08-14T04:18:06.022518Z,3377,245.4,0,OK,OK,OK
2026-08-14T04:18:11.522186Z,3388,245.6,0,OK,OK,OK
2026-08-14T04:18:17.011353Z,3379,245.5,0,OK,OK,OK
2026-08-14T04:18:22.490577Z,3381,245.4,0,OK,OK,OK
2026-08-14T04:18:28.001194Z,3379,245.5,0,OK,OK,OK
2026-08-14T04:18:33.497662Z,3382,245.6,0,OK,OK,OK
2026-08-14T04:18:38.985034Z,3386,245.5,0,OK,OK,OK
2026-08-14T04:18:44.476761Z,3384,245.5,0,OK,OK,OK
2026-08-14T04:18:49.986233Z,3392,245.5,0,OK,OK,OK
2026-08-14T04:18:55.517793Z,3398,245.6,0,OK,OK,OK
2026-08-14T04:19:01.044134Z,3391,245.6,0,OK,OK,OK
2026-08-14T04:19:06.561127Z,3381,245.5,0,OK,OK,OK
2026-08-14T04:19:12.091272Z,3390,245.5,0,OK,OK,OK
2026-08-14T04:19:17.651839Z,3381,245.6,0,OK,OK,OK
2026-08-14T04:19:23.183393Z,3381,245.5,0,OK,OK,OK
2026-08-14T04:19:28.701223Z,3376,245.5,0,OK,OK,OK
2026-08-14T04:19:34.206781Z,3371,245.5,0,OK,OK,OK
2026-08-14T04:19:39.698180Z,3378,245.5,0,OK,OK,OK
2026-08-14T04:19:45.168185Z,3352,245.5,0,OK,OK,OK
2026-08-14T04:19:50.705994Z,3341,245.5,0,OK,OK,OK
2026-08-14T04:19:56.238485Z,3342,245.6,0,OK,OK,OK
2026-08-14T04:20:01.756125Z,3342,245.6,0,OK,OK,OK
2026-08-14T04:20:07.266975Z,3349,245.6,0,OK,OK,OK
2026-08-14T04:20:12.771492Z,3342,245.6,0,OK,OK,OK
2026-08-14T04:20:18.271792Z,3345,245.5,0,OK,OK,OK
2026-08-14T04:20:23.809359Z,3340,245.6,0,OK,OK,OK
2026-08-14T04:20:29.337534Z,3347,245.6,0,OK,OK,OK
2026-08-14T04:20:34.847973Z,3341,245.7,0,OK,OK,OK
2026-08-14T04:20:40.370770Z,3343,245.8,0,OK,OK,OK
2026-08-14T04:20:45.877867Z,3338,245.7,0,OK,OK,OK
2026-08-14T04:20:51.376239Z,3343,245.7,0,OK,OK,OK
2026-08-14T04:20:56.883724Z,3345,245.7,0,OK,OK,OK
2026-08-14T04:21:02.368748Z,3349,245.7,0,OK,OK,OK
2026-08-14T04:21:07.877537Z,3347,245.7,0,OK,OK,OK
2026-08-14T04:21:13.350185Z,3356,245.7,0,OK,OK,OK
2026-08-14T04:21:18.883590Z,3339,245.9,0,OK,OK,OK
2026-08-14T04:21:24.443009Z,3347,246.0,0,OK,OK,OK
2026-08-14T04:21:29.926544Z,3373,245.9,0,OK,OK,OK
2026-08-14T04:21:35.450950Z,3352,245.9,0,OK,OK,OK
2026-08-14T04:21:40.991179Z,3342,245.9,0,OK,OK,OK
2026-08-14T04:21:46.496314Z,3348,245.9,0,OK,OK,OK
2026-08-14T04:21:51.969764Z,3346,245.9,0,OK,OK,OK
2026-08-14T04:21:57.493649Z,3332,246.0,0,OK,OK,OK
2026-08-14T04:22:02.994286Z,3341,246.0,0,OK,OK,OK
2026-08-14T04:22:08.484178Z,3348,246.0,0,OK,OK,OK
2026-08-14T04:22:13.988925Z,3347,246.0,0,OK,OK,OK
2026-08-14T04:22:19.512106Z,3354,246.0,0,OK,OK,OK
2026-08-14T04:22:25.030397Z,3347,246.1,0,OK,OK,OK
2026-08-14T04:22:30.471045Z,3333,246.1,0,OK,OK,OK
2026-08-14T04:22:35.973744Z,3345,246.1,0,OK,OK,OK
2026-08-14T04:22:41.435239Z,3350,245.9,0,OK,OK,OK
2026-08-14T04:22:46.961803Z,3337,246.1,0,OK,OK,OK
2026-08-14T04:22:52.447443Z,3346,246.0,0,OK,OK,OK
2026-08-14T04:22:57.968540Z,3353,245.9,0,OK,OK,OK
2026-08-14T04:23:03.444708Z,3343,246.0,0,OK,OK,OK
2026-08-14T04:23:08.961788Z,3341,246.0,0,OK,OK,OK
2026-08-14T04:23:14.451059Z,3341,246.0,0,OK,OK,OK
2026-08-14T04:23:19.943053Z,3346,246.0,0,OK,OK,OK
2026-08-14T04:23:25.420950Z,3337,246.0,0,OK,OK,OK
2026-08-14T04:23:30.907452Z,3344,246.1,0,OK,OK,OK
2026-08-14T04:23:36.417360Z,3344,246.0,0,OK,OK,OK
2026-08-14T04:23:41.935184Z,3340,246.1,0,OK,OK,OK
2026-08-14T04:23:47.445622Z,3339,246.1,0,OK,OK,OK
2026-08-14T04:23:52.966712Z,3340,246.1,0,OK,OK,OK
2026-08-14T04:23:58.441748Z,3342,246.1,0,OK,OK,OK
2026-08-14T04:24:03.967105Z,3342,246.1,0,OK,OK,OK
2026-08-14T04:24:09.455032Z,3378,245.9,0,OK,OK,OK
2026-08-14T04:24:14.937001Z,3348,245.9,0,OK,OK,OK
2026-08-14T04:24:20.455563Z,3342,246.0,0,OK,OK,OK
2026-08-14T04:24:25.979533Z,3346,245.9,0,OK,OK,OK
2026-08-14T04:24:31.513107Z,4744,245.3,0,OK,OK,OK
2026-08-14T04:24:37.026412Z,4766,245.3,0,OK,OK,OK
2026-08-14T04:24:42.540041Z,4778,245.3,0,OK,OK,OK
2026-08-14T04:24:48.080759Z,4774,245.3,0,OK,OK,OK
2026-08-14T04:24:53.600757Z,4784,245.4,0,OK,OK,OK
2026-08-14T04:24:59.097161Z,4806,245.1,0,OK,OK,OK
2026-08-14T04:25:04.630833Z,4816,245.1,0,OK,OK,OK
2026-08-14T04:25:10.158362Z,4828,245.1,0,OK,OK,OK
2026-08-14T04:25:15.658501Z,4829,245.1,0,OK,OK,OK
2026-08-14T04:25:21.183637Z,4823,245.2,0,OK,OK,OK
2026-08-14T04:25:26.670614Z,4830,245.1,0,OK,OK,OK
2026-08-14T04:25:32.208406Z,4823,245.1,0,OK,OK,OK
2026-08-14T04:25:37.699861Z,4819,245.1,0,OK,OK,OK
2026-08-14T04:25:43.215612Z,4820,245.1,0,OK,OK,OK
2026-08-14T04:25:48.699261Z,4815,245.1,0,OK,OK,OK
2026-08-14T04:25:54.217396Z,4816,245.1,0,OK,OK,OK
2026-08-14T04:25:59.733837Z,4816,245.1,0,OK,OK,OK
2026-08-14T04:26:05.248659Z,4816,245.1,0,OK,OK,OK
2026-08-14T04:26:10.753531Z,4826,245.1,0,OK,OK,OK
2026-08-14T04:26:16.253996Z,4830,245.1,0,OK,OK,OK
2026-08-14T04:26:21.756211Z,4831,245.1,0,OK,OK,OK
2026-08-14T04:26:27.281514Z,4830,245.1,0,OK,OK,OK
2026-08-14T04:26:32.792697Z,4885,245.1,0,OK,OK,OK
2026-08-14T04:26:38.275287Z,4821,245.1,0,OK,OK,OK
2026-08-14T04:26:43.743822Z,4819,245.3,0,OK,OK,OK
2026-08-14T04:26:49.239168Z,4818,245.2,0,OK,OK,OK
2026-08-14T04:26:54.758460Z,4807,245.3,0,OK,OK,OK
2026-08-14T04:27:00.189385Z,4811,245.3,0,OK,OK,OK
2026-08-14T04:27:05.699873Z,4811,245.2,0,OK,OK,OK
2026-08-14T04:27:11.161003Z,4811,245.2,0,OK,OK,OK
2026-08-14T04:27:16.689029Z,4816,245.3,0,OK,OK,OK
2026-08-14T04:27:22.195536Z,4816,245.3,0,OK,OK,OK
2026-08-14T04:27:27.703859Z,4815,245.3,0,OK,OK,OK
2026-08-14T04:27:33.209078Z,4823,245.3,0,OK,OK,OK
2026-08-14T04:27:38.680637Z,4823,245.3,0,OK,OK,OK
2026-08-14T04:27:44.157603Z,4818,245.3,0,OK,OK,OK
2026-08-14T04:27:49.694455Z,4822,245.3,0,OK,OK,OK
2026-08-14T04:27:55.205310Z,4812,245.2,0,OK,OK,OK
2026-08-14T04:28:00.688071Z,4820,245.4,0,OK,OK,OK
2026-08-14T04:28:06.198360Z,4820,245.4,0,OK,OK,OK
2026-08-14T04:28:11.741509Z,4815,245.4,0,OK,OK,OK
2026-08-14T04:28:17.257743Z,4813,245.4,0,OK,OK,OK
2026-08-14T04:28:22.775408Z,4814,245.4,0,OK,OK,OK
2026-08-14T04:28:28.346110Z,4814,245.4,0,OK,OK,OK
2026-08-14T04:28:33.870598Z,4804,245.3,0,OK,OK,OK
2026-08-14T04:28:39.333486Z,4811,245.3,0,OK,OK,OK
2026-08-14T04:28:44.865641Z,4806,245.4,0,OK,OK,OK
2026-08-14T04:28:50.357926Z,4798,245.3,0,OK,OK,OK
2026-08-14T04:28:55.854555Z,4623,245.4,0,OK,OK,OK
2026-08-14T04:29:01.360857Z,4630,245.4,0,OK,OK,OK
2026-08-14T04:29:06.878794Z,4637,245.4,0,OK,OK,OK
2026-08-14T04:29:12.352180Z,4661,245.4,0,OK,OK,OK
2026-08-14T04:29:17.849316Z,4638,245.4,0,OK,OK,OK
2026-08-14T04:29:23.338310Z,4629,245.4,0,OK,OK,OK
2026-08-14T04:29:28.887853Z,4639,245.3,0,OK,OK,OK
2026-08-14T04:29:34.406466Z,4635,245.3,0,OK,OK,OK
2026-08-14T04:29:39.894887Z,4646,245.2,0,OK,OK,OK
2026-08-14T04:29:45.403922Z,4638,245.2,0,OK,OK,OK
2026-08-14T04:29:50.911835Z,4630,245.2,0,OK,OK,OK
2026-08-14T04:29:56.441964Z,4638,245.2,0,OK,OK,OK
2026-08-14T04:30:01.919110Z,4644,245.2,0,OK,OK,OK
2026-08-14T04:30:07.456280Z,4672,245.2,0,OK,OK,OK
2026-08-14T04:30:12.964644Z,4624,245.2,0,OK,OK,OK
2026-08-14T04:30:18.471009Z,4639,245.2,0,OK,OK,OK
2026-08-14T04:30:23.932494Z,4640,245.2,0,OK,OK,OK
2026-08-14T04:30:29.459581Z,4640,245.3,0,OK,OK,OK
2026-08-14T04:30:34.920047Z,4634,245.3,0,OK,OK,OK
2026-08-14T04:30:40.458610Z,4625,245.2,0,OK,OK,OK
2026-08-14T04:30:45.916286Z,4626,245.2,0,OK,OK,OK
2026-08-14T04:30:51.456291Z,4640,245.2,0,OK,OK,OK
2026-08-14T04:30:56.928736Z,4644,245.3,0,OK,OK,OK
2026-08-14T04:31:02.438732Z,4640,245.3,0,OK,OK,OK
2026-08-14T04:31:07.941653Z,4646,245.2,0,OK,OK,OK
2026-08-14T04:31:13.442024Z,4648,245.2,0,OK,OK,OK
2026-08-14T04:31:18.954903Z,4642,245.2,0,OK,OK,OK
2026-08-14T04:31:24.439077Z,4641,245.2,0,OK,OK,OK
2026-08-14T04:31:29.921410Z,4646,245.2,0,OK,OK,OK
2026-08-14T04:31:35.433038Z,4639,245.2,0,OK,OK,OK
2026-08-14T04:31:40.967887Z,4645,245.2,0,OK,OK,OK
2026-08-14T04:31:46.460557Z,4635,245.2,0,OK,OK,OK
2026-08-14T04:31:51.987012Z,4640,245.1,0,OK,OK,OK
2026-08-14T04:31:57.517511Z,4634,245.2,0,OK,OK,OK
2026-08-14T04:32:03.055648Z,4640,245.0,0,OK,OK,OK
2026-08-14T04:32:08.586577Z,4644,245.1,0,OK,OK,OK
2026-08-14T04:32:14.117695Z,4642,245.2,0,OK,OK,OK
2026-08-14T04:32:19.614401Z,4642,245.2,0,OK,OK,OK
2026-08-14T04:32:25.119405Z,4631,245.2,0,OK,OK,OK
2026-08-14T04:32:30.635091Z,3192,245.7,0,OK,OK,OK
2026-08-14T04:32:36.112029Z,3194,245.6,0,OK,OK,OK
2026-08-14T04:32:41.644434Z,3192,245.7,0,OK,OK,OK
2026-08-14T04:32:47.172797Z,3196,245.6,0,OK,OK,OK
2026-08-14T04:32:52.679203Z,3189,245.6,0,OK,OK,OK
2026-08-14T04:32:58.182341Z,3154,244.4,0,OK,OK,OK
2026-08-14T04:33:03.713119Z,3166,244.8,0,OK,OK,OK
2026-08-14T04:33:09.247580Z,3165,244.8,0,OK,OK,OK
2026-08-14T04:33:14.778622Z,3163,244.8,0,OK,OK,OK
2026-08-14T04:33:20.332105Z,3164,244.8,0,OK,OK,OK
2026-08-14T04:33:25.815480Z,3166,244.7,0,OK,OK,OK
2026-08-14T04:33:31.318560Z,3156,244.6,0,OK,OK,OK
2026-08-14T04:33:36.868161Z,3165,244.6,0,OK,OK,OK
2026-08-14T04:33:42.394304Z,3167,244.8,0,OK,OK,OK
2026-08-14T04:33:47.901976Z,3089,244.7,0,OK,OK,OK
2026-08-14T04:33:53.437735Z,3076,244.6,0,OK,OK,OK
2026-08-14T04:33:58.951759Z,3081,244.8,0,OK,OK,OK
2026-08-14T04:34:04.465408Z,3084,244.9,0,OK,OK,OK
2026-08-14T04:34:09.971292Z,3084,244.8,0,OK,OK,OK
2026-08-14T04:34:15.519744Z,3080,244.8,0,OK,OK,OK
2026-08-14T04:34:21.074610Z,3076,244.8,0,OK,OK,OK
2026-08-14T04:34:26.549984Z,3086,244.7,0,OK,OK,OK
2026-08-14T04:34:32.042601Z,3085,244.8,0,OK,OK,OK
2026-08-14T04:34:37.548393Z,3088,244.7,0,OK,OK,OK
2026-08-14T04:34:43.083728Z,3077,244.8,0,OK,OK,OK
2026-08-14T04:34:48.574793Z,3084,244.8,0,OK,OK,OK
2026-08-14T04:34:54.096438Z,3076,244.8,0,OK,OK,OK
2026-08-14T04:34:59.623834Z,3085,244.9,0,OK,OK,OK
2026-08-14T04:35:05.169898Z,3081,244.8,0,OK,OK,OK
2026-08-14T04:35:10.671983Z,3082,244.8,0,OK,OK,OK
2026-08-14T04:35:16.216632Z,3089,244.9,0,OK,OK,OK
2026-08-14T04:35:21.709725Z,3083,244.9,0,OK,OK,OK
2026-08-14T04:35:27.262445Z,3090,245.0,0,OK,OK,OK
2026-08-14T04:35:32.737723Z,3086,245.2,0,OK,OK,OK
2026-08-14T04:35:38.240013Z,3088,245.1,0,OK,OK,OK
2026-08-14T04:35:43.774497Z,3084,245.1,0,OK,OK,OK
2026-08-14T04:35:49.288725Z,3082,245.1,0,OK,OK,OK
2026-08-14T04:35:54.818599Z,3084,245.2,0,OK,OK,OK
2026-08-14T04:36:00.349504Z,3074,245.2,0,OK,OK,OK
2026-08-14T04:36:05.882936Z,3083,245.2,0,OK,OK,OK
2026-08-14T04:36:11.384483Z,3089,245.2,0,OK,OK,OK
2026-08-14T04:36:16.864100Z,3087,245.2,0,OK,OK,OK
2026-08-14T04:36:22.374549Z,3088,245.2,0,OK,OK,OK
2026-08-14T04:36:27.886334Z,3120,245.2,0,OK,OK,OK
2026-08-14T04:36:33.362594Z,3090,245.2,0,OK,OK,OK
2026-08-14T04:36:38.899995Z,3086,245.2,0,OK,OK,OK
2026-08-14T04:36:44.404433Z,3087,245.2,0,OK,OK,OK
2026-08-14T04:36:49.922744Z,3087,245.2,0,OK,OK,OK
2026-08-14T04:36:55.434738Z,3098,245.2,0,OK,OK,OK
2026-08-14T04:37:00.964373Z,3079,245.2,0,OK,OK,OK
2026-08-14T04:37:06.496060Z,3084,245.2,0,OK,OK,OK
2026-08-14T04:37:12.032772Z,3086,245.2,0,OK,OK,OK
2026-08-14T04:37:17.579292Z,3087,245.2,0,OK,OK,OK
2026-08-14T04:37:23.066145Z,3104,245.2,0,OK,OK,OK
2026-08-14T04:37:28.564540Z,3076,245.2,0,OK,OK,OK
2026-08-14T04:37:34.085657Z,3082,245.2,0,OK,OK,OK
2026-08-14T04:37:39.597895Z,3084,245.2,0,OK,OK,OK
2026-08-14T04:37:45.116599Z,3081,245.2,0,OK,OK,OK
2026-08-14T04:37:50.645127Z,3082,245.2,0,OK,OK,OK
2026-08-14T04:37:56.119246Z,3084,245.2,0,OK,OK,OK
2026-08-14T04:38:01.645687Z,3078,245.2,0,OK,OK,OK
2026-08-14T04:38:07.149679Z,3080,245.2,0,OK,OK,OK
2026-08-14T04:38:12.678786Z,3083,245.3,0,OK,OK,OK
2026-08-14T04:38:18.200795Z,3081,245.3,0,OK,OK,OK
2026-08-14T04:38:23.731570Z,3080,245.3,0,OK,OK,OK
2026-08-14T04:38:29.220329Z,3087,245.3,0,OK,OK,OK
2026-08-14T04:38:34.714536Z,3095,245.8,0,OK,OK,OK
2026-08-14T04:38:40.170318Z,3092,245.9,0,OK,OK,OK
2026-08-14T04:38:45.636623Z,3095,245.9,0,OK,OK,OK
2026-08-14T04:38:51.132822Z,3090,245.9,0,OK,OK,OK
2026-08-14T04:38:56.642024Z,3103,245.9,0,OK,OK,OK
2026-08-14T04:39:02.119962Z,3095,245.9,0,OK,OK,OK
2026-08-14T04:39:07.601749Z,3098,245.9,0,OK,OK,OK
2026-08-14T04:39:13.118126Z,3103,245.8,0,OK,OK,OK
2026-08-14T04:39:18.560159Z,3094,245.8,0,OK,OK,OK
2026-08-14T04:39:24.070257Z,3093,245.8,0,OK,OK,OK
2026-08-14T04:39:29.573239Z,3094,245.8,0,OK,OK,OK
2026-08-14T04:39:35.097563Z,3102,245.8,0,OK,OK,OK
2026-08-14T04:39:40.569653Z,3097,245.9,0,OK,OK,OK
2026-08-14T04:39:46.108419Z,3100,245.9,0,OK,OK,OK
2026-08-14T04:39:51.612556Z,3095,246.0,0,OK,OK,OK
2026-08-14T04:39:57.168865Z,3097,246.0,0,OK,OK,OK
2026-08-14T04:40:02.657532Z,3097,245.9,0,OK,OK,OK
2026-08-14T04:40:08.142374Z,3102,246.4,0,OK,OK,OK
2026-08-14T04:40:13.669407Z,3110,246.0,0,OK,OK,OK
2026-08-14T04:40:19.205420Z,3111,246.3,0,OK,OK,OK
2026-08-14T04:40:24.715235Z,3105,246.3,0,OK,OK,OK
2026-08-14T04:40:30.256021Z,3101,246.3,0,OK,OK,OK
2026-08-14T04:40:35.760442Z,3102,246.3,0,OK,OK,OK
2026-08-14T04:40:41.271268Z,3110,246.3,0,OK,OK,OK
2026-08-14T04:40:46.771402Z,3109,246.3,0,OK,OK,OK
2026-08-14T04:40:52.295773Z,3110,246.3,0,OK,OK,OK
2026-08-14T04:40:57.800592Z,3107,246.3,0,OK,OK,OK
2026-08-14T04:41:03.283867Z,3110,246.3,0,OK,OK,OK
2026-08-14T04:41:08.782686Z,3109,246.2,0,OK,OK,OK
2026-08-14T04:41:14.293924Z,3106,246.4,0,OK,OK,OK
2026-08-14T04:41:19.804974Z,3105,246.4,0,OK,OK,OK
2026-08-14T04:41:25.319551Z,3106,246.4,0,OK,OK,OK
2026-08-14T04:41:30.839947Z,3105,246.4,0,OK,OK,OK
2026-08-14T04:41:36.358099Z,3108,246.4,0,OK,OK,OK
2026-08-14T04:41:41.855231Z,3103,246.4,0,OK,OK,OK
2026-08-14T04:41:47.350569Z,3108,246.2,0,OK,OK,OK
2026-08-14T04:41:52.857473Z,3103,246.2,0,OK,OK,OK
2026-08-14T04:41:58.403623Z,3100,246.2,0,OK,OK,OK
2026-08-14T04:42:03.902968Z,3101,246.2,0,OK,OK,OK
2026-08-14T04:42:09.431774Z,3098,246.0,0,OK,OK,OK
2026-08-14T04:42:14.902555Z,3105,246.2,0,OK,OK,OK
2026-08-14T04:42:20.442400Z,3105,246.2,0,OK,OK,OK
2026-08-14T04:42:25.952268Z,3092,246.2,0,OK,OK,OK
2026-08-14T04:42:31.464651Z,3098,246.2,0,OK,OK,OK
2026-08-14T04:42:36.997675Z,3096,246.2,0,OK,OK,OK
2026-08-14T04:42:42.518186Z,3113,246.2,0,OK,OK,OK
2026-08-14T04:42:48.019642Z,3097,246.2,0,OK,OK,OK
2026-08-14T04:42:53.521039Z,3104,246.2,0,OK,OK,OK
2026-08-14T04:42:59.020826Z,3094,246.2,0,OK,OK,OK
2026-08-14T04:43:04.483377Z,3100,246.2,0,OK,OK,OK
2026-08-14T04:43:10.003568Z,3103,246.2,0,OK,OK,OK
2026-08-14T04:43:15.494621Z,3099,246.2,0,OK,OK,OK
2026-08-14T04:43:21.015350Z,3099,246.2,0,OK,OK,OK
2026-08-14T04:43:26.533210Z,3101,246.2,0,OK,OK,OK
2026-08-14T04:43:32.006429Z,3099,246.2,0,OK,OK,OK
2026-08-14T04:43:37.506343Z,3172,246.1,0,OK,OK,OK
2026-08-14T04:43:42.986403Z,3097,246.0,0,OK,OK,OK
2026-08-14T04:43:48.437652Z,3101,246.0,0,OK,OK,OK
2026-08-14T04:43:53.931885Z,3102,246.1,0,OK,OK,OK
2026-08-14T04:43:59.417595Z,3102,246.1,0,OK,OK,OK
2026-08-14T04:44:04.885792Z,3102,246.2,0,OK,OK,OK
2026-08-14T04:44:10.350295Z,3094,246.2,0,OK,OK,OK
2026-08-14T04:44:15.909188Z,3102,246.2,0,OK,OK,OK
2026-08-14T04:44:21.378457Z,3101,246.2,0,OK,OK,OK
2026-08-14T04:44:26.886698Z,3101,246.2,0,OK,OK,OK
2026-08-14T04:44:32.389703Z,3103,246.2,0,OK,OK,OK
2026-08-14T04:44:37.918063Z,3097,246.2,0,OK,OK,OK
2026-08-14T04:44:43.418290Z,3101,246.2,0,OK,OK,OK
2026-08-14T04:44:48.942728Z,3101,246.3,0,OK,OK,OK
2026-08-14T04:44:54.463379Z,3100,246.1,0,OK,OK,OK
2026-08-14T04:44:59.992748Z,3104,246.2,0,OK,OK,OK
2026-08-14T04:45:05.500339Z,3103,246.3,0,OK,OK,OK
2026-08-14T04:45:11.015334Z,3109,246.2,0,OK,OK,OK
2026-08-14T04:45:16.519335Z,3102,246.3,0,OK,OK,OK
2026-08-14T04:45:22.004202Z,3106,246.3,0,OK,OK,OK
2026-08-14T04:45:27.507786Z,3160,246.2,0,OK,OK,OK
2026-08-14T04:45:33.036106Z,3092,246.3,0,OK,OK,OK
2026-08-14T04:45:38.512265Z,3100,246.2,0,OK,OK,OK
2026-08-14T04:45:43.997808Z,3100,246.2,0,OK,OK,OK
2026-08-14T04:45:49.504326Z,3096,246.2,0,OK,OK,OK
2026-08-14T04:45:55.006082Z,3102,246.2,0,OK,OK,OK
2026-08-14T04:46:00.514270Z,3097,246.2,0,OK,OK,OK
2026-08-14T04:46:06.031441Z,3102,246.2,0,OK,OK,OK
2026-08-14T04:46:11.506087Z,3107,246.1,0,OK,OK,OK
2026-08-14T04:46:17.002024Z,3087,246.1,0,OK,OK,OK
2026-08-14T04:46:22.511876Z,3111,246.1,0,OK,OK,OK
2026-08-14T04:46:28.038267Z,3113,246.3,0,OK,OK,OK
2026-08-14T04:46:33.549578Z,3101,246.3,0,OK,OK,OK
2026-08-14T04:46:39.080155Z,3104,246.4,0,OK,OK,OK
2026-08-14T04:46:44.587642Z,3100,246.4,0,OK,OK,OK
2026-08-14T04:46:50.054505Z,3102,246.4,0,OK,OK,OK
2026-08-14T04:46:55.558051Z,3100,246.4,0,OK,OK,OK
2026-08-14T04:47:01.020392Z,3110,246.4,0,OK,OK,OK
2026-08-14T04:47:06.514058Z,3109,246.4,0,OK,OK,OK
2026-08-14T04:47:11.966850Z,3108,246.4,0,OK,OK,OK
2026-08-14T04:47:17.484810Z,4091,246.0,0,OK,OK,OK
2026-08-14T04:47:22.947699Z,3204,246.3,0,OK,OK,OK
2026-08-14T04:47:28.443719Z,3218,246.5,0,OK,OK,OK
2026-08-14T04:47:33.943762Z,3213,246.3,0,OK,OK,OK
2026-08-14T04:47:39.445717Z,3221,246.2,0,OK,OK,OK
2026-08-14T04:47:44.941301Z,3223,246.3,0,OK,OK,OK
2026-08-14T04:47:50.464555Z,3230,246.2,0,OK,OK,OK
2026-08-14T04:47:55.952600Z,3212,246.2,0,OK,OK,OK
2026-08-14T04:48:01.440104Z,3217,246.2,0,OK,OK,OK
2026-08-14T04:48:06.962367Z,3213,246.3,0,OK,OK,OK
2026-08-14T04:48:12.435072Z,3211,246.3,0,OK,OK,OK
2026-08-14T04:48:17.941035Z,3209,246.3,0,OK,OK,OK
2026-08-14T04:48:23.465938Z,3210,246.3,0,OK,OK,OK
2026-08-14T04:48:28.960188Z,3209,246.3,0,OK,OK,OK
2026-08-14T04:48:34.426619Z,3209,246.3,0,OK,OK,OK
2026-08-14T04:48:39.917534Z,3205,246.1,0,OK,OK,OK
2026-08-14T04:48:45.423034Z,3207,246.2,0,OK,OK,OK
2026-08-14T04:48:50.937846Z,3204,246.2,0,OK,OK,OK
2026-08-14T04:48:56.459182Z,3198,246.2,0,OK,OK,OK
2026-08-14T04:49:01.968226Z,3198,246.2,0,OK,OK,OK
2026-08-14T04:49:07.501492Z,3201,246.2,0,OK,OK,OK
2026-08-14T04:49:12.977249Z,3204,246.2,0,OK,OK,OK
2026-08-14T04:49:18.481361Z,3200,246.3,0,OK,OK,OK
2026-08-14T04:49:23.984845Z,3194,246.3,0,OK,OK,OK
2026-08-14T04:49:29.439823Z,3190,246.3,0,OK,OK,OK
2026-08-14T04:49:34.943923Z,3195,246.3,0,OK,OK,OK
2026-08-14T04:49:40.419572Z,3186,246.3,0,OK,OK,OK
2026-08-14T04:49:45.932849Z,3192,246.3,0,OK,OK,OK
2026-08-14T04:49:51.415989Z,3194,246.4,0,OK,OK,OK
2026-08-14T04:49:56.896970Z,3185,246.4,0,OK,OK,OK
2026-08-14T04:50:02.411728Z,3189,246.3,0,OK,OK,OK
2026-08-14T04:50:07.914684Z,3193,246.3,0,OK,OK,OK
2026-08-14T04:50:13.401809Z,3186,246.3,0,OK,OK,OK
2026-08-14T04:50:18.906143Z,3184,246.3,0,OK,OK,OK
2026-08-14T04:50:24.412857Z,3179,246.3,0,OK,OK,OK
2026-08-14T04:50:29.926410Z,3179,246.3,0,OK,OK,OK
2026-08-14T04:50:35.443265Z,3182,246.3,0,OK,OK,OK
2026-08-14T04:50:40.947790Z,3187,246.5,0,OK,OK,OK
2026-08-14T04:50:46.485388Z,3187,246.4,0,OK,OK,OK
2026-08-14T04:50:51.996568Z,3184,246.4,0,OK,OK,OK
2026-08-14T04:50:57.474636Z,3176,246.3,0,OK,OK,OK
2026-08-14T04:51:02.958398Z,3176,246.3,0,OK,OK,OK
2026-08-14T04:51:08.474830Z,3183,246.3,0,OK,OK,OK
2026-08-14T04:51:13.990065Z,3185,246.3,0,OK,OK,OK
2026-08-14T04:51:19.463624Z,3175,246.3,0,OK,OK,OK
2026-08-14T04:51:24.972532Z,3177,246.3,0,OK,OK,OK
2026-08-14T04:51:30.465246Z,3177,246.4,0,OK,OK,OK
2026-08-14T04:51:35.900636Z,3176,246.3,0,OK,OK,OK
2026-08-14T04:51:41.411277Z,3178,246.4,0,OK,OK,OK
2026-08-14T04:51:46.891349Z,3171,246.4,0,OK,OK,OK
2026-08-14T04:51:52.374026Z,3179,246.4,0,OK,OK,OK
2026-08-14T04:51:57.887490Z,3180,246.5,0,OK,OK,OK
2026-08-14T04:52:03.401092Z,3173,246.5,0,OK,OK,OK
2026-08-14T04:52:08.915727Z,3220,246.5,0,OK,OK,OK
2026-08-14T04:52:14.455016Z,3177,246.5,0,OK,OK,OK
2026-08-14T04:52:19.975910Z,3175,246.5,0,OK,OK,OK
2026-08-14T04:52:25.519399Z,3175,246.5,0,OK,OK,OK
2026-08-14T04:52:31.036534Z,3168,246.5,0,OK,OK,OK
2026-08-14T04:52:36.535837Z,3174,246.3,0,OK,OK,OK
2026-08-14T04:52:42.014513Z,3176,246.3,0,OK,OK,OK
2026-08-14T04:52:47.514448Z,4502,245.9,0,OK,OK,OK
2026-08-14T04:52:53.017569Z,4561,245.9,0,OK,OK,OK
2026-08-14T04:52:58.479860Z,4600,245.9,0,OK,OK,OK
2026-08-14T04:53:04.003917Z,4606,245.9,0,OK,OK,OK
2026-08-14T04:53:09.493077Z,4604,245.8,0,OK,OK,OK
2026-08-14T04:53:15.001837Z,4615,245.8,0,OK,OK,OK
2026-08-14T04:53:20.515879Z,4646,245.8,0,OK,OK,OK
2026-08-14T04:53:26.028520Z,4660,245.8,0,OK,OK,OK
2026-08-14T04:53:31.558206Z,4718,245.5,0,OK,OK,OK
2026-08-14T04:53:37.061321Z,4652,245.5,0,OK,OK,OK
2026-08-14T04:53:42.562665Z,4653,245.6,0,OK,OK,OK
2026-08-14T04:53:48.062060Z,4651,245.6,0,OK,OK,OK
2026-08-14T04:53:53.602014Z,4643,245.6,0,OK,OK,OK
2026-08-14T04:53:59.100393Z,4631,245.6,0,OK,OK,OK
2026-08-14T04:54:04.597366Z,4645,245.6,0,OK,OK,OK
2026-08-14T04:54:10.120644Z,4637,245.6,0,OK,OK,OK
2026-08-14T04:54:15.660076Z,4660,245.7,0,OK,OK,OK
2026-08-14T04:54:21.151896Z,4640,245.8,0,OK,OK,OK
2026-08-14T04:54:26.662933Z,4647,245.8,0,OK,OK,OK
2026-08-14T04:54:32.157384Z,4638,245.6,0,OK,OK,OK
2026-08-14T04:54:37.671094Z,4640,245.6,0,OK,OK,OK
2026-08-14T04:54:43.172129Z,4639,245.6,0,OK,OK,OK
2026-08-14T04:54:48.677412Z,4643,245.6,0,OK,OK,OK
2026-08-14T04:54:54.172894Z,4641,245.8,0,OK,OK,OK
2026-08-14T04:54:59.653767Z,4637,245.9,0,OK,OK,OK
2026-08-14T04:55:05.151091Z,4634,245.9,0,OK,OK,OK
2026-08-14T04:55:10.595499Z,4635,245.8,0,OK,OK,OK
2026-08-14T04:55:16.083540Z,4625,245.8,0,OK,OK,OK
2026-08-14T04:55:21.576858Z,4624,245.9,0,OK,OK,OK
2026-08-14T04:55:27.058288Z,4624,245.9,0,OK,OK,OK
2026-08-14T04:55:32.575246Z,4626,245.9,0,OK,OK,OK
2026-08-14T04:55:38.105126Z,4619,245.9,0,OK,OK,OK
2026-08-14T04:55:43.608401Z,4622,245.8,0,OK,OK,OK
2026-08-14T04:55:49.086249Z,4619,245.7,0,OK,OK,OK
2026-08-14T04:55:54.566840Z,4625,245.8,0,OK,OK,OK
2026-08-14T04:56:00.076319Z,4625,245.9,0,OK,OK,OK
2026-08-14T04:56:05.590328Z,4624,245.9,0,OK,OK,OK
2026-08-14T04:56:11.128225Z,4636,245.8,0,OK,OK,OK
2026-08-14T04:56:16.647198Z,4621,245.8,0,OK,OK,OK
2026-08-14T04:56:22.160570Z,4621,245.9,0,OK,OK,OK
2026-08-14T04:56:27.667454Z,4629,245.9,0,OK,OK,OK
2026-08-14T04:56:33.190017Z,4631,245.9,0,OK,OK,OK
2026-08-14T04:56:38.719793Z,4633,245.9,0,OK,OK,OK
2026-08-14T04:56:44.210154Z,4615,245.8,0,OK,OK,OK
2026-08-14T04:56:49.711956Z,4626,245.8,0,OK,OK,OK
2026-08-14T04:56:55.233920Z,4635,245.8,0,OK,OK,OK
2026-08-14T04:57:00.750152Z,4629,245.9,0,OK,OK,OK
2026-08-14T04:57:06.256155Z,4626,245.9,0,OK,OK,OK
2026-08-14T04:57:11.788392Z,4619,245.9,0,OK,OK,OK
2026-08-14T04:57:17.288779Z,4630,246.0,0,OK,OK,OK
2026-08-14T04:57:22.813375Z,4624,246.0,0,OK,OK,OK
2026-08-14T04:57:28.290843Z,4624,246.0,0,OK,OK,OK
2026-08-14T04:57:33.799886Z,4613,246.0,0,OK,OK,OK
2026-08-14T04:57:39.286091Z,4626,246.0,0,OK,OK,OK
2026-08-14T04:57:44.783613Z,4611,246.0,0,OK,OK,OK
2026-08-14T04:57:50.353223Z,4618,245.7,0,OK,OK,OK
2026-08-14T04:57:55.875129Z,4623,245.8,0,OK,OK,OK
2026-08-14T04:58:01.415024Z,4628,245.7,0,OK,OK,OK
2026-08-14T04:58:06.889883Z,4621,245.7,0,OK,OK,OK
2026-08-14T04:58:12.389298Z,4620,245.7,0,OK,OK,OK
2026-08-14T04:58:17.917346Z,4615,245.8,0,OK,OK,OK
2026-08-14T04:58:23.470205Z,4615,245.8,0,OK,OK,OK
2026-08-14T04:58:28.975584Z,4614,245.8,0,OK,OK,OK
2026-08-14T04:58:34.481330Z,4614,245.8,0,OK,OK,OK
2026-08-14T04:58:40.017328Z,4610,245.8,0,OK,OK,OK
2026-08-14T04:58:45.560786Z,4620,245.9,0,OK,OK,OK
2026-08-14T04:58:51.040883Z,4622,245.8,0,OK,OK,OK
2026-08-14T04:58:56.538742Z,4615,246.0,0,OK,OK,OK
2026-08-14T04:59:01.999840Z,4618,246.0,0,OK,OK,OK
2026-08-14T04:59:07.523887Z,4614,245.9,0,OK,OK,OK
2026-08-14T04:59:13.021166Z,4618,245.9,0,OK,OK,OK
2026-08-14T04:59:18.539929Z,4612,246.0,0,OK,OK,OK
2026-08-14T04:59:24.079130Z,4608,246.0,0,OK,OK,OK
2026-08-14T04:59:29.570272Z,3172,246.6,0,OK,OK,OK
2026-08-14T04:59:35.094200Z,3182,246.6,0,OK,OK,OK
2026-08-14T04:59:40.624864Z,3183,246.7,0,OK,OK,OK
2026-08-14T04:59:46.150798Z,3178,246.7,0,OK,OK,OK
2026-08-14T04:59:51.646909Z,3172,246.6,0,OK,OK,OK
2026-08-14T04:59:57.128307Z,3174,246.7,0,OK,OK,OK
2026-08-14T05:00:02.662728Z,3176,246.8,0,OK,OK,OK
2026-08-14T05:00:08.154496Z,3172,246.8,0,OK,OK,OK
2026-08-14T05:00:13.664976Z,3202,246.6,0,OK,OK,OK
2026-08-14T05:00:19.136051Z,3172,246.7,0,OK,OK,OK
2026-08-14T05:00:24.633841Z,3176,246.6,0,OK,OK,OK
2026-08-14T05:00:30.114906Z,3170,246.7,0,OK,OK,OK
2026-08-14T05:00:35.581196Z,3166,246.7,0,OK,OK,OK
2026-08-14T05:00:41.090869Z,3170,246.7,0,OK,OK,OK
2026-08-14T05:00:46.561067Z,3168,246.8,0,OK,OK,OK
2026-08-14T05:00:52.087774Z,3165,246.7,0,OK,OK,OK
2026-08-14T05:00:57.573475Z,3167,246.7,0,OK,OK,OK
2026-08-14T05:01:03.113638Z,3158,245.4,0,OK,OK,OK
2026-08-14T05:01:08.649743Z,3148,245.7,0,OK,OK,OK
2026-08-14T05:01:14.162492Z,3150,245.8,0,OK,OK,OK
2026-08-14T05:01:19.658401Z,3148,245.8,0,OK,OK,OK
2026-08-14T05:01:25.174609Z,3154,245.8,0,OK,OK,OK
2026-08-14T05:01:30.674216Z,3153,245.8,0,OK,OK,OK
2026-08-14T05:01:36.170507Z,3158,245.8,0,OK,OK,OK
2026-08-14T05:01:41.654886Z,3156,245.8,0,OK,OK,OK
2026-08-14T05:01:47.193666Z,3150,245.8,0,OK,OK,OK
2026-08-14T05:01:52.687805Z,3154,245.8,0,OK,OK,OK
2026-08-14T05:01:58.196087Z,3159,245.8,0,OK,OK,OK
2026-08-14T05:02:03.692065Z,3150,245.7,0,OK,OK,OK
2026-08-14T05:02:09.202162Z,3154,245.6,0,OK,OK,OK
2026-08-14T05:02:14.699118Z,3149,245.2,0,OK,OK,OK
2026-08-14T05:02:20.219911Z,3136,244.9,0,OK,OK,OK
2026-08-14T05:02:25.729732Z,3138,244.9,0,OK,OK,OK
2026-08-14T05:02:31.233033Z,3136,244.9,0,OK,OK,OK
2026-08-14T05:02:36.738293Z,3142,244.9,0,OK,OK,OK
2026-08-14T05:02:42.232868Z,3135,244.9,0,OK,OK,OK
2026-08-14T05:02:47.772480Z,3136,244.9,0,OK,OK,OK
2026-08-14T05:02:53.269384Z,3138,244.9,0,OK,OK,OK
2026-08-14T05:02:58.818810Z,3138,244.9,0,OK,OK,OK
2026-08-14T05:03:04.359508Z,3138,245.0,0,OK,OK,OK
2026-08-14T05:03:09.855331Z,3138,245.0,0,OK,OK,OK
2026-08-14T05:03:15.372315Z,3142,245.0,0,OK,OK,OK
2026-08-14T05:03:20.900361Z,3140,245.0,0,OK,OK,OK
2026-08-14T05:03:26.387977Z,3140,245.0,0,OK,OK,OK
2026-08-14T05:03:31.916037Z,3138,245.0,0,OK,OK,OK
2026-08-14T05:03:37.445705Z,3138,245.0,0,OK,OK,OK
2026-08-14T05:03:42.973408Z,3142,244.9,0,OK,OK,OK
2026-08-14T05:03:48.452299Z,3130,244.9,0,OK,OK,OK
2026-08-14T05:03:53.974731Z,3137,245.0,0,OK,OK,OK
2026-08-14T05:03:59.464126Z,3135,245.0,0,OK,OK,OK
2026-08-14T05:04:04.955056Z,3134,245.0,0,OK,OK,OK
2026-08-14T05:04:10.458675Z,3134,245.0,0,OK,OK,OK
2026-08-14T05:04:15.951523Z,3138,245.0,0,OK,OK,OK
2026-08-14T05:04:21.441499Z,3140,244.9,0,OK,OK,OK
2026-08-14T05:04:26.969672Z,3138,245.1,0,OK,OK,OK
2026-08-14T05:04:32.468280Z,3198,245.1,0,OK,OK,OK
2026-08-14T05:04:37.918190Z,3128,245.1,0,OK,OK,OK
2026-08-14T05:04:43.401557Z,3130,245.0,0,OK,OK,OK
2026-08-14T05:04:48.927083Z,3159,245.0,0,OK,OK,OK
2026-08-14T05:04:54.381257Z,3123,245.0,0,OK,OK,OK
2026-08-14T05:04:59.919041Z,3132,245.0,0,OK,OK,OK
2026-08-14T05:05:05.393937Z,3137,245.0,0,OK,OK,OK
2026-08-14T05:05:10.875207Z,3133,245.0,0,OK,OK,OK
2026-08-14T05:05:16.388749Z,3128,245.0,0,OK,OK,OK
2026-08-14T05:05:21.893371Z,3127,245.1,0,OK,OK,OK
2026-08-14T05:05:27.402190Z,3131,245.0,0,OK,OK,OK
2026-08-14T05:05:32.933644Z,3132,245.0,0,OK,OK,OK
2026-08-14T05:05:38.431260Z,3129,245.0,0,OK,OK,OK
2026-08-14T05:05:43.932870Z,3129,245.0,0,OK,OK,OK
2026-08-14T05:05:49.412777Z,3130,245.0,0,OK,OK,OK
2026-08-14T05:05:54.935757Z,3135,245.0,0,OK,OK,OK
2026-08-14T05:06:00.426179Z,3138,245.0,0,OK,OK,OK
2026-08-14T05:06:05.926470Z,3144,244.9,0,OK,OK,OK
2026-08-14T05:06:11.437118Z,3141,245.0,0,OK,OK,OK
2026-08-14T05:06:16.963448Z,3134,245.1,0,OK,OK,OK
2026-08-14T05:06:22.463448Z,3132,245.1,0,OK,OK,OK
2026-08-14T05:06:27.963293Z,3158,245.1,0,OK,OK,OK
2026-08-14T05:06:33.471271Z,3138,245.0,0,OK,OK,OK
2026-08-14T05:06:38.928077Z,3141,245.0,0,OK,OK,OK
2026-08-14T05:06:44.428364Z,3133,245.1,0,OK,OK,OK
2026-08-14T05:06:49.959248Z,3136,245.0,0,OK,OK,OK
2026-08-14T05:06:55.437675Z,3135,245.1,0,OK,OK,OK
2026-08-14T05:07:00.940913Z,3146,245.0,0,OK,OK,OK
2026-08-14T05:07:06.451352Z,3133,245.0,0,OK,OK,OK
2026-08-14T05:07:11.937933Z,3144,245.0,0,OK,OK,OK
2026-08-14T05:07:17.467829Z,3137,245.0,0,OK,OK,OK
2026-08-14T05:07:22.927420Z,3142,245.0,0,OK,OK,OK
2026-08-14T05:07:28.424542Z,3134,245.0,0,OK,OK,OK
2026-08-14T05:07:33.892197Z,3122,245.1,0,OK,OK,OK
2026-08-14T05:07:39.402563Z,3131,245.1,0,OK,OK,OK
2026-08-14T05:07:44.876947Z,3135,245.1,0,OK,OK,OK
2026-08-14T05:07:50.389541Z,3135,245.1,0,OK,OK,OK
2026-08-14T05:07:55.868481Z,3129,245.6,0,OK,OK,OK
2026-08-14T05:08:01.351865Z,3142,245.6,0,OK,OK,OK
2026-08-14T05:08:06.864688Z,3146,245.6,0,OK,OK,OK
2026-08-14T05:08:12.361533Z,3148,245.6,0,OK,OK,OK
2026-08-14T05:08:17.831378Z,3138,245.6,0,OK,OK,OK
2026-08-14T05:08:23.309171Z,3149,245.8,0,OK,OK,OK
2026-08-14T05:08:28.832054Z,3144,245.9,0,OK,OK,OK
2026-08-14T05:08:34.359305Z,3139,245.7,0,OK,OK,OK
2026-08-14T05:08:39.838507Z,3146,245.8,0,OK,OK,OK
2026-08-14T05:08:45.340718Z,3143,245.9,0,OK,OK,OK
2026-08-14T05:08:50.832231Z,3148,245.7,0,OK,OK,OK
2026-08-14T05:08:56.340895Z,3145,245.5,0,OK,OK,OK
2026-08-14T05:09:01.866156Z,3511,245.4,0,OK,OK,OK
2026-08-14T05:09:07.328596Z,3525,245.4,0,OK,OK,OK
2026-08-14T05:09:12.820303Z,3150,245.5,0,OK,OK,OK
2026-08-14T05:09:18.341348Z,3158,245.6,0,OK,OK,OK
2026-08-14T05:09:23.843809Z,3558,245.4,0,OK,OK,OK
2026-08-14T05:09:29.350047Z,3582,245.7,0,OK,OK,OK
2026-08-14T05:09:34.871900Z,3168,245.9,0,OK,OK,OK
2026-08-14T05:09:40.351898Z,3166,245.8,0,OK,OK,OK
2026-08-14T05:09:45.870202Z,3162,245.9,0,OK,OK,OK
2026-08-14T05:09:51.360674Z,3966,245.6,0,OK,OK,OK
2026-08-14T05:09:56.889782Z,6632,244.4,0,OK,OK,OK
2026-08-14T05:10:02.381838Z,10631,242.6,0,OK,OK,OK
2026-08-14T05:10:07.899901Z,11000,242.4,0,OK,OK,OK
2026-08-14T05:10:13.389705Z,10986,242.4,0,OK,OK,OK
2026-08-14T05:10:18.956561Z,10976,242.3,0,OK,OK,OK
2026-08-14T05:10:24.416657Z,10994,242.3,0,OK,OK,OK
2026-08-14T05:10:29.917804Z,10997,242.4,0,OK,OK,OK
2026-08-14T05:10:35.365548Z,10988,242.4,0,OK,OK,OK
2026-08-14T05:10:40.885101Z,11118,242.2,0,OK,OK,OK
2026-08-14T05:10:46.376261Z,11113,242.2,0,OK,OK,OK
2026-08-14T05:10:51.907441Z,11118,242.2,0,OK,OK,OK
2026-08-14T05:10:57.390103Z,11111,242.2,0,OK,OK,OK
2026-08-14T05:11:02.915848Z,11107,242.2,0,OK,OK,OK
2026-08-14T05:11:08.400807Z,11104,242.3,0,OK,OK,OK
2026-08-14T05:11:13.885033Z,11104,242.3,0,OK,OK,OK
2026-08-14T05:11:19.402985Z,11109,242.3,0,OK,OK,OK
2026-08-14T05:11:24.876879Z,11106,242.3,0,OK,OK,OK
2026-08-14T05:11:30.391503Z,11104,242.2,0,OK,OK,OK
2026-08-14T05:11:35.918286Z,11102,242.3,0,OK,OK,OK
2026-08-14T05:11:41.448027Z,11098,242.3,0,OK,OK,OK
2026-08-14T05:11:46.940721Z,11102,242.2,0,OK,OK,OK
2026-08-14T05:11:52.453993Z,11106,242.3,0,OK,OK,OK
2026-08-14T05:11:57.990507Z,11105,242.3,0,OK,OK,OK
2026-08-14T05:12:03.481438Z,11115,242.3,0,OK,OK,OK
2026-08-14T05:12:09.036651Z,11064,242.2,0,OK,OK,OK
2026-08-14T05:12:14.564694Z,10993,242.2,0,OK,OK,OK
2026-08-14T05:12:20.088871Z,10994,242.2,0,OK,OK,OK
2026-08-14T05:12:25.629478Z,10998,242.2,0,OK,OK,OK
2026-08-14T05:12:31.157884Z,10992,242.4,0,OK,OK,OK
2026-08-14T05:12:36.657181Z,10996,242.4,0,OK,OK,OK
2026-08-14T05:12:42.158723Z,10997,242.4,0,OK,OK,OK
2026-08-14T05:12:47.637445Z,10998,242.4,0,OK,OK,OK
2026-08-14T05:12:53.151893Z,11010,242.5,0,OK,OK,OK
2026-08-14T05:12:58.665971Z,11004,242.4,0,OK,OK,OK
2026-08-14T05:13:04.263482Z,11006,242.5,0,OK,OK,OK
2026-08-14T05:13:09.775730Z,11010,242.5,0,OK,OK,OK
2026-08-14T05:13:15.348887Z,11015,242.6,0,OK,OK,OK
2026-08-14T05:13:20.869521Z,11014,242.6,0,OK,OK,OK
2026-08-14T05:13:26.370429Z,11008,242.6,0,OK,OK,OK
2026-08-14T05:13:31.865726Z,11020,242.5,0,OK,OK,OK
2026-08-14T05:13:37.387482Z,11020,242.4,0,OK,OK,OK
2026-08-14T05:13:42.882204Z,11140,242.4,0,OK,OK,OK
2026-08-14T05:13:48.399267Z,11134,242.4,0,OK,OK,OK
2026-08-14T05:13:53.914827Z,11129,242.4,0,OK,OK,OK
2026-08-14T05:13:59.446801Z,11118,242.4,0,OK,OK,OK
2026-08-14T05:14:04.966421Z,11120,242.4,0,OK,OK,OK
2026-08-14T05:14:10.469352Z,11111,242.4,0,OK,OK,OK
2026-08-14T05:14:15.932242Z,11111,242.5,0,OK,OK,OK
2026-08-14T05:14:21.454098Z,11005,242.5,0,OK,OK,OK
2026-08-14T05:14:26.943112Z,11023,242.6,0,OK,OK,OK
2026-08-14T05:14:32.464798Z,11011,242.6,0,OK,OK,OK
2026-08-14T05:14:37.985825Z,11020,242.6,0,OK,OK,OK
2026-08-14T05:14:43.537658Z,11010,242.5,0,OK,OK,OK
2026-08-14T05:14:49.107589Z,11020,242.5,0,OK,OK,OK
2026-08-14T05:14:54.593415Z,11006,242.5,0,OK,OK,OK
2026-08-14T05:15:00.075712Z,11012,242.5,0,OK,OK,OK
2026-08-14T05:15:05.627442Z,11014,242.5,0,OK,OK,OK
2026-08-14T05:15:11.163834Z,11033,242.5,0,OK,OK,OK
2026-08-14T05:15:16.695025Z,11039,242.5,0,OK,OK,OK
2026-08-14T05:15:22.200781Z,11047,242.5,0,OK,OK,OK
2026-08-14T05:15:27.764332Z,11037,242.5,0,OK,OK,OK
2026-08-14T05:15:33.274577Z,11046,242.5,0,OK,OK,OK
2026-08-14T05:15:38.769146Z,11047,242.5,0,OK,OK,OK
2026-08-14T05:15:44.270444Z,11055,242.5,0,OK,OK,OK
2026-08-14T05:15:49.781655Z,11051,242.5,0,OK,OK,OK
2026-08-14T05:15:55.298201Z,11049,242.5,0,OK,OK,OK
2026-08-14T05:16:00.796248Z,11044,242.5,0,OK,OK,OK
2026-08-14T05:16:06.310543Z,11051,242.5,0,OK,OK,OK
2026-08-14T05:16:11.879548Z,11050,242.5,0,OK,OK,OK
2026-08-14T05:16:17.370226Z,11053,242.5,0,OK,OK,OK
2026-08-14T05:16:22.867817Z,11044,242.5,0,OK,OK,OK
2026-08-14T05:16:28.370664Z,11047,242.6,0,OK,OK,OK
2026-08-14T05:16:33.887952Z,11046,242.5,0,OK,OK,OK
2026-08-14T05:16:39.392757Z,11048,242.6,0,OK,OK,OK
2026-08-14T05:16:44.934200Z,11050,242.6,0,OK,OK,OK
2026-08-14T05:16:50.439584Z,11047,242.6,0,OK,OK,OK
2026-08-14T05:16:55.933703Z,11059,242.5,0,OK,OK,OK
2026-08-14T05:17:01.451392Z,11035,242.5,0,OK,OK,OK
2026-08-14T05:17:06.989086Z,11045,242.5,0,OK,OK,OK
2026-08-14T05:17:12.482972Z,11036,242.4,0,OK,OK,OK
2026-08-14T05:17:17.981046Z,11042,242.4,0,OK,OK,OK
2026-08-14T05:17:23.508786Z,11039,242.5,0,OK,OK,OK
2026-08-14T05:17:29.020235Z,11036,242.4,0,OK,OK,OK
2026-08-14T05:17:34.552409Z,11045,242.4,0,OK,OK,OK
2026-08-14T05:17:40.078792Z,11045,242.4,0,OK,OK,OK
2026-08-14T05:17:45.581237Z,11036,242.4,0,OK,OK,OK
2026-08-14T05:17:51.100613Z,11046,242.4,0,OK,OK,OK
2026-08-14T05:17:56.610022Z,11038,242.4,0,OK,OK,OK
2026-08-14T05:18:02.114936Z,11029,242.4,0,OK,OK,OK
2026-08-14T05:18:07.621575Z,11029,242.5,0,OK,OK,OK
2026-08-14T05:18:13.158346Z,11030,242.4,0,OK,OK,OK
2026-08-14T05:18:18.698213Z,11027,242.4,0,OK,OK,OK
2026-08-14T05:18:24.189450Z,11008,242.4,0,OK,OK,OK
2026-08-14T05:18:29.684995Z,10991,242.4,0,OK,OK,OK
2026-08-14T05:18:35.203541Z,10998,242.4,0,OK,OK,OK
2026-08-14T05:18:40.744574Z,10999,242.4,0,OK,OK,OK
2026-08-14T05:18:46.243168Z,10996,242.4,0,OK,OK,OK
2026-08-14T05:18:51.756470Z,10994,242.4,0,OK,OK,OK
2026-08-14T05:18:57.259958Z,10996,242.3,0,OK,OK,OK
2026-08-14T05:19:02.744249Z,10994,242.4,0,OK,OK,OK
2026-08-14T05:19:08.213152Z,10997,242.5,0,OK,OK,OK
2026-08-14T05:19:13.719397Z,10993,242.5,0,OK,OK,OK
2026-08-14T05:19:19.192920Z,10998,242.4,0,OK,OK,OK
2026-08-14T05:19:24.679783Z,10987,242.4,0,OK,OK,OK
2026-08-14T05:19:30.172917Z,10998,242.4,0,OK,OK,OK
2026-08-14T05:19:35.699876Z,11000,242.5,0,OK,OK,OK
2026-08-14T05:19:41.168902Z,10998,242.4,0,OK,OK,OK
2026-08-14T05:19:46.677254Z,10995,242.3,0,OK,OK,OK
2026-08-14T05:19:52.165022Z,11012,242.5,0,OK,OK,OK
2026-08-14T05:19:57.673887Z,11003,242.5,0,OK,OK,OK
2026-08-14T05:20:03.193508Z,11006,242.3,0,OK,OK,OK
2026-08-14T05:20:08.711937Z,10993,242.4,0,OK,OK,OK
2026-08-14T05:20:14.241326Z,11001,242.4,0,OK,OK,OK
2026-08-14T05:20:19.767119Z,10999,242.4,0,OK,OK,OK
2026-08-14T05:20:25.242215Z,11006,242.4,0,OK,OK,OK
2026-08-14T05:20:30.747094Z,11006,242.4,0,OK,OK,OK
2026-08-14T05:20:36.287757Z,11004,242.3,0,OK,OK,OK
2026-08-14T05:20:41.826440Z,10996,242.3,0,OK,OK,OK
2026-08-14T05:20:47.310611Z,10995,242.3,0,OK,OK,OK
2026-08-14T05:20:52.790797Z,10996,242.3,0,OK,OK,OK
2026-08-14T05:20:58.331042Z,10976,242.5,0,OK,OK,OK
2026-08-14T05:21:03.828507Z,10964,242.5,0,OK,OK,OK
2026-08-14T05:21:09.330354Z,10953,242.5,0,OK,OK,OK
2026-08-14T05:21:14.872766Z,10959,242.5,0,OK,OK,OK
2026-08-14T05:21:20.382592Z,10950,242.5,0,OK,OK,OK
2026-08-14T05:21:25.825093Z,10959,242.4,0,OK,OK,OK
2026-08-14T05:21:31.326610Z,10966,242.5,0,OK,OK,OK
2026-08-14T05:21:36.824075Z,10965,242.5,0,OK,OK,OK
2026-08-14T05:21:42.330399Z,10947,242.5,0,OK,OK,OK
2026-08-14T05:21:47.818763Z,10965,242.5,0,OK,OK,OK
2026-08-14T05:21:53.343133Z,10959,242.5,0,OK,OK,OK
2026-08-14T05:21:58.835531Z,10962,242.5,0,OK,OK,OK
2026-08-14T05:22:04.343898Z,10953,242.5,0,OK,OK,OK
2026-08-14T05:22:09.804503Z,10956,242.5,0,OK,OK,OK
2026-08-14T05:22:15.349668Z,10949,242.4,0,OK,OK,OK
2026-08-14T05:22:20.850111Z,10953,242.4,0,OK,OK,OK
2026-08-14T05:22:26.320628Z,10958,242.3,0,OK,OK,OK
2026-08-14T05:22:31.821771Z,10963,242.5,0,OK,OK,OK
2026-08-14T05:22:37.352548Z,10951,242.4,0,OK,OK,OK
2026-08-14T05:22:42.886983Z,10948,242.4,0,OK,OK,OK
2026-08-14T05:22:48.383076Z,10948,242.3,0,OK,OK,OK
2026-08-14T05:22:53.899687Z,10977,242.3,0,OK,OK,OK
2026-08-14T05:22:59.426969Z,11005,242.3,0,OK,OK,OK
2026-08-14T05:23:04.894287Z,11021,242.2,0,OK,OK,OK
2026-08-14T05:23:10.409872Z,11024,242.2,0,OK,OK,OK
2026-08-14T05:23:15.903357Z,11026,242.2,0,OK,OK,OK
2026-08-14T05:23:21.439590Z,11061,242.2,0,OK,OK,OK
2026-08-14T05:23:26.880719Z,11020,242.2,0,OK,OK,OK
2026-08-14T05:23:32.407640Z,11017,242.2,0,OK,OK,OK
2026-08-14T05:23:37.877906Z,11023,242.2,0,OK,OK,OK
2026-08-14T05:23:43.434968Z,11025,242.3,0,OK,OK,OK
2026-08-14T05:23:48.921143Z,11026,242.2,0,OK,OK,OK
2026-08-14T05:23:54.464248Z,11023,242.2,0,OK,OK,OK
2026-08-14T05:23:59.966684Z,11024,242.1,0,OK,OK,OK
2026-08-14T05:24:05.432395Z,11021,242.1,0,OK,OK,OK
2026-08-14T05:24:10.914955Z,11014,242.1,0,OK,OK,OK
2026-08-14T05:24:16.533731Z,11028,242.1,0,OK,OK,OK
2026-08-14T05:24:22.021374Z,11053,242.1,0,OK,OK,OK
2026-08-14T05:24:27.544515Z,11030,242.1,0,OK,OK,OK
2026-08-14T05:24:33.113769Z,11036,242.3,0,OK,OK,OK
2026-08-14T05:24:38.635047Z,11024,242.1,0,OK,OK,OK
2026-08-14T05:24:44.111245Z,11020,242.2,0,OK,OK,OK
2026-08-14T05:24:49.623822Z,11019,242.1,0,OK,OK,OK
2026-08-14T05:24:55.122640Z,10991,241.9,0,OK,OK,OK
2026-08-14T05:25:00.606713Z,10982,242.1,0,OK,OK,OK
2026-08-14T05:25:06.103448Z,10983,242.1,0,OK,OK,OK
2026-08-14T05:25:11.632038Z,10983,242.1,0,OK,OK,OK
2026-08-14T05:25:17.146659Z,10976,242.1,0,OK,OK,OK
2026-08-14T05:25:22.658050Z,10995,242.3,0,OK,OK,OK
2026-08-14T05:25:28.159744Z,11006,242.2,0,OK,OK,OK
2026-08-14T05:25:33.664108Z,10976,242.1,0,OK,OK,OK
2026-08-14T05:25:39.172888Z,10964,242.1,0,OK,OK,OK
2026-08-14T05:25:44.666552Z,10972,241.9,0,OK,OK,OK
2026-08-14T05:25:50.182084Z,10965,241.9,0,OK,OK,OK
2026-08-14T05:25:55.697238Z,10957,241.9,0,OK,OK,OK
2026-08-14T05:26:01.166811Z,10964,241.9,0,OK,OK,OK
2026-08-14T05:26:06.685913Z,10971,242.0,0,OK,OK,OK
2026-08-14T05:26:12.205535Z,10886,241.9,0,OK,OK,OK
2026-08-14T05:26:17.735044Z,10891,242.0,0,OK,OK,OK
2026-08-14T05:26:23.247242Z,10894,242.2,0,OK,OK,OK
2026-08-14T05:26:28.764749Z,10902,242.2,0,OK,OK,OK
2026-08-14T05:26:34.296820Z,10894,242.2,0,OK,OK,OK
2026-08-14T05:26:39.811227Z,10889,242.1,0,OK,OK,OK
2026-08-14T05:26:45.329808Z,10890,242.0,0,OK,OK,OK
2026-08-14T05:26:50.868894Z,10888,242.0,0,OK,OK,OK
2026-08-14T05:26:56.373666Z,10891,242.2,0,OK,OK,OK
2026-08-14T05:27:01.910784Z,10884,242.2,0,OK,OK,OK
2026-08-14T05:27:07.509850Z,10899,242.2,0,OK,OK,OK
2026-08-14T05:27:13.033116Z,10890,242.2,0,OK,OK,OK
2026-08-14T05:27:18.491160Z,10879,242.2,0,OK,OK,OK
2026-08-14T05:27:24.086950Z,10886,242.2,0,OK,OK,OK
2026-08-14T05:27:29.551673Z,10896,242.2,0,OK,OK,OK
2026-08-14T05:27:35.056388Z,10893,242.2,0,OK,OK,OK
2026-08-14T05:27:40.530633Z,10882,242.2,0,OK,OK,OK
2026-08-14T05:27:46.102388Z,10889,242.2,0,OK,OK,OK
2026-08-14T05:27:51.575606Z,10879,242.2,0,OK,OK,OK
2026-08-14T05:27:57.061253Z,10863,242.2,0,OK,OK,OK
2026-08-14T05:28:02.572772Z,10864,242.2,0,OK,OK,OK
2026-08-14T05:28:08.094540Z,10854,242.3,0,OK,OK,OK
2026-08-14T05:28:13.584856Z,10852,242.2,0,OK,OK,OK
2026-08-14T05:28:19.087814Z,10857,242.2,0,OK,OK,OK
2026-08-14T05:28:24.597368Z,10852,242.2,0,OK,OK,OK
2026-08-14T05:28:30.103542Z,10863,242.2,0,OK,OK,OK
2026-08-14T05:28:35.609929Z,10852,242.2,0,OK,OK,OK
2026-08-14T05:28:41.136460Z,10847,242.2,0,OK,OK,OK
2026-08-14T05:28:46.622486Z,10844,242.2,0,OK,OK,OK
2026-08-14T05:28:52.125143Z,10848,242.2,0,OK,OK,OK
2026-08-14T05:28:57.620749Z,10851,242.2,0,OK,OK,OK
2026-08-14T05:29:03.122963Z,10853,242.2,0,OK,OK,OK
2026-08-14T05:29:08.604790Z,10846,242.2,0,OK,OK,OK
2026-08-14T05:29:14.101493Z,10840,242.2,0,OK,OK,OK
2026-08-14T05:29:19.608561Z,10845,242.2,0,OK,OK,OK
2026-08-14T05:29:25.110024Z,10867,242.2,0,OK,OK,OK
2026-08-14T05:29:30.609338Z,10907,242.2,0,OK,OK,OK
2026-08-14T05:29:36.117307Z,10921,242.2,0,OK,OK,OK
2026-08-14T05:29:41.633256Z,10923,242.2,0,OK,OK,OK
2026-08-14T05:29:47.250031Z,10924,242.2,0,OK,OK,OK
2026-08-14T05:29:52.809327Z,10923,242.2,0,OK,OK,OK
2026-08-14T05:29:58.293264Z,10948,242.2,0,OK,OK,OK
2026-08-14T05:30:03.805320Z,10999,242.2,0,OK,OK,OK
2026-08-14T05:30:09.316956Z,10953,242.2,0,OK,OK,OK
2026-08-14T05:30:14.834401Z,10940,242.2,0,OK,OK,OK
2026-08-14T05:30:20.335188Z,10942,242.1,0,OK,OK,OK
2026-08-14T05:30:25.849277Z,10954,242.1,0,OK,OK,OK
2026-08-14T05:30:31.360899Z,10958,242.2,0,OK,OK,OK
2026-08-14T05:30:36.843480Z,10956,242.2,0,OK,OK,OK
2026-08-14T05:30:42.340024Z,10954,242.3,0,OK,OK,OK
2026-08-14T05:30:47.890836Z,10957,242.3,0,OK,OK,OK
2026-08-14T05:30:53.401019Z,10954,242.3,0,OK,OK,OK
2026-08-14T05:30:58.869536Z,10923,242.3,0,OK,OK,OK
2026-08-14T05:31:04.392558Z,10910,242.3,0,OK,OK,OK
2026-08-14T05:31:09.896916Z,10931,242.3,0,OK,OK,OK
2026-08-14T05:31:15.351487Z,10921,242.3,0,OK,OK,OK
2026-08-14T05:31:20.855877Z,10921,242.4,0,OK,OK,OK
2026-08-14T05:31:26.372420Z,10914,242.5,0,OK,OK,OK
2026-08-14T05:31:31.879317Z,10915,242.4,0,OK,OK,OK
2026-08-14T05:31:37.474470Z,10902,242.4,0,OK,OK,OK
2026-08-14T05:31:42.983142Z,10920,242.4,0,OK,OK,OK
2026-08-14T05:31:48.480122Z,10910,242.4,0,OK,OK,OK
2026-08-14T05:31:53.995233Z,10948,242.4,0,OK,OK,OK
2026-08-14T05:31:59.522676Z,10915,242.4,0,OK,OK,OK
2026-08-14T05:32:05.007414Z,10916,242.3,0,OK,OK,OK
2026-08-14T05:32:10.510300Z,10910,242.3,0,OK,OK,OK
2026-08-14T05:32:16.051999Z,10888,241.9,0,OK,OK,OK
2026-08-14T05:32:21.577237Z,10874,241.5,0,OK,OK,OK
2026-08-14T05:32:27.080099Z,10874,241.5,0,OK,OK,OK
2026-08-14T05:32:32.603881Z,10875,241.7,0,OK,OK,OK
2026-08-14T05:32:38.108915Z,10878,241.7,0,OK,OK,OK
2026-08-14T05:32:43.619769Z,10876,241.7,0,OK,OK,OK
2026-08-14T05:32:49.136696Z,10878,241.7,0,OK,OK,OK
2026-08-14T05:32:54.649816Z,10876,241.7,0,OK,OK,OK
2026-08-14T05:33:00.166094Z,10869,241.7,0,OK,OK,OK
2026-08-14T05:33:05.673015Z,10862,241.6,0,OK,OK,OK
2026-08-14T05:33:11.178655Z,10868,241.7,0,OK,OK,OK
2026-08-14T05:33:16.717540Z,10868,241.7,0,OK,OK,OK
2026-08-14T05:33:22.207893Z,10862,241.6,0,OK,OK,OK
2026-08-14T05:33:27.711063Z,10863,241.6,0,OK,OK,OK
2026-08-14T05:33:33.282978Z,10865,241.6,0,OK,OK,OK
2026-08-14T05:33:38.776630Z,10860,241.6,0,OK,OK,OK
2026-08-14T05:33:44.280613Z,10861,241.7,0,OK,OK,OK
2026-08-14T05:33:49.768272Z,10863,241.6,0,OK,OK,OK
2026-08-14T05:33:55.291712Z,10863,241.7,0,OK,OK,OK
2026-08-14T05:34:00.818880Z,10857,241.7,0,OK,OK,OK
2026-08-14T05:34:06.289042Z,10856,241.6,0,OK,OK,OK
2026-08-14T05:34:11.789537Z,10855,241.6,0,OK,OK,OK
2026-08-14T05:34:17.272562Z,10853,241.6,0,OK,OK,OK
2026-08-14T05:34:22.791727Z,10853,241.6,0,OK,OK,OK
2026-08-14T05:34:28.341321Z,10857,241.6,0,OK,OK,OK
2026-08-14T05:34:33.899461Z,10856,241.6,0,OK,OK,OK
2026-08-14T05:34:39.405757Z,10845,241.6,0,OK,OK,OK
2026-08-14T05:34:44.900825Z,10846,241.6,0,OK,OK,OK
2026-08-14T05:34:50.394296Z,10845,241.5,0,OK,OK,OK
2026-08-14T05:34:55.889409Z,10847,241.6,0,OK,OK,OK
2026-08-14T05:35:01.381279Z,10847,241.5,0,OK,OK,OK
2026-08-14T05:35:06.909687Z,10850,241.6,0,OK,OK,OK
2026-08-14T05:35:12.396244Z,10838,241.6,0,OK,OK,OK
2026-08-14T05:35:17.916422Z,10847,241.6,0,OK,OK,OK
2026-08-14T05:35:23.508893Z,10844,241.6,0,OK,OK,OK
2026-08-14T05:35:29.043774Z,10849,241.6,0,OK,OK,OK
2026-08-14T05:35:34.569099Z,10840,241.6,0,OK,OK,OK
2026-08-14T05:35:40.103745Z,10846,241.6,0,OK,OK,OK
2026-08-14T05:35:45.634603Z,10844,241.3,0,OK,OK,OK
2026-08-14T05:35:51.149731Z,10840,241.3,0,OK,OK,OK
2026-08-14T05:35:56.622606Z,10839,241.5,0,OK,OK,OK
2026-08-14T05:36:02.155526Z,10828,241.4,0,OK,OK,OK
2026-08-14T05:36:07.682829Z,10839,241.6,0,OK,OK,OK
2026-08-14T05:36:13.200656Z,10841,241.6,0,OK,OK,OK
2026-08-14T05:36:18.723834Z,10842,241.6,0,OK,OK,OK
2026-08-14T05:36:24.224913Z,10845,241.6,0,OK,OK,OK
2026-08-14T05:36:29.765994Z,10863,241.6,0,OK,OK,OK
2026-08-14T05:36:35.238270Z,10837,241.6,0,OK,OK,OK
2026-08-14T05:36:40.769590Z,10838,241.6,0,OK,OK,OK
2026-08-14T05:36:46.288481Z,10835,241.6,0,OK,OK,OK
2026-08-14T05:36:51.788427Z,10836,241.6,0,OK,OK,OK
2026-08-14T05:36:57.294116Z,10845,241.6,0,OK,OK,OK
2026-08-14T05:37:02.833866Z,10844,241.6,0,OK,OK,OK
2026-08-14T05:37:08.321519Z,10832,241.3,0,OK,OK,OK
2026-08-14T05:37:13.804564Z,10833,241.5,0,OK,OK,OK
2026-08-14T05:37:19.308450Z,10833,241.5,0,OK,OK,OK
2026-08-14T05:37:24.873767Z,10836,241.6,0,OK,OK,OK
2026-08-14T05:37:30.364581Z,10841,241.6,0,OK,OK,OK
2026-08-14T05:37:35.871920Z,10860,242.1,0,OK,OK,OK
2026-08-14T05:37:41.441242Z,10865,242.1,0,OK,OK,OK
2026-08-14T05:37:46.948061Z,10863,242.2,0,OK,OK,OK
2026-08-14T05:37:52.436833Z,10881,242.2,0,OK,OK,OK
2026-08-14T05:37:57.936263Z,10878,242.2,0,OK,OK,OK
2026-08-14T05:38:03.421940Z,10864,242.2,0,OK,OK,OK
2026-08-14T05:38:08.950579Z,10877,242.2,0,OK,OK,OK
2026-08-14T05:38:14.453069Z,10870,242.2,0,OK,OK,OK
2026-08-14T05:38:19.986627Z,10873,242.2,0,OK,OK,OK
2026-08-14T05:38:25.470957Z,10882,241.9,0,OK,OK,OK
2026-08-14T05:38:30.954942Z,10868,242.2,0,OK,OK,OK
2026-08-14T05:38:36.448494Z,10889,242.9,0,OK,OK,OK
2026-08-14T05:38:41.963264Z,10885,242.8,0,OK,OK,OK
2026-08-14T05:38:47.448526Z,10885,242.7,0,OK,OK,OK
2026-08-14T05:38:52.973930Z,10882,242.8,0,OK,OK,OK
2026-08-14T05:38:58.512844Z,10884,242.7,0,OK,OK,OK
2026-08-14T05:39:04.019912Z,10885,242.8,0,OK,OK,OK
2026-08-14T05:39:09.532501Z,10906,242.9,0,OK,OK,OK
2026-08-14T05:39:15.088441Z,10894,242.9,0,OK,OK,OK
2026-08-14T05:39:20.549401Z,10894,243.0,0,OK,OK,OK
2026-08-14T05:39:26.076281Z,10892,242.9,0,OK,OK,OK
2026-08-14T05:39:31.618725Z,10904,242.9,0,OK,OK,OK
2026-08-14T05:39:37.200455Z,10899,242.9,0,OK,OK,OK
2026-08-14T05:39:42.754658Z,10896,242.9,0,OK,OK,OK
2026-08-14T05:39:48.270980Z,10995,242.9,0,OK,OK,OK
2026-08-14T05:39:53.761941Z,10982,242.9,0,OK,OK,OK
2026-08-14T05:39:59.266965Z,10980,242.9,0,OK,OK,OK
2026-08-14T05:40:04.789361Z,10985,243.1,0,OK,OK,OK
2026-08-14T05:40:10.259858Z,10978,243.1,0,OK,OK,OK
2026-08-14T05:40:15.793369Z,10962,243.1,0,OK,OK,OK
2026-08-14T05:40:21.276830Z,10968,243.0,0,OK,OK,OK
2026-08-14T05:40:26.766896Z,10980,243.1,0,OK,OK,OK
2026-08-14T05:40:32.262900Z,10969,243.0,0,OK,OK,OK
2026-08-14T05:40:37.777586Z,10976,243.1,0,OK,OK,OK
2026-08-14T05:40:43.299816Z,10969,243.1,0,OK,OK,OK
2026-08-14T05:40:48.816270Z,10971,243.1,0,OK,OK,OK
2026-08-14T05:40:54.329978Z,10976,243.1,0,OK,OK,OK
2026-08-14T05:40:59.824558Z,10967,243.2,0,OK,OK,OK
2026-08-14T05:41:05.329235Z,10977,243.2,0,OK,OK,OK
2026-08-14T05:41:10.822642Z,10979,243.1,0,OK,OK,OK
2026-08-14T05:41:16.341429Z,10962,243.0,0,OK,OK,OK
2026-08-14T05:41:21.832931Z,10971,243.0,0,OK,OK,OK
2026-08-14T05:41:27.382969Z,10954,243.2,0,OK,OK,OK
2026-08-14T05:41:32.889340Z,10956,243.2,0,OK,OK,OK
2026-08-14T05:41:38.430431Z,10950,243.2,0,OK,OK,OK
2026-08-14T05:41:43.943717Z,10957,243.1,0,OK,OK,OK
2026-08-14T05:41:49.435118Z,10937,242.9,0,OK,OK,OK
2026-08-14T05:41:54.948126Z,10949,243.1,0,OK,OK,OK
2026-08-14T05:42:00.469304Z,10949,243.1,0,OK,OK,OK
2026-08-14T05:42:05.996083Z,10953,243.1,0,OK,OK,OK
2026-08-14T05:42:11.519661Z,10946,243.1,0,OK,OK,OK
2026-08-14T05:42:17.060451Z,10955,243.2,0,OK,OK,OK
2026-08-14T05:42:22.553865Z,10945,243.2,0,OK,OK,OK
2026-08-14T05:42:28.086025Z,10954,243.1,0,OK,OK,OK
2026-08-14T05:42:33.595699Z,10948,243.1,0,OK,OK,OK
2026-08-14T05:42:39.129942Z,10952,243.1,0,OK,OK,OK
2026-08-14T05:42:44.605374Z,10958,242.9,0,OK,OK,OK
2026-08-14T05:42:50.135161Z,10951,242.9,0,OK,OK,OK
2026-08-14T05:42:55.682775Z,10945,243.0,0,OK,OK,OK
2026-08-14T05:43:01.216687Z,10962,242.9,0,OK,OK,OK
2026-08-14T05:43:06.726756Z,10969,242.9,0,OK,OK,OK
2026-08-14T05:43:12.242181Z,10966,242.9,0,OK,OK,OK
2026-08-14T05:43:17.750812Z,10952,242.9,0,OK,OK,OK
2026-08-14T05:43:23.190764Z,10956,242.9,0,OK,OK,OK
2026-08-14T05:43:28.694194Z,10940,242.9,0,OK,OK,OK
2026-08-14T05:43:34.163863Z,10981,242.9,0,OK,OK,OK
2026-08-14T05:43:39.693837Z,10954,243.0,0,OK,OK,OK
2026-08-14T05:43:45.127093Z,10955,243.0,0,OK,OK,OK
2026-08-14T05:43:50.624358Z,10949,243.0,0,OK,OK,OK
2026-08-14T05:43:56.156168Z,10952,242.8,0,OK,OK,OK
2026-08-14T05:44:01.596468Z,10957,242.9,0,OK,OK,OK
2026-08-14T05:44:07.087005Z,10937,243.0,0,OK,OK,OK
2026-08-14T05:44:12.594183Z,10949,242.8,0,OK,OK,OK
2026-08-14T05:44:18.136135Z,10947,243.1,0,OK,OK,OK
2026-08-14T05:44:23.611914Z,10953,243.0,0,OK,OK,OK
2026-08-14T05:44:29.121742Z,10954,243.1,0,OK,OK,OK
2026-08-14T05:44:34.632934Z,10951,243.2,0,OK,OK,OK
2026-08-14T05:44:40.134429Z,10941,243.2,0,OK,OK,OK
2026-08-14T05:44:45.648005Z,10941,243.1,0,OK,OK,OK
2026-08-14T05:44:51.187430Z,10945,243.2,0,OK,OK,OK
2026-08-14T05:44:56.691626Z,10939,243.2,0,OK,OK,OK
2026-08-14T05:45:02.164940Z,10934,243.2,0,OK,OK,OK
2026-08-14T05:45:07.692312Z,10947,243.2,0,OK,OK,OK
2026-08-14T05:45:13.204038Z,10959,243.2,0,OK,OK,OK
2026-08-14T05:45:18.725773Z,10950,243.2,0,OK,OK,OK
2026-08-14T05:45:24.273094Z,10946,243.2,0,OK,OK,OK
2026-08-14T05:45:29.750230Z,10955,243.2,0,OK,OK,OK
2026-08-14T05:45:35.267090Z,10954,243.2,0,OK,OK,OK
2026-08-14T05:45:40.792273Z,10953,243.2,0,OK,OK,OK
2026-08-14T05:45:46.318768Z,10944,243.1,0,OK,OK,OK
2026-08-14T05:45:51.811490Z,10953,243.2,0,OK,OK,OK
2026-08-14T05:45:57.315216Z,10954,243.2,0,OK,OK,OK
2026-08-14T05:46:02.818839Z,10952,243.2,0,OK,OK,OK
2026-08-14T05:46:08.299247Z,10964,243.2,0,OK,OK,OK
2026-08-14T05:46:13.851113Z,10984,243.2,0,OK,OK,OK
2026-08-14T05:46:19.405946Z,10951,243.3,0,OK,OK,OK
2026-08-14T05:46:24.909628Z,10948,243.2,0,OK,OK,OK
2026-08-14T05:46:30.376551Z,10950,243.2,0,OK,OK,OK
2026-08-14T05:46:35.872370Z,10949,243.2,0,OK,OK,OK
2026-08-14T05:46:41.381767Z,10976,243.2,0,OK,OK,OK
2026-08-14T05:46:46.910319Z,10946,243.2,0,OK,OK,OK
2026-08-14T05:46:52.397276Z,10982,243.3,0,OK,OK,OK
2026-08-14T05:46:57.872796Z,10948,243.3,0,OK,OK,OK
2026-08-14T05:47:03.385140Z,10946,243.3,0,OK,OK,OK
2026-08-14T05:47:08.857139Z,10950,243.2,0,OK,OK,OK
2026-08-14T05:47:14.361449Z,10942,243.3,0,OK,OK,OK
2026-08-14T05:47:19.855279Z,10942,243.3,0,OK,OK,OK
2026-08-14T05:47:25.371018Z,10938,243.3,0,OK,OK,OK
2026-08-14T05:47:30.851110Z,10942,243.3,0,OK,OK,OK
2026-08-14T05:47:36.337736Z,10940,243.3,0,OK,OK,OK
2026-08-14T05:47:41.843321Z,10942,243.2,0,OK,OK,OK
2026-08-14T05:47:47.400266Z,10943,243.2,0,OK,OK,OK
2026-08-14T05:47:52.888969Z,10936,243.3,0,OK,OK,OK
2026-08-14T05:47:58.375079Z,10941,243.3,0,OK,OK,OK
2026-08-14T05:48:03.937032Z,10946,243.2,0,OK,OK,OK
2026-08-14T05:48:09.468237Z,10944,243.2,0,OK,OK,OK
2026-08-14T05:48:14.964983Z,10945,243.3,0,OK,OK,OK
2026-08-14T05:48:20.497829Z,10937,243.3,0,OK,OK,OK
2026-08-14T05:48:26.025142Z,10958,243.3,0,OK,OK,OK
2026-08-14T05:48:31.514365Z,10937,243.2,0,OK,OK,OK
2026-08-14T05:48:37.008412Z,10936,243.3,0,OK,OK,OK
2026-08-14T05:48:42.563040Z,10943,243.3,0,OK,OK,OK
2026-08-14T05:48:48.087491Z,10940,243.2,0,OK,OK,OK
2026-08-14T05:48:53.548619Z,10938,243.3,0,OK,OK,OK
2026-08-14T05:48:59.064350Z,10947,243.3,0,OK,OK,OK
2026-08-14T05:49:04.552691Z,10950,243.4,0,OK,OK,OK
2026-08-14T05:49:10.054425Z,10940,243.4,0,OK,OK,OK
2026-08-14T05:49:15.534603Z,10943,243.2,0,OK,OK,OK
2026-08-14T05:49:21.053059Z,10947,243.3,0,OK,OK,OK
2026-08-14T05:49:26.553935Z,10946,243.3,0,OK,OK,OK
2026-08-14T05:49:32.080942Z,10938,243.5,0,OK,OK,OK
2026-08-14T05:49:37.566776Z,10943,243.3,0,OK,OK,OK
2026-08-14T05:49:43.067238Z,10949,243.3,0,OK,OK,OK
2026-08-14T05:49:48.534879Z,10943,243.2,0,OK,OK,OK
2026-08-14T05:49:54.062634Z,10946,243.3,0,OK,OK,OK
2026-08-14T05:49:59.544216Z,10947,243.4,0,OK,OK,OK
2026-08-14T05:50:05.023982Z,10937,243.5,0,OK,OK,OK
2026-08-14T05:50:10.625742Z,10941,243.5,0,OK,OK,OK
2026-08-14T05:50:16.102303Z,10933,243.6,0,OK,OK,OK
2026-08-14T05:50:21.595918Z,10948,243.6,0,OK,OK,OK
2026-08-14T05:50:27.202638Z,10935,243.6,0,OK,OK,OK
2026-08-14T05:50:32.744418Z,10929,243.6,0,OK,OK,OK
2026-08-14T05:50:38.259393Z,10940,243.6,0,OK,OK,OK
2026-08-14T05:50:43.749825Z,10942,243.5,0,OK,OK,OK
2026-08-14T05:50:49.275875Z,10935,243.5,0,OK,OK,OK
2026-08-14T05:50:54.790105Z,10938,243.5,0,OK,OK,OK
2026-08-14T05:51:00.266071Z,10932,243.4,0,OK,OK,OK
2026-08-14T05:51:05.782518Z,10937,243.4,0,OK,OK,OK
2026-08-14T05:51:11.292811Z,10936,243.5,0,OK,OK,OK
2026-08-14T05:51:16.811176Z,10934,243.4,0,OK,OK,OK
2026-08-14T05:51:22.344113Z,10933,243.5,0,OK,OK,OK
2026-08-14T05:51:27.834516Z,10960,243.5,0,OK,OK,OK
2026-08-14T05:51:33.315219Z,10937,243.6,0,OK,OK,OK
2026-08-14T05:51:38.796798Z,10944,243.5,0,OK,OK,OK
2026-08-14T05:51:44.308436Z,10940,243.5,0,OK,OK,OK
2026-08-14T05:51:49.798296Z,10946,243.6,0,OK,OK,OK
2026-08-14T05:51:55.299512Z,10941,243.6,0,OK,OK,OK
2026-08-14T05:52:00.812743Z,10947,243.6,0,OK,OK,OK
2026-08-14T05:52:06.380285Z,10946,243.6,0,OK,OK,OK
2026-08-14T05:52:11.912116Z,10949,243.6,0,OK,OK,OK
2026-08-14T05:52:17.419363Z,10934,243.6,0,OK,OK,OK
2026-08-14T05:52:23.004792Z,10950,243.5,0,OK,OK,OK
2026-08-14T05:52:28.502560Z,10943,243.5,0,OK,OK,OK
2026-08-14T05:52:34.007498Z,10945,243.4,0,OK,OK,OK
2026-08-14T05:52:39.509439Z,10933,243.4,0,OK,OK,OK
2026-08-14T05:52:44.968041Z,10948,243.5,0,OK,OK,OK
2026-08-14T05:52:50.466296Z,10937,243.5,0,OK,OK,OK
2026-08-14T05:52:55.958142Z,10943,243.5,0,OK,OK,OK
2026-08-14T05:53:01.453853Z,10947,243.6,0,OK,OK,OK
2026-08-14T05:53:06.926925Z,10938,243.6,0,OK,OK,OK
2026-08-14T05:53:12.395282Z,10932,243.6,0,OK,OK,OK
2026-08-14T05:53:17.915611Z,10952,243.6,0,OK,OK,OK
2026-08-14T05:53:23.358334Z,10940,243.6,0,OK,OK,OK
2026-08-14T05:53:28.874904Z,10943,243.5,0,OK,OK,OK
2026-08-14T05:53:34.363060Z,10938,243.6,0,OK,OK,OK
2026-08-14T05:53:39.880030Z,10927,243.7,0,OK,OK,OK
2026-08-14T05:53:45.349660Z,10935,243.6,0,OK,OK,OK
2026-08-14T05:53:50.853005Z,10933,243.7,0,OK,OK,OK
2026-08-14T05:53:56.349038Z,10936,243.5,0,OK,OK,OK
2026-08-14T05:54:01.868975Z,10934,243.6,0,OK,OK,OK
2026-08-14T05:54:07.417579Z,10928,243.6,0,OK,OK,OK
2026-08-14T05:54:12.889004Z,10939,243.5,0,OK,OK,OK
2026-08-14T05:54:18.435498Z,10930,243.6,0,OK,OK,OK
2026-08-14T05:54:24.051077Z,10946,243.6,0,OK,OK,OK
2026-08-14T05:54:29.618377Z,10924,243.5,0,OK,OK,OK
2026-08-14T05:54:35.180914Z,10932,243.6,0,OK,OK,OK
2026-08-14T05:54:40.680352Z,10939,243.7,0,OK,OK,OK
2026-08-14T05:54:46.192970Z,10921,243.7,0,OK,OK,OK
2026-08-14T05:54:51.677969Z,10932,243.7,0,OK,OK,OK
2026-08-14T05:54:57.187724Z,10928,243.7,0,OK,OK,OK
2026-08-14T05:55:02.645017Z,10936,243.7,0,OK,OK,OK
2026-08-14T05:55:08.195377Z,10959,243.7,0,OK,OK,OK
2026-08-14T05:55:13.671533Z,10943,243.7,0,OK,OK,OK
2026-08-14T05:55:19.178921Z,10961,243.7,0,OK,OK,OK
2026-08-14T05:55:24.635748Z,10943,243.7,0,OK,OK,OK
2026-08-14T05:55:30.171281Z,10962,243.6,0,OK,OK,OK
2026-08-14T05:55:35.658677Z,10962,243.7,0,OK,OK,OK
2026-08-14T05:55:41.200170Z,10968,243.7,0,OK,OK,OK
2026-08-14T05:55:46.688473Z,10966,243.7,0,OK,OK,OK
2026-08-14T05:55:52.197901Z,10957,243.7,0,OK,OK,OK
2026-08-14T05:55:57.702040Z,10966,243.7,0,OK,OK,OK
2026-08-14T05:56:03.258281Z,10955,243.7,0,OK,OK,OK
2026-08-14T05:56:08.733455Z,10954,243.7,0,OK,OK,OK
2026-08-14T05:56:14.259628Z,10955,243.7,0,OK,OK,OK
2026-08-14T05:56:19.881273Z,10952,243.7,0,OK,OK,OK
2026-08-14T05:56:25.360510Z,10960,243.7,0,OK,OK,OK
2026-08-14T05:56:30.868351Z,10971,243.7,0,OK,OK,OK
2026-08-14T05:56:36.390712Z,10950,243.7,0,OK,OK,OK
2026-08-14T05:56:41.927957Z,10955,243.7,0,OK,OK,OK
2026-08-14T05:56:47.435447Z,10959,243.7,0,OK,OK,OK
2026-08-14T05:56:52.908294Z,10964,243.7,0,OK,OK,OK
2026-08-14T05:56:58.395133Z,10963,243.7,0,OK,OK,OK
2026-08-14T05:57:03.916564Z,10958,243.7,0,OK,OK,OK
2026-08-14T05:57:09.425474Z,10965,243.7,0,OK,OK,OK
2026-08-14T05:57:14.917379Z,10957,243.5,0,OK,OK,OK
2026-08-14T05:57:20.473574Z,10959,243.7,0,OK,OK,OK
2026-08-14T05:57:25.951795Z,10960,243.6,0,OK,OK,OK
2026-08-14T05:57:31.427959Z,10960,243.7,0,OK,OK,OK
2026-08-14T05:57:36.910959Z,10975,243.7,0,OK,OK,OK
2026-08-14T05:57:42.429447Z,10957,243.5,0,OK,OK,OK
2026-08-14T05:57:47.864613Z,10963,243.6,0,OK,OK,OK
2026-08-14T05:57:53.356330Z,10958,243.7,0,OK,OK,OK
2026-08-14T05:57:58.854916Z,10962,243.7,0,OK,OK,OK
2026-08-14T05:58:04.361967Z,10960,243.7,0,OK,OK,OK
2026-08-14T05:58:09.866967Z,10949,243.6,0,OK,OK,OK
2026-08-14T05:58:15.393578Z,10959,243.7,0,OK,OK,OK
2026-08-14T05:58:20.864154Z,10962,243.7,0,OK,OK,OK
2026-08-14T05:58:26.353060Z,10967,243.7,0,OK,OK,OK
2026-08-14T05:58:31.882792Z,10965,243.7,0,OK,OK,OK
2026-08-14T05:58:37.358393Z,10972,243.9,0,OK,OK,OK
2026-08-14T05:58:42.877558Z,10970,243.9,0,OK,OK,OK
2026-08-14T05:58:48.354309Z,10961,243.9,0,OK,OK,OK
2026-08-14T05:58:53.840314Z,10966,243.9,0,OK,OK,OK
2026-08-14T05:58:59.334140Z,10971,243.7,0,OK,OK,OK
2026-08-14T05:59:04.821327Z,10971,243.9,0,OK,OK,OK
2026-08-14T05:59:10.293912Z,10970,243.9,0,OK,OK,OK
2026-08-14T05:59:15.837082Z,10959,243.9,0,OK,OK,OK
2026-08-14T05:59:21.346443Z,10962,243.9,0,OK,OK,OK
2026-08-14T05:59:26.846025Z,11009,244.0,0,OK,OK,OK
2026-08-14T05:59:32.331856Z,11016,244.0,0,OK,OK,OK
2026-08-14T05:59:37.849103Z,10978,244.0,0,OK,OK,OK
2026-08-14T05:59:43.375653Z,11022,244.1,0,OK,OK,OK
2026-08-14T05:59:48.902168Z,11018,244.0,0,OK,OK,OK
2026-08-14T05:59:54.395910Z,11020,244.0,0,OK,OK,OK
2026-08-14T05:59:59.917936Z,10976,244.0,0,OK,OK,OK
2026-08-14T06:00:05.425878Z,11022,244.0,0,OK,OK,OK
2026-08-14T06:00:10.990516Z,10965,244.0,0,OK,OK,OK
2026-08-14T06:00:16.483698Z,11021,244.0,0,OK,OK,OK
2026-08-14T06:00:21.997352Z,11016,244.0,0,OK,OK,OK
2026-08-14T06:00:27.495726Z,11022,244.0,0,OK,OK,OK
2026-08-14T06:00:32.962515Z,11019,244.0,0,OK,OK,OK
2026-08-14T06:00:38.474089Z,10976,244.0,0,OK,OK,OK
2026-08-14T06:00:44.009280Z,10965,244.0,0,OK,OK,OK
2026-08-14T06:00:49.517405Z,11016,243.9,0,OK,OK,OK
2026-08-14T06:00:54.988189Z,10995,243.9,0,OK,OK,OK
2026-08-14T06:01:00.540205Z,10970,244.0,0,OK,OK,OK
2026-08-14T06:01:06.068269Z,10972,244.1,0,OK,OK,OK
2026-08-14T06:01:11.529159Z,10987,244.0,0,OK,OK,OK
2026-08-14T06:01:16.983870Z,11029,244.1,0,OK,OK,OK
2026-08-14T06:01:22.466183Z,11037,244.0,0,OK,OK,OK
2026-08-14T06:01:27.951136Z,10968,243.7,0,OK,OK,OK
2026-08-14T06:01:33.431745Z,10960,243.7,0,OK,OK,OK
2026-08-14T06:01:38.956446Z,10975,243.6,0,OK,OK,OK
2026-08-14T06:01:44.483174Z,10968,243.7,0,OK,OK,OK
2026-08-14T06:01:50.084800Z,10969,243.7,0,OK,OK,OK
2026-08-14T06:01:55.575048Z,10974,243.7,0,OK,OK,OK
2026-08-14T06:02:01.111178Z,10978,243.7,0,OK,OK,OK
2026-08-14T06:02:06.625525Z,10977,243.7,0,OK,OK,OK
2026-08-14T06:02:12.148977Z,10988,243.6,0,OK,OK,OK
2026-08-14T06:02:17.629927Z,10978,243.6,0,OK,OK,OK
2026-08-14T06:02:23.148809Z,10983,243.7,0,OK,OK,OK
2026-08-14T06:02:28.768284Z,10976,243.5,0,OK,OK,OK
2026-08-14T06:02:34.282194Z,10974,243.5,0,OK,OK,OK
2026-08-14T06:02:39.762320Z,10983,243.6,0,OK,OK,OK
2026-08-14T06:02:45.264658Z,10979,243.6,0,OK,OK,OK
2026-08-14T06:02:50.762952Z,10973,243.2,0,OK,OK,OK
2026-08-14T06:02:56.221277Z,10967,243.2,0,OK,OK,OK
2026-08-14T06:03:01.750859Z,11144,243.1,0,OK,OK,OK
2026-08-14T06:03:07.242480Z,11113,243.0,0,OK,OK,OK
2026-08-14T06:03:12.733205Z,11101,243.0,0,OK,OK,OK
2026-08-14T06:03:18.230406Z,11090,243.0,0,OK,OK,OK
2026-08-14T06:03:23.678229Z,11086,243.0,0,OK,OK,OK
2026-08-14T06:03:29.115645Z,11084,243.2,0,OK,OK,OK
2026-08-14T06:03:34.649408Z,11084,243.2,0,OK,OK,OK
2026-08-14T06:03:40.117214Z,11086,243.1,0,OK,OK,OK
2026-08-14T06:03:45.641595Z,11083,243.1,0,OK,OK,OK
2026-08-14T06:03:51.111089Z,11087,243.2,0,OK,OK,OK
2026-08-14T06:03:56.650516Z,11085,243.2,0,OK,OK,OK
2026-08-14T06:04:02.098312Z,11062,242.7,0,OK,OK,OK
2026-08-14T06:04:07.570731Z,11072,243.0,0,OK,OK,OK
2026-08-14T06:04:13.099282Z,11106,242.9,0,OK,OK,OK
2026-08-14T06:04:18.610791Z,11073,242.9,0,OK,OK,OK
2026-08-14T06:04:24.099651Z,10649,243.0,0,OK,OK,OK
2026-08-14T06:04:29.567658Z,10533,243.2,0,OK,OK,OK
2026-08-14T06:04:35.083523Z,10540,243.0,0,OK,OK,OK
2026-08-14T06:04:40.705478Z,10539,242.9,0,OK,OK,OK
2026-08-14T06:04:46.211082Z,10531,242.9,0,OK,OK,OK
2026-08-14T06:04:51.765445Z,10532,242.9,0,OK,OK,OK
2026-08-14T06:04:57.242742Z,10544,243.0,0,OK,OK,OK
2026-08-14T06:05:02.801786Z,10542,243.0,0,OK,OK,OK
2026-08-14T06:05:08.276001Z,10533,243.1,0,OK,OK,OK
2026-08-14T06:05:13.780704Z,10540,243.0,0,OK,OK,OK
2026-08-14T06:05:19.242438Z,10536,243.2,0,OK,OK,OK
2026-08-14T06:05:24.750698Z,10534,243.2,0,OK,OK,OK
2026-08-14T06:05:30.243246Z,10536,243.2,0,OK,OK,OK
2026-08-14T06:05:35.753810Z,10538,243.2,0,OK,OK,OK
2026-08-14T06:05:41.273788Z,10540,242.8,0,OK,OK,OK
2026-08-14T06:05:46.782031Z,10531,242.9,0,OK,OK,OK
2026-08-14T06:05:52.248721Z,10540,242.7,0,OK,OK,OK
2026-08-14T06:05:57.794199Z,10532,242.8,0,OK,OK,OK
2026-08-14T06:06:03.294279Z,10530,242.9,0,OK,OK,OK
2026-08-14T06:06:08.794191Z,10522,242.9,0,OK,OK,OK
2026-08-14T06:06:14.281110Z,10532,242.9,0,OK,OK,OK
2026-08-14T06:06:19.833033Z,10530,243.1,0,OK,OK,OK
2026-08-14T06:06:25.321577Z,10527,243.1,0,OK,OK,OK
2026-08-14T06:06:30.841592Z,10533,242.9,0,OK,OK,OK
2026-08-14T06:06:36.356055Z,10536,242.9,0,OK,OK,OK
2026-08-14T06:06:41.880321Z,10531,243.0,0,OK,OK,OK
2026-08-14T06:06:47.404527Z,10531,243.1,0,OK,OK,OK
2026-08-14T06:06:52.926219Z,10532,243.0,0,OK,OK,OK
2026-08-14T06:06:58.446825Z,10531,242.9,0,OK,OK,OK
2026-08-14T06:07:03.949902Z,10538,243.0,0,OK,OK,OK
2026-08-14T06:07:09.442535Z,10536,242.9,0,OK,OK,OK
2026-08-14T06:07:14.947905Z,10520,243.1,0,OK,OK,OK
2026-08-14T06:07:20.456376Z,10524,243.1,0,OK,OK,OK
2026-08-14T06:07:25.958500Z,10518,243.0,0,OK,OK,OK
2026-08-14T06:07:31.495770Z,10527,243.1,0,OK,OK,OK
2026-08-14T06:07:37.030004Z,10531,243.1,0,OK,OK,OK
2026-08-14T06:07:42.511736Z,10523,243.0,0,OK,OK,OK
2026-08-14T06:07:48.037940Z,10518,243.1,0,OK,OK,OK
2026-08-14T06:07:53.529838Z,10515,243.1,0,OK,OK,OK
2026-08-14T06:07:59.015726Z,10554,243.1,0,OK,OK,OK
2026-08-14T06:08:04.498317Z,10567,243.1,0,OK,OK,OK
2026-08-14T06:08:10.042041Z,10582,243.0,0,OK,OK,OK
2026-08-14T06:08:15.532154Z,10566,243.1,0,OK,OK,OK
2026-08-14T06:08:21.067305Z,10575,243.0,0,OK,OK,OK
2026-08-14T06:08:26.604995Z,10566,243.1,0,OK,OK,OK
2026-08-14T06:08:32.121026Z,10558,243.1,0,OK,OK,OK
2026-08-14T06:08:37.636172Z,10519,241.7,0,OK,OK,OK
2026-08-14T06:08:43.166619Z,10541,242.1,0,OK,OK,OK
2026-08-14T06:08:48.640428Z,10541,242.1,0,OK,OK,OK
2026-08-14T06:08:54.147467Z,10539,242.1,0,OK,OK,OK
2026-08-14T06:08:59.650284Z,10536,242.1,0,OK,OK,OK
2026-08-14T06:09:05.126996Z,10545,242.1,0,OK,OK,OK
2026-08-14T06:09:10.632388Z,10540,242.1,0,OK,OK,OK
2026-08-14T06:09:16.198832Z,10540,242.1,0,OK,OK,OK
2026-08-14T06:09:21.706645Z,10535,242.0,0,OK,OK,OK
2026-08-14T06:09:27.210918Z,10539,242.1,0,OK,OK,OK
2026-08-14T06:09:32.705171Z,10530,242.0,0,OK,OK,OK
2026-08-14T06:09:38.223180Z,10539,242.1,0,OK,OK,OK
2026-08-14T06:09:43.725087Z,10533,242.1,0,OK,OK,OK
2026-08-14T06:09:49.225418Z,10545,242.1,0,OK,OK,OK
2026-08-14T06:09:54.765004Z,10542,242.2,0,OK,OK,OK
2026-08-14T06:10:00.291298Z,10545,242.2,0,OK,OK,OK
2026-08-14T06:10:05.829497Z,10536,242.1,0,OK,OK,OK
2026-08-14T06:10:11.307942Z,10544,242.1,0,OK,OK,OK
2026-08-14T06:10:16.805512Z,10539,242.2,0,OK,OK,OK
2026-08-14T06:10:22.343294Z,10552,242.1,0,OK,OK,OK
2026-08-14T06:10:27.837696Z,10543,242.1,0,OK,OK,OK
2026-08-14T06:10:33.344652Z,10539,242.1,0,OK,OK,OK
2026-08-14T06:10:38.894696Z,10541,242.1,0,OK,OK,OK
2026-08-14T06:10:44.425622Z,10539,242.1,0,OK,OK,OK
2026-08-14T06:10:49.945080Z,10540,242.1,0,OK,OK,OK
2026-08-14T06:10:55.432620Z,10539,242.1,0,OK,OK,OK
2026-08-14T06:11:00.953605Z,10538,242.1,0,OK,OK,OK
2026-08-14T06:11:06.492081Z,10549,242.1,0,OK,OK,OK
2026-08-14T06:11:12.004825Z,10543,242.1,0,OK,OK,OK
2026-08-14T06:11:17.527030Z,10544,242.2,0,OK,OK,OK
2026-08-14T06:11:23.048203Z,10536,242.1,0,OK,OK,OK
2026-08-14T06:11:28.571833Z,10526,242.1,0,OK,OK,OK
2026-08-14T06:11:34.078510Z,10534,242.2,0,OK,OK,OK
2026-08-14T06:11:39.602961Z,10533,242.1,0,OK,OK,OK
2026-08-14T06:11:45.107320Z,10527,242.2,0,OK,OK,OK
2026-08-14T06:11:50.595905Z,10527,242.2,0,OK,OK,OK
2026-08-14T06:11:56.130965Z,10532,242.2,0,OK,OK,OK
2026-08-14T06:12:01.649399Z,10540,242.2,0,OK,OK,OK
2026-08-14T06:12:07.142281Z,10525,242.1,0,OK,OK,OK
2026-08-14T06:12:12.645837Z,10522,242.1,0,OK,OK,OK
2026-08-14T06:12:18.165862Z,10530,242.3,0,OK,OK,OK
2026-08-14T06:12:23.627236Z,10533,242.2,0,OK,OK,OK
2026-08-14T06:12:29.113112Z,10556,242.2,0,OK,OK,OK
2026-08-14T06:12:34.589305Z,10508,242.2,0,OK,OK,OK
2026-08-14T06:12:40.087240Z,10523,242.2,0,OK,OK,OK
2026-08-14T06:12:45.573490Z,10516,242.2,0,OK,OK,OK
2026-08-14T06:12:51.072243Z,10524,242.2,0,OK,OK,OK
2026-08-14T06:12:56.577846Z,10525,242.2,0,OK,OK,OK
2026-08-14T06:13:02.073948Z,10524,242.2,0,OK,OK,OK
2026-08-14T06:13:07.605120Z,10524,242.2,0,OK,OK,OK
2026-08-14T06:13:13.104490Z,10528,242.3,0,OK,OK,OK
2026-08-14T06:13:18.645701Z,10521,242.3,0,OK,OK,OK
2026-08-14T06:13:24.136916Z,10525,242.3,0,OK,OK,OK
2026-08-14T06:13:29.645049Z,10528,242.3,0,OK,OK,OK
2026-08-14T06:13:35.109012Z,10519,242.3,0,OK,OK,OK
2026-08-14T06:13:40.658687Z,10527,242.3,0,OK,OK,OK
2026-08-14T06:13:46.181310Z,10525,242.3,0,OK,OK,OK
2026-08-14T06:13:51.694302Z,10519,242.3,0,OK,OK,OK
2026-08-14T06:13:57.214694Z,10530,242.9,0,OK,OK,OK
2026-08-14T06:14:02.764314Z,10537,242.9,0,OK,OK,OK
2026-08-14T06:14:08.250943Z,10534,242.9,0,OK,OK,OK
2026-08-14T06:14:13.794878Z,10534,242.8,0,OK,OK,OK
2026-08-14T06:14:19.315492Z,10532,242.8,0,OK,OK,OK
2026-08-14T06:14:24.829814Z,10540,242.8,0,OK,OK,OK
2026-08-14T06:14:30.315890Z,10539,242.8,0,OK,OK,OK
2026-08-14T06:14:35.813534Z,10527,242.7,0,OK,OK,OK
2026-08-14T06:14:41.365539Z,10529,242.9,0,OK,OK,OK
2026-08-14T06:14:46.893676Z,10529,242.8,0,OK,OK,OK
2026-08-14T06:14:52.415948Z,10534,242.8,0,OK,OK,OK
2026-08-14T06:14:57.896462Z,10560,242.8,0,OK,OK,OK
2026-08-14T06:15:03.415346Z,10529,242.9,0,OK,OK,OK
2026-08-14T06:15:08.942350Z,10523,242.9,0,OK,OK,OK
2026-08-14T06:15:14.483639Z,10533,242.8,0,OK,OK,OK
2026-08-14T06:15:19.993462Z,10537,242.9,0,OK,OK,OK
2026-08-14T06:15:25.480022Z,10535,243.2,0,OK,OK,OK
2026-08-14T06:15:30.997080Z,10541,243.2,0,OK,OK,OK
2026-08-14T06:15:36.529991Z,10541,243.3,0,OK,OK,OK
2026-08-14T06:15:42.038720Z,10538,243.3,0,OK,OK,OK
2026-08-14T06:15:47.557568Z,10533,243.3,0,OK,OK,OK
2026-08-14T06:15:53.043090Z,10544,243.1,0,OK,OK,OK
2026-08-14T06:15:58.544936Z,10536,243.3,0,OK,OK,OK
2026-08-14T06:16:04.029305Z,10532,243.3,0,OK,OK,OK
2026-08-14T06:16:09.540743Z,10532,243.2,0,OK,OK,OK
2026-08-14T06:16:15.048885Z,10535,243.3,0,OK,OK,OK
2026-08-14T06:16:20.547223Z,10548,243.3,0,OK,OK,OK
2026-08-14T06:16:26.064298Z,10545,243.3,0,OK,OK,OK
2026-08-14T06:16:31.620578Z,10536,243.3,0,OK,OK,OK
2026-08-14T06:16:37.111079Z,10544,243.3,0,OK,OK,OK
2026-08-14T06:16:42.630467Z,10452,243.4,0,OK,OK,OK
2026-08-14T06:16:48.166522Z,10454,243.4,0,OK,OK,OK
2026-08-14T06:16:53.691142Z,10463,243.4,0,OK,OK,OK
2026-08-14T06:16:59.225259Z,10453,243.4,0,OK,OK,OK
2026-08-14T06:17:04.743860Z,10458,243.4,0,OK,OK,OK
2026-08-14T06:17:10.266153Z,10462,243.4,0,OK,OK,OK
2026-08-14T06:17:15.808200Z,10459,243.4,0,OK,OK,OK
2026-08-14T06:17:21.331553Z,10463,243.4,0,OK,OK,OK
2026-08-14T06:17:26.817659Z,10463,243.4,0,OK,OK,OK
2026-08-14T06:17:32.333203Z,10466,243.5,0,OK,OK,OK
2026-08-14T06:17:37.871355Z,10464,243.3,0,OK,OK,OK
2026-08-14T06:17:43.381741Z,10458,243.4,0,OK,OK,OK
2026-08-14T06:17:48.939766Z,10454,243.4,0,OK,OK,OK
2026-08-14T06:17:54.430282Z,10461,243.4,0,OK,OK,OK
2026-08-14T06:17:59.924025Z,10460,243.4,0,OK,OK,OK
2026-08-14T06:18:05.413273Z,10460,243.4,0,OK,OK,OK
2026-08-14T06:18:10.928120Z,10454,243.4,0,OK,OK,OK
2026-08-14T06:18:16.446109Z,10460,243.5,0,OK,OK,OK
2026-08-14T06:18:21.953272Z,10458,243.4,0,OK,OK,OK
2026-08-14T06:18:27.493315Z,10460,243.4,0,OK,OK,OK
2026-08-14T06:18:33.010548Z,10460,243.4,0,OK,OK,OK
2026-08-14T06:18:38.506225Z,10458,243.4,0,OK,OK,OK
2026-08-14T06:18:44.020786Z,10455,243.4,0,OK,OK,OK
2026-08-14T06:18:49.554310Z,10460,243.4,0,OK,OK,OK
2026-08-14T06:18:55.139604Z,10459,243.4,0,OK,OK,OK
2026-08-14T06:19:00.623447Z,10450,243.4,0,OK,OK,OK
2026-08-14T06:19:06.104787Z,10454,243.4,0,OK,OK,OK
2026-08-14T06:19:11.624116Z,10453,243.4,0,OK,OK,OK
2026-08-14T06:19:17.110977Z,10451,243.4,0,OK,OK,OK
2026-08-14T06:19:22.576953Z,10462,243.4,0,OK,OK,OK
2026-08-14T06:19:28.099718Z,10437,243.5,0,OK,OK,OK
2026-08-14T06:19:33.664775Z,10444,243.5,0,OK,OK,OK
2026-08-14T06:19:39.143492Z,10452,243.4,0,OK,OK,OK
2026-08-14T06:19:44.611420Z,10461,243.4,0,OK,OK,OK
2026-08-14T06:19:50.078453Z,10468,243.3,0,OK,OK,OK
2026-08-14T06:19:55.564579Z,10456,243.4,0,OK,OK,OK
2026-08-14T06:20:01.102776Z,10454,243.4,0,OK,OK,OK
2026-08-14T06:20:06.627355Z,10451,243.4,0,OK,OK,OK
2026-08-14T06:20:12.126343Z,10452,243.4,0,OK,OK,OK
2026-08-14T06:20:17.625297Z,10457,243.4,0,OK,OK,OK
2026-08-14T06:20:23.147051Z,10454,243.4,0,OK,OK,OK
2026-08-14T06:20:28.594328Z,10458,243.4,0,OK,OK,OK
2026-08-14T06:20:34.112022Z,10463,243.4,0,OK,OK,OK
2026-08-14T06:20:39.594797Z,10455,243.4,0,OK,OK,OK
2026-08-14T06:20:45.087364Z,10460,243.4,0,OK,OK,OK
2026-08-14T06:20:50.596826Z,10452,243.3,0,OK,OK,OK
2026-08-14T06:20:56.070584Z,10454,243.4,0,OK,OK,OK
2026-08-14T06:21:01.544316Z,10456,243.3,0,OK,OK,OK
2026-08-14T06:21:06.997522Z,10452,243.3,0,OK,OK,OK
2026-08-14T06:21:12.520098Z,10459,243.3,0,OK,OK,OK
2026-08-14T06:21:18.029836Z,10450,243.3,0,OK,OK,OK
2026-08-14T06:21:23.573278Z,10443,243.3,0,OK,OK,OK
2026-08-14T06:21:29.061318Z,10466,243.3,0,OK,OK,OK
2026-08-14T06:21:34.587951Z,10449,243.4,0,OK,OK,OK
2026-08-14T06:21:40.094635Z,10453,243.3,0,OK,OK,OK
2026-08-14T06:21:45.644042Z,10451,243.3,0,OK,OK,OK
2026-08-14T06:21:51.144133Z,10457,243.2,0,OK,OK,OK
2026-08-14T06:21:56.625186Z,10454,243.3,0,OK,OK,OK
2026-08-14T06:22:02.157735Z,10447,243.3,0,OK,OK,OK
2026-08-14T06:22:07.709642Z,10454,243.3,0,OK,OK,OK
2026-08-14T06:22:13.220984Z,10464,243.3,0,OK,OK,OK
2026-08-14T06:22:18.743487Z,10475,243.2,0,OK,OK,OK
2026-08-14T06:22:24.309061Z,10456,243.3,0,OK,OK,OK
2026-08-14T06:22:29.801792Z,10451,243.3,0,OK,OK,OK
2026-08-14T06:22:35.296882Z,10453,243.3,0,OK,OK,OK
2026-08-14T06:22:40.811470Z,10451,243.3,0,OK,OK,OK
2026-08-14T06:22:46.345531Z,10448,243.3,0,OK,OK,OK
2026-08-14T06:22:51.812876Z,10446,243.3,0,OK,OK,OK
2026-08-14T06:22:57.265791Z,10457,243.3,0,OK,OK,OK
2026-08-14T06:23:02.751687Z,10453,243.3,0,OK,OK,OK
2026-08-14T06:23:08.255650Z,10449,243.3,0,OK,OK,OK
2026-08-14T06:23:13.820645Z,10458,243.7,0,OK,OK,OK
2026-08-14T06:23:19.307908Z,10451,243.7,0,OK,OK,OK
2026-08-14T06:23:24.806041Z,10457,243.7,0,OK,OK,OK
2026-08-14T06:23:30.282370Z,10438,243.7,0,OK,OK,OK
2026-08-14T06:23:35.780992Z,10452,243.8,0,OK,OK,OK
2026-08-14T06:23:41.310194Z,10449,243.7,0,OK,OK,OK
2026-08-14T06:23:46.827005Z,10458,243.7,0,OK,OK,OK
2026-08-14T06:23:52.313064Z,10443,243.8,0,OK,OK,OK
2026-08-14T06:23:57.804061Z,10467,243.7,0,OK,OK,OK
2026-08-14T06:24:03.307386Z,10448,243.6,0,OK,OK,OK
2026-08-14T06:24:08.807965Z,10458,243.8,0,OK,OK,OK
2026-08-14T06:24:14.312965Z,10451,243.7,0,OK,OK,OK
2026-08-14T06:24:19.817411Z,10458,243.7,0,OK,OK,OK
2026-08-14T06:24:25.320195Z,10466,243.7,0,OK,OK,OK
2026-08-14T06:24:30.846093Z,10462,243.7,0,OK,OK,OK
2026-08-14T06:24:36.373123Z,10462,243.7,0,OK,OK,OK
2026-08-14T06:24:41.967903Z,10450,243.7,0,OK,OK,OK
2026-08-14T06:24:47.466461Z,10448,243.7,0,OK,OK,OK
2026-08-14T06:24:52.958345Z,10460,243.6,0,OK,OK,OK
2026-08-14T06:24:58.482786Z,10452,243.6,0,OK,OK,OK
2026-08-14T06:25:03.999207Z,10456,243.7,0,OK,OK,OK
2026-08-14T06:25:09.551856Z,10446,243.6,0,OK,OK,OK
2026-08-14T06:25:15.070645Z,10456,243.7,0,OK,OK,OK
2026-08-14T06:25:20.614454Z,10455,243.7,0,OK,OK,OK
2026-08-14T06:25:26.149370Z,10450,243.6,0,OK,OK,OK
2026-08-14T06:25:31.679926Z,10438,243.6,0,OK,OK,OK
2026-08-14T06:25:37.211318Z,10452,243.7,0,OK,OK,OK
2026-08-14T06:25:42.754050Z,10449,243.7,0,OK,OK,OK
2026-08-14T06:25:48.260659Z,10448,243.6,0,OK,OK,OK
2026-08-14T06:25:53.767846Z,10450,243.6,0,OK,OK,OK
2026-08-14T06:25:59.266723Z,10449,243.5,0,OK,OK,OK
2026-08-14T06:26:04.787481Z,10453,243.6,0,OK,OK,OK
2026-08-14T06:26:10.306723Z,10460,243.5,0,OK,OK,OK
2026-08-14T06:26:15.827122Z,10446,243.5,0,OK,OK,OK
2026-08-14T06:26:21.359231Z,10455,243.6,0,OK,OK,OK
2026-08-14T06:26:26.885800Z,10447,243.6,0,OK,OK,OK
2026-08-14T06:26:32.424367Z,10431,243.6,0,OK,OK,OK
2026-08-14T06:26:37.895318Z,10448,243.6,0,OK,OK,OK
2026-08-14T06:26:43.451126Z,10444,243.6,0,OK,OK,OK
2026-08-14T06:26:48.960426Z,10444,243.5,0,OK,OK,OK
2026-08-14T06:26:54.491177Z,10452,243.6,0,OK,OK,OK
2026-08-14T06:26:59.978559Z,10445,243.6,0,OK,OK,OK
2026-08-14T06:27:05.517511Z,10454,243.6,0,OK,OK,OK
2026-08-14T06:27:11.009300Z,10451,243.6,0,OK,OK,OK
2026-08-14T06:27:16.529321Z,10454,243.6,0,OK,OK,OK
2026-08-14T06:27:22.050222Z,10441,243.6,0,OK,OK,OK
2026-08-14T06:27:27.576568Z,10443,243.7,0,OK,OK,OK
2026-08-14T06:27:33.126854Z,10443,243.6,0,OK,OK,OK
2026-08-14T06:27:38.644423Z,10442,243.6,0,OK,OK,OK
2026-08-14T06:27:44.153093Z,10446,243.5,0,OK,OK,OK
2026-08-14T06:27:49.658110Z,10442,243.5,0,OK,OK,OK
2026-08-14T06:27:55.154251Z,10448,243.6,0,OK,OK,OK
2026-08-14T06:28:00.658519Z,10442,243.5,0,OK,OK,OK
2026-08-14T06:28:06.151847Z,10453,243.5,0,OK,OK,OK
2026-08-14T06:28:11.669572Z,10455,243.5,0,OK,OK,OK
2026-08-14T06:28:17.202849Z,10443,243.5,0,OK,OK,OK
2026-08-14T06:28:22.712019Z,10436,243.4,0,OK,OK,OK
2026-08-14T06:28:28.233343Z,10430,243.4,0,OK,OK,OK
2026-08-14T06:28:33.720035Z,10448,243.5,0,OK,OK,OK
2026-08-14T06:28:39.265513Z,10454,243.5,0,OK,OK,OK
2026-08-14T06:28:44.791466Z,10428,243.4,0,OK,OK,OK
2026-08-14T06:28:50.267116Z,10445,243.4,0,OK,OK,OK
2026-08-14T06:28:55.808095Z,10442,243.4,0,OK,OK,OK
2026-08-14T06:29:01.298724Z,10445,243.4,0,OK,OK,OK
2026-08-14T06:29:06.782716Z,10461,243.5,0,OK,OK,OK
2026-08-14T06:29:12.410608Z,10449,243.5,0,OK,OK,OK
2026-08-14T06:29:17.934346Z,10446,243.5,0,OK,OK,OK
2026-08-14T06:29:23.422551Z,10446,243.5,0,OK,OK,OK
2026-08-14T06:29:28.944999Z,10444,243.7,0,OK,OK,OK
2026-08-14T06:29:34.445533Z,10447,243.7,0,OK,OK,OK
2026-08-14T06:29:39.932297Z,10412,243.7,0,OK,OK,OK
2026-08-14T06:29:45.444658Z,10416,243.7,0,OK,OK,OK
2026-08-14T06:29:50.950652Z,10409,243.7,0,OK,OK,OK
2026-08-14T06:29:56.460929Z,10411,243.7,0,OK,OK,OK
2026-08-14T06:30:01.988668Z,10412,243.7,0,OK,OK,OK
2026-08-14T06:30:07.478144Z,10418,243.6,0,OK,OK,OK
2026-08-14T06:30:12.960935Z,10421,243.7,0,OK,OK,OK
2026-08-14T06:30:18.449472Z,10409,243.7,0,OK,OK,OK
2026-08-14T06:30:23.936258Z,10413,243.7,0,OK,OK,OK
2026-08-14T06:30:29.414250Z,10410,243.7,0,OK,OK,OK
2026-08-14T06:30:34.883478Z,10432,243.7,0,OK,OK,OK
2026-08-14T06:30:40.405916Z,10532,243.6,0,OK,OK,OK
2026-08-14T06:30:45.883259Z,10547,243.5,0,OK,OK,OK
2026-08-14T06:30:51.437157Z,10554,243.6,0,OK,OK,OK
2026-08-14T06:30:56.899766Z,10570,243.7,0,OK,OK,OK
2026-08-14T06:31:02.383771Z,10567,243.7,0,OK,OK,OK
2026-08-14T06:31:07.906995Z,10556,243.5,0,OK,OK,OK
2026-08-14T06:31:13.457214Z,10563,243.6,0,OK,OK,OK
2026-08-14T06:31:18.981187Z,10540,243.4,0,OK,OK,OK
2026-08-14T06:31:24.504427Z,10558,243.6,0,OK,OK,OK
2026-08-14T06:31:29.997283Z,10563,243.6,0,OK,OK,OK
2026-08-14T06:31:35.484590Z,10562,243.6,0,OK,OK,OK
2026-08-14T06:31:40.964567Z,10563,243.6,0,OK,OK,OK
2026-08-14T06:31:46.449382Z,10551,243.5,0,OK,OK,OK
2026-08-14T06:31:51.966762Z,10560,243.5,0,OK,OK,OK
2026-08-14T06:31:57.489007Z,10548,243.5,0,OK,OK,OK
2026-08-14T06:32:02.982673Z,10548,243.5,0,OK,OK,OK
2026-08-14T06:32:08.433361Z,10553,243.4,0,OK,OK,OK
2026-08-14T06:32:13.947943Z,10560,243.6,0,OK,OK,OK
2026-08-14T06:32:19.479876Z,10552,243.6,0,OK,OK,OK
2026-08-14T06:32:24.950825Z,10532,243.5,0,OK,OK,OK
2026-08-14T06:32:30.465636Z,10575,243.5,0,OK,OK,OK
2026-08-14T06:32:35.972945Z,10550,243.5,0,OK,OK,OK
2026-08-14T06:32:41.488827Z,10556,243.5,0,OK,OK,OK
2026-08-14T06:32:46.973818Z,10545,243.5,0,OK,OK,OK
2026-08-14T06:32:52.545203Z,10545,243.5,0,OK,OK,OK
2026-08-14T06:32:58.085606Z,10548,243.5,0,OK,OK,OK
2026-08-14T06:33:03.572072Z,10545,243.4,0,OK,OK,OK
2026-08-14T06:33:09.047173Z,10549,243.4,0,OK,OK,OK
2026-08-14T06:33:14.564697Z,10546,243.4,0,OK,OK,OK
2026-08-14T06:33:20.064549Z,10548,243.4,0,OK,OK,OK
2026-08-14T06:33:25.567788Z,10550,243.5,0,OK,OK,OK
2026-08-14T06:33:31.106851Z,10544,243.5,0,OK,OK,OK
2026-08-14T06:33:36.594235Z,10518,243.5,0,OK,OK,OK
2026-08-14T06:33:42.058841Z,10503,243.5,0,OK,OK,OK
2026-08-14T06:33:47.608487Z,10505,243.5,0,OK,OK,OK
2026-08-14T06:33:53.098797Z,10514,243.6,0,OK,OK,OK
2026-08-14T06:33:58.556295Z,10509,243.5,0,OK,OK,OK
2026-08-14T06:34:04.097039Z,10503,243.6,0,OK,OK,OK
2026-08-14T06:34:09.623368Z,10510,243.4,0,OK,OK,OK
2026-08-14T06:34:15.131017Z,10515,243.4,0,OK,OK,OK
2026-08-14T06:34:20.673054Z,10507,243.5,0,OK,OK,OK
2026-08-14T06:34:26.210273Z,10516,243.4,0,OK,OK,OK
2026-08-14T06:34:31.699018Z,10514,243.5,0,OK,OK,OK
2026-08-14T06:34:37.198371Z,10508,243.4,0,OK,OK,OK
2026-08-14T06:34:42.673148Z,10505,243.5,0,OK,OK,OK
2026-08-14T06:34:48.229055Z,10510,243.5,0,OK,OK,OK
2026-08-14T06:34:53.661565Z,10506,243.4,0,OK,OK,OK
2026-08-14T06:34:59.150122Z,10510,243.5,0,OK,OK,OK
2026-08-14T06:35:04.636104Z,10515,243.6,0,OK,OK,OK
2026-08-14T06:35:10.120023Z,10535,243.4,0,OK,OK,OK
2026-08-14T06:35:15.609838Z,10542,243.6,0,OK,OK,OK
2026-08-14T06:35:21.066361Z,10554,243.5,0,OK,OK,OK
2026-08-14T06:35:26.604340Z,10554,243.4,0,OK,OK,OK
2026-08-14T06:35:32.078350Z,10538,243.5,0,OK,OK,OK
2026-08-14T06:35:37.571864Z,10531,243.5,0,OK,OK,OK
2026-08-14T06:35:43.071168Z,10542,243.5,0,OK,OK,OK
2026-08-14T06:35:48.581606Z,10540,243.4,0,OK,OK,OK
2026-08-14T06:35:54.061754Z,10545,243.5,0,OK,OK,OK
2026-08-14T06:35:59.574851Z,10550,243.4,0,OK,OK,OK
2026-08-14T06:36:05.099400Z,10539,243.5,0,OK,OK,OK
2026-08-14T06:36:10.620206Z,10552,243.4,0,OK,OK,OK
2026-08-14T06:36:16.176573Z,10540,243.4,0,OK,OK,OK
2026-08-14T06:36:21.724865Z,10543,243.5,0,OK,OK,OK
2026-08-14T06:36:27.204294Z,10562,243.6,0,OK,OK,OK
2026-08-14T06:36:32.672746Z,10546,243.4,0,OK,OK,OK
2026-08-14T06:36:38.209628Z,10538,243.4,0,OK,OK,OK
2026-08-14T06:36:47.001640Z,10538,243.5,0,OK,OK,OK
2026-08-14T06:36:59.520713Z,10545,243.4,0,OK,OK,OK
2026-08-14T06:37:07.965811Z,10554,243.5,0,OK,OK,OK
2026-08-14T06:37:13.438107Z,10549,243.4,0,OK,OK,OK
2026-08-14T06:37:18.941611Z,10546,243.6,0,OK,OK,OK
2026-08-14T06:37:24.441121Z,10566,243.6,0,OK,OK,OK
2026-08-14T06:37:29.966469Z,10555,243.4,0,OK,OK,OK
2026-08-14T06:37:35.453957Z,10558,243.4,0,OK,OK,OK
2026-08-14T06:37:40.956165Z,10556,243.4,0,OK,OK,OK
2026-08-14T06:37:46.434165Z,10561,243.4,0,OK,OK,OK
2026-08-14T06:37:51.900933Z,10570,243.4,0,OK,OK,OK
2026-08-14T06:37:57.438294Z,10555,243.4,0,OK,OK,OK
2026-08-14T06:38:02.908056Z,10557,243.4,0,OK,OK,OK
2026-08-14T06:38:08.428031Z,10558,243.5,0,OK,OK,OK
2026-08-14T06:38:13.933456Z,10562,243.5,0,OK,OK,OK
2026-08-14T06:38:19.443817Z,10567,243.5,0,OK,OK,OK
2026-08-14T06:38:24.931852Z,10570,243.4,0,OK,OK,OK
2026-08-14T06:38:30.397939Z,10568,243.5,0,OK,OK,OK
2026-08-14T06:38:35.842239Z,10544,243.5,0,OK,OK,OK
2026-08-14T06:38:41.311248Z,10592,243.5,0,OK,OK,OK
2026-08-14T06:38:46.815273Z,10522,243.5,0,OK,OK,OK
2026-08-14T06:38:52.301589Z,10521,243.4,0,OK,OK,OK
2026-08-14T06:38:57.801554Z,10520,243.5,0,OK,OK,OK
2026-08-14T06:39:03.400902Z,10528,243.5,0,OK,OK,OK
2026-08-14T06:39:08.858474Z,10526,243.4,0,OK,OK,OK
2026-08-14T06:39:14.486300Z,10524,243.1,0,OK,OK,OK
2026-08-14T06:39:20.005319Z,10539,243.1,0,OK,OK,OK
2026-08-14T06:39:25.456479Z,10530,243.1,0,OK,OK,OK
2026-08-14T06:39:30.965946Z,10516,243.1,0,OK,OK,OK
2026-08-14T06:39:36.462095Z,10550,243.1,0,OK,OK,OK
2026-08-14T06:39:41.970413Z,10527,243.1,0,OK,OK,OK
2026-08-14T06:39:47.441054Z,10520,243.2,0,OK,OK,OK
2026-08-14T06:39:52.959825Z,10522,243.1,0,OK,OK,OK
2026-08-14T06:39:58.477229Z,10521,243.1,0,OK,OK,OK
2026-08-14T06:40:03.984967Z,10462,243.2,0,OK,OK,OK
2026-08-14T06:40:09.480032Z,10483,243.2,0,OK,OK,OK
2026-08-14T06:40:14.963335Z,10480,243.1,0,OK,OK,OK
2026-08-14T06:40:20.495225Z,10487,243.3,0,OK,OK,OK
2026-08-14T06:40:25.996577Z,10488,243.3,0,OK,OK,OK
2026-08-14T06:40:31.469900Z,10480,243.3,0,OK,OK,OK
2026-08-14T06:40:36.969666Z,10478,243.3,0,OK,OK,OK
2026-08-14T06:40:42.476884Z,10475,243.3,0,OK,OK,OK
2026-08-14T06:40:47.985749Z,10476,243.3,0,OK,OK,OK
2026-08-14T06:40:53.479429Z,10473,243.3,0,OK,OK,OK
2026-08-14T06:40:59.014661Z,10474,243.3,0,OK,OK,OK
2026-08-14T06:41:04.546896Z,10472,243.3,0,OK,OK,OK
2026-08-14T06:41:10.119099Z,10488,243.3,0,OK,OK,OK
2026-08-14T06:41:15.642302Z,10487,243.2,0,OK,OK,OK
2026-08-14T06:41:21.139594Z,10479,243.3,0,OK,OK,OK
2026-08-14T06:41:26.662648Z,10475,243.3,0,OK,OK,OK
2026-08-14T06:41:32.134083Z,10476,243.3,0,OK,OK,OK
2026-08-14T06:41:37.627165Z,10483,243.2,0,OK,OK,OK
2026-08-14T06:41:43.126531Z,10465,243.3,0,OK,OK,OK
2026-08-14T06:41:48.624871Z,10471,243.3,0,OK,OK,OK
2026-08-14T06:41:54.144238Z,10483,243.3,0,OK,OK,OK
2026-08-14T06:41:59.653320Z,10478,243.3,0,OK,OK,OK
2026-08-14T06:42:05.200771Z,10481,243.3,0,OK,OK,OK
2026-08-14T06:42:10.681605Z,10476,243.3,0,OK,OK,OK
2026-08-14T06:42:16.213722Z,10479,243.4,0,OK,OK,OK
2026-08-14T06:42:21.777196Z,10478,243.4,0,OK,OK,OK
2026-08-14T06:42:27.292038Z,10481,243.4,0,OK,OK,OK
2026-08-14T06:42:32.753536Z,10478,243.2,0,OK,OK,OK
2026-08-14T06:42:38.218964Z,10479,243.2,0,OK,OK,OK
2026-08-14T06:42:43.762703Z,10476,243.3,0,OK,OK,OK
2026-08-14T06:42:49.232373Z,10466,243.3,0,OK,OK,OK
2026-08-14T06:42:54.753140Z,10484,243.3,0,OK,OK,OK
2026-08-14T06:43:00.260022Z,10484,243.4,0,OK,OK,OK
2026-08-14T06:43:05.784318Z,10491,243.4,0,OK,OK,OK
2026-08-14T06:43:11.286892Z,10485,243.3,0,OK,OK,OK
2026-08-14T06:43:16.807469Z,10483,243.4,0,OK,OK,OK
2026-08-14T06:43:22.299746Z,10476,243.3,0,OK,OK,OK
2026-08-14T06:43:27.823085Z,10543,243.3,0,OK,OK,OK
2026-08-14T06:43:33.312814Z,10480,243.4,0,OK,OK,OK
2026-08-14T06:43:38.834218Z,10476,243.3,0,OK,OK,OK
2026-08-14T06:43:44.343912Z,10487,243.4,0,OK,OK,OK
2026-08-14T06:43:49.839516Z,10492,243.4,0,OK,OK,OK
2026-08-14T06:43:55.356295Z,10486,243.5,0,OK,OK,OK
2026-08-14T06:44:00.895115Z,10488,243.4,0,OK,OK,OK
2026-08-14T06:44:06.420343Z,10458,243.6,0,OK,OK,OK
2026-08-14T06:44:11.931478Z,10446,243.4,0,OK,OK,OK
2026-08-14T06:44:17.479177Z,10451,243.6,0,OK,OK,OK
2026-08-14T06:44:22.958027Z,10440,243.2,0,OK,OK,OK
2026-08-14T06:44:28.462821Z,10429,243.5,0,OK,OK,OK
2026-08-14T06:44:33.969872Z,10450,243.4,0,OK,OK,OK
2026-08-14T06:44:39.502765Z,10449,243.4,0,OK,OK,OK
2026-08-14T06:44:45.032669Z,10433,243.4,0,OK,OK,OK
2026-08-14T06:44:50.569821Z,10446,243.3,0,OK,OK,OK
2026-08-14T06:44:56.119267Z,10446,243.4,0,OK,OK,OK
2026-08-14T06:45:01.632855Z,10436,243.5,0,OK,OK,OK
2026-08-14T06:45:07.143220Z,10438,243.5,0,OK,OK,OK
2026-08-14T06:45:12.645300Z,10443,243.4,0,OK,OK,OK
2026-08-14T06:45:18.144277Z,10446,243.5,0,OK,OK,OK
2026-08-14T06:45:23.640706Z,10443,243.5,0,OK,OK,OK
2026-08-14T06:45:29.161257Z,10428,243.6,0,OK,OK,OK
2026-08-14T06:45:34.653877Z,10441,243.6,0,OK,OK,OK
2026-08-14T06:45:40.139274Z,10466,243.5,0,OK,OK,OK
2026-08-14T06:45:45.672802Z,10482,243.6,0,OK,OK,OK
2026-08-14T06:45:51.188243Z,10480,243.6,0,OK,OK,OK
2026-08-14T06:45:56.697231Z,10469,243.5,0,OK,OK,OK
2026-08-14T06:46:02.193878Z,10482,243.5,0,OK,OK,OK
2026-08-14T06:46:07.730346Z,10483,243.5,0,OK,OK,OK
2026-08-14T06:46:13.285944Z,10488,243.6,0,OK,OK,OK
2026-08-14T06:46:18.809778Z,10476,243.7,0,OK,OK,OK
2026-08-14T06:46:24.323422Z,10480,243.6,0,OK,OK,OK
2026-08-14T06:46:29.847192Z,10482,243.6,0,OK,OK,OK
2026-08-14T06:46:35.327056Z,10527,243.7,0,OK,OK,OK
2026-08-14T06:46:40.835113Z,10500,243.7,0,OK,OK,OK
2026-08-14T06:46:46.325913Z,10503,243.6,0,OK,OK,OK
2026-08-14T06:46:51.839537Z,10504,243.6,0,OK,OK,OK
2026-08-14T06:46:57.317841Z,10468,242.2,0,OK,OK,OK
2026-08-14T06:47:02.817438Z,10486,242.7,0,OK,OK,OK
2026-08-14T06:47:08.378062Z,10483,242.6,0,OK,OK,OK
2026-08-14T06:47:13.843631Z,10489,242.7,0,OK,OK,OK
2026-08-14T06:47:19.324932Z,10501,242.8,0,OK,OK,OK
2026-08-14T06:47:24.881804Z,10489,242.7,0,OK,OK,OK
2026-08-14T06:47:30.395078Z,10492,242.5,0,OK,OK,OK
2026-08-14T06:47:35.918523Z,10488,242.6,0,OK,OK,OK
2026-08-14T06:47:41.417904Z,10486,242.8,0,OK,OK,OK
2026-08-14T06:47:46.938119Z,10495,242.8,0,OK,OK,OK
2026-08-14T06:47:52.454540Z,10496,242.8,0,OK,OK,OK
2026-08-14T06:47:57.960210Z,10490,242.8,0,OK,OK,OK
2026-08-14T06:48:03.496473Z,9238,243.5,0,OK,OK,OK
2026-08-14T06:48:09.011603Z,9239,243.5,0,OK,OK,OK
2026-08-14T06:48:14.530434Z,9232,243.5,0,OK,OK,OK
2026-08-14T06:48:19.997249Z,9226,243.5,0,OK,OK,OK
2026-08-14T06:48:25.494210Z,9236,243.5,0,OK,OK,OK
2026-08-14T06:48:31.030843Z,9248,243.5,0,OK,OK,OK
2026-08-14T06:48:36.507199Z,9221,243.5,0,OK,OK,OK
2026-08-14T06:48:42.016620Z,9218,243.5,0,OK,OK,OK
2026-08-14T06:48:47.501288Z,9227,243.5,0,OK,OK,OK
2026-08-14T06:48:52.982896Z,9219,243.4,0,OK,OK,OK
2026-08-14T06:48:58.478903Z,9218,243.4,0,OK,OK,OK
2026-08-14T06:49:03.965278Z,9222,243.4,0,OK,OK,OK
2026-08-14T06:49:09.495000Z,9220,243.2,0,OK,OK,OK
2026-08-14T06:49:15.010700Z,9215,243.2,0,OK,OK,OK
2026-08-14T06:49:20.531682Z,9213,243.3,0,OK,OK,OK
2026-08-14T06:49:26.074428Z,9213,243.2,0,OK,OK,OK
2026-08-14T06:49:31.585634Z,9209,243.3,0,OK,OK,OK
2026-08-14T06:49:37.097517Z,9183,243.3,0,OK,OK,OK
2026-08-14T06:49:42.608440Z,9169,243.3,0,OK,OK,OK
2026-08-14T06:49:48.128955Z,9172,243.3,0,OK,OK,OK
2026-08-14T06:49:53.635703Z,9181,243.2,0,OK,OK,OK
2026-08-14T06:49:59.161024Z,9172,243.2,0,OK,OK,OK
2026-08-14T06:50:04.653348Z,9166,243.3,0,OK,OK,OK
2026-08-14T06:50:10.162557Z,9159,243.1,0,OK,OK,OK
2026-08-14T06:50:15.637866Z,9172,243.3,0,OK,OK,OK
2026-08-14T06:50:21.153569Z,9172,243.2,0,OK,OK,OK
2026-08-14T06:50:26.673060Z,9169,243.2,0,OK,OK,OK
2026-08-14T06:50:32.183996Z,9172,243.2,0,OK,OK,OK
2026-08-14T06:50:37.719615Z,9171,243.2,0,OK,OK,OK
2026-08-14T06:50:43.330757Z,9171,243.3,0,OK,OK,OK
2026-08-14T06:50:48.855160Z,9171,243.3,0,OK,OK,OK
2026-08-14T06:50:54.327160Z,9201,243.3,0,OK,OK,OK
2026-08-14T06:50:59.826375Z,9180,243.3,0,OK,OK,OK
2026-08-14T06:51:05.343544Z,9202,243.3,0,OK,OK,OK
2026-08-14T06:51:10.943274Z,9192,243.3,0,OK,OK,OK
2026-08-14T06:51:16.478818Z,9179,243.3,0,OK,OK,OK
2026-08-14T06:51:22.001261Z,9187,243.3,0,OK,OK,OK
2026-08-14T06:51:27.557130Z,9206,243.3,0,OK,OK,OK
2026-08-14T06:51:33.021658Z,9184,243.2,0,OK,OK,OK
2026-08-14T06:51:38.535750Z,9205,243.2,0,OK,OK,OK
2026-08-14T06:51:44.053069Z,9210,243.3,0,OK,OK,OK
2026-08-14T06:51:49.588379Z,9214,243.2,0,OK,OK,OK
2026-08-14T06:51:55.098991Z,9227,243.9,0,OK,OK,OK
2026-08-14T06:52:00.636832Z,9216,243.9,0,OK,OK,OK
2026-08-14T06:52:06.168052Z,9214,243.9,0,OK,OK,OK
2026-08-14T06:52:11.635505Z,9211,243.9,0,OK,OK,OK
2026-08-14T06:52:17.172544Z,9225,243.9,0,OK,OK,OK
2026-08-14T06:52:22.676301Z,9207,243.9,0,OK,OK,OK
2026-08-14T06:52:28.221454Z,9198,243.9,0,OK,OK,OK
2026-08-14T06:52:33.717984Z,9218,243.9,0,OK,OK,OK
2026-08-14T06:52:39.236213Z,9206,243.9,0,OK,OK,OK
2026-08-14T06:52:44.735397Z,9204,243.9,0,OK,OK,OK
2026-08-14T06:52:50.247547Z,9199,244.0,0,OK,OK,OK
2026-08-14T06:52:55.747699Z,9215,243.9,0,OK,OK,OK
2026-08-14T06:53:01.275949Z,9214,244.0,0,OK,OK,OK
2026-08-14T06:53:06.771089Z,9207,244.1,0,OK,OK,OK
2026-08-14T06:53:12.288452Z,9208,243.9,0,OK,OK,OK
2026-08-14T06:53:17.788473Z,9213,243.9,0,OK,OK,OK
2026-08-14T06:53:23.303442Z,9215,244.1,0,OK,OK,OK
2026-08-14T06:53:28.839342Z,9241,244.4,0,OK,OK,OK
2026-08-14T06:53:34.317514Z,9212,244.4,0,OK,OK,OK
2026-08-14T06:53:39.821127Z,9209,244.4,0,OK,OK,OK
2026-08-14T06:53:45.353844Z,9235,244.4,0,OK,OK,OK
2026-08-14T06:53:50.869447Z,9202,244.4,0,OK,OK,OK
2026-08-14T06:53:56.356474Z,9216,244.4,0,OK,OK,OK
2026-08-14T06:54:01.898028Z,9215,244.4,0,OK,OK,OK
2026-08-14T06:54:07.426409Z,9257,244.4,0,OK,OK,OK
2026-08-14T06:54:12.913686Z,9203,244.4,0,OK,OK,OK
2026-08-14T06:54:18.468130Z,9218,244.4,0,OK,OK,OK
2026-08-14T06:54:23.987258Z,9192,244.4,0,OK,OK,OK
2026-08-14T06:54:29.507964Z,9290,244.3,0,OK,OK,OK
2026-08-14T06:54:34.990746Z,9245,244.3,0,OK,OK,OK
2026-08-14T06:54:40.502690Z,9214,244.4,0,OK,OK,OK
2026-08-14T06:54:45.997626Z,9193,244.3,0,OK,OK,OK
2026-08-14T06:54:51.500741Z,9176,244.3,0,OK,OK,OK
2026-08-14T06:54:56.983733Z,9162,244.3,0,OK,OK,OK
2026-08-14T06:55:02.489026Z,9161,244.3,0,OK,OK,OK
2026-08-14T06:55:08.014789Z,9162,244.4,0,OK,OK,OK
2026-08-14T06:55:13.492549Z,9147,244.3,0,OK,OK,OK
2026-08-14T06:55:19.009743Z,9186,244.4,0,OK,OK,OK
2026-08-14T06:55:24.514940Z,9165,244.4,0,OK,OK,OK
2026-08-14T06:55:30.019941Z,9139,244.4,0,OK,OK,OK
2026-08-14T06:55:35.497488Z,9141,244.4,0,OK,OK,OK
2026-08-14T06:55:41.019763Z,9140,244.4,0,OK,OK,OK
2026-08-14T06:55:46.518930Z,9169,244.4,0,OK,OK,OK
2026-08-14T06:55:52.007482Z,9178,244.4,0,OK,OK,OK
2026-08-14T06:55:57.561274Z,9149,244.5,0,OK,OK,OK
2026-08-14T06:56:03.018861Z,9187,244.5,0,OK,OK,OK
2026-08-14T06:56:08.474832Z,9178,244.4,0,OK,OK,OK
2026-08-14T06:56:13.998886Z,9185,244.5,0,OK,OK,OK
2026-08-14T06:56:19.553761Z,9179,244.6,0,OK,OK,OK
2026-08-14T06:56:25.075973Z,9186,244.5,0,OK,OK,OK
2026-08-14T06:56:30.547502Z,9174,244.4,0,OK,OK,OK
2026-08-14T06:56:36.066363Z,9124,244.5,0,OK,OK,OK
2026-08-14T06:56:41.570559Z,9178,244.5,0,OK,OK,OK
2026-08-14T06:56:47.107887Z,9184,244.5,0,OK,OK,OK
2026-08-14T06:56:52.597357Z,9179,244.5,0,OK,OK,OK
2026-08-14T06:56:58.081742Z,9182,244.6,0,OK,OK,OK
2026-08-14T06:57:03.603151Z,9196,244.6,0,OK,OK,OK
2026-08-14T06:57:09.162615Z,9167,244.4,0,OK,OK,OK
2026-08-14T06:57:14.653680Z,9171,244.4,0,OK,OK,OK
2026-08-14T06:57:20.153819Z,9179,244.6,0,OK,OK,OK
2026-08-14T06:57:25.672143Z,9176,244.6,0,OK,OK,OK
2026-08-14T06:57:31.182683Z,9172,244.6,0,OK,OK,OK
2026-08-14T06:57:36.707280Z,9153,244.6,0,OK,OK,OK
2026-08-14T06:57:42.248535Z,9158,244.6,0,OK,OK,OK
2026-08-14T06:57:47.770457Z,9172,244.6,0,OK,OK,OK
2026-08-14T06:57:53.294116Z,9280,244.6,0,OK,OK,OK
2026-08-14T06:57:58.834542Z,9360,244.5,0,OK,OK,OK
2026-08-14T06:58:04.348384Z,9294,244.6,0,OK,OK,OK
2026-08-14T06:58:09.842481Z,9303,244.6,0,OK,OK,OK
2026-08-14T06:58:15.395825Z,9294,244.6,0,OK,OK,OK
2026-08-14T06:58:20.902364Z,9299,244.6,0,OK,OK,OK
2026-08-14T06:58:26.425134Z,9292,244.5,0,OK,OK,OK
2026-08-14T06:58:31.943639Z,9281,244.6,0,OK,OK,OK
2026-08-14T06:58:37.458274Z,9295,244.6,0,OK,OK,OK
2026-08-14T06:58:42.968759Z,9295,244.5,0,OK,OK,OK
2026-08-14T06:58:48.529497Z,9295,244.6,0,OK,OK,OK
2026-08-14T06:58:54.002245Z,9293,244.6,0,OK,OK,OK
2026-08-14T06:58:59.488590Z,9294,244.5,0,OK,OK,OK
2026-08-14T06:59:04.997971Z,9295,244.6,0,OK,OK,OK
2026-08-14T06:59:10.497032Z,9299,244.6,0,OK,OK,OK
2026-08-14T06:59:16.043016Z,9301,244.6,0,OK,OK,OK
2026-08-14T06:59:21.536229Z,9184,244.7,0,OK,OK,OK
2026-08-14T06:59:27.051291Z,9185,244.7,0,OK,OK,OK
2026-08-14T06:59:32.537782Z,9187,244.7,0,OK,OK,OK
2026-08-14T06:59:38.065935Z,9184,244.7,0,OK,OK,OK
2026-08-14T06:59:43.586051Z,9185,244.7,0,OK,OK,OK
2026-08-14T06:59:49.119752Z,9203,244.6,0,OK,OK,OK
2026-08-14T06:59:54.610295Z,9181,244.7,0,OK,OK,OK
2026-08-14T07:00:00.132408Z,9191,244.7,0,OK,OK,OK
2026-08-14T07:00:05.622098Z,9180,244.7,0,OK,OK,OK
2026-08-14T07:00:11.126829Z,9187,244.6,0,OK,OK,OK
2026-08-14T07:00:16.671098Z,9180,244.6,0,OK,OK,OK
2026-08-14T07:00:22.178245Z,9183,244.7,0,OK,OK,OK
2026-08-14T07:00:27.688865Z,9182,244.6,0,OK,OK,OK
2026-08-14T07:00:33.215701Z,9177,244.5,0,OK,OK,OK
2026-08-14T07:00:38.740205Z,9181,244.7,0,OK,OK,OK
2026-08-14T07:00:44.233729Z,9178,244.7,0,OK,OK,OK
2026-08-14T07:00:49.735888Z,9188,244.7,0,OK,OK,OK
2026-08-14T07:00:55.291481Z,9190,244.7,0,OK,OK,OK
2026-08-14T07:01:00.786535Z,9181,244.7,0,OK,OK,OK
2026-08-14T07:01:06.299728Z,9177,244.7,0,OK,OK,OK
2026-08-14T07:01:11.806802Z,9187,244.6,0,OK,OK,OK
2026-08-14T07:01:17.331159Z,9178,244.6,0,OK,OK,OK
2026-08-14T07:01:22.857821Z,9178,244.6,0,OK,OK,OK
2026-08-14T07:01:28.356200Z,9193,244.7,0,OK,OK,OK
2026-08-14T07:01:33.858010Z,9178,244.7,0,OK,OK,OK
2026-08-14T07:01:39.368502Z,9171,244.6,0,OK,OK,OK
2026-08-14T07:01:44.883299Z,9190,244.6,0,OK,OK,OK
2026-08-14T07:01:50.393663Z,9194,244.7,0,OK,OK,OK
2026-08-14T07:01:55.959801Z,9192,244.7,0,OK,OK,OK
2026-08-14T07:02:01.433575Z,9188,244.7,0,OK,OK,OK
2026-08-14T07:02:06.933968Z,9184,244.7,0,OK,OK,OK
2026-08-14T07:02:12.461375Z,9212,244.7,0,OK,OK,OK
2026-08-14T07:02:17.960040Z,9230,244.7,0,OK,OK,OK
2026-08-14T07:02:23.498216Z,9231,244.6,0,OK,OK,OK
2026-08-14T07:02:29.001799Z,9247,244.7,0,OK,OK,OK
2026-08-14T07:02:34.539202Z,9264,244.6,0,OK,OK,OK
2026-08-14T07:02:40.068077Z,9292,244.6,0,OK,OK,OK
2026-08-14T07:02:45.607111Z,9306,244.6,0,OK,OK,OK
2026-08-14T07:02:51.131365Z,9308,244.5,0,OK,OK,OK
2026-08-14T07:02:56.654281Z,9320,244.7,0,OK,OK,OK
2026-08-14T07:03:02.208343Z,9337,244.6,0,OK,OK,OK
2026-08-14T07:03:07.711733Z,9338,244.7,0,OK,OK,OK
2026-08-14T07:03:13.221229Z,9336,244.5,0,OK,OK,OK
2026-08-14T07:03:18.737721Z,9346,244.7,0,OK,OK,OK
2026-08-14T07:03:24.263376Z,9336,244.6,0,OK,OK,OK
2026-08-14T07:03:29.779024Z,9317,244.6,0,OK,OK,OK
2026-08-14T07:03:35.324253Z,9274,244.5,0,OK,OK,OK
2026-08-14T07:03:40.942899Z,9285,244.5,0,OK,OK,OK
2026-08-14T07:03:46.517679Z,9287,244.6,0,OK,OK,OK
2026-08-14T07:03:51.972213Z,9292,244.7,0,OK,OK,OK
2026-08-14T07:03:57.482947Z,9364,244.6,0,OK,OK,OK
2026-08-14T07:04:02.952232Z,9293,244.7,0,OK,OK,OK
2026-08-14T07:04:08.450315Z,9275,244.7,0,OK,OK,OK
2026-08-14T07:04:13.979586Z,9268,244.7,0,OK,OK,OK
2026-08-14T07:04:19.519549Z,9253,244.7,0,OK,OK,OK
2026-08-14T07:04:24.994053Z,9267,244.7,0,OK,OK,OK
2026-08-14T07:04:30.520945Z,9256,244.7,0,OK,OK,OK
2026-08-14T07:04:36.021242Z,9266,244.7,0,OK,OK,OK
2026-08-14T07:04:41.541029Z,9254,244.7,0,OK,OK,OK
2026-08-14T07:04:47.060589Z,9265,244.7,0,OK,OK,OK
2026-08-14T07:04:52.548365Z,9219,244.6,0,OK,OK,OK
2026-08-14T07:04:58.047821Z,9168,244.6,0,OK,OK,OK
2026-08-14T07:05:03.547101Z,9178,244.7,0,OK,OK,OK
2026-08-14T07:05:09.045485Z,9171,244.6,0,OK,OK,OK
2026-08-14T07:05:14.565317Z,9180,244.6,0,OK,OK,OK
2026-08-14T07:05:20.084445Z,9192,244.6,0,OK,OK,OK
2026-08-14T07:05:25.596385Z,9191,244.6,0,OK,OK,OK
2026-08-14T07:05:31.100489Z,9191,244.7,0,OK,OK,OK
2026-08-14T07:05:36.609463Z,9197,244.8,0,OK,OK,OK
2026-08-14T07:05:42.093781Z,9198,244.7,0,OK,OK,OK
2026-08-14T07:05:47.620347Z,9200,244.7,0,OK,OK,OK
2026-08-14T07:05:53.120622Z,9201,244.8,0,OK,OK,OK
2026-08-14T07:05:58.630112Z,9198,244.8,0,OK,OK,OK
2026-08-14T07:06:04.119230Z,9251,244.8,0,OK,OK,OK
2026-08-14T07:06:09.657019Z,9203,244.8,0,OK,OK,OK
2026-08-14T07:06:15.130231Z,9198,244.8,0,OK,OK,OK
2026-08-14T07:06:20.689126Z,9202,244.8,0,OK,OK,OK
2026-08-14T07:06:26.174700Z,9219,244.8,0,OK,OK,OK
2026-08-14T07:06:31.683888Z,9184,244.8,0,OK,OK,OK
2026-08-14T07:06:37.187324Z,9178,244.8,0,OK,OK,OK
2026-08-14T07:06:42.726741Z,9171,244.8,0,OK,OK,OK
2026-08-14T07:06:48.231033Z,9156,244.8,0,OK,OK,OK
2026-08-14T07:06:53.717174Z,9181,244.8,0,OK,OK,OK
2026-08-14T07:06:59.210982Z,9154,244.8,0,OK,OK,OK
2026-08-14T07:07:04.695566Z,9148,244.7,0,OK,OK,OK
2026-08-14T07:07:10.176052Z,9209,244.7,0,OK,OK,OK
2026-08-14T07:07:15.643334Z,9160,244.8,0,OK,OK,OK
2026-08-14T07:07:21.161386Z,9136,244.7,0,OK,OK,OK
2026-08-14T07:07:26.672030Z,9157,244.7,0,OK,OK,OK
2026-08-14T07:07:32.172427Z,9157,244.7,0,OK,OK,OK
2026-08-14T07:07:37.667337Z,9136,244.8,0,OK,OK,OK
2026-08-14T07:07:43.191770Z,9134,244.8,0,OK,OK,OK
2026-08-14T07:07:48.712675Z,9145,244.9,0,OK,OK,OK
2026-08-14T07:07:54.245531Z,9151,244.9,0,OK,OK,OK
2026-08-14T07:07:59.747923Z,9175,245.0,0,OK,OK,OK
2026-08-14T07:08:05.237642Z,9130,244.9,0,OK,OK,OK
2026-08-14T07:08:10.772534Z,9216,244.8,0,OK,OK,OK
2026-08-14T07:08:16.306590Z,9196,244.8,0,OK,OK,OK
2026-08-14T07:08:21.800257Z,9199,244.9,0,OK,OK,OK
2026-08-14T07:08:27.378177Z,9194,244.7,0,OK,OK,OK
2026-08-14T07:08:32.904493Z,9185,244.7,0,OK,OK,OK
2026-08-14T07:08:38.378451Z,9167,244.8,0,OK,OK,OK
2026-08-14T07:08:43.888386Z,9173,244.8,0,OK,OK,OK
2026-08-14T07:08:49.372177Z,9172,244.8,0,OK,OK,OK
2026-08-14T07:08:54.833107Z,9176,244.8,0,OK,OK,OK
2026-08-14T07:09:00.301267Z,9177,244.8,0,OK,OK,OK
2026-08-14T07:09:05.838124Z,9170,244.8,0,OK,OK,OK
2026-08-14T07:09:11.325358Z,9166,244.8,0,OK,OK,OK
2026-08-14T07:09:16.795094Z,9177,244.8,0,OK,OK,OK
2026-08-14T07:09:22.313574Z,9179,245.0,0,OK,OK,OK
2026-08-14T07:09:27.774442Z,9171,244.8,0,OK,OK,OK
2026-08-14T07:09:33.292458Z,9175,244.8,0,OK,OK,OK
2026-08-14T07:09:38.818061Z,9180,244.9,0,OK,OK,OK
2026-08-14T07:09:44.341368Z,9176,244.8,0,OK,OK,OK
2026-08-14T07:09:49.863400Z,9167,244.7,0,OK,OK,OK
2026-08-14T07:09:55.402422Z,9174,244.7,0,OK,OK,OK
2026-08-14T07:10:00.907912Z,9170,244.7,0,OK,OK,OK
2026-08-14T07:10:06.392383Z,9186,244.7,0,OK,OK,OK
2026-08-14T07:10:11.884698Z,9171,244.7,0,OK,OK,OK
2026-08-14T07:10:17.405177Z,9170,244.7,0,OK,OK,OK
2026-08-14T07:10:22.900918Z,9169,244.7,0,OK,OK,OK
2026-08-14T07:10:28.437721Z,9182,244.7,0,OK,OK,OK
2026-08-14T07:10:34.007697Z,9170,244.7,0,OK,OK,OK
2026-08-14T07:10:39.544295Z,9131,244.6,0,OK,OK,OK
2026-08-14T07:10:45.035909Z,9131,244.6,0,OK,OK,OK
2026-08-14T07:10:50.590393Z,9129,244.7,0,OK,OK,OK
2026-08-14T07:10:56.080283Z,9146,244.7,0,OK,OK,OK
2026-08-14T07:11:01.591036Z,9148,244.7,0,OK,OK,OK
2026-08-14T07:11:07.107592Z,9144,244.7,0,OK,OK,OK
2026-08-14T07:11:12.634559Z,9149,244.6,0,OK,OK,OK
2026-08-14T07:11:18.136768Z,9138,244.6,0,OK,OK,OK
2026-08-14T07:11:23.646683Z,9146,244.6,0,OK,OK,OK
2026-08-14T07:11:29.164566Z,9143,244.6,0,OK,OK,OK
2026-08-14T07:11:34.692580Z,9142,244.6,0,OK,OK,OK
2026-08-14T07:11:40.191540Z,9157,244.6,0,OK,OK,OK
2026-08-14T07:11:45.658882Z,9190,244.6,0,OK,OK,OK
2026-08-14T07:11:51.188454Z,9186,244.4,0,OK,OK,OK
2026-08-14T07:11:56.686646Z,9212,244.5,0,OK,OK,OK
2026-08-14T07:12:02.184255Z,9265,244.5,0,OK,OK,OK
2026-08-14T07:12:07.693424Z,9250,244.5,0,OK,OK,OK
2026-08-14T07:12:13.213304Z,9234,244.5,0,OK,OK,OK
2026-08-14T07:12:18.716456Z,9224,244.5,0,OK,OK,OK
2026-08-14T07:12:24.256990Z,9170,244.5,0,OK,OK,OK
2026-08-14T07:12:29.756095Z,9147,244.5,0,OK,OK,OK
2026-08-14T07:12:35.285757Z,9101,244.5,0,OK,OK,OK
2026-08-14T07:12:40.784282Z,9090,244.5,0,OK,OK,OK
2026-08-14T07:12:46.303643Z,9086,244.5,0,OK,OK,OK
2026-08-14T07:12:51.828363Z,9087,244.5,0,OK,OK,OK
2026-08-14T07:12:57.332148Z,9088,244.6,0,OK,OK,OK
2026-08-14T07:13:02.824757Z,9087,244.5,0,OK,OK,OK
2026-08-14T07:13:08.338541Z,9084,244.6,0,OK,OK,OK
2026-08-14T07:13:13.852205Z,9084,244.5,0,OK,OK,OK
2026-08-14T07:13:19.397680Z,9079,244.5,0,OK,OK,OK
2026-08-14T07:13:24.895903Z,9082,244.5,0,OK,OK,OK
2026-08-14T07:13:30.378064Z,9080,244.5,0,OK,OK,OK
2026-08-14T07:13:35.862493Z,9079,244.5,0,OK,OK,OK
2026-08-14T07:13:41.371577Z,9084,244.5,0,OK,OK,OK
2026-08-14T07:13:46.930026Z,9083,244.5,0,OK,OK,OK
2026-08-14T07:13:52.435544Z,9085,244.6,0,OK,OK,OK
2026-08-14T07:13:57.958295Z,9085,244.5,0,OK,OK,OK
2026-08-14T07:14:03.450749Z,9084,244.5,0,OK,OK,OK
2026-08-14T07:14:08.970362Z,9085,244.5,0,OK,OK,OK
2026-08-14T07:14:14.447966Z,9086,244.5,0,OK,OK,OK
2026-08-14T07:14:19.938531Z,9090,244.6,0,OK,OK,OK
2026-08-14T07:14:25.449163Z,9092,244.5,0,OK,OK,OK
2026-08-14T07:14:30.947937Z,9085,244.5,0,OK,OK,OK
2026-08-14T07:14:36.490849Z,9090,244.6,0,OK,OK,OK
2026-08-14T07:14:41.996211Z,9088,244.6,0,OK,OK,OK
2026-08-14T07:14:47.510137Z,9084,244.6,0,OK,OK,OK
2026-08-14T07:14:52.998105Z,9084,244.7,0,OK,OK,OK
2026-08-14T07:14:58.543343Z,9085,244.7,0,OK,OK,OK
2026-08-14T07:15:04.050344Z,9087,244.7,0,OK,OK,OK
2026-08-14T07:15:09.576490Z,9080,244.6,0,OK,OK,OK
2026-08-14T07:15:15.035819Z,9082,244.6,0,OK,OK,OK
2026-08-14T07:15:20.559753Z,9079,244.6,0,OK,OK,OK
2026-08-14T07:15:26.064763Z,9083,244.5,0,OK,OK,OK
2026-08-14T07:15:31.579224Z,9102,244.5,0,OK,OK,OK
2026-08-14T07:15:37.075101Z,9075,244.6,0,OK,OK,OK
2026-08-14T07:15:42.608591Z,9078,244.6,0,OK,OK,OK
2026-08-14T07:15:48.144900Z,9084,244.5,0,OK,OK,OK
2026-08-14T07:15:53.635580Z,9065,244.6,0,OK,OK,OK
2026-08-14T07:15:59.133027Z,9082,244.7,0,OK,OK,OK
2026-08-14T07:16:04.659017Z,9083,244.7,0,OK,OK,OK
2026-08-14T07:16:10.146372Z,9091,244.6,0,OK,OK,OK
2026-08-14T07:16:15.644515Z,9090,244.7,0,OK,OK,OK
2026-08-14T07:16:21.139023Z,9088,244.7,0,OK,OK,OK
2026-08-14T07:16:26.679742Z,9090,244.8,0,OK,OK,OK
2026-08-14T07:16:32.178088Z,9078,244.8,0,OK,OK,OK
2026-08-14T07:16:37.686407Z,9090,244.8,0,OK,OK,OK
2026-08-14T07:16:43.191177Z,9086,244.7,0,OK,OK,OK
2026-08-14T07:16:48.735973Z,9122,244.7,0,OK,OK,OK
2026-08-14T07:16:54.247531Z,9114,244.7,0,OK,OK,OK
2026-08-14T07:16:59.798145Z,9111,244.7,0,OK,OK,OK
2026-08-14T07:17:05.303849Z,9115,244.8,0,OK,OK,OK
2026-08-14T07:17:10.783328Z,9115,244.8,0,OK,OK,OK
2026-08-14T07:17:16.263050Z,9103,244.8,0,OK,OK,OK
2026-08-14T07:17:21.769771Z,9136,244.8,0,OK,OK,OK
2026-08-14T07:17:27.269680Z,9118,244.9,0,OK,OK,OK
2026-08-14T07:17:32.744304Z,9122,244.9,0,OK,OK,OK
2026-08-14T07:17:38.209670Z,9117,244.8,0,OK,OK,OK
2026-08-14T07:17:43.741274Z,9114,244.8,0,OK,OK,OK
2026-08-14T07:17:49.226797Z,9120,244.9,0,OK,OK,OK
2026-08-14T07:17:54.748972Z,9147,244.7,0,OK,OK,OK
2026-08-14T07:18:00.339943Z,9119,244.8,0,OK,OK,OK
2026-08-14T07:18:05.860154Z,9123,244.9,0,OK,OK,OK
2026-08-14T07:18:11.332084Z,9122,244.8,0,OK,OK,OK
2026-08-14T07:18:16.856227Z,9121,244.9,0,OK,OK,OK
2026-08-14T07:18:22.338941Z,9125,244.9,0,OK,OK,OK
2026-08-14T07:18:27.891180Z,9129,244.8,0,OK,OK,OK
2026-08-14T07:18:33.370767Z,9121,244.9,0,OK,OK,OK
2026-08-14T07:18:38.887042Z,9119,244.8,0,OK,OK,OK
2026-08-14T07:18:44.380103Z,9116,244.9,0,OK,OK,OK
2026-08-14T07:18:49.882759Z,9099,244.9,0,OK,OK,OK
2026-08-14T07:18:55.392189Z,9101,244.9,0,OK,OK,OK
2026-08-14T07:19:00.901262Z,9198,244.8,0,OK,OK,OK
2026-08-14T07:19:06.402408Z,9206,244.8,0,OK,OK,OK
2026-08-14T07:19:11.914853Z,9206,244.7,0,OK,OK,OK
2026-08-14T07:19:17.387098Z,9219,244.8,0,OK,OK,OK
2026-08-14T07:19:22.914621Z,9212,244.8,0,OK,OK,OK
2026-08-14T07:19:28.444091Z,9218,244.8,0,OK,OK,OK
2026-08-14T07:19:33.983419Z,9216,244.8,0,OK,OK,OK
2026-08-14T07:19:39.473479Z,9203,244.8,0,OK,OK,OK
2026-08-14T07:19:44.978999Z,9204,244.8,0,OK,OK,OK
2026-08-14T07:19:50.483862Z,9208,244.8,0,OK,OK,OK
2026-08-14T07:19:56.010002Z,9205,244.9,0,OK,OK,OK
2026-08-14T07:20:01.490906Z,9207,244.8,0,OK,OK,OK
2026-08-14T07:20:07.081299Z,9202,244.9,0,OK,OK,OK
2026-08-14T07:20:12.571320Z,9202,244.8,0,OK,OK,OK
2026-08-14T07:20:18.083319Z,9199,244.8,0,OK,OK,OK
2026-08-14T07:20:23.583903Z,9206,244.9,0,OK,OK,OK
2026-08-14T07:20:29.067411Z,9201,244.9,0,OK,OK,OK
2026-08-14T07:20:34.606937Z,9202,244.9,0,OK,OK,OK
2026-08-14T07:20:40.077943Z,9198,244.9,0,OK,OK,OK
2026-08-14T07:20:45.599556Z,9208,244.9,0,OK,OK,OK
2026-08-14T07:20:51.132314Z,9205,244.9,0,OK,OK,OK
2026-08-14T07:20:56.644920Z,9207,244.9,0,OK,OK,OK
2026-08-14T07:21:02.148531Z,9192,244.7,0,OK,OK,OK
2026-08-14T07:21:07.672878Z,9206,244.7,0,OK,OK,OK
2026-08-14T07:21:13.165126Z,9213,244.7,0,OK,OK,OK
2026-08-14T07:21:18.708904Z,9212,244.8,0,OK,OK,OK
2026-08-14T07:21:24.210429Z,9210,244.9,0,OK,OK,OK
2026-08-14T07:21:29.686505Z,9234,244.9,0,OK,OK,OK
2026-08-14T07:21:35.170756Z,1373,248.3,0,OK,OK,OK
2026-08-14T07:21:40.658277Z,1372,248.4,0,OK,OK,OK
2026-08-14T07:21:46.178108Z,1378,248.4,0,OK,OK,OK
2026-08-14T07:21:51.649485Z,1377,248.5,0,OK,OK,OK
2026-08-14T07:21:57.176959Z,1371,248.4,0,OK,OK,OK
2026-08-14T07:22:02.647947Z,1351,248.3,0,OK,OK,OK
2026-08-14T07:22:08.164974Z,1363,248.4,0,OK,OK,OK
2026-08-14T07:22:13.664066Z,1370,248.4,0,OK,OK,OK
2026-08-14T07:22:19.176265Z,1368,248.4,0,OK,OK,OK
2026-08-14T07:22:24.671736Z,1364,248.2,0,OK,OK,OK
2026-08-14T07:22:30.190575Z,1361,248.4,0,OK,OK,OK
2026-08-14T07:22:35.708284Z,1364,248.4,0,OK,OK,OK
2026-08-14T07:22:41.221829Z,1370,248.3,0,OK,OK,OK
2026-08-14T07:22:46.697262Z,1354,248.3,0,OK,OK,OK
2026-08-14T07:22:52.218308Z,1359,248.3,0,OK,OK,OK
2026-08-14T07:22:57.712618Z,1352,248.2,0,OK,OK,OK
2026-08-14T07:23:03.182430Z,1377,248.2,0,OK,OK,OK
2026-08-14T07:23:08.711323Z,1392,248.2,0,OK,OK,OK
2026-08-14T07:23:14.226403Z,1412,248.2,0,OK,OK,OK
2026-08-14T07:23:19.867309Z,1408,248.2,0,OK,OK,OK
2026-08-14T07:23:25.399579Z,1442,248.2,0,OK,OK,OK
2026-08-14T07:23:30.913166Z,1452,248.3,0,OK,OK,OK
2026-08-14T07:23:36.405003Z,1471,248.2,0,OK,OK,OK
2026-08-14T07:23:41.867268Z,1499,248.2,0,OK,OK,OK
2026-08-14T07:23:47.345836Z,1511,248.2,0,OK,OK,OK
2026-08-14T07:23:52.852780Z,1512,248.3,0,OK,OK,OK
2026-08-14T07:23:58.315842Z,1516,248.2,0,OK,OK,OK
2026-08-14T07:24:03.826278Z,1518,248.2,0,OK,OK,OK
2026-08-14T07:24:09.293440Z,1521,248.2,0,OK,OK,OK
2026-08-14T07:24:14.819435Z,1536,248.2,0,OK,OK,OK
2026-08-14T07:24:20.274376Z,1525,248.2,0,OK,OK,OK
2026-08-14T07:24:25.781648Z,1530,248.3,0,OK,OK,OK
2026-08-14T07:24:31.271019Z,1527,248.2,0,OK,OK,OK
2026-08-14T07:24:36.809540Z,1524,248.3,0,OK,OK,OK
2026-08-14T07:24:42.298212Z,1563,248.3,0,OK,OK,OK
2026-08-14T07:24:47.781030Z,1509,248.4,0,OK,OK,OK
2026-08-14T07:24:53.278616Z,1482,248.3,0,OK,OK,OK
2026-08-14T07:24:58.831928Z,1474,248.3,0,OK,OK,OK
2026-08-14T07:25:04.323214Z,1471,248.3,0,OK,OK,OK
2026-08-14T07:25:09.824331Z,1474,248.3,0,OK,OK,OK
2026-08-14T07:25:15.351149Z,1475,248.3,0,OK,OK,OK
2026-08-14T07:25:20.903731Z,1476,248.3,0,OK,OK,OK
2026-08-14T07:25:26.412382Z,1475,248.3,0,OK,OK,OK
2026-08-14T07:25:31.938814Z,1492,248.3,0,OK,OK,OK
2026-08-14T07:25:37.439687Z,1500,248.3,0,OK,OK,OK
2026-08-14T07:25:42.974409Z,1468,248.2,0,OK,OK,OK
2026-08-14T07:25:48.500681Z,1468,248.3,0,OK,OK,OK
2026-08-14T07:25:54.022525Z,1425,248.3,0,OK,OK,OK
2026-08-14T07:25:59.496071Z,1434,248.3,0,OK,OK,OK
2026-08-14T07:26:05.008038Z,1432,248.3,0,OK,OK,OK
2026-08-14T07:26:10.509696Z,1433,248.3,0,OK,OK,OK
2026-08-14T07:26:16.041344Z,1428,248.3,0,OK,OK,OK
2026-08-14T07:26:21.585137Z,1427,248.3,0,OK,OK,OK
2026-08-14T07:26:27.095908Z,1422,248.4,0,OK,OK,OK
2026-08-14T07:26:32.612454Z,1425,248.4,0,OK,OK,OK
2026-08-14T07:26:38.130941Z,1423,248.3,0,OK,OK,OK
2026-08-14T07:26:43.673479Z,1430,248.3,0,OK,OK,OK
2026-08-14T07:26:49.195994Z,1426,248.3,0,OK,OK,OK
2026-08-14T07:26:54.685094Z,1424,248.3,0,OK,OK,OK
2026-08-14T07:27:00.202741Z,1424,248.3,0,OK,OK,OK
2026-08-14T07:27:05.667334Z,1424,248.3,0,OK,OK,OK
2026-08-14T07:27:11.150107Z,1428,248.3,0,OK,OK,OK
2026-08-14T07:27:16.684460Z,1425,248.3,0,OK,OK,OK
2026-08-14T07:27:22.205362Z,1426,248.3,0,OK,OK,OK
2026-08-14T07:27:27.736572Z,1437,248.3,0,OK,OK,OK
2026-08-14T07:27:33.221658Z,1426,248.3,0,OK,OK,OK
2026-08-14T07:27:38.740264Z,1430,247.4,0,OK,OK,OK
2026-08-14T07:27:44.219904Z,1432,247.4,0,OK,OK,OK
2026-08-14T07:27:49.717013Z,1426,247.4,0,OK,OK,OK
2026-08-14T07:27:55.237483Z,1426,247.4,0,OK,OK,OK
2026-08-14T07:28:00.782191Z,1425,247.4,0,OK,OK,OK
2026-08-14T07:28:06.299479Z,1427,247.3,0,OK,OK,OK
2026-08-14T07:28:11.814291Z,1426,247.4,0,OK,OK,OK
2026-08-14T07:28:17.335653Z,1439,247.4,0,OK,OK,OK
2026-08-14T07:28:22.837824Z,1427,247.4,0,OK,OK,OK
2026-08-14T07:28:28.351947Z,1427,247.4,0,OK,OK,OK
2026-08-14T07:28:33.829291Z,1425,247.4,0,OK,OK,OK
2026-08-14T07:28:39.350294Z,1429,247.4,0,OK,OK,OK
2026-08-14T07:28:44.868198Z,1427,247.4,0,OK,OK,OK
2026-08-14T07:28:50.374674Z,1438,247.4,0,OK,OK,OK
2026-08-14T07:28:55.851229Z,1439,247.4,0,OK,OK,OK
2026-08-14T07:29:01.354936Z,1417,247.4,0,OK,OK,OK
2026-08-14T07:29:06.831214Z,1424,247.4,0,OK,OK,OK
2026-08-14T07:29:12.349853Z,1432,247.4,0,OK,OK,OK
2026-08-14T07:29:17.847421Z,1431,247.5,0,OK,OK,OK
2026-08-14T07:29:23.344274Z,1411,247.4,0,OK,OK,OK
2026-08-14T07:29:28.866681Z,1404,247.4,0,OK,OK,OK
2026-08-14T07:29:34.307591Z,1404,247.4,0,OK,OK,OK
2026-08-14T07:29:39.828807Z,1401,247.3,0,OK,OK,OK
2026-08-14T07:29:45.291147Z,1383,247.3,0,OK,OK,OK
2026-08-14T07:29:50.795881Z,1368,247.3,0,OK,OK,OK
2026-08-14T07:29:56.251922Z,1346,247.5,0,OK,OK,OK
2026-08-14T07:30:01.751335Z,1342,247.4,0,OK,OK,OK
2026-08-14T07:30:07.250152Z,1351,247.5,0,OK,OK,OK
2026-08-14T07:30:12.804248Z,1346,247.5,0,OK,OK,OK
2026-08-14T07:30:18.278244Z,1347,247.5,0,OK,OK,OK
2026-08-14T07:30:23.799914Z,1344,247.4,0,OK,OK,OK
2026-08-14T07:30:29.322646Z,1337,247.4,0,OK,OK,OK
2026-08-14T07:30:34.857103Z,1340,247.4,0,OK,OK,OK
2026-08-14T07:30:40.350965Z,1340,247.5,0,OK,OK,OK
2026-08-14T07:30:45.886792Z,1339,247.4,0,OK,OK,OK
2026-08-14T07:30:51.395263Z,1338,247.5,0,OK,OK,OK
2026-08-14T07:30:56.922479Z,1333,247.5,0,OK,OK,OK
2026-08-14T07:31:02.439463Z,1338,247.5,0,OK,OK,OK
2026-08-14T07:31:07.937696Z,1334,247.5,0,OK,OK,OK
2026-08-14T07:31:13.451669Z,1338,247.4,0,OK,OK,OK
2026-08-14T07:31:18.938269Z,1338,247.4,0,OK,OK,OK
2026-08-14T07:31:24.474649Z,1330,247.5,0,OK,OK,OK
2026-08-14T07:31:29.982796Z,1332,247.5,0,OK,OK,OK
2026-08-14T07:31:35.506099Z,1328,247.4,0,OK,OK,OK
2026-08-14T07:31:40.979387Z,1332,247.5,0,OK,OK,OK
2026-08-14T07:31:46.471755Z,1333,247.6,0,OK,OK,OK
2026-08-14T07:31:51.993562Z,1340,247.5,0,OK,OK,OK
2026-08-14T07:31:57.473409Z,1337,247.5,0,OK,OK,OK
2026-08-14T07:32:02.987733Z,1331,247.4,0,OK,OK,OK
2026-08-14T07:32:08.521560Z,1334,247.6,0,OK,OK,OK
2026-08-14T07:32:14.054321Z,1338,247.6,0,OK,OK,OK
2026-08-14T07:32:19.561539Z,1336,247.6,0,OK,OK,OK
2026-08-14T07:32:25.099702Z,1338,247.6,0,OK,OK,OK
2026-08-14T07:32:30.641324Z,1338,247.4,0,OK,OK,OK
2026-08-14T07:32:36.131701Z,1338,247.9,0,OK,OK,OK
2026-08-14T07:32:41.654733Z,1336,247.9,0,OK,OK,OK
2026-08-14T07:32:47.156575Z,1335,248.0,0,OK,OK,OK
2026-08-14T07:32:52.667303Z,1340,247.9,0,OK,OK,OK
2026-08-14T07:32:58.157434Z,1339,248.0,0,OK,OK,OK
2026-08-14T07:33:03.649326Z,1339,248.0,0,OK,OK,OK
2026-08-14T07:33:09.141970Z,1342,247.9,0,OK,OK,OK
2026-08-14T07:33:14.621946Z,1335,248.0,0,OK,OK,OK
2026-08-14T07:33:20.098534Z,1344,248.0,0,OK,OK,OK
2026-08-14T07:33:25.605045Z,1338,248.0,0,OK,OK,OK
2026-08-14T07:33:31.066905Z,1341,247.9,0,OK,OK,OK
2026-08-14T07:33:36.607787Z,1330,247.9,0,OK,OK,OK
2026-08-14T07:33:42.065048Z,1344,247.9,0,OK,OK,OK
2026-08-14T07:33:47.581533Z,1345,247.9,0,OK,OK,OK
2026-08-14T07:33:53.087944Z,1336,247.8,0,OK,OK,OK
2026-08-14T07:33:58.560402Z,1338,247.9,0,OK,OK,OK
2026-08-14T07:34:04.030469Z,1339,248.3,0,OK,OK,OK
2026-08-14T07:34:09.555902Z,1342,248.2,0,OK,OK,OK
2026-08-14T07:34:15.132472Z,1344,248.2,0,OK,OK,OK
2026-08-14T07:34:20.673003Z,1342,248.3,0,OK,OK,OK
2026-08-14T07:34:26.124845Z,1381,248.2,0,OK,OK,OK
2026-08-14T07:34:31.644737Z,1336,248.3,0,OK,OK,OK
2026-08-14T07:34:37.162676Z,1342,248.3,0,OK,OK,OK
2026-08-14T07:34:42.657417Z,1340,248.3,0,OK,OK,OK
2026-08-14T07:34:48.188069Z,1346,248.3,0,OK,OK,OK
2026-08-14T07:34:53.702372Z,1337,248.2,0,OK,OK,OK
2026-08-14T07:34:59.195318Z,1405,248.1,0,OK,OK,OK
2026-08-14T07:35:04.669200Z,1370,248.3,0,OK,OK,OK
2026-08-14T07:35:10.188053Z,1350,248.2,0,OK,OK,OK
2026-08-14T07:35:15.713063Z,1354,248.2,0,OK,OK,OK
2026-08-14T07:35:21.208561Z,1362,248.2,0,OK,OK,OK
2026-08-14T07:35:26.722253Z,1341,248.1,0,OK,OK,OK
2026-08-14T07:35:32.185161Z,1339,248.1,0,OK,OK,OK
2026-08-14T07:35:37.699804Z,1333,248.1,0,OK,OK,OK
2026-08-14T07:35:43.193531Z,1350,248.2,0,OK,OK,OK
2026-08-14T07:35:48.681514Z,1348,248.3,0,OK,OK,OK
2026-08-14T07:35:54.186047Z,1342,248.2,0,OK,OK,OK
2026-08-14T07:35:59.701556Z,1342,248.2,0,OK,OK,OK
2026-08-14T07:36:05.181974Z,1327,248.2,0,OK,OK,OK
2026-08-14T07:36:10.718298Z,1352,248.1,0,OK,OK,OK
2026-08-14T07:36:16.257641Z,1349,247.9,0,OK,OK,OK
2026-08-14T07:36:21.760668Z,1335,248.1,0,OK,OK,OK
2026-08-14T07:36:27.281576Z,1362,248.1,0,OK,OK,OK
2026-08-14T07:36:32.851649Z,1334,248.1,0,OK,OK,OK
2026-08-14T07:36:38.342259Z,1335,248.1,0,OK,OK,OK
2026-08-14T07:36:43.828987Z,1348,248.1,0,OK,OK,OK
2026-08-14T07:36:49.336606Z,1330,248.1,0,OK,OK,OK
2026-08-14T07:36:54.835099Z,1334,248.3,0,OK,OK,OK
2026-08-14T07:37:00.364809Z,1331,248.3,0,OK,OK,OK
2026-08-14T07:37:05.865015Z,1332,248.2,0,OK,OK,OK
2026-08-14T07:37:11.419967Z,1386,248.2,0,OK,OK,OK
2026-08-14T07:37:16.911004Z,1336,248.3,0,OK,OK,OK
2026-08-14T07:37:22.418323Z,1334,248.1,0,OK,OK,OK
2026-08-14T07:37:27.889272Z,1332,248.1,0,OK,OK,OK
2026-08-14T07:37:33.424933Z,1331,248.3,0,OK,OK,OK
2026-08-14T07:37:38.946084Z,1330,248.2,0,OK,OK,OK
2026-08-14T07:37:44.454866Z,1329,248.2,0,OK,OK,OK
2026-08-14T07:37:49.896288Z,1315,248.2,0,OK,OK,OK
2026-08-14T07:37:55.407120Z,1332,248.2,0,OK,OK,OK
2026-08-14T07:38:00.886906Z,1328,248.2,0,OK,OK,OK
2026-08-14T07:38:06.411185Z,1326,248.1,0,OK,OK,OK
2026-08-14T07:38:11.907833Z,1334,248.1,0,OK,OK,OK
2026-08-14T07:38:17.422653Z,1331,248.1,0,OK,OK,OK
2026-08-14T07:38:22.881668Z,1328,248.1,0,OK,OK,OK
2026-08-14T07:38:28.391791Z,1326,248.1,0,OK,OK,OK
2026-08-14T07:38:33.918461Z,1327,248.1,0,OK,OK,OK
2026-08-14T07:38:39.395313Z,1331,248.1,0,OK,OK,OK
2026-08-14T07:38:44.888751Z,1331,248.1,0,OK,OK,OK
2026-08-14T07:38:50.396422Z,1327,248.1,0,OK,OK,OK
2026-08-14T07:38:55.920069Z,1328,248.0,0,OK,OK,OK
2026-08-14T07:39:01.440864Z,1329,248.1,0,OK,OK,OK
2026-08-14T07:39:06.950585Z,1331,248.1,0,OK,OK,OK
2026-08-14T07:39:12.464733Z,1331,248.0,0,OK,OK,OK
2026-08-14T07:39:17.957219Z,1343,248.1,0,OK,OK,OK
2026-08-14T07:39:23.489865Z,1315,248.1,0,OK,OK,OK
2026-08-14T07:39:29.025029Z,1327,248.1,0,OK,OK,OK
2026-08-14T07:39:34.520318Z,1329,248.1,0,OK,OK,OK
2026-08-14T07:39:40.031571Z,1332,248.1,0,OK,OK,OK
2026-08-14T07:39:45.532389Z,1336,248.1,0,OK,OK,OK
2026-08-14T07:39:51.038415Z,1332,248.1,0,OK,OK,OK
2026-08-14T07:39:56.560210Z,1327,248.1,0,OK,OK,OK
2026-08-14T07:40:02.067051Z,1327,248.1,0,OK,OK,OK
2026-08-14T07:40:07.546071Z,1328,248.1,0,OK,OK,OK
2026-08-14T07:40:13.042764Z,1322,248.0,0,OK,OK,OK
2026-08-14T07:40:18.558055Z,1330,248.1,0,OK,OK,OK
2026-08-14T07:40:24.091041Z,1324,248.1,0,OK,OK,OK
2026-08-14T07:40:29.598229Z,1327,248.1,0,OK,OK,OK
2026-08-14T07:40:35.102429Z,1323,248.1,0,OK,OK,OK
2026-08-14T07:40:40.602567Z,1330,248.1,0,OK,OK,OK
2026-08-14T07:40:46.104653Z,1317,248.1,0,OK,OK,OK
2026-08-14T07:40:51.549542Z,1321,248.1,0,OK,OK,OK
2026-08-14T07:40:57.045645Z,1320,248.1,0,OK,OK,OK
2026-08-14T07:41:02.526090Z,1321,248.1,0,OK,OK,OK
2026-08-14T07:41:08.053127Z,1323,248.1,0,OK,OK,OK
2026-08-14T07:41:13.506357Z,1329,248.1,0,OK,OK,OK
2026-08-14T07:41:19.028797Z,1321,248.2,0,OK,OK,OK
2026-08-14T07:41:24.504173Z,1324,248.2,0,OK,OK,OK
2026-08-14T07:41:30.021649Z,1323,248.1,0,OK,OK,OK
2026-08-14T07:41:35.484046Z,1324,248.1,0,OK,OK,OK
2026-08-14T07:41:41.010978Z,1324,248.1,0,OK,OK,OK
2026-08-14T07:41:46.525586Z,1322,248.1,0,OK,OK,OK
2026-08-14T07:41:52.039802Z,1332,248.1,0,OK,OK,OK
2026-08-14T07:41:57.541397Z,1326,248.1,0,OK,OK,OK
2026-08-14T07:42:03.041648Z,1326,248.1,0,OK,OK,OK
2026-08-14T07:42:08.522341Z,1326,248.1,0,OK,OK,OK
2026-08-14T07:42:14.042746Z,1330,248.2,0,OK,OK,OK
2026-08-14T07:42:19.566334Z,1332,248.2,0,OK,OK,OK
2026-08-14T07:42:25.077429Z,1336,248.1,0,OK,OK,OK
2026-08-14T07:42:30.580709Z,1335,248.1,0,OK,OK,OK
2026-08-14T07:42:36.066641Z,1336,248.1,0,OK,OK,OK
2026-08-14T07:42:41.570840Z,1335,248.2,0,OK,OK,OK
2026-08-14T07:42:47.100787Z,1332,248.1,0,OK,OK,OK
2026-08-14T07:42:52.631400Z,1330,248.1,0,OK,OK,OK
2026-08-14T07:42:58.137491Z,1334,248.1,0,OK,OK,OK
2026-08-14T07:43:03.626816Z,1331,248.1,0,OK,OK,OK
2026-08-14T07:43:09.115837Z,1334,248.1,0,OK,OK,OK
2026-08-14T07:43:14.627604Z,1336,248.1,0,OK,OK,OK
2026-08-14T07:43:20.152221Z,1330,248.1,0,OK,OK,OK
2026-08-14T07:43:25.683185Z,1408,248.0,0,OK,OK,OK
2026-08-14T07:43:31.144687Z,1333,248.1,0,OK,OK,OK
2026-08-14T07:43:36.666741Z,1360,248.1,0,OK,OK,OK
2026-08-14T07:43:42.150439Z,1336,248.1,0,OK,OK,OK
2026-08-14T07:43:47.662690Z,1335,248.1,0,OK,OK,OK
2026-08-14T07:43:53.153465Z,1340,248.1,0,OK,OK,OK
2026-08-14T07:43:58.673751Z,1333,248.1,0,OK,OK,OK
2026-08-14T07:44:04.167796Z,1340,248.1,0,OK,OK,OK
2026-08-14T07:44:09.678176Z,1338,248.1,0,OK,OK,OK
2026-08-14T07:44:15.230997Z,1341,248.1,0,OK,OK,OK
2026-08-14T07:44:20.762353Z,1338,248.1,0,OK,OK,OK
2026-08-14T07:44:26.267803Z,1366,248.1,0,OK,OK,OK
2026-08-14T07:44:31.783271Z,1342,248.1,0,OK,OK,OK
2026-08-14T07:44:37.303570Z,1355,248.1,0,OK,OK,OK
2026-08-14T07:44:42.835444Z,1339,248.1,0,OK,OK,OK
2026-08-14T07:44:48.341080Z,1344,248.1,0,OK,OK,OK
2026-08-14T07:44:53.878292Z,1330,248.1,0,OK,OK,OK
2026-08-14T07:44:59.398503Z,1338,248.1,0,OK,OK,OK
2026-08-14T07:45:04.923835Z,1326,248.1,0,OK,OK,OK
2026-08-14T07:45:10.473416Z,1325,248.1,0,OK,OK,OK
2026-08-14T07:45:16.014096Z,1317,248.1,0,OK,OK,OK
2026-08-14T07:45:21.544872Z,1311,248.1,0,OK,OK,OK
2026-08-14T07:45:27.036971Z,1312,248.1,0,OK,OK,OK
2026-08-14T07:45:32.536686Z,1302,248.1,0,OK,OK,OK
2026-08-14T07:45:38.072521Z,1301,248.1,0,OK,OK,OK
2026-08-14T07:45:43.565504Z,1299,248.1,0,OK,OK,OK
2026-08-14T07:45:49.074439Z,1321,248.1,0,OK,OK,OK
2026-08-14T07:45:54.584930Z,1332,248.1,0,OK,OK,OK
2026-08-14T07:46:00.076968Z,1339,248.1,0,OK,OK,OK
2026-08-14T07:46:05.571868Z,1385,248.1,0,OK,OK,OK
2026-08-14T07:46:11.067594Z,1394,248.1,0,OK,OK,OK
2026-08-14T07:46:16.576528Z,1390,248.1,0,OK,OK,OK
2026-08-14T07:46:22.087501Z,1390,248.1,0,OK,OK,OK
2026-08-14T07:46:27.619034Z,1437,248.0,0,OK,OK,OK
2026-08-14T07:46:33.152400Z,1422,248.1,0,OK,OK,OK
2026-08-14T07:46:38.635895Z,1420,248.1,0,OK,OK,OK
2026-08-14T07:46:44.164414Z,1408,248.1,0,OK,OK,OK
2026-08-14T07:46:49.623373Z,1467,248.1,0,OK,OK,OK
2026-08-14T07:46:55.176285Z,1455,248.1,0,OK,OK,OK
2026-08-14T07:47:00.651471Z,1456,248.0,0,OK,OK,OK
2026-08-14T07:47:06.156547Z,1455,248.0,0,OK,OK,OK
2026-08-14T07:47:11.647223Z,1460,248.0,0,OK,OK,OK
2026-08-14T07:47:17.159827Z,1461,248.1,0,OK,OK,OK
2026-08-14T07:47:22.627338Z,1467,248.1,0,OK,OK,OK
2026-08-14T07:47:28.179818Z,1465,248.0,0,OK,OK,OK
2026-08-14T07:47:33.688598Z,1459,248.0,0,OK,OK,OK
2026-08-14T07:47:39.225634Z,1461,247.9,0,OK,OK,OK
2026-08-14T07:47:44.700735Z,1469,248.0,0,OK,OK,OK
2026-08-14T07:47:50.224093Z,1459,247.9,0,OK,OK,OK
2026-08-14T07:47:55.713570Z,1444,247.9,0,OK,OK,OK
2026-08-14T07:48:01.210965Z,1433,247.9,0,OK,OK,OK
2026-08-14T07:48:06.676557Z,1437,248.1,0,OK,OK,OK
2026-08-14T07:48:12.160362Z,1432,247.9,0,OK,OK,OK
2026-08-14T07:48:17.657404Z,1441,247.9,0,OK,OK,OK
2026-08-14T07:48:23.193351Z,1429,247.9,0,OK,OK,OK
2026-08-14T07:48:28.646236Z,1429,248.1,0,OK,OK,OK
2026-08-14T07:48:34.192518Z,1434,248.1,0,OK,OK,OK
2026-08-14T07:48:39.673615Z,1431,248.1,0,OK,OK,OK
2026-08-14T07:48:45.176028Z,1436,248.2,0,OK,OK,OK
2026-08-14T07:48:50.644923Z,1434,248.0,0,OK,OK,OK
2026-08-14T07:48:56.217292Z,1412,248.0,0,OK,OK,OK
2026-08-14T07:49:01.690432Z,1407,248.0,0,OK,OK,OK
2026-08-14T07:49:07.215345Z,1406,248.0,0,OK,OK,OK
2026-08-14T07:49:12.701400Z,1402,248.0,0,OK,OK,OK
2026-08-14T07:49:18.211890Z,1407,248.0,0,OK,OK,OK
2026-08-14T07:49:23.713822Z,1399,248.0,0,OK,OK,OK
2026-08-14T07:49:29.198338Z,1396,248.1,0,OK,OK,OK
2026-08-14T07:49:34.705011Z,1398,248.1,0,OK,OK,OK
2026-08-14T07:49:40.183846Z,1397,247.8,0,OK,OK,OK
2026-08-14T07:49:45.670779Z,1398,248.0,0,OK,OK,OK
2026-08-14T07:49:51.172947Z,1393,248.0,0,OK,OK,OK
2026-08-14T07:49:56.696057Z,1425,248.0,0,OK,OK,OK
2026-08-14T07:50:02.195081Z,1414,248.1,0,OK,OK,OK
2026-08-14T07:50:07.704372Z,1425,248.1,0,OK,OK,OK
2026-08-14T07:50:13.220546Z,1427,248.1,0,OK,OK,OK
2026-08-14T07:50:18.733729Z,1428,248.1,0,OK,OK,OK
2026-08-14T07:50:24.257513Z,1430,248.0,0,OK,OK,OK
2026-08-14T07:50:29.767325Z,1427,248.1,0,OK,OK,OK
2026-08-14T07:50:35.301369Z,1436,248.1,0,OK,OK,OK
2026-08-14T07:50:40.856418Z,1436,248.1,0,OK,OK,OK
2026-08-14T07:50:46.378352Z,1439,248.1,0,OK,OK,OK
2026-08-14T07:50:51.914979Z,1435,248.1,0,OK,OK,OK
2026-08-14T07:50:57.414197Z,1438,248.1,0,OK,OK,OK
2026-08-14T07:51:02.921690Z,1442,248.1,0,OK,OK,OK
2026-08-14T07:51:08.390975Z,1412,248.1,0,OK,OK,OK
2026-08-14T07:51:13.887550Z,1415,248.1,0,OK,OK,OK
2026-08-14T07:51:19.408759Z,1419,248.1,0,OK,OK,OK
2026-08-14T07:51:24.896294Z,1406,248.1,0,OK,OK,OK
2026-08-14T07:51:30.395068Z,1393,248.1,0,OK,OK,OK
2026-08-14T07:51:35.914762Z,1361,248.2,0,OK,OK,OK
2026-08-14T07:51:41.404087Z,1355,248.2,0,OK,OK,OK
2026-08-14T07:51:46.926260Z,1330,248.2,0,OK,OK,OK
2026-08-14T07:51:52.406423Z,1381,248.1,0,OK,OK,OK
2026-08-14T07:51:57.923409Z,1364,248.1,0,OK,OK,OK
2026-08-14T07:52:03.445937Z,1363,248.1,0,OK,OK,OK
2026-08-14T07:52:08.949442Z,1366,248.1,0,OK,OK,OK
2026-08-14T07:52:14.469960Z,1366,248.1,0,OK,OK,OK
2026-08-14T07:52:19.970376Z,1357,248.1,0,OK,OK,OK
2026-08-14T07:52:25.493264Z,1367,248.1,0,OK,OK,OK
2026-08-14T07:52:30.971293Z,1357,248.1,0,OK,OK,OK
2026-08-14T07:52:36.465504Z,1361,248.1,0,OK,OK,OK
2026-08-14T07:52:41.990112Z,1361,248.1,0,OK,OK,OK
2026-08-14T07:52:47.460922Z,1354,248.1,0,OK,OK,OK
2026-08-14T07:52:52.986561Z,1360,248.0,0,OK,OK,OK
2026-08-14T07:52:58.467894Z,1355,248.1,0,OK,OK,OK
2026-08-14T07:53:03.988331Z,1354,248.1,0,OK,OK,OK
2026-08-14T07:53:09.458858Z,1353,248.1,0,OK,OK,OK
2026-08-14T07:53:14.951978Z,1241,248.1,0,OK,OK,OK
2026-08-14T07:53:20.471177Z,1238,248.1,0,OK,OK,OK
2026-08-14T07:53:25.933688Z,1234,248.2,0,OK,OK,OK
2026-08-14T07:53:31.445266Z,1235,248.0,0,OK,OK,OK
2026-08-14T07:53:36.917399Z,1239,248.1,0,OK,OK,OK
2026-08-14T07:53:42.412940Z,1237,248.0,0,OK,OK,OK
2026-08-14T07:53:47.915426Z,1239,248.1,0,OK,OK,OK
2026-08-14T07:53:53.423390Z,1237,248.2,0,OK,OK,OK
2026-08-14T07:53:58.913556Z,1235,248.2,0,OK,OK,OK
2026-08-14T07:54:04.430802Z,1230,248.1,0,OK,OK,OK
2026-08-14T07:54:09.923836Z,1232,248.1,0,OK,OK,OK
2026-08-14T07:54:15.445007Z,1238,248.1,0,OK,OK,OK
2026-08-14T07:54:20.972971Z,1233,248.1,0,OK,OK,OK
2026-08-14T07:54:26.468987Z,1238,248.1,0,OK,OK,OK
2026-08-14T07:54:31.990296Z,1251,248.1,0,OK,OK,OK
2026-08-14T07:54:37.516300Z,1238,248.2,0,OK,OK,OK
2026-08-14T07:54:43.013499Z,1230,248.2,0,OK,OK,OK
2026-08-14T07:54:48.516428Z,1234,248.2,0,OK,OK,OK
2026-08-14T07:54:54.044132Z,1238,248.2,0,OK,OK,OK
2026-08-14T07:54:59.559680Z,1236,248.2,0,OK,OK,OK
2026-08-14T07:55:05.067975Z,1238,248.2,0,OK,OK,OK
2026-08-14T07:55:10.602795Z,1240,248.2,0,OK,OK,OK
2026-08-14T07:55:16.097198Z,1235,248.1,0,OK,OK,OK
2026-08-14T07:55:21.637068Z,1238,248.1,0,OK,OK,OK
2026-08-14T07:55:27.151259Z,1234,248.2,0,OK,OK,OK
2026-08-14T07:55:32.653488Z,1256,248.2,0,OK,OK,OK
2026-08-14T07:55:38.162865Z,1232,248.2,0,OK,OK,OK
2026-08-14T07:55:43.667719Z,1233,248.2,0,OK,OK,OK
2026-08-14T07:55:49.178333Z,1239,248.2,0,OK,OK,OK
2026-08-14T07:55:54.718904Z,1232,248.2,0,OK,OK,OK
2026-08-14T07:56:00.232586Z,1235,248.2,0,OK,OK,OK
2026-08-14T07:56:05.721569Z,1226,248.3,0,OK,OK,OK
2026-08-14T07:56:11.256301Z,1232,248.3,0,OK,OK,OK
2026-08-14T07:56:16.735875Z,1225,248.3,0,OK,OK,OK
2026-08-14T07:56:22.241194Z,1227,248.3,0,OK,OK,OK
2026-08-14T07:56:27.730997Z,1225,248.3,0,OK,OK,OK
2026-08-14T07:56:33.269074Z,1231,248.3,0,OK,OK,OK
2026-08-14T07:56:38.755434Z,1219,248.3,0,OK,OK,OK
2026-08-14T07:56:44.225025Z,1223,248.3,0,OK,OK,OK
2026-08-14T07:56:49.779434Z,1228,248.3,0,OK,OK,OK
2026-08-14T07:56:55.261637Z,1226,248.2,0,OK,OK,OK
2026-08-14T07:57:00.789946Z,1228,248.3,0,OK,OK,OK
2026-08-14T07:57:06.308443Z,1223,248.2,0,OK,OK,OK
2026-08-14T07:57:11.796256Z,1231,248.2,0,OK,OK,OK
2026-08-14T07:57:17.308143Z,1232,248.4,0,OK,OK,OK
2026-08-14T07:57:22.817745Z,1226,248.4,0,OK,OK,OK
2026-08-14T07:57:28.298593Z,1225,248.3,0,OK,OK,OK
2026-08-14T07:57:33.789346Z,1228,248.3,0,OK,OK,OK
2026-08-14T07:57:39.267438Z,1227,248.3,0,OK,OK,OK
2026-08-14T07:57:44.720094Z,1226,248.3,0,OK,OK,OK
2026-08-14T07:57:50.217389Z,1223,248.3,0,OK,OK,OK
2026-08-14T07:57:55.715038Z,1224,248.3,0,OK,OK,OK
2026-08-14T07:58:01.198671Z,1228,248.3,0,OK,OK,OK
2026-08-14T07:58:06.718555Z,1226,248.3,0,OK,OK,OK
2026-08-14T07:58:12.242171Z,1221,248.3,0,OK,OK,OK
2026-08-14T07:58:17.745814Z,1224,248.4,0,OK,OK,OK
2026-08-14T07:58:23.269943Z,1223,248.4,0,OK,OK,OK
2026-08-14T07:58:28.817840Z,1232,248.4,0,OK,OK,OK
2026-08-14T07:58:34.330268Z,1232,248.3,0,OK,OK,OK
2026-08-14T07:58:39.814115Z,1232,248.3,0,OK,OK,OK
2026-08-14T07:58:45.327179Z,1232,248.3,0,OK,OK,OK
2026-08-14T07:58:50.866153Z,1230,248.5,0,OK,OK,OK
2026-08-14T07:58:56.356388Z,1234,248.5,0,OK,OK,OK
2026-08-14T07:59:01.877442Z,1234,248.5,0,OK,OK,OK
2026-08-14T07:59:07.400051Z,1232,248.5,0,OK,OK,OK
2026-08-14T07:59:12.910935Z,1236,248.4,0,OK,OK,OK
2026-08-14T07:59:18.411863Z,1234,248.4,0,OK,OK,OK
2026-08-14T07:59:23.909895Z,1237,248.4,0,OK,OK,OK
2026-08-14T07:59:29.432098Z,1236,248.4,0,OK,OK,OK
2026-08-14T07:59:34.943358Z,1379,248.3,0,OK,OK,OK
2026-08-14T07:59:40.463543Z,1369,248.3,0,OK,OK,OK
2026-08-14T07:59:45.993243Z,1365,248.3,0,OK,OK,OK
2026-08-14T07:59:51.497096Z,1339,248.3,0,OK,OK,OK
2026-08-14T07:59:56.994670Z,1341,248.3,0,OK,OK,OK
2026-08-14T08:00:02.444845Z,1346,248.3,0,OK,OK,OK
2026-08-14T08:00:07.963756Z,1344,248.3,0,OK,OK,OK
2026-08-14T08:00:13.470357Z,1227,248.4,0,OK,OK,OK
2026-08-14T08:00:19.009512Z,1236,248.4,0,OK,OK,OK
2026-08-14T08:00:24.483981Z,1237,248.4,0,OK,OK,OK
2026-08-14T08:00:30.025830Z,1234,248.4,0,OK,OK,OK
2026-08-14T08:00:35.519562Z,1229,248.3,0,OK,OK,OK
2026-08-14T08:00:41.072123Z,1226,248.4,0,OK,OK,OK
2026-08-14T08:00:46.592910Z,1230,248.4,0,OK,OK,OK
2026-08-14T08:00:52.129548Z,1230,248.4,0,OK,OK,OK
2026-08-14T08:00:57.654573Z,1228,248.4,0,OK,OK,OK
2026-08-14T08:01:03.151706Z,1226,248.4,0,OK,OK,OK
2026-08-14T08:01:08.642302Z,1229,248.4,0,OK,OK,OK
2026-08-14T08:01:14.112074Z,1240,248.3,0,OK,OK,OK
2026-08-14T08:01:19.623256Z,1237,248.3,0,OK,OK,OK
2026-08-14T08:01:25.092881Z,1235,248.3,0,OK,OK,OK
2026-08-14T08:01:30.618866Z,1235,248.3,0,OK,OK,OK
2026-08-14T08:01:36.090590Z,1233,248.3,0,OK,OK,OK
2026-08-14T08:01:41.596457Z,1235,248.4,0,OK,OK,OK
2026-08-14T08:01:47.082851Z,1232,248.4,0,OK,OK,OK
2026-08-14T08:01:52.612405Z,1234,248.5,0,OK,OK,OK
2026-08-14T08:01:58.113671Z,1216,248.5,0,OK,OK,OK
2026-08-14T08:02:03.639867Z,1233,248.5,0,OK,OK,OK
2026-08-14T08:02:09.134910Z,1233,248.4,0,OK,OK,OK
2026-08-14T08:02:14.663626Z,1236,248.4,0,OK,OK,OK
2026-08-14T08:02:20.168428Z,1242,248.4,0,OK,OK,OK
2026-08-14T08:02:25.678582Z,1233,248.4,0,OK,OK,OK
2026-08-14T08:02:31.181871Z,1238,248.4,0,OK,OK,OK
2026-08-14T08:02:36.658373Z,1234,248.4,0,OK,OK,OK
2026-08-14T08:02:42.162282Z,1234,248.4,0,OK,OK,OK
2026-08-14T08:02:47.671288Z,1236,248.5,0,OK,OK,OK
2026-08-14T08:02:53.209811Z,1238,248.4,0,OK,OK,OK
2026-08-14T08:02:58.713261Z,1235,248.4,0,OK,OK,OK
2026-08-14T08:03:04.229026Z,1237,248.4,0,OK,OK,OK
2026-08-14T08:03:09.714805Z,1229,248.3,0,OK,OK,OK
2026-08-14T08:03:15.226731Z,1252,248.3,0,OK,OK,OK
2026-08-14T08:03:20.726397Z,1236,248.3,0,OK,OK,OK
2026-08-14T08:03:26.264884Z,1242,248.4,0,OK,OK,OK
2026-08-14T08:03:31.771292Z,1247,248.3,0,OK,OK,OK
2026-08-14T08:03:37.295667Z,1246,248.4,0,OK,OK,OK
2026-08-14T08:03:42.783747Z,1247,248.3,0,OK,OK,OK
2026-08-14T08:03:48.267922Z,1248,248.3,0,OK,OK,OK
2026-08-14T08:03:53.774324Z,1250,248.3,0,OK,OK,OK
2026-08-14T08:03:59.261365Z,1254,248.3,0,OK,OK,OK
2026-08-14T08:04:04.784433Z,1252,248.4,0,OK,OK,OK
2026-08-14T08:04:10.290389Z,1251,248.2,0,OK,OK,OK
2026-08-14T08:04:15.836083Z,1250,248.2,0,OK,OK,OK
2026-08-14T08:04:21.318903Z,1250,248.2,0,OK,OK,OK
2026-08-14T08:04:26.847181Z,1257,248.2,0,OK,OK,OK
2026-08-14T08:04:32.367546Z,1260,248.2,0,OK,OK,OK
2026-08-14T08:04:37.898175Z,1256,248.2,0,OK,OK,OK
2026-08-14T08:04:43.376337Z,1258,248.3,0,OK,OK,OK
2026-08-14T08:04:48.905292Z,1267,248.3,0,OK,OK,OK
2026-08-14T08:04:54.416744Z,1260,248.3,0,OK,OK,OK
2026-08-14T08:04:59.923312Z,1261,248.4,0,OK,OK,OK
2026-08-14T08:05:05.427146Z,1261,248.3,0,OK,OK,OK
2026-08-14T08:05:10.899291Z,1259,248.3,0,OK,OK,OK
2026-08-14T08:05:16.396492Z,1270,248.3,0,OK,OK,OK
2026-08-14T08:05:21.916783Z,1261,248.3,0,OK,OK,OK
2026-08-14T08:05:27.452199Z,1268,248.3,0,OK,OK,OK
2026-08-14T08:05:32.908624Z,1262,248.3,0,OK,OK,OK
2026-08-14T08:05:38.447670Z,1264,248.4,0,OK,OK,OK
2026-08-14T08:05:43.986177Z,1270,248.3,0,OK,OK,OK
2026-08-14T08:05:49.489416Z,1269,248.3,0,OK,OK,OK
2026-08-14T08:05:55.003951Z,1266,248.2,0,OK,OK,OK
2026-08-14T08:06:00.533380Z,1264,248.3,0,OK,OK,OK
2026-08-14T08:06:06.020726Z,1347,248.3,0,OK,OK,OK
2026-08-14T08:06:11.508061Z,1378,248.3,0,OK,OK,OK
2026-08-14T08:06:16.989999Z,1379,248.2,0,OK,OK,OK
2026-08-14T08:06:22.504603Z,1390,248.3,0,OK,OK,OK
2026-08-14T08:06:28.017642Z,1401,248.2,0,OK,OK,OK
2026-08-14T08:06:33.484555Z,1407,248.2,0,OK,OK,OK
2026-08-14T08:06:38.964141Z,1376,248.3,0,OK,OK,OK
2026-08-14T08:06:44.486808Z,1377,248.3,0,OK,OK,OK
2026-08-14T08:06:49.946960Z,1382,248.3,0,OK,OK,OK
2026-08-14T08:06:55.424091Z,1378,248.3,0,OK,OK,OK
2026-08-14T08:07:00.940760Z,1379,248.3,0,OK,OK,OK
2026-08-14T08:07:06.435154Z,1383,248.3,0,OK,OK,OK
2026-08-14T08:07:11.960010Z,1374,248.3,0,OK,OK,OK
2026-08-14T08:07:17.463087Z,1383,248.3,0,OK,OK,OK
2026-08-14T08:07:22.965905Z,1384,248.3,0,OK,OK,OK
2026-08-14T08:07:28.480258Z,1375,248.3,0,OK,OK,OK
2026-08-14T08:07:33.976774Z,1375,248.3,0,OK,OK,OK
2026-08-14T08:07:39.441886Z,1373,248.3,0,OK,OK,OK
2026-08-14T08:07:44.938217Z,1367,248.3,0,OK,OK,OK
2026-08-14T08:07:50.464044Z,1363,248.3,0,OK,OK,OK
2026-08-14T08:07:55.989123Z,1370,248.3,0,OK,OK,OK
2026-08-14T08:08:01.484653Z,1371,248.3,0,OK,OK,OK
2026-08-14T08:08:07.004409Z,1368,248.3,0,OK,OK,OK
2026-08-14T08:08:12.533913Z,1367,248.3,0,OK,OK,OK
2026-08-14T08:08:18.057060Z,1362,248.3,0,OK,OK,OK
2026-08-14T08:08:23.585289Z,1364,248.4,0,OK,OK,OK
2026-08-14T08:08:29.109043Z,1356,248.3,0,OK,OK,OK
2026-08-14T08:08:34.624501Z,1362,248.3,0,OK,OK,OK
2026-08-14T08:08:40.137059Z,1351,248.3,0,OK,OK,OK
2026-08-14T08:08:45.641698Z,1352,248.4,0,OK,OK,OK
2026-08-14T08:08:51.144768Z,1360,248.5,0,OK,OK,OK
2026-08-14T08:08:56.669994Z,1374,248.4,0,OK,OK,OK
2026-08-14T08:09:02.207819Z,1357,248.3,0,OK,OK,OK
2026-08-14T08:09:07.712041Z,1355,248.4,0,OK,OK,OK
2026-08-14T08:09:13.224272Z,1354,248.4,0,OK,OK,OK
2026-08-14T08:09:18.709470Z,1347,248.5,0,OK,OK,OK
2026-08-14T08:09:24.217361Z,1340,248.4,0,OK,OK,OK
2026-08-14T08:09:29.739784Z,1364,248.5,0,OK,OK,OK
2026-08-14T08:09:35.224160Z,1371,248.4,0,OK,OK,OK
2026-08-14T08:09:40.703511Z,1393,248.4,0,OK,OK,OK
2026-08-14T08:09:46.226442Z,1387,248.3,0,OK,OK,OK
2026-08-14T08:09:51.739581Z,1384,248.4,0,OK,OK,OK
2026-08-14T08:09:57.213977Z,1381,248.4,0,OK,OK,OK
2026-08-14T08:10:02.723749Z,1381,248.3,0,OK,OK,OK
2026-08-14T08:10:08.249853Z,1383,248.4,0,OK,OK,OK
2026-08-14T08:10:13.769660Z,1383,248.3,0,OK,OK,OK
2026-08-14T08:10:19.257723Z,1379,248.4,0,OK,OK,OK
2026-08-14T08:10:24.738218Z,1385,248.3,0,OK,OK,OK
2026-08-14T08:10:30.247957Z,1385,248.7,0,OK,OK,OK
2026-08-14T08:10:35.730009Z,1376,248.2,0,OK,OK,OK
2026-08-14T08:10:41.219916Z,1407,247.9,0,OK,OK,OK
2026-08-14T08:10:46.728702Z,1408,248.0,0,OK,OK,OK
2026-08-14T08:10:52.272014Z,1415,247.9,0,OK,OK,OK
2026-08-14T08:10:57.758279Z,1422,247.8,0,OK,OK,OK
2026-08-14T08:11:03.329952Z,1439,247.8,0,OK,OK,OK
2026-08-14T08:11:08.786145Z,1442,247.9,0,OK,OK,OK
2026-08-14T08:11:14.286030Z,1448,247.9,0,OK,OK,OK
2026-08-14T08:11:19.781917Z,1445,247.8,0,OK,OK,OK
2026-08-14T08:11:25.286282Z,1455,247.9,0,OK,OK,OK
2026-08-14T08:11:30.810658Z,1455,247.8,0,OK,OK,OK
2026-08-14T08:11:36.277010Z,1453,247.8,0,OK,OK,OK
2026-08-14T08:11:41.767177Z,1438,247.8,0,OK,OK,OK
2026-08-14T08:11:47.273453Z,1445,247.9,0,OK,OK,OK
2026-08-14T08:11:52.793337Z,1444,247.9,0,OK,OK,OK
2026-08-14T08:11:58.317546Z,1442,247.8,0,OK,OK,OK
2026-08-14T08:12:03.814667Z,1444,247.8,0,OK,OK,OK
2026-08-14T08:12:09.315459Z,1445,247.8,0,OK,OK,OK
2026-08-14T08:12:14.829420Z,1446,247.8,0,OK,OK,OK
2026-08-14T08:12:20.346808Z,1442,247.9,0,OK,OK,OK
2026-08-14T08:12:25.844018Z,1450,247.9,0,OK,OK,OK
2026-08-14T08:12:31.350480Z,1450,247.9,0,OK,OK,OK
2026-08-14T08:12:36.891517Z,1452,247.9,0,OK,OK,OK
2026-08-14T08:12:42.399173Z,1446,247.9,0,OK,OK,OK
2026-08-14T08:12:47.904176Z,1445,247.9,0,OK,OK,OK
2026-08-14T08:12:53.398688Z,1451,248.0,0,OK,OK,OK
2026-08-14T08:12:58.950699Z,1447,247.9,0,OK,OK,OK
2026-08-14T08:13:04.437905Z,1441,247.9,0,OK,OK,OK
2026-08-14T08:13:09.922251Z,1447,247.9,0,OK,OK,OK
2026-08-14T08:13:15.441959Z,1444,247.9,0,OK,OK,OK
2026-08-14T08:13:20.917149Z,1456,247.9,0,OK,OK,OK
2026-08-14T08:13:26.437785Z,1445,247.9,0,OK,OK,OK
2026-08-14T08:13:31.948337Z,1448,247.9,0,OK,OK,OK
2026-08-14T08:13:37.467554Z,1444,247.9,0,OK,OK,OK
2026-08-14T08:13:42.971057Z,1450,247.9,0,OK,OK,OK
2026-08-14T08:13:48.445600Z,1446,248.0,0,OK,OK,OK
2026-08-14T08:13:53.979201Z,1441,247.9,0,OK,OK,OK
2026-08-14T08:13:59.504299Z,1423,247.9,0,OK,OK,OK
2026-08-14T08:14:04.960990Z,1417,247.9,0,OK,OK,OK
2026-08-14T08:14:10.448372Z,1419,247.9,0,OK,OK,OK
2026-08-14T08:14:15.990835Z,1419,247.9,0,OK,OK,OK
2026-08-14T08:14:21.489647Z,1428,247.9,0,OK,OK,OK
2026-08-14T08:14:26.925933Z,1416,248.0,0,OK,OK,OK
2026-08-14T08:14:32.407603Z,1417,247.9,0,OK,OK,OK
2026-08-14T08:14:37.891100Z,1415,248.0,0,OK,OK,OK
2026-08-14T08:14:43.387894Z,1412,248.0,0,OK,OK,OK
2026-08-14T08:14:48.906958Z,1410,247.9,0,OK,OK,OK
2026-08-14T08:14:54.422145Z,1424,248.5,0,OK,OK,OK
2026-08-14T08:14:59.915088Z,1419,248.5,0,OK,OK,OK
2026-08-14T08:15:05.415195Z,1417,248.5,0,OK,OK,OK
2026-08-14T08:15:10.924627Z,1424,248.5,0,OK,OK,OK
2026-08-14T08:15:16.418766Z,1415,248.5,0,OK,OK,OK
2026-08-14T08:15:21.938301Z,1428,248.5,0,OK,OK,OK
2026-08-14T08:15:27.459151Z,1427,248.4,0,OK,OK,OK
2026-08-14T08:15:32.951491Z,1425,248.5,0,OK,OK,OK
2026-08-14T08:15:38.473162Z,1416,248.5,0,OK,OK,OK
2026-08-14T08:15:43.980266Z,1404,248.5,0,OK,OK,OK
2026-08-14T08:15:49.485058Z,1392,248.5,0,OK,OK,OK
2026-08-14T08:15:55.017876Z,1375,248.5,0,OK,OK,OK
2026-08-14T08:16:00.527265Z,1346,248.5,0,OK,OK,OK
2026-08-14T08:16:06.028492Z,1330,248.5,0,OK,OK,OK
2026-08-14T08:16:11.522484Z,1344,248.5,0,OK,OK,OK
2026-08-14T08:16:17.055810Z,1333,248.5,0,OK,OK,OK
2026-08-14T08:16:22.551567Z,1330,248.5,0,OK,OK,OK
2026-08-14T08:16:28.104207Z,1338,248.9,0,OK,OK,OK
2026-08-14T08:16:33.619712Z,1333,248.8,0,OK,OK,OK
2026-08-14T08:16:39.121041Z,1334,248.9,0,OK,OK,OK
2026-08-14T08:16:44.631290Z,1332,248.9,0,OK,OK,OK
2026-08-14T08:16:50.104872Z,1332,248.9,0,OK,OK,OK
2026-08-14T08:16:55.635996Z,1331,248.8,0,OK,OK,OK
2026-08-14T08:17:01.153978Z,1332,248.8,0,OK,OK,OK
2026-08-14T08:17:06.683178Z,1336,248.9,0,OK,OK,OK
2026-08-14T08:17:12.171688Z,1336,248.9,0,OK,OK,OK
2026-08-14T08:17:17.654532Z,1334,248.9,0,OK,OK,OK
2026-08-14T08:17:23.154766Z,1336,249.0,0,OK,OK,OK
2026-08-14T08:17:28.678497Z,1348,248.9,0,OK,OK,OK
2026-08-14T08:17:34.164546Z,1337,249.0,0,OK,OK,OK
2026-08-14T08:17:39.675617Z,1329,249.0,0,OK,OK,OK
2026-08-14T08:17:45.148447Z,1329,248.9,0,OK,OK,OK
2026-08-14T08:17:50.611842Z,1333,248.8,0,OK,OK,OK
2026-08-14T08:17:56.094412Z,1324,248.8,0,OK,OK,OK
2026-08-14T08:18:01.598252Z,1323,248.8,0,OK,OK,OK
2026-08-14T08:18:07.122193Z,1320,248.8,0,OK,OK,OK
2026-08-14T08:18:12.642450Z,1317,248.8,0,OK,OK,OK
2026-08-14T08:18:18.165159Z,1321,248.9,0,OK,OK,OK
2026-08-14T08:18:23.692205Z,1316,248.8,0,OK,OK,OK
2026-08-14T08:18:29.194537Z,1314,248.8,0,OK,OK,OK
2026-08-14T08:18:34.661344Z,1317,248.9,0,OK,OK,OK
2026-08-14T08:18:40.178366Z,1317,248.9,0,OK,OK,OK
2026-08-14T08:18:45.672229Z,1315,248.9,0,OK,OK,OK
2026-08-14T08:18:51.187996Z,1313,249.0,0,OK,OK,OK
2026-08-14T08:18:56.728835Z,1312,248.9,0,OK,OK,OK
2026-08-14T08:19:02.231512Z,1314,248.9,0,OK,OK,OK
2026-08-14T08:19:07.714878Z,1314,248.9,0,OK,OK,OK
2026-08-14T08:19:13.235152Z,1316,248.8,0,OK,OK,OK
2026-08-14T08:19:18.742104Z,1310,249.0,0,OK,OK,OK
2026-08-14T08:19:24.280315Z,1311,249.0,0,OK,OK,OK
2026-08-14T08:19:29.771684Z,1307,248.9,0,OK,OK,OK
2026-08-14T08:19:35.281083Z,1317,249.0,0,OK,OK,OK
2026-08-14T08:19:40.793763Z,1310,249.0,0,OK,OK,OK
2026-08-14T08:19:46.313480Z,1308,249.0,0,OK,OK,OK
2026-08-14T08:19:51.812950Z,1304,249.0,0,OK,OK,OK
2026-08-14T08:19:57.277577Z,1306,249.0,0,OK,OK,OK
2026-08-14T08:20:02.786932Z,1310,249.0,0,OK,OK,OK
2026-08-14T08:20:08.315278Z,1310,249.0,0,OK,OK,OK
2026-08-14T08:20:13.856845Z,1307,248.9,0,OK,OK,OK
2026-08-14T08:20:19.375513Z,1307,248.9,0,OK,OK,OK
2026-08-14T08:20:24.902831Z,1303,249.0,0,OK,OK,OK
2026-08-14T08:20:30.436088Z,1306,248.9,0,OK,OK,OK
2026-08-14T08:20:35.947362Z,1303,248.9,0,OK,OK,OK
2026-08-14T08:20:41.421876Z,1303,248.9,0,OK,OK,OK
2026-08-14T08:20:46.905495Z,1304,248.9,0,OK,OK,OK
2026-08-14T08:20:52.414603Z,1299,249.0,0,OK,OK,OK
2026-08-14T08:20:57.887773Z,1298,248.9,0,OK,OK,OK
2026-08-14T08:21:03.383675Z,1309,248.9,0,OK,OK,OK
2026-08-14T08:21:08.867202Z,1350,248.9,0,OK,OK,OK
2026-08-14T08:21:14.347571Z,1305,248.9,0,OK,OK,OK
2026-08-14T08:21:19.872331Z,1306,249.0,0,OK,OK,OK
2026-08-14T08:21:25.359894Z,1310,248.8,0,OK,OK,OK
2026-08-14T08:21:30.861112Z,1316,249.0,0,OK,OK,OK
2026-08-14T08:21:36.324656Z,1291,249.0,0,OK,OK,OK
2026-08-14T08:21:41.808456Z,1304,249.0,0,OK,OK,OK
2026-08-14T08:21:47.288277Z,1301,249.0,0,OK,OK,OK
2026-08-14T08:21:52.754024Z,1304,248.9,0,OK,OK,OK
2026-08-14T08:21:58.224171Z,1308,248.9,0,OK,OK,OK
2026-08-14T08:22:03.731592Z,1306,248.9,0,OK,OK,OK
2026-08-14T08:22:09.241062Z,1306,248.9,0,OK,OK,OK
2026-08-14T08:22:14.761689Z,1305,249.0,0,OK,OK,OK
2026-08-14T08:22:20.250723Z,1303,249.0,0,OK,OK,OK
2026-08-14T08:22:25.743668Z,1303,249.0,0,OK,OK,OK
2026-08-14T08:22:31.285767Z,1304,249.0,0,OK,OK,OK
2026-08-14T08:22:36.826799Z,1304,249.0,0,OK,OK,OK
2026-08-14T08:22:42.331889Z,1359,249.0,0,OK,OK,OK
2026-08-14T08:22:47.836794Z,1294,249.1,0,OK,OK,OK
2026-08-14T08:22:53.356945Z,1362,249.1,0,OK,OK,OK
2026-08-14T08:22:58.865986Z,1335,248.9,0,OK,OK,OK
2026-08-14T08:23:04.349039Z,1298,249.1,0,OK,OK,OK
2026-08-14T08:23:09.886121Z,1325,249.0,0,OK,OK,OK
2026-08-14T08:23:15.430681Z,1326,249.2,0,OK,OK,OK
2026-08-14T08:23:20.914441Z,1325,249.2,0,OK,OK,OK
2026-08-14T08:23:26.428923Z,1312,249.2,0,OK,OK,OK
2026-08-14T08:23:31.898129Z,1319,249.2,0,OK,OK,OK
2026-08-14T08:23:37.379927Z,1313,249.1,0,OK,OK,OK
2026-08-14T08:23:42.883210Z,1312,249.2,0,OK,OK,OK
2026-08-14T08:23:48.410316Z,1326,249.1,0,OK,OK,OK
2026-08-14T08:23:53.896524Z,1315,249.1,0,OK,OK,OK
2026-08-14T08:23:59.398668Z,1314,248.9,0,OK,OK,OK
2026-08-14T08:24:04.839639Z,1332,248.9,0,OK,OK,OK
2026-08-14T08:24:10.373609Z,1327,248.9,0,OK,OK,OK
2026-08-14T08:24:15.923901Z,1317,248.9,0,OK,OK,OK
2026-08-14T08:24:21.414185Z,1328,248.9,0,OK,OK,OK
2026-08-14T08:24:26.885440Z,1315,248.9,0,OK,OK,OK
2026-08-14T08:24:32.379821Z,1319,249.0,0,OK,OK,OK
2026-08-14T08:24:37.844014Z,1309,248.9,0,OK,OK,OK
2026-08-14T08:24:43.307744Z,1313,248.9,0,OK,OK,OK
2026-08-14T08:24:48.825700Z,1326,248.9,0,OK,OK,OK
2026-08-14T08:24:54.337825Z,1309,248.9,0,OK,OK,OK
2026-08-14T08:24:59.837029Z,1307,248.9,0,OK,OK,OK
2026-08-14T08:25:05.335934Z,1311,249.0,0,OK,OK,OK
2026-08-14T08:25:10.851127Z,1325,248.9,0,OK,OK,OK
2026-08-14T08:25:16.354231Z,1313,248.9,0,OK,OK,OK
2026-08-14T08:25:21.853478Z,1312,248.9,0,OK,OK,OK
2026-08-14T08:25:27.361528Z,1311,248.9,0,OK,OK,OK
2026-08-14T08:25:32.867566Z,1325,248.9,0,OK,OK,OK
2026-08-14T08:25:38.392408Z,1329,248.9,0,OK,OK,OK
2026-08-14T08:25:43.912766Z,1320,248.9,0,OK,OK,OK
2026-08-14T08:25:49.401646Z,1316,248.9,0,OK,OK,OK
2026-08-14T08:25:54.885902Z,1325,248.9,0,OK,OK,OK
2026-08-14T08:26:00.398716Z,1312,248.9,0,OK,OK,OK
2026-08-14T08:26:05.905074Z,1317,248.9,0,OK,OK,OK
2026-08-14T08:26:11.426466Z,1325,248.9,0,OK,OK,OK
2026-08-14T08:26:16.951655Z,1321,248.9,0,OK,OK,OK
2026-08-14T08:26:22.471427Z,1314,248.9,0,OK,OK,OK
2026-08-14T08:26:27.991888Z,1320,248.9,0,OK,OK,OK
2026-08-14T08:26:33.497034Z,1334,248.9,0,OK,OK,OK
2026-08-14T08:26:39.005409Z,1314,248.8,0,OK,OK,OK
2026-08-14T08:26:44.495933Z,1326,248.9,0,OK,OK,OK
2026-08-14T08:26:50.005138Z,1312,248.9,0,OK,OK,OK
2026-08-14T08:26:55.529368Z,1311,248.8,0,OK,OK,OK
2026-08-14T08:27:01.042680Z,1318,248.9,0,OK,OK,OK
2026-08-14T08:27:06.547691Z,1313,248.8,0,OK,OK,OK
2026-08-14T08:27:12.051159Z,1310,248.8,0,OK,OK,OK
2026-08-14T08:27:17.603915Z,1310,248.8,0,OK,OK,OK
2026-08-14T08:27:23.146597Z,1317,248.9,0,OK,OK,OK
2026-08-14T08:27:28.655599Z,1315,248.9,0,OK,OK,OK
2026-08-14T08:27:34.198255Z,1378,248.8,0,OK,OK,OK
2026-08-14T08:27:39.716540Z,1314,248.8,0,OK,OK,OK
2026-08-14T08:27:45.254391Z,1318,248.9,0,OK,OK,OK
2026-08-14T08:27:50.728985Z,1317,248.9,0,OK,OK,OK
2026-08-14T08:27:56.252217Z,1320,248.9,0,OK,OK,OK
2026-08-14T08:28:01.742009Z,1335,248.8,0,OK,OK,OK
2026-08-14T08:28:07.230449Z,1317,248.9,0,OK,OK,OK
2026-08-14T08:28:12.733804Z,1317,248.8,0,OK,OK,OK
2026-08-14T08:28:18.245337Z,1343,248.9,0,OK,OK,OK
2026-08-14T08:28:23.750703Z,1319,248.9,0,OK,OK,OK
2026-08-14T08:28:29.244819Z,1339,248.9,0,OK,OK,OK
2026-08-14T08:28:34.784636Z,1353,248.7,0,OK,OK,OK
2026-08-14T08:28:40.278249Z,1319,248.8,0,OK,OK,OK
2026-08-14T08:28:45.796471Z,1317,248.9,0,OK,OK,OK
2026-08-14T08:28:51.326013Z,1328,248.9,0,OK,OK,OK
2026-08-14T08:28:56.790268Z,1341,248.9,0,OK,OK,OK
2026-08-14T08:29:02.304563Z,1344,248.9,0,OK,OK,OK
2026-08-14T08:29:07.804116Z,1318,248.9,0,OK,OK,OK
2026-08-14T08:29:13.301979Z,1342,248.9,0,OK,OK,OK
2026-08-14T08:29:18.825328Z,1353,248.9,0,OK,OK,OK
2026-08-14T08:29:24.356074Z,1304,248.9,0,OK,OK,OK
2026-08-14T08:29:29.853405Z,1322,248.9,0,OK,OK,OK
2026-08-14T08:29:35.368767Z,1355,248.9,0,OK,OK,OK
2026-08-14T08:29:40.890843Z,1328,248.9,0,OK,OK,OK
2026-08-14T08:29:46.393858Z,1321,248.9,0,OK,OK,OK
2026-08-14T08:29:51.850558Z,1346,248.9,0,OK,OK,OK
2026-08-14T08:29:57.348633Z,1323,248.9,0,OK,OK,OK
2026-08-14T08:30:02.834319Z,1360,248.9,0,OK,OK,OK
2026-08-14T08:30:08.329761Z,1312,248.9,0,OK,OK,OK
2026-08-14T08:30:13.824103Z,1328,248.9,0,OK,OK,OK
2026-08-14T08:30:19.378243Z,1335,248.7,0,OK,OK,OK
2026-08-14T08:30:24.899712Z,1331,248.8,0,OK,OK,OK
2026-08-14T08:30:30.387934Z,1339,248.8,0,OK,OK,OK
2026-08-14T08:30:35.855192Z,1333,248.9,0,OK,OK,OK
2026-08-14T08:30:41.387830Z,1330,248.9,0,OK,OK,OK
2026-08-14T08:30:46.868206Z,1327,248.9,0,OK,OK,OK
2026-08-14T08:30:52.363114Z,1336,248.9,0,OK,OK,OK
2026-08-14T08:30:57.858710Z,1327,248.9,0,OK,OK,OK
2026-08-14T08:31:03.367731Z,1330,248.9,0,OK,OK,OK
2026-08-14T08:31:08.872466Z,1335,248.9,0,OK,OK,OK
2026-08-14T08:31:14.365123Z,1323,248.9,0,OK,OK,OK
2026-08-14T08:31:19.869633Z,1323,248.9,0,OK,OK,OK
2026-08-14T08:31:25.365437Z,1326,248.9,0,OK,OK,OK
2026-08-14T08:31:30.888195Z,1330,248.9,0,OK,OK,OK
2026-08-14T08:31:36.347060Z,1328,248.9,0,OK,OK,OK
2026-08-14T08:31:41.812507Z,1328,248.9,0,OK,OK,OK
2026-08-14T08:31:47.326071Z,1333,248.9,0,OK,OK,OK
2026-08-14T08:31:52.814120Z,1328,248.9,0,OK,OK,OK
2026-08-14T08:31:58.355795Z,1324,248.9,0,OK,OK,OK
2026-08-14T08:32:03.872773Z,1337,248.9,0,OK,OK,OK
2026-08-14T08:32:09.383655Z,1332,248.9,0,OK,OK,OK
2026-08-14T08:32:14.893027Z,1338,248.9,0,OK,OK,OK
2026-08-14T08:32:20.380556Z,1341,248.9,0,OK,OK,OK
2026-08-14T08:32:25.898044Z,1338,248.9,0,OK,OK,OK
2026-08-14T08:32:31.362453Z,1341,248.9,0,OK,OK,OK
2026-08-14T08:32:36.863802Z,1332,248.9,0,OK,OK,OK
2026-08-14T08:32:42.345654Z,1342,248.9,0,OK,OK,OK
2026-08-14T08:32:47.911733Z,1343,248.8,0,OK,OK,OK
2026-08-14T08:32:53.424812Z,1343,249.0,0,OK,OK,OK
2026-08-14T08:32:58.914741Z,1344,249.0,0,OK,OK,OK
2026-08-14T08:33:04.411511Z,1338,248.9,0,OK,OK,OK
2026-08-14T08:33:09.936557Z,1343,249.0,0,OK,OK,OK
2026-08-14T08:33:15.409100Z,1352,249.0,0,OK,OK,OK
2026-08-14T08:33:20.935398Z,1343,248.8,0,OK,OK,OK
2026-08-14T08:33:26.421643Z,1342,249.0,0,OK,OK,OK
2026-08-14T08:33:31.927050Z,1342,248.9,0,OK,OK,OK
2026-08-14T08:33:37.384539Z,1343,249.0,0,OK,OK,OK
2026-08-14T08:33:42.866854Z,1352,249.0,0,OK,OK,OK
2026-08-14T08:33:48.382644Z,1350,249.0,0,OK,OK,OK
2026-08-14T08:33:53.882721Z,1335,249.0,0,OK,OK,OK
2026-08-14T08:33:59.386177Z,1345,249.0,0,OK,OK,OK
2026-08-14T08:34:04.902456Z,1350,249.0,0,OK,OK,OK
2026-08-14T08:34:10.436981Z,1347,248.9,0,OK,OK,OK
2026-08-14T08:34:15.991663Z,1349,249.0,0,OK,OK,OK
2026-08-14T08:34:21.468874Z,1348,249.0,0,OK,OK,OK
2026-08-14T08:34:26.948569Z,1360,248.9,0,OK,OK,OK
2026-08-14T08:34:32.473377Z,1348,249.0,0,OK,OK,OK
2026-08-14T08:34:37.943480Z,1334,249.1,0,OK,OK,OK
2026-08-14T08:34:43.486450Z,1341,249.0,0,OK,OK,OK
2026-08-14T08:34:48.988750Z,1348,248.9,0,OK,OK,OK
2026-08-14T08:34:54.510665Z,1350,249.0,0,OK,OK,OK
2026-08-14T08:34:59.969961Z,1349,249.0,0,OK,OK,OK
2026-08-14T08:35:05.522980Z,1347,248.9,0,OK,OK,OK
2026-08-14T08:35:11.022244Z,1345,248.9,0,OK,OK,OK
2026-08-14T08:35:16.579492Z,1347,249.0,0,OK,OK,OK
2026-08-14T08:35:22.095384Z,1344,249.0,0,OK,OK,OK
2026-08-14T08:35:27.609517Z,1346,249.0,0,OK,OK,OK
2026-08-14T08:35:33.130292Z,1347,249.2,0,OK,OK,OK
2026-08-14T08:35:38.660949Z,1349,249.2,0,OK,OK,OK
2026-08-14T08:35:44.148002Z,1347,249.2,0,OK,OK,OK
2026-08-14T08:35:49.647400Z,1350,249.2,0,OK,OK,OK
2026-08-14T08:35:55.181105Z,1349,249.0,0,OK,OK,OK
2026-08-14T08:36:00.673531Z,1349,249.2,0,OK,OK,OK
2026-08-14T08:36:06.175725Z,1351,249.1,0,OK,OK,OK
2026-08-14T08:36:11.681683Z,1354,249.0,0,OK,OK,OK
2026-08-14T08:36:17.225505Z,1346,248.9,0,OK,OK,OK
2026-08-14T08:36:22.696282Z,1346,248.9,0,OK,OK,OK
2026-08-14T08:36:28.195652Z,1264,248.9,0,OK,OK,OK
2026-08-14T08:36:33.693810Z,1266,249.1,0,OK,OK,OK
2026-08-14T08:36:39.212706Z,1261,249.0,0,OK,OK,OK
2026-08-14T08:36:44.672955Z,1264,249.1,0,OK,OK,OK
2026-08-14T08:36:50.195244Z,1264,249.0,0,OK,OK,OK
2026-08-14T08:36:55.697672Z,1271,249.0,0,OK,OK,OK
2026-08-14T08:37:01.150747Z,1267,249.0,0,OK,OK,OK
2026-08-14T08:37:06.622080Z,1263,249.0,0,OK,OK,OK
2026-08-14T08:37:12.127556Z,1262,249.1,0,OK,OK,OK
2026-08-14T08:37:17.611607Z,1264,249.1,0,OK,OK,OK
2026-08-14T08:37:23.096556Z,1265,249.1,0,OK,OK,OK
2026-08-14T08:37:28.559799Z,1264,249.1,0,OK,OK,OK
2026-08-14T08:37:34.070836Z,1264,249.1,0,OK,OK,OK
2026-08-14T08:37:39.596449Z,1264,249.1,0,OK,OK,OK
2026-08-14T08:37:45.087026Z,1274,249.1,0,OK,OK,OK
2026-08-14T08:37:50.605366Z,1268,249.1,0,OK,OK,OK
2026-08-14T08:37:56.125311Z,1266,249.0,0,OK,OK,OK
2026-08-14T08:38:01.623597Z,1263,249.1,0,OK,OK,OK
2026-08-14T08:38:07.127369Z,1266,249.0,0,OK,OK,OK
2026-08-14T08:38:12.654027Z,1267,249.1,0,OK,OK,OK
2026-08-14T08:38:18.170449Z,1272,249.1,0,OK,OK,OK
2026-08-14T08:38:23.690418Z,1265,249.1,0,OK,OK,OK
2026-08-14T08:38:29.200167Z,1266,249.1,0,OK,OK,OK
2026-08-14T08:38:34.719157Z,1264,249.1,0,OK,OK,OK
2026-08-14T08:38:40.250485Z,1266,249.1,0,OK,OK,OK
2026-08-14T08:38:45.742598Z,1264,249.1,0,OK,OK,OK
2026-08-14T08:38:51.264067Z,1263,249.1,0,OK,OK,OK
2026-08-14T08:38:56.800270Z,1268,249.1,0,OK,OK,OK
2026-08-14T08:39:02.297407Z,1265,249.0,0,OK,OK,OK
2026-08-14T08:39:07.790971Z,1272,249.0,0,OK,OK,OK
2026-08-14T08:39:13.318313Z,1267,249.0,0,OK,OK,OK
2026-08-14T08:39:18.868128Z,1247,249.1,0,OK,OK,OK
2026-08-14T08:39:24.361025Z,1263,249.0,0,OK,OK,OK
2026-08-14T08:39:29.872135Z,1266,248.9,0,OK,OK,OK
2026-08-14T08:39:35.379240Z,1275,248.9,0,OK,OK,OK
2026-08-14T08:39:40.915056Z,1430,248.9,0,OK,OK,OK
2026-08-14T08:39:46.423737Z,1402,248.8,0,OK,OK,OK
2026-08-14T08:39:51.895790Z,1395,248.9,0,OK,OK,OK
2026-08-14T08:39:57.378246Z,1393,248.9,0,OK,OK,OK
2026-08-14T08:40:02.847934Z,1393,248.9,0,OK,OK,OK
2026-08-14T08:40:08.386736Z,1396,248.9,0,OK,OK,OK
2026-08-14T08:40:13.917073Z,1390,248.9,0,OK,OK,OK
2026-08-14T08:40:19.402082Z,1394,248.9,0,OK,OK,OK
2026-08-14T08:40:24.915131Z,1400,249.0,0,OK,OK,OK
2026-08-14T08:40:30.427793Z,1401,248.9,0,OK,OK,OK
2026-08-14T08:40:35.934897Z,1386,248.9,0,OK,OK,OK
2026-08-14T08:40:41.438879Z,1391,248.9,0,OK,OK,OK
2026-08-14T08:40:46.947003Z,1388,248.9,0,OK,OK,OK
2026-08-14T08:40:52.480661Z,1394,248.9,0,OK,OK,OK
2026-08-14T08:40:57.970567Z,1392,248.9,0,OK,OK,OK
2026-08-14T08:41:03.474349Z,1278,249.0,0,OK,OK,OK
2026-08-14T08:41:08.990606Z,1269,248.9,0,OK,OK,OK
2026-08-14T08:41:14.497856Z,1279,249.0,0,OK,OK,OK
2026-08-14T08:41:20.042318Z,1273,249.0,0,OK,OK,OK
2026-08-14T08:41:25.549576Z,1283,249.0,0,OK,OK,OK
2026-08-14T08:41:31.075470Z,1273,249.0,0,OK,OK,OK
2026-08-14T08:41:36.599247Z,1277,248.9,0,OK,OK,OK
2026-08-14T08:41:42.100085Z,1269,248.8,0,OK,OK,OK
2026-08-14T08:41:47.611727Z,1277,248.8,0,OK,OK,OK
2026-08-14T08:41:53.117421Z,1270,248.8,0,OK,OK,OK
2026-08-14T08:41:58.594011Z,1268,248.9,0,OK,OK,OK
2026-08-14T08:42:04.117441Z,1269,248.8,0,OK,OK,OK
2026-08-14T08:42:09.579905Z,1270,248.8,0,OK,OK,OK
2026-08-14T08:42:15.086505Z,1272,248.8,0,OK,OK,OK
2026-08-14T08:42:20.569862Z,1267,248.8,0,OK,OK,OK
2026-08-14T08:42:26.079079Z,1268,248.8,0,OK,OK,OK
2026-08-14T08:42:31.533920Z,1268,248.9,0,OK,OK,OK
2026-08-14T08:42:37.017312Z,1267,249.0,0,OK,OK,OK
2026-08-14T08:42:42.534016Z,1269,248.9,0,OK,OK,OK
2026-08-14T08:42:48.042172Z,1273,249.0,0,OK,OK,OK
2026-08-14T08:42:53.555768Z,1268,249.0,0,OK,OK,OK
2026-08-14T08:42:59.062390Z,1270,249.0,0,OK,OK,OK
2026-08-14T08:43:04.551840Z,1272,249.0,0,OK,OK,OK
2026-08-14T08:43:10.057577Z,1268,249.0,0,OK,OK,OK
2026-08-14T08:43:15.529737Z,1268,248.9,0,OK,OK,OK
2026-08-14T08:43:21.020703Z,1267,249.0,0,OK,OK,OK
2026-08-14T08:43:26.560069Z,1269,249.0,0,OK,OK,OK
2026-08-14T08:43:32.054840Z,1262,248.9,0,OK,OK,OK
2026-08-14T08:43:37.540195Z,1267,248.9,0,OK,OK,OK
2026-08-14T08:43:43.044808Z,1271,248.9,0,OK,OK,OK
2026-08-14T08:43:48.567608Z,1272,248.9,0,OK,OK,OK
2026-08-14T08:43:54.058436Z,1265,248.9,0,OK,OK,OK
2026-08-14T08:43:59.584119Z,1258,249.0,0,OK,OK,OK
2026-08-14T08:44:05.067474Z,1263,248.9,0,OK,OK,OK
2026-08-14T08:44:10.532457Z,1261,248.8,0,OK,OK,OK
2026-08-14T08:44:15.991525Z,1257,248.9,0,OK,OK,OK
2026-08-14T08:44:21.495866Z,1260,249.0,0,OK,OK,OK
2026-08-14T08:44:26.996408Z,1278,248.9,0,OK,OK,OK
2026-08-14T08:44:32.464717Z,1256,249.0,0,OK,OK,OK
2026-08-14T08:44:37.960435Z,1254,248.9,0,OK,OK,OK
2026-08-14T08:44:43.475704Z,1253,248.9,0,OK,OK,OK
2026-08-14T08:44:49.005462Z,1254,248.9,0,OK,OK,OK
2026-08-14T08:44:54.515306Z,1256,248.9,0,OK,OK,OK
2026-08-14T08:45:00.002027Z,1260,248.9,0,OK,OK,OK
2026-08-14T08:45:05.545018Z,1253,248.9,0,OK,OK,OK
2026-08-14T08:45:11.062083Z,1256,248.9,0,OK,OK,OK
2026-08-14T08:45:16.544663Z,1252,248.9,0,OK,OK,OK
2026-08-14T08:45:22.057526Z,1258,248.9,0,OK,OK,OK
2026-08-14T08:45:27.611981Z,1262,248.9,0,OK,OK,OK
2026-08-14T08:45:33.069503Z,1241,248.9,0,OK,OK,OK
2026-08-14T08:45:38.623917Z,1324,248.9,0,OK,OK,OK
2026-08-14T08:45:44.131448Z,1253,248.9,0,OK,OK,OK
2026-08-14T08:45:49.628110Z,1253,248.9,0,OK,OK,OK
2026-08-14T08:45:55.125678Z,1255,248.9,0,OK,OK,OK
2026-08-14T08:46:00.652015Z,1254,249.0,0,OK,OK,OK
2026-08-14T08:46:06.172332Z,1253,248.9,0,OK,OK,OK
2026-08-14T08:46:11.666829Z,1263,248.9,0,OK,OK,OK
2026-08-14T08:46:17.166121Z,1252,248.9,0,OK,OK,OK
2026-08-14T08:46:22.684768Z,1252,248.9,0,OK,OK,OK
2026-08-14T08:46:28.190119Z,1260,248.9,0,OK,OK,OK
2026-08-14T08:46:33.679426Z,1250,248.9,0,OK,OK,OK
2026-08-14T08:46:39.194824Z,1248,248.9,0,OK,OK,OK
2026-08-14T08:46:44.675712Z,1252,248.9,0,OK,OK,OK
2026-08-14T08:46:50.171423Z,1253,248.9,0,OK,OK,OK
2026-08-14T08:46:55.663518Z,1254,248.9,0,OK,OK,OK
2026-08-14T08:47:01.185094Z,1250,248.8,0,OK,OK,OK
2026-08-14T08:47:06.721945Z,1250,248.8,0,OK,OK,OK
2026-08-14T08:47:12.165572Z,1253,248.8,0,OK,OK,OK
2026-08-14T08:47:17.676886Z,1261,248.8,0,OK,OK,OK
2026-08-14T08:47:23.216048Z,1254,248.8,0,OK,OK,OK
2026-08-14T08:47:28.708356Z,1271,248.8,0,OK,OK,OK
2026-08-14T08:47:34.214883Z,1282,248.7,0,OK,OK,OK
2026-08-14T08:47:39.698065Z,1277,248.8,0,OK,OK,OK
2026-08-14T08:47:45.223849Z,1270,248.8,0,OK,OK,OK
2026-08-14T08:47:50.742170Z,1274,248.8,0,OK,OK,OK
2026-08-14T08:47:56.266336Z,1267,248.9,0,OK,OK,OK
2026-08-14T08:48:01.744810Z,1276,248.8,0,OK,OK,OK
2026-08-14T08:48:07.242112Z,1275,248.8,0,OK,OK,OK
2026-08-14T08:48:12.712030Z,1274,248.7,0,OK,OK,OK
2026-08-14T08:48:18.207505Z,1270,248.7,0,OK,OK,OK
2026-08-14T08:48:23.672640Z,1273,248.7,0,OK,OK,OK
2026-08-14T08:48:29.199512Z,1270,248.7,0,OK,OK,OK
2026-08-14T08:48:34.686046Z,1270,248.9,0,OK,OK,OK
2026-08-14T08:48:40.168316Z,1257,248.9,0,OK,OK,OK
2026-08-14T08:48:45.679017Z,1266,248.8,0,OK,OK,OK
2026-08-14T08:48:51.217342Z,1268,248.9,0,OK,OK,OK
2026-08-14T08:48:56.724819Z,1271,248.9,0,OK,OK,OK
2026-08-14T08:49:02.247971Z,1274,248.9,0,OK,OK,OK
2026-08-14T08:49:07.751563Z,1276,248.9,0,OK,OK,OK
2026-08-14T08:49:13.288868Z,1271,248.9,0,OK,OK,OK
2026-08-14T08:49:18.792128Z,1277,248.9,0,OK,OK,OK
2026-08-14T08:49:24.315474Z,1276,248.9,0,OK,OK,OK
2026-08-14T08:49:29.842798Z,1278,248.9,0,OK,OK,OK
2026-08-14T08:49:35.355256Z,1290,248.9,0,OK,OK,OK
2026-08-14T08:49:40.885409Z,1271,248.9,0,OK,OK,OK
2026-08-14T08:49:46.392671Z,1267,248.9,0,OK,OK,OK
2026-08-14T08:49:51.898434Z,1274,248.9,0,OK,OK,OK
2026-08-14T08:49:57.420757Z,1276,248.9,0,OK,OK,OK
2026-08-14T08:50:02.942696Z,1274,248.9,0,OK,OK,OK
2026-08-14T08:50:08.424926Z,1276,248.9,0,OK,OK,OK
2026-08-14T08:50:13.933796Z,1279,248.9,0,OK,OK,OK
2026-08-14T08:50:19.467942Z,1274,248.8,0,OK,OK,OK
2026-08-14T08:50:24.919377Z,1273,248.9,0,OK,OK,OK
2026-08-14T08:50:30.438885Z,1271,248.9,0,OK,OK,OK
2026-08-14T08:50:35.916526Z,1273,248.9,0,OK,OK,OK
2026-08-14T08:50:41.415716Z,1283,248.9,0,OK,OK,OK
2026-08-14T08:50:46.930356Z,1275,248.9,0,OK,OK,OK
2026-08-14T08:50:52.444580Z,1281,248.9,0,OK,OK,OK
2026-08-14T08:50:57.954769Z,1369,248.9,0,OK,OK,OK
2026-08-14T08:51:03.465837Z,1381,248.9,0,OK,OK,OK
2026-08-14T08:51:08.999433Z,1391,248.8,0,OK,OK,OK
2026-08-14T08:51:14.486812Z,1409,248.8,0,OK,OK,OK
2026-08-14T08:51:19.995617Z,1384,248.8,0,OK,OK,OK
2026-08-14T08:51:25.515737Z,1387,248.9,0,OK,OK,OK
2026-08-14T08:51:30.996395Z,1389,248.9,0,OK,OK,OK
2026-08-14T08:51:36.536257Z,1391,248.9,0,OK,OK,OK
2026-08-14T08:51:42.023941Z,1428,248.9,0,OK,OK,OK
2026-08-14T08:51:47.512729Z,1393,248.8,0,OK,OK,OK
2026-08-14T08:51:53.059343Z,1389,248.8,0,OK,OK,OK
2026-08-14T08:51:58.567329Z,1388,249.0,0,OK,OK,OK
2026-08-14T08:52:04.068873Z,1384,249.0,0,OK,OK,OK
2026-08-14T08:52:09.613843Z,1389,248.9,0,OK,OK,OK
2026-08-14T08:52:15.150472Z,1382,248.9,0,OK,OK,OK
2026-08-14T08:52:20.692610Z,1377,248.9,0,OK,OK,OK
2026-08-14T08:52:26.199372Z,1378,248.9,0,OK,OK,OK
2026-08-14T08:52:31.707905Z,1380,249.0,0,OK,OK,OK
2026-08-14T08:52:37.236200Z,1373,249.0,0,OK,OK,OK
2026-08-14T08:52:42.745353Z,1377,248.9,0,OK,OK,OK
2026-08-14T08:52:48.267302Z,1373,248.9,0,OK,OK,OK
2026-08-14T08:52:53.741897Z,1370,248.9,0,OK,OK,OK
2026-08-14T08:52:59.192301Z,1362,248.9,0,OK,OK,OK
2026-08-14T08:53:04.730338Z,1369,248.9,0,OK,OK,OK
2026-08-14T08:53:10.203404Z,1363,248.7,0,OK,OK,OK
2026-08-14T08:53:15.708474Z,1367,248.8,0,OK,OK,OK
2026-08-14T08:53:21.223347Z,1364,248.6,0,OK,OK,OK
2026-08-14T08:53:26.665198Z,1373,248.8,0,OK,OK,OK
2026-08-14T08:53:32.206817Z,1366,248.8,0,OK,OK,OK
2026-08-14T08:53:37.677808Z,1369,248.8,0,OK,OK,OK
2026-08-14T08:53:43.188326Z,1362,248.8,0,OK,OK,OK
2026-08-14T08:53:48.642534Z,1365,248.8,0,OK,OK,OK
2026-08-14T08:53:54.142055Z,1365,248.8,0,OK,OK,OK
2026-08-14T08:53:59.607991Z,1366,248.8,0,OK,OK,OK
2026-08-14T08:54:05.147189Z,1372,248.7,0,OK,OK,OK
2026-08-14T08:54:10.621561Z,1360,248.5,0,OK,OK,OK
2026-08-14T08:54:16.169956Z,1350,248.6,0,OK,OK,OK
2026-08-14T08:54:21.633184Z,1351,248.6,0,OK,OK,OK
2026-08-14T08:54:27.135927Z,1340,248.6,0,OK,OK,OK
2026-08-14T08:54:32.630310Z,1343,248.6,0,OK,OK,OK
2026-08-14T08:54:38.146723Z,1324,248.7,0,OK,OK,OK
2026-08-14T08:54:43.645239Z,1337,248.8,0,OK,OK,OK
2026-08-14T08:54:49.127758Z,1339,248.8,0,OK,OK,OK
2026-08-14T08:54:54.641142Z,1335,248.8,0,OK,OK,OK
2026-08-14T08:55:00.159044Z,1331,248.8,0,OK,OK,OK
2026-08-14T08:55:05.674325Z,1326,248.8,0,OK,OK,OK
2026-08-14T08:55:11.180862Z,1327,248.7,0,OK,OK,OK
2026-08-14T08:55:16.723893Z,1359,248.8,0,OK,OK,OK
2026-08-14T08:55:22.246446Z,1352,248.8,0,OK,OK,OK
2026-08-14T08:55:27.741703Z,1382,248.6,0,OK,OK,OK
2026-08-14T08:55:33.234025Z,1378,248.7,0,OK,OK,OK
2026-08-14T08:55:38.743810Z,1409,248.7,0,OK,OK,OK
2026-08-14T08:55:44.274884Z,1421,248.6,0,OK,OK,OK
2026-08-14T08:55:49.770048Z,1450,248.6,0,OK,OK,OK
2026-08-14T08:55:55.303872Z,1462,248.7,0,OK,OK,OK
2026-08-14T08:56:00.834856Z,1451,248.8,0,OK,OK,OK
2026-08-14T08:56:06.352555Z,1457,248.8,0,OK,OK,OK
2026-08-14T08:56:11.841236Z,1473,248.6,0,OK,OK,OK
2026-08-14T08:56:17.340461Z,1521,248.7,0,OK,OK,OK
2026-08-14T08:56:22.876553Z,1470,248.8,0,OK,OK,OK
2026-08-14T08:56:28.399501Z,1464,248.6,0,OK,OK,OK
2026-08-14T08:56:33.921054Z,1469,248.8,0,OK,OK,OK
2026-08-14T08:56:39.440300Z,1466,248.6,0,OK,OK,OK
2026-08-14T08:56:44.945340Z,1469,248.6,0,OK,OK,OK
2026-08-14T08:56:50.440676Z,1454,248.6,0,OK,OK,OK
2026-08-14T08:56:55.888747Z,1469,248.6,0,OK,OK,OK
2026-08-14T08:57:01.382235Z,1469,248.6,0,OK,OK,OK
2026-08-14T08:57:06.911934Z,1462,248.6,0,OK,OK,OK
2026-08-14T08:57:12.424574Z,1473,248.6,0,OK,OK,OK
2026-08-14T08:57:17.917954Z,1465,248.7,0,OK,OK,OK
2026-08-14T08:57:23.469248Z,1477,248.7,0,OK,OK,OK
2026-08-14T08:57:29.000516Z,1465,248.8,0,OK,OK,OK
2026-08-14T08:57:34.489165Z,1462,248.5,0,OK,OK,OK
2026-08-14T08:57:40.028649Z,1456,248.3,0,OK,OK,OK
2026-08-14T08:57:45.559894Z,1458,248.3,0,OK,OK,OK
2026-08-14T08:57:51.065166Z,1461,248.3,0,OK,OK,OK
2026-08-14T08:57:56.561590Z,1447,247.0,0,OK,OK,OK
2026-08-14T08:58:02.067555Z,1450,247.5,0,OK,OK,OK
2026-08-14T08:58:07.584258Z,1456,247.5,0,OK,OK,OK
2026-08-14T08:58:13.089219Z,1452,247.5,0,OK,OK,OK
2026-08-14T08:58:18.568330Z,1458,247.6,0,OK,OK,OK
2026-08-14T08:58:24.050660Z,1456,247.5,0,OK,OK,OK
2026-08-14T08:58:29.581903Z,1460,247.5,0,OK,OK,OK
2026-08-14T08:58:35.120862Z,1451,247.5,0,OK,OK,OK
2026-08-14T08:58:40.641811Z,1428,247.5,0,OK,OK,OK
2026-08-14T08:58:46.199454Z,1426,247.5,0,OK,OK,OK
2026-08-14T08:58:51.706925Z,1423,247.4,0,OK,OK,OK
2026-08-14T08:58:57.242886Z,1444,247.4,0,OK,OK,OK
2026-08-14T08:59:02.737873Z,1427,247.4,0,OK,OK,OK
2026-08-14T08:59:08.223818Z,1426,247.6,0,OK,OK,OK
2026-08-14T08:59:13.744918Z,1431,247.4,0,OK,OK,OK
2026-08-14T08:59:19.300247Z,1424,247.4,0,OK,OK,OK
2026-08-14T08:59:24.816216Z,1429,247.6,0,OK,OK,OK
2026-08-14T08:59:30.334034Z,1424,247.6,0,OK,OK,OK
2026-08-14T08:59:35.818884Z,1431,247.6,0,OK,OK,OK
2026-08-14T08:59:41.317417Z,1427,247.6,0,OK,OK,OK
2026-08-14T08:59:46.836230Z,1432,247.6,0,OK,OK,OK
2026-08-14T08:59:52.377165Z,1441,247.6,0,OK,OK,OK
2026-08-14T08:59:57.890059Z,1419,247.7,0,OK,OK,OK
2026-08-14T09:00:03.397387Z,1446,247.6,0,OK,OK,OK
2026-08-14T09:00:08.934457Z,1428,247.6,0,OK,OK,OK
2026-08-14T09:00:14.416972Z,1424,247.6,0,OK,OK,OK
2026-08-14T09:00:19.927309Z,1405,247.7,0,OK,OK,OK
2026-08-14T09:00:25.433090Z,1396,247.6,0,OK,OK,OK
2026-08-14T09:00:30.939468Z,1397,247.6,0,OK,OK,OK
2026-08-14T09:00:36.469147Z,1397,247.6,0,OK,OK,OK
2026-08-14T09:00:41.971664Z,1400,247.6,0,OK,OK,OK
2026-08-14T09:00:47.530250Z,1396,247.6,0,OK,OK,OK
2026-08-14T09:00:53.053788Z,1396,247.6,0,OK,OK,OK
2026-08-14T09:00:58.533838Z,1393,247.7,0,OK,OK,OK
2026-08-14T09:01:04.020759Z,1401,247.6,0,OK,OK,OK
2026-08-14T09:01:09.511535Z,1400,247.7,0,OK,OK,OK
2026-08-14T09:01:14.987901Z,1390,247.7,0,OK,OK,OK
2026-08-14T09:01:20.485439Z,1399,247.6,0,OK,OK,OK
2026-08-14T09:01:25.972535Z,1392,247.6,0,OK,OK,OK
2026-08-14T09:01:31.471563Z,1397,247.6,0,OK,OK,OK
2026-08-14T09:01:37.001327Z,1403,247.6,0,OK,OK,OK
2026-08-14T09:01:42.502195Z,1402,247.6,0,OK,OK,OK
2026-08-14T09:01:47.980187Z,1382,247.6,0,OK,OK,OK
2026-08-14T09:01:53.479305Z,1368,247.6,0,OK,OK,OK
2026-08-14T09:01:58.980844Z,1339,248.2,0,OK,OK,OK
2026-08-14T09:02:04.481017Z,1339,248.2,0,OK,OK,OK
2026-08-14T09:02:10.011484Z,1311,248.2,0,OK,OK,OK
2026-08-14T09:02:15.549490Z,1303,248.2,0,OK,OK,OK
2026-08-14T09:02:21.058448Z,1309,248.3,0,OK,OK,OK
2026-08-14T09:02:26.540842Z,1300,248.3,0,OK,OK,OK
2026-08-14T09:02:32.070628Z,1300,248.3,0,OK,OK,OK
2026-08-14T09:02:37.568601Z,1306,248.3,0,OK,OK,OK
2026-08-14T09:02:43.058624Z,1322,248.3,0,OK,OK,OK
2026-08-14T09:02:48.607350Z,1300,248.3,0,OK,OK,OK
2026-08-14T09:02:54.149404Z,1299,248.4,0,OK,OK,OK
2026-08-14T09:02:59.687919Z,1301,248.4,0,OK,OK,OK
2026-08-14T09:03:05.179648Z,1301,248.4,0,OK,OK,OK
2026-08-14T09:03:10.714166Z,1306,248.2,0,OK,OK,OK
2026-08-14T09:03:16.195683Z,1295,248.2,0,OK,OK,OK
2026-08-14T09:03:21.676885Z,1297,248.2,0,OK,OK,OK
2026-08-14T09:03:27.191140Z,1322,248.6,0,OK,OK,OK
2026-08-14T09:03:32.725290Z,1311,248.6,0,OK,OK,OK
2026-08-14T09:03:38.256095Z,1286,248.6,0,OK,OK,OK
2026-08-14T09:03:43.743728Z,1296,248.6,0,OK,OK,OK
2026-08-14T09:03:49.259658Z,1294,248.6,0,OK,OK,OK
2026-08-14T09:03:54.775760Z,1306,248.5,0,OK,OK,OK
2026-08-14T09:04:00.312090Z,1314,248.5,0,OK,OK,OK
2026-08-14T09:04:05.814842Z,1314,248.5,0,OK,OK,OK
2026-08-14T09:04:11.327031Z,1284,248.5,0,OK,OK,OK
2026-08-14T09:04:16.846970Z,1300,248.7,0,OK,OK,OK
2026-08-14T09:04:22.365574Z,1293,248.5,0,OK,OK,OK
2026-08-14T09:04:27.851787Z,1313,248.5,0,OK,OK,OK
2026-08-14T09:04:33.368920Z,1297,248.6,0,OK,OK,OK
2026-08-14T09:04:38.837009Z,1295,248.6,0,OK,OK,OK
2026-08-14T09:04:44.359430Z,1289,248.4,0,OK,OK,OK
2026-08-14T09:04:49.788549Z,1304,248.4,0,OK,OK,OK
2026-08-14T09:04:55.273318Z,1284,248.6,0,OK,OK,OK
2026-08-14T09:05:00.738308Z,1287,248.6,0,OK,OK,OK
2026-08-14T09:05:06.259421Z,1289,248.5,0,OK,OK,OK
2026-08-14T09:05:11.734901Z,1282,248.5,0,OK,OK,OK
2026-08-14T09:05:17.249799Z,1306,248.5,0,OK,OK,OK
2026-08-14T09:05:22.747035Z,1298,248.6,0,OK,OK,OK
2026-08-14T09:05:28.251694Z,1295,248.7,0,OK,OK,OK
2026-08-14T09:05:33.788739Z,1291,248.6,0,OK,OK,OK
2026-08-14T09:05:39.326199Z,1285,248.6,0,OK,OK,OK
2026-08-14T09:05:44.852318Z,1288,248.6,0,OK,OK,OK
2026-08-14T09:05:50.388198Z,1284,248.6,0,OK,OK,OK
2026-08-14T09:05:55.880213Z,1290,248.5,0,OK,OK,OK
2026-08-14T09:06:01.364829Z,1282,248.5,0,OK,OK,OK
2026-08-14T09:06:06.875492Z,1302,248.5,0,OK,OK,OK
2026-08-14T09:06:12.386750Z,1297,248.6,0,OK,OK,OK
2026-08-14T09:06:17.902520Z,1298,248.7,0,OK,OK,OK
2026-08-14T09:06:23.402720Z,1294,248.7,0,OK,OK,OK
2026-08-14T09:06:28.901272Z,1332,248.6,0,OK,OK,OK
2026-08-14T09:06:34.400553Z,1295,248.6,0,OK,OK,OK
2026-08-14T09:06:39.917624Z,1293,248.5,0,OK,OK,OK
2026-08-14T09:06:45.441757Z,1290,248.7,0,OK,OK,OK
2026-08-14T09:06:50.946901Z,1292,248.7,0,OK,OK,OK
2026-08-14T09:06:56.419329Z,1290,248.7,0,OK,OK,OK
2026-08-14T09:07:01.965173Z,1292,248.7,0,OK,OK,OK
2026-08-14T09:07:07.454364Z,1292,248.7,0,OK,OK,OK
2026-08-14T09:07:12.961099Z,1289,248.5,0,OK,OK,OK
2026-08-14T09:07:18.478364Z,1290,248.7,0,OK,OK,OK
2026-08-14T09:07:23.980821Z,1286,248.7,0,OK,OK,OK
2026-08-14T09:07:29.497327Z,1300,248.7,0,OK,OK,OK
2026-08-14T09:07:35.011902Z,1293,248.5,0,OK,OK,OK
2026-08-14T09:07:40.562663Z,1287,248.4,0,OK,OK,OK
2026-08-14T09:07:46.082345Z,1299,248.7,0,OK,OK,OK
2026-08-14T09:07:51.621135Z,1286,248.7,0,OK,OK,OK
2026-08-14T09:07:57.149028Z,1289,248.7,0,OK,OK,OK
2026-08-14T09:08:02.613707Z,1285,248.6,0,OK,OK,OK
2026-08-14T09:08:08.127954Z,1282,248.6,0,OK,OK,OK
2026-08-14T09:08:13.626883Z,1280,248.5,0,OK,OK,OK
2026-08-14T09:08:19.120894Z,1282,248.6,0,OK,OK,OK
2026-08-14T09:08:24.639083Z,1296,248.6,0,OK,OK,OK
2026-08-14T09:08:30.171641Z,1282,248.6,0,OK,OK,OK
2026-08-14T09:08:35.666089Z,1279,248.6,0,OK,OK,OK
2026-08-14T09:08:41.203866Z,1283,248.6,0,OK,OK,OK
2026-08-14T09:08:46.712509Z,1291,248.6,0,OK,OK,OK
2026-08-14T09:08:52.206513Z,1289,248.4,0,OK,OK,OK
2026-08-14T09:08:57.746038Z,1288,248.6,0,OK,OK,OK
2026-08-14T09:09:03.292048Z,1284,248.6,0,OK,OK,OK
2026-08-14T09:09:08.813546Z,1290,248.6,0,OK,OK,OK
2026-08-14T09:09:14.283203Z,1291,248.6,0,OK,OK,OK
2026-08-14T09:09:19.819176Z,1288,248.6,0,OK,OK,OK
2026-08-14T09:09:25.326916Z,1288,248.6,0,OK,OK,OK
2026-08-14T09:09:30.849548Z,1288,248.6,0,OK,OK,OK
2026-08-14T09:09:36.354131Z,1286,248.5,0,OK,OK,OK
2026-08-14T09:09:41.829475Z,1295,248.5,0,OK,OK,OK
2026-08-14T09:09:47.344935Z,1300,248.5,0,OK,OK,OK
2026-08-14T09:09:52.849896Z,1292,248.5,0,OK,OK,OK
2026-08-14T09:09:58.343653Z,1291,248.5,0,OK,OK,OK
2026-08-14T09:10:03.858404Z,1295,248.5,0,OK,OK,OK
2026-08-14T09:10:09.359394Z,1289,248.5,0,OK,OK,OK
2026-08-14T09:10:14.879253Z,1293,248.6,0,OK,OK,OK
2026-08-14T09:10:20.409497Z,1293,248.6,0,OK,OK,OK
2026-08-14T09:10:25.913853Z,1290,248.6,0,OK,OK,OK
2026-08-14T09:10:31.424601Z,1285,248.4,0,OK,OK,OK
2026-08-14T09:10:36.942345Z,1291,248.4,0,OK,OK,OK
2026-08-14T09:10:42.428253Z,1287,248.5,0,OK,OK,OK
2026-08-14T09:10:47.960634Z,1292,248.5,0,OK,OK,OK
2026-08-14T09:10:53.455926Z,1269,248.5,0,OK,OK,OK
2026-08-14T09:10:58.949738Z,1286,248.4,0,OK,OK,OK
2026-08-14T09:11:04.455936Z,1287,248.5,0,OK,OK,OK
2026-08-14T09:11:09.916501Z,1306,248.5,0,OK,OK,OK
2026-08-14T09:11:15.445808Z,1289,248.5,0,OK,OK,OK
2026-08-14T09:11:20.912725Z,1295,248.5,0,OK,OK,OK
2026-08-14T09:11:26.413131Z,1286,248.5,0,OK,OK,OK
2026-08-14T09:11:31.908674Z,1284,248.6,0,OK,OK,OK
2026-08-14T09:11:37.417915Z,1294,248.5,0,OK,OK,OK
2026-08-14T09:11:42.919963Z,1290,248.5,0,OK,OK,OK
2026-08-14T09:11:48.446467Z,1293,248.4,0,OK,OK,OK
2026-08-14T09:11:53.965412Z,1285,248.4,0,OK,OK,OK
2026-08-14T09:11:59.470160Z,1282,248.5,0,OK,OK,OK
2026-08-14T09:12:04.965352Z,1286,248.5,0,OK,OK,OK
2026-08-14T09:12:10.488604Z,1285,248.5,0,OK,OK,OK
2026-08-14T09:12:15.999281Z,1281,248.5,0,OK,OK,OK
2026-08-14T09:12:21.491364Z,1286,248.5,0,OK,OK,OK
2026-08-14T09:12:27.023308Z,1289,248.4,0,OK,OK,OK
2026-08-14T09:12:32.574261Z,1292,248.4,0,OK,OK,OK
2026-08-14T09:12:38.048933Z,1284,248.4,0,OK,OK,OK
2026-08-14T09:12:43.515085Z,1286,248.4,0,OK,OK,OK
2026-08-14T09:12:49.021635Z,1284,248.5,0,OK,OK,OK
2026-08-14T09:12:54.535360Z,1287,248.4,0,OK,OK,OK
2026-08-14T09:13:00.060673Z,1285,248.5,0,OK,OK,OK
2026-08-14T09:13:05.505808Z,1284,248.4,0,OK,OK,OK
2026-08-14T09:13:10.992074Z,1288,248.3,0,OK,OK,OK
2026-08-14T09:13:16.502039Z,1289,248.4,0,OK,OK,OK
2026-08-14T09:13:22.007475Z,1297,248.4,0,OK,OK,OK
2026-08-14T09:13:27.520744Z,1305,248.5,0,OK,OK,OK
2026-08-14T09:13:33.036069Z,1288,248.4,0,OK,OK,OK
2026-08-14T09:13:38.512753Z,1296,248.7,0,OK,OK,OK
2026-08-14T09:13:43.995237Z,1291,248.8,0,OK,OK,OK
2026-08-14T09:13:49.475936Z,1292,248.8,0,OK,OK,OK
2026-08-14T09:13:55.002000Z,1291,248.9,0,OK,OK,OK
2026-08-14T09:14:00.471758Z,1293,248.9,0,OK,OK,OK
2026-08-14T09:14:06.013102Z,1295,248.9,0,OK,OK,OK
2026-08-14T09:14:11.484922Z,1291,248.9,0,OK,OK,OK
2026-08-14T09:14:17.000637Z,1299,248.9,0,OK,OK,OK
2026-08-14T09:14:22.500453Z,1290,248.8,0,OK,OK,OK
2026-08-14T09:14:28.034254Z,1299,248.8,0,OK,OK,OK
2026-08-14T09:14:33.527465Z,1296,248.8,0,OK,OK,OK
2026-08-14T09:14:39.027406Z,1290,248.7,0,OK,OK,OK
2026-08-14T09:14:44.538642Z,1294,248.6,0,OK,OK,OK
2026-08-14T09:14:50.023219Z,1316,248.8,0,OK,OK,OK
2026-08-14T09:14:55.507385Z,1288,248.7,0,OK,OK,OK
2026-08-14T09:15:01.028426Z,1302,248.7,0,OK,OK,OK
2026-08-14T09:15:06.519355Z,1294,248.8,0,OK,OK,OK
2026-08-14T09:15:11.999074Z,1306,248.7,0,OK,OK,OK
2026-08-14T09:15:17.480284Z,1308,248.8,0,OK,OK,OK
2026-08-14T09:15:22.970529Z,1296,248.8,0,OK,OK,OK
2026-08-14T09:15:28.513125Z,1291,248.8,0,OK,OK,OK
2026-08-14T09:15:33.970301Z,1295,248.8,0,OK,OK,OK
2026-08-14T09:15:39.510983Z,1292,248.8,0,OK,OK,OK
2026-08-14T09:15:44.953998Z,1304,248.8,0,OK,OK,OK
2026-08-14T09:15:50.465851Z,1297,248.8,0,OK,OK,OK
2026-08-14T09:15:55.935220Z,1298,248.8,0,OK,OK,OK
2026-08-14T09:16:01.433833Z,1296,248.8,0,OK,OK,OK
2026-08-14T09:16:06.900750Z,1300,248.8,0,OK,OK,OK
2026-08-14T09:16:12.384388Z,1305,248.8,0,OK,OK,OK
2026-08-14T09:16:17.898568Z,1301,248.7,0,OK,OK,OK
2026-08-14T09:16:23.402969Z,1297,248.7,0,OK,OK,OK
2026-08-14T09:16:28.880455Z,1301,248.8,0,OK,OK,OK
2026-08-14T09:16:34.371746Z,1300,248.7,0,OK,OK,OK
2026-08-14T09:16:39.854130Z,1294,248.8,0,OK,OK,OK
2026-08-14T09:16:45.327850Z,1302,248.8,0,OK,OK,OK
2026-08-14T09:16:50.832248Z,1297,248.8,0,OK,OK,OK
2026-08-14T09:16:56.356514Z,1316,248.8,0,OK,OK,OK
2026-08-14T09:17:01.880065Z,1298,248.7,0,OK,OK,OK
2026-08-14T09:17:07.368556Z,1310,248.7,0,OK,OK,OK
2026-08-14T09:17:12.884961Z,1300,248.7,0,OK,OK,OK
2026-08-14T09:17:18.378735Z,1304,248.7,0,OK,OK,OK
2026-08-14T09:17:23.884374Z,1301,248.8,0,OK,OK,OK
2026-08-14T09:17:29.357890Z,1329,248.8,0,OK,OK,OK
2026-08-14T09:17:34.860065Z,1301,248.8,0,OK,OK,OK
2026-08-14T09:17:40.323729Z,1304,248.8,0,OK,OK,OK
2026-08-14T09:17:45.792195Z,1298,248.9,0,OK,OK,OK
2026-08-14T09:17:51.272504Z,1297,248.8,0,OK,OK,OK
2026-08-14T09:17:56.771565Z,1300,248.9,0,OK,OK,OK
2026-08-14T09:18:02.253369Z,1312,248.8,0,OK,OK,OK
2026-08-14T09:18:07.761148Z,1304,248.8,0,OK,OK,OK
2026-08-14T09:18:13.265231Z,1309,248.8,0,OK,OK,OK
2026-08-14T09:18:18.747240Z,1303,248.7,0,OK,OK,OK
2026-08-14T09:18:24.245853Z,1311,248.7,0,OK,OK,OK
2026-08-14T09:18:29.732759Z,1302,248.7,0,OK,OK,OK
2026-08-14T09:18:35.213294Z,1300,248.7,0,OK,OK,OK
2026-08-14T09:18:40.746918Z,1296,248.7,0,OK,OK,OK
2026-08-14T09:18:46.245732Z,1304,248.8,0,OK,OK,OK
2026-08-14T09:18:51.763026Z,1302,248.9,0,OK,OK,OK
2026-08-14T09:18:57.289018Z,1306,248.8,0,OK,OK,OK
2026-08-14T09:19:02.782636Z,1321,248.8,0,OK,OK,OK
2026-08-14T09:19:08.278852Z,1306,248.8,0,OK,OK,OK
2026-08-14T09:19:13.791938Z,1301,248.9,0,OK,OK,OK
2026-08-14T09:19:19.296652Z,1312,248.7,0,OK,OK,OK
2026-08-14T09:19:24.810498Z,1305,248.8,0,OK,OK,OK
2026-08-14T09:19:30.343010Z,1310,248.7,0,OK,OK,OK
2026-08-14T09:19:35.863352Z,1309,248.8,0,OK,OK,OK
2026-08-14T09:19:41.352552Z,1308,248.7,0,OK,OK,OK
2026-08-14T09:19:46.864735Z,1303,248.7,0,OK,OK,OK
2026-08-14T09:19:52.390598Z,1307,248.7,0,OK,OK,OK
2026-08-14T09:19:57.912002Z,1309,248.9,0,OK,OK,OK
2026-08-14T09:20:03.404850Z,1309,248.7,0,OK,OK,OK
2026-08-14T09:20:08.925774Z,1310,248.7,0,OK,OK,OK
2026-08-14T09:20:14.442024Z,1307,248.8,0,OK,OK,OK
2026-08-14T09:20:19.977808Z,1316,249.0,0,OK,OK,OK
2026-08-14T09:20:25.482583Z,1326,248.9,0,OK,OK,OK
2026-08-14T09:20:30.964286Z,1294,249.0,0,OK,OK,OK
2026-08-14T09:20:36.521279Z,1293,248.9,0,OK,OK,OK
2026-08-14T09:20:42.041738Z,1291,248.8,0,OK,OK,OK
2026-08-14T09:20:47.563451Z,1298,248.9,0,OK,OK,OK
2026-08-14T09:20:53.021503Z,1290,248.9,0,OK,OK,OK
2026-08-14T09:20:58.539088Z,1272,248.9,0,OK,OK,OK
2026-08-14T09:21:04.059632Z,1342,248.9,0,OK,OK,OK
2026-08-14T09:21:09.570360Z,1272,248.9,0,OK,OK,OK
2026-08-14T09:21:15.096408Z,1277,248.9,0,OK,OK,OK
2026-08-14T09:21:20.593646Z,1266,248.9,0,OK,OK,OK
2026-08-14T09:21:26.131751Z,1287,248.8,0,OK,OK,OK
2026-08-14T09:21:31.645255Z,1184,248.9,0,OK,OK,OK
2026-08-14T09:21:37.152715Z,1189,249.0,0,OK,OK,OK
2026-08-14T09:21:42.682956Z,1176,249.1,0,OK,OK,OK
2026-08-14T09:21:48.198298Z,1185,249.1,0,OK,OK,OK
2026-08-14T09:21:53.701921Z,1193,249.1,0,OK,OK,OK
2026-08-14T09:21:59.210397Z,1228,249.0,0,OK,OK,OK
2026-08-14T09:22:04.712347Z,1230,248.8,0,OK,OK,OK
2026-08-14T09:22:10.245335Z,1252,248.9,0,OK,OK,OK
2026-08-14T09:22:15.737664Z,1254,248.9,0,OK,OK,OK
2026-08-14T09:22:21.236717Z,1269,248.9,0,OK,OK,OK
2026-08-14T09:22:26.765142Z,1266,248.8,0,OK,OK,OK
2026-08-14T09:22:32.258807Z,1314,249.0,0,OK,OK,OK
2026-08-14T09:22:37.781889Z,1316,249.0,0,OK,OK,OK
2026-08-14T09:22:43.240536Z,1302,248.9,0,OK,OK,OK
2026-08-14T09:22:48.764517Z,1300,248.8,0,OK,OK,OK
2026-08-14T09:22:54.220295Z,1301,248.8,0,OK,OK,OK
2026-08-14T09:22:59.718483Z,1304,248.8,0,OK,OK,OK
2026-08-14T09:23:05.185601Z,1310,248.8,0,OK,OK,OK
2026-08-14T09:23:10.671103Z,1316,248.8,0,OK,OK,OK
2026-08-14T09:23:16.165834Z,1302,248.8,0,OK,OK,OK
2026-08-14T09:23:21.687600Z,1303,248.8,0,OK,OK,OK
2026-08-14T09:23:27.193873Z,1322,248.8,0,OK,OK,OK
2026-08-14T09:23:32.675461Z,1316,248.8,0,OK,OK,OK
2026-08-14T09:23:38.167422Z,1309,248.8,0,OK,OK,OK
2026-08-14T09:23:43.660491Z,1310,248.9,0,OK,OK,OK
2026-08-14T09:23:49.164295Z,1308,248.8,0,OK,OK,OK
2026-08-14T09:23:54.665786Z,1313,248.8,0,OK,OK,OK
2026-08-14T09:24:00.154526Z,1284,248.8,0,OK,OK,OK
2026-08-14T09:24:05.687617Z,1283,248.9,0,OK,OK,OK
2026-08-14T09:24:11.201135Z,1285,248.7,0,OK,OK,OK
2026-08-14T09:24:16.755929Z,1279,248.8,0,OK,OK,OK
2026-08-14T09:24:22.279745Z,1274,248.7,0,OK,OK,OK
2026-08-14T09:24:27.772548Z,1307,248.7,0,OK,OK,OK
2026-08-14T09:24:33.265689Z,1261,248.7,0,OK,OK,OK
2026-08-14T09:24:38.735590Z,1251,248.7,0,OK,OK,OK
2026-08-14T09:24:44.262664Z,1255,248.8,0,OK,OK,OK
2026-08-14T09:24:49.757734Z,1232,248.8,0,OK,OK,OK
2026-08-14T09:24:55.261033Z,1224,248.8,0,OK,OK,OK
2026-08-14T09:25:00.704444Z,1228,248.6,0,OK,OK,OK
2026-08-14T09:25:06.200686Z,1226,248.6,0,OK,OK,OK
2026-08-14T09:25:11.645683Z,1206,248.6,0,OK,OK,OK
2026-08-14T09:25:17.135822Z,1197,248.6,0,OK,OK,OK
2026-08-14T09:25:22.610900Z,1198,248.7,0,OK,OK,OK
2026-08-14T09:25:28.122727Z,1196,248.6,0,OK,OK,OK
2026-08-14T09:25:33.606938Z,1196,248.6,0,OK,OK,OK
2026-08-14T09:25:39.128985Z,1193,248.6,0,OK,OK,OK
2026-08-14T09:25:44.635052Z,1191,248.6,0,OK,OK,OK
2026-08-14T09:25:50.158445Z,1192,248.6,0,OK,OK,OK
2026-08-14T09:25:55.647539Z,1190,248.6,0,OK,OK,OK
2026-08-14T09:26:01.132763Z,1205,248.6,0,OK,OK,OK
2026-08-14T09:26:06.631465Z,1190,248.6,0,OK,OK,OK
2026-08-14T09:26:12.151195Z,1198,248.5,0,OK,OK,OK
2026-08-14T09:26:17.693334Z,1206,248.5,0,OK,OK,OK
2026-08-14T09:26:23.190175Z,1188,248.6,0,OK,OK,OK
2026-08-14T09:26:28.720471Z,1195,248.5,0,OK,OK,OK
2026-08-14T09:26:34.254536Z,1191,248.5,0,OK,OK,OK
2026-08-14T09:26:39.747889Z,1191,248.5,0,OK,OK,OK
2026-08-14T09:26:45.268840Z,1193,248.6,0,OK,OK,OK
2026-08-14T09:26:50.775559Z,1187,248.5,0,OK,OK,OK
2026-08-14T09:26:56.281590Z,1186,248.5,0,OK,OK,OK
2026-08-14T09:27:01.755529Z,1191,248.5,0,OK,OK,OK
2026-08-14T09:27:07.266572Z,1191,248.5,0,OK,OK,OK
2026-08-14T09:27:12.763610Z,1190,248.5,0,OK,OK,OK
2026-08-14T09:27:18.232582Z,1192,248.6,0,OK,OK,OK
2026-08-14T09:27:23.757734Z,1188,248.6,0,OK,OK,OK
2026-08-14T09:27:29.247192Z,1185,248.5,0,OK,OK,OK
2026-08-14T09:27:34.757892Z,1187,248.6,0,OK,OK,OK
2026-08-14T09:27:40.245315Z,1187,248.5,0,OK,OK,OK
2026-08-14T09:27:45.726118Z,1182,248.5,0,OK,OK,OK
2026-08-14T09:27:51.190629Z,1189,248.4,0,OK,OK,OK
2026-08-14T09:27:56.686894Z,1182,248.4,0,OK,OK,OK
2026-08-14T09:28:02.123170Z,1187,248.5,0,OK,OK,OK
2026-08-14T09:28:07.635871Z,1181,248.5,0,OK,OK,OK
2026-08-14T09:28:13.121537Z,1170,248.5,0,OK,OK,OK
2026-08-14T09:28:18.603689Z,1190,248.5,0,OK,OK,OK
2026-08-14T09:28:24.110469Z,1186,248.5,0,OK,OK,OK
2026-08-14T09:28:29.615593Z,1186,248.5,0,OK,OK,OK
2026-08-14T09:28:35.125415Z,1183,248.6,0,OK,OK,OK
2026-08-14T09:28:40.630334Z,1184,248.5,0,OK,OK,OK
2026-08-14T09:28:46.143274Z,1183,248.5,0,OK,OK,OK
2026-08-14T09:28:51.640543Z,1186,248.5,0,OK,OK,OK
2026-08-14T09:28:57.149506Z,1192,248.3,0,OK,OK,OK
2026-08-14T09:29:02.639616Z,1178,248.4,0,OK,OK,OK
2026-08-14T09:29:08.161073Z,1190,248.4,0,OK,OK,OK
2026-08-14T09:29:13.660439Z,1186,248.4,0,OK,OK,OK
2026-08-14T09:29:19.186399Z,1187,248.3,0,OK,OK,OK
2026-08-14T09:29:24.646138Z,1188,248.3,0,OK,OK,OK
2026-08-14T09:29:30.130047Z,1184,248.4,0,OK,OK,OK
2026-08-14T09:29:35.627339Z,1191,248.4,0,OK,OK,OK
2026-08-14T09:29:41.143934Z,1186,248.3,0,OK,OK,OK
2026-08-14T09:29:46.618945Z,1191,248.3,0,OK,OK,OK
2026-08-14T09:29:52.159566Z,1185,248.3,0,OK,OK,OK
2026-08-14T09:29:57.652492Z,1190,248.4,0,OK,OK,OK
2026-08-14T09:30:03.149567Z,1176,248.4,0,OK,OK,OK
2026-08-14T09:30:08.638411Z,1207,248.3,0,OK,OK,OK
2026-08-14T09:30:14.154210Z,1187,248.3,0,OK,OK,OK
2026-08-14T09:30:19.627229Z,1184,248.3,0,OK,OK,OK
2026-08-14T09:30:25.094095Z,1190,248.3,0,OK,OK,OK
2026-08-14T09:30:30.591037Z,1188,248.3,0,OK,OK,OK
2026-08-14T09:30:36.118084Z,1184,248.3,0,OK,OK,OK
2026-08-14T09:30:41.633811Z,1188,248.4,0,OK,OK,OK
2026-08-14T09:30:47.137780Z,1191,248.3,0,OK,OK,OK
2026-08-14T09:30:52.647310Z,1188,248.4,0,OK,OK,OK
2026-08-14T09:30:58.165244Z,1197,248.3,0,OK,OK,OK
2026-08-14T09:31:03.653083Z,1202,248.3,0,OK,OK,OK
2026-08-14T09:31:09.177723Z,1190,248.3,0,OK,OK,OK
2026-08-14T09:31:14.659978Z,1193,248.3,0,OK,OK,OK
2026-08-14T09:31:20.190938Z,1195,248.4,0,OK,OK,OK
2026-08-14T09:31:25.696189Z,1244,248.4,0,OK,OK,OK
2026-08-14T09:31:31.200392Z,1190,248.3,0,OK,OK,OK
2026-08-14T09:31:36.723445Z,1187,248.4,0,OK,OK,OK
2026-08-14T09:31:42.254386Z,1202,248.4,0,OK,OK,OK
2026-08-14T09:31:47.750254Z,1196,248.4,0,OK,OK,OK
2026-08-14T09:31:53.249321Z,1188,248.4,0,OK,OK,OK
2026-08-14T09:31:58.777565Z,1189,248.3,0,OK,OK,OK
2026-08-14T09:32:04.327067Z,1197,248.3,0,OK,OK,OK
2026-08-14T09:32:09.852761Z,1182,248.3,0,OK,OK,OK
2026-08-14T09:32:15.345458Z,1200,248.3,0,OK,OK,OK
2026-08-14T09:32:20.855453Z,1204,248.3,0,OK,OK,OK
2026-08-14T09:32:26.378697Z,1203,248.3,0,OK,OK,OK
2026-08-14T09:32:31.869516Z,1204,248.3,0,OK,OK,OK
2026-08-14T09:32:37.372780Z,1213,248.3,0,OK,OK,OK
2026-08-14T09:32:42.876721Z,1204,248.3,0,OK,OK,OK
2026-08-14T09:32:48.397629Z,1218,248.3,0,OK,OK,OK
2026-08-14T09:32:53.907277Z,1210,248.3,0,OK,OK,OK
2026-08-14T09:32:59.398422Z,1214,248.3,0,OK,OK,OK
2026-08-14T09:33:04.919058Z,1208,248.3,0,OK,OK,OK
2026-08-14T09:33:10.393461Z,1330,248.2,0,OK,OK,OK
2026-08-14T09:33:15.888797Z,1344,248.2,0,OK,OK,OK
2026-08-14T09:33:21.419815Z,1342,248.2,0,OK,OK,OK
2026-08-14T09:33:26.959144Z,1344,248.2,0,OK,OK,OK
2026-08-14T09:33:32.430696Z,1344,248.2,0,OK,OK,OK
2026-08-14T09:33:37.970310Z,1342,248.2,0,OK,OK,OK
2026-08-14T09:33:43.476039Z,1346,248.2,0,OK,OK,OK
2026-08-14T09:33:48.964892Z,1343,248.2,0,OK,OK,OK
2026-08-14T09:33:54.503057Z,1349,248.2,0,OK,OK,OK
2026-08-14T09:34:00.022020Z,1362,248.4,0,OK,OK,OK
2026-08-14T09:34:05.501899Z,1348,248.2,0,OK,OK,OK
2026-08-14T09:34:10.966705Z,1344,248.2,0,OK,OK,OK
2026-08-14T09:34:16.470570Z,1344,248.2,0,OK,OK,OK
2026-08-14T09:34:22.015181Z,1347,248.2,0,OK,OK,OK
2026-08-14T09:34:27.546474Z,1362,248.2,0,OK,OK,OK
2026-08-14T09:34:33.041803Z,1242,248.3,0,OK,OK,OK
2026-08-14T09:34:38.543160Z,1236,248.3,0,OK,OK,OK
2026-08-14T09:34:44.064721Z,1227,248.3,0,OK,OK,OK
2026-08-14T09:34:49.545749Z,1234,248.3,0,OK,OK,OK
2026-08-14T09:34:55.020448Z,1229,248.6,0,OK,OK,OK
2026-08-14T09:35:00.497310Z,1234,248.7,0,OK,OK,OK
2026-08-14T09:35:05.998677Z,1241,248.6,0,OK,OK,OK
2026-08-14T09:35:11.462741Z,1231,248.6,0,OK,OK,OK
2026-08-14T09:35:16.986376Z,1244,248.6,0,OK,OK,OK
2026-08-14T09:35:22.490541Z,1234,248.4,0,OK,OK,OK
2026-08-14T09:35:28.027846Z,1230,248.4,0,OK,OK,OK
2026-08-14T09:35:33.519063Z,1235,248.3,0,OK,OK,OK
2026-08-14T09:35:39.086676Z,1232,248.3,0,OK,OK,OK
2026-08-14T09:35:44.563203Z,1237,248.5,0,OK,OK,OK
2026-08-14T09:35:50.076630Z,1234,248.4,0,OK,OK,OK
2026-08-14T09:35:55.559575Z,1235,248.5,0,OK,OK,OK
2026-08-14T09:36:01.028455Z,1234,248.4,0,OK,OK,OK
2026-08-14T09:36:06.555527Z,1233,248.4,0,OK,OK,OK
2026-08-14T09:36:12.077051Z,1256,248.4,0,OK,OK,OK
2026-08-14T09:36:17.599972Z,1338,248.5,0,OK,OK,OK
2026-08-14T09:36:23.124990Z,1341,248.5,0,OK,OK,OK
2026-08-14T09:36:28.629505Z,1354,248.5,0,OK,OK,OK
2026-08-14T09:36:34.124480Z,1339,248.5,0,OK,OK,OK
2026-08-14T09:36:39.637693Z,1348,248.5,0,OK,OK,OK
2026-08-14T09:36:45.160926Z,1349,248.5,0,OK,OK,OK
2026-08-14T09:36:50.699715Z,1360,248.5,0,OK,OK,OK
2026-08-14T09:36:56.224865Z,1350,248.5,0,OK,OK,OK
2026-08-14T09:37:01.728521Z,1349,248.5,0,OK,OK,OK
2026-08-14T09:37:07.249245Z,1352,248.3,0,OK,OK,OK
2026-08-14T09:37:12.741465Z,1349,248.3,0,OK,OK,OK
2026-08-14T09:37:18.227168Z,1370,248.3,0,OK,OK,OK
2026-08-14T09:37:23.726718Z,1336,248.3,0,OK,OK,OK
2026-08-14T09:37:29.223208Z,1335,248.3,0,OK,OK,OK
2026-08-14T09:37:34.746101Z,1329,248.2,0,OK,OK,OK
2026-08-14T09:37:40.258055Z,1329,248.3,0,OK,OK,OK
2026-08-14T09:37:45.763474Z,1330,248.3,0,OK,OK,OK
2026-08-14T09:37:51.246359Z,1327,248.3,0,OK,OK,OK
2026-08-14T09:37:56.741351Z,1322,248.2,0,OK,OK,OK
2026-08-14T09:38:02.184391Z,1327,248.2,0,OK,OK,OK
2026-08-14T09:38:07.712128Z,1327,248.3,0,OK,OK,OK
2026-08-14T09:38:13.211603Z,1326,248.3,0,OK,OK,OK
2026-08-14T09:38:18.687779Z,1320,248.4,0,OK,OK,OK
2026-08-14T09:38:24.169490Z,1314,248.4,0,OK,OK,OK
2026-08-14T09:38:29.684620Z,1322,248.4,0,OK,OK,OK
2026-08-14T09:38:35.186052Z,1320,248.4,0,OK,OK,OK
2026-08-14T09:38:40.708144Z,1333,248.4,0,OK,OK,OK
2026-08-14T09:38:46.241299Z,1322,248.5,0,OK,OK,OK
2026-08-14T09:38:51.756300Z,1322,248.5,0,OK,OK,OK
2026-08-14T09:38:57.260303Z,1383,248.5,0,OK,OK,OK
2026-08-14T09:39:02.767247Z,1323,248.5,0,OK,OK,OK
2026-08-14T09:39:08.276182Z,1335,248.5,0,OK,OK,OK
2026-08-14T09:39:13.748439Z,1323,248.4,0,OK,OK,OK
2026-08-14T09:39:19.267215Z,1341,248.5,0,OK,OK,OK
2026-08-14T09:39:24.802512Z,1324,248.5,0,OK,OK,OK
2026-08-14T09:39:30.289170Z,1330,248.4,0,OK,OK,OK
2026-08-14T09:39:35.816650Z,1334,248.5,0,OK,OK,OK
2026-08-14T09:39:41.317321Z,1343,248.5,0,OK,OK,OK
2026-08-14T09:39:46.827782Z,1328,248.5,0,OK,OK,OK
2026-08-14T09:39:52.334844Z,1331,248.4,0,OK,OK,OK
2026-08-14T09:39:57.831841Z,1333,248.5,0,OK,OK,OK
2026-08-14T09:40:03.300385Z,1331,248.5,0,OK,OK,OK
2026-08-14T09:40:08.805339Z,1327,248.5,0,OK,OK,OK
2026-08-14T09:40:14.291733Z,1396,248.5,0,OK,OK,OK
2026-08-14T09:40:19.815143Z,1344,248.4,0,OK,OK,OK
2026-08-14T09:40:25.286547Z,1331,248.4,0,OK,OK,OK
2026-08-14T09:40:30.812122Z,1331,248.3,0,OK,OK,OK
2026-08-14T09:40:36.299404Z,1328,248.3,0,OK,OK,OK
2026-08-14T09:40:41.792224Z,1337,248.3,0,OK,OK,OK
2026-08-14T09:40:47.328872Z,1331,248.4,0,OK,OK,OK
2026-08-14T09:40:52.855269Z,1338,248.4,0,OK,OK,OK
2026-08-14T09:40:58.366948Z,1346,248.5,0,OK,OK,OK
2026-08-14T09:41:03.892730Z,1336,248.4,0,OK,OK,OK
2026-08-14T09:41:09.385005Z,1337,248.5,0,OK,OK,OK
2026-08-14T09:41:14.909127Z,1344,248.5,0,OK,OK,OK
2026-08-14T09:41:20.413606Z,1342,248.5,0,OK,OK,OK
2026-08-14T09:41:25.931828Z,1344,248.5,0,OK,OK,OK
2026-08-14T09:41:31.426950Z,1333,248.5,0,OK,OK,OK
2026-08-14T09:41:36.930443Z,1347,248.5,0,OK,OK,OK
2026-08-14T09:41:42.454285Z,1340,248.5,0,OK,OK,OK
2026-08-14T09:41:47.971114Z,1346,248.5,0,OK,OK,OK
2026-08-14T09:41:53.481918Z,1333,248.5,0,OK,OK,OK
2026-08-14T09:41:59.016608Z,1341,248.5,0,OK,OK,OK
2026-08-14T09:42:04.510677Z,1340,248.5,0,OK,OK,OK
2026-08-14T09:42:09.995558Z,1338,248.5,0,OK,OK,OK
2026-08-14T09:42:15.538666Z,1344,248.5,0,OK,OK,OK
2026-08-14T09:42:21.047596Z,1340,248.5,0,OK,OK,OK
2026-08-14T09:42:26.567260Z,1346,248.5,0,OK,OK,OK
2026-08-14T09:42:32.060735Z,1342,248.5,0,OK,OK,OK
2026-08-14T09:42:37.582203Z,1343,248.5,0,OK,OK,OK
2026-08-14T09:42:43.041002Z,1341,248.5,0,OK,OK,OK
2026-08-14T09:42:48.564428Z,1354,248.5,0,OK,OK,OK
2026-08-14T09:42:54.027366Z,1345,248.5,0,OK,OK,OK
2026-08-14T09:42:59.564440Z,1341,248.5,0,OK,OK,OK
2026-08-14T09:43:05.038129Z,1345,248.5,0,OK,OK,OK
2026-08-14T09:43:10.573581Z,1332,248.5,0,OK,OK,OK
2026-08-14T09:43:16.077743Z,1341,248.5,0,OK,OK,OK
2026-08-14T09:43:21.608316Z,1340,248.4,0,OK,OK,OK
2026-08-14T09:43:27.095624Z,1353,248.5,0,OK,OK,OK
2026-08-14T09:43:32.621909Z,1345,248.4,0,OK,OK,OK
2026-08-14T09:43:38.092732Z,1345,248.5,0,OK,OK,OK
2026-08-14T09:43:43.612737Z,1353,248.5,0,OK,OK,OK
2026-08-14T09:43:49.120833Z,1353,248.5,0,OK,OK,OK
2026-08-14T09:43:54.603784Z,1351,248.5,0,OK,OK,OK
2026-08-14T09:44:00.087934Z,1348,248.5,0,OK,OK,OK
2026-08-14T09:44:05.586048Z,1344,248.5,0,OK,OK,OK
2026-08-14T09:44:11.103026Z,1345,248.5,0,OK,OK,OK
2026-08-14T09:44:16.632858Z,1344,248.5,0,OK,OK,OK
2026-08-14T09:44:22.142051Z,1347,248.5,0,OK,OK,OK
2026-08-14T09:44:27.666745Z,1347,248.5,0,OK,OK,OK
2026-08-14T09:44:33.177533Z,1351,248.5,0,OK,OK,OK
2026-08-14T09:44:38.669269Z,1352,248.5,0,OK,OK,OK
2026-08-14T09:44:44.190449Z,1347,248.5,0,OK,OK,OK
2026-08-14T09:44:49.699111Z,1360,248.5,0,OK,OK,OK
2026-08-14T09:44:55.214260Z,1348,248.4,0,OK,OK,OK
2026-08-14T09:45:00.707005Z,1360,248.4,0,OK,OK,OK
2026-08-14T09:45:06.228678Z,1354,248.5,0,OK,OK,OK
2026-08-14T09:45:11.729529Z,1352,248.5,0,OK,OK,OK
2026-08-14T09:45:17.233617Z,1367,248.4,0,OK,OK,OK
2026-08-14T09:45:22.746168Z,1352,248.4,0,OK,OK,OK
2026-08-14T09:45:28.272722Z,1335,248.4,0,OK,OK,OK
2026-08-14T09:45:33.787897Z,1352,248.5,0,OK,OK,OK
2026-08-14T09:45:39.329120Z,1352,248.5,0,OK,OK,OK
2026-08-14T09:45:44.847276Z,1347,248.5,0,OK,OK,OK
2026-08-14T09:45:50.348446Z,1354,248.5,0,OK,OK,OK
2026-08-14T09:45:55.837707Z,1346,248.5,0,OK,OK,OK
2026-08-14T09:46:01.372253Z,1349,248.4,0,OK,OK,OK
2026-08-14T09:46:06.870385Z,1332,248.4,0,OK,OK,OK
2026-08-14T09:46:12.387187Z,1349,248.3,0,OK,OK,OK
2026-08-14T09:46:17.875639Z,1345,248.5,0,OK,OK,OK
2026-08-14T09:46:23.404865Z,1358,248.5,0,OK,OK,OK
2026-08-14T09:46:28.912143Z,1336,248.5,0,OK,OK,OK
2026-08-14T09:46:34.440755Z,1338,248.4,0,OK,OK,OK
2026-08-14T09:46:39.958305Z,1332,248.4,0,OK,OK,OK
2026-08-14T09:46:45.494156Z,1357,248.3,0,OK,OK,OK
2026-08-14T09:46:50.959943Z,1329,248.3,0,OK,OK,OK
2026-08-14T09:46:56.469287Z,1333,248.4,0,OK,OK,OK
2026-08-14T09:47:01.997671Z,1326,248.4,0,OK,OK,OK
2026-08-14T09:47:07.536080Z,1338,248.2,0,OK,OK,OK
2026-08-14T09:47:13.053456Z,1330,248.2,0,OK,OK,OK
2026-08-14T09:47:18.564339Z,1346,248.4,0,OK,OK,OK
2026-08-14T09:47:24.061503Z,1346,248.2,0,OK,OK,OK
2026-08-14T09:47:29.561610Z,1340,248.4,0,OK,OK,OK
2026-08-14T09:47:35.066975Z,1337,247.8,0,OK,OK,OK
2026-08-14T09:47:40.577067Z,1330,247.5,0,OK,OK,OK
2026-08-14T09:47:46.072138Z,1323,247.4,0,OK,OK,OK
2026-08-14T09:47:51.554036Z,1332,247.3,0,OK,OK,OK
2026-08-14T09:47:57.095260Z,1330,247.4,0,OK,OK,OK
2026-08-14T09:48:02.623712Z,1330,247.5,0,OK,OK,OK
2026-08-14T09:48:08.157425Z,1324,247.5,0,OK,OK,OK
2026-08-14T09:48:13.672873Z,1327,247.5,0,OK,OK,OK
2026-08-14T09:48:19.214196Z,1328,247.4,0,OK,OK,OK
2026-08-14T09:48:24.744206Z,1328,247.4,0,OK,OK,OK
2026-08-14T09:48:30.271965Z,1319,247.3,0,OK,OK,OK
2026-08-14T09:48:35.761764Z,1317,247.4,0,OK,OK,OK
2026-08-14T09:48:41.262457Z,1317,247.4,0,OK,OK,OK
2026-08-14T09:48:46.773846Z,1322,247.2,0,OK,OK,OK
2026-08-14T09:48:52.284923Z,1314,247.2,0,OK,OK,OK
2026-08-14T09:48:57.799069Z,1324,247.4,0,OK,OK,OK
2026-08-14T09:49:03.329444Z,1318,247.3,0,OK,OK,OK
2026-08-14T09:49:08.815494Z,1325,247.5,0,OK,OK,OK
2026-08-14T09:49:14.286090Z,1316,247.5,0,OK,OK,OK
2026-08-14T09:49:19.781234Z,1320,247.5,0,OK,OK,OK
2026-08-14T09:49:25.280087Z,1320,247.3,0,OK,OK,OK
2026-08-14T09:49:30.762918Z,1323,247.3,0,OK,OK,OK
2026-08-14T09:49:36.265050Z,1319,247.3,0,OK,OK,OK
2026-08-14T09:49:41.750021Z,1323,247.3,0,OK,OK,OK
2026-08-14T09:49:47.242325Z,1328,247.5,0,OK,OK,OK
2026-08-14T09:49:52.721645Z,1339,247.5,0,OK,OK,OK
2026-08-14T09:49:58.244530Z,1336,247.5,0,OK,OK,OK
2026-08-14T09:50:03.749219Z,1327,247.5,0,OK,OK,OK
2026-08-14T09:50:09.257760Z,1323,247.5,0,OK,OK,OK
2026-08-14T09:50:14.746877Z,1317,247.5,0,OK,OK,OK
2026-08-14T09:50:20.256420Z,1323,247.5,0,OK,OK,OK
2026-08-14T09:50:25.773423Z,1322,247.5,0,OK,OK,OK
2026-08-14T09:50:31.297103Z,1326,247.5,0,OK,OK,OK
2026-08-14T09:50:36.770571Z,1319,247.5,0,OK,OK,OK
2026-08-14T09:50:42.297231Z,1326,247.5,0,OK,OK,OK
2026-08-14T09:50:47.782932Z,1328,247.5,0,OK,OK,OK
2026-08-14T09:50:53.304367Z,1320,247.4,0,OK,OK,OK
2026-08-14T09:50:58.778872Z,1326,247.5,0,OK,OK,OK
2026-08-14T09:51:04.264787Z,1320,247.3,0,OK,OK,OK
2026-08-14T09:51:09.789207Z,1318,247.3,0,OK,OK,OK
2026-08-14T09:51:15.284443Z,1320,248.0,0,OK,OK,OK
2026-08-14T09:51:20.813559Z,1313,248.0,0,OK,OK,OK
2026-08-14T09:51:26.327396Z,1341,248.0,0,OK,OK,OK
2026-08-14T09:51:31.853343Z,1319,247.9,0,OK,OK,OK
2026-08-14T09:51:37.356617Z,1317,248.0,0,OK,OK,OK
2026-08-14T09:51:42.887830Z,1317,248.0,0,OK,OK,OK
2026-08-14T09:51:48.402053Z,1315,247.9,0,OK,OK,OK
2026-08-14T09:51:53.906246Z,1318,248.0,0,OK,OK,OK
2026-08-14T09:51:59.433933Z,1319,247.9,0,OK,OK,OK
2026-08-14T09:52:04.959833Z,1313,247.9,0,OK,OK,OK
2026-08-14T09:52:10.415565Z,1316,247.9,0,OK,OK,OK
2026-08-14T09:52:15.913799Z,1318,247.9,0,OK,OK,OK
2026-08-14T09:52:21.364859Z,1316,247.9,0,OK,OK,OK
2026-08-14T09:52:26.865551Z,1320,247.9,0,OK,OK,OK
2026-08-14T09:52:32.376081Z,1330,247.9,0,OK,OK,OK
2026-08-14T09:52:37.876085Z,1317,247.9,0,OK,OK,OK
2026-08-14T09:52:43.393216Z,1323,248.3,0,OK,OK,OK
2026-08-14T09:52:48.929443Z,1331,248.3,0,OK,OK,OK
2026-08-14T09:52:54.434362Z,1325,248.3,0,OK,OK,OK
2026-08-14T09:52:59.943030Z,1322,248.3,0,OK,OK,OK
2026-08-14T09:53:05.430308Z,1322,248.3,0,OK,OK,OK
2026-08-14T09:53:10.954337Z,1318,248.2,0,OK,OK,OK
2026-08-14T09:53:16.462560Z,1323,248.2,0,OK,OK,OK
2026-08-14T09:53:21.970954Z,1317,248.3,0,OK,OK,OK
2026-08-14T09:53:27.486548Z,1325,248.2,0,OK,OK,OK
2026-08-14T09:53:32.987337Z,1321,248.3,0,OK,OK,OK
2026-08-14T09:53:38.515876Z,1320,248.2,0,OK,OK,OK
2026-08-14T09:53:44.020390Z,1320,248.2,0,OK,OK,OK
2026-08-14T09:53:49.530933Z,1320,248.2,0,OK,OK,OK
2026-08-14T09:53:55.071751Z,1317,248.3,0,OK,OK,OK
2026-08-14T09:54:00.603892Z,1319,248.1,0,OK,OK,OK
2026-08-14T09:54:06.108544Z,1318,248.1,0,OK,OK,OK
2026-08-14T09:54:11.616984Z,1325,248.1,0,OK,OK,OK
2026-08-14T09:54:17.131363Z,1321,248.1,0,OK,OK,OK
2026-08-14T09:54:22.614904Z,1328,248.1,0,OK,OK,OK
2026-08-14T09:54:28.078399Z,1327,248.2,0,OK,OK,OK
2026-08-14T09:54:33.530916Z,1324,248.0,0,OK,OK,OK
2026-08-14T09:54:39.032769Z,1325,248.1,0,OK,OK,OK
2026-08-14T09:54:44.492940Z,1320,248.2,0,OK,OK,OK
2026-08-14T09:54:49.991218Z,1333,248.1,0,OK,OK,OK
2026-08-14T09:54:55.490501Z,1318,248.1,0,OK,OK,OK
2026-08-14T09:55:01.015872Z,1322,248.1,0,OK,OK,OK
2026-08-14T09:55:06.502086Z,1322,248.1,0,OK,OK,OK
2026-08-14T09:55:12.023903Z,1322,248.2,0,OK,OK,OK
2026-08-14T09:55:17.483689Z,1322,248.2,0,OK,OK,OK
2026-08-14T09:55:22.974592Z,1326,248.2,0,OK,OK,OK
2026-08-14T09:55:28.487129Z,1314,248.1,0,OK,OK,OK
2026-08-14T09:55:34.002031Z,1306,248.0,0,OK,OK,OK
2026-08-14T09:55:39.505241Z,1318,248.1,0,OK,OK,OK
2026-08-14T09:55:45.002294Z,1314,248.0,0,OK,OK,OK
2026-08-14T09:55:50.543459Z,1314,248.0,0,OK,OK,OK
2026-08-14T09:55:56.041060Z,1318,248.2,0,OK,OK,OK
2026-08-14T09:56:01.501912Z,1318,248.1,0,OK,OK,OK
2026-08-14T09:56:07.013398Z,1312,248.2,0,OK,OK,OK
2026-08-14T09:56:12.510142Z,1319,248.0,0,OK,OK,OK
2026-08-14T09:56:18.025897Z,1314,248.1,0,OK,OK,OK
2026-08-14T09:56:23.531958Z,1316,248.2,0,OK,OK,OK
2026-08-14T09:56:29.030295Z,1322,248.0,0,OK,OK,OK
2026-08-14T09:56:34.513227Z,1314,248.1,0,OK,OK,OK
2026-08-14T09:56:40.028947Z,1322,248.1,0,OK,OK,OK
2026-08-14T09:56:45.515006Z,1316,248.1,0,OK,OK,OK
2026-08-14T09:56:51.012110Z,1317,248.1,0,OK,OK,OK
2026-08-14T09:56:56.525987Z,1311,248.2,0,OK,OK,OK
2026-08-14T09:57:02.054167Z,1318,248.1,0,OK,OK,OK
2026-08-14T09:57:07.584282Z,1320,248.1,0,OK,OK,OK
2026-08-14T09:57:13.042696Z,1321,248.0,0,OK,OK,OK
2026-08-14T09:57:18.560043Z,1316,248.2,0,OK,OK,OK
2026-08-14T09:57:24.035175Z,1333,248.2,0,OK,OK,OK
2026-08-14T09:57:29.556260Z,1325,248.2,0,OK,OK,OK
2026-08-14T09:57:35.016213Z,1321,248.2,0,OK,OK,OK
2026-08-14T09:57:40.483589Z,1316,248.2,0,OK,OK,OK
2026-08-14T09:57:45.980708Z,1322,248.1,0,OK,OK,OK
2026-08-14T09:57:51.500379Z,1323,248.2,0,OK,OK,OK
2026-08-14T09:57:56.976400Z,1317,248.2,0,OK,OK,OK
2026-08-14T09:58:02.487826Z,1316,248.1,0,OK,OK,OK
2026-08-14T09:58:07.993851Z,1317,248.0,0,OK,OK,OK
2026-08-14T09:58:13.465092Z,1313,248.0,0,OK,OK,OK
2026-08-14T09:58:19.024340Z,1320,248.2,0,OK,OK,OK
2026-08-14T09:58:24.500441Z,1317,248.2,0,OK,OK,OK
2026-08-14T09:58:30.024252Z,1311,248.0,0,OK,OK,OK
2026-08-14T09:58:35.510289Z,1305,248.1,0,OK,OK,OK
2026-08-14T09:58:41.026378Z,1309,248.2,0,OK,OK,OK
2026-08-14T09:58:46.522326Z,1315,248.1,0,OK,OK,OK
2026-08-14T09:58:51.989503Z,1311,248.2,0,OK,OK,OK
2026-08-14T09:58:57.522397Z,1312,248.1,0,OK,OK,OK
2026-08-14T09:59:02.985313Z,1307,248.2,0,OK,OK,OK
2026-08-14T09:59:08.455304Z,1319,248.2,0,OK,OK,OK
2026-08-14T09:59:13.973295Z,1308,248.2,0,OK,OK,OK
2026-08-14T09:59:19.506631Z,1313,248.0,0,OK,OK,OK
2026-08-14T09:59:25.007722Z,1313,248.2,0,OK,OK,OK
2026-08-14T09:59:30.487264Z,1317,248.2,0,OK,OK,OK
2026-08-14T09:59:35.979026Z,1332,248.1,0,OK,OK,OK
2026-08-14T09:59:41.456331Z,1312,248.2,0,OK,OK,OK
2026-08-14T09:59:46.982729Z,1329,248.2,0,OK,OK,OK
2026-08-14T09:59:52.437180Z,1327,248.2,0,OK,OK,OK
2026-08-14T09:59:57.974214Z,1350,248.2,0,OK,OK,OK
2026-08-14T10:00:03.464915Z,1336,248.2,0,OK,OK,OK
2026-08-14T10:00:08.940557Z,1336,248.2,0,OK,OK,OK
2026-08-14T10:00:14.429443Z,1341,248.2,0,OK,OK,OK
2026-08-14T10:00:19.933089Z,1338,248.2,0,OK,OK,OK
2026-08-14T10:00:25.446655Z,1335,248.2,0,OK,OK,OK
2026-08-14T10:00:30.907615Z,1339,248.2,0,OK,OK,OK
2026-08-14T10:00:36.420347Z,1336,248.2,0,OK,OK,OK
2026-08-14T10:00:41.905093Z,1333,248.2,0,OK,OK,OK
2026-08-14T10:00:47.427352Z,1327,248.2,0,OK,OK,OK
2026-08-14T10:00:52.916606Z,1357,248.2,0,OK,OK,OK
2026-08-14T10:00:58.428698Z,1342,248.2,0,OK,OK,OK
2026-08-14T10:01:03.992578Z,1342,248.2,0,OK,OK,OK
2026-08-14T10:01:09.504516Z,1345,248.2,0,OK,OK,OK
2026-08-14T10:01:14.990118Z,1353,248.2,0,OK,OK,OK
2026-08-14T10:01:20.473819Z,1339,248.1,0,OK,OK,OK
2026-08-14T10:01:25.955457Z,1366,248.1,0,OK,OK,OK
2026-08-14T10:01:31.445433Z,1359,248.1,0,OK,OK,OK
2026-08-14T10:01:36.972475Z,1336,248.0,0,OK,OK,OK
2026-08-14T10:01:42.465240Z,1329,248.0,0,OK,OK,OK
2026-08-14T10:01:47.977729Z,1318,248.0,0,OK,OK,OK
2026-08-14T10:01:53.461141Z,1312,248.0,0,OK,OK,OK
2026-08-14T10:01:58.999336Z,1317,248.2,0,OK,OK,OK
2026-08-14T10:02:04.530937Z,1338,248.2,0,OK,OK,OK
2026-08-14T10:02:10.019621Z,1334,248.2,0,OK,OK,OK
2026-08-14T10:02:15.470574Z,1341,248.2,0,OK,OK,OK
2026-08-14T10:02:20.983076Z,1335,248.2,0,OK,OK,OK
2026-08-14T10:02:26.494642Z,1339,248.2,0,OK,OK,OK
2026-08-14T10:02:32.010038Z,1333,248.2,0,OK,OK,OK
2026-08-14T10:02:37.516201Z,1334,248.2,0,OK,OK,OK
2026-08-14T10:02:43.022824Z,1336,248.2,0,OK,OK,OK
2026-08-14T10:02:48.549491Z,1336,248.2,0,OK,OK,OK
2026-08-14T10:02:54.061711Z,1333,248.2,0,OK,OK,OK
2026-08-14T10:02:59.555540Z,1338,248.2,0,OK,OK,OK
2026-08-14T10:03:05.066217Z,1377,248.2,0,OK,OK,OK
2026-08-14T10:03:10.567166Z,1334,248.2,0,OK,OK,OK
2026-08-14T10:03:16.060398Z,1330,248.2,0,OK,OK,OK
2026-08-14T10:03:21.543113Z,1333,248.2,0,OK,OK,OK
2026-08-14T10:03:27.077720Z,1332,248.2,0,OK,OK,OK
2026-08-14T10:03:32.589319Z,1326,248.1,0,OK,OK,OK
2026-08-14T10:03:38.107565Z,1328,248.3,0,OK,OK,OK
2026-08-14T10:03:43.618875Z,1336,248.3,0,OK,OK,OK
2026-08-14T10:03:49.101704Z,1333,248.3,0,OK,OK,OK
2026-08-14T10:03:54.598438Z,1332,248.3,0,OK,OK,OK
2026-08-14T10:04:00.113105Z,1329,248.3,0,OK,OK,OK
2026-08-14T10:04:05.577319Z,1342,248.3,0,OK,OK,OK
2026-08-14T10:04:11.068879Z,1329,248.2,0,OK,OK,OK
2026-08-14T10:04:16.573009Z,1338,248.1,0,OK,OK,OK
2026-08-14T10:04:22.055189Z,1333,248.3,0,OK,OK,OK
2026-08-14T10:04:27.540931Z,1343,248.4,0,OK,OK,OK
2026-08-14T10:04:33.056470Z,1337,248.3,0,OK,OK,OK
2026-08-14T10:04:38.527142Z,1333,248.4,0,OK,OK,OK
2026-08-14T10:04:44.030033Z,1327,248.2,0,OK,OK,OK
2026-08-14T10:04:49.510010Z,1318,248.1,0,OK,OK,OK
2026-08-14T10:04:55.036176Z,1315,248.1,0,OK,OK,OK
2026-08-14T10:05:00.538129Z,1306,248.2,0,OK,OK,OK
2026-08-14T10:05:06.081010Z,1292,248.1,0,OK,OK,OK
2026-08-14T10:05:11.582591Z,1299,248.0,0,OK,OK,OK
2026-08-14T10:05:17.083592Z,1291,248.1,0,OK,OK,OK
2026-08-14T10:05:22.578925Z,1291,248.1,0,OK,OK,OK
2026-08-14T10:05:28.119036Z,1286,248.1,0,OK,OK,OK
2026-08-14T10:05:33.621951Z,1279,248.1,0,OK,OK,OK
2026-08-14T10:05:39.122445Z,1293,248.3,0,OK,OK,OK
2026-08-14T10:05:44.588577Z,1269,248.3,0,OK,OK,OK
2026-08-14T10:05:50.100370Z,1274,248.2,0,OK,OK,OK
2026-08-14T10:05:55.608571Z,1290,248.3,0,OK,OK,OK
2026-08-14T10:06:01.082736Z,1296,248.3,0,OK,OK,OK
2026-08-14T10:06:06.607907Z,1324,248.3,0,OK,OK,OK
2026-08-14T10:06:12.140744Z,1329,248.3,0,OK,OK,OK
2026-08-14T10:06:17.649457Z,1360,248.2,0,OK,OK,OK
2026-08-14T10:06:23.154422Z,1366,248.3,0,OK,OK,OK
2026-08-14T10:06:28.689054Z,1409,248.2,0,OK,OK,OK
2026-08-14T10:06:34.227836Z,1412,248.1,0,OK,OK,OK
2026-08-14T10:06:39.753301Z,1439,248.1,0,OK,OK,OK
2026-08-14T10:06:45.246832Z,1441,248.1,0,OK,OK,OK
2026-08-14T10:06:50.768925Z,1450,248.1,0,OK,OK,OK
2026-08-14T10:06:56.282840Z,1447,248.1,0,OK,OK,OK
2026-08-14T10:07:01.810113Z,1450,248.1,0,OK,OK,OK
2026-08-14T10:07:07.328274Z,1454,248.1,0,OK,OK,OK
2026-08-14T10:07:12.852976Z,1458,248.0,0,OK,OK,OK
2026-08-14T10:07:18.362844Z,1424,248.2,0,OK,OK,OK
2026-08-14T10:07:23.824884Z,1427,248.1,0,OK,OK,OK
2026-08-14T10:07:29.336525Z,1335,248.2,0,OK,OK,OK
2026-08-14T10:07:34.860610Z,1331,248.2,0,OK,OK,OK
2026-08-14T10:07:40.361296Z,1331,248.1,0,OK,OK,OK
2026-08-14T10:07:45.850348Z,1332,248.2,0,OK,OK,OK
2026-08-14T10:07:51.352374Z,1331,248.2,0,OK,OK,OK
2026-08-14T10:07:56.883056Z,1335,248.2,0,OK,OK,OK
2026-08-14T10:08:02.377791Z,1331,248.2,0,OK,OK,OK
2026-08-14T10:08:07.888309Z,1331,248.2,0,OK,OK,OK
2026-08-14T10:08:13.409353Z,1338,248.2,0,OK,OK,OK
2026-08-14T10:08:18.890420Z,1340,248.2,0,OK,OK,OK
2026-08-14T10:08:24.372667Z,1332,248.2,0,OK,OK,OK
2026-08-14T10:08:29.907194Z,1327,248.0,0,OK,OK,OK
2026-08-14T10:08:35.408355Z,1333,248.2,0,OK,OK,OK
2026-08-14T10:08:40.949640Z,1326,248.2,0,OK,OK,OK
2026-08-14T10:08:46.478501Z,1328,248.2,0,OK,OK,OK
2026-08-14T10:08:51.977500Z,1328,248.2,0,OK,OK,OK
2026-08-14T10:08:57.483191Z,1326,248.1,0,OK,OK,OK
2026-08-14T10:09:03.007373Z,1329,248.1,0,OK,OK,OK
2026-08-14T10:09:08.499142Z,1335,248.0,0,OK,OK,OK
2026-08-14T10:09:14.021983Z,1328,248.0,0,OK,OK,OK
2026-08-14T10:09:19.482584Z,1329,248.0,0,OK,OK,OK
2026-08-14T10:09:24.976088Z,1320,248.0,0,OK,OK,OK
2026-08-14T10:09:30.505940Z,1324,248.1,0,OK,OK,OK
2026-08-14T10:09:36.014671Z,1316,248.2,0,OK,OK,OK
2026-08-14T10:09:41.531858Z,1331,248.2,0,OK,OK,OK
2026-08-14T10:09:47.065991Z,1322,248.2,0,OK,OK,OK
2026-08-14T10:09:52.588403Z,1325,248.1,0,OK,OK,OK
2026-08-14T10:09:58.124144Z,1321,248.1,0,OK,OK,OK
2026-08-14T10:10:03.653744Z,1320,248.2,0,OK,OK,OK
2026-08-14T10:10:09.164542Z,1321,248.1,0,OK,OK,OK
2026-08-14T10:10:14.653814Z,1324,248.2,0,OK,OK,OK
2026-08-14T10:10:20.178295Z,1322,248.2,0,OK,OK,OK
2026-08-14T10:10:25.669389Z,1328,248.2,0,OK,OK,OK
2026-08-14T10:10:31.203206Z,1324,248.2,0,OK,OK,OK
2026-08-14T10:10:36.707966Z,1334,248.2,0,OK,OK,OK
2026-08-14T10:10:42.194755Z,1330,248.2,0,OK,OK,OK
2026-08-14T10:10:47.693655Z,1390,248.1,0,OK,OK,OK
2026-08-14T10:10:53.171567Z,1332,248.2,0,OK,OK,OK
2026-08-14T10:10:58.669885Z,1334,248.0,0,OK,OK,OK
2026-08-14T10:11:04.213671Z,1338,248.0,0,OK,OK,OK
2026-08-14T10:11:09.662488Z,1346,248.0,0,OK,OK,OK
2026-08-14T10:11:15.224114Z,1345,248.2,0,OK,OK,OK
2026-08-14T10:11:20.693465Z,1352,248.2,0,OK,OK,OK
2026-08-14T10:11:26.195179Z,1324,248.1,0,OK,OK,OK
2026-08-14T10:11:31.659710Z,1324,248.1,0,OK,OK,OK
2026-08-14T10:11:37.182581Z,1285,248.1,0,OK,OK,OK
2026-08-14T10:11:42.657228Z,1264,248.1,0,OK,OK,OK
2026-08-14T10:11:48.125612Z,1228,248.1,0,OK,OK,OK
2026-08-14T10:11:53.639357Z,1221,248.1,0,OK,OK,OK
2026-08-14T10:11:59.174419Z,1221,248.1,0,OK,OK,OK
2026-08-14T10:12:04.696738Z,1217,248.1,0,OK,OK,OK
2026-08-14T10:12:10.180599Z,1218,248.1,0,OK,OK,OK
2026-08-14T10:12:15.678480Z,1216,248.2,0,OK,OK,OK
2026-08-14T10:12:21.160746Z,1214,248.1,0,OK,OK,OK
2026-08-14T10:12:26.685788Z,1218,248.1,0,OK,OK,OK
2026-08-14T10:12:32.180051Z,1213,248.1,0,OK,OK,OK
2026-08-14T10:12:37.698368Z,1218,248.1,0,OK,OK,OK
2026-08-14T10:12:43.172810Z,1216,248.1,0,OK,OK,OK
2026-08-14T10:12:48.685201Z,1216,248.2,0,OK,OK,OK
2026-08-14T10:12:54.176318Z,1214,248.2,0,OK,OK,OK
2026-08-14T10:12:59.705248Z,1208,248.1,0,OK,OK,OK
2026-08-14T10:13:05.193455Z,1216,248.1,0,OK,OK,OK
2026-08-14T10:13:10.709486Z,1211,248.1,0,OK,OK,OK
2026-08-14T10:13:16.238113Z,1216,248.1,0,OK,OK,OK
2026-08-14T10:13:21.723680Z,1210,248.1,0,OK,OK,OK
2026-08-14T10:13:27.234066Z,1222,248.1,0,OK,OK,OK
2026-08-14T10:13:32.755785Z,1211,248.1,0,OK,OK,OK
2026-08-14T10:13:38.243801Z,1218,248.1,0,OK,OK,OK
2026-08-14T10:13:43.747579Z,1214,248.1,0,OK,OK,OK
2026-08-14T10:13:49.228539Z,1217,248.1,0,OK,OK,OK
2026-08-14T10:13:54.737790Z,1232,248.1,0,OK,OK,OK
2026-08-14T10:14:00.189821Z,1214,248.1,0,OK,OK,OK
2026-08-14T10:14:05.676617Z,1210,248.1,0,OK,OK,OK
2026-08-14T10:14:11.139370Z,1208,248.0,0,OK,OK,OK
2026-08-14T10:14:16.650125Z,1126,248.1,0,OK,OK,OK
2026-08-14T10:14:22.168129Z,1124,248.0,0,OK,OK,OK
2026-08-14T10:14:27.691021Z,1125,248.1,0,OK,OK,OK
2026-08-14T10:14:33.196459Z,1125,248.1,0,OK,OK,OK
2026-08-14T10:14:38.715846Z,1124,248.1,0,OK,OK,OK
2026-08-14T10:14:44.209109Z,1122,248.1,0,OK,OK,OK
2026-08-14T10:14:49.760045Z,1122,248.1,0,OK,OK,OK
2026-08-14T10:14:55.237354Z,1125,248.1,0,OK,OK,OK
2026-08-14T10:15:00.774693Z,1121,248.1,0,OK,OK,OK
2026-08-14T10:15:06.265709Z,1125,248.1,0,OK,OK,OK
2026-08-14T10:15:11.805676Z,1123,248.1,0,OK,OK,OK
2026-08-14T10:15:17.308658Z,1121,248.2,0,OK,OK,OK
2026-08-14T10:15:22.829996Z,1126,248.3,0,OK,OK,OK
2026-08-14T10:15:28.320852Z,1108,248.1,0,OK,OK,OK
2026-08-14T10:15:33.818593Z,1128,248.2,0,OK,OK,OK
2026-08-14T10:15:39.351010Z,1135,248.2,0,OK,OK,OK
2026-08-14T10:15:44.868835Z,1130,248.2,0,OK,OK,OK
2026-08-14T10:15:50.378222Z,1114,248.2,0,OK,OK,OK
2026-08-14T10:15:55.865424Z,1115,248.2,0,OK,OK,OK
2026-08-14T10:16:01.378020Z,1124,248.2,0,OK,OK,OK
2026-08-14T10:16:06.878866Z,1126,248.2,0,OK,OK,OK
2026-08-14T10:16:12.411446Z,1136,248.2,0,OK,OK,OK
2026-08-14T10:16:17.910576Z,1129,248.2,0,OK,OK,OK
2026-08-14T10:16:23.437101Z,1123,248.2,0,OK,OK,OK
2026-08-14T10:16:28.954552Z,1130,248.2,0,OK,OK,OK
2026-08-14T10:16:34.465408Z,1127,248.2,0,OK,OK,OK
2026-08-14T10:16:39.982475Z,1128,248.2,0,OK,OK,OK
2026-08-14T10:16:45.504948Z,1126,248.1,0,OK,OK,OK
2026-08-14T10:16:50.988127Z,1121,248.2,0,OK,OK,OK
2026-08-14T10:16:56.512233Z,1133,248.2,0,OK,OK,OK
2026-08-14T10:17:02.023674Z,1123,248.2,0,OK,OK,OK
2026-08-14T10:17:07.582306Z,1114,248.2,0,OK,OK,OK
2026-08-14T10:17:13.113660Z,1127,248.1,0,OK,OK,OK
2026-08-14T10:17:18.628323Z,1131,248.2,0,OK,OK,OK
2026-08-14T10:17:24.132491Z,1129,248.2,0,OK,OK,OK
2026-08-14T10:17:29.602999Z,1119,248.2,0,OK,OK,OK
2026-08-14T10:17:35.084139Z,1126,248.3,0,OK,OK,OK
2026-08-14T10:17:40.601463Z,1130,248.2,0,OK,OK,OK
2026-08-14T10:17:46.062026Z,1138,248.2,0,OK,OK,OK
2026-08-14T10:17:51.573981Z,1131,248.2,0,OK,OK,OK
2026-08-14T10:17:57.028680Z,1133,248.3,0,OK,OK,OK
2026-08-14T10:18:02.554372Z,1131,248.3,0,OK,OK,OK
2026-08-14T10:18:08.007792Z,1127,248.2,0,OK,OK,OK
2026-08-14T10:18:13.519965Z,1130,248.2,0,OK,OK,OK
2026-08-14T10:18:19.004171Z,1127,248.2,0,OK,OK,OK
2026-08-14T10:18:24.528547Z,1128,248.2,0,OK,OK,OK
2026-08-14T10:18:30.016706Z,1130,248.1,0,OK,OK,OK
2026-08-14T10:18:35.503704Z,1136,248.2,0,OK,OK,OK
2026-08-14T10:18:40.996653Z,1136,248.1,0,OK,OK,OK
2026-08-14T10:18:46.481717Z,1168,248.1,0,OK,OK,OK
2026-08-14T10:18:52.025595Z,1123,248.1,0,OK,OK,OK
2026-08-14T10:18:57.536136Z,1117,248.2,0,OK,OK,OK
2026-08-14T10:19:03.019932Z,1135,248.5,0,OK,OK,OK
2026-08-14T10:19:08.508105Z,1136,248.3,0,OK,OK,OK
2026-08-14T10:19:14.015081Z,1131,248.2,0,OK,OK,OK
2026-08-14T10:19:19.522907Z,1131,248.3,0,OK,OK,OK
2026-08-14T10:19:25.011103Z,1135,248.2,0,OK,OK,OK
2026-08-14T10:19:30.525948Z,1128,248.3,0,OK,OK,OK
2026-08-14T10:19:36.026905Z,1134,248.3,0,OK,OK,OK
2026-08-14T10:19:41.523396Z,1133,248.3,0,OK,OK,OK
2026-08-14T10:19:47.036200Z,1131,248.3,0,OK,OK,OK
2026-08-14T10:19:52.537262Z,1133,248.2,0,OK,OK,OK
2026-08-14T10:19:58.055287Z,1139,248.2,0,OK,OK,OK
2026-08-14T10:20:03.543771Z,1143,248.2,0,OK,OK,OK
2026-08-14T10:20:09.085734Z,1135,248.2,0,OK,OK,OK
2026-08-14T10:20:14.578606Z,1138,248.2,0,OK,OK,OK
2026-08-14T10:20:20.075581Z,1137,248.3,0,OK,OK,OK
2026-08-14T10:20:25.579858Z,1146,248.3,0,OK,OK,OK
2026-08-14T10:20:31.116646Z,1139,248.4,0,OK,OK,OK
2026-08-14T10:20:36.616069Z,1142,248.4,0,OK,OK,OK
2026-08-14T10:20:42.109465Z,1147,248.3,0,OK,OK,OK
2026-08-14T10:20:47.600672Z,1147,248.3,0,OK,OK,OK
2026-08-14T10:20:53.111132Z,1134,248.3,0,OK,OK,OK
2026-08-14T10:20:58.599122Z,1136,248.3,0,OK,OK,OK
2026-08-14T10:21:04.153940Z,1137,248.3,0,OK,OK,OK
2026-08-14T10:21:09.643924Z,1150,248.3,0,OK,OK,OK
2026-08-14T10:21:15.176014Z,1120,248.2,0,OK,OK,OK
2026-08-14T10:21:20.664761Z,1141,248.2,0,OK,OK,OK
2026-08-14T10:21:26.162404Z,1182,248.3,0,OK,OK,OK
2026-08-14T10:21:31.615531Z,1140,248.3,0,OK,OK,OK
2026-08-14T10:21:37.125969Z,1119,248.3,0,OK,OK,OK
2026-08-14T10:21:42.629008Z,1152,248.3,0,OK,OK,OK
2026-08-14T10:21:48.165663Z,1146,248.3,0,OK,OK,OK
2026-08-14T10:21:53.655884Z,1152,248.2,0,OK,OK,OK
2026-08-14T10:21:59.166804Z,1132,248.2,0,OK,OK,OK
2026-08-14T10:22:04.653846Z,1148,248.3,0,OK,OK,OK
2026-08-14T10:22:10.187750Z,1139,248.3,0,OK,OK,OK
2026-08-14T10:22:15.684174Z,1146,248.3,0,OK,OK,OK
2026-08-14T10:22:21.191208Z,1227,248.3,0,OK,OK,OK
2026-08-14T10:22:26.682308Z,1239,248.4,0,OK,OK,OK
2026-08-14T10:22:32.216772Z,1246,248.4,0,OK,OK,OK
2026-08-14T10:22:37.743200Z,1252,248.4,0,OK,OK,OK
2026-08-14T10:22:43.287946Z,1259,248.4,0,OK,OK,OK
2026-08-14T10:22:48.806721Z,1257,248.4,0,OK,OK,OK
2026-08-14T10:22:54.308054Z,1272,248.9,0,OK,OK,OK
2026-08-14T10:22:59.777941Z,1250,248.8,0,OK,OK,OK
2026-08-14T10:23:05.233777Z,1255,248.6,0,OK,OK,OK
2026-08-14T10:23:10.767628Z,1256,248.5,0,OK,OK,OK
2026-08-14T10:23:16.286247Z,1254,248.4,0,OK,OK,OK
2026-08-14T10:23:21.812787Z,1255,248.4,0,OK,OK,OK
2026-08-14T10:23:27.299984Z,1255,248.4,0,OK,OK,OK
2026-08-14T10:23:32.822079Z,1250,248.5,0,OK,OK,OK
2026-08-14T10:23:38.311609Z,1252,248.4,0,OK,OK,OK
2026-08-14T10:23:43.835663Z,1246,248.5,0,OK,OK,OK
2026-08-14T10:23:49.327464Z,1246,248.5,0,OK,OK,OK
2026-08-14T10:23:54.863879Z,1243,248.6,0,OK,OK,OK
2026-08-14T10:24:00.370011Z,1243,248.6,0,OK,OK,OK
2026-08-14T10:24:05.852074Z,1239,248.5,0,OK,OK,OK
2026-08-14T10:24:11.362451Z,1245,248.4,0,OK,OK,OK
2026-08-14T10:24:16.889664Z,1240,248.4,0,OK,OK,OK
2026-08-14T10:24:22.395293Z,1238,248.4,0,OK,OK,OK
2026-08-14T10:24:27.891621Z,1239,248.4,0,OK,OK,OK
2026-08-14T10:24:33.373280Z,1242,248.4,0,OK,OK,OK
2026-08-14T10:24:38.883289Z,1230,248.4,0,OK,OK,OK
2026-08-14T10:24:44.407362Z,1239,248.3,0,OK,OK,OK
2026-08-14T10:24:49.926029Z,1231,248.3,0,OK,OK,OK
2026-08-14T10:24:55.422624Z,1235,248.5,0,OK,OK,OK
2026-08-14T10:25:00.902225Z,1237,248.3,0,OK,OK,OK
2026-08-14T10:25:06.362849Z,1237,248.4,0,OK,OK,OK
2026-08-14T10:25:11.885518Z,1232,248.2,0,OK,OK,OK
2026-08-14T10:25:17.343017Z,1228,248.3,4,OK,OK,OK
2026-08-14T10:25:22.810361Z,1234,248.3,4,OK,OK,OK
2026-08-14T10:25:28.291659Z,1240,248.2,4,OK,OK,OK
2026-08-14T10:25:33.763121Z,1239,248.2,4,OK,OK,OK
2026-08-14T10:25:39.262748Z,1241,248.3,4,OK,OK,OK
2026-08-14T10:25:44.777028Z,1274,248.2,4,OK,OK,OK
2026-08-14T10:25:50.270104Z,1402,248.1,4,OK,OK,OK
2026-08-14T10:25:55.783074Z,1381,248.1,4,OK,OK,OK
2026-08-14T10:26:01.307283Z,1369,248.2,4,OK,OK,OK
2026-08-14T10:26:06.814850Z,1367,248.3,4,OK,OK,OK
2026-08-14T10:26:12.324068Z,1379,248.1,4,OK,OK,OK
2026-08-14T10:26:17.823898Z,1353,248.1,4,OK,OK,OK
2026-08-14T10:26:23.326160Z,1357,248.3,4,OK,OK,OK
2026-08-14T10:26:28.831198Z,1366,248.4,4,OK,OK,OK
2026-08-14T10:26:34.314790Z,1369,248.3,4,OK,OK,OK
2026-08-14T10:26:39.820010Z,1369,248.3,4,OK,OK,OK
2026-08-14T10:26:45.356246Z,1364,248.2,4,OK,OK,OK
2026-08-14T10:26:50.848380Z,1363,248.4,4,OK,OK,OK
2026-08-14T10:26:56.396900Z,1360,248.3,4,OK,OK,OK
2026-08-14T10:27:01.890441Z,1367,248.2,4,OK,OK,OK
2026-08-14T10:27:07.371119Z,1373,248.2,4,OK,OK,OK
2026-08-14T10:27:12.867540Z,1377,248.2,4,OK,OK,OK
2026-08-14T10:27:18.355017Z,1258,248.2,4,OK,OK,OK
2026-08-14T10:27:23.868497Z,1254,248.3,4,OK,OK,OK
2026-08-14T10:27:29.366320Z,1258,248.4,4,OK,OK,OK
2026-08-14T10:27:34.884021Z,1262,248.3,4,OK,OK,OK
2026-08-14T10:27:40.418599Z,1259,248.4,4,OK,OK,OK
2026-08-14T10:27:45.930587Z,1262,248.4,4,OK,OK,OK
2026-08-14T10:27:51.425116Z,1259,248.4,4,OK,OK,OK
2026-08-14T10:27:56.935048Z,1263,248.4,4,OK,OK,OK
2026-08-14T10:28:02.436205Z,1265,248.4,4,OK,OK,OK
2026-08-14T10:28:07.916338Z,1266,248.4,4,OK,OK,OK
2026-08-14T10:28:13.424943Z,1272,248.4,4,OK,OK,OK
2026-08-14T10:28:18.880432Z,1262,248.4,4,OK,OK,OK
2026-08-14T10:28:24.361875Z,1263,248.4,4,OK,OK,OK
2026-08-14T10:28:29.843244Z,1262,248.4,4,OK,OK,OK
2026-08-14T10:28:35.340123Z,1266,248.4,4,OK,OK,OK
2026-08-14T10:28:40.841065Z,1264,248.3,4,OK,OK,OK
2026-08-14T10:28:46.357432Z,1260,248.2,4,OK,OK,OK
2026-08-14T10:28:51.869142Z,1265,248.4,4,OK,OK,OK
2026-08-14T10:28:57.369985Z,1261,248.4,4,OK,OK,OK
2026-08-14T10:29:02.864614Z,1264,248.4,4,OK,OK,OK
2026-08-14T10:29:08.399039Z,1262,248.4,4,OK,OK,OK
2026-08-14T10:29:13.893569Z,1264,248.4,4,OK,OK,OK
2026-08-14T10:29:19.396634Z,1264,248.4,4,OK,OK,OK
2026-08-14T10:29:24.922073Z,1262,248.4,4,OK,OK,OK
2026-08-14T10:29:30.462098Z,1264,248.4,4,OK,OK,OK
2026-08-14T10:29:35.938337Z,1266,248.5,4,OK,OK,OK
2026-08-14T10:29:41.460793Z,1256,248.5,4,OK,OK,OK
2026-08-14T10:29:46.972149Z,1258,248.5,4,OK,OK,OK
2026-08-14T10:29:52.490308Z,1257,248.5,4,OK,OK,OK
2026-08-14T10:29:58.012002Z,1261,248.4,4,OK,OK,OK
2026-08-14T10:30:03.529817Z,1247,248.4,4,OK,OK,OK
2026-08-14T10:30:09.039162Z,1247,248.4,4,OK,OK,OK
2026-08-14T10:30:14.558254Z,1251,248.4,4,OK,OK,OK
2026-08-14T10:30:20.052709Z,1266,248.4,4,OK,OK,OK
2026-08-14T10:30:25.561748Z,1250,248.4,4,OK,OK,OK
2026-08-14T10:30:31.097047Z,1253,248.4,4,OK,OK,OK
2026-08-14T10:30:36.615046Z,1249,248.4,4,OK,OK,OK
2026-08-14T10:30:42.142975Z,1248,248.4,4,OK,OK,OK
2026-08-14T10:30:47.650303Z,1254,248.4,4,OK,OK,OK
2026-08-14T10:30:53.146601Z,1251,248.4,4,OK,OK,OK
2026-08-14T10:30:58.630371Z,1252,248.4,4,OK,OK,OK
2026-08-14T10:31:04.122940Z,1252,248.5,4,OK,OK,OK
2026-08-14T10:31:09.668926Z,1255,248.5,4,OK,OK,OK
2026-08-14T10:31:15.206756Z,1246,248.3,4,OK,OK,OK
2026-08-14T10:31:20.706618Z,1253,248.3,4,OK,OK,OK
2026-08-14T10:31:26.204301Z,1254,248.3,4,OK,OK,OK
2026-08-14T10:31:31.725028Z,1270,248.3,4,OK,OK,OK
2026-08-14T10:31:37.240296Z,1262,248.4,4,OK,OK,OK
2026-08-14T10:31:42.748452Z,1258,248.4,4,OK,OK,OK
2026-08-14T10:31:48.243680Z,1262,248.4,4,OK,OK,OK
2026-08-14T10:31:53.733590Z,1253,248.4,4,OK,OK,OK
2026-08-14T10:31:59.225795Z,1291,248.3,4,OK,OK,OK
2026-08-14T10:32:04.741908Z,1259,248.3,4,OK,OK,OK
2026-08-14T10:32:10.201998Z,1252,248.3,4,OK,OK,OK
2026-08-14T10:32:15.754309Z,1262,248.4,4,OK,OK,OK
2026-08-14T10:32:21.269716Z,1253,248.3,4,OK,OK,OK
2026-08-14T10:32:26.746410Z,1258,248.4,4,OK,OK,OK
2026-08-14T10:32:32.240210Z,1250,248.4,4,OK,OK,OK
2026-08-14T10:32:37.734116Z,1244,248.4,4,OK,OK,OK
2026-08-14T10:32:43.238667Z,1253,248.4,4,OK,OK,OK
2026-08-14T10:32:48.729269Z,1252,248.4,4,OK,OK,OK
2026-08-14T10:32:54.220991Z,1256,248.5,4,OK,OK,OK
2026-08-14T10:32:59.670398Z,1248,248.5,4,OK,OK,OK
2026-08-14T10:33:05.167629Z,1257,248.5,4,OK,OK,OK
2026-08-14T10:33:10.681491Z,1254,248.4,4,OK,OK,OK
2026-08-14T10:33:16.177162Z,1250,248.4,4,OK,OK,OK
2026-08-14T10:33:21.666055Z,1253,248.5,4,OK,OK,OK
2026-08-14T10:33:27.203785Z,1264,248.4,4,OK,OK,OK
2026-08-14T10:33:32.755725Z,1259,248.4,4,OK,OK,OK
2026-08-14T10:33:38.256381Z,1253,248.4,4,OK,OK,OK
2026-08-14T10:33:43.766982Z,1255,248.4,4,OK,OK,OK
2026-08-14T10:33:49.288785Z,1251,248.5,4,OK,OK,OK
2026-08-14T10:33:54.780997Z,1255,248.5,4,OK,OK,OK
2026-08-14T10:34:00.261479Z,1260,248.5,4,OK,OK,OK
2026-08-14T10:34:05.749777Z,1255,248.5,4,OK,OK,OK
2026-08-14T10:34:11.282404Z,1237,248.4,4,OK,OK,OK
2026-08-14T10:34:16.788653Z,1257,248.5,4,OK,OK,OK
2026-08-14T10:34:22.326990Z,1257,248.4,4,OK,OK,OK
2026-08-14T10:34:27.832614Z,1263,248.4,4,OK,OK,OK
2026-08-14T10:34:33.349429Z,1258,248.5,4,OK,OK,OK
2026-08-14T10:34:38.847794Z,1256,248.5,4,OK,OK,OK
2026-08-14T10:34:44.329452Z,1252,248.0,4,OK,OK,OK
2026-08-14T10:34:49.798281Z,1249,248.4,4,OK,OK,OK
2026-08-14T10:34:55.318899Z,1258,248.4,4,OK,OK,OK
2026-08-14T10:35:00.840743Z,1259,248.4,4,OK,OK,OK
2026-08-14T10:35:06.362899Z,1247,248.4,4,OK,OK,OK
2026-08-14T10:35:11.874307Z,1250,248.0,4,OK,OK,OK
2026-08-14T10:35:17.394523Z,1253,248.0,4,OK,OK,OK
2026-08-14T10:35:22.901616Z,1249,247.9,4,OK,OK,OK
2026-08-14T10:35:28.393266Z,1249,247.9,4,OK,OK,OK
2026-08-14T10:35:33.890465Z,1248,247.9,4,OK,OK,OK
2026-08-14T10:35:39.388863Z,1252,247.9,4,OK,OK,OK
2026-08-14T10:35:44.882235Z,1245,248.2,4,OK,OK,OK
2026-08-14T10:35:50.412030Z,1252,248.1,4,OK,OK,OK
2026-08-14T10:35:55.932912Z,1250,248.1,4,OK,OK,OK
2026-08-14T10:36:01.437878Z,1257,248.2,4,OK,OK,OK
2026-08-14T10:36:06.930994Z,1250,248.2,4,OK,OK,OK
2026-08-14T10:36:12.409513Z,1260,248.2,4,OK,OK,OK
2026-08-14T10:36:17.932305Z,1255,248.1,4,OK,OK,OK
2026-08-14T10:36:23.413970Z,1259,248.1,4,OK,OK,OK
2026-08-14T10:36:28.888487Z,1285,248.2,4,OK,OK,OK
2026-08-14T10:36:34.353931Z,1254,248.1,4,OK,OK,OK
2026-08-14T10:36:39.878174Z,1256,248.2,4,OK,OK,OK
2026-08-14T10:36:45.366336Z,1254,248.1,4,OK,OK,OK
2026-08-14T10:36:50.893628Z,1249,248.1,4,OK,OK,OK
2026-08-14T10:36:56.363134Z,1259,248.1,4,OK,OK,OK
2026-08-14T10:37:01.860136Z,1254,248.2,4,OK,OK,OK
2026-08-14T10:37:07.360226Z,1254,248.1,4,OK,OK,OK
2026-08-14T10:37:12.874776Z,1260,247.9,4,OK,OK,OK
2026-08-14T10:37:18.371367Z,1249,248.1,4,OK,OK,OK
2026-08-14T10:37:23.869475Z,1251,248.1,4,OK,OK,OK
2026-08-14T10:37:29.336121Z,1252,248.1,4,OK,OK,OK
2026-08-14T10:37:34.860674Z,1257,248.0,4,OK,OK,OK
2026-08-14T10:37:40.317188Z,1251,247.9,4,OK,OK,OK
2026-08-14T10:37:45.819479Z,1258,248.0,4,OK,OK,OK
2026-08-14T10:37:51.317024Z,1249,248.1,4,OK,OK,OK
2026-08-14T10:37:56.834471Z,1250,248.1,4,OK,OK,OK
2026-08-14T10:38:02.364251Z,1250,248.1,4,OK,OK,OK
2026-08-14T10:38:07.876111Z,1252,248.0,4,OK,OK,OK
2026-08-14T10:38:13.414787Z,1250,248.0,4,OK,OK,OK
2026-08-14T10:38:18.936101Z,1256,247.9,4,OK,OK,OK
2026-08-14T10:38:24.458092Z,1250,248.0,4,OK,OK,OK
2026-08-14T10:38:29.945111Z,1247,247.9,4,OK,OK,OK
2026-08-14T10:38:35.442291Z,1252,247.9,4,OK,OK,OK
2026-08-14T10:38:40.994874Z,1253,247.9,4,OK,OK,OK
2026-08-14T10:38:46.516898Z,1258,247.9,4,OK,OK,OK
2026-08-14T10:38:52.040426Z,1254,248.0,4,OK,OK,OK
2026-08-14T10:38:57.566775Z,1254,247.9,4,OK,OK,OK
2026-08-14T10:39:03.100869Z,1252,247.9,4,OK,OK,OK
2026-08-14T10:39:08.608997Z,1256,247.9,4,OK,OK,OK
2026-08-14T10:39:14.092431Z,1251,247.9,4,OK,OK,OK
2026-08-14T10:39:19.600461Z,1248,247.8,4,OK,OK,OK
2026-08-14T10:39:25.104651Z,1253,247.9,4,OK,OK,OK
2026-08-14T10:39:30.612890Z,1248,247.8,4,OK,OK,OK
2026-08-14T10:39:36.135124Z,1256,247.8,4,OK,OK,OK
2026-08-14T10:39:41.644428Z,1254,247.9,4,OK,OK,OK
2026-08-14T10:39:47.178462Z,1249,247.9,4,OK,OK,OK
2026-08-14T10:39:52.667708Z,1250,247.9,4,OK,OK,OK
2026-08-14T10:39:58.167967Z,1249,247.9,4,OK,OK,OK
2026-08-14T10:40:03.669591Z,1249,247.9,4,OK,OK,OK
2026-08-14T10:40:09.194184Z,1253,247.8,4,OK,OK,OK
2026-08-14T10:40:14.720052Z,1251,248.2,4,OK,OK,OK
2026-08-14T10:40:20.226975Z,1251,248.2,4,OK,OK,OK
2026-08-14T10:40:25.738952Z,1253,248.1,4,OK,OK,OK
2026-08-14T10:40:31.227927Z,1256,248.1,4,OK,OK,OK
2026-08-14T10:40:36.762392Z,1252,247.9,4,OK,OK,OK
2026-08-14T10:40:42.291028Z,1259,247.9,4,OK,OK,OK
2026-08-14T10:40:47.753116Z,1251,247.9,119,OK,OK,OK
2026-08-14T10:40:53.269386Z,1257,247.9,119,OK,OK,OK
2026-08-14T10:40:58.799195Z,1254,248.1,119,OK,OK,OK
2026-08-14T10:41:04.292295Z,1256,247.9,119,OK,OK,OK
2026-08-14T10:41:09.811988Z,1254,247.9,119,OK,OK,OK
2026-08-14T10:41:15.335453Z,1260,248.1,119,OK,OK,OK
2026-08-14T10:41:20.874219Z,1251,248.2,119,OK,OK,OK
2026-08-14T10:41:26.391220Z,1260,248.2,119,OK,OK,OK
2026-08-14T10:41:31.896206Z,1254,248.2,119,OK,OK,OK
2026-08-14T10:41:37.419320Z,1266,248.3,119,OK,OK,OK
2026-08-14T10:41:42.927918Z,1256,248.1,119,OK,OK,OK
2026-08-14T10:41:48.442209Z,1259,248.2,119,OK,OK,OK
2026-08-14T10:41:53.936845Z,1256,248.2,119,OK,OK,OK
2026-08-14T10:41:59.401499Z,1253,248.1,119,OK,OK,OK
2026-08-14T10:42:04.913264Z,1250,248.1,119,OK,OK,OK
2026-08-14T10:42:10.381457Z,1257,248.2,119,OK,OK,OK
2026-08-14T10:42:15.882842Z,1239,247.6,119,OK,OK,OK
2026-08-14T10:42:21.362200Z,1248,247.3,119,OK,OK,OK
2026-08-14T10:42:26.902376Z,1244,247.2,119,OK,OK,OK
2026-08-14T10:42:32.389131Z,1252,247.1,119,OK,OK,OK
2026-08-14T10:42:37.891769Z,1246,247.2,119,OK,OK,OK
2026-08-14T10:42:43.418594Z,1245,247.2,119,OK,OK,OK
2026-08-14T10:42:48.935568Z,1231,247.1,119,OK,OK,OK
2026-08-14T10:42:54.446979Z,1239,247.2,119,OK,OK,OK
2026-08-14T10:42:59.966419Z,1245,247.1,119,OK,OK,OK
2026-08-14T10:43:05.460190Z,1246,247.1,119,OK,OK,OK
2026-08-14T10:43:10.978929Z,1242,247.1,119,OK,OK,OK
2026-08-14T10:43:16.492599Z,1247,247.1,119,OK,OK,OK
2026-08-14T10:43:21.969204Z,1242,247.1,119,OK,OK,OK
2026-08-14T10:43:27.504722Z,1250,247.1,119,OK,OK,OK
2026-08-14T10:43:33.000415Z,1232,247.1,119,OK,OK,OK
2026-08-14T10:43:38.522211Z,1247,247.2,119,OK,OK,OK
2026-08-14T10:43:43.995601Z,1249,247.2,119,OK,OK,OK
2026-08-14T10:43:49.534502Z,1248,247.1,119,OK,OK,OK
2026-08-14T10:43:55.045882Z,1250,247.1,119,OK,OK,OK
2026-08-14T10:44:00.532700Z,1240,247.0,119,OK,OK,OK
2026-08-14T10:44:06.040166Z,1246,247.1,119,OK,OK,OK
2026-08-14T10:44:11.534640Z,1251,247.1,119,OK,OK,OK
2026-08-14T10:44:17.056721Z,1250,247.2,119,OK,OK,OK
2026-08-14T10:44:22.569779Z,1248,247.2,119,OK,OK,OK
2026-08-14T10:44:28.079730Z,1255,247.2,119,OK,OK,OK
2026-08-14T10:44:33.562624Z,1247,247.2,119,OK,OK,OK
2026-08-14T10:44:39.029723Z,1248,247.2,119,OK,OK,OK
2026-08-14T10:44:44.475467Z,1232,247.2,119,OK,OK,OK
2026-08-14T10:44:49.924730Z,1241,247.0,119,OK,OK,OK
2026-08-14T10:44:55.448667Z,1244,247.1,119,OK,OK,OK
2026-08-14T10:45:00.920450Z,1235,247.1,119,OK,OK,OK
2026-08-14T10:45:06.418259Z,1239,247.0,119,OK,OK,OK
2026-08-14T10:45:11.917060Z,1236,247.0,119,OK,OK,OK
2026-08-14T10:45:17.425339Z,1238,247.0,119,OK,OK,OK
2026-08-14T10:45:22.915263Z,1235,247.1,119,OK,OK,OK
2026-08-14T10:45:28.415906Z,1238,246.8,119,OK,OK,OK
2026-08-14T10:45:33.930946Z,1236,247.0,119,OK,OK,OK
2026-08-14T10:45:39.429846Z,1238,246.8,119,OK,OK,OK
2026-08-14T10:45:44.937478Z,1242,246.7,119,OK,OK,OK
2026-08-14T10:45:50.473580Z,1227,246.8,119,OK,OK,OK
2026-08-14T10:45:55.964502Z,1245,247.6,119,OK,OK,OK
2026-08-14T10:46:01.470170Z,1248,247.5,119,OK,OK,OK
2026-08-14T10:46:06.999873Z,1242,247.5,119,OK,OK,OK
2026-08-14T10:46:12.531977Z,1245,247.5,119,OK,OK,OK
2026-08-14T10:46:18.064962Z,1242,247.5,119,OK,OK,OK
2026-08-14T10:46:23.573962Z,1245,247.6,119,OK,OK,OK
2026-08-14T10:46:29.067868Z,1245,247.6,119,OK,OK,OK
2026-08-14T10:46:34.572736Z,1242,247.6,119,OK,OK,OK
2026-08-14T10:46:40.064883Z,1240,247.6,119,OK,OK,OK
2026-08-14T10:46:45.585813Z,1248,247.6,119,OK,OK,OK
2026-08-14T10:46:51.096518Z,1242,247.6,119,OK,OK,OK
2026-08-14T10:46:56.601925Z,1242,247.6,119,OK,OK,OK
2026-08-14T10:47:02.103854Z,1246,247.7,119,OK,OK,OK
2026-08-14T10:47:07.640451Z,1238,247.7,119,OK,OK,OK
2026-08-14T10:47:13.151356Z,1243,247.7,119,OK,OK,OK
2026-08-14T10:47:18.687255Z,1244,247.6,119,OK,OK,OK
2026-08-14T10:47:24.179645Z,1247,248.0,119,OK,OK,OK
2026-08-14T10:47:29.700936Z,1250,248.0,119,OK,OK,OK
2026-08-14T10:47:35.176552Z,1246,248.0,119,OK,OK,OK
2026-08-14T10:47:40.655116Z,1247,247.9,119,OK,OK,OK
2026-08-14T10:47:46.136536Z,1249,247.9,119,OK,OK,OK
2026-08-14T10:47:51.617530Z,1246,247.9,119,OK,OK,OK
2026-08-14T10:47:57.119328Z,1245,247.9,119,OK,OK,OK
2026-08-14T10:48:02.598905Z,1249,247.9,119,OK,OK,OK
2026-08-14T10:48:08.118610Z,1237,247.9,119,OK,OK,OK
2026-08-14T10:48:13.595555Z,1229,247.8,119,OK,OK,OK
2026-08-14T10:48:19.090995Z,1241,247.9,119,OK,OK,OK
2026-08-14T10:48:24.543442Z,1240,247.9,119,OK,OK,OK
2026-08-14T10:48:30.068950Z,1242,247.9,119,OK,OK,OK
2026-08-14T10:48:35.556222Z,1238,247.9,119,OK,OK,OK
2026-08-14T10:48:41.034681Z,1242,247.9,119,OK,OK,OK
2026-08-14T10:48:46.558529Z,1240,247.9,119,OK,OK,OK
2026-08-14T10:48:52.036087Z,1235,247.9,119,OK,OK,OK
2026-08-14T10:48:57.522574Z,1241,248.1,119,OK,OK,OK
2026-08-14T10:49:03.043778Z,1237,247.9,119,OK,OK,OK
2026-08-14T10:49:08.550779Z,1245,247.9,119,OK,OK,OK
2026-08-14T10:49:14.016605Z,1244,247.9,119,OK,OK,OK
2026-08-14T10:49:19.528497Z,1238,247.9,119,OK,OK,OK
2026-08-14T10:49:25.035717Z,1250,247.7,119,OK,OK,OK
2026-08-14T10:49:30.493275Z,1239,247.6,119,OK,OK,OK
2026-08-14T10:49:35.990821Z,1250,247.9,119,OK,OK,OK
2026-08-14T10:49:41.527243Z,1244,248.0,119,OK,OK,OK
2026-08-14T10:49:47.030009Z,1251,247.8,119,OK,OK,OK
2026-08-14T10:49:52.536271Z,1241,247.9,119,OK,OK,OK
2026-08-14T10:49:58.014379Z,1251,247.8,119,OK,OK,OK
2026-08-14T10:50:03.498938Z,1243,247.8,119,OK,OK,OK
2026-08-14T10:50:08.947338Z,1239,247.6,119,OK,OK,OK
2026-08-14T10:50:14.468262Z,1251,247.8,119,OK,OK,OK
2026-08-14T10:50:19.943288Z,1250,247.8,119,OK,OK,OK
2026-08-14T10:50:25.468306Z,1238,247.8,119,OK,OK,OK
2026-08-14T10:50:30.956406Z,1242,247.8,119,OK,OK,OK
2026-08-14T10:50:36.483118Z,1237,247.8,119,OK,OK,OK
2026-08-14T10:50:41.984769Z,1242,247.8,119,OK,OK,OK
2026-08-14T10:50:47.450464Z,1240,247.8,119,OK,OK,OK
2026-08-14T10:50:52.963077Z,1233,247.8,119,OK,OK,OK
2026-08-14T10:50:58.449058Z,1235,247.8,119,OK,OK,OK
2026-08-14T10:51:03.964310Z,1274,248.1,119,OK,OK,OK
2026-08-14T10:51:09.445420Z,1241,248.1,119,OK,OK,OK
2026-08-14T10:51:14.945201Z,1241,248.3,119,OK,OK,OK
2026-08-14T10:51:20.409411Z,1240,248.3,119,OK,OK,OK
2026-08-14T10:51:25.927359Z,1258,248.2,119,OK,OK,OK
2026-08-14T10:51:31.392978Z,1237,248.2,119,OK,OK,OK
2026-08-14T10:51:36.873856Z,1238,247.9,119,OK,OK,OK
2026-08-14T10:51:42.326903Z,1240,247.8,119,OK,OK,OK
2026-08-14T10:51:47.822263Z,1237,247.8,119,OK,OK,OK
2026-08-14T10:51:53.287661Z,1219,247.8,119,OK,OK,OK
2026-08-14T10:51:58.787555Z,1227,247.9,119,OK,OK,OK
2026-08-14T10:52:04.280693Z,1228,248.0,119,OK,OK,OK
2026-08-14T10:52:09.751753Z,1142,248.3,119,OK,OK,OK
2026-08-14T10:52:15.271884Z,1147,248.3,119,OK,OK,OK
2026-08-14T10:52:20.762676Z,1154,248.3,119,OK,OK,OK
2026-08-14T10:52:26.245270Z,1154,248.0,119,OK,OK,OK
2026-08-14T10:52:31.795146Z,1157,248.0,119,OK,OK,OK
2026-08-14T10:52:37.311333Z,1149,248.0,119,OK,OK,OK
2026-08-14T10:52:42.799537Z,1152,248.0,119,OK,OK,OK
2026-08-14T10:52:48.324150Z,1152,248.0,119,OK,OK,OK
2026-08-14T10:52:53.815239Z,1152,248.0,119,OK,OK,OK
2026-08-14T10:52:59.354411Z,1157,248.0,119,OK,OK,OK
2026-08-14T10:53:04.877368Z,1145,248.2,119,OK,OK,OK
2026-08-14T10:53:10.415007Z,1150,248.2,119,OK,OK,OK
2026-08-14T10:53:15.942780Z,1148,248.2,119,OK,OK,OK
2026-08-14T10:53:21.460441Z,1146,248.3,119,OK,OK,OK
2026-08-14T10:53:26.962494Z,1152,248.0,119,OK,OK,OK
2026-08-14T10:53:32.482819Z,1148,248.0,119,OK,OK,OK
2026-08-14T10:53:37.959456Z,1142,248.0,119,OK,OK,OK
2026-08-14T10:53:43.443311Z,1155,248.1,119,OK,OK,OK
2026-08-14T10:53:48.962302Z,1152,248.3,119,OK,OK,OK
2026-08-14T10:53:54.463210Z,1158,248.3,119,OK,OK,OK
2026-08-14T10:53:59.953781Z,1149,248.3,119,OK,OK,OK
2026-08-14T10:54:05.453001Z,1162,248.3,119,OK,OK,OK
2026-08-14T10:54:10.974192Z,1160,247.9,119,OK,OK,OK
2026-08-14T10:54:16.508505Z,1160,247.9,119,OK,OK,OK
2026-08-14T10:54:22.033639Z,1154,248.0,119,OK,OK,OK
2026-08-14T10:54:27.563768Z,1157,248.0,119,OK,OK,OK
2026-08-14T10:54:33.021116Z,1174,248.0,119,OK,OK,OK
2026-08-14T10:54:38.518965Z,1144,248.0,119,OK,OK,OK
2026-08-14T10:54:44.016344Z,1148,248.0,119,OK,OK,OK
2026-08-14T10:54:49.523485Z,1150,248.2,119,OK,OK,OK
2026-08-14T10:54:54.981969Z,1146,248.2,119,OK,OK,OK
2026-08-14T10:55:00.502656Z,1147,248.2,119,OK,OK,OK
2026-08-14T10:55:05.979799Z,1150,248.2,119,OK,OK,OK
2026-08-14T10:55:11.491736Z,1145,248.2,119,OK,OK,OK
2026-08-14T10:55:16.975091Z,1148,248.2,119,OK,OK,OK
2026-08-14T10:55:22.512422Z,1143,248.2,119,OK,OK,OK
2026-08-14T10:55:28.002260Z,1152,248.2,119,OK,OK,OK
2026-08-14T10:55:33.505328Z,1153,248.2,119,OK,OK,OK
2026-08-14T10:55:39.012633Z,1144,248.1,119,OK,OK,OK
2026-08-14T10:55:44.509700Z,1138,248.1,119,OK,OK,OK
2026-08-14T10:55:49.961565Z,1146,248.2,119,OK,OK,OK
2026-08-14T10:55:55.472197Z,1157,248.2,119,OK,OK,OK
2026-08-14T10:56:00.974274Z,1141,248.2,119,OK,OK,OK
2026-08-14T10:56:06.498215Z,1147,248.1,302,OK,OK,OK
2026-08-14T10:56:11.986731Z,1144,248.2,302,OK,OK,OK
2026-08-14T10:56:17.505691Z,1145,248.1,302,OK,OK,OK
2026-08-14T10:56:22.983708Z,1140,248.2,302,OK,OK,OK
2026-08-14T10:56:28.491563Z,1140,248.2,302,OK,OK,OK
2026-08-14T10:56:33.996526Z,1144,248.2,302,OK,OK,OK
2026-08-14T10:56:39.534588Z,1138,248.2,302,OK,OK,OK
2026-08-14T10:56:45.024228Z,1138,248.2,302,OK,OK,OK
2026-08-14T10:56:50.523838Z,1141,248.3,302,OK,OK,OK
2026-08-14T10:56:56.010136Z,1138,248.2,302,OK,OK,OK
2026-08-14T10:57:01.522256Z,1143,248.2,302,OK,OK,OK
2026-08-14T10:57:07.001249Z,1134,248.2,302,OK,OK,OK
2026-08-14T10:57:12.455557Z,1136,248.2,302,OK,OK,OK
2026-08-14T10:57:17.933246Z,1137,248.2,302,OK,OK,OK
2026-08-14T10:57:23.446804Z,1137,248.2,302,OK,OK,OK
2026-08-14T10:57:28.949268Z,1145,248.2,302,OK,OK,OK
2026-08-14T10:57:34.454266Z,1142,248.1,302,OK,OK,OK
2026-08-14T10:57:39.999887Z,1134,248.1,302,OK,OK,OK
2026-08-14T10:57:45.488346Z,1140,248.1,302,OK,OK,OK
2026-08-14T10:57:50.971983Z,1144,248.1,302,OK,OK,OK
2026-08-14T10:57:56.435854Z,1136,248.2,302,OK,OK,OK
2026-08-14T10:58:01.938471Z,1136,248.3,302,OK,OK,OK
2026-08-14T10:58:07.401457Z,1140,248.2,302,OK,OK,OK
2026-08-14T10:58:12.912549Z,1134,248.2,302,OK,OK,OK
2026-08-14T10:58:18.397769Z,1134,248.1,302,OK,OK,OK
2026-08-14T10:58:23.908383Z,1137,248.2,302,OK,OK,OK
2026-08-14T10:58:29.425786Z,1130,248.2,302,OK,OK,OK
2026-08-14T10:58:34.910075Z,1119,248.1,302,OK,OK,OK
2026-08-14T10:58:40.421230Z,1131,248.0,302,OK,OK,OK
2026-08-14T10:58:45.975070Z,1135,248.1,302,OK,OK,OK
2026-08-14T10:58:51.465307Z,1138,248.1,302,OK,OK,OK
2026-08-14T10:58:56.991173Z,1136,248.1,302,OK,OK,OK
2026-08-14T10:59:02.462795Z,1124,248.1,302,OK,OK,OK
2026-08-14T10:59:07.986923Z,1137,248.1,302,OK,OK,OK
2026-08-14T10:59:13.496140Z,1135,248.1,302,OK,OK,OK
2026-08-14T10:59:18.997063Z,1144,248.1,302,OK,OK,OK
2026-08-14T10:59:24.473604Z,1132,248.2,302,OK,OK,OK
2026-08-14T10:59:30.011809Z,1141,248.2,302,OK,OK,OK
2026-08-14T10:59:35.533979Z,1133,248.1,302,OK,OK,OK
2026-08-14T10:59:41.041229Z,1144,248.1,302,OK,OK,OK
2026-08-14T10:59:46.531193Z,1133,248.1,302,OK,OK,OK
2026-08-14T10:59:52.051387Z,1134,248.1,302,OK,OK,OK
2026-08-14T10:59:57.561552Z,1136,248.0,302,OK,OK,OK
2026-08-14T11:00:03.021094Z,1135,248.1,302,OK,OK,OK
2026-08-14T11:00:08.531438Z,1135,248.1,302,OK,OK,OK
2026-08-14T11:00:14.005961Z,1129,248.1,302,OK,OK,OK
2026-08-14T11:00:19.512473Z,1131,248.1,302,OK,OK,OK
2026-08-14T11:00:24.998581Z,1122,248.1,302,OK,OK,OK
2026-08-14T11:00:30.519327Z,1142,248.1,302,OK,OK,OK
2026-08-14T11:00:35.997792Z,1134,247.8,302,OK,OK,OK
2026-08-14T11:00:41.504641Z,1136,248.1,302,OK,OK,OK
2026-08-14T11:00:47.054258Z,1140,248.1,302,OK,OK,OK
2026-08-14T11:00:52.568752Z,1119,248.1,302,OK,OK,OK
2026-08-14T11:00:58.103851Z,1128,248.2,302,OK,OK,OK
2026-08-14T11:01:03.580542Z,1132,248.0,302,OK,OK,OK
2026-08-14T11:01:09.112797Z,1130,248.1,302,OK,OK,OK
2026-08-14T11:01:14.597692Z,1131,248.0,302,OK,OK,OK
2026-08-14T11:01:20.114599Z,1136,248.2,302,OK,OK,OK
2026-08-14T11:01:25.634446Z,1132,248.0,302,OK,OK,OK
2026-08-14T11:01:31.187969Z,1128,248.0,302,OK,OK,OK
2026-08-14T11:01:36.705300Z,1129,248.1,302,OK,OK,OK
2026-08-14T11:01:42.209562Z,1137,248.0,302,OK,OK,OK
2026-08-14T11:01:47.712161Z,1138,248.1,302,OK,OK,OK
2026-08-14T11:01:53.222143Z,1129,248.0,302,OK,OK,OK
2026-08-14T11:01:58.710208Z,1137,248.0,302,OK,OK,OK
2026-08-14T11:02:04.230142Z,1126,248.0,302,OK,OK,OK
2026-08-14T11:02:09.756990Z,1137,248.0,302,OK,OK,OK
2026-08-14T11:02:15.264726Z,1124,248.0,302,OK,OK,OK
2026-08-14T11:02:20.783565Z,1130,247.9,302,OK,OK,OK
2026-08-14T11:02:26.285952Z,1131,247.9,302,OK,OK,OK
2026-08-14T11:02:31.818186Z,1128,247.9,302,OK,OK,OK
2026-08-14T11:02:37.344839Z,1184,247.9,302,OK,OK,OK
2026-08-14T11:02:42.849459Z,1125,248.0,302,OK,OK,OK
2026-08-14T11:02:48.377452Z,1124,247.9,302,OK,OK,OK
2026-08-14T11:02:53.863963Z,1127,248.0,302,OK,OK,OK
2026-08-14T11:02:59.348483Z,1133,247.9,302,OK,OK,OK
2026-08-14T11:03:04.829084Z,1128,247.9,302,OK,OK,OK
2026-08-14T11:03:10.348780Z,1132,247.9,302,OK,OK,OK
2026-08-14T11:03:15.880074Z,1133,248.0,302,OK,OK,OK
2026-08-14T11:03:21.389694Z,1137,247.9,302,OK,OK,OK
2026-08-14T11:03:26.912274Z,1129,247.9,302,OK,OK,OK
2026-08-14T11:03:32.398425Z,1133,247.9,302,OK,OK,OK
2026-08-14T11:03:37.902305Z,1122,248.0,302,OK,OK,OK
2026-08-14T11:03:43.388643Z,1137,247.9,302,OK,OK,OK
2026-08-14T11:03:48.832320Z,1130,248.1,302,OK,OK,OK
2026-08-14T11:03:54.348532Z,1122,248.1,302,OK,OK,OK
2026-08-14T11:03:59.839258Z,1127,248.0,302,OK,OK,OK
2026-08-14T11:04:05.342321Z,1120,248.1,302,OK,OK,OK
2026-08-14T11:04:10.839925Z,1126,247.9,302,OK,OK,OK
2026-08-14T11:04:16.401658Z,1124,247.9,302,OK,OK,OK
2026-08-14T11:04:21.883367Z,1126,247.9,302,OK,OK,OK
2026-08-14T11:04:27.407779Z,1131,247.9,302,OK,OK,OK
2026-08-14T11:04:32.881437Z,1131,247.9,302,OK,OK,OK
2026-08-14T11:04:38.408501Z,1132,247.9,302,OK,OK,OK
2026-08-14T11:04:43.941641Z,1121,247.8,302,OK,OK,OK
2026-08-14T11:04:49.423763Z,1122,248.0,302,OK,OK,OK
2026-08-14T11:04:54.922509Z,1125,248.0,302,OK,OK,OK
2026-08-14T11:05:00.442356Z,1125,248.0,302,OK,OK,OK
2026-08-14T11:05:05.966286Z,1125,248.0,302,OK,OK,OK
2026-08-14T11:05:11.464782Z,1124,247.9,302,OK,OK,OK
2026-08-14T11:05:16.961150Z,1122,247.9,302,OK,OK,OK
2026-08-14T11:05:22.481954Z,1122,248.0,302,OK,OK,OK
2026-08-14T11:05:27.980055Z,1128,248.0,302,OK,OK,OK
2026-08-14T11:05:33.499912Z,1126,248.0,302,OK,OK,OK
2026-08-14T11:05:39.013880Z,1125,248.1,302,OK,OK,OK
2026-08-14T11:05:44.525122Z,1128,248.0,302,OK,OK,OK
2026-08-14T11:05:50.025965Z,1123,248.0,302,OK,OK,OK
2026-08-14T11:05:55.534144Z,1124,248.0,302,OK,OK,OK
2026-08-14T11:06:01.055751Z,1127,248.0,302,OK,OK,OK
2026-08-14T11:06:06.542608Z,1127,248.0,302,OK,OK,OK
2026-08-14T11:06:12.058287Z,1130,248.0,302,OK,OK,OK
2026-08-14T11:06:17.605465Z,1133,247.9,302,OK,OK,OK
2026-08-14T11:06:23.114148Z,1121,248.0,302,OK,OK,OK
2026-08-14T11:06:28.639569Z,1131,248.0,302,OK,OK,OK
2026-08-14T11:06:34.155264Z,1130,248.2,302,OK,OK,OK
2026-08-14T11:06:39.684655Z,1125,248.1,302,OK,OK,OK
2026-08-14T11:06:45.207265Z,1127,248.0,302,OK,OK,OK
2026-08-14T11:06:50.702447Z,1128,248.1,302,OK,OK,OK
2026-08-14T11:06:56.216790Z,1125,248.0,302,OK,OK,OK
2026-08-14T11:07:01.756603Z,1124,248.0,302,OK,OK,OK
2026-08-14T11:07:07.276655Z,1141,248.0,302,OK,OK,OK
2026-08-14T11:07:12.779121Z,1214,247.9,302,OK,OK,OK
2026-08-14T11:07:18.316620Z,1215,247.9,302,OK,OK,OK
2026-08-14T11:07:23.826455Z,1233,247.9,302,OK,OK,OK
2026-08-14T11:07:29.317923Z,1240,247.8,302,OK,OK,OK
2026-08-14T11:07:34.819565Z,1242,247.9,302,OK,OK,OK
2026-08-14T11:07:40.316066Z,1241,247.9,302,OK,OK,OK
2026-08-14T11:07:45.796365Z,1245,248.0,302,OK,OK,OK
2026-08-14T11:07:51.298948Z,1245,248.0,302,OK,OK,OK
2026-08-14T11:07:56.852614Z,1240,247.9,302,OK,OK,OK
2026-08-14T11:08:02.361436Z,1244,248.0,302,OK,OK,OK
2026-08-14T11:08:07.888825Z,1232,247.9,302,OK,OK,OK
2026-08-14T11:08:13.383038Z,1235,247.9,302,OK,OK,OK
2026-08-14T11:08:18.910125Z,1238,247.9,302,OK,OK,OK
2026-08-14T11:08:24.423916Z,1228,247.9,302,OK,OK,OK
2026-08-14T11:08:29.982299Z,1210,247.9,302,OK,OK,OK
2026-08-14T11:08:35.457503Z,1227,247.9,302,OK,OK,OK
2026-08-14T11:08:40.977757Z,1219,247.9,302,OK,OK,OK
2026-08-14T11:08:46.521618Z,1224,247.9,302,OK,OK,OK
2026-08-14T11:08:52.039575Z,2659,247.2,302,OK,OK,OK
2026-08-14T11:08:57.527831Z,2657,247.2,302,OK,OK,OK
2026-08-14T11:09:03.011741Z,2645,247.2,302,OK,OK,OK
2026-08-14T11:09:08.490965Z,2655,247.3,302,OK,OK,OK
2026-08-14T11:09:14.031639Z,2646,247.2,302,OK,OK,OK
2026-08-14T11:09:19.545290Z,2638,247.4,302,OK,OK,OK
2026-08-14T11:09:25.077697Z,2654,247.2,302,OK,OK,OK
2026-08-14T11:09:30.583177Z,2659,247.2,302,OK,OK,OK
2026-08-14T11:09:36.084555Z,2657,247.2,302,OK,OK,OK
2026-08-14T11:09:41.614289Z,2645,247.4,302,OK,OK,OK
2026-08-14T11:09:47.093372Z,2656,247.4,302,OK,OK,OK
2026-08-14T11:09:52.562704Z,2644,247.3,302,OK,OK,OK
2026-08-14T11:09:58.006486Z,2652,247.3,302,OK,OK,OK
2026-08-14T11:10:03.505071Z,2644,247.4,302,OK,OK,OK
2026-08-14T11:10:09.019986Z,2647,247.3,302,OK,OK,OK
2026-08-14T11:10:14.502195Z,2677,247.2,302,OK,OK,OK
2026-08-14T11:10:20.005157Z,2644,247.4,302,OK,OK,OK
2026-08-14T11:10:25.523981Z,2640,247.4,302,OK,OK,OK
2026-08-14T11:10:31.064865Z,2646,247.4,302,OK,OK,OK
2026-08-14T11:10:36.543623Z,1386,247.9,302,OK,OK,OK
2026-08-14T11:10:42.068747Z,1209,247.7,302,OK,OK,OK
2026-08-14T11:10:47.584897Z,1215,247.9,302,OK,OK,OK
2026-08-14T11:10:53.093417Z,1210,247.8,302,OK,OK,OK
2026-08-14T11:10:58.595284Z,2642,247.1,302,OK,OK,OK
2026-08-14T11:11:04.115285Z,1206,247.8,302,OK,OK,OK
2026-08-14T11:11:09.635792Z,1215,247.8,302,OK,OK,OK
2026-08-14T11:11:15.144520Z,1200,247.8,302,OK,OK,OK
2026-08-14T11:11:20.631689Z,2643,247.1,302,OK,OK,OK
2026-08-14T11:11:26.178487Z,1205,247.8,302,OK,OK,OK
2026-08-14T11:11:31.695919Z,1210,247.8,477,OK,OK,OK
2026-08-14T11:11:37.202769Z,1212,247.9,477,OK,OK,OK
2026-08-14T11:11:42.712211Z,1209,247.9,477,OK,OK,OK
2026-08-14T11:11:48.261620Z,1209,247.8,477,OK,OK,OK
2026-08-14T11:11:53.751978Z,1207,247.9,477,OK,OK,OK
2026-08-14T11:11:59.265357Z,1204,247.9,477,OK,OK,OK
2026-08-14T11:12:04.737575Z,1222,247.9,477,OK,OK,OK
2026-08-14T11:12:10.267964Z,1220,247.8,477,OK,OK,OK
2026-08-14T11:12:15.813716Z,1224,247.9,477,OK,OK,OK
2026-08-14T11:12:21.299452Z,1213,247.9,477,OK,OK,OK
2026-08-14T11:12:26.793599Z,1210,247.9,477,OK,OK,OK
2026-08-14T11:12:32.312825Z,1229,247.9,477,OK,OK,OK
2026-08-14T11:12:37.822237Z,1379,247.8,477,OK,OK,OK
2026-08-14T11:12:43.344101Z,1206,247.9,477,OK,OK,OK
2026-08-14T11:12:48.857339Z,1213,247.9,477,OK,OK,OK
2026-08-14T11:12:54.386235Z,1226,247.9,477,OK,OK,OK
2026-08-14T11:12:59.911963Z,1210,247.9,477,OK,OK,OK
2026-08-14T11:13:05.431563Z,2956,247.1,477,OK,OK,OK
2026-08-14T11:13:10.954543Z,2964,247.0,477,OK,OK,OK
2026-08-14T11:13:16.477816Z,2958,247.0,477,OK,OK,OK
2026-08-14T11:13:21.981617Z,2950,246.9,477,OK,OK,OK
2026-08-14T11:13:27.532319Z,2958,246.9,477,OK,OK,OK
2026-08-14T11:13:33.043638Z,2950,246.9,477,OK,OK,OK
2026-08-14T11:13:38.545656Z,2948,246.8,477,OK,OK,OK
2026-08-14T11:13:44.042724Z,2934,246.7,477,OK,OK,OK
2026-08-14T11:13:49.537854Z,2954,246.9,477,OK,OK,OK
2026-08-14T11:13:55.016787Z,2959,247.1,477,OK,OK,OK
2026-08-14T11:14:00.555909Z,2952,247.0,477,OK,OK,OK
2026-08-14T11:14:06.054948Z,1210,247.7,477,OK,OK,OK
2026-08-14T11:14:11.588736Z,1236,247.6,477,OK,OK,OK
2026-08-14T11:14:17.128389Z,1270,247.7,477,OK,OK,OK
2026-08-14T11:14:22.628118Z,1236,247.6,477,OK,OK,OK
2026-08-14T11:14:28.159002Z,1217,247.7,477,OK,OK,OK
2026-08-14T11:14:33.688105Z,1225,247.8,477,OK,OK,OK
2026-08-14T11:14:39.239749Z,1218,247.8,477,OK,OK,OK
2026-08-14T11:14:44.788886Z,1200,247.9,477,OK,OK,OK
2026-08-14T11:14:50.303896Z,1241,247.8,477,OK,OK,OK
2026-08-14T11:14:55.803660Z,1205,247.9,477,OK,OK,OK
2026-08-14T11:15:01.284455Z,1220,247.9,477,OK,OK,OK
2026-08-14T11:15:06.798382Z,1208,247.9,477,OK,OK,OK
2026-08-14T11:15:12.303496Z,1216,247.9,477,OK,OK,OK
2026-08-14T11:15:17.799873Z,1209,248.0,477,OK,OK,OK
2026-08-14T11:15:23.366772Z,1221,247.9,477,OK,OK,OK
2026-08-14T11:15:28.827887Z,1214,247.9,477,OK,OK,OK
2026-08-14T11:15:34.343061Z,1215,247.9,477,OK,OK,OK
2026-08-14T11:15:39.840213Z,1211,247.9,477,OK,OK,OK
2026-08-14T11:15:45.360932Z,1212,247.6,477,OK,OK,OK
2026-08-14T11:15:50.889771Z,1216,247.8,477,OK,OK,OK
2026-08-14T11:15:56.380063Z,1217,247.8,477,OK,OK,OK
2026-08-14T11:16:01.877711Z,1222,247.7,477,OK,OK,OK
2026-08-14T11:16:07.329220Z,1208,247.7,477,OK,OK,OK
2026-08-14T11:16:12.828282Z,1217,247.8,477,OK,OK,OK
2026-08-14T11:16:18.322952Z,1210,247.9,477,OK,OK,OK
2026-08-14T11:16:23.804462Z,1210,247.9,477,OK,OK,OK
2026-08-14T11:16:29.290049Z,1220,247.8,477,OK,OK,OK
2026-08-14T11:16:34.813204Z,1220,247.8,477,OK,OK,OK
2026-08-14T11:16:40.311081Z,1210,247.8,477,OK,OK,OK
2026-08-14T11:16:45.783993Z,1210,247.9,477,OK,OK,OK
2026-08-14T11:16:51.276168Z,1209,247.9,477,OK,OK,OK
2026-08-14T11:16:56.745608Z,1216,247.8,477,OK,OK,OK
2026-08-14T11:17:02.250409Z,1222,247.7,477,OK,OK,OK
2026-08-14T11:17:07.724977Z,1204,247.7,477,OK,OK,OK
2026-08-14T11:17:13.227949Z,1206,247.5,477,OK,OK,OK
2026-08-14T11:17:18.754039Z,1205,247.6,477,OK,OK,OK
2026-08-14T11:17:24.263492Z,1230,247.8,477,OK,OK,OK
2026-08-14T11:17:29.754055Z,1207,247.8,477,OK,OK,OK
2026-08-14T11:17:35.254789Z,1207,247.9,477,OK,OK,OK
2026-08-14T11:17:40.786857Z,1258,247.9,477,OK,OK,OK
2026-08-14T11:17:46.316754Z,1210,247.9,477,OK,OK,OK
2026-08-14T11:17:51.808132Z,1213,247.9,477,OK,OK,OK
2026-08-14T11:17:57.372050Z,1217,247.9,477,OK,OK,OK
2026-08-14T11:18:02.881836Z,1336,247.8,477,OK,OK,OK
2026-08-14T11:18:08.408293Z,1338,247.8,477,OK,OK,OK
2026-08-14T11:18:13.927610Z,1333,247.8,477,OK,OK,OK
2026-08-14T11:18:19.467981Z,1324,247.8,477,OK,OK,OK
2026-08-14T11:18:24.971728Z,1328,247.8,477,OK,OK,OK
2026-08-14T11:18:30.456052Z,1313,247.8,477,OK,OK,OK
2026-08-14T11:18:35.967989Z,1332,247.6,477,OK,OK,OK
2026-08-14T11:18:41.508163Z,1326,247.6,477,OK,OK,OK
2026-08-14T11:18:46.997537Z,1332,247.7,477,OK,OK,OK
2026-08-14T11:18:52.498465Z,1329,247.7,477,OK,OK,OK
2026-08-14T11:18:57.995743Z,1328,247.8,477,OK,OK,OK
2026-08-14T11:19:03.520313Z,1334,247.7,477,OK,OK,OK
2026-08-14T11:19:09.050338Z,1340,247.7,477,OK,OK,OK
2026-08-14T11:19:14.578997Z,1324,247.6,477,OK,OK,OK
2026-08-14T11:19:20.108537Z,1328,247.6,477,OK,OK,OK
2026-08-14T11:19:25.636677Z,1342,247.7,477,OK,OK,OK
2026-08-14T11:19:31.180093Z,1227,247.8,477,OK,OK,OK
2026-08-14T11:19:36.654746Z,1194,247.9,477,OK,OK,OK
2026-08-14T11:19:42.140594Z,1236,247.9,477,OK,OK,OK
2026-08-14T11:19:47.654534Z,1216,247.8,477,OK,OK,OK
2026-08-14T11:19:53.136404Z,1198,247.8,477,OK,OK,OK
2026-08-14T11:19:58.634788Z,1210,247.7,477,OK,OK,OK
2026-08-14T11:20:04.119337Z,1216,247.7,477,OK,OK,OK
2026-08-14T11:20:09.613423Z,1205,247.7,477,OK,OK,OK
2026-08-14T11:20:15.095592Z,1209,247.8,477,OK,OK,OK
2026-08-14T11:20:20.603709Z,1230,247.7,477,OK,OK,OK
2026-08-14T11:20:26.107741Z,1216,247.7,477,OK,OK,OK
2026-08-14T11:20:31.632481Z,1203,247.6,477,OK,OK,OK
2026-08-14T11:20:37.136924Z,1220,247.7,477,OK,OK,OK
2026-08-14T11:20:42.660623Z,1232,247.7,477,OK,OK,OK
2026-08-14T11:20:48.181178Z,1228,247.9,477,OK,OK,OK
2026-08-14T11:20:53.680005Z,1224,247.8,477,OK,OK,OK
2026-08-14T11:20:59.174131Z,1210,247.7,477,OK,OK,OK
2026-08-14T11:21:04.637708Z,1221,247.8,477,OK,OK,OK
2026-08-14T11:21:10.131958Z,1227,247.7,477,OK,OK,OK
2026-08-14T11:21:15.607567Z,1213,247.7,477,OK,OK,OK
2026-08-14T11:21:21.112085Z,1216,247.7,477,OK,OK,OK
2026-08-14T11:21:26.637509Z,1236,247.7,477,OK,OK,OK
2026-08-14T11:21:32.153527Z,1230,247.7,477,OK,OK,OK
2026-08-14T11:21:37.613560Z,1219,247.7,477,OK,OK,OK
2026-08-14T11:21:43.127029Z,1211,247.7,477,OK,OK,OK
2026-08-14T11:21:48.639092Z,1213,247.7,477,OK,OK,OK
2026-08-14T11:21:54.154230Z,1208,247.8,477,OK,OK,OK
2026-08-14T11:21:59.628932Z,1221,247.8,477,OK,OK,OK
2026-08-14T11:22:05.166231Z,1230,247.8,477,OK,OK,OK
2026-08-14T11:22:10.673096Z,1225,247.7,477,OK,OK,OK
2026-08-14T11:22:16.189039Z,1271,247.7,477,OK,OK,OK
2026-08-14T11:22:21.711670Z,1210,247.7,477,OK,OK,OK
2026-08-14T11:22:27.232204Z,1229,247.7,477,OK,OK,OK
2026-08-14T11:22:32.735488Z,1207,247.7,477,OK,OK,OK
2026-08-14T11:22:38.264215Z,1188,247.4,477,OK,OK,OK
2026-08-14T11:22:43.748794Z,1191,247.4,477,OK,OK,OK
2026-08-14T11:22:49.279605Z,1204,247.6,477,OK,OK,OK
2026-08-14T11:22:54.766966Z,1206,247.6,477,OK,OK,OK
2026-08-14T11:23:00.295086Z,1208,247.6,477,OK,OK,OK
2026-08-14T11:23:05.773139Z,1206,247.7,477,OK,OK,OK
2026-08-14T11:23:11.282049Z,1204,247.4,477,OK,OK,OK
2026-08-14T11:23:16.791643Z,1208,247.7,477,OK,OK,OK
2026-08-14T11:23:22.275553Z,1207,247.6,477,OK,OK,OK
2026-08-14T11:23:27.752895Z,1214,247.6,477,OK,OK,OK
2026-08-14T11:23:33.280073Z,1212,247.6,477,OK,OK,OK
2026-08-14T11:23:38.808635Z,1208,247.6,477,OK,OK,OK
2026-08-14T11:23:44.338843Z,1209,247.7,477,OK,OK,OK
2026-08-14T11:23:49.859705Z,1205,247.6,477,OK,OK,OK
2026-08-14T11:23:55.396406Z,1211,247.6,477,OK,OK,OK
2026-08-14T11:24:00.919382Z,1214,247.6,477,OK,OK,OK
2026-08-14T11:24:06.455710Z,1212,247.6,477,OK,OK,OK
2026-08-14T11:24:11.947741Z,1210,247.4,477,OK,OK,OK
2026-08-14T11:24:17.497806Z,1227,247.6,477,OK,OK,OK
2026-08-14T11:24:22.976009Z,1213,247.7,477,OK,OK,OK
2026-08-14T11:24:28.460602Z,1208,247.6,477,OK,OK,OK
2026-08-14T11:24:33.972837Z,1206,247.7,477,OK,OK,OK
2026-08-14T11:24:39.489531Z,1204,247.7,477,OK,OK,OK
2026-08-14T11:24:44.966764Z,1210,247.7,477,OK,OK,OK
2026-08-14T11:24:50.478875Z,1209,247.8,477,OK,OK,OK
2026-08-14T11:24:55.993969Z,1208,247.8,477,OK,OK,OK
2026-08-14T11:25:01.476016Z,1209,247.8,477,OK,OK,OK
2026-08-14T11:25:06.995013Z,1206,247.7,477,OK,OK,OK
2026-08-14T11:25:12.500475Z,1205,247.6,477,OK,OK,OK
2026-08-14T11:25:18.015193Z,1206,247.6,477,OK,OK,OK
2026-08-14T11:25:23.498156Z,1207,247.8,477,OK,OK,OK
2026-08-14T11:25:29.004221Z,1198,247.6,477,OK,OK,OK
2026-08-14T11:25:34.484786Z,1204,247.6,477,OK,OK,OK
2026-08-14T11:25:40.008623Z,1208,247.7,477,OK,OK,OK
2026-08-14T11:25:45.496828Z,1204,247.6,477,OK,OK,OK
2026-08-14T11:25:50.967585Z,1361,247.5,477,OK,OK,OK
2026-08-14T11:25:56.476667Z,1336,247.6,477,OK,OK,OK
2026-08-14T11:26:01.999059Z,1332,247.5,477,OK,OK,OK
2026-08-14T11:26:07.475787Z,1341,247.7,477,OK,OK,OK
2026-08-14T11:26:12.989691Z,1340,247.6,477,OK,OK,OK
2026-08-14T11:26:18.487431Z,1336,247.5,477,OK,OK,OK
2026-08-14T11:26:24.010386Z,1335,247.5,477,OK,OK,OK
2026-08-14T11:26:29.534665Z,1225,247.6,477,OK,OK,OK
2026-08-14T11:26:35.055398Z,1215,247.6,477,OK,OK,OK
2026-08-14T11:26:40.542577Z,1218,247.7,477,OK,OK,OK
2026-08-14T11:26:46.020531Z,1223,247.7,477,OK,OK,OK
2026-08-14T11:26:51.518838Z,1234,247.7,477,OK,OK,OK
2026-08-14T11:26:57.062105Z,1218,247.7,717,OK,OK,OK
2026-08-14T11:27:02.570105Z,1215,247.7,717,OK,OK,OK
2026-08-14T11:27:08.036366Z,1213,247.7,717,OK,OK,OK
2026-08-14T11:27:13.530440Z,1217,247.6,717,OK,OK,OK
2026-08-14T11:27:19.018981Z,1215,247.6,717,OK,OK,OK
2026-08-14T11:27:24.519080Z,1222,247.7,717,OK,OK,OK
2026-08-14T11:27:30.038255Z,1216,247.7,717,OK,OK,OK
2026-08-14T11:27:35.563404Z,1211,247.7,717,OK,OK,OK
2026-08-14T11:27:41.021820Z,1225,247.7,717,OK,OK,OK
2026-08-14T11:27:46.500866Z,1216,247.6,717,OK,OK,OK
2026-08-14T11:27:52.011828Z,1218,247.6,717,OK,OK,OK
2026-08-14T11:27:57.539947Z,1214,247.4,717,OK,OK,OK
2026-08-14T11:28:03.040991Z,1214,247.5,717,OK,OK,OK
2026-08-14T11:28:08.517668Z,1213,247.5,717,OK,OK,OK
2026-08-14T11:28:14.038485Z,1214,247.4,717,OK,OK,OK
2026-08-14T11:28:19.547759Z,1212,247.4,717,OK,OK,OK
2026-08-14T11:28:25.047042Z,1212,247.4,717,OK,OK,OK
2026-08-14T11:28:30.555299Z,1214,247.6,717,OK,OK,OK
2026-08-14T11:28:36.034466Z,1215,247.6,717,OK,OK,OK
2026-08-14T11:28:41.544031Z,1210,247.4,717,OK,OK,OK
2026-08-14T11:28:47.054798Z,1216,247.4,717,OK,OK,OK
2026-08-14T11:28:52.567341Z,1216,247.6,717,OK,OK,OK
2026-08-14T11:28:58.097455Z,1216,247.6,717,OK,OK,OK
2026-08-14T11:29:03.629411Z,1214,247.5,717,OK,OK,OK
2026-08-14T11:29:09.140095Z,1217,247.5,717,OK,OK,OK
2026-08-14T11:29:14.637209Z,1218,247.5,717,OK,OK,OK
2026-08-14T11:29:20.157710Z,1206,247.4,717,OK,OK,OK
2026-08-14T11:29:25.657530Z,1206,247.6,717,OK,OK,OK
2026-08-14T11:29:31.147671Z,1206,247.5,717,OK,OK,OK
2026-08-14T11:29:36.676480Z,1210,247.4,717,OK,OK,OK
2026-08-14T11:29:42.210805Z,1232,247.5,717,OK,OK,OK
2026-08-14T11:29:47.746227Z,1218,247.4,717,OK,OK,OK
2026-08-14T11:29:53.231125Z,1204,247.4,717,OK,OK,OK
2026-08-14T11:29:58.744664Z,1206,247.4,717,OK,OK,OK
2026-08-14T11:30:04.258315Z,1203,247.4,717,OK,OK,OK
2026-08-14T11:30:09.759564Z,1204,247.4,717,OK,OK,OK
2026-08-14T11:30:15.296657Z,1202,247.4,717,OK,OK,OK
2026-08-14T11:30:20.800444Z,1204,247.3,717,OK,OK,OK
2026-08-14T11:30:26.284777Z,1202,247.3,717,OK,OK,OK
2026-08-14T11:30:31.795161Z,1191,247.4,717,OK,OK,OK
2026-08-14T11:30:37.296987Z,1207,247.4,717,OK,OK,OK
2026-08-14T11:30:42.808105Z,1204,247.4,717,OK,OK,OK
2026-08-14T11:30:48.312626Z,1210,247.5,717,OK,OK,OK
2026-08-14T11:30:53.819237Z,1204,247.5,717,OK,OK,OK
2026-08-14T11:30:59.337691Z,1216,247.4,717,OK,OK,OK
2026-08-14T11:31:04.837272Z,1213,247.4,717,OK,OK,OK
2026-08-14T11:31:10.340870Z,1221,247.4,717,OK,OK,OK
2026-08-14T11:31:15.854435Z,1208,247.6,717,OK,OK,OK
2026-08-14T11:31:21.390774Z,1216,247.6,717,OK,OK,OK
2026-08-14T11:31:26.895635Z,1208,247.5,717,OK,OK,OK
2026-08-14T11:31:32.365331Z,1215,247.4,717,OK,OK,OK
2026-08-14T11:31:37.881793Z,1209,247.3,717,OK,OK,OK
2026-08-14T11:31:43.330054Z,1206,247.5,717,OK,OK,OK
2026-08-14T11:31:48.826886Z,1212,247.5,717,OK,OK,OK
2026-08-14T11:31:54.305196Z,1207,247.5,717,OK,OK,OK
2026-08-14T11:31:59.759799Z,1217,247.4,717,OK,OK,OK
2026-08-14T11:32:05.273010Z,1207,247.4,717,OK,OK,OK
2026-08-14T11:32:10.767597Z,1191,247.5,717,OK,OK,OK
2026-08-14T11:32:16.288256Z,1212,247.4,717,OK,OK,OK
2026-08-14T11:32:21.800857Z,1207,247.3,717,OK,OK,OK
2026-08-14T11:32:27.313189Z,1222,247.4,717,OK,OK,OK
2026-08-14T11:32:32.793076Z,1204,247.3,717,OK,OK,OK
2026-08-14T11:32:38.315799Z,1202,247.3,717,OK,OK,OK
2026-08-14T11:32:43.803567Z,1202,247.3,717,OK,OK,OK
2026-08-14T11:32:49.317076Z,1205,247.3,717,OK,OK,OK
2026-08-14T11:32:54.786874Z,1209,247.3,717,OK,OK,OK
2026-08-14T11:33:00.286000Z,1209,247.3,717,OK,OK,OK
2026-08-14T11:33:05.819931Z,1217,247.3,717,OK,OK,OK
2026-08-14T11:33:11.315259Z,1206,247.3,717,OK,OK,OK
2026-08-14T11:33:16.808852Z,1211,247.4,717,OK,OK,OK
2026-08-14T11:33:22.306080Z,1210,247.2,717,OK,OK,OK
2026-08-14T11:33:27.829443Z,1204,247.3,717,OK,OK,OK
2026-08-14T11:33:33.362012Z,1213,247.3,717,OK,OK,OK
2026-08-14T11:33:38.841962Z,1247,247.3,717,OK,OK,OK
2026-08-14T11:33:44.341393Z,1206,247.3,717,OK,OK,OK
2026-08-14T11:33:49.819017Z,1205,247.3,717,OK,OK,OK
2026-08-14T11:33:55.295808Z,1208,247.4,717,OK,OK,OK
2026-08-14T11:34:00.762340Z,1204,247.3,717,OK,OK,OK
2026-08-14T11:34:06.299537Z,1234,247.4,717,OK,OK,OK
2026-08-14T11:34:11.790670Z,1209,247.3,717,OK,OK,OK
2026-08-14T11:34:17.258905Z,1207,247.3,717,OK,OK,OK
2026-08-14T11:34:22.774769Z,1216,247.5,717,OK,OK,OK
2026-08-14T11:34:28.305184Z,1207,247.5,717,OK,OK,OK
2026-08-14T11:34:33.814479Z,1210,247.4,717,OK,OK,OK
2026-08-14T11:34:39.298790Z,1210,247.4,717,OK,OK,OK
2026-08-14T11:34:44.825487Z,1204,247.3,717,OK,OK,OK
2026-08-14T11:34:50.301508Z,1207,247.4,717,OK,OK,OK
2026-08-14T11:34:55.843810Z,1201,247.5,717,OK,OK,OK
2026-08-14T11:35:01.357778Z,1214,247.4,717,OK,OK,OK
2026-08-14T11:35:06.837979Z,1211,247.4,717,OK,OK,OK
2026-08-14T11:35:12.348806Z,1217,247.4,717,OK,OK,OK
2026-08-14T11:35:17.821209Z,1221,247.5,717,OK,OK,OK
2026-08-14T11:35:23.359585Z,1209,247.5,717,OK,OK,OK
2026-08-14T11:35:28.889042Z,1223,247.4,717,OK,OK,OK
2026-08-14T11:35:34.401186Z,1215,247.4,717,OK,OK,OK
2026-08-14T11:35:39.911694Z,1214,247.4,717,OK,OK,OK
2026-08-14T11:35:45.418533Z,1213,247.4,717,OK,OK,OK
2026-08-14T11:35:50.937000Z,1213,247.4,717,OK,OK,OK
2026-08-14T11:35:56.439219Z,1214,247.5,717,OK,OK,OK
2026-08-14T11:36:01.971272Z,1210,247.5,717,OK,OK,OK
2026-08-14T11:36:07.490983Z,1217,247.5,717,OK,OK,OK
2026-08-14T11:36:12.990500Z,1216,247.5,717,OK,OK,OK
2026-08-14T11:36:18.485890Z,1219,247.5,717,OK,OK,OK
2026-08-14T11:36:24.004292Z,1213,247.5,717,OK,OK,OK
2026-08-14T11:36:29.486752Z,1236,247.4,717,OK,OK,OK
2026-08-14T11:36:35.007901Z,1207,247.5,717,OK,OK,OK
2026-08-14T11:36:40.483517Z,1217,247.5,717,OK,OK,OK
2026-08-14T11:36:46.007311Z,1210,247.5,717,OK,OK,OK
2026-08-14T11:36:51.521578Z,1219,247.5,717,OK,OK,OK
2026-08-14T11:36:57.061024Z,1232,247.5,717,OK,OK,OK
2026-08-14T11:37:02.567953Z,1216,247.3,717,OK,OK,OK
2026-08-14T11:37:08.078610Z,1217,247.3,717,OK,OK,OK
2026-08-14T11:37:13.595882Z,1216,247.4,717,OK,OK,OK
2026-08-14T11:37:19.132762Z,1129,247.5,717,OK,OK,OK
2026-08-14T11:37:24.654382Z,1140,247.5,717,OK,OK,OK
2026-08-14T11:37:30.139957Z,1135,247.5,717,OK,OK,OK
2026-08-14T11:37:35.641545Z,1136,247.5,717,OK,OK,OK
2026-08-14T11:37:41.132455Z,1130,247.4,717,OK,OK,OK
2026-08-14T11:37:46.689802Z,1131,247.5,717,OK,OK,OK
2026-08-14T11:37:52.221044Z,1135,247.5,717,OK,OK,OK
2026-08-14T11:37:57.751373Z,1134,247.3,717,OK,OK,OK
2026-08-14T11:38:03.269058Z,1124,247.4,717,OK,OK,OK
2026-08-14T11:38:08.791622Z,1134,247.4,717,OK,OK,OK
2026-08-14T11:38:14.293635Z,1133,247.4,717,OK,OK,OK
2026-08-14T11:38:19.822458Z,1136,247.3,717,OK,OK,OK
2026-08-14T11:38:25.333423Z,1128,247.3,717,OK,OK,OK
2026-08-14T11:38:30.864109Z,1131,247.3,717,OK,OK,OK
2026-08-14T11:38:36.399165Z,1125,247.2,717,OK,OK,OK
2026-08-14T11:38:41.933453Z,1123,247.2,717,OK,OK,OK
2026-08-14T11:38:47.444010Z,1133,247.2,717,OK,OK,OK
2026-08-14T11:38:52.967247Z,1125,247.2,717,OK,OK,OK
2026-08-14T11:38:58.462249Z,1220,247.3,717,OK,OK,OK
2026-08-14T11:39:03.968261Z,1228,247.3,717,OK,OK,OK
2026-08-14T11:39:09.477490Z,1233,247.1,717,OK,OK,OK
2026-08-14T11:39:14.992853Z,1247,247.3,717,OK,OK,OK
2026-08-14T11:39:20.472408Z,1218,246.9,717,OK,OK,OK
2026-08-14T11:39:25.940541Z,1208,247.2,717,OK,OK,OK
2026-08-14T11:39:31.459456Z,1210,247.3,717,OK,OK,OK
2026-08-14T11:39:36.916626Z,1210,247.3,717,OK,OK,OK
2026-08-14T11:39:42.441575Z,1214,247.2,717,OK,OK,OK
2026-08-14T11:39:47.952006Z,1202,247.2,717,OK,OK,OK
2026-08-14T11:39:53.453707Z,1201,247.1,717,OK,OK,OK
2026-08-14T11:39:58.925223Z,1198,247.0,717,OK,OK,OK
2026-08-14T11:40:04.430232Z,1201,247.0,717,OK,OK,OK
2026-08-14T11:40:09.921547Z,1204,247.1,717,OK,OK,OK
2026-08-14T11:40:15.450116Z,1203,247.0,717,OK,OK,OK
2026-08-14T11:40:20.950816Z,1198,247.1,717,OK,OK,OK
2026-08-14T11:40:26.403339Z,1197,247.1,717,OK,OK,OK
2026-08-14T11:40:31.942810Z,1247,247.1,717,OK,OK,OK
2026-08-14T11:40:37.433841Z,1199,247.2,717,OK,OK,OK
2026-08-14T11:40:42.952519Z,1197,247.2,717,OK,OK,OK
2026-08-14T11:40:48.454492Z,1215,247.1,717,OK,OK,OK
2026-08-14T11:40:53.925140Z,1205,247.2,717,OK,OK,OK
2026-08-14T11:40:59.423007Z,1196,247.0,717,OK,OK,OK
2026-08-14T11:41:04.957667Z,1198,247.0,717,OK,OK,OK
2026-08-14T11:41:10.480210Z,1205,246.9,717,OK,OK,OK
2026-08-14T11:41:15.965838Z,1195,247.0,717,OK,OK,OK
2026-08-14T11:41:21.494090Z,1202,247.1,717,OK,OK,OK
2026-08-14T11:41:26.964933Z,1998,246.5,717,OK,OK,OK
2026-08-14T11:41:32.478035Z,2039,246.4,717,OK,OK,OK
2026-08-14T11:41:37.997214Z,2071,246.5,717,OK,OK,OK
2026-08-14T11:41:43.501291Z,2116,246.3,717,OK,OK,OK
2026-08-14T11:41:49.024269Z,2241,246.4,717,OK,OK,OK
2026-08-14T11:41:54.525826Z,2326,246.3,717,OK,OK,OK
2026-08-14T11:42:00.034288Z,2651,246.2,717,OK,OK,OK
2026-08-14T11:42:05.572033Z,2629,246.3,717,OK,OK,OK
2026-08-14T11:42:11.047280Z,2599,246.3,717,OK,OK,OK
2026-08-14T11:42:19.604094Z,2584,246.3,854,OK,OK,OK
2026-08-14T11:42:25.109366Z,2570,246.5,854,OK,OK,OK
2026-08-14T11:42:30.607169Z,2558,246.4,854,OK,OK,OK
2026-08-14T11:42:36.126524Z,2545,246.4,854,OK,OK,OK
2026-08-14T11:42:41.654027Z,2546,246.4,854,OK,OK,OK
2026-08-14T11:42:47.175762Z,2541,246.4,854,OK,OK,OK
2026-08-14T11:42:52.708308Z,2539,246.5,854,OK,OK,OK
2026-08-14T11:42:58.234937Z,2526,246.5,854,OK,OK,OK
2026-08-14T11:43:03.727673Z,2525,246.5,854,OK,OK,OK
2026-08-14T11:43:09.243002Z,2518,246.3,854,OK,OK,OK
2026-08-14T11:43:14.764535Z,2526,246.5,854,OK,OK,OK
2026-08-14T11:43:20.289744Z,2519,246.3,854,OK,OK,OK
2026-08-14T11:43:25.795841Z,2525,246.2,854,OK,OK,OK
2026-08-14T11:43:31.296168Z,2515,246.2,854,OK,OK,OK
2026-08-14T11:43:36.774744Z,2524,246.3,854,OK,OK,OK
2026-08-14T11:43:42.279361Z,2508,246.3,854,OK,OK,OK
2026-08-14T11:43:47.722990Z,2527,246.2,854,OK,OK,OK
2026-08-14T11:43:53.231306Z,2528,246.4,854,OK,OK,OK
2026-08-14T11:43:58.767897Z,2516,246.5,854,OK,OK,OK
2026-08-14T11:44:04.262374Z,2521,246.4,854,OK,OK,OK
2026-08-14T11:44:09.746982Z,2518,246.4,854,OK,OK,OK
2026-08-14T11:44:15.275367Z,2520,246.4,854,OK,OK,OK
2026-08-14T11:44:20.776168Z,2520,246.3,854,OK,OK,OK
2026-08-14T11:44:26.271160Z,2534,246.3,854,OK,OK,OK
2026-08-14T11:44:31.787349Z,2528,246.3,854,OK,OK,OK
2026-08-14T11:44:37.315235Z,2521,246.2,854,OK,OK,OK
2026-08-14T11:44:42.817802Z,2506,246.3,854,OK,OK,OK
2026-08-14T11:44:48.338268Z,2518,246.2,854,OK,OK,OK
2026-08-14T11:44:53.872767Z,2526,246.3,854,OK,OK,OK
2026-08-14T11:44:59.361744Z,2520,246.2,854,OK,OK,OK
2026-08-14T11:45:04.860222Z,2522,246.3,854,OK,OK,OK
2026-08-14T11:45:10.380323Z,2525,246.3,854,OK,OK,OK
2026-08-14T11:45:15.905669Z,2519,246.3,854,OK,OK,OK
2026-08-14T11:45:21.425236Z,2524,246.3,854,OK,OK,OK
2026-08-14T11:45:26.926582Z,2526,246.3,854,OK,OK,OK
2026-08-14T11:45:32.448195Z,2528,246.3,854,OK,OK,OK
2026-08-14T11:45:37.938168Z,2523,246.3,854,OK,OK,OK
2026-08-14T11:45:43.461688Z,2521,246.3,854,OK,OK,OK
2026-08-14T11:45:48.987464Z,2521,246.3,854,OK,OK,OK
2026-08-14T11:45:54.523174Z,2528,246.3,854,OK,OK,OK
2026-08-14T11:46:00.035152Z,2522,246.2,854,OK,OK,OK
2026-08-14T11:46:05.533014Z,2519,246.3,854,OK,OK,OK
2026-08-14T11:46:11.025495Z,2531,246.2,854,OK,OK,OK
2026-08-14T11:46:16.517084Z,2510,246.3,854,OK,OK,OK
2026-08-14T11:46:21.977249Z,2511,246.3,854,OK,OK,OK
2026-08-14T11:46:27.453299Z,2521,246.3,854,OK,OK,OK
2026-08-14T11:46:32.992874Z,2504,246.3,854,OK,OK,OK
2026-08-14T11:46:38.482944Z,2527,246.2,854,OK,OK,OK
2026-08-14T11:46:44.008783Z,2507,246.2,854,OK,OK,OK
2026-08-14T11:46:49.504853Z,2652,246.1,854,OK,OK,OK
2026-08-14T11:46:55.039110Z,2649,246.3,854,OK,OK,OK
2026-08-14T11:47:00.512381Z,2649,246.2,854,OK,OK,OK
2026-08-14T11:47:05.988663Z,2648,246.3,854,OK,OK,OK
2026-08-14T11:47:11.439472Z,2625,246.3,854,OK,OK,OK
2026-08-14T11:47:16.961254Z,2644,246.3,854,OK,OK,OK
2026-08-14T11:47:22.436629Z,2624,246.3,854,OK,OK,OK
2026-08-14T11:47:27.902944Z,2635,246.2,854,OK,OK,OK
2026-08-14T11:47:33.408053Z,2627,246.2,854,OK,OK,OK
2026-08-14T11:47:38.912397Z,2624,246.1,854,OK,OK,OK
2026-08-14T11:47:44.417437Z,2511,246.2,854,OK,OK,OK
2026-08-14T11:47:49.912628Z,2512,246.2,854,OK,OK,OK
2026-08-14T11:47:55.411247Z,2529,246.2,854,OK,OK,OK
2026-08-14T11:48:00.947808Z,2521,246.2,854,OK,OK,OK
2026-08-14T11:48:06.451215Z,2514,246.2,854,OK,OK,OK
2026-08-14T11:48:11.937515Z,2522,246.3,854,OK,OK,OK
2026-08-14T11:48:17.435300Z,2580,246.4,854,OK,OK,OK
2026-08-14T11:48:22.945110Z,2528,246.4,854,OK,OK,OK
2026-08-14T11:48:28.453204Z,2521,246.4,854,OK,OK,OK
2026-08-14T11:48:33.944600Z,2524,246.2,854,OK,OK,OK
2026-08-14T11:48:39.483592Z,2522,246.4,854,OK,OK,OK
2026-08-14T11:48:44.973838Z,2524,246.4,854,OK,OK,OK
2026-08-14T11:48:50.483389Z,2511,246.3,854,OK,OK,OK
2026-08-14T11:48:56.005275Z,2530,246.3,854,OK,OK,OK
2026-08-14T11:49:01.502007Z,2514,246.2,854,OK,OK,OK
2026-08-14T11:49:07.021194Z,2518,246.3,854,OK,OK,OK
2026-08-14T11:49:12.535263Z,2513,246.3,854,OK,OK,OK
2026-08-14T11:49:17.995162Z,2537,246.4,854,OK,OK,OK
2026-08-14T11:49:23.511859Z,2514,246.3,854,OK,OK,OK
2026-08-14T11:49:28.988867Z,2517,246.3,854,OK,OK,OK
2026-08-14T11:49:34.486561Z,2518,246.5,854,OK,OK,OK
2026-08-14T11:49:39.968902Z,2515,246.4,854,OK,OK,OK
2026-08-14T11:49:45.480144Z,2519,246.4,854,OK,OK,OK
2026-08-14T11:49:50.959579Z,2521,246.4,854,OK,OK,OK
2026-08-14T11:49:56.476402Z,2513,246.0,854,OK,OK,OK
2026-08-14T11:50:01.961416Z,2515,246.0,854,OK,OK,OK
2026-08-14T11:50:07.487579Z,2516,246.0,854,OK,OK,OK
2026-08-14T11:50:12.989114Z,2522,246.4,854,OK,OK,OK
2026-08-14T11:50:18.499929Z,2510,246.4,854,OK,OK,OK
2026-08-14T11:50:24.014720Z,2517,246.5,854,OK,OK,OK
2026-08-14T11:50:29.502480Z,2510,246.4,854,OK,OK,OK
2026-08-14T11:50:34.998473Z,2498,246.1,854,OK,OK,OK
2026-08-14T11:50:40.498580Z,2498,246.1,854,OK,OK,OK
2026-08-14T11:50:45.997499Z,2501,246.0,854,OK,OK,OK
2026-08-14T11:50:51.507144Z,2500,246.0,854,OK,OK,OK
2026-08-14T11:50:57.019716Z,2500,246.1,854,OK,OK,OK
2026-08-14T11:51:02.513487Z,2504,246.1,854,OK,OK,OK
2026-08-14T11:51:08.030935Z,2563,246.3,854,OK,OK,OK
2026-08-14T11:51:13.555285Z,2518,246.4,854,OK,OK,OK
2026-08-14T11:51:19.077028Z,2514,246.3,854,OK,OK,OK
2026-08-14T11:51:24.592728Z,2520,246.4,854,OK,OK,OK
2026-08-14T11:51:30.140061Z,2520,246.3,854,OK,OK,OK
2026-08-14T11:51:35.644846Z,2517,246.4,854,OK,OK,OK
2026-08-14T11:51:41.159203Z,2510,246.4,854,OK,OK,OK
2026-08-14T11:51:46.680750Z,2519,246.4,854,OK,OK,OK
2026-08-14T11:51:52.166117Z,2506,246.6,854,OK,OK,OK
2026-08-14T11:51:57.687598Z,2530,246.4,854,OK,OK,OK
2026-08-14T11:52:03.195627Z,2518,246.6,854,OK,OK,OK
2026-08-14T11:52:08.686700Z,2525,246.6,854,OK,OK,OK
2026-08-14T11:52:14.230743Z,2515,246.6,854,OK,OK,OK
2026-08-14T11:52:19.692553Z,2526,246.6,854,OK,OK,OK
2026-08-14T11:52:25.218297Z,2668,246.4,854,OK,OK,OK
2026-08-14T11:52:30.714776Z,2664,246.4,854,OK,OK,OK
2026-08-14T11:52:36.227148Z,2649,246.3,854,OK,OK,OK
2026-08-14T11:52:41.744424Z,2644,246.3,854,OK,OK,OK
2026-08-14T11:52:47.306190Z,2638,246.5,854,OK,OK,OK
2026-08-14T11:52:52.777678Z,2656,246.2,854,OK,OK,OK
2026-08-14T11:52:58.311413Z,2751,246.3,854,OK,OK,OK
2026-08-14T11:53:03.790087Z,2755,246.3,854,OK,OK,OK
2026-08-14T11:53:09.316745Z,2746,246.3,854,OK,OK,OK
2026-08-14T11:53:14.805773Z,2774,246.3,854,OK,OK,OK
2026-08-14T11:53:20.298501Z,2756,246.4,854,OK,OK,OK
2026-08-14T11:53:25.780388Z,2771,246.3,854,OK,OK,OK
2026-08-14T11:53:31.279496Z,2762,246.5,854,OK,OK,OK
2026-08-14T11:53:36.746662Z,2749,246.4,854,OK,OK,OK
2026-08-14T11:53:42.257387Z,2791,246.3,854,OK,OK,OK
2026-08-14T11:53:47.742606Z,2751,246.4,854,OK,OK,OK
2026-08-14T11:53:53.240120Z,2753,246.4,854,OK,OK,OK
2026-08-14T11:53:58.723180Z,2754,246.3,854,OK,OK,OK
2026-08-14T11:54:04.264548Z,2753,246.4,854,OK,OK,OK
2026-08-14T11:54:09.767501Z,2757,246.3,854,OK,OK,OK
2026-08-14T11:54:15.361222Z,2631,246.4,854,OK,OK,OK
2026-08-14T11:54:20.843120Z,2630,246.4,854,OK,OK,OK
2026-08-14T11:54:26.383001Z,2618,246.4,854,OK,OK,OK
2026-08-14T11:54:31.857037Z,2657,246.5,854,OK,OK,OK
2026-08-14T11:54:37.375298Z,2622,246.5,854,OK,OK,OK
2026-08-14T11:54:42.835893Z,2626,246.5,854,OK,OK,OK
2026-08-14T11:54:48.364801Z,2625,246.4,854,OK,OK,OK
2026-08-14T11:54:53.865770Z,2621,246.4,854,OK,OK,OK
2026-08-14T11:54:59.384241Z,2624,246.4,854,OK,OK,OK
2026-08-14T11:55:04.894571Z,2610,246.4,854,OK,OK,OK
2026-08-14T11:55:10.436575Z,2613,246.4,854,OK,OK,OK
2026-08-14T11:55:15.954248Z,2620,246.3,854,OK,OK,OK
2026-08-14T11:55:21.440375Z,2620,246.3,854,OK,OK,OK
2026-08-14T11:55:26.959119Z,2628,246.4,854,OK,OK,OK
2026-08-14T11:55:32.454394Z,2621,246.4,854,OK,OK,OK
2026-08-14T11:55:37.988196Z,2617,246.4,854,OK,OK,OK
2026-08-14T11:55:43.477625Z,2623,246.4,854,OK,OK,OK
2026-08-14T11:55:49.001441Z,2624,246.4,854,OK,OK,OK
2026-08-14T11:55:54.519460Z,2619,246.3,854,OK,OK,OK
2026-08-14T11:56:00.021096Z,2605,246.4,854,OK,OK,OK
2026-08-14T11:56:05.517511Z,2620,246.4,854,OK,OK,OK
2026-08-14T11:56:11.066312Z,2630,246.4,854,OK,OK,OK
2026-08-14T11:56:16.566047Z,2628,246.4,854,OK,OK,OK
2026-08-14T11:56:22.064953Z,2625,246.4,854,OK,OK,OK
2026-08-14T11:56:27.582314Z,2628,246.4,854,OK,OK,OK
2026-08-14T11:56:33.098075Z,2626,246.4,854,OK,OK,OK
2026-08-14T11:56:38.626295Z,2622,246.4,854,OK,OK,OK
2026-08-14T11:56:44.130409Z,2625,246.3,854,OK,OK,OK
2026-08-14T11:56:49.676124Z,2622,246.4,854,OK,OK,OK
2026-08-14T11:56:55.195501Z,2624,246.3,854,OK,OK,OK
2026-08-14T11:57:00.695525Z,2620,246.4,854,OK,OK,OK
2026-08-14T11:57:06.164386Z,2595,246.3,854,OK,OK,OK
2026-08-14T11:57:11.672002Z,2606,246.3,854,OK,OK,OK
2026-08-14T11:57:17.174804Z,2608,246.4,854,OK,OK,OK
2026-08-14T11:57:22.671805Z,2613,246.4,854,OK,OK,OK
2026-08-14T11:57:28.189907Z,2750,246.3,854,OK,OK,OK
2026-08-14T11:57:33.726784Z,2740,246.3,854,OK,OK,OK
2026-08-14T11:57:39.255428Z,2743,246.5,1022,OK,OK,OK
2026-08-14T11:57:44.730999Z,2746,246.2,1022,OK,OK,OK
2026-08-14T11:57:50.266600Z,2755,246.2,1022,OK,OK,OK
2026-08-14T11:57:55.803777Z,2733,246.3,1022,OK,OK,OK
2026-08-14T11:58:01.341832Z,2746,246.3,1022,OK,OK,OK
2026-08-14T11:58:06.832164Z,2742,246.3,1022,OK,OK,OK
2026-08-14T11:58:12.353340Z,2738,246.2,1022,OK,OK,OK
2026-08-14T11:58:17.886256Z,2741,246.2,1022,OK,OK,OK
2026-08-14T11:58:23.411728Z,2622,246.3,1022,OK,OK,OK
2026-08-14T11:58:28.931044Z,2625,246.4,1022,OK,OK,OK
2026-08-14T11:58:34.455052Z,2626,246.4,1022,OK,OK,OK
2026-08-14T11:58:39.957015Z,2620,246.4,1022,OK,OK,OK
2026-08-14T11:58:45.491881Z,2622,246.3,1022,OK,OK,OK
2026-08-14T11:58:51.019896Z,2629,246.3,1022,OK,OK,OK
2026-08-14T11:58:56.538262Z,2627,246.3,1022,OK,OK,OK
2026-08-14T11:59:02.022707Z,2633,246.4,1022,OK,OK,OK
2026-08-14T11:59:07.530451Z,2620,246.4,1022,OK,OK,OK
2026-08-14T11:59:13.047154Z,2631,246.4,1022,OK,OK,OK
2026-08-14T11:59:18.533155Z,2619,246.3,1022,OK,OK,OK
2026-08-14T11:59:24.038562Z,2637,246.3,1022,OK,OK,OK
2026-08-14T11:59:29.534466Z,2618,246.4,1022,OK,OK,OK
2026-08-14T11:59:35.070094Z,2637,246.4,1022,OK,OK,OK
2026-08-14T11:59:40.634294Z,2618,246.3,1022,OK,OK,OK
2026-08-14T11:59:46.137729Z,2617,246.4,1022,OK,OK,OK
2026-08-14T11:59:51.658194Z,2612,246.2,1022,OK,OK,OK
2026-08-14T11:59:57.208157Z,2637,246.1,1022,OK,OK,OK
2026-08-14T12:00:02.709393Z,2618,246.3,1022,OK,OK,OK
2026-08-14T12:00:08.224811Z,2614,246.3,1022,OK,OK,OK
2026-08-14T12:00:13.708744Z,2616,246.3,1022,OK,OK,OK
2026-08-14T12:00:19.205097Z,2618,246.3,1022,OK,OK,OK
2026-08-14T12:00:24.729722Z,2624,246.2,1022,OK,OK,OK
2026-08-14T12:00:30.234309Z,2628,246.2,1022,OK,OK,OK
2026-08-14T12:00:35.743419Z,2619,246.4,1022,OK,OK,OK
2026-08-14T12:00:41.258880Z,2623,246.2,1022,OK,OK,OK
2026-08-14T12:00:46.782067Z,2618,246.2,1022,OK,OK,OK
2026-08-14T12:00:52.282522Z,2631,246.3,1022,OK,OK,OK
2026-08-14T12:00:57.757740Z,2616,246.2,1022,OK,OK,OK
2026-08-14T12:01:03.233932Z,2631,246.3,1022,OK,OK,OK
2026-08-14T12:01:08.748015Z,2621,246.3,1022,OK,OK,OK
2026-08-14T12:01:14.187973Z,2616,246.3,1022,OK,OK,OK
2026-08-14T12:01:19.716089Z,2611,246.4,1022,OK,OK,OK
2026-08-14T12:01:25.184432Z,2607,246.2,1022,OK,OK,OK
2026-08-14T12:01:30.682518Z,2597,246.4,1022,OK,OK,OK
2026-08-14T12:01:36.181029Z,2667,246.3,1022,OK,OK,OK
2026-08-14T12:01:41.713988Z,2608,246.2,1022,OK,OK,OK
2026-08-14T12:01:47.177803Z,2615,246.3,1022,OK,OK,OK
2026-08-14T12:01:52.691382Z,2619,246.3,1022,OK,OK,OK
2026-08-14T12:01:58.206614Z,2609,246.3,1022,OK,OK,OK
2026-08-14T12:02:03.741985Z,2616,246.2,1022,OK,OK,OK
2026-08-14T12:02:09.233112Z,2617,246.2,1022,OK,OK,OK
2026-08-14T12:02:14.734040Z,2608,246.1,1022,OK,OK,OK
2026-08-14T12:02:20.242603Z,2618,246.3,1022,OK,OK,OK
2026-08-14T12:02:25.747241Z,2617,246.3,1022,OK,OK,OK
2026-08-14T12:02:31.259127Z,2612,246.2,1022,OK,OK,OK
2026-08-14T12:02:36.741075Z,2603,246.2,1022,OK,OK,OK
2026-08-14T12:02:42.261880Z,2619,246.1,1022,OK,OK,OK
2026-08-14T12:02:47.791147Z,2611,246.2,1022,OK,OK,OK
2026-08-14T12:02:53.312251Z,2610,246.1,1022,OK,OK,OK
2026-08-14T12:02:58.842198Z,2604,246.1,1022,OK,OK,OK
2026-08-14T12:03:04.381049Z,2600,246.2,1022,OK,OK,OK
2026-08-14T12:03:09.926270Z,2595,246.0,1022,OK,OK,OK
2026-08-14T12:03:15.423577Z,2598,246.2,1022,OK,OK,OK
2026-08-14T12:03:20.959434Z,2596,246.1,1022,OK,OK,OK
2026-08-14T12:03:26.496560Z,2598,246.2,1022,OK,OK,OK
2026-08-14T12:03:31.997213Z,2603,246.2,1022,OK,OK,OK
2026-08-14T12:03:37.494413Z,2595,246.2,1022,OK,OK,OK
2026-08-14T12:03:42.999895Z,2621,246.2,1022,OK,OK,OK
2026-08-14T12:03:48.486768Z,2592,246.2,1022,OK,OK,OK
2026-08-14T12:03:53.991989Z,2626,246.2,1022,OK,OK,OK
2026-08-14T12:03:59.453966Z,2599,246.2,1022,OK,OK,OK
2026-08-14T12:04:04.954582Z,2605,246.2,1022,OK,OK,OK
2026-08-14T12:04:10.464063Z,2598,246.1,1022,OK,OK,OK
2026-08-14T12:04:15.950644Z,2612,246.1,1022,OK,OK,OK
2026-08-14T12:04:21.459712Z,2604,246.1,1022,OK,OK,OK
2026-08-14T12:04:26.913901Z,2632,246.2,1022,OK,OK,OK
2026-08-14T12:04:32.411283Z,2632,246.0,1022,OK,OK,OK
2026-08-14T12:04:37.876352Z,2621,246.0,1022,OK,OK,OK
2026-08-14T12:04:43.360607Z,2607,246.0,1022,OK,OK,OK
2026-08-14T12:04:48.857537Z,2615,246.0,1022,OK,OK,OK
2026-08-14T12:04:54.377071Z,2619,245.9,1022,OK,OK,OK
2026-08-14T12:04:59.869188Z,2606,246.0,1022,OK,OK,OK
2026-08-14T12:05:05.384869Z,2619,245.9,1022,OK,OK,OK
2026-08-14T12:05:10.903447Z,2624,245.9,1022,OK,OK,OK
2026-08-14T12:05:16.402336Z,2607,245.9,1022,OK,OK,OK
2026-08-14T12:05:21.921657Z,2616,246.0,1022,OK,OK,OK
2026-08-14T12:05:27.465250Z,2611,246.0,1022,OK,OK,OK
2026-08-14T12:05:32.941296Z,2604,246.0,1022,OK,OK,OK
2026-08-14T12:05:38.423907Z,2609,246.0,1022,OK,OK,OK
2026-08-14T12:05:43.922517Z,2606,245.9,1022,OK,OK,OK
2026-08-14T12:05:49.464526Z,2606,246.0,1022,OK,OK,OK
2026-08-14T12:05:54.995106Z,2595,245.9,1022,OK,OK,OK
2026-08-14T12:06:00.448129Z,2597,245.8,1022,OK,OK,OK
2026-08-14T12:06:05.950589Z,2600,246.0,1022,OK,OK,OK
2026-08-14T12:06:11.504215Z,2617,246.2,1022,OK,OK,OK
2026-08-14T12:06:17.000629Z,2612,246.2,1022,OK,OK,OK
2026-08-14T12:06:22.513330Z,2607,246.2,1022,OK,OK,OK
2026-08-14T12:06:27.987908Z,2590,246.1,1022,OK,OK,OK
2026-08-14T12:06:33.485933Z,2599,246.2,1022,OK,OK,OK
2026-08-14T12:06:38.982588Z,2619,246.2,1022,OK,OK,OK
2026-08-14T12:06:44.485861Z,2590,246.1,1022,OK,OK,OK
2026-08-14T12:06:49.965581Z,2619,246.1,1022,OK,OK,OK
2026-08-14T12:06:55.455992Z,2608,246.1,1022,OK,OK,OK
2026-08-14T12:07:00.959409Z,2598,246.1,1022,OK,OK,OK
2026-08-14T12:07:06.473882Z,2626,246.1,1022,OK,OK,OK
2026-08-14T12:07:11.971852Z,2618,245.9,1022,OK,OK,OK
2026-08-14T12:07:17.448728Z,2620,246.2,1022,OK,OK,OK
2026-08-14T12:07:22.940112Z,2612,246.2,1022,OK,OK,OK
2026-08-14T12:07:28.409850Z,2607,246.2,1022,OK,OK,OK
2026-08-14T12:07:33.946274Z,2608,246.0,1022,OK,OK,OK
2026-08-14T12:07:39.433632Z,2606,246.2,1022,OK,OK,OK
2026-08-14T12:07:44.928759Z,2617,246.2,1022,OK,OK,OK
2026-08-14T12:07:50.397738Z,2604,246.2,1022,OK,OK,OK
2026-08-14T12:07:55.895851Z,2610,246.2,1022,OK,OK,OK
2026-08-14T12:08:01.413172Z,2623,246.2,1022,OK,OK,OK
2026-08-14T12:08:06.946173Z,2600,246.2,1022,OK,OK,OK
2026-08-14T12:08:12.454386Z,2608,246.1,1022,OK,OK,OK
2026-08-14T12:08:17.995296Z,2604,246.2,1022,OK,OK,OK
2026-08-14T12:08:23.498840Z,2630,246.2,1022,OK,OK,OK
2026-08-14T12:08:29.042286Z,2612,246.3,1022,OK,OK,OK
2026-08-14T12:08:34.545472Z,2623,246.2,1022,OK,OK,OK
2026-08-14T12:08:40.055213Z,2631,246.0,1022,OK,OK,OK
2026-08-14T12:08:45.558626Z,2612,246.2,1022,OK,OK,OK
2026-08-14T12:08:51.055509Z,2611,246.0,1022,OK,OK,OK
2026-08-14T12:08:56.582102Z,2608,246.2,1022,OK,OK,OK
2026-08-14T12:09:02.084089Z,2616,246.2,1022,OK,OK,OK
2026-08-14T12:09:07.608978Z,2616,246.2,1022,OK,OK,OK
2026-08-14T12:09:13.124852Z,2612,246.2,1022,OK,OK,OK
2026-08-14T12:09:18.641199Z,2617,246.2,1022,OK,OK,OK
2026-08-14T12:09:24.135547Z,2595,246.2,1022,OK,OK,OK
2026-08-14T12:09:29.662117Z,2606,245.9,1022,OK,OK,OK
2026-08-14T12:09:35.166176Z,2604,246.1,1022,OK,OK,OK
2026-08-14T12:09:40.700045Z,2604,245.9,1022,OK,OK,OK
2026-08-14T12:09:46.191635Z,2608,246.0,1022,OK,OK,OK
2026-08-14T12:09:51.718111Z,2605,245.9,1022,OK,OK,OK
2026-08-14T12:09:57.228936Z,2611,246.1,1022,OK,OK,OK
2026-08-14T12:10:02.752529Z,2604,246.0,1022,OK,OK,OK
2026-08-14T12:10:08.248420Z,2610,246.0,1022,OK,OK,OK
2026-08-14T12:10:13.738594Z,2608,246.0,1022,OK,OK,OK
2026-08-14T12:10:19.260606Z,2626,245.9,1022,OK,OK,OK
2026-08-14T12:10:24.761604Z,2602,246.0,1022,OK,OK,OK
2026-08-14T12:10:30.277778Z,2605,246.0,1022,OK,OK,OK
2026-08-14T12:10:35.766570Z,2607,245.9,1022,OK,OK,OK
2026-08-14T12:10:41.261043Z,2601,246.0,1022,OK,OK,OK
2026-08-14T12:10:46.751280Z,2736,246.0,1022,OK,OK,OK
2026-08-14T12:10:52.276020Z,2759,246.0,1022,OK,OK,OK
2026-08-14T12:10:57.751727Z,2733,246.1,1022,OK,OK,OK
2026-08-14T12:11:03.270696Z,2750,245.9,1022,OK,OK,OK
2026-08-14T12:11:08.749020Z,2740,245.9,1022,OK,OK,OK
2026-08-14T12:11:14.302802Z,2736,245.9,1022,OK,OK,OK
2026-08-14T12:11:19.807064Z,2734,245.8,1022,OK,OK,OK
2026-08-14T12:11:25.291627Z,2626,246.1,1022,OK,OK,OK
2026-08-14T12:11:30.818444Z,2620,246.0,1022,OK,OK,OK
2026-08-14T12:11:36.313552Z,2624,245.9,1022,OK,OK,OK
2026-08-14T12:11:41.834148Z,2613,245.9,1022,OK,OK,OK
2026-08-14T12:11:47.328432Z,2641,245.9,1022,OK,OK,OK
2026-08-14T12:11:52.841622Z,4344,245.2,1022,OK,OK,OK
2026-08-14T12:11:58.345373Z,4357,245.2,1022,OK,OK,OK
2026-08-14T12:12:03.823624Z,4344,245.0,1022,OK,OK,OK
2026-08-14T12:12:09.280930Z,4338,245.0,1022,OK,OK,OK
2026-08-14T12:12:14.822506Z,4335,245.1,1022,OK,OK,OK
2026-08-14T12:12:20.312371Z,4338,245.2,1022,OK,OK,OK
2026-08-14T12:12:25.815505Z,4340,245.3,1022,OK,OK,OK
2026-08-14T12:12:31.313942Z,4334,245.2,1022,OK,OK,OK
2026-08-14T12:12:36.815124Z,4334,245.3,1022,OK,OK,OK
2026-08-14T12:12:42.342515Z,4344,245.3,1022,OK,OK,OK
2026-08-14T12:12:47.865789Z,4339,245.2,1022,OK,OK,OK
2026-08-14T12:12:53.354075Z,4268,243.0,1022,OK,OK,OK
2026-08-14T12:12:58.866103Z,4324,244.4,1134,OK,OK,OK
2026-08-14T12:13:04.366851Z,4322,244.4,1134,OK,OK,OK
2026-08-14T12:13:09.891875Z,4313,244.3,1134,OK,OK,OK
2026-08-14T12:13:15.394187Z,4327,244.4,1134,OK,OK,OK
2026-08-14T12:13:20.919616Z,4311,244.4,1134,OK,OK,OK
2026-08-14T12:13:26.422311Z,4329,244.2,1134,OK,OK,OK
2026-08-14T12:13:31.934917Z,4326,244.2,1134,OK,OK,OK
2026-08-14T12:13:37.420159Z,2642,245.1,1134,OK,OK,OK
2026-08-14T12:13:42.936898Z,2616,244.9,1134,OK,OK,OK
2026-08-14T12:13:48.448401Z,2621,245.0,1134,OK,OK,OK
2026-08-14T12:13:53.954304Z,2620,245.1,1134,OK,OK,OK
2026-08-14T12:13:59.459688Z,2614,245.2,1134,OK,OK,OK
2026-08-14T12:14:04.999436Z,2617,245.1,1134,OK,OK,OK
2026-08-14T12:14:10.472999Z,2612,245.1,1134,OK,OK,OK
2026-08-14T12:14:16.007208Z,2608,245.2,1134,OK,OK,OK
2026-08-14T12:14:21.501190Z,2604,245.1,1134,OK,OK,OK
2026-08-14T12:14:27.022448Z,2604,245.2,1134,OK,OK,OK
2026-08-14T12:14:32.513627Z,2605,245.2,1134,OK,OK,OK
2026-08-14T12:14:38.033413Z,2602,245.2,1134,OK,OK,OK
2026-08-14T12:14:43.537424Z,2606,245.2,1134,OK,OK,OK
2026-08-14T12:14:49.021710Z,2599,245.2,1134,OK,OK,OK
2026-08-14T12:14:54.527420Z,2596,245.2,1134,OK,OK,OK
2026-08-14T12:15:00.038518Z,2589,245.2,1134,OK,OK,OK
2026-08-14T12:15:05.541299Z,2612,245.1,1134,OK,OK,OK
2026-08-14T12:15:11.068697Z,2599,245.2,1134,OK,OK,OK
2026-08-14T12:15:16.541770Z,2595,245.2,1134,OK,OK,OK
2026-08-14T12:15:22.029705Z,2602,245.2,1134,OK,OK,OK
2026-08-14T12:15:27.565209Z,2585,245.1,1134,OK,OK,OK
2026-08-14T12:15:33.079640Z,2598,245.2,1134,OK,OK,OK
2026-08-14T12:15:38.587383Z,2598,245.2,1134,OK,OK,OK
2026-08-14T12:15:44.071570Z,2597,245.2,1134,OK,OK,OK
2026-08-14T12:15:49.590109Z,2596,245.2,1134,OK,OK,OK
2026-08-14T12:15:55.083121Z,2608,245.8,1134,OK,OK,OK
2026-08-14T12:16:00.581849Z,2597,245.7,1134,OK,OK,OK
2026-08-14T12:16:06.064025Z,2595,245.5,1134,OK,OK,OK
2026-08-14T12:16:11.560889Z,2619,245.5,1134,OK,OK,OK
2026-08-14T12:16:17.063312Z,2616,245.5,1134,OK,OK,OK
2026-08-14T12:16:22.557158Z,2603,245.7,1134,OK,OK,OK
2026-08-14T12:16:28.071498Z,2591,245.7,1134,OK,OK,OK
2026-08-14T12:16:33.702808Z,2604,245.5,1134,OK,OK,OK
2026-08-14T12:16:39.219448Z,2600,245.7,1134,OK,OK,OK
2026-08-14T12:16:44.747680Z,2595,245.5,1134,OK,OK,OK
2026-08-14T12:16:50.290555Z,2601,245.4,1134,OK,OK,OK
2026-08-14T12:16:55.768841Z,2600,245.4,1134,OK,OK,OK
2026-08-14T12:17:01.323552Z,2599,245.4,1134,OK,OK,OK
2026-08-14T12:17:06.837915Z,2607,245.4,1134,OK,OK,OK
2026-08-14T12:17:12.348152Z,2604,245.4,1134,OK,OK,OK
2026-08-14T12:17:17.889619Z,2606,245.5,1134,OK,OK,OK
2026-08-14T12:17:23.355871Z,2617,245.9,1134,OK,OK,OK
2026-08-14T12:17:28.880508Z,2622,245.7,1134,OK,OK,OK
2026-08-14T12:17:34.368997Z,2673,245.7,1134,OK,OK,OK
2026-08-14T12:17:39.886838Z,2617,245.8,1134,OK,OK,OK
2026-08-14T12:17:45.402449Z,2602,245.7,1134,OK,OK,OK
2026-08-14T12:17:50.908245Z,2595,245.9,1134,OK,OK,OK
2026-08-14T12:17:56.452978Z,2596,245.9,1134,OK,OK,OK
2026-08-14T12:18:01.963437Z,2586,245.7,1134,OK,OK,OK
2026-08-14T12:18:07.492503Z,2597,245.9,1134,OK,OK,OK
2026-08-14T12:18:12.998006Z,2576,245.9,1134,OK,OK,OK
2026-08-14T12:18:18.488988Z,2581,245.9,1134,OK,OK,OK
2026-08-14T12:18:23.995392Z,2576,245.9,1134,OK,OK,OK
2026-08-14T12:18:29.478194Z,2567,245.9,1134,OK,OK,OK
2026-08-14T12:18:34.974442Z,2559,245.8,1134,OK,OK,OK
2026-08-14T12:18:40.460098Z,2568,245.7,1134,OK,OK,OK
2026-08-14T12:18:45.964107Z,2563,245.7,1134,OK,OK,OK
2026-08-14T12:18:51.495563Z,2564,245.7,1134,OK,OK,OK
2026-08-14T12:18:57.023579Z,2560,245.7,1134,OK,OK,OK
2026-08-14T12:19:02.522569Z,2564,245.6,1134,OK,OK,OK
2026-08-14T12:19:08.055593Z,2553,245.7,1134,OK,OK,OK
2026-08-14T12:19:13.548124Z,2563,245.6,1134,OK,OK,OK
2026-08-14T12:19:19.079527Z,2554,245.7,1134,OK,OK,OK
2026-08-14T12:19:24.556984Z,2552,245.7,1134,OK,OK,OK
2026-08-14T12:19:30.021029Z,2557,245.9,1134,OK,OK,OK
2026-08-14T12:19:35.503628Z,2558,245.7,1134,OK,OK,OK
2026-08-14T12:19:41.007209Z,2554,245.7,1134,OK,OK,OK
2026-08-14T12:19:46.483788Z,2555,245.7,1134,OK,OK,OK
2026-08-14T12:19:51.999104Z,2550,245.8,1134,OK,OK,OK
2026-08-14T12:19:57.480885Z,2551,245.7,1134,OK,OK,OK
2026-08-14T12:20:03.001422Z,2555,245.7,1134,OK,OK,OK
2026-08-14T12:20:08.492316Z,2556,245.7,1134,OK,OK,OK
2026-08-14T12:20:14.011958Z,2558,245.8,1134,OK,OK,OK
2026-08-14T12:20:19.520306Z,2550,245.8,1134,OK,OK,OK
2026-08-14T12:20:25.038701Z,2550,245.8,1134,OK,OK,OK
2026-08-14T12:20:30.533427Z,2561,245.7,1134,OK,OK,OK
2026-08-14T12:20:36.042619Z,2542,245.7,1134,OK,OK,OK
2026-08-14T12:20:41.580334Z,2553,245.7,1134,OK,OK,OK
2026-08-14T12:20:47.088746Z,2554,245.7,1134,OK,OK,OK
2026-08-14T12:20:52.584851Z,2554,245.7,1134,OK,OK,OK
2026-08-14T12:20:58.112018Z,2544,245.5,1134,OK,OK,OK
2026-08-14T12:21:03.618090Z,2557,246.2,1134,OK,OK,OK
2026-08-14T12:21:09.174619Z,2555,246.0,1134,OK,OK,OK
2026-08-14T12:21:14.678268Z,2554,246.0,1134,OK,OK,OK
2026-08-14T12:21:20.220102Z,2553,246.0,1134,OK,OK,OK
2026-08-14T12:21:25.690127Z,2595,246.0,1134,OK,OK,OK
2026-08-14T12:21:31.214704Z,2538,246.0,1134,OK,OK,OK
2026-08-14T12:21:36.735153Z,2687,246.1,1134,OK,OK,OK
2026-08-14T12:21:42.273526Z,2703,246.1,1134,OK,OK,OK
2026-08-14T12:21:47.778574Z,2686,246.1,1134,OK,OK,OK
2026-08-14T12:21:53.299556Z,2674,246.0,1134,OK,OK,OK
2026-08-14T12:21:58.806799Z,2679,245.9,1134,OK,OK,OK
2026-08-14T12:22:04.306583Z,2681,245.9,1134,OK,OK,OK
2026-08-14T12:22:09.818350Z,2682,246.0,1134,OK,OK,OK
2026-08-14T12:22:15.366283Z,2679,246.0,1134,OK,OK,OK
2026-08-14T12:22:20.862664Z,2675,246.0,1134,OK,OK,OK
2026-08-14T12:22:26.358569Z,2674,245.9,1134,OK,OK,OK
2026-08-14T12:22:31.856019Z,2666,246.0,1134,OK,OK,OK
2026-08-14T12:22:37.354541Z,2681,246.0,1134,OK,OK,OK
2026-08-14T12:22:42.922172Z,2682,246.0,1134,OK,OK,OK
2026-08-14T12:22:48.421596Z,2671,246.0,1134,OK,OK,OK
2026-08-14T12:22:53.941524Z,2572,245.9,1134,OK,OK,OK
2026-08-14T12:22:59.468355Z,2556,246.0,1134,OK,OK,OK
2026-08-14T12:23:04.991570Z,2557,245.9,1134,OK,OK,OK
2026-08-14T12:23:10.496611Z,2550,245.9,1134,OK,OK,OK
2026-08-14T12:23:16.027150Z,2565,246.0,1134,OK,OK,OK
2026-08-14T12:23:21.560410Z,2571,245.9,1134,OK,OK,OK
2026-08-14T12:23:27.080113Z,2566,245.9,1134,OK,OK,OK
2026-08-14T12:23:32.546371Z,2625,245.9,1134,OK,OK,OK
2026-08-14T12:23:38.057322Z,2572,246.1,1134,OK,OK,OK
2026-08-14T12:23:43.568446Z,2574,246.1,1134,OK,OK,OK
2026-08-14T12:23:49.061744Z,2581,246.0,1134,OK,OK,OK
2026-08-14T12:23:54.559432Z,2495,246.2,1134,OK,OK,OK
2026-08-14T12:24:00.080582Z,2493,246.1,1134,OK,OK,OK
2026-08-14T12:24:05.612387Z,2497,246.0,1134,OK,OK,OK
2026-08-14T12:24:11.118213Z,2493,245.9,1134,OK,OK,OK
2026-08-14T12:24:16.627673Z,2489,246.0,1134,OK,OK,OK
2026-08-14T12:24:22.190088Z,2500,246.0,1134,OK,OK,OK
2026-08-14T12:24:27.718019Z,2495,246.0,1134,OK,OK,OK
2026-08-14T12:24:33.231177Z,2486,245.9,1134,OK,OK,OK
2026-08-14T12:24:38.730837Z,2497,246.0,1134,OK,OK,OK
2026-08-14T12:24:44.250503Z,2487,245.9,1134,OK,OK,OK
2026-08-14T12:24:49.739687Z,2499,245.9,1134,OK,OK,OK
2026-08-14T12:24:55.256585Z,2489,246.1,1134,OK,OK,OK
2026-08-14T12:25:00.784448Z,2514,246.1,1134,OK,OK,OK
2026-08-14T12:25:06.296425Z,2495,246.0,1134,OK,OK,OK
2026-08-14T12:25:11.812564Z,2497,246.0,1134,OK,OK,OK
2026-08-14T12:25:17.330641Z,2512,246.1,1134,OK,OK,OK
2026-08-14T12:25:22.842877Z,2495,245.9,1134,OK,OK,OK
2026-08-14T12:25:28.347313Z,2493,245.9,1134,OK,OK,OK
2026-08-14T12:25:33.854017Z,2500,245.9,1134,OK,OK,OK
2026-08-14T12:25:39.373443Z,2480,245.7,1134,OK,OK,OK
2026-08-14T12:25:44.877972Z,2483,245.9,1134,OK,OK,OK
2026-08-14T12:25:50.396188Z,2492,245.9,1134,OK,OK,OK
2026-08-14T12:25:55.917191Z,2498,245.9,1134,OK,OK,OK
2026-08-14T12:26:01.472466Z,2490,245.7,1134,OK,OK,OK
2026-08-14T12:26:06.961939Z,2485,245.9,1134,OK,OK,OK
2026-08-14T12:26:12.462616Z,2492,245.9,1134,OK,OK,OK
2026-08-14T12:26:17.990536Z,2494,245.8,1134,OK,OK,OK
2026-08-14T12:26:23.498310Z,2355,246.0,1134,OK,OK,OK
2026-08-14T12:26:29.020491Z,2348,245.9,1134,OK,OK,OK
2026-08-14T12:26:34.542584Z,2346,245.9,1134,OK,OK,OK
2026-08-14T12:26:40.053778Z,2350,245.9,1134,OK,OK,OK
2026-08-14T12:26:45.533445Z,2344,245.9,1134,OK,OK,OK
2026-08-14T12:26:51.065527Z,2339,245.9,1134,OK,OK,OK
2026-08-14T12:26:56.595055Z,2347,245.9,1134,OK,OK,OK
2026-08-14T12:27:02.101662Z,2356,245.9,1134,OK,OK,OK
2026-08-14T12:27:07.597105Z,2340,245.7,1134,OK,OK,OK
2026-08-14T12:27:13.111637Z,2344,245.9,1134,OK,OK,OK
2026-08-14T12:27:18.654402Z,2345,245.8,1134,OK,OK,OK
2026-08-14T12:27:24.164795Z,2361,245.9,1134,OK,OK,OK
2026-08-14T12:27:29.660739Z,2343,245.9,1134,OK,OK,OK
2026-08-14T12:27:35.192002Z,2338,245.9,1134,OK,OK,OK
2026-08-14T12:27:40.690004Z,2339,245.9,1134,OK,OK,OK
2026-08-14T12:27:46.218830Z,2344,245.9,1134,OK,OK,OK
2026-08-14T12:27:51.710248Z,2341,245.9,1134,OK,OK,OK
2026-08-14T12:27:57.228708Z,2348,245.8,1134,OK,OK,OK
2026-08-14T12:28:02.727431Z,2334,245.8,1134,OK,OK,OK
2026-08-14T12:28:08.258909Z,2352,245.7,1134,OK,OK,OK
2026-08-14T12:28:13.718985Z,2334,245.8,1134,OK,OK,OK
2026-08-14T12:28:19.240028Z,2340,245.7,1134,OK,OK,OK
2026-08-14T12:28:24.731568Z,2332,245.6,1472,OK,OK,OK
2026-08-14T12:28:30.256114Z,2320,245.7,1472,OK,OK,OK
2026-08-14T12:28:35.731599Z,2341,245.7,1472,OK,OK,OK
2026-08-14T12:28:41.191902Z,2330,245.5,1472,OK,OK,OK
2026-08-14T12:28:46.692660Z,2332,245.8,1472,OK,OK,OK
2026-08-14T12:28:52.144107Z,2326,245.7,1472,OK,OK,OK
2026-08-14T12:28:57.631994Z,2336,245.8,1472,OK,OK,OK
2026-08-14T12:29:03.139863Z,2338,245.9,1472,OK,OK,OK
2026-08-14T12:29:08.625549Z,2337,245.8,1472,OK,OK,OK
2026-08-14T12:29:14.118727Z,2343,245.8,1472,OK,OK,OK
2026-08-14T12:29:19.607996Z,2331,245.8,1472,OK,OK,OK
2026-08-14T12:29:25.120268Z,2340,245.8,1472,OK,OK,OK
2026-08-14T12:29:30.615654Z,2332,245.9,1472,OK,OK,OK
2026-08-14T12:29:36.097109Z,2354,245.9,1472,OK,OK,OK
2026-08-14T12:29:41.590202Z,2338,245.9,1472,OK,OK,OK
2026-08-14T12:29:47.072798Z,2351,245.9,1472,OK,OK,OK
2026-08-14T12:29:52.580728Z,2344,245.9,1472,OK,OK,OK
2026-08-14T12:29:58.084620Z,2339,245.8,1472,OK,OK,OK
2026-08-14T12:30:03.592623Z,2438,245.8,1472,OK,OK,OK
2026-08-14T12:30:09.124083Z,2436,245.7,1472,OK,OK,OK
2026-08-14T12:30:14.658254Z,2505,245.6,1472,OK,OK,OK
2026-08-14T12:30:20.130071Z,2552,245.6,1472,OK,OK,OK
2026-08-14T12:30:25.644562Z,2582,245.5,1472,OK,OK,OK
2026-08-14T12:30:31.160128Z,2738,245.7,1472,OK,OK,OK
2026-08-14T12:30:36.656262Z,2754,245.7,1472,OK,OK,OK
2026-08-14T12:30:42.161851Z,2792,245.7,1472,OK,OK,OK
2026-08-14T12:30:47.677597Z,2790,245.7,1472,OK,OK,OK
2026-08-14T12:30:53.208037Z,2785,245.6,1472,OK,OK,OK
2026-08-14T12:30:58.699337Z,2795,245.6,1472,OK,OK,OK
2026-08-14T12:31:04.151425Z,2800,245.5,1472,OK,OK,OK
2026-08-14T12:31:09.658331Z,2818,245.5,1472,OK,OK,OK
2026-08-14T12:31:15.189652Z,2801,245.6,1472,OK,OK,OK
2026-08-14T12:31:20.681502Z,2748,245.5,1472,OK,OK,OK
2026-08-14T12:31:26.202319Z,2739,245.5,1472,OK,OK,OK
2026-08-14T12:31:31.703073Z,2737,245.4,1472,OK,OK,OK
2026-08-14T12:31:37.215798Z,2733,245.5,1472,OK,OK,OK
2026-08-14T12:31:42.713986Z,2620,245.5,1472,OK,OK,OK
2026-08-14T12:31:48.218958Z,2558,245.6,1472,OK,OK,OK
2026-08-14T12:31:53.701489Z,2525,245.6,1472,OK,OK,OK
2026-08-14T12:31:59.219875Z,2512,245.7,1472,OK,OK,OK
2026-08-14T12:32:04.687434Z,2506,245.7,1472,OK,OK,OK
2026-08-14T12:32:10.193303Z,2499,245.6,1472,OK,OK,OK
2026-08-14T12:32:15.689398Z,2492,245.7,1472,OK,OK,OK
2026-08-14T12:32:21.194148Z,2489,245.7,1472,OK,OK,OK
2026-08-14T12:32:26.654179Z,2489,245.8,1472,OK,OK,OK
2026-08-14T12:32:32.197071Z,2503,245.9,1472,OK,OK,OK
2026-08-14T12:32:37.666597Z,2494,245.8,1472,OK,OK,OK
2026-08-14T12:32:43.152217Z,2493,245.7,1472,OK,OK,OK
2026-08-14T12:32:48.646555Z,2497,245.8,1472,OK,OK,OK
2026-08-14T12:32:54.183690Z,2497,245.7,1472,OK,OK,OK
2026-08-14T12:32:59.706982Z,2489,245.7,1472,OK,OK,OK
2026-08-14T12:33:05.203531Z,2490,245.6,1472,OK,OK,OK
2026-08-14T12:33:10.708256Z,2488,245.5,1472,OK,OK,OK
2026-08-14T12:33:16.261371Z,2487,245.7,1472,OK,OK,OK
2026-08-14T12:33:21.779931Z,2481,245.6,1472,OK,OK,OK
2026-08-14T12:33:27.292391Z,2494,245.7,1472,OK,OK,OK
2026-08-14T12:33:32.808113Z,2493,245.6,1472,OK,OK,OK
2026-08-14T12:33:38.334070Z,2503,245.8,1472,OK,OK,OK
2026-08-14T12:33:43.826292Z,2496,245.6,1472,OK,OK,OK
2026-08-14T12:33:49.346615Z,2490,245.6,1472,OK,OK,OK
2026-08-14T12:33:54.853141Z,2481,245.6,1472,OK,OK,OK
2026-08-14T12:34:00.347389Z,2470,245.4,1472,OK,OK,OK
2026-08-14T12:34:05.868982Z,2601,245.5,1472,OK,OK,OK
2026-08-14T12:34:11.388186Z,2616,245.4,1472,OK,OK,OK
2026-08-14T12:34:16.910139Z,2600,245.4,1472,OK,OK,OK
2026-08-14T12:34:22.430197Z,2615,245.6,1472,OK,OK,OK
2026-08-14T12:34:27.940824Z,2600,245.5,1472,OK,OK,OK
2026-08-14T12:34:33.479241Z,2604,245.3,1472,OK,OK,OK
2026-08-14T12:34:38.984667Z,2613,245.6,1472,OK,OK,OK
2026-08-14T12:34:44.520764Z,2606,245.6,1472,OK,OK,OK
2026-08-14T12:34:50.033857Z,2611,245.6,1472,OK,OK,OK
2026-08-14T12:34:55.557754Z,2486,245.7,1472,OK,OK,OK
2026-08-14T12:35:01.081325Z,2494,245.7,1472,OK,OK,OK
2026-08-14T12:35:06.582974Z,2495,245.8,1472,OK,OK,OK
2026-08-14T12:35:12.106962Z,2501,245.5,1472,OK,OK,OK
2026-08-14T12:35:17.629327Z,2501,245.5,1472,OK,OK,OK
2026-08-14T12:35:23.155994Z,2487,245.5,1472,OK,OK,OK
2026-08-14T12:35:28.675336Z,2481,245.5,1472,OK,OK,OK
2026-08-14T12:35:34.215971Z,2512,245.5,1472,OK,OK,OK
2026-08-14T12:35:39.718209Z,2490,245.6,1472,OK,OK,OK
2026-08-14T12:35:45.236401Z,2489,245.5,1472,OK,OK,OK
2026-08-14T12:35:50.738439Z,2657,245.5,1472,OK,OK,OK
2026-08-14T12:35:56.261984Z,2610,245.7,1472,OK,OK,OK
2026-08-14T12:36:01.767129Z,2498,245.6,1472,OK,OK,OK
2026-08-14T12:36:07.272401Z,2486,245.5,1472,OK,OK,OK
2026-08-14T12:36:12.752904Z,2490,245.5,1472,OK,OK,OK
2026-08-14T12:36:18.273424Z,2476,245.5,1472,OK,OK,OK
2026-08-14T12:36:23.763796Z,2478,245.7,1472,OK,OK,OK
2026-08-14T12:36:29.270320Z,2526,245.7,1472,OK,OK,OK
2026-08-14T12:36:34.797586Z,2491,245.5,1472,OK,OK,OK
2026-08-14T12:36:40.301105Z,2495,245.7,1472,OK,OK,OK
2026-08-14T12:36:45.808648Z,2495,245.9,1472,OK,OK,OK
2026-08-14T12:36:51.304096Z,2478,245.6,1472,OK,OK,OK
2026-08-14T12:36:56.826057Z,2494,245.7,1472,OK,OK,OK
2026-08-14T12:37:02.336966Z,2485,245.7,1472,OK,OK,OK
2026-08-14T12:37:07.844052Z,2492,245.7,1472,OK,OK,OK
2026-08-14T12:37:13.349582Z,2486,245.6,1472,OK,OK,OK
2026-08-14T12:37:18.859272Z,2505,245.5,1472,OK,OK,OK
2026-08-14T12:37:24.417556Z,2497,245.6,1472,OK,OK,OK
2026-08-14T12:37:29.926018Z,2491,245.6,1472,OK,OK,OK
2026-08-14T12:37:35.438612Z,2480,245.6,1472,OK,OK,OK
2026-08-14T12:37:40.969452Z,2494,245.6,1472,OK,OK,OK
2026-08-14T12:37:46.465823Z,2493,245.7,1472,OK,OK,OK
2026-08-14T12:37:51.941776Z,2499,245.6,1472,OK,OK,OK
2026-08-14T12:37:57.453563Z,2489,245.5,1472,OK,OK,OK
2026-08-14T12:38:02.948191Z,2502,245.7,1472,OK,OK,OK
2026-08-14T12:38:08.464363Z,2496,245.4,1472,OK,OK,OK
2026-08-14T12:38:13.941547Z,2579,245.6,1472,OK,OK,OK
2026-08-14T12:38:19.476086Z,2593,245.6,1472,OK,OK,OK
2026-08-14T12:38:24.930769Z,2609,245.6,1472,OK,OK,OK
2026-08-14T12:38:30.456717Z,2592,245.7,1472,OK,OK,OK
2026-08-14T12:38:35.941539Z,2605,245.7,1472,OK,OK,OK
2026-08-14T12:38:41.439915Z,2607,245.5,1472,OK,OK,OK
2026-08-14T12:38:46.940174Z,2620,245.6,1472,OK,OK,OK
2026-08-14T12:38:52.438537Z,2628,245.6,1472,OK,OK,OK
2026-08-14T12:38:57.953480Z,2634,245.7,1472,OK,OK,OK
2026-08-14T12:39:03.506183Z,2644,245.7,1472,OK,OK,OK
2026-08-14T12:39:08.997660Z,2637,245.6,1472,OK,OK,OK
2026-08-14T12:39:14.502034Z,2638,245.6,1472,OK,OK,OK
2026-08-14T12:39:19.995199Z,2656,245.6,1472,OK,OK,OK
2026-08-14T12:39:25.476188Z,2664,245.5,1472,OK,OK,OK
2026-08-14T12:39:30.977454Z,2664,245.7,1472,OK,OK,OK
2026-08-14T12:39:36.459250Z,2672,245.5,1472,OK,OK,OK
2026-08-14T12:39:41.973909Z,2697,245.5,1472,OK,OK,OK
2026-08-14T12:39:47.526150Z,2718,245.5,1472,OK,OK,OK
2026-08-14T12:39:53.055354Z,2714,245.5,1472,OK,OK,OK
2026-08-14T12:39:58.566319Z,2726,245.6,1472,OK,OK,OK
2026-08-14T12:40:04.111554Z,2730,245.7,1472,OK,OK,OK
2026-08-14T12:40:09.631467Z,2727,245.6,1472,OK,OK,OK
2026-08-14T12:40:15.136043Z,2728,245.5,1472,OK,OK,OK
2026-08-14T12:40:20.653764Z,2720,245.7,1472,OK,OK,OK
2026-08-14T12:40:26.164206Z,2711,245.7,1472,OK,OK,OK
2026-08-14T12:40:31.689860Z,2711,245.5,1472,OK,OK,OK
2026-08-14T12:40:37.195813Z,2713,245.6,1472,OK,OK,OK
2026-08-14T12:40:42.714515Z,2711,245.7,1472,OK,OK,OK
2026-08-14T12:40:48.225449Z,2718,245.7,1472,OK,OK,OK
2026-08-14T12:40:53.743097Z,2718,245.6,1472,OK,OK,OK
2026-08-14T12:40:59.216148Z,2712,245.6,1472,OK,OK,OK
2026-08-14T12:41:04.710613Z,2713,245.7,1472,OK,OK,OK
2026-08-14T12:41:10.254111Z,2728,245.7,1472,OK,OK,OK
2026-08-14T12:41:15.744518Z,2714,245.7,1472,OK,OK,OK
2026-08-14T12:41:21.282665Z,2719,245.8,1472,OK,OK,OK
2026-08-14T12:41:26.739260Z,2724,245.8,1472,OK,OK,OK
2026-08-14T12:41:32.264149Z,2736,245.7,1472,OK,OK,OK
2026-08-14T12:41:37.750197Z,2709,245.7,1472,OK,OK,OK
2026-08-14T12:41:43.258544Z,2719,245.7,1472,OK,OK,OK
2026-08-14T12:41:48.779895Z,2720,245.6,1472,OK,OK,OK
2026-08-14T12:41:54.298530Z,2727,245.8,1472,OK,OK,OK
2026-08-14T12:41:59.824226Z,2730,245.7,1472,OK,OK,OK
2026-08-14T12:42:05.342948Z,2719,245.6,1472,OK,OK,OK
2026-08-14T12:42:10.836924Z,2715,245.6,1472,OK,OK,OK
2026-08-14T12:42:16.377016Z,2722,245.6,1472,OK,OK,OK
2026-08-14T12:42:21.863468Z,2752,245.6,1472,OK,OK,OK
2026-08-14T12:42:27.363440Z,2760,245.6,1472,OK,OK,OK
2026-08-14T12:42:32.871539Z,2757,245.6,1472,OK,OK,OK
2026-08-14T12:42:38.376008Z,2751,245.6,1472,OK,OK,OK
2026-08-14T12:42:43.874708Z,2753,245.6,1472,OK,OK,OK
2026-08-14T12:42:49.371211Z,2883,245.5,1472,OK,OK,OK
2026-08-14T12:42:54.900634Z,2883,245.7,1472,OK,OK,OK
2026-08-14T12:43:00.421773Z,2880,245.6,1472,OK,OK,OK
2026-08-14T12:43:05.919164Z,2886,245.7,1472,OK,OK,OK
2026-08-14T12:43:11.415760Z,2893,245.7,1472,OK,OK,OK
2026-08-14T12:43:16.895594Z,2887,245.7,1472,OK,OK,OK
2026-08-14T12:43:22.380345Z,2880,245.5,1472,OK,OK,OK
2026-08-14T12:43:27.885801Z,2884,245.5,1472,OK,OK,OK
2026-08-14T12:43:33.429587Z,2886,245.4,1472,OK,OK,OK
2026-08-14T12:43:38.944918Z,2891,245.4,1472,OK,OK,OK
2026-08-14T12:43:44.416106Z,2889,245.5,2136,OK,OK,OK
2026-08-14T12:43:49.924456Z,2878,245.4,2136,OK,OK,OK
2026-08-14T12:43:55.443402Z,2885,245.4,2136,OK,OK,OK
2026-08-14T12:44:00.971167Z,2871,245.4,2136,OK,OK,OK
2026-08-14T12:44:06.542929Z,2889,245.4,2136,OK,OK,OK
2026-08-14T12:44:12.083438Z,2877,245.3,2136,OK,OK,OK
2026-08-14T12:44:17.613130Z,2769,245.5,2136,OK,OK,OK
2026-08-14T12:44:23.112344Z,2775,245.5,2136,OK,OK,OK
2026-08-14T12:44:28.596453Z,2807,245.6,2136,OK,OK,OK
2026-08-14T12:44:34.094071Z,2771,245.6,2136,OK,OK,OK
2026-08-14T12:44:39.600681Z,2769,245.6,2136,OK,OK,OK
2026-08-14T12:44:45.121437Z,2760,245.4,2136,OK,OK,OK
2026-08-14T12:44:50.598501Z,2765,245.4,2136,OK,OK,OK
2026-08-14T12:44:56.106873Z,2750,245.5,2136,OK,OK,OK
2026-08-14T12:45:01.600263Z,2760,245.3,2136,OK,OK,OK
2026-08-14T12:45:07.069363Z,2758,245.5,2136,OK,OK,OK
2026-08-14T12:45:12.564367Z,2751,245.4,2136,OK,OK,OK
2026-08-14T12:45:18.086461Z,2883,245.3,2136,OK,OK,OK
2026-08-14T12:45:23.591515Z,2873,245.4,2136,OK,OK,OK
2026-08-14T12:45:29.078996Z,2877,245.4,2136,OK,OK,OK
2026-08-14T12:45:34.583830Z,2855,245.5,2136,OK,OK,OK
2026-08-14T12:45:40.094636Z,2880,245.4,2136,OK,OK,OK
2026-08-14T12:45:45.568735Z,2876,245.3,2136,OK,OK,OK
2026-08-14T12:45:51.083808Z,2765,245.4,2136,OK,OK,OK
2026-08-14T12:45:56.581106Z,2767,245.5,2136,OK,OK,OK
2026-08-14T12:46:02.167902Z,2768,245.5,2136,OK,OK,OK
2026-08-14T12:46:07.660620Z,2765,245.5,2136,OK,OK,OK
2026-08-14T12:46:13.195177Z,2784,245.4,2136,OK,OK,OK
2026-08-14T12:46:18.718127Z,2763,245.3,2136,OK,OK,OK
2026-08-14T12:46:24.218491Z,2763,245.4,2136,OK,OK,OK
2026-08-14T12:46:29.720542Z,2764,245.3,2136,OK,OK,OK
2026-08-14T12:46:35.244726Z,2771,245.4,2136,OK,OK,OK
2026-08-14T12:46:40.766281Z,2773,245.4,2136,OK,OK,OK
2026-08-14T12:46:46.294245Z,2774,245.5,2136,OK,OK,OK
2026-08-14T12:46:51.826498Z,2830,245.6,2136,OK,OK,OK
2026-08-14T12:46:57.319100Z,2857,245.6,2136,OK,OK,OK
2026-08-14T12:47:02.855747Z,2847,245.6,2136,OK,OK,OK
2026-08-14T12:47:08.381822Z,2836,245.5,2136,OK,OK,OK
2026-08-14T12:47:13.898737Z,2836,245.4,2136,OK,OK,OK
2026-08-14T12:47:19.416446Z,2876,245.4,2136,OK,OK,OK
2026-08-14T12:47:24.905039Z,2889,245.4,2136,OK,OK,OK
2026-08-14T12:47:30.427069Z,2884,245.7,2136,OK,OK,OK
2026-08-14T12:47:35.928745Z,2880,245.6,2136,OK,OK,OK
2026-08-14T12:47:41.454309Z,2891,245.7,2136,OK,OK,OK
2026-08-14T12:47:46.983409Z,2892,245.6,2136,OK,OK,OK
2026-08-14T12:47:52.493340Z,3036,245.6,2136,OK,OK,OK
2026-08-14T12:47:58.030024Z,3048,245.3,2136,OK,OK,OK
2026-08-14T12:48:03.555663Z,3038,245.5,2136,OK,OK,OK
2026-08-14T12:48:09.080160Z,3049,245.2,2136,OK,OK,OK
2026-08-14T12:48:14.577062Z,3045,245.3,2136,OK,OK,OK
2026-08-14T12:48:20.097133Z,3050,245.3,2136,OK,OK,OK
2026-08-14T12:48:25.632971Z,3050,245.4,2136,OK,OK,OK
2026-08-14T12:48:31.117150Z,2940,245.5,2136,OK,OK,OK
2026-08-14T12:48:36.640237Z,2945,245.5,2136,OK,OK,OK
2026-08-14T12:48:42.130473Z,2944,245.6,2136,OK,OK,OK
2026-08-14T12:48:47.685116Z,2961,245.6,2136,OK,OK,OK
2026-08-14T12:48:53.224991Z,2950,245.5,2136,OK,OK,OK
2026-08-14T12:48:58.710585Z,2946,245.6,2136,OK,OK,OK
2026-08-14T12:49:04.245083Z,2952,245.5,2136,OK,OK,OK
2026-08-14T12:49:09.790382Z,2942,245.5,2136,OK,OK,OK
2026-08-14T12:49:15.312283Z,2962,245.6,2136,OK,OK,OK
2026-08-14T12:49:20.835221Z,2953,245.6,2136,OK,OK,OK
2026-08-14T12:49:26.341834Z,2945,245.5,2136,OK,OK,OK
2026-08-14T12:49:31.828340Z,2949,245.4,2136,OK,OK,OK
2026-08-14T12:49:37.289204Z,2962,245.5,2136,OK,OK,OK
2026-08-14T12:49:42.810960Z,2946,245.5,2136,OK,OK,OK
2026-08-14T12:49:48.318732Z,2924,245.4,2136,OK,OK,OK
2026-08-14T12:49:53.825706Z,2906,245.3,2136,OK,OK,OK
2026-08-14T12:49:59.355593Z,2911,245.5,2136,OK,OK,OK
2026-08-14T12:50:04.902614Z,2913,245.5,2136,OK,OK,OK
2026-08-14T12:50:10.408818Z,2912,245.6,2136,OK,OK,OK
2026-08-14T12:50:15.905703Z,2912,245.8,2136,OK,OK,OK
2026-08-14T12:50:21.390277Z,2911,245.8,2136,OK,OK,OK
2026-08-14T12:50:26.886669Z,2916,245.8,2136,OK,OK,OK
2026-08-14T12:50:32.406675Z,2915,245.9,2136,OK,OK,OK
2026-08-14T12:50:37.903079Z,2905,245.7,2136,OK,OK,OK
2026-08-14T12:50:43.433010Z,2911,245.7,2136,OK,OK,OK
2026-08-14T12:50:48.948835Z,2911,245.7,2136,OK,OK,OK
2026-08-14T12:50:54.440370Z,2927,245.8,2136,OK,OK,OK
2026-08-14T12:50:59.926043Z,2906,245.8,2136,OK,OK,OK
2026-08-14T12:51:05.440976Z,2911,245.8,2136,OK,OK,OK
2026-08-14T12:51:10.971831Z,2911,245.9,2136,OK,OK,OK
2026-08-14T12:51:16.463145Z,2914,245.9,2136,OK,OK,OK
2026-08-14T12:51:22.002527Z,2894,245.9,2136,OK,OK,OK
2026-08-14T12:51:27.505279Z,2908,245.7,2136,OK,OK,OK
2026-08-14T12:51:33.033574Z,2913,245.8,2136,OK,OK,OK
2026-08-14T12:51:38.561180Z,2907,245.9,2136,OK,OK,OK
2026-08-14T12:51:44.091273Z,2910,245.9,2136,OK,OK,OK
2026-08-14T12:51:49.609673Z,2909,245.9,2136,OK,OK,OK
2026-08-14T12:51:55.125418Z,2902,246.1,2136,OK,OK,OK
2026-08-14T12:52:00.626037Z,2908,246.1,2136,OK,OK,OK
2026-08-14T12:52:06.151965Z,2903,246.1,2136,OK,OK,OK
2026-08-14T12:52:11.657044Z,2906,246.0,2136,OK,OK,OK
2026-08-14T12:52:17.167190Z,2912,246.1,2136,OK,OK,OK
2026-08-14T12:52:22.647907Z,2911,246.1,2136,OK,OK,OK
2026-08-14T12:52:28.184953Z,2910,246.0,2136,OK,OK,OK
2026-08-14T12:52:33.721059Z,2904,246.0,2136,OK,OK,OK
2026-08-14T12:52:39.219553Z,2909,246.0,2136,OK,OK,OK
2026-08-14T12:52:44.723029Z,2909,245.6,2136,OK,OK,OK
2026-08-14T12:52:50.242999Z,2944,245.9,2136,OK,OK,OK
2026-08-14T12:52:55.771885Z,2962,245.9,2136,OK,OK,OK
2026-08-14T12:53:01.235738Z,2953,246.1,2136,OK,OK,OK
2026-08-14T12:53:06.768806Z,2959,246.2,2136,OK,OK,OK
2026-08-14T12:53:12.229608Z,2975,246.2,2136,OK,OK,OK
2026-08-14T12:53:17.725656Z,2960,246.1,2136,OK,OK,OK
2026-08-14T12:53:23.194114Z,2958,246.1,2136,OK,OK,OK
2026-08-14T12:53:28.691734Z,2949,246.1,2136,OK,OK,OK
2026-08-14T12:53:34.189180Z,2961,246.1,2136,OK,OK,OK
2026-08-14T12:53:39.704872Z,2954,246.0,2136,OK,OK,OK
2026-08-14T12:53:45.191487Z,2961,245.9,2136,OK,OK,OK
2026-08-14T12:53:50.697530Z,2961,245.9,2136,OK,OK,OK
2026-08-14T12:53:56.225686Z,3031,246.2,2136,OK,OK,OK
2026-08-14T12:54:01.727202Z,2969,246.2,2136,OK,OK,OK
2026-08-14T12:54:07.223655Z,2956,245.9,2136,OK,OK,OK
2026-08-14T12:54:12.737367Z,2957,245.8,2136,OK,OK,OK
2026-08-14T12:54:18.293548Z,2958,245.8,2136,OK,OK,OK
2026-08-14T12:54:23.802325Z,2972,245.7,2136,OK,OK,OK
2026-08-14T12:54:29.285257Z,2935,245.8,2136,OK,OK,OK
2026-08-14T12:54:34.768224Z,2959,245.7,2136,OK,OK,OK
2026-08-14T12:54:40.248804Z,2952,245.8,2136,OK,OK,OK
2026-08-14T12:54:45.774712Z,2954,245.8,2136,OK,OK,OK
2026-08-14T12:54:51.274038Z,2958,245.8,2136,OK,OK,OK
2026-08-14T12:54:56.834579Z,2956,245.8,2136,OK,OK,OK
2026-08-14T12:55:02.342911Z,2966,245.9,2136,OK,OK,OK
2026-08-14T12:55:07.838601Z,2969,246.0,2136,OK,OK,OK
2026-08-14T12:55:13.349734Z,3096,245.8,2136,OK,OK,OK
2026-08-14T12:55:18.849059Z,3092,245.8,2136,OK,OK,OK
2026-08-14T12:55:24.329735Z,3096,245.7,2136,OK,OK,OK
2026-08-14T12:55:29.829658Z,3093,245.9,2136,OK,OK,OK
2026-08-14T12:55:35.292736Z,3093,245.8,2136,OK,OK,OK
2026-08-14T12:55:40.784384Z,3101,245.7,2136,OK,OK,OK
2026-08-14T12:55:46.270529Z,3085,245.7,2136,OK,OK,OK
2026-08-14T12:55:51.795062Z,2973,245.7,2136,OK,OK,OK
2026-08-14T12:55:57.273546Z,2980,245.9,2136,OK,OK,OK
2026-08-14T12:56:02.752775Z,2986,246.0,2136,OK,OK,OK
2026-08-14T12:56:08.252092Z,3028,246.0,2136,OK,OK,OK
2026-08-14T12:56:13.748937Z,2983,245.9,2136,OK,OK,OK
2026-08-14T12:56:19.285176Z,2980,246.1,2136,OK,OK,OK
2026-08-14T12:56:24.760631Z,2982,246.1,2136,OK,OK,OK
2026-08-14T12:56:30.286503Z,2984,246.0,2136,OK,OK,OK
2026-08-14T12:56:35.789433Z,2976,245.9,2136,OK,OK,OK
2026-08-14T12:56:41.256535Z,2980,246.0,2136,OK,OK,OK
2026-08-14T12:56:46.758803Z,2989,245.9,2136,OK,OK,OK
2026-08-14T12:56:52.271618Z,2988,245.9,2136,OK,OK,OK
2026-08-14T12:56:57.788259Z,2980,246.1,2136,OK,OK,OK
2026-08-14T12:57:03.263940Z,2982,246.0,2136,OK,OK,OK
2026-08-14T12:57:08.769172Z,2987,246.0,2136,OK,OK,OK
2026-08-14T12:57:14.292144Z,2980,246.1,2136,OK,OK,OK
2026-08-14T12:57:19.813806Z,2970,246.0,2136,OK,OK,OK
2026-08-14T12:57:25.319420Z,2970,245.9,2136,OK,OK,OK
2026-08-14T12:57:30.820159Z,2967,245.9,2136,OK,OK,OK
2026-08-14T12:57:36.364644Z,2966,245.9,2136,OK,OK,OK
2026-08-14T12:57:41.875850Z,2963,245.9,2136,OK,OK,OK
2026-08-14T12:57:47.391873Z,2967,245.9,2136,OK,OK,OK
2026-08-14T12:57:52.891953Z,2975,245.9,2136,OK,OK,OK
2026-08-14T12:57:58.404780Z,2971,246.0,2136,OK,OK,OK
2026-08-14T12:58:03.933118Z,3013,245.9,2136,OK,OK,OK
2026-08-14T12:58:09.465276Z,2975,245.9,2136,OK,OK,OK
2026-08-14T12:58:14.988037Z,2980,246.0,2136,OK,OK,OK
2026-08-14T12:58:20.491041Z,2974,246.0,2136,OK,OK,OK
2026-08-14T12:58:26.016739Z,2979,246.0,2136,OK,OK,OK
2026-08-14T12:58:31.490624Z,2978,245.9,2136,OK,OK,OK
2026-08-14T12:58:37.022689Z,2969,246.0,2136,OK,OK,OK
2026-08-14T12:58:42.535820Z,2964,246.0,2136,OK,OK,OK
2026-08-14T12:58:48.028775Z,2968,246.0,2136,OK,OK,OK
2026-08-14T12:58:53.550072Z,2964,246.0,2136,OK,OK,OK
2026-08-14T12:59:02.080427Z,2978,246.0,2136,OK,OK,OK
2026-08-14T12:59:07.530530Z,2958,245.8,4199,OK,OK,OK
2026-08-14T12:59:13.032920Z,2974,245.8,4199,OK,OK,OK
2026-08-14T12:59:18.509021Z,2964,245.8,4199,OK,OK,OK
2026-08-14T12:59:23.975100Z,2980,245.7,4199,OK,OK,OK
2026-08-14T12:59:29.511387Z,2973,245.7,4199,OK,OK,OK
2026-08-14T12:59:34.994809Z,2988,245.9,4199,OK,OK,OK
2026-08-14T12:59:40.497835Z,2976,245.7,4199,OK,OK,OK
2026-08-14T12:59:49.003680Z,2968,245.8,4199,OK,OK,OK
2026-08-14T12:59:54.507924Z,2974,245.8,4199,OK,OK,OK
2026-08-14T13:00:00.004248Z,2964,245.9,4199,OK,OK,OK
2026-08-14T13:00:05.524715Z,2979,245.8,4199,OK,OK,OK
2026-08-14T13:00:11.000512Z,2968,245.8,4199,OK,OK,OK
2026-08-14T13:00:16.504503Z,2969,245.8,4199,OK,OK,OK
2026-08-14T13:00:22.029525Z,2972,245.9,4199,OK,OK,OK
2026-08-14T13:00:27.561327Z,2959,245.8,4199,OK,OK,OK
2026-08-14T13:00:33.067759Z,2974,245.9,4199,OK,OK,OK
2026-08-14T13:00:38.586112Z,2961,245.9,4199,OK,OK,OK
2026-08-14T13:00:44.123150Z,2968,245.9,4199,OK,OK,OK
2026-08-14T13:00:49.653957Z,2970,245.9,4199,OK,OK,OK
2026-08-14T13:00:55.161474Z,2960,246.0,4199,OK,OK,OK
2026-08-14T13:01:00.698213Z,2964,245.9,4199,OK,OK,OK
2026-08-14T13:01:06.200670Z,2966,246.0,4199,OK,OK,OK
2026-08-14T13:01:11.727246Z,2972,245.9,4199,OK,OK,OK
2026-08-14T13:01:17.242664Z,2966,245.8,4199,OK,OK,OK
2026-08-14T13:01:22.748165Z,2970,245.8,4199,OK,OK,OK
2026-08-14T13:01:28.283915Z,2970,245.7,4199,OK,OK,OK
2026-08-14T13:01:33.796549Z,2964,245.7,4199,OK,OK,OK
2026-08-14T13:01:39.315902Z,2966,245.7,4199,OK,OK,OK
2026-08-14T13:01:44.843484Z,2968,245.8,4199,OK,OK,OK
2026-08-14T13:01:50.320582Z,2968,245.9,4199,OK,OK,OK
2026-08-14T13:01:55.813470Z,2973,245.9,4199,OK,OK,OK
2026-08-14T13:02:01.317219Z,2965,245.9,4199,OK,OK,OK
2026-08-14T13:02:06.850074Z,2966,245.9,4199,OK,OK,OK
2026-08-14T13:02:12.396922Z,2975,246.1,4199,OK,OK,OK
2026-08-14T13:02:17.889476Z,2975,246.1,4199,OK,OK,OK
2026-08-14T13:02:23.403431Z,2969,246.1,4199,OK,OK,OK
2026-08-14T13:02:28.901611Z,2960,246.0,4199,OK,OK,OK
2026-08-14T13:02:34.421466Z,2966,246.0,4199,OK,OK,OK
2026-08-14T13:02:39.953560Z,2972,245.9,4199,OK,OK,OK
2026-08-14T13:02:45.476885Z,2967,245.9,4199,OK,OK,OK
2026-08-14T13:02:50.972377Z,2960,246.0,4199,OK,OK,OK
2026-08-14T13:02:56.500201Z,2969,246.0,4199,OK,OK,OK
2026-08-14T13:03:02.014045Z,2982,246.1,4199,OK,OK,OK
2026-08-14T13:03:07.510166Z,2963,246.0,4199,OK,OK,OK
2026-08-14T13:03:12.996984Z,2967,246.0,4199,OK,OK,OK
2026-08-14T13:03:18.454470Z,2970,246.1,4199,OK,OK,OK
2026-08-14T13:03:23.973604Z,2971,246.1,4199,OK,OK,OK
2026-08-14T13:03:29.501154Z,2972,246.1,4199,OK,OK,OK
2026-08-14T13:03:34.988960Z,2965,246.0,4199,OK,OK,OK
2026-08-14T13:03:40.470077Z,2972,245.9,4199,OK,OK,OK
2026-08-14T13:03:45.996147Z,2970,245.9,4199,OK,OK,OK
2026-08-14T13:03:51.467183Z,2970,245.9,4199,OK,OK,OK
2026-08-14T13:03:56.976421Z,2989,245.9,4199,OK,OK,OK
2026-08-14T13:04:02.436781Z,2964,246.0,4199,OK,OK,OK
2026-08-14T13:04:07.933157Z,2969,245.7,4199,OK,OK,OK
2026-08-14T13:04:13.427883Z,2961,246.0,4199,OK,OK,OK
2026-08-14T13:04:18.976737Z,2946,246.0,4199,OK,OK,OK
2026-08-14T13:04:24.471496Z,2976,245.9,4199,OK,OK,OK
2026-08-14T13:04:30.007912Z,2960,245.9,4199,OK,OK,OK
2026-08-14T13:04:35.483196Z,2965,246.0,4199,OK,OK,OK
2026-08-14T13:04:40.949761Z,2959,246.0,4199,OK,OK,OK
2026-08-14T13:04:46.476349Z,2954,246.0,4199,OK,OK,OK
2026-08-14T13:04:51.965771Z,2950,246.0,4199,OK,OK,OK
2026-08-14T13:04:57.485136Z,2956,246.0,4199,OK,OK,OK
2026-08-14T13:05:02.981235Z,2955,246.0,4199,OK,OK,OK
2026-08-14T13:05:08.473813Z,2951,246.0,4199,OK,OK,OK
2026-08-14T13:05:13.986372Z,2947,246.0,4199,OK,OK,OK
2026-08-14T13:05:19.502568Z,2948,246.0,4199,OK,OK,OK
2026-08-14T13:05:25.018694Z,2960,246.0,4199,OK,OK,OK
2026-08-14T13:05:30.510500Z,2957,246.2,4199,OK,OK,OK
2026-08-14T13:05:36.022716Z,2963,246.3,4199,OK,OK,OK
2026-08-14T13:05:41.507725Z,2953,246.3,4199,OK,OK,OK
2026-08-14T13:05:47.034552Z,2956,246.1,4199,OK,OK,OK
2026-08-14T13:05:52.552258Z,2955,246.1,4199,OK,OK,OK
2026-08-14T13:05:58.052782Z,2953,246.0,4199,OK,OK,OK
2026-08-14T13:06:03.573720Z,2967,246.0,4199,OK,OK,OK
2026-08-14T13:06:09.064023Z,2975,246.0,4199,OK,OK,OK
2026-08-14T13:06:14.565741Z,2962,246.1,4199,OK,OK,OK
2026-08-14T13:06:20.093802Z,2964,246.1,4199,OK,OK,OK
2026-08-14T13:06:25.580537Z,3034,246.2,4199,OK,OK,OK
2026-08-14T13:06:31.113826Z,2950,246.1,4199,OK,OK,OK
2026-08-14T13:06:36.631613Z,2963,246.1,4199,OK,OK,OK
2026-08-14T13:06:42.110258Z,2967,245.9,4199,OK,OK,OK
2026-08-14T13:06:47.618395Z,2970,246.0,4199,OK,OK,OK
2026-08-14T13:06:53.083953Z,2952,245.8,4199,OK,OK,OK
2026-08-14T13:06:58.619066Z,2957,245.5,4199,OK,OK,OK
2026-08-14T13:07:04.099040Z,2968,245.7,4199,OK,OK,OK
2026-08-14T13:07:09.630650Z,2966,246.0,4199,OK,OK,OK
2026-08-14T13:07:15.138733Z,2988,246.0,4199,OK,OK,OK
2026-08-14T13:07:20.658694Z,2975,246.0,4199,OK,OK,OK
2026-08-14T13:07:26.122780Z,2876,246.1,4199,OK,OK,OK
2026-08-14T13:07:31.604018Z,2855,246.2,4199,OK,OK,OK
2026-08-14T13:07:37.083736Z,2756,246.3,4199,OK,OK,OK
2026-08-14T13:07:42.618184Z,2822,246.2,4199,OK,OK,OK
2026-08-14T13:07:48.114250Z,2765,246.2,4199,OK,OK,OK
2026-08-14T13:07:53.647834Z,2766,246.1,4199,OK,OK,OK
2026-08-14T13:07:59.140041Z,2755,246.0,4199,OK,OK,OK
2026-08-14T13:08:04.629237Z,2774,245.9,4199,OK,OK,OK
2026-08-14T13:08:10.154753Z,2746,246.0,4199,OK,OK,OK
2026-08-14T13:08:15.691016Z,2635,246.0,4199,OK,OK,OK
2026-08-14T13:08:21.191457Z,2634,246.1,4199,OK,OK,OK
2026-08-14T13:08:26.663672Z,2630,246.0,4199,OK,OK,OK
2026-08-14T13:08:32.191227Z,2631,246.2,4199,OK,OK,OK
2026-08-14T13:08:37.717364Z,2633,246.2,4199,OK,OK,OK
2026-08-14T13:08:43.240957Z,2763,246.2,4199,OK,OK,OK
2026-08-14T13:08:48.729559Z,2756,246.2,4199,OK,OK,OK
2026-08-14T13:08:54.216398Z,2662,246.1,4199,OK,OK,OK
2026-08-14T13:08:59.719342Z,2666,246.4,4199,OK,OK,OK
2026-08-14T13:09:05.210945Z,2666,246.3,4199,OK,OK,OK
2026-08-14T13:09:10.694372Z,2673,246.4,4199,OK,OK,OK
2026-08-14T13:09:16.225689Z,2665,246.4,4199,OK,OK,OK
2026-08-14T13:09:21.745035Z,2672,246.4,4199,OK,OK,OK
2026-08-14T13:09:27.205209Z,2660,246.4,4199,OK,OK,OK
2026-08-14T13:09:32.728110Z,2664,246.3,4199,OK,OK,OK
2026-08-14T13:09:38.259652Z,2661,246.2,4199,OK,OK,OK
2026-08-14T13:09:43.778228Z,2658,246.1,4199,OK,OK,OK
2026-08-14T13:09:49.305609Z,2658,246.0,4199,OK,OK,OK
2026-08-14T13:09:54.806407Z,2648,246.1,4199,OK,OK,OK
2026-08-14T13:10:00.317963Z,2653,246.3,4199,OK,OK,OK
2026-08-14T13:10:05.858076Z,2653,246.3,4199,OK,OK,OK
2026-08-14T13:10:11.348522Z,2647,246.1,4199,OK,OK,OK
2026-08-14T13:10:16.835222Z,2650,246.3,4199,OK,OK,OK
2026-08-14T13:10:22.381594Z,2536,246.4,4199,OK,OK,OK
2026-08-14T13:10:27.842749Z,2542,246.5,4199,OK,OK,OK
2026-08-14T13:10:33.364777Z,2530,246.4,4199,OK,OK,OK
2026-08-14T13:10:38.824724Z,2536,246.2,4199,OK,OK,OK
2026-08-14T13:10:44.346812Z,2532,246.1,4199,OK,OK,OK
2026-08-14T13:10:49.836927Z,2549,246.2,4199,OK,OK,OK
2026-08-14T13:10:55.338264Z,2541,246.2,4199,OK,OK,OK
2026-08-14T13:11:00.801536Z,2550,246.4,4199,OK,OK,OK
2026-08-14T13:11:06.301710Z,2574,246.4,4199,OK,OK,OK
2026-08-14T13:11:11.797417Z,2643,246.4,4199,OK,OK,OK
2026-08-14T13:11:17.338180Z,2574,246.4,4199,OK,OK,OK
2026-08-14T13:11:22.811224Z,2573,246.5,4199,OK,OK,OK
2026-08-14T13:11:28.297620Z,2581,246.4,4199,OK,OK,OK
2026-08-14T13:11:33.797157Z,2581,246.3,4199,OK,OK,OK
2026-08-14T13:11:39.313020Z,2569,246.3,4199,OK,OK,OK
2026-08-14T13:11:44.833331Z,2573,246.2,4199,OK,OK,OK
2026-08-14T13:11:50.361622Z,2571,246.4,4199,OK,OK,OK
2026-08-14T13:11:55.862785Z,2576,246.5,4199,OK,OK,OK
2026-08-14T13:12:01.422105Z,2568,246.5,4199,OK,OK,OK
2026-08-14T13:12:06.930881Z,2573,246.4,4199,OK,OK,OK
2026-08-14T13:12:12.373956Z,2570,246.5,4199,OK,OK,OK
2026-08-14T13:12:17.853590Z,2566,246.4,4199,OK,OK,OK
2026-08-14T13:12:23.390722Z,2589,246.3,4199,OK,OK,OK
2026-08-14T13:12:28.881916Z,2572,246.5,4199,OK,OK,OK
2026-08-14T13:12:34.404989Z,2580,246.4,4199,OK,OK,OK
2026-08-14T13:12:39.934238Z,2560,246.3,4199,OK,OK,OK
2026-08-14T13:12:45.421894Z,2630,246.4,4199,OK,OK,OK
2026-08-14T13:12:50.947969Z,2574,246.3,4199,OK,OK,OK
2026-08-14T13:12:56.436089Z,2579,246.3,4199,OK,OK,OK
2026-08-14T13:13:01.939776Z,2568,246.1,4199,OK,OK,OK
2026-08-14T13:13:07.409916Z,2573,246.2,4199,OK,OK,OK
2026-08-14T13:13:12.906293Z,2564,246.2,4199,OK,OK,OK
2026-08-14T13:13:18.383833Z,2557,246.1,4199,OK,OK,OK
2026-08-14T13:13:23.880682Z,2557,246.1,4199,OK,OK,OK
2026-08-14T13:13:29.348621Z,2560,246.2,4199,OK,OK,OK
2026-08-14T13:13:34.817362Z,2561,246.1,4199,OK,OK,OK
2026-08-14T13:13:40.313227Z,2547,246.3,4199,OK,OK,OK
2026-08-14T13:13:45.852203Z,2556,245.9,4199,OK,OK,OK
2026-08-14T13:13:51.343397Z,2554,246.3,4199,OK,OK,OK
2026-08-14T13:13:56.870052Z,2568,246.5,4199,OK,OK,OK
2026-08-14T13:14:02.371840Z,2591,246.4,4199,OK,OK,OK
2026-08-14T13:14:07.894243Z,2559,246.3,4199,OK,OK,OK
2026-08-14T13:14:13.431457Z,2554,246.0,4199,OK,OK,OK
2026-08-14T13:14:18.933397Z,2561,246.3,4199,OK,OK,OK
2026-08-14T13:14:24.444445Z,2577,246.3,4199,OK,OK,OK
2026-08-14T13:14:29.985116Z,2556,246.4,5300,OK,OK,OK
2026-08-14T13:14:35.472561Z,2588,246.3,5300,OK,OK,OK
2026-08-14T13:14:41.009413Z,2583,246.4,5300,OK,OK,OK
2026-08-14T13:14:46.484407Z,2595,246.4,5300,OK,OK,OK
2026-08-14T13:14:52.007131Z,2600,246.4,5300,OK,OK,OK
2026-08-14T13:14:57.513401Z,2602,246.6,5300,OK,OK,OK
2026-08-14T13:15:03.034454Z,2620,246.5,5300,OK,OK,OK
2026-08-14T13:15:08.543147Z,2596,246.6,5300,OK,OK,OK
2026-08-14T13:15:14.083334Z,2614,246.5,5300,OK,OK,OK
2026-08-14T13:15:19.571360Z,2603,246.6,5300,OK,OK,OK
2026-08-14T13:15:25.089113Z,2620,246.5,5300,OK,OK,OK
2026-08-14T13:15:30.600399Z,2600,246.5,5300,OK,OK,OK
2026-08-14T13:15:36.083968Z,2600,246.6,5300,OK,OK,OK
2026-08-14T13:15:41.612113Z,2620,246.6,5300,OK,OK,OK
2026-08-14T13:15:47.127319Z,2614,246.6,5300,OK,OK,OK
2026-08-14T13:15:52.625553Z,2614,246.6,5300,OK,OK,OK
2026-08-14T13:15:58.144142Z,2608,246.7,5300,OK,OK,OK
2026-08-14T13:16:03.668811Z,2621,246.8,5300,OK,OK,OK
2026-08-14T13:16:09.172493Z,2620,246.7,5300,OK,OK,OK
2026-08-14T13:16:14.681332Z,2625,246.7,5300,OK,OK,OK
2026-08-14T13:16:20.192757Z,2627,246.9,5300,OK,OK,OK
2026-08-14T13:16:25.709986Z,2632,246.7,5300,OK,OK,OK
2026-08-14T13:16:31.229454Z,2613,246.6,5300,OK,OK,OK
2026-08-14T13:16:36.772178Z,2633,246.8,5300,OK,OK,OK
2026-08-14T13:16:42.283390Z,2632,246.8,5300,OK,OK,OK
2026-08-14T13:16:47.788025Z,2615,246.7,5300,OK,OK,OK
2026-08-14T13:16:53.340941Z,2629,246.7,5300,OK,OK,OK
2026-08-14T13:16:58.811870Z,2626,246.8,5300,OK,OK,OK
2026-08-14T13:17:04.364801Z,2627,246.8,5300,OK,OK,OK
2026-08-14T13:17:09.872863Z,2619,246.6,5300,OK,OK,OK
2026-08-14T13:17:15.408242Z,2757,246.5,5300,OK,OK,OK
2026-08-14T13:17:20.870204Z,2734,246.5,5300,OK,OK,OK
2026-08-14T13:17:26.390608Z,2762,246.6,5300,OK,OK,OK
2026-08-14T13:17:31.909003Z,2772,246.4,5300,OK,OK,OK
2026-08-14T13:17:37.438215Z,2794,246.3,5300,OK,OK,OK
2026-08-14T13:17:42.926265Z,2772,246.3,5300,OK,OK,OK
2026-08-14T13:17:48.453612Z,2769,246.3,5300,OK,OK,OK
2026-08-14T13:17:53.955901Z,2769,246.3,5300,OK,OK,OK
2026-08-14T13:17:59.466570Z,2772,246.6,5300,OK,OK,OK
2026-08-14T13:18:04.983226Z,2781,246.6,5300,OK,OK,OK
2026-08-14T13:18:10.508808Z,2773,246.5,5300,OK,OK,OK
2026-08-14T13:18:16.034607Z,2791,246.6,5300,OK,OK,OK
2026-08-14T13:18:21.527470Z,2763,246.3,5300,OK,OK,OK
2026-08-14T13:18:27.063550Z,2770,246.2,5300,OK,OK,OK
2026-08-14T13:18:32.601641Z,2764,246.2,5300,OK,OK,OK
2026-08-14T13:18:38.131147Z,2771,246.3,5300,OK,OK,OK
2026-08-14T13:18:43.629024Z,2772,246.4,5300,OK,OK,OK
2026-08-14T13:18:49.174414Z,2781,246.4,5300,OK,OK,OK
2026-08-14T13:18:54.712636Z,2805,246.2,5300,OK,OK,OK
2026-08-14T13:19:00.219933Z,2776,246.2,5300,OK,OK,OK
2026-08-14T13:19:05.716945Z,2795,246.4,5300,OK,OK,OK
2026-08-14T13:19:11.231483Z,2784,246.3,5300,OK,OK,OK
2026-08-14T13:19:16.784263Z,2766,246.3,5300,OK,OK,OK
2026-08-14T13:19:22.261996Z,2785,246.2,5300,OK,OK,OK
2026-08-14T13:19:27.780480Z,2778,246.2,5300,OK,OK,OK
2026-08-14T13:19:33.289127Z,2775,246.3,5300,OK,OK,OK
2026-08-14T13:19:38.789035Z,2780,246.5,5300,OK,OK,OK
2026-08-14T13:19:44.317595Z,2658,246.4,5300,OK,OK,OK
2026-08-14T13:19:49.839210Z,2658,246.4,5300,OK,OK,OK
2026-08-14T13:19:55.360544Z,2674,246.4,5300,OK,OK,OK
2026-08-14T13:20:00.896686Z,2659,246.0,5300,OK,OK,OK
2026-08-14T13:20:06.373908Z,2663,245.9,5300,OK,OK,OK
2026-08-14T13:20:11.944138Z,2649,245.9,5300,OK,OK,OK
2026-08-14T13:20:17.435136Z,2661,246.1,5300,OK,OK,OK
2026-08-14T13:20:22.985848Z,2655,246.1,5300,OK,OK,OK
2026-08-14T13:20:28.479679Z,2656,246.1,5300,OK,OK,OK
2026-08-14T13:20:34.035069Z,2651,246.0,5300,OK,OK,OK
2026-08-14T13:20:39.555800Z,2635,245.7,5300,OK,OK,OK
2026-08-14T13:20:45.067831Z,2645,245.7,5300,OK,OK,OK
2026-08-14T13:20:50.552323Z,2637,245.7,5300,OK,OK,OK
2026-08-14T13:20:56.064946Z,2636,245.8,5300,OK,OK,OK
2026-08-14T13:21:01.564464Z,2636,245.8,5300,OK,OK,OK
2026-08-14T13:21:07.083675Z,2640,245.7,5300,OK,OK,OK
2026-08-14T13:21:12.577210Z,2646,245.7,5300,OK,OK,OK
2026-08-14T13:21:18.100614Z,2801,245.9,5300,OK,OK,OK
2026-08-14T13:21:23.635636Z,2642,246.0,5300,OK,OK,OK
2026-08-14T13:21:29.160372Z,2662,245.9,5300,OK,OK,OK
2026-08-14T13:21:34.667912Z,2648,245.7,5300,OK,OK,OK
2026-08-14T13:21:40.148959Z,2634,245.7,5300,OK,OK,OK
2026-08-14T13:21:45.666446Z,2649,245.7,5300,OK,OK,OK
2026-08-14T13:21:51.185548Z,2637,245.9,5300,OK,OK,OK
2026-08-14T13:21:56.713821Z,2637,245.9,5300,OK,OK,OK
2026-08-14T13:22:02.203446Z,2656,246.1,5300,OK,OK,OK
2026-08-14T13:22:07.741484Z,2645,246.0,5300,OK,OK,OK
2026-08-14T13:22:13.255755Z,2648,246.2,5300,OK,OK,OK
2026-08-14T13:22:18.766578Z,2644,246.4,5300,OK,OK,OK
2026-08-14T13:22:24.258016Z,2661,246.4,5300,OK,OK,OK
2026-08-14T13:22:29.783427Z,2647,246.4,5300,OK,OK,OK
2026-08-14T13:22:35.297855Z,2640,246.2,5300,OK,OK,OK
2026-08-14T13:22:40.807041Z,2637,246.0,5300,OK,OK,OK
2026-08-14T13:22:46.317954Z,2636,245.8,5300,OK,OK,OK
2026-08-14T13:22:51.850789Z,2633,245.8,5300,OK,OK,OK
2026-08-14T13:22:57.370510Z,2643,245.8,5300,OK,OK,OK
2026-08-14T13:23:02.874859Z,2631,245.8,5300,OK,OK,OK
2026-08-14T13:23:08.374603Z,2633,245.8,5300,OK,OK,OK
2026-08-14T13:23:13.866788Z,2645,245.8,5300,OK,OK,OK
2026-08-14T13:23:19.372418Z,2645,245.9,5300,OK,OK,OK
2026-08-14T13:23:24.896701Z,2641,246.0,5300,OK,OK,OK
2026-08-14T13:23:30.410331Z,2663,246.0,5300,OK,OK,OK
2026-08-14T13:23:35.880755Z,2610,246.0,5300,OK,OK,OK
2026-08-14T13:23:41.415525Z,2616,246.0,5300,OK,OK,OK
2026-08-14T13:23:46.929157Z,2601,246.2,5300,OK,OK,OK
2026-08-14T13:23:52.445052Z,2610,246.0,5300,OK,OK,OK
2026-08-14T13:23:57.952475Z,2710,246.0,5300,OK,OK,OK
2026-08-14T13:24:03.490947Z,2725,246.2,5300,OK,OK,OK
2026-08-14T13:24:09.032915Z,2719,246.2,5300,OK,OK,OK
2026-08-14T13:24:14.526415Z,2723,246.3,5300,OK,OK,OK
2026-08-14T13:24:20.067871Z,2706,246.3,5300,OK,OK,OK
2026-08-14T13:24:25.585376Z,2734,246.2,5300,OK,OK,OK
2026-08-14T13:24:31.110344Z,2723,246.3,5300,OK,OK,OK
2026-08-14T13:24:36.618018Z,2732,246.2,5300,OK,OK,OK
2026-08-14T13:24:42.112103Z,2724,246.4,5300,OK,OK,OK
2026-08-14T13:24:47.635958Z,2742,246.6,5300,OK,OK,OK
2026-08-14T13:24:53.159688Z,2749,246.6,5300,OK,OK,OK
2026-08-14T13:24:58.680368Z,2729,246.6,5300,OK,OK,OK
2026-08-14T13:25:04.137122Z,2703,246.9,5300,OK,OK,OK
2026-08-14T13:25:09.639954Z,2729,246.8,5300,OK,OK,OK
2026-08-14T13:25:15.143110Z,2704,246.8,5300,OK,OK,OK
2026-08-14T13:25:20.624355Z,2714,246.9,5300,OK,OK,OK
2026-08-14T13:25:26.135550Z,2715,246.9,5300,OK,OK,OK
2026-08-14T13:25:31.610779Z,2742,246.8,5300,OK,OK,OK
2026-08-14T13:25:37.133531Z,2708,247.0,5300,OK,OK,OK
2026-08-14T13:25:42.605961Z,2720,246.9,5300,OK,OK,OK
2026-08-14T13:25:48.107448Z,2707,247.0,5300,OK,OK,OK
2026-08-14T13:25:53.602009Z,2704,247.0,5300,OK,OK,OK
2026-08-14T13:25:59.142115Z,2698,246.8,5300,OK,OK,OK
2026-08-14T13:26:04.646542Z,2702,246.8,5300,OK,OK,OK
2026-08-14T13:26:10.173680Z,2694,246.8,5300,OK,OK,OK
2026-08-14T13:26:15.674965Z,2706,246.8,5300,OK,OK,OK
2026-08-14T13:26:21.183226Z,2761,246.9,5300,OK,OK,OK
2026-08-14T13:26:26.704557Z,2700,247.0,5300,OK,OK,OK
2026-08-14T13:26:32.245469Z,2702,247.0,5300,OK,OK,OK
2026-08-14T13:26:37.748834Z,2694,247.0,5300,OK,OK,OK
2026-08-14T13:26:43.258029Z,2707,247.0,5300,OK,OK,OK
2026-08-14T13:26:48.780075Z,2696,246.9,5300,OK,OK,OK
2026-08-14T13:26:54.298365Z,2703,246.8,5300,OK,OK,OK
2026-08-14T13:26:59.792592Z,2782,246.9,5300,OK,OK,OK
2026-08-14T13:27:05.281969Z,2704,246.7,5300,OK,OK,OK
2026-08-14T13:27:10.790849Z,2696,246.5,5300,OK,OK,OK
2026-08-14T13:27:16.326885Z,2706,246.4,5300,OK,OK,OK
2026-08-14T13:27:21.826415Z,2708,246.5,5300,OK,OK,OK
2026-08-14T13:27:27.349628Z,2721,246.5,5300,OK,OK,OK
2026-08-14T13:27:32.839843Z,2702,246.4,5300,OK,OK,OK
2026-08-14T13:27:38.361858Z,2708,246.3,5300,OK,OK,OK
2026-08-14T13:27:43.923038Z,2682,246.2,5300,OK,OK,OK
2026-08-14T13:27:49.437047Z,2687,246.0,5300,OK,OK,OK
2026-08-14T13:27:54.930067Z,2705,246.0,5300,OK,OK,OK
2026-08-14T13:28:00.422397Z,2713,246.0,5300,OK,OK,OK
2026-08-14T13:28:05.951082Z,2693,245.9,5300,OK,OK,OK
2026-08-14T13:28:11.441200Z,2687,245.8,5300,OK,OK,OK
2026-08-14T13:28:16.972829Z,2690,246.0,5300,OK,OK,OK
2026-08-14T13:28:22.495217Z,2690,246.0,5300,OK,OK,OK
2026-08-14T13:28:28.022632Z,2695,245.9,5300,OK,OK,OK
2026-08-14T13:28:33.524365Z,2702,246.0,5300,OK,OK,OK
2026-08-14T13:28:39.051464Z,2691,246.0,5300,OK,OK,OK
2026-08-14T13:28:44.538304Z,2688,246.1,5300,OK,OK,OK
2026-08-14T13:28:50.075131Z,2687,246.2,5300,OK,OK,OK
2026-08-14T13:28:55.596480Z,2691,246.3,5300,OK,OK,OK
2026-08-14T13:29:01.124041Z,2699,246.2,5300,OK,OK,OK
2026-08-14T13:29:06.632713Z,2694,246.2,5300,OK,OK,OK
2026-08-14T13:29:12.164772Z,2700,246.4,5300,OK,OK,OK
2026-08-14T13:29:17.700941Z,2706,246.7,5300,OK,OK,OK
2026-08-14T13:29:23.209348Z,2708,246.8,5300,OK,OK,OK
2026-08-14T13:29:28.710462Z,2711,247.0,5300,OK,OK,OK
2026-08-14T13:29:34.204878Z,2715,246.9,5300,OK,OK,OK
2026-08-14T13:29:39.710364Z,2724,246.8,5300,OK,OK,OK
2026-08-14T13:29:45.224433Z,2712,246.9,5300,OK,OK,OK
2026-08-14T13:29:50.721379Z,2711,246.9,7010,OK,OK,OK
2026-08-14T13:29:56.227728Z,2692,245.5,7010,OK,OK,OK
2026-08-14T13:30:01.745664Z,2709,246.1,7010,OK,OK,OK
2026-08-14T13:30:07.253309Z,2698,246.1,7010,OK,OK,OK
2026-08-14T13:30:12.773720Z,2700,246.1,7010,OK,OK,OK
2026-08-14T13:30:18.281562Z,2705,246.0,7010,OK,OK,OK
2026-08-14T13:30:23.768542Z,2702,246.0,7010,OK,OK,OK
2026-08-14T13:30:29.294473Z,2702,246.0,7010,OK,OK,OK
2026-08-14T13:30:34.773149Z,2703,246.0,7010,OK,OK,OK
2026-08-14T13:30:40.303376Z,2705,246.1,7010,OK,OK,OK
2026-08-14T13:30:45.757934Z,2707,246.1,7010,OK,OK,OK
2026-08-14T13:30:51.280753Z,2713,246.1,7010,OK,OK,OK
2026-08-14T13:30:56.771407Z,2710,246.1,7010,OK,OK,OK
2026-08-14T13:31:02.278005Z,2706,246.1,7010,OK,OK,OK
2026-08-14T13:31:07.784282Z,2707,246.1,7010,OK,OK,OK
2026-08-14T13:31:13.298792Z,2712,246.1,7010,OK,OK,OK
2026-08-14T13:31:18.782297Z,2708,246.0,7010,OK,OK,OK
2026-08-14T13:31:24.284175Z,2701,246.0,7010,OK,OK,OK
2026-08-14T13:31:29.744869Z,2693,246.0,7010,OK,OK,OK
2026-08-14T13:31:35.294958Z,2700,246.0,7010,OK,OK,OK
2026-08-14T13:31:40.773178Z,2696,246.1,7010,OK,OK,OK
2026-08-14T13:31:46.265153Z,2703,246.1,7010,OK,OK,OK
2026-08-14T13:31:51.754334Z,2700,246.1,7010,OK,OK,OK
2026-08-14T13:31:57.282612Z,3324,243.0,7010,OK,OK,OK
2026-08-14T13:32:02.790483Z,4181,245.6,7010,OK,OK,OK
2026-08-14T13:32:08.290349Z,4313,245.4,7010,OK,OK,OK
2026-08-14T13:32:13.795090Z,4249,245.4,7010,OK,OK,OK
2026-08-14T13:32:19.292012Z,4254,245.4,7010,OK,OK,OK
2026-08-14T13:32:24.795345Z,4266,245.6,7010,OK,OK,OK
2026-08-14T13:32:30.328082Z,4290,245.3,7010,OK,OK,OK
2026-08-14T13:32:35.851520Z,4261,245.3,7010,OK,OK,OK
2026-08-14T13:32:41.353310Z,4232,245.3,7010,OK,OK,OK
2026-08-14T13:32:46.844653Z,4223,245.3,7010,OK,OK,OK
2026-08-14T13:32:52.329925Z,4192,245.4,7010,OK,OK,OK
2026-08-14T13:32:57.840466Z,4186,245.3,7010,OK,OK,OK
2026-08-14T13:33:03.343199Z,4183,245.4,7010,OK,OK,OK
2026-08-14T13:33:08.865882Z,4216,245.3,7010,OK,OK,OK
2026-08-14T13:33:14.389794Z,4196,245.5,7010,OK,OK,OK
2026-08-14T13:33:19.899585Z,4178,245.4,7010,OK,OK,OK
2026-08-14T13:33:25.424856Z,4204,245.4,7010,OK,OK,OK
2026-08-14T13:33:30.973077Z,4200,245.3,7010,OK,OK,OK
2026-08-14T13:33:36.498387Z,4207,245.8,7010,OK,OK,OK
2026-08-14T13:33:42.010487Z,4210,245.8,7010,OK,OK,OK
2026-08-14T13:33:47.529106Z,4209,245.8,7010,OK,OK,OK
2026-08-14T13:33:53.041417Z,4204,245.7,7010,OK,OK,OK
2026-08-14T13:33:58.517804Z,4231,245.8,7010,OK,OK,OK
2026-08-14T13:34:03.982008Z,4223,245.7,7010,OK,OK,OK
2026-08-14T13:34:09.479428Z,4208,245.8,7010,OK,OK,OK
2026-08-14T13:34:15.019001Z,4228,246.0,7010,OK,OK,OK
2026-08-14T13:34:20.538483Z,4225,245.9,7010,OK,OK,OK
2026-08-14T13:34:26.105642Z,4239,246.0,7010,OK,OK,OK
2026-08-14T13:34:31.568770Z,4230,246.7,7010,OK,OK,OK
2026-08-14T13:34:37.064753Z,4241,246.6,7010,OK,OK,OK
2026-08-14T13:34:42.581453Z,4245,246.8,7010,OK,OK,OK
2026-08-14T13:34:48.099467Z,4228,246.6,7010,OK,OK,OK
2026-08-14T13:34:53.606620Z,4228,246.7,7010,OK,OK,OK
2026-08-14T13:34:59.113291Z,4228,246.7,7010,OK,OK,OK
2026-08-14T13:35:04.617693Z,4255,247.0,7010,OK,OK,OK
2026-08-14T13:35:10.143670Z,4248,246.8,7010,OK,OK,OK
2026-08-14T13:35:15.650644Z,4255,246.8,7010,OK,OK,OK
2026-08-14T13:35:21.194004Z,4249,246.9,7010,OK,OK,OK
2026-08-14T13:35:26.690662Z,4246,246.5,7010,OK,OK,OK
2026-08-14T13:35:32.215322Z,4242,246.4,7010,OK,OK,OK
2026-08-14T13:35:37.732716Z,4242,246.4,7010,OK,OK,OK
2026-08-14T13:35:43.243101Z,4254,246.6,7010,OK,OK,OK
2026-08-14T13:35:48.776864Z,4257,246.5,7010,OK,OK,OK
2026-08-14T13:35:54.248261Z,4270,246.5,7010,OK,OK,OK
2026-08-14T13:35:59.766161Z,4261,246.5,7010,OK,OK,OK
2026-08-14T13:36:05.283021Z,4266,246.5,7010,OK,OK,OK
2026-08-14T13:36:10.777024Z,4286,246.6,7010,OK,OK,OK
2026-08-14T13:36:16.285564Z,4271,246.8,7010,OK,OK,OK
2026-08-14T13:36:21.801399Z,4263,246.6,7010,OK,OK,OK
2026-08-14T13:36:27.315041Z,4275,246.6,7010,OK,OK,OK
2026-08-14T13:36:32.825626Z,4262,246.5,7010,OK,OK,OK
2026-08-14T13:36:38.342155Z,4282,246.2,7010,OK,OK,OK
2026-08-14T13:36:43.860757Z,4248,246.1,7010,OK,OK,OK
2026-08-14T13:36:49.401589Z,4238,246.1,7010,OK,OK,OK
2026-08-14T13:36:54.894223Z,4244,246.2,7010,OK,OK,OK
2026-08-14T13:37:00.405540Z,4230,246.1,7010,OK,OK,OK
2026-08-14T13:37:05.925756Z,4232,246.2,7010,OK,OK,OK
2026-08-14T13:37:11.439382Z,4222,246.1,7010,OK,OK,OK
2026-08-14T13:37:16.930402Z,4234,245.9,7010,OK,OK,OK
2026-08-14T13:37:22.448719Z,2691,246.5,7010,OK,OK,OK
2026-08-14T13:37:27.980768Z,2698,246.4,7010,OK,OK,OK
2026-08-14T13:37:33.492129Z,2704,246.5,7010,OK,OK,OK
2026-08-14T13:37:38.969471Z,2701,246.6,7010,OK,OK,OK
2026-08-14T13:37:44.452332Z,2698,246.7,7010,OK,OK,OK
2026-08-14T13:37:49.952504Z,2694,246.4,7010,OK,OK,OK
2026-08-14T13:37:55.461896Z,2702,246.6,7010,OK,OK,OK
2026-08-14T13:38:00.913781Z,2697,246.3,7010,OK,OK,OK
2026-08-14T13:38:06.395721Z,2695,246.2,7010,OK,OK,OK
2026-08-14T13:38:11.911124Z,2691,246.2,7010,OK,OK,OK
2026-08-14T13:38:17.396791Z,2690,246.0,7010,OK,OK,OK
2026-08-14T13:38:22.922890Z,2682,246.2,7010,OK,OK,OK
2026-08-14T13:38:28.404869Z,2684,246.1,7010,OK,OK,OK
2026-08-14T13:38:33.943534Z,2683,246.2,7010,OK,OK,OK
2026-08-14T13:38:39.456555Z,2718,246.2,7010,OK,OK,OK
2026-08-14T13:38:44.948758Z,2724,246.8,7010,OK,OK,OK
2026-08-14T13:38:50.460676Z,2729,247.0,7010,OK,OK,OK
2026-08-14T13:38:55.984896Z,2733,247.0,7010,OK,OK,OK
2026-08-14T13:39:01.505070Z,2734,247.1,7010,OK,OK,OK
2026-08-14T13:39:07.022961Z,2740,247.3,7010,OK,OK,OK
2026-08-14T13:39:12.570544Z,2746,247.2,7010,OK,OK,OK
2026-08-14T13:39:18.079107Z,2745,247.3,7010,OK,OK,OK
2026-08-14T13:39:23.604391Z,2737,247.1,7010,OK,OK,OK
2026-08-14T13:39:29.108903Z,2739,247.1,7010,OK,OK,OK
2026-08-14T13:39:34.605655Z,2769,247.2,7010,OK,OK,OK
2026-08-14T13:39:40.142892Z,2742,247.1,7010,OK,OK,OK
2026-08-14T13:39:45.664007Z,2752,247.2,7010,OK,OK,OK
2026-08-14T13:39:51.148602Z,2741,247.2,7010,OK,OK,OK
2026-08-14T13:39:56.651801Z,2739,246.8,7010,OK,OK,OK
2026-08-14T13:40:02.132468Z,2756,246.8,7010,OK,OK,OK
2026-08-14T13:40:07.642763Z,2699,246.6,7010,OK,OK,OK
2026-08-14T13:40:13.168166Z,2713,246.4,7010,OK,OK,OK
2026-08-14T13:40:18.658798Z,2704,246.6,7010,OK,OK,OK
2026-08-14T13:40:24.175374Z,2709,246.8,7010,OK,OK,OK
2026-08-14T13:40:29.721494Z,2701,246.4,7010,OK,OK,OK
2026-08-14T13:40:35.211904Z,2706,246.4,7010,OK,OK,OK
2026-08-14T13:40:41.325737Z,2703,246.4,7010,OK,OK,OK
2026-08-14T13:40:46.815657Z,2699,246.6,7010,OK,OK,OK
2026-08-14T13:40:52.337517Z,2695,246.7,7010,OK,OK,OK
2026-08-14T13:40:57.849504Z,2709,247.1,7010,OK,OK,OK
2026-08-14T13:41:03.364262Z,2708,247.0,7010,OK,OK,OK
2026-08-14T13:41:08.899405Z,2699,246.6,7010,OK,OK,OK
2026-08-14T13:41:14.407531Z,2696,246.8,7010,OK,OK,OK
2026-08-14T13:41:19.915210Z,2696,246.8,7010,OK,OK,OK
2026-08-14T13:41:25.419733Z,2693,246.5,7010,OK,OK,OK
2026-08-14T13:41:30.949241Z,2686,246.3,7010,OK,OK,OK
2026-08-14T13:41:36.439690Z,2726,246.2,7010,OK,OK,OK
2026-08-14T13:41:41.986850Z,2705,246.1,7010,OK,OK,OK
2026-08-14T13:41:47.445191Z,2689,246.4,7010,OK,OK,OK
2026-08-14T13:41:52.938905Z,2684,246.4,7010,OK,OK,OK
2026-08-14T13:41:58.456615Z,2686,246.6,7010,OK,OK,OK
2026-08-14T13:42:03.935406Z,3016,246.5,7010,OK,OK,OK
2026-08-14T13:42:09.415043Z,4360,245.8,7010,OK,OK,OK
2026-08-14T13:42:14.916792Z,4378,245.7,7010,OK,OK,OK
2026-08-14T13:42:20.456163Z,4355,245.8,7010,OK,OK,OK
2026-08-14T13:42:25.960603Z,4314,245.5,7010,OK,OK,OK
2026-08-14T13:42:31.455088Z,4297,245.6,7010,OK,OK,OK
2026-08-14T13:42:36.975625Z,4272,245.5,7010,OK,OK,OK
2026-08-14T13:42:42.467146Z,4212,245.8,7010,OK,OK,OK
2026-08-14T13:42:47.954519Z,2690,246.6,7010,OK,OK,OK
2026-08-14T13:42:53.490524Z,2683,246.4,7010,OK,OK,OK
2026-08-14T13:42:58.981537Z,2686,246.5,7010,OK,OK,OK
2026-08-14T13:43:04.489527Z,2686,246.8,7010,OK,OK,OK
2026-08-14T13:43:09.925370Z,2685,246.9,7010,OK,OK,OK
2026-08-14T13:43:15.453052Z,2691,246.9,7010,OK,OK,OK
2026-08-14T13:43:20.954445Z,2687,247.0,7010,OK,OK,OK
2026-08-14T13:43:26.433357Z,2690,247.0,7010,OK,OK,OK
2026-08-14T13:43:31.964997Z,2686,247.0,7010,OK,OK,OK
2026-08-14T13:43:37.463849Z,2700,247.2,7010,OK,OK,OK
2026-08-14T13:43:42.954039Z,2688,247.2,7010,OK,OK,OK
2026-08-14T13:43:48.480386Z,3078,247.0,7010,OK,OK,OK
2026-08-14T13:43:53.961153Z,3082,246.9,7010,OK,OK,OK
2026-08-14T13:43:59.465406Z,2704,247.2,7010,OK,OK,OK
2026-08-14T13:44:04.954919Z,2704,247.1,7010,OK,OK,OK
2026-08-14T13:44:10.427405Z,2741,247.0,7010,OK,OK,OK
2026-08-14T13:44:15.934011Z,2750,247.2,7010,OK,OK,OK
2026-08-14T13:44:21.423968Z,2743,247.0,7010,OK,OK,OK
2026-08-14T13:44:26.902313Z,2750,246.8,7010,OK,OK,OK
2026-08-14T13:44:32.390589Z,2764,247.1,7010,OK,OK,OK
2026-08-14T13:44:37.878160Z,2760,247.2,7010,OK,OK,OK
2026-08-14T13:44:43.372297Z,2759,247.2,7010,OK,OK,OK
2026-08-14T13:44:48.864080Z,2756,247.2,7010,OK,OK,OK
2026-08-14T13:44:54.378995Z,2744,246.9,7010,OK,OK,OK
2026-08-14T13:44:59.895973Z,2756,247.0,7010,OK,OK,OK
2026-08-14T13:45:05.373046Z,2757,247.0,7010,OK,OK,OK
2026-08-14T13:45:10.835616Z,3211,246.8,7793,OK,OK,OK
2026-08-14T13:45:16.372319Z,3182,246.9,7793,OK,OK,OK
2026-08-14T13:45:21.830442Z,3177,246.9,7793,OK,OK,OK
2026-08-14T13:45:27.343291Z,2758,247.2,7793,OK,OK,OK
2026-08-14T13:45:32.832505Z,2760,247.2,7793,OK,OK,OK
2026-08-14T13:45:38.342108Z,2729,247.3,7793,OK,OK,OK
2026-08-14T13:45:43.823948Z,2716,247.3,7793,OK,OK,OK
2026-08-14T13:45:49.342020Z,2718,247.1,7793,OK,OK,OK
2026-08-14T13:45:54.852085Z,2734,247.1,7793,OK,OK,OK
2026-08-14T13:46:00.367705Z,2722,247.1,7793,OK,OK,OK
2026-08-14T13:46:05.881654Z,2726,247.1,7793,OK,OK,OK
2026-08-14T13:46:11.332813Z,2726,247.1,7793,OK,OK,OK
2026-08-14T13:46:16.857257Z,2723,247.1,7793,OK,OK,OK
2026-08-14T13:46:22.345083Z,2719,247.2,7793,OK,OK,OK
2026-08-14T13:46:27.876774Z,2712,247.1,7793,OK,OK,OK
2026-08-14T13:46:33.367270Z,2716,247.2,7793,OK,OK,OK
2026-08-14T13:46:38.906321Z,2720,247.1,7793,OK,OK,OK
2026-08-14T13:46:44.409452Z,2679,247.1,7793,OK,OK,OK
2026-08-14T13:46:49.926068Z,2707,247.1,7793,OK,OK,OK
2026-08-14T13:46:55.434966Z,2711,247.1,7793,OK,OK,OK
2026-08-14T13:47:00.909320Z,2705,247.1,7793,OK,OK,OK
2026-08-14T13:47:06.395214Z,2710,247.1,7793,OK,OK,OK
2026-08-14T13:47:11.892704Z,2685,245.6,7793,OK,OK,OK
2026-08-14T13:47:17.414471Z,2692,246.1,7793,OK,OK,OK
2026-08-14T13:47:22.926188Z,2690,246.1,7793,OK,OK,OK
2026-08-14T13:47:28.439514Z,2681,246.1,7793,OK,OK,OK
2026-08-14T13:47:33.946205Z,2679,246.0,7793,OK,OK,OK
2026-08-14T13:47:39.430720Z,2710,246.1,7793,OK,OK,OK
2026-08-14T13:47:44.941147Z,2714,246.1,7793,OK,OK,OK
2026-08-14T13:47:50.433527Z,2712,246.3,7793,OK,OK,OK
2026-08-14T13:47:55.962474Z,2719,246.3,7793,OK,OK,OK
2026-08-14T13:48:01.454044Z,2726,246.4,7793,OK,OK,OK
2026-08-14T13:48:06.973078Z,2744,246.4,7793,OK,OK,OK
2026-08-14T13:48:12.491040Z,2739,246.3,7793,OK,OK,OK
2026-08-14T13:48:18.009129Z,2732,246.3,7793,OK,OK,OK
2026-08-14T13:48:23.527544Z,2729,246.3,7793,OK,OK,OK
2026-08-14T13:48:29.044153Z,2729,246.4,7793,OK,OK,OK
2026-08-14T13:48:34.551889Z,2709,246.0,7793,OK,OK,OK
2026-08-14T13:48:40.060821Z,2735,246.1,7793,OK,OK,OK
2026-08-14T13:48:45.577511Z,2733,246.3,7793,OK,OK,OK
2026-08-14T13:48:51.109303Z,2741,246.3,7793,OK,OK,OK
2026-08-14T13:48:56.616828Z,2732,246.2,7793,OK,OK,OK
2026-08-14T13:49:02.089324Z,2738,246.4,7793,OK,OK,OK
2026-08-14T13:49:07.589305Z,2730,246.4,7793,OK,OK,OK
2026-08-14T13:49:13.114256Z,2742,246.4,7793,OK,OK,OK
2026-08-14T13:49:18.600711Z,2732,246.4,7793,OK,OK,OK
2026-08-14T13:49:24.084949Z,2738,246.3,7793,OK,OK,OK
2026-08-14T13:49:29.577553Z,2742,246.2,7793,OK,OK,OK
2026-08-14T13:49:35.080934Z,2750,246.2,7793,OK,OK,OK
2026-08-14T13:49:40.565576Z,2746,246.2,7793,OK,OK,OK
2026-08-14T13:49:46.069081Z,2736,246.1,7793,OK,OK,OK
2026-08-14T13:49:51.596857Z,2731,246.2,7793,OK,OK,OK
2026-08-14T13:49:57.091652Z,2731,246.1,7793,OK,OK,OK
2026-08-14T13:50:02.621540Z,2725,246.2,7793,OK,OK,OK
2026-08-14T13:50:08.116047Z,2728,246.3,7793,OK,OK,OK
2026-08-14T13:50:13.638241Z,2689,246.2,7793,OK,OK,OK
2026-08-14T13:50:19.145236Z,2700,246.3,7793,OK,OK,OK
2026-08-14T13:50:24.666041Z,2680,246.1,7793,OK,OK,OK
2026-08-14T13:50:30.173376Z,2619,246.4,7793,OK,OK,OK
2026-08-14T13:50:35.691670Z,2603,246.4,7793,OK,OK,OK
2026-08-14T13:50:41.222780Z,2571,246.3,7793,OK,OK,OK
2026-08-14T13:50:46.729628Z,2578,246.3,7793,OK,OK,OK
2026-08-14T13:50:52.241837Z,2570,246.4,7793,OK,OK,OK
2026-08-14T13:50:57.720783Z,2574,246.2,7793,OK,OK,OK
2026-08-14T13:51:03.240688Z,2590,246.4,7793,OK,OK,OK
2026-08-14T13:51:08.748095Z,2570,246.4,7793,OK,OK,OK
2026-08-14T13:51:14.269963Z,2578,246.4,7793,OK,OK,OK
2026-08-14T13:51:19.756503Z,2574,246.3,7793,OK,OK,OK
2026-08-14T13:51:25.274271Z,2577,246.3,7793,OK,OK,OK
2026-08-14T13:51:30.765052Z,2570,246.3,7793,OK,OK,OK
2026-08-14T13:51:36.306054Z,2571,246.3,7793,OK,OK,OK
2026-08-14T13:51:41.805937Z,2564,246.0,7793,OK,OK,OK
2026-08-14T13:51:47.346190Z,2559,245.8,7793,OK,OK,OK
2026-08-14T13:51:52.875905Z,2562,245.9,7793,OK,OK,OK
2026-08-14T13:51:58.368069Z,2567,245.8,7793,OK,OK,OK
2026-08-14T13:52:03.843756Z,2574,245.8,7793,OK,OK,OK
2026-08-14T13:52:09.378447Z,2587,245.7,7793,OK,OK,OK
2026-08-14T13:52:14.856003Z,2608,246.3,7793,OK,OK,OK
2026-08-14T13:52:20.387397Z,2612,246.3,7793,OK,OK,OK
2026-08-14T13:52:25.916687Z,2684,246.3,7793,OK,OK,OK
2026-08-14T13:52:31.424930Z,2595,246.2,7793,OK,OK,OK
2026-08-14T13:52:36.896722Z,2612,246.3,7793,OK,OK,OK
2026-08-14T13:52:42.380646Z,2628,246.3,7793,OK,OK,OK
2026-08-14T13:52:47.865088Z,2610,246.3,7793,OK,OK,OK
2026-08-14T13:52:53.361911Z,2597,245.9,7793,OK,OK,OK
2026-08-14T13:52:58.860053Z,2599,245.9,7793,OK,OK,OK
2026-08-14T13:53:04.379773Z,2612,246.2,7793,OK,OK,OK
2026-08-14T13:53:09.872329Z,2615,246.4,7793,OK,OK,OK
2026-08-14T13:53:15.391181Z,2651,246.5,7793,OK,OK,OK
2026-08-14T13:53:20.907174Z,2629,246.5,7793,OK,OK,OK
2026-08-14T13:53:26.391129Z,2632,246.4,7793,OK,OK,OK
2026-08-14T13:53:31.935287Z,2621,246.4,7793,OK,OK,OK
2026-08-14T13:53:37.428649Z,2624,246.4,7793,OK,OK,OK
2026-08-14T13:53:42.950208Z,2627,246.3,7793,OK,OK,OK
2026-08-14T13:53:48.478482Z,2620,246.4,7793,OK,OK,OK
2026-08-14T13:53:53.971707Z,2616,246.2,7793,OK,OK,OK
2026-08-14T13:53:59.510817Z,2621,246.2,7793,OK,OK,OK
2026-08-14T13:54:05.020014Z,2615,246.0,7793,OK,OK,OK
2026-08-14T13:54:10.514841Z,2599,245.8,7793,OK,OK,OK
2026-08-14T13:54:16.122232Z,2617,245.7,7793,OK,OK,OK
2026-08-14T13:54:21.654720Z,2606,245.8,7793,OK,OK,OK
2026-08-14T13:54:27.133816Z,2613,245.8,7793,OK,OK,OK
2026-08-14T13:54:32.664230Z,2615,245.8,7793,OK,OK,OK
2026-08-14T13:54:38.182687Z,2617,246.0,7793,OK,OK,OK
2026-08-14T13:54:43.694709Z,2610,246.0,7793,OK,OK,OK
2026-08-14T13:54:49.222434Z,2613,246.3,7793,OK,OK,OK
2026-08-14T13:54:54.720324Z,2610,246.1,7793,OK,OK,OK
2026-08-14T13:55:00.215601Z,2612,246.2,7793,OK,OK,OK
2026-08-14T13:55:05.736582Z,2611,246.3,7793,OK,OK,OK
2026-08-14T13:55:11.265582Z,2611,246.1,7793,OK,OK,OK
2026-08-14T13:55:16.760196Z,2622,246.1,7793,OK,OK,OK
2026-08-14T13:55:22.259185Z,2609,246.0,7793,OK,OK,OK
2026-08-14T13:55:27.756781Z,2596,245.8,7793,OK,OK,OK
2026-08-14T13:55:33.205858Z,2611,245.8,7793,OK,OK,OK
2026-08-14T13:55:38.724508Z,2610,245.9,7793,OK,OK,OK
2026-08-14T13:55:44.257401Z,2613,245.4,7793,OK,OK,OK
2026-08-14T13:55:49.774207Z,2607,245.4,7793,OK,OK,OK
2026-08-14T13:55:55.263484Z,2608,245.2,7793,OK,OK,OK
2026-08-14T13:56:00.781105Z,2607,245.2,7793,OK,OK,OK
2026-08-14T13:56:06.268156Z,2600,245.0,7793,OK,OK,OK
2026-08-14T13:56:11.782225Z,2614,244.9,7793,OK,OK,OK
2026-08-14T13:56:17.278444Z,2603,245.0,7793,OK,OK,OK
2026-08-14T13:56:22.790404Z,2615,245.4,7793,OK,OK,OK
2026-08-14T13:56:28.303136Z,2659,245.4,7793,OK,OK,OK
2026-08-14T13:56:33.818553Z,2607,245.2,7793,OK,OK,OK
2026-08-14T13:56:39.311036Z,2644,245.0,7793,OK,OK,OK
2026-08-14T13:56:44.825724Z,2599,245.0,7793,OK,OK,OK
2026-08-14T13:56:50.308523Z,2596,245.0,7793,OK,OK,OK
2026-08-14T13:56:55.793583Z,2594,244.7,7793,OK,OK,OK
2026-08-14T13:57:01.271930Z,2599,244.7,7793,OK,OK,OK
2026-08-14T13:57:06.753374Z,2598,244.7,7793,OK,OK,OK
2026-08-14T13:57:12.285360Z,2582,244.7,7793,OK,OK,OK
2026-08-14T13:57:17.781104Z,2596,245.0,7793,OK,OK,OK
2026-08-14T13:57:23.252615Z,2599,245.0,7793,OK,OK,OK
2026-08-14T13:57:28.752142Z,2595,244.9,7793,OK,OK,OK
2026-08-14T13:57:34.231760Z,2590,244.6,7793,OK,OK,OK
2026-08-14T13:57:39.738089Z,2582,244.8,7793,OK,OK,OK
2026-08-14T13:57:45.237026Z,2597,244.7,7793,OK,OK,OK
2026-08-14T13:57:50.736112Z,2592,244.6,7793,OK,OK,OK
2026-08-14T13:57:56.234074Z,2584,244.6,7793,OK,OK,OK
2026-08-14T13:58:01.727804Z,2589,244.6,7793,OK,OK,OK
2026-08-14T13:58:07.258475Z,2602,244.6,7793,OK,OK,OK
2026-08-14T13:58:12.773028Z,2618,244.5,7793,OK,OK,OK
2026-08-14T13:58:18.264243Z,2583,244.5,7793,OK,OK,OK
2026-08-14T13:58:23.744659Z,2584,244.6,7793,OK,OK,OK
2026-08-14T13:58:29.231602Z,2589,244.6,7793,OK,OK,OK
2026-08-14T13:58:34.759904Z,2589,244.9,7793,OK,OK,OK
2026-08-14T13:58:40.270393Z,2600,245.4,7793,OK,OK,OK
2026-08-14T13:58:45.782731Z,2622,245.7,7793,OK,OK,OK
2026-08-14T13:58:51.286507Z,2626,246.3,7793,OK,OK,OK
2026-08-14T13:58:56.819048Z,2623,246.5,7793,OK,OK,OK
2026-08-14T13:59:02.337952Z,2616,246.3,7793,OK,OK,OK
2026-08-14T13:59:07.838794Z,2629,245.9,7793,OK,OK,OK
2026-08-14T13:59:13.365004Z,2604,245.6,7793,OK,OK,OK
2026-08-14T13:59:18.851954Z,2592,245.2,7793,OK,OK,OK
2026-08-14T13:59:24.390860Z,2584,244.6,7793,OK,OK,OK
2026-08-14T13:59:29.923694Z,2594,244.8,7793,OK,OK,OK
2026-08-14T13:59:35.393728Z,2595,245.0,7793,OK,OK,OK
2026-08-14T13:59:40.925034Z,2592,245.0,7793,OK,OK,OK
2026-08-14T13:59:46.446385Z,2589,245.0,7793,OK,OK,OK
2026-08-14T13:59:51.955453Z,2590,245.2,7793,OK,OK,OK
2026-08-14T13:59:57.435457Z,2610,245.1,7793,OK,OK,OK
2026-08-14T14:00:02.936582Z,2589,244.8,7793,OK,OK,OK
2026-08-14T14:00:08.462748Z,2595,245.0,7793,OK,OK,OK
2026-08-14T14:00:13.943503Z,2593,245.3,7793,OK,OK,OK
2026-08-14T14:00:19.463859Z,2592,245.6,7793,OK,OK,OK
2026-08-14T14:00:24.979022Z,2589,245.6,7793,OK,OK,OK
2026-08-14T14:00:30.472468Z,2583,245.6,5965,OK,OK,OK
2026-08-14T14:00:35.971646Z,2594,246.1,5965,OK,OK,OK
2026-08-14T14:00:41.481605Z,2642,246.1,5965,OK,OK,OK
2026-08-14T14:00:47.036199Z,2614,246.2,5965,OK,OK,OK
2026-08-14T14:00:52.553979Z,2604,246.2,5965,OK,OK,OK
2026-08-14T14:00:58.009240Z,2602,246.1,5965,OK,OK,OK
2026-08-14T14:01:03.508194Z,2598,245.9,5965,OK,OK,OK
2026-08-14T14:01:09.007041Z,2604,246.2,5965,OK,OK,OK
2026-08-14T14:01:14.487964Z,2601,246.3,5965,OK,OK,OK
2026-08-14T14:01:19.987569Z,2618,246.2,5965,OK,OK,OK
2026-08-14T14:01:25.483875Z,2627,246.3,5965,OK,OK,OK
2026-08-14T14:01:31.004739Z,2623,246.4,5965,OK,OK,OK
2026-08-14T14:01:36.544964Z,2620,246.3,5965,OK,OK,OK
2026-08-14T14:01:42.069529Z,2635,246.3,5965,OK,OK,OK
2026-08-14T14:01:47.559505Z,2627,246.1,5965,OK,OK,OK
2026-08-14T14:01:53.096918Z,2632,246.0,5965,OK,OK,OK
2026-08-14T14:01:58.621916Z,2619,245.9,5965,OK,OK,OK
2026-08-14T14:02:04.152792Z,2617,245.8,5965,OK,OK,OK
2026-08-14T14:02:09.666318Z,2612,245.7,5965,OK,OK,OK
2026-08-14T14:02:15.191393Z,2642,246.0,5965,OK,OK,OK
2026-08-14T14:02:20.661649Z,2633,246.6,5965,OK,OK,OK
2026-08-14T14:02:26.194067Z,2640,246.7,5965,OK,OK,OK
2026-08-14T14:02:31.700870Z,2625,246.7,5965,OK,OK,OK
2026-08-14T14:02:37.224871Z,2638,246.7,5965,OK,OK,OK
2026-08-14T14:02:42.745648Z,2627,246.7,5965,OK,OK,OK
2026-08-14T14:02:48.287779Z,2633,246.7,5965,OK,OK,OK
2026-08-14T14:02:53.802854Z,2628,246.7,5965,OK,OK,OK
2026-08-14T14:02:59.332566Z,2627,246.5,5965,OK,OK,OK
2026-08-14T14:03:04.830898Z,2636,246.6,5965,OK,OK,OK
2026-08-14T14:03:10.318029Z,2623,246.2,5965,OK,OK,OK
2026-08-14T14:03:15.844629Z,2625,245.9,5965,OK,OK,OK
2026-08-14T14:03:21.345788Z,2618,245.9,5965,OK,OK,OK
2026-08-14T14:03:26.872952Z,2635,246.1,5965,OK,OK,OK
2026-08-14T14:03:32.394297Z,2756,246.4,5965,OK,OK,OK
2026-08-14T14:03:37.897141Z,2749,246.3,5965,OK,OK,OK
2026-08-14T14:03:43.399267Z,2746,246.0,5965,OK,OK,OK
2026-08-14T14:03:48.866522Z,2726,245.7,5965,OK,OK,OK
2026-08-14T14:03:54.371734Z,2737,246.0,5965,OK,OK,OK
2026-08-14T14:03:59.847362Z,2749,246.0,5965,OK,OK,OK
2026-08-14T14:04:05.374493Z,2746,246.0,5965,OK,OK,OK
2026-08-14T14:04:10.876315Z,2743,246.0,5965,OK,OK,OK
2026-08-14T14:04:16.415488Z,2750,246.0,5965,OK,OK,OK
2026-08-14T14:04:21.907027Z,2736,246.0,5965,OK,OK,OK
2026-08-14T14:04:27.441523Z,2761,246.0,5965,OK,OK,OK
2026-08-14T14:04:32.963280Z,2743,246.3,5965,OK,OK,OK
2026-08-14T14:04:38.520584Z,2761,246.2,5965,OK,OK,OK
2026-08-14T14:04:44.007489Z,2753,246.3,5965,OK,OK,OK
2026-08-14T14:04:49.529808Z,2746,246.0,5965,OK,OK,OK
2026-08-14T14:04:55.020644Z,2750,245.8,5965,OK,OK,OK
2026-08-14T14:05:00.558356Z,2749,245.7,5965,OK,OK,OK
2026-08-14T14:05:06.047872Z,2756,245.8,5965,OK,OK,OK
2026-08-14T14:05:11.547968Z,2753,246.4,5965,OK,OK,OK
2026-08-14T14:05:17.067765Z,2760,246.4,5965,OK,OK,OK
2026-08-14T14:05:22.584619Z,2754,246.4,5965,OK,OK,OK
2026-08-14T14:05:28.087922Z,2633,246.3,5965,OK,OK,OK
2026-08-14T14:05:33.608374Z,2714,246.0,5965,OK,OK,OK
2026-08-14T14:05:39.084819Z,2744,246.1,5965,OK,OK,OK
2026-08-14T14:05:44.553779Z,2702,246.1,5965,OK,OK,OK
2026-08-14T14:05:50.076653Z,2704,245.9,5965,OK,OK,OK
2026-08-14T14:05:55.571952Z,2880,246.0,5965,OK,OK,OK
2026-08-14T14:06:01.103020Z,2871,246.0,5965,OK,OK,OK
2026-08-14T14:06:06.559014Z,2880,245.7,5965,OK,OK,OK
2026-08-14T14:06:12.044508Z,2879,245.3,5965,OK,OK,OK
2026-08-14T14:06:17.541636Z,2858,245.1,5965,OK,OK,OK
2026-08-14T14:06:23.042375Z,2865,244.7,5965,OK,OK,OK
2026-08-14T14:06:28.543423Z,2868,244.3,5965,OK,OK,OK
2026-08-14T14:06:34.042095Z,2826,244.3,5965,OK,OK,OK
2026-08-14T14:06:39.551462Z,2841,244.3,5965,OK,OK,OK
2026-08-14T14:06:45.019954Z,2866,244.3,5965,OK,OK,OK
2026-08-14T14:06:50.515383Z,2877,244.7,5965,OK,OK,OK
2026-08-14T14:06:56.020928Z,2882,245.1,5965,OK,OK,OK
2026-08-14T14:07:01.532784Z,2875,245.1,5965,OK,OK,OK
2026-08-14T14:07:07.008725Z,2880,244.9,5965,OK,OK,OK
2026-08-14T14:07:12.490559Z,2882,244.9,5965,OK,OK,OK
2026-08-14T14:07:18.011796Z,2881,245.2,5965,OK,OK,OK
2026-08-14T14:07:23.516199Z,2884,245.2,5965,OK,OK,OK
2026-08-14T14:07:29.024417Z,2876,244.8,5965,OK,OK,OK
2026-08-14T14:07:34.528275Z,2874,244.7,5965,OK,OK,OK
2026-08-14T14:07:40.043487Z,2869,244.7,5965,OK,OK,OK
2026-08-14T14:07:45.541293Z,2874,244.7,5965,OK,OK,OK
2026-08-14T14:07:51.027154Z,2872,245.0,5965,OK,OK,OK
2026-08-14T14:07:56.535908Z,2895,245.7,5965,OK,OK,OK
2026-08-14T14:08:02.026265Z,2889,245.9,5965,OK,OK,OK
2026-08-14T14:08:07.537362Z,2894,246.1,5965,OK,OK,OK
2026-08-14T14:08:13.066423Z,2883,246.1,5965,OK,OK,OK
2026-08-14T14:08:18.565023Z,2881,246.1,5965,OK,OK,OK
2026-08-14T14:08:24.082597Z,2875,245.8,5965,OK,OK,OK
2026-08-14T14:08:29.597513Z,2874,245.7,5965,OK,OK,OK
2026-08-14T14:08:35.120117Z,2907,245.7,5965,OK,OK,OK
2026-08-14T14:08:40.636673Z,2867,245.8,5965,OK,OK,OK
2026-08-14T14:08:46.174174Z,2888,245.8,5965,OK,OK,OK
2026-08-14T14:08:51.649747Z,2884,246.0,5965,OK,OK,OK
2026-08-14T14:08:57.113823Z,2880,245.9,5965,OK,OK,OK
2026-08-14T14:09:02.638225Z,2874,245.8,5965,OK,OK,OK
2026-08-14T14:09:08.132197Z,2883,245.7,5965,OK,OK,OK
2026-08-14T14:09:13.645128Z,2905,245.6,5965,OK,OK,OK
2026-08-14T14:09:19.151598Z,2882,245.8,5965,OK,OK,OK
2026-08-14T14:09:24.649597Z,2897,245.9,5965,OK,OK,OK
2026-08-14T14:09:30.138400Z,2892,246.0,5965,OK,OK,OK
2026-08-14T14:09:35.659941Z,2943,246.1,5965,OK,OK,OK
2026-08-14T14:09:41.187570Z,2976,245.9,5965,OK,OK,OK
2026-08-14T14:09:46.678177Z,2972,245.9,5965,OK,OK,OK
2026-08-14T14:09:52.176070Z,2989,245.7,5965,OK,OK,OK
2026-08-14T14:09:57.734351Z,2979,245.9,5965,OK,OK,OK
2026-08-14T14:10:03.273945Z,2976,245.8,5965,OK,OK,OK
2026-08-14T14:10:08.763755Z,2974,245.8,5965,OK,OK,OK
2026-08-14T14:10:14.260291Z,2978,245.8,5965,OK,OK,OK
2026-08-14T14:10:19.776561Z,2980,245.6,5965,OK,OK,OK
2026-08-14T14:10:25.275596Z,2963,245.1,5965,OK,OK,OK
2026-08-14T14:10:30.782073Z,2956,244.7,5965,OK,OK,OK
2026-08-14T14:10:36.252679Z,2967,244.6,5965,OK,OK,OK
2026-08-14T14:10:41.786911Z,2924,244.8,5965,OK,OK,OK
2026-08-14T14:10:47.281614Z,2947,245.2,5965,OK,OK,OK
2026-08-14T14:10:52.783468Z,2935,245.2,5965,OK,OK,OK
2026-08-14T14:10:58.274769Z,2916,244.4,5965,OK,OK,OK
2026-08-14T14:11:03.774365Z,2912,244.7,5965,OK,OK,OK
2026-08-14T14:11:09.298342Z,2926,244.7,5965,OK,OK,OK
2026-08-14T14:11:14.859913Z,2916,244.7,5965,OK,OK,OK
2026-08-14T14:11:20.397181Z,2922,245.0,5965,OK,OK,OK
2026-08-14T14:11:25.897593Z,2935,244.7,5965,OK,OK,OK
2026-08-14T14:11:31.393434Z,2942,245.0,5965,OK,OK,OK
2026-08-14T14:11:36.877723Z,2954,245.3,5965,OK,OK,OK
2026-08-14T14:11:42.355505Z,2963,245.2,5965,OK,OK,OK
2026-08-14T14:11:47.860452Z,2938,245.2,5965,OK,OK,OK
2026-08-14T14:11:53.329046Z,2938,245.2,5965,OK,OK,OK
2026-08-14T14:11:58.840003Z,2932,245.3,5965,OK,OK,OK
2026-08-14T14:12:04.374275Z,2956,245.3,5965,OK,OK,OK
2026-08-14T14:12:09.914734Z,2963,245.1,5965,OK,OK,OK
2026-08-14T14:12:15.415225Z,2950,245.1,5965,OK,OK,OK
2026-08-14T14:12:20.954068Z,2935,245.0,5965,OK,OK,OK
2026-08-14T14:12:26.438587Z,2951,245.0,5965,OK,OK,OK
2026-08-14T14:12:31.935974Z,2956,245.0,5965,OK,OK,OK
2026-08-14T14:12:37.467329Z,2959,245.0,5965,OK,OK,OK
2026-08-14T14:12:42.968959Z,2949,245.0,5965,OK,OK,OK
2026-08-14T14:12:48.495105Z,2951,245.0,5965,OK,OK,OK
2026-08-14T14:12:53.998112Z,2950,245.1,5965,OK,OK,OK
2026-08-14T14:12:59.496069Z,2938,245.1,5965,OK,OK,OK
2026-08-14T14:13:05.010854Z,2967,245.0,5965,OK,OK,OK
2026-08-14T14:13:10.503220Z,2940,245.1,5965,OK,OK,OK
2026-08-14T14:13:16.025106Z,2957,244.9,5965,OK,OK,OK
2026-08-14T14:13:21.556487Z,2953,245.1,5965,OK,OK,OK
2026-08-14T14:13:27.118587Z,2950,245.2,5965,OK,OK,OK
2026-08-14T14:13:32.608215Z,2944,245.1,5965,OK,OK,OK
2026-08-14T14:13:38.089361Z,2949,245.2,5965,OK,OK,OK
2026-08-14T14:13:43.610868Z,2940,245.3,5965,OK,OK,OK
2026-08-14T14:13:49.157872Z,2939,245.2,5965,OK,OK,OK
2026-08-14T14:13:54.664427Z,2943,245.1,5965,OK,OK,OK
2026-08-14T14:14:00.162832Z,2972,245.4,5965,OK,OK,OK
2026-08-14T14:14:05.661713Z,2953,245.4,5965,OK,OK,OK
2026-08-14T14:14:11.180854Z,2974,245.5,5965,OK,OK,OK
2026-08-14T14:14:16.672492Z,2940,245.5,5965,OK,OK,OK
2026-08-14T14:14:22.181952Z,2959,245.5,5965,OK,OK,OK
2026-08-14T14:14:27.707844Z,2954,245.5,5965,OK,OK,OK
2026-08-14T14:14:33.246815Z,2980,245.7,5965,OK,OK,OK
2026-08-14T14:14:38.760660Z,2957,245.7,5965,OK,OK,OK
2026-08-14T14:14:44.228401Z,2992,245.6,5965,OK,OK,OK
2026-08-14T14:14:49.738216Z,2963,245.5,5965,OK,OK,OK
2026-08-14T14:14:55.212764Z,3079,245.4,5965,OK,OK,OK
2026-08-14T14:15:00.688923Z,3078,245.5,5965,OK,OK,OK
2026-08-14T14:15:06.186764Z,3078,245.5,5965,OK,OK,OK
2026-08-14T14:15:11.745651Z,3081,245.6,5965,OK,OK,OK
2026-08-14T14:15:17.229728Z,3114,245.5,5965,OK,OK,OK
2026-08-14T14:15:22.715412Z,3103,245.5,5965,OK,OK,OK
2026-08-14T14:15:28.212543Z,3102,245.6,5965,OK,OK,OK
2026-08-14T14:15:33.698110Z,3104,245.6,5965,OK,OK,OK
2026-08-14T14:15:39.201155Z,3092,245.6,5965,OK,OK,OK
2026-08-14T14:15:44.728289Z,3111,245.4,5965,OK,OK,OK
2026-08-14T14:15:50.235525Z,3109,245.4,5965,OK,OK,OK
2026-08-14T14:15:55.746149Z,2991,245.5,5965,OK,OK,OK
2026-08-14T14:16:01.199928Z,2986,245.4,9884,OK,OK,OK
2026-08-14T14:16:06.716620Z,2998,245.5,9884,OK,OK,OK
2026-08-14T14:16:12.197617Z,3016,245.5,9884,OK,OK,OK
2026-08-14T14:16:17.707951Z,3024,245.9,9884,OK,OK,OK
2026-08-14T14:16:23.212920Z,2994,245.9,9884,OK,OK,OK
2026-08-14T14:16:28.757966Z,3005,246.0,9884,OK,OK,OK
2026-08-14T14:16:34.328412Z,2989,245.8,9884,OK,OK,OK
2026-08-14T14:16:39.840698Z,3002,246.0,9884,OK,OK,OK
2026-08-14T14:16:45.330382Z,2975,246.0,9884,OK,OK,OK
2026-08-14T14:16:50.852144Z,2966,246.1,9884,OK,OK,OK
2026-08-14T14:16:56.339967Z,2986,246.2,9884,OK,OK,OK
2026-08-14T14:17:01.845040Z,2970,246.3,9884,OK,OK,OK
2026-08-14T14:17:07.335373Z,2969,246.1,9884,OK,OK,OK
2026-08-14T14:17:12.830443Z,2964,246.2,9884,OK,OK,OK
2026-08-14T14:17:18.378236Z,2927,246.1,9884,OK,OK,OK
2026-08-14T14:17:23.884076Z,2913,246.1,9884,OK,OK,OK
2026-08-14T14:17:29.377794Z,2917,246.2,9884,OK,OK,OK
2026-08-14T14:17:34.912406Z,2920,246.2,9884,OK,OK,OK
2026-08-14T14:17:40.392774Z,2920,246.2,9884,OK,OK,OK
2026-08-14T14:17:45.880441Z,2920,246.4,9884,OK,OK,OK
2026-08-14T14:17:51.394499Z,2935,246.5,9884,OK,OK,OK
2026-08-14T14:17:56.921804Z,2908,246.5,9884,OK,OK,OK
2026-08-14T14:18:02.418295Z,2926,246.6,9884,OK,OK,OK
2026-08-14T14:18:07.940170Z,2924,246.6,9884,OK,OK,OK
2026-08-14T14:18:13.432941Z,2918,246.6,9884,OK,OK,OK
2026-08-14T14:18:18.948113Z,2933,246.6,9884,OK,OK,OK
2026-08-14T14:18:24.475167Z,2922,246.6,9884,OK,OK,OK
2026-08-14T14:18:29.991615Z,2924,246.7,9884,OK,OK,OK
2026-08-14T14:18:35.473446Z,2922,246.7,9884,OK,OK,OK
2026-08-14T14:18:40.971107Z,2912,246.6,9884,OK,OK,OK
2026-08-14T14:18:46.447331Z,2925,246.7,9884,OK,OK,OK
2026-08-14T14:18:51.934847Z,2917,246.8,9884,OK,OK,OK
2026-08-14T14:18:57.447409Z,2932,246.8,9884,OK,OK,OK
2026-08-14T14:19:02.941225Z,2928,246.7,9884,OK,OK,OK
2026-08-14T14:19:08.463150Z,2925,246.8,9884,OK,OK,OK
2026-08-14T14:19:13.984432Z,2933,246.8,9884,OK,OK,OK
2026-08-14T14:19:19.491729Z,2961,246.8,9884,OK,OK,OK
2026-08-14T14:19:25.012079Z,2957,246.9,9884,OK,OK,OK
2026-08-14T14:19:30.494659Z,2968,246.9,9884,OK,OK,OK
2026-08-14T14:19:35.962808Z,2956,246.8,9884,OK,OK,OK
2026-08-14T14:19:41.473096Z,2968,246.8,9884,OK,OK,OK
2026-08-14T14:19:47.001004Z,2966,246.8,9884,OK,OK,OK
2026-08-14T14:19:52.506052Z,3016,246.8,9884,OK,OK,OK
2026-08-14T14:19:58.025243Z,4614,246.2,9884,OK,OK,OK
2026-08-14T14:20:03.555504Z,4617,246.2,9884,OK,OK,OK
2026-08-14T14:20:09.065573Z,4582,246.1,9884,OK,OK,OK
2026-08-14T14:20:14.585332Z,4579,246.1,9884,OK,OK,OK
2026-08-14T14:20:20.112177Z,4595,246.2,9884,OK,OK,OK
2026-08-14T14:20:25.631835Z,4589,246.1,9884,OK,OK,OK
2026-08-14T14:20:31.155576Z,4570,246.2,9884,OK,OK,OK
2026-08-14T14:20:36.676567Z,4633,246.1,9884,OK,OK,OK
2026-08-14T14:20:42.162607Z,4615,245.6,9884,OK,OK,OK
2026-08-14T14:20:47.668481Z,4639,245.9,9884,OK,OK,OK
2026-08-14T14:20:53.189798Z,4626,245.7,9884,OK,OK,OK
2026-08-14T14:20:58.703619Z,4615,245.8,9884,OK,OK,OK
2026-08-14T14:21:04.226798Z,4628,245.7,9884,OK,OK,OK
2026-08-14T14:21:09.724389Z,4650,245.7,9884,OK,OK,OK
2026-08-14T14:21:15.247099Z,4614,245.7,9884,OK,OK,OK
2026-08-14T14:21:20.767482Z,4569,245.7,9884,OK,OK,OK
2026-08-14T14:21:26.242892Z,4602,245.7,9884,OK,OK,OK
2026-08-14T14:21:31.709041Z,4570,246.1,9884,OK,OK,OK
2026-08-14T14:21:37.225889Z,4567,245.9,9884,OK,OK,OK
2026-08-14T14:21:42.747590Z,4584,246.0,9884,OK,OK,OK
2026-08-14T14:21:48.241535Z,4537,245.8,9884,OK,OK,OK
2026-08-14T14:21:53.756626Z,4522,245.9,9884,OK,OK,OK
2026-08-14T14:21:59.284454Z,4540,245.9,9884,OK,OK,OK
2026-08-14T14:22:04.782968Z,4518,245.8,9884,OK,OK,OK
2026-08-14T14:22:10.228733Z,4518,245.7,9884,OK,OK,OK
2026-08-14T14:22:15.740458Z,4513,245.6,9884,OK,OK,OK
2026-08-14T14:22:21.232114Z,4502,245.5,9884,OK,OK,OK
2026-08-14T14:22:26.750063Z,4536,245.7,9884,OK,OK,OK
2026-08-14T14:22:32.246635Z,4531,245.7,9884,OK,OK,OK
2026-08-14T14:22:37.734422Z,4524,245.7,9884,OK,OK,OK
2026-08-14T14:22:43.233891Z,4555,245.7,9884,OK,OK,OK
2026-08-14T14:22:48.732576Z,4539,245.7,9884,OK,OK,OK
2026-08-14T14:22:54.228147Z,4527,245.7,9884,OK,OK,OK
2026-08-14T14:22:59.743329Z,4531,245.8,9884,OK,OK,OK
2026-08-14T14:23:05.244755Z,4537,245.6,9884,OK,OK,OK
2026-08-14T14:23:10.757000Z,4555,245.5,9884,OK,OK,OK
2026-08-14T14:23:16.277367Z,4575,245.3,9884,OK,OK,OK
2026-08-14T14:23:21.767623Z,4531,245.3,9884,OK,OK,OK
2026-08-14T14:23:27.253906Z,4518,245.3,9884,OK,OK,OK
2026-08-14T14:23:32.747064Z,4556,245.7,9884,OK,OK,OK
2026-08-14T14:23:38.234198Z,4575,245.7,9884,OK,OK,OK
2026-08-14T14:23:43.764767Z,4577,245.5,9884,OK,OK,OK
2026-08-14T14:23:49.245215Z,4604,245.7,9884,OK,OK,OK
2026-08-14T14:23:54.755129Z,4623,245.7,9884,OK,OK,OK
2026-08-14T14:24:00.295647Z,4634,245.7,9884,OK,OK,OK
2026-08-14T14:24:05.800357Z,4638,245.7,9884,OK,OK,OK
2026-08-14T14:24:11.340729Z,4614,245.6,9884,OK,OK,OK
2026-08-14T14:24:16.872734Z,4656,245.6,9884,OK,OK,OK
2026-08-14T14:24:22.385192Z,4656,245.7,9884,OK,OK,OK
2026-08-14T14:24:27.899175Z,4641,245.6,9884,OK,OK,OK
2026-08-14T14:24:33.370772Z,4644,245.5,9884,OK,OK,OK
2026-08-14T14:24:38.905240Z,4628,245.2,9884,OK,OK,OK
2026-08-14T14:24:44.412046Z,4641,245.7,9884,OK,OK,OK
2026-08-14T14:24:49.951163Z,4618,245.0,9884,OK,OK,OK
2026-08-14T14:24:55.445295Z,4622,245.1,9884,OK,OK,OK
2026-08-14T14:25:00.956613Z,4622,245.1,9884,OK,OK,OK
2026-08-14T14:25:06.469992Z,4621,245.2,9884,OK,OK,OK
2026-08-14T14:25:11.957265Z,4621,245.3,9884,OK,OK,OK
2026-08-14T14:25:17.493406Z,4639,245.2,9884,OK,OK,OK
2026-08-14T14:25:23.053664Z,4618,245.2,9884,OK,OK,OK
2026-08-14T14:25:28.580665Z,4634,245.4,9884,OK,OK,OK
2026-08-14T14:25:34.078086Z,4618,245.3,9884,OK,OK,OK
2026-08-14T14:25:39.596979Z,4627,245.3,9884,OK,OK,OK
2026-08-14T14:25:45.085738Z,4612,246.0,9884,OK,OK,OK
2026-08-14T14:25:50.609778Z,4601,245.9,9884,OK,OK,OK
2026-08-14T14:25:56.100325Z,4594,245.7,9884,OK,OK,OK
2026-08-14T14:26:01.595672Z,2970,246.5,9884,OK,OK,OK
2026-08-14T14:26:07.100371Z,3136,246.3,9884,OK,OK,OK
2026-08-14T14:26:12.622090Z,2989,246.4,9884,OK,OK,OK
2026-08-14T14:26:18.147497Z,2938,246.5,9884,OK,OK,OK
2026-08-14T14:26:23.638981Z,2922,246.5,9884,OK,OK,OK
2026-08-14T14:26:29.156680Z,2916,246.3,9884,OK,OK,OK
2026-08-14T14:26:34.672188Z,2911,246.5,9884,OK,OK,OK
2026-08-14T14:26:40.103636Z,2917,246.4,9884,OK,OK,OK
2026-08-14T14:26:45.581347Z,2911,246.5,9884,OK,OK,OK
2026-08-14T14:26:51.077880Z,2910,246.5,9884,OK,OK,OK
2026-08-14T14:26:56.562038Z,2921,246.5,9884,OK,OK,OK
2026-08-14T14:27:02.076767Z,2920,246.5,9884,OK,OK,OK
2026-08-14T14:27:07.574800Z,2908,246.6,9884,OK,OK,OK
2026-08-14T14:27:13.085169Z,2901,246.5,9884,OK,OK,OK
2026-08-14T14:27:18.590493Z,2906,246.6,9884,OK,OK,OK
2026-08-14T14:27:24.082209Z,2930,246.6,9884,OK,OK,OK
2026-08-14T14:27:29.564984Z,2933,247.1,9884,OK,OK,OK
2026-08-14T14:27:35.062348Z,2914,247.1,9884,OK,OK,OK
2026-08-14T14:27:40.586771Z,2909,247.1,9884,OK,OK,OK
2026-08-14T14:27:46.075456Z,2945,247.1,9884,OK,OK,OK
2026-08-14T14:27:51.628693Z,2944,246.9,9884,OK,OK,OK
2026-08-14T14:27:57.105316Z,2967,246.9,9884,OK,OK,OK
2026-08-14T14:28:02.570099Z,2955,246.9,9884,OK,OK,OK
2026-08-14T14:28:08.073233Z,2958,246.9,9884,OK,OK,OK
2026-08-14T14:28:13.606871Z,2960,247.1,9884,OK,OK,OK
2026-08-14T14:28:19.095244Z,2967,247.1,9884,OK,OK,OK
2026-08-14T14:28:24.596214Z,2961,246.9,9884,OK,OK,OK
2026-08-14T14:28:30.094489Z,2949,246.9,9884,OK,OK,OK
2026-08-14T14:28:35.615039Z,2961,247.1,9884,OK,OK,OK
2026-08-14T14:28:41.090342Z,2960,247.1,9884,OK,OK,OK
2026-08-14T14:28:46.568965Z,2992,246.7,9884,OK,OK,OK
2026-08-14T14:28:52.051570Z,3002,246.8,9884,OK,OK,OK
2026-08-14T14:28:57.553264Z,2998,246.7,9884,OK,OK,OK
2026-08-14T14:29:03.047723Z,2999,246.3,9884,OK,OK,OK
2026-08-14T14:29:08.562344Z,3008,246.3,9884,OK,OK,OK
2026-08-14T14:29:14.085161Z,3002,246.3,9884,OK,OK,OK
2026-08-14T14:29:19.589694Z,3000,246.3,9884,OK,OK,OK
2026-08-14T14:29:25.091629Z,3004,246.3,9884,OK,OK,OK
2026-08-14T14:29:30.601945Z,3002,246.3,9884,OK,OK,OK
2026-08-14T14:29:36.119260Z,2998,246.4,9884,OK,OK,OK
2026-08-14T14:29:41.622579Z,3007,246.4,9884,OK,OK,OK
2026-08-14T14:29:47.169074Z,2969,246.4,9884,OK,OK,OK
2026-08-14T14:29:52.689782Z,2961,246.3,9884,OK,OK,OK
2026-08-14T14:29:58.200660Z,2960,246.4,9884,OK,OK,OK
2026-08-14T14:30:03.702808Z,2956,246.4,9884,OK,OK,OK
2026-08-14T14:30:09.203508Z,2958,246.3,9884,OK,OK,OK
2026-08-14T14:30:14.717735Z,2956,246.3,9884,OK,OK,OK
2026-08-14T14:30:20.240505Z,2897,246.4,9884,OK,OK,OK
2026-08-14T14:30:25.729396Z,2912,246.6,9884,OK,OK,OK
2026-08-14T14:30:31.284014Z,2901,246.5,9884,OK,OK,OK
2026-08-14T14:30:36.834711Z,2911,246.4,9884,OK,OK,OK
2026-08-14T14:30:42.359718Z,2892,246.4,9884,OK,OK,OK
2026-08-14T14:30:47.860552Z,2904,246.5,9884,OK,OK,OK
2026-08-14T14:30:53.361154Z,2954,246.3,9884,OK,OK,OK
2026-08-14T14:30:58.880700Z,3030,246.2,9884,OK,OK,OK
2026-08-14T14:31:04.371980Z,3028,246.2,9884,OK,OK,OK
2026-08-14T14:31:09.854812Z,3022,246.2,9884,OK,OK,OK
2026-08-14T14:31:15.412652Z,3009,246.2,9884,OK,OK,OK
2026-08-14T14:31:20.913504Z,3012,246.1,9544,OK,OK,OK
2026-08-14T14:31:26.407604Z,3013,246.2,9544,OK,OK,OK
2026-08-14T14:31:31.917802Z,3008,246.2,9544,OK,OK,OK
2026-08-14T14:31:37.453608Z,3011,246.2,9544,OK,OK,OK
2026-08-14T14:31:42.943946Z,3009,246.2,9544,OK,OK,OK
2026-08-14T14:31:48.461428Z,3045,246.2,9544,OK,OK,OK
2026-08-14T14:31:53.993953Z,3046,246.2,9544,OK,OK,OK
2026-08-14T14:31:59.468098Z,3047,246.3,9544,OK,OK,OK
2026-08-14T14:32:04.947491Z,3041,246.2,9544,OK,OK,OK
2026-08-14T14:32:10.416298Z,3065,246.2,9544,OK,OK,OK
2026-08-14T14:32:15.929187Z,3062,246.2,9544,OK,OK,OK
2026-08-14T14:32:21.468114Z,3087,246.2,9544,OK,OK,OK
2026-08-14T14:32:26.948115Z,3098,246.2,9544,OK,OK,OK
2026-08-14T14:32:32.426781Z,3079,246.2,9544,OK,OK,OK
2026-08-14T14:32:37.927589Z,2986,246.2,9544,OK,OK,OK
2026-08-14T14:32:43.388493Z,2989,246.2,9544,OK,OK,OK
2026-08-14T14:32:48.855449Z,2984,246.0,9544,OK,OK,OK
2026-08-14T14:32:54.343867Z,3108,246.1,9544,OK,OK,OK
2026-08-14T14:32:59.819957Z,3109,246.2,9544,OK,OK,OK
2026-08-14T14:33:05.269810Z,3114,246.2,9544,OK,OK,OK
2026-08-14T14:33:10.777837Z,3103,246.1,9544,OK,OK,OK
2026-08-14T14:33:16.283215Z,3113,246.0,9544,OK,OK,OK
2026-08-14T14:33:21.775873Z,3095,246.0,9544,OK,OK,OK
2026-08-14T14:33:27.295744Z,3091,246.1,9544,OK,OK,OK
2026-08-14T14:33:32.772217Z,3073,246.0,9544,OK,OK,OK
2026-08-14T14:33:38.266606Z,3092,246.1,9544,OK,OK,OK
2026-08-14T14:33:43.795673Z,3077,246.1,9544,OK,OK,OK
2026-08-14T14:33:49.289930Z,3047,246.1,9544,OK,OK,OK
2026-08-14T14:33:54.823636Z,3064,245.9,9544,OK,OK,OK
2026-08-14T14:34:00.317081Z,3050,245.8,9544,OK,OK,OK
2026-08-14T14:34:05.812852Z,2943,245.7,9544,OK,OK,OK
2026-08-14T14:34:11.298861Z,2950,246.0,9544,OK,OK,OK
2026-08-14T14:34:16.828984Z,2947,246.0,9544,OK,OK,OK
2026-08-14T14:34:22.292428Z,2950,246.0,9544,OK,OK,OK
2026-08-14T14:34:27.781565Z,2947,245.8,9544,OK,OK,OK
2026-08-14T14:34:33.290250Z,2919,245.8,9544,OK,OK,OK
2026-08-14T14:34:38.827059Z,2944,246.0,9544,OK,OK,OK
2026-08-14T14:34:44.316965Z,2949,246.1,9544,OK,OK,OK
2026-08-14T14:34:49.832432Z,2941,246.1,9544,OK,OK,OK
2026-08-14T14:34:55.340042Z,2925,245.9,9544,OK,OK,OK
2026-08-14T14:35:00.827291Z,2943,246.0,9544,OK,OK,OK
2026-08-14T14:35:06.379632Z,2950,245.7,9544,OK,OK,OK
2026-08-14T14:35:11.875691Z,2952,245.8,9544,OK,OK,OK
2026-08-14T14:35:17.389279Z,2952,246.0,9544,OK,OK,OK
2026-08-14T14:35:22.922951Z,2960,246.0,9544,OK,OK,OK
2026-08-14T14:35:28.437740Z,3099,245.9,9544,OK,OK,OK
2026-08-14T14:35:33.952377Z,2958,246.2,9544,OK,OK,OK
2026-08-14T14:35:39.471631Z,3094,246.1,9544,OK,OK,OK
2026-08-14T14:35:45.007535Z,2859,246.1,9544,OK,OK,OK
2026-08-14T14:35:50.487746Z,2906,246.2,9544,OK,OK,OK
2026-08-14T14:35:55.983014Z,2909,246.3,9544,OK,OK,OK
2026-08-14T14:36:01.484890Z,2996,246.1,9544,OK,OK,OK
2026-08-14T14:36:07.006241Z,3009,246.1,9544,OK,OK,OK
2026-08-14T14:36:12.507571Z,3007,245.9,9544,OK,OK,OK
2026-08-14T14:36:18.026171Z,2992,246.1,9544,OK,OK,OK
2026-08-14T14:36:23.522913Z,2988,246.1,9544,OK,OK,OK
2026-08-14T14:36:29.010500Z,3015,246.1,9544,OK,OK,OK
2026-08-14T14:36:34.497110Z,2990,246.1,9544,OK,OK,OK
2026-08-14T14:36:39.981241Z,2989,246.1,9544,OK,OK,OK
2026-08-14T14:36:45.486618Z,2993,246.0,9544,OK,OK,OK
2026-08-14T14:36:50.965597Z,2988,245.8,9544,OK,OK,OK
2026-08-14T14:36:56.481794Z,2980,245.9,9544,OK,OK,OK
2026-08-14T14:37:01.959283Z,2989,245.7,9544,OK,OK,OK
2026-08-14T14:37:07.485179Z,2983,245.8,9544,OK,OK,OK
2026-08-14T14:37:12.966105Z,2979,245.7,9544,OK,OK,OK
2026-08-14T14:37:18.457417Z,2979,245.7,9544,OK,OK,OK
2026-08-14T14:37:23.958590Z,2985,245.7,9544,OK,OK,OK
2026-08-14T14:37:29.471739Z,2968,245.7,9544,OK,OK,OK
2026-08-14T14:37:34.989096Z,2965,245.7,9544,OK,OK,OK
2026-08-14T14:37:40.521063Z,2973,246.0,9544,OK,OK,OK
2026-08-14T14:37:46.021134Z,2969,245.9,9544,OK,OK,OK
2026-08-14T14:37:51.538813Z,2973,245.9,9544,OK,OK,OK
2026-08-14T14:37:57.006764Z,3120,245.9,9544,OK,OK,OK
2026-08-14T14:38:02.509450Z,3099,245.7,9544,OK,OK,OK
2026-08-14T14:38:07.986660Z,3097,245.7,9544,OK,OK,OK
2026-08-14T14:38:13.494240Z,3099,245.7,9544,OK,OK,OK
2026-08-14T14:38:19.025334Z,3063,245.8,9544,OK,OK,OK
2026-08-14T14:38:24.515318Z,3074,246.1,9544,OK,OK,OK
2026-08-14T14:38:30.026408Z,2952,245.9,9544,OK,OK,OK
2026-08-14T14:38:35.492558Z,2950,245.9,9544,OK,OK,OK
2026-08-14T14:38:40.994508Z,2951,245.9,9544,OK,OK,OK
2026-08-14T14:38:46.474852Z,2943,245.9,9544,OK,OK,OK
2026-08-14T14:38:51.993659Z,2939,245.9,9544,OK,OK,OK
2026-08-14T14:38:57.441808Z,2944,246.0,9544,OK,OK,OK
2026-08-14T14:39:02.907857Z,2950,246.0,9544,OK,OK,OK
2026-08-14T14:39:08.401474Z,2944,246.0,9544,OK,OK,OK
2026-08-14T14:39:13.924242Z,2945,245.8,9544,OK,OK,OK
2026-08-14T14:39:19.399346Z,2942,245.9,9544,OK,OK,OK
2026-08-14T14:39:24.909692Z,2939,245.9,9544,OK,OK,OK
2026-08-14T14:39:30.397146Z,2944,245.8,9544,OK,OK,OK
2026-08-14T14:39:35.894320Z,2960,246.1,9544,OK,OK,OK
2026-08-14T14:39:41.378912Z,2964,246.0,9544,OK,OK,OK
2026-08-14T14:39:46.872462Z,2966,246.1,9544,OK,OK,OK
2026-08-14T14:39:52.387123Z,2972,246.1,9544,OK,OK,OK
2026-08-14T14:39:57.867493Z,2966,245.7,9544,OK,OK,OK
2026-08-14T14:40:03.367334Z,2966,245.9,9544,OK,OK,OK
2026-08-14T14:40:08.865865Z,2965,246.0,9544,OK,OK,OK
2026-08-14T14:40:14.375700Z,2975,246.1,9544,OK,OK,OK
2026-08-14T14:40:19.901114Z,2962,246.0,9544,OK,OK,OK
2026-08-14T14:40:25.436092Z,2956,245.9,9544,OK,OK,OK
2026-08-14T14:40:30.965647Z,2960,245.9,9544,OK,OK,OK
2026-08-14T14:40:36.479938Z,2967,245.9,9544,OK,OK,OK
2026-08-14T14:40:42.010218Z,2964,246.1,9544,OK,OK,OK
2026-08-14T14:40:47.467525Z,2980,246.1,9544,OK,OK,OK
2026-08-14T14:40:53.001762Z,2964,246.1,9544,OK,OK,OK
2026-08-14T14:40:58.512525Z,2961,246.1,9544,OK,OK,OK
2026-08-14T14:41:03.994691Z,2963,246.1,9544,OK,OK,OK
2026-08-14T14:41:09.562443Z,2964,246.1,9544,OK,OK,OK
2026-08-14T14:41:15.084100Z,2968,246.1,9544,OK,OK,OK
2026-08-14T14:41:20.577840Z,3000,246.1,9544,OK,OK,OK
2026-08-14T14:41:26.115196Z,2991,246.1,9544,OK,OK,OK
2026-08-14T14:41:31.652748Z,2990,246.1,9544,OK,OK,OK
2026-08-14T14:41:37.180139Z,3006,246.1,9544,OK,OK,OK
2026-08-14T14:41:42.701445Z,2994,246.1,9544,OK,OK,OK
2026-08-14T14:41:48.187983Z,3006,246.1,9544,OK,OK,OK
2026-08-14T14:41:53.682534Z,3046,246.1,9544,OK,OK,OK
2026-08-14T14:41:59.179431Z,2999,246.1,9544,OK,OK,OK
2026-08-14T14:42:04.699883Z,3004,246.1,9544,OK,OK,OK
2026-08-14T14:42:10.218789Z,3011,246.8,9544,OK,OK,OK
2026-08-14T14:42:15.773937Z,3167,246.6,9544,OK,OK,OK
2026-08-14T14:42:21.307458Z,3056,246.7,9544,OK,OK,OK
2026-08-14T14:42:26.802035Z,3214,246.6,9544,OK,OK,OK
2026-08-14T14:42:32.318370Z,3200,246.9,9544,OK,OK,OK
2026-08-14T14:42:37.855442Z,3196,246.7,9544,OK,OK,OK
2026-08-14T14:42:43.340145Z,3180,246.7,9544,OK,OK,OK
2026-08-14T14:42:48.853858Z,3178,246.5,9544,OK,OK,OK
2026-08-14T14:42:54.395960Z,3182,246.6,9544,OK,OK,OK
2026-08-14T14:42:59.897669Z,3227,246.6,9544,OK,OK,OK
2026-08-14T14:43:05.400434Z,3187,246.6,9544,OK,OK,OK
2026-08-14T14:43:10.954188Z,3186,246.8,9544,OK,OK,OK
2026-08-14T14:43:16.430247Z,3177,246.7,9544,OK,OK,OK
2026-08-14T14:43:21.907736Z,3175,246.7,9544,OK,OK,OK
2026-08-14T14:43:27.392414Z,3191,246.7,9544,OK,OK,OK
2026-08-14T14:43:32.925406Z,3192,246.9,9544,OK,OK,OK
2026-08-14T14:43:38.404945Z,3208,247.0,9544,OK,OK,OK
2026-08-14T14:43:43.924698Z,3189,246.9,9544,OK,OK,OK
2026-08-14T14:43:49.454242Z,3040,247.0,9544,OK,OK,OK
2026-08-14T14:43:54.975580Z,3042,247.0,9544,OK,OK,OK
2026-08-14T14:44:00.499387Z,3028,247.0,9544,OK,OK,OK
2026-08-14T14:44:05.972581Z,3154,246.9,9544,OK,OK,OK
2026-08-14T14:44:11.459862Z,3137,246.9,9544,OK,OK,OK
2026-08-14T14:44:17.009180Z,3137,247.0,9544,OK,OK,OK
2026-08-14T14:44:22.512920Z,3107,247.0,9544,OK,OK,OK
2026-08-14T14:44:28.000325Z,3111,247.0,9544,OK,OK,OK
2026-08-14T14:44:33.494653Z,3105,247.0,9544,OK,OK,OK
2026-08-14T14:44:38.963266Z,2985,247.0,9544,OK,OK,OK
2026-08-14T14:44:44.444702Z,2991,247.0,9544,OK,OK,OK
2026-08-14T14:44:49.946884Z,3013,246.9,9544,OK,OK,OK
2026-08-14T14:44:55.440668Z,2978,247.0,9544,OK,OK,OK
2026-08-14T14:45:00.938221Z,2977,247.0,9544,OK,OK,OK
2026-08-14T14:45:06.485321Z,2987,247.0,9544,OK,OK,OK
2026-08-14T14:45:11.988120Z,2981,247.0,9544,OK,OK,OK
2026-08-14T14:45:17.505621Z,2996,247.0,9544,OK,OK,OK
2026-08-14T14:45:23.012594Z,2982,247.0,9544,OK,OK,OK
2026-08-14T14:45:28.461374Z,2986,246.9,9544,OK,OK,OK
2026-08-14T14:45:33.986500Z,2971,246.9,9544,OK,OK,OK
2026-08-14T14:45:39.548505Z,2974,246.9,9544,OK,OK,OK
2026-08-14T14:45:45.035243Z,2987,246.9,9544,OK,OK,OK
2026-08-14T14:45:50.520494Z,2974,247.0,9544,OK,OK,OK
2026-08-14T14:45:56.036363Z,2976,246.8,9544,OK,OK,OK
2026-08-14T14:46:01.532702Z,2980,247.0,9544,OK,OK,OK
2026-08-14T14:46:07.055599Z,2979,247.0,9544,OK,OK,OK
2026-08-14T14:46:12.572062Z,2978,247.0,9544,OK,OK,OK
2026-08-14T14:46:18.100222Z,2974,247.0,9544,OK,OK,OK
2026-08-14T14:46:23.607305Z,2986,247.0,9544,OK,OK,OK
2026-08-14T14:46:29.084471Z,2975,247.1,9544,OK,OK,OK
2026-08-14T14:46:34.568511Z,2977,247.0,9544,OK,OK,OK
2026-08-14T14:46:40.051930Z,2987,247.0,10818,OK,OK,OK
2026-08-14T14:46:45.550212Z,2990,246.9,10818,OK,OK,OK
2026-08-14T14:46:51.029289Z,3020,246.9,10818,OK,OK,OK
2026-08-14T14:46:56.551425Z,3017,246.9,10818,OK,OK,OK
2026-08-14T14:47:02.086670Z,3031,246.8,10818,OK,OK,OK
2026-08-14T14:47:07.594400Z,3021,246.6,10818,OK,OK,OK
2026-08-14T14:47:13.092980Z,3011,246.7,10818,OK,OK,OK
2026-08-14T14:47:18.675636Z,3017,246.8,10818,OK,OK,OK
2026-08-14T14:47:24.183562Z,3015,246.6,10818,OK,OK,OK
2026-08-14T14:47:29.699344Z,3024,246.6,10818,OK,OK,OK
2026-08-14T14:47:35.233357Z,3007,246.6,10818,OK,OK,OK
2026-08-14T14:47:40.753173Z,3009,246.6,10818,OK,OK,OK
2026-08-14T14:47:46.276868Z,3006,246.6,10818,OK,OK,OK
2026-08-14T14:47:51.752103Z,3005,246.6,10818,OK,OK,OK
2026-08-14T14:47:57.266366Z,13491,240.5,10818,OK,OK,OK
2026-08-14T14:48:02.799515Z,4654,245.7,10818,OK,OK,OK
2026-08-14T14:48:08.310878Z,4689,245.7,10818,OK,OK,OK
2026-08-14T14:48:13.825864Z,4652,245.7,10818,OK,OK,OK
2026-08-14T14:48:19.334634Z,4623,245.5,10818,OK,OK,OK
2026-08-14T14:48:24.877199Z,4632,245.7,10818,OK,OK,OK
2026-08-14T14:48:30.349230Z,4625,245.5,10818,OK,OK,OK
2026-08-14T14:48:35.815305Z,4663,245.7,10818,OK,OK,OK
2026-08-14T14:48:41.322548Z,4652,245.8,10818,OK,OK,OK
2026-08-14T14:48:46.837031Z,4653,245.7,10818,OK,OK,OK
2026-08-14T14:48:52.380597Z,4660,245.8,10818,OK,OK,OK
2026-08-14T14:48:57.877986Z,4636,245.8,10818,OK,OK,OK
2026-08-14T14:49:03.393364Z,4653,245.8,10818,OK,OK,OK
2026-08-14T14:49:08.956436Z,4650,245.8,10818,OK,OK,OK
2026-08-14T14:49:14.478752Z,4665,246.0,10818,OK,OK,OK
2026-08-14T14:49:19.975499Z,4710,246.1,10818,OK,OK,OK
2026-08-14T14:49:25.495023Z,4659,246.2,10818,OK,OK,OK
2026-08-14T14:49:30.986309Z,4652,246.2,10818,OK,OK,OK
2026-08-14T14:49:36.512417Z,4668,246.2,10818,OK,OK,OK
2026-08-14T14:49:42.007285Z,4663,246.2,10818,OK,OK,OK
2026-08-14T14:49:47.513036Z,4658,246.2,10818,OK,OK,OK
2026-08-14T14:49:53.009237Z,4641,246.2,10818,OK,OK,OK
2026-08-14T14:49:58.516604Z,4645,246.0,10818,OK,OK,OK
2026-08-14T14:50:04.030516Z,4637,246.0,10818,OK,OK,OK
2026-08-14T14:50:09.547463Z,4628,245.9,10818,OK,OK,OK
2026-08-14T14:50:15.073765Z,4639,246.1,10818,OK,OK,OK
2026-08-14T14:50:20.583392Z,4628,246.0,10818,OK,OK,OK
2026-08-14T14:50:26.106743Z,4620,246.1,10818,OK,OK,OK
2026-08-14T14:50:31.618780Z,4625,246.1,10818,OK,OK,OK
2026-08-14T14:50:37.113016Z,4654,246.1,10818,OK,OK,OK
2026-08-14T14:50:42.646536Z,4648,245.7,10818,OK,OK,OK
2026-08-14T14:50:48.125567Z,4631,245.6,10818,OK,OK,OK
2026-08-14T14:50:53.645415Z,4620,245.4,10818,OK,OK,OK
2026-08-14T14:50:59.151764Z,4607,245.4,10818,OK,OK,OK
2026-08-14T14:51:04.703625Z,4649,245.5,10818,OK,OK,OK
2026-08-14T14:51:10.237677Z,4649,246.3,10818,OK,OK,OK
2026-08-14T14:51:15.740767Z,4637,246.2,10818,OK,OK,OK
2026-08-14T14:51:21.294511Z,4637,246.3,10818,OK,OK,OK
2026-08-14T14:51:26.822353Z,4677,246.1,10818,OK,OK,OK
2026-08-14T14:51:32.331600Z,4636,246.2,10818,OK,OK,OK
2026-08-14T14:51:37.820934Z,4656,246.1,10818,OK,OK,OK
2026-08-14T14:51:43.338847Z,5010,245.8,10818,OK,OK,OK
2026-08-14T14:51:48.828963Z,5118,245.8,10818,OK,OK,OK
2026-08-14T14:51:54.294368Z,4744,245.9,10818,OK,OK,OK
2026-08-14T14:51:59.757670Z,4763,245.9,10818,OK,OK,OK
2026-08-14T14:52:05.284787Z,4763,245.9,10818,OK,OK,OK
2026-08-14T14:52:10.774000Z,5158,245.6,10818,OK,OK,OK
2026-08-14T14:52:16.281956Z,5151,245.4,10818,OK,OK,OK
2026-08-14T14:52:21.782317Z,4759,245.8,10818,OK,OK,OK
2026-08-14T14:52:27.321388Z,4756,245.7,10818,OK,OK,OK
2026-08-14T14:52:32.842000Z,4732,245.6,10818,OK,OK,OK
2026-08-14T14:52:38.343449Z,4756,245.8,10818,OK,OK,OK
2026-08-14T14:52:43.837834Z,4728,245.8,10818,OK,OK,OK
2026-08-14T14:52:49.362717Z,4742,245.8,10818,OK,OK,OK
2026-08-14T14:52:54.865326Z,4706,245.8,10818,OK,OK,OK
2026-08-14T14:53:00.386073Z,4708,245.7,10818,OK,OK,OK
2026-08-14T14:53:05.910429Z,4696,245.9,10818,OK,OK,OK
2026-08-14T14:53:11.443602Z,4690,245.9,10818,OK,OK,OK
2026-08-14T14:53:16.954284Z,4690,245.9,10818,OK,OK,OK
2026-08-14T14:53:22.451283Z,4707,246.1,10818,OK,OK,OK
2026-08-14T14:53:30.428837Z,4668,246.1,10818,OK,OK,OK
2026-08-14T14:53:35.923716Z,4674,246.1,10818,OK,OK,OK
2026-08-14T14:53:41.428617Z,4653,245.9,10818,OK,OK,OK
2026-08-14T14:53:46.955603Z,4628,245.7,10818,OK,OK,OK
2026-08-14T14:53:52.491995Z,4637,245.9,10818,OK,OK,OK
2026-08-14T14:53:58.010988Z,4657,246.1,10818,OK,OK,OK
2026-08-14T14:54:03.510366Z,4651,246.1,10818,OK,OK,OK
2026-08-14T14:54:09.007601Z,4632,246.2,10818,OK,OK,OK
2026-08-14T14:54:14.492470Z,4642,246.3,10818,OK,OK,OK
2026-08-14T14:54:20.013015Z,4635,246.2,10818,OK,OK,OK
2026-08-14T14:54:25.499646Z,4647,246.3,10818,OK,OK,OK
2026-08-14T14:54:31.031271Z,4639,246.3,10818,OK,OK,OK
2026-08-14T14:54:36.540007Z,4638,246.3,10818,OK,OK,OK
2026-08-14T14:54:42.052120Z,4675,246.2,10818,OK,OK,OK
2026-08-14T14:54:47.573422Z,4675,246.2,10818,OK,OK,OK
2026-08-14T14:54:53.047035Z,4660,246.2,10818,OK,OK,OK
2026-08-14T14:54:58.526112Z,4648,246.3,10818,OK,OK,OK
2026-08-14T14:55:04.009117Z,4778,246.1,10818,OK,OK,OK
2026-08-14T14:55:09.473952Z,4782,245.7,10818,OK,OK,OK
2026-08-14T14:55:14.981527Z,4779,245.7,10818,OK,OK,OK
2026-08-14T14:55:20.485949Z,3148,246.9,10818,OK,OK,OK
2026-08-14T14:55:25.954043Z,3137,246.8,10818,OK,OK,OK
2026-08-14T14:55:31.448418Z,3146,246.8,10818,OK,OK,OK
2026-08-14T14:55:36.976993Z,3139,246.8,10818,OK,OK,OK
2026-08-14T14:55:42.463119Z,3124,246.4,10818,OK,OK,OK
2026-08-14T14:55:47.947750Z,3120,246.0,10818,OK,OK,OK
2026-08-14T14:55:53.434049Z,3150,246.1,10818,OK,OK,OK
2026-08-14T14:55:58.932368Z,3134,246.3,10818,OK,OK,OK
2026-08-14T14:56:04.503426Z,3138,246.3,10818,OK,OK,OK
2026-08-14T14:56:10.029475Z,3142,246.3,10818,OK,OK,OK
2026-08-14T14:56:15.497150Z,3126,246.4,10818,OK,OK,OK
2026-08-14T14:56:21.036546Z,3150,246.5,10818,OK,OK,OK
2026-08-14T14:56:26.518477Z,3135,246.8,10818,OK,OK,OK
2026-08-14T14:56:32.020773Z,3136,246.8,10818,OK,OK,OK
2026-08-14T14:56:37.535425Z,3152,247.0,10818,OK,OK,OK
2026-08-14T14:56:43.039066Z,3123,246.5,10818,OK,OK,OK
2026-08-14T14:56:48.536247Z,3124,245.8,10818,OK,OK,OK
2026-08-14T14:56:53.990364Z,3174,245.7,10818,OK,OK,OK
2026-08-14T14:56:59.481701Z,3135,246.0,10818,OK,OK,OK
2026-08-14T14:57:04.949086Z,3178,246.4,10818,OK,OK,OK
2026-08-14T14:57:10.471487Z,3162,246.5,10818,OK,OK,OK
2026-08-14T14:57:15.945702Z,3174,246.9,10818,OK,OK,OK
2026-08-14T14:57:21.480539Z,3170,246.9,10818,OK,OK,OK
2026-08-14T14:57:26.974521Z,3067,247.0,10818,OK,OK,OK
2026-08-14T14:57:32.473975Z,3051,247.0,10818,OK,OK,OK
2026-08-14T14:57:37.954765Z,3067,247.2,10818,OK,OK,OK
2026-08-14T14:57:43.456093Z,3069,247.2,10818,OK,OK,OK
2026-08-14T14:57:48.987538Z,3077,247.0,10818,OK,OK,OK
2026-08-14T14:57:54.506128Z,3072,247.0,10818,OK,OK,OK
2026-08-14T14:58:00.038836Z,3079,247.1,10818,OK,OK,OK
2026-08-14T14:58:05.554828Z,3072,247.2,10818,OK,OK,OK
2026-08-14T14:58:11.086724Z,3067,247.0,10818,OK,OK,OK
2026-08-14T14:58:16.597633Z,3064,247.0,10818,OK,OK,OK
2026-08-14T14:58:22.145721Z,3027,247.3,10818,OK,OK,OK
2026-08-14T14:58:27.656520Z,3012,246.4,10818,OK,OK,OK
2026-08-14T14:58:33.165052Z,3014,245.8,10818,OK,OK,OK
2026-08-14T14:58:38.678264Z,3013,246.1,10818,OK,OK,OK
2026-08-14T14:58:44.212311Z,3008,246.3,10818,OK,OK,OK
2026-08-14T14:58:49.702521Z,3013,246.7,10818,OK,OK,OK
2026-08-14T14:58:55.234078Z,3014,246.7,10818,OK,OK,OK
2026-08-14T14:59:00.757224Z,3030,247.0,10818,OK,OK,OK
2026-08-14T14:59:06.280935Z,3020,247.0,10818,OK,OK,OK
2026-08-14T14:59:11.816149Z,3028,247.0,10818,OK,OK,OK
2026-08-14T14:59:17.334598Z,3006,246.7,10818,OK,OK,OK
2026-08-14T14:59:22.842792Z,3010,246.7,10818,OK,OK,OK
2026-08-14T14:59:28.350083Z,3012,246.8,10818,OK,OK,OK
2026-08-14T14:59:33.886441Z,3010,246.6,10818,OK,OK,OK
2026-08-14T14:59:39.376660Z,3011,246.2,10818,OK,OK,OK
2026-08-14T14:59:44.893304Z,2999,246.3,10818,OK,OK,OK
2026-08-14T14:59:50.353981Z,3001,246.1,10818,OK,OK,OK
2026-08-14T14:59:55.857203Z,2999,245.5,10818,OK,OK,OK
2026-08-14T15:00:01.390538Z,2993,245.8,10818,OK,OK,OK
2026-08-14T15:00:06.934922Z,3003,245.8,10818,OK,OK,OK
2026-08-14T15:00:12.444398Z,3003,246.0,10818,OK,OK,OK
2026-08-14T15:00:17.981376Z,2997,246.3,10818,OK,OK,OK
2026-08-14T15:00:23.508378Z,2995,246.2,10818,OK,OK,OK
2026-08-14T15:00:29.053980Z,2981,245.8,10818,OK,OK,OK
2026-08-14T15:00:34.544725Z,3001,245.7,10818,OK,OK,OK
2026-08-14T15:00:40.066766Z,2982,245.2,10818,OK,OK,OK
2026-08-14T15:00:45.606148Z,2990,245.2,10818,OK,OK,OK
2026-08-14T15:00:51.126121Z,3017,245.3,10818,OK,OK,OK
2026-08-14T15:00:56.649930Z,2997,245.7,10818,OK,OK,OK
2026-08-14T15:01:02.150101Z,2991,245.7,10818,OK,OK,OK
2026-08-14T15:01:07.678136Z,2975,246.1,10818,OK,OK,OK
2026-08-14T15:01:13.189011Z,3021,245.7,10818,OK,OK,OK
2026-08-14T15:01:18.690556Z,2992,246.0,10818,OK,OK,OK
2026-08-14T15:01:24.157874Z,2999,246.4,10818,OK,OK,OK
2026-08-14T15:01:29.666284Z,2995,246.3,10818,OK,OK,OK
2026-08-14T15:01:35.151481Z,2985,246.0,10818,OK,OK,OK
2026-08-14T15:01:40.733558Z,2996,246.2,10818,OK,OK,OK
2026-08-14T15:01:46.227922Z,2992,246.0,10818,OK,OK,OK
2026-08-14T15:01:51.713429Z,2992,246.1,10818,OK,OK,OK
2026-08-14T15:01:57.238184Z,2995,245.9,10818,OK,OK,OK
2026-08-14T15:02:02.726402Z,2985,245.6,9684,OK,OK,OK
2026-08-14T15:02:08.248855Z,2975,245.4,9684,OK,OK,OK
2026-08-14T15:02:13.753374Z,3006,245.6,9684,OK,OK,OK
2026-08-14T15:02:19.317302Z,3012,246.0,9684,OK,OK,OK
2026-08-14T15:02:24.833229Z,3036,246.4,9684,OK,OK,OK
2026-08-14T15:02:30.324616Z,3038,246.4,9684,OK,OK,OK
2026-08-14T15:02:35.820659Z,3007,246.6,9684,OK,OK,OK
2026-08-14T15:02:41.321713Z,3004,246.6,9684,OK,OK,OK
2026-08-14T15:02:46.844039Z,3008,246.6,9684,OK,OK,OK
2026-08-14T15:02:52.347507Z,3004,246.4,9684,OK,OK,OK
2026-08-14T15:02:57.874042Z,3007,246.9,9684,OK,OK,OK
2026-08-14T15:03:03.389993Z,3001,246.9,9684,OK,OK,OK
2026-08-14T15:03:08.878349Z,3005,247.0,9684,OK,OK,OK
2026-08-14T15:03:14.375216Z,2994,247.0,9684,OK,OK,OK
2026-08-14T15:03:19.884223Z,2996,247.0,9684,OK,OK,OK
2026-08-14T15:03:25.365084Z,3000,247.0,9684,OK,OK,OK
2026-08-14T15:03:30.908597Z,3006,246.7,9684,OK,OK,OK
2026-08-14T15:03:36.435997Z,3009,246.8,9684,OK,OK,OK
2026-08-14T15:03:41.982303Z,2994,246.7,9684,OK,OK,OK
2026-08-14T15:03:47.497278Z,3002,246.6,9684,OK,OK,OK
2026-08-14T15:03:52.992830Z,3024,246.4,9684,OK,OK,OK
2026-08-14T15:03:58.501861Z,3067,246.5,9684,OK,OK,OK
2026-08-14T15:04:04.005785Z,3044,246.6,9684,OK,OK,OK
2026-08-14T15:04:09.522692Z,3080,246.6,9684,OK,OK,OK
2026-08-14T15:04:15.058949Z,3198,246.7,9684,OK,OK,OK
2026-08-14T15:04:20.601649Z,3221,246.9,9684,OK,OK,OK
2026-08-14T15:04:26.109872Z,3184,246.9,9684,OK,OK,OK
2026-08-14T15:04:31.619501Z,3173,246.9,9684,OK,OK,OK
2026-08-14T15:04:37.154055Z,3198,246.8,9684,OK,OK,OK
2026-08-14T15:04:42.668336Z,3179,246.9,9684,OK,OK,OK
2026-08-14T15:04:48.172775Z,3176,246.6,9684,OK,OK,OK
2026-08-14T15:04:53.656876Z,3181,246.6,9684,OK,OK,OK
2026-08-14T15:04:59.183738Z,3184,246.8,9684,OK,OK,OK
2026-08-14T15:05:04.672171Z,3172,246.8,9684,OK,OK,OK
2026-08-14T15:05:10.158066Z,3160,246.7,9684,OK,OK,OK
2026-08-14T15:05:15.663675Z,3060,246.7,9684,OK,OK,OK
2026-08-14T15:05:21.235033Z,3047,246.7,9684,OK,OK,OK
2026-08-14T15:05:26.694038Z,3065,246.8,9684,OK,OK,OK
2026-08-14T15:05:32.203395Z,3052,246.8,9684,OK,OK,OK
2026-08-14T15:05:37.658788Z,3052,246.8,9684,OK,OK,OK
2026-08-14T15:05:43.184108Z,3058,246.8,9684,OK,OK,OK
2026-08-14T15:05:48.654498Z,3066,246.7,9684,OK,OK,OK
2026-08-14T15:05:54.145485Z,3027,246.6,9684,OK,OK,OK
2026-08-14T15:05:59.666670Z,3020,246.5,9684,OK,OK,OK
2026-08-14T15:06:05.160322Z,3033,246.5,9684,OK,OK,OK
2026-08-14T15:06:10.662707Z,3018,246.4,9684,OK,OK,OK
2026-08-14T15:06:16.160064Z,3026,246.5,9684,OK,OK,OK
2026-08-14T15:06:21.656471Z,3024,246.4,9684,OK,OK,OK
2026-08-14T15:06:27.189173Z,3028,246.4,9684,OK,OK,OK
2026-08-14T15:06:32.670525Z,3013,246.3,9684,OK,OK,OK
2026-08-14T15:06:38.179813Z,3017,246.4,9684,OK,OK,OK
2026-08-14T15:06:43.706090Z,3019,246.3,9684,OK,OK,OK
2026-08-14T15:06:49.217413Z,3018,246.2,9684,OK,OK,OK
2026-08-14T15:06:54.740055Z,3024,246.3,9684,OK,OK,OK
2026-08-14T15:07:00.274131Z,3022,246.4,9684,OK,OK,OK
2026-08-14T15:07:05.803487Z,3026,246.3,9684,OK,OK,OK
2026-08-14T15:07:11.301680Z,3042,246.3,9684,OK,OK,OK
2026-08-14T15:07:16.833008Z,3016,246.6,9684,OK,OK,OK
2026-08-14T15:07:22.346694Z,3024,246.7,9684,OK,OK,OK
2026-08-14T15:07:27.860226Z,3033,246.7,9684,OK,OK,OK
2026-08-14T15:07:33.329914Z,3020,246.7,9684,OK,OK,OK
2026-08-14T15:07:38.853574Z,3022,246.7,9684,OK,OK,OK
2026-08-14T15:07:44.402227Z,3022,246.7,9684,OK,OK,OK
2026-08-14T15:07:49.916873Z,3012,246.8,9684,OK,OK,OK
2026-08-14T15:07:55.398864Z,3034,246.8,9684,OK,OK,OK
2026-08-14T15:08:00.945578Z,3014,246.7,9684,OK,OK,OK
2026-08-14T15:08:06.459746Z,3030,246.8,9684,OK,OK,OK
2026-08-14T15:08:11.957473Z,3028,246.7,9684,OK,OK,OK
2026-08-14T15:08:17.476007Z,3025,246.7,9684,OK,OK,OK
2026-08-14T15:08:23.002390Z,3049,246.7,9684,OK,OK,OK
2026-08-14T15:08:28.500056Z,3053,246.7,9684,OK,OK,OK
2026-08-14T15:08:33.969436Z,3074,246.6,9684,OK,OK,OK
2026-08-14T15:08:39.502897Z,3075,246.5,9684,OK,OK,OK
2026-08-14T15:08:44.992989Z,3076,246.6,9684,OK,OK,OK
2026-08-14T15:08:50.545647Z,3068,246.6,9684,OK,OK,OK
2026-08-14T15:08:56.036281Z,3071,246.5,9684,OK,OK,OK
2026-08-14T15:09:01.557801Z,3070,246.7,9684,OK,OK,OK
2026-08-14T15:09:07.076858Z,3058,246.6,9684,OK,OK,OK
2026-08-14T15:09:12.612290Z,3076,246.6,9684,OK,OK,OK
2026-08-14T15:09:18.099521Z,3071,246.6,9684,OK,OK,OK
2026-08-14T15:09:23.621961Z,3080,246.5,9684,OK,OK,OK
2026-08-14T15:09:29.091469Z,3091,246.5,9684,OK,OK,OK
2026-08-14T15:09:34.628523Z,3058,246.4,9684,OK,OK,OK
2026-08-14T15:09:40.089203Z,3068,246.3,9684,OK,OK,OK
2026-08-14T15:09:45.609712Z,3091,246.4,9684,OK,OK,OK
2026-08-14T15:09:51.082794Z,3091,246.5,9684,OK,OK,OK
2026-08-14T15:09:56.569596Z,3071,246.5,9684,OK,OK,OK
2026-08-14T15:10:02.095393Z,3062,246.5,9684,OK,OK,OK
2026-08-14T15:10:07.578514Z,3074,246.3,9684,OK,OK,OK
2026-08-14T15:10:13.098758Z,3092,246.6,9684,OK,OK,OK
2026-08-14T15:10:18.605854Z,3099,246.8,9684,OK,OK,OK
2026-08-14T15:10:24.108111Z,3046,246.8,9684,OK,OK,OK
2026-08-14T15:10:29.586311Z,3029,246.8,9684,OK,OK,OK
2026-08-14T15:10:35.102806Z,3029,246.8,9684,OK,OK,OK
2026-08-14T15:10:40.621432Z,3053,246.8,9684,OK,OK,OK
2026-08-14T15:10:46.113097Z,3059,246.8,9684,OK,OK,OK
2026-08-14T15:10:51.717828Z,3054,247.0,9684,OK,OK,OK
2026-08-14T15:10:57.235368Z,3052,247.1,9684,OK,OK,OK
2026-08-14T15:11:02.717882Z,3038,247.1,9684,OK,OK,OK
2026-08-14T15:11:08.217469Z,3016,247.1,9684,OK,OK,OK
2026-08-14T15:11:13.720261Z,3034,247.0,9684,OK,OK,OK
2026-08-14T15:11:19.198252Z,3014,247.0,9684,OK,OK,OK
2026-08-14T15:11:24.708078Z,3011,246.8,9684,OK,OK,OK
2026-08-14T15:11:30.224453Z,3013,246.7,9684,OK,OK,OK
2026-08-14T15:11:35.705138Z,3046,246.7,9684,OK,OK,OK
2026-08-14T15:11:41.176985Z,3023,246.7,9684,OK,OK,OK
2026-08-14T15:11:46.655757Z,3041,246.7,9684,OK,OK,OK
2026-08-14T15:11:52.143415Z,3034,246.7,9684,OK,OK,OK
2026-08-14T15:11:57.633285Z,3039,246.7,9684,OK,OK,OK
2026-08-14T15:12:03.128725Z,3063,246.7,9684,OK,OK,OK
2026-08-14T15:12:08.614943Z,3040,246.7,9684,OK,OK,OK
2026-08-14T15:12:14.114040Z,3040,246.7,9684,OK,OK,OK
2026-08-14T15:12:19.611710Z,3053,246.8,9684,OK,OK,OK
2026-08-14T15:12:25.110720Z,3050,247.6,9684,OK,OK,OK
2026-08-14T15:12:30.639341Z,3061,247.6,9684,OK,OK,OK
2026-08-14T15:12:36.162070Z,3058,247.4,9684,OK,OK,OK
2026-08-14T15:12:41.652946Z,3050,247.4,9684,OK,OK,OK
2026-08-14T15:12:47.187052Z,3052,247.4,9684,OK,OK,OK
2026-08-14T15:12:52.680177Z,3058,247.4,9684,OK,OK,OK
2026-08-14T15:12:58.219484Z,3058,247.4,9684,OK,OK,OK
2026-08-14T15:13:03.716744Z,3051,247.5,9684,OK,OK,OK
2026-08-14T15:13:09.250657Z,3078,247.1,9684,OK,OK,OK
2026-08-14T15:13:14.705545Z,3050,247.4,9684,OK,OK,OK
2026-08-14T15:13:20.244068Z,3051,247.3,9684,OK,OK,OK
2026-08-14T15:13:25.705097Z,3049,247.3,9684,OK,OK,OK
2026-08-14T15:13:31.236292Z,3042,247.3,9684,OK,OK,OK
2026-08-14T15:13:36.712770Z,3057,247.3,9684,OK,OK,OK
2026-08-14T15:13:42.241556Z,3048,247.2,9684,OK,OK,OK
2026-08-14T15:13:47.750190Z,3060,247.2,9684,OK,OK,OK
2026-08-14T15:13:53.281824Z,3050,247.2,9684,OK,OK,OK
2026-08-14T15:13:58.765369Z,3052,247.1,9684,OK,OK,OK
2026-08-14T15:14:04.256820Z,3050,247.2,9684,OK,OK,OK
2026-08-14T15:14:09.735543Z,3048,247.1,9684,OK,OK,OK
2026-08-14T15:14:15.252912Z,3046,247.2,9684,OK,OK,OK
2026-08-14T15:14:20.730865Z,3053,247.3,9684,OK,OK,OK
2026-08-14T15:14:26.238907Z,3065,247.2,9684,OK,OK,OK
2026-08-14T15:14:31.743040Z,3049,247.3,9684,OK,OK,OK
2026-08-14T15:14:37.269132Z,15417,239.8,9684,OK,OK,OK
2026-08-14T15:14:42.755827Z,6423,245.8,9684,OK,OK,OK
2026-08-14T15:14:48.254005Z,6471,245.8,9684,OK,OK,OK
2026-08-14T15:14:53.776587Z,6417,245.8,9684,OK,OK,OK
2026-08-14T15:14:59.296133Z,6538,245.6,9684,OK,OK,OK
2026-08-14T15:15:04.819973Z,6411,245.8,9684,OK,OK,OK
2026-08-14T15:15:10.347146Z,6415,245.8,9684,OK,OK,OK
2026-08-14T15:15:15.877817Z,6420,245.7,9684,OK,OK,OK
2026-08-14T15:15:21.374616Z,6431,245.7,9684,OK,OK,OK
2026-08-14T15:15:26.866338Z,6420,245.3,9684,OK,OK,OK
2026-08-14T15:15:32.386837Z,6395,245.1,9684,OK,OK,OK
2026-08-14T15:15:37.904628Z,6374,245.1,9684,OK,OK,OK
2026-08-14T15:15:43.396965Z,6395,245.3,9684,OK,OK,OK
2026-08-14T15:15:48.895469Z,6387,245.2,9684,OK,OK,OK
2026-08-14T15:15:54.433474Z,6376,244.7,9684,OK,OK,OK
2026-08-14T15:15:59.992562Z,6376,244.3,9684,OK,OK,OK
2026-08-14T15:16:05.495935Z,4706,245.7,9684,OK,OK,OK
2026-08-14T15:16:11.005102Z,4731,245.9,9684,OK,OK,OK
2026-08-14T15:16:16.496092Z,4727,246.1,9684,OK,OK,OK
2026-08-14T15:16:22.023887Z,4712,246.5,9684,OK,OK,OK
2026-08-14T15:16:27.505950Z,4723,246.7,9684,OK,OK,OK
2026-08-14T15:16:32.991690Z,4695,246.8,9684,OK,OK,OK
2026-08-14T15:16:38.502275Z,4705,246.6,9684,OK,OK,OK
2026-08-14T15:16:44.028952Z,4704,246.4,9684,OK,OK,OK
2026-08-14T15:16:49.542463Z,4715,246.4,9684,OK,OK,OK
2026-08-14T15:16:55.059563Z,4706,246.3,9684,OK,OK,OK
2026-08-14T15:17:00.579343Z,4701,246.2,9684,OK,OK,OK
2026-08-14T15:17:06.061505Z,4710,246.1,9684,OK,OK,OK
2026-08-14T15:17:11.563632Z,4702,246.3,9684,OK,OK,OK
2026-08-14T15:17:17.072128Z,4709,246.3,9684,OK,OK,OK
2026-08-14T15:17:22.572933Z,4707,246.4,10979,OK,OK,OK
2026-08-14T15:17:28.096863Z,4706,246.4,10979,OK,OK,OK
2026-08-14T15:17:33.603015Z,4693,246.3,10979,OK,OK,OK
2026-08-14T15:17:39.100462Z,4711,246.4,10979,OK,OK,OK
2026-08-14T15:17:44.615880Z,4725,246.7,10979,OK,OK,OK
2026-08-14T15:17:50.080429Z,4729,246.7,10979,OK,OK,OK
2026-08-14T15:17:55.543092Z,4731,246.3,10979,OK,OK,OK
2026-08-14T15:18:01.079300Z,4713,246.5,10979,OK,OK,OK
2026-08-14T15:18:06.611417Z,4717,246.5,10979,OK,OK,OK
2026-08-14T15:18:12.106452Z,4783,246.3,10979,OK,OK,OK
2026-08-14T15:18:17.641577Z,4720,246.3,10979,OK,OK,OK
2026-08-14T15:18:23.166823Z,4710,246.1,10979,OK,OK,OK
2026-08-14T15:18:28.687236Z,4709,246.1,10979,OK,OK,OK
2026-08-14T15:18:34.219821Z,4694,245.7,10979,OK,OK,OK
2026-08-14T15:18:39.731231Z,4709,245.7,10979,OK,OK,OK
2026-08-14T15:18:45.278460Z,4684,245.8,10979,OK,OK,OK
2026-08-14T15:18:50.796624Z,4689,246.1,10979,OK,OK,OK
2026-08-14T15:18:56.305062Z,4674,245.7,10979,OK,OK,OK
2026-08-14T15:19:01.810304Z,4677,245.6,10979,OK,OK,OK
2026-08-14T15:19:07.345022Z,4680,245.7,10979,OK,OK,OK
2026-08-14T15:19:12.863318Z,4678,246.1,10979,OK,OK,OK
2026-08-14T15:19:18.390233Z,4684,246.1,10979,OK,OK,OK
2026-08-14T15:19:23.925944Z,4826,246.0,10979,OK,OK,OK
2026-08-14T15:19:29.461131Z,4828,246.0,10979,OK,OK,OK
2026-08-14T15:19:34.968873Z,4826,246.1,10979,OK,OK,OK
2026-08-14T15:19:40.473066Z,4834,246.2,10979,OK,OK,OK
2026-08-14T15:19:45.992228Z,4838,246.4,10979,OK,OK,OK
2026-08-14T15:19:51.501150Z,4843,246.0,10979,OK,OK,OK
2026-08-14T15:19:57.074972Z,4827,245.7,10979,OK,OK,OK
2026-08-14T15:20:02.609477Z,4825,246.0,10979,OK,OK,OK
2026-08-14T15:20:08.095318Z,4820,246.0,10979,OK,OK,OK
2026-08-14T15:20:13.600551Z,4822,246.1,10979,OK,OK,OK
2026-08-14T15:20:19.144391Z,4845,246.4,10979,OK,OK,OK
2026-08-14T15:20:24.651568Z,4830,246.5,10979,OK,OK,OK
2026-08-14T15:20:30.169350Z,4828,246.6,10979,OK,OK,OK
2026-08-14T15:20:35.662017Z,4838,246.8,10979,OK,OK,OK
2026-08-14T15:20:41.178900Z,4843,246.7,10979,OK,OK,OK
2026-08-14T15:20:46.703809Z,4840,246.7,10979,OK,OK,OK
2026-08-14T15:20:52.220849Z,4732,246.7,10979,OK,OK,OK
2026-08-14T15:20:57.719530Z,4734,246.5,10979,OK,OK,OK
2026-08-14T15:21:03.246083Z,4728,246.5,10979,OK,OK,OK
2026-08-14T15:21:08.732681Z,4727,246.5,10979,OK,OK,OK
2026-08-14T15:21:14.256190Z,4725,246.6,10979,OK,OK,OK
2026-08-14T15:21:19.763285Z,4850,246.7,10979,OK,OK,OK
2026-08-14T15:21:25.283810Z,4862,246.4,10979,OK,OK,OK
2026-08-14T15:21:30.804216Z,4851,246.6,10979,OK,OK,OK
2026-08-14T15:21:36.322978Z,4826,246.4,10979,OK,OK,OK
2026-08-14T15:21:41.820876Z,4832,246.6,10979,OK,OK,OK
2026-08-14T15:21:47.286244Z,4819,246.4,10979,OK,OK,OK
2026-08-14T15:21:52.827825Z,4831,246.6,10979,OK,OK,OK
2026-08-14T15:21:58.346712Z,4836,246.5,10979,OK,OK,OK
2026-08-14T15:22:03.853841Z,4691,246.2,10979,OK,OK,OK
2026-08-14T15:22:09.390385Z,4833,245.9,10979,OK,OK,OK
2026-08-14T15:22:14.911975Z,4699,245.6,10979,OK,OK,OK
2026-08-14T15:22:20.434463Z,3060,246.6,10979,OK,OK,OK
2026-08-14T15:22:25.948616Z,3053,246.8,10979,OK,OK,OK
2026-08-14T15:22:31.444744Z,3042,246.7,10979,OK,OK,OK
2026-08-14T15:22:36.947216Z,2968,246.6,10979,OK,OK,OK
2026-08-14T15:22:42.450388Z,2972,246.9,10979,OK,OK,OK
2026-08-14T15:22:47.960901Z,2968,246.6,10979,OK,OK,OK
2026-08-14T15:22:53.482720Z,2962,246.2,10979,OK,OK,OK
2026-08-14T15:22:58.990905Z,2955,246.5,10979,OK,OK,OK
2026-08-14T15:23:04.533339Z,2967,246.7,10979,OK,OK,OK
2026-08-14T15:23:10.056240Z,2967,247.1,10979,OK,OK,OK
2026-08-14T15:23:15.587169Z,2965,247.2,10979,OK,OK,OK
2026-08-14T15:23:21.059877Z,2973,247.3,10979,OK,OK,OK
2026-08-14T15:23:26.585212Z,2978,247.3,10979,OK,OK,OK
2026-08-14T15:23:32.089545Z,2966,247.5,10979,OK,OK,OK
2026-08-14T15:23:37.621647Z,2974,247.3,10979,OK,OK,OK
2026-08-14T15:23:43.115619Z,2966,247.2,10979,OK,OK,OK
2026-08-14T15:23:48.624657Z,2977,247.1,10979,OK,OK,OK
2026-08-14T15:23:54.153433Z,2968,247.2,10979,OK,OK,OK
2026-08-14T15:23:59.676499Z,2962,247.4,10979,OK,OK,OK
2026-08-14T15:24:05.177187Z,3008,247.5,10979,OK,OK,OK
2026-08-14T15:24:10.717184Z,2974,247.1,10979,OK,OK,OK
2026-08-14T15:24:16.271268Z,2960,246.8,10979,OK,OK,OK
2026-08-14T15:24:21.787213Z,2979,247.2,10979,OK,OK,OK
2026-08-14T15:24:27.316623Z,2968,247.0,10979,OK,OK,OK
2026-08-14T15:24:32.832310Z,2973,246.9,10979,OK,OK,OK
2026-08-14T15:24:38.340255Z,2998,246.8,10979,OK,OK,OK
2026-08-14T15:24:43.854469Z,2964,246.4,10979,OK,OK,OK
2026-08-14T15:24:49.361905Z,2964,247.1,10979,OK,OK,OK
2026-08-14T15:24:54.882022Z,2974,247.0,10979,OK,OK,OK
2026-08-14T15:25:00.406421Z,2958,246.8,10979,OK,OK,OK
2026-08-14T15:25:05.910645Z,2967,246.6,10979,OK,OK,OK
2026-08-14T15:25:11.452265Z,2962,246.9,10979,OK,OK,OK
2026-08-14T15:25:16.986683Z,2977,246.8,10979,OK,OK,OK
2026-08-14T15:25:22.484974Z,2959,246.5,10979,OK,OK,OK
2026-08-14T15:25:27.945291Z,2951,245.8,10979,OK,OK,OK
2026-08-14T15:25:33.446475Z,2899,246.1,10979,OK,OK,OK
2026-08-14T15:25:38.943199Z,2923,246.2,10979,OK,OK,OK
2026-08-14T15:25:44.430663Z,2915,246.5,10979,OK,OK,OK
2026-08-14T15:25:49.892120Z,2916,246.5,10979,OK,OK,OK
2026-08-14T15:25:55.394018Z,4345,246.1,10979,OK,OK,OK
2026-08-14T15:26:00.870187Z,4353,246.4,10979,OK,OK,OK
2026-08-14T15:26:06.393589Z,4340,246.0,10979,OK,OK,OK
2026-08-14T15:26:11.883601Z,4334,246.1,10979,OK,OK,OK
2026-08-14T15:26:17.417681Z,4333,245.0,10979,OK,OK,OK
2026-08-14T15:26:22.912281Z,4324,245.6,10979,OK,OK,OK
2026-08-14T15:26:28.430546Z,4338,245.7,10979,OK,OK,OK
2026-08-14T15:26:33.908006Z,4347,245.8,10979,OK,OK,OK
2026-08-14T15:26:39.417109Z,4338,245.8,10979,OK,OK,OK
2026-08-14T15:26:44.910825Z,4335,245.8,10979,OK,OK,OK
2026-08-14T15:26:50.428121Z,4318,245.9,10979,OK,OK,OK
2026-08-14T15:26:55.915993Z,4330,246.0,10979,OK,OK,OK
2026-08-14T15:27:01.414192Z,4380,246.0,10979,OK,OK,OK
2026-08-14T15:27:06.913216Z,4334,246.0,10979,OK,OK,OK
2026-08-14T15:27:12.424393Z,4348,246.1,10979,OK,OK,OK
2026-08-14T15:27:17.909638Z,4340,246.1,10979,OK,OK,OK
2026-08-14T15:27:23.415321Z,4320,246.2,10979,OK,OK,OK
2026-08-14T15:27:28.909630Z,2930,246.7,10979,OK,OK,OK
2026-08-14T15:27:34.429911Z,2924,246.4,10979,OK,OK,OK
2026-08-14T15:27:39.936470Z,2922,246.6,10979,OK,OK,OK
2026-08-14T15:27:45.457652Z,2921,246.6,10979,OK,OK,OK
2026-08-14T15:27:50.931500Z,2918,246.3,10979,OK,OK,OK
2026-08-14T15:27:56.439642Z,2928,246.5,10979,OK,OK,OK
2026-08-14T15:28:01.961981Z,2919,246.2,10979,OK,OK,OK
2026-08-14T15:28:07.465825Z,4344,245.5,10979,OK,OK,OK
2026-08-14T15:28:12.959343Z,2905,245.9,10979,OK,OK,OK
2026-08-14T15:28:18.512898Z,2918,245.8,10979,OK,OK,OK
2026-08-14T15:28:24.024676Z,2904,245.8,10979,OK,OK,OK
2026-08-14T15:28:29.513182Z,4334,245.2,10979,OK,OK,OK
2026-08-14T15:28:35.070364Z,4375,245.2,10979,OK,OK,OK
2026-08-14T15:28:40.546418Z,4317,245.2,10979,OK,OK,OK
2026-08-14T15:28:46.073930Z,4314,245.2,10979,OK,OK,OK
2026-08-14T15:28:51.556326Z,3120,245.5,10979,OK,OK,OK
2026-08-14T15:28:57.083151Z,2875,245.6,10979,OK,OK,OK
2026-08-14T15:29:02.545373Z,2892,245.1,10979,OK,OK,OK
2026-08-14T15:29:08.063454Z,2875,245.1,10979,OK,OK,OK
2026-08-14T15:29:13.502337Z,2877,245.1,10979,OK,OK,OK
2026-08-14T15:29:19.025961Z,2876,245.2,10979,OK,OK,OK
2026-08-14T15:29:24.482087Z,2887,245.3,10979,OK,OK,OK
2026-08-14T15:29:30.002837Z,2880,245.2,10979,OK,OK,OK
2026-08-14T15:29:35.479239Z,2873,245.3,10979,OK,OK,OK
2026-08-14T15:29:40.976348Z,2877,245.4,10979,OK,OK,OK
2026-08-14T15:29:46.461068Z,2865,245.3,10979,OK,OK,OK
2026-08-14T15:29:51.965159Z,2887,245.5,10979,OK,OK,OK
2026-08-14T15:29:57.495922Z,2889,245.6,10979,OK,OK,OK
2026-08-14T15:30:03.024720Z,2892,245.6,10979,OK,OK,OK
2026-08-14T15:30:08.501914Z,2941,245.5,10979,OK,OK,OK
2026-08-14T15:30:13.986604Z,2892,245.6,10979,OK,OK,OK
2026-08-14T15:30:19.498873Z,2891,245.5,10979,OK,OK,OK
2026-08-14T15:30:25.035646Z,2888,245.3,10979,OK,OK,OK
2026-08-14T15:30:30.536897Z,2885,245.3,10979,OK,OK,OK
2026-08-14T15:30:36.014274Z,2890,245.4,10979,OK,OK,OK
2026-08-14T15:30:41.511760Z,2890,245.2,10979,OK,OK,OK
2026-08-14T15:30:47.028591Z,2885,244.8,10979,OK,OK,OK
2026-08-14T15:30:52.536148Z,2960,244.8,10979,OK,OK,OK
2026-08-14T15:30:58.000206Z,2963,245.0,10979,OK,OK,OK
2026-08-14T15:31:03.513419Z,2994,244.9,10979,OK,OK,OK
2026-08-14T15:31:09.007286Z,3026,244.9,10979,OK,OK,OK
2026-08-14T15:31:14.500163Z,3159,245.4,10979,OK,OK,OK
2026-08-14T15:31:19.945644Z,3174,245.4,10979,OK,OK,OK
2026-08-14T15:31:25.488030Z,3192,245.4,10979,OK,OK,OK
2026-08-14T15:31:30.957243Z,3164,245.4,10979,OK,OK,OK
2026-08-14T15:31:36.463910Z,3181,246.0,10979,OK,OK,OK
2026-08-14T15:31:41.953546Z,3188,246.0,10979,OK,OK,OK
2026-08-14T15:31:47.478616Z,3221,245.8,10979,OK,OK,OK
2026-08-14T15:31:52.983281Z,3240,245.7,10979,OK,OK,OK
2026-08-14T15:31:58.485924Z,3345,245.7,10979,OK,OK,OK
2026-08-14T15:32:03.990884Z,3243,245.7,10979,OK,OK,OK
2026-08-14T15:32:09.497363Z,3240,245.5,10979,OK,OK,OK
2026-08-14T15:32:14.992307Z,3356,245.5,10979,OK,OK,OK
2026-08-14T15:32:20.477317Z,3418,245.5,10979,OK,OK,OK
2026-08-14T15:32:26.005654Z,3346,245.6,10979,OK,OK,OK
2026-08-14T15:32:31.494809Z,3243,245.5,10979,OK,OK,OK
2026-08-14T15:32:37.006758Z,3160,245.4,10979,OK,OK,OK
2026-08-14T15:32:42.524301Z,3189,245.5,10979,OK,OK,OK
2026-08-14T15:32:48.070435Z,3190,245.3,8959,OK,OK,OK
2026-08-14T15:32:53.574892Z,3194,245.4,8959,OK,OK,OK
2026-08-14T15:32:59.103188Z,3193,245.5,8959,OK,OK,OK
2026-08-14T15:33:04.640775Z,3189,245.7,8959,OK,OK,OK
2026-08-14T15:33:10.161574Z,3165,245.7,8959,OK,OK,OK
2026-08-14T15:33:15.653248Z,3187,245.4,8959,OK,OK,OK
2026-08-14T15:33:21.132619Z,3162,245.4,8959,OK,OK,OK
2026-08-14T15:33:26.666240Z,3223,245.5,8959,OK,OK,OK
2026-08-14T15:33:32.180807Z,3184,245.4,8959,OK,OK,OK
2026-08-14T15:33:37.691613Z,3174,245.2,8959,OK,OK,OK
2026-08-14T15:33:43.198863Z,3461,245.2,8959,OK,OK,OK
2026-08-14T15:33:48.668913Z,3138,245.2,8959,OK,OK,OK
2026-08-14T15:33:54.178792Z,3204,245.2,8959,OK,OK,OK
2026-08-14T15:33:59.670288Z,3383,245.0,8959,OK,OK,OK
2026-08-14T15:34:05.194730Z,3191,245.2,8959,OK,OK,OK
2026-08-14T15:34:10.705700Z,3188,245.2,8959,OK,OK,OK
2026-08-14T15:34:16.186647Z,3183,245.3,8959,OK,OK,OK
2026-08-14T15:34:21.664428Z,3167,245.4,8959,OK,OK,OK
2026-08-14T15:34:27.180412Z,3175,245.8,8959,OK,OK,OK
2026-08-14T15:34:32.637624Z,3179,245.8,8959,OK,OK,OK
2026-08-14T15:34:38.107917Z,1893,246.6,8959,OK,OK,OK
2026-08-14T15:34:43.601847Z,1875,246.4,8959,OK,OK,OK
2026-08-14T15:34:49.106925Z,1890,246.4,8959,OK,OK,OK
2026-08-14T15:34:54.630446Z,2042,246.2,8959,OK,OK,OK
2026-08-14T15:35:00.124366Z,1929,246.1,8959,OK,OK,OK
2026-08-14T15:35:05.658228Z,1943,245.9,8959,OK,OK,OK
2026-08-14T15:35:11.160122Z,1871,245.6,8959,OK,OK,OK
2026-08-14T15:35:16.657542Z,1889,246.0,8959,OK,OK,OK
2026-08-14T15:35:22.142503Z,1886,246.3,8959,OK,OK,OK
2026-08-14T15:35:27.678634Z,1902,246.2,8959,OK,OK,OK
2026-08-14T15:35:33.206577Z,1909,246.2,8959,OK,OK,OK
2026-08-14T15:35:38.707304Z,1950,246.0,8959,OK,OK,OK
2026-08-14T15:35:44.246190Z,1926,245.7,8959,OK,OK,OK
2026-08-14T15:35:49.766899Z,1939,245.7,8959,OK,OK,OK
2026-08-14T15:35:55.289630Z,1897,245.6,8959,OK,OK,OK
2026-08-14T15:36:00.768471Z,1908,245.7,8959,OK,OK,OK
2026-08-14T15:36:06.292256Z,1892,245.4,8959,OK,OK,OK
2026-08-14T15:36:11.824761Z,1891,245.5,8959,OK,OK,OK
2026-08-14T15:36:17.340405Z,1912,245.2,8959,OK,OK,OK
2026-08-14T15:36:22.833894Z,1878,245.0,8959,OK,OK,OK
2026-08-14T15:36:28.365114Z,1937,244.9,8959,OK,OK,OK
2026-08-14T15:36:33.889265Z,1896,244.9,8959,OK,OK,OK
2026-08-14T15:36:39.407362Z,1891,245.1,8959,OK,OK,OK
2026-08-14T15:36:44.898948Z,1948,245.3,8959,OK,OK,OK
2026-08-14T15:36:50.401887Z,1952,245.4,8959,OK,OK,OK
2026-08-14T15:36:55.922638Z,2072,245.5,8959,OK,OK,OK
2026-08-14T15:37:01.411916Z,1980,245.6,8959,OK,OK,OK
2026-08-14T15:37:06.930363Z,1958,245.8,8959,OK,OK,OK
2026-08-14T15:37:12.423599Z,1966,245.8,8959,OK,OK,OK
2026-08-14T15:37:17.938117Z,1967,245.6,8959,OK,OK,OK
2026-08-14T15:37:23.460293Z,1937,245.4,8959,OK,OK,OK
2026-08-14T15:37:29.003931Z,1938,245.5,8959,OK,OK,OK
2026-08-14T15:37:34.508694Z,1958,245.4,8959,OK,OK,OK
2026-08-14T15:37:40.032726Z,1940,245.5,8959,OK,OK,OK
2026-08-14T15:37:45.525838Z,1916,245.5,8959,OK,OK,OK
2026-08-14T15:37:51.019027Z,1970,245.3,8959,OK,OK,OK
2026-08-14T15:37:56.534452Z,1966,245.5,8959,OK,OK,OK
2026-08-14T15:38:02.017940Z,3557,244.9,8959,OK,OK,OK
2026-08-14T15:38:07.504615Z,3626,245.1,8959,OK,OK,OK
2026-08-14T15:38:13.017681Z,3618,244.9,8959,OK,OK,OK
2026-08-14T15:38:18.550290Z,3705,245.1,8959,OK,OK,OK
2026-08-14T15:38:24.027476Z,3790,245.6,8959,OK,OK,OK
2026-08-14T15:38:29.515413Z,3661,246.0,8959,OK,OK,OK
2026-08-14T15:38:35.030569Z,3742,246.5,8959,OK,OK,OK
2026-08-14T15:38:40.496627Z,3729,247.0,8959,OK,OK,OK
2026-08-14T15:38:46.013077Z,3757,247.0,8959,OK,OK,OK
2026-08-14T15:38:51.485611Z,3760,247.2,8959,OK,OK,OK
2026-08-14T15:38:57.009336Z,3749,247.0,8959,OK,OK,OK
2026-08-14T15:39:02.480596Z,3730,247.0,8959,OK,OK,OK
2026-08-14T15:39:07.992201Z,3758,247.1,8959,OK,OK,OK
2026-08-14T15:39:13.494314Z,3777,247.1,8959,OK,OK,OK
2026-08-14T15:39:19.001572Z,3765,248.0,8959,OK,OK,OK
2026-08-14T15:39:24.521652Z,3775,247.9,8959,OK,OK,OK
2026-08-14T15:39:30.055549Z,3824,248.0,8959,OK,OK,OK
2026-08-14T15:39:38.539160Z,3757,247.9,8959,OK,OK,OK
2026-08-14T15:39:44.056136Z,3768,247.9,8959,OK,OK,OK
2026-08-14T15:39:49.598689Z,3750,247.9,8959,OK,OK,OK
2026-08-14T15:39:55.116414Z,3766,248.0,8959,OK,OK,OK
2026-08-14T15:40:00.578492Z,3696,247.9,8959,OK,OK,OK
2026-08-14T15:40:06.136379Z,3763,248.1,8959,OK,OK,OK
2026-08-14T15:40:11.622968Z,3782,248.0,8959,OK,OK,OK
2026-08-14T15:40:17.118413Z,3782,248.0,8959,OK,OK,OK
2026-08-14T15:40:22.636448Z,3801,247.8,8959,OK,OK,OK
2026-08-14T15:40:28.134636Z,3712,247.5,8959,OK,OK,OK
2026-08-14T15:40:33.657219Z,3704,247.3,8959,OK,OK,OK
2026-08-14T15:40:39.170808Z,3769,247.4,8959,OK,OK,OK
2026-08-14T15:40:44.676323Z,3771,247.5,8959,OK,OK,OK
2026-08-14T15:40:50.218432Z,3768,246.9,8959,OK,OK,OK
2026-08-14T15:40:55.720652Z,3767,247.2,8959,OK,OK,OK
2026-08-14T15:41:01.242434Z,3764,247.1,8959,OK,OK,OK
2026-08-14T15:41:06.718154Z,3728,247.1,8959,OK,OK,OK
2026-08-14T15:41:12.236704Z,3704,247.1,8959,OK,OK,OK
2026-08-14T15:41:17.757654Z,3703,246.8,8959,OK,OK,OK
2026-08-14T15:41:23.197671Z,3701,246.7,8959,OK,OK,OK
2026-08-14T15:41:28.694379Z,3708,246.6,8959,OK,OK,OK
2026-08-14T15:41:34.219891Z,3783,246.5,8959,OK,OK,OK
2026-08-14T15:41:39.705685Z,3777,246.5,8959,OK,OK,OK
2026-08-14T15:41:45.218315Z,3753,246.5,8959,OK,OK,OK
2026-08-14T15:41:50.719656Z,3792,246.8,8959,OK,OK,OK
2026-08-14T15:41:56.259979Z,3753,247.1,8959,OK,OK,OK
2026-08-14T15:42:01.748422Z,3752,247.1,8959,OK,OK,OK
2026-08-14T15:42:07.271151Z,3757,247.3,8959,OK,OK,OK
2026-08-14T15:42:12.759607Z,3761,247.5,8959,OK,OK,OK
2026-08-14T15:42:18.257751Z,3755,247.8,8959,OK,OK,OK
2026-08-14T15:42:23.760911Z,3752,247.5,8959,OK,OK,OK
2026-08-14T15:42:29.274970Z,3780,247.1,8959,OK,OK,OK
2026-08-14T15:42:34.766414Z,3770,246.7,8959,OK,OK,OK
2026-08-14T15:42:40.266757Z,3773,246.2,8959,OK,OK,OK
2026-08-14T15:42:45.749057Z,3762,246.1,8959,OK,OK,OK
2026-08-14T15:42:51.251299Z,3762,246.1,8959,OK,OK,OK
2026-08-14T15:42:56.770182Z,3762,246.1,8959,OK,OK,OK
2026-08-14T15:43:02.220042Z,3761,246.5,8959,OK,OK,OK
2026-08-14T15:43:07.730730Z,3763,246.5,8959,OK,OK,OK
2026-08-14T15:43:13.207981Z,3774,246.5,8959,OK,OK,OK
2026-08-14T15:43:18.728709Z,3741,246.8,8959,OK,OK,OK
2026-08-14T15:43:24.205039Z,3757,246.8,8959,OK,OK,OK
2026-08-14T15:43:29.754886Z,3749,246.5,8959,OK,OK,OK
2026-08-14T15:43:35.264385Z,3755,246.5,8959,OK,OK,OK
2026-08-14T15:43:40.787814Z,3750,246.5,8959,OK,OK,OK
2026-08-14T15:43:46.278122Z,3741,246.2,8959,OK,OK,OK
2026-08-14T15:43:51.775816Z,3741,246.3,8959,OK,OK,OK
2026-08-14T15:43:57.288806Z,3748,245.9,8959,OK,OK,OK
2026-08-14T15:44:02.789784Z,3753,245.9,8959,OK,OK,OK
2026-08-14T15:44:08.290545Z,3748,245.7,8959,OK,OK,OK
2026-08-14T15:44:13.824090Z,3756,245.5,8959,OK,OK,OK
2026-08-14T15:44:19.332364Z,3748,245.6,8959,OK,OK,OK
2026-08-14T15:44:25.389308Z,5181,244.9,8959,OK,OK,OK
2026-08-14T15:44:30.908679Z,4012,245.6,8959,OK,OK,OK
2026-08-14T15:44:36.436714Z,3750,245.5,8959,OK,OK,OK
2026-08-14T15:44:41.963362Z,3757,245.3,8959,OK,OK,OK
2026-08-14T15:44:47.479162Z,3740,245.5,8959,OK,OK,OK
2026-08-14T15:44:52.984760Z,3743,245.6,8959,OK,OK,OK
2026-08-14T15:44:58.487094Z,3797,245.5,8959,OK,OK,OK
2026-08-14T15:45:04.007950Z,3716,245.3,8959,OK,OK,OK
2026-08-14T15:45:09.455091Z,3720,245.0,8959,OK,OK,OK
2026-08-14T15:45:14.958908Z,3730,245.2,8959,OK,OK,OK
2026-08-14T15:45:20.437296Z,3730,245.0,8959,OK,OK,OK
2026-08-14T15:45:25.957903Z,3721,245.1,8959,OK,OK,OK
2026-08-14T15:45:31.428930Z,3724,245.3,8959,OK,OK,OK
2026-08-14T15:45:36.925610Z,3728,245.7,8959,OK,OK,OK
2026-08-14T15:45:42.456331Z,3858,246.1,8959,OK,OK,OK
2026-08-14T15:45:47.927187Z,3735,246.1,8959,OK,OK,OK
2026-08-14T15:45:53.460081Z,3734,246.3,8959,OK,OK,OK
2026-08-14T15:45:58.949961Z,3729,246.4,8959,OK,OK,OK
2026-08-14T15:46:04.454264Z,3727,246.5,8959,OK,OK,OK
2026-08-14T15:46:09.938874Z,3712,246.6,8959,OK,OK,OK
2026-08-14T15:46:15.430474Z,3666,247.1,8959,OK,OK,OK
2026-08-14T15:46:20.970826Z,1945,248.3,8959,OK,OK,OK
2026-08-14T15:46:26.476392Z,2196,248.4,8959,OK,OK,OK
2026-08-14T15:46:31.966164Z,2158,248.5,8959,OK,OK,OK
2026-08-14T15:46:37.480046Z,2123,248.6,8959,OK,OK,OK
2026-08-14T15:46:43.000950Z,2258,248.5,8959,OK,OK,OK
2026-08-14T15:46:48.518853Z,2147,248.6,8959,OK,OK,OK
2026-08-14T15:46:54.010737Z,2192,248.6,8959,OK,OK,OK
2026-08-14T15:46:59.521168Z,2196,248.7,8959,OK,OK,OK
2026-08-14T15:47:05.007021Z,2168,248.4,8959,OK,OK,OK
2026-08-14T15:47:10.519478Z,2338,248.0,8959,OK,OK,OK
2026-08-14T15:47:16.066178Z,2090,248.1,8959,OK,OK,OK
2026-08-14T15:47:21.590569Z,2056,248.1,8959,OK,OK,OK
2026-08-14T15:47:27.110436Z,2083,247.9,8959,OK,OK,OK
2026-08-14T15:47:32.595087Z,2088,247.9,8959,OK,OK,OK
2026-08-14T15:47:38.122297Z,2123,248.0,8959,OK,OK,OK
2026-08-14T15:47:43.643641Z,2068,247.9,8959,OK,OK,OK
2026-08-14T15:47:49.119258Z,2241,247.7,8959,OK,OK,OK
2026-08-14T15:47:54.603228Z,2120,247.5,8959,OK,OK,OK
2026-08-14T15:48:00.084878Z,2091,247.5,8959,OK,OK,OK
2026-08-14T15:48:05.611382Z,2063,247.7,11523,OK,OK,OK
2026-08-14T15:48:11.079300Z,2240,247.6,11523,OK,OK,OK
2026-08-14T15:48:16.582062Z,2200,247.4,11523,OK,OK,OK
2026-08-14T15:48:22.061259Z,2067,247.4,11523,OK,OK,OK
2026-08-14T15:48:27.566589Z,2085,247.5,11523,OK,OK,OK
2026-08-14T15:48:33.072661Z,2082,247.6,11523,OK,OK,OK
2026-08-14T15:48:38.575897Z,2062,247.4,11523,OK,OK,OK
2026-08-14T15:48:44.068638Z,2066,246.9,11523,OK,OK,OK
2026-08-14T15:48:49.579115Z,2037,246.5,11523,OK,OK,OK
2026-08-14T15:48:55.106408Z,2080,246.0,11523,OK,OK,OK
2026-08-14T15:49:00.635277Z,2055,245.8,11523,OK,OK,OK
2026-08-14T15:49:06.147398Z,2123,245.5,11523,OK,OK,OK
2026-08-14T15:49:11.669906Z,2116,245.9,11523,OK,OK,OK
2026-08-14T15:49:17.153876Z,2266,246.6,11523,OK,OK,OK
2026-08-14T15:49:22.623326Z,2175,246.8,11523,OK,OK,OK
2026-08-14T15:49:28.137723Z,2095,246.4,11523,OK,OK,OK
2026-08-14T15:49:33.620824Z,2233,246.5,11523,OK,OK,OK
2026-08-14T15:49:39.171958Z,2142,247.4,11523,OK,OK,OK
2026-08-14T15:49:44.684563Z,2089,248.1,11523,OK,OK,OK
2026-08-14T15:49:50.194421Z,2247,247.9,11523,OK,OK,OK
2026-08-14T15:49:55.681042Z,2176,248.0,11523,OK,OK,OK
2026-08-14T15:50:01.171972Z,2145,248.2,11523,OK,OK,OK
2026-08-14T15:50:06.656951Z,2145,247.8,11523,OK,OK,OK
2026-08-14T15:50:12.191027Z,2205,247.4,11523,OK,OK,OK
2026-08-14T15:50:17.679601Z,2097,247.0,11523,OK,OK,OK
2026-08-14T15:50:23.219206Z,2181,246.5,11523,OK,OK,OK
2026-08-14T15:50:28.685491Z,2021,246.8,11523,OK,OK,OK
2026-08-14T15:50:34.204959Z,2102,246.9,11523,OK,OK,OK
2026-08-14T15:50:39.727912Z,2149,247.1,11523,OK,OK,OK
2026-08-14T15:50:45.244925Z,2188,246.7,11523,OK,OK,OK
2026-08-14T15:50:50.748212Z,2186,246.7,11523,OK,OK,OK
2026-08-14T15:50:56.258474Z,2168,246.0,11523,OK,OK,OK
2026-08-14T15:51:01.761041Z,2136,245.7,11523,OK,OK,OK
2026-08-14T15:51:07.289192Z,2140,245.8,11523,OK,OK,OK
2026-08-14T15:51:12.813574Z,2180,246.0,11523,OK,OK,OK
2026-08-14T15:51:18.292229Z,2152,247.0,11523,OK,OK,OK
2026-08-14T15:51:23.777291Z,2266,247.8,11523,OK,OK,OK
2026-08-14T15:51:29.299408Z,2210,248.1,11523,OK,OK,OK
2026-08-14T15:51:34.813372Z,2167,247.7,11523,OK,OK,OK
2026-08-14T15:51:40.320296Z,2170,248.2,11523,OK,OK,OK
2026-08-14T15:51:45.836525Z,2196,248.4,11523,OK,OK,OK
2026-08-14T15:51:51.367488Z,2186,248.3,11523,OK,OK,OK
2026-08-14T15:51:56.865491Z,2174,248.0,11523,OK,OK,OK
2026-08-14T15:52:02.395540Z,2190,247.3,11523,OK,OK,OK
2026-08-14T15:52:07.897017Z,2168,247.6,11523,OK,OK,OK
2026-08-14T15:52:13.425044Z,2148,246.9,11523,OK,OK,OK
2026-08-14T15:52:18.901722Z,2172,247.0,11523,OK,OK,OK
2026-08-14T15:52:24.383994Z,2151,246.6,11523,OK,OK,OK
2026-08-14T15:52:29.875561Z,2082,246.2,11523,OK,OK,OK
2026-08-14T15:52:35.365016Z,2052,246.3,11523,OK,OK,OK
2026-08-14T15:52:40.827403Z,2110,246.4,11523,OK,OK,OK
2026-08-14T15:52:46.360720Z,2173,246.4,11523,OK,OK,OK
2026-08-14T15:52:51.840459Z,2114,246.8,11523,OK,OK,OK
2026-08-14T15:52:57.345235Z,2198,247.1,11523,OK,OK,OK
2026-08-14T15:53:02.836577Z,2192,247.4,11523,OK,OK,OK
2026-08-14T15:53:08.338872Z,2205,247.3,11523,OK,OK,OK
2026-08-14T15:53:13.880946Z,2188,247.4,11523,OK,OK,OK
2026-08-14T15:53:19.403746Z,2158,247.5,11523,OK,OK,OK
2026-08-14T15:53:24.939883Z,2163,247.7,11523,OK,OK,OK
2026-08-14T15:53:30.469119Z,2179,247.7,11523,OK,OK,OK
2026-08-14T15:53:35.952652Z,2191,247.7,11523,OK,OK,OK
2026-08-14T15:53:41.421339Z,2172,247.4,11523,OK,OK,OK
2026-08-14T15:53:46.938040Z,2199,247.7,11523,OK,OK,OK
2026-08-14T15:53:52.459393Z,2158,247.4,11523,OK,OK,OK
2026-08-14T15:53:57.946062Z,3754,246.7,11523,OK,OK,OK
2026-08-14T15:54:03.471748Z,2316,247.2,11523,OK,OK,OK
2026-08-14T15:54:08.960650Z,2325,247.5,11523,OK,OK,OK
2026-08-14T15:54:14.442702Z,2354,247.7,11523,OK,OK,OK
2026-08-14T15:54:19.939282Z,2451,247.2,11523,OK,OK,OK
2026-08-14T15:54:25.423420Z,2318,247.6,11523,OK,OK,OK
2026-08-14T15:54:30.957061Z,2336,247.8,11523,OK,OK,OK
2026-08-14T15:54:36.450382Z,2325,247.9,11523,OK,OK,OK
2026-08-14T15:54:41.966737Z,2406,247.9,11523,OK,OK,OK
2026-08-14T15:54:47.469401Z,2260,247.9,11523,OK,OK,OK
2026-08-14T15:54:52.968923Z,2404,247.8,11523,OK,OK,OK
2026-08-14T15:54:58.472973Z,2333,247.8,11523,OK,OK,OK
2026-08-14T15:55:03.994390Z,2339,247.6,11523,OK,OK,OK
2026-08-14T15:55:09.512250Z,2335,247.0,11523,OK,OK,OK
2026-08-14T15:55:15.023837Z,2216,247.4,11523,OK,OK,OK
2026-08-14T15:55:20.497858Z,2183,247.5,11523,OK,OK,OK
2026-08-14T15:55:25.980908Z,2189,247.7,11523,OK,OK,OK
2026-08-14T15:55:31.445179Z,2180,247.4,11523,OK,OK,OK
2026-08-14T15:55:36.957810Z,2198,247.0,11523,OK,OK,OK
2026-08-14T15:55:42.440628Z,2217,247.1,11523,OK,OK,OK
2026-08-14T15:55:47.973685Z,2394,246.8,11523,OK,OK,OK
2026-08-14T15:55:53.454129Z,2088,246.7,11523,OK,OK,OK
2026-08-14T15:55:58.963610Z,2063,246.5,11523,OK,OK,OK
2026-08-14T15:56:04.435801Z,2090,246.3,11523,OK,OK,OK
2026-08-14T15:56:09.928672Z,2083,245.7,11523,OK,OK,OK
2026-08-14T15:56:15.489478Z,2113,246.0,11523,OK,OK,OK
2026-08-14T15:56:21.020371Z,2061,246.5,11523,OK,OK,OK
2026-08-14T15:56:26.532065Z,2069,247.0,11523,OK,OK,OK
2026-08-14T15:56:32.041136Z,2113,247.2,11523,OK,OK,OK
2026-08-14T15:56:37.558308Z,2140,247.2,11523,OK,OK,OK
2026-08-14T15:56:43.063969Z,2059,247.5,11523,OK,OK,OK
2026-08-14T15:56:48.571130Z,2184,248.0,11523,OK,OK,OK
2026-08-14T15:56:54.102319Z,2194,248.2,11523,OK,OK,OK
2026-08-14T15:56:59.619846Z,2148,248.1,11523,OK,OK,OK
2026-08-14T15:57:05.124997Z,2179,248.0,11523,OK,OK,OK
2026-08-14T15:57:10.646652Z,2318,248.0,11523,OK,OK,OK
2026-08-14T15:57:16.169735Z,2237,248.1,11523,OK,OK,OK
2026-08-14T15:57:21.685001Z,2329,248.0,11523,OK,OK,OK
2026-08-14T15:57:27.198711Z,2396,248.2,11523,OK,OK,OK
2026-08-14T15:57:32.675561Z,2361,248.2,11523,OK,OK,OK
2026-08-14T15:57:38.185181Z,2310,248.1,11523,OK,OK,OK
2026-08-14T15:57:43.713948Z,2373,247.8,11523,OK,OK,OK
2026-08-14T15:57:49.217199Z,2462,247.7,11523,OK,OK,OK
2026-08-14T15:57:54.742991Z,2384,247.3,11523,OK,OK,OK
2026-08-14T15:58:00.249959Z,2262,247.3,11523,OK,OK,OK
2026-08-14T15:58:05.744839Z,2139,247.4,11523,OK,OK,OK
2026-08-14T15:58:11.254462Z,2320,247.6,11523,OK,OK,OK
2026-08-14T15:58:16.781105Z,2346,247.6,11523,OK,OK,OK
2026-08-14T15:58:22.295656Z,2193,247.8,11523,OK,OK,OK
2026-08-14T15:58:27.825604Z,2203,247.9,11523,OK,OK,OK
2026-08-14T15:58:33.360104Z,2200,247.7,11523,OK,OK,OK
2026-08-14T15:58:38.884003Z,2241,247.8,11523,OK,OK,OK
2026-08-14T15:58:44.414736Z,2203,247.8,11523,OK,OK,OK
2026-08-14T15:58:49.926626Z,2205,248.0,11523,OK,OK,OK
2026-08-14T15:58:55.403347Z,2231,248.0,11523,OK,OK,OK
2026-08-14T15:59:00.901820Z,2199,248.1,11523,OK,OK,OK
2026-08-14T15:59:06.420470Z,2241,247.8,11523,OK,OK,OK
2026-08-14T15:59:11.923880Z,2285,247.8,11523,OK,OK,OK
2026-08-14T15:59:17.429158Z,2223,247.9,11523,OK,OK,OK
2026-08-14T15:59:22.962338Z,2299,247.8,11523,OK,OK,OK
2026-08-14T15:59:28.407893Z,2292,247.8,11523,OK,OK,OK
2026-08-14T15:59:33.893176Z,2162,247.7,11523,OK,OK,OK
2026-08-14T15:59:39.371672Z,2218,247.8,11523,OK,OK,OK
2026-08-14T15:59:44.909678Z,2212,247.9,11523,OK,OK,OK
2026-08-14T15:59:50.367936Z,2210,248.1,11523,OK,OK,OK
2026-08-14T15:59:55.896488Z,2266,248.0,11523,OK,OK,OK
2026-08-14T16:00:01.364283Z,2190,248.0,11523,OK,OK,OK
2026-08-14T16:00:06.847085Z,2187,248.1,11523,OK,OK,OK
2026-08-14T16:00:12.348171Z,2230,248.2,11523,OK,OK,OK
2026-08-14T16:00:17.882327Z,2180,248.2,11523,OK,OK,OK
2026-08-14T16:00:23.330270Z,2186,248.0,11523,OK,OK,OK
2026-08-14T16:00:28.832873Z,2206,248.0,11523,OK,OK,OK
2026-08-14T16:00:34.366560Z,2162,248.0,11523,OK,OK,OK
2026-08-14T16:00:39.866116Z,3944,247.2,11523,OK,OK,OK
2026-08-14T16:00:45.363958Z,3897,247.1,11523,OK,OK,OK
2026-08-14T16:00:50.854969Z,3856,247.1,11523,OK,OK,OK
2026-08-14T16:00:56.377561Z,3837,247.1,11523,OK,OK,OK
2026-08-14T16:01:01.918539Z,3858,246.7,11523,OK,OK,OK
2026-08-14T16:01:07.457960Z,3864,246.7,11523,OK,OK,OK
2026-08-14T16:01:12.965466Z,3928,246.8,11523,OK,OK,OK
2026-08-14T16:01:18.453149Z,4074,246.6,11523,OK,OK,OK
2026-08-14T16:01:23.946732Z,3954,246.7,11523,OK,OK,OK
2026-08-14T16:01:29.469694Z,3896,246.7,11523,OK,OK,OK
2026-08-14T16:01:34.985729Z,3888,246.7,11523,OK,OK,OK
2026-08-14T16:01:40.533594Z,3891,246.9,11523,OK,OK,OK
2026-08-14T16:01:46.050977Z,3900,246.7,11523,OK,OK,OK
2026-08-14T16:01:51.574584Z,3885,246.9,11523,OK,OK,OK
2026-08-14T16:01:57.076491Z,3996,246.7,11523,OK,OK,OK
2026-08-14T16:02:02.610970Z,3889,246.7,11523,OK,OK,OK
2026-08-14T16:02:08.113647Z,3885,246.8,11523,OK,OK,OK
2026-08-14T16:02:13.624881Z,3902,246.8,11523,OK,OK,OK
2026-08-14T16:02:19.126805Z,3938,246.6,11523,OK,OK,OK
2026-08-14T16:02:24.623393Z,3886,246.7,11523,OK,OK,OK
2026-08-14T16:02:30.162123Z,3872,246.9,11523,OK,OK,OK
2026-08-14T16:02:35.703928Z,3946,246.6,11523,OK,OK,OK
2026-08-14T16:02:41.193534Z,3804,246.7,11523,OK,OK,OK
2026-08-14T16:02:46.717511Z,3687,246.7,11523,OK,OK,OK
2026-08-14T16:02:52.221589Z,4948,246.2,11523,OK,OK,OK
2026-08-14T16:02:57.676892Z,4922,246.3,11523,OK,OK,OK
2026-08-14T16:03:03.143690Z,4938,246.4,11523,OK,OK,OK
2026-08-14T16:03:08.622965Z,4898,246.3,11523,OK,OK,OK
2026-08-14T16:03:14.088556Z,4962,246.0,11523,OK,OK,OK
2026-08-14T16:03:19.600077Z,4836,246.1,11523,OK,OK,OK
2026-08-14T16:03:25.085744Z,5093,246.2,11914,OK,OK,OK
2026-08-14T16:03:30.603960Z,5156,245.9,11914,OK,OK,OK
2026-08-14T16:03:36.097077Z,5145,245.7,11914,OK,OK,OK
2026-08-14T16:03:41.603946Z,5153,245.7,11914,OK,OK,OK
2026-08-14T16:03:47.082222Z,5195,245.7,11914,OK,OK,OK
2026-08-14T16:03:52.575051Z,5090,245.8,11914,OK,OK,OK
2026-08-14T16:03:58.081594Z,5108,245.7,11914,OK,OK,OK
2026-08-14T16:04:03.609815Z,5107,245.3,11914,OK,OK,OK
2026-08-14T16:04:09.198736Z,5260,245.4,11914,OK,OK,OK
2026-08-14T16:04:14.709103Z,5111,245.9,11914,OK,OK,OK
2026-08-14T16:04:20.227471Z,5099,246.2,11914,OK,OK,OK
2026-08-14T16:04:25.742419Z,5062,246.1,11914,OK,OK,OK
2026-08-14T16:04:31.240673Z,5130,246.1,11914,OK,OK,OK
2026-08-14T16:04:36.744979Z,5104,246.1,11914,OK,OK,OK
2026-08-14T16:04:42.252368Z,5069,245.8,11914,OK,OK,OK
2026-08-14T16:04:47.758902Z,5229,245.9,11914,OK,OK,OK
2026-08-14T16:04:53.302020Z,5107,245.7,11914,OK,OK,OK
2026-08-14T16:04:58.822307Z,5072,245.7,11914,OK,OK,OK
2026-08-14T16:05:04.309242Z,5080,245.7,11914,OK,OK,OK
2026-08-14T16:05:09.836046Z,5148,245.7,11914,OK,OK,OK
2026-08-14T16:05:15.354384Z,5221,245.7,11914,OK,OK,OK
2026-08-14T16:05:20.864179Z,5242,245.7,11914,OK,OK,OK
2026-08-14T16:05:26.402111Z,5265,245.2,11914,OK,OK,OK
2026-08-14T16:05:31.935688Z,5272,245.2,11914,OK,OK,OK
2026-08-14T16:05:37.446673Z,5590,244.8,11914,OK,OK,OK
2026-08-14T16:05:42.958969Z,5631,244.9,11914,OK,OK,OK
2026-08-14T16:05:48.456599Z,5590,244.7,11914,OK,OK,OK
2026-08-14T16:05:53.976989Z,5534,245.4,11914,OK,OK,OK
2026-08-14T16:05:59.465580Z,5523,245.4,11914,OK,OK,OK
2026-08-14T16:06:04.982513Z,6943,244.5,11914,OK,OK,OK
2026-08-14T16:06:10.519378Z,5725,245.2,11914,OK,OK,OK
2026-08-14T16:06:16.035117Z,5487,245.4,11914,OK,OK,OK
2026-08-14T16:06:21.522619Z,5473,245.0,11914,OK,OK,OK
2026-08-14T16:06:27.058224Z,5647,245.2,11914,OK,OK,OK
2026-08-14T16:06:32.580073Z,5456,245.4,11914,OK,OK,OK
2026-08-14T16:06:38.104197Z,5479,245.3,11914,OK,OK,OK
2026-08-14T16:06:43.624080Z,5506,245.5,11914,OK,OK,OK
2026-08-14T16:06:49.146432Z,5529,245.3,11914,OK,OK,OK
2026-08-14T16:06:54.626562Z,5489,245.2,11914,OK,OK,OK
2026-08-14T16:07:00.164186Z,5484,245.6,11914,OK,OK,OK
2026-08-14T16:07:05.682678Z,5556,245.7,11914,OK,OK,OK
2026-08-14T16:07:11.218959Z,5575,245.5,11914,OK,OK,OK
2026-08-14T16:07:16.716379Z,5493,245.6,11914,OK,OK,OK
2026-08-14T16:07:22.221145Z,5469,245.4,11914,OK,OK,OK
2026-08-14T16:07:27.729805Z,5540,245.6,11914,OK,OK,OK
2026-08-14T16:07:33.267080Z,5490,245.8,11914,OK,OK,OK
2026-08-14T16:07:38.755586Z,5497,245.6,11914,OK,OK,OK
2026-08-14T16:07:44.279233Z,5494,245.6,11914,OK,OK,OK
2026-08-14T16:07:49.820240Z,5490,246.0,11914,OK,OK,OK
2026-08-14T16:07:55.351164Z,5563,246.2,11914,OK,OK,OK
2026-08-14T16:08:00.882623Z,5536,246.6,11914,OK,OK,OK
2026-08-14T16:08:06.386653Z,5489,246.4,11914,OK,OK,OK
2026-08-14T16:08:11.898399Z,5413,246.8,11914,OK,OK,OK
2026-08-14T16:08:17.404087Z,5414,245.6,11914,OK,OK,OK
2026-08-14T16:08:22.956823Z,5396,245.6,11914,OK,OK,OK
2026-08-14T16:08:28.453172Z,5392,245.6,11914,OK,OK,OK
2026-08-14T16:08:33.963635Z,5234,245.5,11914,OK,OK,OK
2026-08-14T16:08:39.494432Z,5241,245.4,11914,OK,OK,OK
2026-08-14T16:08:45.014795Z,5284,245.0,11914,OK,OK,OK
2026-08-14T16:08:50.472265Z,5344,245.0,11914,OK,OK,OK
2026-08-14T16:08:55.993155Z,5143,245.0,11914,OK,OK,OK
2026-08-14T16:09:01.521460Z,5181,244.7,11914,OK,OK,OK
2026-08-14T16:09:07.047212Z,5150,244.9,11914,OK,OK,OK
2026-08-14T16:09:12.547344Z,5149,245.2,11914,OK,OK,OK
2026-08-14T16:09:18.025304Z,5190,245.3,11914,OK,OK,OK
2026-08-14T16:09:23.535853Z,5191,245.4,11914,OK,OK,OK
2026-08-14T16:09:29.060815Z,5181,245.6,11914,OK,OK,OK
2026-08-14T16:09:34.539651Z,5252,245.4,11914,OK,OK,OK
2026-08-14T16:09:40.074878Z,5118,245.1,11914,OK,OK,OK
2026-08-14T16:09:45.557921Z,5159,245.3,11914,OK,OK,OK
2026-08-14T16:09:51.070294Z,5185,245.0,11914,OK,OK,OK
2026-08-14T16:09:56.554007Z,5139,244.7,11914,OK,OK,OK
2026-08-14T16:10:02.071932Z,5176,244.4,11914,OK,OK,OK
2026-08-14T16:10:07.509797Z,5174,244.7,11914,OK,OK,OK
2026-08-14T16:10:13.042598Z,5099,244.4,11914,OK,OK,OK
2026-08-14T16:10:18.538770Z,5071,244.4,11914,OK,OK,OK
2026-08-14T16:10:24.041860Z,5148,244.0,11914,OK,OK,OK
2026-08-14T16:10:29.518949Z,5262,243.6,11914,OK,OK,OK
2026-08-14T16:10:35.003616Z,5214,243.8,11914,OK,OK,OK
2026-08-14T16:10:40.516428Z,5198,243.6,11914,OK,OK,OK
2026-08-14T16:10:46.025742Z,5184,243.5,11914,OK,OK,OK
2026-08-14T16:10:51.496563Z,5236,243.6,11914,OK,OK,OK
2026-08-14T16:10:56.978366Z,5190,243.8,11914,OK,OK,OK
2026-08-14T16:11:02.476827Z,5174,243.8,11914,OK,OK,OK
2026-08-14T16:11:08.012727Z,5250,243.8,11914,OK,OK,OK
2026-08-14T16:11:13.507403Z,5226,243.3,11914,OK,OK,OK
2026-08-14T16:11:19.028720Z,5162,243.6,11914,OK,OK,OK
2026-08-14T16:11:25.094827Z,5229,244.1,11914,OK,OK,OK
2026-08-14T16:11:30.621921Z,5204,244.9,11914,OK,OK,OK
2026-08-14T16:11:36.113999Z,5214,245.3,11914,OK,OK,OK
2026-08-14T16:11:41.621475Z,5274,245.4,11914,OK,OK,OK
2026-08-14T16:11:47.129752Z,5260,245.7,11914,OK,OK,OK
2026-08-14T16:11:52.599029Z,5239,245.8,11914,OK,OK,OK
2026-08-14T16:11:58.131488Z,5317,245.6,11914,OK,OK,OK
2026-08-14T16:12:03.642555Z,5271,245.4,11914,OK,OK,OK
2026-08-14T16:12:09.153172Z,5237,245.3,11914,OK,OK,OK
2026-08-14T16:12:14.637839Z,5292,245.6,11914,OK,OK,OK
2026-08-14T16:12:20.152103Z,5247,244.9,11914,OK,OK,OK
2026-08-14T16:12:25.639963Z,5276,244.6,11914,OK,OK,OK
2026-08-14T16:12:31.188669Z,5218,244.4,11914,OK,OK,OK
2026-08-14T16:12:36.681248Z,5302,244.4,11914,OK,OK,OK
2026-08-14T16:12:42.182503Z,5331,244.4,11914,OK,OK,OK
2026-08-14T16:12:47.712783Z,5318,244.6,11914,OK,OK,OK
2026-08-14T16:12:53.214423Z,5278,244.9,11914,OK,OK,OK
2026-08-14T16:12:58.744701Z,5340,245.0,11914,OK,OK,OK
2026-08-14T16:13:04.280923Z,5304,245.0,11914,OK,OK,OK
2026-08-14T16:13:09.765756Z,5326,245.0,11914,OK,OK,OK
2026-08-14T16:13:15.250861Z,5448,244.9,11914,OK,OK,OK
2026-08-14T16:13:20.765633Z,5319,245.3,11914,OK,OK,OK
2026-08-14T16:13:26.272536Z,4105,245.7,11914,OK,OK,OK
2026-08-14T16:13:31.792035Z,4174,245.7,11914,OK,OK,OK
2026-08-14T16:13:37.299115Z,4170,245.5,11914,OK,OK,OK
2026-08-14T16:13:42.805082Z,4021,245.5,11914,OK,OK,OK
2026-08-14T16:13:48.286907Z,4058,245.5,11914,OK,OK,OK
2026-08-14T16:13:53.807821Z,3992,245.7,11914,OK,OK,OK
2026-08-14T16:13:59.233318Z,4154,245.9,11914,OK,OK,OK
2026-08-14T16:14:04.761503Z,4032,245.9,11914,OK,OK,OK
2026-08-14T16:14:10.278519Z,4047,246.1,11914,OK,OK,OK
2026-08-14T16:14:15.763982Z,4070,246.6,11914,OK,OK,OK
2026-08-14T16:14:21.275579Z,4030,246.8,11914,OK,OK,OK
2026-08-14T16:14:26.775297Z,4034,246.8,11914,OK,OK,OK
2026-08-14T16:14:32.279903Z,4065,246.6,11914,OK,OK,OK
2026-08-14T16:14:37.767742Z,4042,246.7,11914,OK,OK,OK
2026-08-14T16:14:43.234671Z,4159,246.6,11914,OK,OK,OK
2026-08-14T16:14:48.768606Z,4081,246.8,11914,OK,OK,OK
2026-08-14T16:14:54.276786Z,4036,246.9,11914,OK,OK,OK
2026-08-14T16:14:59.798941Z,4056,246.9,11914,OK,OK,OK
2026-08-14T16:15:05.275184Z,4120,246.8,11914,OK,OK,OK
2026-08-14T16:15:10.801539Z,4082,246.6,11914,OK,OK,OK
2026-08-14T16:15:16.319575Z,4073,246.8,11914,OK,OK,OK
2026-08-14T16:15:21.817916Z,4225,246.9,11914,OK,OK,OK
2026-08-14T16:15:27.347316Z,4072,246.7,11914,OK,OK,OK
2026-08-14T16:15:32.868772Z,4060,246.8,11914,OK,OK,OK
2026-08-14T16:15:38.369537Z,4123,246.8,11914,OK,OK,OK
2026-08-14T16:15:43.886117Z,4106,247.2,11914,OK,OK,OK
2026-08-14T16:15:49.412434Z,4101,247.2,11914,OK,OK,OK
2026-08-14T16:15:54.945340Z,4080,247.1,11914,OK,OK,OK
2026-08-14T16:16:00.398946Z,4068,246.9,11914,OK,OK,OK
2026-08-14T16:16:05.918037Z,4170,246.9,11914,OK,OK,OK
2026-08-14T16:16:11.412956Z,4086,246.8,11914,OK,OK,OK
2026-08-14T16:16:16.927122Z,4119,246.6,11914,OK,OK,OK
2026-08-14T16:16:22.464808Z,4170,246.6,11914,OK,OK,OK
2026-08-14T16:16:27.959370Z,4118,246.8,11914,OK,OK,OK
2026-08-14T16:16:33.457628Z,4083,246.8,11914,OK,OK,OK
2026-08-14T16:16:38.947328Z,4153,246.8,11914,OK,OK,OK
2026-08-14T16:16:44.434739Z,4232,247.1,11914,OK,OK,OK
2026-08-14T16:16:49.932705Z,4125,246.9,11914,OK,OK,OK
2026-08-14T16:16:55.456461Z,4091,246.8,11914,OK,OK,OK
2026-08-14T16:17:00.915441Z,4056,246.9,11914,OK,OK,OK
2026-08-14T16:17:06.409892Z,4091,247.2,11914,OK,OK,OK
2026-08-14T16:17:11.906263Z,4152,247.1,11914,OK,OK,OK
2026-08-14T16:17:17.443457Z,4088,247.2,11914,OK,OK,OK
2026-08-14T16:17:22.934250Z,4067,247.2,11914,OK,OK,OK
2026-08-14T16:17:28.468894Z,4192,247.1,11914,OK,OK,OK
2026-08-14T16:17:33.961317Z,4100,247.3,11914,OK,OK,OK
2026-08-14T16:17:39.470929Z,4123,247.2,11914,OK,OK,OK
2026-08-14T16:17:44.958337Z,4056,247.1,11914,OK,OK,OK
2026-08-14T16:17:50.442844Z,4067,247.2,11914,OK,OK,OK
2026-08-14T16:17:55.906658Z,4136,247.2,11914,OK,OK,OK
2026-08-14T16:18:01.427861Z,4051,247.2,11914,OK,OK,OK
2026-08-14T16:18:06.918481Z,4044,247.1,11914,OK,OK,OK
2026-08-14T16:18:12.437666Z,4134,247.2,11914,OK,OK,OK
2026-08-14T16:18:17.931161Z,4094,247.2,11914,OK,OK,OK
2026-08-14T16:18:23.455186Z,4099,247.2,11914,OK,OK,OK
2026-08-14T16:18:28.944058Z,4161,247.2,11914,OK,OK,OK
2026-08-14T16:18:34.469079Z,4058,247.2,11914,OK,OK,OK
2026-08-14T16:18:39.972309Z,2410,247.8,11914,OK,OK,OK
2026-08-14T16:18:45.438882Z,2410,247.9,11914,OK,OK,OK
2026-08-14T16:18:50.968877Z,2319,247.7,14063,OK,OK,OK
2026-08-14T16:18:56.450845Z,3521,247.3,14063,OK,OK,OK
2026-08-14T16:19:01.980617Z,3421,247.1,14063,OK,OK,OK
2026-08-14T16:19:07.485457Z,4862,246.4,14063,OK,OK,OK
2026-08-14T16:19:13.019657Z,3654,247.2,14063,OK,OK,OK
2026-08-14T16:19:18.525860Z,3442,247.2,14063,OK,OK,OK
2026-08-14T16:19:24.020588Z,2340,247.5,14063,OK,OK,OK
2026-08-14T16:19:29.538978Z,2209,247.5,14063,OK,OK,OK
2026-08-14T16:19:35.053658Z,2213,247.2,14063,OK,OK,OK
2026-08-14T16:19:40.546972Z,2200,246.9,14063,OK,OK,OK
2026-08-14T16:19:46.052889Z,2198,246.9,14063,OK,OK,OK
2026-08-14T16:19:51.563538Z,2198,247.0,14063,OK,OK,OK
2026-08-14T16:19:57.070156Z,2208,247.0,14063,OK,OK,OK
2026-08-14T16:20:02.580635Z,2193,246.9,14063,OK,OK,OK
2026-08-14T16:20:08.087135Z,2217,246.9,14063,OK,OK,OK
2026-08-14T16:20:13.599337Z,2206,246.9,14063,OK,OK,OK
2026-08-14T16:20:19.104355Z,3426,246.4,14063,OK,OK,OK
2026-08-14T16:20:24.615100Z,2218,246.5,14063,OK,OK,OK
2026-08-14T16:20:30.146270Z,3398,245.5,14063,OK,OK,OK
2026-08-14T16:20:35.643621Z,3400,246.5,14063,OK,OK,OK
2026-08-14T16:20:41.144007Z,3395,246.5,14063,OK,OK,OK
2026-08-14T16:20:46.625666Z,3781,246.3,14063,OK,OK,OK
2026-08-14T16:20:52.151204Z,3513,246.2,14063,OK,OK,OK
2026-08-14T16:20:57.633303Z,3493,246.2,14063,OK,OK,OK
2026-08-14T16:21:03.159000Z,3501,246.2,14063,OK,OK,OK
2026-08-14T16:21:08.702025Z,3460,246.5,14063,OK,OK,OK
2026-08-14T16:21:14.215255Z,3470,246.3,14063,OK,OK,OK
2026-08-14T16:21:19.733953Z,3474,246.3,14063,OK,OK,OK
2026-08-14T16:21:25.238404Z,3535,246.3,14063,OK,OK,OK
2026-08-14T16:21:30.702763Z,3414,246.3,14063,OK,OK,OK
2026-08-14T16:21:36.242795Z,3584,246.2,14063,OK,OK,OK
2026-08-14T16:21:41.728842Z,3590,245.7,14063,OK,OK,OK
2026-08-14T16:21:47.231303Z,3590,246.0,14063,OK,OK,OK
2026-08-14T16:21:52.722043Z,3620,246.0,14063,OK,OK,OK
2026-08-14T16:21:58.223649Z,3604,245.8,14063,OK,OK,OK
2026-08-14T16:22:03.707497Z,3610,245.8,14063,OK,OK,OK
2026-08-14T16:22:09.181030Z,3593,245.7,14063,OK,OK,OK
2026-08-14T16:22:14.704619Z,3623,245.8,14063,OK,OK,OK
2026-08-14T16:22:20.243550Z,3609,245.7,14063,OK,OK,OK
2026-08-14T16:22:25.732875Z,3591,245.4,14063,OK,OK,OK
2026-08-14T16:22:31.243522Z,3529,245.6,14063,OK,OK,OK
2026-08-14T16:22:36.778172Z,3576,245.5,14063,OK,OK,OK
2026-08-14T16:22:42.283734Z,3676,245.6,14063,OK,OK,OK
2026-08-14T16:22:47.756975Z,3666,245.6,14063,OK,OK,OK
2026-08-14T16:22:53.299317Z,3669,245.4,14063,OK,OK,OK
2026-08-14T16:22:58.818091Z,3713,245.7,14063,OK,OK,OK
2026-08-14T16:23:04.304878Z,3735,245.5,14063,OK,OK,OK
2026-08-14T16:23:09.769926Z,3658,245.4,14063,OK,OK,OK
2026-08-14T16:23:15.288637Z,3626,245.1,14063,OK,OK,OK
2026-08-14T16:23:20.789861Z,3656,244.9,14063,OK,OK,OK
2026-08-14T16:23:26.320855Z,3650,244.4,14063,OK,OK,OK
2026-08-14T16:23:31.776547Z,3640,244.5,14063,OK,OK,OK
2026-08-14T16:23:37.258997Z,3848,245.0,14063,OK,OK,OK
2026-08-14T16:23:42.722367Z,3696,245.0,14063,OK,OK,OK
2026-08-14T16:23:48.246197Z,4238,244.2,14063,OK,OK,OK
2026-08-14T16:23:53.720330Z,3717,245.0,14063,OK,OK,OK
2026-08-14T16:23:59.243820Z,3780,245.3,14063,OK,OK,OK
2026-08-14T16:24:04.747583Z,3800,245.2,14063,OK,OK,OK
2026-08-14T16:24:10.271736Z,3796,245.5,14063,OK,OK,OK
2026-08-14T16:24:15.790948Z,3866,246.1,14063,OK,OK,OK
2026-08-14T16:24:21.293949Z,2708,247.3,14063,OK,OK,OK
2026-08-14T16:24:26.803057Z,2643,247.3,14063,OK,OK,OK
2026-08-14T16:24:32.310597Z,2605,247.6,14063,OK,OK,OK
2026-08-14T16:24:37.880668Z,2687,247.7,14063,OK,OK,OK
2026-08-14T16:24:43.405519Z,2640,247.5,14063,OK,OK,OK
2026-08-14T16:24:48.893027Z,2651,247.7,14063,OK,OK,OK
2026-08-14T16:24:54.404375Z,2684,247.5,14063,OK,OK,OK
2026-08-14T16:24:59.928183Z,2735,247.1,14063,OK,OK,OK
2026-08-14T16:25:05.405874Z,2677,247.3,14063,OK,OK,OK
2026-08-14T16:25:10.918151Z,2659,246.8,14063,OK,OK,OK
2026-08-14T16:25:16.424790Z,2632,246.5,14063,OK,OK,OK
2026-08-14T16:25:21.944050Z,2560,246.4,14063,OK,OK,OK
2026-08-14T16:25:27.411658Z,2525,246.5,14063,OK,OK,OK
2026-08-14T16:25:32.896730Z,2656,246.9,14063,OK,OK,OK
2026-08-14T16:25:38.406580Z,2388,247.2,14063,OK,OK,OK
2026-08-14T16:25:43.907659Z,2386,247.1,14063,OK,OK,OK
2026-08-14T16:25:49.419186Z,2425,247.1,14063,OK,OK,OK
2026-08-14T16:25:54.944015Z,2405,247.5,14063,OK,OK,OK
2026-08-14T16:26:00.448524Z,4074,247.0,14063,OK,OK,OK
2026-08-14T16:26:05.973375Z,4036,247.1,14063,OK,OK,OK
2026-08-14T16:26:11.459995Z,4053,247.0,14063,OK,OK,OK
2026-08-14T16:26:16.972340Z,4118,247.1,14063,OK,OK,OK
2026-08-14T16:26:22.487515Z,4099,247.2,14063,OK,OK,OK
2026-08-14T16:26:28.025523Z,4047,247.1,14063,OK,OK,OK
2026-08-14T16:26:33.517391Z,4248,247.0,14063,OK,OK,OK
2026-08-14T16:26:39.023104Z,4082,247.0,14063,OK,OK,OK
2026-08-14T16:26:44.529746Z,4077,247.2,14063,OK,OK,OK
2026-08-14T16:26:50.013432Z,4094,247.4,14063,OK,OK,OK
2026-08-14T16:26:55.496380Z,4073,247.2,14063,OK,OK,OK
2026-08-14T16:27:01.033558Z,4154,247.4,14063,OK,OK,OK
2026-08-14T16:27:06.522304Z,4128,247.3,14063,OK,OK,OK
2026-08-14T16:27:12.017687Z,4086,247.2,14063,OK,OK,OK
2026-08-14T16:27:17.527289Z,4070,247.2,14063,OK,OK,OK
2026-08-14T16:27:23.028263Z,4028,247.3,14063,OK,OK,OK
2026-08-14T16:27:28.543983Z,4052,247.0,14063,OK,OK,OK
2026-08-14T16:27:34.102705Z,4070,246.7,14063,OK,OK,OK
2026-08-14T16:27:39.604356Z,4160,247.1,14063,OK,OK,OK
2026-08-14T16:27:45.072761Z,4130,247.0,14063,OK,OK,OK
2026-08-14T16:27:50.611943Z,4136,247.1,14063,OK,OK,OK
2026-08-14T16:27:56.131087Z,4023,246.9,14063,OK,OK,OK
2026-08-14T16:28:01.643689Z,4044,247.0,14063,OK,OK,OK
2026-08-14T16:28:07.149138Z,4073,247.1,14063,OK,OK,OK
2026-08-14T16:28:12.685073Z,4066,247.0,14063,OK,OK,OK
2026-08-14T16:28:18.203881Z,4052,247.1,14063,OK,OK,OK
2026-08-14T16:28:23.743600Z,4110,247.1,14063,OK,OK,OK
2026-08-14T16:28:29.268156Z,4098,247.1,14063,OK,OK,OK
2026-08-14T16:28:34.768848Z,4012,247.2,14063,OK,OK,OK
2026-08-14T16:28:40.248508Z,4046,247.1,14063,OK,OK,OK
2026-08-14T16:28:45.800418Z,3998,246.6,14063,OK,OK,OK
2026-08-14T16:28:51.333038Z,3969,246.2,14063,OK,OK,OK
2026-08-14T16:28:56.863108Z,4047,246.2,14063,OK,OK,OK
2026-08-14T16:29:02.392431Z,4208,246.6,14063,OK,OK,OK
2026-08-14T16:29:07.909337Z,4051,246.8,14063,OK,OK,OK
2026-08-14T16:29:13.431873Z,4042,246.8,14063,OK,OK,OK
2026-08-14T16:29:18.908283Z,4028,246.6,14063,OK,OK,OK
2026-08-14T16:29:24.400732Z,3909,246.4,14063,OK,OK,OK
2026-08-14T16:29:29.914000Z,4085,246.3,14063,OK,OK,OK
2026-08-14T16:29:35.429266Z,4029,246.2,14063,OK,OK,OK
2026-08-14T16:29:40.961239Z,4057,246.4,14063,OK,OK,OK
2026-08-14T16:29:46.447587Z,4044,246.6,14063,OK,OK,OK
2026-08-14T16:29:51.987515Z,4062,246.6,14063,OK,OK,OK
2026-08-14T16:29:57.497131Z,3988,246.7,14063,OK,OK,OK
2026-08-14T16:30:03.003537Z,4015,247.0,14063,OK,OK,OK
2026-08-14T16:30:08.518694Z,3920,246.9,14063,OK,OK,OK
2026-08-14T16:30:14.022938Z,3940,246.9,14063,OK,OK,OK
2026-08-14T16:30:19.567953Z,4032,246.9,14063,OK,OK,OK
2026-08-14T16:30:25.089730Z,3963,246.8,14063,OK,OK,OK
2026-08-14T16:30:30.595991Z,3965,247.0,14063,OK,OK,OK
2026-08-14T16:30:36.133478Z,3968,246.9,14063,OK,OK,OK
2026-08-14T16:30:41.635313Z,3964,247.0,14063,OK,OK,OK
2026-08-14T16:30:47.146838Z,5511,246.3,14063,OK,OK,OK
2026-08-14T16:30:52.634487Z,4016,247.0,14063,OK,OK,OK
2026-08-14T16:30:58.135818Z,4152,247.0,14063,OK,OK,OK
2026-08-14T16:31:03.657125Z,3920,247.0,14063,OK,OK,OK
2026-08-14T16:31:09.189146Z,4019,247.0,14063,OK,OK,OK
2026-08-14T16:31:14.680712Z,4037,247.1,14063,OK,OK,OK
2026-08-14T16:31:20.228488Z,3993,247.1,14063,OK,OK,OK
2026-08-14T16:31:25.721042Z,4175,247.0,14063,OK,OK,OK
2026-08-14T16:31:31.216953Z,4195,247.0,14063,OK,OK,OK
2026-08-14T16:31:36.773881Z,4166,247.1,14063,OK,OK,OK
2026-08-14T16:31:42.291226Z,4132,247.0,14063,OK,OK,OK
2026-08-14T16:31:47.780052Z,4162,246.9,14063,OK,OK,OK
2026-08-14T16:31:53.316470Z,4118,247.0,14063,OK,OK,OK
2026-08-14T16:31:58.828386Z,4108,246.8,14063,OK,OK,OK
2026-08-14T16:32:04.319933Z,4119,246.9,14063,OK,OK,OK
2026-08-14T16:32:09.817028Z,4168,246.7,14063,OK,OK,OK
2026-08-14T16:32:15.346978Z,4212,246.7,14063,OK,OK,OK
2026-08-14T16:32:20.869791Z,4114,246.7,14063,OK,OK,OK
2026-08-14T16:32:26.359880Z,4116,246.6,14063,OK,OK,OK
2026-08-14T16:32:31.896624Z,4156,246.6,14063,OK,OK,OK
2026-08-14T16:32:37.407742Z,4121,246.5,14063,OK,OK,OK
2026-08-14T16:32:42.904693Z,4092,246.4,14063,OK,OK,OK
2026-08-14T16:32:48.426361Z,4149,246.5,14063,OK,OK,OK
2026-08-14T16:32:53.965233Z,4315,246.4,14063,OK,OK,OK
2026-08-14T16:32:59.490946Z,4101,246.6,14063,OK,OK,OK
2026-08-14T16:33:05.009759Z,4123,246.7,14063,OK,OK,OK
2026-08-14T16:33:10.521676Z,4069,246.6,14063,OK,OK,OK
2026-08-14T16:33:16.073553Z,4107,246.4,14063,OK,OK,OK
2026-08-14T16:33:21.577539Z,4102,246.4,14063,OK,OK,OK
2026-08-14T16:33:27.076895Z,4162,246.4,14063,OK,OK,OK
2026-08-14T16:33:32.591230Z,4421,246.4,14063,OK,OK,OK
2026-08-14T16:33:38.116724Z,4132,246.4,14063,OK,OK,OK
2026-08-14T16:33:43.618525Z,4103,246.0,14063,OK,OK,OK
2026-08-14T16:33:49.155888Z,4138,246.7,14063,OK,OK,OK
2026-08-14T16:33:54.661750Z,4081,246.5,14063,OK,OK,OK
2026-08-14T16:34:00.164440Z,4120,246.5,14063,OK,OK,OK
2026-08-14T16:34:05.687708Z,4124,246.5,14063,OK,OK,OK
2026-08-14T16:34:11.218450Z,4146,246.5,12379,OK,OK,OK
2026-08-14T16:34:16.745788Z,4077,246.5,12379,OK,OK,OK
2026-08-14T16:34:22.292080Z,4076,246.2,12379,OK,OK,OK
2026-08-14T16:34:27.776863Z,4149,246.6,12379,OK,OK,OK
2026-08-14T16:34:33.282155Z,4226,246.3,12379,OK,OK,OK
2026-08-14T16:34:38.799029Z,4239,246.2,12379,OK,OK,OK
2026-08-14T16:34:44.303099Z,4103,246.4,12379,OK,OK,OK
2026-08-14T16:34:49.824277Z,4346,246.4,12379,OK,OK,OK
2026-08-14T16:34:55.340741Z,4090,246.7,12379,OK,OK,OK
2026-08-14T16:35:00.873490Z,5337,246.1,12379,OK,OK,OK
2026-08-14T16:35:06.375469Z,5346,246.1,12379,OK,OK,OK
2026-08-14T16:35:11.888689Z,5315,246.1,12379,OK,OK,OK
2026-08-14T16:35:17.389739Z,5497,246.0,12379,OK,OK,OK
2026-08-14T16:35:22.859658Z,5113,246.2,12379,OK,OK,OK
2026-08-14T16:35:28.358840Z,5229,246.2,12379,OK,OK,OK
2026-08-14T16:35:33.874221Z,5282,246.2,12379,OK,OK,OK
2026-08-14T16:35:39.441882Z,5268,246.2,12379,OK,OK,OK
2026-08-14T16:35:44.987427Z,5165,246.2,12379,OK,OK,OK
2026-08-14T16:35:50.483736Z,5356,246.3,12379,OK,OK,OK
2026-08-14T16:35:55.996150Z,5244,246.4,12379,OK,OK,OK
2026-08-14T16:36:01.505193Z,5188,246.2,12379,OK,OK,OK
2026-08-14T16:36:06.990014Z,5236,246.2,12379,OK,OK,OK
2026-08-14T16:36:12.495255Z,5398,246.3,12379,OK,OK,OK
2026-08-14T16:36:18.042548Z,5207,245.3,12379,OK,OK,OK
2026-08-14T16:36:23.541955Z,5213,245.3,12379,OK,OK,OK
2026-08-14T16:36:29.029133Z,5252,245.2,12379,OK,OK,OK
2026-08-14T16:36:34.533553Z,5264,245.4,12379,OK,OK,OK
2026-08-14T16:36:40.063045Z,5221,245.3,12379,OK,OK,OK
2026-08-14T16:36:45.594493Z,5239,245.1,12379,OK,OK,OK
2026-08-14T16:36:51.103268Z,5319,245.1,12379,OK,OK,OK
2026-08-14T16:36:56.634557Z,5213,245.3,12379,OK,OK,OK
2026-08-14T16:37:02.143650Z,5287,245.2,12379,OK,OK,OK
2026-08-14T16:37:07.630082Z,5102,245.2,12379,OK,OK,OK
2026-08-14T16:37:13.127715Z,5178,245.3,12379,OK,OK,OK
2026-08-14T16:37:18.619635Z,5142,245.2,12379,OK,OK,OK
2026-08-14T16:37:24.087517Z,5092,245.2,12379,OK,OK,OK
2026-08-14T16:37:29.598997Z,3870,245.7,12379,OK,OK,OK
2026-08-14T16:37:35.058292Z,4010,245.5,12379,OK,OK,OK
2026-08-14T16:37:40.565905Z,3994,245.2,12379,OK,OK,OK
2026-08-14T16:37:46.053171Z,3869,245.7,12379,OK,OK,OK
2026-08-14T16:37:51.574417Z,3856,245.7,12379,OK,OK,OK
2026-08-14T16:37:57.073680Z,3847,245.7,12379,OK,OK,OK
2026-08-14T16:38:02.597803Z,3880,245.7,12379,OK,OK,OK
2026-08-14T16:38:08.089499Z,3974,245.6,12379,OK,OK,OK
2026-08-14T16:38:13.570716Z,3821,245.6,12379,OK,OK,OK
2026-08-14T16:38:19.053902Z,3908,245.6,12379,OK,OK,OK
2026-08-14T16:38:24.563556Z,3760,245.5,12379,OK,OK,OK
2026-08-14T16:38:30.094760Z,3860,245.6,12379,OK,OK,OK
2026-08-14T16:38:35.581839Z,3796,245.5,12379,OK,OK,OK
2026-08-14T16:38:41.062125Z,3790,245.7,12379,OK,OK,OK
2026-08-14T16:38:46.574012Z,3937,245.8,12379,OK,OK,OK
2026-08-14T16:38:52.125934Z,3811,245.7,12379,OK,OK,OK
2026-08-14T16:38:57.648518Z,4053,245.5,12379,OK,OK,OK
2026-08-14T16:39:03.154635Z,3830,245.7,12379,OK,OK,OK
2026-08-14T16:39:08.633158Z,3821,245.6,12379,OK,OK,OK
2026-08-14T16:39:14.140107Z,3818,245.6,12379,OK,OK,OK
2026-08-14T16:39:19.670081Z,3779,245.6,12379,OK,OK,OK
2026-08-14T16:39:25.159983Z,3785,245.7,12379,OK,OK,OK
2026-08-14T16:39:30.678796Z,3945,245.6,12379,OK,OK,OK
2026-08-14T16:39:36.159472Z,3804,245.7,12379,OK,OK,OK
2026-08-14T16:39:41.693739Z,3839,245.6,12379,OK,OK,OK
2026-08-14T16:39:47.204403Z,3816,245.6,12379,OK,OK,OK
2026-08-14T16:39:52.783718Z,3772,245.6,12379,OK,OK,OK
2026-08-14T16:39:58.310716Z,3870,245.7,12379,OK,OK,OK
2026-08-14T16:40:03.790384Z,3840,245.8,12379,OK,OK,OK
2026-08-14T16:40:09.327976Z,3904,245.6,12379,OK,OK,OK
2026-08-14T16:40:14.858506Z,3823,245.7,12379,OK,OK,OK
2026-08-14T16:40:20.364719Z,3848,245.9,12379,OK,OK,OK
2026-08-14T16:40:25.864306Z,3824,245.7,12379,OK,OK,OK
2026-08-14T16:40:31.380627Z,3789,245.7,12379,OK,OK,OK
2026-08-14T16:40:36.858728Z,3833,244.9,12379,OK,OK,OK
2026-08-14T16:40:42.340832Z,3955,244.7,12379,OK,OK,OK
2026-08-14T16:40:47.869500Z,4116,244.6,12379,OK,OK,OK
2026-08-14T16:40:53.368828Z,3952,244.6,12379,OK,OK,OK
2026-08-14T16:40:58.911869Z,3985,244.5,12379,OK,OK,OK
2026-08-14T16:41:04.424690Z,3951,244.7,12379,OK,OK,OK
2026-08-14T16:41:09.947694Z,4007,244.6,12379,OK,OK,OK
2026-08-14T16:41:15.460839Z,3956,244.3,12379,OK,OK,OK
2026-08-14T16:41:20.982863Z,3931,244.4,12379,OK,OK,OK
2026-08-14T16:41:26.489732Z,3998,243.5,12379,OK,OK,OK
2026-08-14T16:41:32.004433Z,4014,243.2,12379,OK,OK,OK
2026-08-14T16:41:37.481543Z,3944,243.4,12379,OK,OK,OK
2026-08-14T16:41:42.983772Z,3980,243.5,12379,OK,OK,OK
2026-08-14T16:41:48.500013Z,4037,243.6,12379,OK,OK,OK
2026-08-14T16:41:57.023734Z,3899,243.7,12379,OK,OK,OK
2026-08-14T16:42:02.510578Z,4092,243.2,12379,OK,OK,OK
2026-08-14T16:42:07.977907Z,3966,243.8,12379,OK,OK,OK
2026-08-14T16:42:13.441441Z,3930,243.9,12379,OK,OK,OK
2026-08-14T16:42:18.924634Z,3976,244.5,12379,OK,OK,OK
2026-08-14T16:42:24.426316Z,5201,243.7,12379,OK,OK,OK
2026-08-14T16:42:29.946586Z,4030,244.1,12379,OK,OK,OK
2026-08-14T16:42:35.470030Z,3827,245.1,12379,OK,OK,OK
2026-08-14T16:42:40.996353Z,3796,245.1,12379,OK,OK,OK
2026-08-14T16:42:46.480741Z,3781,245.3,12379,OK,OK,OK
2026-08-14T16:42:55.006201Z,3759,245.7,12379,OK,OK,OK
2026-08-14T16:43:00.525568Z,3797,245.6,12379,OK,OK,OK
2026-08-14T16:43:06.022806Z,3756,245.4,12379,OK,OK,OK
2026-08-14T16:43:11.536516Z,3761,245.5,12379,OK,OK,OK
2026-08-14T16:43:17.017906Z,3828,245.5,12379,OK,OK,OK
2026-08-14T16:43:22.491505Z,3650,245.3,12379,OK,OK,OK
2026-08-14T16:43:27.999131Z,3653,245.3,12379,OK,OK,OK
2026-08-14T16:43:33.500943Z,3647,245.1,12379,OK,OK,OK
2026-08-14T16:43:39.022691Z,1970,246.1,12379,OK,OK,OK
2026-08-14T16:43:44.527136Z,1952,246.3,12379,OK,OK,OK
2026-08-14T16:43:50.036193Z,1967,246.3,12379,OK,OK,OK
2026-08-14T16:43:55.509609Z,2080,246.3,12379,OK,OK,OK
2026-08-14T16:44:01.006138Z,1963,246.2,12379,OK,OK,OK
2026-08-14T16:44:06.505955Z,1936,246.5,12379,OK,OK,OK
2026-08-14T16:44:12.027690Z,1933,246.5,12379,OK,OK,OK
2026-08-14T16:44:17.545023Z,1948,246.5,12379,OK,OK,OK
2026-08-14T16:44:23.073794Z,1939,246.5,12379,OK,OK,OK
2026-08-14T16:44:28.560171Z,1957,246.7,12379,OK,OK,OK
2026-08-14T16:44:37.093129Z,1976,246.5,12379,OK,OK,OK
2026-08-14T16:44:42.622449Z,1956,246.6,12379,OK,OK,OK
2026-08-14T16:44:48.147949Z,2097,246.4,12379,OK,OK,OK
2026-08-14T16:44:53.668174Z,1957,246.5,12379,OK,OK,OK
2026-08-14T16:44:59.207428Z,1956,246.6,12379,OK,OK,OK
2026-08-14T16:45:04.701425Z,1963,246.5,12379,OK,OK,OK
2026-08-14T16:45:10.222519Z,1953,246.5,12379,OK,OK,OK
2026-08-14T16:45:15.728642Z,1896,246.5,12379,OK,OK,OK
2026-08-14T16:45:21.190209Z,1896,246.7,12379,OK,OK,OK
2026-08-14T16:45:26.667397Z,1857,246.7,12379,OK,OK,OK
2026-08-14T16:45:32.127810Z,1930,246.6,12379,OK,OK,OK
2026-08-14T16:45:37.623596Z,1849,246.7,12379,OK,OK,OK
2026-08-14T16:45:43.146346Z,2110,246.6,12379,OK,OK,OK
2026-08-14T16:45:48.678179Z,2164,246.6,12379,OK,OK,OK
2026-08-14T16:45:54.179615Z,2044,246.5,12379,OK,OK,OK
2026-08-14T16:45:59.707815Z,2115,246.4,12379,OK,OK,OK
2026-08-14T16:46:05.481695Z,2159,246.4,12379,OK,OK,OK
2026-08-14T16:46:12.168317Z,2170,246.4,12379,OK,OK,OK
2026-08-14T16:46:17.644674Z,2197,246.4,12379,OK,OK,OK
2026-08-14T16:46:23.140007Z,2022,246.2,12379,OK,OK,OK
2026-08-14T16:46:28.647986Z,1996,246.2,12379,OK,OK,OK
2026-08-14T16:46:34.179008Z,2146,246.2,12379,OK,OK,OK
2026-08-14T16:46:39.669622Z,2319,246.2,12379,OK,OK,OK
2026-08-14T16:46:45.211100Z,2166,246.0,12379,OK,OK,OK
2026-08-14T16:46:50.723551Z,2158,245.8,12379,OK,OK,OK
2026-08-14T16:46:56.198873Z,2135,246.0,12379,OK,OK,OK
2026-08-14T16:47:01.679769Z,2148,246.0,12379,OK,OK,OK
2026-08-14T16:47:07.174771Z,2127,246.0,12379,OK,OK,OK
2026-08-14T16:47:12.650468Z,2161,245.7,12379,OK,OK,OK
2026-08-14T16:47:18.122360Z,2171,246.0,12379,OK,OK,OK
2026-08-14T16:47:23.623560Z,2149,246.0,12379,OK,OK,OK
2026-08-14T16:47:29.120189Z,2020,246.1,12379,OK,OK,OK
2026-08-14T16:47:34.601537Z,2130,246.1,12379,OK,OK,OK
2026-08-14T16:47:40.106098Z,2132,246.1,12379,OK,OK,OK
2026-08-14T16:47:45.624692Z,2155,246.0,12379,OK,OK,OK
2026-08-14T16:47:51.083344Z,2179,245.6,12379,OK,OK,OK
2026-08-14T16:47:56.604667Z,2146,245.5,12379,OK,OK,OK
2026-08-14T16:48:02.134159Z,2153,245.5,12379,OK,OK,OK
2026-08-14T16:48:07.643453Z,2125,245.7,12379,OK,OK,OK
2026-08-14T16:48:13.134668Z,2095,245.3,12379,OK,OK,OK
2026-08-14T16:48:18.643210Z,2063,245.4,12379,OK,OK,OK
2026-08-14T16:48:24.150005Z,2049,245.6,12379,OK,OK,OK
2026-08-14T16:48:29.684459Z,2094,245.7,12379,OK,OK,OK
2026-08-14T16:48:35.144572Z,2057,245.3,12379,OK,OK,OK
2026-08-14T16:48:40.644664Z,3308,244.9,12379,OK,OK,OK
2026-08-14T16:48:46.169029Z,3298,245.2,12379,OK,OK,OK
2026-08-14T16:48:51.681520Z,3447,245.4,12379,OK,OK,OK
2026-08-14T16:48:57.169075Z,3365,245.5,12379,OK,OK,OK
2026-08-14T16:49:02.688163Z,3130,245.6,12379,OK,OK,OK
2026-08-14T16:49:08.230319Z,3171,245.3,12379,OK,OK,OK
2026-08-14T16:49:13.736143Z,3022,245.5,12379,OK,OK,OK
2026-08-14T16:49:19.239475Z,3137,245.4,12379,OK,OK,OK
2026-08-14T16:49:24.727747Z,3104,245.2,12379,OK,OK,OK
2026-08-14T16:49:30.263709Z,3280,245.3,12379,OK,OK,OK
2026-08-14T16:49:35.756372Z,3198,245.5,13834,OK,OK,OK
2026-08-14T16:49:41.271691Z,3358,245.5,13834,OK,OK,OK
2026-08-14T16:49:46.776494Z,3436,245.5,13834,OK,OK,OK
2026-08-14T16:49:52.267755Z,3454,245.4,13834,OK,OK,OK
2026-08-14T16:49:57.763367Z,3500,245.4,13834,OK,OK,OK
2026-08-14T16:50:03.298145Z,3502,245.4,13834,OK,OK,OK
2026-08-14T16:50:08.807503Z,3463,245.5,13834,OK,OK,OK
2026-08-14T16:50:14.273664Z,3630,245.2,13834,OK,OK,OK
2026-08-14T16:50:19.797364Z,3553,245.2,13834,OK,OK,OK
2026-08-14T16:50:25.321514Z,3519,244.9,13834,OK,OK,OK
2026-08-14T16:50:30.841154Z,3499,244.6,13834,OK,OK,OK
2026-08-14T16:50:36.309618Z,3491,244.8,13834,OK,OK,OK
2026-08-14T16:50:41.762021Z,3461,244.9,13834,OK,OK,OK
2026-08-14T16:50:47.278346Z,3450,244.9,13834,OK,OK,OK
2026-08-14T16:50:52.742444Z,3421,244.8,13834,OK,OK,OK
2026-08-14T16:50:58.266028Z,3471,244.8,13834,OK,OK,OK
2026-08-14T16:51:03.739496Z,3366,244.7,13834,OK,OK,OK
2026-08-14T16:51:09.237556Z,3410,244.7,13834,OK,OK,OK
2026-08-14T16:51:14.722242Z,3419,244.8,13834,OK,OK,OK
2026-08-14T16:51:20.241510Z,3446,245.3,13834,OK,OK,OK
2026-08-14T16:51:25.762762Z,3428,245.5,13834,OK,OK,OK
2026-08-14T16:51:31.276096Z,3312,245.7,13834,OK,OK,OK
2026-08-14T16:51:36.758910Z,3311,245.6,13834,OK,OK,OK
2026-08-14T16:51:45.274909Z,4979,245.0,13834,OK,OK,OK
2026-08-14T16:51:50.782873Z,5074,244.9,13834,OK,OK,OK
2026-08-14T16:51:56.318997Z,5099,245.0,13834,OK,OK,OK
2026-08-14T16:52:01.845926Z,5101,245.0,13834,OK,OK,OK
2026-08-14T16:52:07.338274Z,5017,245.1,13834,OK,OK,OK
2026-08-14T16:52:12.846259Z,5041,245.0,13834,OK,OK,OK
2026-08-14T16:52:18.359035Z,5031,244.8,13834,OK,OK,OK
2026-08-14T16:52:23.883586Z,5080,244.9,13834,OK,OK,OK
2026-08-14T16:52:29.391442Z,4954,245.0,13834,OK,OK,OK
2026-08-14T16:52:34.886990Z,4961,244.9,13834,OK,OK,OK
2026-08-14T16:52:40.428527Z,5011,244.8,13834,OK,OK,OK
2026-08-14T16:52:45.932120Z,5026,244.8,13834,OK,OK,OK
2026-08-14T16:52:51.471843Z,5001,244.8,13834,OK,OK,OK
2026-08-14T16:52:56.956520Z,4933,244.7,13834,OK,OK,OK
2026-08-14T16:53:02.480533Z,4991,244.5,13834,OK,OK,OK
2026-08-14T16:53:07.944662Z,4982,244.6,13834,OK,OK,OK
2026-08-14T16:53:13.479702Z,5092,244.6,13834,OK,OK,OK
2026-08-14T16:53:18.970150Z,5031,244.8,13834,OK,OK,OK
2026-08-14T16:53:24.468916Z,5024,244.8,13834,OK,OK,OK
2026-08-14T16:53:29.951703Z,4982,244.6,13834,OK,OK,OK
2026-08-14T16:53:35.450217Z,5004,244.7,13834,OK,OK,OK
2026-08-14T16:53:41.021431Z,5034,245.1,13834,OK,OK,OK
2026-08-14T16:53:46.510692Z,4967,244.9,13834,OK,OK,OK
2026-08-14T16:53:51.989834Z,5055,244.4,13834,OK,OK,OK
2026-08-14T16:53:57.516632Z,5081,244.2,13834,OK,OK,OK
2026-08-14T16:54:03.016313Z,4971,244.4,13834,OK,OK,OK
2026-08-14T16:54:08.484383Z,4983,244.2,13834,OK,OK,OK
2026-08-14T16:54:13.981367Z,5006,244.3,13834,OK,OK,OK
2026-08-14T16:54:19.478729Z,4999,244.3,13834,OK,OK,OK
2026-08-14T16:54:24.993041Z,5014,244.3,13834,OK,OK,OK
2026-08-14T16:54:30.492870Z,5001,244.3,13834,OK,OK,OK
2026-08-14T16:54:35.987960Z,4883,244.5,13834,OK,OK,OK
2026-08-14T16:54:41.474337Z,4890,244.4,13834,OK,OK,OK
2026-08-14T16:54:47.025053Z,4947,244.4,13834,OK,OK,OK
2026-08-14T16:54:52.486348Z,5010,244.3,13834,OK,OK,OK
2026-08-14T16:54:58.009688Z,4998,244.3,13834,OK,OK,OK
2026-08-14T16:55:03.523216Z,5015,244.3,13834,OK,OK,OK
2026-08-14T16:55:09.030062Z,4927,244.2,13834,OK,OK,OK
2026-08-14T16:55:14.559479Z,4857,244.0,13834,OK,OK,OK
2026-08-14T16:55:20.073725Z,6112,244.2,13834,OK,OK,OK
2026-08-14T16:55:25.589520Z,5052,244.8,13834,OK,OK,OK
2026-08-14T16:55:31.101834Z,4848,244.7,13834,OK,OK,OK
2026-08-14T16:55:36.618722Z,4830,244.8,13834,OK,OK,OK
2026-08-14T16:55:42.125722Z,4911,244.8,13834,OK,OK,OK
2026-08-14T16:55:47.668253Z,4941,245.0,13834,OK,OK,OK
2026-08-14T16:55:53.178679Z,4929,244.9,13834,OK,OK,OK
2026-08-14T16:55:58.711010Z,4900,244.8,13834,OK,OK,OK
2026-08-14T16:56:04.213966Z,4877,244.8,13834,OK,OK,OK
2026-08-14T16:56:09.763782Z,3703,245.4,13834,OK,OK,OK
2026-08-14T16:56:15.269964Z,3724,245.5,13834,OK,OK,OK
2026-08-14T16:56:20.811490Z,3894,245.5,13834,OK,OK,OK
2026-08-14T16:56:26.309819Z,3762,245.5,13834,OK,OK,OK
2026-08-14T16:56:31.836591Z,3824,245.4,13834,OK,OK,OK
2026-08-14T16:56:37.314425Z,3812,245.4,13834,OK,OK,OK
2026-08-14T16:56:42.815199Z,3827,245.3,13834,OK,OK,OK
2026-08-14T16:56:48.382313Z,3804,245.3,13834,OK,OK,OK
2026-08-14T16:56:53.909430Z,3819,245.5,13834,OK,OK,OK
2026-08-14T16:56:59.407037Z,3955,245.4,13834,OK,OK,OK
2026-08-14T16:57:04.941698Z,3805,245.4,13834,OK,OK,OK
2026-08-14T16:57:10.440416Z,3816,245.3,13834,OK,OK,OK
2026-08-14T16:57:15.951957Z,3854,245.1,13834,OK,OK,OK
2026-08-14T16:57:21.461919Z,3897,245.2,13834,OK,OK,OK
2026-08-14T16:57:26.961214Z,3895,245.2,13834,OK,OK,OK
2026-08-14T16:57:32.459247Z,4065,245.3,13834,OK,OK,OK
2026-08-14T16:57:37.936112Z,3934,245.1,13834,OK,OK,OK
2026-08-14T16:57:43.477901Z,3989,245.3,13834,OK,OK,OK
2026-08-14T16:57:48.983214Z,3913,245.3,13834,OK,OK,OK
2026-08-14T16:57:54.504967Z,3998,245.2,13834,OK,OK,OK
2026-08-14T16:57:59.992936Z,4006,245.4,13834,OK,OK,OK
2026-08-14T16:58:05.503537Z,4000,245.3,13834,OK,OK,OK
2026-08-14T16:58:11.019150Z,3915,245.2,13834,OK,OK,OK
2026-08-14T16:58:16.524618Z,3915,245.1,13834,OK,OK,OK
2026-08-14T16:58:22.015386Z,4011,244.9,13834,OK,OK,OK
2026-08-14T16:58:27.500963Z,3800,245.0,13834,OK,OK,OK
2026-08-14T16:58:32.994590Z,3785,245.2,13834,OK,OK,OK
2026-08-14T16:58:41.520391Z,3862,245.1,13834,OK,OK,OK
2026-08-14T16:58:52.991502Z,3839,245.1,13834,OK,OK,OK
2026-08-14T16:58:58.490049Z,3881,244.9,13834,OK,OK,OK
2026-08-14T16:59:04.009508Z,3806,245.0,13834,OK,OK,OK
2026-08-14T16:59:09.502388Z,3821,244.8,13834,OK,OK,OK
2026-08-14T16:59:15.008272Z,3813,244.2,13834,OK,OK,OK
2026-08-14T16:59:20.508463Z,3848,244.9,13834,OK,OK,OK
2026-08-14T16:59:26.024076Z,3871,244.7,13834,OK,OK,OK
2026-08-14T16:59:31.532472Z,3872,244.9,13834,OK,OK,OK
2026-08-14T16:59:37.063727Z,3930,244.2,13834,OK,OK,OK
2026-08-14T16:59:42.592522Z,3868,244.2,13834,OK,OK,OK
2026-08-14T16:59:48.087215Z,3808,244.6,13834,OK,OK,OK
2026-08-14T16:59:53.584704Z,3846,244.0,13834,OK,OK,OK
2026-08-14T16:59:59.107996Z,3827,244.1,13834,OK,OK,OK
2026-08-14T17:00:04.637633Z,3809,244.5,13834,OK,OK,OK
2026-08-14T17:00:10.141330Z,3853,244.6,13834,OK,OK,OK
2026-08-14T17:00:15.651327Z,3842,244.9,13834,OK,OK,OK
2026-08-14T17:00:21.138794Z,3892,244.9,13834,OK,OK,OK
2026-08-14T17:00:26.669751Z,3896,245.0,13834,OK,OK,OK
2026-08-14T17:00:32.204951Z,3927,244.9,13834,OK,OK,OK
2026-08-14T17:00:37.727732Z,3789,245.0,13834,OK,OK,OK
2026-08-14T17:00:43.264138Z,3798,245.0,13834,OK,OK,OK
2026-08-14T17:00:48.786785Z,3780,245.0,13834,OK,OK,OK
2026-08-14T17:00:54.271131Z,3962,244.9,13834,OK,OK,OK
2026-08-14T17:00:59.782792Z,3940,244.9,13834,OK,OK,OK
2026-08-14T17:01:05.281560Z,3921,244.8,13834,OK,OK,OK
2026-08-14T17:01:10.800974Z,3791,244.8,13834,OK,OK,OK
2026-08-14T17:01:16.333514Z,3820,244.5,13834,OK,OK,OK
2026-08-14T17:01:21.853361Z,3816,244.8,13834,OK,OK,OK
2026-08-14T17:01:27.379627Z,3840,244.9,13834,OK,OK,OK
2026-08-14T17:01:32.916955Z,3846,244.0,13834,OK,OK,OK
2026-08-14T17:01:38.439511Z,3831,243.6,13834,OK,OK,OK
2026-08-14T17:01:43.945039Z,3865,243.7,13834,OK,OK,OK
2026-08-14T17:01:49.441449Z,3854,243.7,13834,OK,OK,OK
2026-08-14T17:01:54.941462Z,3835,243.8,13834,OK,OK,OK
2026-08-14T17:02:00.430840Z,3788,243.9,13834,OK,OK,OK
2026-08-14T17:02:05.935940Z,3799,243.9,13834,OK,OK,OK
2026-08-14T17:02:11.464274Z,3780,243.8,13834,OK,OK,OK
2026-08-14T17:02:16.959643Z,3898,243.5,13834,OK,OK,OK
2026-08-14T17:02:22.471518Z,3816,243.5,13834,OK,OK,OK
2026-08-14T17:02:27.970896Z,3815,243.8,13834,OK,OK,OK
2026-08-14T17:02:33.462277Z,3834,243.7,13834,OK,OK,OK
2026-08-14T17:02:38.929766Z,3833,243.8,13834,OK,OK,OK
2026-08-14T17:02:44.463207Z,3844,243.8,13834,OK,OK,OK
2026-08-14T17:02:49.956973Z,3768,243.9,13834,OK,OK,OK
2026-08-14T17:02:55.473893Z,3790,243.9,13834,OK,OK,OK
2026-08-14T17:03:00.937909Z,3818,244.1,13834,OK,OK,OK
2026-08-14T17:03:06.457918Z,3691,244.0,13834,OK,OK,OK
2026-08-14T17:03:11.946651Z,3701,244.2,13834,OK,OK,OK
2026-08-14T17:03:17.488189Z,3617,244.2,13834,OK,OK,OK
2026-08-14T17:03:23.005724Z,4801,243.6,13834,OK,OK,OK
2026-08-14T17:03:28.525948Z,4811,243.7,13834,OK,OK,OK
2026-08-14T17:03:33.986098Z,4790,243.7,13834,OK,OK,OK
2026-08-14T17:03:39.510843Z,4805,243.7,13834,OK,OK,OK
2026-08-14T17:03:45.011717Z,4872,243.7,13834,OK,OK,OK
2026-08-14T17:03:50.524212Z,4920,243.7,13834,OK,OK,OK
2026-08-14T17:03:55.981721Z,5002,243.6,13834,OK,OK,OK
2026-08-14T17:04:01.485318Z,5033,243.8,13834,OK,OK,OK
2026-08-14T17:04:07.007862Z,5049,243.8,13834,OK,OK,OK
2026-08-14T17:04:12.487677Z,4938,243.4,13834,OK,OK,OK
2026-08-14T17:04:17.984900Z,4926,243.1,13834,OK,OK,OK
2026-08-14T17:04:23.473830Z,4916,243.2,13834,OK,OK,OK
2026-08-14T17:04:28.954038Z,5019,243.6,13834,OK,OK,OK
2026-08-14T17:04:34.449164Z,4948,243.4,13834,OK,OK,OK
2026-08-14T17:04:39.936405Z,4971,243.4,13834,OK,OK,OK
2026-08-14T17:04:45.460573Z,5062,243.9,13834,OK,OK,OK
2026-08-14T17:04:51.001251Z,5028,244.1,13834,OK,OK,OK
2026-08-14T17:04:56.504592Z,5069,244.3,13328,OK,OK,OK
2026-08-14T17:05:02.000428Z,5049,244.4,13328,OK,OK,OK
2026-08-14T17:05:07.471912Z,5003,244.4,13328,OK,OK,OK
2026-08-14T17:05:12.989903Z,5019,244.5,13328,OK,OK,OK
2026-08-14T17:05:18.491510Z,4994,244.4,13328,OK,OK,OK
2026-08-14T17:05:24.022444Z,4995,244.2,13328,OK,OK,OK
2026-08-14T17:05:29.507105Z,4995,244.3,13328,OK,OK,OK
2026-08-14T17:05:35.051694Z,5023,244.2,13328,OK,OK,OK
2026-08-14T17:05:40.538142Z,5003,244.2,13328,OK,OK,OK
2026-08-14T17:05:46.022811Z,5007,244.3,13328,OK,OK,OK
2026-08-14T17:05:51.518877Z,5123,244.6,13328,OK,OK,OK
2026-08-14T17:05:57.003427Z,4984,244.5,13328,OK,OK,OK
2026-08-14T17:06:02.530944Z,4987,244.6,13328,OK,OK,OK
2026-08-14T17:06:08.029100Z,5050,244.7,13328,OK,OK,OK
2026-08-14T17:06:13.548173Z,5181,244.6,13328,OK,OK,OK
2026-08-14T17:06:19.068681Z,5097,244.6,13328,OK,OK,OK
2026-08-14T17:06:24.522698Z,5144,244.6,13328,OK,OK,OK
2026-08-14T17:06:30.009229Z,5104,244.6,13328,OK,OK,OK
2026-08-14T17:06:35.520143Z,5265,244.5,13328,OK,OK,OK
2026-08-14T17:06:41.060263Z,5019,244.5,13328,OK,OK,OK
2026-08-14T17:06:46.561128Z,5038,244.5,13328,OK,OK,OK
2026-08-14T17:06:52.083822Z,5024,244.3,13328,OK,OK,OK
2026-08-14T17:06:57.604409Z,5119,244.7,13328,OK,OK,OK
2026-08-14T17:07:03.107627Z,5139,244.7,13328,OK,OK,OK
2026-08-14T17:07:08.610654Z,5139,244.7,13328,OK,OK,OK
2026-08-14T17:07:14.133936Z,3871,245.1,13328,OK,OK,OK
2026-08-14T17:07:19.687056Z,3882,245.2,13328,OK,OK,OK
2026-08-14T17:07:25.201975Z,4000,245.1,13328,OK,OK,OK
2026-08-14T17:07:30.734362Z,4027,245.1,13328,OK,OK,OK
2026-08-14T17:07:36.297699Z,4029,245.1,13328,OK,OK,OK
2026-08-14T17:07:41.834167Z,4032,245.1,13328,OK,OK,OK
2026-08-14T17:07:47.358059Z,4066,245.1,13328,OK,OK,OK
2026-08-14T17:07:52.866036Z,5522,244.7,13328,OK,OK,OK
2026-08-14T17:07:58.387569Z,4334,245.2,13328,OK,OK,OK
2026-08-14T17:08:03.890676Z,4066,245.3,13328,OK,OK,OK
2026-08-14T17:08:09.398085Z,4045,245.2,13328,OK,OK,OK
2026-08-14T17:08:14.907198Z,4052,246.0,13328,OK,OK,OK
2026-08-14T17:08:20.399042Z,4322,245.8,13328,OK,OK,OK
2026-08-14T17:08:25.939995Z,4084,246.1,13328,OK,OK,OK
2026-08-14T17:08:31.413356Z,4130,246.2,13328,OK,OK,OK
2026-08-14T17:08:36.894874Z,4071,245.6,13328,OK,OK,OK
2026-08-14T17:08:42.415561Z,4081,245.4,13328,OK,OK,OK
2026-08-14T17:08:47.930056Z,4091,245.4,13328,OK,OK,OK
2026-08-14T17:08:53.437094Z,4025,245.5,13328,OK,OK,OK
2026-08-14T17:08:58.951191Z,4028,245.5,13328,OK,OK,OK
2026-08-14T17:09:04.440087Z,3980,245.6,13328,OK,OK,OK
2026-08-14T17:09:09.904310Z,3990,245.6,13328,OK,OK,OK
2026-08-14T17:09:15.455074Z,3916,245.7,13328,OK,OK,OK
2026-08-14T17:09:20.981044Z,3922,245.7,13328,OK,OK,OK
2026-08-14T17:09:26.512816Z,3930,245.8,13328,OK,OK,OK
2026-08-14T17:09:31.991974Z,3969,245.7,13328,OK,OK,OK
2026-08-14T17:09:37.482274Z,4008,245.7,13328,OK,OK,OK
2026-08-14T17:09:42.985599Z,5094,245.4,13328,OK,OK,OK
2026-08-14T17:09:48.458298Z,5212,245.3,13328,OK,OK,OK
2026-08-14T17:09:53.949892Z,5203,245.2,13328,OK,OK,OK
2026-08-14T17:09:59.416136Z,5264,245.2,13328,OK,OK,OK
2026-08-14T17:10:04.900309Z,5271,245.1,13328,OK,OK,OK
2026-08-14T17:10:10.381109Z,5242,245.0,13328,OK,OK,OK
2026-08-14T17:10:15.921274Z,5176,245.1,13328,OK,OK,OK
2026-08-14T17:10:21.441665Z,5161,245.2,13328,OK,OK,OK
2026-08-14T17:10:26.952603Z,5157,244.9,13328,OK,OK,OK
2026-08-14T17:10:32.453483Z,5187,245.2,13328,OK,OK,OK
2026-08-14T17:10:37.936381Z,5112,245.2,13328,OK,OK,OK
2026-08-14T17:10:43.435236Z,5145,245.2,13328,OK,OK,OK
2026-08-14T17:10:48.934953Z,5177,245.3,13328,OK,OK,OK
2026-08-14T17:10:54.462585Z,5191,245.2,13328,OK,OK,OK
2026-08-14T17:10:59.981184Z,3391,246.0,13328,OK,OK,OK
2026-08-14T17:11:05.506818Z,3392,246.2,13328,OK,OK,OK
2026-08-14T17:11:11.026531Z,3492,246.2,13328,OK,OK,OK
2026-08-14T17:11:16.596537Z,3522,246.0,13328,OK,OK,OK
2026-08-14T17:11:22.117234Z,3523,245.9,13328,OK,OK,OK
2026-08-14T17:11:27.641810Z,3526,246.0,13328,OK,OK,OK
2026-08-14T17:11:33.166817Z,3524,245.9,13328,OK,OK,OK
2026-08-14T17:11:38.702847Z,3561,245.9,13328,OK,OK,OK
2026-08-14T17:11:44.224491Z,3564,245.9,13328,OK,OK,OK
2026-08-14T17:11:49.730250Z,3741,245.7,13328,OK,OK,OK
2026-08-14T17:11:55.197241Z,3499,245.8,13328,OK,OK,OK
2026-08-14T17:12:00.720309Z,3514,245.9,13328,OK,OK,OK
2026-08-14T17:12:06.243189Z,3525,245.9,13328,OK,OK,OK
2026-08-14T17:12:11.724355Z,3433,245.8,13328,OK,OK,OK
2026-08-14T17:12:17.244434Z,3428,246.2,13328,OK,OK,OK
2026-08-14T17:12:22.767527Z,3425,246.0,13328,OK,OK,OK
2026-08-14T17:12:28.252093Z,3459,246.0,13328,OK,OK,OK
2026-08-14T17:12:33.744784Z,3583,246.2,13328,OK,OK,OK
2026-08-14T17:12:39.276080Z,3456,246.1,13328,OK,OK,OK
2026-08-14T17:12:44.781097Z,3360,246.1,13328,OK,OK,OK
2026-08-14T17:12:50.309030Z,3355,246.0,13328,OK,OK,OK
2026-08-14T17:12:55.775459Z,3360,246.1,13328,OK,OK,OK
2026-08-14T17:13:01.276167Z,3445,246.1,13328,OK,OK,OK
2026-08-14T17:13:06.755493Z,3436,246.0,13328,OK,OK,OK
2026-08-14T17:13:12.278498Z,3456,246.0,13328,OK,OK,OK
2026-08-14T17:13:17.804537Z,3378,246.0,13328,OK,OK,OK
2026-08-14T17:13:23.313009Z,2179,246.5,13328,OK,OK,OK
2026-08-14T17:13:28.832969Z,2179,246.7,13328,OK,OK,OK
2026-08-14T17:13:34.324032Z,2196,246.6,13328,OK,OK,OK
2026-08-14T17:13:39.838055Z,3703,246.0,13328,OK,OK,OK
2026-08-14T17:13:45.316184Z,3394,246.2,13328,OK,OK,OK
2026-08-14T17:13:50.838376Z,3452,246.1,13328,OK,OK,OK
2026-08-14T17:13:56.267850Z,3536,246.1,13328,OK,OK,OK
2026-08-14T17:14:01.773073Z,3337,246.2,13328,OK,OK,OK
2026-08-14T17:14:07.263766Z,2184,246.6,13328,OK,OK,OK
2026-08-14T17:14:12.800032Z,2046,246.8,13328,OK,OK,OK
2026-08-14T17:14:18.307056Z,2052,246.7,13328,OK,OK,OK
2026-08-14T17:14:23.829547Z,2044,246.7,13328,OK,OK,OK
2026-08-14T17:14:29.304631Z,2054,246.9,13328,OK,OK,OK
2026-08-14T17:14:34.785412Z,2065,246.9,13328,OK,OK,OK
2026-08-14T17:14:40.267239Z,2131,246.6,13328,OK,OK,OK
2026-08-14T17:14:45.732533Z,2040,246.7,13328,OK,OK,OK
2026-08-14T17:14:51.231101Z,2042,246.7,13328,OK,OK,OK
2026-08-14T17:14:56.738828Z,2036,246.8,13328,OK,OK,OK
2026-08-14T17:15:02.250052Z,2046,246.9,13328,OK,OK,OK
2026-08-14T17:15:07.759378Z,2045,246.9,13328,OK,OK,OK
2026-08-14T17:15:13.282260Z,2052,246.9,13328,OK,OK,OK
2026-08-14T17:15:18.770316Z,2046,246.8,13328,OK,OK,OK
2026-08-14T17:15:24.269815Z,2049,246.7,13328,OK,OK,OK
2026-08-14T17:15:29.805129Z,2066,246.6,13328,OK,OK,OK
2026-08-14T17:15:35.330938Z,2040,246.7,13328,OK,OK,OK
2026-08-14T17:15:40.851216Z,2045,246.6,13328,OK,OK,OK
2026-08-14T17:15:46.395628Z,2159,246.5,13328,OK,OK,OK
2026-08-14T17:15:51.901242Z,2173,246.5,13328,OK,OK,OK
2026-08-14T17:15:57.425457Z,2167,246.3,13328,OK,OK,OK
2026-08-14T17:16:02.934939Z,2152,246.5,13328,OK,OK,OK
2026-08-14T17:16:08.413198Z,2176,246.5,13328,OK,OK,OK
2026-08-14T17:16:13.946477Z,2170,246.5,13328,OK,OK,OK
2026-08-14T17:16:19.468072Z,2175,246.6,13328,OK,OK,OK
2026-08-14T17:16:25.010157Z,2176,246.6,13328,OK,OK,OK
2026-08-14T17:16:30.536840Z,2065,246.8,13328,OK,OK,OK
2026-08-14T17:16:36.036300Z,2058,246.7,13328,OK,OK,OK
2026-08-14T17:16:41.552838Z,2050,246.5,13328,OK,OK,OK
2026-08-14T17:16:47.083693Z,2066,246.5,13328,OK,OK,OK
2026-08-14T17:16:52.588724Z,2049,246.5,13328,OK,OK,OK
2026-08-14T17:16:58.129671Z,2058,246.3,13328,OK,OK,OK
2026-08-14T17:17:03.653655Z,2053,246.2,13328,OK,OK,OK
2026-08-14T17:17:09.183788Z,2055,246.2,13328,OK,OK,OK
2026-08-14T17:17:14.697160Z,2063,246.2,13328,OK,OK,OK
2026-08-14T17:17:20.225619Z,2061,246.2,13328,OK,OK,OK
2026-08-14T17:17:25.729380Z,2070,246.2,13328,OK,OK,OK
2026-08-14T17:17:31.245678Z,2058,246.0,13328,OK,OK,OK
2026-08-14T17:17:36.758335Z,2054,246.1,13328,OK,OK,OK
2026-08-14T17:17:42.248475Z,2046,246.2,13328,OK,OK,OK
2026-08-14T17:17:47.785069Z,2047,246.2,13328,OK,OK,OK
2026-08-14T17:17:53.273186Z,2049,246.0,13328,OK,OK,OK
2026-08-14T17:17:58.773458Z,3655,245.2,13328,OK,OK,OK
2026-08-14T17:18:04.275713Z,3684,245.2,13328,OK,OK,OK
2026-08-14T17:18:09.772887Z,3696,245.1,13328,OK,OK,OK
2026-08-14T17:18:15.284511Z,3722,245.2,13328,OK,OK,OK
2026-08-14T17:18:20.821323Z,3736,245.2,13328,OK,OK,OK
2026-08-14T17:18:26.298367Z,3744,245.0,13328,OK,OK,OK
2026-08-14T17:18:31.831923Z,3751,244.9,13328,OK,OK,OK
2026-08-14T17:18:37.316992Z,3734,244.7,13328,OK,OK,OK
2026-08-14T17:18:42.832622Z,3793,244.8,13328,OK,OK,OK
2026-08-14T17:18:48.301359Z,3716,244.7,13328,OK,OK,OK
2026-08-14T17:18:53.850013Z,3706,244.8,13328,OK,OK,OK
2026-08-14T17:18:59.327880Z,3706,244.7,13328,OK,OK,OK
2026-08-14T17:19:04.849075Z,3692,244.7,13328,OK,OK,OK
2026-08-14T17:19:10.356181Z,3696,244.6,13328,OK,OK,OK
2026-08-14T17:19:15.871159Z,3711,244.8,13328,OK,OK,OK
2026-08-14T17:19:21.369026Z,3753,244.7,13328,OK,OK,OK
2026-08-14T17:19:26.868021Z,3737,244.9,13328,OK,OK,OK
2026-08-14T17:19:32.365233Z,3719,244.8,13328,OK,OK,OK
2026-08-14T17:19:37.865762Z,3736,244.8,13328,OK,OK,OK
2026-08-14T17:19:43.349503Z,3736,244.8,13328,OK,OK,OK
2026-08-14T17:19:48.862797Z,3832,244.8,13328,OK,OK,OK
2026-08-14T17:19:54.358315Z,3894,244.9,13328,OK,OK,OK
2026-08-14T17:19:59.867419Z,3854,244.7,13328,OK,OK,OK
2026-08-14T17:20:05.356165Z,3999,244.7,13328,OK,OK,OK
2026-08-14T17:20:10.888563Z,3868,244.7,13328,OK,OK,OK
2026-08-14T17:20:16.386533Z,3875,244.7,13328,OK,OK,OK
2026-08-14T17:20:21.903473Z,3879,244.7,12060,OK,OK,OK
2026-08-14T17:20:27.402114Z,3892,244.7,12060,OK,OK,OK
2026-08-14T17:20:32.939588Z,5526,244.0,12060,OK,OK,OK
2026-08-14T17:20:38.457469Z,5086,244.5,12060,OK,OK,OK
2026-08-14T17:20:43.937231Z,5052,244.5,12060,OK,OK,OK
2026-08-14T17:20:49.449907Z,5064,244.5,12060,OK,OK,OK
2026-08-14T17:20:55.005111Z,5047,244.4,12060,OK,OK,OK
2026-08-14T17:21:00.480866Z,5050,244.4,12060,OK,OK,OK
2026-08-14T17:21:05.965830Z,5053,244.4,12060,OK,OK,OK
2026-08-14T17:21:11.475500Z,5041,244.4,12060,OK,OK,OK
2026-08-14T17:21:16.995666Z,5056,244.3,12060,OK,OK,OK
2026-08-14T17:21:22.504232Z,3874,244.7,12060,OK,OK,OK
2026-08-14T17:21:28.064745Z,3997,244.6,12060,OK,OK,OK
2026-08-14T17:21:33.585698Z,3869,244.9,12060,OK,OK,OK
2026-08-14T17:21:39.134686Z,3887,245.1,12060,OK,OK,OK
2026-08-14T17:21:44.628734Z,3863,245.1,12060,OK,OK,OK
2026-08-14T17:21:50.152087Z,3862,245.0,12060,OK,OK,OK
2026-08-14T17:21:55.667153Z,3848,245.0,12060,OK,OK,OK
2026-08-14T17:22:01.172921Z,3859,245.0,12060,OK,OK,OK
2026-08-14T17:22:06.687590Z,3858,244.7,12060,OK,OK,OK
2026-08-14T17:22:12.205771Z,3880,244.6,12060,OK,OK,OK
2026-08-14T17:22:17.748434Z,3881,244.7,12060,OK,OK,OK
2026-08-14T17:22:23.251895Z,3778,245.0,12060,OK,OK,OK
2026-08-14T17:22:28.761274Z,3801,245.1,12060,OK,OK,OK
2026-08-14T17:22:34.307395Z,3792,245.4,12060,OK,OK,OK
2026-08-14T17:22:39.817341Z,3803,245.3,12060,OK,OK,OK
2026-08-14T17:22:45.318543Z,3786,245.2,12060,OK,OK,OK
2026-08-14T17:22:50.841728Z,3790,245.1,12060,OK,OK,OK
2026-08-14T17:22:56.333533Z,3791,245.1,12060,OK,OK,OK
2026-08-14T17:23:01.866899Z,3780,244.9,12060,OK,OK,OK
2026-08-14T17:23:07.368595Z,3781,244.9,12060,OK,OK,OK
2026-08-14T17:23:12.871096Z,3785,244.8,12060,OK,OK,OK
2026-08-14T17:23:18.421584Z,3788,244.6,12060,OK,OK,OK
2026-08-14T17:23:23.935667Z,3780,244.8,12060,OK,OK,OK
2026-08-14T17:23:29.456155Z,3906,244.7,12060,OK,OK,OK
2026-08-14T17:23:34.929457Z,3890,244.8,12060,OK,OK,OK
2026-08-14T17:23:40.444044Z,5288,244.1,12060,OK,OK,OK
2026-08-14T17:23:45.966443Z,4098,244.6,12060,OK,OK,OK
2026-08-14T17:23:51.490751Z,3854,245.0,12060,OK,OK,OK
2026-08-14T17:23:56.992566Z,3839,245.0,12060,OK,OK,OK
2026-08-14T17:24:02.508386Z,3825,245.0,12060,OK,OK,OK
2026-08-14T17:24:08.017343Z,3827,245.1,12060,OK,OK,OK
2026-08-14T17:24:13.550653Z,3824,245.1,12060,OK,OK,OK
2026-08-14T17:24:19.095667Z,3814,245.0,12060,OK,OK,OK
2026-08-14T17:24:24.628783Z,3820,245.0,12060,OK,OK,OK
2026-08-14T17:24:30.103739Z,3856,244.9,12060,OK,OK,OK
2026-08-14T17:24:35.624649Z,3835,244.9,12060,OK,OK,OK
2026-08-14T17:24:41.144832Z,3721,244.8,12060,OK,OK,OK
2026-08-14T17:24:46.648330Z,3747,244.7,12060,OK,OK,OK
2026-08-14T17:24:52.147295Z,3723,244.7,12060,OK,OK,OK
2026-08-14T17:24:57.668408Z,3728,244.7,12060,OK,OK,OK
2026-08-14T17:25:03.141076Z,3723,244.6,12060,OK,OK,OK
2026-08-14T17:25:08.683954Z,3822,244.4,12060,OK,OK,OK
2026-08-14T17:25:14.241941Z,3722,244.4,12060,OK,OK,OK
2026-08-14T17:25:19.742881Z,3720,244.3,12060,OK,OK,OK
2026-08-14T17:25:25.265793Z,3713,244.0,12060,OK,OK,OK
2026-08-14T17:25:30.773728Z,3721,243.5,12060,OK,OK,OK
2026-08-14T17:25:36.260068Z,3715,243.3,12060,OK,OK,OK
2026-08-14T17:25:41.760722Z,3718,243.0,12060,OK,OK,OK
2026-08-14T17:25:47.289810Z,3877,243.0,12060,OK,OK,OK
2026-08-14T17:25:52.787757Z,3729,242.9,12060,OK,OK,OK
2026-08-14T17:25:58.319529Z,3718,242.8,12060,OK,OK,OK
2026-08-14T17:26:03.855512Z,3736,242.8,12060,OK,OK,OK
2026-08-14T17:26:09.380803Z,3728,242.6,12060,OK,OK,OK
2026-08-14T17:26:14.889430Z,3780,242.0,12060,OK,OK,OK
2026-08-14T17:26:20.414733Z,3755,241.8,12060,OK,OK,OK
2026-08-14T17:26:25.901508Z,3846,241.8,12060,OK,OK,OK
2026-08-14T17:26:31.439284Z,3756,241.6,12060,OK,OK,OK
2026-08-14T17:26:36.952602Z,3751,241.5,12060,OK,OK,OK
2026-08-14T17:26:42.483878Z,3742,241.5,12060,OK,OK,OK
2026-08-14T17:26:47.960112Z,3721,241.5,12060,OK,OK,OK
2026-08-14T17:26:53.457689Z,3714,241.5,12060,OK,OK,OK
2026-08-14T17:26:58.900314Z,3710,241.5,12060,OK,OK,OK
2026-08-14T17:27:04.430698Z,3701,241.4,12060,OK,OK,OK
2026-08-14T17:27:09.907584Z,3737,241.2,12060,OK,OK,OK
2026-08-14T17:27:15.420833Z,3722,241.4,12060,OK,OK,OK
2026-08-14T17:27:20.916160Z,3707,241.4,12060,OK,OK,OK
2026-08-14T17:27:26.402951Z,3719,242.0,12060,OK,OK,OK
2026-08-14T17:27:31.864685Z,3700,242.2,12060,OK,OK,OK
2026-08-14T17:27:37.404078Z,3688,242.2,12060,OK,OK,OK
2026-08-14T17:27:42.862641Z,3695,242.2,12060,OK,OK,OK
2026-08-14T17:27:48.358074Z,3701,242.4,12060,OK,OK,OK
2026-08-14T17:27:53.858378Z,3795,242.4,12060,OK,OK,OK
2026-08-14T17:27:59.413676Z,3632,242.2,12060,OK,OK,OK
2026-08-14T17:28:04.919848Z,3629,242.2,12060,OK,OK,OK
2026-08-14T17:28:10.402266Z,3685,242.2,12060,OK,OK,OK
2026-08-14T17:28:15.899032Z,3684,242.1,12060,OK,OK,OK
2026-08-14T17:28:21.404861Z,3678,241.9,12060,OK,OK,OK
2026-08-14T17:28:26.865655Z,3666,241.6,12060,OK,OK,OK
2026-08-14T17:28:32.402401Z,3691,241.6,12060,OK,OK,OK
2026-08-14T17:28:37.924371Z,3690,241.9,12060,OK,OK,OK
2026-08-14T17:28:43.426296Z,3838,241.9,12060,OK,OK,OK
2026-08-14T17:28:48.974071Z,3874,241.7,12060,OK,OK,OK
2026-08-14T17:28:54.480681Z,3848,241.4,12060,OK,OK,OK
2026-08-14T17:28:59.985790Z,3809,241.4,12060,OK,OK,OK
2026-08-14T17:29:05.451705Z,3872,241.4,12060,OK,OK,OK
2026-08-14T17:29:10.983019Z,3821,241.4,12060,OK,OK,OK
2026-08-14T17:29:16.519477Z,3833,241.4,12060,OK,OK,OK
2026-08-14T17:29:22.022485Z,3830,241.5,12060,OK,OK,OK
2026-08-14T17:29:27.564754Z,3823,241.4,12060,OK,OK,OK
2026-08-14T17:29:33.092422Z,3825,241.4,12060,OK,OK,OK
2026-08-14T17:29:38.597059Z,3811,241.3,12060,OK,OK,OK
2026-08-14T17:29:44.065582Z,3799,241.1,12060,OK,OK,OK
2026-08-14T17:29:49.545780Z,3803,241.2,12060,OK,OK,OK
2026-08-14T17:29:55.085017Z,3804,241.3,12060,OK,OK,OK
2026-08-14T17:30:00.574497Z,3704,241.5,12060,OK,OK,OK
2026-08-14T17:30:06.101481Z,3708,241.7,12060,OK,OK,OK
2026-08-14T17:30:11.630199Z,3709,241.8,12060,OK,OK,OK
2026-08-14T17:30:17.171070Z,3730,241.6,12060,OK,OK,OK
2026-08-14T17:30:22.704000Z,3723,241.6,12060,OK,OK,OK
2026-08-14T17:30:28.181007Z,3740,241.8,12060,OK,OK,OK
2026-08-14T17:30:33.717221Z,3723,241.9,12060,OK,OK,OK
2026-08-14T17:30:39.226600Z,3703,242.6,12060,OK,OK,OK
2026-08-14T17:30:44.716912Z,3722,243.2,12060,OK,OK,OK
2026-08-14T17:30:50.221740Z,3702,243.2,12060,OK,OK,OK
2026-08-14T17:30:55.747708Z,3690,243.3,12060,OK,OK,OK
2026-08-14T17:31:01.283457Z,3669,242.9,12060,OK,OK,OK
2026-08-14T17:31:06.789678Z,3680,242.9,12060,OK,OK,OK
2026-08-14T17:31:12.306993Z,3698,243.2,12060,OK,OK,OK
2026-08-14T17:31:17.820480Z,3702,243.0,12060,OK,OK,OK
2026-08-14T17:31:23.364271Z,3718,242.6,12060,OK,OK,OK
2026-08-14T17:31:28.855106Z,3733,243.6,12060,OK,OK,OK
2026-08-14T17:31:34.392102Z,3745,244.2,12060,OK,OK,OK
2026-08-14T17:31:39.909205Z,3742,243.6,12060,OK,OK,OK
2026-08-14T17:31:45.392553Z,3736,243.2,12060,OK,OK,OK
2026-08-14T17:31:50.863599Z,3739,243.9,12060,OK,OK,OK
2026-08-14T17:31:56.359629Z,3780,243.9,12060,OK,OK,OK
2026-08-14T17:32:01.847018Z,3731,243.8,12060,OK,OK,OK
2026-08-14T17:32:07.377613Z,3706,243.9,12060,OK,OK,OK
2026-08-14T17:32:12.895405Z,3713,244.2,12060,OK,OK,OK
2026-08-14T17:32:18.424026Z,3716,244.1,12060,OK,OK,OK
2026-08-14T17:32:23.937385Z,3721,244.2,12060,OK,OK,OK
2026-08-14T17:32:29.422240Z,3894,244.8,12060,OK,OK,OK
2026-08-14T17:32:34.877039Z,3853,244.7,12060,OK,OK,OK
2026-08-14T17:32:40.389051Z,3775,245.0,12060,OK,OK,OK
2026-08-14T17:32:45.841405Z,3788,245.1,12060,OK,OK,OK
2026-08-14T17:32:51.307560Z,3775,245.2,12060,OK,OK,OK
2026-08-14T17:32:56.805840Z,3770,245.2,12060,OK,OK,OK
2026-08-14T17:33:02.347141Z,3778,245.2,12060,OK,OK,OK
2026-08-14T17:33:07.834897Z,3759,245.2,12060,OK,OK,OK
2026-08-14T17:33:13.391192Z,3787,245.9,12060,OK,OK,OK
2026-08-14T17:33:18.878712Z,3770,245.8,12060,OK,OK,OK
2026-08-14T17:33:24.400433Z,3761,245.9,12060,OK,OK,OK
2026-08-14T17:33:29.876531Z,3753,245.5,12060,OK,OK,OK
2026-08-14T17:33:35.417254Z,4967,245.4,12060,OK,OK,OK
2026-08-14T17:33:40.921889Z,4823,245.5,12060,OK,OK,OK
2026-08-14T17:33:46.442444Z,4810,245.6,12060,OK,OK,OK
2026-08-14T17:33:51.958701Z,4824,245.6,12060,OK,OK,OK
2026-08-14T17:33:57.472172Z,4819,245.4,12060,OK,OK,OK
2026-08-14T17:34:02.946056Z,4828,245.6,12060,OK,OK,OK
2026-08-14T17:34:08.485207Z,4847,245.6,12060,OK,OK,OK
2026-08-14T17:34:14.068665Z,4857,245.5,12060,OK,OK,OK
2026-08-14T17:34:19.605362Z,4857,245.6,12060,OK,OK,OK
2026-08-14T17:34:25.113635Z,4851,245.6,12060,OK,OK,OK
2026-08-14T17:34:30.617398Z,4850,245.5,12060,OK,OK,OK
2026-08-14T17:34:36.094977Z,4840,245.6,12060,OK,OK,OK
2026-08-14T17:34:41.646507Z,4806,245.6,12060,OK,OK,OK
2026-08-14T17:34:47.121781Z,4948,245.7,12060,OK,OK,OK
2026-08-14T17:34:52.616377Z,4935,245.7,12060,OK,OK,OK
2026-08-14T17:34:58.109769Z,4927,245.7,12060,OK,OK,OK
2026-08-14T17:35:03.604224Z,4914,245.5,12060,OK,OK,OK
2026-08-14T17:35:09.099541Z,4918,245.6,12060,OK,OK,OK
2026-08-14T17:35:14.620837Z,4954,245.3,12060,OK,OK,OK
2026-08-14T17:35:20.127767Z,4949,245.5,12060,OK,OK,OK
2026-08-14T17:35:25.664099Z,4935,245.5,12060,OK,OK,OK
2026-08-14T17:35:31.124123Z,4925,245.6,12060,OK,OK,OK
2026-08-14T17:35:36.631664Z,4936,245.5,12060,OK,OK,OK
2026-08-14T17:35:42.156097Z,4822,245.7,15547,OK,OK,OK
2026-08-14T17:35:47.656214Z,4791,245.7,15547,OK,OK,OK
2026-08-14T17:35:53.146074Z,4800,245.6,15547,OK,OK,OK
2026-08-14T17:35:58.667555Z,4806,245.7,15547,OK,OK,OK
2026-08-14T17:36:04.162927Z,4939,245.7,15547,OK,OK,OK
2026-08-14T17:36:09.672224Z,4927,245.7,15547,OK,OK,OK
2026-08-14T17:36:15.142766Z,4946,246.1,15547,OK,OK,OK
2026-08-14T17:36:20.705417Z,4949,246.1,15547,OK,OK,OK
2026-08-14T17:36:26.201971Z,4971,246.1,15547,OK,OK,OK
2026-08-14T17:36:31.708413Z,4942,246.2,15547,OK,OK,OK
2026-08-14T17:36:37.262924Z,3237,246.9,15547,OK,OK,OK
2026-08-14T17:36:42.762947Z,3226,246.9,15547,OK,OK,OK
2026-08-14T17:36:48.290813Z,3105,246.9,15547,OK,OK,OK
2026-08-14T17:36:53.794551Z,3119,247.0,15547,OK,OK,OK
2026-08-14T17:36:59.275638Z,3095,246.9,15547,OK,OK,OK
2026-08-14T17:37:04.743106Z,3102,246.9,15547,OK,OK,OK
2026-08-14T17:37:10.218697Z,3099,246.7,15547,OK,OK,OK
2026-08-14T17:37:15.702224Z,3119,246.9,15547,OK,OK,OK
2026-08-14T17:37:21.171988Z,3117,246.9,15547,OK,OK,OK
2026-08-14T17:37:26.651861Z,3104,246.7,15547,OK,OK,OK
2026-08-14T17:37:32.155256Z,3097,246.7,15547,OK,OK,OK
2026-08-14T17:37:37.667965Z,3117,246.7,15547,OK,OK,OK
2026-08-14T17:37:43.200741Z,3106,246.7,15547,OK,OK,OK
2026-08-14T17:37:48.698985Z,3108,247.0,15547,OK,OK,OK
2026-08-14T17:37:54.216075Z,3111,246.9,15547,OK,OK,OK
2026-08-14T17:37:59.723650Z,3106,246.9,15547,OK,OK,OK
2026-08-14T17:38:05.216710Z,3244,246.9,15547,OK,OK,OK
2026-08-14T17:38:10.731929Z,3232,246.8,15547,OK,OK,OK
2026-08-14T17:38:16.281278Z,3235,246.8,15547,OK,OK,OK
2026-08-14T17:38:21.760006Z,3284,246.9,15547,OK,OK,OK
2026-08-14T17:38:27.295462Z,3234,246.8,15547,OK,OK,OK
2026-08-14T17:38:32.827243Z,2056,247.3,15547,OK,OK,OK
2026-08-14T17:38:38.330889Z,2080,247.3,15547,OK,OK,OK
2026-08-14T17:38:43.833194Z,3246,246.6,15547,OK,OK,OK
2026-08-14T17:38:49.354918Z,3234,246.8,15547,OK,OK,OK
2026-08-14T17:38:54.856824Z,3256,246.9,15547,OK,OK,OK
2026-08-14T17:39:00.393324Z,3233,246.8,15547,OK,OK,OK
2026-08-14T17:39:05.930438Z,3241,246.9,15547,OK,OK,OK
2026-08-14T17:39:11.456240Z,3223,246.8,15547,OK,OK,OK
2026-08-14T17:39:16.991199Z,3232,246.7,15547,OK,OK,OK
2026-08-14T17:39:22.518340Z,3233,246.7,15547,OK,OK,OK
2026-08-14T17:39:28.052266Z,3219,246.6,15547,OK,OK,OK
2026-08-14T17:39:33.577592Z,3213,246.7,15547,OK,OK,OK
2026-08-14T17:39:39.110009Z,3180,246.8,15547,OK,OK,OK
2026-08-14T17:39:44.608606Z,3181,246.8,15547,OK,OK,OK
2026-08-14T17:39:50.113703Z,3184,246.7,15547,OK,OK,OK
2026-08-14T17:39:55.626332Z,3208,246.9,15547,OK,OK,OK
2026-08-14T17:40:01.116343Z,3163,246.9,15547,OK,OK,OK
2026-08-14T17:40:06.624147Z,3149,246.9,15547,OK,OK,OK
2026-08-14T17:40:12.148213Z,3090,246.8,15547,OK,OK,OK
2026-08-14T17:40:17.679327Z,3083,246.8,15547,OK,OK,OK
2026-08-14T17:40:23.177542Z,3104,246.9,15547,OK,OK,OK
2026-08-14T17:40:28.685586Z,3088,246.8,15547,OK,OK,OK
2026-08-14T17:40:34.204577Z,3090,246.6,15547,OK,OK,OK
2026-08-14T17:40:39.694460Z,3155,246.7,15547,OK,OK,OK
2026-08-14T17:40:45.186621Z,3133,246.7,15547,OK,OK,OK
2026-08-14T17:40:50.712850Z,3122,246.5,15547,OK,OK,OK
2026-08-14T17:40:56.237712Z,3118,246.6,15547,OK,OK,OK
2026-08-14T17:41:01.735794Z,3281,246.5,15547,OK,OK,OK
2026-08-14T17:41:07.224921Z,3240,246.5,15547,OK,OK,OK
2026-08-14T17:41:12.714168Z,3220,246.6,15547,OK,OK,OK
2026-08-14T17:41:18.212912Z,3223,246.7,15547,OK,OK,OK
2026-08-14T17:41:23.659783Z,3222,246.6,15547,OK,OK,OK
2026-08-14T17:41:29.165108Z,2037,247.1,15547,OK,OK,OK
2026-08-14T17:41:34.609695Z,2023,247.1,15547,OK,OK,OK
2026-08-14T17:41:40.105085Z,2050,247.1,15547,OK,OK,OK
2026-08-14T17:41:45.606160Z,2030,247.1,15547,OK,OK,OK
2026-08-14T17:41:51.125589Z,2023,247.1,15547,OK,OK,OK
2026-08-14T17:41:56.649835Z,1988,247.1,15547,OK,OK,OK
2026-08-14T17:42:02.132011Z,1994,247.0,15547,OK,OK,OK
2026-08-14T17:42:07.639171Z,1988,246.9,15547,OK,OK,OK
2026-08-14T17:42:13.160332Z,1992,247.1,15547,OK,OK,OK
2026-08-14T17:42:18.690974Z,1880,247.0,15547,OK,OK,OK
2026-08-14T17:42:24.198772Z,1887,247.0,15547,OK,OK,OK
2026-08-14T17:42:29.712957Z,1895,247.0,15547,OK,OK,OK
2026-08-14T17:42:35.217837Z,1887,247.1,15547,OK,OK,OK
2026-08-14T17:42:40.742493Z,1892,247.1,15547,OK,OK,OK
2026-08-14T17:42:46.277485Z,1887,247.1,15547,OK,OK,OK
2026-08-14T17:42:51.799399Z,2092,247.0,15547,OK,OK,OK
2026-08-14T17:42:57.335169Z,2301,246.9,15547,OK,OK,OK
2026-08-14T17:43:02.861931Z,2171,246.9,15547,OK,OK,OK
2026-08-14T17:43:08.350285Z,2171,247.0,15547,OK,OK,OK
2026-08-14T17:43:13.884834Z,2157,247.0,15547,OK,OK,OK
2026-08-14T17:43:19.438306Z,2270,247.0,15547,OK,OK,OK
2026-08-14T17:43:24.951478Z,2260,246.9,15547,OK,OK,OK
2026-08-14T17:43:30.443626Z,2255,246.8,15547,OK,OK,OK
2026-08-14T17:43:35.951865Z,2162,246.6,15547,OK,OK,OK
2026-08-14T17:43:41.434712Z,3847,246.0,15547,OK,OK,OK
2026-08-14T17:43:46.916311Z,3877,246.1,15547,OK,OK,OK
2026-08-14T17:43:52.414235Z,3895,246.1,15547,OK,OK,OK
2026-08-14T17:43:57.914055Z,5122,245.7,15547,OK,OK,OK
2026-08-14T17:44:03.451758Z,5136,245.7,15547,OK,OK,OK
2026-08-14T17:44:08.962995Z,5183,245.4,15547,OK,OK,OK
2026-08-14T17:44:14.440182Z,5189,245.4,15547,OK,OK,OK
2026-08-14T17:44:19.999664Z,5173,245.5,15547,OK,OK,OK
2026-08-14T17:44:25.516871Z,5151,245.7,15547,OK,OK,OK
2026-08-14T17:44:31.001332Z,5131,245.6,15547,OK,OK,OK
2026-08-14T17:44:36.509518Z,5140,245.7,15547,OK,OK,OK
2026-08-14T17:44:42.008686Z,5191,245.6,15547,OK,OK,OK
2026-08-14T17:44:47.514000Z,5171,245.5,15547,OK,OK,OK
2026-08-14T17:44:52.992010Z,5197,245.6,15547,OK,OK,OK
2026-08-14T17:44:58.511957Z,5246,245.6,15547,OK,OK,OK
2026-08-14T17:45:04.006163Z,5215,245.7,15547,OK,OK,OK
2026-08-14T17:45:09.506434Z,5225,245.7,15547,OK,OK,OK
2026-08-14T17:45:15.052548Z,5149,245.6,15547,OK,OK,OK
2026-08-14T17:45:20.580701Z,5199,245.7,15547,OK,OK,OK
2026-08-14T17:45:26.061304Z,5093,245.8,15547,OK,OK,OK
2026-08-14T17:45:31.547932Z,5050,245.8,15547,OK,OK,OK
2026-08-14T17:45:37.039705Z,5067,245.8,15547,OK,OK,OK
2026-08-14T17:45:42.491094Z,5070,245.8,15547,OK,OK,OK
2026-08-14T17:45:47.973643Z,5090,245.8,15547,OK,OK,OK
2026-08-14T17:45:53.438357Z,5093,245.9,15547,OK,OK,OK
2026-08-14T17:45:58.949265Z,5095,246.0,15547,OK,OK,OK
2026-08-14T17:46:04.436334Z,4992,246.0,15547,OK,OK,OK
2026-08-14T17:46:09.968293Z,4992,246.0,15547,OK,OK,OK
2026-08-14T17:46:15.448142Z,4972,245.9,15547,OK,OK,OK
2026-08-14T17:46:20.989644Z,5054,245.7,15547,OK,OK,OK
2026-08-14T17:46:26.476632Z,5082,245.7,15547,OK,OK,OK
2026-08-14T17:46:31.973158Z,5078,245.7,15547,OK,OK,OK
2026-08-14T17:46:37.475925Z,5050,245.8,15547,OK,OK,OK
2026-08-14T17:46:42.955429Z,4971,245.7,15547,OK,OK,OK
2026-08-14T17:46:48.479998Z,3770,246.1,15547,OK,OK,OK
2026-08-14T17:46:53.953998Z,3799,245.9,15547,OK,OK,OK
2026-08-14T17:46:59.475001Z,3787,245.9,15547,OK,OK,OK
2026-08-14T17:47:04.964711Z,5002,245.3,15547,OK,OK,OK
2026-08-14T17:47:10.447499Z,5061,245.4,15547,OK,OK,OK
2026-08-14T17:47:15.972561Z,5094,245.5,15547,OK,OK,OK
2026-08-14T17:47:21.474866Z,5107,245.5,15547,OK,OK,OK
2026-08-14T17:47:27.000195Z,5055,245.6,15547,OK,OK,OK
2026-08-14T17:47:32.560153Z,5036,245.6,15547,OK,OK,OK
2026-08-14T17:47:38.067063Z,5037,245.6,15547,OK,OK,OK
2026-08-14T17:47:43.589246Z,5074,245.6,15547,OK,OK,OK
2026-08-14T17:47:49.089650Z,5070,245.6,15547,OK,OK,OK
2026-08-14T17:47:54.617711Z,5163,245.4,15547,OK,OK,OK
2026-08-14T17:48:00.104848Z,5158,245.4,15547,OK,OK,OK
2026-08-14T17:48:05.603280Z,5181,245.4,15547,OK,OK,OK
2026-08-14T17:48:11.098724Z,5202,245.4,15547,OK,OK,OK
2026-08-14T17:48:16.624130Z,5121,245.5,15547,OK,OK,OK
2026-08-14T17:48:22.143198Z,5255,245.2,15547,OK,OK,OK
2026-08-14T17:48:27.635790Z,5254,245.2,15547,OK,OK,OK
2026-08-14T17:48:33.132329Z,5337,245.3,15547,OK,OK,OK
2026-08-14T17:48:38.602143Z,5276,245.1,15547,OK,OK,OK
2026-08-14T17:48:44.042335Z,5303,245.0,15547,OK,OK,OK
2026-08-14T17:48:49.545703Z,5307,244.8,15547,OK,OK,OK
2026-08-14T17:48:55.022654Z,5328,245.0,15547,OK,OK,OK
2026-08-14T17:49:00.557597Z,5325,245.0,15547,OK,OK,OK
2026-08-14T17:49:06.036461Z,5206,244.9,15547,OK,OK,OK
2026-08-14T17:49:11.561393Z,5217,244.9,15547,OK,OK,OK
2026-08-14T17:49:17.047482Z,5110,244.9,15547,OK,OK,OK
2026-08-14T17:49:22.576780Z,5222,245.0,15547,OK,OK,OK
2026-08-14T17:49:28.077313Z,5204,245.1,15547,OK,OK,OK
2026-08-14T17:49:33.617863Z,5215,245.1,15547,OK,OK,OK
2026-08-14T17:49:39.104955Z,3895,245.7,15547,OK,OK,OK
2026-08-14T17:49:45.163617Z,3896,245.7,15547,OK,OK,OK
2026-08-14T17:49:50.714383Z,3837,245.7,15547,OK,OK,OK
2026-08-14T17:49:56.206703Z,3874,244.4,15547,OK,OK,OK
2026-08-14T17:50:01.730720Z,3894,245.0,15547,OK,OK,OK
2026-08-14T17:50:07.235992Z,3893,245.0,15547,OK,OK,OK
2026-08-14T17:50:12.745732Z,3945,245.0,15547,OK,OK,OK
2026-08-14T17:50:18.248271Z,3979,244.9,15547,OK,OK,OK
2026-08-14T17:50:23.729273Z,3979,244.9,15547,OK,OK,OK
2026-08-14T17:50:29.253902Z,3942,244.8,15547,OK,OK,OK
2026-08-14T17:50:34.779849Z,3916,244.7,15547,OK,OK,OK
2026-08-14T17:50:40.257842Z,3882,244.7,15547,OK,OK,OK
2026-08-14T17:50:45.747397Z,3953,244.7,15547,OK,OK,OK
2026-08-14T17:50:51.257690Z,3982,244.7,15547,OK,OK,OK
2026-08-14T17:50:56.736010Z,5408,244.2,15547,OK,OK,OK
2026-08-14T17:51:02.245820Z,5224,244.2,15271,OK,OK,OK
2026-08-14T17:51:07.753552Z,5213,244.4,15271,OK,OK,OK
2026-08-14T17:51:13.250291Z,5227,244.3,15271,OK,OK,OK
2026-08-14T17:51:18.758670Z,5151,244.4,15271,OK,OK,OK
2026-08-14T17:51:24.262237Z,5209,244.4,15271,OK,OK,OK
2026-08-14T17:51:29.760355Z,3988,245.0,15271,OK,OK,OK
2026-08-14T17:51:35.225877Z,3975,244.8,15271,OK,OK,OK
2026-08-14T17:51:40.709919Z,3997,244.8,15271,OK,OK,OK
2026-08-14T17:51:46.246169Z,3969,244.8,15271,OK,OK,OK
2026-08-14T17:51:51.719775Z,4024,244.8,15271,OK,OK,OK
2026-08-14T17:51:57.231198Z,3948,244.8,15271,OK,OK,OK
2026-08-14T17:52:02.666703Z,3981,244.7,15271,OK,OK,OK
2026-08-14T17:52:08.176228Z,3846,244.9,15271,OK,OK,OK
2026-08-14T17:52:13.678228Z,3829,244.8,15271,OK,OK,OK
2026-08-14T17:52:19.184695Z,3851,244.9,15271,OK,OK,OK
2026-08-14T17:52:24.691241Z,3898,244.9,15271,OK,OK,OK
2026-08-14T17:52:30.205069Z,3894,244.8,15271,OK,OK,OK
2026-08-14T17:52:35.702169Z,3883,244.9,15271,OK,OK,OK
2026-08-14T17:52:41.186514Z,3789,244.9,15271,OK,OK,OK
2026-08-14T17:52:46.709112Z,3791,244.9,15271,OK,OK,OK
2026-08-14T17:52:52.233363Z,3778,244.8,15271,OK,OK,OK
2026-08-14T17:52:57.765648Z,3798,244.7,15271,OK,OK,OK
2026-08-14T17:53:03.242127Z,3822,244.8,15271,OK,OK,OK
2026-08-14T17:53:08.740562Z,3720,244.6,15271,OK,OK,OK
2026-08-14T17:53:14.258323Z,3694,244.8,15271,OK,OK,OK
2026-08-14T17:53:19.783485Z,3634,244.9,15271,OK,OK,OK
2026-08-14T17:53:25.281690Z,3646,244.8,15271,OK,OK,OK
2026-08-14T17:53:30.790870Z,3644,244.9,15271,OK,OK,OK
2026-08-14T17:53:36.316261Z,3634,245.0,15271,OK,OK,OK
2026-08-14T17:53:41.836376Z,3639,245.1,15271,OK,OK,OK
2026-08-14T17:53:47.344611Z,3637,245.1,15271,OK,OK,OK
2026-08-14T17:53:52.836810Z,3631,245.1,15271,OK,OK,OK
2026-08-14T17:53:58.354152Z,3665,245.1,15271,OK,OK,OK
2026-08-14T17:54:03.887234Z,3662,245.1,15271,OK,OK,OK
2026-08-14T17:54:09.395658Z,3669,245.1,15271,OK,OK,OK
2026-08-14T17:54:14.950244Z,3674,245.1,15271,OK,OK,OK
2026-08-14T17:54:20.505433Z,3690,245.1,15271,OK,OK,OK
2026-08-14T17:54:26.023286Z,3691,245.0,15271,OK,OK,OK
2026-08-14T17:54:31.568861Z,3690,245.1,15271,OK,OK,OK
2026-08-14T17:54:37.081004Z,3696,245.1,15271,OK,OK,OK
2026-08-14T17:54:42.614927Z,3694,245.1,15271,OK,OK,OK
2026-08-14T17:54:48.107863Z,3682,245.2,15271,OK,OK,OK
2026-08-14T17:54:53.624618Z,3712,245.3,15271,OK,OK,OK
2026-08-14T17:54:59.155826Z,3674,245.2,15271,OK,OK,OK
2026-08-14T17:55:04.702306Z,3696,245.3,15271,OK,OK,OK
2026-08-14T17:55:10.216226Z,3656,245.4,15271,OK,OK,OK
2026-08-14T17:55:15.750561Z,3656,245.2,15271,OK,OK,OK
2026-08-14T17:55:21.252613Z,3669,245.4,15271,OK,OK,OK
2026-08-14T17:55:26.759956Z,3679,245.3,15271,OK,OK,OK
2026-08-14T17:55:32.269297Z,3701,245.2,15271,OK,OK,OK
2026-08-14T17:55:37.804201Z,3718,245.2,15271,OK,OK,OK
2026-08-14T17:55:43.315711Z,3734,245.2,15271,OK,OK,OK
2026-08-14T17:55:48.810363Z,3737,245.2,15271,OK,OK,OK
2026-08-14T17:55:54.349023Z,3731,245.1,15271,OK,OK,OK
2026-08-14T17:55:59.871192Z,3717,245.4,15271,OK,OK,OK
2026-08-14T17:56:05.370093Z,3720,245.4,15271,OK,OK,OK
2026-08-14T17:56:10.852771Z,3704,245.3,15271,OK,OK,OK
2026-08-14T17:56:16.344764Z,3684,245.4,15271,OK,OK,OK
2026-08-14T17:56:21.831934Z,3701,245.4,15271,OK,OK,OK
2026-08-14T17:56:27.370161Z,3692,245.4,15271,OK,OK,OK
2026-08-14T17:56:32.876145Z,3695,245.6,15271,OK,OK,OK
2026-08-14T17:56:38.408949Z,3681,244.7,15271,OK,OK,OK
2026-08-14T17:56:43.918805Z,3656,242.2,15271,OK,OK,OK
2026-08-14T17:56:49.460643Z,3648,241.0,15271,OK,OK,OK
2026-08-14T17:56:54.912814Z,3649,241.7,15271,OK,OK,OK
2026-08-14T17:57:00.439614Z,3635,241.4,15271,OK,OK,OK
2026-08-14T17:57:05.977541Z,3612,241.3,15271,OK,OK,OK
2026-08-14T17:57:11.495208Z,3608,241.4,15271,OK,OK,OK
2026-08-14T17:57:17.026841Z,3601,241.5,15271,OK,OK,OK
2026-08-14T17:57:22.485766Z,3613,241.7,15271,OK,OK,OK
2026-08-14T17:57:28.009283Z,3599,241.7,15271,OK,OK,OK
2026-08-14T17:57:33.516295Z,3592,241.7,15271,OK,OK,OK
2026-08-14T17:57:39.038802Z,3588,241.7,15271,OK,OK,OK
2026-08-14T17:57:44.584253Z,3587,241.7,15271,OK,OK,OK
2026-08-14T17:57:50.113810Z,3579,242.0,15271,OK,OK,OK
2026-08-14T17:57:55.617263Z,3569,244.0,15271,OK,OK,OK
2026-08-14T17:58:01.135809Z,3550,241.7,15271,OK,OK,OK
2026-08-14T17:58:06.666518Z,3564,243.2,15271,OK,OK,OK
2026-08-14T17:58:12.233047Z,3551,242.5,15271,OK,OK,OK
2026-08-14T17:58:17.720671Z,3546,242.1,15271,OK,OK,OK
2026-08-14T17:58:23.240649Z,3560,243.1,15271,OK,OK,OK
2026-08-14T17:58:28.748866Z,3570,244.9,15271,OK,OK,OK
2026-08-14T17:58:34.270086Z,3593,245.7,15271,OK,OK,OK
2026-08-14T17:58:39.762268Z,3574,244.7,15271,OK,OK,OK
2026-08-14T17:58:45.289595Z,3584,245.7,15271,OK,OK,OK
2026-08-14T17:58:50.817063Z,3573,245.8,15271,OK,OK,OK
2026-08-14T17:58:56.301984Z,3572,245.8,15271,OK,OK,OK
2026-08-14T17:59:01.769714Z,3578,245.8,15271,OK,OK,OK
2026-08-14T17:59:07.271367Z,3580,245.8,15271,OK,OK,OK
2026-08-14T17:59:12.806013Z,3582,245.8,15271,OK,OK,OK
2026-08-14T17:59:18.297484Z,3578,245.8,15271,OK,OK,OK
2026-08-14T17:59:23.781478Z,3586,245.8,15271,OK,OK,OK
2026-08-14T17:59:29.283145Z,3604,245.9,15271,OK,OK,OK
2026-08-14T17:59:34.800728Z,3605,245.8,15271,OK,OK,OK
2026-08-14T17:59:40.296157Z,3612,245.8,15271,OK,OK,OK
2026-08-14T17:59:45.828012Z,3604,245.9,15271,OK,OK,OK
2026-08-14T17:59:51.290157Z,3608,245.8,15271,OK,OK,OK
2026-08-14T17:59:56.824382Z,3666,245.8,15271,OK,OK,OK
2026-08-14T18:00:02.308809Z,3659,245.8,15271,OK,OK,OK
2026-08-14T18:00:07.825282Z,3677,245.8,15271,OK,OK,OK
2026-08-14T18:00:13.295613Z,3690,245.8,15271,OK,OK,OK
2026-08-14T18:00:18.789682Z,3680,245.8,15271,OK,OK,OK
2026-08-14T18:00:24.290829Z,3710,245.8,15271,OK,OK,OK
2026-08-14T18:00:29.773976Z,3692,245.8,15271,OK,OK,OK
2026-08-14T18:00:35.271523Z,3689,245.8,15271,OK,OK,OK
2026-08-14T18:00:40.780915Z,3696,245.8,15271,OK,OK,OK
2026-08-14T18:00:46.272240Z,3678,245.8,15271,OK,OK,OK
2026-08-14T18:00:51.806624Z,3674,245.8,15271,OK,OK,OK
2026-08-14T18:00:57.302187Z,3659,245.8,15271,OK,OK,OK
2026-08-14T18:01:02.795309Z,3658,245.8,15271,OK,OK,OK
2026-08-14T18:01:08.276512Z,3671,245.8,15271,OK,OK,OK
2026-08-14T18:01:13.790465Z,3654,245.8,15271,OK,OK,OK
2026-08-14T18:01:19.332461Z,3644,245.8,15271,OK,OK,OK
2026-08-14T18:01:24.834870Z,3680,245.8,15271,OK,OK,OK
2026-08-14T18:01:30.340018Z,3709,245.7,15271,OK,OK,OK
2026-08-14T18:01:35.850666Z,3706,245.6,15271,OK,OK,OK
2026-08-14T18:01:41.373545Z,3706,245.8,15271,OK,OK,OK
2026-08-14T18:01:46.908580Z,3696,245.6,15271,OK,OK,OK
2026-08-14T18:01:52.410155Z,3679,245.8,15271,OK,OK,OK
2026-08-14T18:01:57.972763Z,3708,245.8,15271,OK,OK,OK
2026-08-14T18:02:03.485973Z,3716,245.7,15271,OK,OK,OK
2026-08-14T18:02:08.981085Z,3720,245.7,15271,OK,OK,OK
2026-08-14T18:02:14.506355Z,3732,245.7,15271,OK,OK,OK
2026-08-14T18:02:20.011516Z,3715,245.7,15271,OK,OK,OK
2026-08-14T18:02:25.528533Z,3717,245.6,15271,OK,OK,OK
2026-08-14T18:02:31.054113Z,3728,245.6,15271,OK,OK,OK
2026-08-14T18:02:36.594665Z,3766,245.7,15271,OK,OK,OK
2026-08-14T18:02:42.103875Z,3790,245.6,15271,OK,OK,OK
2026-08-14T18:02:47.638647Z,3779,245.7,15271,OK,OK,OK
2026-08-14T18:02:53.109151Z,3752,243.9,15271,OK,OK,OK
2026-08-14T18:02:58.611035Z,3781,245.2,15271,OK,OK,OK
2026-08-14T18:03:04.117159Z,3790,245.6,15271,OK,OK,OK
2026-08-14T18:03:09.648939Z,3798,245.7,15271,OK,OK,OK
2026-08-14T18:03:15.180579Z,3788,245.5,15271,OK,OK,OK
2026-08-14T18:03:20.665147Z,3791,245.7,15271,OK,OK,OK
2026-08-14T18:03:26.158903Z,3809,245.6,15271,OK,OK,OK
2026-08-14T18:03:31.687037Z,3776,245.7,15271,OK,OK,OK
2026-08-14T18:03:37.174500Z,3749,245.2,15271,OK,OK,OK
2026-08-14T18:03:42.655340Z,3725,244.4,15271,OK,OK,OK
2026-08-14T18:03:48.157510Z,3703,242.2,15271,OK,OK,OK
2026-08-14T18:03:53.680068Z,3682,242.4,15271,OK,OK,OK
2026-08-14T18:03:59.167360Z,1955,243.1,15271,OK,OK,OK
2026-08-14T18:04:04.688523Z,1948,243.1,15271,OK,OK,OK
2026-08-14T18:04:10.163660Z,1935,243.0,15271,OK,OK,OK
2026-08-14T18:04:15.678652Z,1924,243.4,15271,OK,OK,OK
2026-08-14T18:04:21.146229Z,1936,245.2,15271,OK,OK,OK
2026-08-14T18:04:26.650201Z,1948,245.3,15271,OK,OK,OK
2026-08-14T18:04:32.092518Z,1944,244.9,15271,OK,OK,OK
2026-08-14T18:04:37.639532Z,1951,245.2,15271,OK,OK,OK
2026-08-14T18:04:43.107318Z,1941,245.3,15271,OK,OK,OK
2026-08-14T18:04:48.572484Z,1944,246.1,15271,OK,OK,OK
2026-08-14T18:04:54.085509Z,1942,246.7,15271,OK,OK,OK
2026-08-14T18:04:59.570105Z,1941,246.8,15271,OK,OK,OK
2026-08-14T18:05:05.052948Z,1937,246.8,15271,OK,OK,OK
2026-08-14T18:05:10.589777Z,1943,246.7,15271,OK,OK,OK
2026-08-14T18:05:16.095563Z,1945,246.9,15271,OK,OK,OK
2026-08-14T18:05:21.618175Z,1947,246.7,15271,OK,OK,OK
2026-08-14T18:05:27.123476Z,1946,246.7,15271,OK,OK,OK
2026-08-14T18:05:32.643937Z,1954,246.7,15271,OK,OK,OK
2026-08-14T18:05:38.123252Z,1943,246.8,15271,OK,OK,OK
2026-08-14T18:05:43.641181Z,1955,246.8,15271,OK,OK,OK
2026-08-14T18:05:49.132765Z,1950,246.8,15271,OK,OK,OK
2026-08-14T18:05:54.673264Z,1978,246.8,15271,OK,OK,OK
2026-08-14T18:06:00.201000Z,1950,246.9,15271,OK,OK,OK
2026-08-14T18:06:05.715380Z,1951,246.8,15271,OK,OK,OK
2026-08-14T18:06:11.241282Z,1935,246.8,15271,OK,OK,OK
2026-08-14T18:06:16.754275Z,1951,246.8,15271,OK,OK,OK
2026-08-14T18:06:22.271199Z,1936,246.6,15268,OK,OK,OK
2026-08-14T18:06:27.746406Z,1958,245.2,15268,OK,OK,OK
2026-08-14T18:06:33.273101Z,1968,243.8,15268,OK,OK,OK
2026-08-14T18:06:38.762838Z,1948,242.7,15268,OK,OK,OK
2026-08-14T18:06:44.267215Z,1940,242.6,15268,OK,OK,OK
2026-08-14T18:06:49.739086Z,1938,242.3,15268,OK,OK,OK
2026-08-14T18:06:55.237329Z,1924,242.3,15268,OK,OK,OK
2026-08-14T18:07:00.768892Z,1932,242.5,15268,OK,OK,OK
2026-08-14T18:07:06.250984Z,1903,242.5,15268,OK,OK,OK
2026-08-14T18:07:11.716038Z,1958,242.6,15268,OK,OK,OK
2026-08-14T18:07:17.239063Z,1931,242.8,15268,OK,OK,OK
2026-08-14T18:07:22.760850Z,1923,242.8,15268,OK,OK,OK
2026-08-14T18:07:28.247220Z,1954,243.1,15268,OK,OK,OK
2026-08-14T18:07:33.751564Z,1965,243.2,15268,OK,OK,OK
2026-08-14T18:07:39.277148Z,1964,243.2,15268,OK,OK,OK
2026-08-14T18:07:44.768360Z,1976,243.1,15268,OK,OK,OK
2026-08-14T18:07:50.275087Z,2154,242.9,15268,OK,OK,OK
2026-08-14T18:07:55.733942Z,3651,242.2,15268,OK,OK,OK
2026-08-14T18:08:01.237727Z,3643,242.4,15268,OK,OK,OK
2026-08-14T18:08:06.714345Z,3647,242.4,15268,OK,OK,OK
2026-08-14T18:08:12.204162Z,3650,242.5,15268,OK,OK,OK
2026-08-14T18:08:17.709601Z,3708,242.5,15268,OK,OK,OK
2026-08-14T18:08:23.178648Z,1977,243.2,15268,OK,OK,OK
2026-08-14T18:08:28.685573Z,1978,243.2,15268,OK,OK,OK
2026-08-14T18:08:34.182161Z,1989,243.2,15268,OK,OK,OK
2026-08-14T18:08:39.702273Z,1990,243.2,15268,OK,OK,OK
2026-08-14T18:08:45.220325Z,1994,243.2,15268,OK,OK,OK
2026-08-14T18:08:50.743342Z,1980,243.2,15268,OK,OK,OK
2026-08-14T18:08:56.246041Z,1955,243.1,15268,OK,OK,OK
2026-08-14T18:09:01.731770Z,1978,243.3,15268,OK,OK,OK
2026-08-14T18:09:07.211416Z,1954,243.3,15268,OK,OK,OK
2026-08-14T18:09:12.719490Z,1954,243.3,15268,OK,OK,OK
2026-08-14T18:09:18.208964Z,1981,243.2,15268,OK,OK,OK
2026-08-14T18:09:23.724552Z,1988,243.2,15268,OK,OK,OK
2026-08-14T18:09:29.210993Z,1954,243.2,15268,OK,OK,OK
2026-08-14T18:09:34.737752Z,1942,243.3,15268,OK,OK,OK
2026-08-14T18:09:40.259182Z,1940,243.2,15268,OK,OK,OK
2026-08-14T18:09:45.788337Z,1934,243.2,15268,OK,OK,OK
2026-08-14T18:09:51.274677Z,1937,243.2,15268,OK,OK,OK
2026-08-14T18:09:56.761961Z,1919,243.1,15268,OK,OK,OK
2026-08-14T18:10:02.263028Z,1888,243.2,15268,OK,OK,OK
2026-08-14T18:10:07.827122Z,1910,243.2,15268,OK,OK,OK
2026-08-14T18:10:13.311491Z,1899,243.2,15268,OK,OK,OK
2026-08-14T18:10:18.812852Z,1893,243.2,15268,OK,OK,OK
2026-08-14T18:10:24.289307Z,1912,243.0,15268,OK,OK,OK
2026-08-14T18:10:29.805859Z,1913,243.2,15268,OK,OK,OK
2026-08-14T18:10:35.275024Z,1892,243.2,15268,OK,OK,OK
2026-08-14T18:10:40.825949Z,1911,243.2,15268,OK,OK,OK
2026-08-14T18:10:46.304141Z,1906,243.2,15268,OK,OK,OK
2026-08-14T18:10:51.785640Z,1936,243.2,15268,OK,OK,OK
2026-08-14T18:10:57.300288Z,2843,242.6,15268,OK,OK,OK
2026-08-14T18:11:02.837975Z,3478,242.5,15268,OK,OK,OK
2026-08-14T18:11:08.344271Z,3516,242.5,15268,OK,OK,OK
2026-08-14T18:11:13.840573Z,3525,242.5,15268,OK,OK,OK
2026-08-14T18:11:19.389138Z,3548,242.4,15268,OK,OK,OK
2026-08-14T18:11:24.915101Z,3566,242.4,15268,OK,OK,OK
2026-08-14T18:11:30.401499Z,3584,242.4,15268,OK,OK,OK
2026-08-14T18:11:35.936088Z,3575,242.6,15268,OK,OK,OK
2026-08-14T18:11:41.444757Z,3586,242.6,15268,OK,OK,OK
2026-08-14T18:11:46.969317Z,3580,242.6,15268,OK,OK,OK
2026-08-14T18:11:52.473314Z,3578,242.6,15268,OK,OK,OK
2026-08-14T18:11:57.979461Z,3573,242.7,15268,OK,OK,OK
2026-08-14T18:12:03.512093Z,3568,242.7,15268,OK,OK,OK
2026-08-14T18:12:09.028494Z,3574,242.5,15268,OK,OK,OK
2026-08-14T18:12:14.514605Z,3582,242.7,15268,OK,OK,OK
2026-08-14T18:12:19.997539Z,3591,242.9,15268,OK,OK,OK
2026-08-14T18:12:25.517097Z,3596,243.1,15268,OK,OK,OK
2026-08-14T18:12:31.018235Z,3597,242.9,15268,OK,OK,OK
2026-08-14T18:12:36.490896Z,3605,243.0,15268,OK,OK,OK
2026-08-14T18:12:41.946188Z,3612,243.2,15268,OK,OK,OK
2026-08-14T18:12:47.476557Z,3602,242.9,15268,OK,OK,OK
2026-08-14T18:12:53.000123Z,3608,242.9,15268,OK,OK,OK
2026-08-14T18:12:58.514419Z,3627,242.8,15268,OK,OK,OK
2026-08-14T18:13:04.043241Z,3629,242.8,15268,OK,OK,OK
2026-08-14T18:13:09.587970Z,3638,242.8,15268,OK,OK,OK
2026-08-14T18:13:15.148231Z,3639,242.8,15268,OK,OK,OK
2026-08-14T18:13:20.676677Z,3643,242.8,15268,OK,OK,OK
2026-08-14T18:13:26.150990Z,3658,242.8,15268,OK,OK,OK
2026-08-14T18:13:31.673152Z,3667,243.0,15268,OK,OK,OK
2026-08-14T18:13:37.169672Z,3654,242.3,15268,OK,OK,OK
2026-08-14T18:13:42.702160Z,3675,243.0,15268,OK,OK,OK
2026-08-14T18:13:48.220344Z,3697,243.8,15268,OK,OK,OK
2026-08-14T18:13:53.742501Z,3701,244.1,15268,OK,OK,OK
2026-08-14T18:13:59.233436Z,3682,243.9,15268,OK,OK,OK
2026-08-14T18:14:04.749746Z,3674,244.1,15268,OK,OK,OK
2026-08-14T18:14:10.234983Z,3692,244.2,15268,OK,OK,OK
2026-08-14T18:14:15.789013Z,3718,244.5,15268,OK,OK,OK
2026-08-14T18:14:21.292811Z,3688,244.5,15268,OK,OK,OK
2026-08-14T18:14:26.819465Z,3713,244.9,15268,OK,OK,OK
2026-08-14T18:14:32.350421Z,3693,244.2,15268,OK,OK,OK
2026-08-14T18:14:37.877696Z,3670,243.9,15268,OK,OK,OK
2026-08-14T18:14:43.394816Z,3777,242.8,15268,OK,OK,OK
2026-08-14T18:14:48.901458Z,3764,242.5,15268,OK,OK,OK
2026-08-14T18:14:54.434361Z,3756,243.7,15268,OK,OK,OK
2026-08-14T18:14:59.948730Z,3673,243.3,15268,OK,OK,OK
2026-08-14T18:15:05.461119Z,3668,243.1,15268,OK,OK,OK
2026-08-14T18:15:10.994561Z,3673,242.5,15268,OK,OK,OK
2026-08-14T18:15:16.542934Z,3689,242.5,15268,OK,OK,OK
2026-08-14T18:15:22.059566Z,3735,242.2,15268,OK,OK,OK
2026-08-14T18:15:27.572581Z,3654,242.1,15268,OK,OK,OK
2026-08-14T18:15:33.079489Z,3642,242.0,15268,OK,OK,OK
2026-08-14T18:15:38.613042Z,3571,242.1,15268,OK,OK,OK
2026-08-14T18:15:44.132578Z,3569,242.4,15268,OK,OK,OK
2026-08-14T18:15:49.670648Z,3560,243.4,15268,OK,OK,OK
2026-08-14T18:15:55.182010Z,3604,244.7,15268,OK,OK,OK
2026-08-14T18:16:00.701562Z,3647,244.6,15268,OK,OK,OK
2026-08-14T18:16:06.195305Z,3662,245.0,15268,OK,OK,OK
2026-08-14T18:16:11.711055Z,3671,245.1,15268,OK,OK,OK
2026-08-14T18:16:17.218927Z,3577,244.7,15268,OK,OK,OK
2026-08-14T18:16:22.755490Z,3583,245.0,15268,OK,OK,OK
2026-08-14T18:16:28.252235Z,3578,245.0,15268,OK,OK,OK
2026-08-14T18:16:33.752007Z,3586,245.3,15268,OK,OK,OK
2026-08-14T18:16:39.277857Z,3585,245.1,15268,OK,OK,OK
2026-08-14T18:16:44.762607Z,3585,245.3,15268,OK,OK,OK
2026-08-14T18:16:50.243885Z,3575,245.3,15268,OK,OK,OK
2026-08-14T18:16:55.781131Z,3632,244.5,15268,OK,OK,OK
2026-08-14T18:17:01.287790Z,3575,244.9,15268,OK,OK,OK
2026-08-14T18:17:06.783139Z,3597,245.1,15268,OK,OK,OK
2026-08-14T18:17:12.287363Z,3568,245.2,15268,OK,OK,OK
2026-08-14T18:17:17.823584Z,3572,245.0,15268,OK,OK,OK
2026-08-14T18:17:23.355351Z,3574,245.1,15268,OK,OK,OK
2026-08-14T18:17:28.843037Z,3601,245.2,15268,OK,OK,OK
2026-08-14T18:17:34.348222Z,3576,245.2,15268,OK,OK,OK
2026-08-14T18:17:39.888337Z,3611,245.0,15268,OK,OK,OK
2026-08-14T18:17:45.398082Z,3597,245.2,15268,OK,OK,OK
2026-08-14T18:17:50.886096Z,3608,245.4,15268,OK,OK,OK
2026-08-14T18:17:56.384548Z,3613,245.4,15268,OK,OK,OK
2026-08-14T18:18:01.896009Z,3619,245.2,15268,OK,OK,OK
2026-08-14T18:18:07.406971Z,3618,245.2,15268,OK,OK,OK
2026-08-14T18:18:12.879762Z,3609,245.2,15268,OK,OK,OK
2026-08-14T18:18:18.371267Z,3614,245.4,15268,OK,OK,OK
2026-08-14T18:18:23.841722Z,3607,245.4,15268,OK,OK,OK
2026-08-14T18:18:29.348413Z,3648,245.1,15268,OK,OK,OK
2026-08-14T18:18:34.806411Z,3656,245.0,15268,OK,OK,OK
2026-08-14T18:18:40.344658Z,3648,245.0,15268,OK,OK,OK
2026-08-14T18:18:45.818783Z,3616,245.0,15268,OK,OK,OK
2026-08-14T18:18:51.341033Z,3588,245.0,15268,OK,OK,OK
2026-08-14T18:18:56.829563Z,3603,245.3,15268,OK,OK,OK
2026-08-14T18:19:02.344449Z,3589,245.3,15268,OK,OK,OK
2026-08-14T18:19:07.828090Z,3583,245.1,15268,OK,OK,OK
2026-08-14T18:19:13.326608Z,3566,245.2,15268,OK,OK,OK
2026-08-14T18:19:18.834974Z,3564,245.3,15268,OK,OK,OK
2026-08-14T18:19:24.345128Z,3557,245.1,15268,OK,OK,OK
2026-08-14T18:19:29.861122Z,3550,245.1,15268,OK,OK,OK
2026-08-14T18:19:35.383995Z,3570,245.1,15268,OK,OK,OK
2026-08-14T18:19:40.917696Z,3578,245.1,15268,OK,OK,OK
2026-08-14T18:19:46.423691Z,3582,245.1,15268,OK,OK,OK
2026-08-14T18:19:51.935313Z,3541,245.1,15268,OK,OK,OK
2026-08-14T18:19:57.421636Z,3550,245.1,15268,OK,OK,OK
2026-08-14T18:20:02.903828Z,3567,245.1,15268,OK,OK,OK
2026-08-14T18:20:08.428638Z,3594,245.1,15268,OK,OK,OK
2026-08-14T18:20:13.938085Z,3572,245.0,15268,OK,OK,OK
2026-08-14T18:20:19.429294Z,3632,245.0,15268,OK,OK,OK
2026-08-14T18:20:24.929613Z,3560,245.0,15268,OK,OK,OK
2026-08-14T18:20:30.430478Z,3696,244.9,15268,OK,OK,OK
2026-08-14T18:20:35.923113Z,3529,245.6,15268,OK,OK,OK
2026-08-14T18:20:41.462411Z,3530,245.5,15268,OK,OK,OK
2026-08-14T18:20:46.992262Z,3524,245.5,15268,OK,OK,OK
2026-08-14T18:20:52.484017Z,3512,245.5,15268,OK,OK,OK
2026-08-14T18:20:57.965069Z,3514,245.5,15268,OK,OK,OK
2026-08-14T18:21:03.432459Z,3516,245.6,15268,OK,OK,OK
2026-08-14T18:21:08.947640Z,3518,245.4,15268,OK,OK,OK
2026-08-14T18:21:14.442165Z,3537,245.4,15268,OK,OK,OK
2026-08-14T18:21:19.961026Z,3522,245.4,15268,OK,OK,OK
2026-08-14T18:21:25.453126Z,3557,245.4,15268,OK,OK,OK
2026-08-14T18:21:30.953970Z,3528,245.4,15268,OK,OK,OK
2026-08-14T18:21:36.462206Z,3534,245.4,15268,OK,OK,OK
2026-08-14T18:21:41.972699Z,3546,245.4,15254,OK,OK,OK
2026-08-14T18:21:47.461496Z,3539,245.3,15254,OK,OK,OK
2026-08-14T18:21:52.979997Z,3518,245.3,15254,OK,OK,OK
2026-08-14T18:21:58.485330Z,3517,245.3,15254,OK,OK,OK
2026-08-14T18:22:04.009418Z,3511,245.6,15254,OK,OK,OK
2026-08-14T18:22:09.503566Z,3505,245.6,15254,OK,OK,OK
2026-08-14T18:22:15.003014Z,3504,245.6,15254,OK,OK,OK
2026-08-14T18:22:20.505750Z,3522,245.6,15254,OK,OK,OK
2026-08-14T18:22:26.036469Z,3514,245.5,15254,OK,OK,OK
2026-08-14T18:22:31.514100Z,3527,245.7,15254,OK,OK,OK
2026-08-14T18:22:36.993629Z,3514,245.7,15254,OK,OK,OK
2026-08-14T18:22:42.514145Z,3543,245.7,15254,OK,OK,OK
2026-08-14T18:22:47.990132Z,3531,245.7,15254,OK,OK,OK
2026-08-14T18:22:53.490757Z,3522,245.7,15254,OK,OK,OK
2026-08-14T18:22:59.002621Z,3523,245.6,15254,OK,OK,OK
2026-08-14T18:23:04.494016Z,3518,245.6,15254,OK,OK,OK
2026-08-14T18:23:10.023448Z,3522,245.6,15254,OK,OK,OK
2026-08-14T18:23:15.496973Z,3488,245.6,15254,OK,OK,OK
2026-08-14T18:23:20.984597Z,3527,245.3,15254,OK,OK,OK
2026-08-14T18:23:26.503660Z,3527,245.4,15254,OK,OK,OK
2026-08-14T18:23:31.970429Z,3529,245.4,15254,OK,OK,OK
2026-08-14T18:23:37.495557Z,3524,245.4,15254,OK,OK,OK
2026-08-14T18:23:42.967933Z,3539,245.6,15254,OK,OK,OK
2026-08-14T18:23:48.525258Z,3541,245.5,15254,OK,OK,OK
2026-08-14T18:23:53.980032Z,3526,245.5,15254,OK,OK,OK
2026-08-14T18:23:59.505417Z,3518,245.5,15254,OK,OK,OK
2026-08-14T18:24:05.007477Z,3563,245.6,15254,OK,OK,OK
2026-08-14T18:24:10.511074Z,3521,245.5,15254,OK,OK,OK
2026-08-14T18:24:16.002948Z,3532,245.5,15254,OK,OK,OK
2026-08-14T18:24:21.529586Z,3552,245.5,15254,OK,OK,OK
2026-08-14T18:24:27.063445Z,3580,245.5,15254,OK,OK,OK
2026-08-14T18:24:32.588816Z,3571,245.5,15254,OK,OK,OK
2026-08-14T18:24:38.092005Z,3591,245.6,15254,OK,OK,OK
2026-08-14T18:24:43.646561Z,3592,245.5,15254,OK,OK,OK
2026-08-14T18:24:49.135714Z,3582,245.5,15254,OK,OK,OK
2026-08-14T18:24:54.674739Z,3574,245.5,15254,OK,OK,OK
2026-08-14T18:25:00.148669Z,3589,245.5,15254,OK,OK,OK
2026-08-14T18:25:05.647348Z,3582,245.5,15254,OK,OK,OK
2026-08-14T18:25:11.166614Z,3581,245.6,15254,OK,OK,OK
2026-08-14T18:25:16.656385Z,3569,245.6,15254,OK,OK,OK
2026-08-14T18:25:22.174599Z,3626,245.6,15254,OK,OK,OK
2026-08-14T18:25:27.698582Z,3577,245.6,15254,OK,OK,OK
2026-08-14T18:25:33.187080Z,3561,245.7,15254,OK,OK,OK
2026-08-14T18:25:38.679098Z,3554,245.6,15254,OK,OK,OK
2026-08-14T18:25:44.183925Z,3529,245.5,15254,OK,OK,OK
2026-08-14T18:25:49.721750Z,3529,245.6,15254,OK,OK,OK
2026-08-14T18:25:55.236274Z,3516,246.5,15254,OK,OK,OK
2026-08-14T18:26:00.728153Z,3514,246.2,15254,OK,OK,OK
2026-08-14T18:26:06.246699Z,3488,246.1,15254,OK,OK,OK
2026-08-14T18:26:11.808064Z,3503,246.1,15254,OK,OK,OK
2026-08-14T18:26:17.357948Z,3479,246.1,15254,OK,OK,OK
2026-08-14T18:26:22.870042Z,3540,246.2,15254,OK,OK,OK
2026-08-14T18:26:28.380173Z,3527,246.1,15254,OK,OK,OK
2026-08-14T18:26:33.887508Z,3524,245.9,15254,OK,OK,OK
2026-08-14T18:26:39.358339Z,3549,246.1,15254,OK,OK,OK
2026-08-14T18:26:44.855944Z,3550,246.1,15254,OK,OK,OK
2026-08-14T18:26:50.380124Z,3557,246.2,15254,OK,OK,OK
2026-08-14T18:26:55.866296Z,3538,246.2,15254,OK,OK,OK
2026-08-14T18:27:01.349749Z,3546,246.2,15254,OK,OK,OK
2026-08-14T18:27:06.834003Z,3597,246.0,15254,OK,OK,OK
2026-08-14T18:27:12.355360Z,3600,246.1,15254,OK,OK,OK
2026-08-14T18:27:17.882806Z,3575,246.1,15254,OK,OK,OK
2026-08-14T18:27:23.407980Z,3538,246.1,15254,OK,OK,OK
2026-08-14T18:27:28.914121Z,3569,246.0,15254,OK,OK,OK
2026-08-14T18:27:34.443125Z,3557,246.1,15254,OK,OK,OK
2026-08-14T18:27:39.966813Z,3548,246.1,15254,OK,OK,OK
2026-08-14T18:27:45.467944Z,3592,246.0,15254,OK,OK,OK
2026-08-14T18:27:50.990042Z,3549,246.1,15254,OK,OK,OK
2026-08-14T18:27:56.487543Z,3672,245.9,15254,OK,OK,OK
2026-08-14T18:28:01.976292Z,3664,246.0,15254,OK,OK,OK
2026-08-14T18:28:07.501385Z,3682,245.9,15254,OK,OK,OK
2026-08-14T18:28:12.984468Z,3655,245.9,15254,OK,OK,OK
2026-08-14T18:28:18.532667Z,3643,245.8,15254,OK,OK,OK
2026-08-14T18:28:24.030379Z,3646,245.7,15254,OK,OK,OK
2026-08-14T18:28:29.564208Z,3662,245.9,15254,OK,OK,OK
2026-08-14T18:28:35.074393Z,3650,245.9,15254,OK,OK,OK
2026-08-14T18:28:40.558150Z,3545,246.0,15254,OK,OK,OK
2026-08-14T18:28:46.089290Z,3542,245.9,15254,OK,OK,OK
2026-08-14T18:28:51.604994Z,3537,246.0,15254,OK,OK,OK
2026-08-14T18:28:57.145962Z,3525,246.0,15254,OK,OK,OK
2026-08-14T18:29:02.654996Z,3510,246.0,15254,OK,OK,OK
2026-08-14T18:29:08.183440Z,3506,246.0,15254,OK,OK,OK
2026-08-14T18:29:13.727560Z,3511,245.9,15254,OK,OK,OK
2026-08-14T18:29:19.255226Z,3517,245.9,15254,OK,OK,OK
2026-08-14T18:29:24.751520Z,3552,245.8,15254,OK,OK,OK
2026-08-14T18:29:30.261443Z,3549,245.8,15254,OK,OK,OK
2026-08-14T18:29:35.786286Z,3558,245.9,15254,OK,OK,OK
2026-08-14T18:29:41.328321Z,3561,246.0,15254,OK,OK,OK
2026-08-14T18:29:46.829992Z,3572,245.9,15254,OK,OK,OK
2026-08-14T18:29:52.339207Z,3556,245.9,15254,OK,OK,OK
2026-08-14T18:29:57.854092Z,1807,246.7,15254,OK,OK,OK
2026-08-14T18:30:03.352101Z,1833,246.7,15254,OK,OK,OK
2026-08-14T18:30:08.867199Z,1820,246.7,15254,OK,OK,OK
2026-08-14T18:30:14.402678Z,1910,246.6,15254,OK,OK,OK
2026-08-14T18:30:19.915023Z,1916,246.7,15254,OK,OK,OK
2026-08-14T18:30:25.444330Z,1930,246.6,15254,OK,OK,OK
2026-08-14T18:30:30.945948Z,1911,246.6,15254,OK,OK,OK
2026-08-14T18:30:36.451341Z,1958,246.6,15254,OK,OK,OK
2026-08-14T18:30:41.943520Z,1928,246.6,15254,OK,OK,OK
2026-08-14T18:30:47.448763Z,1960,246.5,15254,OK,OK,OK
2026-08-14T18:30:52.948117Z,1937,246.6,15254,OK,OK,OK
2026-08-14T18:30:58.479578Z,1897,246.6,15254,OK,OK,OK
2026-08-14T18:31:04.010938Z,1921,246.5,15254,OK,OK,OK
2026-08-14T18:31:09.530279Z,1918,246.4,15254,OK,OK,OK
2026-08-14T18:31:15.036698Z,1937,246.4,15254,OK,OK,OK
2026-08-14T18:31:20.542997Z,1916,246.3,15254,OK,OK,OK
2026-08-14T18:31:26.013527Z,1927,246.3,15254,OK,OK,OK
2026-08-14T18:31:31.497136Z,1920,246.3,15254,OK,OK,OK
2026-08-14T18:31:36.993916Z,1906,243.9,15254,OK,OK,OK
2026-08-14T18:31:42.517204Z,1907,246.0,15254,OK,OK,OK
2026-08-14T18:31:48.004450Z,1909,245.7,15254,OK,OK,OK
2026-08-14T18:31:53.529029Z,1908,246.2,15254,OK,OK,OK
2026-08-14T18:31:58.996868Z,1896,246.1,15254,OK,OK,OK
2026-08-14T18:32:04.468409Z,1889,246.1,15254,OK,OK,OK
2026-08-14T18:32:09.965221Z,1892,246.5,15254,OK,OK,OK
2026-08-14T18:32:15.448717Z,1884,246.4,15254,OK,OK,OK
2026-08-14T18:32:20.971248Z,1881,246.3,15254,OK,OK,OK
2026-08-14T18:32:26.476591Z,1897,246.2,15254,OK,OK,OK
2026-08-14T18:32:31.998045Z,1896,246.2,15254,OK,OK,OK
2026-08-14T18:32:37.505591Z,1896,246.2,15254,OK,OK,OK
2026-08-14T18:32:43.047377Z,1924,246.2,15254,OK,OK,OK
2026-08-14T18:32:48.532280Z,1896,246.4,15254,OK,OK,OK
2026-08-14T18:32:54.001512Z,1885,246.5,15254,OK,OK,OK
2026-08-14T18:32:59.494629Z,1884,246.5,15254,OK,OK,OK
2026-08-14T18:33:04.998084Z,1887,246.5,15254,OK,OK,OK
2026-08-14T18:33:10.464964Z,1898,246.5,15254,OK,OK,OK
2026-08-14T18:33:16.014520Z,1889,246.5,15254,OK,OK,OK
2026-08-14T18:33:21.527346Z,1897,246.6,15254,OK,OK,OK
2026-08-14T18:33:27.074999Z,1900,246.4,15254,OK,OK,OK
2026-08-14T18:33:32.582338Z,1905,246.5,15254,OK,OK,OK
2026-08-14T18:33:38.100092Z,1901,246.1,15254,OK,OK,OK
2026-08-14T18:33:43.609812Z,1896,246.3,15254,OK,OK,OK
2026-08-14T18:33:49.137538Z,1894,245.9,15254,OK,OK,OK
2026-08-14T18:33:54.622538Z,1890,246.2,15254,OK,OK,OK
2026-08-14T18:34:00.142677Z,1874,245.9,15254,OK,OK,OK
2026-08-14T18:34:05.667686Z,1845,246.2,15254,OK,OK,OK
2026-08-14T18:34:11.185252Z,1851,246.2,15254,OK,OK,OK
2026-08-14T18:34:16.676182Z,1884,246.2,15254,OK,OK,OK
2026-08-14T18:34:22.145213Z,1841,246.2,15254,OK,OK,OK
2026-08-14T18:34:27.653152Z,1838,246.4,15254,OK,OK,OK
2026-08-14T18:34:33.144036Z,1852,246.4,15254,OK,OK,OK
2026-08-14T18:34:38.643219Z,1849,246.3,15254,OK,OK,OK
2026-08-14T18:34:44.143998Z,1854,246.2,15254,OK,OK,OK
2026-08-14T18:34:49.653743Z,1851,246.2,15254,OK,OK,OK
2026-08-14T18:34:55.160750Z,1840,246.1,15254,OK,OK,OK
2026-08-14T18:35:00.647190Z,1833,246.3,15254,OK,OK,OK
2026-08-14T18:35:06.171968Z,1838,246.3,15254,OK,OK,OK
2026-08-14T18:35:11.686580Z,1835,246.3,15254,OK,OK,OK
2026-08-14T18:35:17.211371Z,1841,246.5,15254,OK,OK,OK
2026-08-14T18:35:22.721495Z,1855,246.5,15254,OK,OK,OK
2026-08-14T18:35:28.222538Z,1850,246.6,15254,OK,OK,OK
2026-08-14T18:35:33.751570Z,1897,246.6,15254,OK,OK,OK
2026-08-14T18:35:39.218453Z,1896,246.6,15254,OK,OK,OK
2026-08-14T18:35:44.697351Z,1892,246.5,15254,OK,OK,OK
2026-08-14T18:35:50.227974Z,1889,246.3,15254,OK,OK,OK
2026-08-14T18:35:55.712215Z,1883,246.4,15254,OK,OK,OK
2026-08-14T18:36:01.221127Z,1876,246.3,15254,OK,OK,OK
2026-08-14T18:36:06.709612Z,1883,246.3,15254,OK,OK,OK
2026-08-14T18:36:12.172112Z,1886,246.5,15254,OK,OK,OK
2026-08-14T18:36:17.675582Z,1894,246.5,15254,OK,OK,OK
2026-08-14T18:36:23.201154Z,1897,246.5,15254,OK,OK,OK
2026-08-14T18:36:28.699937Z,1911,246.4,15254,OK,OK,OK
2026-08-14T18:36:34.196244Z,1884,245.7,15254,OK,OK,OK
2026-08-14T18:36:39.724356Z,1902,245.4,15254,OK,OK,OK
2026-08-14T18:36:45.241208Z,1892,245.6,15254,OK,OK,OK
2026-08-14T18:36:50.762070Z,1910,245.6,15254,OK,OK,OK
2026-08-14T18:36:56.253297Z,1883,245.7,15254,OK,OK,OK
2026-08-14T18:37:01.772148Z,1916,245.7,15884,OK,OK,OK
2026-08-14T18:37:07.279583Z,1878,245.7,15884,OK,OK,OK
2026-08-14T18:37:12.783551Z,1864,245.7,15884,OK,OK,OK
2026-08-14T18:37:18.246673Z,3526,245.0,15884,OK,OK,OK
2026-08-14T18:37:23.757587Z,3562,245.0,15884,OK,OK,OK
2026-08-14T18:37:29.260206Z,3550,244.9,15884,OK,OK,OK
2026-08-14T18:37:34.766597Z,3593,245.1,15884,OK,OK,OK
2026-08-14T18:37:40.273066Z,3634,245.2,15884,OK,OK,OK
2026-08-14T18:37:45.797137Z,3657,245.1,15884,OK,OK,OK
2026-08-14T18:37:51.285762Z,3683,245.1,15884,OK,OK,OK
2026-08-14T18:37:56.772177Z,3675,245.2,15884,OK,OK,OK
2026-08-14T18:38:02.251296Z,3689,245.2,15884,OK,OK,OK
2026-08-14T18:38:07.749976Z,3685,245.1,15884,OK,OK,OK
2026-08-14T18:38:13.256224Z,3683,245.1,15884,OK,OK,OK
2026-08-14T18:38:18.733695Z,3674,245.1,15884,OK,OK,OK
2026-08-14T18:38:24.221961Z,3671,245.1,15884,OK,OK,OK
2026-08-14T18:38:29.721599Z,3649,245.3,15884,OK,OK,OK
2026-08-14T18:38:35.241832Z,3644,245.3,15884,OK,OK,OK
2026-08-14T18:38:40.740525Z,3711,245.1,15884,OK,OK,OK
2026-08-14T18:38:46.274719Z,3659,245.1,15884,OK,OK,OK
2026-08-14T18:38:51.793749Z,3665,245.1,15884,OK,OK,OK
2026-08-14T18:38:57.314967Z,3644,245.3,15884,OK,OK,OK
2026-08-14T18:39:02.780854Z,3652,245.3,15884,OK,OK,OK
2026-08-14T18:39:08.276560Z,3654,245.2,15884,OK,OK,OK
2026-08-14T18:39:13.766098Z,3665,245.1,15884,OK,OK,OK
2026-08-14T18:39:19.291278Z,3711,245.1,15884,OK,OK,OK
2026-08-14T18:39:24.767289Z,3643,245.0,15884,OK,OK,OK
2026-08-14T18:39:30.287838Z,3648,245.1,15884,OK,OK,OK
2026-08-14T18:39:35.778234Z,3663,245.1,15884,OK,OK,OK
2026-08-14T18:39:41.318829Z,3716,245.1,15884,OK,OK,OK
2026-08-14T18:39:46.823242Z,3665,245.3,15884,OK,OK,OK
2026-08-14T18:39:52.363463Z,3677,245.3,15884,OK,OK,OK
2026-08-14T18:39:57.866732Z,3709,245.3,15884,OK,OK,OK
2026-08-14T18:40:03.334930Z,3688,245.3,15884,OK,OK,OK
2026-08-14T18:40:08.834411Z,3681,245.0,15884,OK,OK,OK
2026-08-14T18:40:14.358865Z,3665,245.0,15884,OK,OK,OK
2026-08-14T18:40:19.895304Z,3670,244.8,15884,OK,OK,OK
2026-08-14T18:40:25.386725Z,3668,244.9,15884,OK,OK,OK
2026-08-14T18:40:30.900227Z,3642,244.9,15884,OK,OK,OK
2026-08-14T18:40:36.401381Z,3628,244.9,15884,OK,OK,OK
2026-08-14T18:40:41.919399Z,3631,244.5,15884,OK,OK,OK
2026-08-14T18:40:47.473480Z,3595,244.1,15884,OK,OK,OK
2026-08-14T18:40:53.001259Z,3612,244.0,15884,OK,OK,OK
2026-08-14T18:40:58.508493Z,3638,242.1,15884,OK,OK,OK
2026-08-14T18:41:03.999026Z,3604,242.2,15884,OK,OK,OK
2026-08-14T18:41:09.504231Z,3602,242.5,15884,OK,OK,OK
2026-08-14T18:41:15.019049Z,3616,242.5,15884,OK,OK,OK
2026-08-14T18:41:20.544592Z,3516,243.0,15884,OK,OK,OK
2026-08-14T18:41:26.027729Z,3484,243.7,15884,OK,OK,OK
2026-08-14T18:41:31.521704Z,3459,243.4,15884,OK,OK,OK
2026-08-14T18:41:36.991972Z,3452,243.8,15884,OK,OK,OK
2026-08-14T18:41:42.473715Z,3450,243.7,15884,OK,OK,OK
2026-08-14T18:41:48.012958Z,3451,243.5,15884,OK,OK,OK
2026-08-14T18:41:53.500792Z,3484,243.9,15884,OK,OK,OK
2026-08-14T18:41:58.999562Z,3471,242.5,15884,OK,OK,OK
2026-08-14T18:42:04.481687Z,3546,242.7,15884,OK,OK,OK
2026-08-14T18:42:09.978614Z,3481,242.7,15884,OK,OK,OK
2026-08-14T18:42:15.525601Z,3472,243.0,15884,OK,OK,OK
2026-08-14T18:42:21.047312Z,3467,242.5,15884,OK,OK,OK
2026-08-14T18:42:26.554497Z,3462,241.9,15884,OK,OK,OK
2026-08-14T18:42:32.053388Z,3461,242.0,15884,OK,OK,OK
2026-08-14T18:42:37.536613Z,3568,242.0,15884,OK,OK,OK
2026-08-14T18:42:43.031634Z,3567,241.7,15884,OK,OK,OK
2026-08-14T18:42:48.510418Z,3570,241.7,15884,OK,OK,OK
2026-08-14T18:42:54.010414Z,3550,241.9,15884,OK,OK,OK
2026-08-14T18:42:59.505287Z,3555,242.1,15884,OK,OK,OK
2026-08-14T18:43:05.013436Z,3555,242.0,15884,OK,OK,OK
2026-08-14T18:43:10.507121Z,3582,242.2,15884,OK,OK,OK
2026-08-14T18:43:16.050845Z,3590,242.8,15884,OK,OK,OK
2026-08-14T18:43:21.551375Z,3587,242.4,15884,OK,OK,OK
2026-08-14T18:43:27.046109Z,3572,242.1,15884,OK,OK,OK
2026-08-14T18:43:32.546523Z,3560,242.1,15884,OK,OK,OK
2026-08-14T18:43:38.082995Z,3568,242.8,15884,OK,OK,OK
2026-08-14T18:43:43.575700Z,3573,243.0,15884,OK,OK,OK
2026-08-14T18:43:49.080304Z,3583,243.1,15884,OK,OK,OK
2026-08-14T18:43:54.590457Z,3668,242.8,15884,OK,OK,OK
2026-08-14T18:44:00.106113Z,3595,242.8,15884,OK,OK,OK
2026-08-14T18:44:05.598837Z,3603,243.1,15884,OK,OK,OK
2026-08-14T18:44:11.108680Z,3570,243.1,15884,OK,OK,OK
2026-08-14T18:44:16.628514Z,3582,243.0,15884,OK,OK,OK
2026-08-14T18:44:22.112052Z,3591,243.1,15884,OK,OK,OK
2026-08-14T18:44:27.579287Z,3584,242.7,15884,OK,OK,OK
2026-08-14T18:44:33.074955Z,3582,242.9,15884,OK,OK,OK
2026-08-14T18:44:38.560533Z,3606,242.7,15884,OK,OK,OK
2026-08-14T18:44:44.067157Z,3569,242.8,15884,OK,OK,OK
2026-08-14T18:44:49.565660Z,3584,242.5,15884,OK,OK,OK
2026-08-14T18:44:55.049954Z,3573,242.7,15884,OK,OK,OK
2026-08-14T18:45:00.560552Z,3565,242.7,15884,OK,OK,OK
2026-08-14T18:45:06.081246Z,3574,243.0,15884,OK,OK,OK
2026-08-14T18:45:11.598424Z,3599,243.0,15884,OK,OK,OK
2026-08-14T18:45:17.130253Z,3625,243.1,15884,OK,OK,OK
2026-08-14T18:45:22.624713Z,3615,243.6,15884,OK,OK,OK
2026-08-14T18:45:28.139352Z,3641,242.8,15884,OK,OK,OK
2026-08-14T18:45:33.617127Z,3583,243.4,15884,OK,OK,OK
2026-08-14T18:45:39.135327Z,3588,243.4,15884,OK,OK,OK
2026-08-14T18:45:44.632796Z,3558,242.9,15884,OK,OK,OK
2026-08-14T18:45:50.115170Z,3554,242.9,15884,OK,OK,OK
2026-08-14T18:45:55.637234Z,3561,242.8,15884,OK,OK,OK
2026-08-14T18:46:01.226220Z,3556,242.8,15884,OK,OK,OK
2026-08-14T18:46:06.740603Z,3587,242.9,15884,OK,OK,OK
2026-08-14T18:46:12.243751Z,3552,242.8,15884,OK,OK,OK
2026-08-14T18:46:17.751184Z,3540,243.0,15884,OK,OK,OK
2026-08-14T18:46:23.262762Z,3556,242.8,15884,OK,OK,OK
2026-08-14T18:46:28.782463Z,3570,242.9,15884,OK,OK,OK
2026-08-14T18:46:34.297582Z,3539,242.9,15884,OK,OK,OK
2026-08-14T18:46:39.815106Z,3522,243.0,15884,OK,OK,OK
2026-08-14T18:46:45.313409Z,3520,243.0,15884,OK,OK,OK
2026-08-14T18:46:50.814630Z,3527,243.0,15884,OK,OK,OK
2026-08-14T18:46:56.291824Z,3517,243.0,15884,OK,OK,OK
2026-08-14T18:47:01.805113Z,3405,243.2,15884,OK,OK,OK
2026-08-14T18:47:07.321884Z,3413,243.2,15884,OK,OK,OK
2026-08-14T18:47:12.849473Z,3419,243.3,15884,OK,OK,OK
2026-08-14T18:47:18.349567Z,3401,243.5,15884,OK,OK,OK
2026-08-14T18:47:23.867610Z,3403,243.5,15884,OK,OK,OK
2026-08-14T18:47:29.372095Z,3414,243.4,15884,OK,OK,OK
2026-08-14T18:47:34.864346Z,3404,243.8,15884,OK,OK,OK
2026-08-14T18:47:40.376595Z,3398,243.2,15884,OK,OK,OK
2026-08-14T18:47:45.888432Z,3378,243.3,15884,OK,OK,OK
2026-08-14T18:47:51.414373Z,3383,243.4,15884,OK,OK,OK
2026-08-14T18:47:56.924515Z,3415,243.1,15884,OK,OK,OK
2026-08-14T18:48:02.433226Z,3402,243.1,15884,OK,OK,OK
2026-08-14T18:48:07.937065Z,3402,243.3,15884,OK,OK,OK
2026-08-14T18:48:13.423168Z,3403,243.4,15884,OK,OK,OK
2026-08-14T18:48:18.922870Z,3405,243.2,15884,OK,OK,OK
2026-08-14T18:48:24.457215Z,3413,243.2,15884,OK,OK,OK
2026-08-14T18:48:29.927671Z,3417,243.1,15884,OK,OK,OK
2026-08-14T18:48:35.431896Z,3468,243.2,15884,OK,OK,OK
2026-08-14T18:48:40.917347Z,3490,243.2,15884,OK,OK,OK
2026-08-14T18:48:46.403638Z,3487,242.9,15884,OK,OK,OK
2026-08-14T18:48:51.895366Z,3499,242.9,15884,OK,OK,OK
2026-08-14T18:48:57.397280Z,3512,243.2,15884,OK,OK,OK
2026-08-14T18:49:02.901356Z,3525,243.6,15884,OK,OK,OK
2026-08-14T18:49:08.425228Z,3588,243.5,15884,OK,OK,OK
2026-08-14T18:49:13.922851Z,3550,244.4,15884,OK,OK,OK
2026-08-14T18:49:19.426004Z,3532,243.0,15884,OK,OK,OK
2026-08-14T18:49:24.934927Z,3532,243.2,15884,OK,OK,OK
2026-08-14T18:49:30.443606Z,3532,243.2,15884,OK,OK,OK
2026-08-14T18:49:35.930638Z,3542,243.3,15884,OK,OK,OK
2026-08-14T18:49:41.397187Z,3611,243.2,15884,OK,OK,OK
2026-08-14T18:49:46.922898Z,3554,243.1,15884,OK,OK,OK
2026-08-14T18:49:52.426293Z,3549,243.3,15884,OK,OK,OK
2026-08-14T18:49:57.948094Z,3557,244.0,15884,OK,OK,OK
2026-08-14T18:50:03.478126Z,3519,243.4,15884,OK,OK,OK
2026-08-14T18:50:09.008585Z,3507,243.2,15884,OK,OK,OK
2026-08-14T18:50:14.542873Z,3433,243.6,15884,OK,OK,OK
2026-08-14T18:50:20.044839Z,3423,243.7,15884,OK,OK,OK
2026-08-14T18:50:25.564831Z,3425,245.4,15884,OK,OK,OK
2026-08-14T18:50:31.115971Z,3440,244.7,15884,OK,OK,OK
2026-08-14T18:50:36.656014Z,3414,244.0,15884,OK,OK,OK
2026-08-14T18:50:42.151165Z,3422,242.7,15884,OK,OK,OK
2026-08-14T18:50:47.666404Z,3421,243.1,15884,OK,OK,OK
2026-08-14T18:50:53.187233Z,3438,244.1,15884,OK,OK,OK
2026-08-14T18:50:58.718122Z,3414,243.7,15884,OK,OK,OK
2026-08-14T18:51:04.247297Z,3442,243.1,15884,OK,OK,OK
2026-08-14T18:51:09.786183Z,3409,242.7,15884,OK,OK,OK
2026-08-14T18:51:15.347045Z,3388,243.1,15884,OK,OK,OK
2026-08-14T18:51:20.857532Z,3385,243.0,15884,OK,OK,OK
2026-08-14T18:51:26.382466Z,3407,242.9,15884,OK,OK,OK
2026-08-14T18:51:31.854899Z,3373,243.2,15884,OK,OK,OK
2026-08-14T18:51:37.364226Z,3371,243.7,15884,OK,OK,OK
2026-08-14T18:51:42.872119Z,3332,243.0,15884,OK,OK,OK
2026-08-14T18:51:48.384872Z,3338,243.0,15884,OK,OK,OK
2026-08-14T18:51:53.919778Z,3331,242.7,15884,OK,OK,OK
2026-08-14T18:51:59.408239Z,3339,242.8,15884,OK,OK,OK
2026-08-14T18:52:04.935467Z,3331,242.6,15884,OK,OK,OK
2026-08-14T18:52:10.450364Z,3380,242.9,15884,OK,OK,OK
2026-08-14T18:52:16.007375Z,3336,244.2,15884,OK,OK,OK
2026-08-14T18:52:21.499189Z,3344,245.0,15884,OK,OK,OK
2026-08-14T18:52:27.023520Z,3335,243.0,10074,OK,OK,OK
2026-08-14T18:52:32.562133Z,3335,242.7,10074,OK,OK,OK
2026-08-14T18:52:38.073731Z,3322,243.0,10074,OK,OK,OK
2026-08-14T18:52:43.588816Z,3362,244.7,10074,OK,OK,OK
2026-08-14T18:52:49.084498Z,3330,243.7,10074,OK,OK,OK
2026-08-14T18:52:54.598933Z,3334,243.7,10074,OK,OK,OK
2026-08-14T18:53:00.120130Z,3339,242.7,10074,OK,OK,OK
2026-08-14T18:53:05.628878Z,3344,242.7,10074,OK,OK,OK
2026-08-14T18:53:11.160626Z,3354,243.5,10074,OK,OK,OK
2026-08-14T18:53:16.726233Z,3366,244.5,10074,OK,OK,OK
2026-08-14T18:53:22.219842Z,3366,243.7,10074,OK,OK,OK
2026-08-14T18:53:27.697671Z,3346,243.7,10074,OK,OK,OK
2026-08-14T18:53:33.215847Z,3324,242.7,10074,OK,OK,OK
2026-08-14T18:53:38.736107Z,3307,244.0,10074,OK,OK,OK
2026-08-14T18:53:44.233297Z,3292,243.0,10074,OK,OK,OK
2026-08-14T18:53:49.714715Z,3301,242.6,10074,OK,OK,OK
2026-08-14T18:53:55.239820Z,3322,243.4,10074,OK,OK,OK
2026-08-14T18:54:00.736493Z,3299,243.2,10074,OK,OK,OK
2026-08-14T18:54:06.245156Z,3305,243.4,10074,OK,OK,OK
2026-08-14T18:54:11.714073Z,3291,242.9,10074,OK,OK,OK
2026-08-14T18:54:17.265166Z,3362,242.9,10074,OK,OK,OK
2026-08-14T18:54:22.827386Z,3305,242.6,10074,OK,OK,OK
2026-08-14T18:54:28.341984Z,3327,243.2,10074,OK,OK,OK
2026-08-14T18:54:33.869342Z,3312,242.4,10074,OK,OK,OK
2026-08-14T18:54:39.358207Z,3351,242.6,10074,OK,OK,OK
2026-08-14T18:54:44.836304Z,3362,242.4,10074,OK,OK,OK
2026-08-14T18:54:50.352089Z,3352,242.2,10074,OK,OK,OK
2026-08-14T18:54:55.842000Z,3363,242.5,10074,OK,OK,OK
2026-08-14T18:55:01.333381Z,3362,242.6,10074,OK,OK,OK
2026-08-14T18:55:06.821548Z,3361,242.2,10074,OK,OK,OK
2026-08-14T18:55:12.357770Z,3359,242.3,10074,OK,OK,OK
2026-08-14T18:55:17.850398Z,1668,244.2,10074,OK,OK,OK
2026-08-14T18:55:23.340330Z,1664,243.5,10074,OK,OK,OK
2026-08-14T18:55:28.831009Z,1679,242.9,10074,OK,OK,OK
2026-08-14T18:55:34.312606Z,1675,242.8,10074,OK,OK,OK
2026-08-14T18:55:39.814709Z,1658,242.8,10074,OK,OK,OK
2026-08-14T18:55:45.307436Z,1662,242.7,10074,OK,OK,OK
2026-08-14T18:55:50.759102Z,1658,242.9,10074,OK,OK,OK
2026-08-14T18:55:56.269502Z,1652,242.8,10074,OK,OK,OK
2026-08-14T18:56:01.769978Z,1669,242.8,10074,OK,OK,OK
2026-08-14T18:56:07.296814Z,1672,243.3,10074,OK,OK,OK
2026-08-14T18:56:12.796850Z,1653,243.3,10074,OK,OK,OK
2026-08-14T18:56:18.296093Z,1651,243.2,10074,OK,OK,OK
2026-08-14T18:56:23.799672Z,1650,243.3,10074,OK,OK,OK
2026-08-14T18:56:29.280160Z,1659,243.4,10074,OK,OK,OK
2026-08-14T18:56:34.804478Z,1653,243.2,10074,OK,OK,OK
2026-08-14T18:56:40.283974Z,1660,243.2,10074,OK,OK,OK
2026-08-14T18:56:45.755033Z,1658,242.9,10074,OK,OK,OK
2026-08-14T18:56:51.266619Z,1644,243.0,10074,OK,OK,OK
2026-08-14T18:56:56.792337Z,1681,242.9,10074,OK,OK,OK
2026-08-14T18:57:02.295334Z,1643,242.8,10074,OK,OK,OK
2026-08-14T18:57:07.796482Z,1622,242.9,10074,OK,OK,OK
2026-08-14T18:57:13.261125Z,1607,242.9,10074,OK,OK,OK
2026-08-14T18:57:18.790382Z,1603,242.8,10074,OK,OK,OK
2026-08-14T18:57:24.288943Z,1601,242.9,10074,OK,OK,OK
2026-08-14T18:57:29.793621Z,1594,242.9,10074,OK,OK,OK
2026-08-14T18:57:35.302286Z,1600,242.9,10074,OK,OK,OK
2026-08-14T18:57:40.839840Z,1604,242.9,10074,OK,OK,OK
2026-08-14T18:57:46.329909Z,1625,242.8,10074,OK,OK,OK
2026-08-14T18:57:51.825426Z,1600,242.9,10074,OK,OK,OK
2026-08-14T18:57:57.316017Z,1595,242.8,10074,OK,OK,OK
2026-08-14T18:58:02.819812Z,1655,242.7,10074,OK,OK,OK
2026-08-14T18:58:08.339165Z,1595,242.8,10074,OK,OK,OK
2026-08-14T18:58:13.798650Z,1601,242.9,10074,OK,OK,OK
2026-08-14T18:58:19.324000Z,1601,242.8,10074,OK,OK,OK
2026-08-14T18:58:24.829862Z,1595,242.7,10074,OK,OK,OK
2026-08-14T18:58:30.343241Z,1639,242.5,10074,OK,OK,OK
2026-08-14T18:58:35.844269Z,1638,242.5,10074,OK,OK,OK
2026-08-14T18:58:41.345215Z,1620,242.5,10074,OK,OK,OK
2026-08-14T18:58:46.859442Z,1620,242.4,10074,OK,OK,OK
2026-08-14T18:58:52.381988Z,1592,238.9,10074,OK,OK,OK
2026-08-14T18:58:57.887476Z,1631,241.6,10074,OK,OK,OK
2026-08-14T18:59:03.409003Z,1638,241.6,10074,OK,OK,OK
2026-08-14T18:59:08.923896Z,1652,241.4,10074,OK,OK,OK
2026-08-14T18:59:14.449005Z,1620,241.5,10074,OK,OK,OK
2026-08-14T18:59:19.992635Z,1623,241.5,10074,OK,OK,OK
2026-08-14T18:59:25.485513Z,1628,241.5,10074,OK,OK,OK
2026-08-14T18:59:30.989265Z,1653,241.4,10074,OK,OK,OK
2026-08-14T18:59:36.512686Z,1650,241.2,10074,OK,OK,OK
2026-08-14T18:59:42.019567Z,1626,241.2,10074,OK,OK,OK
2026-08-14T18:59:47.511595Z,1618,241.5,10074,OK,OK,OK
2026-08-14T18:59:52.990638Z,1632,241.4,10074,OK,OK,OK
2026-08-14T18:59:58.514080Z,1643,241.3,10074,OK,OK,OK
2026-08-14T19:00:04.025803Z,1621,241.3,10074,OK,OK,OK
2026-08-14T19:00:09.536891Z,1638,241.4,10074,OK,OK,OK
2026-08-14T19:00:15.075968Z,1634,241.4,10074,OK,OK,OK
2026-08-14T19:00:20.588549Z,1643,241.4,10074,OK,OK,OK
2026-08-14T19:00:26.106613Z,1670,241.3,10074,OK,OK,OK
2026-08-14T19:00:31.650299Z,1661,241.3,10074,OK,OK,OK
2026-08-14T19:00:37.142168Z,1635,241.3,10074,OK,OK,OK
2026-08-14T19:00:42.636319Z,1632,241.3,10074,OK,OK,OK
2026-08-14T19:00:48.158828Z,1627,241.3,10074,OK,OK,OK
2026-08-14T19:00:53.685764Z,1624,241.3,10074,OK,OK,OK
2026-08-14T19:00:59.182619Z,1600,241.2,10074,OK,OK,OK
2026-08-14T19:01:04.679549Z,1614,241.3,10074,OK,OK,OK
2026-08-14T19:01:10.196859Z,1563,241.3,10074,OK,OK,OK
2026-08-14T19:01:15.691787Z,1510,241.3,10074,OK,OK,OK
2026-08-14T19:01:21.230344Z,1506,241.3,10074,OK,OK,OK
2026-08-14T19:01:26.739060Z,1631,241.3,10074,OK,OK,OK
2026-08-14T19:01:32.234628Z,1628,241.4,10074,OK,OK,OK
2026-08-14T19:01:37.755265Z,1626,241.3,10074,OK,OK,OK
2026-08-14T19:01:43.245132Z,1623,241.3,10074,OK,OK,OK
2026-08-14T19:01:48.799564Z,1618,241.4,10074,OK,OK,OK
2026-08-14T19:01:54.346649Z,1617,241.5,10074,OK,OK,OK
2026-08-14T19:01:59.827348Z,1621,241.4,10074,OK,OK,OK
2026-08-14T19:02:05.377203Z,1642,241.5,10074,OK,OK,OK
2026-08-14T19:02:10.881132Z,1621,241.5,10074,OK,OK,OK
2026-08-14T19:02:16.436303Z,1633,241.5,10074,OK,OK,OK
2026-08-14T19:02:21.932668Z,1619,241.5,10074,OK,OK,OK
2026-08-14T19:02:27.448112Z,1608,241.5,10074,OK,OK,OK
2026-08-14T19:02:32.960628Z,1616,241.5,10074,OK,OK,OK
2026-08-14T19:02:38.454555Z,3198,240.7,10074,OK,OK,OK
2026-08-14T19:02:43.967680Z,3103,240.7,10074,OK,OK,OK
2026-08-14T19:02:49.464783Z,3266,240.6,10074,OK,OK,OK
2026-08-14T19:02:54.943997Z,3272,240.7,10074,OK,OK,OK
2026-08-14T19:03:00.467597Z,3289,240.9,10074,OK,OK,OK
2026-08-14T19:03:05.984560Z,3297,240.9,10074,OK,OK,OK
2026-08-14T19:03:11.507510Z,3299,240.9,10074,OK,OK,OK
2026-08-14T19:03:17.074750Z,3306,240.9,10074,OK,OK,OK
2026-08-14T19:03:22.592926Z,3314,240.8,10074,OK,OK,OK
2026-08-14T19:03:28.129391Z,3333,240.9,10074,OK,OK,OK
2026-08-14T19:03:33.650133Z,3216,241.1,10074,OK,OK,OK
2026-08-14T19:03:39.178684Z,3208,241.4,10074,OK,OK,OK
2026-08-14T19:03:44.686289Z,3212,241.4,10074,OK,OK,OK
2026-08-14T19:03:50.222546Z,3203,241.7,10074,OK,OK,OK
2026-08-14T19:03:55.712860Z,3206,242.0,10074,OK,OK,OK
2026-08-14T19:04:01.221033Z,3226,242.5,10074,OK,OK,OK
2026-08-14T19:04:06.739896Z,3208,242.4,10074,OK,OK,OK
2026-08-14T19:04:12.265408Z,3202,242.1,10074,OK,OK,OK
2026-08-14T19:04:17.766830Z,3219,242.7,10074,OK,OK,OK
2026-08-14T19:04:23.293459Z,3224,243.0,10074,OK,OK,OK
2026-08-14T19:04:28.808680Z,3273,243.4,10074,OK,OK,OK
2026-08-14T19:04:34.334737Z,3286,243.6,10074,OK,OK,OK
2026-08-14T19:04:39.857359Z,3280,243.9,10074,OK,OK,OK
2026-08-14T19:04:45.369423Z,3278,243.7,10074,OK,OK,OK
2026-08-14T19:04:50.858395Z,3275,243.6,10074,OK,OK,OK
2026-08-14T19:04:56.354993Z,3277,243.4,10074,OK,OK,OK
2026-08-14T19:05:01.877589Z,3269,242.1,10074,OK,OK,OK
2026-08-14T19:05:07.376969Z,3268,241.7,10074,OK,OK,OK
2026-08-14T19:05:12.917540Z,3239,240.9,10074,OK,OK,OK
2026-08-14T19:05:18.431936Z,3254,240.3,10074,OK,OK,OK
2026-08-14T19:05:23.965331Z,3250,240.8,10074,OK,OK,OK
2026-08-14T19:05:29.480953Z,3247,240.9,10074,OK,OK,OK
2026-08-14T19:05:35.024469Z,3233,240.4,10074,OK,OK,OK
2026-08-14T19:05:40.537313Z,3227,240.3,10074,OK,OK,OK
2026-08-14T19:05:46.024435Z,3224,240.5,10074,OK,OK,OK
2026-08-14T19:05:51.520111Z,3243,240.3,10074,OK,OK,OK
2026-08-14T19:05:57.025277Z,3232,240.3,10074,OK,OK,OK
2026-08-14T19:06:02.561360Z,3239,240.4,10074,OK,OK,OK
2026-08-14T19:06:08.019462Z,3236,240.6,10074,OK,OK,OK
2026-08-14T19:06:13.553170Z,3248,241.2,10074,OK,OK,OK
2026-08-14T19:06:19.047172Z,3587,241.1,10074,OK,OK,OK
2026-08-14T19:06:24.527694Z,3574,241.2,10074,OK,OK,OK
2026-08-14T19:06:30.017186Z,3241,241.8,10074,OK,OK,OK
2026-08-14T19:06:35.527435Z,3258,242.7,10074,OK,OK,OK
2026-08-14T19:06:41.065786Z,3267,241.7,10074,OK,OK,OK
2026-08-14T19:06:46.558056Z,3268,242.8,10074,OK,OK,OK
2026-08-14T19:06:52.036324Z,3263,242.9,10074,OK,OK,OK
2026-08-14T19:06:57.572154Z,3282,243.2,10074,OK,OK,OK
2026-08-14T19:07:03.059632Z,3290,243.8,10074,OK,OK,OK
2026-08-14T19:07:08.571327Z,3294,244.2,10074,OK,OK,OK
2026-08-14T19:07:14.083963Z,3323,245.2,10074,OK,OK,OK
2026-08-14T19:07:19.582198Z,3309,245.6,10074,OK,OK,OK
2026-08-14T19:07:25.054525Z,3306,245.6,10074,OK,OK,OK
2026-08-14T19:07:30.552213Z,3311,245.2,10074,OK,OK,OK
2026-08-14T19:07:36.049352Z,3373,245.2,10074,OK,OK,OK
2026-08-14T19:07:41.563676Z,3324,245.8,14299,OK,OK,OK
2026-08-14T19:07:47.077509Z,3732,245.2,14299,OK,OK,OK
2026-08-14T19:07:52.581965Z,3723,244.5,14299,OK,OK,OK
2026-08-14T19:07:58.107134Z,3313,245.6,14299,OK,OK,OK
2026-08-14T19:08:03.621070Z,3313,245.6,14299,OK,OK,OK
2026-08-14T19:08:09.134851Z,3331,245.7,14299,OK,OK,OK
2026-08-14T19:08:14.663791Z,3320,246.1,14299,OK,OK,OK
2026-08-14T19:08:20.179183Z,3304,244.0,14299,OK,OK,OK
2026-08-14T19:08:25.693373Z,3297,243.6,14299,OK,OK,OK
2026-08-14T19:08:31.179260Z,3302,243.4,14299,OK,OK,OK
2026-08-14T19:08:36.706561Z,3296,242.8,14299,OK,OK,OK
2026-08-14T19:08:42.218883Z,3288,242.7,14299,OK,OK,OK
2026-08-14T19:08:47.729909Z,3347,242.7,14299,OK,OK,OK
2026-08-14T19:08:53.247000Z,3405,242.8,14299,OK,OK,OK
2026-08-14T19:08:58.767618Z,3360,242.7,14299,OK,OK,OK
2026-08-14T19:09:04.291033Z,3337,242.6,14299,OK,OK,OK
2026-08-14T19:09:09.778364Z,3388,242.5,14299,OK,OK,OK
2026-08-14T19:09:15.316153Z,3336,242.6,14299,OK,OK,OK
2026-08-14T19:09:20.845515Z,3331,242.7,14299,OK,OK,OK
2026-08-14T19:09:26.335984Z,3322,242.9,14299,OK,OK,OK
2026-08-14T19:09:31.834578Z,3324,243.4,14299,OK,OK,OK
2026-08-14T19:09:37.338428Z,3323,243.4,14299,OK,OK,OK
2026-08-14T19:09:42.864422Z,3284,244.3,14299,OK,OK,OK
2026-08-14T19:09:48.383081Z,3277,245.7,14299,OK,OK,OK
2026-08-14T19:09:53.880842Z,3262,244.5,14299,OK,OK,OK
2026-08-14T19:09:59.353580Z,3270,245.4,14299,OK,OK,OK
2026-08-14T19:10:04.852012Z,3288,246.2,14299,OK,OK,OK
2026-08-14T19:10:10.355485Z,3287,246.2,14299,OK,OK,OK
2026-08-14T19:10:15.868372Z,3292,246.4,14299,OK,OK,OK
2026-08-14T19:10:21.407729Z,3276,246.4,14299,OK,OK,OK
2026-08-14T19:10:26.892213Z,3272,246.4,14299,OK,OK,OK
2026-08-14T19:10:32.391544Z,3281,246.2,14299,OK,OK,OK
2026-08-14T19:10:37.931640Z,3286,246.4,14299,OK,OK,OK
2026-08-14T19:10:43.459717Z,3282,246.5,14299,OK,OK,OK
2026-08-14T19:10:48.972957Z,3296,246.5,14299,OK,OK,OK
2026-08-14T19:10:54.483303Z,3286,246.5,14299,OK,OK,OK
2026-08-14T19:11:00.006588Z,3290,246.6,14299,OK,OK,OK
2026-08-14T19:11:05.513320Z,3277,246.6,14299,OK,OK,OK
2026-08-14T19:11:11.032261Z,3252,246.6,14299,OK,OK,OK
2026-08-14T19:11:16.531382Z,3245,246.6,14299,OK,OK,OK
2026-08-14T19:11:22.058489Z,3244,246.6,14299,OK,OK,OK
2026-08-14T19:11:27.583194Z,3238,246.7,14299,OK,OK,OK
2026-08-14T19:11:33.104708Z,3236,246.7,14299,OK,OK,OK
2026-08-14T19:11:38.596805Z,3231,246.5,14299,OK,OK,OK
2026-08-14T19:11:44.102041Z,3235,246.5,14299,OK,OK,OK
2026-08-14T19:11:49.579984Z,3237,246.6,14299,OK,OK,OK
2026-08-14T19:11:55.028564Z,3226,246.5,14299,OK,OK,OK
2026-08-14T19:12:00.535467Z,3235,246.5,14299,OK,OK,OK
2026-08-14T19:12:06.018314Z,3241,246.5,14299,OK,OK,OK
2026-08-14T19:12:11.503398Z,3248,246.4,14299,OK,OK,OK
2026-08-14T19:12:17.015302Z,3256,245.8,14299,OK,OK,OK
2026-08-14T19:12:22.535609Z,3233,245.8,14299,OK,OK,OK
2026-08-14T19:12:28.010198Z,3223,245.8,14299,OK,OK,OK
2026-08-14T19:12:33.543177Z,3226,245.6,14299,OK,OK,OK
2026-08-14T19:12:39.023435Z,3260,245.6,14299,OK,OK,OK
2026-08-14T19:12:44.521915Z,3272,245.6,14299,OK,OK,OK
2026-08-14T19:12:49.989712Z,3269,245.6,14299,OK,OK,OK
2026-08-14T19:12:55.526882Z,3287,245.8,14299,OK,OK,OK
2026-08-14T19:13:01.036014Z,3293,245.6,14299,OK,OK,OK
2026-08-14T19:13:06.553081Z,3290,245.8,14299,OK,OK,OK
2026-08-14T19:13:12.062056Z,3296,245.6,14299,OK,OK,OK
2026-08-14T19:13:17.563499Z,3300,245.8,14299,OK,OK,OK
2026-08-14T19:13:23.077904Z,3308,245.6,14299,OK,OK,OK
2026-08-14T19:13:28.598948Z,3306,245.8,14299,OK,OK,OK
2026-08-14T19:13:34.102264Z,3305,245.7,14299,OK,OK,OK
2026-08-14T19:13:39.626799Z,3299,245.7,14299,OK,OK,OK
2026-08-14T19:13:45.154726Z,3301,245.8,14299,OK,OK,OK
2026-08-14T19:13:50.670572Z,3310,245.8,14299,OK,OK,OK
2026-08-14T19:13:56.181215Z,3309,245.8,14299,OK,OK,OK
2026-08-14T19:14:01.708110Z,3299,245.8,14299,OK,OK,OK
2026-08-14T19:14:07.226130Z,3397,245.8,14299,OK,OK,OK
2026-08-14T19:14:12.702484Z,3402,245.7,14299,OK,OK,OK
2026-08-14T19:14:18.200887Z,3403,245.7,14299,OK,OK,OK
2026-08-14T19:14:23.693538Z,3407,245.5,14299,OK,OK,OK
2026-08-14T19:14:29.205280Z,3431,245.7,14299,OK,OK,OK
2026-08-14T19:14:34.731048Z,3422,245.5,14299,OK,OK,OK
2026-08-14T19:14:40.234831Z,3412,245.5,14299,OK,OK,OK
2026-08-14T19:14:45.722376Z,3418,245.7,14299,OK,OK,OK
2026-08-14T19:14:51.227413Z,3459,245.7,14299,OK,OK,OK
2026-08-14T19:14:56.730876Z,3427,245.7,14299,OK,OK,OK
2026-08-14T19:15:02.253298Z,3432,245.7,14299,OK,OK,OK
2026-08-14T19:15:07.773539Z,3422,245.7,14299,OK,OK,OK
2026-08-14T19:15:13.252592Z,3409,245.7,14299,OK,OK,OK
2026-08-14T19:15:18.759336Z,3410,245.7,14299,OK,OK,OK
2026-08-14T19:15:24.240492Z,3418,245.7,14299,OK,OK,OK
2026-08-14T19:15:29.737301Z,3424,245.7,14299,OK,OK,OK
2026-08-14T19:15:35.260253Z,3408,245.7,14299,OK,OK,OK
2026-08-14T19:15:40.717542Z,3403,245.7,14299,OK,OK,OK
2026-08-14T19:15:46.244452Z,3378,245.6,14299,OK,OK,OK
2026-08-14T19:15:51.728468Z,3371,245.7,14299,OK,OK,OK
2026-08-14T19:15:57.242214Z,3359,245.7,14299,OK,OK,OK
2026-08-14T19:16:02.725218Z,3344,245.8,14299,OK,OK,OK
2026-08-14T19:16:08.234402Z,3391,245.6,14299,OK,OK,OK
2026-08-14T19:16:13.739088Z,3356,244.6,14299,OK,OK,OK
2026-08-14T19:16:19.260676Z,3350,244.2,14299,OK,OK,OK
2026-08-14T19:16:24.767171Z,3344,243.4,14299,OK,OK,OK
2026-08-14T19:16:30.302208Z,3350,243.2,14299,OK,OK,OK
2026-08-14T19:16:35.841485Z,3343,243.2,14299,OK,OK,OK
2026-08-14T19:16:41.364296Z,3366,245.2,14299,OK,OK,OK
2026-08-14T19:16:46.871185Z,3362,244.9,14299,OK,OK,OK
2026-08-14T19:16:52.352443Z,3367,245.8,14299,OK,OK,OK
2026-08-14T19:16:57.874078Z,3364,244.7,14299,OK,OK,OK
2026-08-14T19:17:03.392062Z,3372,244.9,14299,OK,OK,OK
2026-08-14T19:17:08.932476Z,3394,245.4,14299,OK,OK,OK
2026-08-14T19:17:14.411930Z,3440,245.2,14299,OK,OK,OK
2026-08-14T19:17:19.941722Z,3438,244.6,14299,OK,OK,OK
2026-08-14T19:17:25.458158Z,3435,244.0,14299,OK,OK,OK
2026-08-14T19:17:30.999061Z,3416,242.3,14299,OK,OK,OK
2026-08-14T19:17:36.521044Z,3413,242.6,14299,OK,OK,OK
2026-08-14T19:17:42.044840Z,3452,244.4,14299,OK,OK,OK
2026-08-14T19:17:47.544017Z,3444,244.2,14299,OK,OK,OK
2026-08-14T19:17:53.051000Z,3440,244.2,14299,OK,OK,OK
2026-08-14T19:17:58.539146Z,3440,244.8,14299,OK,OK,OK
2026-08-14T19:18:04.052006Z,3422,242.2,14299,OK,OK,OK
2026-08-14T19:18:09.569929Z,3380,242.4,14299,OK,OK,OK
2026-08-14T19:18:15.098368Z,3369,242.3,14299,OK,OK,OK
2026-08-14T19:18:20.627839Z,3353,242.2,14299,OK,OK,OK
2026-08-14T19:18:26.147864Z,3358,242.2,14299,OK,OK,OK
2026-08-14T19:18:31.663326Z,3344,242.2,14299,OK,OK,OK
2026-08-14T19:18:37.167621Z,3343,242.2,14299,OK,OK,OK
2026-08-14T19:18:42.705492Z,3291,242.1,14299,OK,OK,OK
2026-08-14T19:18:48.212738Z,3294,242.2,14299,OK,OK,OK
2026-08-14T19:18:53.749621Z,3300,242.2,14299,OK,OK,OK
2026-08-14T19:18:59.276934Z,3284,242.2,14299,OK,OK,OK
2026-08-14T19:19:04.769955Z,3293,242.1,14299,OK,OK,OK
2026-08-14T19:19:10.286133Z,3299,242.1,14299,OK,OK,OK
2026-08-14T19:19:15.796016Z,3300,242.3,14299,OK,OK,OK
2026-08-14T19:19:21.322004Z,3298,242.2,14299,OK,OK,OK
2026-08-14T19:19:26.847929Z,3311,242.4,14299,OK,OK,OK
2026-08-14T19:19:32.331973Z,3294,243.0,14299,OK,OK,OK
2026-08-14T19:19:37.857555Z,1608,243.8,14299,OK,OK,OK
2026-08-14T19:19:43.387607Z,1613,245.2,14299,OK,OK,OK
2026-08-14T19:19:48.891729Z,1599,245.3,14299,OK,OK,OK
2026-08-14T19:19:54.407721Z,1598,244.6,14299,OK,OK,OK
2026-08-14T19:19:59.921661Z,1595,243.3,14299,OK,OK,OK
2026-08-14T19:20:05.406461Z,1592,244.0,14299,OK,OK,OK
2026-08-14T19:20:10.916362Z,1646,243.6,14299,OK,OK,OK
2026-08-14T19:20:16.401428Z,1679,243.0,14299,OK,OK,OK
2026-08-14T19:20:21.914685Z,1688,243.1,14299,OK,OK,OK
2026-08-14T19:20:27.381431Z,1692,243.0,14299,OK,OK,OK
2026-08-14T19:20:32.872488Z,1698,243.0,14299,OK,OK,OK
2026-08-14T19:20:38.392490Z,1700,243.0,14299,OK,OK,OK
2026-08-14T19:20:43.889271Z,1701,243.0,14299,OK,OK,OK
2026-08-14T19:20:49.391019Z,1686,242.9,14299,OK,OK,OK
2026-08-14T19:20:54.856745Z,1696,243.1,14299,OK,OK,OK
2026-08-14T19:21:00.366636Z,1689,243.1,14299,OK,OK,OK
2026-08-14T19:21:05.838480Z,1686,242.9,14299,OK,OK,OK
2026-08-14T19:21:11.338159Z,1690,243.0,14299,OK,OK,OK
2026-08-14T19:21:16.817879Z,1688,243.1,14299,OK,OK,OK
2026-08-14T19:21:22.324865Z,1685,243.2,14299,OK,OK,OK
2026-08-14T19:21:27.829300Z,1679,243.4,14299,OK,OK,OK
2026-08-14T19:21:33.280676Z,1685,243.4,14299,OK,OK,OK
2026-08-14T19:21:38.788432Z,1686,243.4,14299,OK,OK,OK
2026-08-14T19:21:44.305651Z,1694,243.6,14299,OK,OK,OK
2026-08-14T19:21:49.808444Z,1690,243.8,14299,OK,OK,OK
2026-08-14T19:21:55.289795Z,1689,243.0,14299,OK,OK,OK
2026-08-14T19:22:00.839083Z,1692,243.1,14299,OK,OK,OK
2026-08-14T19:22:06.362428Z,1724,244.0,14299,OK,OK,OK
2026-08-14T19:22:11.866297Z,1710,245.2,14299,OK,OK,OK
2026-08-14T19:22:17.396338Z,1695,244.6,14299,OK,OK,OK
2026-08-14T19:22:22.930308Z,1697,245.4,14299,OK,OK,OK
2026-08-14T19:22:28.435898Z,1696,245.3,14299,OK,OK,OK
2026-08-14T19:22:33.964545Z,1682,245.3,14299,OK,OK,OK
2026-08-14T19:22:39.486764Z,1697,245.3,14299,OK,OK,OK
2026-08-14T19:22:45.021143Z,1696,245.3,14299,OK,OK,OK
2026-08-14T19:22:50.550262Z,1721,245.2,14299,OK,OK,OK
2026-08-14T19:22:56.024199Z,1694,245.0,14299,OK,OK,OK
2026-08-14T19:23:01.559471Z,1696,245.3,13196,OK,OK,OK
2026-08-14T19:23:07.081055Z,1694,245.3,13196,OK,OK,OK
2026-08-14T19:23:12.591874Z,1698,245.0,13196,OK,OK,OK
2026-08-14T19:23:18.126917Z,1695,244.4,13196,OK,OK,OK
2026-08-14T19:23:23.647632Z,1692,244.0,13196,OK,OK,OK
2026-08-14T19:23:29.178065Z,1689,244.0,13196,OK,OK,OK
2026-08-14T19:23:34.658874Z,1686,243.2,13196,OK,OK,OK
2026-08-14T19:23:40.169859Z,1678,241.7,13196,OK,OK,OK
2026-08-14T19:23:45.705504Z,1677,241.7,13196,OK,OK,OK
2026-08-14T19:23:51.196815Z,1680,242.7,13196,OK,OK,OK
2026-08-14T19:23:56.692380Z,1682,243.1,13196,OK,OK,OK
2026-08-14T19:24:02.191374Z,1692,245.0,13196,OK,OK,OK
2026-08-14T19:24:07.661231Z,1693,245.0,13196,OK,OK,OK
2026-08-14T19:24:13.157705Z,1701,245.4,13196,OK,OK,OK
2026-08-14T19:24:18.683066Z,1706,245.3,13196,OK,OK,OK
2026-08-14T19:24:24.213103Z,1698,245.2,13196,OK,OK,OK
2026-08-14T19:24:29.727897Z,1695,245.3,13196,OK,OK,OK
2026-08-14T19:24:35.245102Z,1693,245.2,13196,OK,OK,OK
2026-08-14T19:24:40.754367Z,1700,245.3,13196,OK,OK,OK
2026-08-14T19:24:46.261466Z,1687,245.2,13196,OK,OK,OK
2026-08-14T19:24:51.825136Z,1690,245.2,13196,OK,OK,OK
2026-08-14T19:24:57.339850Z,1685,245.1,13196,OK,OK,OK
2026-08-14T19:25:02.840573Z,1691,245.2,13196,OK,OK,OK
2026-08-14T19:25:08.315137Z,1683,245.1,13196,OK,OK,OK
2026-08-14T19:25:13.833871Z,1649,245.2,13196,OK,OK,OK
2026-08-14T19:25:19.368094Z,1650,245.1,13196,OK,OK,OK
2026-08-14T19:25:24.889095Z,1654,245.1,13196,OK,OK,OK
2026-08-14T19:25:30.411013Z,1642,245.1,13196,OK,OK,OK
2026-08-14T19:25:35.901916Z,1639,245.0,13196,OK,OK,OK
2026-08-14T19:25:41.402882Z,1636,245.1,13196,OK,OK,OK
2026-08-14T19:25:46.868467Z,1636,245.0,13196,OK,OK,OK
2026-08-14T19:25:52.383606Z,1622,245.7,13196,OK,OK,OK
2026-08-14T19:25:57.850399Z,1643,245.7,13196,OK,OK,OK
2026-08-14T19:26:03.331320Z,1641,245.7,13196,OK,OK,OK
2026-08-14T19:26:08.812168Z,1650,245.6,13196,OK,OK,OK
2026-08-14T19:26:14.325893Z,1676,245.7,13196,OK,OK,OK
2026-08-14T19:26:19.825657Z,1677,245.7,13196,OK,OK,OK
2026-08-14T19:26:25.344270Z,1680,245.8,13196,OK,OK,OK
2026-08-14T19:26:30.837585Z,1684,245.8,13196,OK,OK,OK
2026-08-14T19:26:36.351846Z,1674,245.8,13196,OK,OK,OK
2026-08-14T19:26:41.845452Z,1805,245.7,13196,OK,OK,OK
2026-08-14T19:26:47.345400Z,1815,245.6,13196,OK,OK,OK
2026-08-14T19:26:52.871794Z,1817,245.8,13196,OK,OK,OK
2026-08-14T19:26:58.375662Z,1818,245.8,13196,OK,OK,OK
2026-08-14T19:27:03.870179Z,1817,245.8,13196,OK,OK,OK
2026-08-14T19:27:09.398068Z,1841,245.6,13196,OK,OK,OK
2026-08-14T19:27:14.954984Z,1869,245.6,13196,OK,OK,OK
2026-08-14T19:27:20.467689Z,3459,245.0,13196,OK,OK,OK
2026-08-14T19:27:25.997429Z,3499,245.1,13196,OK,OK,OK
2026-08-14T19:27:31.499558Z,3517,245.0,13196,OK,OK,OK
2026-08-14T19:27:37.003971Z,3523,245.1,13196,OK,OK,OK
2026-08-14T19:27:42.484283Z,3537,245.1,13196,OK,OK,OK
2026-08-14T19:27:47.971093Z,3570,245.2,13196,OK,OK,OK
2026-08-14T19:27:53.506225Z,3563,245.1,13196,OK,OK,OK
2026-08-14T19:27:59.049629Z,3566,245.1,13196,OK,OK,OK
2026-08-14T19:28:04.565305Z,3451,245.1,13196,OK,OK,OK
2026-08-14T19:28:10.070176Z,3430,245.0,13196,OK,OK,OK
2026-08-14T19:28:15.596407Z,3419,245.0,13196,OK,OK,OK
2026-08-14T19:28:21.124576Z,3411,245.1,13196,OK,OK,OK
2026-08-14T19:28:26.738200Z,3406,245.0,13196,OK,OK,OK
2026-08-14T19:28:32.238056Z,3410,245.2,13196,OK,OK,OK
2026-08-14T19:28:37.729929Z,3413,245.2,13196,OK,OK,OK
2026-08-14T19:28:43.242120Z,3427,245.2,13196,OK,OK,OK
2026-08-14T19:28:48.748187Z,3404,245.2,13196,OK,OK,OK
2026-08-14T19:28:54.235192Z,3401,245.2,13196,OK,OK,OK
2026-08-14T19:28:59.755274Z,3416,245.1,13196,OK,OK,OK
2026-08-14T19:29:05.245822Z,3418,245.0,13196,OK,OK,OK
2026-08-14T19:29:10.730235Z,3413,245.2,13196,OK,OK,OK
2026-08-14T19:29:16.260682Z,3440,245.2,13196,OK,OK,OK
2026-08-14T19:29:21.751306Z,3423,245.2,13196,OK,OK,OK
2026-08-14T19:29:27.246962Z,3453,245.3,13196,OK,OK,OK
2026-08-14T19:29:32.805279Z,3435,245.9,13196,OK,OK,OK
2026-08-14T19:29:38.295759Z,3427,245.7,13196,OK,OK,OK
2026-08-14T19:29:43.795415Z,3423,245.8,13196,OK,OK,OK
2026-08-14T19:29:49.317493Z,3420,245.9,13196,OK,OK,OK
2026-08-14T19:29:54.828787Z,3422,245.8,13196,OK,OK,OK
2026-08-14T19:30:00.357797Z,3418,245.7,13196,OK,OK,OK
2026-08-14T19:30:05.878039Z,3429,245.7,13196,OK,OK,OK
2026-08-14T19:30:11.378909Z,3436,245.7,13196,OK,OK,OK
2026-08-14T19:30:16.862765Z,3465,245.7,13196,OK,OK,OK
2026-08-14T19:30:22.347663Z,3447,245.6,13196,OK,OK,OK
2026-08-14T19:30:27.855838Z,3462,245.6,13196,OK,OK,OK
2026-08-14T19:30:33.370598Z,3470,245.4,13196,OK,OK,OK
2026-08-14T19:30:38.856205Z,3482,245.5,13196,OK,OK,OK
2026-08-14T19:30:44.374723Z,3473,245.7,13196,OK,OK,OK
2026-08-14T19:30:49.820102Z,3469,245.8,13196,OK,OK,OK
2026-08-14T19:30:55.294159Z,3469,245.8,13196,OK,OK,OK
2026-08-14T19:31:00.785199Z,3478,245.8,13196,OK,OK,OK
2026-08-14T19:31:06.284068Z,3473,246.0,13196,OK,OK,OK
2026-08-14T19:31:11.798484Z,3475,246.0,13196,OK,OK,OK
2026-08-14T19:31:17.324220Z,3484,246.0,13196,OK,OK,OK
2026-08-14T19:31:22.824934Z,3525,246.1,13196,OK,OK,OK
2026-08-14T19:31:28.292720Z,3471,245.9,13196,OK,OK,OK
2026-08-14T19:31:33.793054Z,3476,246.0,13196,OK,OK,OK
2026-08-14T19:31:39.285495Z,3477,246.1,13196,OK,OK,OK
2026-08-14T19:31:44.793495Z,3465,246.0,13196,OK,OK,OK
2026-08-14T19:31:50.319521Z,3462,246.0,13196,OK,OK,OK
2026-08-14T19:31:55.825883Z,3457,245.9,13196,OK,OK,OK
2026-08-14T19:32:01.317118Z,3451,246.0,13196,OK,OK,OK
2026-08-14T19:32:06.853862Z,3452,246.0,13196,OK,OK,OK
2026-08-14T19:32:12.327254Z,3453,246.0,13196,OK,OK,OK
2026-08-14T19:32:17.809529Z,3441,245.9,13196,OK,OK,OK
2026-08-14T19:32:23.325401Z,3444,245.9,13196,OK,OK,OK
2026-08-14T19:32:28.815246Z,3432,246.0,13196,OK,OK,OK
2026-08-14T19:32:34.302267Z,3440,246.0,13196,OK,OK,OK
2026-08-14T19:32:39.813433Z,3423,246.1,13196,OK,OK,OK
2026-08-14T19:32:45.324040Z,3488,246.0,13196,OK,OK,OK
2026-08-14T19:32:50.796288Z,3477,246.0,13196,OK,OK,OK
2026-08-14T19:32:56.276598Z,3499,246.0,13196,OK,OK,OK
2026-08-14T19:33:01.783076Z,3507,246.0,13196,OK,OK,OK
2026-08-14T19:33:07.314644Z,3508,245.9,13196,OK,OK,OK
2026-08-14T19:33:12.841652Z,3480,245.8,13196,OK,OK,OK
2026-08-14T19:33:18.285963Z,3483,245.8,13196,OK,OK,OK
2026-08-14T19:33:23.757226Z,3498,245.8,13196,OK,OK,OK
2026-08-14T19:33:29.238189Z,3494,245.8,13196,OK,OK,OK
2026-08-14T19:33:34.710903Z,3479,245.7,13196,OK,OK,OK
2026-08-14T19:33:40.220958Z,3476,245.9,13196,OK,OK,OK
2026-08-14T19:33:45.712197Z,3480,245.7,13196,OK,OK,OK
2026-08-14T19:33:51.192151Z,3492,245.9,13196,OK,OK,OK
2026-08-14T19:33:56.718176Z,3478,245.9,13196,OK,OK,OK
2026-08-14T19:34:02.244054Z,3495,245.9,13196,OK,OK,OK
2026-08-14T19:34:07.751328Z,3494,245.7,13196,OK,OK,OK
2026-08-14T19:34:13.261291Z,3466,245.8,13196,OK,OK,OK
2026-08-14T19:34:18.786367Z,3477,246.1,13196,OK,OK,OK
2026-08-14T19:34:24.309388Z,3460,245.8,13196,OK,OK,OK
2026-08-14T19:34:29.809134Z,3461,246.1,13196,OK,OK,OK
2026-08-14T19:34:35.293562Z,3442,246.0,13196,OK,OK,OK
2026-08-14T19:34:40.807260Z,3468,246.1,13196,OK,OK,OK
2026-08-14T19:34:46.335111Z,3437,245.9,13196,OK,OK,OK
2026-08-14T19:34:51.835173Z,3438,245.9,13196,OK,OK,OK
2026-08-14T19:34:57.357018Z,3436,246.1,13196,OK,OK,OK
2026-08-14T19:35:02.880471Z,3430,245.8,13196,OK,OK,OK
2026-08-14T19:35:08.418753Z,3448,246.2,13196,OK,OK,OK
2026-08-14T19:35:13.938537Z,3440,245.4,13196,OK,OK,OK
2026-08-14T19:35:19.424984Z,3439,246.0,13196,OK,OK,OK
2026-08-14T19:35:24.971382Z,3443,245.9,13196,OK,OK,OK
2026-08-14T19:35:30.484864Z,3437,245.9,13196,OK,OK,OK
2026-08-14T19:35:35.997010Z,3436,245.9,13196,OK,OK,OK
2026-08-14T19:35:41.518561Z,3441,246.2,13196,OK,OK,OK
2026-08-14T19:35:46.993589Z,3456,246.1,13196,OK,OK,OK
2026-08-14T19:35:52.528575Z,3454,246.3,13196,OK,OK,OK
2026-08-14T19:35:58.021106Z,3454,246.2,13196,OK,OK,OK
2026-08-14T19:36:03.507029Z,3454,246.3,13196,OK,OK,OK
2026-08-14T19:36:08.985702Z,3457,246.3,13196,OK,OK,OK
2026-08-14T19:36:14.450338Z,3437,246.3,13196,OK,OK,OK
2026-08-14T19:36:19.917356Z,3443,246.4,13196,OK,OK,OK
2026-08-14T19:36:25.413081Z,3468,245.9,13196,OK,OK,OK
2026-08-14T19:36:30.944568Z,3430,245.7,13196,OK,OK,OK
2026-08-14T19:36:36.464011Z,3443,245.7,13196,OK,OK,OK
2026-08-14T19:36:41.957931Z,3446,245.9,13196,OK,OK,OK
2026-08-14T19:36:47.459941Z,3450,245.8,13196,OK,OK,OK
2026-08-14T19:36:52.986066Z,3447,245.8,13196,OK,OK,OK
2026-08-14T19:36:58.453314Z,3453,245.7,13196,OK,OK,OK
2026-08-14T19:37:03.982238Z,3491,245.8,13196,OK,OK,OK
2026-08-14T19:37:09.533653Z,3438,245.8,13196,OK,OK,OK
2026-08-14T19:37:15.042215Z,3444,245.8,13196,OK,OK,OK
2026-08-14T19:37:20.545905Z,3462,245.8,13196,OK,OK,OK
2026-08-14T19:37:26.064056Z,3438,246.0,13196,OK,OK,OK
2026-08-14T19:37:31.594410Z,3429,245.7,13196,OK,OK,OK
2026-08-14T19:37:37.082181Z,3420,245.7,13196,OK,OK,OK
2026-08-14T19:37:42.625909Z,3457,245.7,13196,OK,OK,OK
2026-08-14T19:37:48.127757Z,3457,245.7,13196,OK,OK,OK
2026-08-14T19:37:53.639131Z,3460,245.7,13196,OK,OK,OK
2026-08-14T19:37:59.124548Z,3459,245.7,13196,OK,OK,OK
2026-08-14T19:38:04.657686Z,3443,245.8,13196,OK,OK,OK
2026-08-14T19:38:10.152716Z,3463,245.8,13196,OK,OK,OK
2026-08-14T19:38:15.644768Z,3461,245.8,13196,OK,OK,OK
2026-08-14T19:38:21.155904Z,3452,245.6,12579,OK,OK,OK
2026-08-14T19:38:26.676125Z,3463,245.6,12579,OK,OK,OK
2026-08-14T19:38:32.163707Z,3451,245.5,12579,OK,OK,OK
2026-08-14T19:38:37.632426Z,3460,245.6,12579,OK,OK,OK
2026-08-14T19:38:43.149929Z,3410,245.7,12579,OK,OK,OK
2026-08-14T19:38:48.606313Z,3400,245.7,12579,OK,OK,OK
2026-08-14T19:38:54.119426Z,3393,245.7,12579,OK,OK,OK
2026-08-14T19:38:59.620879Z,3400,245.7,12579,OK,OK,OK
2026-08-14T19:39:05.146764Z,3410,245.7,12579,OK,OK,OK
2026-08-14T19:39:10.656559Z,3405,245.7,12579,OK,OK,OK
2026-08-14T19:39:16.176977Z,3418,245.7,12579,OK,OK,OK
2026-08-14T19:39:21.661508Z,3407,245.8,12579,OK,OK,OK
2026-08-14T19:39:27.149197Z,3445,245.7,12579,OK,OK,OK
2026-08-14T19:39:32.676923Z,3422,245.7,12579,OK,OK,OK
2026-08-14T19:39:38.191010Z,3400,245.8,12579,OK,OK,OK
2026-08-14T19:39:43.651674Z,3366,246.0,12579,OK,OK,OK
2026-08-14T19:39:49.150734Z,3350,246.0,12579,OK,OK,OK
2026-08-14T19:39:54.673806Z,3354,246.0,12579,OK,OK,OK
2026-08-14T19:40:00.148430Z,3354,246.1,12579,OK,OK,OK
2026-08-14T19:40:05.613189Z,3348,246.1,12579,OK,OK,OK
2026-08-14T19:40:11.138692Z,3380,246.0,12579,OK,OK,OK
2026-08-14T19:40:16.640343Z,3366,246.0,12579,OK,OK,OK
2026-08-14T19:40:22.140864Z,3378,246.0,12579,OK,OK,OK
2026-08-14T19:40:27.655435Z,3386,245.7,12579,OK,OK,OK
2026-08-14T19:40:33.155717Z,3383,245.6,12579,OK,OK,OK
2026-08-14T19:40:38.663423Z,3379,245.8,12579,OK,OK,OK
2026-08-14T19:40:44.187643Z,3376,246.0,12579,OK,OK,OK
2026-08-14T19:40:49.693801Z,3369,246.0,12579,OK,OK,OK
2026-08-14T19:40:55.196831Z,3269,246.1,12579,OK,OK,OK
2026-08-14T19:41:00.678391Z,3262,246.2,12579,OK,OK,OK
2026-08-14T19:41:06.194771Z,3264,246.2,12579,OK,OK,OK
2026-08-14T19:41:11.733219Z,3252,246.2,12579,OK,OK,OK
2026-08-14T19:41:17.214684Z,3296,246.3,12579,OK,OK,OK
2026-08-14T19:41:22.740371Z,3295,246.3,12579,OK,OK,OK
2026-08-14T19:41:28.233387Z,3303,246.2,12579,OK,OK,OK
2026-08-14T19:41:33.740197Z,3303,246.2,12579,OK,OK,OK
2026-08-14T19:41:39.243434Z,3310,246.1,12579,OK,OK,OK
2026-08-14T19:41:44.744579Z,3307,246.1,12579,OK,OK,OK
2026-08-14T19:41:50.236444Z,3308,246.0,12579,OK,OK,OK
2026-08-14T19:41:55.763372Z,3313,246.1,12579,OK,OK,OK
2026-08-14T19:42:01.236764Z,3315,246.0,12579,OK,OK,OK
2026-08-14T19:42:06.732401Z,3317,246.1,12579,OK,OK,OK
2026-08-14T19:42:12.229231Z,3341,246.1,12579,OK,OK,OK
2026-08-14T19:42:17.711984Z,3363,246.2,12579,OK,OK,OK
2026-08-14T19:42:23.240718Z,3355,246.2,12579,OK,OK,OK
2026-08-14T19:42:28.747005Z,3374,246.1,12579,OK,OK,OK
2026-08-14T19:42:34.286296Z,3394,246.1,12579,OK,OK,OK
2026-08-14T19:42:39.840352Z,3400,246.1,12579,OK,OK,OK
2026-08-14T19:42:45.386642Z,3402,246.1,12579,OK,OK,OK
2026-08-14T19:42:50.879788Z,3407,246.1,12579,OK,OK,OK
2026-08-14T19:42:56.374195Z,3387,244.7,12579,OK,OK,OK
2026-08-14T19:43:01.892290Z,3407,245.4,12579,OK,OK,OK
2026-08-14T19:43:07.388167Z,3418,245.4,12579,OK,OK,OK
2026-08-14T19:43:12.876593Z,3386,245.2,12579,OK,OK,OK
2026-08-14T19:43:18.395411Z,3406,245.2,12579,OK,OK,OK
2026-08-14T19:43:23.924576Z,3376,245.2,12579,OK,OK,OK
2026-08-14T19:43:29.431589Z,3368,245.1,12579,OK,OK,OK
2026-08-14T19:43:34.924668Z,3360,245.1,12579,OK,OK,OK
2026-08-14T19:43:40.429483Z,1621,245.8,12579,OK,OK,OK
2026-08-14T19:43:45.960644Z,1575,245.8,12579,OK,OK,OK
2026-08-14T19:43:51.466956Z,1586,246.1,12579,OK,OK,OK
2026-08-14T19:43:56.982441Z,1581,246.0,12579,OK,OK,OK
2026-08-14T19:44:02.526590Z,1576,246.0,12579,OK,OK,OK
2026-08-14T19:44:08.020859Z,1572,246.1,12579,OK,OK,OK
2026-08-14T19:44:13.555204Z,1574,246.1,12579,OK,OK,OK
2026-08-14T19:44:19.076057Z,1568,246.1,12579,OK,OK,OK
2026-08-14T19:44:24.568178Z,1565,245.9,12579,OK,OK,OK
2026-08-14T19:44:30.094054Z,1561,246.0,12579,OK,OK,OK
2026-08-14T19:44:35.595240Z,1574,246.0,12579,OK,OK,OK
2026-08-14T19:44:41.130121Z,1564,246.0,12579,OK,OK,OK
2026-08-14T19:44:46.624503Z,1568,246.0,12579,OK,OK,OK
2026-08-14T19:44:52.137449Z,1558,246.0,12579,OK,OK,OK
2026-08-14T19:44:57.617333Z,1595,246.0,12579,OK,OK,OK
2026-08-14T19:45:03.171279Z,1560,246.0,12579,OK,OK,OK
2026-08-14T19:45:08.664969Z,1562,245.9,12579,OK,OK,OK
2026-08-14T19:45:14.201029Z,1594,246.0,12579,OK,OK,OK
2026-08-14T19:45:19.698530Z,1600,246.0,12579,OK,OK,OK
2026-08-14T19:45:25.209829Z,1602,245.8,12579,OK,OK,OK
2026-08-14T19:45:30.691644Z,1602,245.8,12579,OK,OK,OK
2026-08-14T19:45:36.189090Z,1604,245.8,12579,OK,OK,OK
2026-08-14T19:45:41.694423Z,1604,245.8,12579,OK,OK,OK
2026-08-14T19:45:47.199093Z,1609,245.8,12579,OK,OK,OK
2026-08-14T19:45:52.681441Z,1604,245.8,12579,OK,OK,OK
2026-08-14T19:45:58.188185Z,1614,245.8,12579,OK,OK,OK
2026-08-14T19:46:03.693994Z,1611,245.8,12579,OK,OK,OK
2026-08-14T19:46:09.177999Z,1593,245.8,12579,OK,OK,OK
2026-08-14T19:46:14.683774Z,1650,246.0,12579,OK,OK,OK
2026-08-14T19:46:20.174155Z,1658,245.8,12579,OK,OK,OK
2026-08-14T19:46:25.717346Z,1657,245.8,12579,OK,OK,OK
2026-08-14T19:46:31.211572Z,1650,245.9,12579,OK,OK,OK
2026-08-14T19:46:36.717574Z,1663,245.9,12579,OK,OK,OK
2026-08-14T19:46:42.214251Z,1671,245.9,12579,OK,OK,OK
2026-08-14T19:46:47.712131Z,1653,245.9,12579,OK,OK,OK
2026-08-14T19:46:53.213082Z,1658,245.9,12579,OK,OK,OK
2026-08-14T19:46:58.729622Z,1659,245.9,12579,OK,OK,OK
2026-08-14T19:47:04.239757Z,1659,245.9,12579,OK,OK,OK
2026-08-14T19:47:09.721869Z,1657,245.9,12579,OK,OK,OK
2026-08-14T19:47:15.170264Z,1608,245.8,12579,OK,OK,OK
2026-08-14T19:47:20.693637Z,1612,245.9,12579,OK,OK,OK
2026-08-14T19:47:26.177709Z,1620,245.9,12579,OK,OK,OK
2026-08-14T19:47:31.666821Z,1607,245.9,12579,OK,OK,OK
2026-08-14T19:47:37.174390Z,1617,245.7,12579,OK,OK,OK
2026-08-14T19:47:42.712541Z,1602,245.8,12579,OK,OK,OK
2026-08-14T19:47:48.220228Z,1569,245.8,12579,OK,OK,OK
2026-08-14T19:47:53.689593Z,1561,245.6,12579,OK,OK,OK
2026-08-14T19:47:59.230045Z,1564,245.8,12579,OK,OK,OK
2026-08-14T19:48:04.767159Z,1556,245.6,12579,OK,OK,OK
2026-08-14T19:48:10.292964Z,1548,245.5,12579,OK,OK,OK
2026-08-14T19:48:15.819275Z,1562,245.5,12579,OK,OK,OK
2026-08-14T19:48:21.305518Z,1558,245.5,12579,OK,OK,OK
2026-08-14T19:48:26.808716Z,1561,245.5,12579,OK,OK,OK
2026-08-14T19:48:32.322987Z,1560,245.7,12579,OK,OK,OK
2026-08-14T19:48:37.820252Z,1553,245.7,12579,OK,OK,OK
2026-08-14T19:48:43.307589Z,1556,245.6,12579,OK,OK,OK
2026-08-14T19:48:48.839115Z,1610,245.6,12579,OK,OK,OK
2026-08-14T19:48:54.332844Z,1552,245.5,12579,OK,OK,OK
2026-08-14T19:48:59.860803Z,1556,245.5,12579,OK,OK,OK
2026-08-14T19:49:05.372920Z,1553,245.5,12579,OK,OK,OK
2026-08-14T19:49:10.871585Z,1554,245.5,12579,OK,OK,OK
2026-08-14T19:49:16.325636Z,1591,245.6,12579,OK,OK,OK
2026-08-14T19:49:21.843532Z,1593,245.5,12579,OK,OK,OK
2026-08-14T19:49:27.342388Z,1598,245.5,12579,OK,OK,OK
2026-08-14T19:49:32.830864Z,1593,245.5,12579,OK,OK,OK
2026-08-14T19:49:38.314668Z,1591,245.5,12579,OK,OK,OK
2026-08-14T19:49:43.850766Z,1597,245.6,12579,OK,OK,OK
2026-08-14T19:49:49.342687Z,1591,245.4,12579,OK,OK,OK
2026-08-14T19:49:54.838315Z,1600,245.6,12579,OK,OK,OK
2026-08-14T19:50:00.350259Z,1590,245.6,12579,OK,OK,OK
2026-08-14T19:50:05.834535Z,1601,245.6,12579,OK,OK,OK
2026-08-14T19:50:11.333377Z,1592,245.6,12579,OK,OK,OK
2026-08-14T19:50:16.796433Z,1595,245.6,12579,OK,OK,OK
2026-08-14T19:50:22.278729Z,1593,245.6,12579,OK,OK,OK
2026-08-14T19:50:27.782718Z,1594,245.6,12579,OK,OK,OK
2026-08-14T19:50:33.291048Z,1593,245.6,12579,OK,OK,OK
2026-08-14T19:50:38.776397Z,1579,245.6,12579,OK,OK,OK
2026-08-14T19:50:44.292910Z,1594,245.6,12579,OK,OK,OK
2026-08-14T19:50:49.817783Z,1592,245.6,12579,OK,OK,OK
2026-08-14T19:50:55.299076Z,1596,245.5,12579,OK,OK,OK
2026-08-14T19:51:00.822944Z,1594,245.3,12579,OK,OK,OK
2026-08-14T19:51:06.348991Z,1596,245.2,12579,OK,OK,OK
2026-08-14T19:51:11.839457Z,1591,245.2,12579,OK,OK,OK
2026-08-14T19:51:17.350808Z,3082,245.2,12579,OK,OK,OK
2026-08-14T19:51:22.880744Z,3198,245.2,12579,OK,OK,OK
2026-08-14T19:51:28.420948Z,3277,245.2,12579,OK,OK,OK
2026-08-14T19:51:33.902718Z,3265,245.3,12579,OK,OK,OK
2026-08-14T19:51:39.407360Z,3283,245.2,12579,OK,OK,OK
2026-08-14T19:51:44.933228Z,3298,245.0,12579,OK,OK,OK
2026-08-14T19:51:50.435984Z,3293,245.0,12579,OK,OK,OK
2026-08-14T19:51:55.991128Z,3300,245.0,12579,OK,OK,OK
2026-08-14T19:52:01.471689Z,3299,245.0,12579,OK,OK,OK
2026-08-14T19:52:06.936088Z,3298,245.0,12579,OK,OK,OK
2026-08-14T19:52:12.454384Z,3313,245.0,12579,OK,OK,OK
2026-08-14T19:52:17.948926Z,3294,245.0,12579,OK,OK,OK
2026-08-14T19:52:23.416356Z,3260,245.1,12579,OK,OK,OK
2026-08-14T19:52:28.945937Z,3244,245.1,12579,OK,OK,OK
2026-08-14T19:52:34.456190Z,3244,245.2,12579,OK,OK,OK
2026-08-14T19:52:39.962508Z,3252,245.2,12579,OK,OK,OK
2026-08-14T19:52:45.502651Z,3260,245.5,12579,OK,OK,OK
2026-08-14T19:52:51.003996Z,3247,245.5,12579,OK,OK,OK
2026-08-14T19:52:56.470557Z,3251,245.5,12579,OK,OK,OK
2026-08-14T19:53:01.969197Z,3246,245.3,12579,OK,OK,OK
2026-08-14T19:53:07.454027Z,3246,245.5,12579,OK,OK,OK
2026-08-14T19:53:12.946843Z,3247,245.5,12579,OK,OK,OK
2026-08-14T19:53:18.436158Z,3285,245.4,12579,OK,OK,OK
2026-08-14T19:53:23.922537Z,3284,245.5,12579,OK,OK,OK
2026-08-14T19:53:29.408685Z,3296,245.5,12579,OK,OK,OK
2026-08-14T19:53:34.877588Z,3308,245.4,12579,OK,OK,OK
2026-08-14T19:53:40.373160Z,3288,245.6,11933,OK,OK,OK
2026-08-14T19:53:45.896274Z,3310,245.5,11933,OK,OK,OK
2026-08-14T19:53:51.427188Z,3313,245.4,11933,OK,OK,OK
2026-08-14T19:53:56.942107Z,3308,245.3,11933,OK,OK,OK
2026-08-14T19:54:02.453843Z,3308,244.9,11933,OK,OK,OK
2026-08-14T19:54:07.974950Z,3332,245.2,11933,OK,OK,OK
2026-08-14T19:54:13.511728Z,3308,245.2,11933,OK,OK,OK
2026-08-14T19:54:19.001274Z,3365,245.2,11933,OK,OK,OK
2026-08-14T19:54:24.478256Z,3359,245.3,11933,OK,OK,OK
2026-08-14T19:54:29.977033Z,3350,245.4,11933,OK,OK,OK
2026-08-14T19:54:35.487253Z,3360,245.2,11933,OK,OK,OK
2026-08-14T19:54:40.995522Z,3357,245.2,11933,OK,OK,OK
2026-08-14T19:54:46.579943Z,3360,244.8,11933,OK,OK,OK
2026-08-14T19:54:52.090803Z,3347,244.2,11933,OK,OK,OK
2026-08-14T19:54:57.628271Z,3338,244.6,11933,OK,OK,OK
2026-08-14T19:55:03.100761Z,3352,244.1,11933,OK,OK,OK
2026-08-14T19:55:08.592831Z,3347,243.9,11933,OK,OK,OK
2026-08-14T19:55:14.131387Z,3326,243.6,11933,OK,OK,OK
2026-08-14T19:55:19.650238Z,3280,243.3,11933,OK,OK,OK
2026-08-14T19:55:25.107502Z,3293,243.4,11933,OK,OK,OK
2026-08-14T19:55:30.606631Z,3288,243.1,11933,OK,OK,OK
2026-08-14T19:55:36.145912Z,3298,243.2,11933,OK,OK,OK
2026-08-14T19:55:41.605808Z,3308,243.4,11933,OK,OK,OK
2026-08-14T19:55:47.113887Z,3309,243.5,11933,OK,OK,OK
2026-08-14T19:55:52.614525Z,3285,243.5,11933,OK,OK,OK
2026-08-14T19:55:58.084684Z,3300,243.6,11933,OK,OK,OK
2026-08-14T19:56:03.582283Z,3291,243.7,11933,OK,OK,OK
2026-08-14T19:56:09.028668Z,3303,243.7,11933,OK,OK,OK
2026-08-14T19:56:14.532128Z,3287,244.2,11933,OK,OK,OK
2026-08-14T19:56:20.023855Z,3251,244.1,11933,OK,OK,OK
2026-08-14T19:56:25.476963Z,3266,244.5,11933,OK,OK,OK
2026-08-14T19:56:30.986269Z,3360,245.0,11933,OK,OK,OK
2026-08-14T19:56:36.497150Z,3375,245.0,11933,OK,OK,OK
2026-08-14T19:56:42.011822Z,3388,245.1,11933,OK,OK,OK
2026-08-14T19:56:47.519770Z,3394,245.1,11933,OK,OK,OK
2026-08-14T19:56:53.030547Z,3415,245.0,11933,OK,OK,OK
2026-08-14T19:56:58.530437Z,3401,245.0,11933,OK,OK,OK
2026-08-14T19:57:04.043959Z,3392,245.0,11933,OK,OK,OK
2026-08-14T19:57:09.545048Z,3395,244.9,11933,OK,OK,OK
2026-08-14T19:57:15.063753Z,3422,245.0,11933,OK,OK,OK
2026-08-14T19:57:20.551686Z,3424,245.1,11933,OK,OK,OK
2026-08-14T19:57:26.091290Z,3436,245.1,11933,OK,OK,OK
2026-08-14T19:57:31.621900Z,3481,245.0,11933,OK,OK,OK
2026-08-14T19:57:37.137360Z,3432,245.1,11933,OK,OK,OK
2026-08-14T19:57:42.649553Z,3424,245.1,11933,OK,OK,OK
2026-08-14T19:57:48.178402Z,3434,245.1,11933,OK,OK,OK
2026-08-14T19:57:53.683471Z,3438,245.1,11933,OK,OK,OK
2026-08-14T19:57:59.181573Z,3440,245.1,11933,OK,OK,OK
2026-08-14T19:58:04.716218Z,3444,245.1,11933,OK,OK,OK
2026-08-14T19:58:10.223793Z,3456,245.1,11933,OK,OK,OK
2026-08-14T19:58:15.750277Z,3457,245.1,11933,OK,OK,OK
2026-08-14T19:58:21.276885Z,3446,245.0,11933,OK,OK,OK
2026-08-14T19:58:26.782056Z,3448,245.1,11933,OK,OK,OK
2026-08-14T19:58:32.274388Z,3452,245.0,11933,OK,OK,OK
2026-08-14T19:58:37.784247Z,3456,245.1,11933,OK,OK,OK
2026-08-14T19:58:43.277633Z,3460,245.0,11933,OK,OK,OK
2026-08-14T19:58:48.816232Z,3446,245.0,11933,OK,OK,OK
2026-08-14T19:58:54.291735Z,3451,245.0,11933,OK,OK,OK
2026-08-14T19:58:59.802139Z,3457,245.1,11933,OK,OK,OK
2026-08-14T19:59:05.328245Z,3425,245.0,11933,OK,OK,OK
2026-08-14T19:59:10.836958Z,3421,244.9,11933,OK,OK,OK
2026-08-14T19:59:16.319957Z,3425,245.0,11933,OK,OK,OK
2026-08-14T19:59:21.782034Z,3415,245.0,11933,OK,OK,OK
2026-08-14T19:59:27.307019Z,3418,244.8,11933,OK,OK,OK
2026-08-14T19:59:32.745654Z,3423,245.0,11933,OK,OK,OK
2026-08-14T19:59:38.229116Z,3421,245.0,11933,OK,OK,OK
2026-08-14T19:59:43.739211Z,3425,245.0,11933,OK,OK,OK
2026-08-14T19:59:49.253108Z,3467,245.0,11933,OK,OK,OK
2026-08-14T19:59:54.752358Z,3470,245.1,11933,OK,OK,OK
2026-08-14T20:00:00.250441Z,3467,245.1,11933,OK,OK,OK
2026-08-14T20:00:05.736448Z,3468,245.0,11933,OK,OK,OK
2026-08-14T20:00:11.218059Z,3460,245.1,11933,OK,OK,OK
2026-08-14T20:00:16.700584Z,3459,245.1,11933,OK,OK,OK
2026-08-14T20:00:22.215656Z,3454,245.1,11933,OK,OK,OK
2026-08-14T20:00:27.710287Z,3461,245.1,11933,OK,OK,OK
2026-08-14T20:00:33.207367Z,3466,245.0,11933,OK,OK,OK
2026-08-14T20:00:38.717437Z,3472,245.0,11933,OK,OK,OK
2026-08-14T20:00:44.252865Z,3480,245.0,11933,OK,OK,OK
2026-08-14T20:00:49.766529Z,3475,245.0,11933,OK,OK,OK
2026-08-14T20:00:55.233883Z,3496,245.0,11933,OK,OK,OK
2026-08-14T20:01:00.775474Z,3503,245.0,11933,OK,OK,OK
2026-08-14T20:01:06.277019Z,3518,244.9,11933,OK,OK,OK
2026-08-14T20:01:11.759316Z,3503,244.9,11933,OK,OK,OK
2026-08-14T20:01:17.261058Z,3463,244.9,11933,OK,OK,OK
2026-08-14T20:01:22.783227Z,3441,244.9,11933,OK,OK,OK
2026-08-14T20:01:28.316218Z,3428,244.8,11933,OK,OK,OK
2026-08-14T20:01:33.809373Z,3409,244.9,11933,OK,OK,OK
2026-08-14T20:01:39.339680Z,3409,244.8,11933,OK,OK,OK
2026-08-14T20:01:44.869494Z,3390,244.8,11933,OK,OK,OK
2026-08-14T20:01:50.386289Z,3394,244.8,11933,OK,OK,OK
2026-08-14T20:01:55.893808Z,3387,244.8,11933,OK,OK,OK
2026-08-14T20:02:01.427062Z,3390,244.9,11933,OK,OK,OK
2026-08-14T20:02:06.919115Z,3387,245.1,11933,OK,OK,OK
2026-08-14T20:02:12.417202Z,3397,245.1,11933,OK,OK,OK
2026-08-14T20:02:17.941409Z,3349,245.3,11933,OK,OK,OK
2026-08-14T20:02:23.458800Z,3346,245.2,11933,OK,OK,OK
2026-08-14T20:02:28.992954Z,3351,245.1,11933,OK,OK,OK
2026-08-14T20:02:34.475639Z,3352,245.1,11933,OK,OK,OK
2026-08-14T20:02:39.984822Z,3350,245.1,11933,OK,OK,OK
2026-08-14T20:02:45.486560Z,3348,245.1,11933,OK,OK,OK
2026-08-14T20:02:50.980949Z,3336,245.1,11933,OK,OK,OK
2026-08-14T20:02:56.452849Z,3323,243.8,11933,OK,OK,OK
2026-08-14T20:03:01.986919Z,3322,244.2,11933,OK,OK,OK
2026-08-14T20:03:07.457997Z,3323,244.2,11933,OK,OK,OK
2026-08-14T20:03:12.969724Z,3314,244.1,11933,OK,OK,OK
2026-08-14T20:03:18.428050Z,3312,244.0,11933,OK,OK,OK
2026-08-14T20:03:23.926790Z,3316,244.0,11933,OK,OK,OK
2026-08-14T20:03:29.407536Z,3328,244.2,11933,OK,OK,OK
2026-08-14T20:03:34.926966Z,3338,244.2,11933,OK,OK,OK
2026-08-14T20:03:40.420325Z,3333,244.3,11933,OK,OK,OK
2026-08-14T20:03:45.918082Z,3362,244.1,11933,OK,OK,OK
2026-08-14T20:03:51.387101Z,3373,244.1,11933,OK,OK,OK
2026-08-14T20:03:56.851265Z,3422,243.9,11933,OK,OK,OK
2026-08-14T20:04:02.349362Z,3390,244.0,11933,OK,OK,OK
2026-08-14T20:04:07.868570Z,3399,244.1,11933,OK,OK,OK
2026-08-14T20:04:13.402549Z,3400,244.0,11933,OK,OK,OK
2026-08-14T20:04:18.920336Z,3396,243.9,11933,OK,OK,OK
2026-08-14T20:04:24.410465Z,3390,244.1,11933,OK,OK,OK
2026-08-14T20:04:29.892508Z,3402,244.2,11933,OK,OK,OK
2026-08-14T20:04:35.403821Z,3414,244.2,11933,OK,OK,OK
2026-08-14T20:04:40.912763Z,3408,244.2,11933,OK,OK,OK
2026-08-14T20:04:46.402736Z,3415,244.2,11933,OK,OK,OK
2026-08-14T20:04:51.899010Z,3426,244.2,11933,OK,OK,OK
2026-08-14T20:04:57.434395Z,3416,244.2,11933,OK,OK,OK
2026-08-14T20:05:02.952414Z,3399,244.2,11933,OK,OK,OK
2026-08-14T20:05:08.458540Z,3418,244.1,11933,OK,OK,OK
2026-08-14T20:05:13.960473Z,3425,244.2,11933,OK,OK,OK
2026-08-14T20:05:19.454109Z,3439,244.2,11933,OK,OK,OK
2026-08-14T20:05:24.954040Z,3433,244.1,11933,OK,OK,OK
2026-08-14T20:05:30.488923Z,3431,244.1,11933,OK,OK,OK
2026-08-14T20:05:35.998496Z,3418,244.2,11933,OK,OK,OK
2026-08-14T20:05:41.490842Z,3418,244.0,11933,OK,OK,OK
2026-08-14T20:05:47.030784Z,3497,244.0,11933,OK,OK,OK
2026-08-14T20:05:52.551329Z,3455,244.0,11933,OK,OK,OK
2026-08-14T20:05:58.034117Z,3463,244.2,11933,OK,OK,OK
2026-08-14T20:06:03.549940Z,3460,244.2,11933,OK,OK,OK
2026-08-14T20:06:09.054222Z,3460,244.2,11933,OK,OK,OK
2026-08-14T20:06:14.598414Z,3461,244.2,11933,OK,OK,OK
2026-08-14T20:06:20.088991Z,3474,244.2,11933,OK,OK,OK
2026-08-14T20:06:25.597204Z,3488,244.2,11933,OK,OK,OK
2026-08-14T20:06:31.103654Z,3502,244.2,11933,OK,OK,OK
2026-08-14T20:06:36.568552Z,3470,244.1,11933,OK,OK,OK
2026-08-14T20:06:42.034630Z,3470,244.1,11933,OK,OK,OK
2026-08-14T20:06:47.560348Z,3799,244.1,11933,OK,OK,OK
2026-08-14T20:06:53.064036Z,3800,244.1,11933,OK,OK,OK
2026-08-14T20:06:58.603648Z,3436,244.2,11933,OK,OK,OK
2026-08-14T20:07:04.091379Z,3431,244.2,11933,OK,OK,OK
2026-08-14T20:07:09.610474Z,3432,244.2,11933,OK,OK,OK
2026-08-14T20:07:15.134718Z,3435,244.0,11933,OK,OK,OK
2026-08-14T20:07:20.641418Z,3399,244.2,11933,OK,OK,OK
2026-08-14T20:07:26.147233Z,3402,243.9,11933,OK,OK,OK
2026-08-14T20:07:31.612774Z,3392,244.0,11933,OK,OK,OK
2026-08-14T20:07:37.120354Z,3377,244.0,11933,OK,OK,OK
2026-08-14T20:07:42.621035Z,3378,244.0,11933,OK,OK,OK
2026-08-14T20:07:48.171000Z,3413,244.2,11933,OK,OK,OK
2026-08-14T20:07:53.680176Z,3384,244.0,11933,OK,OK,OK
2026-08-14T20:07:59.183977Z,3383,244.0,11933,OK,OK,OK
2026-08-14T20:08:04.700890Z,3390,244.2,11933,OK,OK,OK
2026-08-14T20:08:10.210015Z,3788,243.9,11933,OK,OK,OK
2026-08-14T20:08:15.757482Z,3792,243.9,11933,OK,OK,OK
2026-08-14T20:08:21.303996Z,3445,244.0,11933,OK,OK,OK
2026-08-14T20:08:26.803416Z,3440,244.0,11933,OK,OK,OK
2026-08-14T20:08:32.324300Z,3440,244.0,11933,OK,OK,OK
2026-08-14T20:08:37.855229Z,3443,244.0,11933,OK,OK,OK
2026-08-14T20:08:43.375524Z,3460,244.0,11933,OK,OK,OK
2026-08-14T20:08:48.900502Z,3399,244.0,11933,OK,OK,OK
2026-08-14T20:08:54.403478Z,3373,244.0,11108,OK,OK,OK
2026-08-14T20:08:59.927850Z,3375,244.0,11108,OK,OK,OK
2026-08-14T20:09:05.447326Z,3336,244.0,11108,OK,OK,OK
2026-08-14T20:09:10.948232Z,3339,244.2,11108,OK,OK,OK
2026-08-14T20:09:16.474179Z,3335,244.2,11108,OK,OK,OK
2026-08-14T20:09:21.988852Z,3340,244.3,11108,OK,OK,OK
2026-08-14T20:09:27.518989Z,3323,244.2,11108,OK,OK,OK
2026-08-14T20:09:33.025150Z,3326,244.4,11108,OK,OK,OK
2026-08-14T20:09:38.501184Z,3308,244.4,11108,OK,OK,OK
2026-08-14T20:09:44.034762Z,3327,244.3,11108,OK,OK,OK
2026-08-14T20:09:49.535010Z,3311,244.2,11108,OK,OK,OK
2026-08-14T20:09:55.039509Z,3332,244.2,11108,OK,OK,OK
2026-08-14T20:10:00.552752Z,3335,244.2,11108,OK,OK,OK
2026-08-14T20:10:06.084113Z,3339,244.3,11108,OK,OK,OK
2026-08-14T20:10:11.606061Z,3316,244.2,11108,OK,OK,OK
2026-08-14T20:10:17.141441Z,3331,244.3,11108,OK,OK,OK
2026-08-14T20:10:22.650408Z,3340,244.2,11108,OK,OK,OK
2026-08-14T20:10:28.183887Z,3375,244.2,11108,OK,OK,OK
2026-08-14T20:10:33.690795Z,3335,244.2,11108,OK,OK,OK
2026-08-14T20:10:39.214292Z,3354,244.2,11108,OK,OK,OK
2026-08-14T20:10:44.688323Z,3338,244.2,11108,OK,OK,OK
2026-08-14T20:10:50.209594Z,3345,244.2,11108,OK,OK,OK
2026-08-14T20:10:55.726774Z,3362,244.3,11108,OK,OK,OK
2026-08-14T20:11:01.234194Z,1714,245.1,11108,OK,OK,OK
2026-08-14T20:11:06.793651Z,1712,245.1,11108,OK,OK,OK
2026-08-14T20:11:12.326890Z,1672,245.0,11108,OK,OK,OK
2026-08-14T20:11:17.816721Z,1676,245.1,11108,OK,OK,OK
2026-08-14T20:11:23.346413Z,1670,245.0,11108,OK,OK,OK
2026-08-14T20:11:28.887350Z,1697,245.2,11108,OK,OK,OK
2026-08-14T20:11:34.343709Z,1702,244.9,11108,OK,OK,OK
2026-08-14T20:11:39.866472Z,1678,245.2,11108,OK,OK,OK
2026-08-14T20:11:45.380549Z,1668,245.1,11108,OK,OK,OK
2026-08-14T20:11:50.870551Z,1674,245.1,11108,OK,OK,OK
2026-08-14T20:11:56.371766Z,1690,245.7,11108,OK,OK,OK
2026-08-14T20:12:01.907533Z,1666,245.8,11108,OK,OK,OK
2026-08-14T20:12:07.427091Z,1675,245.8,11108,OK,OK,OK
2026-08-14T20:12:12.953194Z,1683,245.7,11108,OK,OK,OK
2026-08-14T20:12:18.483367Z,1682,245.7,11108,OK,OK,OK
2026-08-14T20:12:23.957438Z,1669,245.6,11108,OK,OK,OK
2026-08-14T20:12:29.457955Z,1685,245.6,11108,OK,OK,OK
2026-08-14T20:12:34.976937Z,1673,245.6,11108,OK,OK,OK
2026-08-14T20:12:40.507726Z,1689,245.6,11108,OK,OK,OK
2026-08-14T20:12:46.036610Z,1654,245.6,11108,OK,OK,OK
2026-08-14T20:12:51.540131Z,1662,245.7,11108,OK,OK,OK
2026-08-14T20:12:57.054349Z,1668,245.7,11108,OK,OK,OK
2026-08-14T20:13:02.593565Z,1691,245.6,11108,OK,OK,OK
2026-08-14T20:13:08.119478Z,1657,245.6,11108,OK,OK,OK
2026-08-14T20:13:13.603568Z,1674,245.6,11108,OK,OK,OK
2026-08-14T20:13:19.109887Z,1661,245.6,11108,OK,OK,OK
2026-08-14T20:13:24.635826Z,1658,245.6,11108,OK,OK,OK
2026-08-14T20:13:30.145536Z,1668,245.6,11108,OK,OK,OK
2026-08-14T20:13:35.649251Z,1652,245.6,11108,OK,OK,OK
2026-08-14T20:13:41.167607Z,1662,245.5,11108,OK,OK,OK
2026-08-14T20:13:46.688581Z,1671,245.5,11108,OK,OK,OK
2026-08-14T20:13:52.182751Z,1662,245.4,11108,OK,OK,OK
2026-08-14T20:13:57.695396Z,1680,245.6,11108,OK,OK,OK
2026-08-14T20:14:03.214333Z,1658,245.6,11108,OK,OK,OK
2026-08-14T20:14:08.723690Z,1674,245.6,11108,OK,OK,OK
2026-08-14T20:14:14.206684Z,1657,245.6,11108,OK,OK,OK
2026-08-14T20:14:19.717219Z,1627,245.6,11108,OK,OK,OK
2026-08-14T20:14:25.208372Z,1618,245.6,11108,OK,OK,OK
2026-08-14T20:14:30.739480Z,1643,245.6,11108,OK,OK,OK
2026-08-14T20:14:36.216362Z,1614,245.4,11108,OK,OK,OK
2026-08-14T20:14:41.732273Z,1617,245.5,11108,OK,OK,OK
2026-08-14T20:14:47.230425Z,1608,245.5,11108,OK,OK,OK
2026-08-14T20:14:52.733998Z,1610,245.5,11108,OK,OK,OK
2026-08-14T20:14:58.246220Z,1599,245.5,11108,OK,OK,OK
2026-08-14T20:15:03.720253Z,1618,245.5,11108,OK,OK,OK
2026-08-14T20:15:09.255463Z,1605,245.5,11108,OK,OK,OK
2026-08-14T20:15:14.729386Z,1606,245.6,11108,OK,OK,OK
2026-08-14T20:15:20.241851Z,1612,245.5,11108,OK,OK,OK
2026-08-14T20:15:25.698975Z,1606,245.5,11108,OK,OK,OK
2026-08-14T20:15:31.203558Z,1609,245.4,11108,OK,OK,OK
2026-08-14T20:15:36.679931Z,1601,245.4,11108,OK,OK,OK
2026-08-14T20:15:42.203801Z,1604,245.4,11108,OK,OK,OK
2026-08-14T20:15:47.676184Z,1626,245.5,11108,OK,OK,OK
2026-08-14T20:15:53.183408Z,1639,245.5,11108,OK,OK,OK
2026-08-14T20:15:58.673622Z,1647,245.4,11108,OK,OK,OK
2026-08-14T20:16:04.201727Z,1689,245.5,11108,OK,OK,OK
2026-08-14T20:16:09.702800Z,1651,245.3,11108,OK,OK,OK
2026-08-14T20:16:15.234608Z,1629,245.4,11108,OK,OK,OK
2026-08-14T20:16:20.779206Z,1653,245.5,11108,OK,OK,OK
2026-08-14T20:16:26.317778Z,1644,245.4,11108,OK,OK,OK
2026-08-14T20:16:31.807427Z,1649,245.4,11108,OK,OK,OK
2026-08-14T20:16:37.343661Z,1649,245.3,11108,OK,OK,OK
2026-08-14T20:16:42.804304Z,1634,245.3,11108,OK,OK,OK
2026-08-14T20:16:48.329181Z,1635,245.4,11108,OK,OK,OK
2026-08-14T20:16:53.831166Z,1675,245.4,11108,OK,OK,OK
2026-08-14T20:16:59.324546Z,1639,245.3,11108,OK,OK,OK
2026-08-14T20:17:04.816185Z,1648,245.3,11108,OK,OK,OK
2026-08-14T20:17:10.323399Z,1646,245.4,11108,OK,OK,OK
2026-08-14T20:17:15.852282Z,1658,245.5,11108,OK,OK,OK
2026-08-14T20:17:21.306968Z,1650,245.4,11108,OK,OK,OK
2026-08-14T20:17:26.794555Z,1706,245.3,11108,OK,OK,OK
2026-08-14T20:17:32.290227Z,1710,245.4,11108,OK,OK,OK
2026-08-14T20:17:37.787462Z,3278,244.8,11108,OK,OK,OK
2026-08-14T20:17:43.254206Z,3296,244.7,11108,OK,OK,OK
2026-08-14T20:17:48.794760Z,3340,244.7,11108,OK,OK,OK
2026-08-14T20:17:54.317086Z,3361,244.7,11108,OK,OK,OK
2026-08-14T20:17:59.869370Z,3373,244.7,11108,OK,OK,OK
2026-08-14T20:18:05.360738Z,3411,244.7,11108,OK,OK,OK
2026-08-14T20:18:10.894730Z,3409,244.7,11108,OK,OK,OK
2026-08-14T20:18:16.412307Z,3426,244.7,11108,OK,OK,OK
2026-08-14T20:18:21.921039Z,3411,243.4,11108,OK,OK,OK
2026-08-14T20:18:27.435856Z,3415,243.6,11108,OK,OK,OK
2026-08-14T20:18:32.956872Z,3412,244.2,11108,OK,OK,OK
2026-08-14T20:18:38.472224Z,3417,244.2,11108,OK,OK,OK
2026-08-14T20:18:43.984133Z,3415,244.4,11108,OK,OK,OK
2026-08-14T20:18:49.499436Z,3409,244.2,11108,OK,OK,OK
2026-08-14T20:18:55.020394Z,3402,244.0,11108,OK,OK,OK
2026-08-14T20:19:00.538214Z,3416,244.3,11108,OK,OK,OK
2026-08-14T20:19:06.065271Z,3400,244.1,11108,OK,OK,OK
2026-08-14T20:19:11.580211Z,3408,244.3,11108,OK,OK,OK
2026-08-14T20:19:17.133209Z,3404,244.7,11108,OK,OK,OK
2026-08-14T20:19:22.693514Z,3373,244.6,11108,OK,OK,OK
2026-08-14T20:19:28.220381Z,3386,244.6,11108,OK,OK,OK
2026-08-14T20:19:33.712680Z,3395,244.6,11108,OK,OK,OK
2026-08-14T20:19:39.213592Z,3389,245.3,11108,OK,OK,OK
2026-08-14T20:19:44.721507Z,3368,245.3,11108,OK,OK,OK
2026-08-14T20:19:50.195296Z,3371,245.3,11108,OK,OK,OK
2026-08-14T20:19:55.727880Z,3370,245.3,11108,OK,OK,OK
2026-08-14T20:20:01.221351Z,3379,245.3,11108,OK,OK,OK
2026-08-14T20:20:06.705740Z,3485,245.2,11108,OK,OK,OK
2026-08-14T20:20:12.222770Z,3386,245.3,11108,OK,OK,OK
2026-08-14T20:20:17.754086Z,3391,245.3,11108,OK,OK,OK
2026-08-14T20:20:23.261635Z,3379,245.5,11108,OK,OK,OK
2026-08-14T20:20:28.767303Z,3397,245.5,11108,OK,OK,OK
2026-08-14T20:20:34.287467Z,3396,245.5,11108,OK,OK,OK
2026-08-14T20:20:39.773701Z,3398,245.5,11108,OK,OK,OK
2026-08-14T20:20:45.287315Z,3387,245.3,11108,OK,OK,OK
2026-08-14T20:20:50.768153Z,3402,245.3,11108,OK,OK,OK
2026-08-14T20:20:56.270003Z,3429,245.3,11108,OK,OK,OK
2026-08-14T20:21:01.753748Z,3416,245.3,11108,OK,OK,OK
2026-08-14T20:21:07.245768Z,3404,245.4,11108,OK,OK,OK
2026-08-14T20:21:12.728786Z,3405,245.3,11108,OK,OK,OK
2026-08-14T20:21:18.283697Z,3429,245.3,11108,OK,OK,OK
2026-08-14T20:21:23.758033Z,3566,245.2,11108,OK,OK,OK
2026-08-14T20:21:29.242817Z,3444,245.3,11108,OK,OK,OK
2026-08-14T20:21:34.705489Z,3449,245.2,11108,OK,OK,OK
2026-08-14T20:21:40.206210Z,3445,245.4,11108,OK,OK,OK
2026-08-14T20:21:45.686103Z,3441,245.3,11108,OK,OK,OK
2026-08-14T20:21:51.170117Z,3459,245.3,11108,OK,OK,OK
2026-08-14T20:21:56.634189Z,3441,245.3,11108,OK,OK,OK
2026-08-14T20:22:02.118984Z,3439,245.3,11108,OK,OK,OK
2026-08-14T20:22:07.603487Z,3434,245.3,11108,OK,OK,OK
2026-08-14T20:22:13.115693Z,3457,244.7,11108,OK,OK,OK
2026-08-14T20:22:18.629704Z,3422,244.5,11108,OK,OK,OK
2026-08-14T20:22:24.143630Z,3435,244.6,11108,OK,OK,OK
2026-08-14T20:22:29.664678Z,3449,244.7,11108,OK,OK,OK
2026-08-14T20:22:35.176049Z,3456,244.7,11108,OK,OK,OK
2026-08-14T20:22:40.690045Z,3452,244.8,11108,OK,OK,OK
2026-08-14T20:22:46.187424Z,3412,244.7,11108,OK,OK,OK
2026-08-14T20:22:51.694597Z,3418,244.8,11108,OK,OK,OK
2026-08-14T20:22:57.201437Z,3418,244.7,11108,OK,OK,OK
2026-08-14T20:23:02.713272Z,3408,244.8,11108,OK,OK,OK
2026-08-14T20:23:08.232499Z,3336,244.8,11108,OK,OK,OK
2026-08-14T20:23:13.720739Z,3332,244.8,11108,OK,OK,OK
2026-08-14T20:23:19.233240Z,3337,244.7,11108,OK,OK,OK
2026-08-14T20:23:24.734754Z,3348,244.7,11108,OK,OK,OK
2026-08-14T20:23:30.177639Z,3341,244.8,11108,OK,OK,OK
2026-08-14T20:23:35.697405Z,3343,244.9,11108,OK,OK,OK
2026-08-14T20:23:41.180117Z,3325,244.8,11108,OK,OK,OK
2026-08-14T20:23:46.658223Z,3339,244.7,11108,OK,OK,OK
2026-08-14T20:23:52.144560Z,3344,244.8,11108,OK,OK,OK
2026-08-14T20:23:57.670677Z,3346,244.8,11108,OK,OK,OK
2026-08-14T20:24:03.196541Z,3388,245.0,11108,OK,OK,OK
2026-08-14T20:24:08.711649Z,3344,244.8,11108,OK,OK,OK
2026-08-14T20:24:14.228534Z,3343,244.8,10705,OK,OK,OK
2026-08-14T20:24:19.725828Z,3335,245.0,10705,OK,OK,OK
2026-08-14T20:24:25.275100Z,3365,245.0,10705,OK,OK,OK
2026-08-14T20:24:30.742289Z,3350,245.0,10705,OK,OK,OK
2026-08-14T20:24:36.280635Z,3326,245.0,10705,OK,OK,OK
2026-08-14T20:24:41.793524Z,3339,244.8,10705,OK,OK,OK
2026-08-14T20:24:47.284135Z,3326,244.8,10705,OK,OK,OK
2026-08-14T20:24:52.806035Z,3351,244.8,10705,OK,OK,OK
2026-08-14T20:24:58.306917Z,3330,244.8,10705,OK,OK,OK
2026-08-14T20:25:03.835941Z,3481,244.8,10705,OK,OK,OK
2026-08-14T20:25:09.371531Z,3486,244.9,10705,OK,OK,OK
2026-08-14T20:25:14.898171Z,3494,244.7,10705,OK,OK,OK
2026-08-14T20:25:20.400449Z,3452,244.6,10705,OK,OK,OK
2026-08-14T20:25:25.939169Z,3488,244.7,10705,OK,OK,OK
2026-08-14T20:25:31.429324Z,3467,244.8,10705,OK,OK,OK
2026-08-14T20:25:36.934189Z,3490,244.8,10705,OK,OK,OK
2026-08-14T20:25:42.452538Z,3450,244.9,10705,OK,OK,OK
2026-08-14T20:25:47.987097Z,3468,244.9,10705,OK,OK,OK
2026-08-14T20:25:53.478205Z,3475,244.8,10705,OK,OK,OK
2026-08-14T20:25:58.998223Z,3496,244.7,10705,OK,OK,OK
2026-08-14T20:26:04.503096Z,3503,244.7,10705,OK,OK,OK
2026-08-14T20:26:10.020062Z,5215,243.9,10705,OK,OK,OK
2026-08-14T20:26:15.507965Z,5196,244.0,10705,OK,OK,OK
2026-08-14T20:26:21.030255Z,5217,244.1,10705,OK,OK,OK
2026-08-14T20:26:26.520951Z,5192,243.9,10705,OK,OK,OK
2026-08-14T20:26:32.004950Z,5098,244.0,10705,OK,OK,OK
2026-08-14T20:26:37.512478Z,5087,244.0,10705,OK,OK,OK
2026-08-14T20:26:43.004801Z,5086,244.0,10705,OK,OK,OK
2026-08-14T20:26:48.521747Z,5082,244.0,10705,OK,OK,OK
2026-08-14T20:26:54.057913Z,5088,244.0,10705,OK,OK,OK
2026-08-14T20:26:59.541915Z,5106,244.0,10705,OK,OK,OK
2026-08-14T20:27:05.050853Z,5090,244.0,10705,OK,OK,OK
2026-08-14T20:27:10.584709Z,5077,244.1,10705,OK,OK,OK
2026-08-14T20:27:16.077773Z,5095,243.9,10705,OK,OK,OK
2026-08-14T20:27:21.599962Z,5084,244.0,10705,OK,OK,OK
2026-08-14T20:27:27.110082Z,3438,244.9,10705,OK,OK,OK
2026-08-14T20:27:32.578687Z,3418,244.0,10705,OK,OK,OK
2026-08-14T20:27:38.054733Z,3382,243.9,10705,OK,OK,OK
2026-08-14T20:27:43.544561Z,3375,244.8,10705,OK,OK,OK
2026-08-14T20:27:48.993189Z,3391,245.0,10705,OK,OK,OK
2026-08-14T20:27:54.506728Z,3358,244.9,10705,OK,OK,OK
2026-08-14T20:27:59.974835Z,3338,245.0,10705,OK,OK,OK
2026-08-14T20:28:05.472505Z,3333,245.0,10705,OK,OK,OK
2026-08-14T20:28:10.939625Z,3370,244.9,10705,OK,OK,OK
2026-08-14T20:28:16.449765Z,3345,244.3,10705,OK,OK,OK
2026-08-14T20:28:21.920438Z,3301,244.6,10705,OK,OK,OK
2026-08-14T20:28:27.387048Z,3306,245.2,10705,OK,OK,OK
2026-08-14T20:28:32.884174Z,3322,245.2,10705,OK,OK,OK
2026-08-14T20:28:38.380003Z,3338,245.2,10705,OK,OK,OK
2026-08-14T20:28:43.895897Z,3314,245.3,10705,OK,OK,OK
2026-08-14T20:28:49.431324Z,3320,245.2,10705,OK,OK,OK
2026-08-14T20:28:54.940415Z,3324,245.3,10705,OK,OK,OK
2026-08-14T20:29:00.436513Z,3340,245.3,10705,OK,OK,OK
2026-08-14T20:29:05.940655Z,3329,245.4,10705,OK,OK,OK
2026-08-14T20:29:11.449454Z,3336,245.2,10705,OK,OK,OK
2026-08-14T20:29:16.987255Z,3338,245.2,10705,OK,OK,OK
2026-08-14T20:29:22.493878Z,3374,245.2,10705,OK,OK,OK
2026-08-14T20:29:27.998873Z,3386,245.2,10705,OK,OK,OK
2026-08-14T20:29:33.516138Z,3391,245.2,10705,OK,OK,OK
2026-08-14T20:29:38.991400Z,3394,245.1,10705,OK,OK,OK
2026-08-14T20:29:44.491153Z,3397,245.2,10705,OK,OK,OK
2026-08-14T20:29:49.982634Z,3404,245.2,10705,OK,OK,OK
2026-08-14T20:29:55.513355Z,3406,245.2,10705,OK,OK,OK
2026-08-14T20:30:01.023373Z,3532,245.0,10705,OK,OK,OK
2026-08-14T20:30:06.514607Z,3496,245.1,10705,OK,OK,OK
2026-08-14T20:30:12.037129Z,3494,245.1,10705,OK,OK,OK
2026-08-14T20:30:17.542540Z,3496,245.1,10705,OK,OK,OK
2026-08-14T20:30:23.043652Z,3507,244.7,10705,OK,OK,OK
2026-08-14T20:30:28.560125Z,3510,244.5,10705,OK,OK,OK
2026-08-14T20:30:34.092042Z,3516,244.6,10705,OK,OK,OK
2026-08-14T20:30:39.583464Z,3504,244.6,10705,OK,OK,OK
2026-08-14T20:30:45.068526Z,3414,244.7,10705,OK,OK,OK
2026-08-14T20:30:50.605657Z,3420,244.6,10705,OK,OK,OK
2026-08-14T20:30:56.146281Z,3425,244.6,10705,OK,OK,OK
2026-08-14T20:31:01.653132Z,3435,244.5,10705,OK,OK,OK
2026-08-14T20:31:07.180206Z,3429,244.7,10705,OK,OK,OK
2026-08-14T20:31:12.698455Z,3423,244.6,10705,OK,OK,OK
2026-08-14T20:31:18.228197Z,3401,244.5,10705,OK,OK,OK
2026-08-14T20:31:23.715304Z,3418,244.4,10705,OK,OK,OK
2026-08-14T20:31:29.237620Z,3406,244.4,10705,OK,OK,OK
2026-08-14T20:31:34.730468Z,3411,244.4,10705,OK,OK,OK
2026-08-14T20:31:40.228132Z,3422,244.5,10705,OK,OK,OK
2026-08-14T20:31:45.699618Z,3412,244.5,10705,OK,OK,OK
2026-08-14T20:31:51.200036Z,3424,244.5,10705,OK,OK,OK
2026-08-14T20:31:56.678333Z,3430,244.4,10705,OK,OK,OK
2026-08-14T20:32:02.196396Z,3424,244.4,10705,OK,OK,OK
2026-08-14T20:32:07.667800Z,3443,244.5,10705,OK,OK,OK
2026-08-14T20:32:13.168319Z,3445,245.0,10705,OK,OK,OK
2026-08-14T20:32:18.681407Z,3448,245.0,10705,OK,OK,OK
2026-08-14T20:32:24.174957Z,3398,245.0,10705,OK,OK,OK
2026-08-14T20:32:29.715554Z,3384,245.0,10705,OK,OK,OK
2026-08-14T20:32:35.211120Z,3406,245.0,10705,OK,OK,OK
2026-08-14T20:32:40.666690Z,3405,245.0,10705,OK,OK,OK
2026-08-14T20:32:46.163821Z,3392,244.5,10705,OK,OK,OK
2026-08-14T20:32:51.681924Z,3378,243.2,10705,OK,OK,OK
2026-08-14T20:32:57.225086Z,3376,241.9,10705,OK,OK,OK
2026-08-14T20:33:02.718548Z,3380,241.9,10705,OK,OK,OK
2026-08-14T20:33:08.213009Z,3401,241.9,10705,OK,OK,OK
2026-08-14T20:33:13.723478Z,3374,242.0,10705,OK,OK,OK
2026-08-14T20:33:19.221484Z,3373,242.0,10705,OK,OK,OK
2026-08-14T20:33:24.720851Z,3366,241.9,10705,OK,OK,OK
2026-08-14T20:33:30.242394Z,3349,241.9,10705,OK,OK,OK
2026-08-14T20:33:35.762336Z,3348,241.8,10705,OK,OK,OK
2026-08-14T20:33:41.268789Z,3344,241.9,10705,OK,OK,OK
2026-08-14T20:33:46.762512Z,3344,242.4,10705,OK,OK,OK
2026-08-14T20:33:52.299979Z,3347,242.4,10705,OK,OK,OK
2026-08-14T20:33:57.807546Z,3356,242.3,10705,OK,OK,OK
2026-08-14T20:34:03.341489Z,3356,242.4,10705,OK,OK,OK
2026-08-14T20:34:08.835772Z,3362,242.4,10705,OK,OK,OK
2026-08-14T20:34:14.385135Z,3354,242.4,10705,OK,OK,OK
2026-08-14T20:34:19.863440Z,3345,242.6,10705,OK,OK,OK
2026-08-14T20:34:25.360848Z,3338,242.9,10705,OK,OK,OK
2026-08-14T20:34:30.828243Z,3335,243.2,10705,OK,OK,OK
2026-08-14T20:34:36.350771Z,3337,244.4,10705,OK,OK,OK
2026-08-14T20:34:41.881309Z,3341,244.9,10705,OK,OK,OK
2026-08-14T20:34:47.399502Z,3334,245.2,10705,OK,OK,OK
2026-08-14T20:34:52.902799Z,3364,245.3,10705,OK,OK,OK
2026-08-14T20:34:58.424332Z,3408,245.3,10705,OK,OK,OK
2026-08-14T20:35:03.950056Z,3389,245.3,10705,OK,OK,OK
2026-08-14T20:35:09.394921Z,3400,245.2,10705,OK,OK,OK
2026-08-14T20:35:14.921959Z,3385,245.3,10705,OK,OK,OK
2026-08-14T20:35:20.456705Z,3386,245.3,10705,OK,OK,OK
2026-08-14T20:35:25.978961Z,3380,245.2,10705,OK,OK,OK
2026-08-14T20:35:31.437633Z,3379,245.3,10705,OK,OK,OK
2026-08-14T20:35:36.969166Z,3359,245.3,10705,OK,OK,OK
2026-08-14T20:35:42.415371Z,3366,245.4,10705,OK,OK,OK
2026-08-14T20:35:47.952443Z,3368,245.3,10705,OK,OK,OK
2026-08-14T20:35:53.413037Z,3364,245.2,10705,OK,OK,OK
2026-08-14T20:35:58.953457Z,3344,245.4,10705,OK,OK,OK
2026-08-14T20:36:04.424759Z,3366,245.3,10705,OK,OK,OK
2026-08-14T20:36:09.910191Z,3362,245.3,10705,OK,OK,OK
2026-08-14T20:36:15.405293Z,3362,245.1,10705,OK,OK,OK
2026-08-14T20:36:20.931624Z,3346,245.3,10705,OK,OK,OK
2026-08-14T20:36:26.432940Z,3338,245.3,10705,OK,OK,OK
2026-08-14T20:36:31.902378Z,3353,245.3,10705,OK,OK,OK
2026-08-14T20:36:37.430070Z,3303,245.4,10705,OK,OK,OK
2026-08-14T20:36:42.935919Z,3300,245.3,10705,OK,OK,OK
2026-08-14T20:36:48.442610Z,3300,245.3,10705,OK,OK,OK
2026-08-14T20:36:53.948184Z,3315,245.3,10705,OK,OK,OK
2026-08-14T20:36:59.468745Z,3305,245.2,10705,OK,OK,OK
2026-08-14T20:37:04.991525Z,3305,245.3,10705,OK,OK,OK
2026-08-14T20:37:10.450910Z,3291,245.2,10705,OK,OK,OK
2026-08-14T20:37:15.973064Z,3302,245.2,10705,OK,OK,OK
2026-08-14T20:37:21.494906Z,3296,245.1,10705,OK,OK,OK
2026-08-14T20:37:26.999271Z,3306,245.1,10705,OK,OK,OK
2026-08-14T20:37:32.503141Z,3295,245.2,10705,OK,OK,OK
2026-08-14T20:37:38.036839Z,3298,244.7,10705,OK,OK,OK
2026-08-14T20:37:43.561461Z,3270,244.6,10705,OK,OK,OK
2026-08-14T20:37:49.082012Z,3294,244.7,10705,OK,OK,OK
2026-08-14T20:37:54.605463Z,3296,244.6,10705,OK,OK,OK
2026-08-14T20:38:00.097349Z,3301,244.8,10705,OK,OK,OK
2026-08-14T20:38:05.593998Z,3300,244.7,10705,OK,OK,OK
2026-08-14T20:38:11.149029Z,3302,244.7,10705,OK,OK,OK
2026-08-14T20:38:16.663799Z,3312,244.8,10705,OK,OK,OK
2026-08-14T20:38:22.187514Z,3410,244.7,10705,OK,OK,OK
2026-08-14T20:38:27.703530Z,3412,244.6,10705,OK,OK,OK
2026-08-14T20:38:33.204355Z,3408,244.6,10705,OK,OK,OK
2026-08-14T20:38:38.711458Z,3415,244.6,10705,OK,OK,OK
2026-08-14T20:38:44.213821Z,3408,244.5,10705,OK,OK,OK
2026-08-14T20:38:49.739130Z,3410,244.5,10705,OK,OK,OK
2026-08-14T20:38:55.210975Z,3396,244.5,10705,OK,OK,OK
2026-08-14T20:39:00.733290Z,3399,244.5,10705,OK,OK,OK
2026-08-14T20:39:06.243231Z,3401,244.5,10705,OK,OK,OK
2026-08-14T20:39:11.774445Z,3417,244.5,10705,OK,OK,OK
2026-08-14T20:39:17.247688Z,3414,244.5,10705,OK,OK,OK
2026-08-14T20:39:22.823661Z,3443,244.5,10705,OK,OK,OK
2026-08-14T20:39:28.322274Z,3425,244.6,10705,OK,OK,OK
2026-08-14T20:39:33.805473Z,3417,244.8,9956,OK,OK,OK
2026-08-14T20:39:39.314929Z,3418,244.8,9956,OK,OK,OK
2026-08-14T20:39:44.801021Z,3447,244.5,9956,OK,OK,OK
2026-08-14T20:39:50.322907Z,3471,244.5,9956,OK,OK,OK
2026-08-14T20:39:55.826342Z,3453,244.5,9956,OK,OK,OK
2026-08-14T20:40:01.298756Z,3449,244.5,9956,OK,OK,OK
2026-08-14T20:40:06.819710Z,3460,244.5,9956,OK,OK,OK
2026-08-14T20:40:12.331668Z,3434,244.7,9956,OK,OK,OK
2026-08-14T20:40:17.825149Z,3430,244.8,9956,OK,OK,OK
2026-08-14T20:40:23.348303Z,3416,244.8,9956,OK,OK,OK
2026-08-14T20:40:28.857807Z,3411,244.8,9956,OK,OK,OK
2026-08-14T20:40:34.350699Z,3400,244.8,9956,OK,OK,OK
2026-08-14T20:40:39.819877Z,3530,244.7,9956,OK,OK,OK
2026-08-14T20:40:45.352368Z,3550,244.6,9956,OK,OK,OK
2026-08-14T20:40:50.833351Z,3538,244.8,9956,OK,OK,OK
2026-08-14T20:40:56.337502Z,3597,244.9,9956,OK,OK,OK
2026-08-14T20:41:01.851366Z,3586,244.7,9956,OK,OK,OK
2026-08-14T20:41:07.324755Z,3597,245.1,9956,OK,OK,OK
2026-08-14T20:41:12.830875Z,3592,244.1,9956,OK,OK,OK
2026-08-14T20:41:18.311257Z,3607,244.0,9956,OK,OK,OK
2026-08-14T20:41:23.827733Z,3587,244.0,9956,OK,OK,OK
2026-08-14T20:41:29.312459Z,3604,244.0,9956,OK,OK,OK
2026-08-14T20:41:34.799957Z,3581,243.7,9956,OK,OK,OK
2026-08-14T20:41:40.248931Z,3599,243.4,9956,OK,OK,OK
2026-08-14T20:41:45.736276Z,3560,243.7,9956,OK,OK,OK
2026-08-14T20:41:51.213605Z,3588,243.7,9956,OK,OK,OK
2026-08-14T20:41:56.695630Z,3582,243.7,9956,OK,OK,OK
2026-08-14T20:42:02.177658Z,3464,243.7,9956,OK,OK,OK
2026-08-14T20:42:07.698160Z,3463,243.7,9956,OK,OK,OK
2026-08-14T20:42:13.206788Z,3464,243.1,9956,OK,OK,OK
2026-08-14T20:42:18.704226Z,3457,242.9,9956,OK,OK,OK
2026-08-14T20:42:24.215387Z,3413,242.9,9956,OK,OK,OK
2026-08-14T20:42:29.688142Z,3400,243.1,9956,OK,OK,OK
2026-08-14T20:42:35.183984Z,3393,243.1,9956,OK,OK,OK
2026-08-14T20:42:40.710259Z,3402,242.9,9956,OK,OK,OK
2026-08-14T20:42:46.212339Z,3391,243.2,9956,OK,OK,OK
2026-08-14T20:42:51.795101Z,3398,243.2,9956,OK,OK,OK
2026-08-14T20:42:57.303807Z,3384,243.2,9956,OK,OK,OK
2026-08-14T20:43:02.832710Z,3387,243.2,9956,OK,OK,OK
2026-08-14T20:43:08.317576Z,3401,243.3,9956,OK,OK,OK
2026-08-14T20:43:13.871270Z,3422,242.9,9956,OK,OK,OK
2026-08-14T20:43:19.372358Z,3394,242.9,9956,OK,OK,OK
2026-08-14T20:43:24.867394Z,3395,242.8,9956,OK,OK,OK
2026-08-14T20:43:30.374293Z,3401,242.9,9956,OK,OK,OK
2026-08-14T20:43:35.912120Z,3408,242.9,9956,OK,OK,OK
2026-08-14T20:43:41.385959Z,3394,242.7,9956,OK,OK,OK
2026-08-14T20:43:46.924423Z,3418,242.6,9956,OK,OK,OK
2026-08-14T20:43:52.430611Z,3407,242.7,9956,OK,OK,OK
2026-08-14T20:43:57.958101Z,3406,242.7,9956,OK,OK,OK
2026-08-14T20:44:03.449105Z,3401,242.8,9956,OK,OK,OK
2026-08-14T20:44:08.945120Z,3416,242.1,9956,OK,OK,OK
2026-08-14T20:44:14.439083Z,3412,242.3,9956,OK,OK,OK
2026-08-14T20:44:19.937622Z,3392,242.3,9956,OK,OK,OK
2026-08-14T20:44:25.405092Z,3412,242.3,9956,OK,OK,OK
2026-08-14T20:44:30.903004Z,3437,242.5,9956,OK,OK,OK
2026-08-14T20:44:36.387727Z,3425,242.5,9956,OK,OK,OK
2026-08-14T20:44:41.853624Z,3426,242.6,9956,OK,OK,OK
2026-08-14T20:44:47.334404Z,3413,242.4,9956,OK,OK,OK
2026-08-14T20:44:52.830558Z,3423,242.4,9956,OK,OK,OK
2026-08-14T20:44:58.437801Z,3427,242.4,9956,OK,OK,OK
2026-08-14T20:45:03.910518Z,3414,242.3,9956,OK,OK,OK
2026-08-14T20:45:09.440508Z,3412,242.5,9956,OK,OK,OK
2026-08-14T20:45:14.954771Z,3408,242.7,9956,OK,OK,OK
2026-08-14T20:45:20.504667Z,3409,242.7,9956,OK,OK,OK
2026-08-14T20:45:26.006285Z,3411,242.7,9956,OK,OK,OK
2026-08-14T20:45:31.513658Z,3398,242.8,9956,OK,OK,OK
2026-08-14T20:45:36.978267Z,3389,242.9,9956,OK,OK,OK
2026-08-14T20:45:42.496965Z,3392,243.0,9956,OK,OK,OK
2026-08-14T20:45:47.997381Z,3389,242.9,9956,OK,OK,OK
2026-08-14T20:45:53.523783Z,3389,242.9,9956,OK,OK,OK
2026-08-14T20:45:59.027007Z,3379,242.9,9956,OK,OK,OK
2026-08-14T20:46:04.482837Z,3378,242.9,9956,OK,OK,OK
2026-08-14T20:46:10.003220Z,3398,242.9,9956,OK,OK,OK
2026-08-14T20:46:15.603366Z,3378,243.1,9956,OK,OK,OK
2026-08-14T20:46:21.105511Z,3389,242.9,9956,OK,OK,OK
2026-08-14T20:46:26.599854Z,3359,243.1,9956,OK,OK,OK
2026-08-14T20:46:32.140017Z,3359,242.9,9956,OK,OK,OK
2026-08-14T20:46:37.674985Z,3386,242.9,9956,OK,OK,OK
2026-08-14T20:46:43.193706Z,3401,242.9,9956,OK,OK,OK
2026-08-14T20:46:48.714146Z,3392,242.9,9956,OK,OK,OK
2026-08-14T20:46:54.223342Z,3384,243.1,9956,OK,OK,OK
2026-08-14T20:46:59.722754Z,3370,243.0,9956,OK,OK,OK
2026-08-14T20:47:05.259055Z,3396,242.9,9956,OK,OK,OK
2026-08-14T20:47:10.733189Z,3393,242.9,9956,OK,OK,OK
2026-08-14T20:47:16.243422Z,3405,242.9,9956,OK,OK,OK
2026-08-14T20:47:21.758940Z,3408,243.1,9956,OK,OK,OK
2026-08-14T20:47:27.256447Z,3403,243.1,9956,OK,OK,OK
2026-08-14T20:47:32.758381Z,3404,243.0,9956,OK,OK,OK
2026-08-14T20:47:38.290853Z,3378,242.8,9956,OK,OK,OK
2026-08-14T20:47:43.787323Z,3371,242.8,9956,OK,OK,OK
2026-08-14T20:47:49.310008Z,3353,242.7,9956,OK,OK,OK
2026-08-14T20:47:54.817326Z,3428,242.8,9956,OK,OK,OK
2026-08-14T20:48:00.352694Z,3401,242.6,9956,OK,OK,OK
2026-08-14T20:48:05.862916Z,3402,242.6,9956,OK,OK,OK
2026-08-14T20:48:11.362665Z,3393,242.6,9956,OK,OK,OK
2026-08-14T20:48:16.884169Z,3409,242.5,9956,OK,OK,OK
2026-08-14T20:48:22.398477Z,3408,242.6,9956,OK,OK,OK
2026-08-14T20:48:27.924718Z,3405,242.7,9956,OK,OK,OK
2026-08-14T20:48:33.397412Z,3405,242.6,9956,OK,OK,OK
2026-08-14T20:48:38.936360Z,3418,242.7,9956,OK,OK,OK
2026-08-14T20:48:44.443182Z,3414,242.7,9956,OK,OK,OK
2026-08-14T20:48:49.938278Z,3407,242.7,9956,OK,OK,OK
2026-08-14T20:48:55.426155Z,3371,242.7,9956,OK,OK,OK
2026-08-14T20:49:00.958101Z,3366,242.5,9956,OK,OK,OK
2026-08-14T20:49:06.478600Z,3375,242.5,9956,OK,OK,OK
2026-08-14T20:49:11.989601Z,3373,242.7,9956,OK,OK,OK
2026-08-14T20:49:17.534011Z,3377,242.6,9956,OK,OK,OK
2026-08-14T20:49:23.051202Z,3351,242.7,9956,OK,OK,OK
2026-08-14T20:49:28.590379Z,3318,242.5,9956,OK,OK,OK
2026-08-14T20:49:34.093031Z,3330,242.4,9956,OK,OK,OK
2026-08-14T20:49:39.603987Z,3317,242.4,9956,OK,OK,OK
2026-08-14T20:49:45.112724Z,3306,242.2,9956,OK,OK,OK
2026-08-14T20:49:50.622536Z,3285,241.9,9956,OK,OK,OK
2026-08-14T20:49:56.108541Z,3309,242.3,9956,OK,OK,OK
2026-08-14T20:50:01.611113Z,3296,241.2,9956,OK,OK,OK
2026-08-14T20:50:07.180902Z,3281,240.2,9956,OK,OK,OK
2026-08-14T20:50:12.704270Z,3280,240.0,9956,OK,OK,OK
2026-08-14T20:50:18.237991Z,3287,240.0,9956,OK,OK,OK
2026-08-14T20:50:23.778689Z,3274,239.9,9956,OK,OK,OK
2026-08-14T20:50:29.296862Z,3273,239.9,9956,OK,OK,OK
2026-08-14T20:50:34.771639Z,3272,239.9,9956,OK,OK,OK
2026-08-14T20:50:40.296075Z,3270,240.0,9956,OK,OK,OK
2026-08-14T20:50:45.817998Z,3281,239.8,9956,OK,OK,OK
2026-08-14T20:50:51.353210Z,3286,239.8,9956,OK,OK,OK
2026-08-14T20:50:56.828781Z,3318,239.7,9956,OK,OK,OK
2026-08-14T20:51:02.354632Z,3314,239.4,9956,OK,OK,OK
2026-08-14T20:51:07.860188Z,3349,239.6,9956,OK,OK,OK
2026-08-14T20:51:13.373571Z,3349,239.9,9956,OK,OK,OK
2026-08-14T20:51:18.865245Z,3371,241.2,9956,OK,OK,OK
2026-08-14T20:51:24.354041Z,3379,241.5,9956,OK,OK,OK
2026-08-14T20:51:29.878267Z,3369,242.0,9956,OK,OK,OK
2026-08-14T20:51:35.351032Z,3362,242.0,9956,OK,OK,OK
2026-08-14T20:51:40.848018Z,3342,242.0,9956,OK,OK,OK
2026-08-14T20:51:46.330804Z,3359,242.4,9956,OK,OK,OK
2026-08-14T20:51:51.868591Z,3364,242.4,9956,OK,OK,OK
2026-08-14T20:51:57.356687Z,3352,242.5,9956,OK,OK,OK
2026-08-14T20:52:02.829724Z,3352,242.5,9956,OK,OK,OK
2026-08-14T20:52:08.345090Z,3365,242.3,9956,OK,OK,OK
2026-08-14T20:52:13.802070Z,3344,242.0,9956,OK,OK,OK
2026-08-14T20:52:19.289200Z,3368,242.0,9956,OK,OK,OK
2026-08-14T20:52:24.782263Z,3335,241.1,9956,OK,OK,OK
2026-08-14T20:52:30.308894Z,3351,240.7,9956,OK,OK,OK
2026-08-14T20:52:35.795137Z,3324,240.6,9956,OK,OK,OK
2026-08-14T20:52:41.362873Z,3309,240.5,9956,OK,OK,OK
2026-08-14T20:52:46.840090Z,3323,240.3,9956,OK,OK,OK
2026-08-14T20:52:52.308189Z,3322,240.2,9956,OK,OK,OK
2026-08-14T20:52:57.803950Z,3339,240.7,9956,OK,OK,OK
2026-08-14T20:53:03.288737Z,3328,240.5,9956,OK,OK,OK
2026-08-14T20:53:08.827522Z,3321,240.3,9956,OK,OK,OK
2026-08-14T20:53:14.373297Z,3317,240.3,9956,OK,OK,OK
2026-08-14T20:53:19.885213Z,3320,240.5,9956,OK,OK,OK
2026-08-14T20:53:25.430045Z,3330,241.1,9956,OK,OK,OK
2026-08-14T20:53:30.959544Z,3318,240.9,9956,OK,OK,OK
2026-08-14T20:53:36.471247Z,3314,240.8,9956,OK,OK,OK
2026-08-14T20:53:41.965507Z,3314,241.4,9956,OK,OK,OK
2026-08-14T20:53:47.465887Z,3338,242.5,9956,OK,OK,OK
2026-08-14T20:53:52.944716Z,3332,242.7,9956,OK,OK,OK
2026-08-14T20:53:58.430429Z,3347,242.3,9956,OK,OK,OK
2026-08-14T20:54:03.944238Z,3336,242.3,9956,OK,OK,OK
2026-08-14T20:54:09.461007Z,3335,241.2,9956,OK,OK,OK
2026-08-14T20:54:15.008851Z,3359,241.9,9956,OK,OK,OK
2026-08-14T20:54:20.497437Z,3344,242.0,9956,OK,OK,OK
2026-08-14T20:54:26.035457Z,3326,242.9,9956,OK,OK,OK
2026-08-14T20:54:31.545584Z,3345,243.0,9956,OK,OK,OK
2026-08-14T20:54:37.063785Z,3343,243.3,9956,OK,OK,OK
2026-08-14T20:54:42.580066Z,3340,242.9,9956,OK,OK,OK
2026-08-14T20:54:48.097073Z,3336,241.9,9956,OK,OK,OK
2026-08-14T20:54:53.617714Z,3328,240.6,9526,OK,OK,OK
2026-08-14T20:54:59.128204Z,3325,240.1,9526,OK,OK,OK
2026-08-14T20:55:04.622996Z,3327,240.4,9526,OK,OK,OK
2026-08-14T20:55:10.126633Z,3328,240.4,9526,OK,OK,OK
2026-08-14T20:55:15.648884Z,3337,240.4,9526,OK,OK,OK
2026-08-14T20:55:21.165746Z,3330,240.4,9526,OK,OK,OK
2026-08-14T20:55:26.680454Z,3336,240.2,9526,OK,OK,OK
2026-08-14T20:55:32.183511Z,3321,240.3,9526,OK,OK,OK
2026-08-14T20:55:37.665581Z,3344,240.4,9526,OK,OK,OK
2026-08-14T20:55:43.166198Z,3337,240.6,9526,OK,OK,OK
2026-08-14T20:55:48.661963Z,3334,240.6,9526,OK,OK,OK
2026-08-14T20:55:54.198972Z,3336,241.0,9526,OK,OK,OK
2026-08-14T20:55:59.676798Z,3337,241.2,9526,OK,OK,OK
2026-08-14T20:56:05.208589Z,3343,242.3,9526,OK,OK,OK
2026-08-14T20:56:10.718722Z,3358,243.2,9526,OK,OK,OK
2026-08-14T20:56:16.213795Z,3354,243.3,9526,OK,OK,OK
2026-08-14T20:56:21.714329Z,3358,243.2,9526,OK,OK,OK
2026-08-14T20:56:27.229905Z,3357,242.9,9526,OK,OK,OK
2026-08-14T20:56:32.730359Z,3359,242.9,9526,OK,OK,OK
2026-08-14T20:56:38.240001Z,3353,242.7,9526,OK,OK,OK
2026-08-14T20:56:43.711519Z,3369,242.9,9526,OK,OK,OK
2026-08-14T20:56:49.233430Z,3366,243.1,9526,OK,OK,OK
2026-08-14T20:56:54.734367Z,3372,243.2,9526,OK,OK,OK
2026-08-14T20:57:00.273470Z,3389,243.5,9526,OK,OK,OK
2026-08-14T20:57:05.730662Z,3389,241.8,9526,OK,OK,OK
2026-08-14T20:57:11.234638Z,3386,241.1,9526,OK,OK,OK
2026-08-14T20:57:16.727466Z,3383,241.2,9526,OK,OK,OK
2026-08-14T20:57:22.253490Z,3388,241.7,9526,OK,OK,OK
2026-08-14T20:57:27.740607Z,3387,241.3,9526,OK,OK,OK
2026-08-14T20:57:33.266580Z,3385,241.3,9526,OK,OK,OK
2026-08-14T20:57:38.768886Z,3373,240.9,9526,OK,OK,OK
2026-08-14T20:57:44.261896Z,3365,240.8,9526,OK,OK,OK
2026-08-14T20:57:49.753154Z,3358,240.7,9526,OK,OK,OK
2026-08-14T20:57:55.230328Z,3355,240.7,9526,OK,OK,OK
2026-08-14T20:58:00.751983Z,3347,240.7,9526,OK,OK,OK
2026-08-14T20:58:06.247883Z,3345,240.7,9526,OK,OK,OK
2026-08-14T20:58:11.755580Z,3350,241.0,9526,OK,OK,OK
2026-08-14T20:58:17.277859Z,3347,241.0,9526,OK,OK,OK
2026-08-14T20:58:22.809028Z,3362,242.4,9526,OK,OK,OK
2026-08-14T20:58:28.314076Z,3376,243.1,9526,OK,OK,OK
2026-08-14T20:58:33.822844Z,3376,243.4,9526,OK,OK,OK
2026-08-14T20:58:39.359319Z,3377,242.6,9526,OK,OK,OK
2026-08-14T20:58:44.827450Z,3416,242.6,9526,OK,OK,OK
2026-08-14T20:58:50.309187Z,3363,242.7,9526,OK,OK,OK
2026-08-14T20:58:55.775889Z,3354,242.7,9526,OK,OK,OK
2026-08-14T20:59:01.285988Z,3360,242.7,9526,OK,OK,OK
2026-08-14T20:59:06.768164Z,3350,242.7,9526,OK,OK,OK
2026-08-14T20:59:12.257756Z,3342,242.6,9526,OK,OK,OK
2026-08-14T20:59:17.774710Z,3343,242.5,9526,OK,OK,OK
2026-08-14T20:59:23.250665Z,3338,242.6,9526,OK,OK,OK
2026-08-14T20:59:28.732725Z,3339,242.6,9526,OK,OK,OK
2026-08-14T20:59:34.230158Z,3333,242.8,9526,OK,OK,OK
2026-08-14T20:59:39.718053Z,3329,242.5,9526,OK,OK,OK
2026-08-14T20:59:45.208981Z,3325,242.2,9526,OK,OK,OK
2026-08-14T20:59:50.697833Z,3305,242.2,9526,OK,OK,OK
2026-08-14T20:59:56.222415Z,3323,242.0,9526,OK,OK,OK
2026-08-14T21:00:01.722756Z,3307,241.0,9526,OK,OK,OK
2026-08-14T21:00:07.219060Z,3291,240.8,9526,OK,OK,OK
2026-08-14T21:00:12.731007Z,3318,240.8,9526,OK,OK,OK
2026-08-14T21:00:18.250753Z,3315,240.8,9526,OK,OK,OK
2026-08-14T21:00:23.746580Z,3346,240.8,9526,OK,OK,OK
2026-08-14T21:00:29.233290Z,3328,240.8,9526,OK,OK,OK
2026-08-14T21:00:34.756711Z,3306,240.5,9526,OK,OK,OK
2026-08-14T21:00:40.278288Z,3336,240.4,9526,OK,OK,OK
2026-08-14T21:00:45.789232Z,3325,240.4,9526,OK,OK,OK
2026-08-14T21:00:51.275218Z,3331,241.2,9526,OK,OK,OK
2026-08-14T21:00:56.772109Z,3314,239.9,9526,OK,OK,OK
2026-08-14T21:01:02.321154Z,3320,240.0,9526,OK,OK,OK
2026-08-14T21:01:07.823888Z,3302,239.5,9526,OK,OK,OK
2026-08-14T21:01:13.350265Z,3312,239.5,9526,OK,OK,OK
2026-08-14T21:01:18.904920Z,3316,239.6,9526,OK,OK,OK
2026-08-14T21:01:24.405492Z,3318,239.8,9526,OK,OK,OK
2026-08-14T21:01:29.887485Z,3333,240.0,9526,OK,OK,OK
2026-08-14T21:01:35.390139Z,3341,240.6,9526,OK,OK,OK
2026-08-14T21:01:40.896871Z,3344,240.4,9526,OK,OK,OK
2026-08-14T21:01:46.384930Z,3342,240.4,9526,OK,OK,OK
2026-08-14T21:01:51.885351Z,3342,239.9,9526,OK,OK,OK
2026-08-14T21:01:57.381449Z,3338,239.9,9526,OK,OK,OK
2026-08-14T21:02:02.887427Z,3333,239.6,9526,OK,OK,OK
2026-08-14T21:02:08.422027Z,3334,239.5,9526,OK,OK,OK
2026-08-14T21:02:13.931408Z,3345,239.6,9526,OK,OK,OK
2026-08-14T21:02:19.433717Z,3345,240.0,9526,OK,OK,OK
2026-08-14T21:02:24.976278Z,3361,240.1,9526,OK,OK,OK
2026-08-14T21:02:30.507077Z,3349,240.0,9526,OK,OK,OK
2026-08-14T21:02:36.002388Z,3360,240.1,9526,OK,OK,OK
2026-08-14T21:02:41.491710Z,3320,239.4,9526,OK,OK,OK
2026-08-14T21:02:47.028446Z,3348,239.4,9526,OK,OK,OK
2026-08-14T21:02:52.527760Z,3333,239.3,9526,OK,OK,OK
2026-08-14T21:02:58.056833Z,3325,239.2,9526,OK,OK,OK
2026-08-14T21:03:03.568815Z,3318,239.1,9526,OK,OK,OK
2026-08-14T21:03:09.084008Z,3320,239.1,9526,OK,OK,OK
2026-08-14T21:03:14.601516Z,3313,239.7,9526,OK,OK,OK
2026-08-14T21:03:20.107701Z,3316,239.8,9526,OK,OK,OK
2026-08-14T21:03:25.629165Z,3309,239.9,9526,OK,OK,OK
2026-08-14T21:03:31.142238Z,3322,239.9,9526,OK,OK,OK
2026-08-14T21:03:36.604875Z,3312,240.0,9526,OK,OK,OK
2026-08-14T21:03:42.050886Z,3329,239.9,9526,OK,OK,OK
2026-08-14T21:03:47.532762Z,3313,240.0,9526,OK,OK,OK
2026-08-14T21:03:53.030555Z,3303,240.0,9526,OK,OK,OK
2026-08-14T21:03:58.535784Z,3288,240.0,9526,OK,OK,OK
2026-08-14T21:04:04.074157Z,3302,240.0,9526,OK,OK,OK
2026-08-14T21:04:09.572636Z,3288,240.0,9526,OK,OK,OK
2026-08-14T21:04:15.095715Z,3303,240.3,9526,OK,OK,OK
2026-08-14T21:04:20.603698Z,3345,240.7,9526,OK,OK,OK
2026-08-14T21:04:26.115326Z,3312,240.8,9526,OK,OK,OK
2026-08-14T21:04:31.641471Z,3323,240.7,9526,OK,OK,OK
2026-08-14T21:04:37.158182Z,3303,240.7,9526,OK,OK,OK
2026-08-14T21:04:42.675785Z,3304,240.7,9526,OK,OK,OK
2026-08-14T21:04:48.214993Z,3301,240.3,9526,OK,OK,OK
2026-08-14T21:04:53.709650Z,3309,240.2,9526,OK,OK,OK
2026-08-14T21:04:59.194907Z,3312,240.4,9526,OK,OK,OK
2026-08-14T21:05:04.711398Z,3316,240.2,9526,OK,OK,OK
2026-08-14T21:05:10.227056Z,3317,239.8,9526,OK,OK,OK
2026-08-14T21:05:15.748572Z,3335,239.7,9526,OK,OK,OK
2026-08-14T21:05:21.246127Z,3460,239.7,9526,OK,OK,OK
2026-08-14T21:05:26.794136Z,3350,240.0,9526,OK,OK,OK
2026-08-14T21:05:32.288734Z,3339,240.0,9526,OK,OK,OK
2026-08-14T21:05:37.767333Z,3335,240.0,9526,OK,OK,OK
2026-08-14T21:05:43.301477Z,3324,239.9,9526,OK,OK,OK
2026-08-14T21:05:48.834683Z,3314,240.0,9526,OK,OK,OK
2026-08-14T21:05:54.341745Z,3306,240.1,9526,OK,OK,OK
2026-08-14T21:05:59.828336Z,3307,240.0,9526,OK,OK,OK
2026-08-14T21:06:05.390846Z,3286,240.1,9526,OK,OK,OK
2026-08-14T21:06:10.912088Z,3299,240.3,9526,OK,OK,OK
2026-08-14T21:06:16.435155Z,3298,240.5,9526,OK,OK,OK
2026-08-14T21:06:21.947269Z,3299,240.4,9526,OK,OK,OK
2026-08-14T21:06:27.475130Z,3333,240.4,9526,OK,OK,OK
2026-08-14T21:06:32.977964Z,3307,240.7,9526,OK,OK,OK
2026-08-14T21:06:38.488198Z,3296,240.7,9526,OK,OK,OK
2026-08-14T21:06:43.950034Z,3311,240.7,9526,OK,OK,OK
2026-08-14T21:06:49.489373Z,3316,240.9,9526,OK,OK,OK
2026-08-14T21:06:54.947874Z,3323,241.2,9526,OK,OK,OK
2026-08-14T21:07:00.451819Z,3311,241.1,9526,OK,OK,OK
2026-08-14T21:07:05.910031Z,3315,241.3,9526,OK,OK,OK
2026-08-14T21:07:11.427417Z,3319,241.6,9526,OK,OK,OK
2026-08-14T21:07:16.908574Z,3255,241.4,9526,OK,OK,OK
2026-08-14T21:07:22.410148Z,3256,241.3,9526,OK,OK,OK
2026-08-14T21:07:27.872194Z,3250,241.1,9526,OK,OK,OK
2026-08-14T21:07:33.374786Z,3252,241.1,9526,OK,OK,OK
2026-08-14T21:07:38.835854Z,3252,240.8,9526,OK,OK,OK
2026-08-14T21:07:44.346688Z,3267,241.6,9526,OK,OK,OK
2026-08-14T21:07:49.851064Z,3271,241.8,9526,OK,OK,OK
2026-08-14T21:07:55.389657Z,3259,242.0,9526,OK,OK,OK
2026-08-14T21:08:00.895199Z,3252,242.1,9526,OK,OK,OK
2026-08-14T21:08:06.419078Z,3249,242.0,9526,OK,OK,OK
2026-08-14T21:08:11.930613Z,3247,242.0,9526,OK,OK,OK
2026-08-14T21:08:17.471320Z,3249,242.0,9526,OK,OK,OK
2026-08-14T21:08:22.989059Z,3250,242.0,9526,OK,OK,OK
2026-08-14T21:08:28.489720Z,3236,241.8,9526,OK,OK,OK
2026-08-14T21:08:34.016578Z,3240,242.2,9526,OK,OK,OK
2026-08-14T21:08:39.532885Z,3245,241.9,9526,OK,OK,OK
2026-08-14T21:08:45.049108Z,3246,242.1,9526,OK,OK,OK
2026-08-14T21:08:50.535499Z,3248,242.0,9526,OK,OK,OK
2026-08-14T21:08:56.052653Z,3235,241.9,9526,OK,OK,OK
2026-08-14T21:09:01.561303Z,3256,242.1,9526,OK,OK,OK
2026-08-14T21:09:07.067679Z,3251,241.9,9526,OK,OK,OK
2026-08-14T21:09:12.575616Z,3257,242.1,9526,OK,OK,OK
2026-08-14T21:09:18.099131Z,1573,242.6,9526,OK,OK,OK
2026-08-14T21:09:23.586014Z,1569,242.6,9526,OK,OK,OK
2026-08-14T21:09:29.075045Z,1568,242.5,9526,OK,OK,OK
2026-08-14T21:09:34.581443Z,1575,242.5,9526,OK,OK,OK
2026-08-14T21:09:40.118984Z,1565,242.6,9526,OK,OK,OK
2026-08-14T21:09:45.640124Z,1567,242.6,9526,OK,OK,OK
2026-08-14T21:09:51.168233Z,1575,242.5,9526,OK,OK,OK
2026-08-14T21:09:56.690755Z,1546,242.5,9526,OK,OK,OK
2026-08-14T21:10:02.210903Z,1571,242.9,9526,OK,OK,OK
2026-08-14T21:10:07.702034Z,1575,242.7,9526,OK,OK,OK
2026-08-14T21:10:13.226037Z,1565,243.0,7867,OK,OK,OK
2026-08-14T21:10:18.728357Z,1579,243.1,7867,OK,OK,OK
2026-08-14T21:10:24.254266Z,1561,243.0,7867,OK,OK,OK
2026-08-14T21:10:29.769447Z,1567,243.0,7867,OK,OK,OK
2026-08-14T21:10:35.323780Z,1563,243.0,7867,OK,OK,OK
2026-08-14T21:10:40.833352Z,1564,243.0,7867,OK,OK,OK
2026-08-14T21:10:46.340217Z,1558,243.0,7867,OK,OK,OK
2026-08-14T21:10:51.865738Z,1556,242.6,7867,OK,OK,OK
2026-08-14T21:10:57.357479Z,1558,242.7,7867,OK,OK,OK
2026-08-14T21:11:02.858643Z,1542,242.7,7867,OK,OK,OK
2026-08-14T21:11:08.340902Z,1562,242.7,7867,OK,OK,OK
2026-08-14T21:11:13.858232Z,1569,242.7,7867,OK,OK,OK
2026-08-14T21:11:19.383419Z,1559,242.7,7867,OK,OK,OK
2026-08-14T21:11:24.904734Z,1566,242.7,7867,OK,OK,OK
2026-08-14T21:11:30.416323Z,1567,242.7,7867,OK,OK,OK
2026-08-14T21:11:35.946779Z,1574,243.3,7867,OK,OK,OK
2026-08-14T21:11:41.440538Z,1560,243.3,7867,OK,OK,OK
2026-08-14T21:11:46.930808Z,1574,243.3,7867,OK,OK,OK
2026-08-14T21:11:52.459296Z,1572,243.4,7867,OK,OK,OK
2026-08-14T21:11:57.930709Z,1567,243.3,7867,OK,OK,OK
2026-08-14T21:12:03.486127Z,1593,243.3,7867,OK,OK,OK
2026-08-14T21:12:08.956804Z,1598,243.3,7867,OK,OK,OK
2026-08-14T21:12:14.484894Z,1582,243.4,7867,OK,OK,OK
2026-08-14T21:12:19.924470Z,1575,243.3,7867,OK,OK,OK
2026-08-14T21:12:25.425075Z,1572,243.0,7867,OK,OK,OK
2026-08-14T21:12:30.905462Z,1578,243.0,7867,OK,OK,OK
2026-08-14T21:12:36.424629Z,1550,243.0,7867,OK,OK,OK
2026-08-14T21:12:41.934251Z,1561,243.3,7867,OK,OK,OK
2026-08-14T21:12:47.439576Z,1544,243.2,7867,OK,OK,OK
2026-08-14T21:12:52.955111Z,1579,243.2,7867,OK,OK,OK
2026-08-14T21:12:58.486046Z,1559,243.4,7867,OK,OK,OK
2026-08-14T21:13:03.973031Z,1559,243.4,7867,OK,OK,OK
2026-08-14T21:13:09.493402Z,1560,243.4,7867,OK,OK,OK
2026-08-14T21:13:15.017787Z,1562,243.4,7867,OK,OK,OK
2026-08-14T21:13:20.573156Z,1568,243.4,7867,OK,OK,OK
2026-08-14T21:13:26.077849Z,1568,243.4,7867,OK,OK,OK
2026-08-14T21:13:31.561593Z,1562,243.6,7867,OK,OK,OK
2026-08-14T21:13:37.044590Z,1611,243.6,7867,OK,OK,OK
2026-08-14T21:13:42.533371Z,1570,243.5,7867,OK,OK,OK
2026-08-14T21:13:48.051492Z,1562,243.5,7867,OK,OK,OK
2026-08-14T21:13:53.551127Z,1565,243.5,7867,OK,OK,OK
2026-08-14T21:13:59.076703Z,1591,243.5,7867,OK,OK,OK
2026-08-14T21:14:04.581579Z,1564,243.5,7867,OK,OK,OK
2026-08-14T21:14:10.155308Z,1572,243.5,7867,OK,OK,OK
2026-08-14T21:14:15.628916Z,1575,243.5,7867,OK,OK,OK
2026-08-14T21:14:21.160469Z,1571,243.5,7867,OK,OK,OK
2026-08-14T21:14:26.641052Z,1565,243.6,7867,OK,OK,OK
2026-08-14T21:14:32.130835Z,1566,243.4,7867,OK,OK,OK
2026-08-14T21:14:37.618184Z,1566,243.6,7867,OK,OK,OK
2026-08-14T21:14:43.136774Z,1562,243.4,7867,OK,OK,OK
2026-08-14T21:14:48.628339Z,1568,243.7,7867,OK,OK,OK
2026-08-14T21:14:54.126991Z,1569,243.7,7867,OK,OK,OK
2026-08-14T21:14:59.640962Z,1573,243.8,7867,OK,OK,OK
2026-08-14T21:15:05.150046Z,1577,243.8,7867,OK,OK,OK
2026-08-14T21:15:10.668515Z,1576,243.8,7867,OK,OK,OK
2026-08-14T21:15:16.206236Z,1571,243.8,7867,OK,OK,OK
2026-08-14T21:15:21.722854Z,3165,243.2,7867,OK,OK,OK
2026-08-14T21:15:27.225756Z,3209,243.2,7867,OK,OK,OK
2026-08-14T21:15:32.733096Z,3235,243.1,7867,OK,OK,OK
2026-08-14T21:15:38.229028Z,3245,243.2,7867,OK,OK,OK
2026-08-14T21:15:43.763666Z,3268,243.1,7867,OK,OK,OK
2026-08-14T21:15:49.342595Z,3276,243.0,7867,OK,OK,OK
2026-08-14T21:15:54.847339Z,3281,243.0,7867,OK,OK,OK
2026-08-14T21:16:00.390695Z,3280,243.0,7867,OK,OK,OK
2026-08-14T21:16:05.911839Z,3267,243.0,7867,OK,OK,OK
2026-08-14T21:16:11.425585Z,3281,243.1,7867,OK,OK,OK
2026-08-14T21:16:16.945960Z,3283,243.1,7867,OK,OK,OK
2026-08-14T21:16:22.490708Z,3286,243.1,7867,OK,OK,OK
2026-08-14T21:16:28.024509Z,3275,243.0,7867,OK,OK,OK
2026-08-14T21:16:33.569667Z,3272,243.1,7867,OK,OK,OK
2026-08-14T21:16:39.068905Z,3273,243.1,7867,OK,OK,OK
2026-08-14T21:16:44.527262Z,3278,243.3,7867,OK,OK,OK
2026-08-14T21:16:50.024943Z,3277,243.2,7867,OK,OK,OK
2026-08-14T21:16:55.541951Z,3273,243.2,7867,OK,OK,OK
2026-08-14T21:17:01.028371Z,3281,243.2,7867,OK,OK,OK
2026-08-14T21:17:06.572795Z,3274,243.2,7867,OK,OK,OK
2026-08-14T21:17:12.101216Z,3294,243.0,7867,OK,OK,OK
2026-08-14T21:17:17.579375Z,3289,243.2,7867,OK,OK,OK
2026-08-14T21:17:23.116969Z,3292,243.2,7867,OK,OK,OK
2026-08-14T21:17:28.635314Z,3284,243.3,7867,OK,OK,OK
2026-08-14T21:17:34.121054Z,3295,243.2,7867,OK,OK,OK
2026-08-14T21:17:39.632926Z,3264,243.2,7867,OK,OK,OK
2026-08-14T21:17:45.156370Z,3272,243.2,7867,OK,OK,OK
2026-08-14T21:17:50.659833Z,3270,243.2,7867,OK,OK,OK
2026-08-14T21:17:56.161349Z,3279,243.2,7867,OK,OK,OK
2026-08-14T21:18:01.641810Z,3278,243.2,7867,OK,OK,OK
2026-08-14T21:18:07.115157Z,3295,243.2,7867,OK,OK,OK
2026-08-14T21:18:12.590430Z,3296,243.2,7867,OK,OK,OK
2026-08-14T21:18:18.058891Z,3296,243.3,7867,OK,OK,OK
2026-08-14T21:18:23.567577Z,3306,243.1,7867,OK,OK,OK
2026-08-14T21:18:29.037662Z,3313,243.2,7867,OK,OK,OK
2026-08-14T21:18:34.577257Z,3311,243.1,7867,OK,OK,OK
2026-08-14T21:18:40.038557Z,3329,243.2,7867,OK,OK,OK
2026-08-14T21:18:45.619482Z,3331,243.2,7867,OK,OK,OK
2026-08-14T21:18:51.126025Z,3325,243.1,7867,OK,OK,OK
2026-08-14T21:18:56.610404Z,3453,243.0,7867,OK,OK,OK
2026-08-14T21:19:02.110100Z,3508,243.0,7867,OK,OK,OK
2026-08-14T21:19:07.615401Z,3446,242.9,7867,OK,OK,OK
2026-08-14T21:19:13.104442Z,3430,243.0,7867,OK,OK,OK
2026-08-14T21:19:18.604666Z,3429,243.0,7867,OK,OK,OK
2026-08-14T21:19:24.069025Z,3438,243.1,7867,OK,OK,OK
2026-08-14T21:19:29.585275Z,3430,243.0,7867,OK,OK,OK
2026-08-14T21:19:35.105387Z,3438,243.1,7867,OK,OK,OK
2026-08-14T21:19:40.594522Z,3431,243.0,7867,OK,OK,OK
2026-08-14T21:19:46.090831Z,3433,243.1,7867,OK,OK,OK
2026-08-14T21:19:51.598739Z,3441,243.0,7867,OK,OK,OK
2026-08-14T21:19:57.123082Z,3439,243.1,7867,OK,OK,OK
2026-08-14T21:20:02.625799Z,3435,243.2,7867,OK,OK,OK
2026-08-14T21:20:08.150775Z,3432,242.9,7867,OK,OK,OK
2026-08-14T21:20:13.670338Z,3426,242.3,7867,OK,OK,OK
2026-08-14T21:20:19.158589Z,3423,241.8,7867,OK,OK,OK
2026-08-14T21:20:24.665258Z,3320,242.0,7867,OK,OK,OK
2026-08-14T21:20:30.175000Z,3315,242.0,7867,OK,OK,OK
2026-08-14T21:20:35.662185Z,3321,242.0,7867,OK,OK,OK
2026-08-14T21:20:41.183917Z,3348,242.0,7867,OK,OK,OK
2026-08-14T21:20:46.672868Z,3310,241.9,7867,OK,OK,OK
2026-08-14T21:20:52.181966Z,3304,241.5,7867,OK,OK,OK
2026-08-14T21:20:57.701682Z,3288,240.2,7867,OK,OK,OK
2026-08-14T21:21:03.194082Z,3323,239.9,7867,OK,OK,OK
2026-08-14T21:21:08.657003Z,3280,239.8,7867,OK,OK,OK
2026-08-14T21:21:14.166785Z,3275,239.9,7867,OK,OK,OK
2026-08-14T21:21:19.653948Z,3275,239.9,7867,OK,OK,OK
2026-08-14T21:21:25.180875Z,3306,239.9,7867,OK,OK,OK
2026-08-14T21:21:30.649711Z,3274,239.7,7867,OK,OK,OK
2026-08-14T21:21:36.190397Z,3269,239.7,7867,OK,OK,OK
2026-08-14T21:21:41.663193Z,3269,240.0,7867,OK,OK,OK
2026-08-14T21:21:47.199995Z,3262,239.9,7867,OK,OK,OK
2026-08-14T21:21:52.659697Z,3264,239.9,7867,OK,OK,OK
2026-08-14T21:21:58.170720Z,3261,239.9,7867,OK,OK,OK
2026-08-14T21:22:03.670841Z,3256,239.9,7867,OK,OK,OK
2026-08-14T21:22:09.176628Z,3261,240.1,7867,OK,OK,OK
2026-08-14T21:22:14.699900Z,3268,240.0,7867,OK,OK,OK
2026-08-14T21:22:20.202032Z,3356,240.1,7867,OK,OK,OK
2026-08-14T21:22:25.669054Z,3362,239.9,7867,OK,OK,OK
2026-08-14T21:22:31.192562Z,3398,239.8,7867,OK,OK,OK
2026-08-14T21:22:36.701016Z,3369,239.7,7867,OK,OK,OK
2026-08-14T21:22:42.218326Z,3361,239.9,7867,OK,OK,OK
2026-08-14T21:22:47.726019Z,3370,239.9,7867,OK,OK,OK
2026-08-14T21:22:53.242672Z,3360,239.7,7867,OK,OK,OK
2026-08-14T21:22:58.747679Z,3369,239.8,7867,OK,OK,OK
2026-08-14T21:23:04.306955Z,3365,239.8,7867,OK,OK,OK
2026-08-14T21:23:09.837105Z,3374,239.9,7867,OK,OK,OK
2026-08-14T21:23:15.368548Z,3362,239.8,7867,OK,OK,OK
2026-08-14T21:23:20.870421Z,3359,239.7,7867,OK,OK,OK
2026-08-14T21:23:26.389611Z,3344,239.9,7867,OK,OK,OK
2026-08-14T21:23:31.903416Z,3354,239.8,7867,OK,OK,OK
2026-08-14T21:23:37.459294Z,3352,239.8,7867,OK,OK,OK
2026-08-14T21:23:42.990439Z,3341,239.8,7867,OK,OK,OK
2026-08-14T21:23:48.515540Z,3346,239.9,7867,OK,OK,OK
2026-08-14T21:23:54.003562Z,3344,239.9,7867,OK,OK,OK
2026-08-14T21:23:59.515017Z,3343,239.9,7867,OK,OK,OK
2026-08-14T21:24:05.015098Z,3340,239.9,7867,OK,OK,OK
2026-08-14T21:24:10.520847Z,3346,239.8,7867,OK,OK,OK
2026-08-14T21:24:16.043505Z,3370,240.1,7867,OK,OK,OK
2026-08-14T21:24:21.581261Z,3349,240.1,7867,OK,OK,OK
2026-08-14T21:24:27.057483Z,3331,239.9,7867,OK,OK,OK
2026-08-14T21:24:32.554926Z,3330,239.8,7867,OK,OK,OK
2026-08-14T21:24:38.085182Z,3328,240.0,7867,OK,OK,OK
2026-08-14T21:24:43.583827Z,3344,240.1,7867,OK,OK,OK
2026-08-14T21:24:49.072742Z,3325,240.1,7867,OK,OK,OK
2026-08-14T21:24:54.592261Z,3326,239.8,7867,OK,OK,OK
2026-08-14T21:25:00.114377Z,3328,239.7,7867,OK,OK,OK
2026-08-14T21:25:05.647727Z,3335,239.9,7867,OK,OK,OK
2026-08-14T21:25:11.127332Z,3334,239.6,7867,OK,OK,OK
2026-08-14T21:25:16.635531Z,3331,239.6,7867,OK,OK,OK
2026-08-14T21:25:22.167705Z,3330,239.7,7867,OK,OK,OK
2026-08-14T21:25:27.692292Z,3336,239.8,7867,OK,OK,OK
2026-08-14T21:25:33.188289Z,3337,239.8,1968,OK,OK,OK
2026-08-14T21:25:38.680321Z,3350,239.7,1968,OK,OK,OK
2026-08-14T21:25:44.216012Z,3323,239.8,1968,OK,OK,OK
2026-08-14T21:25:49.729998Z,3325,239.9,1968,OK,OK,OK
2026-08-14T21:25:55.239130Z,3320,239.9,1968,OK,OK,OK
2026-08-14T21:26:00.769968Z,3283,239.9,1968,OK,OK,OK
2026-08-14T21:26:06.282813Z,3291,239.9,1968,OK,OK,OK
2026-08-14T21:26:11.780502Z,3291,240.0,1968,OK,OK,OK
2026-08-14T21:26:17.320613Z,3300,240.4,1968,OK,OK,OK
2026-08-14T21:26:22.848738Z,3305,240.7,1968,OK,OK,OK
2026-08-14T21:26:28.349052Z,3309,241.4,1968,OK,OK,OK
2026-08-14T21:26:33.854134Z,3321,241.6,1968,OK,OK,OK
2026-08-14T21:26:39.370586Z,3322,241.8,1968,OK,OK,OK
2026-08-14T21:26:44.863085Z,3332,241.9,1968,OK,OK,OK
2026-08-14T21:26:50.361577Z,3332,241.9,1968,OK,OK,OK
2026-08-14T21:26:55.851228Z,3320,241.9,1968,OK,OK,OK
2026-08-14T21:27:01.365491Z,3323,241.7,1968,OK,OK,OK
2026-08-14T21:27:06.838783Z,3326,241.8,1968,OK,OK,OK
2026-08-14T21:27:12.322405Z,3328,241.8,1968,OK,OK,OK
2026-08-14T21:27:17.825256Z,3326,241.7,1968,OK,OK,OK
2026-08-14T21:27:23.371573Z,3325,241.8,1968,OK,OK,OK
2026-08-14T21:27:28.865278Z,3316,241.8,1968,OK,OK,OK
2026-08-14T21:27:34.374084Z,3363,241.6,1968,OK,OK,OK
2026-08-14T21:27:39.876298Z,3364,241.6,1968,OK,OK,OK
2026-08-14T21:27:45.386044Z,3371,241.6,1968,OK,OK,OK
2026-08-14T21:27:50.900744Z,3381,241.7,1968,OK,OK,OK
2026-08-14T21:27:56.398377Z,3384,241.7,1968,OK,OK,OK
2026-08-14T21:28:01.913878Z,3398,241.6,1968,OK,OK,OK
2026-08-14T21:28:07.417056Z,3401,241.8,1968,OK,OK,OK
2026-08-14T21:28:12.951465Z,3401,241.9,1968,OK,OK,OK
2026-08-14T21:28:18.450288Z,3394,241.8,1968,OK,OK,OK
2026-08-14T21:28:23.984353Z,3403,241.8,1968,OK,OK,OK
2026-08-14T21:28:29.488664Z,3411,241.7,1968,OK,OK,OK
2026-08-14T21:28:35.035003Z,3416,241.8,1968,OK,OK,OK
2026-08-14T21:28:40.546222Z,3403,241.9,1968,OK,OK,OK
2026-08-14T21:28:46.029786Z,3402,241.8,1968,OK,OK,OK
2026-08-14T21:28:51.555360Z,3399,241.9,1968,OK,OK,OK
2026-08-14T21:28:57.040821Z,3422,241.9,1968,OK,OK,OK
2026-08-14T21:29:02.566640Z,3409,241.9,1968,OK,OK,OK
2026-08-14T21:29:08.056547Z,3414,241.8,1968,OK,OK,OK
2026-08-14T21:29:13.594383Z,3412,241.8,1968,OK,OK,OK
2026-08-14T21:29:19.070665Z,3402,242.0,1968,OK,OK,OK
2026-08-14T21:29:24.585504Z,3437,241.9,1968,OK,OK,OK
2026-08-14T21:29:30.100195Z,3420,241.9,1968,OK,OK,OK
2026-08-14T21:29:35.653791Z,3439,241.9,1968,OK,OK,OK
2026-08-14T21:29:41.147990Z,3415,241.9,1968,OK,OK,OK
2026-08-14T21:29:46.638525Z,3402,242.0,1968,OK,OK,OK
2026-08-14T21:29:52.087713Z,3390,241.9,1968,OK,OK,OK
2026-08-14T21:29:57.595477Z,3398,242.0,1968,OK,OK,OK
2026-08-14T21:30:03.083517Z,3391,242.0,1968,OK,OK,OK
2026-08-14T21:30:08.566818Z,3394,241.8,1968,OK,OK,OK
2026-08-14T21:30:14.097104Z,3402,241.9,1968,OK,OK,OK
2026-08-14T21:30:19.560958Z,3401,241.7,1968,OK,OK,OK
2026-08-14T21:30:25.089590Z,3407,241.8,1968,OK,OK,OK
2026-08-14T21:30:30.559723Z,3413,241.8,1968,OK,OK,OK
2026-08-14T21:30:36.025382Z,3400,242.4,1968,OK,OK,OK
2026-08-14T21:30:41.540251Z,3421,242.6,1968,OK,OK,OK
2026-08-14T21:30:47.062526Z,3439,242.7,1968,OK,OK,OK
2026-08-14T21:30:52.575933Z,3415,242.6,1968,OK,OK,OK
2026-08-14T21:30:58.092066Z,3386,242.6,1968,OK,OK,OK
2026-08-14T21:31:03.580222Z,3452,242.6,1968,OK,OK,OK
2026-08-14T21:31:09.104559Z,3397,242.5,1968,OK,OK,OK
2026-08-14T21:31:14.609331Z,3392,242.5,1968,OK,OK,OK
2026-08-14T21:31:20.144515Z,3391,242.7,1968,OK,OK,OK
2026-08-14T21:31:25.667614Z,3375,242.6,1968,OK,OK,OK
2026-08-14T21:31:31.165992Z,3399,242.5,1968,OK,OK,OK
2026-08-14T21:31:36.709184Z,3412,242.5,1968,OK,OK,OK
2026-08-14T21:31:42.205364Z,3401,242.5,1968,OK,OK,OK
2026-08-14T21:31:47.738148Z,3394,242.5,1968,OK,OK,OK
2026-08-14T21:31:53.274860Z,3397,242.5,1968,OK,OK,OK
2026-08-14T21:31:58.788438Z,3398,242.5,1968,OK,OK,OK
2026-08-14T21:32:04.290748Z,3366,242.7,1968,OK,OK,OK
2026-08-14T21:32:09.818841Z,3359,242.8,1968,OK,OK,OK
2026-08-14T21:32:15.351798Z,3352,242.8,1968,OK,OK,OK
2026-08-14T21:32:20.871409Z,3350,242.8,1968,OK,OK,OK
2026-08-14T21:32:26.392671Z,3357,242.8,1968,OK,OK,OK
2026-08-14T21:32:31.901760Z,3347,242.8,1968,OK,OK,OK
2026-08-14T21:32:37.412511Z,3362,242.8,1968,OK,OK,OK
2026-08-14T21:32:42.901599Z,3360,242.8,1968,OK,OK,OK
2026-08-14T21:32:48.407853Z,3380,242.6,1968,OK,OK,OK
2026-08-14T21:32:53.915105Z,3368,242.7,1968,OK,OK,OK
2026-08-14T21:32:59.462666Z,3377,242.7,1968,OK,OK,OK
2026-08-14T21:33:04.945682Z,3385,242.7,1968,OK,OK,OK
2026-08-14T21:33:10.452280Z,3382,242.8,1968,OK,OK,OK
2026-08-14T21:33:15.988033Z,3370,242.8,1968,OK,OK,OK
2026-08-14T21:33:21.517209Z,3363,242.8,1968,OK,OK,OK
2026-08-14T21:33:27.033489Z,3360,242.8,1968,OK,OK,OK
2026-08-14T21:33:32.545616Z,3428,242.8,1968,OK,OK,OK
2026-08-14T21:33:38.038940Z,3401,242.7,1968,OK,OK,OK
2026-08-14T21:33:43.578141Z,3391,242.7,1968,OK,OK,OK
2026-08-14T21:33:49.085290Z,3392,242.7,1968,OK,OK,OK
2026-08-14T21:33:54.577362Z,3398,242.6,1968,OK,OK,OK
2026-08-14T21:34:00.136586Z,3407,242.7,1968,OK,OK,OK
2026-08-14T21:34:05.620853Z,3400,242.8,1968,OK,OK,OK
2026-08-14T21:34:11.123527Z,3414,242.7,1968,OK,OK,OK
2026-08-14T21:34:16.664700Z,3416,242.9,1968,OK,OK,OK
2026-08-14T21:34:22.166327Z,3413,242.9,1968,OK,OK,OK
2026-08-14T21:34:27.677931Z,3439,242.8,1968,OK,OK,OK
2026-08-14T21:34:33.181364Z,3430,242.9,1968,OK,OK,OK
2026-08-14T21:34:38.714471Z,3431,242.9,1968,OK,OK,OK
2026-08-14T21:34:44.214366Z,3412,242.9,1968,OK,OK,OK
2026-08-14T21:34:49.704676Z,3422,242.9,1968,OK,OK,OK
2026-08-14T21:34:55.231092Z,3407,242.7,1968,OK,OK,OK
2026-08-14T21:35:00.742166Z,3401,242.9,1968,OK,OK,OK
2026-08-14T21:35:06.276617Z,3389,242.9,1968,OK,OK,OK
2026-08-14T21:35:11.804539Z,3373,242.9,1968,OK,OK,OK
2026-08-14T21:35:17.321343Z,3373,242.9,1968,OK,OK,OK
2026-08-14T21:35:22.862387Z,3369,242.9,1968,OK,OK,OK
2026-08-14T21:35:28.364096Z,3362,242.9,1968,OK,OK,OK
2026-08-14T21:35:33.877483Z,3362,242.9,1968,OK,OK,OK
2026-08-14T21:35:39.400104Z,3362,242.9,1968,OK,OK,OK
2026-08-14T21:35:44.935880Z,3371,242.9,1968,OK,OK,OK
2026-08-14T21:35:50.431828Z,3368,242.9,1968,OK,OK,OK
2026-08-14T21:35:55.921008Z,3387,242.9,1968,OK,OK,OK
2026-08-14T21:36:01.444118Z,3354,242.9,1968,OK,OK,OK
2026-08-14T21:36:06.962073Z,3330,242.7,1968,OK,OK,OK
2026-08-14T21:36:12.447672Z,3322,242.8,1968,OK,OK,OK
2026-08-14T21:36:17.951046Z,3319,242.9,1968,OK,OK,OK
2026-08-14T21:36:23.473915Z,3318,242.9,1968,OK,OK,OK
2026-08-14T21:36:28.953533Z,3324,242.9,1968,OK,OK,OK
2026-08-14T21:36:34.435138Z,3318,242.9,1968,OK,OK,OK
2026-08-14T21:36:39.950772Z,3317,242.9,1968,OK,OK,OK
2026-08-14T21:36:45.438611Z,3316,242.9,1968,OK,OK,OK
2026-08-14T21:36:50.885018Z,3318,242.9,1968,OK,OK,OK
2026-08-14T21:36:56.380077Z,3314,242.8,1968,OK,OK,OK
2026-08-14T21:37:01.864868Z,3325,242.8,1968,OK,OK,OK
2026-08-14T21:37:07.331795Z,3330,242.7,1968,OK,OK,OK
2026-08-14T21:37:12.827015Z,3338,242.8,1968,OK,OK,OK
2026-08-14T21:37:18.313324Z,3332,242.8,1968,OK,OK,OK
2026-08-14T21:37:23.833083Z,3318,242.8,1968,OK,OK,OK
2026-08-14T21:37:29.377906Z,3330,242.8,1968,OK,OK,OK
2026-08-14T21:37:34.890788Z,3331,242.6,1968,OK,OK,OK
2026-08-14T21:37:40.426256Z,3321,242.7,1968,OK,OK,OK
2026-08-14T21:37:45.932740Z,3327,242.7,1968,OK,OK,OK
2026-08-14T21:37:51.452683Z,3336,242.6,1968,OK,OK,OK
2026-08-14T21:37:56.966110Z,3342,242.6,1968,OK,OK,OK
2026-08-14T21:38:02.488059Z,3344,242.7,1968,OK,OK,OK
2026-08-14T21:38:08.005265Z,3348,242.7,1968,OK,OK,OK
2026-08-14T21:38:13.485999Z,3341,242.7,1968,OK,OK,OK
2026-08-14T21:38:19.019895Z,3340,242.6,1968,OK,OK,OK
2026-08-14T21:38:24.510490Z,3329,242.7,1968,OK,OK,OK
2026-08-14T21:38:29.995880Z,3319,242.7,1968,OK,OK,OK
2026-08-14T21:38:35.478686Z,3322,242.7,1968,OK,OK,OK
2026-08-14T21:38:40.962294Z,3322,242.7,1968,OK,OK,OK
2026-08-14T21:38:46.476396Z,3320,242.7,1968,OK,OK,OK
2026-08-14T21:38:52.014148Z,3318,242.7,1968,OK,OK,OK
2026-08-14T21:38:57.514854Z,3320,242.7,1968,OK,OK,OK
2026-08-14T21:39:03.030300Z,3347,242.7,1968,OK,OK,OK
2026-08-14T21:39:08.521427Z,3383,242.6,1968,OK,OK,OK
2026-08-14T21:39:14.037521Z,3361,242.6,1968,OK,OK,OK
2026-08-14T21:39:19.526777Z,3360,242.5,1968,OK,OK,OK
2026-08-14T21:39:25.008687Z,3363,242.7,1968,OK,OK,OK
2026-08-14T21:39:30.491329Z,3362,242.6,1968,OK,OK,OK
2026-08-14T21:39:35.981491Z,3365,242.7,1968,OK,OK,OK
2026-08-14T21:39:41.500936Z,3356,242.6,1968,OK,OK,OK
2026-08-14T21:39:46.982718Z,3364,242.7,1968,OK,OK,OK
2026-08-14T21:39:52.505542Z,3354,241.9,1968,OK,OK,OK
2026-08-14T21:39:57.979238Z,3353,241.6,1968,OK,OK,OK
2026-08-14T21:40:03.516174Z,3357,241.8,1968,OK,OK,OK
2026-08-14T21:40:09.006694Z,3343,241.8,1968,OK,OK,OK
2026-08-14T21:40:14.509207Z,3353,241.9,1968,OK,OK,OK
2026-08-14T21:40:20.017026Z,3362,241.9,1968,OK,OK,OK
2026-08-14T21:40:25.538195Z,3368,241.9,1968,OK,OK,OK
2026-08-14T21:40:31.044722Z,3365,241.9,1968,OK,OK,OK
2026-08-14T21:40:36.555522Z,2956,242.2,1968,OK,OK,OK
2026-08-14T21:40:42.055703Z,1689,242.6,1968,OK,OK,OK
2026-08-14T21:40:47.530969Z,1686,242.7,5627,OK,OK,OK
2026-08-14T21:40:53.018379Z,1685,242.7,5627,OK,OK,OK
2026-08-14T21:40:58.506699Z,1824,242.6,5627,OK,OK,OK
2026-08-14T21:41:04.002835Z,1800,242.7,5627,OK,OK,OK
2026-08-14T21:41:09.491558Z,1770,242.6,5627,OK,OK,OK
2026-08-14T21:41:14.986370Z,1777,242.4,5627,OK,OK,OK
2026-08-14T21:41:20.453306Z,1774,242.6,5627,OK,OK,OK
2026-08-14T21:41:25.962433Z,1810,242.7,5627,OK,OK,OK
2026-08-14T21:41:31.475640Z,1776,242.5,5627,OK,OK,OK
2026-08-14T21:41:36.949726Z,1646,242.8,5627,OK,OK,OK
2026-08-14T21:41:42.466614Z,1651,242.8,5627,OK,OK,OK
2026-08-14T21:41:47.940741Z,1652,242.8,5627,OK,OK,OK
2026-08-14T21:41:53.427126Z,1646,242.7,5627,OK,OK,OK
2026-08-14T21:41:58.931351Z,3389,241.8,5627,OK,OK,OK
2026-08-14T21:42:04.415194Z,3403,242.0,5627,OK,OK,OK
2026-08-14T21:42:09.931723Z,3389,242.0,5627,OK,OK,OK
2026-08-14T21:42:15.481481Z,3394,242.0,5627,OK,OK,OK
2026-08-14T21:42:20.964085Z,3389,241.9,5627,OK,OK,OK
2026-08-14T21:42:26.458854Z,3391,241.9,5627,OK,OK,OK
2026-08-14T21:42:31.968082Z,3388,241.8,5627,OK,OK,OK
2026-08-14T21:42:37.488217Z,3378,241.5,5627,OK,OK,OK
2026-08-14T21:42:42.981321Z,3375,241.3,5627,OK,OK,OK
2026-08-14T21:42:48.472424Z,3400,241.5,5627,OK,OK,OK
2026-08-14T21:42:54.008324Z,3368,241.8,5627,OK,OK,OK
2026-08-14T21:42:59.494892Z,3507,241.6,5627,OK,OK,OK
2026-08-14T21:43:05.030768Z,3526,241.5,5627,OK,OK,OK
2026-08-14T21:43:10.545907Z,3530,241.5,5627,OK,OK,OK
2026-08-14T21:43:16.091917Z,3540,241.6,5627,OK,OK,OK
2026-08-14T21:43:21.602141Z,3530,241.6,5627,OK,OK,OK
2026-08-14T21:43:27.121950Z,1875,242.4,5627,OK,OK,OK
2026-08-14T21:43:32.625629Z,1870,242.4,5627,OK,OK,OK
2026-08-14T21:43:38.132351Z,1740,242.5,5627,OK,OK,OK
2026-08-14T21:43:43.656296Z,1766,242.5,5627,OK,OK,OK
2026-08-14T21:43:49.194785Z,1733,242.4,5627,OK,OK,OK
2026-08-14T21:43:54.703303Z,1743,242.3,5627,OK,OK,OK
2026-08-14T21:44:00.221556Z,1743,242.3,5627,OK,OK,OK
2026-08-14T21:44:05.748728Z,1744,242.5,5627,OK,OK,OK
2026-08-14T21:44:11.289758Z,1747,242.4,5627,OK,OK,OK
2026-08-14T21:44:16.787940Z,1746,242.4,5627,OK,OK,OK
2026-08-14T21:44:22.285816Z,1746,242.4,5627,OK,OK,OK
2026-08-14T21:44:27.798050Z,1743,242.4,5627,OK,OK,OK
2026-08-14T21:44:33.265586Z,1743,242.4,5627,OK,OK,OK
2026-08-14T21:44:38.730624Z,1747,242.4,5627,OK,OK,OK
2026-08-14T21:44:44.203126Z,1741,242.4,5627,OK,OK,OK
2026-08-14T21:44:49.736105Z,1744,242.4,5627,OK,OK,OK
2026-08-14T21:44:55.233000Z,1750,242.5,5627,OK,OK,OK
2026-08-14T21:45:00.737019Z,1741,242.3,5627,OK,OK,OK
2026-08-14T21:45:06.249077Z,1703,242.5,5627,OK,OK,OK
2026-08-14T21:45:11.751531Z,1704,242.5,5627,OK,OK,OK
2026-08-14T21:45:17.234733Z,1695,242.4,5627,OK,OK,OK
2026-08-14T21:45:22.739103Z,1689,242.2,5627,OK,OK,OK
2026-08-14T21:45:28.214632Z,1702,241.7,5627,OK,OK,OK
2026-08-14T21:45:33.681255Z,1692,241.7,5627,OK,OK,OK
2026-08-14T21:45:39.203605Z,1692,241.4,5627,OK,OK,OK
2026-08-14T21:45:44.716326Z,1686,241.1,5627,OK,OK,OK
2026-08-14T21:45:50.212627Z,1681,241.0,5627,OK,OK,OK
2026-08-14T21:45:55.725548Z,1678,240.7,5627,OK,OK,OK
2026-08-14T21:46:01.225420Z,1684,240.7,5627,OK,OK,OK
2026-08-14T21:46:06.734835Z,1684,241.0,5627,OK,OK,OK
2026-08-14T21:46:12.213102Z,1679,240.8,5627,OK,OK,OK
2026-08-14T21:46:17.760274Z,1680,240.9,5627,OK,OK,OK
2026-08-14T21:46:23.255027Z,1679,241.0,5627,OK,OK,OK
2026-08-14T21:46:28.754066Z,1668,241.0,5627,OK,OK,OK
2026-08-14T21:46:34.258206Z,1670,240.8,5627,OK,OK,OK
2026-08-14T21:46:39.756765Z,1666,241.0,5627,OK,OK,OK
2026-08-14T21:46:45.284301Z,1673,241.0,5627,OK,OK,OK
2026-08-14T21:46:50.817711Z,1668,241.0,5627,OK,OK,OK
2026-08-14T21:46:56.339567Z,1671,241.0,5627,OK,OK,OK
2026-08-14T21:47:01.858197Z,1668,240.9,5627,OK,OK,OK
2026-08-14T21:47:07.369012Z,1678,241.0,5627,OK,OK,OK
2026-08-14T21:47:12.879706Z,1676,240.9,5627,OK,OK,OK
2026-08-14T21:47:18.412462Z,3207,240.2,5627,OK,OK,OK
2026-08-14T21:47:23.950554Z,3256,240.3,5627,OK,OK,OK
2026-08-14T21:47:29.456118Z,3275,240.3,5627,OK,OK,OK
2026-08-14T21:47:34.953762Z,3324,240.1,5627,OK,OK,OK
2026-08-14T21:47:40.468742Z,3340,240.1,5627,OK,OK,OK
2026-08-14T21:47:45.978316Z,3371,240.3,5627,OK,OK,OK
2026-08-14T21:47:51.517079Z,3423,240.2,5627,OK,OK,OK
2026-08-14T21:47:57.029109Z,3392,240.1,5627,OK,OK,OK
2026-08-14T21:48:02.530743Z,3378,240.1,5627,OK,OK,OK
2026-08-14T21:48:08.066109Z,3390,240.2,5627,OK,OK,OK
2026-08-14T21:48:13.589718Z,3397,240.2,5627,OK,OK,OK
2026-08-14T21:48:19.140250Z,3411,240.1,5627,OK,OK,OK
2026-08-14T21:48:24.643102Z,3381,240.0,5627,OK,OK,OK
2026-08-14T21:48:30.122692Z,3383,240.1,5627,OK,OK,OK
2026-08-14T21:48:35.625289Z,3378,240.1,5627,OK,OK,OK
2026-08-14T21:48:41.126272Z,3389,240.1,5627,OK,OK,OK
2026-08-14T21:48:46.645916Z,3369,240.1,5627,OK,OK,OK
2026-08-14T21:48:52.101967Z,3383,240.1,5627,OK,OK,OK
2026-08-14T21:48:57.624285Z,3380,240.1,5627,OK,OK,OK
2026-08-14T21:49:03.156192Z,3365,240.0,5627,OK,OK,OK
2026-08-14T21:49:08.650026Z,3375,240.0,5627,OK,OK,OK
2026-08-14T21:49:14.161770Z,3371,240.2,5627,OK,OK,OK
2026-08-14T21:49:19.676723Z,3370,240.4,5627,OK,OK,OK
2026-08-14T21:49:25.159671Z,3372,240.4,5627,OK,OK,OK
2026-08-14T21:49:30.679040Z,3371,240.4,5627,OK,OK,OK
2026-08-14T21:49:36.169037Z,3351,240.4,5627,OK,OK,OK
2026-08-14T21:49:41.632754Z,3338,240.4,5627,OK,OK,OK
2026-08-14T21:49:47.146131Z,3342,240.1,5627,OK,OK,OK
2026-08-14T21:49:52.644747Z,3356,240.7,5627,OK,OK,OK
2026-08-14T21:49:58.155475Z,3349,240.7,5627,OK,OK,OK
2026-08-14T21:50:03.707872Z,3363,240.7,5627,OK,OK,OK
2026-08-14T21:50:09.215080Z,3367,240.7,5627,OK,OK,OK
2026-08-14T21:50:14.745667Z,3366,240.7,5627,OK,OK,OK
2026-08-14T21:50:20.235966Z,3377,240.7,5627,OK,OK,OK
2026-08-14T21:50:25.730018Z,3369,240.6,5627,OK,OK,OK
2026-08-14T21:50:31.252729Z,3387,240.7,5627,OK,OK,OK
2026-08-14T21:50:36.725362Z,3388,240.7,5627,OK,OK,OK
2026-08-14T21:50:42.210697Z,3242,240.8,5627,OK,OK,OK
2026-08-14T21:50:47.705065Z,3247,240.8,5627,OK,OK,OK
2026-08-14T21:50:53.202963Z,3242,240.8,5627,OK,OK,OK
2026-08-14T21:50:58.757809Z,3238,240.8,5627,OK,OK,OK
2026-08-14T21:51:04.255450Z,3237,240.8,5627,OK,OK,OK
2026-08-14T21:51:09.750047Z,3232,240.9,5627,OK,OK,OK
2026-08-14T21:51:15.226266Z,3246,241.4,5627,OK,OK,OK
2026-08-14T21:51:20.722652Z,3232,241.8,5627,OK,OK,OK
2026-08-14T21:51:26.228862Z,3269,242.2,5627,OK,OK,OK
2026-08-14T21:51:31.738097Z,3244,242.4,5627,OK,OK,OK
2026-08-14T21:51:37.207055Z,3237,242.5,5627,OK,OK,OK
2026-08-14T21:51:42.740313Z,3238,242.4,5627,OK,OK,OK
2026-08-14T21:51:48.255475Z,3236,242.6,5627,OK,OK,OK
2026-08-14T21:51:54.345227Z,3238,242.5,5627,OK,OK,OK
2026-08-14T21:51:59.856994Z,3235,242.6,5627,OK,OK,OK
2026-08-14T21:52:05.316868Z,3272,242.6,5627,OK,OK,OK
2026-08-14T21:52:10.837415Z,3276,242.5,5627,OK,OK,OK
2026-08-14T21:52:16.346406Z,3275,242.5,5627,OK,OK,OK
2026-08-14T21:52:24.856293Z,3283,242.5,5627,OK,OK,OK
2026-08-14T21:52:30.383620Z,3284,242.5,5627,OK,OK,OK
2026-08-14T21:52:35.901136Z,3280,242.3,5627,OK,OK,OK
2026-08-14T21:52:41.433295Z,3285,242.5,5627,OK,OK,OK
2026-08-14T21:52:46.895035Z,3290,242.5,5627,OK,OK,OK
2026-08-14T21:52:52.412516Z,3289,242.3,5627,OK,OK,OK
2026-08-14T21:52:57.917494Z,3294,242.5,5627,OK,OK,OK
2026-08-14T21:53:03.431714Z,3295,242.4,5627,OK,OK,OK
2026-08-14T21:53:11.937611Z,3295,242.3,5627,OK,OK,OK
2026-08-14T21:53:18.033815Z,3292,242.3,5627,OK,OK,OK
2026-08-14T21:53:23.522211Z,3289,242.5,5627,OK,OK,OK
2026-08-14T21:53:29.021895Z,3279,242.5,5627,OK,OK,OK
2026-08-14T21:53:34.544280Z,3301,242.5,5627,OK,OK,OK
2026-08-14T21:53:40.056480Z,3305,242.4,5627,OK,OK,OK
2026-08-14T21:53:45.560252Z,3305,242.5,5627,OK,OK,OK
2026-08-14T21:53:51.098815Z,3306,242.5,5627,OK,OK,OK
2026-08-14T21:53:56.598704Z,3301,242.4,5627,OK,OK,OK
2026-08-14T21:54:02.089727Z,3306,242.4,5627,OK,OK,OK
2026-08-14T21:54:07.592751Z,3313,242.4,5627,OK,OK,OK
2026-08-14T21:54:13.080225Z,3321,242.4,5627,OK,OK,OK
2026-08-14T21:54:18.612397Z,3315,242.3,5627,OK,OK,OK
2026-08-14T21:54:24.067050Z,3334,242.5,5627,OK,OK,OK
2026-08-14T21:54:32.560576Z,3332,242.4,5627,OK,OK,OK
2026-08-14T21:54:38.050583Z,3336,242.4,5627,OK,OK,OK
2026-08-14T21:54:46.560773Z,3331,242.3,5627,OK,OK,OK
2026-08-14T21:54:52.053111Z,3326,242.4,5627,OK,OK,OK
2026-08-14T21:54:57.587947Z,3313,242.5,5627,OK,OK,OK
2026-08-14T21:55:06.069763Z,3313,242.2,5627,OK,OK,OK
2026-08-14T21:55:11.554090Z,3317,242.3,5627,OK,OK,OK
2026-08-14T21:55:17.079764Z,3316,242.2,5627,OK,OK,OK
2026-08-14T21:55:22.549493Z,3324,242.2,5627,OK,OK,OK
2026-08-14T21:55:31.045050Z,3301,242.2,5627,OK,OK,OK
2026-08-14T21:55:36.563751Z,3319,242.2,5627,OK,OK,OK
2026-08-14T21:55:42.079888Z,3300,242.2,5627,OK,OK,OK
2026-08-14T21:55:47.561981Z,3315,242.2,5627,OK,OK,OK
2026-08-14T21:55:53.043492Z,3320,242.2,5627,OK,OK,OK
2026-08-14T21:55:58.550123Z,3327,242.2,5627,OK,OK,OK
2026-08-14T21:56:04.082075Z,3330,242.2,5627,OK,OK,OK
2026-08-14T21:56:09.568579Z,3348,242.1,5087,OK,OK,OK
2026-08-14T21:56:15.092870Z,3331,242.2,5087,OK,OK,OK
2026-08-14T21:56:20.593504Z,3332,242.1,5087,OK,OK,OK
2026-08-14T21:56:26.099849Z,3346,242.1,5087,OK,OK,OK
2026-08-14T21:56:31.605265Z,3443,242.1,5087,OK,OK,OK
2026-08-14T21:56:37.097573Z,3463,242.1,5087,OK,OK,OK
2026-08-14T21:56:42.625364Z,3455,242.2,5087,OK,OK,OK
2026-08-14T21:56:48.107785Z,3455,242.3,5087,OK,OK,OK
2026-08-14T21:56:53.616650Z,3451,242.2,5087,OK,OK,OK
2026-08-14T21:56:59.119591Z,3445,242.3,5087,OK,OK,OK
2026-08-14T21:57:04.667053Z,3451,242.2,5087,OK,OK,OK
2026-08-14T21:57:10.158974Z,3441,242.1,5087,OK,OK,OK
2026-08-14T21:57:15.617759Z,3449,242.3,5087,OK,OK,OK
2026-08-14T21:57:21.119877Z,3439,242.2,5087,OK,OK,OK
2026-08-14T21:57:26.639907Z,3444,242.4,5087,OK,OK,OK
2026-08-14T21:57:32.153836Z,3446,242.4,5087,OK,OK,OK
2026-08-14T21:57:37.649834Z,3445,242.4,5087,OK,OK,OK
2026-08-14T21:57:43.158378Z,3441,242.4,5087,OK,OK,OK
2026-08-14T21:57:48.690182Z,3436,242.3,5087,OK,OK,OK
2026-08-14T21:57:54.166168Z,3437,242.1,5087,OK,OK,OK
2026-08-14T21:57:59.640958Z,3436,242.2,5087,OK,OK,OK
2026-08-14T21:58:05.122817Z,3431,242.4,5087,OK,OK,OK
2026-08-14T21:58:10.645944Z,3568,242.2,5087,OK,OK,OK
2026-08-14T21:58:16.150857Z,3554,242.2,5087,OK,OK,OK
2026-08-14T21:58:21.671502Z,3560,242.3,5087,OK,OK,OK
2026-08-14T21:58:27.175123Z,3548,242.1,5087,OK,OK,OK
2026-08-14T21:58:32.689970Z,3547,242.3,5087,OK,OK,OK
2026-08-14T21:58:38.223776Z,3546,242.2,5087,OK,OK,OK
2026-08-14T21:58:43.744806Z,3550,242.2,5087,OK,OK,OK
2026-08-14T21:58:49.283339Z,3574,242.1,5087,OK,OK,OK
2026-08-14T21:58:54.764604Z,3561,242.2,5087,OK,OK,OK
2026-08-14T21:59:00.301548Z,3586,242.2,5087,OK,OK,OK
2026-08-14T21:59:05.792330Z,3591,242.2,5087,OK,OK,OK
2026-08-14T21:59:11.298529Z,3587,242.1,5087,OK,OK,OK
2026-08-14T21:59:16.814957Z,3599,242.1,5087,OK,OK,OK
2026-08-14T21:59:22.325021Z,3612,242.1,5087,OK,OK,OK
2026-08-14T21:59:27.818972Z,3611,242.1,5087,OK,OK,OK
2026-08-14T21:59:33.340183Z,3580,241.3,5087,OK,OK,OK
2026-08-14T21:59:38.828874Z,3576,241.0,5087,OK,OK,OK
2026-08-14T21:59:44.280216Z,3574,241.2,5087,OK,OK,OK
2026-08-14T21:59:49.835742Z,3566,241.1,5087,OK,OK,OK
2026-08-14T21:59:55.362877Z,3518,241.4,5087,OK,OK,OK
2026-08-14T22:00:00.877091Z,3546,241.4,5087,OK,OK,OK
2026-08-14T22:00:06.380690Z,3553,241.3,5087,OK,OK,OK
2026-08-14T22:00:11.883403Z,3544,241.3,5087,OK,OK,OK
2026-08-14T22:00:17.403842Z,3555,241.3,5087,OK,OK,OK
2026-08-14T22:00:22.881079Z,3463,241.4,5087,OK,OK,OK
2026-08-14T22:00:28.416809Z,3419,241.4,5087,OK,OK,OK
2026-08-14T22:00:33.966954Z,3464,241.4,5087,OK,OK,OK
2026-08-14T22:00:39.438836Z,3465,241.4,5087,OK,OK,OK
2026-08-14T22:00:44.939722Z,3448,241.4,5087,OK,OK,OK
2026-08-14T22:00:50.452561Z,3459,241.5,5087,OK,OK,OK
2026-08-14T22:00:55.989838Z,3449,241.5,5087,OK,OK,OK
2026-08-14T22:01:01.534412Z,3454,241.4,5087,OK,OK,OK
2026-08-14T22:01:07.067938Z,3459,241.4,5087,OK,OK,OK
2026-08-14T22:01:12.572628Z,3454,241.2,5087,OK,OK,OK
2026-08-14T22:01:18.087888Z,3462,241.2,5087,OK,OK,OK
2026-08-14T22:01:23.606497Z,3463,241.2,5087,OK,OK,OK
2026-08-14T22:01:29.109886Z,3474,241.2,5087,OK,OK,OK
2026-08-14T22:01:34.616518Z,3469,241.3,5087,OK,OK,OK
2026-08-14T22:01:40.132229Z,3466,241.3,5087,OK,OK,OK
2026-08-14T22:01:45.624112Z,3476,241.3,5087,OK,OK,OK
2026-08-14T22:01:51.160493Z,3480,241.3,5087,OK,OK,OK
2026-08-14T22:01:56.708500Z,3450,241.4,5087,OK,OK,OK
2026-08-14T22:02:02.198915Z,3458,241.3,5087,OK,OK,OK
2026-08-14T22:02:07.764765Z,3450,241.3,5087,OK,OK,OK
2026-08-14T22:02:13.277548Z,3459,241.3,5087,OK,OK,OK
2026-08-14T22:02:18.798948Z,3445,241.3,5087,OK,OK,OK
2026-08-14T22:02:24.275532Z,3439,241.3,5087,OK,OK,OK
2026-08-14T22:02:29.788566Z,3431,241.3,5087,OK,OK,OK
2026-08-14T22:02:35.284796Z,3425,241.2,5087,OK,OK,OK
2026-08-14T22:02:40.801587Z,3424,241.2,5087,OK,OK,OK
2026-08-14T22:02:46.317627Z,3427,241.2,5087,OK,OK,OK
2026-08-14T22:02:51.806251Z,3425,241.2,5087,OK,OK,OK
2026-08-14T22:02:57.314398Z,3431,241.2,5087,OK,OK,OK
2026-08-14T22:03:02.830534Z,3430,241.2,5087,OK,OK,OK
2026-08-14T22:03:08.300678Z,3456,241.2,5087,OK,OK,OK
2026-08-14T22:03:13.799765Z,3420,241.3,5087,OK,OK,OK
2026-08-14T22:03:19.303796Z,3423,241.3,5087,OK,OK,OK
2026-08-14T22:03:24.818237Z,3407,241.3,5087,OK,OK,OK
2026-08-14T22:03:30.278381Z,3412,241.3,5087,OK,OK,OK
2026-08-14T22:03:35.814302Z,3405,241.2,5087,OK,OK,OK
2026-08-14T22:03:41.306271Z,3408,241.3,5087,OK,OK,OK
2026-08-14T22:03:46.810320Z,3406,241.4,5087,OK,OK,OK
2026-08-14T22:03:52.333647Z,3416,241.6,5087,OK,OK,OK
2026-08-14T22:03:57.843670Z,3413,241.5,5087,OK,OK,OK
2026-08-14T22:04:03.367155Z,3411,241.7,5087,OK,OK,OK
2026-08-14T22:04:08.827754Z,3374,241.7,5087,OK,OK,OK
2026-08-14T22:04:14.365575Z,3374,241.7,5087,OK,OK,OK
2026-08-14T22:04:19.824118Z,3380,241.8,5087,OK,OK,OK
2026-08-14T22:04:25.314685Z,3370,241.8,5087,OK,OK,OK
2026-08-14T22:04:30.821095Z,3380,241.9,5087,OK,OK,OK
2026-08-14T22:04:36.303899Z,3360,241.8,5087,OK,OK,OK
2026-08-14T22:04:41.802756Z,3367,241.9,5087,OK,OK,OK
2026-08-14T22:04:47.281964Z,3366,241.9,5087,OK,OK,OK
2026-08-14T22:04:52.793007Z,3371,241.9,5087,OK,OK,OK
2026-08-14T22:04:58.294579Z,3362,241.9,5087,OK,OK,OK
2026-08-14T22:05:03.835030Z,3377,241.9,5087,OK,OK,OK
2026-08-14T22:05:09.365419Z,3373,241.8,5087,OK,OK,OK
2026-08-14T22:05:14.856377Z,3363,241.9,5087,OK,OK,OK
2026-08-14T22:05:20.398870Z,3377,241.9,5087,OK,OK,OK
2026-08-14T22:05:25.932103Z,3395,241.9,5087,OK,OK,OK
2026-08-14T22:05:31.443714Z,3378,241.9,5087,OK,OK,OK
2026-08-14T22:05:36.981901Z,3385,241.9,5087,OK,OK,OK
2026-08-14T22:05:42.486193Z,3380,241.9,5087,OK,OK,OK
2026-08-14T22:05:47.978037Z,3389,241.9,5087,OK,OK,OK
2026-08-14T22:05:53.491302Z,3392,241.8,5087,OK,OK,OK
2026-08-14T22:05:58.983522Z,3388,241.7,5087,OK,OK,OK
2026-08-14T22:06:04.484579Z,3368,241.8,5087,OK,OK,OK
2026-08-14T22:06:09.962216Z,3503,241.8,5087,OK,OK,OK
2026-08-14T22:06:15.520491Z,3528,241.7,5087,OK,OK,OK
2026-08-14T22:06:21.039975Z,3533,241.7,5087,OK,OK,OK
2026-08-14T22:06:26.549890Z,3537,241.8,5087,OK,OK,OK
2026-08-14T22:06:32.047583Z,3530,241.8,5087,OK,OK,OK
2026-08-14T22:06:37.591122Z,3522,241.7,5087,OK,OK,OK
2026-08-14T22:06:46.055301Z,3516,241.8,5087,OK,OK,OK
2026-08-14T22:06:51.582248Z,3524,241.8,5087,OK,OK,OK
2026-08-14T22:06:57.086931Z,3515,241.8,5087,OK,OK,OK
2026-08-14T22:07:02.571001Z,3509,241.7,5087,OK,OK,OK
2026-08-14T22:07:08.084906Z,3538,241.7,5087,OK,OK,OK
2026-08-14T22:07:13.586461Z,3566,241.6,5087,OK,OK,OK
2026-08-14T22:07:19.071193Z,3564,241.8,5087,OK,OK,OK
2026-08-14T22:07:24.563493Z,3562,241.7,5087,OK,OK,OK
2026-08-14T22:07:30.084677Z,3560,241.7,5087,OK,OK,OK
2026-08-14T22:07:35.565851Z,3567,241.7,5087,OK,OK,OK
2026-08-14T22:07:41.074071Z,3569,241.8,5087,OK,OK,OK
2026-08-14T22:07:46.601613Z,3579,241.7,5087,OK,OK,OK
2026-08-14T22:07:52.124395Z,3555,241.7,5087,OK,OK,OK
2026-08-14T22:07:57.660868Z,3558,241.7,5087,OK,OK,OK
2026-08-14T22:08:03.168210Z,3547,241.7,5087,OK,OK,OK
2026-08-14T22:08:08.688050Z,3510,241.6,5087,OK,OK,OK
2026-08-14T22:08:14.211575Z,3483,241.6,5087,OK,OK,OK
2026-08-14T22:08:19.722269Z,3490,241.8,5087,OK,OK,OK
2026-08-14T22:08:25.240822Z,3489,241.5,5087,OK,OK,OK
2026-08-14T22:08:30.734754Z,3478,241.7,5087,OK,OK,OK
2026-08-14T22:08:36.268660Z,3498,241.7,5087,OK,OK,OK
2026-08-14T22:08:41.780397Z,3458,241.9,5087,OK,OK,OK
2026-08-14T22:08:47.296845Z,3472,241.8,5087,OK,OK,OK
2026-08-14T22:08:52.800423Z,3455,241.9,5087,OK,OK,OK
2026-08-14T22:08:58.324293Z,3464,241.9,5087,OK,OK,OK
2026-08-14T22:09:03.794979Z,3476,241.9,5087,OK,OK,OK
2026-08-14T22:09:09.326439Z,3466,241.9,5087,OK,OK,OK
2026-08-14T22:09:14.875705Z,3437,242.3,5087,OK,OK,OK
2026-08-14T22:09:20.389188Z,3455,242.5,5087,OK,OK,OK
2026-08-14T22:09:25.891783Z,3474,242.4,5087,OK,OK,OK
2026-08-14T22:09:31.379141Z,3443,242.4,5087,OK,OK,OK
2026-08-14T22:09:36.860768Z,3449,242.3,5087,OK,OK,OK
2026-08-14T22:09:42.398016Z,3435,242.1,5087,OK,OK,OK
2026-08-14T22:09:47.894844Z,3439,242.3,5087,OK,OK,OK
2026-08-14T22:09:53.410682Z,3434,242.4,5087,OK,OK,OK
2026-08-14T22:09:58.944290Z,3441,242.5,5087,OK,OK,OK
2026-08-14T22:10:04.451717Z,3423,242.5,5087,OK,OK,OK
2026-08-14T22:10:09.985128Z,3515,242.4,5087,OK,OK,OK
2026-08-14T22:10:15.514275Z,3471,242.5,5087,OK,OK,OK
2026-08-14T22:10:21.049808Z,3486,242.5,5087,OK,OK,OK
2026-08-14T22:10:26.536217Z,3493,242.5,5087,OK,OK,OK
2026-08-14T22:10:32.062058Z,3504,242.5,5087,OK,OK,OK
2026-08-14T22:10:37.591005Z,3504,242.5,5087,OK,OK,OK
2026-08-14T22:10:43.104174Z,3503,242.4,5087,OK,OK,OK
2026-08-14T22:10:48.633225Z,3502,241.9,5087,OK,OK,OK
2026-08-14T22:10:54.121924Z,3499,241.8,5087,OK,OK,OK
2026-08-14T22:10:59.620716Z,3510,241.8,5087,OK,OK,OK
2026-08-14T22:11:05.132581Z,3512,241.7,5087,OK,OK,OK
2026-08-14T22:11:10.634161Z,3511,241.7,5087,OK,OK,OK
2026-08-14T22:11:16.205104Z,3500,241.8,5087,OK,OK,OK
2026-08-14T22:11:21.729060Z,3515,241.8,5087,OK,OK,OK
2026-08-14T22:11:27.222372Z,3508,241.5,2233,OK,OK,OK
2026-08-14T22:11:32.740818Z,3499,241.6,2233,OK,OK,OK
2026-08-14T22:11:38.294073Z,3502,241.6,2233,OK,OK,OK
2026-08-14T22:11:43.781653Z,3508,241.6,2233,OK,OK,OK
2026-08-14T22:11:49.278985Z,3493,241.6,2233,OK,OK,OK
2026-08-14T22:11:54.826081Z,3508,241.7,2233,OK,OK,OK
2026-08-14T22:12:00.379586Z,3497,241.7,2233,OK,OK,OK
2026-08-14T22:12:05.882130Z,3496,241.7,2233,OK,OK,OK
2026-08-14T22:12:11.402085Z,3505,241.7,2233,OK,OK,OK
2026-08-14T22:12:16.934098Z,3494,241.6,2233,OK,OK,OK
2026-08-14T22:12:22.449177Z,3488,241.6,2233,OK,OK,OK
2026-08-14T22:12:27.979805Z,3487,241.8,2233,OK,OK,OK
2026-08-14T22:12:33.490265Z,3488,242.0,2233,OK,OK,OK
2026-08-14T22:12:39.007860Z,3458,242.1,2233,OK,OK,OK
2026-08-14T22:12:44.517073Z,3475,242.1,2233,OK,OK,OK
2026-08-14T22:12:50.023475Z,3472,241.8,2233,OK,OK,OK
2026-08-14T22:12:55.510331Z,3475,241.8,2233,OK,OK,OK
2026-08-14T22:13:00.997797Z,3470,241.7,2233,OK,OK,OK
2026-08-14T22:13:06.479296Z,3530,241.9,2233,OK,OK,OK
2026-08-14T22:13:12.012761Z,3839,241.8,2233,OK,OK,OK
2026-08-14T22:13:17.541600Z,3835,241.5,2233,OK,OK,OK
2026-08-14T22:13:23.055668Z,3484,241.7,2233,OK,OK,OK
2026-08-14T22:13:28.572007Z,3489,242.0,2233,OK,OK,OK
2026-08-14T22:13:34.034433Z,3491,242.0,2233,OK,OK,OK
2026-08-14T22:13:39.546898Z,3457,241.9,2233,OK,OK,OK
2026-08-14T22:13:45.045013Z,3580,241.8,2233,OK,OK,OK
2026-08-14T22:13:50.554123Z,3569,241.8,2233,OK,OK,OK
2026-08-14T22:13:56.060491Z,3577,241.8,2233,OK,OK,OK
2026-08-14T22:14:01.580817Z,3579,241.8,2233,OK,OK,OK
2026-08-14T22:14:07.123971Z,3565,241.8,2233,OK,OK,OK
2026-08-14T22:14:12.598084Z,3926,241.4,2233,OK,OK,OK
2026-08-14T22:14:18.079421Z,3812,241.7,2233,OK,OK,OK
2026-08-14T22:14:23.601310Z,3420,242.0,2233,OK,OK,OK
2026-08-14T22:14:29.147857Z,3394,241.9,2233,OK,OK,OK
2026-08-14T22:14:34.624058Z,3394,241.9,2233,OK,OK,OK
2026-08-14T22:14:40.129980Z,3399,241.9,2233,OK,OK,OK
2026-08-14T22:14:45.631070Z,3402,241.9,2233,OK,OK,OK
2026-08-14T22:14:51.099103Z,3400,241.9,2233,OK,OK,OK
2026-08-14T22:14:56.561616Z,3387,242.0,2233,OK,OK,OK
2026-08-14T22:15:02.048522Z,3400,242.3,2233,OK,OK,OK
2026-08-14T22:15:07.531021Z,3398,242.3,2233,OK,OK,OK
2026-08-14T22:15:13.072673Z,3428,242.3,2233,OK,OK,OK
2026-08-14T22:15:18.591319Z,1785,243.0,2233,OK,OK,OK
2026-08-14T22:15:24.110818Z,1778,242.9,2233,OK,OK,OK
2026-08-14T22:15:29.619681Z,1796,242.9,2233,OK,OK,OK
2026-08-14T22:15:35.117128Z,1776,242.8,2233,OK,OK,OK
2026-08-14T22:15:40.630134Z,1813,242.9,2233,OK,OK,OK
2026-08-14T22:15:46.132262Z,1831,242.9,2233,OK,OK,OK
2026-08-14T22:15:51.635797Z,1827,242.8,2233,OK,OK,OK
2026-08-14T22:15:57.144651Z,1820,242.9,2233,OK,OK,OK
2026-08-14T22:16:02.669068Z,1933,243.0,2233,OK,OK,OK
2026-08-14T22:16:08.173455Z,1935,243.0,2233,OK,OK,OK
2026-08-14T22:16:13.704274Z,1939,242.9,2233,OK,OK,OK
2026-08-14T22:16:19.200137Z,1937,242.8,2233,OK,OK,OK
2026-08-14T22:16:24.682275Z,1947,242.9,2233,OK,OK,OK
2026-08-14T22:16:30.188687Z,1938,242.9,2233,OK,OK,OK
2026-08-14T22:16:35.704012Z,1942,242.8,2233,OK,OK,OK
2026-08-14T22:16:41.248155Z,1979,242.8,2233,OK,OK,OK
2026-08-14T22:16:46.761289Z,1995,242.8,2233,OK,OK,OK
2026-08-14T22:16:52.237450Z,1993,242.9,2233,OK,OK,OK
2026-08-14T22:16:57.773915Z,1989,243.0,2233,OK,OK,OK
2026-08-14T22:17:03.303640Z,1998,243.0,2233,OK,OK,OK
2026-08-14T22:17:08.848853Z,2058,243.0,2233,OK,OK,OK
2026-08-14T22:17:14.376644Z,2004,243.4,2233,OK,OK,OK
2026-08-14T22:17:19.867274Z,1996,243.7,2233,OK,OK,OK
2026-08-14T22:17:25.339196Z,1887,243.9,2233,OK,OK,OK
2026-08-14T22:17:30.845901Z,1887,243.9,2233,OK,OK,OK
2026-08-14T22:17:36.351770Z,1881,243.7,2233,OK,OK,OK
2026-08-14T22:17:41.826571Z,1814,243.9,2233,OK,OK,OK
2026-08-14T22:17:47.351832Z,1799,243.9,2233,OK,OK,OK
2026-08-14T22:17:52.838446Z,1795,244.0,2233,OK,OK,OK
2026-08-14T22:17:58.364162Z,1794,244.0,2233,OK,OK,OK
2026-08-14T22:18:03.898750Z,1792,244.0,2233,OK,OK,OK
2026-08-14T22:18:09.410748Z,1781,243.9,2233,OK,OK,OK
2026-08-14T22:18:14.940414Z,1749,244.0,2233,OK,OK,OK
2026-08-14T22:18:20.484329Z,1757,244.1,2233,OK,OK,OK
2026-08-14T22:18:26.026363Z,1738,244.1,2233,OK,OK,OK
2026-08-14T22:18:31.528304Z,1746,243.9,2233,OK,OK,OK
2026-08-14T22:18:37.023713Z,1737,243.8,2233,OK,OK,OK
2026-08-14T22:18:42.523012Z,1738,243.9,2233,OK,OK,OK
2026-08-14T22:18:47.987114Z,1742,244.0,2233,OK,OK,OK
2026-08-14T22:18:53.523398Z,1726,244.0,2233,OK,OK,OK
2026-08-14T22:18:59.022549Z,1719,243.9,2233,OK,OK,OK
2026-08-14T22:19:04.519357Z,1725,243.9,2233,OK,OK,OK
2026-08-14T22:19:09.996423Z,1726,243.8,2233,OK,OK,OK
2026-08-14T22:19:15.561017Z,1769,242.5,2233,OK,OK,OK
2026-08-14T22:19:21.064637Z,1756,243.2,2233,OK,OK,OK
2026-08-14T22:19:26.566150Z,1761,243.2,2233,OK,OK,OK
2026-08-14T22:19:32.086274Z,1768,243.2,2233,OK,OK,OK
2026-08-14T22:19:37.618501Z,1774,242.9,2233,OK,OK,OK
2026-08-14T22:19:43.116458Z,1803,242.6,2233,OK,OK,OK
2026-08-14T22:19:48.630215Z,1817,242.3,2233,OK,OK,OK
2026-08-14T22:19:54.147736Z,1811,242.4,2233,OK,OK,OK
2026-08-14T22:19:59.638158Z,1817,242.3,2233,OK,OK,OK
2026-08-14T22:20:05.118200Z,1810,242.3,2233,OK,OK,OK
2026-08-14T22:20:10.601672Z,1858,242.1,2233,OK,OK,OK
2026-08-14T22:20:16.125319Z,1809,242.1,2233,OK,OK,OK
2026-08-14T22:20:21.591583Z,1784,242.1,2233,OK,OK,OK
2026-08-14T22:20:27.107051Z,1806,242.3,2233,OK,OK,OK
2026-08-14T22:20:32.576513Z,1800,242.1,2233,OK,OK,OK
2026-08-14T22:20:38.033068Z,1803,241.9,2233,OK,OK,OK
2026-08-14T22:20:43.514172Z,1801,241.9,2233,OK,OK,OK
2026-08-14T22:20:48.992366Z,1788,242.1,2233,OK,OK,OK
2026-08-14T22:20:54.492879Z,1811,242.1,2233,OK,OK,OK
2026-08-14T22:20:59.987832Z,1804,242.0,2233,OK,OK,OK
2026-08-14T22:21:05.476498Z,1807,242.1,2233,OK,OK,OK
2026-08-14T22:21:10.954739Z,1786,242.0,2233,OK,OK,OK
2026-08-14T22:21:16.464123Z,1781,242.1,2233,OK,OK,OK
2026-08-14T22:21:21.978932Z,1801,242.0,2233,OK,OK,OK
2026-08-14T22:21:27.488840Z,1819,242.0,2233,OK,OK,OK
2026-08-14T22:21:33.024983Z,1798,242.0,2233,OK,OK,OK
2026-08-14T22:21:38.537197Z,3320,241.3,2233,OK,OK,OK
2026-08-14T22:21:44.037807Z,3385,241.3,2233,OK,OK,OK
2026-08-14T22:21:49.558522Z,3437,241.3,2233,OK,OK,OK
2026-08-14T22:21:55.065162Z,3449,241.6,2233,OK,OK,OK
2026-08-14T22:22:00.590949Z,3461,241.7,2233,OK,OK,OK
2026-08-14T22:22:06.094953Z,3485,241.5,2233,OK,OK,OK
2026-08-14T22:22:11.594004Z,3499,241.3,2233,OK,OK,OK
2026-08-14T22:22:17.122643Z,3510,241.3,2233,OK,OK,OK
2026-08-14T22:22:22.634051Z,3502,241.4,2233,OK,OK,OK
2026-08-14T22:22:28.125054Z,3489,241.6,2233,OK,OK,OK
2026-08-14T22:22:33.616633Z,3509,241.4,2233,OK,OK,OK
2026-08-14T22:22:39.139798Z,3563,241.3,2233,OK,OK,OK
2026-08-14T22:22:44.684575Z,3460,241.4,2233,OK,OK,OK
2026-08-14T22:22:50.166111Z,3461,241.3,2233,OK,OK,OK
2026-08-14T22:22:55.667509Z,3454,241.3,2233,OK,OK,OK
2026-08-14T22:23:01.229168Z,3463,241.3,2233,OK,OK,OK
2026-08-14T22:23:06.729082Z,3453,241.4,2233,OK,OK,OK
2026-08-14T22:23:12.241945Z,3448,241.3,2233,OK,OK,OK
2026-08-14T22:23:17.731396Z,3448,241.2,2233,OK,OK,OK
2026-08-14T22:23:23.196203Z,3443,241.2,2233,OK,OK,OK
2026-08-14T22:23:28.700000Z,3445,241.2,2233,OK,OK,OK
2026-08-14T22:23:34.209025Z,3429,241.2,2233,OK,OK,OK
2026-08-14T22:23:39.705266Z,3443,241.1,2233,OK,OK,OK
2026-08-14T22:23:45.188311Z,3432,241.3,2233,OK,OK,OK
2026-08-14T22:23:50.726538Z,3433,241.1,2233,OK,OK,OK
2026-08-14T22:23:56.217942Z,3430,241.1,2233,OK,OK,OK
2026-08-14T22:24:01.688078Z,3429,241.2,2233,OK,OK,OK
2026-08-14T22:24:07.224058Z,3421,241.3,2233,OK,OK,OK
2026-08-14T22:24:12.684545Z,3470,241.4,2233,OK,OK,OK
2026-08-14T22:24:18.179363Z,3462,241.4,2233,OK,OK,OK
2026-08-14T22:24:23.698655Z,3467,241.5,2233,OK,OK,OK
2026-08-14T22:24:29.159004Z,3461,241.3,2233,OK,OK,OK
2026-08-14T22:24:34.663233Z,3451,241.3,2233,OK,OK,OK
2026-08-14T22:24:40.184376Z,3467,241.3,2233,OK,OK,OK
2026-08-14T22:24:45.639395Z,3465,241.4,2233,OK,OK,OK
2026-08-14T22:24:51.145552Z,3486,241.4,2233,OK,OK,OK
2026-08-14T22:24:56.617816Z,3510,241.4,2233,OK,OK,OK
2026-08-14T22:25:02.104034Z,3495,241.4,2233,OK,OK,OK
2026-08-14T22:25:07.582398Z,3509,241.3,2233,OK,OK,OK
2026-08-14T22:25:13.077411Z,3548,241.4,2233,OK,OK,OK
2026-08-14T22:25:18.562831Z,3560,241.4,2233,OK,OK,OK
2026-08-14T22:25:24.064087Z,3548,241.4,2233,OK,OK,OK
2026-08-14T22:25:29.558766Z,3554,241.4,2233,OK,OK,OK
2026-08-14T22:25:35.058536Z,3526,241.4,2233,OK,OK,OK
2026-08-14T22:25:40.540771Z,3555,241.5,2233,OK,OK,OK
2026-08-14T22:25:46.021851Z,3528,241.5,2233,OK,OK,OK
2026-08-14T22:25:51.511039Z,3547,241.5,2233,OK,OK,OK
2026-08-14T22:25:57.046261Z,3540,241.4,2233,OK,OK,OK
2026-08-14T22:26:02.529389Z,3551,241.5,2233,OK,OK,OK
2026-08-14T22:26:08.043604Z,3567,241.4,2233,OK,OK,OK
2026-08-14T22:26:13.530115Z,3525,241.4,2233,OK,OK,OK
2026-08-14T22:26:19.065276Z,3524,241.6,2233,OK,OK,OK
2026-08-14T22:26:24.591612Z,3509,241.6,2233,OK,OK,OK
2026-08-14T22:26:30.107025Z,3500,241.5,2233,OK,OK,OK
2026-08-14T22:26:35.586867Z,3489,241.6,2233,OK,OK,OK
2026-08-14T22:26:41.121194Z,3463,241.6,2233,OK,OK,OK
2026-08-14T22:26:46.655391Z,3440,241.6,1835,OK,OK,OK
2026-08-14T22:26:52.153063Z,3426,241.5,1835,OK,OK,OK
2026-08-14T22:26:57.664388Z,3815,241.4,1835,OK,OK,OK
2026-08-14T22:27:03.177789Z,3811,241.5,1835,OK,OK,OK
2026-08-14T22:27:08.670597Z,3468,241.6,1835,OK,OK,OK
2026-08-14T22:27:14.142420Z,3892,241.3,1835,OK,OK,OK
2026-08-14T22:27:19.648832Z,3855,241.3,1835,OK,OK,OK
2026-08-14T22:27:25.098087Z,3476,241.5,1835,OK,OK,OK
2026-08-14T22:27:30.621941Z,3475,241.6,1835,OK,OK,OK
2026-08-14T22:27:36.110253Z,3473,241.6,1835,OK,OK,OK
2026-08-14T22:27:41.634743Z,3485,241.6,1835,OK,OK,OK
2026-08-14T22:27:47.138993Z,3474,241.6,1835,OK,OK,OK
2026-08-14T22:27:52.660325Z,3468,242.3,1835,OK,OK,OK
2026-08-14T22:27:58.135747Z,3471,242.3,1835,OK,OK,OK
2026-08-14T22:28:03.668955Z,3442,242.4,1835,OK,OK,OK
2026-08-14T22:28:09.195915Z,3441,242.3,1835,OK,OK,OK
2026-08-14T22:28:14.690047Z,3483,242.4,1835,OK,OK,OK
2026-08-14T22:28:20.222299Z,3477,242.4,1835,OK,OK,OK
2026-08-14T22:28:25.708437Z,3502,242.6,1835,OK,OK,OK
2026-08-14T22:28:31.231259Z,3481,242.4,1835,OK,OK,OK
2026-08-14T22:28:36.717878Z,3480,242.6,1835,OK,OK,OK
2026-08-14T22:28:42.211364Z,3460,242.6,1835,OK,OK,OK
2026-08-14T22:28:47.741550Z,3456,242.5,1835,OK,OK,OK
2026-08-14T22:28:53.281530Z,3450,242.4,1835,OK,OK,OK
2026-08-14T22:28:58.785252Z,3444,242.6,1835,OK,OK,OK
2026-08-14T22:29:04.290355Z,3442,242.5,1835,OK,OK,OK
2026-08-14T22:29:09.803433Z,3458,242.7,1835,OK,OK,OK
2026-08-14T22:29:15.340022Z,3429,243.1,1835,OK,OK,OK
2026-08-14T22:29:20.839888Z,3451,242.9,1835,OK,OK,OK
2026-08-14T22:29:26.344240Z,3455,243.4,1835,OK,OK,OK
2026-08-14T22:29:31.890504Z,3448,243.7,1835,OK,OK,OK
2026-08-14T22:29:37.388340Z,3651,243.7,1835,OK,OK,OK
2026-08-14T22:29:42.891639Z,3488,243.9,1835,OK,OK,OK
2026-08-14T22:29:48.422686Z,3472,243.8,1835,OK,OK,OK
2026-08-14T22:29:53.941740Z,3479,243.8,1835,OK,OK,OK
2026-08-14T22:29:59.428163Z,3454,243.7,1835,OK,OK,OK
2026-08-14T22:30:04.924954Z,3456,243.5,1835,OK,OK,OK
2026-08-14T22:30:10.446097Z,3489,243.3,1835,OK,OK,OK
2026-08-14T22:30:15.996592Z,3484,243.3,1835,OK,OK,OK
2026-08-14T22:30:21.509705Z,3488,243.3,1835,OK,OK,OK
2026-08-14T22:30:27.013925Z,3487,243.3,1835,OK,OK,OK
2026-08-14T22:30:32.518586Z,3481,243.5,1835,OK,OK,OK
2026-08-14T22:30:38.065490Z,3482,243.6,1835,OK,OK,OK
2026-08-14T22:30:43.591583Z,3485,243.9,1835,OK,OK,OK
2026-08-14T22:30:49.111136Z,3499,243.8,1835,OK,OK,OK
2026-08-14T22:30:54.660599Z,3612,243.5,1835,OK,OK,OK
2026-08-14T22:31:00.163676Z,3610,243.6,1835,OK,OK,OK
2026-08-14T22:31:05.681028Z,3613,243.7,1835,OK,OK,OK
2026-08-14T22:31:11.213150Z,3485,243.9,1835,OK,OK,OK
2026-08-14T22:31:16.766728Z,3478,243.8,1835,OK,OK,OK
2026-08-14T22:31:22.250901Z,3480,243.8,1835,OK,OK,OK
2026-08-14T22:31:27.773513Z,3469,243.9,1835,OK,OK,OK
2026-08-14T22:31:33.303082Z,3477,243.9,1835,OK,OK,OK
2026-08-14T22:31:38.822856Z,3475,243.8,1835,OK,OK,OK
2026-08-14T22:31:44.308818Z,3480,243.8,1835,OK,OK,OK
2026-08-14T22:31:49.841943Z,3483,243.8,1835,OK,OK,OK
2026-08-14T22:31:55.343740Z,3473,243.9,1835,OK,OK,OK
2026-08-14T22:32:00.829480Z,3483,243.8,1835,OK,OK,OK
2026-08-14T22:32:06.330187Z,3468,243.8,1835,OK,OK,OK
2026-08-14T22:32:11.830496Z,3495,243.4,1835,OK,OK,OK
2026-08-14T22:32:17.327837Z,3495,243.2,1835,OK,OK,OK
2026-08-14T22:32:22.832095Z,3483,243.0,1835,OK,OK,OK
2026-08-14T22:32:28.289126Z,3492,243.0,1835,OK,OK,OK
2026-08-14T22:32:33.775805Z,3490,243.0,1835,OK,OK,OK
2026-08-14T22:32:39.272039Z,3404,243.1,1835,OK,OK,OK
2026-08-14T22:32:44.805709Z,3383,243.1,1835,OK,OK,OK
2026-08-14T22:32:50.340032Z,3397,243.1,1835,OK,OK,OK
2026-08-14T22:32:55.873013Z,3376,243.2,1835,OK,OK,OK
2026-08-14T22:33:01.377246Z,3386,243.1,1835,OK,OK,OK
2026-08-14T22:33:06.863067Z,3268,243.2,1835,OK,OK,OK
2026-08-14T22:33:12.383892Z,3268,243.5,1835,OK,OK,OK
2026-08-14T22:33:17.928325Z,3257,243.4,1835,OK,OK,OK
2026-08-14T22:33:23.415930Z,3257,243.2,1835,OK,OK,OK
2026-08-14T22:33:28.951900Z,3266,243.2,1835,OK,OK,OK
2026-08-14T22:33:34.466873Z,3267,243.3,1835,OK,OK,OK
2026-08-14T22:33:39.998890Z,3258,243.3,1835,OK,OK,OK
2026-08-14T22:33:45.487159Z,3253,243.2,1835,OK,OK,OK
2026-08-14T22:33:51.024870Z,3252,243.1,1835,OK,OK,OK
2026-08-14T22:33:56.528510Z,3263,243.2,1835,OK,OK,OK
2026-08-14T22:34:02.132500Z,3236,243.5,1835,OK,OK,OK
2026-08-14T22:34:07.623981Z,3274,243.6,1835,OK,OK,OK
2026-08-14T22:34:13.132457Z,3256,243.7,1835,OK,OK,OK
2026-08-14T22:34:18.647625Z,3263,243.9,1835,OK,OK,OK
2026-08-14T22:34:24.169121Z,3283,243.8,1835,OK,OK,OK
2026-08-14T22:34:29.685998Z,3263,243.8,1835,OK,OK,OK
2026-08-14T22:34:35.192471Z,3250,243.9,1835,OK,OK,OK
2026-08-14T22:34:40.746063Z,3262,243.8,1835,OK,OK,OK
2026-08-14T22:34:46.233686Z,3275,243.8,1835,OK,OK,OK
2026-08-14T22:34:51.786934Z,3257,243.9,1835,OK,OK,OK
2026-08-14T22:34:57.263873Z,3276,243.9,1835,OK,OK,OK
2026-08-14T22:35:02.749402Z,3271,243.8,1835,OK,OK,OK
2026-08-14T22:35:08.247561Z,3276,243.9,1835,OK,OK,OK
2026-08-14T22:35:13.757155Z,3344,243.9,1835,OK,OK,OK
2026-08-14T22:35:19.265958Z,3274,243.9,1835,OK,OK,OK
2026-08-14T22:35:24.755783Z,3265,243.9,1835,OK,OK,OK
2026-08-14T22:35:30.248417Z,3267,243.8,1835,OK,OK,OK
2026-08-14T22:35:35.704324Z,3274,243.9,1835,OK,OK,OK
2026-08-14T22:35:41.214388Z,3280,243.9,1835,OK,OK,OK
2026-08-14T22:35:46.684603Z,3271,244.0,1835,OK,OK,OK
2026-08-14T22:35:52.156080Z,3257,244.0,1835,OK,OK,OK
2026-08-14T22:35:57.664509Z,3259,243.9,1835,OK,OK,OK
2026-08-14T22:36:03.178725Z,3269,243.8,1835,OK,OK,OK
2026-08-14T22:36:08.692939Z,3260,243.9,1835,OK,OK,OK
2026-08-14T22:36:14.207599Z,3210,244.0,1835,OK,OK,OK
2026-08-14T22:36:19.721250Z,3214,244.0,1835,OK,OK,OK
2026-08-14T22:36:25.202596Z,3228,244.0,1835,OK,OK,OK
2026-08-14T22:36:30.701135Z,3203,243.9,1835,OK,OK,OK
2026-08-14T22:36:36.172171Z,3189,244.0,1835,OK,OK,OK
2026-08-14T22:36:41.676386Z,3182,244.0,1835,OK,OK,OK
2026-08-14T22:36:47.190537Z,3204,243.9,1835,OK,OK,OK
2026-08-14T22:36:52.706235Z,3198,243.8,1835,OK,OK,OK
2026-08-14T22:36:58.236027Z,3201,243.7,1835,OK,OK,OK
2026-08-14T22:37:03.741233Z,3186,243.8,1835,OK,OK,OK
2026-08-14T22:37:09.242170Z,3187,243.7,1835,OK,OK,OK
2026-08-14T22:37:14.690995Z,3211,243.8,1835,OK,OK,OK
2026-08-14T22:37:20.193598Z,3187,243.8,1835,OK,OK,OK
2026-08-14T22:37:25.733328Z,3202,243.8,1835,OK,OK,OK
2026-08-14T22:37:31.232116Z,3220,243.7,1835,OK,OK,OK
2026-08-14T22:37:36.756075Z,3198,243.6,1835,OK,OK,OK
2026-08-14T22:37:42.287830Z,3217,243.4,1835,OK,OK,OK
2026-08-14T22:37:47.809827Z,3231,243.4,1835,OK,OK,OK
2026-08-14T22:37:53.312174Z,3225,243.4,1835,OK,OK,OK
2026-08-14T22:37:58.846499Z,3252,243.6,1835,OK,OK,OK
2026-08-14T22:38:04.349996Z,3228,243.6,1835,OK,OK,OK
2026-08-14T22:38:09.856848Z,3233,243.6,1835,OK,OK,OK
2026-08-14T22:38:15.370245Z,3244,243.6,1835,OK,OK,OK
2026-08-14T22:38:20.895277Z,3252,243.6,1835,OK,OK,OK
2026-08-14T22:38:26.411627Z,3233,243.6,1835,OK,OK,OK
2026-08-14T22:38:31.888041Z,3278,243.6,1835,OK,OK,OK
2026-08-14T22:38:37.426339Z,3232,243.7,1835,OK,OK,OK
2026-08-14T22:38:42.903199Z,3251,243.8,1835,OK,OK,OK
2026-08-14T22:38:48.410674Z,3265,243.8,1835,OK,OK,OK
2026-08-14T22:38:53.939934Z,3266,243.2,1835,OK,OK,OK
2026-08-14T22:38:59.465897Z,3256,242.9,1835,OK,OK,OK
2026-08-14T22:39:05.001249Z,3225,242.9,1835,OK,OK,OK
2026-08-14T22:39:10.524896Z,3262,242.5,1835,OK,OK,OK
2026-08-14T22:39:16.000849Z,3248,242.5,1835,OK,OK,OK
2026-08-14T22:39:21.526954Z,3246,242.5,1835,OK,OK,OK
2026-08-14T22:39:27.058709Z,3254,242.5,1835,OK,OK,OK
2026-08-14T22:39:32.546167Z,3231,242.5,1835,OK,OK,OK
2026-08-14T22:39:38.069340Z,3245,242.5,1835,OK,OK,OK
2026-08-14T22:39:43.594107Z,3244,242.5,1835,OK,OK,OK
2026-08-14T22:39:49.094196Z,3226,242.5,1835,OK,OK,OK
2026-08-14T22:39:54.583069Z,3249,242.6,1835,OK,OK,OK
2026-08-14T22:40:00.121631Z,3237,242.7,1835,OK,OK,OK
2026-08-14T22:40:05.617069Z,3252,242.9,1835,OK,OK,OK
2026-08-14T22:40:11.127247Z,3246,243.0,1835,OK,OK,OK
2026-08-14T22:40:16.630743Z,3261,242.9,1835,OK,OK,OK
2026-08-14T22:40:22.137665Z,3261,242.9,1835,OK,OK,OK
2026-08-14T22:40:27.661814Z,3274,242.9,1835,OK,OK,OK
2026-08-14T22:40:33.152656Z,3323,242.8,1835,OK,OK,OK
2026-08-14T22:40:38.623359Z,3265,242.8,1835,OK,OK,OK
2026-08-14T22:40:44.160320Z,3212,242.8,1835,OK,OK,OK
2026-08-14T22:40:49.661837Z,3206,242.8,1835,OK,OK,OK
2026-08-14T22:40:55.187181Z,3176,242.8,1835,OK,OK,OK
2026-08-14T22:41:00.672269Z,3179,242.9,1835,OK,OK,OK
2026-08-14T22:41:06.230259Z,3169,242.9,1835,OK,OK,OK
2026-08-14T22:41:11.741215Z,3184,243.6,1835,OK,OK,OK
2026-08-14T22:41:17.243520Z,3180,243.8,1835,OK,OK,OK
2026-08-14T22:41:22.774245Z,3180,243.8,1835,OK,OK,OK
2026-08-14T22:41:28.306821Z,3186,243.8,1835,OK,OK,OK
2026-08-14T22:41:33.810727Z,3199,243.7,1835,OK,OK,OK
2026-08-14T22:41:39.304970Z,3182,243.7,1835,OK,OK,OK
2026-08-14T22:41:44.818298Z,3174,243.7,1835,OK,OK,OK
2026-08-14T22:41:50.319269Z,3186,243.7,1835,OK,OK,OK
2026-08-14T22:41:55.829333Z,3191,243.6,1835,OK,OK,OK
2026-08-14T22:42:01.321418Z,3174,243.6,2919,OK,OK,OK
2026-08-14T22:42:06.787727Z,3180,243.5,2919,OK,OK,OK
2026-08-14T22:42:12.269577Z,3178,243.5,2919,OK,OK,OK
2026-08-14T22:42:17.732714Z,3206,243.5,2919,OK,OK,OK
2026-08-14T22:42:23.242922Z,3208,243.5,2919,OK,OK,OK
2026-08-14T22:42:28.697228Z,3224,243.5,2919,OK,OK,OK
2026-08-14T22:42:34.196124Z,3214,243.5,2919,OK,OK,OK
2026-08-14T22:42:39.661167Z,3340,243.5,2919,OK,OK,OK
2026-08-14T22:42:45.179270Z,3328,243.8,2919,OK,OK,OK
2026-08-14T22:42:50.663001Z,3332,243.7,2919,OK,OK,OK
2026-08-14T22:42:56.141273Z,3326,243.7,2919,OK,OK,OK
2026-08-14T22:43:01.626509Z,3319,243.6,2919,OK,OK,OK
2026-08-14T22:43:07.147542Z,3331,243.6,2919,OK,OK,OK
2026-08-14T22:43:12.652610Z,3318,243.5,2919,OK,OK,OK
2026-08-14T22:43:18.118412Z,1700,244.3,2919,OK,OK,OK
2026-08-14T22:43:23.623510Z,1674,244.3,2919,OK,OK,OK
2026-08-14T22:43:29.149672Z,1665,244.3,2919,OK,OK,OK
2026-08-14T22:43:34.648744Z,1680,244.3,2919,OK,OK,OK
2026-08-14T22:43:40.151442Z,1675,244.3,2919,OK,OK,OK
2026-08-14T22:43:45.668773Z,1663,244.3,2919,OK,OK,OK
2026-08-14T22:43:51.167340Z,1666,244.3,2919,OK,OK,OK
2026-08-14T22:43:56.709118Z,1547,244.4,2919,OK,OK,OK
2026-08-14T22:44:02.209847Z,1548,244.4,2919,OK,OK,OK
2026-08-14T22:44:07.732150Z,1576,244.4,2919,OK,OK,OK
2026-08-14T22:44:13.249839Z,1541,244.4,2919,OK,OK,OK
2026-08-14T22:44:18.742891Z,1561,244.4,2919,OK,OK,OK
2026-08-14T22:44:24.225770Z,1550,244.4,2919,OK,OK,OK
2026-08-14T22:44:29.746415Z,1544,244.2,2919,OK,OK,OK
2026-08-14T22:44:35.250438Z,1552,244.3,2919,OK,OK,OK
2026-08-14T22:44:40.748796Z,1546,244.4,2919,OK,OK,OK
2026-08-14T22:44:46.247663Z,1515,244.5,2919,OK,OK,OK
2026-08-14T22:44:51.743890Z,1503,244.3,2919,OK,OK,OK
2026-08-14T22:44:57.244770Z,1506,244.4,2919,OK,OK,OK
2026-08-14T22:45:02.742237Z,1498,244.4,2919,OK,OK,OK
2026-08-14T22:45:08.197432Z,1508,244.4,2919,OK,OK,OK
2026-08-14T22:45:13.730304Z,1514,244.4,2919,OK,OK,OK
2026-08-14T22:45:19.204318Z,1490,244.1,2919,OK,OK,OK
2026-08-14T22:45:24.688786Z,1492,244.1,2919,OK,OK,OK
2026-08-14T22:45:30.168880Z,1570,244.1,2919,OK,OK,OK
2026-08-14T22:45:35.693074Z,1495,244.1,2919,OK,OK,OK
2026-08-14T22:45:41.165927Z,1500,244.1,2919,OK,OK,OK
2026-08-14T22:45:46.661983Z,1500,244.0,2919,OK,OK,OK
2026-08-14T22:45:52.161433Z,1499,244.0,2919,OK,OK,OK
2026-08-14T22:45:57.678615Z,1485,244.0,2919,OK,OK,OK
2026-08-14T22:46:03.159508Z,1482,244.0,2919,OK,OK,OK
2026-08-14T22:46:08.643787Z,1484,244.0,2919,OK,OK,OK
2026-08-14T22:46:14.150632Z,1478,244.0,2919,OK,OK,OK
2026-08-14T22:46:19.656636Z,1492,244.0,2919,OK,OK,OK
2026-08-14T22:46:25.151955Z,1496,244.0,2919,OK,OK,OK
2026-08-14T22:46:30.649849Z,1486,244.0,2919,OK,OK,OK
2026-08-14T22:46:36.186905Z,1495,244.1,2919,OK,OK,OK
2026-08-14T22:46:41.714649Z,1487,244.0,2919,OK,OK,OK
2026-08-14T22:46:47.811067Z,1528,244.0,2919,OK,OK,OK
2026-08-14T22:46:53.308939Z,1447,244.7,2919,OK,OK,OK
2026-08-14T22:46:58.824074Z,1513,244.6,2919,OK,OK,OK
2026-08-14T22:47:04.332061Z,1438,244.7,2919,OK,OK,OK
2026-08-14T22:47:09.867836Z,1462,244.7,2919,OK,OK,OK
2026-08-14T22:47:15.389200Z,1459,244.8,2919,OK,OK,OK
2026-08-14T22:47:20.895067Z,1453,244.7,2919,OK,OK,OK
2026-08-14T22:47:26.438182Z,1461,244.7,2919,OK,OK,OK
2026-08-14T22:47:31.933955Z,1452,244.8,2919,OK,OK,OK
2026-08-14T22:47:37.428799Z,1454,244.7,2919,OK,OK,OK
2026-08-14T22:47:42.967050Z,1457,244.6,2919,OK,OK,OK
2026-08-14T22:47:48.495809Z,1454,244.6,2919,OK,OK,OK
2026-08-14T22:47:53.996379Z,1456,244.7,2919,OK,OK,OK
2026-08-14T22:47:59.485763Z,1554,244.8,2919,OK,OK,OK
2026-08-14T22:48:05.038139Z,1570,244.8,2919,OK,OK,OK
2026-08-14T22:48:10.516399Z,1570,244.8,2919,OK,OK,OK
2026-08-14T22:48:16.034035Z,1578,244.8,2919,OK,OK,OK
2026-08-14T22:48:21.562696Z,1576,244.6,2919,OK,OK,OK
2026-08-14T22:48:27.093543Z,1575,244.9,2919,OK,OK,OK
2026-08-14T22:48:32.583916Z,1574,245.1,2919,OK,OK,OK
2026-08-14T22:48:38.086480Z,1576,245.1,2919,OK,OK,OK
2026-08-14T22:48:43.568588Z,1573,245.1,2919,OK,OK,OK
2026-08-14T22:48:49.091891Z,1532,245.0,2919,OK,OK,OK
2026-08-14T22:48:54.616908Z,1525,245.0,2919,OK,OK,OK
2026-08-14T22:49:00.134457Z,1524,245.0,2919,OK,OK,OK
2026-08-14T22:49:05.643330Z,1519,245.0,2919,OK,OK,OK
2026-08-14T22:49:11.163229Z,1504,245.0,2919,OK,OK,OK
2026-08-14T22:49:16.706861Z,1511,245.0,2919,OK,OK,OK
2026-08-14T22:49:22.205656Z,1514,245.0,2919,OK,OK,OK
2026-08-14T22:49:27.722086Z,1499,245.0,2919,OK,OK,OK
2026-08-14T22:49:33.212087Z,1499,245.0,2919,OK,OK,OK
2026-08-14T22:49:38.745504Z,1513,245.0,2919,OK,OK,OK
2026-08-14T22:49:44.266072Z,1506,245.0,2919,OK,OK,OK
2026-08-14T22:49:49.793618Z,1503,244.5,2919,OK,OK,OK
2026-08-14T22:49:55.307798Z,1495,244.7,2919,OK,OK,OK
2026-08-14T22:50:00.803611Z,3075,244.1,2919,OK,OK,OK
2026-08-14T22:50:06.323526Z,3105,244.0,2919,OK,OK,OK
2026-08-14T22:50:11.864957Z,3148,244.0,2919,OK,OK,OK
2026-08-14T22:50:17.380455Z,3126,244.0,2919,OK,OK,OK
2026-08-14T22:50:22.937592Z,3154,244.0,2919,OK,OK,OK
2026-08-14T22:50:28.433606Z,3153,243.8,2919,OK,OK,OK
2026-08-14T22:50:33.946964Z,3155,243.8,2919,OK,OK,OK
2026-08-14T22:50:39.469274Z,3163,243.8,2919,OK,OK,OK
2026-08-14T22:50:44.940459Z,3176,243.8,2919,OK,OK,OK
2026-08-14T22:50:50.449914Z,3207,243.8,2919,OK,OK,OK
2026-08-14T22:50:55.938279Z,3207,244.0,2919,OK,OK,OK
2026-08-14T22:51:01.421432Z,3210,243.9,2919,OK,OK,OK
2026-08-14T22:51:06.956343Z,3212,243.9,2919,OK,OK,OK
2026-08-14T22:51:12.468363Z,3218,243.9,2919,OK,OK,OK
2026-08-14T22:51:17.970584Z,3224,243.9,2919,OK,OK,OK
2026-08-14T22:51:23.490419Z,3236,243.9,2919,OK,OK,OK
2026-08-14T22:51:29.013604Z,3236,243.9,2919,OK,OK,OK
2026-08-14T22:51:34.489794Z,3234,243.8,2919,OK,OK,OK
2026-08-14T22:51:40.011646Z,3225,243.8,2919,OK,OK,OK
2026-08-14T22:51:45.513793Z,3235,243.9,2919,OK,OK,OK
2026-08-14T22:51:51.029291Z,3230,244.0,2919,OK,OK,OK
2026-08-14T22:51:56.474765Z,3231,244.0,2919,OK,OK,OK
2026-08-14T22:52:02.005030Z,3221,244.0,2919,OK,OK,OK
2026-08-14T22:52:07.478003Z,3234,244.1,2919,OK,OK,OK
2026-08-14T22:52:12.990274Z,3239,244.2,2919,OK,OK,OK
2026-08-14T22:52:18.460096Z,3238,244.2,2919,OK,OK,OK
2026-08-14T22:52:23.959699Z,3238,244.2,2919,OK,OK,OK
2026-08-14T22:52:29.438997Z,3255,244.2,2919,OK,OK,OK
2026-08-14T22:52:34.965215Z,3233,244.1,2919,OK,OK,OK
2026-08-14T22:52:40.451960Z,3236,244.1,2919,OK,OK,OK
2026-08-14T22:52:45.987222Z,3217,244.1,2919,OK,OK,OK
2026-08-14T22:52:51.481634Z,3211,244.0,2919,OK,OK,OK
2026-08-14T22:52:57.002054Z,3201,244.0,2919,OK,OK,OK
2026-08-14T22:53:02.493566Z,3192,244.1,2919,OK,OK,OK
2026-08-14T22:53:08.031624Z,3211,244.1,2919,OK,OK,OK
2026-08-14T22:53:13.553637Z,3207,244.1,2919,OK,OK,OK
2026-08-14T22:53:19.066370Z,3194,244.0,2919,OK,OK,OK
2026-08-14T22:53:24.551877Z,3198,244.1,2919,OK,OK,OK
2026-08-14T22:53:30.065944Z,3191,244.1,2919,OK,OK,OK
2026-08-14T22:53:35.594792Z,3173,244.2,2919,OK,OK,OK
2026-08-14T22:53:41.076723Z,3185,244.1,2919,OK,OK,OK
2026-08-14T22:53:46.574203Z,3178,244.3,2919,OK,OK,OK
2026-08-14T22:53:52.109931Z,3174,244.3,2919,OK,OK,OK
2026-08-14T22:53:57.587319Z,3176,244.2,2919,OK,OK,OK
2026-08-14T22:54:03.108431Z,3174,244.1,2919,OK,OK,OK
2026-08-14T22:54:08.584251Z,3180,244.3,2919,OK,OK,OK
2026-08-14T22:54:14.122267Z,3185,244.3,2919,OK,OK,OK
2026-08-14T22:54:19.650395Z,3219,244.4,2919,OK,OK,OK
2026-08-14T22:54:25.168953Z,3220,244.4,2919,OK,OK,OK
2026-08-14T22:54:30.709938Z,3236,244.3,2919,OK,OK,OK
2026-08-14T22:54:36.232085Z,3247,244.3,2919,OK,OK,OK
2026-08-14T22:54:41.773261Z,3234,244.3,2919,OK,OK,OK
2026-08-14T22:54:47.280137Z,3248,244.1,2919,OK,OK,OK
2026-08-14T22:54:52.807042Z,3245,244.2,2919,OK,OK,OK
2026-08-14T22:54:58.310372Z,3252,244.2,2919,OK,OK,OK
2026-08-14T22:55:03.832721Z,3248,244.3,2919,OK,OK,OK
2026-08-14T22:55:09.338973Z,3251,244.0,2919,OK,OK,OK
2026-08-14T22:55:14.817774Z,3239,244.0,2919,OK,OK,OK
2026-08-14T22:55:20.339325Z,3236,244.0,2919,OK,OK,OK
2026-08-14T22:55:25.799579Z,3448,243.7,2919,OK,OK,OK
2026-08-14T22:55:31.310702Z,3446,243.9,2919,OK,OK,OK
2026-08-14T22:55:36.854709Z,3437,244.0,2919,OK,OK,OK
2026-08-14T22:55:42.356985Z,3432,243.9,2919,OK,OK,OK
2026-08-14T22:55:47.849519Z,3439,243.9,2919,OK,OK,OK
2026-08-14T22:55:53.357322Z,3436,243.9,2919,OK,OK,OK
2026-08-14T22:55:58.855608Z,3436,243.9,2919,OK,OK,OK
2026-08-14T22:56:04.312286Z,3439,244.0,2919,OK,OK,OK
2026-08-14T22:56:09.837370Z,3449,243.8,2919,OK,OK,OK
2026-08-14T22:56:15.300184Z,3434,243.8,2919,OK,OK,OK
2026-08-14T22:56:20.818917Z,3432,243.7,2919,OK,OK,OK
2026-08-14T22:56:26.279859Z,3423,243.6,2919,OK,OK,OK
2026-08-14T22:56:31.787282Z,3425,243.7,2919,OK,OK,OK
2026-08-14T22:56:37.275843Z,3435,243.8,2919,OK,OK,OK
2026-08-14T22:56:42.801687Z,3431,243.7,2919,OK,OK,OK
2026-08-14T22:56:48.321517Z,3442,243.7,2919,OK,OK,OK
2026-08-14T22:56:53.828438Z,3442,243.5,2919,OK,OK,OK
2026-08-14T22:56:59.317151Z,3446,243.5,2919,OK,OK,OK
2026-08-14T22:57:04.811756Z,3435,243.5,2919,OK,OK,OK
2026-08-14T22:57:10.330240Z,3430,243.5,2919,OK,OK,OK
2026-08-14T22:57:15.848772Z,3434,243.4,2919,OK,OK,OK
2026-08-14T22:57:21.373634Z,3407,243.5,2159,OK,OK,OK
2026-08-14T22:57:26.843216Z,3407,243.5,2159,OK,OK,OK
2026-08-14T22:57:32.383150Z,3401,243.5,2159,OK,OK,OK
2026-08-14T22:57:37.854181Z,3426,243.7,2159,OK,OK,OK
2026-08-14T22:57:43.319910Z,3409,243.5,2159,OK,OK,OK
2026-08-14T22:57:48.839429Z,3407,243.9,2159,OK,OK,OK
2026-08-14T22:57:54.331525Z,3400,243.9,2159,OK,OK,OK
2026-08-14T22:57:59.869730Z,3396,243.7,2159,OK,OK,OK
2026-08-14T22:58:05.399063Z,3535,243.7,2159,OK,OK,OK
2026-08-14T22:58:10.916877Z,3405,243.6,2159,OK,OK,OK
2026-08-14T22:58:16.442502Z,3393,243.7,2159,OK,OK,OK
2026-08-14T22:58:21.976316Z,3394,243.7,2159,OK,OK,OK
2026-08-14T22:58:27.484346Z,3389,243.9,2159,OK,OK,OK
2026-08-14T22:58:32.966413Z,3391,243.7,2159,OK,OK,OK
2026-08-14T22:58:38.448089Z,3387,243.6,2159,OK,OK,OK
2026-08-14T22:58:43.945780Z,3396,243.6,2159,OK,OK,OK
2026-08-14T22:58:49.413774Z,3424,243.8,2159,OK,OK,OK
2026-08-14T22:58:54.947933Z,3396,242.3,2159,OK,OK,OK
2026-08-14T22:59:00.422796Z,3408,242.8,2159,OK,OK,OK
2026-08-14T22:59:05.887681Z,3400,242.8,2159,OK,OK,OK
2026-08-14T22:59:11.394616Z,3402,242.8,2159,OK,OK,OK
2026-08-14T22:59:16.884038Z,3410,242.9,2159,OK,OK,OK
2026-08-14T22:59:22.410246Z,3410,242.8,2159,OK,OK,OK
2026-08-14T22:59:27.881042Z,3417,242.9,2159,OK,OK,OK
2026-08-14T22:59:33.405946Z,3420,242.7,2159,OK,OK,OK
2026-08-14T22:59:38.893453Z,3431,242.6,2159,OK,OK,OK
2026-08-14T22:59:44.414574Z,3410,242.5,2159,OK,OK,OK
2026-08-14T22:59:49.905416Z,3423,242.6,2159,OK,OK,OK
2026-08-14T22:59:55.426171Z,3405,242.7,2159,OK,OK,OK
2026-08-14T23:00:00.920576Z,3403,242.6,2159,OK,OK,OK
2026-08-14T23:00:06.430108Z,3406,242.6,2159,OK,OK,OK
2026-08-14T23:00:11.944155Z,3409,242.5,2159,OK,OK,OK
2026-08-14T23:00:17.466054Z,3412,242.7,2159,OK,OK,OK
2026-08-14T23:00:22.987844Z,3410,242.7,2159,OK,OK,OK
2026-08-14T23:00:28.482022Z,3412,242.7,2159,OK,OK,OK
2026-08-14T23:00:34.000068Z,3413,242.5,2159,OK,OK,OK
2026-08-14T23:00:39.521867Z,3428,242.5,2159,OK,OK,OK
2026-08-14T23:00:45.054568Z,3432,242.5,2159,OK,OK,OK
2026-08-14T23:00:50.548428Z,3424,242.5,2159,OK,OK,OK
2026-08-14T23:00:56.057339Z,3426,242.4,2159,OK,OK,OK
2026-08-14T23:01:01.650595Z,3414,242.5,2159,OK,OK,OK
2026-08-14T23:01:07.151590Z,3407,242.4,2159,OK,OK,OK
2026-08-14T23:01:12.672203Z,3425,242.6,2159,OK,OK,OK
2026-08-14T23:01:18.194286Z,3414,242.5,2159,OK,OK,OK
2026-08-14T23:01:23.736541Z,3406,242.5,2159,OK,OK,OK
2026-08-14T23:01:29.239807Z,3408,242.5,2159,OK,OK,OK
2026-08-14T23:01:34.741372Z,3408,242.5,2159,OK,OK,OK
2026-08-14T23:01:40.266795Z,3421,242.5,2159,OK,OK,OK
2026-08-14T23:01:45.792581Z,3540,242.6,2159,OK,OK,OK
2026-08-14T23:01:51.312210Z,3538,242.8,2159,OK,OK,OK
2026-08-14T23:01:56.846961Z,3537,242.6,2159,OK,OK,OK
2026-08-14T23:02:02.340354Z,3535,242.5,2159,OK,OK,OK
2026-08-14T23:02:07.843187Z,3534,242.6,2159,OK,OK,OK
2026-08-14T23:02:13.316967Z,3551,242.6,2159,OK,OK,OK
2026-08-14T23:02:18.844216Z,3532,242.7,2159,OK,OK,OK
2026-08-14T23:02:24.372999Z,3541,242.4,2159,OK,OK,OK
2026-08-14T23:02:29.878347Z,3530,242.4,2159,OK,OK,OK
2026-08-14T23:02:35.374808Z,3532,242.3,2159,OK,OK,OK
2026-08-14T23:02:40.873601Z,3549,242.3,2159,OK,OK,OK
2026-08-14T23:02:46.347523Z,3518,242.5,2159,OK,OK,OK
2026-08-14T23:02:51.883058Z,3517,242.5,2159,OK,OK,OK
2026-08-14T23:02:57.383348Z,3520,242.6,2159,OK,OK,OK
2026-08-14T23:03:02.906777Z,3524,242.4,2159,OK,OK,OK
2026-08-14T23:03:08.400284Z,3419,242.5,2159,OK,OK,OK
2026-08-14T23:03:13.888300Z,3420,242.6,2159,OK,OK,OK
2026-08-14T23:03:19.408252Z,3424,242.6,2159,OK,OK,OK
2026-08-14T23:03:24.914159Z,3423,242.7,2159,OK,OK,OK
2026-08-14T23:03:30.430886Z,3416,242.6,2159,OK,OK,OK
2026-08-14T23:03:35.935762Z,3416,242.6,2159,OK,OK,OK
2026-08-14T23:03:41.448368Z,3404,242.6,2159,OK,OK,OK
2026-08-14T23:03:46.990727Z,3429,242.8,2159,OK,OK,OK
2026-08-14T23:03:52.507456Z,3415,242.8,2159,OK,OK,OK
2026-08-14T23:03:58.038586Z,3415,242.8,2159,OK,OK,OK
2026-08-14T23:04:03.556859Z,3404,242.8,2159,OK,OK,OK
2026-08-14T23:04:09.093171Z,3409,242.8,2159,OK,OK,OK
2026-08-14T23:04:14.622985Z,3404,242.9,2159,OK,OK,OK
2026-08-14T23:04:20.098073Z,3400,242.9,2159,OK,OK,OK
2026-08-14T23:04:25.637899Z,3400,242.7,2159,OK,OK,OK
2026-08-14T23:04:31.127114Z,3405,242.9,2159,OK,OK,OK
2026-08-14T23:04:36.648180Z,3387,242.8,2159,OK,OK,OK
2026-08-14T23:04:42.182615Z,3402,242.7,2159,OK,OK,OK
2026-08-14T23:04:47.689372Z,3417,242.8,2159,OK,OK,OK
2026-08-14T23:04:53.223385Z,3413,242.8,2159,OK,OK,OK
2026-08-14T23:04:58.682183Z,3408,242.8,2159,OK,OK,OK
2026-08-14T23:05:04.154118Z,3406,242.7,2159,OK,OK,OK
2026-08-14T23:05:09.646678Z,3423,242.8,2159,OK,OK,OK
2026-08-14T23:05:15.111925Z,3420,242.7,2159,OK,OK,OK
2026-08-14T23:05:20.604205Z,3416,242.7,2159,OK,OK,OK
2026-08-14T23:05:26.076940Z,3426,242.7,2159,OK,OK,OK
2026-08-14T23:05:31.628682Z,3421,242.7,2159,OK,OK,OK
2026-08-14T23:05:37.089781Z,3416,242.6,2159,OK,OK,OK
2026-08-14T23:05:42.586984Z,3422,242.6,2159,OK,OK,OK
2026-08-14T23:05:48.069680Z,3418,242.6,2159,OK,OK,OK
2026-08-14T23:05:53.572368Z,3426,242.6,2159,OK,OK,OK
2026-08-14T23:05:59.098621Z,3412,242.7,2159,OK,OK,OK
2026-08-14T23:06:04.637907Z,3547,242.6,2159,OK,OK,OK
2026-08-14T23:06:10.158128Z,3535,242.7,2159,OK,OK,OK
2026-08-14T23:06:15.713215Z,3540,242.7,2159,OK,OK,OK
2026-08-14T23:06:21.219335Z,3536,242.6,2159,OK,OK,OK
2026-08-14T23:06:26.741508Z,3570,242.7,2159,OK,OK,OK
2026-08-14T23:06:32.247928Z,3538,243.4,2159,OK,OK,OK
2026-08-14T23:06:37.758922Z,3528,243.4,2159,OK,OK,OK
2026-08-14T23:06:43.243824Z,3540,243.4,2159,OK,OK,OK
2026-08-14T23:06:48.765802Z,3612,243.1,2159,OK,OK,OK
2026-08-14T23:06:54.287408Z,3539,243.2,2159,OK,OK,OK
2026-08-14T23:06:59.773463Z,3545,243.2,2159,OK,OK,OK
2026-08-14T23:07:05.270419Z,3544,243.2,2159,OK,OK,OK
2026-08-14T23:07:10.805304Z,3556,243.1,2159,OK,OK,OK
2026-08-14T23:07:16.297750Z,3530,243.3,2159,OK,OK,OK
2026-08-14T23:07:21.806848Z,3525,243.1,2159,OK,OK,OK
2026-08-14T23:07:27.310861Z,3529,243.3,2159,OK,OK,OK
2026-08-14T23:07:32.831663Z,3526,243.2,2159,OK,OK,OK
2026-08-14T23:07:38.324939Z,3527,243.2,2159,OK,OK,OK
2026-08-14T23:07:43.840576Z,3551,243.1,2159,OK,OK,OK
2026-08-14T23:07:49.345822Z,3483,243.3,2159,OK,OK,OK
2026-08-14T23:07:54.852492Z,3434,243.3,2159,OK,OK,OK
2026-08-14T23:08:00.345957Z,3429,243.2,2159,OK,OK,OK
2026-08-14T23:08:05.868926Z,3432,243.4,2159,OK,OK,OK
2026-08-14T23:08:11.378057Z,3432,243.0,2159,OK,OK,OK
2026-08-14T23:08:16.898787Z,3427,243.2,2159,OK,OK,OK
2026-08-14T23:08:22.429380Z,3412,243.4,2159,OK,OK,OK
2026-08-14T23:08:27.940054Z,3432,243.4,2159,OK,OK,OK
2026-08-14T23:08:33.441310Z,3424,243.4,2159,OK,OK,OK
2026-08-14T23:08:38.944638Z,3424,243.3,2159,OK,OK,OK
2026-08-14T23:08:44.398565Z,3410,243.3,2159,OK,OK,OK
2026-08-14T23:08:49.899541Z,3450,243.3,2159,OK,OK,OK
2026-08-14T23:08:55.436713Z,3454,243.5,2159,OK,OK,OK
2026-08-14T23:09:00.907856Z,3464,243.7,2159,OK,OK,OK
2026-08-14T23:09:06.416560Z,3465,243.7,2159,OK,OK,OK
2026-08-14T23:09:11.886408Z,3458,243.7,2159,OK,OK,OK
2026-08-14T23:09:17.403057Z,3464,243.7,2159,OK,OK,OK
2026-08-14T23:09:22.866186Z,3464,243.7,2159,OK,OK,OK
2026-08-14T23:09:28.348257Z,3605,243.6,2159,OK,OK,OK
2026-08-14T23:09:33.831078Z,3601,243.5,2159,OK,OK,OK
2026-08-14T23:09:39.338435Z,3601,243.5,2159,OK,OK,OK
2026-08-14T23:09:44.852665Z,3601,243.6,2159,OK,OK,OK
2026-08-14T23:09:50.357478Z,3599,243.6,2159,OK,OK,OK
2026-08-14T23:09:55.887213Z,3598,243.6,2159,OK,OK,OK
2026-08-14T23:10:01.402736Z,3479,243.7,2159,OK,OK,OK
2026-08-14T23:10:06.911288Z,3484,243.8,2159,OK,OK,OK
2026-08-14T23:10:12.397755Z,3472,243.8,2159,OK,OK,OK
2026-08-14T23:10:17.935253Z,3480,243.9,2159,OK,OK,OK
2026-08-14T23:10:23.427228Z,3431,243.8,2159,OK,OK,OK
2026-08-14T23:10:28.951514Z,3428,243.7,2159,OK,OK,OK
2026-08-14T23:10:34.461255Z,3414,243.7,2159,OK,OK,OK
2026-08-14T23:10:39.972087Z,3419,243.7,2159,OK,OK,OK
2026-08-14T23:10:45.450209Z,3419,243.8,2159,OK,OK,OK
2026-08-14T23:10:50.947711Z,3438,243.9,2159,OK,OK,OK
2026-08-14T23:10:56.429220Z,3449,243.8,2159,OK,OK,OK
2026-08-14T23:11:01.930093Z,3442,243.9,2159,OK,OK,OK
2026-08-14T23:11:07.464061Z,3448,243.8,2159,OK,OK,OK
2026-08-14T23:11:12.995229Z,3437,243.9,2159,OK,OK,OK
2026-08-14T23:11:18.577075Z,3440,243.9,2159,OK,OK,OK
2026-08-14T23:11:24.097269Z,3441,244.0,2159,OK,OK,OK
2026-08-14T23:11:29.602897Z,3446,243.8,2159,OK,OK,OK
2026-08-14T23:11:35.111656Z,3450,243.9,2159,OK,OK,OK
2026-08-14T23:11:40.601853Z,3434,243.9,2159,OK,OK,OK
2026-08-14T23:11:46.073100Z,3424,243.9,2159,OK,OK,OK
2026-08-14T23:11:51.593006Z,3431,243.9,2159,OK,OK,OK
2026-08-14T23:11:57.127567Z,3408,243.9,2159,OK,OK,OK
2026-08-14T23:12:02.651003Z,3427,243.9,2159,OK,OK,OK
2026-08-14T23:12:08.182166Z,3424,243.9,2159,OK,OK,OK
2026-08-14T23:12:13.698990Z,3430,243.8,2159,OK,OK,OK
2026-08-14T23:12:19.190560Z,1832,244.7,2159,OK,OK,OK
2026-08-14T23:12:24.687991Z,1809,244.6,2159,OK,OK,OK
2026-08-14T23:12:30.190578Z,1814,244.5,2159,OK,OK,OK
2026-08-14T23:12:35.741063Z,1825,244.5,2159,OK,OK,OK
2026-08-14T23:12:41.251665Z,1811,244.6,1387,OK,OK,OK
2026-08-14T23:12:46.758740Z,1810,244.4,1387,OK,OK,OK
2026-08-14T23:12:52.254939Z,1800,244.4,1387,OK,OK,OK
2026-08-14T23:12:57.766360Z,1801,244.4,1387,OK,OK,OK
2026-08-14T23:13:03.308126Z,1802,244.4,1387,OK,OK,OK
2026-08-14T23:13:08.824676Z,1805,244.3,1387,OK,OK,OK
2026-08-14T23:13:14.354950Z,1797,244.5,1387,OK,OK,OK
2026-08-14T23:13:19.845033Z,1802,244.5,1387,OK,OK,OK
2026-08-14T23:13:25.355837Z,1799,244.5,1387,OK,OK,OK
2026-08-14T23:13:30.864143Z,1798,244.5,1387,OK,OK,OK
2026-08-14T23:13:36.357894Z,1798,244.6,1387,OK,OK,OK
2026-08-14T23:13:41.825881Z,1803,244.6,1387,OK,OK,OK
2026-08-14T23:13:47.320923Z,1804,244.4,1387,OK,OK,OK
2026-08-14T23:13:52.784858Z,1796,244.5,1387,OK,OK,OK
2026-08-14T23:13:58.253867Z,1891,244.5,1387,OK,OK,OK
2026-08-14T23:14:03.733685Z,1894,244.5,1387,OK,OK,OK
2026-08-14T23:14:09.238048Z,1904,244.4,1387,OK,OK,OK
2026-08-14T23:14:14.716013Z,1912,244.6,1387,OK,OK,OK
2026-08-14T23:14:20.222251Z,1892,244.6,1387,OK,OK,OK
2026-08-14T23:14:25.728992Z,1924,244.5,1387,OK,OK,OK
2026-08-14T23:14:31.234581Z,1853,244.5,1387,OK,OK,OK
2026-08-14T23:14:36.734612Z,1820,244.5,1387,OK,OK,OK
2026-08-14T23:14:42.245796Z,1808,244.6,1387,OK,OK,OK
2026-08-14T23:14:47.770065Z,1823,244.5,1387,OK,OK,OK
2026-08-14T23:14:53.268325Z,1820,244.5,1387,OK,OK,OK
2026-08-14T23:14:58.770675Z,1825,244.5,1387,OK,OK,OK
2026-08-14T23:15:04.262328Z,1820,244.6,1387,OK,OK,OK
2026-08-14T23:15:09.786715Z,1824,244.4,1387,OK,OK,OK
2026-08-14T23:15:15.348143Z,1833,244.4,1387,OK,OK,OK
2026-08-14T23:15:20.860024Z,1832,244.6,1387,OK,OK,OK
2026-08-14T23:15:26.363086Z,1821,244.6,1387,OK,OK,OK
2026-08-14T23:15:31.892700Z,1877,244.5,1387,OK,OK,OK
2026-08-14T23:15:37.382686Z,1821,244.6,1387,OK,OK,OK
2026-08-14T23:15:42.931040Z,1830,244.5,1387,OK,OK,OK
2026-08-14T23:15:48.465270Z,1823,244.7,1387,OK,OK,OK
2026-08-14T23:15:53.940361Z,1840,244.8,1387,OK,OK,OK
2026-08-14T23:15:59.476528Z,1817,244.8,1387,OK,OK,OK
2026-08-14T23:16:04.986057Z,1833,244.7,1387,OK,OK,OK
2026-08-14T23:16:10.492898Z,1832,244.6,1387,OK,OK,OK
2026-08-14T23:16:15.981234Z,1819,244.8,1387,OK,OK,OK
2026-08-14T23:16:21.514987Z,1829,244.7,1387,OK,OK,OK
2026-08-14T23:16:27.005571Z,1826,244.8,1387,OK,OK,OK
2026-08-14T23:16:32.542921Z,1825,244.8,1387,OK,OK,OK
2026-08-14T23:16:38.075534Z,1826,244.6,1387,OK,OK,OK
2026-08-14T23:16:43.583562Z,1826,244.6,1387,OK,OK,OK
2026-08-14T23:16:49.091714Z,1745,244.6,1387,OK,OK,OK
2026-08-14T23:16:54.607562Z,1743,244.6,1387,OK,OK,OK
2026-08-14T23:17:00.116664Z,1760,244.5,1387,OK,OK,OK
2026-08-14T23:17:05.607280Z,1757,244.5,1387,OK,OK,OK
2026-08-14T23:17:11.134950Z,1760,244.5,1387,OK,OK,OK
2026-08-14T23:17:16.642628Z,1750,244.6,1387,OK,OK,OK
2026-08-14T23:17:22.163003Z,1782,244.7,1387,OK,OK,OK
2026-08-14T23:17:27.658875Z,1872,244.6,1387,OK,OK,OK
2026-08-14T23:17:33.204443Z,1800,244.7,1387,OK,OK,OK
2026-08-14T23:17:38.696346Z,1813,244.7,1387,OK,OK,OK
2026-08-14T23:17:44.209393Z,1803,244.7,1387,OK,OK,OK
2026-08-14T23:17:49.722580Z,1814,244.7,1387,OK,OK,OK
2026-08-14T23:17:55.247816Z,1800,244.6,1387,OK,OK,OK
2026-08-14T23:18:00.705829Z,1807,244.6,1387,OK,OK,OK
2026-08-14T23:18:06.169604Z,1804,244.6,1387,OK,OK,OK
2026-08-14T23:18:11.650065Z,1811,244.5,1387,OK,OK,OK
2026-08-14T23:18:17.169926Z,1804,244.7,1387,OK,OK,OK
2026-08-14T23:18:22.630617Z,1803,244.6,1387,OK,OK,OK
2026-08-14T23:18:28.130866Z,1800,244.6,1387,OK,OK,OK
2026-08-14T23:18:33.611936Z,1796,244.0,1387,OK,OK,OK
2026-08-14T23:18:39.132190Z,1790,243.7,1387,OK,OK,OK
2026-08-14T23:18:44.609411Z,1790,243.7,1387,OK,OK,OK
2026-08-14T23:18:50.128897Z,1767,243.6,1387,OK,OK,OK
2026-08-14T23:18:55.621854Z,1751,243.9,1387,OK,OK,OK
2026-08-14T23:19:01.121012Z,1750,243.8,1387,OK,OK,OK
2026-08-14T23:19:06.617563Z,1743,243.8,1387,OK,OK,OK
2026-08-14T23:19:12.136479Z,1737,243.8,1387,OK,OK,OK
2026-08-14T23:19:17.655129Z,3239,242.9,1387,OK,OK,OK
2026-08-14T23:19:23.146872Z,3269,242.9,1387,OK,OK,OK
2026-08-14T23:19:28.638992Z,3297,242.8,1387,OK,OK,OK
2026-08-14T23:19:34.149099Z,3302,242.8,1387,OK,OK,OK
2026-08-14T23:19:39.686718Z,3320,243.1,1387,OK,OK,OK
2026-08-14T23:19:45.198097Z,3329,242.9,1387,OK,OK,OK
2026-08-14T23:19:50.716311Z,3371,242.9,1387,OK,OK,OK
2026-08-14T23:19:56.254845Z,3359,242.9,1387,OK,OK,OK
2026-08-14T23:20:01.776971Z,3358,242.8,1387,OK,OK,OK
2026-08-14T23:20:07.298469Z,3368,242.9,1387,OK,OK,OK
2026-08-14T23:20:12.804870Z,3370,243.0,1387,OK,OK,OK
2026-08-14T23:20:18.325377Z,3370,243.0,1387,OK,OK,OK
2026-08-14T23:20:23.816579Z,3368,243.0,1387,OK,OK,OK
2026-08-14T23:20:29.341205Z,3358,243.0,1387,OK,OK,OK
2026-08-14T23:20:34.846398Z,3372,242.9,1387,OK,OK,OK
2026-08-14T23:20:40.328210Z,3371,242.9,1387,OK,OK,OK
2026-08-14T23:20:45.869192Z,3368,242.9,1387,OK,OK,OK
2026-08-14T23:20:51.449669Z,3409,242.9,1387,OK,OK,OK
2026-08-14T23:20:56.950212Z,3459,242.9,1387,OK,OK,OK
2026-08-14T23:21:02.448302Z,3418,242.9,1387,OK,OK,OK
2026-08-14T23:21:07.950918Z,3422,242.9,1387,OK,OK,OK
2026-08-14T23:21:13.453783Z,3429,242.9,1387,OK,OK,OK
2026-08-14T23:21:18.957017Z,3421,242.9,1387,OK,OK,OK
2026-08-14T23:21:24.483062Z,3468,243.0,1387,OK,OK,OK
2026-08-14T23:21:29.995065Z,3432,243.0,1387,OK,OK,OK
2026-08-14T23:21:35.507162Z,3433,242.9,1387,OK,OK,OK
2026-08-14T23:21:41.023698Z,3438,242.9,1387,OK,OK,OK
2026-08-14T23:21:46.518943Z,3437,243.0,1387,OK,OK,OK
2026-08-14T23:21:52.057388Z,3523,243.0,1387,OK,OK,OK
2026-08-14T23:21:57.562849Z,3520,243.0,1387,OK,OK,OK
2026-08-14T23:22:03.075517Z,3518,243.0,1387,OK,OK,OK
2026-08-14T23:22:08.594139Z,3529,242.9,1387,OK,OK,OK
2026-08-14T23:22:14.126027Z,3534,242.9,1387,OK,OK,OK
2026-08-14T23:22:19.604420Z,3523,243.0,1387,OK,OK,OK
2026-08-14T23:22:25.118694Z,3521,242.9,1387,OK,OK,OK
2026-08-14T23:22:30.624496Z,3515,243.0,1387,OK,OK,OK
2026-08-14T23:22:36.110948Z,3505,243.0,1387,OK,OK,OK
2026-08-14T23:22:41.632106Z,3506,242.9,1387,OK,OK,OK
2026-08-14T23:22:47.122845Z,3515,242.9,1387,OK,OK,OK
2026-08-14T23:22:52.630478Z,3514,243.0,1387,OK,OK,OK
2026-08-14T23:22:58.124314Z,3517,243.0,1387,OK,OK,OK
2026-08-14T23:23:03.633096Z,3526,243.1,1387,OK,OK,OK
2026-08-14T23:23:09.141603Z,3522,243.0,1387,OK,OK,OK
2026-08-14T23:23:14.628256Z,3542,243.1,1387,OK,OK,OK
2026-08-14T23:23:20.153068Z,3518,243.2,1387,OK,OK,OK
2026-08-14T23:23:25.672564Z,3533,243.2,1387,OK,OK,OK
2026-08-14T23:23:31.156503Z,3471,243.2,1387,OK,OK,OK
2026-08-14T23:23:36.625457Z,3455,243.2,1387,OK,OK,OK
2026-08-14T23:23:42.106732Z,3454,243.2,1387,OK,OK,OK
2026-08-14T23:23:47.618487Z,3455,243.0,1387,OK,OK,OK
2026-08-14T23:23:53.114091Z,3414,243.2,1387,OK,OK,OK
2026-08-14T23:23:58.613505Z,3405,243.2,1387,OK,OK,OK
2026-08-14T23:24:04.096840Z,3397,243.2,1387,OK,OK,OK
2026-08-14T23:24:09.586596Z,3463,243.1,1387,OK,OK,OK
2026-08-14T23:24:15.175073Z,3399,243.1,1387,OK,OK,OK
2026-08-14T23:24:20.671625Z,3386,243.2,1387,OK,OK,OK
2026-08-14T23:24:26.153391Z,3374,243.0,1387,OK,OK,OK
2026-08-14T23:24:31.662784Z,3379,243.1,1387,OK,OK,OK
2026-08-14T23:24:37.154590Z,3375,243.0,1387,OK,OK,OK
2026-08-14T23:24:42.679855Z,3372,243.0,1387,OK,OK,OK
2026-08-14T23:24:48.163187Z,3372,242.9,1387,OK,OK,OK
2026-08-14T23:24:53.665692Z,3376,243.0,1387,OK,OK,OK
2026-08-14T23:24:59.151013Z,3383,243.0,1387,OK,OK,OK
2026-08-14T23:25:04.653670Z,3384,242.7,1387,OK,OK,OK
2026-08-14T23:25:10.177623Z,3374,242.7,1387,OK,OK,OK
2026-08-14T23:25:15.697391Z,3371,242.9,1387,OK,OK,OK
2026-08-14T23:25:21.181014Z,3411,242.9,1387,OK,OK,OK
2026-08-14T23:25:26.696173Z,3475,243.0,1387,OK,OK,OK
2026-08-14T23:25:32.190912Z,3439,243.1,1387,OK,OK,OK
2026-08-14T23:25:37.717130Z,3424,243.1,1387,OK,OK,OK
2026-08-14T23:25:43.259135Z,3428,243.0,1387,OK,OK,OK
2026-08-14T23:25:48.752687Z,3418,243.0,1387,OK,OK,OK
2026-08-14T23:25:54.275629Z,3431,243.0,1387,OK,OK,OK
2026-08-14T23:25:59.779447Z,3420,243.0,1387,OK,OK,OK
2026-08-14T23:26:05.272641Z,3426,243.0,1387,OK,OK,OK
2026-08-14T23:26:10.797583Z,3406,243.0,1387,OK,OK,OK
2026-08-14T23:26:16.365631Z,3428,243.7,1387,OK,OK,OK
2026-08-14T23:26:21.896293Z,3421,243.6,1387,OK,OK,OK
2026-08-14T23:26:27.438943Z,3420,242.9,1387,OK,OK,OK
2026-08-14T23:26:32.971150Z,3409,242.7,1387,OK,OK,OK
2026-08-14T23:26:38.475382Z,3414,242.7,1387,OK,OK,OK
2026-08-14T23:26:43.983734Z,3417,242.7,1387,OK,OK,OK
2026-08-14T23:26:49.501829Z,3428,242.5,1387,OK,OK,OK
2026-08-14T23:26:54.982613Z,3425,242.7,1387,OK,OK,OK
2026-08-14T23:27:00.487803Z,3423,242.7,1387,OK,OK,OK
2026-08-14T23:27:06.021964Z,3435,242.9,1387,OK,OK,OK
2026-08-14T23:27:11.555700Z,3439,242.8,1387,OK,OK,OK
2026-08-14T23:27:17.061487Z,3446,242.9,1387,OK,OK,OK
2026-08-14T23:27:22.608018Z,3433,242.9,1387,OK,OK,OK
2026-08-14T23:27:28.127518Z,3443,242.9,1387,OK,OK,OK
2026-08-14T23:27:33.668096Z,3438,242.9,1387,OK,OK,OK
2026-08-14T23:27:39.167364Z,3441,242.9,1387,OK,OK,OK
2026-08-14T23:27:44.672504Z,3450,243.4,1387,OK,OK,OK
2026-08-14T23:27:50.195748Z,3451,243.3,1387,OK,OK,OK
2026-08-14T23:27:55.690495Z,3452,243.4,822,OK,OK,OK
2026-08-14T23:28:01.220221Z,3450,243.4,822,OK,OK,OK
2026-08-14T23:28:06.713669Z,3495,243.5,822,OK,OK,OK
2026-08-14T23:28:12.244585Z,3448,243.3,822,OK,OK,OK
2026-08-14T23:28:17.783332Z,3467,243.3,822,OK,OK,OK
2026-08-14T23:28:23.288877Z,3443,243.3,822,OK,OK,OK
2026-08-14T23:28:28.827354Z,3477,243.3,822,OK,OK,OK
2026-08-14T23:28:34.341473Z,3439,243.4,822,OK,OK,OK
2026-08-14T23:28:39.818481Z,3442,243.3,822,OK,OK,OK
2026-08-14T23:28:45.319726Z,3450,243.4,822,OK,OK,OK
2026-08-14T23:28:50.844177Z,3430,243.2,822,OK,OK,OK
2026-08-14T23:28:56.345989Z,3448,243.1,822,OK,OK,OK
2026-08-14T23:29:01.837363Z,3446,243.1,822,OK,OK,OK
2026-08-14T23:29:07.342965Z,3431,243.1,822,OK,OK,OK
2026-08-14T23:29:12.898879Z,3447,243.0,822,OK,OK,OK
2026-08-14T23:29:18.414575Z,3478,243.1,822,OK,OK,OK
2026-08-14T23:29:23.923370Z,3483,243.0,822,OK,OK,OK
2026-08-14T23:29:29.447586Z,3476,242.9,822,OK,OK,OK
2026-08-14T23:29:34.956505Z,3477,243.1,822,OK,OK,OK
2026-08-14T23:29:40.440901Z,3503,243.0,822,OK,OK,OK
2026-08-14T23:29:45.976230Z,3483,243.2,822,OK,OK,OK
2026-08-14T23:29:51.499907Z,3612,243.1,822,OK,OK,OK
2026-08-14T23:29:57.026890Z,3598,243.2,822,OK,OK,OK
2026-08-14T23:30:02.555065Z,3599,243.1,822,OK,OK,OK
2026-08-14T23:30:08.081311Z,3590,243.0,822,OK,OK,OK
2026-08-14T23:30:13.588091Z,3600,243.0,822,OK,OK,OK
2026-08-14T23:30:19.103092Z,3588,243.2,822,OK,OK,OK
2026-08-14T23:30:24.625062Z,3611,243.1,822,OK,OK,OK
2026-08-14T23:30:30.153528Z,3610,243.1,822,OK,OK,OK
2026-08-14T23:30:35.681813Z,3400,243.4,822,OK,OK,OK
2026-08-14T23:30:41.197774Z,3420,243.3,822,OK,OK,OK
2026-08-14T23:30:46.725646Z,3396,243.3,822,OK,OK,OK
2026-08-14T23:30:52.292949Z,3377,243.4,822,OK,OK,OK
2026-08-14T23:30:57.809786Z,3244,243.2,822,OK,OK,OK
2026-08-14T23:31:03.324083Z,3205,243.2,822,OK,OK,OK
2026-08-14T23:31:08.859467Z,3217,243.2,822,OK,OK,OK
2026-08-14T23:31:14.394669Z,3196,243.2,822,OK,OK,OK
2026-08-14T23:31:19.911105Z,3251,243.3,822,OK,OK,OK
2026-08-14T23:31:25.408921Z,3246,243.3,822,OK,OK,OK
2026-08-14T23:31:30.933956Z,3258,243.3,822,OK,OK,OK
2026-08-14T23:31:36.449591Z,3289,243.2,822,OK,OK,OK
2026-08-14T23:31:41.991317Z,3259,243.3,822,OK,OK,OK
2026-08-14T23:31:47.491059Z,3261,243.3,822,OK,OK,OK
2026-08-14T23:31:53.001496Z,3252,242.8,822,OK,OK,OK
2026-08-14T23:31:58.523005Z,3253,242.8,822,OK,OK,OK
2026-08-14T23:32:03.998461Z,3249,242.8,822,OK,OK,OK
2026-08-14T23:32:09.521770Z,3250,242.8,822,OK,OK,OK
2026-08-14T23:32:15.048301Z,3264,242.8,822,OK,OK,OK
2026-08-14T23:32:20.597430Z,4367,242.3,822,OK,OK,OK
2026-08-14T23:32:26.090580Z,3347,242.7,822,OK,OK,OK
2026-08-14T23:32:31.600273Z,3354,242.8,822,OK,OK,OK
2026-08-14T23:32:37.120952Z,3348,242.8,822,OK,OK,OK
2026-08-14T23:32:42.597719Z,3366,242.9,822,OK,OK,OK
2026-08-14T23:32:48.100327Z,3364,243.2,822,OK,OK,OK
2026-08-14T23:32:53.609915Z,3399,242.9,822,OK,OK,OK
2026-08-14T23:32:59.167151Z,3401,242.9,822,OK,OK,OK
2026-08-14T23:33:04.692370Z,3405,242.8,822,OK,OK,OK
2026-08-14T23:33:10.210022Z,3404,242.7,822,OK,OK,OK
2026-08-14T23:33:15.732900Z,3414,242.9,822,OK,OK,OK
2026-08-14T23:33:21.258387Z,1763,243.7,822,OK,OK,OK
2026-08-14T23:33:26.766350Z,1762,243.7,822,OK,OK,OK
2026-08-14T23:33:32.294315Z,1760,243.8,822,OK,OK,OK
2026-08-14T23:33:37.807627Z,1752,243.8,822,OK,OK,OK
2026-08-14T23:33:43.332280Z,1753,243.9,822,OK,OK,OK
2026-08-14T23:33:48.849020Z,1736,243.9,822,OK,OK,OK
2026-08-14T23:33:54.377068Z,1750,243.9,822,OK,OK,OK
2026-08-14T23:33:59.892558Z,1752,243.9,822,OK,OK,OK
2026-08-14T23:34:05.385740Z,1750,243.9,822,OK,OK,OK
2026-08-14T23:34:10.907831Z,1750,243.9,822,OK,OK,OK
2026-08-14T23:34:16.427501Z,1745,243.9,822,OK,OK,OK
2026-08-14T23:34:21.915350Z,1745,243.7,822,OK,OK,OK
2026-08-14T23:34:27.457050Z,1737,243.7,822,OK,OK,OK
2026-08-14T23:34:32.949062Z,1744,243.7,822,OK,OK,OK
2026-08-14T23:34:38.442894Z,1740,243.6,822,OK,OK,OK
2026-08-14T23:34:43.983199Z,1744,243.7,822,OK,OK,OK
2026-08-14T23:34:49.498502Z,1746,243.6,822,OK,OK,OK
2026-08-14T23:34:54.969289Z,1701,243.6,822,OK,OK,OK
2026-08-14T23:35:00.490437Z,1707,243.9,822,OK,OK,OK
2026-08-14T23:35:05.999141Z,1698,243.9,822,OK,OK,OK
2026-08-14T23:35:11.499694Z,1698,243.9,822,OK,OK,OK
2026-08-14T23:35:16.994590Z,1694,243.8,822,OK,OK,OK
2026-08-14T23:35:22.514084Z,1694,244.0,822,OK,OK,OK
2026-08-14T23:35:28.030122Z,1691,244.0,822,OK,OK,OK
2026-08-14T23:35:33.500473Z,1691,243.9,822,OK,OK,OK
2026-08-14T23:35:39.004386Z,1709,244.0,822,OK,OK,OK
2026-08-14T23:35:44.511068Z,1692,243.9,822,OK,OK,OK
2026-08-14T23:35:50.001365Z,1684,243.9,822,OK,OK,OK
2026-08-14T23:35:55.479096Z,1684,243.8,822,OK,OK,OK
2026-08-14T23:36:00.936756Z,1688,243.8,822,OK,OK,OK
2026-08-14T23:36:06.396283Z,1686,243.9,822,OK,OK,OK
2026-08-14T23:36:11.878735Z,1689,243.8,822,OK,OK,OK
2026-08-14T23:36:17.395767Z,1687,243.9,822,OK,OK,OK
2026-08-14T23:36:22.890145Z,1703,243.9,822,OK,OK,OK
2026-08-14T23:36:28.388414Z,1712,244.0,822,OK,OK,OK
2026-08-14T23:36:33.918247Z,1706,244.0,822,OK,OK,OK
2026-08-14T23:36:39.436951Z,1682,243.9,822,OK,OK,OK
2026-08-14T23:36:44.946568Z,1668,244.0,822,OK,OK,OK
2026-08-14T23:36:50.450286Z,1679,244.1,822,OK,OK,OK
2026-08-14T23:36:55.958732Z,1676,243.9,822,OK,OK,OK
2026-08-14T23:37:01.458852Z,1673,243.9,822,OK,OK,OK
2026-08-14T23:37:06.982347Z,1675,243.8,822,OK,OK,OK
2026-08-14T23:37:12.453419Z,1688,243.8,822,OK,OK,OK
2026-08-14T23:37:17.980799Z,1682,243.9,822,OK,OK,OK
2026-08-14T23:37:23.481067Z,1677,244.0,822,OK,OK,OK
2026-08-14T23:37:29.023400Z,1678,243.9,822,OK,OK,OK
2026-08-14T23:37:34.534778Z,1678,243.9,822,OK,OK,OK
2026-08-14T23:37:40.032063Z,1678,243.9,822,OK,OK,OK
2026-08-14T23:37:45.540200Z,1677,243.8,822,OK,OK,OK
2026-08-14T23:37:51.076948Z,1672,243.8,822,OK,OK,OK
2026-08-14T23:37:56.558873Z,1673,243.8,822,OK,OK,OK
2026-08-14T23:38:02.064957Z,1672,243.6,822,OK,OK,OK
2026-08-14T23:38:07.575890Z,1678,243.8,822,OK,OK,OK
2026-08-14T23:38:13.076787Z,1690,243.6,822,OK,OK,OK
2026-08-14T23:38:18.588622Z,1676,243.6,822,OK,OK,OK
2026-08-14T23:38:24.134165Z,1661,243.7,822,OK,OK,OK
2026-08-14T23:38:29.621825Z,1673,243.6,822,OK,OK,OK
2026-08-14T23:38:35.113820Z,1671,243.7,822,OK,OK,OK
2026-08-14T23:38:40.653493Z,1671,243.7,822,OK,OK,OK
2026-08-14T23:38:46.140306Z,1658,243.7,822,OK,OK,OK
2026-08-14T23:38:51.643322Z,1669,243.7,822,OK,OK,OK
2026-08-14T23:38:57.143477Z,1667,242.8,822,OK,OK,OK
2026-08-14T23:39:02.665570Z,1663,242.9,822,OK,OK,OK
2026-08-14T23:39:08.171147Z,1667,242.8,822,OK,OK,OK
2026-08-14T23:39:13.671346Z,1661,242.8,822,OK,OK,OK
2026-08-14T23:39:19.194597Z,1660,242.8,822,OK,OK,OK
2026-08-14T23:39:24.711442Z,1694,242.8,822,OK,OK,OK
2026-08-14T23:39:30.225971Z,1703,242.9,822,OK,OK,OK
2026-08-14T23:39:35.751522Z,1713,242.9,822,OK,OK,OK
2026-08-14T23:39:41.241986Z,1695,243.0,822,OK,OK,OK
2026-08-14T23:39:46.750945Z,1717,243.1,822,OK,OK,OK
2026-08-14T23:39:52.261046Z,1769,243.0,822,OK,OK,OK
2026-08-14T23:39:57.723272Z,1716,243.0,822,OK,OK,OK
2026-08-14T23:40:03.232362Z,1714,243.0,822,OK,OK,OK
2026-08-14T23:40:08.768606Z,1717,242.8,822,OK,OK,OK
2026-08-14T23:40:14.273731Z,1738,242.8,822,OK,OK,OK
2026-08-14T23:40:19.802483Z,1862,242.8,822,OK,OK,OK
2026-08-14T23:40:25.320387Z,1855,242.8,822,OK,OK,OK
2026-08-14T23:40:30.809248Z,1844,242.8,822,OK,OK,OK
2026-08-14T23:40:36.286739Z,1855,242.8,822,OK,OK,OK
2026-08-14T23:40:41.771988Z,1860,242.9,822,OK,OK,OK
2026-08-14T23:40:47.268122Z,1856,242.7,822,OK,OK,OK
2026-08-14T23:40:52.803363Z,1855,242.7,822,OK,OK,OK
2026-08-14T23:40:58.319301Z,1707,242.8,822,OK,OK,OK
2026-08-14T23:41:03.834412Z,1716,242.7,822,OK,OK,OK
2026-08-14T23:41:09.361761Z,1710,242.8,822,OK,OK,OK
2026-08-14T23:41:14.824099Z,1717,242.7,822,OK,OK,OK
2026-08-14T23:41:20.313410Z,3246,242.1,822,OK,OK,OK
2026-08-14T23:41:25.786452Z,3265,242.0,822,OK,OK,OK
2026-08-14T23:41:31.322292Z,3283,242.0,822,OK,OK,OK
2026-08-14T23:41:36.814315Z,3290,241.9,822,OK,OK,OK
2026-08-14T23:41:42.318624Z,3293,242.0,822,OK,OK,OK
2026-08-14T23:41:47.811160Z,3328,242.0,822,OK,OK,OK
2026-08-14T23:41:53.311766Z,3340,241.9,822,OK,OK,OK
2026-08-14T23:41:58.838845Z,3344,241.8,822,OK,OK,OK
2026-08-14T23:42:04.324138Z,3349,241.8,822,OK,OK,OK
2026-08-14T23:42:09.848595Z,3340,241.7,822,OK,OK,OK
2026-08-14T23:42:15.417200Z,3353,241.8,822,OK,OK,OK
2026-08-14T23:42:20.894737Z,3339,241.7,822,OK,OK,OK
2026-08-14T23:42:26.415568Z,3337,241.7,822,OK,OK,OK
2026-08-14T23:42:31.894601Z,3333,241.6,822,OK,OK,OK
2026-08-14T23:42:37.430413Z,3327,241.3,822,OK,OK,OK
2026-08-14T23:42:42.939999Z,3323,241.4,822,OK,OK,OK
2026-08-14T23:42:48.458273Z,3324,241.2,822,OK,OK,OK
2026-08-14T23:42:53.949640Z,4940,240.4,822,OK,OK,OK
2026-08-14T23:42:59.469307Z,4942,240.4,822,OK,OK,OK
2026-08-14T23:43:05.004442Z,4936,240.4,822,OK,OK,OK
2026-08-14T23:43:10.478963Z,4934,240.3,822,OK,OK,OK
2026-08-14T23:43:15.991551Z,4934,240.5,322,OK,OK,OK
2026-08-14T23:43:21.526700Z,4931,240.5,322,OK,OK,OK
2026-08-14T23:43:27.010918Z,4962,240.3,322,OK,OK,OK
2026-08-14T23:43:32.518266Z,4972,240.9,322,OK,OK,OK
2026-08-14T23:43:38.001604Z,4965,241.0,322,OK,OK,OK
2026-08-14T23:43:43.499885Z,4972,241.0,322,OK,OK,OK
2026-08-14T23:43:49.014439Z,4971,240.9,322,OK,OK,OK
2026-08-14T23:43:54.505694Z,4975,240.8,322,OK,OK,OK
2026-08-14T23:43:59.987390Z,4971,240.7,322,OK,OK,OK
2026-08-14T23:44:05.486405Z,4966,240.7,322,OK,OK,OK
2026-08-14T23:44:10.997620Z,4958,240.6,322,OK,OK,OK
2026-08-14T23:44:16.502626Z,4984,240.8,322,OK,OK,OK
2026-08-14T23:44:21.997491Z,4978,240.8,322,OK,OK,OK
2026-08-14T23:44:27.504237Z,4980,240.9,322,OK,OK,OK
2026-08-14T23:44:33.014942Z,4963,240.6,322,OK,OK,OK
2026-08-14T23:44:38.499770Z,4970,240.7,322,OK,OK,OK
2026-08-14T23:44:43.976086Z,4964,240.9,322,OK,OK,OK
2026-08-14T23:44:49.455173Z,4955,241.0,322,OK,OK,OK
2026-08-14T23:44:54.955066Z,4942,241.0,322,OK,OK,OK
2026-08-14T23:45:00.436229Z,4938,241.0,322,OK,OK,OK
2026-08-14T23:45:05.925688Z,4935,241.0,322,OK,OK,OK
2026-08-14T23:45:11.415262Z,4941,240.9,322,OK,OK,OK
2026-08-14T23:45:16.913836Z,4948,241.0,322,OK,OK,OK
2026-08-14T23:45:22.430134Z,3414,241.7,322,OK,OK,OK
2026-08-14T23:45:27.953447Z,3402,241.6,322,OK,OK,OK
2026-08-14T23:45:33.505008Z,3406,241.7,322,OK,OK,OK
2026-08-14T23:45:38.985884Z,3517,241.8,322,OK,OK,OK
2026-08-14T23:45:44.509185Z,3567,241.8,322,OK,OK,OK
2026-08-14T23:45:49.983090Z,3546,241.9,322,OK,OK,OK
2026-08-14T23:45:55.475869Z,5061,241.1,322,OK,OK,OK
2026-08-14T23:46:00.992287Z,5027,241.1,322,OK,OK,OK
2026-08-14T23:46:06.476156Z,5015,241.2,322,OK,OK,OK
2026-08-14T23:46:12.014076Z,5018,241.1,322,OK,OK,OK
2026-08-14T23:46:17.523520Z,5028,241.7,322,OK,OK,OK
2026-08-14T23:46:23.024669Z,3476,242.2,322,OK,OK,OK
2026-08-14T23:46:28.488870Z,3476,242.4,322,OK,OK,OK
2026-08-14T23:46:34.029159Z,3479,242.2,322,OK,OK,OK
2026-08-14T23:46:39.558036Z,5027,241.5,322,OK,OK,OK
2026-08-14T23:46:45.047074Z,5021,241.5,322,OK,OK,OK
2026-08-14T23:46:50.567396Z,5010,241.5,322,OK,OK,OK
2026-08-14T23:46:56.071032Z,5732,241.1,322,OK,OK,OK
2026-08-14T23:47:01.598194Z,4217,241.8,322,OK,OK,OK
2026-08-14T23:47:07.140275Z,4132,241.8,322,OK,OK,OK
2026-08-14T23:47:12.633558Z,4148,241.8,322,OK,OK,OK
2026-08-14T23:47:18.111075Z,4157,241.8,322,OK,OK,OK
2026-08-14T23:47:23.608013Z,4234,241.8,322,OK,OK,OK
2026-08-14T23:47:29.078402Z,5802,241.1,322,OK,OK,OK
2026-08-14T23:47:34.588326Z,5856,241.1,322,OK,OK,OK
2026-08-14T23:47:40.057605Z,6084,240.9,322,OK,OK,OK
2026-08-14T23:47:45.584626Z,6279,241.3,322,OK,OK,OK
2026-08-14T23:47:51.055532Z,6409,241.1,322,OK,OK,OK
2026-08-14T23:47:56.594421Z,6389,241.4,322,OK,OK,OK
2026-08-14T23:48:02.082561Z,4822,242.0,322,OK,OK,OK
2026-08-14T23:48:07.585525Z,4805,242.1,322,OK,OK,OK
2026-08-14T23:48:13.079970Z,4798,242.0,322,OK,OK,OK
2026-08-14T23:48:18.635721Z,4790,242.0,322,OK,OK,OK
2026-08-14T23:48:24.122965Z,4792,241.8,322,OK,OK,OK
2026-08-14T23:48:29.646792Z,6350,241.1,322,OK,OK,OK
2026-08-14T23:48:35.152868Z,6351,241.1,322,OK,OK,OK
2026-08-14T23:48:40.676385Z,6333,241.1,322,OK,OK,OK
2026-08-14T23:48:46.179497Z,6325,241.1,322,OK,OK,OK
2026-08-14T23:48:51.718081Z,4778,241.8,322,OK,OK,OK
2026-08-14T23:48:57.209116Z,4782,241.8,322,OK,OK,OK
2026-08-14T23:49:02.712244Z,4784,241.9,322,OK,OK,OK
2026-08-14T23:49:08.222009Z,4787,241.9,322,OK,OK,OK
2026-08-14T23:49:13.745855Z,6357,241.2,322,OK,OK,OK
2026-08-14T23:49:19.264783Z,6351,241.0,322,OK,OK,OK
2026-08-14T23:49:24.775564Z,6346,241.0,322,OK,OK,OK
2026-08-14T23:49:30.282746Z,6344,241.0,322,OK,OK,OK
2026-08-14T23:49:35.779962Z,4795,241.9,322,OK,OK,OK
2026-08-14T23:49:41.310954Z,4784,241.9,322,OK,OK,OK
2026-08-14T23:49:46.830607Z,4785,241.8,322,OK,OK,OK
2026-08-14T23:49:52.360860Z,4763,241.7,322,OK,OK,OK
2026-08-14T23:49:57.831352Z,4817,241.6,322,OK,OK,OK
2026-08-14T23:50:03.338006Z,6337,241.1,322,OK,OK,OK
2026-08-14T23:50:08.843905Z,6308,241.1,322,OK,OK,OK
2026-08-14T23:50:14.367261Z,6311,241.1,322,OK,OK,OK
2026-08-14T23:50:19.896556Z,4754,241.9,322,OK,OK,OK
2026-08-14T23:50:25.455077Z,4744,241.9,322,OK,OK,OK
2026-08-14T23:50:30.977850Z,4746,241.7,322,OK,OK,OK
2026-08-14T23:50:36.498784Z,4737,241.8,322,OK,OK,OK
2026-08-14T23:50:42.013628Z,6306,241.1,322,OK,OK,OK
2026-08-14T23:50:47.512572Z,6307,240.8,322,OK,OK,OK
2026-08-14T23:50:53.015668Z,6301,240.9,322,OK,OK,OK
2026-08-14T23:50:58.502402Z,6303,241.0,322,OK,OK,OK
2026-08-14T23:51:04.005511Z,4754,241.6,322,OK,OK,OK
2026-08-14T23:51:09.500814Z,4771,241.6,322,OK,OK,OK
2026-08-14T23:51:15.008775Z,4769,241.7,322,OK,OK,OK
2026-08-14T23:51:20.552676Z,4764,241.8,322,OK,OK,OK
2026-08-14T23:51:26.095614Z,4753,241.8,322,OK,OK,OK
2026-08-14T23:51:31.588030Z,6281,241.1,322,OK,OK,OK
2026-08-14T23:51:37.075125Z,6279,241.3,322,OK,OK,OK
2026-08-14T23:51:42.608577Z,6270,241.4,322,OK,OK,OK
2026-08-14T23:51:48.112128Z,6263,241.4,322,OK,OK,OK
2026-08-14T23:51:53.666652Z,4686,242.1,322,OK,OK,OK
2026-08-14T23:51:59.169116Z,4706,242.1,322,OK,OK,OK
2026-08-14T23:52:04.756851Z,4700,241.9,322,OK,OK,OK
2026-08-14T23:52:10.285570Z,4708,241.9,322,OK,OK,OK
2026-08-14T23:52:15.819829Z,4830,241.8,322,OK,OK,OK
2026-08-14T23:52:21.334340Z,6384,241.2,322,OK,OK,OK
2026-08-14T23:52:26.854100Z,6373,241.2,322,OK,OK,OK
2026-08-14T23:52:32.359532Z,6373,241.2,322,OK,OK,OK
2026-08-14T23:52:37.841785Z,6369,241.1,322,OK,OK,OK
2026-08-14T23:52:43.367815Z,4810,241.8,322,OK,OK,OK
2026-08-14T23:52:48.866723Z,4705,241.9,322,OK,OK,OK
2026-08-14T23:52:54.422250Z,4723,242.0,322,OK,OK,OK
2026-08-14T23:52:59.949643Z,4739,242.1,322,OK,OK,OK
2026-08-14T23:53:05.466109Z,6313,241.4,322,OK,OK,OK
2026-08-14T23:53:10.971185Z,6419,241.2,322,OK,OK,OK
2026-08-14T23:53:16.469552Z,6305,241.2,322,OK,OK,OK
2026-08-14T23:53:21.950607Z,4743,241.7,322,OK,OK,OK
2026-08-14T23:53:27.490123Z,4737,241.7,322,OK,OK,OK
2026-08-14T23:53:33.000702Z,4730,241.8,322,OK,OK,OK
2026-08-14T23:53:38.532823Z,4740,241.7,322,OK,OK,OK
2026-08-14T23:53:44.047562Z,4733,241.7,322,OK,OK,OK
2026-08-14T23:53:49.571956Z,6308,241.0,322,OK,OK,OK
2026-08-14T23:53:55.095670Z,6300,241.0,322,OK,OK,OK
2026-08-14T23:54:00.621330Z,6299,241.0,322,OK,OK,OK
2026-08-14T23:54:06.149323Z,6291,241.1,322,OK,OK,OK
2026-08-14T23:54:11.717365Z,4735,242.1,322,OK,OK,OK
2026-08-14T23:54:17.297283Z,4743,242.1,322,OK,OK,OK
2026-08-14T23:54:22.836954Z,4741,242.1,322,OK,OK,OK
2026-08-14T23:54:28.349745Z,4743,242.2,322,OK,OK,OK
2026-08-14T23:54:33.869979Z,4744,242.3,322,OK,OK,OK
2026-08-14T23:54:39.404036Z,4734,242.2,322,OK,OK,OK
2026-08-14T23:54:44.930715Z,6311,241.4,322,OK,OK,OK
2026-08-14T23:54:50.433148Z,6310,241.4,322,OK,OK,OK
2026-08-14T23:54:55.944329Z,6314,241.3,322,OK,OK,OK
2026-08-14T23:55:01.432879Z,4768,242.2,322,OK,OK,OK
2026-08-14T23:55:06.934088Z,4764,242.2,322,OK,OK,OK
2026-08-14T23:55:12.477184Z,4763,242.3,322,OK,OK,OK
2026-08-14T23:55:17.996628Z,4771,242.4,322,OK,OK,OK
2026-08-14T23:55:23.501755Z,4764,242.3,322,OK,OK,OK
2026-08-14T23:55:29.007595Z,4771,242.3,322,OK,OK,OK
2026-08-14T23:55:34.519626Z,6348,241.6,322,OK,OK,OK
2026-08-14T23:55:40.042487Z,6340,241.6,322,OK,OK,OK
2026-08-14T23:55:45.536458Z,6311,241.3,322,OK,OK,OK
2026-08-14T23:55:51.040900Z,4761,242.1,322,OK,OK,OK
2026-08-14T23:55:56.567282Z,4754,242.2,322,OK,OK,OK
2026-08-14T23:56:02.097297Z,4754,242.3,322,OK,OK,OK
2026-08-14T23:56:07.635584Z,4762,242.3,322,OK,OK,OK
2026-08-14T23:56:13.151571Z,4744,242.3,322,OK,OK,OK
2026-08-14T23:56:18.701022Z,4745,242.4,322,OK,OK,OK
2026-08-14T23:56:24.225911Z,6311,241.4,322,OK,OK,OK
2026-08-14T23:56:29.774072Z,6268,241.4,322,OK,OK,OK
2026-08-14T23:56:35.387160Z,6258,241.6,322,OK,OK,OK
2026-08-14T23:56:40.857493Z,6252,241.5,322,OK,OK,OK
2026-08-14T23:56:46.380918Z,4692,242.3,322,OK,OK,OK
2026-08-14T23:56:51.868393Z,4702,242.4,322,OK,OK,OK
2026-08-14T23:56:57.378921Z,4689,242.3,322,OK,OK,OK
2026-08-14T23:57:02.896881Z,4683,242.2,322,OK,OK,OK
2026-08-14T23:57:08.362291Z,4688,242.1,322,OK,OK,OK
2026-08-14T23:57:13.850198Z,4726,242.1,322,OK,OK,OK
2026-08-14T23:57:19.416835Z,6297,241.3,322,OK,OK,OK
2026-08-14T23:57:24.934310Z,6291,241.4,322,OK,OK,OK
2026-08-14T23:57:30.420373Z,4698,242.3,322,OK,OK,OK
2026-08-14T23:57:35.914379Z,4708,242.3,322,OK,OK,OK
2026-08-14T23:57:41.435423Z,4721,242.3,322,OK,OK,OK
2026-08-14T23:57:46.983745Z,4685,242.3,322,OK,OK,OK
2026-08-14T23:57:52.500280Z,4690,242.3,322,OK,OK,OK
2026-08-14T23:57:58.027796Z,4712,242.2,322,OK,OK,OK
2026-08-14T23:58:03.542416Z,4729,242.2,322,OK,OK,OK
2026-08-14T23:58:09.073808Z,4736,242.4,322,OK,OK,OK
2026-08-14T23:58:14.577598Z,4733,242.2,322,OK,OK,OK
2026-08-14T23:58:20.129740Z,4736,242.2,322,OK,OK,OK
2026-08-14T23:58:25.644387Z,4796,242.4,322,OK,OK,OK
2026-08-14T23:58:31.130875Z,4744,242.4,322,OK,OK,OK
2026-08-14T23:58:36.647415Z,6446,241.6,147,OK,OK,OK
2026-08-14T23:58:42.190486Z,6275,241.7,147,OK,OK,OK
2026-08-14T23:58:47.696610Z,6272,241.8,147,OK,OK,OK
2026-08-14T23:58:53.194937Z,6273,241.8,147,OK,OK,OK
2026-08-14T23:58:58.710840Z,6246,241.8,147,OK,OK,OK
2026-08-14T23:59:04.247004Z,6232,241.8,147,OK,OK,OK
2026-08-14T23:59:09.776073Z,6316,241.6,147,OK,OK,OK
2026-08-14T23:59:15.285419Z,4686,242.4,147,OK,OK,OK
2026-08-14T23:59:20.816265Z,4681,242.5,147,OK,OK,OK
2026-08-14T23:59:26.325324Z,4676,242.5,147,OK,OK,OK
2026-08-14T23:59:31.849696Z,4644,238.0,147,OK,OK,OK
2026-08-14T23:59:37.338982Z,4688,241.3,147,OK,OK,OK
2026-08-14T23:59:42.859649Z,4666,241.7,147,OK,OK,OK
2026-08-14T23:59:48.334248Z,6224,240.9,147,OK,OK,OK
2026-08-14T23:59:53.842758Z,6218,241.0,147,OK,OK,OK
2026-08-14T23:59:59.343981Z,6217,241.0,147,OK,OK,OK
2026-08-15T00:00:04.865081Z,6212,241.0,147,OK,OK,OK
2026-08-15T00:00:10.376813Z,6220,241.4,147,OK,OK,OK
2026-08-15T00:00:15.857655Z,6216,241.4,147,OK,OK,OK
2026-08-15T00:00:21.354846Z,4677,242.1,147,OK,OK,OK
2026-08-15T00:00:26.876838Z,4679,241.8,147,OK,OK,OK
2026-08-15T00:00:32.376665Z,4682,242.1,147,OK,OK,OK
2026-08-15T00:00:37.866296Z,4680,242.0,147,OK,OK,OK
2026-08-15T00:00:43.377028Z,4690,241.9,147,OK,OK,OK
2026-08-15T00:00:48.896956Z,4693,241.8,147,OK,OK,OK
2026-08-15T00:00:54.397829Z,6246,241.2,147,OK,OK,OK
2026-08-15T00:00:59.917521Z,6246,241.3,147,OK,OK,OK
2026-08-15T00:01:05.419570Z,6230,241.3,147,OK,OK,OK
2026-08-15T00:01:10.936944Z,6234,241.3,147,OK,OK,OK
2026-08-15T00:01:16.429968Z,4688,242.0,147,OK,OK,OK
2026-08-15T00:01:21.903363Z,4678,242.1,147,OK,OK,OK
2026-08-15T00:01:27.413095Z,4649,242.1,147,OK,OK,OK
2026-08-15T00:01:32.875419Z,4632,242.1,147,OK,OK,OK
2026-08-15T00:01:38.394973Z,6184,241.3,147,OK,OK,OK
2026-08-15T00:01:43.872198Z,6172,241.3,147,OK,OK,OK
2026-08-15T00:01:49.471839Z,6172,241.4,147,OK,OK,OK
2026-08-15T00:01:54.931162Z,4620,242.1,147,OK,OK,OK
2026-08-15T00:02:00.440492Z,4618,242.0,147,OK,OK,OK
2026-08-15T00:02:05.912719Z,4620,242.0,147,OK,OK,OK
2026-08-15T00:02:11.422634Z,4631,242.1,147,OK,OK,OK
2026-08-15T00:02:16.909703Z,4622,242.1,147,OK,OK,OK
2026-08-15T00:02:22.451505Z,4616,242.1,147,OK,OK,OK
2026-08-15T00:02:27.937181Z,6176,241.4,147,OK,OK,OK
2026-08-15T00:02:33.475847Z,6167,241.4,147,OK,OK,OK
2026-08-15T00:02:38.948846Z,6179,241.4,147,OK,OK,OK
2026-08-15T00:02:44.458656Z,4620,242.1,147,OK,OK,OK
2026-08-15T00:02:49.969296Z,4612,242.1,147,OK,OK,OK
2026-08-15T00:02:55.491122Z,4612,242.1,147,OK,OK,OK
2026-08-15T00:03:00.973906Z,4654,242.1,147,OK,OK,OK
2026-08-15T00:03:06.508276Z,4637,242.3,147,OK,OK,OK
2026-08-15T00:03:12.006522Z,6214,241.5,147,OK,OK,OK
2026-08-15T00:03:17.499303Z,6213,241.4,147,OK,OK,OK
2026-08-15T00:03:23.024099Z,6220,241.5,147,OK,OK,OK
2026-08-15T00:03:28.570607Z,4667,242.1,147,OK,OK,OK
2026-08-15T00:03:34.099005Z,4665,242.3,147,OK,OK,OK
2026-08-15T00:03:39.604462Z,3063,242.9,147,OK,OK,OK
2026-08-15T00:03:45.126839Z,3067,243.0,147,OK,OK,OK
2026-08-15T00:03:50.655907Z,3074,243.0,147,OK,OK,OK
2026-08-15T00:03:56.180461Z,4654,242.4,147,OK,OK,OK
2026-08-15T00:04:01.666861Z,4643,242.4,147,OK,OK,OK
2026-08-15T00:04:07.147921Z,4639,242.4,147,OK,OK,OK
2026-08-15T00:04:12.663012Z,3068,243.1,147,OK,OK,OK
2026-08-15T00:04:18.199118Z,3067,243.0,147,OK,OK,OK
2026-08-15T00:04:23.688685Z,3067,243.0,147,OK,OK,OK
2026-08-15T00:04:29.215179Z,3062,243.0,147,OK,OK,OK
2026-08-15T00:04:34.707569Z,3069,243.0,147,OK,OK,OK
2026-08-15T00:04:40.200008Z,4646,242.3,147,OK,OK,OK
2026-08-15T00:04:45.701563Z,3074,243.0,147,OK,OK,OK
2026-08-15T00:04:51.196803Z,3079,243.0,147,OK,OK,OK
2026-08-15T00:04:56.722948Z,3117,242.9,147,OK,OK,OK
2026-08-15T00:05:02.220761Z,3070,243.0,147,OK,OK,OK
2026-08-15T00:05:07.736422Z,3072,243.0,147,OK,OK,OK
2026-08-15T00:05:13.222722Z,3069,243.0,147,OK,OK,OK
2026-08-15T00:05:18.758916Z,3073,243.0,147,OK,OK,OK
2026-08-15T00:05:24.273306Z,3077,243.0,147,OK,OK,OK
2026-08-15T00:05:29.772800Z,3023,243.0,147,OK,OK,OK
2026-08-15T00:05:35.306428Z,3017,243.0,147,OK,OK,OK
2026-08-15T00:05:40.806994Z,3016,243.1,147,OK,OK,OK
2026-08-15T00:05:46.261719Z,3002,243.1,147,OK,OK,OK
2026-08-15T00:05:51.781857Z,3014,243.0,147,OK,OK,OK
2026-08-15T00:05:57.258819Z,3151,243.0,147,OK,OK,OK
2026-08-15T00:06:02.750338Z,3120,243.0,147,OK,OK,OK
2026-08-15T00:06:08.266482Z,3106,242.9,147,OK,OK,OK
2026-08-15T00:06:13.718575Z,3118,243.1,147,OK,OK,OK
2026-08-15T00:06:19.293601Z,3120,243.1,147,OK,OK,OK
2026-08-15T00:06:24.748154Z,3145,243.2,147,OK,OK,OK
2026-08-15T00:06:30.265241Z,3125,243.2,147,OK,OK,OK
2026-08-15T00:06:35.728693Z,3008,243.1,147,OK,OK,OK
2026-08-15T00:06:41.225745Z,3004,243.1,147,OK,OK,OK
2026-08-15T00:06:46.708971Z,3002,242.9,147,OK,OK,OK
2026-08-15T00:06:52.218108Z,3013,243.5,147,OK,OK,OK
2026-08-15T00:06:57.752713Z,3039,243.6,147,OK,OK,OK
2026-08-15T00:07:03.265242Z,3059,243.7,147,OK,OK,OK
2026-08-15T00:07:08.780272Z,3052,243.6,147,OK,OK,OK
2026-08-15T00:07:14.320154Z,3070,243.6,147,OK,OK,OK
2026-08-15T00:07:19.809807Z,3054,243.6,147,OK,OK,OK
2026-08-15T00:07:25.325779Z,3062,243.6,147,OK,OK,OK
2026-08-15T00:07:30.849771Z,3064,243.7,147,OK,OK,OK
2026-08-15T00:07:36.338653Z,3066,243.7,147,OK,OK,OK
2026-08-15T00:07:41.830532Z,3065,243.6,147,OK,OK,OK
2026-08-15T00:07:47.285331Z,3062,243.7,147,OK,OK,OK
2026-08-15T00:07:52.821921Z,3070,243.6,147,OK,OK,OK
2026-08-15T00:07:58.343001Z,3063,243.5,147,OK,OK,OK
2026-08-15T00:08:03.847126Z,3062,243.6,147,OK,OK,OK
2026-08-15T00:08:09.309256Z,3058,243.6,147,OK,OK,OK
2026-08-15T00:08:14.856758Z,3059,243.5,147,OK,OK,OK
2026-08-15T00:08:20.353179Z,3061,243.4,147,OK,OK,OK
2026-08-15T00:08:25.823328Z,3069,243.9,147,OK,OK,OK
2026-08-15T00:08:31.287373Z,3074,243.8,147,OK,OK,OK
2026-08-15T00:08:36.770764Z,3062,243.8,147,OK,OK,OK
2026-08-15T00:08:42.254203Z,3061,243.8,147,OK,OK,OK
2026-08-15T00:08:47.762040Z,3061,243.7,147,OK,OK,OK
2026-08-15T00:08:53.230474Z,3059,244.0,147,OK,OK,OK
2026-08-15T00:08:58.770314Z,3063,244.0,147,OK,OK,OK
2026-08-15T00:09:04.241498Z,3060,243.8,147,OK,OK,OK
2026-08-15T00:09:09.694429Z,3060,243.8,147,OK,OK,OK
2026-08-15T00:09:15.239181Z,3065,243.8,147,OK,OK,OK
2026-08-15T00:09:20.777482Z,3073,244.0,147,OK,OK,OK
2026-08-15T00:09:26.298373Z,3047,243.9,147,OK,OK,OK
2026-08-15T00:09:31.794867Z,3055,243.8,147,OK,OK,OK
2026-08-15T00:09:37.293156Z,3062,243.8,147,OK,OK,OK
2026-08-15T00:09:42.821108Z,3061,243.9,147,OK,OK,OK
2026-08-15T00:09:48.338908Z,3109,243.8,147,OK,OK,OK
2026-08-15T00:09:53.880497Z,3057,243.8,147,OK,OK,OK
2026-08-15T00:09:59.383973Z,3051,243.9,147,OK,OK,OK
2026-08-15T00:10:04.914455Z,3177,243.9,147,OK,OK,OK
2026-08-15T00:10:10.395708Z,3186,243.8,147,OK,OK,OK
2026-08-15T00:10:15.897562Z,3177,243.9,147,OK,OK,OK
2026-08-15T00:10:21.404328Z,4692,243.2,147,OK,OK,OK
2026-08-15T00:10:26.919958Z,4734,243.2,147,OK,OK,OK
2026-08-15T00:10:32.419491Z,4729,243.2,147,OK,OK,OK
2026-08-15T00:10:37.875539Z,4705,243.2,147,OK,OK,OK
2026-08-15T00:10:43.408581Z,4772,243.1,147,OK,OK,OK
2026-08-15T00:10:48.929443Z,4633,243.3,147,OK,OK,OK
2026-08-15T00:10:54.419229Z,4639,243.7,147,OK,OK,OK
2026-08-15T00:10:59.920288Z,4704,243.7,147,OK,OK,OK
2026-08-15T00:11:05.408947Z,4660,243.6,147,OK,OK,OK
2026-08-15T00:11:10.905573Z,4641,243.4,147,OK,OK,OK
2026-08-15T00:11:16.444153Z,4632,243.4,147,OK,OK,OK
2026-08-15T00:11:21.967106Z,4623,243.5,147,OK,OK,OK
2026-08-15T00:11:27.477255Z,4621,243.5,147,OK,OK,OK
2026-08-15T00:11:32.965452Z,4611,243.4,147,OK,OK,OK
2026-08-15T00:11:38.506803Z,4618,243.5,147,OK,OK,OK
2026-08-15T00:11:44.011919Z,4615,243.4,147,OK,OK,OK
2026-08-15T00:11:49.547707Z,4609,243.3,147,OK,OK,OK
2026-08-15T00:11:55.097640Z,4605,243.3,147,OK,OK,OK
2026-08-15T00:12:00.603879Z,4612,243.3,147,OK,OK,OK
2026-08-15T00:12:06.125715Z,4721,243.2,147,OK,OK,OK
2026-08-15T00:12:11.654986Z,4734,243.4,147,OK,OK,OK
2026-08-15T00:12:17.157625Z,4725,243.3,147,OK,OK,OK
2026-08-15T00:12:22.681219Z,4722,243.2,147,OK,OK,OK
2026-08-15T00:12:28.198179Z,4722,243.3,147,OK,OK,OK
2026-08-15T00:12:33.669033Z,4704,243.2,147,OK,OK,OK
2026-08-15T00:12:39.205026Z,4730,243.3,147,OK,OK,OK
2026-08-15T00:12:44.727591Z,4614,243.3,147,OK,OK,OK
2026-08-15T00:12:50.237336Z,4621,243.3,147,OK,OK,OK
2026-08-15T00:12:55.747450Z,4612,243.2,147,OK,OK,OK
2026-08-15T00:13:01.238795Z,4767,243.1,147,OK,OK,OK
2026-08-15T00:13:06.762159Z,4758,243.3,147,OK,OK,OK
2026-08-15T00:13:12.290091Z,4770,243.2,147,OK,OK,OK
2026-08-15T00:13:17.800865Z,4775,243.2,147,OK,OK,OK
2026-08-15T00:13:23.282053Z,4764,243.3,147,OK,OK,OK
2026-08-15T00:13:28.779358Z,4770,243.3,147,OK,OK,OK
2026-08-15T00:13:34.318508Z,4779,243.3,147,OK,OK,OK
2026-08-15T00:13:39.828241Z,4770,243.3,147,OK,OK,OK
2026-08-15T00:13:45.357832Z,4780,243.3,147,OK,OK,OK
2026-08-15T00:13:50.888437Z,4779,243.3,147,OK,OK,OK
2026-08-15T00:13:56.419371Z,4781,243.3,53,OK,OK,OK
2026-08-15T00:14:01.911439Z,4785,243.4,53,OK,OK,OK
2026-08-15T00:14:07.434234Z,4774,243.1,53,OK,OK,OK
2026-08-15T00:14:12.935227Z,5789,242.8,53,OK,OK,OK
2026-08-15T00:14:18.443947Z,4888,243.3,53,OK,OK,OK
2026-08-15T00:14:23.965090Z,4886,243.1,53,OK,OK,OK
2026-08-15T00:14:29.419249Z,4899,243.1,53,OK,OK,OK
2026-08-15T00:14:34.951686Z,4927,243.1,53,OK,OK,OK
2026-08-15T00:14:40.434768Z,4837,243.1,53,OK,OK,OK
2026-08-15T00:14:45.952924Z,4843,243.1,53,OK,OK,OK
2026-08-15T00:14:51.419664Z,4846,243.1,53,OK,OK,OK
2026-08-15T00:14:56.958936Z,4858,243.1,53,OK,OK,OK
2026-08-15T00:15:02.419876Z,4854,243.1,53,OK,OK,OK
2026-08-15T00:15:07.939519Z,4839,243.2,53,OK,OK,OK
2026-08-15T00:15:13.431014Z,4834,243.2,53,OK,OK,OK
2026-08-15T00:15:18.931929Z,4834,243.2,53,OK,OK,OK
2026-08-15T00:15:24.426497Z,4831,243.1,53,OK,OK,OK
2026-08-15T00:15:29.945736Z,4829,243.1,53,OK,OK,OK
2026-08-15T00:15:35.440049Z,4727,243.4,53,OK,OK,OK
2026-08-15T00:15:40.960183Z,4733,243.4,53,OK,OK,OK
2026-08-15T00:15:46.451130Z,4733,243.4,53,OK,OK,OK
2026-08-15T00:15:51.956144Z,4783,243.4,53,OK,OK,OK
2026-08-15T00:15:57.464863Z,4721,243.4,53,OK,OK,OK
2026-08-15T00:16:02.975493Z,4724,243.4,53,OK,OK,OK
2026-08-15T00:16:08.488763Z,4716,243.3,53,OK,OK,OK
2026-08-15T00:16:14.004467Z,4714,243.3,53,OK,OK,OK
2026-08-15T00:16:19.519988Z,4706,243.4,53,OK,OK,OK
2026-08-15T00:16:25.020705Z,4704,243.3,53,OK,OK,OK
2026-08-15T00:16:30.545055Z,4698,243.4,53,OK,OK,OK
2026-08-15T00:16:36.032811Z,4686,243.5,53,OK,OK,OK
2026-08-15T00:16:41.498188Z,4688,243.5,53,OK,OK,OK
2026-08-15T00:16:47.016176Z,4707,243.4,53,OK,OK,OK
2026-08-15T00:16:52.511171Z,4695,243.3,53,OK,OK,OK
2026-08-15T00:16:58.002991Z,4690,243.3,53,OK,OK,OK
2026-08-15T00:17:03.489516Z,4740,243.3,53,OK,OK,OK
2026-08-15T00:17:09.023054Z,4751,243.2,53,OK,OK,OK
2026-08-15T00:17:14.570845Z,4753,243.2,53,OK,OK,OK
2026-08-15T00:17:20.048950Z,4753,243.3,53,OK,OK,OK
2026-08-15T00:17:25.552574Z,4758,243.3,53,OK,OK,OK
2026-08-15T00:17:31.067710Z,4744,243.3,53,OK,OK,OK
2026-08-15T00:17:36.615412Z,4758,243.3,53,OK,OK,OK
2026-08-15T00:17:42.091354Z,4762,243.3,53,OK,OK,OK
2026-08-15T00:17:47.613042Z,4765,243.1,53,OK,OK,OK
2026-08-15T00:17:53.128783Z,4792,243.0,53,OK,OK,OK
2026-08-15T00:17:58.615570Z,4780,243.1,53,OK,OK,OK
2026-08-15T00:18:04.111025Z,4775,243.0,53,OK,OK,OK
2026-08-15T00:18:09.625466Z,4776,242.9,53,OK,OK,OK
2026-08-15T00:18:15.199398Z,4781,243.0,53,OK,OK,OK
2026-08-15T00:18:20.757112Z,4775,243.0,53,OK,OK,OK
2026-08-15T00:18:26.287830Z,4766,243.0,53,OK,OK,OK
2026-08-15T00:18:31.767867Z,4777,242.9,53,OK,OK,OK
2026-08-15T00:18:37.259812Z,4729,243.0,53,OK,OK,OK
2026-08-15T00:18:42.781520Z,4779,242.9,53,OK,OK,OK
2026-08-15T00:18:48.330171Z,4788,242.9,53,OK,OK,OK
2026-08-15T00:18:53.807152Z,4767,242.9,53,OK,OK,OK
2026-08-15T00:18:59.330149Z,4790,242.9,53,OK,OK,OK
2026-08-15T00:19:04.798557Z,4770,242.9,53,OK,OK,OK
2026-08-15T00:19:10.339066Z,4763,242.9,53,OK,OK,OK
2026-08-15T00:19:15.855846Z,4774,242.9,53,OK,OK,OK
2026-08-15T00:19:21.354011Z,4774,242.9,53,OK,OK,OK
2026-08-15T00:19:26.828621Z,4752,242.8,53,OK,OK,OK
2026-08-15T00:19:32.349870Z,4784,242.9,53,OK,OK,OK
2026-08-15T00:19:37.836776Z,4784,242.9,53,OK,OK,OK
2026-08-15T00:19:43.345557Z,4706,243.0,53,OK,OK,OK
2026-08-15T00:19:48.856870Z,4728,243.0,53,OK,OK,OK
2026-08-15T00:19:54.326223Z,4717,243.0,53,OK,OK,OK
2026-08-15T00:19:59.853024Z,4723,243.0,53,OK,OK,OK
2026-08-15T00:20:05.313122Z,4726,243.1,53,OK,OK,OK
2026-08-15T00:20:10.833966Z,4719,243.1,53,OK,OK,OK
2026-08-15T00:20:16.292828Z,4721,243.2,53,OK,OK,OK
2026-08-15T00:20:21.802082Z,4714,243.0,53,OK,OK,OK
2026-08-15T00:20:27.290268Z,4722,243.1,53,OK,OK,OK
2026-08-15T00:20:32.802105Z,4741,243.2,53,OK,OK,OK
2026-08-15T00:20:38.333120Z,4746,243.2,53,OK,OK,OK
2026-08-15T00:20:43.842034Z,4742,243.2,53,OK,OK,OK
2026-08-15T00:20:49.330325Z,4746,243.2,53,OK,OK,OK
2026-08-15T00:20:54.828393Z,4736,242.3,53,OK,OK,OK
2026-08-15T00:21:00.337353Z,4721,242.4,53,OK,OK,OK
2026-08-15T00:21:05.847867Z,4726,242.4,53,OK,OK,OK
2026-08-15T00:21:11.362747Z,4729,242.6,53,OK,OK,OK
2026-08-15T00:21:16.921376Z,4727,242.6,53,OK,OK,OK
2026-08-15T00:21:22.447463Z,4730,242.6,53,OK,OK,OK
2026-08-15T00:21:27.939630Z,4755,242.5,53,OK,OK,OK
2026-08-15T00:21:33.454284Z,4729,242.6,53,OK,OK,OK
2026-08-15T00:21:41.960743Z,4733,242.7,53,OK,OK,OK
2026-08-15T00:21:47.462086Z,4748,242.7,53,OK,OK,OK
2026-08-15T00:21:52.989317Z,4753,242.7,53,OK,OK,OK
2026-08-15T00:21:58.470248Z,4737,242.7,53,OK,OK,OK
2026-08-15T00:22:03.974824Z,4717,242.7,53,OK,OK,OK
2026-08-15T00:22:09.507839Z,4711,242.7,53,OK,OK,OK
2026-08-15T00:22:15.050005Z,4729,242.7,53,OK,OK,OK
2026-08-15T00:22:20.557452Z,4704,242.7,53,OK,OK,OK
2026-08-15T00:22:26.041492Z,4690,242.7,53,OK,OK,OK
2026-08-15T00:22:31.560382Z,4704,242.7,53,OK,OK,OK
2026-08-15T00:22:37.077527Z,4707,242.7,53,OK,OK,OK
2026-08-15T00:22:42.639487Z,4696,242.7,53,OK,OK,OK
2026-08-15T00:22:48.159704Z,4720,242.8,53,OK,OK,OK
2026-08-15T00:22:53.687900Z,4696,242.8,53,OK,OK,OK
2026-08-15T00:22:59.190650Z,4714,242.3,53,OK,OK,OK
2026-08-15T00:23:04.761906Z,4682,242.3,53,OK,OK,OK
2026-08-15T00:23:10.271650Z,4734,242.2,53,OK,OK,OK
2026-08-15T00:23:15.784704Z,4709,242.3,53,OK,OK,OK
2026-08-15T00:23:21.316929Z,4705,242.3,53,OK,OK,OK
2026-08-15T00:23:26.829412Z,4703,242.3,53,OK,OK,OK
2026-08-15T00:23:32.292213Z,4696,242.3,53,OK,OK,OK
2026-08-15T00:23:37.829696Z,4703,242.3,53,OK,OK,OK
2026-08-15T00:23:43.344574Z,4694,242.3,53,OK,OK,OK
2026-08-15T00:23:48.855322Z,4709,242.3,53,OK,OK,OK
2026-08-15T00:23:54.386959Z,4698,242.3,53,OK,OK,OK
2026-08-15T00:23:59.892001Z,4700,242.3,53,OK,OK,OK
2026-08-15T00:24:05.374356Z,4713,242.3,53,OK,OK,OK
2026-08-15T00:24:10.929321Z,4704,242.2,53,OK,OK,OK
2026-08-15T00:24:16.442144Z,4696,242.4,53,OK,OK,OK
2026-08-15T00:24:21.957202Z,4693,242.4,53,OK,OK,OK
2026-08-15T00:24:27.452101Z,4694,242.4,53,OK,OK,OK
2026-08-15T00:24:32.972948Z,4693,242.2,53,OK,OK,OK
2026-08-15T00:24:38.511329Z,4695,242.3,53,OK,OK,OK
2026-08-15T00:24:44.019632Z,4691,242.4,53,OK,OK,OK
2026-08-15T00:24:49.543545Z,4687,242.4,53,OK,OK,OK
2026-08-15T00:24:55.077655Z,4684,242.4,53,OK,OK,OK
2026-08-15T00:25:00.604557Z,4680,242.4,53,OK,OK,OK
2026-08-15T00:25:06.163611Z,4671,242.4,53,OK,OK,OK
2026-08-15T00:25:11.690885Z,4686,242.3,53,OK,OK,OK
2026-08-15T00:25:17.198191Z,4685,242.4,53,OK,OK,OK
2026-08-15T00:25:22.697007Z,4675,242.4,53,OK,OK,OK
2026-08-15T00:25:28.205244Z,4687,242.3,53,OK,OK,OK
2026-08-15T00:25:33.711732Z,4720,242.2,53,OK,OK,OK
2026-08-15T00:25:39.236857Z,4737,242.3,53,OK,OK,OK
2026-08-15T00:25:44.732854Z,4747,242.5,53,OK,OK,OK
2026-08-15T00:25:50.208345Z,4744,242.5,53,OK,OK,OK
2026-08-15T00:25:55.719349Z,4752,242.5,53,OK,OK,OK
2026-08-15T00:26:01.203161Z,4746,241.9,53,OK,OK,OK
2026-08-15T00:26:06.698154Z,4756,242.1,53,OK,OK,OK
2026-08-15T00:26:12.199880Z,4757,242.1,53,OK,OK,OK
2026-08-15T00:26:17.688272Z,4762,242.1,53,OK,OK,OK
2026-08-15T00:26:23.156364Z,4745,242.0,53,OK,OK,OK
2026-08-15T00:26:28.622400Z,4742,242.0,53,OK,OK,OK
2026-08-15T00:26:34.090363Z,4736,241.9,53,OK,OK,OK
2026-08-15T00:26:39.610756Z,4760,242.1,53,OK,OK,OK
2026-08-15T00:26:45.141362Z,4755,242.1,53,OK,OK,OK
2026-08-15T00:26:50.610029Z,4764,242.1,53,OK,OK,OK
2026-08-15T00:26:56.108176Z,4763,242.1,53,OK,OK,OK
2026-08-15T00:27:01.658299Z,4777,242.0,53,OK,OK,OK
2026-08-15T00:27:07.191096Z,4758,242.2,53,OK,OK,OK
2026-08-15T00:27:12.643472Z,4791,242.2,53,OK,OK,OK
2026-08-15T00:27:18.173395Z,4779,242.1,53,OK,OK,OK
2026-08-15T00:27:23.744665Z,4770,242.2,53,OK,OK,OK
2026-08-15T00:27:29.258181Z,4766,242.2,53,OK,OK,OK
2026-08-15T00:27:34.758879Z,4733,242.3,53,OK,OK,OK
2026-08-15T00:27:40.250994Z,4708,242.3,53,OK,OK,OK
2026-08-15T00:27:45.757283Z,4704,242.5,53,OK,OK,OK
2026-08-15T00:27:51.226592Z,4708,242.5,53,OK,OK,OK
2026-08-15T00:27:56.745689Z,4714,243.2,53,OK,OK,OK
2026-08-15T00:28:02.250041Z,4682,243.1,53,OK,OK,OK
2026-08-15T00:28:07.756875Z,4673,243.0,53,OK,OK,OK
2026-08-15T00:28:13.273372Z,4678,243.0,53,OK,OK,OK
2026-08-15T00:28:18.820059Z,4680,243.2,53,OK,OK,OK
2026-08-15T00:28:24.324789Z,4694,243.2,53,OK,OK,OK
2026-08-15T00:28:29.848756Z,4718,243.1,53,OK,OK,OK
2026-08-15T00:28:35.436126Z,4711,243.0,53,OK,OK,OK
2026-08-15T00:28:40.972189Z,4711,243.1,53,OK,OK,OK
2026-08-15T00:28:46.473002Z,4707,243.0,53,OK,OK,OK
2026-08-15T00:28:51.972900Z,4705,243.1,53,OK,OK,OK
2026-08-15T00:28:57.482495Z,4710,243.2,53,OK,OK,OK
2026-08-15T00:29:02.986450Z,4736,243.2,53,OK,OK,OK
2026-08-15T00:29:08.479966Z,3172,243.9,53,OK,OK,OK
2026-08-15T00:29:13.972937Z,3180,243.9,5,OK,OK,OK
2026-08-15T00:29:19.463616Z,3382,243.8,5,OK,OK,OK
2026-08-15T00:29:24.975334Z,5005,243.4,5,OK,OK,OK
2026-08-15T00:29:30.524552Z,5032,243.4,5,OK,OK,OK
2026-08-15T00:29:36.009511Z,5080,243.4,5,OK,OK,OK
2026-08-15T00:29:41.529502Z,5061,243.4,5,OK,OK,OK
2026-08-15T00:29:47.059992Z,5051,243.4,5,OK,OK,OK
2026-08-15T00:29:52.570589Z,5074,243.4,5,OK,OK,OK
2026-08-15T00:29:58.065606Z,5068,243.4,5,OK,OK,OK
2026-08-15T00:30:03.589667Z,5098,242.4,5,OK,OK,OK
2026-08-15T00:30:09.109632Z,5045,242.6,5,OK,OK,OK
2026-08-15T00:30:14.619672Z,5050,242.6,5,OK,OK,OK
2026-08-15T00:30:20.134373Z,3383,243.4,5,OK,OK,OK
2026-08-15T00:30:25.660381Z,3394,243.3,5,OK,OK,OK
2026-08-15T00:30:31.176381Z,3415,243.4,5,OK,OK,OK
2026-08-15T00:30:36.685317Z,3386,243.4,5,OK,OK,OK
2026-08-15T00:30:42.177642Z,3406,243.3,5,OK,OK,OK
2026-08-15T00:30:47.699374Z,3404,243.3,5,OK,OK,OK
2026-08-15T00:30:53.227070Z,3399,243.2,5,OK,OK,OK
2026-08-15T00:30:58.733559Z,3388,243.2,5,OK,OK,OK
2026-08-15T00:31:04.234905Z,3366,243.3,5,OK,OK,OK
2026-08-15T00:31:09.768374Z,3358,243.3,5,OK,OK,OK
2026-08-15T00:31:15.287082Z,3364,243.3,5,OK,OK,OK
2026-08-15T00:31:20.792501Z,3344,243.3,5,OK,OK,OK
2026-08-15T00:31:26.351828Z,3343,243.4,5,OK,OK,OK
2026-08-15T00:31:31.853397Z,3111,243.5,5,OK,OK,OK
2026-08-15T00:31:37.373018Z,3119,243.5,5,OK,OK,OK
2026-08-15T00:31:42.908944Z,3112,243.4,5,OK,OK,OK
2026-08-15T00:31:48.448529Z,3126,243.4,5,OK,OK,OK
2026-08-15T00:31:53.925414Z,3098,243.3,5,OK,OK,OK
2026-08-15T00:31:59.435530Z,3110,243.3,5,OK,OK,OK
2026-08-15T00:32:04.951654Z,3099,243.3,5,OK,OK,OK
2026-08-15T00:32:10.489793Z,3115,243.3,5,OK,OK,OK
2026-08-15T00:32:16.018358Z,3109,243.3,5,OK,OK,OK
2026-08-15T00:32:21.523771Z,3108,243.2,5,OK,OK,OK
2026-08-15T00:32:27.078311Z,3130,243.2,5,OK,OK,OK
2026-08-15T00:32:32.558506Z,3123,243.2,5,OK,OK,OK
2026-08-15T00:32:38.076461Z,3123,243.3,5,OK,OK,OK
2026-08-15T00:32:43.586861Z,3117,243.2,5,OK,OK,OK
2026-08-15T00:32:49.101583Z,3128,243.3,5,OK,OK,OK
2026-08-15T00:32:54.623201Z,3160,243.1,5,OK,OK,OK
2026-08-15T00:33:00.122938Z,3137,243.2,5,OK,OK,OK
2026-08-15T00:33:05.664526Z,3154,243.2,5,OK,OK,OK
2026-08-15T00:33:11.185062Z,3092,243.2,5,OK,OK,OK
2026-08-15T00:33:16.688350Z,3101,243.2,5,OK,OK,OK
2026-08-15T00:33:22.174938Z,3088,243.1,5,OK,OK,OK
2026-08-15T00:33:27.635112Z,3090,243.0,5,OK,OK,OK
2026-08-15T00:33:33.130771Z,3084,243.0,5,OK,OK,OK
2026-08-15T00:33:38.635749Z,3092,243.1,5,OK,OK,OK
2026-08-15T00:33:44.112161Z,3109,243.1,5,OK,OK,OK
2026-08-15T00:33:49.635842Z,3116,243.1,5,OK,OK,OK
2026-08-15T00:33:55.180874Z,3084,243.0,5,OK,OK,OK
2026-08-15T00:34:00.704868Z,3093,243.0,5,OK,OK,OK
2026-08-15T00:34:06.220767Z,3102,242.9,5,OK,OK,OK
2026-08-15T00:34:11.729952Z,3092,242.9,5,OK,OK,OK
2026-08-15T00:34:17.217449Z,3087,242.9,5,OK,OK,OK
2026-08-15T00:34:22.749971Z,3092,243.0,5,OK,OK,OK
2026-08-15T00:34:28.282973Z,3086,242.9,5,OK,OK,OK
2026-08-15T00:34:33.795336Z,3077,242.9,5,OK,OK,OK
2026-08-15T00:34:39.324145Z,3092,242.9,5,OK,OK,OK
2026-08-15T00:34:44.821606Z,3070,242.9,5,OK,OK,OK
2026-08-15T00:34:50.353302Z,3083,243.0,5,OK,OK,OK
2026-08-15T00:34:55.857690Z,3094,243.0,5,OK,OK,OK
2026-08-15T00:35:01.419106Z,3087,243.0,5,OK,OK,OK
2026-08-15T00:35:06.930957Z,3103,242.9,5,OK,OK,OK
2026-08-15T00:35:12.439596Z,3154,243.0,5,OK,OK,OK
2026-08-15T00:35:17.941220Z,3247,242.9,5,OK,OK,OK
2026-08-15T00:35:23.472867Z,3338,242.9,5,OK,OK,OK
2026-08-15T00:35:28.993345Z,3376,242.8,5,OK,OK,OK
2026-08-15T00:35:34.502794Z,3426,242.8,5,OK,OK,OK
2026-08-15T00:35:39.976628Z,3441,242.9,5,OK,OK,OK
2026-08-15T00:35:45.482807Z,3442,242.9,5,OK,OK,OK
2026-08-15T00:35:50.998726Z,3463,242.9,5,OK,OK,OK
2026-08-15T00:35:56.485366Z,3492,242.9,5,OK,OK,OK
2026-08-15T00:36:02.002934Z,3508,242.9,5,OK,OK,OK
2026-08-15T00:36:07.509404Z,3511,242.9,5,OK,OK,OK
2026-08-15T00:36:13.034015Z,3498,242.9,5,OK,OK,OK
2026-08-15T00:36:18.564677Z,3511,242.9,5,OK,OK,OK
2026-08-15T00:36:24.082370Z,3526,242.9,5,OK,OK,OK
2026-08-15T00:36:29.555118Z,3505,242.9,5,OK,OK,OK
2026-08-15T00:36:35.065266Z,3521,242.9,5,OK,OK,OK
2026-08-15T00:36:40.593981Z,3492,243.0,5,OK,OK,OK
2026-08-15T00:36:46.134729Z,3485,242.9,5,OK,OK,OK
2026-08-15T00:36:51.640364Z,3449,242.9,5,OK,OK,OK
2026-08-15T00:36:57.166048Z,3396,242.9,5,OK,OK,OK
2026-08-15T00:37:02.673493Z,3331,242.9,5,OK,OK,OK
2026-08-15T00:37:08.181051Z,3351,242.8,5,OK,OK,OK
2026-08-15T00:37:13.687531Z,3331,242.7,5,OK,OK,OK
2026-08-15T00:37:19.210550Z,3348,242.9,5,OK,OK,OK
2026-08-15T00:37:24.749531Z,3357,242.9,5,OK,OK,OK
2026-08-15T00:37:30.255124Z,3346,242.8,5,OK,OK,OK
2026-08-15T00:37:35.764034Z,3357,242.8,5,OK,OK,OK
2026-08-15T00:37:41.308216Z,3329,242.6,5,OK,OK,OK
2026-08-15T00:37:46.801247Z,3317,242.7,5,OK,OK,OK
2026-08-15T00:37:52.322089Z,3389,242.7,5,OK,OK,OK
2026-08-15T00:37:57.782021Z,3373,242.7,5,OK,OK,OK
2026-08-15T00:38:03.298213Z,3370,242.7,5,OK,OK,OK
2026-08-15T00:38:08.821433Z,3391,242.6,5,OK,OK,OK
2026-08-15T00:38:14.309484Z,3364,242.9,5,OK,OK,OK
2026-08-15T00:38:19.830367Z,3373,242.7,5,OK,OK,OK
2026-08-15T00:38:25.373904Z,3427,242.8,5,OK,OK,OK
2026-08-15T00:38:30.863863Z,3424,242.7,5,OK,OK,OK
2026-08-15T00:38:36.390059Z,3428,242.8,5,OK,OK,OK
2026-08-15T00:38:41.863032Z,3408,242.8,5,OK,OK,OK
2026-08-15T00:38:47.388361Z,3421,242.8,5,OK,OK,OK
2026-08-15T00:38:52.843803Z,3435,242.8,5,OK,OK,OK
2026-08-15T00:38:58.382954Z,3433,242.7,5,OK,OK,OK
2026-08-15T00:39:03.856498Z,3426,242.8,5,OK,OK,OK
2026-08-15T00:39:09.380954Z,3422,242.8,5,OK,OK,OK
2026-08-15T00:39:14.868112Z,3421,242.8,5,OK,OK,OK
2026-08-15T00:39:20.382381Z,3417,242.9,5,OK,OK,OK
2026-08-15T00:39:25.880706Z,3415,242.9,5,OK,OK,OK
2026-08-15T00:39:31.364156Z,3416,243.0,5,OK,OK,OK
2026-08-15T00:39:36.908349Z,3429,242.9,5,OK,OK,OK
2026-08-15T00:39:42.408006Z,3411,242.8,5,OK,OK,OK
2026-08-15T00:39:47.872681Z,3417,243.0,5,OK,OK,OK
2026-08-15T00:39:53.381120Z,3415,242.8,5,OK,OK,OK
2026-08-15T00:39:58.903256Z,3400,243.0,5,OK,OK,OK
2026-08-15T00:40:04.414778Z,3433,242.8,5,OK,OK,OK
2026-08-15T00:40:09.934362Z,3426,242.7,5,OK,OK,OK
2026-08-15T00:40:15.457539Z,3471,242.8,5,OK,OK,OK
2026-08-15T00:40:20.997339Z,3395,243.1,5,OK,OK,OK
2026-08-15T00:40:26.502873Z,3370,242.8,5,OK,OK,OK
2026-08-15T00:40:31.988263Z,3360,242.7,5,OK,OK,OK
2026-08-15T00:40:37.489986Z,3352,242.8,5,OK,OK,OK
2026-08-15T00:40:43.027248Z,3358,242.8,5,OK,OK,OK
2026-08-15T00:40:48.536450Z,3353,242.8,5,OK,OK,OK
2026-08-15T00:40:53.997806Z,3360,242.9,5,OK,OK,OK
2026-08-15T00:40:59.515254Z,3352,242.9,5,OK,OK,OK
2026-08-15T00:41:04.992490Z,3365,243.0,5,OK,OK,OK
2026-08-15T00:41:10.509149Z,3351,242.9,5,OK,OK,OK
2026-08-15T00:41:16.033168Z,3366,242.9,5,OK,OK,OK
2026-08-15T00:41:21.562881Z,3364,242.9,5,OK,OK,OK
2026-08-15T00:41:27.070380Z,3362,242.8,5,OK,OK,OK
2026-08-15T00:41:32.562322Z,3361,242.8,5,OK,OK,OK
2026-08-15T00:41:38.085897Z,3341,242.8,5,OK,OK,OK
2026-08-15T00:41:43.609573Z,3352,242.8,5,OK,OK,OK
2026-08-15T00:41:49.117706Z,3346,242.8,5,OK,OK,OK
2026-08-15T00:41:54.655359Z,3365,242.8,5,OK,OK,OK
2026-08-15T00:42:00.122112Z,3358,242.8,5,OK,OK,OK
2026-08-15T00:42:05.621954Z,3365,242.8,5,OK,OK,OK
2026-08-15T00:42:11.156646Z,3413,242.8,5,OK,OK,OK
2026-08-15T00:42:16.685219Z,3334,241.5,5,OK,OK,OK
2026-08-15T00:42:22.159933Z,3339,241.9,5,OK,OK,OK
2026-08-15T00:42:27.714738Z,3334,241.8,5,OK,OK,OK
2026-08-15T00:42:33.221143Z,3333,242.0,5,OK,OK,OK
2026-08-15T00:42:38.707714Z,3339,241.8,5,OK,OK,OK
2026-08-15T00:42:44.202559Z,3334,241.9,5,OK,OK,OK
2026-08-15T00:42:49.724628Z,3337,241.9,5,OK,OK,OK
2026-08-15T00:42:55.248889Z,3338,241.8,5,OK,OK,OK
2026-08-15T00:43:00.703992Z,3341,241.7,5,OK,OK,OK
2026-08-15T00:43:06.215858Z,3337,241.7,5,OK,OK,OK
2026-08-15T00:43:11.690849Z,3329,241.7,5,OK,OK,OK
2026-08-15T00:43:17.201491Z,3427,241.8,5,OK,OK,OK
2026-08-15T00:43:22.670847Z,3311,241.8,5,OK,OK,OK
2026-08-15T00:43:28.193481Z,3305,241.7,5,OK,OK,OK
2026-08-15T00:43:33.666732Z,3293,241.8,5,OK,OK,OK
2026-08-15T00:43:39.162453Z,3295,241.9,5,OK,OK,OK
2026-08-15T00:43:44.615377Z,3294,241.8,5,OK,OK,OK
2026-08-15T00:43:50.137980Z,3288,241.8,5,OK,OK,OK
2026-08-15T00:43:55.649374Z,3299,241.8,5,OK,OK,OK
2026-08-15T00:44:01.156848Z,3300,241.8,5,OK,OK,OK
2026-08-15T00:44:06.695150Z,3219,241.7,5,OK,OK,OK
2026-08-15T00:44:12.199059Z,3253,241.8,5,OK,OK,OK
2026-08-15T00:44:17.721852Z,3210,241.8,5,OK,OK,OK
2026-08-15T00:44:23.212997Z,3216,242.0,5,OK,OK,OK
2026-08-15T00:44:28.717018Z,3212,241.9,5,OK,OK,OK
2026-08-15T00:44:34.239768Z,3220,241.8,0,OK,OK,OK
2026-08-15T00:44:39.728863Z,3234,242.2,0,OK,OK,OK
2026-08-15T00:44:45.263083Z,3221,242.2,0,OK,OK,OK
2026-08-15T00:44:50.792570Z,3214,242.2,0,OK,OK,OK
2026-08-15T00:44:56.325547Z,3218,242.3,0,OK,OK,OK
2026-08-15T00:45:01.800292Z,3220,242.3,0,OK,OK,OK
2026-08-15T00:45:07.309558Z,3216,242.2,0,OK,OK,OK
2026-08-15T00:45:12.816484Z,3210,242.3,0,OK,OK,OK
2026-08-15T00:45:18.349159Z,3225,242.3,0,OK,OK,OK
2026-08-15T00:45:23.854825Z,3220,242.3,0,OK,OK,OK
2026-08-15T00:45:29.390456Z,3222,242.3,0,OK,OK,OK
2026-08-15T00:45:34.886082Z,3218,242.3,0,OK,OK,OK
2026-08-15T00:45:40.402825Z,3217,242.5,0,OK,OK,OK
2026-08-15T00:45:45.919247Z,3208,242.4,0,OK,OK,OK
2026-08-15T00:45:51.433150Z,3102,242.5,0,OK,OK,OK
2026-08-15T00:45:56.940679Z,3101,242.5,0,OK,OK,OK
2026-08-15T00:46:02.445326Z,3108,242.5,0,OK,OK,OK
2026-08-15T00:46:07.919404Z,3089,242.5,0,OK,OK,OK
2026-08-15T00:46:13.371007Z,3105,242.5,0,OK,OK,OK
2026-08-15T00:46:18.875204Z,3102,242.5,0,OK,OK,OK
2026-08-15T00:46:24.351485Z,3099,242.5,0,OK,OK,OK
2026-08-15T00:46:29.887652Z,3098,242.5,0,OK,OK,OK
2026-08-15T00:46:35.363467Z,3103,242.5,0,OK,OK,OK
2026-08-15T00:46:40.884352Z,3102,242.5,0,OK,OK,OK
2026-08-15T00:46:46.377441Z,3107,242.5,0,OK,OK,OK
2026-08-15T00:46:51.898608Z,3244,242.5,0,OK,OK,OK
2026-08-15T00:46:57.372158Z,3101,242.5,0,OK,OK,OK
2026-08-15T00:47:02.913268Z,3108,242.4,0,OK,OK,OK
2026-08-15T00:47:08.400712Z,3087,242.4,0,OK,OK,OK
2026-08-15T00:47:13.922308Z,3110,242.3,0,OK,OK,OK
2026-08-15T00:47:19.430017Z,3086,242.4,0,OK,OK,OK
2026-08-15T00:47:24.946898Z,3101,242.4,0,OK,OK,OK
2026-08-15T00:47:30.427741Z,3117,242.5,0,OK,OK,OK
2026-08-15T00:47:35.966226Z,3091,242.4,0,OK,OK,OK
2026-08-15T00:47:41.440001Z,3099,242.4,0,OK,OK,OK
2026-08-15T00:47:46.908358Z,3103,242.4,0,OK,OK,OK
2026-08-15T00:47:52.473936Z,3094,242.3,0,OK,OK,OK
2026-08-15T00:47:58.005167Z,3102,242.4,0,OK,OK,OK
2026-08-15T00:48:03.520335Z,3103,242.5,0,OK,OK,OK
2026-08-15T00:48:09.036350Z,3106,242.4,0,OK,OK,OK
2026-08-15T00:48:14.566966Z,3102,242.4,0,OK,OK,OK
2026-08-15T00:48:20.073300Z,3097,242.4,0,OK,OK,OK
2026-08-15T00:48:25.574055Z,3132,242.4,0,OK,OK,OK
2026-08-15T00:48:31.077655Z,3104,242.4,0,OK,OK,OK
2026-08-15T00:48:36.566050Z,3126,242.4,0,OK,OK,OK
2026-08-15T00:48:42.091369Z,3105,242.4,0,OK,OK,OK
2026-08-15T00:48:47.620510Z,3118,242.4,0,OK,OK,OK
2026-08-15T00:48:53.160244Z,3111,243.1,0,OK,OK,OK
2026-08-15T00:48:58.665603Z,3114,243.0,0,OK,OK,OK
2026-08-15T00:49:04.180129Z,3087,243.0,0,OK,OK,OK
2026-08-15T00:49:09.702720Z,3090,243.0,0,OK,OK,OK
2026-08-15T00:49:15.257224Z,3086,243.0,0,OK,OK,OK
2026-08-15T00:49:20.803418Z,3077,243.0,0,OK,OK,OK
2026-08-15T00:49:26.317145Z,3094,242.9,0,OK,OK,OK
2026-08-15T00:49:31.822626Z,3085,243.0,0,OK,OK,OK
2026-08-15T00:49:37.349766Z,3090,243.0,0,OK,OK,OK
2026-08-15T00:49:42.871938Z,3071,243.0,0,OK,OK,OK
2026-08-15T00:49:48.402305Z,3091,242.9,0,OK,OK,OK
2026-08-15T00:49:53.897348Z,3088,243.0,0,OK,OK,OK
2026-08-15T00:49:59.429684Z,3083,243.0,0,OK,OK,OK
2026-08-15T00:50:04.951920Z,3073,242.9,0,OK,OK,OK
2026-08-15T00:50:10.433961Z,3075,242.9,0,OK,OK,OK
2026-08-15T00:50:15.953609Z,3082,243.2,0,OK,OK,OK
2026-08-15T00:50:21.448702Z,3119,243.2,0,OK,OK,OK
2026-08-15T00:50:26.968221Z,3223,243.4,0,OK,OK,OK
2026-08-15T00:50:32.499032Z,3092,243.3,0,OK,OK,OK
2026-08-15T00:50:38.053231Z,3082,243.3,0,OK,OK,OK
2026-08-15T00:50:43.552359Z,3095,243.3,0,OK,OK,OK
2026-08-15T00:50:49.017102Z,3092,243.4,0,OK,OK,OK
2026-08-15T00:50:54.502415Z,3113,243.5,0,OK,OK,OK
2026-08-15T00:51:00.010433Z,3096,243.4,0,OK,OK,OK
2026-08-15T00:51:05.522963Z,3098,243.4,0,OK,OK,OK
2026-08-15T00:51:10.995057Z,3099,243.4,0,OK,OK,OK
2026-08-15T00:51:16.512731Z,3097,243.2,0,OK,OK,OK
2026-08-15T00:51:22.032323Z,3090,243.2,0,OK,OK,OK
2026-08-15T00:51:27.509678Z,3127,243.3,0,OK,OK,OK
2026-08-15T00:51:33.025879Z,3095,243.3,0,OK,OK,OK
2026-08-15T00:51:38.557729Z,3100,243.4,0,OK,OK,OK
2026-08-15T00:51:44.068664Z,3095,243.4,0,OK,OK,OK
2026-08-15T00:51:49.633323Z,3101,243.4,0,OK,OK,OK
2026-08-15T00:51:55.112724Z,3058,243.5,0,OK,OK,OK
2026-08-15T00:52:00.621159Z,3072,243.5,0,OK,OK,OK
2026-08-15T00:52:06.161072Z,3075,243.5,0,OK,OK,OK
2026-08-15T00:52:11.668414Z,3073,243.5,0,OK,OK,OK
2026-08-15T00:52:17.171990Z,3065,243.6,0,OK,OK,OK
2026-08-15T00:52:22.666381Z,3059,243.5,0,OK,OK,OK
2026-08-15T00:52:28.167694Z,3062,243.4,0,OK,OK,OK
2026-08-15T00:52:33.667157Z,3057,243.5,0,OK,OK,OK
2026-08-15T00:52:39.173270Z,3052,243.4,0,OK,OK,OK
2026-08-15T00:52:44.676964Z,3065,243.5,0,OK,OK,OK
2026-08-15T00:52:50.211461Z,3059,243.7,0,OK,OK,OK
2026-08-15T00:52:55.667481Z,3062,243.6,0,OK,OK,OK
2026-08-15T00:53:01.173131Z,3055,243.7,0,OK,OK,OK
2026-08-15T00:53:06.634867Z,3062,243.7,0,OK,OK,OK
2026-08-15T00:53:12.132519Z,3052,243.5,0,OK,OK,OK
2026-08-15T00:53:17.598760Z,3051,243.5,0,OK,OK,OK
2026-08-15T00:53:23.139212Z,3055,243.5,0,OK,OK,OK
2026-08-15T00:53:28.627789Z,3039,243.5,0,OK,OK,OK
2026-08-15T00:53:34.152963Z,3049,243.2,0,OK,OK,OK
2026-08-15T00:53:39.641138Z,3044,243.5,0,OK,OK,OK
2026-08-15T00:53:45.143747Z,3068,243.5,0,OK,OK,OK
2026-08-15T00:53:50.684841Z,3057,243.5,0,OK,OK,OK
2026-08-15T00:53:56.180920Z,3053,243.5,0,OK,OK,OK
2026-08-15T00:54:01.663890Z,3054,243.5,0,OK,OK,OK
2026-08-15T00:54:07.167443Z,3057,243.6,0,OK,OK,OK
2026-08-15T00:54:12.693745Z,3060,243.5,0,OK,OK,OK
2026-08-15T00:54:18.212192Z,3063,243.8,0,OK,OK,OK
2026-08-15T00:54:23.722157Z,3057,243.6,0,OK,OK,OK
2026-08-15T00:54:29.216569Z,3090,243.7,0,OK,OK,OK
2026-08-15T00:54:34.733398Z,3107,243.6,0,OK,OK,OK
2026-08-15T00:54:40.240584Z,3098,243.6,0,OK,OK,OK
2026-08-15T00:54:45.767382Z,3103,243.6,0,OK,OK,OK
2026-08-15T00:54:51.281752Z,3100,243.6,0,OK,OK,OK
2026-08-15T00:54:56.802448Z,3101,243.7,0,OK,OK,OK
2026-08-15T00:55:02.294554Z,3103,243.7,0,OK,OK,OK
2026-08-15T00:55:07.825583Z,3112,243.6,0,OK,OK,OK
2026-08-15T00:55:13.356261Z,3104,243.6,0,OK,OK,OK
2026-08-15T00:55:18.879545Z,3105,243.6,0,OK,OK,OK
2026-08-15T00:55:24.369564Z,3092,243.5,0,OK,OK,OK
2026-08-15T00:55:29.882082Z,3075,243.7,0,OK,OK,OK
2026-08-15T00:55:35.372559Z,3076,243.7,0,OK,OK,OK
2026-08-15T00:55:40.842569Z,3072,243.6,0,OK,OK,OK
2026-08-15T00:55:46.377257Z,3072,243.7,0,OK,OK,OK
2026-08-15T00:55:51.885872Z,3067,243.7,0,OK,OK,OK
2026-08-15T00:55:57.386718Z,3034,243.7,0,OK,OK,OK
2026-08-15T00:56:02.904922Z,3032,243.6,0,OK,OK,OK
2026-08-15T00:56:08.437925Z,3036,243.6,0,OK,OK,OK
2026-08-15T00:56:13.964061Z,3027,243.8,0,OK,OK,OK
2026-08-15T00:56:19.499335Z,3036,243.7,0,OK,OK,OK
2026-08-15T00:56:25.012766Z,3027,243.9,0,OK,OK,OK
2026-08-15T00:56:30.515470Z,3022,243.7,0,OK,OK,OK
2026-08-15T00:56:36.013407Z,3020,243.8,0,OK,OK,OK
2026-08-15T00:56:41.523610Z,3027,243.8,0,OK,OK,OK
2026-08-15T00:56:46.995676Z,3021,243.8,0,OK,OK,OK
2026-08-15T00:56:52.497969Z,3022,243.8,0,OK,OK,OK
2026-08-15T00:56:57.996474Z,3050,243.8,0,OK,OK,OK
2026-08-15T00:57:03.513747Z,3057,243.7,0,OK,OK,OK
2026-08-15T00:57:09.040415Z,3518,243.5,0,OK,OK,OK
2026-08-15T00:57:14.590850Z,3492,243.5,0,OK,OK,OK
2026-08-15T00:57:20.068668Z,3489,243.6,0,OK,OK,OK
2026-08-15T00:57:25.574454Z,3503,243.6,0,OK,OK,OK
2026-08-15T00:57:31.115648Z,3493,243.6,0,OK,OK,OK
2026-08-15T00:57:36.634311Z,3499,243.5,0,OK,OK,OK
2026-08-15T00:57:42.148271Z,3496,243.5,0,OK,OK,OK
2026-08-15T00:57:47.681093Z,3496,243.5,0,OK,OK,OK
2026-08-15T00:57:53.189138Z,3493,243.5,0,OK,OK,OK
2026-08-15T00:57:58.705568Z,3533,243.6,0,OK,OK,OK
2026-08-15T00:58:04.163161Z,3535,243.6,0,OK,OK,OK
2026-08-15T00:58:09.649490Z,3568,243.5,0,OK,OK,OK
2026-08-15T00:58:15.174408Z,3537,243.5,0,OK,OK,OK
2026-08-15T00:58:20.658799Z,3547,243.5,0,OK,OK,OK
2026-08-15T00:58:26.164419Z,3580,243.6,0,OK,OK,OK
2026-08-15T00:58:31.622553Z,3513,243.4,0,OK,OK,OK
2026-08-15T00:58:37.105070Z,3500,243.4,0,OK,OK,OK
2026-08-15T00:58:42.588216Z,3511,243.4,0,OK,OK,OK
2026-08-15T00:58:48.070401Z,3505,243.5,0,OK,OK,OK
2026-08-15T00:58:53.552754Z,3503,243.4,0,OK,OK,OK
2026-08-15T00:58:59.076388Z,3500,243.5,0,OK,OK,OK
2026-08-15T00:59:04.549245Z,3504,243.4,0,OK,OK,OK
2026-08-15T00:59:10.058892Z,3499,243.5,0,OK,OK,OK
2026-08-15T00:59:15.592266Z,3491,242.9,0,OK,OK,OK
2026-08-15T00:59:21.111252Z,3492,243.1,0,OK,OK,OK
2026-08-15T00:59:26.604578Z,3479,243.0,0,OK,OK,OK
2026-08-15T00:59:32.129713Z,3463,243.0,0,OK,OK,OK
2026-08-15T00:59:37.634626Z,3477,243.0,0,OK,OK,OK
2026-08-15T00:59:43.156760Z,3462,243.0,0,OK,OK,OK
2026-08-15T00:59:48.646714Z,3597,242.8,0,OK,OK,OK
2026-08-15T00:59:54.187314Z,3570,243.0,0,OK,OK,OK
2026-08-15T00:59:59.674130Z,3617,243.0,0,OK,OK,OK
2026-08-15T01:00:05.212254Z,3598,243.0,0,OK,OK,OK
2026-08-15T01:00:10.719825Z,3576,243.0,0,OK,OK,OK
2026-08-15T01:00:16.232644Z,3663,243.0,0,OK,OK,OK
2026-08-15T01:00:21.748130Z,3670,243.1,0,OK,OK,OK
2026-08-15T01:00:27.231584Z,3700,242.9,0,OK,OK,OK
2026-08-15T01:00:32.748260Z,3701,242.9,0,OK,OK,OK
2026-08-15T01:00:38.280920Z,3714,242.9,0,OK,OK,OK
2026-08-15T01:00:43.804782Z,3718,243.0,0,OK,OK,OK
2026-08-15T01:00:49.306065Z,5136,242.2,0,OK,OK,OK
2026-08-15T01:00:54.784518Z,5187,242.1,0,OK,OK,OK
2026-08-15T01:01:00.304335Z,5250,242.1,0,OK,OK,OK
2026-08-15T01:01:05.782531Z,5267,242.0,0,OK,OK,OK
2026-08-15T01:01:11.285901Z,5263,242.1,0,OK,OK,OK
2026-08-15T01:01:16.780926Z,5305,242.1,0,OK,OK,OK
2026-08-15T01:01:22.304516Z,5314,242.2,0,OK,OK,OK
2026-08-15T01:01:27.775903Z,5209,242.2,0,OK,OK,OK
2026-08-15T01:01:33.289160Z,5210,242.2,0,OK,OK,OK
2026-08-15T01:01:38.830121Z,5202,242.3,0,OK,OK,OK
2026-08-15T01:01:44.355931Z,5215,242.3,0,OK,OK,OK
2026-08-15T01:01:49.845876Z,5208,242.3,0,OK,OK,OK
2026-08-15T01:01:55.404396Z,5202,242.3,0,OK,OK,OK
2026-08-15T01:02:00.952329Z,5168,242.3,0,OK,OK,OK
2026-08-15T01:02:06.453768Z,5173,242.5,0,OK,OK,OK
2026-08-15T01:02:11.975358Z,5177,242.5,0,OK,OK,OK
2026-08-15T01:02:17.492300Z,5161,242.5,0,OK,OK,OK
2026-08-15T01:02:22.989781Z,5160,242.4,0,OK,OK,OK
2026-08-15T01:02:28.495971Z,5115,242.3,0,OK,OK,OK
2026-08-15T01:02:34.022202Z,5111,242.5,0,OK,OK,OK
2026-08-15T01:02:39.538479Z,5109,242.5,0,OK,OK,OK
2026-08-15T01:02:45.094232Z,5111,242.5,0,OK,OK,OK
2026-08-15T01:02:50.582812Z,5104,242.5,0,OK,OK,OK
2026-08-15T01:02:56.120600Z,5099,242.5,0,OK,OK,OK
2026-08-15T01:03:01.629916Z,5104,242.7,0,OK,OK,OK
2026-08-15T01:03:07.136771Z,5106,242.8,0,OK,OK,OK
2026-08-15T01:03:12.628734Z,5107,242.8,0,OK,OK,OK
2026-08-15T01:03:18.164682Z,5107,242.7,0,OK,OK,OK
2026-08-15T01:03:23.700073Z,5104,242.7,0,OK,OK,OK
2026-08-15T01:03:29.226877Z,5109,242.8,0,OK,OK,OK
2026-08-15T01:03:34.749720Z,5106,242.9,0,OK,OK,OK
2026-08-15T01:03:40.263745Z,5101,242.9,0,OK,OK,OK
2026-08-15T01:03:45.786637Z,5107,242.9,0,OK,OK,OK
2026-08-15T01:03:51.309008Z,5100,242.8,0,OK,OK,OK
2026-08-15T01:03:56.815466Z,5131,242.8,0,OK,OK,OK
2026-08-15T01:04:02.314136Z,5136,242.9,0,OK,OK,OK
2026-08-15T01:04:07.838130Z,5136,242.8,0,OK,OK,OK
2026-08-15T01:04:13.359527Z,5129,242.8,0,OK,OK,OK
2026-08-15T01:04:18.868340Z,5129,242.7,0,OK,OK,OK
2026-08-15T01:04:24.376302Z,5127,242.7,0,OK,OK,OK
2026-08-15T01:04:29.873820Z,5129,242.7,0,OK,OK,OK
2026-08-15T01:04:35.341086Z,5090,241.3,0,OK,OK,OK
2026-08-15T01:04:40.842340Z,5109,241.7,0,OK,OK,OK
2026-08-15T01:04:46.351192Z,5108,241.8,0,OK,OK,OK
2026-08-15T01:04:51.866526Z,5103,241.8,0,OK,OK,OK
2026-08-15T01:04:57.380877Z,5259,241.7,0,OK,OK,OK
2026-08-15T01:05:02.860847Z,5222,241.6,0,OK,OK,OK
2026-08-15T01:05:08.331903Z,5302,241.5,0,OK,OK,OK
2026-08-15T01:05:13.809306Z,5214,241.5,0,OK,OK,OK
2026-08-15T01:05:19.331248Z,5212,241.5,0,OK,OK,OK
2026-08-15T01:05:24.837689Z,5196,241.5,0,OK,OK,OK
2026-08-15T01:05:30.373078Z,5193,241.4,0,OK,OK,OK
2026-08-15T01:05:35.880809Z,5188,241.5,0,OK,OK,OK
2026-08-15T01:05:41.407938Z,5088,241.5,0,OK,OK,OK
2026-08-15T01:05:46.925098Z,5096,241.5,0,OK,OK,OK
2026-08-15T01:05:52.437027Z,5090,241.5,0,OK,OK,OK
2026-08-15T01:05:57.954961Z,5251,241.6,0,OK,OK,OK
2026-08-15T01:06:03.453233Z,5215,241.5,0,OK,OK,OK
2026-08-15T01:06:08.981687Z,5213,241.5,0,OK,OK,OK
2026-08-15T01:06:14.481669Z,5193,241.5,0,OK,OK,OK
2026-08-15T01:06:19.990467Z,5196,241.5,0,OK,OK,OK
2026-08-15T01:06:25.529876Z,5221,241.4,0,OK,OK,OK
2026-08-15T01:06:31.037024Z,5194,241.5,0,OK,OK,OK
2026-08-15T01:06:36.524294Z,5201,241.6,0,OK,OK,OK
2026-08-15T01:06:41.942539Z,5087,241.5,0,OK,OK,OK
2026-08-15T01:06:47.427123Z,5085,241.6,0,OK,OK,OK
2026-08-15T01:06:52.923917Z,5092,241.6,0,OK,OK,OK
2026-08-15T01:06:58.410015Z,5062,241.6,0,OK,OK,OK
2026-08-15T01:07:03.942644Z,5054,241.6,0,OK,OK,OK
2026-08-15T01:07:09.420429Z,3520,242.2,0,OK,OK,OK
2026-08-15T01:07:14.973818Z,3527,242.3,0,OK,OK,OK
2026-08-15T01:07:20.432980Z,3535,242.3,0,OK,OK,OK
2026-08-15T01:07:25.936347Z,3514,242.2,0,OK,OK,OK
2026-08-15T01:07:31.467271Z,3512,242.3,0,OK,OK,OK
2026-08-15T01:07:36.979859Z,3517,242.3,0,OK,OK,OK
2026-08-15T01:07:42.497488Z,3522,242.3,0,OK,OK,OK
2026-08-15T01:07:47.984265Z,3503,242.2,0,OK,OK,OK
2026-08-15T01:07:53.473959Z,3518,242.3,0,OK,OK,OK
2026-08-15T01:07:58.965229Z,3512,242.4,0,OK,OK,OK
2026-08-15T01:08:04.418474Z,3514,242.4,0,OK,OK,OK
2026-08-15T01:08:09.942151Z,3510,242.6,0,OK,OK,OK
2026-08-15T01:08:15.427764Z,3514,242.7,0,OK,OK,OK
2026-08-15T01:08:20.953753Z,3511,242.6,0,OK,OK,OK
2026-08-15T01:08:26.440203Z,3528,242.6,0,OK,OK,OK
2026-08-15T01:08:31.948873Z,3546,242.6,0,OK,OK,OK
2026-08-15T01:08:37.421300Z,3543,242.6,0,OK,OK,OK
2026-08-15T01:08:42.940648Z,3546,242.6,0,OK,OK,OK
2026-08-15T01:08:48.463912Z,3542,242.5,0,OK,OK,OK
2026-08-15T01:08:53.983293Z,3546,242.5,0,OK,OK,OK
2026-08-15T01:08:59.491144Z,3548,242.5,0,OK,OK,OK
2026-08-15T01:09:04.960642Z,3554,242.5,0,OK,OK,OK
2026-08-15T01:09:10.424088Z,3549,242.5,0,OK,OK,OK
2026-08-15T01:09:15.952946Z,3557,242.4,0,OK,OK,OK
2026-08-15T01:09:21.421039Z,3552,242.5,0,OK,OK,OK
2026-08-15T01:09:26.958692Z,3572,242.5,0,OK,OK,OK
2026-08-15T01:09:32.449335Z,3538,242.5,0,OK,OK,OK
2026-08-15T01:09:37.934353Z,3561,242.7,0,OK,OK,OK
2026-08-15T01:09:43.416725Z,3667,242.5,0,OK,OK,OK
2026-08-15T01:09:48.913433Z,3672,242.6,0,OK,OK,OK
2026-08-15T01:09:54.418632Z,3677,242.6,0,OK,OK,OK
2026-08-15T01:09:59.949174Z,3680,242.6,0,OK,OK,OK
2026-08-15T01:10:05.465611Z,3667,242.7,0,OK,OK,OK
2026-08-15T01:10:10.972252Z,3676,242.7,0,OK,OK,OK
2026-08-15T01:10:16.500702Z,3664,242.7,0,OK,OK,OK
2026-08-15T01:10:22.017795Z,3673,242.7,0,OK,OK,OK
2026-08-15T01:10:27.494247Z,3675,242.7,0,OK,OK,OK
2026-08-15T01:10:33.025853Z,3669,242.7,0,OK,OK,OK
2026-08-15T01:10:38.550339Z,3666,242.7,0,OK,OK,OK
2026-08-15T01:10:44.077010Z,3673,242.7,0,OK,OK,OK
2026-08-15T01:10:49.604656Z,3671,242.7,0,OK,OK,OK
2026-08-15T01:10:55.142272Z,3566,242.8,0,OK,OK,OK
2026-08-15T01:11:00.682388Z,3525,242.8,0,OK,OK,OK
2026-08-15T01:11:06.217033Z,3501,242.6,0,OK,OK,OK
2026-08-15T01:11:11.728113Z,3518,242.6,0,OK,OK,OK
2026-08-15T01:11:17.259999Z,3520,242.9,0,OK,OK,OK
2026-08-15T01:11:22.770313Z,3524,243.0,0,OK,OK,OK
2026-08-15T01:11:28.289952Z,3532,243.1,0,OK,OK,OK
2026-08-15T01:11:33.797136Z,3514,243.0,0,OK,OK,OK
2026-08-15T01:11:39.305818Z,3520,243.1,0,OK,OK,OK
2026-08-15T01:11:44.840172Z,3587,243.1,0,OK,OK,OK
2026-08-15T01:11:50.326142Z,3544,243.1,0,OK,OK,OK
2026-08-15T01:11:55.844615Z,3543,243.1,0,OK,OK,OK
2026-08-15T01:12:01.318336Z,3544,243.0,0,OK,OK,OK
2026-08-15T01:12:06.818325Z,3542,243.1,0,OK,OK,OK
2026-08-15T01:12:12.304584Z,3557,243.0,0,OK,OK,OK
2026-08-15T01:12:17.820508Z,3541,243.1,0,OK,OK,OK
2026-08-15T01:12:23.291416Z,3538,243.0,0,OK,OK,OK
2026-08-15T01:12:28.774234Z,3566,242.9,0,OK,OK,OK
2026-08-15T01:12:34.254011Z,3569,243.0,0,OK,OK,OK
2026-08-15T01:12:39.735477Z,3570,243.0,0,OK,OK,OK
2026-08-15T01:12:45.266529Z,3579,243.3,0,OK,OK,OK
2026-08-15T01:12:50.791392Z,3587,243.3,0,OK,OK,OK
2026-08-15T01:12:56.278554Z,3582,243.2,0,OK,OK,OK
2026-08-15T01:13:01.834533Z,3586,243.4,0,OK,OK,OK
2026-08-15T01:13:07.338146Z,3590,243.3,0,OK,OK,OK
2026-08-15T01:13:12.871798Z,3586,243.3,0,OK,OK,OK
2026-08-15T01:13:18.398031Z,3586,243.5,0,OK,OK,OK
2026-08-15T01:13:23.902065Z,3590,243.5,0,OK,OK,OK
2026-08-15T01:13:29.399703Z,3593,243.5,0,OK,OK,OK
2026-08-15T01:13:34.878962Z,3589,243.6,0,OK,OK,OK
2026-08-15T01:13:40.386986Z,3635,243.5,0,OK,OK,OK
2026-08-15T01:13:45.908610Z,3631,243.5,0,OK,OK,OK
2026-08-15T01:13:51.416174Z,3639,243.5,0,OK,OK,OK
2026-08-15T01:13:56.943131Z,3636,243.5,0,OK,OK,OK
2026-08-15T01:14:02.478940Z,3653,243.5,0,OK,OK,OK
2026-08-15T01:14:08.002832Z,3637,243.7,0,OK,OK,OK
2026-08-15T01:14:13.512570Z,3697,243.5,0,OK,OK,OK
2026-08-15T01:14:19.043489Z,3637,243.7,0,OK,OK,OK
2026-08-15T01:14:24.576739Z,3647,244.0,0,OK,OK,OK
2026-08-15T01:14:30.065640Z,3650,244.0,0,OK,OK,OK
2026-08-15T01:14:35.562167Z,3648,244.0,0,OK,OK,OK
2026-08-15T01:14:41.097554Z,3639,244.0,0,OK,OK,OK
2026-08-15T01:14:46.629473Z,3648,243.8,0,OK,OK,OK
2026-08-15T01:14:52.109736Z,3644,244.0,0,OK,OK,OK
2026-08-15T01:14:57.640742Z,3654,244.0,0,OK,OK,OK
2026-08-15T01:15:03.144859Z,3653,244.0,0,OK,OK,OK
2026-08-15T01:15:08.615135Z,3650,244.0,0,OK,OK,OK
2026-08-15T01:15:14.123303Z,3639,243.9,0,OK,OK,OK
2026-08-15T01:15:19.597077Z,3645,244.1,0,OK,OK,OK
2026-08-15T01:15:25.119746Z,3704,244.0,0,OK,OK,OK
2026-08-15T01:15:30.665700Z,3642,244.1,0,OK,OK,OK
2026-08-15T01:15:36.163681Z,3646,244.1,0,OK,OK,OK
2026-08-15T01:15:41.660019Z,3644,244.0,0,OK,OK,OK
2026-08-15T01:15:47.172399Z,3646,244.1,0,OK,OK,OK
2026-08-15T01:15:52.674542Z,3765,244.0,0,OK,OK,OK
2026-08-15T01:15:58.196949Z,3655,244.1,0,OK,OK,OK
2026-08-15T01:16:03.693441Z,3659,244.1,0,OK,OK,OK
2026-08-15T01:16:09.228225Z,3786,244.2,0,OK,OK,OK
2026-08-15T01:16:14.694384Z,3775,244.1,0,OK,OK,OK
2026-08-15T01:16:20.193790Z,3767,244.3,0,OK,OK,OK
2026-08-15T01:16:25.708450Z,3768,244.3,0,OK,OK,OK
2026-08-15T01:16:31.240671Z,3756,244.2,0,OK,OK,OK
2026-08-15T01:16:36.754473Z,3763,244.2,0,OK,OK,OK
2026-08-15T01:16:42.262994Z,3758,244.2,0,OK,OK,OK
2026-08-15T01:16:47.780802Z,3652,244.2,0,OK,OK,OK
2026-08-15T01:16:53.308285Z,3652,244.2,0,OK,OK,OK
2026-08-15T01:16:58.803652Z,3656,244.2,0,OK,OK,OK
2026-08-15T01:17:04.358814Z,3784,244.0,0,OK,OK,OK
2026-08-15T01:17:09.867706Z,3775,244.0,0,OK,OK,OK
2026-08-15T01:17:15.338149Z,3780,244.0,0,OK,OK,OK
2026-08-15T01:17:20.882610Z,3773,244.0,0,OK,OK,OK
2026-08-15T01:17:26.400188Z,3771,244.2,0,OK,OK,OK
2026-08-15T01:17:31.915658Z,3757,244.1,0,OK,OK,OK
2026-08-15T01:17:37.385307Z,3748,244.1,0,OK,OK,OK
2026-08-15T01:17:42.867111Z,3743,244.2,0,OK,OK,OK
2026-08-15T01:17:48.351240Z,3724,243.8,0,OK,OK,OK
2026-08-15T01:17:53.835672Z,3745,244.1,0,OK,OK,OK
2026-08-15T01:17:59.298544Z,3630,244.2,0,OK,OK,OK
2026-08-15T01:18:04.838703Z,3652,244.1,0,OK,OK,OK
2026-08-15T01:18:10.344223Z,3623,244.1,0,OK,OK,OK
2026-08-15T01:18:15.811910Z,3633,244.1,0,OK,OK,OK
2026-08-15T01:18:21.320082Z,3626,244.0,0,OK,OK,OK
2026-08-15T01:18:26.849119Z,3676,244.0,0,OK,OK,OK
2026-08-15T01:18:32.349652Z,3628,244.1,0,OK,OK,OK
2026-08-15T01:18:37.860503Z,3626,244.1,0,OK,OK,OK
2026-08-15T01:18:43.336664Z,3625,244.1,0,OK,OK,OK
2026-08-15T01:18:48.852878Z,3615,244.2,0,OK,OK,OK
2026-08-15T01:18:54.314913Z,3627,244.2,0,OK,OK,OK
2026-08-15T01:18:59.819821Z,3666,244.2,0,OK,OK,OK
2026-08-15T01:19:05.321481Z,3651,244.2,0,OK,OK,OK
2026-08-15T01:19:10.807157Z,3671,244.2,0,OK,OK,OK
2026-08-15T01:19:16.321597Z,3671,244.2,0,OK,OK,OK
2026-08-15T01:19:21.848513Z,3677,244.1,0,OK,OK,OK
2026-08-15T01:19:27.354351Z,3676,244.1,0,OK,OK,OK
2026-08-15T01:19:32.851563Z,3672,244.1,0,OK,OK,OK
2026-08-15T01:19:38.330565Z,3674,244.0,0,OK,OK,OK
2026-08-15T01:19:43.817860Z,3668,244.1,0,OK,OK,OK
2026-08-15T01:19:49.332243Z,3685,244.0,0,OK,OK,OK
2026-08-15T01:19:54.811973Z,3687,244.0,0,OK,OK,OK
2026-08-15T01:20:00.333171Z,3685,244.2,0,OK,OK,OK
2026-08-15T01:20:05.793246Z,3816,244.2,0,OK,OK,OK
2026-08-15T01:20:11.285373Z,3803,244.1,0,OK,OK,OK
2026-08-15T01:20:16.755561Z,3802,244.2,0,OK,OK,OK
2026-08-15T01:20:22.205994Z,3813,244.1,0,OK,OK,OK
2026-08-15T01:20:27.703697Z,3778,244.1,0,OK,OK,OK
2026-08-15T01:20:33.199572Z,3753,244.3,0,OK,OK,OK
2026-08-15T01:20:38.669324Z,3764,244.1,0,OK,OK,OK
2026-08-15T01:20:44.152648Z,3644,244.3,0,OK,OK,OK
2026-08-15T01:20:49.672663Z,3668,244.2,0,OK,OK,OK
2026-08-15T01:20:55.179303Z,3641,244.2,0,OK,OK,OK
2026-08-15T01:21:00.676492Z,3632,244.2,0,OK,OK,OK
2026-08-15T01:21:06.184301Z,3633,244.3,0,OK,OK,OK
2026-08-15T01:21:11.719458Z,3626,244.2,0,OK,OK,OK
2026-08-15T01:21:17.261582Z,3627,244.2,0,OK,OK,OK
2026-08-15T01:21:22.764793Z,3630,244.2,0,OK,OK,OK
2026-08-15T01:21:28.304806Z,3652,244.2,0,OK,OK,OK
2026-08-15T01:21:33.815142Z,3631,244.2,0,OK,OK,OK
2026-08-15T01:21:39.320681Z,3624,244.2,0,OK,OK,OK
2026-08-15T01:21:44.836931Z,3622,244.2,0,OK,OK,OK
2026-08-15T01:21:50.367283Z,3624,244.2,0,OK,OK,OK
2026-08-15T01:21:55.896520Z,3613,244.2,0,OK,OK,OK
2026-08-15T01:22:01.402293Z,3623,244.2,0,OK,OK,OK
2026-08-15T01:22:06.899929Z,3630,244.2,0,OK,OK,OK
2026-08-15T01:22:12.392690Z,3636,244.2,0,OK,OK,OK
2026-08-15T01:22:17.873514Z,3632,244.1,0,OK,OK,OK
2026-08-15T01:22:23.396705Z,3627,243.9,0,OK,OK,OK
2026-08-15T01:22:28.915191Z,3619,244.0,0,OK,OK,OK
2026-08-15T01:22:34.442734Z,3623,244.0,0,OK,OK,OK
2026-08-15T01:22:39.958038Z,3752,244.0,0,OK,OK,OK
2026-08-15T01:22:45.487571Z,3751,243.9,0,OK,OK,OK
2026-08-15T01:22:50.992051Z,3758,244.0,0,OK,OK,OK
2026-08-15T01:22:56.533143Z,3744,244.1,0,OK,OK,OK
2026-08-15T01:23:02.076580Z,3777,244.0,0,OK,OK,OK
2026-08-15T01:23:07.569130Z,3769,243.9,0,OK,OK,OK
2026-08-15T01:23:13.064323Z,3771,243.8,0,OK,OK,OK
2026-08-15T01:23:18.544433Z,3787,243.9,0,OK,OK,OK
2026-08-15T01:23:24.069314Z,3784,243.9,0,OK,OK,OK
2026-08-15T01:23:29.553019Z,3782,243.9,0,OK,OK,OK
2026-08-15T01:23:35.057958Z,3785,243.8,0,OK,OK,OK
2026-08-15T01:23:40.520943Z,3787,243.6,0,OK,OK,OK
2026-08-15T01:23:46.032132Z,3789,243.7,0,OK,OK,OK
2026-08-15T01:23:51.487038Z,3793,243.8,0,OK,OK,OK
2026-08-15T01:23:57.024831Z,3789,243.8,0,OK,OK,OK
2026-08-15T01:24:02.498472Z,3806,243.7,0,OK,OK,OK
2026-08-15T01:24:08.018905Z,3800,243.8,0,OK,OK,OK
2026-08-15T01:24:13.527736Z,3778,243.7,0,OK,OK,OK
2026-08-15T01:24:19.064504Z,3780,243.6,0,OK,OK,OK
2026-08-15T01:24:24.554929Z,3785,243.6,0,OK,OK,OK
2026-08-15T01:24:30.062533Z,3777,243.6,0,OK,OK,OK
2026-08-15T01:24:35.571630Z,3778,243.6,0,OK,OK,OK
2026-08-15T01:24:41.076375Z,3781,243.6,0,OK,OK,OK
2026-08-15T01:24:46.588185Z,3781,243.7,0,OK,OK,OK
2026-08-15T01:24:52.108060Z,3772,243.6,0,OK,OK,OK
2026-08-15T01:24:57.613918Z,3769,243.6,0,OK,OK,OK
2026-08-15T01:25:03.137553Z,3790,243.6,0,OK,OK,OK
2026-08-15T01:25:08.622378Z,3783,243.6,0,OK,OK,OK
2026-08-15T01:25:14.133104Z,3785,243.7,0,OK,OK,OK
2026-08-15T01:25:19.639028Z,3775,243.6,0,OK,OK,OK
2026-08-15T01:25:25.174274Z,3774,243.6,0,OK,OK,OK
2026-08-15T01:25:30.662180Z,3776,243.6,0,OK,OK,OK
2026-08-15T01:25:36.168563Z,3771,243.5,0,OK,OK,OK
2026-08-15T01:25:41.673666Z,3660,243.5,0,OK,OK,OK
2026-08-15T01:25:47.175171Z,3662,243.6,0,OK,OK,OK
2026-08-15T01:25:52.672491Z,3683,243.5,0,OK,OK,OK
2026-08-15T01:25:58.169854Z,3811,243.4,0,OK,OK,OK
2026-08-15T01:26:03.697061Z,3796,243.5,0,OK,OK,OK
2026-08-15T01:26:09.172736Z,3801,243.4,0,OK,OK,OK
2026-08-15T01:26:14.663864Z,3803,243.4,0,OK,OK,OK
2026-08-15T01:26:20.120716Z,3787,243.5,0,OK,OK,OK
2026-08-15T01:26:25.628569Z,3768,243.4,0,OK,OK,OK
2026-08-15T01:26:31.094493Z,3748,243.4,0,OK,OK,OK
2026-08-15T01:26:36.616610Z,3729,243.3,0,OK,OK,OK
2026-08-15T01:26:42.074992Z,3732,243.3,0,OK,OK,OK
2026-08-15T01:26:47.611540Z,3722,243.1,0,OK,OK,OK
2026-08-15T01:26:53.071116Z,3610,243.3,0,OK,OK,OK
2026-08-15T01:26:58.584511Z,3620,243.4,0,OK,OK,OK
2026-08-15T01:27:04.100734Z,3610,243.4,0,OK,OK,OK
2026-08-15T01:27:09.619735Z,3632,243.4,0,OK,OK,OK
2026-08-15T01:27:15.144963Z,3622,243.3,0,OK,OK,OK
2026-08-15T01:27:20.643994Z,3611,243.4,0,OK,OK,OK
2026-08-15T01:27:26.124851Z,3738,243.4,0,OK,OK,OK
2026-08-15T01:27:31.620217Z,3637,238.1,0,OK,OK,OK
2026-08-15T01:27:37.134238Z,3703,241.3,0,OK,OK,OK
2026-08-15T01:27:42.670248Z,3693,241.4,0,OK,OK,OK
2026-08-15T01:27:48.154176Z,3682,241.3,0,OK,OK,OK
2026-08-15T01:27:53.673377Z,3682,241.3,0,OK,OK,OK
2026-08-15T01:27:59.192127Z,3691,241.3,0,OK,OK,OK
2026-08-15T01:28:04.729699Z,3719,241.3,0,OK,OK,OK
2026-08-15T01:28:10.223351Z,3725,241.8,0,OK,OK,OK
2026-08-15T01:28:15.729586Z,3732,242.0,0,OK,OK,OK
2026-08-15T01:28:21.228733Z,3747,242.0,0,OK,OK,OK
2026-08-15T01:28:26.759480Z,3742,241.9,0,OK,OK,OK
2026-08-15T01:28:32.282025Z,3773,241.9,0,OK,OK,OK
2026-08-15T01:28:37.802749Z,3781,241.8,0,OK,OK,OK
2026-08-15T01:28:43.313256Z,3801,241.9,0,OK,OK,OK
2026-08-15T01:28:48.860198Z,3780,241.7,0,OK,OK,OK
2026-08-15T01:28:54.367253Z,3788,241.7,0,OK,OK,OK
2026-08-15T01:28:59.869961Z,3791,241.9,0,OK,OK,OK
2026-08-15T01:29:05.385230Z,3796,241.7,0,OK,OK,OK
2026-08-15T01:29:10.868245Z,3792,241.7,0,OK,OK,OK
2026-08-15T01:29:16.371760Z,3676,241.8,0,OK,OK,OK
2026-08-15T01:29:21.867903Z,3674,241.8,0,OK,OK,OK
2026-08-15T01:29:27.398090Z,3688,241.8,0,OK,OK,OK
2026-08-15T01:29:32.886420Z,3682,241.8,0,OK,OK,OK
2026-08-15T01:29:38.365750Z,3688,241.8,0,OK,OK,OK
2026-08-15T01:29:43.851980Z,3807,241.6,0,OK,OK,OK
2026-08-15T01:29:49.363043Z,3788,241.7,0,OK,OK,OK
2026-08-15T01:29:54.781507Z,3786,241.5,0,OK,OK,OK
2026-08-15T01:30:00.280789Z,3782,241.6,0,OK,OK,OK
2026-08-15T01:30:05.744599Z,3766,241.7,0,OK,OK,OK
2026-08-15T01:30:11.259666Z,3710,241.5,0,OK,OK,OK
2026-08-15T01:30:16.739945Z,3712,241.7,0,OK,OK,OK
2026-08-15T01:30:22.232102Z,3724,241.7,0,OK,OK,OK
2026-08-15T01:30:27.713255Z,3700,241.7,0,OK,OK,OK
2026-08-15T01:30:33.258857Z,3714,241.8,0,OK,OK,OK
2026-08-15T01:30:38.741453Z,3708,241.8,0,OK,OK,OK
2026-08-15T01:30:44.242397Z,3712,241.8,0,OK,OK,OK
2026-08-15T01:30:49.752858Z,5143,241.0,0,OK,OK,OK
2026-08-15T01:30:55.237728Z,5170,240.7,0,OK,OK,OK
2026-08-15T01:31:00.755677Z,5177,240.8,0,OK,OK,OK
2026-08-15T01:31:06.277646Z,5178,240.9,0,OK,OK,OK
2026-08-15T01:31:11.787445Z,5193,240.9,0,OK,OK,OK
2026-08-15T01:31:17.280151Z,5219,240.9,0,OK,OK,OK
2026-08-15T01:31:22.817194Z,5220,240.8,0,OK,OK,OK
2026-08-15T01:31:28.364555Z,5227,240.8,0,OK,OK,OK
2026-08-15T01:31:33.876898Z,5221,241.0,0,OK,OK,OK
2026-08-15T01:31:39.394596Z,5228,240.9,0,OK,OK,OK
2026-08-15T01:31:44.912531Z,5215,240.8,0,OK,OK,OK
2026-08-15T01:31:50.423894Z,5219,240.9,0,OK,OK,OK
2026-08-15T01:31:55.940290Z,5202,240.9,0,OK,OK,OK
2026-08-15T01:32:01.444650Z,5197,240.9,0,OK,OK,OK
2026-08-15T01:32:06.953590Z,5200,240.8,0,OK,OK,OK
2026-08-15T01:32:12.463428Z,5226,240.8,0,OK,OK,OK
2026-08-15T01:32:17.962543Z,5200,240.9,0,OK,OK,OK
2026-08-15T01:32:23.460236Z,5095,240.9,0,OK,OK,OK
2026-08-15T01:32:28.968155Z,5090,241.1,0,OK,OK,OK
2026-08-15T01:32:34.527956Z,5138,241.1,0,OK,OK,OK
2026-08-15T01:32:40.015087Z,5130,241.1,0,OK,OK,OK
2026-08-15T01:32:45.518184Z,5132,241.1,0,OK,OK,OK
2026-08-15T01:32:51.045427Z,5126,241.1,0,OK,OK,OK
2026-08-15T01:32:56.533147Z,5133,241.1,0,OK,OK,OK
2026-08-15T01:33:02.043307Z,5127,241.1,0,OK,OK,OK
2026-08-15T01:33:07.563348Z,5127,241.1,0,OK,OK,OK
2026-08-15T01:33:13.101559Z,5134,241.1,0,OK,OK,OK
2026-08-15T01:33:18.604270Z,5153,241.1,0,OK,OK,OK
2026-08-15T01:33:24.128479Z,5134,241.1,0,OK,OK,OK
2026-08-15T01:33:29.661380Z,5292,241.0,0,OK,OK,OK
2026-08-15T01:33:35.177377Z,5273,240.9,0,OK,OK,OK
2026-08-15T01:33:40.681952Z,5274,240.9,0,OK,OK,OK
2026-08-15T01:33:46.223012Z,5275,240.9,0,OK,OK,OK
2026-08-15T01:33:51.750164Z,5287,241.2,0,OK,OK,OK
2026-08-15T01:33:57.237262Z,5352,241.5,0,OK,OK,OK
2026-08-15T01:34:02.759023Z,5325,241.5,0,OK,OK,OK
2026-08-15T01:34:08.265815Z,5326,241.3,0,OK,OK,OK
2026-08-15T01:34:13.864052Z,5324,241.5,0,OK,OK,OK
2026-08-15T01:34:19.372150Z,5328,241.4,0,OK,OK,OK
2026-08-15T01:34:24.856532Z,5335,241.5,0,OK,OK,OK
2026-08-15T01:34:30.384929Z,5324,241.5,0,OK,OK,OK
2026-08-15T01:34:35.928251Z,5338,241.4,0,OK,OK,OK
2026-08-15T01:34:41.442926Z,5320,241.5,0,OK,OK,OK
2026-08-15T01:34:46.911743Z,5338,241.4,0,OK,OK,OK
2026-08-15T01:34:52.410331Z,5330,241.4,0,OK,OK,OK
2026-08-15T01:34:57.920732Z,5320,241.4,0,OK,OK,OK
2026-08-15T01:35:03.429181Z,5306,241.5,0,OK,OK,OK
2026-08-15T01:35:08.913804Z,5323,241.4,0,OK,OK,OK
2026-08-15T01:35:14.455719Z,5316,241.4,0,OK,OK,OK
2026-08-15T01:35:19.960286Z,5326,241.4,0,OK,OK,OK
2026-08-15T01:35:25.499878Z,5350,241.7,0,OK,OK,OK
2026-08-15T01:35:31.002934Z,5331,241.7,0,OK,OK,OK
2026-08-15T01:35:36.512166Z,5332,241.7,0,OK,OK,OK
2026-08-15T01:35:42.047756Z,5336,241.7,0,OK,OK,OK
2026-08-15T01:35:47.541975Z,5331,241.7,0,OK,OK,OK
2026-08-15T01:35:53.057730Z,5341,241.8,0,OK,OK,OK
2026-08-15T01:35:58.599541Z,5314,241.7,0,OK,OK,OK
2026-08-15T01:36:04.087974Z,5295,241.8,0,OK,OK,OK
2026-08-15T01:36:09.598875Z,5298,241.7,0,OK,OK,OK
2026-08-15T01:36:15.130254Z,5304,241.8,0,OK,OK,OK
2026-08-15T01:36:20.603914Z,5182,241.8,0,OK,OK,OK
2026-08-15T01:36:26.095799Z,5212,241.8,0,OK,OK,OK
2026-08-15T01:36:31.620996Z,5182,241.8,0,OK,OK,OK
2026-08-15T01:36:37.152655Z,5184,241.8,0,OK,OK,OK
2026-08-15T01:36:42.676379Z,5176,241.8,0,OK,OK,OK
2026-08-15T01:36:48.126280Z,5093,241.8,0,OK,OK,OK
2026-08-15T01:36:53.629534Z,5085,241.9,0,OK,OK,OK
2026-08-15T01:36:59.139863Z,5090,241.9,0,OK,OK,OK
2026-08-15T01:37:04.638848Z,5094,242.0,0,OK,OK,OK
2026-08-15T01:37:10.138151Z,5100,242.0,0,OK,OK,OK
2026-08-15T01:37:15.654512Z,5102,242.0,0,OK,OK,OK
2026-08-15T01:37:21.182976Z,5090,241.9,0,OK,OK,OK
2026-08-15T01:37:26.662525Z,5115,242.0,0,OK,OK,OK
2026-08-15T01:37:32.131958Z,5114,242.1,0,OK,OK,OK
2026-08-15T01:37:37.664238Z,5103,242.0,0,OK,OK,OK
2026-08-15T01:37:43.158182Z,5106,242.0,0,OK,OK,OK
2026-08-15T01:37:48.650591Z,3550,242.7,0,OK,OK,OK
2026-08-15T01:37:54.118632Z,3554,242.7,0,OK,OK,OK
2026-08-15T01:37:59.636775Z,3571,242.7,0,OK,OK,OK
2026-08-15T01:38:05.115679Z,3552,242.7,0,OK,OK,OK
2026-08-15T01:38:10.585874Z,3674,242.5,0,OK,OK,OK
2026-08-15T01:38:16.112948Z,3545,242.6,0,OK,OK,OK
2026-08-15T01:38:21.583797Z,3549,242.6,0,OK,OK,OK
2026-08-15T01:38:27.112458Z,3546,242.7,0,OK,OK,OK
2026-08-15T01:38:32.576130Z,3528,242.7,0,OK,OK,OK
2026-08-15T01:38:38.086567Z,3542,242.6,0,OK,OK,OK
2026-08-15T01:38:43.587523Z,3543,242.6,0,OK,OK,OK
2026-08-15T01:38:49.087868Z,3546,242.7,0,OK,OK,OK
2026-08-15T01:38:54.581179Z,3551,242.6,0,OK,OK,OK
2026-08-15T01:39:00.102062Z,3598,242.8,0,OK,OK,OK
2026-08-15T01:39:05.631164Z,3543,242.7,0,OK,OK,OK
2026-08-15T01:39:11.136314Z,3550,242.7,0,OK,OK,OK
2026-08-15T01:39:16.655680Z,3553,242.7,0,OK,OK,OK
2026-08-15T01:39:22.177909Z,3610,242.8,0,OK,OK,OK
2026-08-15T01:39:27.691746Z,3559,242.8,0,OK,OK,OK
2026-08-15T01:39:33.152319Z,3554,243.0,0,OK,OK,OK
2026-08-15T01:39:38.706100Z,3556,242.8,0,OK,OK,OK
2026-08-15T01:39:44.219053Z,3557,242.9,0,OK,OK,OK
2026-08-15T01:39:49.765648Z,3554,242.8,0,OK,OK,OK
2026-08-15T01:39:55.310591Z,3551,242.8,0,OK,OK,OK
2026-08-15T01:40:00.830280Z,3555,242.8,0,OK,OK,OK
2026-08-15T01:40:06.354025Z,3547,242.9,0,OK,OK,OK
2026-08-15T01:40:11.845981Z,3554,242.8,0,OK,OK,OK
2026-08-15T01:40:17.356603Z,3550,242.9,0,OK,OK,OK
2026-08-15T01:40:22.884071Z,3574,242.9,0,OK,OK,OK
2026-08-15T01:40:28.395790Z,3555,242.8,0,OK,OK,OK
2026-08-15T01:40:33.885049Z,3549,242.9,0,OK,OK,OK
2026-08-15T01:40:39.387928Z,3551,242.9,0,OK,OK,OK
2026-08-15T01:40:44.878815Z,3556,242.9,0,OK,OK,OK
2026-08-15T01:40:50.379713Z,3551,242.9,0,OK,OK,OK
2026-08-15T01:40:55.876972Z,3560,243.0,0,OK,OK,OK
2026-08-15T01:41:01.415110Z,3560,242.8,0,OK,OK,OK
2026-08-15T01:41:06.926254Z,3596,242.9,0,OK,OK,OK
2026-08-15T01:41:12.420368Z,3599,243.0,0,OK,OK,OK
2026-08-15T01:41:17.936214Z,3602,242.9,0,OK,OK,OK
2026-08-15T01:41:23.489559Z,3609,242.9,0,OK,OK,OK
2026-08-15T01:41:28.990060Z,3608,242.8,0,OK,OK,OK
2026-08-15T01:41:34.472418Z,3662,242.7,0,OK,OK,OK
2026-08-15T01:41:39.980473Z,3666,242.8,0,OK,OK,OK
2026-08-15T01:41:45.514796Z,3662,242.8,0,OK,OK,OK
2026-08-15T01:41:51.027771Z,3663,242.8,0,OK,OK,OK
2026-08-15T01:41:56.538804Z,3666,242.8,0,OK,OK,OK
2026-08-15T01:42:02.048633Z,3584,242.9,0,OK,OK,OK
2026-08-15T01:42:07.552812Z,3602,242.9,0,OK,OK,OK
2026-08-15T01:42:12.994643Z,3591,242.9,0,OK,OK,OK
2026-08-15T01:42:18.513314Z,3580,242.8,0,OK,OK,OK
2026-08-15T01:42:23.958559Z,3582,242.7,0,OK,OK,OK
2026-08-15T01:42:29.445107Z,3592,242.7,0,OK,OK,OK
2026-08-15T01:42:34.940330Z,3584,242.9,0,OK,OK,OK
2026-08-15T01:42:40.452147Z,3582,242.7,0,OK,OK,OK
2026-08-15T01:42:45.948191Z,3585,242.9,0,OK,OK,OK
2026-08-15T01:42:51.458150Z,3586,242.8,0,OK,OK,OK
2026-08-15T01:42:56.966740Z,3582,242.9,0,OK,OK,OK
2026-08-15T01:43:02.450916Z,3558,243.0,0,OK,OK,OK
2026-08-15T01:43:07.960487Z,3549,243.0,0,OK,OK,OK
2026-08-15T01:43:13.470166Z,3549,243.0,0,OK,OK,OK
2026-08-15T01:43:18.996383Z,3540,243.0,0,OK,OK,OK
2026-08-15T01:43:24.499970Z,3546,242.9,0,OK,OK,OK
2026-08-15T01:43:30.009769Z,3545,242.9,0,OK,OK,OK
2026-08-15T01:43:35.520509Z,3545,242.9,0,OK,OK,OK
2026-08-15T01:43:41.010402Z,3544,242.9,0,OK,OK,OK
2026-08-15T01:43:46.480658Z,3545,242.8,0,OK,OK,OK
2026-08-15T01:43:52.012369Z,3548,243.0,0,OK,OK,OK
2026-08-15T01:43:57.504192Z,3548,243.0,0,OK,OK,OK
2026-08-15T01:44:03.063247Z,3544,243.1,0,OK,OK,OK
2026-08-15T01:44:08.585632Z,3543,243.0,0,OK,OK,OK
2026-08-15T01:44:14.095667Z,3541,243.1,0,OK,OK,OK
2026-08-15T01:44:19.601355Z,3567,243.2,0,OK,OK,OK
2026-08-15T01:44:25.110379Z,3592,243.1,0,OK,OK,OK
2026-08-15T01:44:30.610855Z,3610,243.1,0,OK,OK,OK
2026-08-15T01:44:36.132865Z,3608,243.1,0,OK,OK,OK
2026-08-15T01:44:41.650102Z,3614,243.1,0,OK,OK,OK
2026-08-15T01:44:47.171186Z,3610,243.1,0,OK,OK,OK
2026-08-15T01:44:52.664535Z,3611,242.9,0,OK,OK,OK
2026-08-15T01:44:58.168756Z,3610,242.9,0,OK,OK,OK
2026-08-15T01:45:03.697533Z,3608,243.0,0,OK,OK,OK
2026-08-15T01:45:09.214394Z,3595,243.1,0,OK,OK,OK
2026-08-15T01:45:14.720579Z,3592,243.1,0,OK,OK,OK
2026-08-15T01:45:20.246691Z,3591,243.1,0,OK,OK,OK
2026-08-15T01:45:25.766028Z,3629,242.9,0,OK,OK,OK
2026-08-15T01:45:31.287332Z,3626,242.9,0,OK,OK,OK
2026-08-15T01:45:36.793438Z,3672,242.9,0,OK,OK,OK
2026-08-15T01:45:42.277148Z,3694,242.9,0,OK,OK,OK
2026-08-15T01:45:47.739678Z,3749,242.9,0,OK,OK,OK
2026-08-15T01:45:53.249030Z,3769,242.9,0,OK,OK,OK
2026-08-15T01:45:58.723164Z,3791,242.7,0,OK,OK,OK
2026-08-15T01:46:04.210541Z,3794,242.8,0,OK,OK,OK
2026-08-15T01:46:09.702231Z,3801,242.8,0,OK,OK,OK
2026-08-15T01:46:15.188236Z,3799,242.7,0,OK,OK,OK
2026-08-15T01:46:20.668542Z,3810,242.8,0,OK,OK,OK
2026-08-15T01:46:26.137422Z,3811,242.7,0,OK,OK,OK
2026-08-15T01:46:31.619508Z,3809,242.7,0,OK,OK,OK
2026-08-15T01:46:37.088909Z,3844,242.8,0,OK,OK,OK
2026-08-15T01:46:42.564885Z,3818,242.9,0,OK,OK,OK
2026-08-15T01:46:48.086034Z,3815,242.8,0,OK,OK,OK
2026-08-15T01:46:53.602484Z,3806,242.7,0,OK,OK,OK
2026-08-15T01:46:59.091189Z,3814,242.8,0,OK,OK,OK
2026-08-15T01:47:04.623057Z,3806,242.8,0,OK,OK,OK
2026-08-15T01:47:10.103215Z,3791,242.9,0,OK,OK,OK
2026-08-15T01:47:15.661193Z,3813,242.9,0,OK,OK,OK
2026-08-15T01:47:21.148624Z,3807,242.9,0,OK,OK,OK
2026-08-15T01:47:26.638093Z,3824,243.0,0,OK,OK,OK
2026-08-15T01:47:32.133585Z,3805,242.9,0,OK,OK,OK
2026-08-15T01:47:37.644875Z,3764,242.9,0,OK,OK,OK
2026-08-15T01:47:43.100668Z,3769,242.9,0,OK,OK,OK
2026-08-15T01:47:48.622909Z,3760,242.7,0,OK,OK,OK
2026-08-15T01:47:54.122968Z,3758,242.8,0,OK,OK,OK
2026-08-15T01:47:59.644103Z,3754,242.8,0,OK,OK,OK
2026-08-15T01:48:05.124323Z,3758,242.8,0,OK,OK,OK
2026-08-15T01:48:10.631590Z,3846,242.8,0,OK,OK,OK
2026-08-15T01:48:16.114039Z,3867,242.8,0,OK,OK,OK
2026-08-15T01:48:21.632309Z,3888,242.8,0,OK,OK,OK
2026-08-15T01:48:27.157652Z,3896,242.9,0,OK,OK,OK
2026-08-15T01:48:32.641445Z,3892,242.9,0,OK,OK,OK
2026-08-15T01:48:38.138122Z,3901,243.0,0,OK,OK,OK
2026-08-15T01:48:43.643207Z,3894,242.9,0,OK,OK,OK
2026-08-15T01:48:49.135827Z,3887,242.9,0,OK,OK,OK
2026-08-15T01:48:54.638503Z,3883,242.9,0,OK,OK,OK
2026-08-15T01:49:00.118958Z,3900,243.0,0,OK,OK,OK
2026-08-15T01:49:05.611634Z,3901,243.0,0,OK,OK,OK
2026-08-15T01:49:11.133311Z,3894,242.8,0,OK,OK,OK
2026-08-15T01:49:16.683257Z,3918,243.0,0,OK,OK,OK
2026-08-15T01:49:22.200196Z,3894,243.1,0,OK,OK,OK
2026-08-15T01:49:27.697848Z,3894,243.2,0,OK,OK,OK
2026-08-15T01:49:33.209235Z,3904,243.2,0,OK,OK,OK
2026-08-15T01:49:38.719224Z,3899,243.2,0,OK,OK,OK
2026-08-15T01:49:44.237174Z,3937,243.2,0,OK,OK,OK
2026-08-15T01:49:49.729259Z,3886,243.2,0,OK,OK,OK
2026-08-15T01:49:55.240268Z,3901,243.0,0,OK,OK,OK
2026-08-15T01:50:00.763626Z,3901,243.0,0,OK,OK,OK
2026-08-15T01:50:06.274797Z,3829,243.1,0,OK,OK,OK
2026-08-15T01:50:11.754760Z,3833,243.0,0,OK,OK,OK
2026-08-15T01:50:17.265628Z,3819,243.0,0,OK,OK,OK
2026-08-15T01:50:22.821652Z,3824,242.9,0,OK,OK,OK
2026-08-15T01:50:28.352173Z,3814,243.0,0,OK,OK,OK
2026-08-15T01:50:33.848952Z,3793,243.0,0,OK,OK,OK
2026-08-15T01:50:39.366261Z,3783,243.0,0,OK,OK,OK
2026-08-15T01:50:44.873949Z,3784,243.0,0,OK,OK,OK
2026-08-15T01:50:50.383444Z,3778,243.1,0,OK,OK,OK
2026-08-15T01:50:55.885720Z,3776,243.2,0,OK,OK,OK
2026-08-15T01:51:01.409590Z,3779,243.2,0,OK,OK,OK
2026-08-15T01:51:06.915052Z,3753,243.0,0,OK,OK,OK
2026-08-15T01:51:12.381763Z,3738,243.1,0,OK,OK,OK
2026-08-15T01:51:17.914420Z,3734,243.2,0,OK,OK,OK
2026-08-15T01:51:23.406991Z,3731,243.2,0,OK,OK,OK
2026-08-15T01:51:28.919634Z,3766,243.2,0,OK,OK,OK
2026-08-15T01:51:34.438238Z,3741,243.2,0,OK,OK,OK
2026-08-15T01:51:39.961493Z,3734,243.2,0,OK,OK,OK
2026-08-15T01:51:45.462537Z,3734,243.2,0,OK,OK,OK
2026-08-15T01:51:50.983210Z,3741,243.1,0,OK,OK,OK
2026-08-15T01:51:56.502954Z,3760,243.1,0,OK,OK,OK
2026-08-15T01:52:01.994232Z,3822,242.7,0,OK,OK,OK
2026-08-15T01:52:07.488073Z,3829,242.9,0,OK,OK,OK
2026-08-15T01:52:12.937665Z,3849,242.9,0,OK,OK,OK
2026-08-15T01:52:18.419985Z,3838,242.9,0,OK,OK,OK
2026-08-15T01:52:23.918914Z,3850,242.9,0,OK,OK,OK
2026-08-15T01:52:29.462415Z,3832,242.9,0,OK,OK,OK
2026-08-15T01:52:34.961605Z,3838,242.9,0,OK,OK,OK
2026-08-15T01:52:40.492222Z,3840,242.8,0,OK,OK,OK
2026-08-15T01:52:45.990162Z,3846,242.9,0,OK,OK,OK
2026-08-15T01:52:51.473830Z,3741,238.6,0,OK,OK,OK
2026-08-15T01:52:57.004206Z,3810,242.0,0,OK,OK,OK
2026-08-15T01:53:02.512581Z,3811,242.0,0,OK,OK,OK
2026-08-15T01:53:08.008024Z,3810,241.9,0,OK,OK,OK
2026-08-15T01:53:13.499706Z,3808,242.0,0,OK,OK,OK
2026-08-15T01:53:18.976690Z,3811,242.1,0,OK,OK,OK
2026-08-15T01:53:24.466032Z,3806,242.2,0,OK,OK,OK
2026-08-15T01:53:29.991096Z,3814,242.1,0,OK,OK,OK
2026-08-15T01:53:35.508556Z,3802,242.2,0,OK,OK,OK
2026-08-15T01:53:40.989488Z,3805,242.0,0,OK,OK,OK
2026-08-15T01:53:46.523323Z,3934,242.1,0,OK,OK,OK
2026-08-15T01:53:51.999192Z,3921,242.1,0,OK,OK,OK
2026-08-15T01:53:57.485827Z,3922,242.1,0,OK,OK,OK
2026-08-15T01:54:02.994700Z,3921,242.1,0,OK,OK,OK
2026-08-15T01:54:08.521533Z,3930,241.9,0,OK,OK,OK
2026-08-15T01:54:13.990978Z,3912,242.1,0,OK,OK,OK
2026-08-15T01:54:19.581069Z,3944,242.0,0,OK,OK,OK
2026-08-15T01:54:25.082093Z,3913,242.0,0,OK,OK,OK
2026-08-15T01:54:30.608117Z,3919,242.0,0,OK,OK,OK
2026-08-15T01:54:36.096428Z,3919,242.0,0,OK,OK,OK
2026-08-15T01:54:41.634370Z,3916,241.9,0,OK,OK,OK
2026-08-15T01:54:47.171381Z,3910,241.9,0,OK,OK,OK
2026-08-15T01:54:52.669155Z,3918,241.9,0,OK,OK,OK
2026-08-15T01:54:58.183442Z,3922,242.1,0,OK,OK,OK
2026-08-15T01:55:03.692635Z,3942,242.1,0,OK,OK,OK
2026-08-15T01:55:09.227708Z,3928,242.2,0,OK,OK,OK
2026-08-15T01:55:14.742124Z,3932,242.1,0,OK,OK,OK
2026-08-15T01:55:20.238874Z,3925,242.2,0,OK,OK,OK
2026-08-15T01:55:25.759905Z,3927,242.3,0,OK,OK,OK
2026-08-15T01:55:31.266922Z,3918,242.2,0,OK,OK,OK
2026-08-15T01:55:36.723682Z,3938,242.2,0,OK,OK,OK
2026-08-15T01:55:42.218016Z,3926,242.4,0,OK,OK,OK
2026-08-15T01:55:47.720722Z,3935,242.3,0,OK,OK,OK
2026-08-15T01:55:53.233853Z,3936,242.1,0,OK,OK,OK
2026-08-15T01:55:58.709593Z,3926,242.2,0,OK,OK,OK
2026-08-15T01:56:04.233183Z,3914,242.3,0,OK,OK,OK
2026-08-15T01:56:09.726048Z,3891,242.2,0,OK,OK,OK
2026-08-15T01:56:15.275590Z,3898,242.2,0,OK,OK,OK
2026-08-15T01:56:20.783502Z,3889,242.4,0,OK,OK,OK
2026-08-15T01:56:26.322580Z,3888,242.4,0,OK,OK,OK
2026-08-15T01:56:31.827123Z,3884,242.2,0,OK,OK,OK
2026-08-15T01:56:37.332583Z,3842,242.3,0,OK,OK,OK
2026-08-15T01:56:42.825090Z,3731,242.2,0,OK,OK,OK
2026-08-15T01:56:48.332798Z,5153,241.6,0,OK,OK,OK
2026-08-15T01:56:53.805361Z,5182,241.5,0,OK,OK,OK
2026-08-15T01:56:59.312100Z,5208,241.7,0,OK,OK,OK
2026-08-15T01:57:04.824349Z,5201,241.6,0,OK,OK,OK
2026-08-15T01:57:10.331698Z,5192,241.7,0,OK,OK,OK
2026-08-15T01:57:15.892677Z,5214,241.5,0,OK,OK,OK
2026-08-15T01:57:21.396677Z,5230,241.6,0,OK,OK,OK
2026-08-15T01:57:26.936254Z,5232,241.6,0,OK,OK,OK
2026-08-15T01:57:32.422414Z,5231,241.7,0,OK,OK,OK
2026-08-15T01:57:37.929208Z,5241,241.7,0,OK,OK,OK
2026-08-15T01:57:43.451664Z,5234,241.7,0,OK,OK,OK
2026-08-15T01:57:48.942153Z,5222,241.7,0,OK,OK,OK
2026-08-15T01:57:54.482665Z,5230,241.7,0,OK,OK,OK
2026-08-15T01:58:00.014205Z,5224,241.7,0,OK,OK,OK
2026-08-15T01:58:05.515631Z,5250,241.7,0,OK,OK,OK
2026-08-15T01:58:11.012469Z,5249,241.7,0,OK,OK,OK
2026-08-15T01:58:16.497158Z,5256,241.7,0,OK,OK,OK
2026-08-15T01:58:22.003927Z,5261,241.7,0,OK,OK,OK
2026-08-15T01:58:27.521679Z,5264,241.9,0,OK,OK,OK
2026-08-15T01:58:33.045538Z,5265,242.1,0,OK,OK,OK
2026-08-15T01:58:38.538721Z,5248,242.0,0,OK,OK,OK
2026-08-15T01:58:43.989618Z,5296,242.0,0,OK,OK,OK
2026-08-15T01:58:49.527351Z,5250,242.1,0,OK,OK,OK
2026-08-15T01:58:55.001628Z,5246,242.6,0,OK,OK,OK
2026-08-15T01:59:00.518947Z,5259,242.7,0,OK,OK,OK
2026-08-15T01:59:06.055405Z,5264,242.7,0,OK,OK,OK
2026-08-15T01:59:11.582214Z,5258,242.7,0,OK,OK,OK
2026-08-15T01:59:17.110951Z,5260,242.7,0,OK,OK,OK
2026-08-15T01:59:22.587222Z,5250,242.7,0,OK,OK,OK
2026-08-15T01:59:28.054950Z,5252,242.7,0,OK,OK,OK
2026-08-15T01:59:33.536670Z,5239,242.7,0,OK,OK,OK
2026-08-15T01:59:39.014548Z,5248,242.7,0,OK,OK,OK
2026-08-15T01:59:44.483157Z,5231,242.6,0,OK,OK,OK
2026-08-15T01:59:50.011743Z,5242,242.6,0,OK,OK,OK
2026-08-15T01:59:55.496783Z,5231,242.7,0,OK,OK,OK
2026-08-15T02:00:01.014064Z,5249,242.7,0,OK,OK,OK
2026-08-15T02:00:06.586964Z,5246,242.7,0,OK,OK,OK
2026-08-15T02:00:12.099410Z,5242,242.7,0,OK,OK,OK
2026-08-15T02:00:17.625594Z,5246,242.7,0,OK,OK,OK
2026-08-15T02:00:23.111598Z,5248,243.0,0,OK,OK,OK
2026-08-15T02:00:28.721986Z,5249,243.0,0,OK,OK,OK
2026-08-15T02:00:34.202379Z,5252,243.0,0,OK,OK,OK
2026-08-15T02:00:39.702276Z,5250,243.0,0,OK,OK,OK
2026-08-15T02:00:45.169386Z,5385,243.0,0,OK,OK,OK
2026-08-15T02:00:50.635495Z,5282,243.1,0,OK,OK,OK
2026-08-15T02:00:56.166015Z,5302,243.3,0,OK,OK,OK
2026-08-15T02:01:01.698801Z,5297,243.2,0,OK,OK,OK
2026-08-15T02:01:07.209047Z,5302,243.3,0,OK,OK,OK
2026-08-15T02:01:12.735928Z,5298,243.3,0,OK,OK,OK
2026-08-15T02:01:18.222371Z,5295,243.2,0,OK,OK,OK
2026-08-15T02:01:23.732042Z,5300,243.2,0,OK,OK,OK
2026-08-15T02:01:29.242136Z,5305,243.2,0,OK,OK,OK
2026-08-15T02:01:34.754026Z,5305,243.2,0,OK,OK,OK
2026-08-15T02:01:40.292060Z,5354,243.2,0,OK,OK,OK
2026-08-15T02:01:45.801533Z,5345,243.2,0,OK,OK,OK
2026-08-15T02:01:51.318831Z,5345,243.2,0,OK,OK,OK
2026-08-15T02:01:56.804551Z,5328,243.2,0,OK,OK,OK
2026-08-15T02:02:02.334914Z,5335,243.2,0,OK,OK,OK
2026-08-15T02:02:07.856830Z,5346,243.2,0,OK,OK,OK
2026-08-15T02:02:13.378395Z,5343,243.2,0,OK,OK,OK
2026-08-15T02:02:18.895770Z,5319,243.3,0,OK,OK,OK
2026-08-15T02:02:24.391571Z,5310,243.2,0,OK,OK,OK
2026-08-15T02:02:29.873029Z,5305,243.2,0,OK,OK,OK
2026-08-15T02:02:35.359350Z,5293,243.2,0,OK,OK,OK
2026-08-15T02:02:40.897226Z,5278,243.4,0,OK,OK,OK
2026-08-15T02:02:46.403397Z,5260,243.4,0,OK,OK,OK
2026-08-15T02:02:51.920542Z,5275,243.4,0,OK,OK,OK
2026-08-15T02:02:57.450781Z,5271,243.2,0,OK,OK,OK
2026-08-15T02:03:02.944209Z,5252,243.4,0,OK,OK,OK
2026-08-15T02:03:08.450272Z,5250,243.2,0,OK,OK,OK
2026-08-15T02:03:13.980310Z,5265,243.4,0,OK,OK,OK
2026-08-15T02:03:19.472120Z,5260,243.2,0,OK,OK,OK
2026-08-15T02:03:24.970171Z,5262,243.4,0,OK,OK,OK
2026-08-15T02:03:30.506879Z,5253,243.4,0,OK,OK,OK
2026-08-15T02:03:36.036054Z,5257,243.4,0,OK,OK,OK
2026-08-15T02:03:41.550587Z,5262,243.4,0,OK,OK,OK
2026-08-15T02:03:47.024660Z,5265,243.4,0,OK,OK,OK
2026-08-15T02:03:52.529950Z,5276,243.3,0,OK,OK,OK
2026-08-15T02:03:58.044922Z,5266,243.3,0,OK,OK,OK
2026-08-15T02:04:03.563128Z,5266,243.3,0,OK,OK,OK
2026-08-15T02:04:09.046223Z,5269,243.3,0,OK,OK,OK
2026-08-15T02:04:14.618127Z,5261,243.3,0,OK,OK,OK
2026-08-15T02:04:20.120213Z,5264,243.3,0,OK,OK,OK
2026-08-15T02:04:25.615185Z,3735,244.0,0,OK,OK,OK
2026-08-15T02:04:31.147351Z,3742,244.1,0,OK,OK,OK
2026-08-15T02:04:36.622371Z,3745,244.1,0,OK,OK,OK
2026-08-15T02:04:42.144402Z,3742,244.1,0,OK,OK,OK
2026-08-15T02:04:47.629766Z,3730,244.2,0,OK,OK,OK
2026-08-15T02:04:53.150619Z,3727,244.1,0,OK,OK,OK
2026-08-15T02:04:58.671796Z,3725,244.1,0,OK,OK,OK
2026-08-15T02:05:04.174944Z,3734,244.1,0,OK,OK,OK
2026-08-15T02:05:09.637430Z,3750,244.1,0,OK,OK,OK
2026-08-15T02:05:15.091131Z,3766,244.2,0,OK,OK,OK
2026-08-15T02:05:20.617694Z,3765,244.3,0,OK,OK,OK
2026-08-15T02:05:26.153451Z,3726,244.2,0,OK,OK,OK
2026-08-15T02:05:31.644710Z,3730,244.1,0,OK,OK,OK
2026-08-15T02:05:37.164730Z,3714,244.3,0,OK,OK,OK
2026-08-15T02:05:42.694547Z,3726,244.3,0,OK,OK,OK
2026-08-15T02:05:48.190533Z,3721,244.4,0,OK,OK,OK
2026-08-15T02:05:53.712523Z,3728,244.4,0,OK,OK,OK
2026-08-15T02:05:59.243234Z,3729,244.4,0,OK,OK,OK
2026-08-15T02:06:04.717799Z,3720,244.4,0,OK,OK,OK
2026-08-15T02:06:10.251530Z,3729,244.4,0,OK,OK,OK
2026-08-15T02:06:15.732093Z,3733,244.4,0,OK,OK,OK
2026-08-15T02:06:21.267115Z,3724,244.4,0,OK,OK,OK
2026-08-15T02:06:26.757190Z,3726,244.4,0,OK,OK,OK
2026-08-15T02:06:32.255577Z,3732,244.4,0,OK,OK,OK
2026-08-15T02:06:37.735791Z,3727,244.4,0,OK,OK,OK
2026-08-15T02:06:43.258790Z,3729,244.4,0,OK,OK,OK
2026-08-15T02:06:48.808782Z,3735,244.4,0,OK,OK,OK
2026-08-15T02:06:54.245873Z,3742,244.5,0,OK,OK,OK
2026-08-15T02:06:59.750711Z,3755,244.5,0,OK,OK,OK
2026-08-15T02:07:05.274777Z,3759,244.5,0,OK,OK,OK
2026-08-15T02:07:10.807587Z,3762,244.5,0,OK,OK,OK
2026-08-15T02:07:16.254762Z,3768,244.5,0,OK,OK,OK
2026-08-15T02:07:21.791225Z,3793,244.6,0,OK,OK,OK
2026-08-15T02:07:27.267863Z,3791,244.6,0,OK,OK,OK
2026-08-15T02:07:32.752586Z,3795,244.6,0,OK,OK,OK
2026-08-15T02:07:38.215723Z,3760,244.6,0,OK,OK,OK
2026-08-15T02:07:43.714772Z,3766,244.6,0,OK,OK,OK
2026-08-15T02:07:49.196390Z,4426,244.6,0,OK,OK,OK
2026-08-15T02:07:54.706270Z,4376,243.8,0,OK,OK,OK
2026-08-15T02:08:00.225788Z,4280,243.8,0,OK,OK,OK
2026-08-15T02:08:05.749221Z,4247,243.8,0,OK,OK,OK
2026-08-15T02:08:11.261196Z,4237,243.8,0,OK,OK,OK
2026-08-15T02:08:16.790762Z,4240,243.8,0,OK,OK,OK
2026-08-15T02:08:22.295994Z,4224,243.8,0,OK,OK,OK
2026-08-15T02:08:27.814770Z,4229,243.8,0,OK,OK,OK
2026-08-15T02:08:33.331774Z,4218,243.9,0,OK,OK,OK
2026-08-15T02:08:38.823346Z,4267,243.8,0,OK,OK,OK
2026-08-15T02:08:44.351499Z,4246,243.9,0,OK,OK,OK
2026-08-15T02:08:49.865838Z,4251,244.0,0,OK,OK,OK
2026-08-15T02:08:55.384610Z,4253,244.0,0,OK,OK,OK
2026-08-15T02:09:00.881343Z,4253,244.2,0,OK,OK,OK
2026-08-15T02:09:06.349407Z,4259,244.2,0,OK,OK,OK
2026-08-15T02:09:11.850077Z,4251,244.2,0,OK,OK,OK
2026-08-15T02:09:17.368784Z,4246,244.2,0,OK,OK,OK
2026-08-15T02:09:22.871792Z,4254,244.3,0,OK,OK,OK
2026-08-15T02:09:28.367695Z,4258,244.3,0,OK,OK,OK
2026-08-15T02:09:33.893175Z,4263,244.2,0,OK,OK,OK
2026-08-15T02:09:39.411401Z,4287,244.3,0,OK,OK,OK
2026-08-15T02:09:44.968987Z,4156,244.5,0,OK,OK,OK
2026-08-15T02:09:50.476272Z,4119,244.5,0,OK,OK,OK
2026-08-15T02:09:55.998197Z,4125,244.3,0,OK,OK,OK
2026-08-15T02:10:01.500217Z,4128,244.4,0,OK,OK,OK
2026-08-15T02:10:07.008984Z,4134,244.3,0,OK,OK,OK
2026-08-15T02:10:12.501350Z,3771,244.4,0,OK,OK,OK
2026-08-15T02:10:17.999701Z,3750,244.4,0,OK,OK,OK
2026-08-15T02:10:23.479949Z,3775,244.5,0,OK,OK,OK
2026-08-15T02:10:28.975576Z,3780,244.5,0,OK,OK,OK
2026-08-15T02:10:34.499747Z,3773,244.5,0,OK,OK,OK
2026-08-15T02:10:40.000974Z,3782,244.5,0,OK,OK,OK
2026-08-15T02:10:45.489944Z,3788,244.5,0,OK,OK,OK
2026-08-15T02:10:50.941460Z,3761,244.4,0,OK,OK,OK
2026-08-15T02:10:56.472879Z,3775,244.5,0,OK,OK,OK
2026-08-15T02:11:01.903709Z,3789,244.5,0,OK,OK,OK
2026-08-15T02:11:07.431371Z,3749,244.5,0,OK,OK,OK
2026-08-15T02:11:12.901292Z,3733,244.5,0,OK,OK,OK
2026-08-15T02:11:18.412686Z,3736,244.5,0,OK,OK,OK
2026-08-15T02:11:23.896947Z,3768,244.5,0,OK,OK,OK
2026-08-15T02:11:29.396300Z,3748,244.5,0,OK,OK,OK
2026-08-15T02:11:34.909093Z,3735,243.5,0,OK,OK,OK
2026-08-15T02:11:40.411955Z,3743,243.8,0,OK,OK,OK
2026-08-15T02:11:45.931619Z,3723,243.6,0,OK,OK,OK
2026-08-15T02:11:51.445148Z,3720,243.6,0,OK,OK,OK
2026-08-15T02:11:56.950730Z,3720,243.7,0,OK,OK,OK
2026-08-15T02:12:02.449390Z,3718,243.6,0,OK,OK,OK
2026-08-15T02:12:07.995133Z,3719,243.7,0,OK,OK,OK
2026-08-15T02:12:13.536394Z,3722,243.7,0,OK,OK,OK
2026-08-15T02:12:19.024203Z,3718,243.5,0,OK,OK,OK
2026-08-15T02:12:24.501775Z,3740,243.6,0,OK,OK,OK
2026-08-15T02:12:30.020819Z,3716,243.6,0,OK,OK,OK
2026-08-15T02:12:35.521293Z,3696,243.7,0,OK,OK,OK
2026-08-15T02:12:41.022731Z,3684,243.7,0,OK,OK,OK
2026-08-15T02:12:46.510305Z,3698,243.7,0,OK,OK,OK
2026-08-15T02:12:52.050513Z,3679,243.7,0,OK,OK,OK
2026-08-15T02:12:57.614193Z,3677,243.8,0,OK,OK,OK
2026-08-15T02:13:03.121620Z,3671,243.8,0,OK,OK,OK
2026-08-15T02:13:08.644640Z,3676,243.8,0,OK,OK,OK
2026-08-15T02:13:14.117851Z,3664,243.8,0,OK,OK,OK
2026-08-15T02:13:19.633599Z,3663,243.8,0,OK,OK,OK
2026-08-15T02:13:25.156817Z,3701,243.8,0,OK,OK,OK
2026-08-15T02:13:30.658125Z,3700,243.8,0,OK,OK,OK
2026-08-15T02:13:36.148125Z,3702,244.0,0,OK,OK,OK
2026-08-15T02:13:41.626163Z,3712,244.0,0,OK,OK,OK
2026-08-15T02:13:47.131398Z,3708,244.1,0,OK,OK,OK
2026-08-15T02:13:52.624212Z,3700,244.2,0,OK,OK,OK
2026-08-15T02:13:58.129406Z,3695,244.0,0,OK,OK,OK
2026-08-15T02:14:03.630288Z,3706,243.9,0,OK,OK,OK
2026-08-15T02:14:09.146697Z,3703,244.0,0,OK,OK,OK
2026-08-15T02:14:14.733704Z,3698,243.8,0,OK,OK,OK
2026-08-15T02:14:20.256012Z,3702,244.0,0,OK,OK,OK
2026-08-15T02:14:25.752346Z,3703,243.9,0,OK,OK,OK
2026-08-15T02:14:31.271759Z,3707,243.9,0,OK,OK,OK
2026-08-15T02:14:36.790010Z,3706,243.9,0,OK,OK,OK
2026-08-15T02:14:42.298042Z,3701,243.9,0,OK,OK,OK
2026-08-15T02:14:47.806021Z,3702,244.0,0,OK,OK,OK
2026-08-15T02:14:53.309923Z,3700,243.8,0,OK,OK,OK
2026-08-15T02:14:58.832876Z,3702,243.8,0,OK,OK,OK
2026-08-15T02:15:04.347627Z,3707,243.8,0,OK,OK,OK
2026-08-15T02:15:09.857640Z,3701,243.8,0,OK,OK,OK
2026-08-15T02:15:15.368045Z,3700,244.0,0,OK,OK,OK
2026-08-15T02:15:20.890866Z,3690,244.0,0,OK,OK,OK
2026-08-15T02:15:26.395843Z,3702,244.1,0,OK,OK,OK
2026-08-15T02:15:31.879698Z,3705,244.0,0,OK,OK,OK
2026-08-15T02:15:37.395228Z,3705,243.9,0,OK,OK,OK
2026-08-15T02:15:42.890872Z,3708,244.0,0,OK,OK,OK
2026-08-15T02:15:48.394022Z,3690,243.9,0,OK,OK,OK
2026-08-15T02:15:53.946167Z,3703,244.1,0,OK,OK,OK
2026-08-15T02:15:59.456937Z,3706,243.9,0,OK,OK,OK
2026-08-15T02:16:05.020301Z,3705,243.9,0,OK,OK,OK
2026-08-15T02:16:10.524567Z,3698,243.9,0,OK,OK,OK
2026-08-15T02:16:16.031325Z,3715,243.9,0,OK,OK,OK
2026-08-15T02:16:21.537237Z,3708,243.8,0,OK,OK,OK
2026-08-15T02:16:27.062198Z,3701,243.8,0,OK,OK,OK
2026-08-15T02:16:32.583078Z,3700,243.9,0,OK,OK,OK
2026-08-15T02:16:38.089462Z,3709,243.8,0,OK,OK,OK
2026-08-15T02:16:43.578887Z,3700,243.9,0,OK,OK,OK
2026-08-15T02:16:49.068795Z,3696,243.9,0,OK,OK,OK
2026-08-15T02:16:54.574735Z,3703,243.9,0,OK,OK,OK
2026-08-15T02:17:00.102133Z,3701,243.9,0,OK,OK,OK
2026-08-15T02:17:05.603150Z,3704,243.8,0,OK,OK,OK
2026-08-15T02:17:11.085047Z,3724,244.5,0,OK,OK,OK
2026-08-15T02:17:16.598290Z,3717,244.5,0,OK,OK,OK
2026-08-15T02:17:22.111791Z,3730,244.5,0,OK,OK,OK
2026-08-15T02:17:27.622575Z,3722,244.5,0,OK,OK,OK
2026-08-15T02:17:33.127192Z,3708,244.5,0,OK,OK,OK
2026-08-15T02:17:38.633950Z,3721,244.5,0,OK,OK,OK
2026-08-15T02:17:44.150460Z,3722,244.6,0,OK,OK,OK
2026-08-15T02:17:49.662730Z,3699,244.6,0,OK,OK,OK
2026-08-15T02:17:55.167449Z,3702,244.5,0,OK,OK,OK
2026-08-15T02:18:00.671207Z,3717,244.6,0,OK,OK,OK
2026-08-15T02:18:06.182397Z,3721,244.6,0,OK,OK,OK
2026-08-15T02:18:11.674436Z,3714,244.6,0,OK,OK,OK
2026-08-15T02:18:17.162146Z,3632,244.6,0,OK,OK,OK
2026-08-15T02:18:22.672492Z,3630,244.7,0,OK,OK,OK
2026-08-15T02:18:28.158269Z,3576,241.7,0,OK,OK,OK
2026-08-15T02:18:33.623248Z,3621,244.4,0,OK,OK,OK
2026-08-15T02:18:39.089736Z,3608,244.6,0,OK,OK,OK
2026-08-15T02:18:44.610360Z,3625,244.6,0,OK,OK,OK
2026-08-15T02:18:50.054740Z,3634,244.5,0,OK,OK,OK
2026-08-15T02:18:55.537342Z,3613,244.6,0,OK,OK,OK
2026-08-15T02:19:01.034910Z,3631,244.6,0,OK,OK,OK
2026-08-15T02:19:06.559899Z,3622,244.6,0,OK,OK,OK
2026-08-15T02:19:12.030157Z,3613,244.6,0,OK,OK,OK
2026-08-15T02:19:17.536325Z,3620,244.6,0,OK,OK,OK
2026-08-15T02:19:23.010644Z,3618,244.6,0,OK,OK,OK
2026-08-15T02:19:28.530972Z,3617,244.6,0,OK,OK,OK
2026-08-15T02:19:33.992325Z,3621,244.6,0,OK,OK,OK
2026-08-15T02:19:39.518437Z,3622,244.4,0,OK,OK,OK
2026-08-15T02:19:45.051723Z,3622,244.4,0,OK,OK,OK
2026-08-15T02:19:50.534620Z,3618,244.6,0,OK,OK,OK
2026-08-15T02:19:56.016846Z,3611,244.6,0,OK,OK,OK
2026-08-15T02:20:01.560600Z,3599,244.5,0,OK,OK,OK
2026-08-15T02:20:07.045631Z,3623,244.5,0,OK,OK,OK
2026-08-15T02:20:12.528778Z,3648,244.5,0,OK,OK,OK
2026-08-15T02:20:18.024751Z,3606,244.6,0,OK,OK,OK
2026-08-15T02:20:23.531047Z,3611,244.7,0,OK,OK,OK
2026-08-15T02:20:29.054942Z,3605,244.7,0,OK,OK,OK
2026-08-15T02:20:34.553373Z,3610,244.6,0,OK,OK,OK
2026-08-15T02:20:40.081866Z,3616,244.7,0,OK,OK,OK
2026-08-15T02:20:45.583352Z,3614,244.6,0,OK,OK,OK
2026-08-15T02:20:51.096250Z,3608,244.6,0,OK,OK,OK
2026-08-15T02:20:56.603645Z,3611,244.6,0,OK,OK,OK
2026-08-15T02:21:02.091176Z,3613,244.6,0,OK,OK,OK
2026-08-15T02:21:07.577791Z,3620,244.6,0,OK,OK,OK
2026-08-15T02:21:13.055061Z,3604,244.7,0,OK,OK,OK
2026-08-15T02:21:18.551663Z,3604,244.7,0,OK,OK,OK
2026-08-15T02:21:24.035411Z,3631,244.6,0,OK,OK,OK
2026-08-15T02:21:29.545673Z,3610,244.7,0,OK,OK,OK
2026-08-15T02:21:35.073320Z,3610,244.6,0,OK,OK,OK
2026-08-15T02:21:40.533456Z,3599,244.6,0,OK,OK,OK
2026-08-15T02:21:46.053011Z,3602,244.7,0,OK,OK,OK
2026-08-15T02:21:51.562529Z,3596,244.7,0,OK,OK,OK
2026-08-15T02:21:57.043668Z,3603,244.6,0,OK,OK,OK
2026-08-15T02:22:02.544485Z,3600,244.6,0,OK,OK,OK
2026-08-15T02:22:08.060045Z,3604,244.6,0,OK,OK,OK
2026-08-15T02:22:13.573843Z,3619,244.6,0,OK,OK,OK
2026-08-15T02:22:19.065752Z,3609,244.7,0,OK,OK,OK
2026-08-15T02:22:24.595754Z,3603,244.7,0,OK,OK,OK
2026-08-15T02:22:30.121573Z,5052,244.0,0,OK,OK,OK
2026-08-15T02:22:35.611800Z,5069,243.9,0,OK,OK,OK
2026-08-15T02:22:41.130036Z,5098,243.9,0,OK,OK,OK
2026-08-15T02:22:46.608224Z,5093,243.9,0,OK,OK,OK
2026-08-15T02:22:52.125738Z,5108,243.8,0,OK,OK,OK
2026-08-15T02:22:57.601025Z,5130,243.8,0,OK,OK,OK
2026-08-15T02:23:03.123306Z,5140,243.8,0,OK,OK,OK
2026-08-15T02:23:08.590491Z,5153,243.7,0,OK,OK,OK
2026-08-15T02:23:14.122322Z,5150,243.7,0,OK,OK,OK
2026-08-15T02:23:19.578632Z,5139,243.7,0,OK,OK,OK
2026-08-15T02:23:25.100515Z,5148,243.7,0,OK,OK,OK
2026-08-15T02:23:30.575391Z,5142,243.7,0,OK,OK,OK
2026-08-15T02:23:36.042329Z,5139,243.7,0,OK,OK,OK
2026-08-15T02:23:41.556959Z,5127,243.7,0,OK,OK,OK
2026-08-15T02:23:47.073997Z,5133,243.7,0,OK,OK,OK
2026-08-15T02:23:52.567894Z,5140,243.7,0,OK,OK,OK
2026-08-15T02:23:58.096198Z,5145,243.7,0,OK,OK,OK
2026-08-15T02:24:03.569476Z,5132,243.8,0,OK,OK,OK
2026-08-15T02:24:09.105878Z,5139,243.7,0,OK,OK,OK
2026-08-15T02:24:14.674056Z,7303,242.8,0,OK,OK,OK
2026-08-15T02:24:20.198555Z,10582,241.3,0,OK,OK,OK
2026-08-15T02:24:25.700684Z,12797,240.1,0,OK,OK,OK
2026-08-15T02:24:31.203001Z,12801,240.0,0,OK,OK,OK
2026-08-15T02:24:36.695903Z,12794,240.0,0,OK,OK,OK
2026-08-15T02:24:42.179192Z,12771,240.0,0,OK,OK,OK
2026-08-15T02:24:47.696339Z,12795,240.0,0,OK,OK,OK
2026-08-15T02:24:53.201057Z,12757,240.0,0,OK,OK,OK
2026-08-15T02:24:58.769868Z,12775,240.0,0,OK,OK,OK
2026-08-15T02:25:04.274460Z,12782,240.1,0,OK,OK,OK
2026-08-15T02:25:09.768067Z,12766,240.0,0,OK,OK,OK
2026-08-15T02:25:15.283620Z,12691,238.7,0,OK,OK,OK
2026-08-15T02:25:20.812025Z,12734,239.1,0,OK,OK,OK
2026-08-15T02:25:26.308445Z,12710,239.2,0,OK,OK,OK
2026-08-15T02:25:31.810819Z,12720,239.1,0,OK,OK,OK
2026-08-15T02:25:37.365124Z,12718,239.2,0,OK,OK,OK
2026-08-15T02:25:42.884733Z,12724,239.1,0,OK,OK,OK
2026-08-15T02:25:48.386609Z,12730,239.1,0,OK,OK,OK
2026-08-15T02:25:53.929159Z,12680,238.9,0,OK,OK,OK
2026-08-15T02:25:59.474572Z,12687,239.0,0,OK,OK,OK
2026-08-15T02:26:04.973032Z,12679,239.1,0,OK,OK,OK
2026-08-15T02:26:10.454067Z,12661,239.1,0,OK,OK,OK
2026-08-15T02:26:15.968408Z,12694,239.0,0,OK,OK,OK
2026-08-15T02:26:21.568159Z,12654,239.0,0,OK,OK,OK
2026-08-15T02:26:27.044665Z,12655,239.0,0,OK,OK,OK
2026-08-15T02:26:32.546235Z,12641,238.9,0,OK,OK,OK
2026-08-15T02:26:38.104904Z,12665,238.9,0,OK,OK,OK
2026-08-15T02:26:43.633303Z,12604,239.0,0,OK,OK,OK
2026-08-15T02:26:49.101586Z,12602,239.0,0,OK,OK,OK
2026-08-15T02:26:54.607901Z,12608,239.0,0,OK,OK,OK
2026-08-15T02:27:00.114764Z,12604,238.9,0,OK,OK,OK
2026-08-15T02:27:05.599084Z,12588,238.9,0,OK,OK,OK
2026-08-15T02:27:11.081843Z,12592,238.8,0,OK,OK,OK
2026-08-15T02:27:16.633559Z,12579,238.8,0,OK,OK,OK
2026-08-15T02:27:22.184003Z,12582,239.0,0,OK,OK,OK
2026-08-15T02:27:27.693441Z,12573,238.8,0,OK,OK,OK
2026-08-15T02:27:33.204164Z,12563,238.8,0,OK,OK,OK
2026-08-15T02:27:38.706078Z,12580,238.9,0,OK,OK,OK
2026-08-15T02:27:44.216031Z,12573,238.8,0,OK,OK,OK
2026-08-15T02:27:49.698261Z,12563,238.8,0,OK,OK,OK
2026-08-15T02:27:55.276123Z,12558,238.7,0,OK,OK,OK
2026-08-15T02:28:00.775711Z,12562,238.7,0,OK,OK,OK
2026-08-15T02:28:06.332022Z,12555,238.7,0,OK,OK,OK
2026-08-15T02:28:11.841094Z,12564,238.7,0,OK,OK,OK
2026-08-15T02:28:17.333107Z,12530,238.6,0,OK,OK,OK
2026-08-15T02:28:22.841485Z,12541,238.4,0,OK,OK,OK
2026-08-15T02:28:28.397035Z,12551,238.4,0,OK,OK,OK
2026-08-15T02:28:33.980828Z,12536,238.4,0,OK,OK,OK
2026-08-15T02:28:39.450987Z,12539,238.4,0,OK,OK,OK
2026-08-15T02:28:44.953116Z,12518,238.4,0,OK,OK,OK
2026-08-15T02:28:50.479050Z,12486,238.3,0,OK,OK,OK
2026-08-15T02:28:56.008306Z,12467,238.3,0,OK,OK,OK
2026-08-15T02:29:01.496445Z,12524,238.3,0,OK,OK,OK
2026-08-15T02:29:07.030557Z,12484,238.3,0,OK,OK,OK
2026-08-15T02:29:12.504226Z,12504,238.2,0,OK,OK,OK
2026-08-15T02:29:18.007642Z,12512,238.0,0,OK,OK,OK
2026-08-15T02:29:23.526625Z,12519,238.0,0,OK,OK,OK
2026-08-15T02:29:29.063207Z,12492,238.1,0,OK,OK,OK
2026-08-15T02:29:34.568104Z,12503,238.1,0,OK,OK,OK
2026-08-15T02:29:40.115775Z,12501,238.2,0,OK,OK,OK
2026-08-15T02:29:45.607358Z,11102,239.0,0,OK,OK,OK
2026-08-15T02:29:51.145260Z,11096,239.2,0,OK,OK,OK
2026-08-15T02:29:56.727595Z,11085,239.1,0,OK,OK,OK
2026-08-15T02:30:02.232709Z,11089,239.2,0,OK,OK,OK
2026-08-15T02:30:07.758762Z,11056,239.2,0,OK,OK,OK
2026-08-15T02:30:13.270091Z,11086,239.1,0,OK,OK,OK
2026-08-15T02:30:18.770326Z,11081,239.1,0,OK,OK,OK
2026-08-15T02:30:24.321108Z,11086,239.2,0,OK,OK,OK
2026-08-15T02:30:29.830165Z,11082,239.1,0,OK,OK,OK
2026-08-15T02:30:35.385883Z,11106,239.7,0,OK,OK,OK
2026-08-15T02:30:40.886485Z,11109,239.7,0,OK,OK,OK
2026-08-15T02:30:46.360355Z,11112,239.7,0,OK,OK,OK
2026-08-15T02:30:51.903814Z,11111,239.7,0,OK,OK,OK
2026-08-15T02:30:57.417617Z,11131,239.7,0,OK,OK,OK
2026-08-15T02:31:02.976819Z,11123,239.8,0,OK,OK,OK
2026-08-15T02:31:08.505354Z,11257,239.6,0,OK,OK,OK
2026-08-15T02:31:14.010225Z,11251,239.8,0,OK,OK,OK
2026-08-15T02:31:19.518291Z,11226,239.8,0,OK,OK,OK
2026-08-15T02:31:25.012390Z,11236,239.8,0,OK,OK,OK
2026-08-15T02:31:30.544000Z,11252,239.8,0,OK,OK,OK
2026-08-15T02:31:36.030419Z,11245,239.8,0,OK,OK,OK
2026-08-15T02:31:41.526556Z,11190,239.8,0,OK,OK,OK
2026-08-15T02:31:47.069032Z,11209,239.8,0,OK,OK,OK
2026-08-15T02:31:52.575203Z,11200,239.9,0,OK,OK,OK
2026-08-15T02:31:58.095244Z,11202,239.8,0,OK,OK,OK
2026-08-15T02:32:03.584802Z,11209,240.1,0,OK,OK,OK
2026-08-15T02:32:09.086239Z,11219,240.1,0,OK,OK,OK
2026-08-15T02:32:14.599394Z,11213,240.1,0,OK,OK,OK
2026-08-15T02:32:20.107809Z,11208,240.0,0,OK,OK,OK
2026-08-15T02:32:25.599084Z,11205,240.1,0,OK,OK,OK
2026-08-15T02:32:31.095174Z,11199,240.0,0,OK,OK,OK
2026-08-15T02:32:36.578549Z,11202,239.9,0,OK,OK,OK
2026-08-15T02:32:42.073490Z,11195,239.9,0,OK,OK,OK
2026-08-15T02:32:47.581750Z,11197,239.9,0,OK,OK,OK
2026-08-15T02:32:53.073159Z,11203,239.9,0,OK,OK,OK
2026-08-15T02:32:58.551223Z,11210,240.0,0,OK,OK,OK
2026-08-15T02:33:04.166728Z,11115,240.0,0,OK,OK,OK
2026-08-15T02:33:09.667634Z,11097,240.0,0,OK,OK,OK
2026-08-15T02:33:15.190680Z,11086,240.1,0,OK,OK,OK
2026-08-15T02:33:20.684449Z,11090,240.0,0,OK,OK,OK
2026-08-15T02:33:26.155649Z,11097,240.0,0,OK,OK,OK
2026-08-15T02:33:31.666456Z,11090,240.0,0,OK,OK,OK
2026-08-15T02:33:37.186514Z,11099,240.1,0,OK,OK,OK
2026-08-15T02:33:42.679897Z,11089,240.1,0,OK,OK,OK
2026-08-15T02:33:48.218780Z,11092,240.1,0,OK,OK,OK
2026-08-15T02:33:53.707912Z,11082,240.2,0,OK,OK,OK
2026-08-15T02:33:59.295175Z,11098,240.1,0,OK,OK,OK
2026-08-15T02:34:04.906928Z,11180,240.1,0,OK,OK,OK
2026-08-15T02:34:10.417908Z,11179,240.2,0,OK,OK,OK
2026-08-15T02:34:15.924159Z,11207,240.2,0,OK,OK,OK
2026-08-15T02:34:21.435177Z,11214,240.2,0,OK,OK,OK
2026-08-15T02:34:26.905577Z,11199,240.3,0,OK,OK,OK
2026-08-15T02:34:32.386476Z,11215,240.3,0,OK,OK,OK
2026-08-15T02:34:37.868767Z,11203,240.2,0,OK,OK,OK
2026-08-15T02:34:43.408245Z,11195,240.3,0,OK,OK,OK
2026-08-15T02:34:48.898129Z,11218,240.3,0,OK,OK,OK
2026-08-15T02:34:54.380841Z,11203,240.2,0,OK,OK,OK
2026-08-15T02:34:59.910708Z,11197,240.2,0,OK,OK,OK
2026-08-15T02:35:05.416448Z,11201,240.4,0,OK,OK,OK
2026-08-15T02:35:10.923306Z,11199,240.3,0,OK,OK,OK
2026-08-15T02:35:16.462185Z,11191,240.3,0,OK,OK,OK
2026-08-15T02:35:21.956514Z,11190,240.3,0,OK,OK,OK
2026-08-15T02:35:27.468907Z,11193,240.3,0,OK,OK,OK
2026-08-15T02:35:32.966102Z,11192,240.3,0,OK,OK,OK
2026-08-15T02:35:38.458430Z,11184,240.3,0,OK,OK,OK
2026-08-15T02:35:43.983841Z,11184,240.3,0,OK,OK,OK
2026-08-15T02:35:49.499158Z,11181,240.3,0,OK,OK,OK
2026-08-15T02:35:55.114658Z,11173,240.3,0,OK,OK,OK
2026-08-15T02:36:00.688186Z,11173,240.3,0,OK,OK,OK
2026-08-15T02:36:06.206842Z,11172,240.3,0,OK,OK,OK
2026-08-15T02:36:11.716302Z,11173,240.3,0,OK,OK,OK
2026-08-15T02:36:17.204642Z,11168,240.2,0,OK,OK,OK
2026-08-15T02:36:22.745211Z,11160,240.2,0,OK,OK,OK
2026-08-15T02:36:28.231396Z,11173,240.3,0,OK,OK,OK
2026-08-15T02:36:33.715850Z,11166,240.2,0,OK,OK,OK
2026-08-15T02:36:39.250102Z,11167,240.2,0,OK,OK,OK
2026-08-15T02:36:44.711239Z,11193,240.2,0,OK,OK,OK
2026-08-15T02:36:50.230492Z,11262,240.2,0,OK,OK,OK
2026-08-15T02:36:55.752416Z,11261,240.1,0,OK,OK,OK
2026-08-15T02:37:01.220094Z,11249,240.2,0,OK,OK,OK
2026-08-15T02:37:06.727601Z,11268,240.3,0,OK,OK,OK
2026-08-15T02:37:12.239054Z,11276,240.3,0,OK,OK,OK
2026-08-15T02:37:17.731118Z,11258,240.4,0,OK,OK,OK
2026-08-15T02:37:23.233890Z,11272,240.2,0,OK,OK,OK
2026-08-15T02:37:28.756056Z,11263,240.2,0,OK,OK,OK
2026-08-15T02:37:34.287265Z,11272,240.3,0,OK,OK,OK
2026-08-15T02:37:39.805285Z,11266,240.4,0,OK,OK,OK
2026-08-15T02:37:45.324307Z,11272,240.3,0,OK,OK,OK
2026-08-15T02:37:50.800725Z,11279,240.3,0,OK,OK,OK
2026-08-15T02:37:56.315243Z,11280,240.1,0,OK,OK,OK
2026-08-15T02:38:01.832847Z,11227,240.3,0,OK,OK,OK
2026-08-15T02:38:07.347220Z,11231,240.3,0,OK,OK,OK
2026-08-15T02:38:12.869279Z,11171,240.3,0,OK,OK,OK
2026-08-15T02:38:18.370201Z,11184,240.3,0,OK,OK,OK
2026-08-15T02:38:23.878363Z,11231,240.5,0,OK,OK,OK
2026-08-15T02:38:29.371105Z,11212,240.3,0,OK,OK,OK
2026-08-15T02:38:34.906427Z,11179,240.4,0,OK,OK,OK
2026-08-15T02:38:40.426322Z,11207,240.4,0,OK,OK,OK
2026-08-15T02:38:46.040141Z,11131,240.5,0,OK,OK,OK
2026-08-15T02:38:51.539226Z,11145,240.5,0,OK,OK,OK
2026-08-15T02:38:57.075316Z,11131,240.5,0,OK,OK,OK
2026-08-15T02:39:02.548285Z,11122,240.6,0,OK,OK,OK
2026-08-15T02:39:08.028974Z,11127,240.6,0,OK,OK,OK
2026-08-15T02:39:13.552633Z,11126,240.6,0,OK,OK,OK
2026-08-15T02:39:19.062274Z,11145,240.6,0,OK,OK,OK
2026-08-15T02:39:24.598822Z,11132,240.6,0,OK,OK,OK
2026-08-15T02:39:30.109369Z,11135,240.7,0,OK,OK,OK
2026-08-15T02:39:35.599617Z,11152,240.6,0,OK,OK,OK
2026-08-15T02:39:41.117670Z,11138,240.6,0,OK,OK,OK
2026-08-15T02:39:46.640750Z,11146,240.8,0,OK,OK,OK
2026-08-15T02:39:52.095939Z,11169,240.8,0,OK,OK,OK
2026-08-15T02:39:57.600292Z,11163,240.8,0,OK,OK,OK
2026-08-15T02:40:03.082730Z,11174,240.9,0,OK,OK,OK
2026-08-15T02:40:08.623693Z,11152,240.9,0,OK,OK,OK
2026-08-15T02:40:14.089372Z,11147,240.9,0,OK,OK,OK
2026-08-15T02:40:19.572584Z,11161,240.9,0,OK,OK,OK
2026-08-15T02:40:25.064597Z,11167,241.0,0,OK,OK,OK
2026-08-15T02:40:30.594483Z,11176,240.9,0,OK,OK,OK
2026-08-15T02:40:36.097318Z,11187,241.0,0,OK,OK,OK
2026-08-15T02:40:41.576644Z,11158,241.0,0,OK,OK,OK
2026-08-15T02:40:47.640670Z,11164,240.9,0,OK,OK,OK
2026-08-15T02:40:53.153247Z,11136,241.0,0,OK,OK,OK
2026-08-15T02:40:58.671077Z,11158,241.0,0,OK,OK,OK
2026-08-15T02:41:04.194797Z,11166,240.9,0,OK,OK,OK
2026-08-15T02:41:09.689157Z,11167,241.0,0,OK,OK,OK
2026-08-15T02:41:15.210125Z,11170,241.0,0,OK,OK,OK
2026-08-15T02:41:20.755747Z,11165,241.0,0,OK,OK,OK
2026-08-15T02:41:26.263205Z,11179,241.0,0,OK,OK,OK
2026-08-15T02:41:31.797194Z,11147,241.0,0,OK,OK,OK
2026-08-15T02:41:37.321917Z,11166,241.1,0,OK,OK,OK
2026-08-15T02:41:42.826532Z,11147,241.2,0,OK,OK,OK
2026-08-15T02:41:48.318077Z,11169,241.2,0,OK,OK,OK
2026-08-15T02:41:53.855446Z,11151,241.1,0,OK,OK,OK
2026-08-15T02:41:59.350083Z,11146,241.1,0,OK,OK,OK
2026-08-15T02:42:04.871612Z,11140,241.2,0,OK,OK,OK
2026-08-15T02:42:10.389983Z,11150,241.2,0,OK,OK,OK
2026-08-15T02:42:15.906622Z,11135,241.2,0,OK,OK,OK
2026-08-15T02:42:21.392101Z,11161,241.2,0,OK,OK,OK
2026-08-15T02:42:26.923535Z,11149,241.2,0,OK,OK,OK
2026-08-15T02:42:32.399329Z,11146,241.2,0,OK,OK,OK
2026-08-15T02:42:37.902122Z,11154,241.2,0,OK,OK,OK
2026-08-15T02:42:43.434452Z,11145,241.2,0,OK,OK,OK
2026-08-15T02:42:48.952852Z,11141,241.2,0,OK,OK,OK
2026-08-15T02:42:54.491262Z,11138,241.2,0,OK,OK,OK
2026-08-15T02:43:00.004654Z,11139,241.2,0,OK,OK,OK
2026-08-15T02:43:05.528218Z,11147,241.3,0,OK,OK,OK
2026-08-15T02:43:11.053436Z,11133,241.1,0,OK,OK,OK
2026-08-15T02:43:16.574191Z,11150,241.1,0,OK,OK,OK
2026-08-15T02:43:22.100666Z,11158,241.3,0,OK,OK,OK
2026-08-15T02:43:27.601333Z,11154,241.3,0,OK,OK,OK
2026-08-15T02:43:33.124055Z,11136,241.3,0,OK,OK,OK
2026-08-15T02:43:38.679058Z,11262,241.4,0,OK,OK,OK
2026-08-15T02:43:44.218959Z,11149,241.5,0,OK,OK,OK
2026-08-15T02:43:49.692690Z,11204,241.5,0,OK,OK,OK
2026-08-15T02:43:55.227429Z,11211,241.5,0,OK,OK,OK
2026-08-15T02:44:00.719504Z,11205,241.3,0,OK,OK,OK
2026-08-15T02:44:06.222446Z,11206,241.3,0,OK,OK,OK
2026-08-15T02:44:11.701815Z,11133,241.3,0,OK,OK,OK
2026-08-15T02:44:17.243196Z,11199,241.4,0,OK,OK,OK
2026-08-15T02:44:22.744911Z,11161,241.5,0,OK,OK,OK
2026-08-15T02:44:28.252454Z,11102,241.3,0,OK,OK,OK
2026-08-15T02:44:33.741713Z,11152,241.3,0,OK,OK,OK
2026-08-15T02:44:39.245063Z,11092,241.3,0,OK,OK,OK
2026-08-15T02:44:44.738234Z,11127,241.3,0,OK,OK,OK
2026-08-15T02:44:50.256961Z,11129,241.3,0,OK,OK,OK
2026-08-15T02:44:55.719584Z,11121,241.3,0,OK,OK,OK
2026-08-15T02:45:01.256311Z,11146,241.3,0,OK,OK,OK
2026-08-15T02:45:06.751488Z,11164,241.3,0,OK,OK,OK
2026-08-15T02:45:12.305723Z,11100,241.3,0,OK,OK,OK
2026-08-15T02:45:17.824703Z,11120,241.2,0,OK,OK,OK
2026-08-15T02:45:23.323295Z,11146,241.2,0,OK,OK,OK
2026-08-15T02:45:28.852618Z,11098,241.3,0,OK,OK,OK
2026-08-15T02:45:34.376686Z,11092,241.2,0,OK,OK,OK
2026-08-15T02:45:39.896819Z,11109,241.1,0,OK,OK,OK
2026-08-15T02:45:45.393978Z,11117,241.1,0,OK,OK,OK
2026-08-15T02:45:50.893351Z,11103,241.1,0,OK,OK,OK
2026-08-15T02:45:56.396715Z,11060,241.1,0,OK,OK,OK
2026-08-15T02:46:01.929001Z,11084,241.2,0,OK,OK,OK
2026-08-15T02:46:07.429903Z,11090,241.2,0,OK,OK,OK
2026-08-15T02:46:12.948658Z,11081,241.2,0,OK,OK,OK
2026-08-15T02:46:18.488971Z,11081,241.1,0,OK,OK,OK
2026-08-15T02:46:24.017156Z,11095,241.1,0,OK,OK,OK
2026-08-15T02:46:29.573812Z,11090,241.2,0,OK,OK,OK
2026-08-15T02:46:35.054818Z,11096,241.1,0,OK,OK,OK
2026-08-15T02:46:40.558154Z,11094,241.2,0,OK,OK,OK
2026-08-15T02:46:46.024831Z,11074,241.2,0,OK,OK,OK
2026-08-15T02:46:51.540543Z,11060,241.2,0,OK,OK,OK
2026-08-15T02:46:57.069740Z,11070,241.0,0,OK,OK,OK
2026-08-15T02:47:02.574802Z,11063,241.0,0,OK,OK,OK
2026-08-15T02:47:08.102771Z,11083,241.0,0,OK,OK,OK
2026-08-15T02:47:13.610529Z,11102,241.0,0,OK,OK,OK
2026-08-15T02:47:19.128387Z,11085,241.0,0,OK,OK,OK
2026-08-15T02:47:24.618795Z,11129,241.1,0,OK,OK,OK
2026-08-15T02:47:30.124023Z,11082,241.1,0,OK,OK,OK
2026-08-15T02:47:35.670181Z,11097,241.2,0,OK,OK,OK
2026-08-15T02:47:41.196845Z,11076,241.1,0,OK,OK,OK
2026-08-15T02:47:46.679960Z,11076,241.1,0,OK,OK,OK
2026-08-15T02:47:52.173254Z,11082,241.1,0,OK,OK,OK
2026-08-15T02:47:57.690934Z,11091,241.2,0,OK,OK,OK
2026-08-15T02:48:03.207507Z,11088,241.2,0,OK,OK,OK
2026-08-15T02:48:08.667013Z,11061,241.2,0,OK,OK,OK
2026-08-15T02:48:14.175082Z,11087,241.1,0,OK,OK,OK
2026-08-15T02:48:19.712017Z,10980,241.1,0,OK,OK,OK
2026-08-15T02:48:25.238796Z,10996,241.1,0,OK,OK,OK
2026-08-15T02:48:30.727044Z,11001,241.1,0,OK,OK,OK
2026-08-15T02:48:36.246016Z,11056,241.1,0,OK,OK,OK
2026-08-15T02:48:41.780826Z,11030,241.2,0,OK,OK,OK
2026-08-15T02:48:47.289093Z,11023,241.1,0,OK,OK,OK
2026-08-15T02:48:52.747586Z,11026,241.1,0,OK,OK,OK
2026-08-15T02:48:58.261888Z,11025,241.2,0,OK,OK,OK
2026-08-15T02:49:03.727113Z,11061,241.2,0,OK,OK,OK
2026-08-15T02:49:09.238141Z,11037,241.2,0,OK,OK,OK
2026-08-15T02:49:14.755796Z,11022,241.3,0,OK,OK,OK
2026-08-15T02:49:20.294203Z,11037,241.2,0,OK,OK,OK
2026-08-15T02:49:25.753399Z,11030,241.2,0,OK,OK,OK
2026-08-15T02:49:31.261075Z,11040,241.1,0,OK,OK,OK
2026-08-15T02:49:36.734275Z,11041,241.2,0,OK,OK,OK
2026-08-15T02:49:42.268966Z,11034,241.3,0,OK,OK,OK
2026-08-15T02:49:47.810123Z,11098,241.3,0,OK,OK,OK
2026-08-15T02:49:53.311200Z,11051,241.3,0,OK,OK,OK
2026-08-15T02:49:58.773880Z,11053,241.3,0,OK,OK,OK
2026-08-15T02:50:04.362958Z,11036,241.3,0,OK,OK,OK
2026-08-15T02:50:09.866544Z,12454,240.4,0,OK,OK,OK
2026-08-15T02:50:15.394346Z,12461,240.6,0,OK,OK,OK
2026-08-15T02:50:20.864082Z,12492,240.4,0,OK,OK,OK
2026-08-15T02:50:26.387670Z,12507,240.6,0,OK,OK,OK
2026-08-15T02:50:31.860201Z,12511,240.6,0,OK,OK,OK
2026-08-15T02:50:37.399709Z,12532,240.6,0,OK,OK,OK
2026-08-15T02:50:42.919175Z,12540,240.4,0,OK,OK,OK
2026-08-15T02:50:48.504644Z,12550,240.4,0,OK,OK,OK
2026-08-15T02:50:54.012671Z,12547,240.4,0,OK,OK,OK
2026-08-15T02:50:59.533091Z,12546,240.4,0,OK,OK,OK
2026-08-15T02:51:05.009795Z,12543,240.4,0,OK,OK,OK
2026-08-15T02:51:10.559769Z,12541,240.4,0,OK,OK,OK
2026-08-15T02:51:16.037284Z,12544,240.4,0,OK,OK,OK
2026-08-15T02:51:21.590601Z,12544,240.4,0,OK,OK,OK
2026-08-15T02:51:27.065175Z,12570,240.4,0,OK,OK,OK
2026-08-15T02:51:32.587203Z,12540,240.4,0,OK,OK,OK
2026-08-15T02:51:38.077296Z,12531,240.4,0,OK,OK,OK
2026-08-15T02:51:43.619355Z,12530,240.4,0,OK,OK,OK
2026-08-15T02:51:49.121715Z,12526,240.4,0,OK,OK,OK
2026-08-15T02:51:54.633064Z,12538,240.4,0,OK,OK,OK
2026-08-15T02:52:00.150430Z,12534,240.4,0,OK,OK,OK
2026-08-15T02:52:05.705208Z,12535,240.4,0,OK,OK,OK
2026-08-15T02:52:11.194910Z,12530,240.4,0,OK,OK,OK
2026-08-15T02:52:16.703211Z,12529,240.4,0,OK,OK,OK
2026-08-15T02:52:22.192138Z,12522,240.4,0,OK,OK,OK
2026-08-15T02:52:27.727931Z,12527,240.4,0,OK,OK,OK
2026-08-15T02:52:33.236401Z,12523,240.4,0,OK,OK,OK
2026-08-15T02:52:38.812856Z,12525,240.4,0,OK,OK,OK
2026-08-15T02:52:44.345531Z,12524,240.4,0,OK,OK,OK
2026-08-15T02:52:49.868566Z,12514,240.5,0,OK,OK,OK
2026-08-15T02:52:55.354806Z,12521,240.4,0,OK,OK,OK
2026-08-15T02:53:00.926623Z,12528,240.4,0,OK,OK,OK
2026-08-15T02:53:06.418342Z,12522,240.4,0,OK,OK,OK
2026-08-15T02:53:11.900006Z,12526,240.4,0,OK,OK,OK
2026-08-15T02:53:17.351226Z,12520,240.4,0,OK,OK,OK
2026-08-15T02:53:22.906274Z,12530,240.4,0,OK,OK,OK
2026-08-15T02:53:28.394429Z,12520,240.4,0,OK,OK,OK
2026-08-15T02:53:33.955136Z,12525,240.4,0,OK,OK,OK
2026-08-15T02:53:39.423466Z,12518,240.4,0,OK,OK,OK
2026-08-15T02:53:44.946575Z,12524,240.6,0,OK,OK,OK
2026-08-15T02:53:50.433339Z,12506,240.5,0,OK,OK,OK
2026-08-15T02:53:55.959332Z,12504,240.4,0,OK,OK,OK
2026-08-15T02:54:01.447845Z,12493,240.3,0,OK,OK,OK
2026-08-15T02:54:06.971798Z,12507,240.4,0,OK,OK,OK
2026-08-15T02:54:12.478065Z,12520,240.3,0,OK,OK,OK
2026-08-15T02:54:18.005053Z,12516,240.4,0,OK,OK,OK
2026-08-15T02:54:23.538184Z,12516,240.4,0,OK,OK,OK
2026-08-15T02:54:29.022884Z,12510,240.5,0,OK,OK,OK
2026-08-15T02:54:34.533586Z,12513,240.4,0,OK,OK,OK
2026-08-15T02:54:40.025799Z,12514,240.4,0,OK,OK,OK
2026-08-15T02:54:45.562039Z,12519,240.4,0,OK,OK,OK
2026-08-15T02:54:51.084591Z,12514,240.4,0,OK,OK,OK
2026-08-15T02:54:56.607100Z,12513,240.5,0,OK,OK,OK
2026-08-15T02:55:02.106024Z,12512,240.4,0,OK,OK,OK
2026-08-15T02:55:07.588512Z,12520,240.4,0,OK,OK,OK
2026-08-15T02:55:13.119126Z,12505,240.3,0,OK,OK,OK
2026-08-15T02:55:18.632089Z,12501,240.3,0,OK,OK,OK
2026-08-15T02:55:24.152174Z,12503,240.2,0,OK,OK,OK
2026-08-15T02:55:29.676277Z,12495,240.2,0,OK,OK,OK
2026-08-15T02:55:35.174220Z,12504,240.4,0,OK,OK,OK
2026-08-15T02:55:40.683390Z,12503,240.4,0,OK,OK,OK
2026-08-15T02:55:46.194464Z,12501,240.4,0,OK,OK,OK
2026-08-15T02:55:51.717643Z,12510,240.4,0,OK,OK,OK
2026-08-15T02:55:57.228276Z,12506,240.4,0,OK,OK,OK
2026-08-15T02:56:02.732303Z,12507,240.4,0,OK,OK,OK
2026-08-15T02:56:08.240404Z,12516,240.2,0,OK,OK,OK
2026-08-15T02:56:13.791317Z,12507,240.3,0,OK,OK,OK
2026-08-15T02:56:19.290454Z,12498,240.2,0,OK,OK,OK
2026-08-15T02:56:24.801511Z,12491,240.3,0,OK,OK,OK
2026-08-15T02:56:30.287362Z,12487,240.0,0,OK,OK,OK
2026-08-15T02:56:35.810951Z,12492,240.0,0,OK,OK,OK
2026-08-15T02:56:41.351386Z,12493,239.9,0,OK,OK,OK
2026-08-15T02:56:46.956535Z,12506,240.0,0,OK,OK,OK
2026-08-15T02:56:52.497681Z,12486,239.9,0,OK,OK,OK
2026-08-15T02:56:57.967938Z,12495,240.0,0,OK,OK,OK
2026-08-15T02:57:03.480193Z,12492,240.0,0,OK,OK,OK
2026-08-15T02:57:08.992203Z,12498,240.0,0,OK,OK,OK
2026-08-15T02:57:14.498196Z,12504,239.8,0,OK,OK,OK
2026-08-15T02:57:19.993487Z,12503,240.4,0,OK,OK,OK
2026-08-15T02:57:25.478637Z,12502,240.4,0,OK,OK,OK
2026-08-15T02:57:30.996687Z,12500,240.6,0,OK,OK,OK
2026-08-15T02:57:36.510426Z,12498,240.6,0,OK,OK,OK
2026-08-15T02:57:42.019569Z,12504,240.5,0,OK,OK,OK
2026-08-15T02:57:47.544282Z,11016,241.3,0,OK,OK,OK
2026-08-15T02:57:53.081444Z,11002,241.3,0,OK,OK,OK
2026-08-15T02:57:58.562931Z,11003,241.3,0,OK,OK,OK
2026-08-15T02:58:04.063448Z,11026,241.3,0,OK,OK,OK
2026-08-15T02:58:09.572359Z,11006,241.2,0,OK,OK,OK
2026-08-15T02:58:15.087370Z,11004,241.3,0,OK,OK,OK
2026-08-15T02:58:20.585894Z,11001,241.2,0,OK,OK,OK
2026-08-15T02:58:26.092075Z,11003,241.2,0,OK,OK,OK
2026-08-15T02:58:31.603980Z,11004,241.2,0,OK,OK,OK
2026-08-15T02:58:37.123642Z,10998,241.2,0,OK,OK,OK
2026-08-15T02:58:42.637009Z,10996,241.0,0,OK,OK,OK
2026-08-15T02:58:48.091724Z,10993,241.3,0,OK,OK,OK
2026-08-15T02:58:53.580522Z,10999,240.7,0,OK,OK,OK
2026-08-15T02:58:59.060040Z,10981,240.3,0,OK,OK,OK
2026-08-15T02:59:04.507522Z,10977,240.3,0,OK,OK,OK
2026-08-15T02:59:10.010245Z,10975,240.2,0,OK,OK,OK
2026-08-15T02:59:15.488197Z,10974,240.3,0,OK,OK,OK
2026-08-15T02:59:21.012596Z,10967,240.4,0,OK,OK,OK
2026-08-15T02:59:26.484421Z,10969,240.3,0,OK,OK,OK
2026-08-15T02:59:31.983922Z,10974,240.4,0,OK,OK,OK
2026-08-15T02:59:37.496291Z,10979,240.2,0,OK,OK,OK
2026-08-15T02:59:43.021492Z,10883,240.3,0,OK,OK,OK
2026-08-15T02:59:48.509425Z,10891,240.4,0,OK,OK,OK
2026-08-15T02:59:54.035192Z,10881,240.4,0,OK,OK,OK
2026-08-15T02:59:59.555172Z,10881,240.4,0,OK,OK,OK
2026-08-15T03:00:05.066887Z,10894,240.4,0,OK,OK,OK
2026-08-15T03:00:10.581686Z,10875,240.3,0,OK,OK,OK
2026-08-15T03:00:16.106334Z,10899,240.4,0,OK,OK,OK
2026-08-15T03:00:21.595040Z,10917,240.5,0,OK,OK,OK
2026-08-15T03:00:27.093382Z,10917,240.5,0,OK,OK,OK
2026-08-15T03:00:32.623280Z,10917,240.3,0,OK,OK,OK
2026-08-15T03:00:38.176299Z,10918,240.4,0,OK,OK,OK
2026-08-15T03:00:43.716796Z,10917,240.4,0,OK,OK,OK
2026-08-15T03:00:49.215183Z,10946,240.4,0,OK,OK,OK
2026-08-15T03:00:54.712794Z,10956,240.4,0,OK,OK,OK
2026-08-15T03:01:00.195645Z,10945,240.4,0,OK,OK,OK
2026-08-15T03:01:05.698609Z,10958,240.5,0,OK,OK,OK
2026-08-15T03:01:11.210187Z,10999,240.4,0,OK,OK,OK
2026-08-15T03:01:16.721014Z,10988,240.5,0,OK,OK,OK
2026-08-15T03:01:22.255681Z,10980,240.4,0,OK,OK,OK
2026-08-15T03:01:27.766969Z,11001,240.4,0,OK,OK,OK
2026-08-15T03:01:33.251934Z,11007,240.5,0,OK,OK,OK
2026-08-15T03:01:38.785041Z,11009,240.5,0,OK,OK,OK
2026-08-15T03:01:44.319995Z,11003,240.5,0,OK,OK,OK
2026-08-15T03:01:49.823862Z,10996,240.5,0,OK,OK,OK
2026-08-15T03:01:55.325855Z,10996,240.5,0,OK,OK,OK
2026-08-15T03:02:00.822077Z,10993,240.5,0,OK,OK,OK
2026-08-15T03:02:06.340846Z,11008,240.6,0,OK,OK,OK
2026-08-15T03:02:11.843213Z,11012,240.6,0,OK,OK,OK
2026-08-15T03:02:17.381430Z,10983,240.6,0,OK,OK,OK
2026-08-15T03:02:22.925167Z,10999,240.6,0,OK,OK,OK
2026-08-15T03:02:28.444663Z,11000,240.4,0,OK,OK,OK
2026-08-15T03:02:33.970582Z,11010,240.5,0,OK,OK,OK
2026-08-15T03:02:39.496872Z,10994,240.6,0,OK,OK,OK
2026-08-15T03:02:44.981936Z,10994,240.5,0,OK,OK,OK
2026-08-15T03:02:50.516957Z,10992,240.7,0,OK,OK,OK
2026-08-15T03:02:56.011974Z,10989,240.7,0,OK,OK,OK
2026-08-15T03:03:01.523309Z,10991,240.7,0,OK,OK,OK
2026-08-15T03:03:07.008177Z,11000,240.6,0,OK,OK,OK
2026-08-15T03:03:12.548105Z,10988,240.5,0,OK,OK,OK
2026-08-15T03:03:18.046387Z,10992,240.6,0,OK,OK,OK
2026-08-15T03:03:23.607954Z,10996,240.6,0,OK,OK,OK
2026-08-15T03:03:29.096420Z,10995,240.6,0,OK,OK,OK
2026-08-15T03:03:34.578245Z,11006,240.7,0,OK,OK,OK
2026-08-15T03:03:40.076708Z,11009,240.6,0,OK,OK,OK
2026-08-15T03:03:45.576758Z,11009,240.6,0,OK,OK,OK
2026-08-15T03:03:51.061277Z,11012,240.7,0,OK,OK,OK
2026-08-15T03:03:56.577927Z,11012,240.7,0,OK,OK,OK
2026-08-15T03:04:02.070191Z,11013,240.7,0,OK,OK,OK
2026-08-15T03:04:07.589631Z,11018,240.7,0,OK,OK,OK
2026-08-15T03:04:13.127765Z,11016,241.3,0,OK,OK,OK
2026-08-15T03:04:18.616639Z,11023,241.3,0,OK,OK,OK
2026-08-15T03:04:24.129401Z,11023,241.3,0,OK,OK,OK
2026-08-15T03:04:29.635240Z,11030,241.2,0,OK,OK,OK
2026-08-15T03:04:35.178478Z,11020,241.3,0,OK,OK,OK
2026-08-15T03:04:40.694676Z,11029,241.3,0,OK,OK,OK
2026-08-15T03:04:46.236326Z,11069,241.3,0,OK,OK,OK
2026-08-15T03:04:51.737668Z,11080,241.3,0,OK,OK,OK
2026-08-15T03:04:57.230120Z,11019,241.3,0,OK,OK,OK
2026-08-15T03:05:02.736362Z,11034,241.4,0,OK,OK,OK
2026-08-15T03:05:08.340085Z,11077,241.3,0,OK,OK,OK
2026-08-15T03:05:13.879872Z,11147,241.4,0,OK,OK,OK
2026-08-15T03:05:19.418592Z,11152,241.3,0,OK,OK,OK
2026-08-15T03:05:24.941597Z,11184,241.3,0,OK,OK,OK
2026-08-15T03:05:30.443985Z,11170,241.3,0,OK,OK,OK
2026-08-15T03:05:35.953405Z,11157,241.3,0,OK,OK,OK
2026-08-15T03:05:41.455012Z,11168,241.3,0,OK,OK,OK
2026-08-15T03:05:47.006258Z,11190,241.7,0,OK,OK,OK
2026-08-15T03:05:52.530395Z,11193,241.7,0,OK,OK,OK
2026-08-15T03:05:58.028969Z,11192,241.7,0,OK,OK,OK
2026-08-15T03:06:03.558821Z,11193,241.7,0,OK,OK,OK
2026-08-15T03:06:09.075672Z,11087,241.7,0,OK,OK,OK
2026-08-15T03:06:14.619546Z,11092,241.7,0,OK,OK,OK
2026-08-15T03:06:20.139598Z,11093,241.7,0,OK,OK,OK
2026-08-15T03:06:25.647143Z,11116,241.7,0,OK,OK,OK
2026-08-15T03:06:31.134258Z,11133,241.6,0,OK,OK,OK
2026-08-15T03:06:36.613273Z,11085,241.6,0,OK,OK,OK
2026-08-15T03:06:42.132034Z,11099,241.7,0,OK,OK,OK
2026-08-15T03:06:47.643218Z,11084,241.6,0,OK,OK,OK
2026-08-15T03:06:53.126360Z,11084,241.7,0,OK,OK,OK
2026-08-15T03:06:58.651651Z,11088,241.7,0,OK,OK,OK
2026-08-15T03:07:04.147219Z,11087,241.5,0,OK,OK,OK
2026-08-15T03:07:09.693191Z,11083,241.5,0,OK,OK,OK
2026-08-15T03:07:15.183064Z,11067,241.4,0,OK,OK,OK
2026-08-15T03:07:20.712402Z,11042,241.4,0,OK,OK,OK
2026-08-15T03:07:26.222219Z,11056,241.4,0,OK,OK,OK
2026-08-15T03:07:31.711472Z,11031,241.4,0,OK,OK,OK
2026-08-15T03:07:37.236831Z,11042,241.4,0,OK,OK,OK
2026-08-15T03:07:42.761177Z,11061,241.4,0,OK,OK,OK
2026-08-15T03:07:48.274972Z,11039,241.4,0,OK,OK,OK
2026-08-15T03:07:53.801212Z,10990,241.4,0,OK,OK,OK
2026-08-15T03:07:59.333947Z,10984,241.4,0,OK,OK,OK
2026-08-15T03:08:04.811666Z,11044,241.4,0,OK,OK,OK
2026-08-15T03:08:10.278339Z,10995,241.4,0,OK,OK,OK
2026-08-15T03:08:15.791360Z,11051,241.4,0,OK,OK,OK
2026-08-15T03:08:21.309225Z,10997,241.4,0,OK,OK,OK
2026-08-15T03:08:26.840560Z,11044,241.4,0,OK,OK,OK
2026-08-15T03:08:32.316012Z,11042,241.4,0,OK,OK,OK
2026-08-15T03:08:37.855987Z,11054,241.4,0,OK,OK,OK
2026-08-15T03:08:43.377582Z,11055,241.4,0,OK,OK,OK
2026-08-15T03:08:48.864488Z,11079,241.4,0,OK,OK,OK
2026-08-15T03:08:54.371383Z,11092,241.4,0,OK,OK,OK
2026-08-15T03:08:59.900612Z,11071,241.4,0,OK,OK,OK
2026-08-15T03:09:05.423405Z,11072,241.4,0,OK,OK,OK
2026-08-15T03:09:10.900916Z,11095,241.4,0,OK,OK,OK
2026-08-15T03:09:16.428344Z,11095,241.5,0,OK,OK,OK
2026-08-15T03:09:21.926528Z,11087,241.5,0,OK,OK,OK
2026-08-15T03:09:27.476333Z,11087,241.4,0,OK,OK,OK
2026-08-15T03:09:33.058833Z,11078,241.4,0,OK,OK,OK
2026-08-15T03:09:38.579604Z,11099,241.4,0,OK,OK,OK
2026-08-15T03:09:44.089927Z,11095,241.6,0,OK,OK,OK
2026-08-15T03:09:49.579398Z,11093,241.4,0,OK,OK,OK
2026-08-15T03:09:55.085926Z,11086,241.6,0,OK,OK,OK
2026-08-15T03:10:00.628983Z,11093,241.6,0,OK,OK,OK
2026-08-15T03:10:06.166663Z,11082,241.6,0,OK,OK,OK
2026-08-15T03:10:11.655277Z,11100,241.6,0,OK,OK,OK
2026-08-15T03:10:17.209565Z,11130,241.7,0,OK,OK,OK
2026-08-15T03:10:22.752736Z,11143,241.7,0,OK,OK,OK
2026-08-15T03:10:28.264866Z,11151,241.7,0,OK,OK,OK
2026-08-15T03:10:33.808248Z,11142,241.7,0,OK,OK,OK
2026-08-15T03:10:39.344932Z,11144,241.7,0,OK,OK,OK
2026-08-15T03:10:44.892187Z,11150,241.6,0,OK,OK,OK
2026-08-15T03:10:50.415926Z,11149,241.6,0,OK,OK,OK
2026-08-15T03:10:55.933870Z,11140,241.7,0,OK,OK,OK
2026-08-15T03:11:01.437761Z,11153,241.7,0,OK,OK,OK
2026-08-15T03:11:06.960392Z,11153,241.5,0,OK,OK,OK
2026-08-15T03:11:12.477692Z,11158,241.6,0,OK,OK,OK
2026-08-15T03:11:17.965926Z,11152,241.6,0,OK,OK,OK
2026-08-15T03:11:23.493066Z,11166,241.7,0,OK,OK,OK
2026-08-15T03:11:29.016645Z,11159,241.6,0,OK,OK,OK
2026-08-15T03:11:34.479425Z,11158,241.6,0,OK,OK,OK
2026-08-15T03:11:40.048429Z,11170,241.7,0,OK,OK,OK
2026-08-15T03:11:45.606673Z,11155,241.6,0,OK,OK,OK
2026-08-15T03:11:51.068692Z,11168,241.7,0,OK,OK,OK
2026-08-15T03:11:56.566382Z,11163,241.7,0,OK,OK,OK
2026-08-15T03:12:02.085468Z,11174,241.8,0,OK,OK,OK
2026-08-15T03:12:07.606361Z,11166,241.6,0,OK,OK,OK
2026-08-15T03:12:13.112381Z,11163,241.7,0,OK,OK,OK
2026-08-15T03:12:18.634789Z,11113,241.8,0,OK,OK,OK
2026-08-15T03:12:24.218726Z,11127,241.8,0,OK,OK,OK
2026-08-15T03:12:29.737458Z,11121,241.8,0,OK,OK,OK
2026-08-15T03:12:35.242568Z,11106,241.8,0,OK,OK,OK
2026-08-15T03:12:40.727138Z,11108,241.8,0,OK,OK,OK
2026-08-15T03:12:46.229727Z,11116,241.9,0,OK,OK,OK
2026-08-15T03:12:51.720161Z,11112,241.9,0,OK,OK,OK
2026-08-15T03:12:57.192090Z,11116,241.8,0,OK,OK,OK
2026-08-15T03:13:02.724439Z,11110,241.8,0,OK,OK,OK
2026-08-15T03:13:08.257640Z,11106,241.8,0,OK,OK,OK
2026-08-15T03:13:13.719248Z,11099,241.7,0,OK,OK,OK
2026-08-15T03:13:19.249870Z,11107,241.7,0,OK,OK,OK
2026-08-15T03:13:24.845024Z,11110,241.7,0,OK,OK,OK
2026-08-15T03:13:30.364877Z,11104,241.7,0,OK,OK,OK
2026-08-15T03:13:35.892381Z,11112,241.7,0,OK,OK,OK
2026-08-15T03:13:41.420855Z,11106,241.7,0,OK,OK,OK
2026-08-15T03:13:46.934835Z,11096,241.7,0,OK,OK,OK
2026-08-15T03:13:52.428821Z,11111,241.7,0,OK,OK,OK
2026-08-15T03:13:57.929460Z,11108,241.7,0,OK,OK,OK
2026-08-15T03:14:03.463680Z,11100,241.7,0,OK,OK,OK
2026-08-15T03:14:08.971378Z,11088,241.5,0,OK,OK,OK
2026-08-15T03:14:14.508731Z,11105,241.6,0,OK,OK,OK
2026-08-15T03:14:19.982800Z,11096,241.6,0,OK,OK,OK
2026-08-15T03:14:25.453370Z,11095,241.6,0,OK,OK,OK
2026-08-15T03:14:30.982433Z,11100,241.6,0,OK,OK,OK
2026-08-15T03:14:36.439343Z,11094,241.6,0,OK,OK,OK
2026-08-15T03:14:41.941853Z,11095,241.7,0,OK,OK,OK
2026-08-15T03:14:47.408162Z,11091,241.7,0,OK,OK,OK
2026-08-15T03:14:52.920680Z,11093,241.7,0,OK,OK,OK
2026-08-15T03:14:58.404075Z,11086,241.7,0,OK,OK,OK
2026-08-15T03:15:03.978018Z,11088,241.7,0,OK,OK,OK
2026-08-15T03:15:09.496787Z,11087,241.7,0,OK,OK,OK
2026-08-15T03:15:15.017152Z,11087,241.6,0,OK,OK,OK
2026-08-15T03:15:20.493703Z,11088,241.7,0,OK,OK,OK
2026-08-15T03:15:25.976472Z,12329,241.0,0,OK,OK,OK
2026-08-15T03:15:31.489333Z,13613,240.3,0,OK,OK,OK
2026-08-15T03:15:37.013130Z,12570,241.0,0,OK,OK,OK
2026-08-15T03:15:42.533647Z,12648,241.0,0,OK,OK,OK
2026-08-15T03:15:48.081205Z,12599,241.0,0,OK,OK,OK
2026-08-15T03:15:53.593527Z,12597,240.8,0,OK,OK,OK
2026-08-15T03:15:59.100532Z,12638,240.7,0,OK,OK,OK
2026-08-15T03:16:04.636321Z,12653,240.8,0,OK,OK,OK
2026-08-15T03:16:10.175587Z,12644,240.9,0,OK,OK,OK
2026-08-15T03:16:15.665531Z,12655,240.9,0,OK,OK,OK
2026-08-15T03:16:21.169918Z,12645,240.9,0,OK,OK,OK
2026-08-15T03:16:26.661755Z,12648,240.9,0,OK,OK,OK
2026-08-15T03:16:32.180185Z,12646,240.9,0,OK,OK,OK
2026-08-15T03:16:37.721265Z,12697,240.9,0,OK,OK,OK
2026-08-15T03:16:43.256352Z,12641,240.9,0,OK,OK,OK
2026-08-15T03:16:48.736403Z,12636,240.9,0,OK,OK,OK
2026-08-15T03:16:54.215906Z,12637,240.9,0,OK,OK,OK
2026-08-15T03:16:59.732908Z,12630,240.9,0,OK,OK,OK
2026-08-15T03:17:05.303991Z,12630,240.9,0,OK,OK,OK
2026-08-15T03:17:10.820983Z,12624,240.9,0,OK,OK,OK
2026-08-15T03:17:16.322355Z,12641,240.9,0,OK,OK,OK
2026-08-15T03:17:21.823107Z,12663,240.9,0,OK,OK,OK
2026-08-15T03:17:27.418429Z,12675,240.9,0,OK,OK,OK
2026-08-15T03:17:32.925858Z,12651,240.9,0,OK,OK,OK
2026-08-15T03:17:38.424433Z,12645,240.9,0,OK,OK,OK
2026-08-15T03:17:43.923234Z,12658,240.9,0,OK,OK,OK
2026-08-15T03:17:49.418828Z,12659,240.9,0,OK,OK,OK
2026-08-15T03:17:54.944611Z,12648,240.9,0,OK,OK,OK
2026-08-15T03:18:00.506498Z,12654,240.8,0,OK,OK,OK
2026-08-15T03:18:05.986964Z,12652,240.9,0,OK,OK,OK
2026-08-15T03:18:11.507586Z,12650,240.9,0,OK,OK,OK
2026-08-15T03:18:16.990210Z,12820,240.7,0,OK,OK,OK
2026-08-15T03:18:22.533682Z,12788,240.8,0,OK,OK,OK
2026-08-15T03:18:28.050008Z,12784,240.7,0,OK,OK,OK
2026-08-15T03:18:33.553032Z,12773,240.9,0,OK,OK,OK
2026-08-15T03:18:39.087397Z,12781,240.8,0,OK,OK,OK
2026-08-15T03:18:44.545139Z,12782,241.0,0,OK,OK,OK
2026-08-15T03:18:50.073397Z,12786,240.8,0,OK,OK,OK
2026-08-15T03:18:55.593329Z,12776,240.8,0,OK,OK,OK
2026-08-15T03:19:01.128716Z,12778,241.0,0,OK,OK,OK
2026-08-15T03:19:06.625079Z,12796,240.9,0,OK,OK,OK
2026-08-15T03:19:12.156588Z,12774,240.9,0,OK,OK,OK
2026-08-15T03:19:17.681855Z,12786,240.9,0,OK,OK,OK
2026-08-15T03:19:23.198660Z,12774,240.9,0,OK,OK,OK
2026-08-15T03:19:28.702060Z,12782,240.9,0,OK,OK,OK
2026-08-15T03:19:34.212809Z,12770,240.9,0,OK,OK,OK
2026-08-15T03:19:39.741521Z,12675,241.1,0,OK,OK,OK
2026-08-15T03:19:45.219177Z,12666,241.1,0,OK,OK,OK
2026-08-15T03:19:50.716540Z,12654,241.1,0,OK,OK,OK
2026-08-15T03:19:56.273943Z,12673,241.1,0,OK,OK,OK
2026-08-15T03:20:01.797260Z,12658,241.1,0,OK,OK,OK
2026-08-15T03:20:07.303896Z,12728,241.1,0,OK,OK,OK
2026-08-15T03:20:12.812054Z,12664,241.1,0,OK,OK,OK
2026-08-15T03:20:18.302991Z,12662,241.1,0,OK,OK,OK
2026-08-15T03:20:23.852983Z,12647,241.1,0,OK,OK,OK
2026-08-15T03:20:29.375095Z,12650,241.1,0,OK,OK,OK
2026-08-15T03:20:34.850493Z,12660,241.1,0,OK,OK,OK
2026-08-15T03:20:40.383902Z,12660,241.1,0,OK,OK,OK
2026-08-15T03:20:45.894988Z,12665,241.1,0,OK,OK,OK
2026-08-15T03:20:51.388926Z,12662,241.1,0,OK,OK,OK
2026-08-15T03:20:56.926532Z,12650,241.0,0,OK,OK,OK
2026-08-15T03:21:02.402491Z,12653,241.1,0,OK,OK,OK
2026-08-15T03:21:07.913188Z,12666,241.1,0,OK,OK,OK
2026-08-15T03:21:13.396691Z,12682,241.1,0,OK,OK,OK
2026-08-15T03:21:18.888764Z,12664,241.1,0,OK,OK,OK
2026-08-15T03:21:24.421307Z,12685,241.0,0,OK,OK,OK
2026-08-15T03:21:29.878823Z,12658,241.1,0,OK,OK,OK
2026-08-15T03:21:35.371469Z,12662,241.1,0,OK,OK,OK
2026-08-15T03:21:40.840521Z,12664,241.1,0,OK,OK,OK
2026-08-15T03:21:46.377884Z,12657,241.1,0,OK,OK,OK
2026-08-15T03:21:51.852399Z,12660,241.1,0,OK,OK,OK
2026-08-15T03:21:57.372883Z,12651,241.1,0,OK,OK,OK
2026-08-15T03:22:02.896161Z,12660,241.1,0,OK,OK,OK
2026-08-15T03:22:08.420487Z,12652,241.2,0,OK,OK,OK
2026-08-15T03:22:13.909199Z,12660,241.2,0,OK,OK,OK
2026-08-15T03:22:19.434446Z,12652,241.1,0,OK,OK,OK
2026-08-15T03:22:24.985725Z,12655,241.3,0,OK,OK,OK
2026-08-15T03:22:30.493268Z,12647,241.2,0,OK,OK,OK
2026-08-15T03:22:35.998473Z,12642,241.2,0,OK,OK,OK
2026-08-15T03:22:41.571501Z,12646,241.1,0,OK,OK,OK
2026-08-15T03:22:47.041112Z,11227,241.9,0,OK,OK,OK
2026-08-15T03:22:52.520999Z,11220,241.9,0,OK,OK,OK
2026-08-15T03:22:58.038364Z,11230,241.9,0,OK,OK,OK
2026-08-15T03:23:03.569959Z,11222,241.9,0,OK,OK,OK
2026-08-15T03:23:09.082210Z,11227,241.9,0,OK,OK,OK
2026-08-15T03:23:14.566779Z,11205,241.9,0,OK,OK,OK
2026-08-15T03:23:20.062838Z,11214,241.9,0,OK,OK,OK
2026-08-15T03:23:25.587925Z,11213,241.9,0,OK,OK,OK
2026-08-15T03:23:31.062029Z,11212,241.9,0,OK,OK,OK
2026-08-15T03:23:36.559647Z,11219,241.9,0,OK,OK,OK
2026-08-15T03:23:42.110615Z,11222,241.9,0,OK,OK,OK
2026-08-15T03:23:47.612508Z,11221,241.9,0,OK,OK,OK
2026-08-15T03:23:53.083196Z,11220,242.0,0,OK,OK,OK
2026-08-15T03:23:58.609164Z,11223,242.0,0,OK,OK,OK
2026-08-15T03:24:04.097737Z,11216,242.0,0,OK,OK,OK
2026-08-15T03:24:09.563185Z,11240,241.9,0,OK,OK,OK
2026-08-15T03:24:15.029207Z,11225,242.0,0,OK,OK,OK
2026-08-15T03:24:20.583703Z,11218,242.0,0,OK,OK,OK
2026-08-15T03:24:26.073000Z,11219,241.9,0,OK,OK,OK
2026-08-15T03:24:31.596152Z,11224,241.9,0,OK,OK,OK
2026-08-15T03:24:37.118378Z,11220,241.9,0,OK,OK,OK
2026-08-15T03:24:42.638786Z,11224,242.0,0,OK,OK,OK
2026-08-15T03:24:48.194749Z,11219,242.0,0,OK,OK,OK
2026-08-15T03:24:53.675196Z,11225,242.0,0,OK,OK,OK
2026-08-15T03:24:59.174310Z,11220,242.1,0,OK,OK,OK
2026-08-15T03:25:04.687686Z,11238,242.1,0,OK,OK,OK
2026-08-15T03:25:10.201940Z,11228,242.2,0,OK,OK,OK
2026-08-15T03:25:15.685913Z,11257,242.2,0,OK,OK,OK
2026-08-15T03:25:21.222511Z,11260,242.4,0,OK,OK,OK
2026-08-15T03:25:26.755238Z,11265,242.3,0,OK,OK,OK
2026-08-15T03:25:32.283822Z,11260,242.3,0,OK,OK,OK
2026-08-15T03:25:37.774794Z,11255,242.4,0,OK,OK,OK
2026-08-15T03:25:43.254883Z,11253,242.4,0,OK,OK,OK
2026-08-15T03:25:48.738158Z,11263,242.4,0,OK,OK,OK
2026-08-15T03:25:54.277481Z,11246,242.4,0,OK,OK,OK
2026-08-15T03:25:59.769414Z,11260,242.4,0,OK,OK,OK
2026-08-15T03:26:05.302315Z,11258,242.4,0,OK,OK,OK
2026-08-15T03:26:10.785104Z,11260,242.4,0,OK,OK,OK
2026-08-15T03:26:16.280952Z,11260,242.4,0,OK,OK,OK
2026-08-15T03:26:21.758914Z,11295,242.5,0,OK,OK,OK
2026-08-15T03:26:27.296928Z,11290,242.4,0,OK,OK,OK
2026-08-15T03:26:32.802475Z,11303,242.4,0,OK,OK,OK
2026-08-15T03:26:38.328097Z,11299,242.5,0,OK,OK,OK
2026-08-15T03:26:43.846504Z,11300,242.5,0,OK,OK,OK
2026-08-15T03:26:49.359930Z,11303,242.6,0,OK,OK,OK
2026-08-15T03:26:54.907916Z,11273,242.4,0,OK,OK,OK
2026-08-15T03:27:00.388548Z,11292,242.4,0,OK,OK,OK
2026-08-15T03:27:05.890812Z,11296,242.6,0,OK,OK,OK
2026-08-15T03:27:11.401305Z,11305,242.6,0,OK,OK,OK
2026-08-15T03:27:16.938571Z,11271,242.7,0,OK,OK,OK
2026-08-15T03:27:22.432897Z,11270,242.6,0,OK,OK,OK
2026-08-15T03:27:27.976113Z,11268,242.4,0,OK,OK,OK
2026-08-15T03:27:33.479814Z,11277,242.4,0,OK,OK,OK
2026-08-15T03:27:38.943116Z,11269,242.5,0,OK,OK,OK
2026-08-15T03:27:44.562067Z,11268,242.5,0,OK,OK,OK
2026-08-15T03:27:50.096704Z,11269,242.5,0,OK,OK,OK
2026-08-15T03:27:55.627530Z,11256,242.5,0,OK,OK,OK
2026-08-15T03:28:01.109324Z,11273,242.5,0,OK,OK,OK
2026-08-15T03:28:06.631723Z,11266,242.6,0,OK,OK,OK
2026-08-15T03:28:12.152646Z,11266,242.5,0,OK,OK,OK
2026-08-15T03:28:17.666812Z,11268,242.6,0,OK,OK,OK
2026-08-15T03:28:23.137023Z,11261,242.5,0,OK,OK,OK
2026-08-15T03:28:28.634944Z,11268,242.5,0,OK,OK,OK
2026-08-15T03:28:34.140960Z,11271,242.5,0,OK,OK,OK
2026-08-15T03:28:39.664635Z,11268,242.6,0,OK,OK,OK
2026-08-15T03:28:45.210982Z,11268,242.4,0,OK,OK,OK
2026-08-15T03:28:50.720257Z,11262,242.4,0,OK,OK,OK
2026-08-15T03:28:56.219032Z,11260,242.4,0,OK,OK,OK
2026-08-15T03:29:01.726139Z,11277,242.6,0,OK,OK,OK
2026-08-15T03:29:07.238462Z,11268,242.6,0,OK,OK,OK
2026-08-15T03:29:12.779510Z,11278,242.6,0,OK,OK,OK
2026-08-15T03:29:18.296668Z,11275,242.6,0,OK,OK,OK
2026-08-15T03:29:23.797747Z,11280,242.7,0,OK,OK,OK
2026-08-15T03:29:29.346541Z,11284,242.6,0,OK,OK,OK
2026-08-15T03:29:34.874654Z,11301,242.6,0,OK,OK,OK
2026-08-15T03:29:40.348032Z,11275,242.7,0,OK,OK,OK
2026-08-15T03:29:45.869107Z,11289,242.7,0,OK,OK,OK
2026-08-15T03:29:51.330755Z,11262,242.7,0,OK,OK,OK
2026-08-15T03:29:56.831390Z,11260,242.7,0,OK,OK,OK
2026-08-15T03:30:02.362443Z,11270,242.7,0,OK,OK,OK
2026-08-15T03:30:07.879785Z,11263,242.6,0,OK,OK,OK
2026-08-15T03:30:13.397401Z,11268,242.6,0,OK,OK,OK
2026-08-15T03:30:18.856447Z,11270,242.5,0,OK,OK,OK
2026-08-15T03:30:24.348584Z,11264,242.6,0,OK,OK,OK
2026-08-15T03:30:29.862330Z,11268,242.6,0,OK,OK,OK
2026-08-15T03:30:35.454034Z,11269,242.6,0,OK,OK,OK
2026-08-15T03:30:41.026272Z,11267,242.5,0,OK,OK,OK
2026-08-15T03:30:46.533455Z,11270,242.5,0,OK,OK,OK
2026-08-15T03:30:52.042694Z,11258,242.6,0,OK,OK,OK
2026-08-15T03:30:57.555270Z,11268,242.7,0,OK,OK,OK
2026-08-15T03:31:03.083323Z,11257,242.6,0,OK,OK,OK
2026-08-15T03:31:08.594101Z,11254,242.6,0,OK,OK,OK
2026-08-15T03:31:14.091643Z,11308,242.5,0,OK,OK,OK
2026-08-15T03:31:19.623955Z,11256,242.6,0,OK,OK,OK
2026-08-15T03:31:25.115309Z,11252,242.6,0,OK,OK,OK
2026-08-15T03:31:30.597184Z,11260,242.5,0,OK,OK,OK
2026-08-15T03:31:36.109633Z,11259,242.5,0,OK,OK,OK
2026-08-15T03:31:41.639582Z,11274,242.6,0,OK,OK,OK
2026-08-15T03:31:47.142257Z,11275,242.6,0,OK,OK,OK
2026-08-15T03:31:52.658208Z,11264,242.5,0,OK,OK,OK
2026-08-15T03:31:58.153762Z,11290,242.6,0,OK,OK,OK
2026-08-15T03:32:03.686858Z,11273,242.7,0,OK,OK,OK
2026-08-15T03:32:09.178027Z,11252,242.7,0,OK,OK,OK
2026-08-15T03:32:14.713029Z,11276,242.6,0,OK,OK,OK
2026-08-15T03:32:20.230930Z,11276,242.7,0,OK,OK,OK
2026-08-15T03:32:25.773945Z,11254,242.7,0,OK,OK,OK
2026-08-15T03:32:31.296209Z,11258,242.7,0,OK,OK,OK
2026-08-15T03:32:36.828725Z,11249,242.7,0,OK,OK,OK
2026-08-15T03:32:42.348895Z,11273,242.7,0,OK,OK,OK
2026-08-15T03:32:47.894605Z,11283,242.6,0,OK,OK,OK
2026-08-15T03:32:53.413711Z,11245,242.7,0,OK,OK,OK
2026-08-15T03:32:58.929234Z,11310,242.6,0,OK,OK,OK
2026-08-15T03:33:04.444371Z,11239,242.7,0,OK,OK,OK
2026-08-15T03:33:09.929281Z,11249,242.6,0,OK,OK,OK
2026-08-15T03:33:15.468903Z,11263,242.6,0,OK,OK,OK
2026-08-15T03:33:20.989786Z,11252,242.7,0,OK,OK,OK
2026-08-15T03:33:26.547498Z,11249,242.7,0,OK,OK,OK
2026-08-15T03:33:32.053844Z,11255,242.7,0,OK,OK,OK
2026-08-15T03:33:37.579738Z,11255,242.7,0,OK,OK,OK
2026-08-15T03:33:43.077932Z,11244,242.7,0,OK,OK,OK
2026-08-15T03:33:48.603897Z,11246,242.4,0,OK,OK,OK
2026-08-15T03:33:54.111151Z,11208,241.7,0,OK,OK,OK
2026-08-15T03:33:59.633827Z,11191,241.4,0,OK,OK,OK
2026-08-15T03:34:05.132931Z,11184,241.4,0,OK,OK,OK
2026-08-15T03:34:10.634187Z,11157,241.4,0,OK,OK,OK
2026-08-15T03:34:16.162154Z,11189,241.4,0,OK,OK,OK
2026-08-15T03:34:21.697569Z,11216,241.4,0,OK,OK,OK
2026-08-15T03:34:27.205536Z,11270,241.3,0,OK,OK,OK
2026-08-15T03:34:32.731944Z,11273,241.3,0,OK,OK,OK
2026-08-15T03:34:38.268562Z,11248,241.4,0,OK,OK,OK
2026-08-15T03:34:43.811165Z,11189,241.4,0,OK,OK,OK
2026-08-15T03:34:49.293046Z,11157,241.4,0,OK,OK,OK
2026-08-15T03:34:54.798060Z,11208,241.4,0,OK,OK,OK
2026-08-15T03:35:00.334992Z,11186,241.3,0,OK,OK,OK
2026-08-15T03:35:05.883166Z,11204,241.4,0,OK,OK,OK
2026-08-15T03:35:11.415043Z,11180,241.4,0,OK,OK,OK
2026-08-15T03:35:16.880789Z,11132,241.3,0,OK,OK,OK
2026-08-15T03:35:22.412516Z,11169,241.4,0,OK,OK,OK
2026-08-15T03:35:27.943815Z,11174,241.3,0,OK,OK,OK
2026-08-15T03:35:33.453937Z,11125,241.3,0,OK,OK,OK
2026-08-15T03:35:38.999047Z,11171,241.3,0,OK,OK,OK
2026-08-15T03:35:44.557367Z,11177,241.3,0,OK,OK,OK
2026-08-15T03:35:50.105877Z,11118,241.3,0,OK,OK,OK
2026-08-15T03:35:55.597345Z,11120,241.3,0,OK,OK,OK
2026-08-15T03:36:01.087292Z,11110,240.7,0,OK,OK,OK
2026-08-15T03:36:06.612123Z,11112,240.7,0,OK,OK,OK
2026-08-15T03:36:12.131354Z,11125,240.7,0,OK,OK,OK
2026-08-15T03:36:17.622261Z,11092,240.7,0,OK,OK,OK
2026-08-15T03:36:23.114099Z,11077,240.7,0,OK,OK,OK
2026-08-15T03:36:28.593100Z,11092,240.7,0,OK,OK,OK
2026-08-15T03:36:34.092361Z,11091,240.8,0,OK,OK,OK
2026-08-15T03:36:39.605865Z,11094,240.7,0,OK,OK,OK
2026-08-15T03:36:45.111618Z,11079,241.2,0,OK,OK,OK
2026-08-15T03:36:50.635490Z,11142,241.2,0,OK,OK,OK
2026-08-15T03:36:56.115022Z,11127,241.1,0,OK,OK,OK
2026-08-15T03:37:01.603450Z,11138,241.2,0,OK,OK,OK
2026-08-15T03:37:07.118736Z,11136,241.2,0,OK,OK,OK
2026-08-15T03:37:12.640403Z,11149,241.2,0,OK,OK,OK
2026-08-15T03:37:18.149541Z,11133,241.2,0,OK,OK,OK
2026-08-15T03:37:23.640982Z,11154,241.1,0,OK,OK,OK
2026-08-15T03:37:29.168486Z,11152,241.1,0,OK,OK,OK
2026-08-15T03:37:34.650176Z,11153,241.2,0,OK,OK,OK
2026-08-15T03:37:40.143921Z,11148,241.1,0,OK,OK,OK
2026-08-15T03:37:45.646711Z,11147,241.1,0,OK,OK,OK
2026-08-15T03:37:51.150301Z,11141,241.1,0,OK,OK,OK
2026-08-15T03:37:56.657470Z,11157,241.2,0,OK,OK,OK
2026-08-15T03:38:02.171183Z,11159,241.2,0,OK,OK,OK
2026-08-15T03:38:07.693951Z,11163,241.1,0,OK,OK,OK
2026-08-15T03:38:13.159122Z,11158,241.1,0,OK,OK,OK
2026-08-15T03:38:18.692053Z,11147,241.1,0,OK,OK,OK
2026-08-15T03:38:24.183035Z,11145,241.0,0,OK,OK,OK
2026-08-15T03:38:29.677178Z,11149,241.1,0,OK,OK,OK
2026-08-15T03:38:35.181863Z,11152,241.1,0,OK,OK,OK
2026-08-15T03:38:40.612938Z,11144,240.9,0,OK,OK,OK
2026-08-15T03:38:46.121926Z,11138,240.9,0,OK,OK,OK
2026-08-15T03:38:51.608740Z,11150,241.2,0,OK,OK,OK
2026-08-15T03:38:57.123586Z,11143,241.0,0,OK,OK,OK
2026-08-15T03:39:02.620341Z,11144,241.1,0,OK,OK,OK
2026-08-15T03:39:08.127252Z,11156,241.0,0,OK,OK,OK
2026-08-15T03:39:13.650015Z,11218,241.7,0,OK,OK,OK
2026-08-15T03:39:19.130553Z,11226,241.7,0,OK,OK,OK
2026-08-15T03:39:24.624629Z,11222,241.7,0,OK,OK,OK
2026-08-15T03:39:30.159611Z,11214,241.7,0,OK,OK,OK
2026-08-15T03:39:35.651456Z,11254,241.6,0,OK,OK,OK
2026-08-15T03:39:41.167276Z,11245,241.7,0,OK,OK,OK
2026-08-15T03:39:46.693614Z,11232,241.7,0,OK,OK,OK
2026-08-15T03:39:52.167902Z,11222,241.7,0,OK,OK,OK
2026-08-15T03:39:57.680089Z,11224,241.7,0,OK,OK,OK
2026-08-15T03:40:03.189210Z,11224,241.7,0,OK,OK,OK
2026-08-15T03:40:08.703072Z,11235,241.7,0,OK,OK,OK
2026-08-15T03:40:14.195876Z,11227,241.7,0,OK,OK,OK
2026-08-15T03:40:19.694186Z,11217,241.7,0,OK,OK,OK
2026-08-15T03:40:25.235073Z,11224,241.7,0,OK,OK,OK
2026-08-15T03:40:30.754920Z,11239,241.7,0,OK,OK,OK
2026-08-15T03:40:36.263115Z,11221,241.7,0,OK,OK,OK
2026-08-15T03:40:41.762609Z,11240,242.0,0,OK,OK,OK
2026-08-15T03:40:47.270856Z,11252,242.1,0,OK,OK,OK
2026-08-15T03:40:52.790117Z,11246,242.2,0,OK,OK,OK
2026-08-15T03:40:58.243002Z,11245,242.1,0,OK,OK,OK
2026-08-15T03:41:03.771119Z,11244,242.0,0,OK,OK,OK
2026-08-15T03:41:09.253863Z,11251,242.2,0,OK,OK,OK
2026-08-15T03:41:14.752733Z,11159,242.1,0,OK,OK,OK
2026-08-15T03:41:20.267564Z,11168,242.2,0,OK,OK,OK
2026-08-15T03:41:25.784457Z,11172,242.1,0,OK,OK,OK
2026-08-15T03:41:31.279871Z,11173,242.2,0,OK,OK,OK
2026-08-15T03:41:36.808253Z,11171,242.2,0,OK,OK,OK
2026-08-15T03:41:42.307045Z,11179,242.2,0,OK,OK,OK
2026-08-15T03:41:47.799582Z,11166,242.1,0,OK,OK,OK
2026-08-15T03:41:53.319987Z,11168,242.1,0,OK,OK,OK
2026-08-15T03:41:58.855456Z,11176,242.1,0,OK,OK,OK
2026-08-15T03:42:04.347689Z,11168,242.1,0,OK,OK,OK
2026-08-15T03:42:09.843357Z,11172,242.1,0,OK,OK,OK
2026-08-15T03:42:15.345961Z,11167,242.1,0,OK,OK,OK
2026-08-15T03:42:20.865234Z,11168,242.1,0,OK,OK,OK
2026-08-15T03:42:26.360195Z,11165,242.1,0,OK,OK,OK
2026-08-15T03:42:31.882197Z,11168,242.2,0,OK,OK,OK
2026-08-15T03:42:37.385093Z,11166,242.2,0,OK,OK,OK
2026-08-15T03:42:42.870250Z,11162,242.2,0,OK,OK,OK
2026-08-15T03:42:48.347539Z,11157,242.1,0,OK,OK,OK
2026-08-15T03:42:53.870432Z,11167,242.1,0,OK,OK,OK
2026-08-15T03:42:59.376959Z,11163,242.1,0,OK,OK,OK
2026-08-15T03:43:04.884280Z,11174,242.1,0,OK,OK,OK
2026-08-15T03:43:10.405872Z,11210,242.0,0,OK,OK,OK
2026-08-15T03:43:15.939852Z,11160,242.1,0,OK,OK,OK
2026-08-15T03:43:21.466008Z,11186,242.0,0,OK,OK,OK
2026-08-15T03:43:26.948535Z,11157,242.1,0,OK,OK,OK
2026-08-15T03:43:32.431639Z,11154,242.0,0,OK,OK,OK
2026-08-15T03:43:37.965566Z,11155,242.1,0,OK,OK,OK
2026-08-15T03:43:43.537697Z,11162,242.1,0,OK,OK,OK
2026-08-15T03:43:49.026502Z,11157,242.1,0,OK,OK,OK
2026-08-15T03:43:54.534771Z,11159,242.1,0,OK,OK,OK
2026-08-15T03:44:00.090556Z,11158,242.1,0,OK,OK,OK
2026-08-15T03:44:05.626840Z,11163,242.1,0,OK,OK,OK
2026-08-15T03:44:11.110078Z,11147,242.1,0,OK,OK,OK
2026-08-15T03:44:16.661569Z,11158,242.1,0,OK,OK,OK
2026-08-15T03:44:22.190819Z,11158,242.2,0,OK,OK,OK
2026-08-15T03:44:27.685367Z,11167,242.2,0,OK,OK,OK
2026-08-15T03:44:33.148509Z,11166,242.2,0,OK,OK,OK
2026-08-15T03:44:38.714490Z,11161,242.2,0,OK,OK,OK
2026-08-15T03:44:44.296202Z,11164,242.2,0,OK,OK,OK
2026-08-15T03:44:49.817703Z,11171,242.3,0,OK,OK,OK
2026-08-15T03:44:55.300616Z,11186,242.5,0,OK,OK,OK
2026-08-15T03:45:00.800241Z,11171,242.5,0,OK,OK,OK
2026-08-15T03:45:06.315484Z,11168,242.5,0,OK,OK,OK
2026-08-15T03:45:11.826351Z,11163,242.5,0,OK,OK,OK
2026-08-15T03:45:17.348387Z,11170,242.5,0,OK,OK,OK
2026-08-15T03:45:22.870678Z,11186,242.5,0,OK,OK,OK
2026-08-15T03:45:28.367624Z,11178,242.5,0,OK,OK,OK
2026-08-15T03:45:33.889599Z,11178,242.5,0,OK,OK,OK
2026-08-15T03:45:39.418457Z,11179,242.5,0,OK,OK,OK
2026-08-15T03:45:44.910851Z,11188,242.5,0,OK,OK,OK
2026-08-15T03:45:50.415653Z,12568,241.9,0,OK,OK,OK
2026-08-15T03:45:55.923020Z,12599,241.9,0,OK,OK,OK
2026-08-15T03:46:01.438424Z,12600,241.9,0,OK,OK,OK
2026-08-15T03:46:06.938961Z,12614,241.9,0,OK,OK,OK
2026-08-15T03:46:12.420300Z,12621,241.9,0,OK,OK,OK
2026-08-15T03:46:17.952887Z,12643,241.9,0,OK,OK,OK
2026-08-15T03:46:23.433508Z,12651,241.9,0,OK,OK,OK
2026-08-15T03:46:28.965414Z,12674,242.0,0,OK,OK,OK
2026-08-15T03:46:34.490720Z,12659,242.0,0,OK,OK,OK
2026-08-15T03:46:40.043172Z,12656,241.9,0,OK,OK,OK
2026-08-15T03:46:45.560083Z,12663,242.0,0,OK,OK,OK
2026-08-15T03:46:51.021554Z,12668,242.0,0,OK,OK,OK
2026-08-15T03:46:56.594416Z,12680,242.0,0,OK,OK,OK
2026-08-15T03:47:02.185200Z,12670,242.0,0,OK,OK,OK
2026-08-15T03:47:07.703666Z,12664,241.9,0,OK,OK,OK
2026-08-15T03:47:13.226435Z,12685,241.9,0,OK,OK,OK
2026-08-15T03:47:18.723068Z,12655,241.9,0,OK,OK,OK
2026-08-15T03:47:24.266449Z,12663,241.9,0,OK,OK,OK
2026-08-15T03:47:29.742467Z,12664,242.0,0,OK,OK,OK
2026-08-15T03:47:35.237346Z,12653,241.9,0,OK,OK,OK
2026-08-15T03:47:40.796493Z,12668,241.9,0,OK,OK,OK
2026-08-15T03:47:46.311020Z,12655,241.8,0,OK,OK,OK
2026-08-15T03:47:51.813377Z,12660,241.9,0,OK,OK,OK
2026-08-15T03:47:57.315285Z,12674,241.9,0,OK,OK,OK
2026-08-15T03:48:02.797047Z,12658,241.8,0,OK,OK,OK
2026-08-15T03:48:08.296167Z,12656,241.8,0,OK,OK,OK
2026-08-15T03:48:13.776941Z,12655,241.8,0,OK,OK,OK
2026-08-15T03:48:19.299707Z,12655,241.8,0,OK,OK,OK
2026-08-15T03:48:24.823687Z,12650,241.8,0,OK,OK,OK
2026-08-15T03:48:30.334726Z,12657,241.9,0,OK,OK,OK
2026-08-15T03:48:35.868229Z,12638,241.7,0,OK,OK,OK
2026-08-15T03:48:41.372720Z,12648,241.7,0,OK,OK,OK
2026-08-15T03:48:46.885427Z,12647,241.8,0,OK,OK,OK
2026-08-15T03:48:52.380654Z,12647,241.8,0,OK,OK,OK
2026-08-15T03:48:57.872679Z,12650,241.9,0,OK,OK,OK
2026-08-15T03:49:03.340232Z,12655,241.9,0,OK,OK,OK
2026-08-15T03:49:08.822368Z,12652,241.8,0,OK,OK,OK
2026-08-15T03:49:14.307911Z,12647,241.8,0,OK,OK,OK
2026-08-15T03:49:19.783958Z,12646,241.9,0,OK,OK,OK
2026-08-15T03:49:25.290770Z,12659,241.9,0,OK,OK,OK
2026-08-15T03:49:30.766676Z,12658,241.8,0,OK,OK,OK
2026-08-15T03:49:36.271182Z,12671,241.8,0,OK,OK,OK
2026-08-15T03:49:41.745305Z,12643,241.8,0,OK,OK,OK
2026-08-15T03:49:47.294621Z,12649,241.8,0,OK,OK,OK
2026-08-15T03:49:52.758109Z,12642,241.8,0,OK,OK,OK
2026-08-15T03:49:58.298235Z,12643,241.8,0,OK,OK,OK
2026-08-15T03:50:03.786211Z,12629,241.8,0,OK,OK,OK
2026-08-15T03:50:09.257137Z,12650,241.8,0,OK,OK,OK
2026-08-15T03:50:14.815350Z,12631,241.7,0,OK,OK,OK
2026-08-15T03:50:20.359204Z,12626,241.8,0,OK,OK,OK
2026-08-15T03:50:25.874722Z,12648,241.8,0,OK,OK,OK
2026-08-15T03:50:31.418430Z,12643,241.9,0,OK,OK,OK
2026-08-15T03:50:36.904507Z,12647,241.8,0,OK,OK,OK
2026-08-15T03:50:42.427448Z,12641,241.8,0,OK,OK,OK
2026-08-15T03:50:47.971401Z,12635,241.6,0,OK,OK,OK
2026-08-15T03:50:53.493238Z,12640,241.6,0,OK,OK,OK
2026-08-15T03:50:58.991603Z,12629,241.6,0,OK,OK,OK
2026-08-15T03:51:04.476827Z,12626,241.6,0,OK,OK,OK
2026-08-15T03:51:09.957372Z,12626,241.5,0,OK,OK,OK
2026-08-15T03:51:15.592968Z,12624,241.4,0,OK,OK,OK
2026-08-15T03:51:21.108463Z,12622,241.4,0,OK,OK,OK
2026-08-15T03:51:26.586734Z,12655,241.5,0,OK,OK,OK
2026-08-15T03:51:32.061476Z,12626,241.5,0,OK,OK,OK
2026-08-15T03:51:37.576056Z,12615,241.7,0,OK,OK,OK
2026-08-15T03:51:43.041717Z,12632,241.7,0,OK,OK,OK
2026-08-15T03:51:48.523011Z,12626,241.7,0,OK,OK,OK
2026-08-15T03:51:54.028997Z,12626,241.7,0,OK,OK,OK
2026-08-15T03:51:59.510754Z,12632,241.7,0,OK,OK,OK
2026-08-15T03:52:05.002637Z,12631,241.7,0,OK,OK,OK
2026-08-15T03:52:10.487338Z,12628,241.7,0,OK,OK,OK
2026-08-15T03:52:16.022692Z,12628,241.7,0,OK,OK,OK
2026-08-15T03:52:21.530283Z,12634,241.7,0,OK,OK,OK
2026-08-15T03:52:27.010804Z,11166,242.3,0,OK,OK,OK
2026-08-15T03:52:32.513023Z,11169,242.3,0,OK,OK,OK
2026-08-15T03:52:38.027050Z,11167,242.3,0,OK,OK,OK
2026-08-15T03:52:43.574551Z,11166,242.3,0,OK,OK,OK
2026-08-15T03:52:49.108207Z,11166,242.3,0,OK,OK,OK
2026-08-15T03:52:54.639922Z,11162,242.3,0,OK,OK,OK
2026-08-15T03:53:00.176491Z,11157,242.1,0,OK,OK,OK
2026-08-15T03:53:05.697691Z,11155,242.2,0,OK,OK,OK
2026-08-15T03:53:11.205354Z,11176,242.2,0,OK,OK,OK
2026-08-15T03:53:16.720457Z,11158,242.3,0,OK,OK,OK
2026-08-15T03:53:22.222300Z,11161,242.3,0,OK,OK,OK
2026-08-15T03:53:27.698942Z,11161,242.3,0,OK,OK,OK
2026-08-15T03:53:33.201703Z,11166,242.2,0,OK,OK,OK
2026-08-15T03:53:38.746200Z,11147,242.1,0,OK,OK,OK
2026-08-15T03:53:44.265897Z,11154,242.1,0,OK,OK,OK
2026-08-15T03:53:49.792506Z,11154,242.2,0,OK,OK,OK
2026-08-15T03:53:55.275730Z,11152,242.1,0,OK,OK,OK
2026-08-15T03:54:00.804915Z,11162,242.2,0,OK,OK,OK
2026-08-15T03:54:06.334947Z,11158,242.1,0,OK,OK,OK
2026-08-15T03:54:11.812760Z,11148,242.1,0,OK,OK,OK
2026-08-15T03:54:17.360897Z,11153,242.2,0,OK,OK,OK
2026-08-15T03:54:22.881690Z,11149,242.1,0,OK,OK,OK
2026-08-15T03:54:28.369096Z,11151,242.3,0,OK,OK,OK
2026-08-15T03:54:33.853041Z,11167,242.3,0,OK,OK,OK
2026-08-15T03:54:39.348281Z,11151,242.2,0,OK,OK,OK
2026-08-15T03:54:44.863877Z,11156,242.3,0,OK,OK,OK
2026-08-15T03:54:50.390230Z,11153,242.1,0,OK,OK,OK
2026-08-15T03:54:55.885481Z,11145,242.1,0,OK,OK,OK
2026-08-15T03:55:01.361908Z,11155,242.1,0,OK,OK,OK
2026-08-15T03:55:06.873383Z,11163,242.3,0,OK,OK,OK
2026-08-15T03:55:12.440125Z,11162,242.3,0,OK,OK,OK
2026-08-15T03:55:18.029681Z,11161,242.3,0,OK,OK,OK
2026-08-15T03:55:23.511118Z,11146,242.3,0,OK,OK,OK
2026-08-15T03:55:28.978205Z,11169,242.4,0,OK,OK,OK
2026-08-15T03:55:34.516118Z,11149,242.4,0,OK,OK,OK
2026-08-15T03:55:40.017338Z,11154,242.4,0,OK,OK,OK
2026-08-15T03:55:45.503418Z,11156,242.4,0,OK,OK,OK
2026-08-15T03:55:51.041615Z,11165,242.4,0,OK,OK,OK
2026-08-15T03:55:56.571155Z,11175,242.4,0,OK,OK,OK
2026-08-15T03:56:02.085175Z,11174,242.5,0,OK,OK,OK
2026-08-15T03:56:07.615444Z,11164,242.5,0,OK,OK,OK
2026-08-15T03:56:13.131889Z,11168,242.5,0,OK,OK,OK
2026-08-15T03:56:18.696968Z,11166,242.5,0,OK,OK,OK
2026-08-15T03:56:24.214711Z,11177,242.6,0,OK,OK,OK
2026-08-15T03:56:29.730626Z,11172,242.6,0,OK,OK,OK
2026-08-15T03:56:35.283820Z,11171,242.6,0,OK,OK,OK
2026-08-15T03:56:40.812126Z,11181,242.5,0,OK,OK,OK
2026-08-15T03:56:46.320046Z,11169,242.6,0,OK,OK,OK
2026-08-15T03:56:51.823692Z,11168,242.6,0,OK,OK,OK
2026-08-15T03:56:57.339143Z,11172,242.5,0,OK,OK,OK
2026-08-15T03:57:02.845997Z,11174,242.5,0,OK,OK,OK
2026-08-15T03:57:08.364000Z,11174,242.4,0,OK,OK,OK
2026-08-15T03:57:13.896925Z,11260,242.5,0,OK,OK,OK
2026-08-15T03:57:19.459180Z,11285,242.5,0,OK,OK,OK
2026-08-15T03:57:25.063322Z,11289,242.5,0,OK,OK,OK
2026-08-15T03:57:30.592603Z,11278,242.5,0,OK,OK,OK
2026-08-15T03:57:36.058459Z,11269,242.5,0,OK,OK,OK
2026-08-15T03:57:41.524835Z,11276,242.6,0,OK,OK,OK
2026-08-15T03:57:47.059285Z,11266,242.6,0,OK,OK,OK
2026-08-15T03:57:52.547833Z,11270,242.8,0,OK,OK,OK
2026-08-15T03:57:58.052081Z,11271,242.8,0,OK,OK,OK
2026-08-15T03:58:03.573556Z,11275,242.8,0,OK,OK,OK
2026-08-15T03:58:09.083124Z,11278,242.9,0,OK,OK,OK
2026-08-15T03:58:14.577709Z,11272,242.9,0,OK,OK,OK
2026-08-15T03:58:20.115983Z,11261,242.9,0,OK,OK,OK
2026-08-15T03:58:25.650931Z,11262,242.8,0,OK,OK,OK
2026-08-15T03:58:31.145807Z,11262,242.7,0,OK,OK,OK
2026-08-15T03:58:36.603916Z,11262,242.7,0,OK,OK,OK
2026-08-15T03:58:42.115328Z,11261,242.7,0,OK,OK,OK
2026-08-15T03:58:47.634889Z,11241,242.7,0,OK,OK,OK
2026-08-15T03:58:53.185511Z,11254,242.7,0,OK,OK,OK
2026-08-15T03:58:58.701670Z,11252,242.6,0,OK,OK,OK
2026-08-15T03:59:04.218353Z,11257,242.7,0,OK,OK,OK
2026-08-15T03:59:09.752790Z,11250,242.5,0,OK,OK,OK
2026-08-15T03:59:15.306620Z,11239,242.5,0,OK,OK,OK
2026-08-15T03:59:20.814985Z,11251,242.7,0,OK,OK,OK
2026-08-15T03:59:26.302187Z,11247,242.7,0,OK,OK,OK
2026-08-15T03:59:31.814345Z,11246,242.6,0,OK,OK,OK
2026-08-15T03:59:37.320431Z,11263,242.7,0,OK,OK,OK
2026-08-15T03:59:42.808479Z,11248,242.6,0,OK,OK,OK
2026-08-15T03:59:48.345093Z,11249,242.6,0,OK,OK,OK
2026-08-15T03:59:53.912742Z,11246,242.6,0,OK,OK,OK
2026-08-15T03:59:59.432231Z,11245,242.6,0,OK,OK,OK
